ISO-10303-21;
HEADER;
FILE_DESCRIPTION (( 'STEP AP214' ),
    '1' );
FILE_NAME ('Gehäuse_Waveshare_Deckel.STEP',
    '2026-09-03T05:20:43',
    ( '' ),
    ( '' ),
    'SwSTEP 2.0',
    'SolidWorks 2026',
    '' );
FILE_SCHEMA (( 'AUTOMOTIVE_DESIGN' ));
ENDSEC;

DATA;
#1 = LINE ( 'NONE', #6269, #5301 ) ;
#2 = EDGE_CURVE ( 'NONE', #9768, #3709, #11378, .T. ) ;
#3 = DIRECTION ( 'NONE',  ( 0.000000000000000000, -0.000000000000000000, -1.000000000000000000 ) ) ;
#4 = ORIENTED_EDGE ( 'NONE', *, *, #1176, .T. ) ;
#5 = CARTESIAN_POINT ( 'NONE',  ( 55.49999999999999289, -129.5999999999999943, -14.00099999999999945 ) ) ;
#6 = DIRECTION ( 'NONE',  ( 1.000000000000000000, 0.000000000000000000, 0.000000000000000000 ) ) ;
#7 = LINE ( 'NONE', #4631, #1483 ) ;
#8 = ORIENTED_EDGE ( 'NONE', *, *, #10411, .F. ) ;
#9 = ORIENTED_EDGE ( 'NONE', *, *, #3932, .F. ) ;
#10 = VERTEX_POINT ( 'NONE', #4213 ) ;
#11 = CARTESIAN_POINT ( 'NONE',  ( -0.5000000000000045519, -147.6000000000000227, 3.000000000000000000 ) ) ;
#12 = ORIENTED_EDGE ( 'NONE', *, *, #2722, .F. ) ;
#13 = CARTESIAN_POINT ( 'NONE',  ( 60.55000000000000426, 30.39999999999999858, 1.000000000000000000 ) ) ;
#14 = EDGE_CURVE ( 'NONE', #10117, #3325, #3163, .T. ) ;
#15 = FACE_OUTER_BOUND ( 'NONE', #6277, .T. ) ;
#16 = EDGE_LOOP ( 'NONE', ( #998, #3594, #990, #2011 ) ) ;
#17 = FACE_BOUND ( 'NONE', #6707, .T. ) ;
#18 = CARTESIAN_POINT ( 'NONE',  ( 55.49999999999999289, -32.60000000000001563, 3.000000000000000000 ) ) ;
#19 = DIRECTION ( 'NONE',  ( -0.000000000000000000, 1.000000000000000000, 0.000000000000000000 ) ) ;
#20 = CARTESIAN_POINT ( 'NONE',  ( 15.49999999999999467, -126.5999999999999943, -14.00099999999999945 ) ) ;
#21 = AXIS2_PLACEMENT_3D ( 'NONE', #9294, #2151, #5878 ) ;
#22 = EDGE_CURVE ( 'NONE', #7090, #5338, #6506, .T. ) ;
#23 = ORIENTED_EDGE ( 'NONE', *, *, #11076, .T. ) ;
#24 = EDGE_LOOP ( 'NONE', ( #488, #1027, #9573, #9940 ) ) ;
#25 = VERTEX_POINT ( 'NONE', #9499 ) ;
#26 = CARTESIAN_POINT ( 'NONE',  ( -0.2999999999999929945, 5.950000000000000178, 3.000000000000000000 ) ) ;
#27 = VECTOR ( 'NONE', #9110, 1000.000000000000000 ) ;
#28 = CARTESIAN_POINT ( 'NONE',  ( -0.5000000000000045519, -144.5999999999999943, 3.000000000000000000 ) ) ;
#29 = CARTESIAN_POINT ( 'NONE',  ( 39.49999999999999289, -41.60000000000001563, 1.000000000000000888 ) ) ;
#30 = VECTOR ( 'NONE', #3115, 1000.000000000000227 ) ;
#31 = DIRECTION ( 'NONE',  ( 0.000000000000000000, 1.000000000000000000, 0.000000000000000000 ) ) ;
#32 = EDGE_CURVE ( 'NONE', #7923, #4511, #2296, .T. ) ;
#33 = DIRECTION ( 'NONE',  ( -0.000000000000000000, -0.000000000000000000, 1.000000000000000000 ) ) ;
#34 = AXIS2_PLACEMENT_3D ( 'NONE', #8277, #6403, #4525 ) ;
#35 = CARTESIAN_POINT ( 'NONE',  ( 11.00000000000001243, -59.60000000000002984, 3.001000000000000334 ) ) ;
#36 = CYLINDRICAL_SURFACE ( 'NONE', #531, 1.000000000000000000 ) ;
#37 = DIRECTION ( 'NONE',  ( -0.000000000000000000, -0.000000000000000000, 1.000000000000000000 ) ) ;
#38 = FACE_OUTER_BOUND ( 'NONE', #10752, .T. ) ;
#39 = EDGE_LOOP ( 'NONE', ( #1861, #8025, #2326, #9298 ) ) ;
#40 = EDGE_CURVE ( 'NONE', #2145, #7641, #8614, .T. ) ;
#41 = VECTOR ( 'NONE', #1081, 1000.000000000000000 ) ;
#42 = ORIENTED_EDGE ( 'NONE', *, *, #4788, .T. ) ;
#43 = LINE ( 'NONE', #866, #5024 ) ;
#44 = DIRECTION ( 'NONE',  ( -0.000000000000000000, 1.000000000000000000, 0.000000000000000000 ) ) ;
#45 = VECTOR ( 'NONE', #7195, 1000.000000000000000 ) ;
#46 = DIRECTION ( 'NONE',  ( 1.000000000000000000, 0.000000000000000000, 0.000000000000000000 ) ) ;
#47 = LINE ( 'NONE', #4497, #1423 ) ;
#48 = ORIENTED_EDGE ( 'NONE', *, *, #4136, .F. ) ;
#49 = CIRCLE ( 'NONE', #6025, 0.5000000000000000000 ) ;
#50 = PLANE ( 'NONE',  #4448 ) ;
#51 = ORIENTED_EDGE ( 'NONE', *, *, #3200, .F. ) ;
#52 = LINE ( 'NONE', #5505, #609 ) ;
#53 = DIRECTION ( 'NONE',  ( 0.000000000000000000, 1.000000000000000000, -0.000000000000000000 ) ) ;
#54 = AXIS2_PLACEMENT_3D ( 'NONE', #4597, #10711, #10827 ) ;
#55 = EDGE_LOOP ( 'NONE', ( #7849, #2402, #5533, #3215 ) ) ;
#56 = CARTESIAN_POINT ( 'NONE',  ( 48.00000000000001421, 30.39999999999997016, -4.000000000000000000 ) ) ;
#57 = ORIENTED_EDGE ( 'NONE', *, *, #9856, .F. ) ;
#58 = DIRECTION ( 'NONE',  ( -0.000000000000000000, -0.000000000000000000, 1.000000000000000000 ) ) ;
#59 = EDGE_CURVE ( 'NONE', #8739, #2876, #10386, .T. ) ;
#60 = CARTESIAN_POINT ( 'NONE',  ( 35.49999999999999289, -114.6000000000000085, 3.000000000000000000 ) ) ;
#61 = VERTEX_POINT ( 'NONE', #7681 ) ;
#62 = AXIS2_PLACEMENT_3D ( 'NONE', #9465, #9578, #2482 ) ;
#63 = ADVANCED_FACE ( 'NONE', ( #588 ), #7069, .F. ) ;
#64 = DIRECTION ( 'NONE',  ( -0.000000000000000000, -0.000000000000000000, 1.000000000000000000 ) ) ;
#65 = ADVANCED_FACE ( 'NONE', ( #9446 ), #2350, .F. ) ;
#66 = LINE ( 'NONE', #8975, #8206 ) ;
#67 = ORIENTED_EDGE ( 'NONE', *, *, #4249, .F. ) ;
#68 = CARTESIAN_POINT ( 'NONE',  ( -7.999999999999981348, -164.6000000000000227, 1.000000000000000000 ) ) ;
#69 = CARTESIAN_POINT ( 'NONE',  ( 34.50000000000000000, 27.90000000000000213, -14.00000000000000000 ) ) ;
#70 = PLANE ( 'NONE',  #9540 ) ;
#71 = ORIENTED_EDGE ( 'NONE', *, *, #8443, .T. ) ;
#72 = EDGE_CURVE ( 'NONE', #9993, #2694, #9774, .T. ) ;
#73 = ORIENTED_EDGE ( 'NONE', *, *, #1342, .F. ) ;
#74 = ORIENTED_EDGE ( 'NONE', *, *, #8537, .F. ) ;
#75 = DIRECTION ( 'NONE',  ( -1.000000000000000000, 0.000000000000000000, 0.000000000000000000 ) ) ;
#76 = ORIENTED_EDGE ( 'NONE', *, *, #3213, .T. ) ;
#77 = CARTESIAN_POINT ( 'NONE',  ( 6.999999999999992006, -161.6000000000000227, -4.000000000000000000 ) ) ;
#78 = DIRECTION ( 'NONE',  ( 1.000000000000000000, 2.209838822900395026E-16, 0.000000000000000000 ) ) ;
#79 = ORIENTED_EDGE ( 'NONE', *, *, #4324, .F. ) ;
#80 = DIRECTION ( 'NONE',  ( -0.000000000000000000, -0.000000000000000000, 1.000000000000000000 ) ) ;
#81 = DIRECTION ( 'NONE',  ( 0.000000000000000000, 0.000000000000000000, -1.000000000000000000 ) ) ;
#82 = LINE ( 'NONE', #20, #4079 ) ;
#83 = EDGE_CURVE ( 'NONE', #605, #10867, #5005, .T. ) ;
#84 = ORIENTED_EDGE ( 'NONE', *, *, #7441, .T. ) ;
#85 = EDGE_LOOP ( 'NONE', ( #8386, #10931, #1896, #3057 ) ) ;
#86 = ORIENTED_EDGE ( 'NONE', *, *, #2286, .T. ) ;
#87 = PLANE ( 'NONE',  #9972 ) ;
#88 = LINE ( 'NONE', #6421, #9779 ) ;
#89 = CARTESIAN_POINT ( 'NONE',  ( 35.50000000000000000, -147.6000000000000227, -14.00099999999999945 ) ) ;
#90 = PLANE ( 'NONE',  #54 ) ;
#91 = EDGE_CURVE ( 'NONE', #7994, #605, #5312, .T. ) ;
#92 = LINE ( 'NONE', #2788, #7294 ) ;
#93 = CARTESIAN_POINT ( 'NONE',  ( 18.21999999999999886, 10.92500000000000071, 3.000000000000000000 ) ) ;
#94 = DIRECTION ( 'NONE',  ( 0.000000000000000000, 1.000000000000000000, -0.000000000000000000 ) ) ;
#95 = CARTESIAN_POINT ( 'NONE',  ( 51.20000000000000284, 21.60000000000000142, 0.5000000000000000000 ) ) ;
#96 = VECTOR ( 'NONE', #10747, 1000.000000000000000 ) ;
#97 = DIRECTION ( 'NONE',  ( 0.000000000000000000, -1.000000000000000000, 0.000000000000000000 ) ) ;
#98 = VERTEX_POINT ( 'NONE', #10438 ) ;
#99 = EDGE_CURVE ( 'NONE', #9053, #192, #11323, .T. ) ;
#100 = EDGE_LOOP ( 'NONE', ( #10768, #923, #5623, #8197, #2767, #2940, #10013, #11334, #7336, #3004, #2617, #1819 ) ) ;
#101 = DIRECTION ( 'NONE',  ( -1.000000000000000000, 0.000000000000000000, 0.000000000000000000 ) ) ;
#102 = CARTESIAN_POINT ( 'NONE',  ( 55.19999999999999574, 6.949999999999999289, -13.00000000000000000 ) ) ;
#103 = LINE ( 'NONE', #9899, #9296 ) ;
#104 = ORIENTED_EDGE ( 'NONE', *, *, #8526, .T. ) ;
#105 = ADVANCED_FACE ( 'NONE', ( #3280 ), #1799, .F. ) ;
#106 = PLANE ( 'NONE',  #9138 ) ;
#107 = VERTEX_POINT ( 'NONE', #9561 ) ;
#108 = PLANE ( 'NONE',  #7541 ) ;
#109 = LINE ( 'NONE', #8844, #8888 ) ;
#110 = ORIENTED_EDGE ( 'NONE', *, *, #5702, .T. ) ;
#111 = DIRECTION ( 'NONE',  ( 1.000000000000000000, 0.000000000000000000, 0.000000000000000000 ) ) ;
#112 = ORIENTED_EDGE ( 'NONE', *, *, #10077, .F. ) ;
#113 = AXIS2_PLACEMENT_3D ( 'NONE', #4236, #7818, #6935 ) ;
#114 = CARTESIAN_POINT ( 'NONE',  ( 19.50000000000000000, -2.272520068876680011, 0.02826803116136170080 ) ) ;
#115 = FACE_OUTER_BOUND ( 'NONE', #8968, .T. ) ;
#116 = ORIENTED_EDGE ( 'NONE', *, *, #11495, .T. ) ;
#117 = EDGE_CURVE ( 'NONE', #851, #3737, #11205, .T. ) ;
#118 = DIRECTION ( 'NONE',  ( 0.000000000000000000, -0.000000000000000000, 1.000000000000000000 ) ) ;
#119 = CARTESIAN_POINT ( 'NONE',  ( 2.500000000000000000, 25.39999999999999858, 1.000000000000000000 ) ) ;
#120 = VECTOR ( 'NONE', #9089, 1000.000000000000000 ) ;
#121 = ORIENTED_EDGE ( 'NONE', *, *, #5480, .F. ) ;
#122 = LINE ( 'NONE', #3689, #3766 ) ;
#123 = VECTOR ( 'NONE', #3419, 1000.000000000000000 ) ;
#124 = CARTESIAN_POINT ( 'NONE',  ( -0.2999999999999929945, 11.44999999999999929, 0.5000000000000000000 ) ) ;
#125 = ADVANCED_FACE ( 'NONE', ( #6738 ), #10325, .F. ) ;
#126 = CARTESIAN_POINT ( 'NONE',  ( -5.000000000000003553, -149.6000000000000227, 1.000000000000000000 ) ) ;
#127 = VERTEX_POINT ( 'NONE', #8132 ) ;
#128 = ADVANCED_FACE ( 'NONE', ( #8246 ), #986, .F. ) ;
#129 = ADVANCED_FACE ( 'NONE', ( #5557 ), #5436, .F. ) ;
#130 = ORIENTED_EDGE ( 'NONE', *, *, #14, .T. ) ;
#131 = ORIENTED_EDGE ( 'NONE', *, *, #3566, .F. ) ;
#132 = DIRECTION ( 'NONE',  ( -1.000000000000000000, 0.000000000000000000, 0.000000000000000000 ) ) ;
#133 = ORIENTED_EDGE ( 'NONE', *, *, #11376, .T. ) ;
#134 = CARTESIAN_POINT ( 'NONE',  ( 28.50000000000000000, -0.2999999999999999889, -10.00000000000000000 ) ) ;
#135 = DIRECTION ( 'NONE',  ( 0.000000000000000000, -0.000000000000000000, -1.000000000000000000 ) ) ;
#136 = ORIENTED_EDGE ( 'NONE', *, *, #3497, .T. ) ;
#137 = FACE_BOUND ( 'NONE', #7873, .T. ) ;
#138 = CARTESIAN_POINT ( 'NONE',  ( 58.00000000000000711, 19.40000000000000213, -4.000000000000000000 ) ) ;
#139 = EDGE_CURVE ( 'NONE', #5525, #5223, #2861, .T. ) ;
#140 = DIRECTION ( 'NONE',  ( -1.000000000000000000, -0.000000000000000000, -0.000000000000000000 ) ) ;
#141 = VECTOR ( 'NONE', #8893, 1000.000000000000000 ) ;
#142 = EDGE_CURVE ( 'NONE', #4815, #11517, #4555, .T. ) ;
#143 = ORIENTED_EDGE ( 'NONE', *, *, #7079, .T. ) ;
#144 = EDGE_LOOP ( 'NONE', ( #7106, #8266, #2759, #1679 ) ) ;
#145 = ORIENTED_EDGE ( 'NONE', *, *, #1566, .F. ) ;
#146 = LINE ( 'NONE', #11003, #7337 ) ;
#147 = LINE ( 'NONE', #9062, #5835 ) ;
#148 = CARTESIAN_POINT ( 'NONE',  ( 55.19999999999999574, 10.44999999999999929, -13.00000000000000000 ) ) ;
#149 = LINE ( 'NONE', #2196, #4544 ) ;
#150 = VECTOR ( 'NONE', #2904, 1000.000000000000000 ) ;
#151 = CARTESIAN_POINT ( 'NONE',  ( -0.5000000000000073275, -123.6000000000000085, 1.000000000000000888 ) ) ;
#152 = CARTESIAN_POINT ( 'NONE',  ( 19.49999999999999645, -50.60000000000002274, 1.000000000000000888 ) ) ;
#153 = LINE ( 'NONE', #3720, #10836 ) ;
#154 = EDGE_CURVE ( 'NONE', #11394, #3885, #4813, .T. ) ;
#155 = DIRECTION ( 'NONE',  ( -0.000000000000000000, -0.000000000000000000, 1.000000000000000000 ) ) ;
#156 = CARTESIAN_POINT ( 'NONE',  ( 39.49999999999999289, -32.60000000000001563, -14.00099999999999945 ) ) ;
#157 = ORIENTED_EDGE ( 'NONE', *, *, #9830, .F. ) ;
#158 = AXIS2_PLACEMENT_3D ( 'NONE', #2552, #10479, #2383 ) ;
#159 = VERTEX_POINT ( 'NONE', #3670 ) ;
#160 = CIRCLE ( 'NONE', #5949, 0.5000000000000000000 ) ;
#161 = ORIENTED_EDGE ( 'NONE', *, *, #7262, .F. ) ;
#162 = FACE_OUTER_BOUND ( 'NONE', #10897, .T. ) ;
#163 = AXIS2_PLACEMENT_3D ( 'NONE', #2626, #9609, #7785 ) ;
#164 = CARTESIAN_POINT ( 'NONE',  ( -3.000000000000003553, 6.949999999999999289, 0.9640588545008662580 ) ) ;
#165 = DIRECTION ( 'NONE',  ( 0.000000000000000000, 0.000000000000000000, -1.000000000000000000 ) ) ;
#166 = CARTESIAN_POINT ( 'NONE',  ( 55.49999999999999289, -135.5999999999999943, 1.000000000000000888 ) ) ;
#167 = ORIENTED_EDGE ( 'NONE', *, *, #7219, .F. ) ;
#168 = VECTOR ( 'NONE', #2275, 1000.000000000000000 ) ;
#169 = EDGE_CURVE ( 'NONE', #1500, #851, #9313, .T. ) ;
#170 = ORIENTED_EDGE ( 'NONE', *, *, #6945, .F. ) ;
#171 = VECTOR ( 'NONE', #5182, 999.9999999999998863 ) ;
#172 = CARTESIAN_POINT ( 'NONE',  ( -0.5000000000000066613, -126.5999999999999943, 1.000000000000000888 ) ) ;
#173 = ORIENTED_EDGE ( 'NONE', *, *, #9072, .F. ) ;
#174 = APPLICATION_CONTEXT ( 'automotive_design' ) ;
#175 = LINE ( 'NONE', #6262, #9723 ) ;
#176 = ORIENTED_EDGE ( 'NONE', *, *, #8137, .F. ) ;
#177 = VECTOR ( 'NONE', #5215, 1000.000000000000000 ) ;
#178 = EDGE_CURVE ( 'NONE', #1843, #9630, #7249, .T. ) ;
#179 = VECTOR ( 'NONE', #1148, 1000.000000000000000 ) ;
#180 = FACE_OUTER_BOUND ( 'NONE', #7761, .T. ) ;
#181 = DIRECTION ( 'NONE',  ( 0.000000000000000000, -0.000000000000000000, 1.000000000000000000 ) ) ;
#182 = EDGE_LOOP ( 'NONE', ( #3211, #342, #8338, #11196 ) ) ;
#183 = CARTESIAN_POINT ( 'NONE',  ( 48.00000000000001421, -161.6000000000000227, -4.000000000000000000 ) ) ;
#184 = LINE ( 'NONE', #3747, #1462 ) ;
#185 = EDGE_CURVE ( 'NONE', #3737, #305, #513, .T. ) ;
#186 = ORIENTED_EDGE ( 'NONE', *, *, #4271, .T. ) ;
#187 = VECTOR ( 'NONE', #111, 1000.000000000000000 ) ;
#188 = FACE_OUTER_BOUND ( 'NONE', #2529, .T. ) ;
#189 = CARTESIAN_POINT ( 'NONE',  ( 18.50000000000000000, 25.89999999999999858, 3.000000000000000000 ) ) ;
#190 = VECTOR ( 'NONE', #5566, 1000.000000000000000 ) ;
#191 = DIRECTION ( 'NONE',  ( 1.000000000000000000, 0.000000000000000000, 0.000000000000000000 ) ) ;
#192 = VERTEX_POINT ( 'NONE', #164 ) ;
#193 = EDGE_CURVE ( 'NONE', #7923, #5870, #6374, .T. ) ;
#194 = AXIS2_PLACEMENT_3D ( 'NONE', #3545, #8761, #3430 ) ;
#195 = ORIENTED_EDGE ( 'NONE', *, *, #3183, .T. ) ;
#196 = VERTEX_POINT ( 'NONE', #9194 ) ;
#197 = CARTESIAN_POINT ( 'NONE',  ( 51.20000000000000284, 4.000000000000000000, 1.000000000000000000 ) ) ;
#198 = ORIENTED_EDGE ( 'NONE', *, *, #1497, .T. ) ;
#199 = PLANE ( 'NONE',  #10556 ) ;
#200 = CARTESIAN_POINT ( 'NONE',  ( 51.20000000000000284, 21.60000000000000142, 3.000000000000000000 ) ) ;
#201 = ORIENTED_EDGE ( 'NONE', *, *, #4885, .T. ) ;
#202 = FACE_BOUND ( 'NONE', #4408, .T. ) ;
#203 = DIRECTION ( 'NONE',  ( 0.000000000000000000, 0.000000000000000000, 1.000000000000000000 ) ) ;
#204 = CARTESIAN_POINT ( 'NONE',  ( 60.00000000000001421, 19.40000000000000213, -4.000000000000000000 ) ) ;
#205 = VERTEX_POINT ( 'NONE', #4495 ) ;
#206 = EDGE_LOOP ( 'NONE', ( #3502, #6372, #8191, #8161 ) ) ;
#207 = VERTEX_POINT ( 'NONE', #1925 ) ;
#208 = CARTESIAN_POINT ( 'NONE',  ( -4.000000000000003553, 30.39999999999999858, 3.000000000000000000 ) ) ;
#209 = CARTESIAN_POINT ( 'NONE',  ( -2.299999999999999822, 17.44999999999999929, -14.00000000000000000 ) ) ;
#210 = DIRECTION ( 'NONE',  ( 0.000000000000000000, 0.000000000000000000, -1.000000000000000000 ) ) ;
#211 = DIRECTION ( 'NONE',  ( 0.000000000000000000, 1.000000000000000000, 0.000000000000000000 ) ) ;
#212 = CARTESIAN_POINT ( 'NONE',  ( 35.50000000000000000, -147.6000000000000227, 1.000000000000000888 ) ) ;
#213 = VECTOR ( 'NONE', #7419, 1000.000000000000000 ) ;
#214 = CARTESIAN_POINT ( 'NONE',  ( 6.999999999999992006, -161.6000000000000227, 1.000000000000000000 ) ) ;
#215 = DIRECTION ( 'NONE',  ( 0.000000000000000000, 0.000000000000000000, -1.000000000000000000 ) ) ;
#216 = EDGE_CURVE ( 'NONE', #11092, #2770, #3729, .T. ) ;
#217 = CARTESIAN_POINT ( 'NONE',  ( -1.800000000000000044, -8.393823270855531081E-17, 0.5000000000000000000 ) ) ;
#218 = CARTESIAN_POINT ( 'NONE',  ( 34.50000000000000000, 0.2000000000000000111, 0.5000000000000000000 ) ) ;
#219 = ORIENTED_EDGE ( 'NONE', *, *, #1629, .T. ) ;
#220 = ORIENTED_EDGE ( 'NONE', *, *, #7331, .F. ) ;
#221 = AXIS2_PLACEMENT_3D ( 'NONE', #4168, #9677, #1643 ) ;
#222 = EDGE_CURVE ( 'NONE', #9329, #3375, #1043, .T. ) ;
#223 = CARTESIAN_POINT ( 'NONE',  ( 39.49999999999999289, -29.60000000000001563, -14.00099999999999945 ) ) ;
#224 = VECTOR ( 'NONE', #4332, 1000.000000000000000 ) ;
#225 = CARTESIAN_POINT ( 'NONE',  ( 55.49999999999999289, -150.6000000000000227, -14.00099999999999945 ) ) ;
#226 = LINE ( 'NONE', #9133, #6848 ) ;
#227 = EDGE_LOOP ( 'NONE', ( #8725, #8404, #5343, #7369 ) ) ;
#228 = ORIENTED_EDGE ( 'NONE', *, *, #9646, .T. ) ;
#229 = CIRCLE ( 'NONE', #1538, 3.000000000000002665 ) ;
#230 = DIRECTION ( 'NONE',  ( 0.000000000000000000, -1.000000000000000000, 0.000000000000000000 ) ) ;
#231 = EDGE_LOOP ( 'NONE', ( #3119, #5804, #6319, #9126 ) ) ;
#232 = AXIS2_PLACEMENT_3D ( 'NONE', #3122, #5813, #4176 ) ;
#233 = VERTEX_POINT ( 'NONE', #6434 ) ;
#234 = VECTOR ( 'NONE', #4610, 1000.000000000000000 ) ;
#235 = EDGE_CURVE ( 'NONE', #5140, #9344, #4609, .T. ) ;
#236 = CARTESIAN_POINT ( 'NONE',  ( 19.49999999999999645, -144.5999999999999943, -14.00099999999999945 ) ) ;
#237 = VECTOR ( 'NONE', #9824, 1000.000000000000000 ) ;
#238 = CARTESIAN_POINT ( 'NONE',  ( 2.500000000000000000, 25.89999999999999858, 0.5000000000000000000 ) ) ;
#239 = CARTESIAN_POINT ( 'NONE',  ( 19.49999999999999645, -153.6000000000000227, -14.00099999999999945 ) ) ;
#240 = EDGE_LOOP ( 'NONE', ( #2480, #9431, #9335, #11336 ) ) ;
#241 = CARTESIAN_POINT ( 'NONE',  ( 34.50000000000000000, -2.299999999999999822, -14.00000000000000000 ) ) ;
#242 = LINE ( 'NONE', #6328, #9896 ) ;
#243 = ORIENTED_EDGE ( 'NONE', *, *, #3244, .F. ) ;
#244 = VECTOR ( 'NONE', #1146, 1000.000000000000000 ) ;
#245 = EDGE_CURVE ( 'NONE', #10400, #6464, #7057, .T. ) ;
#246 = LINE ( 'NONE', #5687, #6223 ) ;
#247 = DIRECTION ( 'NONE',  ( 0.000000000000000000, 0.000000000000000000, -1.000000000000000000 ) ) ;
#248 = VECTOR ( 'NONE', #3928, 1000.000000000000000 ) ;
#249 = DIRECTION ( 'NONE',  ( -0.000000000000000000, -0.000000000000000000, 1.000000000000000000 ) ) ;
#250 = ORIENTED_EDGE ( 'NONE', *, *, #7153, .T. ) ;
#251 = EDGE_CURVE ( 'NONE', #469, #7474, #6488, .T. ) ;
#252 = AXIS2_PLACEMENT_3D ( 'NONE', #10289, #4059, #8632 ) ;
#253 = ORIENTED_EDGE ( 'NONE', *, *, #4566, .F. ) ;
#254 = ORIENTED_EDGE ( 'NONE', *, *, #7843, .T. ) ;
#255 = CARTESIAN_POINT ( 'NONE',  ( -0.5000000000000038858, -50.60000000000002274, 3.000000000000000000 ) ) ;
#256 = EDGE_LOOP ( 'NONE', ( #4912, #1775, #4438, #794 ) ) ;
#257 = PLANE ( 'NONE',  #11122 ) ;
#258 = CARTESIAN_POINT ( 'NONE',  ( 19.50000000000000000, -1.904089349672995146, -13.00000000000000000 ) ) ;
#259 = VERTEX_POINT ( 'NONE', #1863 ) ;
#260 = EDGE_CURVE ( 'NONE', #3090, #10502, #3845, .T. ) ;
#261 = LINE ( 'NONE', #2245, #8457 ) ;
#262 = VECTOR ( 'NONE', #1817, 1000.000000000000000 ) ;
#263 = CARTESIAN_POINT ( 'NONE',  ( 55.49999999999999289, -153.6000000000000227, -14.00099999999999945 ) ) ;
#264 = ORIENTED_EDGE ( 'NONE', *, *, #193, .F. ) ;
#265 = ORIENTED_EDGE ( 'NONE', *, *, #11034, .T. ) ;
#266 = ORIENTED_EDGE ( 'NONE', *, *, #8932, .F. ) ;
#267 = FACE_OUTER_BOUND ( 'NONE', #1903, .T. ) ;
#268 = DIRECTION ( 'NONE',  ( -0.000000000000000000, -1.000000000000000000, -0.000000000000000000 ) ) ;
#269 = CARTESIAN_POINT ( 'NONE',  ( -0.5000000000000066613, -26.60000000000001918, -14.00099999999999945 ) ) ;
#270 = CYLINDRICAL_SURFACE ( 'NONE', #8100, 2.799999999999999822 ) ;
#271 = VECTOR ( 'NONE', #6020, 1000.000000000000000 ) ;
#272 = CARTESIAN_POINT ( 'NONE',  ( -8.000000000000003553, 31.39999999999999858, 1.000000000000000000 ) ) ;
#273 = EDGE_CURVE ( 'NONE', #2557, #10521, #2021, .T. ) ;
#274 = LINE ( 'NONE', #4488, #5248 ) ;
#275 = CARTESIAN_POINT ( 'NONE',  ( 35.50000000000000000, -138.5999999999999943, 3.000000000000000000 ) ) ;
#276 = LINE ( 'NONE', #3607, #7002 ) ;
#277 = CARTESIAN_POINT ( 'NONE',  ( 15.49999999999999289, -20.60000000000002274, 3.000000000000000000 ) ) ;
#278 = VERTEX_POINT ( 'NONE', #2103 ) ;
#279 = ORIENTED_EDGE ( 'NONE', *, *, #8248, .F. ) ;
#280 = EDGE_CURVE ( 'NONE', #305, #1500, #5015, .T. ) ;
#281 = ORIENTED_EDGE ( 'NONE', *, *, #9343, .T. ) ;
#282 = EDGE_CURVE ( 'NONE', #10668, #4019, #8593, .T. ) ;
#283 = CARTESIAN_POINT ( 'NONE',  ( 6.999999999999992006, -161.6000000000000227, -4.000000000000000000 ) ) ;
#284 = DIRECTION ( 'NONE',  ( -0.000000000000000000, -0.000000000000000000, 1.000000000000000000 ) ) ;
#285 = CARTESIAN_POINT ( 'NONE',  ( 27.50000000000000000, 28.86704589964730161, 0.000000000000000000 ) ) ;
#286 = ORIENTED_EDGE ( 'NONE', *, *, #2682, .T. ) ;
#287 = DIRECTION ( 'NONE',  ( -0.000000000000000000, -0.000000000000000000, 1.000000000000000000 ) ) ;
#288 = ORIENTED_EDGE ( 'NONE', *, *, #3454, .F. ) ;
#289 = VECTOR ( 'NONE', #1591, 1000.000000000000000 ) ;
#290 = ADVANCED_FACE ( 'NONE', ( #2380 ), #4789, .F. ) ;
#291 = LINE ( 'NONE', #9139, #2979 ) ;
#292 = ORIENTED_EDGE ( 'NONE', *, *, #8103, .F. ) ;
#293 = ORIENTED_EDGE ( 'NONE', *, *, #11292, .F. ) ;
#294 = DIRECTION ( 'NONE',  ( 0.000000000000000000, 1.000000000000000000, 6.938893903907229955E-15 ) ) ;
#295 = DIRECTION ( 'NONE',  ( 0.000000000000000000, 0.000000000000000000, 1.000000000000000000 ) ) ;
#296 = FACE_BOUND ( 'NONE', #660, .T. ) ;
#297 = ORIENTED_EDGE ( 'NONE', *, *, #10065, .T. ) ;
#298 = FACE_OUTER_BOUND ( 'NONE', #9302, .T. ) ;
#299 = ORIENTED_EDGE ( 'NONE', *, *, #3557, .T. ) ;
#300 = CARTESIAN_POINT ( 'NONE',  ( 35.49999999999999289, -32.60000000000001563, -14.00099999999999945 ) ) ;
#301 = CARTESIAN_POINT ( 'NONE',  ( -1.800000000000000044, 5.950000000000000178, 0.5000000000000000000 ) ) ;
#302 = EDGE_CURVE ( 'NONE', #3853, #11498, #2329, .T. ) ;
#303 = CARTESIAN_POINT ( 'NONE',  ( 59.00000000000001421, -160.6000000000000227, 1.000000000000000000 ) ) ;
#304 = CARTESIAN_POINT ( 'NONE',  ( 18.21999999999999886, 22.91999999999999815, 1.000000000000000000 ) ) ;
#305 = VERTEX_POINT ( 'NONE', #453 ) ;
#306 = ORIENTED_EDGE ( 'NONE', *, *, #6699, .T. ) ;
#307 = VECTOR ( 'NONE', #6872, 1000.000000000000000 ) ;
#308 = LINE ( 'NONE', #10989, #5823 ) ;
#309 = VERTEX_POINT ( 'NONE', #10415 ) ;
#310 = CARTESIAN_POINT ( 'NONE',  ( 58.99999999999996447, -149.6000000000000227, -4.000000000000000000 ) ) ;
#311 = PLANE ( 'NONE',  #1096 ) ;
#312 = EDGE_LOOP ( 'NONE', ( #11058, #3046, #3794, #3070 ) ) ;
#313 = FACE_BOUND ( 'NONE', #2954, .T. ) ;
#314 = CARTESIAN_POINT ( 'NONE',  ( 15.49999999999999645, -150.6000000000000227, 3.000000000000000000 ) ) ;
#315 = EDGE_CURVE ( 'NONE', #10174, #8922, #8365, .T. ) ;
#316 = DIRECTION ( 'NONE',  ( 0.000000000000000000, 0.000000000000000000, -1.000000000000000000 ) ) ;
#317 = AXIS2_PLACEMENT_3D ( 'NONE', #285, #3907, #7378 ) ;
#318 = ORIENTED_EDGE ( 'NONE', *, *, #5882, .T. ) ;
#319 = ADVANCED_FACE ( 'NONE', ( #8421 ), #1442, .T. ) ;
#320 = EDGE_LOOP ( 'NONE', ( #3475, #9210, #1277, #2009 ) ) ;
#321 = EDGE_LOOP ( 'NONE', ( #449, #2395, #9312, #5327 ) ) ;
#322 = DIRECTION ( 'NONE',  ( 0.000000000000000000, 0.000000000000000000, 1.000000000000000000 ) ) ;
#323 = CARTESIAN_POINT ( 'NONE',  ( 39.49999999999998579, -11.60000000000001386, 1.000000000000000888 ) ) ;
#324 = ORIENTED_EDGE ( 'NONE', *, *, #139, .T. ) ;
#325 = DIRECTION ( 'NONE',  ( 0.000000000000000000, -1.000000000000000000, 0.000000000000000000 ) ) ;
#326 = DIRECTION ( 'NONE',  ( -0.000000000000000000, -0.000000000000000000, 1.000000000000000000 ) ) ;
#327 = DIRECTION ( 'NONE',  ( -1.000000000000000000, 0.000000000000000000, 0.000000000000000000 ) ) ;
#328 = FACE_OUTER_BOUND ( 'NONE', #6106, .T. ) ;
#329 = EDGE_CURVE ( 'NONE', #7176, #10256, #4958, .T. ) ;
#330 = VECTOR ( 'NONE', #1326, 1000.000000000000000 ) ;
#331 = CARTESIAN_POINT ( 'NONE',  ( 35.50000000000000000, 0.2000000000000000111, 1.000000000000000000 ) ) ;
#332 = CARTESIAN_POINT ( 'NONE',  ( -3.000000000000003553, 11.44999999999999929, -14.00000000000000000 ) ) ;
#333 = ORIENTED_EDGE ( 'NONE', *, *, #5433, .T. ) ;
#334 = ORIENTED_EDGE ( 'NONE', *, *, #5136, .F. ) ;
#335 = EDGE_CURVE ( 'NONE', #5380, #6052, #7714, .T. ) ;
#336 = ORIENTED_EDGE ( 'NONE', *, *, #6200, .T. ) ;
#337 = AXIS2_PLACEMENT_3D ( 'NONE', #3834, #10826, #4596 ) ;
#338 = CARTESIAN_POINT ( 'NONE',  ( 2.500000000000035083, -1.300000000000000044, 3.000000000000000000 ) ) ;
#339 = PLANE ( 'NONE',  #7728 ) ;
#340 = CARTESIAN_POINT ( 'NONE',  ( -0.5000000000000038858, -47.60000000000001563, -14.00099999999999945 ) ) ;
#341 = LINE ( 'NONE', #3141, #3693 ) ;
#342 = ORIENTED_EDGE ( 'NONE', *, *, #517, .T. ) ;
#343 = VECTOR ( 'NONE', #2107, 1000.000000000000000 ) ;
#344 = DIRECTION ( 'NONE',  ( 0.000000000000000000, -0.000000000000000000, -1.000000000000000000 ) ) ;
#345 = EDGE_LOOP ( 'NONE', ( #220, #2362, #6155, #167 ) ) ;
#346 = ORIENTED_EDGE ( 'NONE', *, *, #11393, .T. ) ;
#347 = VECTOR ( 'NONE', #3984, 1000.000000000000000 ) ;
#348 = LINE ( 'NONE', #3917, #11035 ) ;
#349 = PRODUCT_DEFINITION ( 'UNKNOWN', '', #9525, #10294 ) ;
#350 = DIRECTION ( 'NONE',  ( -1.000000000000000000, 0.000000000000000000, 0.000000000000000000 ) ) ;
#351 = VECTOR ( 'NONE', #5362, 1000.000000000000000 ) ;
#352 = FACE_BOUND ( 'NONE', #10350, .T. ) ;
#353 = VERTEX_POINT ( 'NONE', #7655 ) ;
#354 = AXIS2_PLACEMENT_3D ( 'NONE', #11426, #1622, #7668 ) ;
#355 = FACE_OUTER_BOUND ( 'NONE', #7285, .T. ) ;
#356 = ORIENTED_EDGE ( 'NONE', *, *, #6298, .F. ) ;
#357 = VECTOR ( 'NONE', #6977, 1000.000000000000000 ) ;
#358 = PLANE ( 'NONE',  #6971 ) ;
#359 = DIRECTION ( 'NONE',  ( 1.000000000000000000, -0.000000000000000000, 0.000000000000000000 ) ) ;
#360 = EDGE_CURVE ( 'NONE', #11459, #5747, #4846, .T. ) ;
#361 = VECTOR ( 'NONE', #401, 1000.000000000000000 ) ;
#362 = DIRECTION ( 'NONE',  ( 0.000000000000000000, 0.02826803116136169039, -0.9996003793588016384 ) ) ;
#363 = EDGE_LOOP ( 'NONE', ( #5041, #10227, #3624, #2953 ) ) ;
#364 = AXIS2_PLACEMENT_3D ( 'NONE', #10419, #11477, #7660 ) ;
#365 = VERTEX_POINT ( 'NONE', #3194 ) ;
#366 = ADVANCED_FACE ( 'NONE', ( #3255 ), #2269, .F. ) ;
#367 = FACE_OUTER_BOUND ( 'NONE', #6282, .T. ) ;
#368 = ORIENTED_EDGE ( 'NONE', *, *, #5096, .T. ) ;
#369 = VECTOR ( 'NONE', #10930, 1000.000000000000000 ) ;
#370 = DIRECTION ( 'NONE',  ( 0.000000000000000000, 0.000000000000000000, -1.000000000000000000 ) ) ;
#371 = CARTESIAN_POINT ( 'NONE',  ( -3.000000000000003553, 17.44999999999999929, 0.9539392014169466583 ) ) ;
#372 = EDGE_LOOP ( 'NONE', ( #8628, #6248, #9535, #5367 ) ) ;
#373 = VECTOR ( 'NONE', #5699, 1000.000000000000000 ) ;
#374 = CARTESIAN_POINT ( 'NONE',  ( 55.49999999999999289, -47.60000000000001563, 3.000000000000000000 ) ) ;
#375 = FACE_OUTER_BOUND ( 'NONE', #6544, .T. ) ;
#376 = AXIS2_PLACEMENT_3D ( 'NONE', #6797, #9443, #4976 ) ;
#377 = VERTEX_POINT ( 'NONE', #4902 ) ;
#378 = VERTEX_POINT ( 'NONE', #3905 ) ;
#379 = VERTEX_POINT ( 'NONE', #6831 ) ;
#381 = ADVANCED_FACE ( 'NONE', ( #5830 ), #11240, .F. ) ;
#380 = AXIS2_PLACEMENT_3D ( 'NONE', #10468, #1723, #9818 ) ;
#382 = DIRECTION ( 'NONE',  ( -0.000000000000000000, -0.000000000000000000, 1.000000000000000000 ) ) ;
#383 = LINE ( 'NONE', #9405, #1914 ) ;
#384 = ORIENTED_EDGE ( 'NONE', *, *, #2758, .F. ) ;
#385 = CARTESIAN_POINT ( 'NONE',  ( -0.2999999999999924949, 6.949999999999999289, -7.799999999999999822 ) ) ;
#386 = LINE ( 'NONE', #6538, #1666 ) ;
#387 = PLANE ( 'NONE',  #5808 ) ;
#388 = CARTESIAN_POINT ( 'NONE',  ( 34.50000000000000000, 25.89999999999999858, -10.00000000000000000 ) ) ;
#389 = DIRECTION ( 'NONE',  ( 0.000000000000000000, -0.000000000000000000, 1.000000000000000000 ) ) ;
#390 = ADVANCED_FACE ( 'NONE', ( #9306 ), #5718, .F. ) ;
#391 = ORIENTED_EDGE ( 'NONE', *, *, #10374, .T. ) ;
#392 = EDGE_LOOP ( 'NONE', ( #2880, #8327, #2484, #6247 ) ) ;
#393 = ORIENTED_EDGE ( 'NONE', *, *, #1738, .T. ) ;
#394 = EDGE_CURVE ( 'NONE', #5809, #4675, #3135, .T. ) ;
#395 = CARTESIAN_POINT ( 'NONE',  ( 27.50000000000000000, 4.164757004755704983, -1.942058085672285106 ) ) ;
#396 = AXIS2_PLACEMENT_3D ( 'NONE', #8851, #1374, #5812 ) ;
#397 = CARTESIAN_POINT ( 'NONE',  ( 60.00000000000001421, -161.6000000000000227, 1.000000000000000000 ) ) ;
#398 = CARTESIAN_POINT ( 'NONE',  ( 39.49999999999999289, -26.60000000000001918, 3.000000000000000000 ) ) ;
#399 = CARTESIAN_POINT ( 'NONE',  ( -0.5000000000000079936, -11.60000000000001386, -14.00099999999999945 ) ) ;
#400 = EDGE_CURVE ( 'NONE', #9436, #7063, #10241, .T. ) ;
#401 = DIRECTION ( 'NONE',  ( 0.000000000000000000, 1.000000000000000000, -0.000000000000000000 ) ) ;
#402 = ORIENTED_EDGE ( 'NONE', *, *, #6127, .T. ) ;
#403 = AXIS2_PLACEMENT_3D ( 'NONE', #445, #327, #11124 ) ;
#404 = ORIENTED_EDGE ( 'NONE', *, *, #680, .T. ) ;
#405 = VECTOR ( 'NONE', #6973, 1000.000000000000000 ) ;
#406 = FACE_OUTER_BOUND ( 'NONE', #6382, .T. ) ;
#407 = LINE ( 'NONE', #1229, #2114 ) ;
#408 = FACE_BOUND ( 'NONE', #8804, .T. ) ;
#409 = VECTOR ( 'NONE', #1703, 1000.000000000000000 ) ;
#410 = VERTEX_POINT ( 'NONE', #1389 ) ;
#411 = AXIS2_PLACEMENT_3D ( 'NONE', #7407, #1366, #1248 ) ;
#412 = CARTESIAN_POINT ( 'NONE',  ( 6.999999999999992006, -159.5999999999999943, -4.000000000000000000 ) ) ;
#413 = ORIENTED_EDGE ( 'NONE', *, *, #7936, .F. ) ;
#414 = FACE_OUTER_BOUND ( 'NONE', #4699, .T. ) ;
#415 = CIRCLE ( 'NONE', #232, 3.000000000000002665 ) ;
#416 = DIRECTION ( 'NONE',  ( 0.000000000000000000, 1.000000000000000000, 0.000000000000000000 ) ) ;
#417 = CARTESIAN_POINT ( 'NONE',  ( 18.50000000000000000, -0.2999999999999999889, -1.000000000000000000 ) ) ;
#418 = EDGE_LOOP ( 'NONE', ( #7753, #3883, #3180, #6085 ) ) ;
#419 = VECTOR ( 'NONE', #2345, 1000.000000000000000 ) ;
#420 = VECTOR ( 'NONE', #7614, 1000.000000000000000 ) ;
#421 = EDGE_CURVE ( 'NONE', #4636, #2887, #5771, .T. ) ;
#422 = ORIENTED_EDGE ( 'NONE', *, *, #9570, .F. ) ;
#423 = ADVANCED_FACE ( 'NONE', ( #10362 ), #10474, .F. ) ;
#424 = LINE ( 'NONE', #535, #779 ) ;
#425 = ORIENTED_EDGE ( 'NONE', *, *, #7323, .F. ) ;
#426 = VECTOR ( 'NONE', #1623, 1000.000000000000000 ) ;
#427 = CARTESIAN_POINT ( 'NONE',  ( 59.00000000000001421, -160.6000000000000227, 3.000000000000000000 ) ) ;
#428 = CARTESIAN_POINT ( 'NONE',  ( 6.700000000000000178, 7.400000000000000355, 3.000000000000000000 ) ) ;
#429 = ORIENTED_EDGE ( 'NONE', *, *, #1782, .T. ) ;
#430 = CIRCLE ( 'NONE', #10928, 1.000000000000000000 ) ;
#431 = LINE ( 'NONE', #7575, #6160 ) ;
#432 = DIRECTION ( 'NONE',  ( -1.000000000000000000, 0.000000000000000000, 0.000000000000000000 ) ) ;
#433 = CARTESIAN_POINT ( 'NONE',  ( 55.49999999999999289, -32.60000000000001563, 3.000000000000000000 ) ) ;
#434 = EDGE_CURVE ( 'NONE', #7780, #2242, #6307, .T. ) ;
#435 = VECTOR ( 'NONE', #3369, 1000.000000000000000 ) ;
#436 = ORIENTED_EDGE ( 'NONE', *, *, #11351, .F. ) ;
#437 = EDGE_LOOP ( 'NONE', ( #2141, #504, #6587, #492 ) ) ;
#438 = ORIENTED_EDGE ( 'NONE', *, *, #6815, .T. ) ;
#439 = DIRECTION ( 'NONE',  ( -1.000000000000000000, 0.000000000000000000, 0.000000000000000000 ) ) ;
#440 = DIRECTION ( 'NONE',  ( 0.000000000000000000, 0.4226182617407039377, -0.9063077870366479383 ) ) ;
#441 = ORIENTED_EDGE ( 'NONE', *, *, #7861, .T. ) ;
#442 = CARTESIAN_POINT ( 'NONE',  ( -0.5000000000000052180, -141.5999999999999943, 1.000000000000000888 ) ) ;
#443 = AXIS2_PLACEMENT_3D ( 'NONE', #8219, #370, #9050 ) ;
#444 = CARTESIAN_POINT ( 'NONE',  ( 15.49999999999999645, -47.60000000000001563, -14.00099999999999945 ) ) ;
#445 = CARTESIAN_POINT ( 'NONE',  ( 28.50000000000000000, -5.299999999999999822, -10.00000000000000000 ) ) ;
#446 = CARTESIAN_POINT ( 'NONE',  ( -0.2999999999999924949, 6.949999999999999289, -13.00000000000000000 ) ) ;
#447 = DIRECTION ( 'NONE',  ( 1.000000000000000000, 0.000000000000000000, 0.000000000000000000 ) ) ;
#448 = ADVANCED_FACE ( 'NONE', ( #2438 ), #8950, .F. ) ;
#449 = ORIENTED_EDGE ( 'NONE', *, *, #6890, .T. ) ;
#450 = ORIENTED_EDGE ( 'NONE', *, *, #2390, .T. ) ;
#451 = EDGE_LOOP ( 'NONE', ( #5234, #745, #8634, #9917 ) ) ;
#452 = DIRECTION ( 'NONE',  ( 0.000000000000000000, -0.000000000000000000, 1.000000000000000000 ) ) ;
#453 = CARTESIAN_POINT ( 'NONE',  ( 28.50000000000000000, 27.90000000000000213, 0.000000000000000000 ) ) ;
#454 = FACE_OUTER_BOUND ( 'NONE', #11441, .T. ) ;
#455 = CARTESIAN_POINT ( 'NONE',  ( 39.49999999999998579, -123.6000000000000085, -14.00099999999999945 ) ) ;
#456 = DIRECTION ( 'NONE',  ( -1.000000000000000000, 0.000000000000000000, 0.000000000000000000 ) ) ;
#457 = EDGE_CURVE ( 'NONE', #8590, #5957, #8703, .T. ) ;
#458 = FACE_OUTER_BOUND ( 'NONE', #8016, .T. ) ;
#459 = ORIENTED_EDGE ( 'NONE', *, *, #4003, .F. ) ;
#460 = ADVANCED_BREP_SHAPE_REPRESENTATION ( 'Geh\X2\00e4\X0\use_Waveshare_Deckel', ( #5529, #2971 ), #9701 ) ;
#461 = ORIENTED_EDGE ( 'NONE', *, *, #4978, .T. ) ;
#462 = DIRECTION ( 'NONE',  ( -1.000000000000000000, 0.000000000000000000, 0.000000000000000000 ) ) ;
#463 = EDGE_CURVE ( 'NONE', #10857, #11221, #622, .T. ) ;
#464 = DIRECTION ( 'NONE',  ( 0.000000000000000000, 0.000000000000000000, 1.000000000000000000 ) ) ;
#465 = VECTOR ( 'NONE', #11494, 1000.000000000000000 ) ;
#466 = FACE_BOUND ( 'NONE', #6820, .T. ) ;
#467 = EDGE_LOOP ( 'NONE', ( #4762, #5481, #7200, #4526 ) ) ;
#468 = LINE ( 'NONE', #5733, #11028 ) ;
#469 = VERTEX_POINT ( 'NONE', #1560 ) ;
#470 = DIRECTION ( 'NONE',  ( -1.000000000000000000, 0.000000000000000000, 0.000000000000000000 ) ) ;
#471 = PLANE ( 'NONE',  #1354 ) ;
#472 = FACE_OUTER_BOUND ( 'NONE', #1625, .T. ) ;
#473 = ORIENTED_EDGE ( 'NONE', *, *, #8556, .T. ) ;
#474 = EDGE_CURVE ( 'NONE', #10491, #6275, #5238, .T. ) ;
#475 = VERTEX_POINT ( 'NONE', #4243 ) ;
#476 = DIRECTION ( 'NONE',  ( 1.000000000000000000, 0.000000000000000000, 0.000000000000000000 ) ) ;
#477 = ORIENTED_EDGE ( 'NONE', *, *, #1782, .F. ) ;
#478 = CARTESIAN_POINT ( 'NONE',  ( 19.49999999999999289, -129.5999999999999943, 3.000000000000000000 ) ) ;
#479 = DIRECTION ( 'NONE',  ( 0.000000000000000000, 0.000000000000000000, 1.000000000000000000 ) ) ;
#480 = ORIENTED_EDGE ( 'NONE', *, *, #8483, .T. ) ;
#481 = LINE ( 'NONE', #3171, #6725 ) ;
#482 = CARTESIAN_POINT ( 'NONE',  ( 58.00000000000000711, 2.040881945777743501E-17, 0.9861780923864235104 ) ) ;
#483 = EDGE_CURVE ( 'NONE', #309, #2557, #3368, .T. ) ;
#484 = CARTESIAN_POINT ( 'NONE',  ( 2.500000000000000000, 23.09999999999999787, 1.000000000000000000 ) ) ;
#485 = EDGE_CURVE ( 'NONE', #6670, #5502, #2495, .T. ) ;
#486 = AXIS2_PLACEMENT_3D ( 'NONE', #6014, #1574, #5143 ) ;
#487 = VERTEX_POINT ( 'NONE', #10592 ) ;
#488 = ORIENTED_EDGE ( 'NONE', *, *, #9509, .F. ) ;
#489 = ORIENTED_EDGE ( 'NONE', *, *, #2517, .F. ) ;
#490 = LINE ( 'NONE', #4995, #10540 ) ;
#491 = PLANE ( 'NONE',  #2289 ) ;
#492 = ORIENTED_EDGE ( 'NONE', *, *, #7773, .F. ) ;
#493 = CARTESIAN_POINT ( 'NONE',  ( 18.50000000000000000, 26.89999999999999858, 3.000000000000000000 ) ) ;
#494 = ADVANCED_FACE ( 'NONE', ( #9537 ), #11414, .F. ) ;
#495 = VERTEX_POINT ( 'NONE', #1504 ) ;
#496 = CARTESIAN_POINT ( 'NONE',  ( -0.5000000000000059952, -29.60000000000001563, 1.000000000000000888 ) ) ;
#497 = DIRECTION ( 'NONE',  ( 0.000000000000000000, 0.000000000000000000, -1.000000000000000000 ) ) ;
#498 = LINE ( 'NONE', #6702, #2583 ) ;
#499 = AXIS2_PLACEMENT_3D ( 'NONE', #9659, #1624, #10604 ) ;
#500 = LINE ( 'NONE', #2375, #10195 ) ;
#501 = EDGE_CURVE ( 'NONE', #9939, #10, #7945, .T. ) ;
#502 = EDGE_LOOP ( 'NONE', ( #2324, #8688, #1324, #6985 ) ) ;
#503 = EDGE_LOOP ( 'NONE', ( #2648, #4186, #4824, #3508 ) ) ;
#504 = ORIENTED_EDGE ( 'NONE', *, *, #1494, .F. ) ;
#505 = DIRECTION ( 'NONE',  ( 0.000000000000000000, 0.000000000000000000, 1.000000000000000000 ) ) ;
#506 = CARTESIAN_POINT ( 'NONE',  ( -0.5000000000000066613, -23.60000000000001563, -14.00099999999999945 ) ) ;
#507 = CARTESIAN_POINT ( 'NONE',  ( -3.000000000000003553, 19.40000000000000213, -4.000000000000000000 ) ) ;
#508 = EDGE_CURVE ( 'NONE', #2378, #3406, #10538, .T. ) ;
#509 = DIRECTION ( 'NONE',  ( 0.000000000000000000, 0.000000000000000000, 1.000000000000000000 ) ) ;
#510 = DIRECTION ( 'NONE',  ( 0.000000000000000000, 0.000000000000000000, 1.000000000000000000 ) ) ;
#511 = DIRECTION ( 'NONE',  ( -1.000000000000000000, -1.219727444046193967E-16, 0.000000000000000000 ) ) ;
#512 = ORIENTED_EDGE ( 'NONE', *, *, #5645, .F. ) ;
#513 = CIRCLE ( 'NONE', #2387, 1.000000000000000000 ) ;
#514 = ORIENTED_EDGE ( 'NONE', *, *, #11273, .T. ) ;
#515 = FACE_OUTER_BOUND ( 'NONE', #10263, .T. ) ;
#516 = CARTESIAN_POINT ( 'NONE',  ( 39.49999999999999289, -47.60000000000001563, 3.000000000000000000 ) ) ;
#517 = EDGE_CURVE ( 'NONE', #4896, #946, #3478, .T. ) ;
#518 = CARTESIAN_POINT ( 'NONE',  ( 19.49999999999999289, -129.5999999999999943, -14.00099999999999945 ) ) ;
#519 = ORIENTED_EDGE ( 'NONE', *, *, #6323, .T. ) ;
#520 = CARTESIAN_POINT ( 'NONE',  ( 59.99999999999999289, -149.6000000000000227, -4.000000000000000000 ) ) ;
#521 = ORIENTED_EDGE ( 'NONE', *, *, #8902, .T. ) ;
#522 = VECTOR ( 'NONE', #8059, 1000.000000000000000 ) ;
#523 = DIRECTION ( 'NONE',  ( -1.000000000000000000, 0.000000000000000000, 0.000000000000000000 ) ) ;
#524 = CARTESIAN_POINT ( 'NONE',  ( 3.174999999999999822, 7.400000000000000355, 3.000000000000000000 ) ) ;
#525 = VECTOR ( 'NONE', #6073, 1000.000000000000000 ) ;
#526 = DIRECTION ( 'NONE',  ( 1.000000000000000000, 0.000000000000000000, 0.000000000000000000 ) ) ;
#527 = EDGE_CURVE ( 'NONE', #8606, #10676, #797, .T. ) ;
#528 = PLANE ( 'NONE',  #1308 ) ;
#529 = VECTOR ( 'NONE', #140, 1000.000000000000000 ) ;
#530 = ORIENTED_EDGE ( 'NONE', *, *, #10099, .T. ) ;
#531 = AXIS2_PLACEMENT_3D ( 'NONE', #10715, #3546, #215 ) ;
#532 = DIRECTION ( 'NONE',  ( 0.000000000000000000, 1.000000000000000000, 0.000000000000000000 ) ) ;
#533 = AXIS2_PLACEMENT_3D ( 'NONE', #1452, #5842, #2447 ) ;
#534 = ADVANCED_FACE ( 'NONE', ( #6174 ), #736, .F. ) ;
#535 = CARTESIAN_POINT ( 'NONE',  ( 48.00000000000001421, -160.5999999999999943, -4.000000000000000000 ) ) ;
#536 = AXIS2_PLACEMENT_3D ( 'NONE', #5049, #2241, #5803 ) ;
#537 = VERTEX_POINT ( 'NONE', #8648 ) ;
#538 = PLANE ( 'NONE',  #8308 ) ;
#539 = CARTESIAN_POINT ( 'NONE',  ( 15.49999999999999467, -26.60000000000001918, 3.000000000000000000 ) ) ;
#540 = ORIENTED_EDGE ( 'NONE', *, *, #11523, .T. ) ;
#541 = CIRCLE ( 'NONE', #9909, 2.799999999999999822 ) ;
#542 = DIRECTION ( 'NONE',  ( 0.000000000000000000, 0.000000000000000000, -1.000000000000000000 ) ) ;
#543 = CARTESIAN_POINT ( 'NONE',  ( 39.49999999999998579, -120.6000000000000085, -14.00099999999999945 ) ) ;
#544 = CARTESIAN_POINT ( 'NONE',  ( 58.00000000000000711, 19.40000000000000213, -4.000000000000000000 ) ) ;
#545 = ADVANCED_FACE ( 'NONE', ( #677 ), #3541, .F. ) ;
#546 = CIRCLE ( 'NONE', #8212, 0.5000000000000000000 ) ;
#547 = LINE ( 'NONE', #277, #1664 ) ;
#548 = ORIENTED_EDGE ( 'NONE', *, *, #6717, .T. ) ;
#549 = VECTOR ( 'NONE', #10570, 1000.000000000000000 ) ;
#550 = EDGE_LOOP ( 'NONE', ( #4742, #6501, #6557, #130 ) ) ;
#551 = VERTEX_POINT ( 'NONE', #6884 ) ;
#552 = DIRECTION ( 'NONE',  ( 1.000000000000000000, 0.000000000000000000, 0.000000000000000000 ) ) ;
#553 = CARTESIAN_POINT ( 'NONE',  ( 58.00000000000000711, 17.44999999999999929, 0.9797958971132728623 ) ) ;
#554 = VECTOR ( 'NONE', #1260, 1000.000000000000000 ) ;
#555 = LINE ( 'NONE', #7701, #2496 ) ;
#556 = ORIENTED_EDGE ( 'NONE', *, *, #1738, .F. ) ;
#557 = DIRECTION ( 'NONE',  ( 0.000000000000000000, 1.000000000000000000, -0.000000000000000000 ) ) ;
#558 = DIRECTION ( 'NONE',  ( 0.000000000000000000, 0.000000000000000000, 1.000000000000000000 ) ) ;
#559 = CARTESIAN_POINT ( 'NONE',  ( -0.5000000000000038858, -47.60000000000001563, -14.00099999999999945 ) ) ;
#560 = CARTESIAN_POINT ( 'NONE',  ( 18.50000000000000000, 26.89999999999999858, 0.5000000000000000000 ) ) ;
#561 = VECTOR ( 'NONE', #7775, 1000.000000000000000 ) ;
#562 = ORIENTED_EDGE ( 'NONE', *, *, #8459, .F. ) ;
#563 = ORIENTED_EDGE ( 'NONE', *, *, #5759, .F. ) ;
#564 = DIRECTION ( 'NONE',  ( 0.000000000000000000, -1.000000000000000000, 0.000000000000000000 ) ) ;
#565 = DIRECTION ( 'NONE',  ( 0.000000000000000000, 0.000000000000000000, -1.000000000000000000 ) ) ;
#566 = EDGE_CURVE ( 'NONE', #7017, #6927, #7825, .T. ) ;
#567 = CARTESIAN_POINT ( 'NONE',  ( 19.49999999999999645, -153.6000000000000227, 1.000000000000000888 ) ) ;
#568 = DIRECTION ( 'NONE',  ( 0.000000000000000000, 0.000000000000000000, -1.000000000000000000 ) ) ;
#569 = DIRECTION ( 'NONE',  ( -0.000000000000000000, -0.000000000000000000, 1.000000000000000000 ) ) ;
#570 = PLANE ( 'NONE',  #921 ) ;
#571 = VERTEX_POINT ( 'NONE', #5422 ) ;
#572 = EDGE_CURVE ( 'NONE', #6326, #5587, #9825, .T. ) ;
#573 = EDGE_LOOP ( 'NONE', ( #7317, #4, #5526, #9533 ) ) ;
#574 = LINE ( 'NONE', #9895, #713 ) ;
#575 = CARTESIAN_POINT ( 'NONE',  ( 53.69999999999999574, 10.44999999999999929, -8.300000000000000711 ) ) ;
#576 = FACE_BOUND ( 'NONE', #7752, .T. ) ;
#577 = ORIENTED_EDGE ( 'NONE', *, *, #814, .F. ) ;
#578 = DIRECTION ( 'NONE',  ( 0.000000000000000000, 1.000000000000000000, -0.000000000000000000 ) ) ;
#579 = EDGE_LOOP ( 'NONE', ( #11438, #4965, #7569, #4713 ) ) ;
#580 = DIRECTION ( 'NONE',  ( 0.000000000000000000, -1.000000000000000000, 0.000000000000000000 ) ) ;
#581 = VECTOR ( 'NONE', #5346, 1000.000000000000000 ) ;
#582 = CARTESIAN_POINT ( 'NONE',  ( 48.00000000000001421, 29.39999999999999503, -4.000000000000000000 ) ) ;
#583 = CARTESIAN_POINT ( 'NONE',  ( 0.000000000000000000, 0.000000000000000000, -4.000000000000000000 ) ) ;
#584 = ADVANCED_FACE ( 'NONE', ( #10771 ), #6422, .T. ) ;
#585 = DIRECTION ( 'NONE',  ( 0.000000000000000000, 0.000000000000000000, 1.000000000000000000 ) ) ;
#586 = ORIENTED_EDGE ( 'NONE', *, *, #11609, .F. ) ;
#587 = CIRCLE ( 'NONE', #1907, 1.000000000000000000 ) ;
#588 = FACE_OUTER_BOUND ( 'NONE', #9444, .T. ) ;
#589 = AXIS2_PLACEMENT_3D ( 'NONE', #8914, #4396, #9858 ) ;
#590 = CARTESIAN_POINT ( 'NONE',  ( 19.49999999999999289, -14.60000000000001563, -14.00099999999999945 ) ) ;
#591 = ORIENTED_EDGE ( 'NONE', *, *, #6384, .F. ) ;
#592 = EDGE_CURVE ( 'NONE', #8924, #9137, #4483, .T. ) ;
#593 = CIRCLE ( 'NONE', #4523, 1.549999999999995826 ) ;
#594 = FACE_OUTER_BOUND ( 'NONE', #872, .T. ) ;
#595 = CARTESIAN_POINT ( 'NONE',  ( 19.49999999999999289, -26.60000000000001918, 1.000000000000000888 ) ) ;
#596 = ORIENTED_EDGE ( 'NONE', *, *, #3920, .T. ) ;
#597 = CARTESIAN_POINT ( 'NONE',  ( 59.99999999999998579, 31.39999999999999858, 1.000000000000000000 ) ) ;
#598 = CARTESIAN_POINT ( 'NONE',  ( 15.49999999999999467, -32.60000000000001563, 3.000000000000000000 ) ) ;
#599 = AXIS2_PLACEMENT_3D ( 'NONE', #7450, #7393, #4038 ) ;
#600 = EDGE_CURVE ( 'NONE', #11080, #8369, #7360, .T. ) ;
#601 = LINE ( 'NONE', #10509, #5038 ) ;
#602 = VERTEX_POINT ( 'NONE', #2844 ) ;
#603 = VECTOR ( 'NONE', #3378, 1000.000000000000000 ) ;
#604 = VERTEX_POINT ( 'NONE', #1032 ) ;
#605 = VERTEX_POINT ( 'NONE', #6474 ) ;
#606 = DIRECTION ( 'NONE',  ( -1.000000000000000000, 0.000000000000000000, 0.000000000000000000 ) ) ;
#607 = FACE_OUTER_BOUND ( 'NONE', #5628, .T. ) ;
#608 = ORIENTED_EDGE ( 'NONE', *, *, #9026, .F. ) ;
#609 = VECTOR ( 'NONE', #3677, 1000.000000000000000 ) ;
#610 = EDGE_CURVE ( 'NONE', #11248, #10531, #5543, .T. ) ;
#611 = DIRECTION ( 'NONE',  ( 1.000000000000000000, 0.000000000000000000, 0.000000000000000000 ) ) ;
#612 = CARTESIAN_POINT ( 'NONE',  ( 48.00000000000001421, -161.6000000000000227, -4.000000000000000000 ) ) ;
#613 = ORIENTED_EDGE ( 'NONE', *, *, #7331, .T. ) ;
#614 = PLANE ( 'NONE',  #9719 ) ;
#615 = LINE ( 'NONE', #3302, #10890 ) ;
#616 = LINE ( 'NONE', #8810, #7832 ) ;
#617 = VECTOR ( 'NONE', #5601, 1000.000000000000000 ) ;
#618 = CARTESIAN_POINT ( 'NONE',  ( 52.76999999999999602, 12.80000000000000071, 1.000000000000000000 ) ) ;
#619 = ORIENTED_EDGE ( 'NONE', *, *, #8448, .T. ) ;
#620 = VERTEX_POINT ( 'NONE', #5599 ) ;
#621 = LINE ( 'NONE', #4189, #6411 ) ;
#622 = LINE ( 'NONE', #2671, #4252 ) ;
#623 = VECTOR ( 'NONE', #10442, 1000.000000000000000 ) ;
#624 = EDGE_CURVE ( 'NONE', #2370, #11120, #9119, .T. ) ;
#625 = CARTESIAN_POINT ( 'NONE',  ( 7.000000000000009770, -105.0999999999999943, 3.000000000000000000 ) ) ;
#626 = DIRECTION ( 'NONE',  ( -1.000000000000000000, 0.000000000000000000, 0.000000000000000000 ) ) ;
#627 = CARTESIAN_POINT ( 'NONE',  ( 57.20000000000000284, 0.000000000000000000, 0.000000000000000000 ) ) ;
#628 = LINE ( 'NONE', #2615, #6524 ) ;
#629 = ADVANCED_FACE ( 'NONE', ( #7298 ), #8234, .F. ) ;
#630 = DIRECTION ( 'NONE',  ( 0.000000000000000000, 0.000000000000000000, -1.000000000000000000 ) ) ;
#631 = EDGE_LOOP ( 'NONE', ( #3351, #7281, #9802, #2113 ) ) ;
#632 = ADVANCED_FACE ( 'NONE', ( #9063 ), #6359, .F. ) ;
#633 = EDGE_CURVE ( 'NONE', #3081, #5140, #3774, .T. ) ;
#634 = ORIENTED_EDGE ( 'NONE', *, *, #4939, .F. ) ;
#635 = PLANE ( 'NONE',  #5398 ) ;
#636 = DIRECTION ( 'NONE',  ( 0.000000000000000000, 6.938893903907228378E-15, 1.000000000000000000 ) ) ;
#637 = FACE_BOUND ( 'NONE', #467, .T. ) ;
#638 = ORIENTED_EDGE ( 'NONE', *, *, #1243, .F. ) ;
#639 = EDGE_CURVE ( 'NONE', #353, #7634, #1145, .T. ) ;
#640 = CARTESIAN_POINT ( 'NONE',  ( 19.49999999999999289, -29.60000000000001563, 3.000000000000000000 ) ) ;
#641 = VERTEX_POINT ( 'NONE', #11005 ) ;
#642 = VECTOR ( 'NONE', #9948, 1000.000000000000000 ) ;
#643 = CARTESIAN_POINT ( 'NONE',  ( 0.2000000000000075051, 6.949999999999999289, 1.000000000000000000 ) ) ;
#644 = DIRECTION ( 'NONE',  ( 1.000000000000000000, -2.209838822900395026E-16, 0.000000000000000000 ) ) ;
#645 = EDGE_CURVE ( 'NONE', #2805, #7293, #2729, .T. ) ;
#646 = LINE ( 'NONE', #1582, #10673 ) ;
#647 = ORIENTED_EDGE ( 'NONE', *, *, #5011, .T. ) ;
#648 = DIRECTION ( 'NONE',  ( -1.000000000000000000, 0.000000000000000000, 0.000000000000000000 ) ) ;
#649 = CARTESIAN_POINT ( 'NONE',  ( 51.20000000000000284, 0.2000000000000000111, 0.5000000000000000000 ) ) ;
#650 = ORIENTED_EDGE ( 'NONE', *, *, #4002, .T. ) ;
#651 = DIRECTION ( 'NONE',  ( 1.000000000000000000, 0.000000000000000000, 0.000000000000000000 ) ) ;
#652 = EDGE_CURVE ( 'NONE', #2912, #4538, #8296, .T. ) ;
#653 = CARTESIAN_POINT ( 'NONE',  ( 19.49999999999999289, -20.60000000000002274, -14.00099999999999945 ) ) ;
#654 = ORIENTED_EDGE ( 'NONE', *, *, #4084, .F. ) ;
#655 = CARTESIAN_POINT ( 'NONE',  ( 35.50000000000000000, 25.89999999999999858, -1.000000000000000000 ) ) ;
#656 = VECTOR ( 'NONE', #1885, 1000.000000000000000 ) ;
#657 = CARTESIAN_POINT ( 'NONE',  ( 3.079999999999999627, 14.77999999999999936, 3.000000000000000000 ) ) ;
#658 = PLANE ( 'NONE',  #2802 ) ;
#659 = ORIENTED_EDGE ( 'NONE', *, *, #6026, .F. ) ;
#660 = EDGE_LOOP ( 'NONE', ( #9021, #1426, #8997, #2191 ) ) ;
#661 = VERTEX_POINT ( 'NONE', #1848 ) ;
#662 = CARTESIAN_POINT ( 'NONE',  ( 6.999999999999992006, -160.5999999999999943, -4.000000000000000000 ) ) ;
#663 = EDGE_LOOP ( 'NONE', ( #9418, #10254, #3245, #7024 ) ) ;
#664 = DIRECTION ( 'NONE',  ( -0.000000000000000000, -0.000000000000000000, 1.000000000000000000 ) ) ;
#665 = ADVANCED_FACE ( 'NONE', ( #2786 ), #5356, .F. ) ;
#666 = CARTESIAN_POINT ( 'NONE',  ( 35.50000000000000000, -153.6000000000000227, 1.000000000000000000 ) ) ;
#667 = ORIENTED_EDGE ( 'NONE', *, *, #1038, .T. ) ;
#668 = CARTESIAN_POINT ( 'NONE',  ( 39.49999999999998579, -117.6000000000000085, -14.00099999999999945 ) ) ;
#669 = CARTESIAN_POINT ( 'NONE',  ( 51.20000000000000284, 0.2000000000000000111, 1.000000000000000000 ) ) ;
#670 = DIRECTION ( 'NONE',  ( 0.000000000000000000, -0.000000000000000000, -1.000000000000000000 ) ) ;
#671 = LINE ( 'NONE', #9586, #3666 ) ;
#672 = EDGE_CURVE ( 'NONE', #2238, #6881, #8939, .T. ) ;
#673 = ORIENTED_EDGE ( 'NONE', *, *, #3678, .F. ) ;
#674 = ORIENTED_EDGE ( 'NONE', *, *, #10524, .F. ) ;
#675 = CARTESIAN_POINT ( 'NONE',  ( 0.000000000000000000, -160.5999999999999943, -4.000000000000000000 ) ) ;
#676 = LINE ( 'NONE', #7000, #8654 ) ;
#677 = FACE_OUTER_BOUND ( 'NONE', #6806, .T. ) ;
#678 = DIRECTION ( 'NONE',  ( -0.000000000000000000, -0.000000000000000000, 1.000000000000000000 ) ) ;
#679 = AXIS2_PLACEMENT_3D ( 'NONE', #5314, #10786, #2743 ) ;
#680 = EDGE_CURVE ( 'NONE', #10616, #6433, #913, .T. ) ;
#681 = CARTESIAN_POINT ( 'NONE',  ( 0.2000000000000070055, 11.44999999999999929, 1.000000000000000000 ) ) ;
#682 = DIRECTION ( 'NONE',  ( 4.313492514189664968E-16, -1.000000000000000000, 0.000000000000000000 ) ) ;
#683 = CARTESIAN_POINT ( 'NONE',  ( 48.00000000000001421, -161.6000000000000227, -4.000000000000000000 ) ) ;
#684 = DIRECTION ( 'NONE',  ( -0.000000000000000000, 1.000000000000000000, 0.000000000000000000 ) ) ;
#685 = VERTEX_POINT ( 'NONE', #972 ) ;
#686 = EDGE_CURVE ( 'NONE', #6292, #2606, #9510, .T. ) ;
#687 = VERTEX_POINT ( 'NONE', #5440 ) ;
#688 = CARTESIAN_POINT ( 'NONE',  ( 19.49999999999999289, -132.5999999999999943, 3.000000000000000000 ) ) ;
#689 = CARTESIAN_POINT ( 'NONE',  ( 18.50000000000000000, 27.40000000000000213, 1.000000000000000000 ) ) ;
#690 = PLANE ( 'NONE',  #1240 ) ;
#691 = EDGE_LOOP ( 'NONE', ( #6041, #3130, #1658, #3850 ) ) ;
#692 = LINE ( 'NONE', #640, #3331 ) ;
#693 = ORIENTED_EDGE ( 'NONE', *, *, #3347, .T. ) ;
#694 = DIRECTION ( 'NONE',  ( 0.000000000000000000, 0.000000000000000000, -1.000000000000000000 ) ) ;
#695 = DIRECTION ( 'NONE',  ( 0.000000000000000000, 0.000000000000000000, 1.000000000000000000 ) ) ;
#696 = VECTOR ( 'NONE', #10961, 1000.000000000000000 ) ;
#697 = ORIENTED_EDGE ( 'NONE', *, *, #11435, .T. ) ;
#698 = DIRECTION ( 'NONE',  ( 0.000000000000000000, 0.000000000000000000, -1.000000000000000000 ) ) ;
#699 = VERTEX_POINT ( 'NONE', #9198 ) ;
#700 = ADVANCED_FACE ( 'NONE', ( #9020 ), #7138, .F. ) ;
#701 = AXIS2_PLACEMENT_3D ( 'NONE', #7237, #10886, #8173 ) ;
#702 = ORIENTED_EDGE ( 'NONE', *, *, #3279, .T. ) ;
#703 = ADVANCED_FACE ( 'NONE', ( #9841 ), #106, .F. ) ;
#704 = DIRECTION ( 'NONE',  ( -0.000000000000000000, -0.000000000000000000, 1.000000000000000000 ) ) ;
#705 = EDGE_CURVE ( 'NONE', #8369, #1216, #8567, .T. ) ;
#706 = PLANE ( 'NONE',  #2974 ) ;
#707 = ORIENTED_EDGE ( 'NONE', *, *, #10542, .T. ) ;
#708 = DIRECTION ( 'NONE',  ( 1.065554960673713885E-16, -1.000000000000000000, 0.000000000000000000 ) ) ;
#709 = DIRECTION ( 'NONE',  ( 1.000000000000000000, 0.000000000000000000, 0.000000000000000000 ) ) ;
#710 = VECTOR ( 'NONE', #1554, 1000.000000000000000 ) ;
#711 = DIRECTION ( 'NONE',  ( 1.000000000000000000, 0.000000000000000000, 0.000000000000000000 ) ) ;
#712 = EDGE_LOOP ( 'NONE', ( #4392, #5703, #286, #6379, #6095, #7487, #9908, #6215, #6771 ) ) ;
#713 = VECTOR ( 'NONE', #9955, 1000.000000000000000 ) ;
#714 = ADVANCED_FACE ( 'NONE', ( #8190 ), #50, .F. ) ;
#715 = ORIENTED_EDGE ( 'NONE', *, *, #421, .T. ) ;
#716 = VECTOR ( 'NONE', #2819, 1000.000000000000000 ) ;
#717 = ORIENTED_EDGE ( 'NONE', *, *, #1676, .T. ) ;
#718 = ORIENTED_EDGE ( 'NONE', *, *, #9447, .F. ) ;
#719 = LINE ( 'NONE', #11, #1348 ) ;
#720 = ORIENTED_EDGE ( 'NONE', *, *, #4052, .T. ) ;
#721 = CARTESIAN_POINT ( 'NONE',  ( -0.5000000000000038858, -150.6000000000000227, 1.000000000000000888 ) ) ;
#722 = CARTESIAN_POINT ( 'NONE',  ( 39.49999999999999289, -153.6000000000000227, 3.000000000000000000 ) ) ;
#723 = ORIENTED_EDGE ( 'NONE', *, *, #5645, .T. ) ;
#724 = CARTESIAN_POINT ( 'NONE',  ( 39.49999999999999289, -135.5999999999999943, 3.000000000000000000 ) ) ;
#725 = VECTOR ( 'NONE', #2280, 1000.000000000000000 ) ;
#726 = CARTESIAN_POINT ( 'NONE',  ( 1.199999999999999956, 6.949999999999999289, 5.204170427930430158E-16 ) ) ;
#727 = CARTESIAN_POINT ( 'NONE',  ( 0.000000000000000000, 25.89999999999999858, 0.5000000000000000000 ) ) ;
#728 = CARTESIAN_POINT ( 'NONE',  ( -0.5000000000000052180, -138.5999999999999943, -14.00099999999999945 ) ) ;
#729 = VECTOR ( 'NONE', #3432, 1000.000000000000000 ) ;
#730 = ADVANCED_FACE ( 'NONE', ( #3675 ), #3619, .T. ) ;
#731 = VERTEX_POINT ( 'NONE', #10906 ) ;
#732 = VECTOR ( 'NONE', #10858, 1000.000000000000000 ) ;
#733 = ORIENTED_EDGE ( 'NONE', *, *, #2121, .T. ) ;
#734 = LINE ( 'NONE', #6294, #4532 ) ;
#735 = LINE ( 'NONE', #11413, #1919 ) ;
#736 = PLANE ( 'NONE',  #9883 ) ;
#737 = DIRECTION ( 'NONE',  ( 0.000000000000000000, -0.000000000000000000, -1.000000000000000000 ) ) ;
#738 = VECTOR ( 'NONE', #5918, 1000.000000000000000 ) ;
#739 = EDGE_CURVE ( 'NONE', #2050, #5636, #6378, .T. ) ;
#740 = CARTESIAN_POINT ( 'NONE',  ( 39.49999999999999289, -135.5999999999999943, -14.00099999999999945 ) ) ;
#741 = PLANE ( 'NONE',  #1681 ) ;
#742 = DIRECTION ( 'NONE',  ( 1.000000000000000000, 0.000000000000000000, 0.000000000000000000 ) ) ;
#743 = VECTOR ( 'NONE', #326, 1000.000000000000000 ) ;
#744 = DIRECTION ( 'NONE',  ( 0.000000000000000000, 0.000000000000000000, 1.000000000000000000 ) ) ;
#745 = ORIENTED_EDGE ( 'NONE', *, *, #11475, .F. ) ;
#746 = ADVANCED_FACE ( 'NONE', ( #7253 ), #10845, .F. ) ;
#747 = ORIENTED_EDGE ( 'NONE', *, *, #8068, .T. ) ;
#748 = VECTOR ( 'NONE', #11374, 1000.000000000000000 ) ;
#749 = CARTESIAN_POINT ( 'NONE',  ( 0.2000000000000070055, 10.44999999999999929, 1.000000000000000000 ) ) ;
#750 = CARTESIAN_POINT ( 'NONE',  ( -1.300000000000000044, 2.500000000000000000, -1.000000000000000000 ) ) ;
#751 = CARTESIAN_POINT ( 'NONE',  ( 39.49999999999999289, -23.60000000000001563, 1.000000000000000888 ) ) ;
#752 = VERTEX_POINT ( 'NONE', #5834 ) ;
#753 = EDGE_CURVE ( 'NONE', #8848, #8278, #8368, .T. ) ;
#754 = CARTESIAN_POINT ( 'NONE',  ( 39.49999999999999289, -141.5999999999999943, 3.000000000000000000 ) ) ;
#755 = ORIENTED_EDGE ( 'NONE', *, *, #10864, .T. ) ;
#756 = DIRECTION ( 'NONE',  ( 1.000000000000000000, 0.000000000000000000, 0.000000000000000000 ) ) ;
#757 = FILL_AREA_STYLE_COLOUR ( '', #5523 ) ;
#758 = ORIENTED_EDGE ( 'NONE', *, *, #3011, .T. ) ;
#759 = DIRECTION ( 'NONE',  ( 0.000000000000000000, 0.000000000000000000, 1.000000000000000000 ) ) ;
#760 = ORIENTED_EDGE ( 'NONE', *, *, #3932, .T. ) ;
#761 = CARTESIAN_POINT ( 'NONE',  ( 55.49999999999999289, -44.60000000000002274, 1.000000000000000888 ) ) ;
#762 = VERTEX_POINT ( 'NONE', #1273 ) ;
#763 = ADVANCED_FACE ( 'NONE', ( #2273 ), #11134, .F. ) ;
#764 = VECTOR ( 'NONE', #1495, 1000.000000000000000 ) ;
#765 = CARTESIAN_POINT ( 'NONE',  ( 35.50000000000000000, -153.6000000000000227, -14.00099999999999945 ) ) ;
#766 = CARTESIAN_POINT ( 'NONE',  ( 39.49999999999998579, -123.6000000000000085, 3.000000000000000000 ) ) ;
#767 = ORIENTED_EDGE ( 'NONE', *, *, #10429, .F. ) ;
#768 = FACE_OUTER_BOUND ( 'NONE', #2420, .T. ) ;
#769 = CARTESIAN_POINT ( 'NONE',  ( -0.5000000000000073275, -20.60000000000002274, 3.000000000000000000 ) ) ;
#770 = EDGE_CURVE ( 'NONE', #4226, #2249, #10448, .T. ) ;
#771 = CARTESIAN_POINT ( 'NONE',  ( -0.5000000000000066613, -129.5999999999999943, -14.00099999999999945 ) ) ;
#772 = ORIENTED_EDGE ( 'NONE', *, *, #4377, .T. ) ;
#773 = VECTOR ( 'NONE', #7802, 1000.000000000000000 ) ;
#774 = EDGE_CURVE ( 'NONE', #8918, #207, #4738, .T. ) ;
#775 = VECTOR ( 'NONE', #2822, 1000.000000000000000 ) ;
#776 = EDGE_CURVE ( 'NONE', #11248, #377, #11022, .T. ) ;
#777 = ORIENTED_EDGE ( 'NONE', *, *, #4432, .T. ) ;
#778 = ORIENTED_EDGE ( 'NONE', *, *, #329, .F. ) ;
#779 = VECTOR ( 'NONE', #10327, 1000.000000000000114 ) ;
#780 = ORIENTED_EDGE ( 'NONE', *, *, #4300, .F. ) ;
#781 = CARTESIAN_POINT ( 'NONE',  ( -4.999999999999981348, -161.6000000000000227, 3.000000000000000000 ) ) ;
#782 = ORIENTED_EDGE ( 'NONE', *, *, #8186, .F. ) ;
#783 = DIRECTION ( 'NONE',  ( -0.000000000000000000, -0.000000000000000000, 1.000000000000000000 ) ) ;
#784 = DIRECTION ( 'NONE',  ( 0.000000000000000000, 1.000000000000000000, 0.000000000000000000 ) ) ;
#785 = ORIENTED_EDGE ( 'NONE', *, *, #6449, .F. ) ;
#786 = CARTESIAN_POINT ( 'NONE',  ( 15.49999999999999645, -50.60000000000002274, -14.00099999999999945 ) ) ;
#787 = AXIS2_PLACEMENT_3D ( 'NONE', #10473, #1325, #6772 ) ;
#788 = LINE ( 'NONE', #6822, #4314 ) ;
#789 = DIRECTION ( 'NONE',  ( 2.356961244533720211E-16, -1.000000000000000000, 0.000000000000000000 ) ) ;
#790 = EDGE_CURVE ( 'NONE', #9901, #3926, #4078, .T. ) ;
#791 = LINE ( 'NONE', #1556, #8793 ) ;
#792 = EDGE_LOOP ( 'NONE', ( #8434, #6681, #11452, #51 ) ) ;
#793 = AXIS2_PLACEMENT_3D ( 'NONE', #1730, #8938, #3367 ) ;
#794 = ORIENTED_EDGE ( 'NONE', *, *, #7725, .F. ) ;
#795 = LINE ( 'NONE', #5177, #10533 ) ;
#796 = LINE ( 'NONE', #9758, #3979 ) ;
#797 = LINE ( 'NONE', #4421, #6119 ) ;
#798 = DIRECTION ( 'NONE',  ( 0.000000000000000000, 0.000000000000000000, 1.000000000000000000 ) ) ;
#799 = AXIS2_PLACEMENT_3D ( 'NONE', #2742, #1866, #5437 ) ;
#800 = FACE_OUTER_BOUND ( 'NONE', #4127, .T. ) ;
#801 = FACE_OUTER_BOUND ( 'NONE', #10690, .T. ) ;
#802 = DIRECTION ( 'NONE',  ( -1.000000000000000000, 0.000000000000000000, 0.000000000000000000 ) ) ;
#803 = ADVANCED_FACE ( 'NONE', ( #3034 ), #3088, .T. ) ;
#804 = VECTOR ( 'NONE', #6230, 1000.000000000000000 ) ;
#805 = CARTESIAN_POINT ( 'NONE',  ( 55.49999999999999289, -38.60000000000002274, -14.00099999999999945 ) ) ;
#806 = ORIENTED_EDGE ( 'NONE', *, *, #10132, .F. ) ;
#807 = ORIENTED_EDGE ( 'NONE', *, *, #6936, .F. ) ;
#808 = AXIS2_PLACEMENT_3D ( 'NONE', #915, #5302, #2787 ) ;
#809 = LINE ( 'NONE', #1742, #9340 ) ;
#810 = DIRECTION ( 'NONE',  ( -0.000000000000000000, -0.000000000000000000, 1.000000000000000000 ) ) ;
#811 = DIRECTION ( 'NONE',  ( 0.000000000000000000, 0.000000000000000000, 1.000000000000000000 ) ) ;
#812 = ORIENTED_EDGE ( 'NONE', *, *, #1604, .F. ) ;
#813 = LINE ( 'NONE', #2452, #10640 ) ;
#814 = EDGE_CURVE ( 'NONE', #10223, #5272, #7601, .T. ) ;
#815 = ORIENTED_EDGE ( 'NONE', *, *, #1540, .T. ) ;
#816 = AXIS2_PLACEMENT_3D ( 'NONE', #897, #2134, #3874 ) ;
#817 = LINE ( 'NONE', #6965, #3222 ) ;
#818 = CARTESIAN_POINT ( 'NONE',  ( 58.00000000000000711, 19.40000000000000213, 1.000000000000000000 ) ) ;
#819 = ORIENTED_EDGE ( 'NONE', *, *, #9487, .T. ) ;
#820 = PLANE ( 'NONE',  #2994 ) ;
#821 = ORIENTED_EDGE ( 'NONE', *, *, #4432, .F. ) ;
#822 = EDGE_CURVE ( 'NONE', #10616, #8195, #7549, .T. ) ;
#823 = CARTESIAN_POINT ( 'NONE',  ( 35.49999999999999289, -23.60000000000001563, -14.00099999999999945 ) ) ;
#824 = CARTESIAN_POINT ( 'NONE',  ( 39.49999999999999289, -38.60000000000002274, -14.00099999999999945 ) ) ;
#825 = ORIENTED_EDGE ( 'NONE', *, *, #1938, .T. ) ;
#826 = DIRECTION ( 'NONE',  ( -1.000000000000000000, 0.000000000000000000, 0.000000000000000000 ) ) ;
#827 = CARTESIAN_POINT ( 'NONE',  ( -0.5000000000000045519, -44.60000000000002274, -14.00099999999999945 ) ) ;
#828 = ORIENTED_EDGE ( 'NONE', *, *, #4142, .T. ) ;
#829 = DIRECTION ( 'NONE',  ( 0.000000000000000000, 1.000000000000000000, 0.000000000000000000 ) ) ;
#830 = DIRECTION ( 'NONE',  ( 0.000000000000000000, 0.000000000000000000, -1.000000000000000000 ) ) ;
#831 = LINE ( 'NONE', #8860, #2602 ) ;
#832 = ORIENTED_EDGE ( 'NONE', *, *, #10157, .T. ) ;
#833 = EDGE_CURVE ( 'NONE', #5140, #4276, #10135, .T. ) ;
#834 = ORIENTED_EDGE ( 'NONE', *, *, #4953, .F. ) ;
#835 = ORIENTED_EDGE ( 'NONE', *, *, #8459, .T. ) ;
#836 = ORIENTED_EDGE ( 'NONE', *, *, #8941, .F. ) ;
#837 = CARTESIAN_POINT ( 'NONE',  ( 27.50000000000000000, -0.2999999999999999889, -7.799999999999999822 ) ) ;
#838 = ORIENTED_EDGE ( 'NONE', *, *, #3983, .T. ) ;
#839 = LINE ( 'NONE', #4467, #1741 ) ;
#840 = EDGE_CURVE ( 'NONE', #10020, #7905, #1330, .T. ) ;
#841 = CARTESIAN_POINT ( 'NONE',  ( 62.99999999999998579, 34.39999999999999858, 1.000000000000000000 ) ) ;
#842 = VERTEX_POINT ( 'NONE', #2212 ) ;
#843 = AXIS2_PLACEMENT_3D ( 'NONE', #5320, #11612, #1872 ) ;
#844 = FACE_BOUND ( 'NONE', #4302, .T. ) ;
#845 = EDGE_CURVE ( 'NONE', #7017, #1784, #904, .T. ) ;
#846 = DIRECTION ( 'NONE',  ( -4.336808689942015271E-16, 0.000000000000000000, 1.000000000000000000 ) ) ;
#847 = DIRECTION ( 'NONE',  ( 0.000000000000000000, 0.000000000000000000, -1.000000000000000000 ) ) ;
#848 = LINE ( 'NONE', #5067, #2253 ) ;
#849 = ORIENTED_EDGE ( 'NONE', *, *, #463, .F. ) ;
#850 = ORIENTED_EDGE ( 'NONE', *, *, #1278, .T. ) ;
#851 = VERTEX_POINT ( 'NONE', #8485 ) ;
#852 = ADVANCED_FACE ( 'NONE', ( #4961 ), #6607, .F. ) ;
#853 = PLANE ( 'NONE',  #8645 ) ;
#854 = LINE ( 'NONE', #10770, #237 ) ;
#855 = DIRECTION ( 'NONE',  ( -0.000000000000000000, -0.000000000000000000, 1.000000000000000000 ) ) ;
#856 = DIRECTION ( 'NONE',  ( 0.000000000000000000, -0.000000000000000000, 1.000000000000000000 ) ) ;
#857 = CARTESIAN_POINT ( 'NONE',  ( -0.5000000000000052180, -38.60000000000002274, 1.000000000000000888 ) ) ;
#858 = DIRECTION ( 'NONE',  ( 0.000000000000000000, -1.000000000000000000, 0.000000000000000000 ) ) ;
#859 = DIRECTION ( 'NONE',  ( -0.03489949670250453578, 0.000000000000000000, 0.9993908270190955401 ) ) ;
#860 = EDGE_CURVE ( 'NONE', #6355, #5272, #9256, .T. ) ;
#861 = PLANE ( 'NONE',  #8209 ) ;
#862 = VERTEX_POINT ( 'NONE', #4792 ) ;
#863 = ORIENTED_EDGE ( 'NONE', *, *, #2635, .T. ) ;
#864 = EDGE_CURVE ( 'NONE', #11514, #4028, #341, .T. ) ;
#865 = AXIS2_PLACEMENT_3D ( 'NONE', #7150, #5386, #2929 ) ;
#866 = CARTESIAN_POINT ( 'NONE',  ( 15.49999999999999467, -129.5999999999999943, 3.000000000000000000 ) ) ;
#867 = CARTESIAN_POINT ( 'NONE',  ( -3.000000000000003553, 0.000000000000000000, 0.9640588545008662580 ) ) ;
#868 = CARTESIAN_POINT ( 'NONE',  ( -0.5000000000000073275, -120.6000000000000085, 3.000000000000000000 ) ) ;
#869 = CARTESIAN_POINT ( 'NONE',  ( 39.49999999999999289, -44.60000000000002274, -14.00099999999999945 ) ) ;
#870 = ORIENTED_EDGE ( 'NONE', *, *, #4060, .T. ) ;
#871 = DIRECTION ( 'NONE',  ( -1.000000000000000000, -0.000000000000000000, -0.000000000000000000 ) ) ;
#872 = EDGE_LOOP ( 'NONE', ( #7490, #9867, #10116, #1475 ) ) ;
#873 = LINE ( 'NONE', #6193, #9042 ) ;
#874 = CIRCLE ( 'NONE', #4425, 0.5000000000000000000 ) ;
#875 = DIRECTION ( 'NONE',  ( 0.000000000000000000, 0.000000000000000000, 1.000000000000000000 ) ) ;
#876 = ORIENTED_EDGE ( 'NONE', *, *, #6769, .F. ) ;
#877 = CARTESIAN_POINT ( 'NONE',  ( 55.49999999999999289, -141.5999999999999943, -14.00099999999999945 ) ) ;
#878 = ORIENTED_EDGE ( 'NONE', *, *, #11561, .F. ) ;
#879 = EDGE_CURVE ( 'NONE', #3390, #1980, #5891, .T. ) ;
#880 = DIRECTION ( 'NONE',  ( 0.000000000000000000, 0.000000000000000000, -1.000000000000000000 ) ) ;
#881 = ORIENTED_EDGE ( 'NONE', *, *, #3488, .T. ) ;
#882 = DIRECTION ( 'NONE',  ( -1.000000000000000000, 0.000000000000000000, 0.000000000000000000 ) ) ;
#883 = LINE ( 'NONE', #8856, #10091 ) ;
#884 = VERTEX_POINT ( 'NONE', #7496 ) ;
#885 = ADVANCED_FACE ( 'NONE', ( #10193 ), #10257, .F. ) ;
#886 = CARTESIAN_POINT ( 'NONE',  ( 55.49999999999999289, -26.60000000000001918, 3.000000000000000000 ) ) ;
#887 = DIRECTION ( 'NONE',  ( -0.000000000000000000, -0.000000000000000000, 1.000000000000000000 ) ) ;
#888 = CARTESIAN_POINT ( 'NONE',  ( 35.50000000000000000, -38.60000000000002274, -14.00099999999999945 ) ) ;
#889 = ORIENTED_EDGE ( 'NONE', *, *, #2121, .F. ) ;
#890 = EDGE_CURVE ( 'NONE', #8462, #7574, #9309, .T. ) ;
#891 = VECTOR ( 'NONE', #7194, 1000.000000000000000 ) ;
#892 = VERTEX_POINT ( 'NONE', #6061 ) ;
#893 = ORIENTED_EDGE ( 'NONE', *, *, #10791, .T. ) ;
#894 = ORIENTED_EDGE ( 'NONE', *, *, #6829, .T. ) ;
#895 = DIRECTION ( 'NONE',  ( 0.000000000000000000, -0.000000000000000000, 1.000000000000000000 ) ) ;
#896 = VERTEX_POINT ( 'NONE', #5184 ) ;
#897 = CARTESIAN_POINT ( 'NONE',  ( 15.49999999999999467, -135.5999999999999943, -14.00099999999999945 ) ) ;
#898 = DIRECTION ( 'NONE',  ( 1.000000000000000000, -0.000000000000000000, 0.000000000000000000 ) ) ;
#899 = ORIENTED_EDGE ( 'NONE', *, *, #2635, .F. ) ;
#900 = FACE_BOUND ( 'NONE', #3522, .T. ) ;
#901 = EDGE_CURVE ( 'NONE', #687, #1252, #9543, .T. ) ;
#902 = CARTESIAN_POINT ( 'NONE',  ( 27.50000000000000000, -3.272120448235484869, 1.000000000000000000 ) ) ;
#903 = LINE ( 'NONE', #7173, #5479 ) ;
#904 = CIRCLE ( 'NONE', #7456, 0.5000000000000000000 ) ;
#905 = LINE ( 'NONE', #10878, #10522 ) ;
#906 = VECTOR ( 'NONE', #871, 1000.000000000000000 ) ;
#907 = ORIENTED_EDGE ( 'NONE', *, *, #8436, .F. ) ;
#908 = VERTEX_POINT ( 'NONE', #1675 ) ;
#909 = ORIENTED_EDGE ( 'NONE', *, *, #1029, .F. ) ;
#910 = AXIS2_PLACEMENT_3D ( 'NONE', #683, #3260, #1445 ) ;
#911 = CARTESIAN_POINT ( 'NONE',  ( 19.49999999999999289, -117.6000000000000085, -14.00099999999999945 ) ) ;
#912 = FACE_OUTER_BOUND ( 'NONE', #9191, .T. ) ;
#913 = LINE ( 'NONE', #9002, #522 ) ;
#914 = VECTOR ( 'NONE', #10083, 1000.000000000000000 ) ;
#915 = CARTESIAN_POINT ( 'NONE',  ( 48.00000000000001421, 31.39999999999999858, -4.000000000000000000 ) ) ;
#916 = VECTOR ( 'NONE', #9106, 1000.000000000000000 ) ;
#917 = CARTESIAN_POINT ( 'NONE',  ( 6.999999999999992006, 31.39999999999999858, -2.999999999999971578 ) ) ;
#918 = CARTESIAN_POINT ( 'NONE',  ( 0.2000000000000155265, 8.626985028379989374E-17, 0.5000000000000000000 ) ) ;
#919 = LINE ( 'NONE', #3781, #7076 ) ;
#920 = LINE ( 'NONE', #10716, #1963 ) ;
#921 = AXIS2_PLACEMENT_3D ( 'NONE', #2334, #684, #1394 ) ;
#922 = CARTESIAN_POINT ( 'NONE',  ( -3.014082039509705088E-15, 6.949999999999999289, 1.000000000000000000 ) ) ;
#923 = ORIENTED_EDGE ( 'NONE', *, *, #3056, .F. ) ;
#924 = AXIS2_PLACEMENT_3D ( 'NONE', #9976, #7600, #11184 ) ;
#925 = ORIENTED_EDGE ( 'NONE', *, *, #8660, .T. ) ;
#926 = ADVANCED_FACE ( 'NONE', ( #7060 ), #5243, .F. ) ;
#927 = CARTESIAN_POINT ( 'NONE',  ( 39.49999999999999289, -138.5999999999999943, 1.000000000000000888 ) ) ;
#928 = CARTESIAN_POINT ( 'NONE',  ( 48.00000000000001421, -161.6000000000000227, -2.999999999999971578 ) ) ;
#929 = DIRECTION ( 'NONE',  ( 0.000000000000000000, 0.000000000000000000, -1.000000000000000000 ) ) ;
#930 = DIRECTION ( 'NONE',  ( 0.000000000000000000, -1.000000000000000000, 0.000000000000000000 ) ) ;
#931 = EDGE_LOOP ( 'NONE', ( #3450, #10150, #7357, #8114 ) ) ;
#932 = CIRCLE ( 'NONE', #1305, 0.5000000000000000000 ) ;
#933 = DIRECTION ( 'NONE',  ( 0.000000000000000000, -1.000000000000000000, 0.000000000000000000 ) ) ;
#934 = EDGE_LOOP ( 'NONE', ( #4522, #1600, #11525, #2726 ) ) ;
#935 = LINE ( 'NONE', #9903, #10917 ) ;
#936 = EDGE_CURVE ( 'NONE', #1294, #10174, #10544, .T. ) ;
#937 = DIRECTION ( 'NONE',  ( -0.000000000000000000, -0.000000000000000000, 1.000000000000000000 ) ) ;
#938 = ORIENTED_EDGE ( 'NONE', *, *, #9910, .T. ) ;
#939 = DIRECTION ( 'NONE',  ( 0.7071067811865483499, -8.709832426130419560E-17, -0.7071067811865466846 ) ) ;
#940 = ORIENTED_EDGE ( 'NONE', *, *, #645, .F. ) ;
#941 = DIRECTION ( 'NONE',  ( 1.000000000000000000, 0.000000000000000000, 0.000000000000000000 ) ) ;
#942 = CARTESIAN_POINT ( 'NONE',  ( 2.500000000000000000, -0.2999999999999999889, 3.000000000000000000 ) ) ;
#943 = ORIENTED_EDGE ( 'NONE', *, *, #4184, .F. ) ;
#944 = FACE_OUTER_BOUND ( 'NONE', #5971, .T. ) ;
#945 = DIRECTION ( 'NONE',  ( 1.133236441592888894E-16, -1.000000000000000000, 0.000000000000000000 ) ) ;
#946 = VERTEX_POINT ( 'NONE', #7008 ) ;
#947 = PLANE ( 'NONE',  #7705 ) ;
#948 = EDGE_CURVE ( 'NONE', #10324, #7477, #10652, .T. ) ;
#949 = CARTESIAN_POINT ( 'NONE',  ( 2.500000000000000000, 25.89999999999999858, -1.000000000000000000 ) ) ;
#950 = DIRECTION ( 'NONE',  ( -0.000000000000000000, -1.000000000000000000, -0.000000000000000000 ) ) ;
#951 = ORIENTED_EDGE ( 'NONE', *, *, #5118, .F. ) ;
#952 = EDGE_CURVE ( 'NONE', #1797, #11394, #9650, .T. ) ;
#953 = EDGE_LOOP ( 'NONE', ( #3946, #84, #2625, #7837 ) ) ;
#954 = ORIENTED_EDGE ( 'NONE', *, *, #8784, .T. ) ;
#955 = DIRECTION ( 'NONE',  ( -1.000000000000000000, -0.000000000000000000, -0.000000000000000000 ) ) ;
#956 = ORIENTED_EDGE ( 'NONE', *, *, #9301, .T. ) ;
#957 = DIRECTION ( 'NONE',  ( 1.000000000000000000, -0.000000000000000000, 0.000000000000000000 ) ) ;
#958 = CARTESIAN_POINT ( 'NONE',  ( 19.49999999999999289, -29.60000000000001563, -14.00099999999999945 ) ) ;
#959 = ORIENTED_EDGE ( 'NONE', *, *, #7936, .T. ) ;
#960 = DIRECTION ( 'NONE',  ( -1.000000000000000000, -4.663235150475320108E-17, 0.000000000000000000 ) ) ;
#961 = DIRECTION ( 'NONE',  ( 0.000000000000000000, 0.000000000000000000, 1.000000000000000000 ) ) ;
#962 = ADVANCED_FACE ( 'NONE', ( #7890 ), #10596, .F. ) ;
#963 = DIRECTION ( 'NONE',  ( 0.000000000000000000, 0.000000000000000000, 1.000000000000000000 ) ) ;
#964 = AXIS2_PLACEMENT_3D ( 'NONE', #2962, #10123, #2092 ) ;
#965 = VERTEX_POINT ( 'NONE', #5944 ) ;
#966 = EDGE_CURVE ( 'NONE', #2696, #6704, #8707, .T. ) ;
#967 = ORIENTED_EDGE ( 'NONE', *, *, #7665, .F. ) ;
#968 = ORIENTED_EDGE ( 'NONE', *, *, #7864, .F. ) ;
#969 = CARTESIAN_POINT ( 'NONE',  ( -2.439454888092360016E-17, 0.2000000000000000111, 1.000000000000000000 ) ) ;
#970 = VECTOR ( 'NONE', #8566, 1000.000000000000000 ) ;
#971 = CARTESIAN_POINT ( 'NONE',  ( 27.50000000000000000, 27.83521725564219906, -0.9329137320915459330 ) ) ;
#972 = CARTESIAN_POINT ( 'NONE',  ( 6.700000000000000178, 3.875000000000000000, 1.000000000000000000 ) ) ;
#973 = VECTOR ( 'NONE', #10926, 1000.000000000000000 ) ;
#974 = CARTESIAN_POINT ( 'NONE',  ( -0.5000000000000059952, -32.60000000000001563, 1.000000000000000888 ) ) ;
#975 = CARTESIAN_POINT ( 'NONE',  ( 55.00000000000000000, 4.000000000000000000, 1.000000000000000000 ) ) ;
#976 = VECTOR ( 'NONE', #7622, 1000.000000000000000 ) ;
#977 = CARTESIAN_POINT ( 'NONE',  ( 60.00000000000001421, 19.40000000000000213, -4.000000000000000000 ) ) ;
#978 = DIRECTION ( 'NONE',  ( 0.000000000000000000, 1.000000000000000000, 0.000000000000000000 ) ) ;
#979 = DIRECTION ( 'NONE',  ( -0.000000000000000000, -1.000000000000000000, -0.000000000000000000 ) ) ;
#980 = DIRECTION ( 'NONE',  ( 0.000000000000000000, 0.000000000000000000, -1.000000000000000000 ) ) ;
#981 = ORIENTED_EDGE ( 'NONE', *, *, #3138, .T. ) ;
#982 = VECTOR ( 'NONE', #3539, 1000.000000000000000 ) ;
#983 = ORIENTED_EDGE ( 'NONE', *, *, #3167, .T. ) ;
#984 = EDGE_CURVE ( 'NONE', #2773, #4897, #6891, .T. ) ;
#985 = LINE ( 'NONE', #8952, #1286 ) ;
#986 = PLANE ( 'NONE',  #9500 ) ;
#987 = AXIS2_PLACEMENT_3D ( 'NONE', #6957, #1573, #4146 ) ;
#988 = LINE ( 'NONE', #10841, #7163 ) ;
#989 = DIRECTION ( 'NONE',  ( 0.000000000000000000, 0.000000000000000000, -1.000000000000000000 ) ) ;
#990 = ORIENTED_EDGE ( 'NONE', *, *, #5458, .T. ) ;
#991 = VECTOR ( 'NONE', #2957, 1000.000000000000000 ) ;
#992 = EDGE_CURVE ( 'NONE', #11394, #2088, #8653, .T. ) ;
#993 = VERTEX_POINT ( 'NONE', #3483 ) ;
#994 = LINE ( 'NONE', #5377, #4907 ) ;
#995 = EDGE_CURVE ( 'NONE', #11558, #6974, #628, .T. ) ;
#996 = LINE ( 'NONE', #3623, #9157 ) ;
#997 = VECTOR ( 'NONE', #9882, 1000.000000000000000 ) ;
#998 = ORIENTED_EDGE ( 'NONE', *, *, #5577, .T. ) ;
#999 = DIRECTION ( 'NONE',  ( 0.000000000000000000, -1.000000000000000000, 0.000000000000000000 ) ) ;
#1000 = EDGE_LOOP ( 'NONE', ( #11288, #9861, #1501, #4400 ) ) ;
#1001 = FACE_OUTER_BOUND ( 'NONE', #8837, .T. ) ;
#1002 = CARTESIAN_POINT ( 'NONE',  ( 19.50000000000000000, 27.83521725564219906, -0.9329137320915459330 ) ) ;
#1003 = ORIENTED_EDGE ( 'NONE', *, *, #10751, .F. ) ;
#1004 = VECTOR ( 'NONE', #10631, 1000.000000000000000 ) ;
#1005 = LINE ( 'NONE', #241, #10278 ) ;
#1006 = CARTESIAN_POINT ( 'NONE',  ( -0.5000000000000073275, -20.60000000000002274, 3.000000000000000000 ) ) ;
#1007 = VERTEX_POINT ( 'NONE', #1565 ) ;
#1008 = ADVANCED_FACE ( 'NONE', ( #9480 ), #2443, .F. ) ;
#1009 = CARTESIAN_POINT ( 'NONE',  ( 1.491641205457772035E-16, -1.800000000000000044, 1.000000000000000000 ) ) ;
#1010 = CARTESIAN_POINT ( 'NONE',  ( 19.49999999999999289, -129.5999999999999943, 1.000000000000000888 ) ) ;
#1011 = DIRECTION ( 'NONE',  ( -0.000000000000000000, -0.000000000000000000, 1.000000000000000000 ) ) ;
#1012 = ORIENTED_EDGE ( 'NONE', *, *, #10567, .T. ) ;
#1013 = ORIENTED_EDGE ( 'NONE', *, *, #1446, .F. ) ;
#1014 = ORIENTED_EDGE ( 'NONE', *, *, #1198, .F. ) ;
#1015 = EDGE_CURVE ( 'NONE', #3742, #7520, #7831, .T. ) ;
#1016 = CARTESIAN_POINT ( 'NONE',  ( -5.000000000000003553, 19.40000000000000213, -4.000000000000000000 ) ) ;
#1017 = EDGE_LOOP ( 'NONE', ( #9502, #10702, #5509, #10821 ) ) ;
#1018 = DIRECTION ( 'NONE',  ( 1.000000000000000000, 0.000000000000000000, 0.000000000000000000 ) ) ;
#1019 = CARTESIAN_POINT ( 'NONE',  ( 6.999999999999992006, -160.5999999999999943, -4.000000000000000000 ) ) ;
#1020 = EDGE_LOOP ( 'NONE', ( #778, #4501, #2711, #9257 ) ) ;
#1021 = CARTESIAN_POINT ( 'NONE',  ( 15.49999999999999467, -135.5999999999999943, 3.000000000000000000 ) ) ;
#1022 = DIRECTION ( 'NONE',  ( -1.000000000000000000, 0.000000000000000000, 0.000000000000000000 ) ) ;
#1023 = PRODUCT ( 'Geh\X2\00e4\X0\use_Waveshare_Deckel', 'Geh\X2\00e4\X0\use_Waveshare_Deckel', '', ( #3964 ) ) ;
#1024 = DIRECTION ( 'NONE',  ( -1.000000000000000000, 0.000000000000000000, 0.000000000000000000 ) ) ;
#1025 = AXIS2_PLACEMENT_3D ( 'NONE', #2910, #7187, #10776 ) ;
#1026 = VERTEX_POINT ( 'NONE', #5020 ) ;
#1027 = ORIENTED_EDGE ( 'NONE', *, *, #3347, .F. ) ;
#1028 = EDGE_LOOP ( 'NONE', ( #9745, #3038, #2885, #1988 ) ) ;
#1029 = EDGE_CURVE ( 'NONE', #2336, #4786, #4248, .T. ) ;
#1030 = PLANE ( 'NONE',  #2845 ) ;
#1031 = DIRECTION ( 'NONE',  ( -1.000000000000000000, 0.000000000000000000, 0.000000000000000000 ) ) ;
#1032 = CARTESIAN_POINT ( 'NONE',  ( 19.49999999999999289, -17.60000000000001918, 3.000000000000000000 ) ) ;
#1033 = DIRECTION ( 'NONE',  ( -1.000000000000000000, 0.000000000000000000, 0.000000000000000000 ) ) ;
#1034 = DIRECTION ( 'NONE',  ( -0.000000000000000000, -1.000000000000000000, -0.000000000000000000 ) ) ;
#1035 = DIRECTION ( 'NONE',  ( 0.000000000000000000, 1.000000000000000000, 0.000000000000000000 ) ) ;
#1036 = CARTESIAN_POINT ( 'NONE',  ( -2.262320420926724918, 10.44999999999999929, -0.07900196993566389880 ) ) ;
#1037 = CARTESIAN_POINT ( 'NONE',  ( 19.49999999999999289, -135.5999999999999943, 1.000000000000000888 ) ) ;
#1038 = EDGE_CURVE ( 'NONE', #4642, #2445, #6834, .T. ) ;
#1039 = DIRECTION ( 'NONE',  ( -1.000000000000000000, 0.000000000000000000, 0.000000000000000000 ) ) ;
#1040 = ORIENTED_EDGE ( 'NONE', *, *, #2129, .T. ) ;
#1041 = ORIENTED_EDGE ( 'NONE', *, *, #7925, .F. ) ;
#1042 = ADVANCED_FACE ( 'NONE', ( #3372 ), #6949, .F. ) ;
#1043 = LINE ( 'NONE', #7376, #696 ) ;
#1044 = CARTESIAN_POINT ( 'NONE',  ( -3.000000000000003553, 17.44999999999999929, -14.00000000000000000 ) ) ;
#1045 = DIRECTION ( 'NONE',  ( 0.000000000000000000, 0.000000000000000000, 1.000000000000000000 ) ) ;
#1046 = ORIENTED_EDGE ( 'NONE', *, *, #10200, .T. ) ;
#1047 = ORIENTED_EDGE ( 'NONE', *, *, #222, .T. ) ;
#1048 = EDGE_CURVE ( 'NONE', #3308, #7895, #5547, .T. ) ;
#1049 = CARTESIAN_POINT ( 'NONE',  ( 19.50000000000000000, 27.86760707430824979, 0.03349678200752224944 ) ) ;
#1050 = DIRECTION ( 'NONE',  ( 0.000000000000000000, 0.000000000000000000, 1.000000000000000000 ) ) ;
#1051 = ORIENTED_EDGE ( 'NONE', *, *, #2010, .F. ) ;
#1052 = DIRECTION ( 'NONE',  ( 0.000000000000000000, 1.000000000000000000, 0.000000000000000000 ) ) ;
#1053 = VERTEX_POINT ( 'NONE', #10009 ) ;
#1054 = PLANE ( 'NONE',  #10610 ) ;
#1055 = ORIENTED_EDGE ( 'NONE', *, *, #9269, .T. ) ;
#1056 = DIRECTION ( 'NONE',  ( -0.000000000000000000, -1.000000000000000000, 0.000000000000000000 ) ) ;
#1057 = CARTESIAN_POINT ( 'NONE',  ( 51.20000000000000284, 21.60000000000000142, -1.000000000000000000 ) ) ;
#1058 = AXIS2_PLACEMENT_3D ( 'NONE', #10727, #4557, #989 ) ;
#1059 = ORIENTED_EDGE ( 'NONE', *, *, #2603, .F. ) ;
#1060 = DIRECTION ( 'NONE',  ( -0.9993908270190956511, 0.000000000000000000, -0.03489949670250448721 ) ) ;
#1061 = CARTESIAN_POINT ( 'NONE',  ( 0.000000000000000000, 6.949999999999999289, -7.799999999999999822 ) ) ;
#1062 = LINE ( 'NONE', #7335, #369 ) ;
#1063 = ORIENTED_EDGE ( 'NONE', *, *, #6104, .T. ) ;
#1064 = ADVANCED_FACE ( 'NONE', ( #7366 ), #36, .F. ) ;
#1065 = ORIENTED_EDGE ( 'NONE', *, *, #1038, .F. ) ;
#1066 = ORIENTED_EDGE ( 'NONE', *, *, #8314, .F. ) ;
#1067 = EDGE_CURVE ( 'NONE', #5471, #8666, #919, .T. ) ;
#1068 = CARTESIAN_POINT ( 'NONE',  ( -4.000000000000003553, -160.6000000000000227, 1.000000000000000000 ) ) ;
#1069 = ORIENTED_EDGE ( 'NONE', *, *, #2938, .F. ) ;
#1070 = CARTESIAN_POINT ( 'NONE',  ( 55.50000000000000000, 18.45000000000000284, 0.5000000000000000000 ) ) ;
#1071 = DIRECTION ( 'NONE',  ( 0.000000000000000000, -1.000000000000000000, 0.000000000000000000 ) ) ;
#1072 = VERTEX_POINT ( 'NONE', #7126 ) ;
#1073 = FACE_BOUND ( 'NONE', #3888, .T. ) ;
#1074 = FACE_OUTER_BOUND ( 'NONE', #8273, .T. ) ;
#1075 = CARTESIAN_POINT ( 'NONE',  ( 27.50000000000000000, -0.9916459933285248773, -13.00000000000000000 ) ) ;
#1076 = ADVANCED_FACE ( 'NONE', ( #5490 ), #10085, .F. ) ;
#1077 = VECTOR ( 'NONE', #11603, 1000.000000000000000 ) ;
#1078 = ORIENTED_EDGE ( 'NONE', *, *, #5217, .F. ) ;
#1079 = EDGE_LOOP ( 'NONE', ( #11350, #7278, #8879, #7161 ) ) ;
#1080 = ORIENTED_EDGE ( 'NONE', *, *, #7162, .F. ) ;
#1081 = DIRECTION ( 'NONE',  ( 1.000000000000000000, 0.000000000000000000, 0.000000000000000000 ) ) ;
#1082 = DIRECTION ( 'NONE',  ( -1.231756314303058296E-16, -1.000000000000000000, 0.000000000000000000 ) ) ;
#1083 = DIRECTION ( 'NONE',  ( 0.000000000000000000, 0.000000000000000000, 1.000000000000000000 ) ) ;
#1084 = VECTOR ( 'NONE', #6296, 1000.000000000000000 ) ;
#1085 = DIRECTION ( 'NONE',  ( -0.000000000000000000, -1.000000000000000000, 0.000000000000000000 ) ) ;
#1086 = CARTESIAN_POINT ( 'NONE',  ( 19.49999999999999645, -141.5999999999999943, -14.00099999999999945 ) ) ;
#1087 = DIRECTION ( 'NONE',  ( 0.000000000000000000, 1.000000000000000000, 0.000000000000000000 ) ) ;
#1088 = VECTOR ( 'NONE', #4034, 1000.000000000000000 ) ;
#1089 = DIRECTION ( 'NONE',  ( 1.000000000000000000, 0.000000000000000000, 0.000000000000000000 ) ) ;
#1090 = EDGE_CURVE ( 'NONE', #10502, #6431, #10955, .T. ) ;
#1091 = LINE ( 'NONE', #8242, #3916 ) ;
#1092 = ORIENTED_EDGE ( 'NONE', *, *, #11297, .F. ) ;
#1093 = VECTOR ( 'NONE', #10232, 1000.000000000000000 ) ;
#1094 = ORIENTED_EDGE ( 'NONE', *, *, #2797, .T. ) ;
#1095 = VECTOR ( 'NONE', #3148, 1000.000000000000000 ) ;
#1096 = AXIS2_PLACEMENT_3D ( 'NONE', #3876, #3006, #6576 ) ;
#1097 = CARTESIAN_POINT ( 'NONE',  ( 34.50000000000000000, 28.89999999999999858, 0.000000000000000000 ) ) ;
#1098 = EDGE_CURVE ( 'NONE', #6182, #6236, #6178, .T. ) ;
#1099 = CARTESIAN_POINT ( 'NONE',  ( -0.5000000000000066613, -23.60000000000001563, 1.000000000000000888 ) ) ;
#1100 = FACE_OUTER_BOUND ( 'NONE', #5478, .T. ) ;
#1101 = ORIENTED_EDGE ( 'NONE', *, *, #6423, .T. ) ;
#1102 = CIRCLE ( 'NONE', #7282, 4.299999999999998046 ) ;
#1103 = DIRECTION ( 'NONE',  ( 0.000000000000000000, 0.000000000000000000, -1.000000000000000000 ) ) ;
#1104 = ORIENTED_EDGE ( 'NONE', *, *, #6502, .F. ) ;
#1105 = VECTOR ( 'NONE', #3481, 1000.000000000000000 ) ;
#1106 = EDGE_CURVE ( 'NONE', #3318, #410, #5021, .T. ) ;
#1107 = CARTESIAN_POINT ( 'NONE',  ( -4.000000000000003553, 30.39999999999999858, 1.000000000000000000 ) ) ;
#1108 = EDGE_LOOP ( 'NONE', ( #702, #2738, #6915, #9010 ) ) ;
#1109 = ORIENTED_EDGE ( 'NONE', *, *, #1185, .T. ) ;
#1110 = AXIS2_PLACEMENT_3D ( 'NONE', #7977, #5333, #9571 ) ;
#1111 = CARTESIAN_POINT ( 'NONE',  ( 7.000000000000009770, -105.0999999999999943, 1.000000000000000000 ) ) ;
#1112 = EDGE_CURVE ( 'NONE', #5195, #2236, #10832, .T. ) ;
#1113 = CIRCLE ( 'NONE', #2424, 10.36999999999999744 ) ;
#1114 = FACE_OUTER_BOUND ( 'NONE', #1828, .T. ) ;
#1115 = EDGE_LOOP ( 'NONE', ( #9359, #1013, #6931, #10129 ) ) ;
#1116 = FACE_OUTER_BOUND ( 'NONE', #792, .T. ) ;
#1117 = CARTESIAN_POINT ( 'NONE',  ( 15.49999999999999289, -123.6000000000000085, 1.000000000000000000 ) ) ;
#1118 = ORIENTED_EDGE ( 'NONE', *, *, #10418, .T. ) ;
#1119 = AXIS2_PLACEMENT_3D ( 'NONE', #5097, #3332, #8670 ) ;
#1120 = CARTESIAN_POINT ( 'NONE',  ( 15.49999999999999467, -135.5999999999999943, 1.000000000000000888 ) ) ;
#1121 = DIRECTION ( 'NONE',  ( 1.000000000000000000, 0.000000000000000000, 0.000000000000000000 ) ) ;
#1122 = CYLINDRICAL_SURFACE ( 'NONE', #9832, 0.5000000000000000000 ) ;
#1123 = VECTOR ( 'NONE', #1281, 1000.000000000000000 ) ;
#1124 = CARTESIAN_POINT ( 'NONE',  ( 55.49999999999999289, -144.5999999999999943, 3.000000000000000000 ) ) ;
#1125 = ORIENTED_EDGE ( 'NONE', *, *, #6414, .T. ) ;
#1126 = VECTOR ( 'NONE', #1564, 1000.000000000000000 ) ;
#1127 = ADVANCED_FACE ( 'NONE', ( #1916 ), #9068, .F. ) ;
#1128 = ORIENTED_EDGE ( 'NONE', *, *, #5431, .T. ) ;
#1129 = ORIENTED_EDGE ( 'NONE', *, *, #2499, .F. ) ;
#1130 = LINE ( 'NONE', #255, #9015 ) ;
#1131 = ORIENTED_EDGE ( 'NONE', *, *, #2, .F. ) ;
#1132 = CARTESIAN_POINT ( 'NONE',  ( 39.49999999999999289, -150.6000000000000227, -14.00099999999999945 ) ) ;
#1133 = FACE_OUTER_BOUND ( 'NONE', #1450, .T. ) ;
#1134 = ORIENTED_EDGE ( 'NONE', *, *, #7451, .T. ) ;
#1135 = DIRECTION ( 'NONE',  ( 1.231756314303058296E-16, 1.000000000000000000, 0.000000000000000000 ) ) ;
#1136 = EDGE_CURVE ( 'NONE', #8447, #9128, #4662, .T. ) ;
#1137 = CARTESIAN_POINT ( 'NONE',  ( 15.49999999999999467, -23.60000000000001563, 3.000000000000000000 ) ) ;
#1138 = ADVANCED_FACE ( 'NONE', ( #2733 ), #9887, .F. ) ;
#1139 = EDGE_CURVE ( 'NONE', #8848, #9059, #3661, .T. ) ;
#1140 = VERTEX_POINT ( 'NONE', #4428 ) ;
#1141 = ORIENTED_EDGE ( 'NONE', *, *, #1067, .F. ) ;
#1142 = ORIENTED_EDGE ( 'NONE', *, *, #7722, .F. ) ;
#1143 = PLANE ( 'NONE',  #9769 ) ;
#1144 = CARTESIAN_POINT ( 'NONE',  ( 27.50000000000000000, 0.2000000000000000111, 0.5000000000000000000 ) ) ;
#1145 = LINE ( 'NONE', #29, #6513 ) ;
#1146 = DIRECTION ( 'NONE',  ( -0.000000000000000000, -0.000000000000000000, 1.000000000000000000 ) ) ;
#1147 = EDGE_CURVE ( 'NONE', #6952, #10964, #2403, .T. ) ;
#1148 = DIRECTION ( 'NONE',  ( -1.000000000000000000, -0.000000000000000000, -0.000000000000000000 ) ) ;
#1149 = VECTOR ( 'NONE', #2894, 1000.000000000000000 ) ;
#1150 = DIRECTION ( 'NONE',  ( -1.000000000000000000, -4.517509052022939661E-17, 0.000000000000000000 ) ) ;
#1151 = CARTESIAN_POINT ( 'NONE',  ( 1.199999999999999956, 10.44999999999999929, -7.799999999999999822 ) ) ;
#1152 = DIRECTION ( 'NONE',  ( -0.000000000000000000, -0.000000000000000000, 1.000000000000000000 ) ) ;
#1153 = DIRECTION ( 'NONE',  ( 1.000000000000000000, 0.000000000000000000, 0.000000000000000000 ) ) ;
#1154 = ORIENTED_EDGE ( 'NONE', *, *, #2936, .T. ) ;
#1155 = ORIENTED_EDGE ( 'NONE', *, *, #9481, .T. ) ;
#1156 = VECTOR ( 'NONE', #3650, 1000.000000000000000 ) ;
#1157 = AXIS2_PLACEMENT_3D ( 'NONE', #5573, #4754, #1121 ) ;
#1158 = ORIENTED_EDGE ( 'NONE', *, *, #10077, .T. ) ;
#1159 =( LENGTH_UNIT ( ) NAMED_UNIT ( * ) SI_UNIT ( .MILLI., .METRE. ) );
#1160 = DIRECTION ( 'NONE',  ( 4.663235150475320108E-17, -1.000000000000000000, 0.000000000000000000 ) ) ;
#1161 = CIRCLE ( 'NONE', #2838, 0.5000000000000000000 ) ;
#1162 = DIRECTION ( 'NONE',  ( -1.000000000000000000, -0.000000000000000000, -0.000000000000000000 ) ) ;
#1163 = ADVANCED_FACE ( 'NONE', ( #4600 ), #6302, .T. ) ;
#1164 = DIRECTION ( 'NONE',  ( 0.000000000000000000, 1.000000000000000000, -0.000000000000000000 ) ) ;
#1165 = EDGE_LOOP ( 'NONE', ( #11511, #1265, #3576, #112 ) ) ;
#1166 = DIRECTION ( 'NONE',  ( 1.000000000000000000, 0.000000000000000000, 0.000000000000000000 ) ) ;
#1167 = ORIENTED_EDGE ( 'NONE', *, *, #1339, .T. ) ;
#1168 = DIRECTION ( 'NONE',  ( 0.000000000000000000, -6.938893903907229364E-16, -1.000000000000000000 ) ) ;
#1169 = ORIENTED_EDGE ( 'NONE', *, *, #185, .T. ) ;
#1170 = VECTOR ( 'NONE', #5925, 999.9999999999998863 ) ;
#1171 = ORIENTED_EDGE ( 'NONE', *, *, #1048, .T. ) ;
#1172 = VECTOR ( 'NONE', #295, 1000.000000000000000 ) ;
#1173 = CARTESIAN_POINT ( 'NONE',  ( -0.5000000000000052180, -138.5999999999999943, -14.00099999999999945 ) ) ;
#1174 = VECTOR ( 'NONE', #5598, 1000.000000000000000 ) ;
#1175 = CARTESIAN_POINT ( 'NONE',  ( 28.50000000000000000, -0.2999999999999999889, -14.00000000000000000 ) ) ;
#1176 = EDGE_CURVE ( 'NONE', #7959, #2136, #4547, .T. ) ;
#1177 = FACE_BOUND ( 'NONE', #6146, .T. ) ;
#1178 = EDGE_LOOP ( 'NONE', ( #9878, #11312, #5390, #7118 ) ) ;
#1179 = CARTESIAN_POINT ( 'NONE',  ( 6.700000000000000178, 3.875000000000000000, 3.000000000000000000 ) ) ;
#1180 = VERTEX_POINT ( 'NONE', #8177 ) ;
#1181 = DIRECTION ( 'NONE',  ( -1.000000000000000000, 0.000000000000000000, 0.000000000000000000 ) ) ;
#1182 = FACE_OUTER_BOUND ( 'NONE', #8965, .T. ) ;
#1183 = FACE_OUTER_BOUND ( 'NONE', #4877, .T. ) ;
#1184 = VECTOR ( 'NONE', #10151, 1000.000000000000000 ) ;
#1185 = EDGE_CURVE ( 'NONE', #4812, #11563, #153, .T. ) ;
#1186 = FACE_OUTER_BOUND ( 'NONE', #2889, .T. ) ;
#1187 = ORIENTED_EDGE ( 'NONE', *, *, #4237, .F. ) ;
#1188 = VECTOR ( 'NONE', #2425, 1000.000000000000000 ) ;
#1189 = ORIENTED_EDGE ( 'NONE', *, *, #2898, .T. ) ;
#1190 = ADVANCED_FACE ( 'NONE', ( #2093 ), #10293, .T. ) ;
#1191 = DIRECTION ( 'NONE',  ( 0.000000000000000000, 0.000000000000000000, 1.000000000000000000 ) ) ;
#1192 = ORIENTED_EDGE ( 'NONE', *, *, #7616, .F. ) ;
#1193 = DIRECTION ( 'NONE',  ( 0.000000000000000000, 0.000000000000000000, -1.000000000000000000 ) ) ;
#1194 = CARTESIAN_POINT ( 'NONE',  ( 53.69999999999999574, 6.949999999999999289, -7.799999999999999822 ) ) ;
#1195 = ORIENTED_EDGE ( 'NONE', *, *, #4286, .T. ) ;
#1196 = LINE ( 'NONE', #4706, #10326 ) ;
#1197 = LINE ( 'NONE', #4822, #3026 ) ;
#1198 = EDGE_CURVE ( 'NONE', #641, #6562, #1837, .T. ) ;
#1199 = ORIENTED_EDGE ( 'NONE', *, *, #6011, .F. ) ;
#1200 = ORIENTED_EDGE ( 'NONE', *, *, #5044, .T. ) ;
#1201 = ORIENTED_EDGE ( 'NONE', *, *, #8020, .T. ) ;
#1202 = DIRECTION ( 'NONE',  ( 0.000000000000000000, 0.000000000000000000, -1.000000000000000000 ) ) ;
#1203 = LINE ( 'NONE', #9942, #6955 ) ;
#1204 = EDGE_LOOP ( 'NONE', ( #133, #10683, #718, #7164 ) ) ;
#1205 = EDGE_CURVE ( 'NONE', #9523, #5518, #8302, .T. ) ;
#1206 = CARTESIAN_POINT ( 'NONE',  ( 39.49999999999998579, -20.60000000000002274, -14.00099999999999945 ) ) ;
#1207 = VECTOR ( 'NONE', #5605, 1000.000000000000000 ) ;
#1208 = DIRECTION ( 'NONE',  ( 1.000000000000000000, 0.000000000000000000, 0.000000000000000000 ) ) ;
#1209 = LINE ( 'NONE', #6762, #3019 ) ;
#1210 = DIRECTION ( 'NONE',  ( -0.000000000000000000, -0.000000000000000000, 1.000000000000000000 ) ) ;
#1211 = LINE ( 'NONE', #6480, #8320 ) ;
#1212 = LINE ( 'NONE', #2911, #7095 ) ;
#1213 = ORIENTED_EDGE ( 'NONE', *, *, #2505, .F. ) ;
#1214 = ADVANCED_FACE ( 'NONE', ( #2152 ), #8414, .F. ) ;
#1215 = ORIENTED_EDGE ( 'NONE', *, *, #633, .T. ) ;
#1216 = VERTEX_POINT ( 'NONE', #4781 ) ;
#1217 = CARTESIAN_POINT ( 'NONE',  ( 55.49999999999999289, -153.6000000000000227, 3.000000000000000000 ) ) ;
#1218 = LINE ( 'NONE', #5558, #9424 ) ;
#1219 = EDGE_CURVE ( 'NONE', #8846, #11431, #3955, .T. ) ;
#1220 = LINE ( 'NONE', #2046, #2925 ) ;
#1221 = CARTESIAN_POINT ( 'NONE',  ( 51.20000000000000284, 27.40000000000000213, 0.5000000000000000000 ) ) ;
#1222 = ORIENTED_EDGE ( 'NONE', *, *, #10311, .F. ) ;
#1223 = AXIS2_PLACEMENT_3D ( 'NONE', #303, #3867, #2997 ) ;
#1224 = DIRECTION ( 'NONE',  ( 0.000000000000000000, -1.000000000000000000, 0.000000000000000000 ) ) ;
#1225 = ORIENTED_EDGE ( 'NONE', *, *, #7759, .T. ) ;
#1226 = EDGE_CURVE ( 'NONE', #2063, #8959, #7420, .T. ) ;
#1227 = ORIENTED_EDGE ( 'NONE', *, *, #8637, .T. ) ;
#1228 = DIRECTION ( 'NONE',  ( 2.209838822900395026E-16, 1.000000000000000000, 0.000000000000000000 ) ) ;
#1229 = CARTESIAN_POINT ( 'NONE',  ( 6.999999999999992006, 30.39999999999997016, -4.000000000000000000 ) ) ;
#1230 = FACE_BOUND ( 'NONE', #4287, .T. ) ;
#1231 = ORIENTED_EDGE ( 'NONE', *, *, #2022, .T. ) ;
#1232 = DIRECTION ( 'NONE',  ( 0.000000000000000000, -1.000000000000000000, 0.000000000000000000 ) ) ;
#1233 = ORIENTED_EDGE ( 'NONE', *, *, #3663, .T. ) ;
#1234 = DIRECTION ( 'NONE',  ( -0.000000000000000000, -0.000000000000000000, 1.000000000000000000 ) ) ;
#1235 = DIRECTION ( 'NONE',  ( 0.000000000000000000, 0.000000000000000000, 1.000000000000000000 ) ) ;
#1236 = EDGE_CURVE ( 'NONE', #7807, #1665, #9245, .T. ) ;
#1237 = CARTESIAN_POINT ( 'NONE',  ( 34.50000000000000000, -3.299999999999999822, 1.000000000000000000 ) ) ;
#1238 = ORIENTED_EDGE ( 'NONE', *, *, #9633, .F. ) ;
#1239 = EDGE_LOOP ( 'NONE', ( #7319, #2386, #2423, #11255 ) ) ;
#1240 = AXIS2_PLACEMENT_3D ( 'NONE', #6124, #7783, #1454 ) ;
#1241 = CARTESIAN_POINT ( 'NONE',  ( -1.800000000000000044, 18.45000000000000284, 1.000000000000000000 ) ) ;
#1242 = ORIENTED_EDGE ( 'NONE', *, *, #7338, .T. ) ;
#1243 = EDGE_CURVE ( 'NONE', #8710, #3853, #7591, .T. ) ;
#1244 = FACE_OUTER_BOUND ( 'NONE', #3549, .T. ) ;
#1245 = CARTESIAN_POINT ( 'NONE',  ( -0.5000000000000052180, -141.5999999999999943, 3.000000000000000000 ) ) ;
#1246 = VERTEX_POINT ( 'NONE', #8357 ) ;
#1247 = CARTESIAN_POINT ( 'NONE',  ( 51.20000000000000284, 21.60000000000000142, -1.000000000000000000 ) ) ;
#1248 = DIRECTION ( 'NONE',  ( 6.938893903907222067E-15, 1.000000000000000000, 0.000000000000000000 ) ) ;
#1249 = CARTESIAN_POINT ( 'NONE',  ( 27.50000000000000000, 26.59164599332849832, -13.00000000000000000 ) ) ;
#1250 = AXIS2_PLACEMENT_3D ( 'NONE', #2655, #3525, #6045 ) ;
#1251 = EDGE_CURVE ( 'NONE', #259, #5195, #3079, .T. ) ;
#1252 = VERTEX_POINT ( 'NONE', #6596 ) ;
#1253 = ORIENTED_EDGE ( 'NONE', *, *, #315, .T. ) ;
#1254 = EDGE_LOOP ( 'NONE', ( #10196, #4177, #5612, #7973 ) ) ;
#1255 = CARTESIAN_POINT ( 'NONE',  ( -3.299999999999999822, 17.44999999999999929, 0.000000000000000000 ) ) ;
#1256 = CARTESIAN_POINT ( 'NONE',  ( 19.50000000000000000, 4.164757004755704983, -1.942058085672285106 ) ) ;
#1257 = EDGE_LOOP ( 'NONE', ( #1069, #11144, #7553, #10808 ) ) ;
#1258 = ADVANCED_FACE ( 'NONE', ( #328 ), #2776, .F. ) ;
#1259 = CARTESIAN_POINT ( 'NONE',  ( 39.49999999999999289, -38.60000000000002274, 3.000000000000000000 ) ) ;
#1260 = DIRECTION ( 'NONE',  ( -0.000000000000000000, -0.000000000000000000, 1.000000000000000000 ) ) ;
#1261 = CARTESIAN_POINT ( 'NONE',  ( 35.50000000000000000, -150.6000000000000227, -14.00099999999999945 ) ) ;
#1262 = DIRECTION ( 'NONE',  ( -1.000000000000000000, 0.000000000000000000, 0.000000000000000000 ) ) ;
#1263 = AXIS2_PLACEMENT_3D ( 'NONE', #4131, #11073, #2159 ) ;
#1264 = DIRECTION ( 'NONE',  ( 0.000000000000000000, 1.000000000000000000, 1.156482317317869950E-15 ) ) ;
#1265 = ORIENTED_EDGE ( 'NONE', *, *, #14, .F. ) ;
#1266 = VERTEX_POINT ( 'NONE', #275 ) ;
#1267 = ORIENTED_EDGE ( 'NONE', *, *, #2220, .F. ) ;
#1268 = VECTOR ( 'NONE', #569, 1000.000000000000000 ) ;
#1269 = DIRECTION ( 'NONE',  ( -1.000000000000000000, 0.000000000000000000, 0.000000000000000000 ) ) ;
#1270 = DIRECTION ( 'NONE',  ( -1.000000000000000000, 0.000000000000000000, 0.000000000000000000 ) ) ;
#1271 = CARTESIAN_POINT ( 'NONE',  ( 63.00000000000001421, -161.6000000000000227, 1.000000000000000000 ) ) ;
#1272 = CARTESIAN_POINT ( 'NONE',  ( -1.300000000000000044, 2.500000000000000000, 0.5000000000000000000 ) ) ;
#1273 = CARTESIAN_POINT ( 'NONE',  ( 53.69999999999999574, 6.949999999999999289, -8.300000000000000711 ) ) ;
#1274 = EDGE_CURVE ( 'NONE', #7724, #6156, #3894, .T. ) ;
#1275 = VECTOR ( 'NONE', #1210, 1000.000000000000000 ) ;
#1276 = LINE ( 'NONE', #5621, #10653 ) ;
#1277 = ORIENTED_EDGE ( 'NONE', *, *, #2173, .T. ) ;
#1278 = EDGE_CURVE ( 'NONE', #3709, #9075, #7537, .T. ) ;
#1279 = ORIENTED_EDGE ( 'NONE', *, *, #6746, .T. ) ;
#1280 = AXIS2_PLACEMENT_3D ( 'NONE', #7560, #2171, #11145 ) ;
#1281 = DIRECTION ( 'NONE',  ( -1.000000000000000000, -0.000000000000000000, -0.000000000000000000 ) ) ;
#1282 = PLANE ( 'NONE',  #1926 ) ;
#1283 = AXIS2_PLACEMENT_3D ( 'NONE', #6934, #9639, #10586 ) ;
#1284 = CARTESIAN_POINT ( 'NONE',  ( 15.49999999999999645, -138.5999999999999943, -14.00099999999999945 ) ) ;
#1285 = VERTEX_POINT ( 'NONE', #10183 ) ;
#1286 = VECTOR ( 'NONE', #3614, 1000.000000000000000 ) ;
#1287 = EDGE_CURVE ( 'NONE', #3081, #1769, #4951, .T. ) ;
#1288 = FACE_OUTER_BOUND ( 'NONE', #6416, .T. ) ;
#1289 = ORIENTED_EDGE ( 'NONE', *, *, #9051, .T. ) ;
#1290 = DIRECTION ( 'NONE',  ( -0.000000000000000000, -0.000000000000000000, 1.000000000000000000 ) ) ;
#1291 = DIRECTION ( 'NONE',  ( 0.000000000000000000, -1.000000000000000000, 0.000000000000000000 ) ) ;
#1292 = VECTOR ( 'NONE', #230, 1000.000000000000000 ) ;
#1293 = CARTESIAN_POINT ( 'NONE',  ( 30.99999999999999645, -59.60000000000002984, 1.000000000000000000 ) ) ;
#1294 = VERTEX_POINT ( 'NONE', #1319 ) ;
#1295 = VECTOR ( 'NONE', #9915, 1000.000000000000000 ) ;
#1296 = ORIENTED_EDGE ( 'NONE', *, *, #6853, .F. ) ;
#1297 = CARTESIAN_POINT ( 'NONE',  ( 55.50000000000000000, 21.60000000000000142, -1.000000000000000000 ) ) ;
#1298 = VERTEX_POINT ( 'NONE', #3126 ) ;
#1299 = AXIS2_PLACEMENT_3D ( 'NONE', #11012, #2360, #8304 ) ;
#1300 = FACE_OUTER_BOUND ( 'NONE', #1518, .T. ) ;
#1301 = EDGE_CURVE ( 'NONE', #3420, #2228, #498, .T. ) ;
#1302 = DIRECTION ( 'NONE',  ( 1.000000000000000000, 0.000000000000000000, 0.000000000000000000 ) ) ;
#1303 = ORIENTED_EDGE ( 'NONE', *, *, #5933, .T. ) ;
#1304 = FACE_BOUND ( 'NONE', #10611, .T. ) ;
#1305 = AXIS2_PLACEMENT_3D ( 'NONE', #1792, #10650, #5359 ) ;
#1306 = DIRECTION ( 'NONE',  ( 0.000000000000000000, 0.000000000000000000, -1.000000000000000000 ) ) ;
#1307 = DIRECTION ( 'NONE',  ( -0.000000000000000000, -1.000000000000000000, 0.000000000000000000 ) ) ;
#1308 = AXIS2_PLACEMENT_3D ( 'NONE', #5796, #6624, #1409 ) ;
#1309 = EDGE_LOOP ( 'NONE', ( #10379, #1990, #1713, #7954 ) ) ;
#1310 = ORIENTED_EDGE ( 'NONE', *, *, #3373, .F. ) ;
#1311 = VERTEX_POINT ( 'NONE', #5821 ) ;
#1312 = CARTESIAN_POINT ( 'NONE',  ( 39.49999999999999289, -126.5999999999999943, -14.00099999999999945 ) ) ;
#1313 = CARTESIAN_POINT ( 'NONE',  ( 59.00000000000001421, 30.39999999999999858, 1.000000000000000000 ) ) ;
#1314 = ORIENTED_EDGE ( 'NONE', *, *, #8179, .F. ) ;
#1315 = CARTESIAN_POINT ( 'NONE',  ( 19.49999999999999289, -32.60000000000001563, 1.000000000000000888 ) ) ;
#1316 = EDGE_CURVE ( 'NONE', #8348, #4854, #9413, .T. ) ;
#1317 = CARTESIAN_POINT ( 'NONE',  ( 18.50000000000000000, -1.300000000000000044, 0.5000000000000000000 ) ) ;
#1318 = CARTESIAN_POINT ( 'NONE',  ( -0.9916459933285137751, 0.000000000000000000, -13.00000000000000000 ) ) ;
#1319 = CARTESIAN_POINT ( 'NONE',  ( 19.49999999999999645, -35.60000000000002274, 1.000000000000000888 ) ) ;
#1320 = CARTESIAN_POINT ( 'NONE',  ( 6.999999999999992006, 31.39999999999999858, 1.000000000000000000 ) ) ;
#1321 = ORIENTED_EDGE ( 'NONE', *, *, #9065, .F. ) ;
#1322 = EDGE_CURVE ( 'NONE', #5895, #7983, #6479, .T. ) ;
#1323 = ORIENTED_EDGE ( 'NONE', *, *, #10842, .T. ) ;
#1324 = ORIENTED_EDGE ( 'NONE', *, *, #1552, .T. ) ;
#1325 = DIRECTION ( 'NONE',  ( 1.000000000000000000, -0.000000000000000000, 0.000000000000000000 ) ) ;
#1326 = DIRECTION ( 'NONE',  ( 1.000000000000000000, 0.000000000000000000, 0.000000000000000000 ) ) ;
#1327 = AXIS2_PLACEMENT_3D ( 'NONE', #2835, #11575, #2775 ) ;
#1328 = FACE_OUTER_BOUND ( 'NONE', #1204, .T. ) ;
#1329 = CARTESIAN_POINT ( 'NONE',  ( -1.800000000000000044, 1.131341397376182023E-16, 1.000000000000000000 ) ) ;
#1330 = LINE ( 'NONE', #6554, #343 ) ;
#1331 = DIRECTION ( 'NONE',  ( -4.517509052022939661E-17, 1.000000000000000000, 0.000000000000000000 ) ) ;
#1332 = VERTEX_POINT ( 'NONE', #1151 ) ;
#1333 = EDGE_CURVE ( 'NONE', #8959, #9900, #4722, .T. ) ;
#1334 = VECTOR ( 'NONE', #6523, 1000.000000000000000 ) ;
#1335 = ORIENTED_EDGE ( 'NONE', *, *, #9072, .T. ) ;
#1336 = VECTOR ( 'NONE', #5285, 1000.000000000000000 ) ;
#1337 = PLANE ( 'NONE',  #4649 ) ;
#1338 = CARTESIAN_POINT ( 'NONE',  ( 35.50000000000000000, 25.89999999999999858, 1.000000000000000000 ) ) ;
#1339 = EDGE_CURVE ( 'NONE', #5272, #9046, #2431, .T. ) ;
#1340 = LINE ( 'NONE', #9374, #4975 ) ;
#1341 = ORIENTED_EDGE ( 'NONE', *, *, #7861, .F. ) ;
#1342 = EDGE_CURVE ( 'NONE', #6108, #10155, #8748, .T. ) ;
#1343 = CIRCLE ( 'NONE', #9023, 0.5000000000000000000 ) ;
#1344 = ADVANCED_FACE ( 'NONE', ( #4297 ), #11230, .T. ) ;
#1345 = DIRECTION ( 'NONE',  ( -1.000000000000000000, 0.000000000000000000, 0.000000000000000000 ) ) ;
#1346 = ORIENTED_EDGE ( 'NONE', *, *, #6093, .F. ) ;
#1347 = LINE ( 'NONE', #4922, #2481 ) ;
#1348 = VECTOR ( 'NONE', #10692, 1000.000000000000000 ) ;
#1349 = CARTESIAN_POINT ( 'NONE',  ( 39.49999999999999289, -132.5999999999999943, -14.00099999999999945 ) ) ;
#1350 = CARTESIAN_POINT ( 'NONE',  ( 18.50000000000000000, 25.89999999999999858, 0.5000000000000000000 ) ) ;
#1351 = CARTESIAN_POINT ( 'NONE',  ( 0.000000000000000000, 25.89999999999999858, -14.00000000000000000 ) ) ;
#1352 = VERTEX_POINT ( 'NONE', #7876 ) ;
#1353 = VECTOR ( 'NONE', #10885, 1000.000000000000000 ) ;
#1354 = AXIS2_PLACEMENT_3D ( 'NONE', #2125, #359, #247 ) ;
#1355 = EDGE_CURVE ( 'NONE', #4048, #7100, #4357, .T. ) ;
#1356 = ORIENTED_EDGE ( 'NONE', *, *, #833, .F. ) ;
#1357 = LINE ( 'NONE', #3164, #10152 ) ;
#1358 = ORIENTED_EDGE ( 'NONE', *, *, #11082, .T. ) ;
#1359 = AXIS2_PLACEMENT_3D ( 'NONE', #4968, #2559, #8604 ) ;
#1360 = ADVANCED_FACE ( 'NONE', ( #4183 ), #10409, .F. ) ;
#1361 = DIRECTION ( 'NONE',  ( -0.000000000000000000, -1.000000000000000000, -0.000000000000000000 ) ) ;
#1362 = CARTESIAN_POINT ( 'NONE',  ( 15.49999999999999645, -41.60000000000001563, 3.000000000000000000 ) ) ;
#1363 = ORIENTED_EDGE ( 'NONE', *, *, #5738, .F. ) ;
#1364 = VECTOR ( 'NONE', #10762, 1000.000000000000000 ) ;
#1365 = CARTESIAN_POINT ( 'NONE',  ( 39.49999999999999289, -50.60000000000002274, 1.000000000000000888 ) ) ;
#1366 = DIRECTION ( 'NONE',  ( 1.000000000000000000, -6.938893903907220489E-15, 0.000000000000000000 ) ) ;
#1367 = CARTESIAN_POINT ( 'NONE',  ( 39.49999999999999289, -23.60000000000001563, 1.000000000000000888 ) ) ;
#1368 = EDGE_CURVE ( 'NONE', #9059, #9053, #8754, .T. ) ;
#1369 = VECTOR ( 'NONE', #5888, 1000.000000000000000 ) ;
#1370 = ADVANCED_FACE ( 'NONE', ( #8583 ), #3188, .F. ) ;
#1371 = ORIENTED_EDGE ( 'NONE', *, *, #8644, .T. ) ;
#1372 = ORIENTED_EDGE ( 'NONE', *, *, #3036, .F. ) ;
#1373 = ORIENTED_EDGE ( 'NONE', *, *, #4187, .T. ) ;
#1374 = DIRECTION ( 'NONE',  ( -1.000000000000000000, 0.000000000000000000, 0.000000000000000000 ) ) ;
#1375 = DIRECTION ( 'NONE',  ( 0.000000000000000000, -0.000000000000000000, -1.000000000000000000 ) ) ;
#1376 = VERTEX_POINT ( 'NONE', #11291 ) ;
#1377 = CARTESIAN_POINT ( 'NONE',  ( 19.49999999999999645, -47.60000000000001563, -14.00099999999999945 ) ) ;
#1378 = ORIENTED_EDGE ( 'NONE', *, *, #8314, .T. ) ;
#1379 = TOROIDAL_SURFACE ( 'NONE', #10180, 5.799999999999999822, 0.5000000000000000000 ) ;
#1380 = LINE ( 'NONE', #4062, #9544 ) ;
#1381 = FACE_OUTER_BOUND ( 'NONE', #9214, .T. ) ;
#1382 = DIRECTION ( 'NONE',  ( -0.000000000000000000, -0.000000000000000000, 1.000000000000000000 ) ) ;
#1383 = CARTESIAN_POINT ( 'NONE',  ( -1.300000000000000044, 23.09999999999999787, 0.5000000000000000000 ) ) ;
#1384 = EDGE_LOOP ( 'NONE', ( #6018, #1141, #3350, #782 ) ) ;
#1385 = EDGE_CURVE ( 'NONE', #1425, #7574, #7764, .T. ) ;
#1386 = VERTEX_POINT ( 'NONE', #5992 ) ;
#1387 = VERTEX_POINT ( 'NONE', #5124 ) ;
#1388 = CARTESIAN_POINT ( 'NONE',  ( 39.49999999999999289, -26.60000000000001918, -14.00099999999999945 ) ) ;
#1389 = CARTESIAN_POINT ( 'NONE',  ( -0.2999999999999929945, 11.44999999999999929, -10.00000000000000000 ) ) ;
#1390 = LINE ( 'NONE', #8758, #5103 ) ;
#1391 = ADVANCED_FACE ( 'NONE', ( #2487 ), #6050, .F. ) ;
#1392 = LINE ( 'NONE', #4960, #6347 ) ;
#1393 = CARTESIAN_POINT ( 'NONE',  ( 6.700000000000000178, 7.400000000000000355, 3.000000000000000000 ) ) ;
#1394 = DIRECTION ( 'NONE',  ( 0.000000000000000000, -0.000000000000000000, 1.000000000000000000 ) ) ;
#1395 = EDGE_LOOP ( 'NONE', ( #1047, #429, #4115, #1378 ) ) ;
#1396 = EDGE_CURVE ( 'NONE', #3786, #10802, #2783, .T. ) ;
#1397 = ORIENTED_EDGE ( 'NONE', *, *, #2359, .T. ) ;
#1398 = CARTESIAN_POINT ( 'NONE',  ( 39.49999999999999289, -141.5999999999999943, 1.000000000000000888 ) ) ;
#1399 = CARTESIAN_POINT ( 'NONE',  ( -1.800000000000000044, 23.09999999999999787, 0.5000000000000000000 ) ) ;
#1400 = AXIS2_PLACEMENT_3D ( 'NONE', #3574, #7158, #6273 ) ;
#1401 = FACE_BOUND ( 'NONE', #1384, .T. ) ;
#1402 = ORIENTED_EDGE ( 'NONE', *, *, #5324, .T. ) ;
#1403 = EDGE_CURVE ( 'NONE', #10068, #8737, #1662, .T. ) ;
#1404 = DIRECTION ( 'NONE',  ( -0.000000000000000000, -1.000000000000000000, 0.000000000000000000 ) ) ;
#1405 = ORIENTED_EDGE ( 'NONE', *, *, #10500, .T. ) ;
#1406 = PLANE ( 'NONE',  #1737 ) ;
#1407 = CARTESIAN_POINT ( 'NONE',  ( -1.300000000000000044, 5.950000000000000178, 0.5000000000000000000 ) ) ;
#1408 = CARTESIAN_POINT ( 'NONE',  ( 59.99999999999999289, -149.6000000000000227, -4.000000000000000000 ) ) ;
#1409 = DIRECTION ( 'NONE',  ( 0.000000000000000000, -0.000000000000000000, 1.000000000000000000 ) ) ;
#1410 = ORIENTED_EDGE ( 'NONE', *, *, #1570, .F. ) ;
#1411 = CARTESIAN_POINT ( 'NONE',  ( 57.20000000000000284, 0.000000000000000000, -14.00000000000000000 ) ) ;
#1412 = DIRECTION ( 'NONE',  ( 0.000000000000000000, 1.000000000000000000, 0.000000000000000000 ) ) ;
#1413 = VERTEX_POINT ( 'NONE', #2321 ) ;
#1414 = DIRECTION ( 'NONE',  ( 0.000000000000000000, 0.000000000000000000, 1.000000000000000000 ) ) ;
#1415 = CARTESIAN_POINT ( 'NONE',  ( 35.49999999999999289, -135.5999999999999943, 3.000000000000000000 ) ) ;
#1416 = EDGE_LOOP ( 'NONE', ( #6492, #4727, #5630, #2958 ) ) ;
#1417 = CARTESIAN_POINT ( 'NONE',  ( 15.49999999999999289, -14.60000000000001563, -14.00099999999999945 ) ) ;
#1418 = PLANE ( 'NONE',  #6399 ) ;
#1419 = DIRECTION ( 'NONE',  ( -1.000000000000000000, -0.000000000000000000, -0.000000000000000000 ) ) ;
#1420 = EDGE_CURVE ( 'NONE', #10491, #9222, #10847, .T. ) ;
#1421 = FACE_OUTER_BOUND ( 'NONE', #11607, .T. ) ;
#1422 = EDGE_CURVE ( 'NONE', #5929, #9104, #616, .T. ) ;
#1423 = VECTOR ( 'NONE', #9017, 1000.000000000000000 ) ;
#1424 = ORIENTED_EDGE ( 'NONE', *, *, #2814, .T. ) ;
#1425 = VERTEX_POINT ( 'NONE', #4124 ) ;
#1426 = ORIENTED_EDGE ( 'NONE', *, *, #624, .F. ) ;
#1427 = FACE_OUTER_BOUND ( 'NONE', #4994, .T. ) ;
#1428 = DIRECTION ( 'NONE',  ( 0.000000000000000000, 0.000000000000000000, 1.000000000000000000 ) ) ;
#1429 = EDGE_LOOP ( 'NONE', ( #1439, #8043, #7934, #8374 ) ) ;
#1430 = CARTESIAN_POINT ( 'NONE',  ( 35.49999999999999289, -26.60000000000001918, 1.000000000000000888 ) ) ;
#1431 = VERTEX_POINT ( 'NONE', #7816 ) ;
#1432 = CARTESIAN_POINT ( 'NONE',  ( 18.21999999999999886, 14.77999999999999936, 1.000000000000000000 ) ) ;
#1433 = CARTESIAN_POINT ( 'NONE',  ( 57.00000000000000000, 0.000000000000000000, 1.000000000000000000 ) ) ;
#1434 = CARTESIAN_POINT ( 'NONE',  ( 39.49999999999999289, -50.60000000000002274, 1.000000000000000888 ) ) ;
#1435 = ADVANCED_FACE ( 'NONE', ( #6103 ), #6823, .F. ) ;
#1436 = VECTOR ( 'NONE', #2918, 1000.000000000000000 ) ;
#1437 = DIRECTION ( 'NONE',  ( -0.000000000000000000, 1.000000000000000000, 0.000000000000000000 ) ) ;
#1438 = ORIENTED_EDGE ( 'NONE', *, *, #1865, .T. ) ;
#1439 = ORIENTED_EDGE ( 'NONE', *, *, #8813, .T. ) ;
#1440 = ORIENTED_EDGE ( 'NONE', *, *, #6790, .T. ) ;
#1441 = DIRECTION ( 'NONE',  ( 0.000000000000000000, 0.000000000000000000, -1.000000000000000000 ) ) ;
#1442 = PLANE ( 'NONE',  #6113 ) ;
#1443 = DIRECTION ( 'NONE',  ( 1.000000000000000000, 0.000000000000000000, 0.000000000000000000 ) ) ;
#1444 = LINE ( 'NONE', #10594, #5600 ) ;
#1445 = DIRECTION ( 'NONE',  ( 0.000000000000000000, -0.000000000000000000, 1.000000000000000000 ) ) ;
#1446 = EDGE_CURVE ( 'NONE', #5876, #6873, #9469, .T. ) ;
#1447 = CARTESIAN_POINT ( 'NONE',  ( 48.00000000000001421, -159.6000000000000227, 1.000000000000000000 ) ) ;
#1448 = VERTEX_POINT ( 'NONE', #10636 ) ;
#1449 = AXIS2_PLACEMENT_3D ( 'NONE', #223, #10840, #8071 ) ;
#1450 = EDGE_LOOP ( 'NONE', ( #5551, #6970, #4550, #11482 ) ) ;
#1451 = ADVANCED_FACE ( 'NONE', ( #1722 ), #9873, .T. ) ;
#1452 = CARTESIAN_POINT ( 'NONE',  ( -0.5000000000000079936, -11.60000000000001386, -14.00099999999999945 ) ) ;
#1453 = DIRECTION ( 'NONE',  ( 0.000000000000000000, 0.000000000000000000, 1.000000000000000000 ) ) ;
#1454 = DIRECTION ( 'NONE',  ( 0.000000000000000000, 0.000000000000000000, 1.000000000000000000 ) ) ;
#1455 = EDGE_LOOP ( 'NONE', ( #11013, #11436, #7532, #8282 ) ) ;
#1456 = DIRECTION ( 'NONE',  ( -0.000000000000000000, -0.000000000000000000, 1.000000000000000000 ) ) ;
#1457 = ADVANCED_FACE ( 'NONE', ( #8267 ), #3591, .F. ) ;
#1458 = EDGE_LOOP ( 'NONE', ( #3445, #8347, #825, #5439 ) ) ;
#1459 = AXIS2_PLACEMENT_3D ( 'NONE', #4190, #6942, #11353 ) ;
#1460 = FACE_OUTER_BOUND ( 'NONE', #3901, .T. ) ;
#1461 = CARTESIAN_POINT ( 'NONE',  ( 55.49999999999999289, -135.5999999999999943, 1.000000000000000000 ) ) ;
#1462 = VECTOR ( 'NONE', #7329, 1000.000000000000000 ) ;
#1463 = SURFACE_STYLE_FILL_AREA ( #6135 ) ;
#1464 = DIRECTION ( 'NONE',  ( 0.000000000000000000, 0.000000000000000000, -1.000000000000000000 ) ) ;
#1465 = ORIENTED_EDGE ( 'NONE', *, *, #4808, .T. ) ;
#1466 = EDGE_CURVE ( 'NONE', #2490, #4174, #9751, .T. ) ;
#1467 = VECTOR ( 'NONE', #5712, 1000.000000000000000 ) ;
#1468 = CARTESIAN_POINT ( 'NONE',  ( -0.2999999999999919398, 2.500000000000000000, 3.000000000000000000 ) ) ;
#1469 = VECTOR ( 'NONE', #3377, 1000.000000000000000 ) ;
#1470 = CARTESIAN_POINT ( 'NONE',  ( 19.50000000000000000, -3.272120448235484869, 0.000000000000000000 ) ) ;
#1471 = VECTOR ( 'NONE', #7519, 1000.000000000000000 ) ;
#1472 = ORIENTED_EDGE ( 'NONE', *, *, #2936, .F. ) ;
#1473 = DIRECTION ( 'NONE',  ( 0.000000000000000000, 0.000000000000000000, 1.000000000000000000 ) ) ;
#1474 = FACE_OUTER_BOUND ( 'NONE', #9268, .T. ) ;
#1475 = ORIENTED_EDGE ( 'NONE', *, *, #10670, .F. ) ;
#1476 = AXIS2_PLACEMENT_3D ( 'NONE', #7723, #1567, #6006 ) ;
#1477 = LINE ( 'NONE', #8621, #1528 ) ;
#1478 = LINE ( 'NONE', #3399, #6005 ) ;
#1479 = VECTOR ( 'NONE', #2500, 1000.000000000000000 ) ;
#1480 = CARTESIAN_POINT ( 'NONE',  ( 55.00000000000000000, 0.000000000000000000, 0.5000000000000000000 ) ) ;
#1481 = EDGE_CURVE ( 'NONE', #2919, #2694, #8873, .T. ) ;
#1482 = ORIENTED_EDGE ( 'NONE', *, *, #11388, .T. ) ;
#1483 = VECTOR ( 'NONE', #9923, 1000.000000000000000 ) ;
#1484 = ORIENTED_EDGE ( 'NONE', *, *, #770, .F. ) ;
#1485 = ORIENTED_EDGE ( 'NONE', *, *, #5702, .F. ) ;
#1486 = CARTESIAN_POINT ( 'NONE',  ( 35.49999999999999289, -126.5999999999999943, 3.000000000000000000 ) ) ;
#1487 = LINE ( 'NONE', #6817, #7716 ) ;
#1488 = ORIENTED_EDGE ( 'NONE', *, *, #7678, .F. ) ;
#1489 = VECTOR ( 'NONE', #80, 1000.000000000000000 ) ;
#1490 = CARTESIAN_POINT ( 'NONE',  ( -3.000000000000003553, -149.6000000000000227, 1.000000000000000000 ) ) ;
#1491 = DIRECTION ( 'NONE',  ( -0.000000000000000000, -0.000000000000000000, 1.000000000000000000 ) ) ;
#1492 = EDGE_LOOP ( 'NONE', ( #6451, #1641, #2317, #9577, #2651, #10016, #3734, #9590, #9492, #1199, #9975, #9930 ) ) ;
#1493 = CARTESIAN_POINT ( 'NONE',  ( -1.800000000000000044, 5.950000000000000178, 1.000000000000000000 ) ) ;
#1494 = EDGE_CURVE ( 'NONE', #7410, #4654, #246, .T. ) ;
#1495 = DIRECTION ( 'NONE',  ( 0.000000000000000000, 0.000000000000000000, -1.000000000000000000 ) ) ;
#1496 = DIRECTION ( 'NONE',  ( 0.000000000000000000, -1.000000000000000000, 0.000000000000000000 ) ) ;
#1497 = EDGE_CURVE ( 'NONE', #4552, #1577, #4915, .T. ) ;
#1498 = CARTESIAN_POINT ( 'NONE',  ( 39.49999999999998579, -14.60000000000001563, 3.000000000000000000 ) ) ;
#1499 = VECTOR ( 'NONE', #5447, 1000.000000000000000 ) ;
#1500 = VERTEX_POINT ( 'NONE', #8051 ) ;
#1501 = ORIENTED_EDGE ( 'NONE', *, *, #10391, .F. ) ;
#1502 = EDGE_CURVE ( 'NONE', #1620, #11023, #5347, .T. ) ;
#1503 = DIRECTION ( 'NONE',  ( -1.000000000000000000, 0.000000000000000000, 0.000000000000000000 ) ) ;
#1504 = CARTESIAN_POINT ( 'NONE',  ( -5.000000000000003553, 19.40000000000000213, 1.000000000000000000 ) ) ;
#1505 = DIRECTION ( 'NONE',  ( 0.000000000000000000, -0.000000000000000000, 1.000000000000000000 ) ) ;
#1506 = LINE ( 'NONE', #6887, #5958 ) ;
#1507 = DIRECTION ( 'NONE',  ( 0.000000000000000000, 0.000000000000000000, -1.000000000000000000 ) ) ;
#1508 = CARTESIAN_POINT ( 'NONE',  ( 2.500000000000000000, 23.09999999999999787, 0.5000000000000000000 ) ) ;
#1509 = CARTESIAN_POINT ( 'NONE',  ( 15.49999999999999645, -41.60000000000001563, 1.000000000000000888 ) ) ;
#1510 = ORIENTED_EDGE ( 'NONE', *, *, #3204, .F. ) ;
#1511 = ORIENTED_EDGE ( 'NONE', *, *, #2758, .T. ) ;
#1512 = EDGE_CURVE ( 'NONE', #9928, #2919, #7992, .T. ) ;
#1513 = FACE_OUTER_BOUND ( 'NONE', #934, .T. ) ;
#1514 = LINE ( 'NONE', #9606, #6209 ) ;
#1515 = CARTESIAN_POINT ( 'NONE',  ( 39.49999999999999289, -147.6000000000000227, 3.000000000000000000 ) ) ;
#1516 = ORIENTED_EDGE ( 'NONE', *, *, #10236, .T. ) ;
#1517 = LINE ( 'NONE', #4380, #3708 ) ;
#1518 = EDGE_LOOP ( 'NONE', ( #836, #3287, #9782, #7595 ) ) ;
#1519 = CYLINDRICAL_SURFACE ( 'NONE', #10545, 0.5000000000000000000 ) ;
#1520 = VECTOR ( 'NONE', #1602, 1000.000000000000000 ) ;
#1521 = DIRECTION ( 'NONE',  ( 0.000000000000000000, 1.000000000000000000, -0.000000000000000000 ) ) ;
#1522 = LINE ( 'NONE', #7789, #2902 ) ;
#1523 = CARTESIAN_POINT ( 'NONE',  ( 19.49999999999999289, -126.5999999999999943, 1.000000000000000888 ) ) ;
#1524 = ORIENTED_EDGE ( 'NONE', *, *, #9213, .F. ) ;
#1525 = EDGE_CURVE ( 'NONE', #5984, #6039, #1779, .T. ) ;
#1526 = VECTOR ( 'NONE', #1419, 1000.000000000000000 ) ;
#1527 = CARTESIAN_POINT ( 'NONE',  ( 28.50000000000000000, 28.89999999999999858, 1.000000000000000000 ) ) ;
#1528 = VECTOR ( 'NONE', #10445, 1000.000000000000000 ) ;
#1529 = DIRECTION ( 'NONE',  ( -0.000000000000000000, 0.9063077870366479383, 0.4226182617407039377 ) ) ;
#1530 = ORIENTED_EDGE ( 'NONE', *, *, #5383, .F. ) ;
#1531 = VECTOR ( 'NONE', #4761, 1000.000000000000000 ) ;
#1532 = DIRECTION ( 'NONE',  ( 1.000000000000000000, 0.000000000000000000, 0.000000000000000000 ) ) ;
#1533 = CARTESIAN_POINT ( 'NONE',  ( 39.49999999999999289, -144.5999999999999943, 1.000000000000000888 ) ) ;
#1534 = ORIENTED_EDGE ( 'NONE', *, *, #3258, .F. ) ;
#1535 = EDGE_CURVE ( 'NONE', #946, #1266, #9816, .T. ) ;
#1536 = DIRECTION ( 'NONE',  ( -0.000000000000000000, -0.000000000000000000, 1.000000000000000000 ) ) ;
#1537 = CARTESIAN_POINT ( 'NONE',  ( -5.299999999999999822, -4.915049848600949161E-16, -10.00000000000000000 ) ) ;
#1538 = AXIS2_PLACEMENT_3D ( 'NONE', #10153, #3988, #7563 ) ;
#1539 = CARTESIAN_POINT ( 'NONE',  ( 34.50000000000000000, 0.000000000000000000, -14.00000000000000000 ) ) ;
#1540 = EDGE_CURVE ( 'NONE', #9641, #7895, #903, .T. ) ;
#1541 = EDGE_LOOP ( 'NONE', ( #10235, #9574, #10139, #2101 ) ) ;
#1542 = CIRCLE ( 'NONE', #3977, 1.000000000000000000 ) ;
#1543 = ORIENTED_EDGE ( 'NONE', *, *, #10621, .F. ) ;
#1544 = ORIENTED_EDGE ( 'NONE', *, *, #11190, .F. ) ;
#1545 = LINE ( 'NONE', #7984, #9587 ) ;
#1546 = ORIENTED_EDGE ( 'NONE', *, *, #9481, .F. ) ;
#1547 = CIRCLE ( 'NONE', #3042, 0.5000000000000000000 ) ;
#1548 = LINE ( 'NONE', #493, #5294 ) ;
#1549 = LINE ( 'NONE', #8315, #5358 ) ;
#1550 = ORIENTED_EDGE ( 'NONE', *, *, #966, .T. ) ;
#1551 = FACE_OUTER_BOUND ( 'NONE', #320, .T. ) ;
#1552 = EDGE_CURVE ( 'NONE', #7370, #2968, #7448, .T. ) ;
#1553 = LINE ( 'NONE', #5123, #9012 ) ;
#1554 = DIRECTION ( 'NONE',  ( -1.000000000000000000, 0.000000000000000000, 0.000000000000000000 ) ) ;
#1555 = VECTOR ( 'NONE', #5941, 1000.000000000000000 ) ;
#1556 = CARTESIAN_POINT ( 'NONE',  ( 1.199999999999999956, 6.949999999999999289, -8.300000000000000711 ) ) ;
#1557 = ORIENTED_EDGE ( 'NONE', *, *, #11570, .T. ) ;
#1558 = ORIENTED_EDGE ( 'NONE', *, *, #9800, .F. ) ;
#1559 = DIRECTION ( 'NONE',  ( 0.000000000000000000, 0.000000000000000000, -1.000000000000000000 ) ) ;
#1560 = CARTESIAN_POINT ( 'NONE',  ( 39.49999999999999289, -126.5999999999999943, 1.000000000000000888 ) ) ;
#1561 = VECTOR ( 'NONE', #4888, 1000.000000000000000 ) ;
#1562 = CARTESIAN_POINT ( 'NONE',  ( 57.45000000000001705, 30.39999999999999858, 1.000000000000000000 ) ) ;
#1563 = CARTESIAN_POINT ( 'NONE',  ( 11.00000000000001243, -94.10000000000000853, 1.000000000000000000 ) ) ;
#1564 = DIRECTION ( 'NONE',  ( -0.000000000000000000, -0.000000000000000000, 1.000000000000000000 ) ) ;
#1565 = CARTESIAN_POINT ( 'NONE',  ( 19.49999999999999645, -41.60000000000001563, 1.000000000000000888 ) ) ;
#1566 = EDGE_CURVE ( 'NONE', #6562, #10811, #3530, .T. ) ;
#1567 = DIRECTION ( 'NONE',  ( -1.000000000000000000, 0.000000000000000000, 0.000000000000000000 ) ) ;
#1568 = ORIENTED_EDGE ( 'NONE', *, *, #1226, .T. ) ;
#1569 = VERTEX_POINT ( 'NONE', #11521 ) ;
#1570 = EDGE_CURVE ( 'NONE', #10097, #7544, #10092, .T. ) ;
#1571 = EDGE_CURVE ( 'NONE', #6911, #107, #2065, .T. ) ;
#1572 = PLANE ( 'NONE',  #533 ) ;
#1573 = DIRECTION ( 'NONE',  ( -0.000000000000000000, 1.000000000000000000, 0.000000000000000000 ) ) ;
#1574 = DIRECTION ( 'NONE',  ( -0.000000000000000000, 1.000000000000000000, 0.000000000000000000 ) ) ;
#1575 = EDGE_LOOP ( 'NONE', ( #4480, #7341, #7052, #1951 ) ) ;
#1576 = DIRECTION ( 'NONE',  ( -0.000000000000000000, -1.000000000000000000, -0.000000000000000000 ) ) ;
#1577 = VERTEX_POINT ( 'NONE', #11040 ) ;
#1578 = AXIS2_PLACEMENT_3D ( 'NONE', #7127, #5094, #1580 ) ;
#1579 = LINE ( 'NONE', #3442, #7721 ) ;
#1580 = DIRECTION ( 'NONE',  ( -1.000000000000000000, 0.000000000000000000, 0.000000000000000000 ) ) ;
#1581 = EDGE_CURVE ( 'NONE', #5169, #8626, #8330, .T. ) ;
#1582 = CARTESIAN_POINT ( 'NONE',  ( 11.00000000000001243, -59.60000000000002984, 3.000000000000000000 ) ) ;
#1583 = VERTEX_POINT ( 'NONE', #6285 ) ;
#1584 = PLANE ( 'NONE',  #10902 ) ;
#1585 = ORIENTED_EDGE ( 'NONE', *, *, #6852, .F. ) ;
#1586 = DIRECTION ( 'NONE',  ( 0.000000000000000000, 1.000000000000000000, 0.000000000000000000 ) ) ;
#1587 = LINE ( 'NONE', #4218, #357 ) ;
#1588 = EDGE_LOOP ( 'NONE', ( #6456, #562, #9978, #8460 ) ) ;
#1589 = PLANE ( 'NONE',  #8080 ) ;
#1590 = ADVANCED_FACE ( 'NONE', ( #5413 ), #3865, .T. ) ;
#1591 = DIRECTION ( 'NONE',  ( -1.000000000000000000, -0.000000000000000000, -0.000000000000000000 ) ) ;
#1592 = CARTESIAN_POINT ( 'NONE',  ( 35.49999999999999289, -26.60000000000001918, 1.000000000000000000 ) ) ;
#1593 = ORIENTED_EDGE ( 'NONE', *, *, #11273, .F. ) ;
#1594 = EDGE_CURVE ( 'NONE', #10256, #9170, #6417, .T. ) ;
#1595 = VERTEX_POINT ( 'NONE', #10432 ) ;
#1596 = CARTESIAN_POINT ( 'NONE',  ( 39.49999999999999289, -135.5999999999999943, 1.000000000000000888 ) ) ;
#1597 = ORIENTED_EDGE ( 'NONE', *, *, #5434, .T. ) ;
#1598 = LINE ( 'NONE', #9685, #9793 ) ;
#1599 = DIRECTION ( 'NONE',  ( -1.394752543498940254E-16, 1.000000000000000000, -0.000000000000000000 ) ) ;
#1600 = ORIENTED_EDGE ( 'NONE', *, *, #483, .T. ) ;
#1601 = DIRECTION ( 'NONE',  ( 0.000000000000000000, 0.000000000000000000, -1.000000000000000000 ) ) ;
#1602 = DIRECTION ( 'NONE',  ( 0.000000000000000000, 1.000000000000000000, 0.000000000000000000 ) ) ;
#1603 = DIRECTION ( 'NONE',  ( 1.000000000000000000, 2.356961244533720211E-16, 0.000000000000000000 ) ) ;
#1604 = EDGE_CURVE ( 'NONE', #7086, #4081, #4865, .T. ) ;
#1605 = PLANE ( 'NONE',  #380 ) ;
#1606 = VERTEX_POINT ( 'NONE', #7613 ) ;
#1607 = ADVANCED_FACE ( 'NONE', ( #4037 ), #8439, .T. ) ;
#1608 = ORIENTED_EDGE ( 'NONE', *, *, #6579, .F. ) ;
#1609 = VECTOR ( 'NONE', #6349, 1000.000000000000000 ) ;
#1610 = PLANE ( 'NONE',  #11099 ) ;
#1611 = CARTESIAN_POINT ( 'NONE',  ( 60.00000000000001421, -164.6000000000000227, 1.000000000000000000 ) ) ;
#1612 = CARTESIAN_POINT ( 'NONE',  ( 13.00000000000001421, -105.0999999999999943, 3.001000000000000334 ) ) ;
#1613 = DIRECTION ( 'NONE',  ( 1.000000000000000000, 0.000000000000000000, -0.000000000000000000 ) ) ;
#1614 = VECTOR ( 'NONE', #7548, 1000.000000000000000 ) ;
#1615 = FACE_OUTER_BOUND ( 'NONE', #6996, .T. ) ;
#1616 = DIRECTION ( 'NONE',  ( 0.000000000000000000, -1.000000000000000000, 0.000000000000000000 ) ) ;
#1617 = CARTESIAN_POINT ( 'NONE',  ( 35.49999999999999289, -32.60000000000001563, -14.00099999999999945 ) ) ;
#1618 = AXIS2_PLACEMENT_3D ( 'NONE', #10184, #7539, #9415 ) ;
#1619 = LINE ( 'NONE', #5185, #729 ) ;
#1620 = VERTEX_POINT ( 'NONE', #10258 ) ;
#1621 = ORIENTED_EDGE ( 'NONE', *, *, #5990, .F. ) ;
#1622 = DIRECTION ( 'NONE',  ( 0.000000000000000000, 0.000000000000000000, -1.000000000000000000 ) ) ;
#1623 = DIRECTION ( 'NONE',  ( 7.228014483236699514E-17, -1.000000000000000000, 0.000000000000000000 ) ) ;
#1624 = DIRECTION ( 'NONE',  ( 0.000000000000000000, 0.000000000000000000, 1.000000000000000000 ) ) ;
#1625 = EDGE_LOOP ( 'NONE', ( #7961, #4682, #7255, #1041 ) ) ;
#1626 = DIRECTION ( 'NONE',  ( 1.000000000000000000, 0.000000000000000000, 0.000000000000000000 ) ) ;
#1627 = ORIENTED_EDGE ( 'NONE', *, *, #1368, .F. ) ;
#1628 = CARTESIAN_POINT ( 'NONE',  ( 35.49999999999999289, -132.5999999999999943, -14.00099999999999945 ) ) ;
#1629 = EDGE_CURVE ( 'NONE', #10067, #278, #5736, .T. ) ;
#1630 = EDGE_CURVE ( 'NONE', #2325, #2653, #430, .T. ) ;
#1631 = VECTOR ( 'NONE', #4732, 1000.000000000000000 ) ;
#1632 = ORIENTED_EDGE ( 'NONE', *, *, #8764, .T. ) ;
#1633 = CARTESIAN_POINT ( 'NONE',  ( 27.50000000000000000, -3.272120448235484869, 0.000000000000000000 ) ) ;
#1634 = ORIENTED_EDGE ( 'NONE', *, *, #1236, .T. ) ;
#1635 = ADVANCED_FACE ( 'NONE', ( #1460 ), #2174, .F. ) ;
#1636 = VECTOR ( 'NONE', #8135, 1000.000000000000000 ) ;
#1637 = CARTESIAN_POINT ( 'NONE',  ( 59.00000000000001421, -160.6000000000000227, 3.000000000000000000 ) ) ;
#1638 = ORIENTED_EDGE ( 'NONE', *, *, #4779, .F. ) ;
#1639 = DIRECTION ( 'NONE',  ( 1.000000000000000000, -0.000000000000000000, 0.000000000000000000 ) ) ;
#1640 = LINE ( 'NONE', #7857, #4460 ) ;
#1641 = ORIENTED_EDGE ( 'NONE', *, *, #6396, .T. ) ;
#1642 = CYLINDRICAL_SURFACE ( 'NONE', #3392, 3.000000000000002665 ) ;
#1643 = DIRECTION ( 'NONE',  ( 0.000000000000000000, -6.938893903907228378E-15, -1.000000000000000000 ) ) ;
#1644 = AXIS2_PLACEMENT_3D ( 'NONE', #2502, #6427, #9947 ) ;
#1645 = CARTESIAN_POINT ( 'NONE',  ( -0.5000000000000066613, -26.60000000000001918, 1.000000000000000888 ) ) ;
#1646 = ORIENTED_EDGE ( 'NONE', *, *, #11036, .F. ) ;
#1647 = VECTOR ( 'NONE', #9193, 1000.000000000000000 ) ;
#1648 = ORIENTED_EDGE ( 'NONE', *, *, #879, .T. ) ;
#1649 = VECTOR ( 'NONE', #3632, 1000.000000000000000 ) ;
#1650 = ORIENTED_EDGE ( 'NONE', *, *, #4422, .F. ) ;
#1651 = ORIENTED_EDGE ( 'NONE', *, *, #5480, .T. ) ;
#1652 = ADVANCED_FACE ( 'NONE', ( #414 ), #9322, .F. ) ;
#1653 = DIRECTION ( 'NONE',  ( 0.000000000000000000, 0.000000000000000000, -1.000000000000000000 ) ) ;
#1654 = EDGE_LOOP ( 'NONE', ( #3485, #2703, #3801, #5883 ) ) ;
#1655 = VECTOR ( 'NONE', #3484, 1000.000000000000000 ) ;
#1656 = LINE ( 'NONE', #8805, #1004 ) ;
#1657 = CARTESIAN_POINT ( 'NONE',  ( 39.49999999999999289, -144.5999999999999943, -14.00099999999999945 ) ) ;
#1658 = ORIENTED_EDGE ( 'NONE', *, *, #7580, .F. ) ;
#1659 = FACE_BOUND ( 'NONE', #8099, .T. ) ;
#1660 = VECTOR ( 'NONE', #7091, 1000.000000000000000 ) ;
#1661 = CARTESIAN_POINT ( 'NONE',  ( 15.49999999999999645, -138.5999999999999943, 1.000000000000000888 ) ) ;
#1662 = LINE ( 'NONE', #3360, #6334 ) ;
#1663 = FACE_OUTER_BOUND ( 'NONE', #7473, .T. ) ;
#1664 = VECTOR ( 'NONE', #7486, 1000.000000000000000 ) ;
#1665 = VERTEX_POINT ( 'NONE', #7675 ) ;
#1666 = VECTOR ( 'NONE', #5877, 1000.000000000000000 ) ;
#1667 = ORIENTED_EDGE ( 'NONE', *, *, #5174, .T. ) ;
#1668 = EDGE_CURVE ( 'NONE', #9141, #6866, #11256, .T. ) ;
#1669 = FACE_OUTER_BOUND ( 'NONE', #11106, .T. ) ;
#1670 = DIRECTION ( 'NONE',  ( -2.209838822900388863E-16, -1.000000000000000000, 0.000000000000000000 ) ) ;
#1671 = FACE_OUTER_BOUND ( 'NONE', #11524, .T. ) ;
#1672 = AXIS2_PLACEMENT_3D ( 'NONE', #3741, #7321, #10913 ) ;
#1673 = CARTESIAN_POINT ( 'NONE',  ( 35.50000000000000000, -147.6000000000000227, 3.000000000000000000 ) ) ;
#1674 = CARTESIAN_POINT ( 'NONE',  ( -0.5000000000000038858, -150.6000000000000227, -14.00099999999999945 ) ) ;
#1675 = CARTESIAN_POINT ( 'NONE',  ( 39.49999999999999289, -129.5999999999999943, 3.000000000000000000 ) ) ;
#1676 = EDGE_CURVE ( 'NONE', #10966, #11069, #3274, .T. ) ;
#1677 = AXIS2_PLACEMENT_3D ( 'NONE', #9395, #8564, #9453 ) ;
#1678 = CARTESIAN_POINT ( 'NONE',  ( -0.5000000000000066613, -126.5999999999999943, 3.000000000000000000 ) ) ;
#1679 = ORIENTED_EDGE ( 'NONE', *, *, #1176, .F. ) ;
#1680 = ORIENTED_EDGE ( 'NONE', *, *, #11421, .F. ) ;
#1681 = AXIS2_PLACEMENT_3D ( 'NONE', #10595, #10478, #1507 ) ;
#1682 = DIRECTION ( 'NONE',  ( 0.000000000000000000, 1.000000000000000000, 0.000000000000000000 ) ) ;
#1683 = FACE_OUTER_BOUND ( 'NONE', #5855, .T. ) ;
#1684 = DIRECTION ( 'NONE',  ( -0.000000000000000000, -1.000000000000000000, -0.000000000000000000 ) ) ;
#1685 = VERTEX_POINT ( 'NONE', #11317 ) ;
#1686 = CARTESIAN_POINT ( 'NONE',  ( 0.2000000000000065059, 17.44999999999999929, 0.5000000000000000000 ) ) ;
#1687 = EDGE_LOOP ( 'NONE', ( #8102, #514, #10197, #889 ) ) ;
#1688 = ADVANCED_FACE ( 'NONE', ( #6846 ), #358, .T. ) ;
#1689 = DIRECTION ( 'NONE',  ( 0.000000000000000000, -1.000000000000000000, 0.000000000000000000 ) ) ;
#1690 = ORIENTED_EDGE ( 'NONE', *, *, #59, .T. ) ;
#1691 = CARTESIAN_POINT ( 'NONE',  ( 15.49999999999999645, -38.60000000000002274, 1.000000000000000000 ) ) ;
#1692 = VERTEX_POINT ( 'NONE', #9440 ) ;
#1693 = ADVANCED_FACE ( 'NONE', ( #2288 ), #1406, .F. ) ;
#1694 = EDGE_CURVE ( 'NONE', #3870, #5010, #4973, .T. ) ;
#1695 = DIRECTION ( 'NONE',  ( -1.000000000000000000, 0.000000000000000000, 0.000000000000000000 ) ) ;
#1696 = DIRECTION ( 'NONE',  ( 0.000000000000000000, -0.000000000000000000, -1.000000000000000000 ) ) ;
#1697 = VERTEX_POINT ( 'NONE', #6621 ) ;
#1698 = AXIS2_PLACEMENT_3D ( 'NONE', #11229, #3020, #2260 ) ;
#1699 = LINE ( 'NONE', #6206, #8767 ) ;
#1700 = PLANE ( 'NONE',  #5951 ) ;
#1701 = ORIENTED_EDGE ( 'NONE', *, *, #7434, .F. ) ;
#1702 = CARTESIAN_POINT ( 'NONE',  ( 11.00000000000001243, -94.10000000000000853, 3.001000000000000334 ) ) ;
#1703 = DIRECTION ( 'NONE',  ( 0.000000000000000000, 0.000000000000000000, -1.000000000000000000 ) ) ;
#1704 = PRODUCT_RELATED_PRODUCT_CATEGORY ( 'part', '', ( #1023 ) ) ;
#1705 = PLANE ( 'NONE',  #1110 ) ;
#1706 = VERTEX_POINT ( 'NONE', #3987 ) ;
#1707 = AXIS2_PLACEMENT_3D ( 'NONE', #4589, #10112, #8456 ) ;
#1708 = VECTOR ( 'NONE', #5806, 1000.000000000000000 ) ;
#1709 = EDGE_CURVE ( 'NONE', #10177, #2978, #5903, .T. ) ;
#1710 = ORIENTED_EDGE ( 'NONE', *, *, #3195, .F. ) ;
#1711 = ORIENTED_EDGE ( 'NONE', *, *, #5233, .F. ) ;
#1712 = CIRCLE ( 'NONE', #10514, 0.5000000000000000000 ) ;
#1713 = ORIENTED_EDGE ( 'NONE', *, *, #3159, .F. ) ;
#1714 = DIRECTION ( 'NONE',  ( -0.000000000000000000, 1.000000000000000000, 0.000000000000000000 ) ) ;
#1715 = ORIENTED_EDGE ( 'NONE', *, *, #7064, .F. ) ;
#1716 = DIRECTION ( 'NONE',  ( 1.000000000000000000, 1.219727444046191995E-16, 0.000000000000000000 ) ) ;
#1717 = DIRECTION ( 'NONE',  ( -1.000000000000000000, 0.000000000000000000, 0.000000000000000000 ) ) ;
#1718 = ORIENTED_EDGE ( 'NONE', *, *, #5894, .T. ) ;
#1719 = FACE_BOUND ( 'NONE', #9742, .T. ) ;
#1720 = AXIS2_PLACEMENT_3D ( 'NONE', #911, #4481, #3599 ) ;
#1721 = CARTESIAN_POINT ( 'NONE',  ( 39.49999999999999289, -32.60000000000001563, 1.000000000000000888 ) ) ;
#1722 = FACE_OUTER_BOUND ( 'NONE', #11025, .T. ) ;
#1723 = DIRECTION ( 'NONE',  ( 0.000000000000000000, -1.000000000000000000, 0.000000000000000000 ) ) ;
#1724 = VECTOR ( 'NONE', #8923, 1000.000000000000000 ) ;
#1725 = EDGE_CURVE ( 'NONE', #2063, #3823, #7562, .T. ) ;
#1726 = AXIS2_PLACEMENT_3D ( 'NONE', #11605, #8835, #8187 ) ;
#1727 = ORIENTED_EDGE ( 'NONE', *, *, #3959, .T. ) ;
#1728 = VECTOR ( 'NONE', #10004, 1000.000000000000000 ) ;
#1729 = ORIENTED_EDGE ( 'NONE', *, *, #9919, .F. ) ;
#1730 = CARTESIAN_POINT ( 'NONE',  ( 6.700000000000000178, 7.400000000000000355, 3.000000000000000000 ) ) ;
#1731 = CARTESIAN_POINT ( 'NONE',  ( 59.99999999999998579, 34.39999999999999858, 1.000000000000000000 ) ) ;
#1732 = PLANE ( 'NONE',  #6783 ) ;
#1733 = VECTOR ( 'NONE', #2905, 1000.000000000000000 ) ;
#1734 = CARTESIAN_POINT ( 'NONE',  ( 51.20000000000000284, -1.800000000000000044, 0.5000000000000000000 ) ) ;
#1735 = DIRECTION ( 'NONE',  ( -0.000000000000000000, -0.000000000000000000, -1.000000000000000000 ) ) ;
#1736 = DIRECTION ( 'NONE',  ( 0.000000000000000000, -1.000000000000000000, 0.000000000000000000 ) ) ;
#1737 = AXIS2_PLACEMENT_3D ( 'NONE', #7508, #11093, #3099 ) ;
#1738 = EDGE_CURVE ( 'NONE', #10668, #495, #6673, .T. ) ;
#1739 = DIRECTION ( 'NONE',  ( 0.000000000000000000, -1.000000000000000000, 0.000000000000000000 ) ) ;
#1740 = EDGE_LOOP ( 'NONE', ( #42, #1154, #8541, #3161 ) ) ;
#1741 = VECTOR ( 'NONE', #7107, 1000.000000000000000 ) ;
#1742 = CARTESIAN_POINT ( 'NONE',  ( -3.000000000000003553, 10.44999999999999929, -13.00000000000000000 ) ) ;
#1743 = CARTESIAN_POINT ( 'NONE',  ( 60.19999999999999574, 17.44999999999999929, -10.00000000000000000 ) ) ;
#1744 = EDGE_CURVE ( 'NONE', #7893, #7446, #1347, .T. ) ;
#1745 = CARTESIAN_POINT ( 'NONE',  ( -0.5000000000000038858, -150.6000000000000227, -14.00099999999999945 ) ) ;
#1746 = DIRECTION ( 'NONE',  ( -0.000000000000000000, -0.000000000000000000, 1.000000000000000000 ) ) ;
#1747 = ORIENTED_EDGE ( 'NONE', *, *, #4084, .T. ) ;
#1748 = DIRECTION ( 'NONE',  ( 1.000000000000000000, 0.000000000000000000, 0.000000000000000000 ) ) ;
#1749 = ORIENTED_EDGE ( 'NONE', *, *, #5693, .F. ) ;
#1750 = DIRECTION ( 'NONE',  ( -1.000000000000000000, 0.000000000000000000, 0.000000000000000000 ) ) ;
#1751 = EDGE_CURVE ( 'NONE', #7641, #4871, #1579, .T. ) ;
#1752 = CARTESIAN_POINT ( 'NONE',  ( 54.69999999999999574, 11.44999999999999929, 1.000000000000000000 ) ) ;
#1753 = VERTEX_POINT ( 'NONE', #2514 ) ;
#1754 = CARTESIAN_POINT ( 'NONE',  ( 39.49999999999998579, -117.6000000000000085, 3.000000000000000000 ) ) ;
#1755 = EDGE_LOOP ( 'NONE', ( #7593, #4288, #2865, #4070 ) ) ;
#1756 = EDGE_CURVE ( 'NONE', #6275, #11233, #7159, .T. ) ;
#1757 = DIRECTION ( 'NONE',  ( -1.000000000000000000, 0.000000000000000000, 0.000000000000000000 ) ) ;
#1758 = CARTESIAN_POINT ( 'NONE',  ( 53.69999999999999574, 6.949999999999999289, -8.300000000000000711 ) ) ;
#1759 = EDGE_LOOP ( 'NONE', ( #2506, #8674, #715, #5151 ) ) ;
#1760 = CIRCLE ( 'NONE', #1578, 3.000000000000002665 ) ;
#1761 = CARTESIAN_POINT ( 'NONE',  ( 19.49999999999999289, -117.6000000000000085, 1.000000000000000888 ) ) ;
#1762 = LINE ( 'NONE', #1533, #11039 ) ;
#1763 = ORIENTED_EDGE ( 'NONE', *, *, #9804, .T. ) ;
#1764 = DIRECTION ( 'NONE',  ( 0.000000000000000000, -0.000000000000000000, -1.000000000000000000 ) ) ;
#1765 = CARTESIAN_POINT ( 'NONE',  ( 57.45000000000001705, 30.39999999999999858, 3.000000000000000000 ) ) ;
#1766 = CARTESIAN_POINT ( 'NONE',  ( 6.999999999999992006, -159.5999999999999943, -4.000000000000000000 ) ) ;
#1767 = ORIENTED_EDGE ( 'NONE', *, *, #178, .F. ) ;
#1768 = ORIENTED_EDGE ( 'NONE', *, *, #251, .T. ) ;
#1769 = VERTEX_POINT ( 'NONE', #8900 ) ;
#1770 = ORIENTED_EDGE ( 'NONE', *, *, #10170, .F. ) ;
#1771 = PLANE ( 'NONE',  #6774 ) ;
#1772 = ORIENTED_EDGE ( 'NONE', *, *, #1322, .T. ) ;
#1773 = CARTESIAN_POINT ( 'NONE',  ( -0.2999999999999924949, 18.45000000000000284, 3.000000000000000000 ) ) ;
#1774 = PLANE ( 'NONE',  #5909 ) ;
#1775 = ORIENTED_EDGE ( 'NONE', *, *, #10561, .F. ) ;
#1776 = VECTOR ( 'NONE', #8097, 1000.000000000000000 ) ;
#1777 = FACE_BOUND ( 'NONE', #8056, .T. ) ;
#1778 = DIRECTION ( 'NONE',  ( -2.209838822900388863E-16, 1.000000000000000000, 0.000000000000000000 ) ) ;
#1779 = LINE ( 'NONE', #1120, #804 ) ;
#1780 = EDGE_CURVE ( 'NONE', #4654, #6464, #8667, .T. ) ;
#1781 = PLANE ( 'NONE',  #5079 ) ;
#1782 = EDGE_CURVE ( 'NONE', #3375, #7520, #817, .T. ) ;
#1783 = EDGE_CURVE ( 'NONE', #699, #1685, #5257, .T. ) ;
#1784 = VERTEX_POINT ( 'NONE', #7962 ) ;
#1785 = ORIENTED_EDGE ( 'NONE', *, *, #8075, .F. ) ;
#1786 = ORIENTED_EDGE ( 'NONE', *, *, #10500, .F. ) ;
#1787 = LINE ( 'NONE', #26, #3035 ) ;
#1788 = DIRECTION ( 'NONE',  ( 0.7071067811865466846, 0.000000000000000000, 0.7071067811865483499 ) ) ;
#1789 = DIRECTION ( 'NONE',  ( 0.000000000000000000, 1.000000000000000000, 0.000000000000000000 ) ) ;
#1790 = LINE ( 'NONE', #5357, #8481 ) ;
#1791 = ADVANCED_FACE ( 'NONE', ( #10557 ), #1519, .F. ) ;
#1792 = CARTESIAN_POINT ( 'NONE',  ( 27.50000000000000000, 25.39999999999999858, 0.5000000000000000000 ) ) ;
#1793 = LINE ( 'NONE', #214, #6731 ) ;
#1794 = LINE ( 'NONE', #7676, #271 ) ;
#1795 = CARTESIAN_POINT ( 'NONE',  ( 55.49999999999999289, -23.60000000000001563, 3.000000000000000000 ) ) ;
#1796 = ORIENTED_EDGE ( 'NONE', *, *, #2166, .F. ) ;
#1797 = VERTEX_POINT ( 'NONE', #643 ) ;
#1798 = LINE ( 'NONE', #3669, #6337 ) ;
#1799 = PLANE ( 'NONE',  #11017 ) ;
#1800 = CARTESIAN_POINT ( 'NONE',  ( 35.49999999999999289, -20.60000000000002274, -14.00099999999999945 ) ) ;
#1801 = EDGE_CURVE ( 'NONE', #6336, #10985, #4207, .T. ) ;
#1802 = LINE ( 'NONE', #4674, #10417 ) ;
#1803 = ORIENTED_EDGE ( 'NONE', *, *, #3213, .F. ) ;
#1804 = CARTESIAN_POINT ( 'NONE',  ( 27.50000000000000000, 0.000000000000000000, -7.799999999999999822 ) ) ;
#1805 = VERTEX_POINT ( 'NONE', #2454 ) ;
#1806 = CARTESIAN_POINT ( 'NONE',  ( 27.50000000000000000, 9.020562075079398469E-15, -7.799999999999999822 ) ) ;
#1807 = AXIS2_PLACEMENT_3D ( 'NONE', #4293, #11399, #8926 ) ;
#1808 = CARTESIAN_POINT ( 'NONE',  ( 19.49999999999999289, -117.6000000000000085, -14.00099999999999945 ) ) ;
#1810 = ORIENTED_EDGE ( 'NONE', *, *, #3882, .F. ) ;
#1809 = EDGE_CURVE ( 'NONE', #7165, #2744, #873, .T. ) ;
#1811 = DIRECTION ( 'NONE',  ( 6.938893903907229955E-15, -1.000000000000000000, 0.000000000000000000 ) ) ;
#1812 = EDGE_LOOP ( 'NONE', ( #10641, #3770, #2218, #10560 ) ) ;
#1813 = CARTESIAN_POINT ( 'NONE',  ( 19.49999999999999289, -14.60000000000001563, 3.000000000000000000 ) ) ;
#1814 = ADVANCED_FACE ( 'NONE', ( #5148 ), #7140, .T. ) ;
#1815 = CARTESIAN_POINT ( 'NONE',  ( -5.000000000000003553, -149.6000000000000227, 1.000000000000000000 ) ) ;
#1816 = ORIENTED_EDGE ( 'NONE', *, *, #3285, .T. ) ;
#1817 = DIRECTION ( 'NONE',  ( -1.000000000000000000, -0.000000000000000000, -0.000000000000000000 ) ) ;
#1818 = DIRECTION ( 'NONE',  ( 0.000000000000000000, 0.000000000000000000, -1.000000000000000000 ) ) ;
#1819 = ORIENTED_EDGE ( 'NONE', *, *, #8537, .T. ) ;
#1820 = VECTOR ( 'NONE', #1160, 1000.000000000000000 ) ;
#1821 = CARTESIAN_POINT ( 'NONE',  ( 19.49999999999999645, -141.5999999999999943, 3.000000000000000000 ) ) ;
#1822 = LINE ( 'NONE', #124, #8698 ) ;
#1823 = ADVANCED_FACE ( 'NONE', ( #7077 ), #3384, .F. ) ;
#1824 = DIRECTION ( 'NONE',  ( 0.000000000000000000, 1.000000000000000000, 0.000000000000000000 ) ) ;
#1825 = ORIENTED_EDGE ( 'NONE', *, *, #6483, .F. ) ;
#1826 = VECTOR ( 'NONE', #9943, 1000.000000000000000 ) ;
#1827 = ORIENTED_EDGE ( 'NONE', *, *, #282, .F. ) ;
#1828 = EDGE_LOOP ( 'NONE', ( #4954, #8140, #7232, #1680 ) ) ;
#1829 = DIRECTION ( 'NONE',  ( -1.000000000000000000, -0.000000000000000000, -0.000000000000000000 ) ) ;
#1830 = EDGE_LOOP ( 'NONE', ( #10798, #7821, #8244, #6219 ) ) ;
#1831 = CARTESIAN_POINT ( 'NONE',  ( 15.49999999999999645, -38.60000000000002274, 3.000000000000000000 ) ) ;
#1832 = DIRECTION ( 'NONE',  ( 1.000000000000000000, 0.000000000000000000, -0.000000000000000000 ) ) ;
#1833 = EDGE_LOOP ( 'NONE', ( #10074, #8363, #2755, #11385 ) ) ;
#1834 = DIRECTION ( 'NONE',  ( 0.000000000000000000, -1.000000000000000000, 0.000000000000000000 ) ) ;
#1835 = CARTESIAN_POINT ( 'NONE',  ( 60.00000000000001421, -164.6000000000000227, 1.000000000000000000 ) ) ;
#1836 = DIRECTION ( 'NONE',  ( 0.000000000000000000, 1.000000000000000000, 0.000000000000000000 ) ) ;
#1837 = CIRCLE ( 'NONE', #8387, 3.000000000000000000 ) ;
#1838 = FACE_OUTER_BOUND ( 'NONE', #1833, .T. ) ;
#1839 = ADVANCED_FACE ( 'NONE', ( #11546 ), #10495, .F. ) ;
#1840 = VECTOR ( 'NONE', #3925, 1000.000000000000000 ) ;
#1841 = ORIENTED_EDGE ( 'NONE', *, *, #8955, .F. ) ;
#1842 = ORIENTED_EDGE ( 'NONE', *, *, #6528, .T. ) ;
#1843 = VERTEX_POINT ( 'NONE', #4382 ) ;
#1844 = ADVANCED_FACE ( 'NONE', ( #4262 ), #5093, .F. ) ;
#1845 = VECTOR ( 'NONE', #859, 1000.000000000000000 ) ;
#1846 = FACE_OUTER_BOUND ( 'NONE', #7205, .T. ) ;
#1847 = DIRECTION ( 'NONE',  ( 0.000000000000000000, 0.000000000000000000, -1.000000000000000000 ) ) ;
#1848 = CARTESIAN_POINT ( 'NONE',  ( 35.49999999999999289, -23.60000000000001563, 1.000000000000000888 ) ) ;
#1849 = EDGE_CURVE ( 'NONE', #8256, #11395, #10732, .T. ) ;
#1850 = VECTOR ( 'NONE', #7956, 1000.000000000000000 ) ;
#1851 = CARTESIAN_POINT ( 'NONE',  ( 19.49999999999999289, -20.60000000000002274, 1.000000000000000888 ) ) ;
#1852 = CARTESIAN_POINT ( 'NONE',  ( 19.50000000000000000, 24.40000000000000213, -7.799999999999999822 ) ) ;
#1853 = DIRECTION ( 'NONE',  ( -4.921201350288809599E-16, 1.000000000000000000, 0.000000000000000000 ) ) ;
#1854 = DIRECTION ( 'NONE',  ( 0.000000000000000000, 0.000000000000000000, -1.000000000000000000 ) ) ;
#1855 = CARTESIAN_POINT ( 'NONE',  ( -5.550000000000002487, -160.6000000000000227, 3.000000000000000000 ) ) ;
#1856 = VECTOR ( 'NONE', #7602, 1000.000000000000000 ) ;
#1857 = FACE_OUTER_BOUND ( 'NONE', #7813, .T. ) ;
#1858 = ORIENTED_EDGE ( 'NONE', *, *, #2799, .F. ) ;
#1859 = AXIS2_PLACEMENT_3D ( 'NONE', #7917, #5328, #10743 ) ;
#1860 = ADVANCED_FACE ( 'NONE', ( #5196 ), #7906, .F. ) ;
#1861 = ORIENTED_EDGE ( 'NONE', *, *, #9161, .T. ) ;
#1862 = DIRECTION ( 'NONE',  ( -1.000000000000000000, 0.000000000000000000, 0.000000000000000000 ) ) ;
#1863 = CARTESIAN_POINT ( 'NONE',  ( 55.49999999999999289, -20.60000000000002274, 1.000000000000000000 ) ) ;
#1864 = AXIS2_PLACEMENT_3D ( 'NONE', #4343, #10686, #711 ) ;
#1865 = EDGE_CURVE ( 'NONE', #7209, #3282, #7020, .T. ) ;
#1866 = DIRECTION ( 'NONE',  ( -1.000000000000000000, 0.000000000000000000, 0.000000000000000000 ) ) ;
#1867 = CARTESIAN_POINT ( 'NONE',  ( 19.49999999999999289, -123.6000000000000085, 1.000000000000000888 ) ) ;
#1868 = ORIENTED_EDGE ( 'NONE', *, *, #1147, .T. ) ;
#1869 = VECTOR ( 'NONE', #7465, 1000.000000000000000 ) ;
#1870 = ORIENTED_EDGE ( 'NONE', *, *, #864, .T. ) ;
#1871 = CARTESIAN_POINT ( 'NONE',  ( 18.21999999999999886, 3.875000000000000000, 3.000000000000000000 ) ) ;
#1872 = DIRECTION ( 'NONE',  ( 0.000000000000000000, 0.000000000000000000, -1.000000000000000000 ) ) ;
#1873 = AXIS2_PLACEMENT_3D ( 'NONE', #2176, #9326, #3103 ) ;
#1874 = EDGE_LOOP ( 'NONE', ( #8136, #4329, #1171, #11247 ) ) ;
#1875 = ADVANCED_FACE ( 'NONE', ( #3329 ), #9083, .F. ) ;
#1876 = CARTESIAN_POINT ( 'NONE',  ( -0.5000000000000073275, -17.60000000000001918, 1.000000000000000888 ) ) ;
#1877 = ORIENTED_EDGE ( 'NONE', *, *, #10765, .F. ) ;
#1878 = CARTESIAN_POINT ( 'NONE',  ( 19.49999999999999289, -114.6000000000000085, -14.00099999999999945 ) ) ;
#1879 = FACE_OUTER_BOUND ( 'NONE', #7586, .T. ) ;
#1880 = VERTEX_POINT ( 'NONE', #1049 ) ;
#1881 = CARTESIAN_POINT ( 'NONE',  ( 39.49999999999998579, -120.6000000000000085, 1.000000000000000888 ) ) ;
#1882 = CARTESIAN_POINT ( 'NONE',  ( 27.50000000000000000, 4.164757004755704983, -1.942058085672285106 ) ) ;
#1883 = ORIENTED_EDGE ( 'NONE', *, *, #8850, .T. ) ;
#1884 = PLANE ( 'NONE',  #11090 ) ;
#1885 = DIRECTION ( 'NONE',  ( 1.000000000000000000, 0.000000000000000000, -0.000000000000000000 ) ) ;
#1886 = EDGE_CURVE ( 'NONE', #7203, #4935, #52, .T. ) ;
#1887 = PLANE ( 'NONE',  #6351 ) ;
#1888 = ORIENTED_EDGE ( 'NONE', *, *, #9158, .T. ) ;
#1889 = ORIENTED_EDGE ( 'NONE', *, *, #8874, .T. ) ;
#1890 = ORIENTED_EDGE ( 'NONE', *, *, #1494, .T. ) ;
#1891 = DIRECTION ( 'NONE',  ( 1.000000000000000000, 0.000000000000000000, 0.000000000000000000 ) ) ;
#1892 = ORIENTED_EDGE ( 'NONE', *, *, #10287, .F. ) ;
#1893 = ADVANCED_FACE ( 'NONE', ( #7256 ), #108, .F. ) ;
#1894 = DIRECTION ( 'NONE',  ( 0.000000000000000000, -1.000000000000000000, 0.000000000000000000 ) ) ;
#1895 = DIRECTION ( 'NONE',  ( -7.228014483236699514E-17, 1.000000000000000000, 0.000000000000000000 ) ) ;
#1896 = ORIENTED_EDGE ( 'NONE', *, *, #5635, .T. ) ;
#1897 = FACE_BOUND ( 'NONE', #5937, .T. ) ;
#1898 = DIRECTION ( 'NONE',  ( 0.000000000000000000, -0.000000000000000000, 1.000000000000000000 ) ) ;
#1899 = CARTESIAN_POINT ( 'NONE',  ( 55.49999999999999289, -120.6000000000000085, 3.000000000000000000 ) ) ;
#1900 = VECTOR ( 'NONE', #1853, 1000.000000000000000 ) ;
#1901 = EDGE_CURVE ( 'NONE', #2478, #127, #5442, .T. ) ;
#1902 = CIRCLE ( 'NONE', #6010, 1.000000000000000000 ) ;
#1903 = EDGE_LOOP ( 'NONE', ( #9090, #4667, #9610, #7489 ) ) ;
#1904 = ORIENTED_EDGE ( 'NONE', *, *, #1243, .T. ) ;
#1905 = EDGE_LOOP ( 'NONE', ( #6015, #79, #9236, #11178 ) ) ;
#1906 = FACE_OUTER_BOUND ( 'NONE', #3118, .T. ) ;
#1907 = AXIS2_PLACEMENT_3D ( 'NONE', #6287, #9874, #8995 ) ;
#1908 = DIRECTION ( 'NONE',  ( -0.000000000000000000, -1.000000000000000000, 0.000000000000000000 ) ) ;
#1909 = DIRECTION ( 'NONE',  ( 0.000000000000000000, -1.000000000000000000, 0.000000000000000000 ) ) ;
#1910 = ADVANCED_FACE ( 'NONE', ( #6315 ), #1933, .T. ) ;
#1911 = AXIS2_PLACEMENT_3D ( 'NONE', #7689, #9676, #5108 ) ;
#1912 = DIRECTION ( 'NONE',  ( 0.000000000000000000, 1.000000000000000000, -0.000000000000000000 ) ) ;
#1913 = DIRECTION ( 'NONE',  ( 0.000000000000000000, -5.204170427930421283E-15, -1.000000000000000000 ) ) ;
#1914 = VECTOR ( 'NONE', #8407, 1000.000000000000000 ) ;
#1915 = LINE ( 'NONE', #2032, #11241 ) ;
#1916 = FACE_OUTER_BOUND ( 'NONE', #9287, .T. ) ;
#1917 = FACE_OUTER_BOUND ( 'NONE', #3945, .T. ) ;
#1918 = CARTESIAN_POINT ( 'NONE',  ( 35.50000000000000000, -141.5999999999999943, 1.000000000000000888 ) ) ;
#1919 = VECTOR ( 'NONE', #5299, 1000.000000000000000 ) ;
#1920 = EDGE_LOOP ( 'NONE', ( #1341, #9546, #1883, #11071 ) ) ;
#1921 = VECTOR ( 'NONE', #5939, 1000.000000000000000 ) ;
#1922 = ORIENTED_EDGE ( 'NONE', *, *, #4767, .F. ) ;
#1923 = VERTEX_POINT ( 'NONE', #9022 ) ;
#1924 = CARTESIAN_POINT ( 'NONE',  ( 0.2000000000000055067, 23.09999999999999787, 1.000000000000000000 ) ) ;
#1925 = CARTESIAN_POINT ( 'NONE',  ( 2.500000000000000000, -0.2999999999999999889, -1.000000000000000000 ) ) ;
#1926 = AXIS2_PLACEMENT_3D ( 'NONE', #6726, #5626, #6615 ) ;
#1927 = CARTESIAN_POINT ( 'NONE',  ( 19.49999999999999645, -35.60000000000002274, 3.000000000000000000 ) ) ;
#1928 = CARTESIAN_POINT ( 'NONE',  ( -9.035018104045871311E-18, 0.2000000000000000111, 0.5000000000000000000 ) ) ;
#1929 = ORIENTED_EDGE ( 'NONE', *, *, #2376, .F. ) ;
#1930 = AXIS2_PLACEMENT_3D ( 'NONE', #9154, #4411, #1836 ) ;
#1931 = DIRECTION ( 'NONE',  ( 0.000000000000000000, -0.000000000000000000, 1.000000000000000000 ) ) ;
#1932 = VERTEX_POINT ( 'NONE', #6380 ) ;
#1933 = PLANE ( 'NONE',  #7348 ) ;
#1934 = DIRECTION ( 'NONE',  ( 1.000000000000000000, 0.000000000000000000, 0.000000000000000000 ) ) ;
#1935 = VECTOR ( 'NONE', #31, 1000.000000000000000 ) ;
#1936 = VERTEX_POINT ( 'NONE', #4617 ) ;
#1937 = EDGE_CURVE ( 'NONE', #1784, #4926, #994, .T. ) ;
#1938 = EDGE_CURVE ( 'NONE', #8560, #4854, #935, .T. ) ;
#1939 = FACE_OUTER_BOUND ( 'NONE', #8128, .T. ) ;
#1940 = ORIENTED_EDGE ( 'NONE', *, *, #4071, .F. ) ;
#1941 = LINE ( 'NONE', #8972, #7029 ) ;
#1942 = ORIENTED_EDGE ( 'NONE', *, *, #1512, .T. ) ;
#1943 = VECTOR ( 'NONE', #8689, 1000.000000000000000 ) ;
#1944 = CARTESIAN_POINT ( 'NONE',  ( 30.99999999999999289, -94.10000000000000853, 3.001000000000000334 ) ) ;
#1945 = EDGE_CURVE ( 'NONE', #378, #3864, #10790, .T. ) ;
#1946 = CARTESIAN_POINT ( 'NONE',  ( 19.49999999999999289, -32.60000000000001563, 1.000000000000000888 ) ) ;
#1947 = ORIENTED_EDGE ( 'NONE', *, *, #2682, .F. ) ;
#1948 = CARTESIAN_POINT ( 'NONE',  ( -2.262320420926724918, 2.449999999999999734, -0.07900196993566389880 ) ) ;
#1949 = LINE ( 'NONE', #4455, #1776 ) ;
#1950 = DIRECTION ( 'NONE',  ( 6.285229985423258662E-17, 1.000000000000000000, 0.000000000000000000 ) ) ;
#1951 = ORIENTED_EDGE ( 'NONE', *, *, #4752, .F. ) ;
#1952 = ORIENTED_EDGE ( 'NONE', *, *, #10358, .T. ) ;
#1953 = VERTEX_POINT ( 'NONE', #4364 ) ;
#1954 = CARTESIAN_POINT ( 'NONE',  ( 19.50000000000000000, -0.2999999999999999889, 0.5000000000000000000 ) ) ;
#1955 = ORIENTED_EDGE ( 'NONE', *, *, #2710, .T. ) ;
#1956 = DIRECTION ( 'NONE',  ( 0.000000000000000000, 0.000000000000000000, -1.000000000000000000 ) ) ;
#1957 = EDGE_CURVE ( 'NONE', #4574, #10964, #854, .T. ) ;
#1958 = PLANE ( 'NONE',  #7979 ) ;
#1959 = ORIENTED_EDGE ( 'NONE', *, *, #4128, .T. ) ;
#1960 = DIRECTION ( 'NONE',  ( 0.000000000000000000, 0.000000000000000000, -1.000000000000000000 ) ) ;
#1961 = LINE ( 'NONE', #1835, #5999 ) ;
#1962 = FACE_OUTER_BOUND ( 'NONE', #6781, .T. ) ;
#1963 = VECTOR ( 'NONE', #10433, 1000.000000000000000 ) ;
#1964 = ADVANCED_FACE ( 'NONE', ( #912 ), #7883, .F. ) ;
#1965 = EDGE_LOOP ( 'NONE', ( #7191, #10517, #5153, #2388 ) ) ;
#1966 = ORIENTED_EDGE ( 'NONE', *, *, #10879, .F. ) ;
#1967 = ORIENTED_EDGE ( 'NONE', *, *, #1067, .T. ) ;
#1968 = DIRECTION ( 'NONE',  ( 0.000000000000000000, 0.000000000000000000, -1.000000000000000000 ) ) ;
#1969 = VECTOR ( 'NONE', #8036, 1000.000000000000000 ) ;
#1970 = CARTESIAN_POINT ( 'NONE',  ( 39.49999999999998579, -17.60000000000001918, 3.000000000000000000 ) ) ;
#1971 = DIRECTION ( 'NONE',  ( 1.000000000000000000, -0.000000000000000000, 0.000000000000000000 ) ) ;
#1972 = LINE ( 'NONE', #8354, #617 ) ;
#1973 = ADVANCED_FACE ( 'NONE', ( #7998 ), #7944, .F. ) ;
#1974 = LINE ( 'NONE', #5545, #3735 ) ;
#1975 = DIRECTION ( 'NONE',  ( -0.000000000000000000, -0.000000000000000000, -1.000000000000000000 ) ) ;
#1976 = CARTESIAN_POINT ( 'NONE',  ( 39.49999999999998579, -20.60000000000002274, 1.000000000000000888 ) ) ;
#1977 = UNCERTAINTY_MEASURE_WITH_UNIT (LENGTH_MEASURE( 1.000000000000000082E-05 ), #1159, 'distance_accuracy_value', 'NONE');
#1978 = LINE ( 'NONE', #7422, #642 ) ;
#1979 = FACE_OUTER_BOUND ( 'NONE', #1575, .T. ) ;
#1980 = VERTEX_POINT ( 'NONE', #1611 ) ;
#1981 = ADVANCED_FACE ( 'NONE', ( #4420 ), #4242, .F. ) ;
#1982 = EDGE_LOOP ( 'NONE', ( #9622, #1051, #2952, #5618 ) ) ;
#1983 = ORIENTED_EDGE ( 'NONE', *, *, #753, .F. ) ;
#1984 = DIRECTION ( 'NONE',  ( -0.000000000000000000, -0.000000000000000000, 1.000000000000000000 ) ) ;
#1985 = CARTESIAN_POINT ( 'NONE',  ( 19.49999999999999289, -117.6000000000000085, 1.000000000000000888 ) ) ;
#1986 = DIRECTION ( 'NONE',  ( 0.000000000000000000, 0.000000000000000000, 1.000000000000000000 ) ) ;
#1987 = ORIENTED_EDGE ( 'NONE', *, *, #1886, .F. ) ;
#1988 = ORIENTED_EDGE ( 'NONE', *, *, #5825, .F. ) ;
#1989 = PLANE ( 'NONE',  #5954 ) ;
#1990 = ORIENTED_EDGE ( 'NONE', *, *, #2434, .F. ) ;
#1991 = EDGE_CURVE ( 'NONE', #4977, #8924, #796, .T. ) ;
#1992 = AXIS2_PLACEMENT_3D ( 'NONE', #1928, #9959, #4437 ) ;
#1993 = EDGE_LOOP ( 'NONE', ( #4626, #8076, #4639, #5684 ) ) ;
#1994 = DIRECTION ( 'NONE',  ( 0.000000000000000000, -0.000000000000000000, -1.000000000000000000 ) ) ;
#1995 = LINE ( 'NONE', #8971, #3782 ) ;
#1996 = EDGE_CURVE ( 'NONE', #6469, #10177, #3540, .T. ) ;
#1997 = DIRECTION ( 'NONE',  ( 0.000000000000000000, 0.000000000000000000, 1.000000000000000000 ) ) ;
#1998 = ORIENTED_EDGE ( 'NONE', *, *, #2108, .T. ) ;
#1999 = EDGE_CURVE ( 'NONE', #9906, #5809, #4482, .T. ) ;
#2000 = CARTESIAN_POINT ( 'NONE',  ( -0.2999999999999934941, 17.44999999999999929, 0.5000000000000000000 ) ) ;
#2001 = ADVANCED_FACE ( 'NONE', ( #6295 ), #10708, .F. ) ;
#2002 = DIRECTION ( 'NONE',  ( -0.000000000000000000, -1.000000000000000000, -0.000000000000000000 ) ) ;
#2003 = VECTOR ( 'NONE', #7045, 1000.000000000000000 ) ;
#2004 = ORIENTED_EDGE ( 'NONE', *, *, #5007, .F. ) ;
#2005 = DIRECTION ( 'NONE',  ( -1.000000000000000000, 0.000000000000000000, 0.000000000000000000 ) ) ;
#2006 = AXIS2_PLACEMENT_3D ( 'NONE', #7708, #11294, #2263 ) ;
#2007 = CARTESIAN_POINT ( 'NONE',  ( -0.5000000000000073275, -120.6000000000000085, 1.000000000000000888 ) ) ;
#2008 = DIRECTION ( 'NONE',  ( 1.000000000000000000, 0.000000000000000000, 0.000000000000000000 ) ) ;
#2009 = ORIENTED_EDGE ( 'NONE', *, *, #508, .F. ) ;
#2010 = EDGE_CURVE ( 'NONE', #884, #9464, #7824, .T. ) ;
#2011 = ORIENTED_EDGE ( 'NONE', *, *, #1751, .F. ) ;
#2012 = VERTEX_POINT ( 'NONE', #6941 ) ;
#2013 = CARTESIAN_POINT ( 'NONE',  ( 18.50000000000000000, -0.2999999999999999889, 3.000000000000000000 ) ) ;
#2014 = ORIENTED_EDGE ( 'NONE', *, *, #11435, .F. ) ;
#2015 = LINE ( 'NONE', #9168, #7924 ) ;
#2016 = CARTESIAN_POINT ( 'NONE',  ( -5.550000000000002487, 30.39999999999999858, 3.000000000000000000 ) ) ;
#2017 = ORIENTED_EDGE ( 'NONE', *, *, #8428, .F. ) ;
#2018 = FACE_BOUND ( 'NONE', #5708, .T. ) ;
#2019 = CARTESIAN_POINT ( 'NONE',  ( -5.612990610166999102E-15, 25.39999999999999858, 0.5000000000000000000 ) ) ;
#2020 = DIRECTION ( 'NONE',  ( 0.000000000000000000, 1.000000000000000000, 0.000000000000000000 ) ) ;
#2021 = CIRCLE ( 'NONE', #10070, 3.000000000000002665 ) ;
#2022 = EDGE_CURVE ( 'NONE', #7165, #2717, #676, .T. ) ;
#2023 = ORIENTED_EDGE ( 'NONE', *, *, #2204, .T. ) ;
#2024 = ORIENTED_EDGE ( 'NONE', *, *, #10677, .F. ) ;
#2025 = ORIENTED_EDGE ( 'NONE', *, *, #315, .F. ) ;
#2026 = PLANE ( 'NONE',  #11275 ) ;
#2027 = CARTESIAN_POINT ( 'NONE',  ( -0.2999999999999914402, -3.252606517456425171E-17, -10.00000000000000000 ) ) ;
#2028 = CARTESIAN_POINT ( 'NONE',  ( 58.00000000000000711, 19.40000000000000213, -4.000000000000000000 ) ) ;
#2029 = CARTESIAN_POINT ( 'NONE',  ( 19.49999999999999645, -35.60000000000002274, 3.000000000000000000 ) ) ;
#2030 = VECTOR ( 'NONE', #3657, 1000.000000000000000 ) ;
#2031 = DIRECTION ( 'NONE',  ( 0.000000000000000000, 0.000000000000000000, 1.000000000000000000 ) ) ;
#2032 = CARTESIAN_POINT ( 'NONE',  ( 19.49999999999999645, -41.60000000000001563, -14.00099999999999945 ) ) ;
#2033 = CARTESIAN_POINT ( 'NONE',  ( -0.5000000000000052180, -141.5999999999999943, 3.000000000000000000 ) ) ;
#2034 = VECTOR ( 'NONE', #8898, 1000.000000000000000 ) ;
#2035 = CARTESIAN_POINT ( 'NONE',  ( 30.99999999999999645, -59.60000000000002984, 3.001000000000000334 ) ) ;
#2036 = FACE_OUTER_BOUND ( 'NONE', #7308, .T. ) ;
#2037 = ORIENTED_EDGE ( 'NONE', *, *, #5458, .F. ) ;
#2038 = EDGE_CURVE ( 'NONE', #487, #2773, #735, .T. ) ;
#2039 = VECTOR ( 'NONE', #8240, 1000.000000000000000 ) ;
#2040 = ORIENTED_EDGE ( 'NONE', *, *, #10170, .T. ) ;
#2041 = AXIS2_PLACEMENT_3D ( 'NONE', #10838, #2800, #10659 ) ;
#2042 = VERTEX_POINT ( 'NONE', #6238 ) ;
#2043 = AXIS2_PLACEMENT_3D ( 'NONE', #7748, #9279, #479 ) ;
#2044 = CARTESIAN_POINT ( 'NONE',  ( 39.49999999999999289, -147.6000000000000227, 3.000000000000000000 ) ) ;
#2045 = CYLINDRICAL_SURFACE ( 'NONE', #3791, 0.5000000000000000000 ) ;
#2046 = CARTESIAN_POINT ( 'NONE',  ( 18.50000000000000000, -0.2999999999999999889, 1.000000000000000000 ) ) ;
#2047 = ORIENTED_EDGE ( 'NONE', *, *, #652, .T. ) ;
#2048 = AXIS2_PLACEMENT_3D ( 'NONE', #4250, #3202, #630 ) ;
#2049 = EDGE_CURVE ( 'NONE', #6419, #10966, #7180, .T. ) ;
#2050 = VERTEX_POINT ( 'NONE', #2494 ) ;
#2051 = CIRCLE ( 'NONE', #2416, 0.5000000000000000000 ) ;
#2052 = CARTESIAN_POINT ( 'NONE',  ( 57.00000000000000000, 4.000000000000000000, 1.000000000000000000 ) ) ;
#2053 = VERTEX_POINT ( 'NONE', #6055 ) ;
#2054 = ORIENTED_EDGE ( 'NONE', *, *, #3531, .T. ) ;
#2055 = VECTOR ( 'NONE', #4991, 1000.000000000000000 ) ;
#2056 = DIRECTION ( 'NONE',  ( 1.000000000000000000, 0.000000000000000000, 0.000000000000000000 ) ) ;
#2057 = AXIS2_PLACEMENT_3D ( 'NONE', #11344, #7762, #8636 ) ;
#2058 = CARTESIAN_POINT ( 'NONE',  ( 39.49999999999999289, -141.5999999999999943, -14.00099999999999945 ) ) ;
#2059 = CARTESIAN_POINT ( 'NONE',  ( 55.49999999999999289, -150.6000000000000227, 1.000000000000000888 ) ) ;
#2060 = ORIENTED_EDGE ( 'NONE', *, *, #5004, .T. ) ;
#2061 = ADVANCED_FACE ( 'NONE', ( #9644 ), #2608, .F. ) ;
#2062 = CARTESIAN_POINT ( 'NONE',  ( -5.000000000000003553, -149.6000000000000227, -2.999999999999999112 ) ) ;
#2063 = VERTEX_POINT ( 'NONE', #3424 ) ;
#2064 = AXIS2_PLACEMENT_3D ( 'NONE', #9668, #7741, #698 ) ;
#2065 = LINE ( 'NONE', #4473, #3409 ) ;
#2066 = CARTESIAN_POINT ( 'NONE',  ( 39.49999999999999289, -153.6000000000000227, 3.000000000000000000 ) ) ;
#2067 = DIRECTION ( 'NONE',  ( 0.000000000000000000, -1.000000000000000000, 0.000000000000000000 ) ) ;
#2068 = ADVANCED_FACE ( 'NONE', ( #10591 ), #2546, .F. ) ;
#2069 = CARTESIAN_POINT ( 'NONE',  ( 35.50000000000000000, -1.800000000000000044, 1.000000000000000000 ) ) ;
#2070 = ORIENTED_EDGE ( 'NONE', *, *, #6734, .F. ) ;
#2071 = EDGE_CURVE ( 'NONE', #4276, #9906, #5237, .T. ) ;
#2072 = ORIENTED_EDGE ( 'NONE', *, *, #1339, .F. ) ;
#2073 = CARTESIAN_POINT ( 'NONE',  ( 2.500000000000035083, -1.800000000000000044, 0.5000000000000000000 ) ) ;
#2074 = ORIENTED_EDGE ( 'NONE', *, *, #6734, .T. ) ;
#2075 = DIRECTION ( 'NONE',  ( 0.000000000000000000, 0.000000000000000000, -1.000000000000000000 ) ) ;
#2076 = LINE ( 'NONE', #6463, #7428 ) ;
#2077 = EDGE_LOOP ( 'NONE', ( #10689, #3039, #7867, #5000 ) ) ;
#2078 = FACE_BOUND ( 'NONE', #5571, .T. ) ;
#2079 = DIRECTION ( 'NONE',  ( 0.000000000000000000, -1.000000000000000000, 0.000000000000000000 ) ) ;
#2080 = EDGE_CURVE ( 'NONE', #2242, #7784, #9182, .T. ) ;
#2081 = DIRECTION ( 'NONE',  ( 1.000000000000000000, -0.000000000000000000, 0.000000000000000000 ) ) ;
#2082 = EDGE_CURVE ( 'NONE', #551, #11514, #147, .T. ) ;
#2083 = EDGE_LOOP ( 'NONE', ( #2512, #4443 ) ) ;
#2084 = ORIENTED_EDGE ( 'NONE', *, *, #11297, .T. ) ;
#2085 = VERTEX_POINT ( 'NONE', #3016 ) ;
#2086 = CARTESIAN_POINT ( 'NONE',  ( -0.5000000000000059952, -132.5999999999999943, 1.000000000000000888 ) ) ;
#2087 = CARTESIAN_POINT ( 'NONE',  ( 19.49999999999999645, -147.6000000000000227, -14.00099999999999945 ) ) ;
#2088 = VERTEX_POINT ( 'NONE', #4657 ) ;
#2089 = CARTESIAN_POINT ( 'NONE',  ( 15.49999999999999467, -126.5999999999999943, 1.000000000000000888 ) ) ;
#2090 = FACE_OUTER_BOUND ( 'NONE', #6905, .T. ) ;
#2091 = AXIS2_PLACEMENT_3D ( 'NONE', #2659, #5475, #10761 ) ;
#2092 = DIRECTION ( 'NONE',  ( 0.000000000000000000, 0.000000000000000000, -1.000000000000000000 ) ) ;
#2093 = FACE_OUTER_BOUND ( 'NONE', #312, .T. ) ;
#2094 = EDGE_CURVE ( 'NONE', #1936, #6074, #6590, .T. ) ;
#2095 = DIRECTION ( 'NONE',  ( -1.000000000000000000, 0.000000000000000000, 0.000000000000000000 ) ) ;
#2096 = CARTESIAN_POINT ( 'NONE',  ( -3.014082039509705088E-15, 6.949999999999999289, -13.00000000000000000 ) ) ;
#2097 = ORIENTED_EDGE ( 'NONE', *, *, #9174, .T. ) ;
#2098 = EDGE_LOOP ( 'NONE', ( #10141, #10598, #8262, #4861, #4515, #299, #198, #7178 ) ) ;
#2099 = VECTOR ( 'NONE', #5414, 1000.000000000000000 ) ;
#2100 = VECTOR ( 'NONE', #4516, 1000.000000000000000 ) ;
#2101 = ORIENTED_EDGE ( 'NONE', *, *, #8271, .F. ) ;
#2102 = LINE ( 'NONE', #8310, #6700 ) ;
#2103 = CARTESIAN_POINT ( 'NONE',  ( -0.5000000000000045519, -147.6000000000000227, 3.000000000000000000 ) ) ;
#2104 = CIRCLE ( 'NONE', #8823, 0.5000000000000000000 ) ;
#2105 = FACE_OUTER_BOUND ( 'NONE', #1541, .T. ) ;
#2106 = LINE ( 'NONE', #340, #307 ) ;
#2107 = DIRECTION ( 'NONE',  ( 0.000000000000000000, 1.000000000000000000, 0.000000000000000000 ) ) ;
#2108 = EDGE_CURVE ( 'NONE', #11565, #7696, #8233, .T. ) ;
#2109 = EDGE_LOOP ( 'NONE', ( #8899, #334, #6637, #780 ) ) ;
#2110 = VECTOR ( 'NONE', #4923, 1000.000000000000000 ) ;
#2111 = CARTESIAN_POINT ( 'NONE',  ( 55.49999999999999289, -14.60000000000001563, 3.000000000000000000 ) ) ;
#2112 = EDGE_LOOP ( 'NONE', ( #7330, #11566, #5768, #3572, #3207 ) ) ;
#2113 = ORIENTED_EDGE ( 'NONE', *, *, #8020, .F. ) ;
#2114 = VECTOR ( 'NONE', #11030, 1000.000000000000114 ) ;
#2115 = ADVANCED_FACE ( 'NONE', ( #4540 ), #5421, .F. ) ;
#2116 = FACE_OUTER_BOUND ( 'NONE', #8291, .T. ) ;
#2117 = FACE_OUTER_BOUND ( 'NONE', #1458, .T. ) ;
#2118 = DIRECTION ( 'NONE',  ( 1.000000000000000000, 0.000000000000000000, 0.000000000000000000 ) ) ;
#2119 = ORIENTED_EDGE ( 'NONE', *, *, #3422, .T. ) ;
#2120 = CARTESIAN_POINT ( 'NONE',  ( 15.49999999999999645, -141.5999999999999943, -14.00099999999999945 ) ) ;
#2121 = EDGE_CURVE ( 'NONE', #377, #2781, #4595, .T. ) ;
#2122 = EDGE_LOOP ( 'NONE', ( #8797, #11177, #1484, #9034, #1715 ) ) ;
#2123 = VECTOR ( 'NONE', #6489, 1000.000000000000000 ) ;
#2124 = DIRECTION ( 'NONE',  ( 0.000000000000000000, 0.000000000000000000, 1.000000000000000000 ) ) ;
#2125 = CARTESIAN_POINT ( 'NONE',  ( 35.50000000000000000, -141.5999999999999943, -14.00099999999999945 ) ) ;
#2126 = CARTESIAN_POINT ( 'NONE',  ( 55.49999999999999289, -126.5999999999999943, 1.000000000000000888 ) ) ;
#2127 = CARTESIAN_POINT ( 'NONE',  ( 60.55000000000000426, -160.6000000000000227, 3.000000000000000000 ) ) ;
#2128 = EDGE_LOOP ( 'NONE', ( #3458, #10693, #2668, #2634 ) ) ;
#2129 = EDGE_CURVE ( 'NONE', #9713, #8992, #88, .T. ) ;
#2130 = VECTOR ( 'NONE', #10228, 1000.000000000000000 ) ;
#2131 = ORIENTED_EDGE ( 'NONE', *, *, #2434, .T. ) ;
#2132 = CARTESIAN_POINT ( 'NONE',  ( 55.49999999999999289, -132.5999999999999943, -14.00099999999999945 ) ) ;
#2133 = VERTEX_POINT ( 'NONE', #1970 ) ;
#2134 = DIRECTION ( 'NONE',  ( 1.000000000000000000, -0.000000000000000000, 0.000000000000000000 ) ) ;
#2135 = LINE ( 'NONE', #5697, #8400 ) ;
#2136 = VERTEX_POINT ( 'NONE', #7476 ) ;
#2137 = CARTESIAN_POINT ( 'NONE',  ( 39.49999999999999289, -129.5999999999999943, 1.000000000000000888 ) ) ;
#2138 = CARTESIAN_POINT ( 'NONE',  ( 56.64203652122210286, 6.949999999999999289, -14.97798350090092079 ) ) ;
#2139 = CARTESIAN_POINT ( 'NONE',  ( -4.000000000000002665, 0.000000000000000000, -4.000000000000000000 ) ) ;
#2140 = ORIENTED_EDGE ( 'NONE', *, *, #527, .T. ) ;
#2141 = ORIENTED_EDGE ( 'NONE', *, *, #2710, .F. ) ;
#2142 = VERTEX_POINT ( 'NONE', #5542 ) ;
#2143 = CARTESIAN_POINT ( 'NONE',  ( 55.49999999999999289, -147.6000000000000227, -14.00099999999999945 ) ) ;
#2144 = LINE ( 'NONE', #9347, #3394 ) ;
#2145 = VERTEX_POINT ( 'NONE', #3713 ) ;
#2146 = FACE_OUTER_BOUND ( 'NONE', #8927, .T. ) ;
#2147 = EDGE_CURVE ( 'NONE', #410, #7780, #2903, .T. ) ;
#2148 = AXIS2_PLACEMENT_3D ( 'NONE', #4209, #3156, #5852 ) ;
#2149 = CARTESIAN_POINT ( 'NONE',  ( -2.299999999999999822, -1.662443331144435120E-16, -14.00000000000000000 ) ) ;
#2150 = EDGE_CURVE ( 'NONE', #4956, #3182, #8351, .T. ) ;
#2151 = DIRECTION ( 'NONE',  ( 0.000000000000000000, 1.000000000000000000, 0.000000000000000000 ) ) ;
#2152 = FACE_OUTER_BOUND ( 'NONE', #1588, .T. ) ;
#2153 = EDGE_CURVE ( 'NONE', #7295, #3264, #5484, .T. ) ;
#2154 = DIRECTION ( 'NONE',  ( 1.000000000000000000, -0.000000000000000000, 0.000000000000000000 ) ) ;
#2155 = ORIENTED_EDGE ( 'NONE', *, *, #6200, .F. ) ;
#2156 = ORIENTED_EDGE ( 'NONE', *, *, #1274, .F. ) ;
#2157 = ORIENTED_EDGE ( 'NONE', *, *, #2973, .F. ) ;
#2158 = EDGE_CURVE ( 'NONE', #11545, #3408, #49, .T. ) ;
#2159 = DIRECTION ( 'NONE',  ( 0.000000000000000000, 0.000000000000000000, -1.000000000000000000 ) ) ;
#2160 = DIRECTION ( 'NONE',  ( 0.000000000000000000, -1.000000000000000000, 0.000000000000000000 ) ) ;
#2161 = DIRECTION ( 'NONE',  ( 0.000000000000000000, 0.000000000000000000, 1.000000000000000000 ) ) ;
#2162 = PRESENTATION_LAYER_ASSIGNMENT (  '', '', ( #10209 ) ) ;
#2163 = LINE ( 'NONE', #3037, #2222 ) ;
#2164 = ORIENTED_EDGE ( 'NONE', *, *, #142, .T. ) ;
#2165 = ORIENTED_EDGE ( 'NONE', *, *, #1709, .F. ) ;
#2166 = EDGE_CURVE ( 'NONE', #2667, #3742, #1547, .T. ) ;
#2167 = FACE_OUTER_BOUND ( 'NONE', #2640, .T. ) ;
#2168 = CYLINDRICAL_SURFACE ( 'NONE', #6022, 4.299999999999998046 ) ;
#2169 = DIRECTION ( 'NONE',  ( 0.000000000000000000, 1.000000000000000000, 0.000000000000000000 ) ) ;
#2170 = ORIENTED_EDGE ( 'NONE', *, *, #216, .T. ) ;
#2171 = DIRECTION ( 'NONE',  ( -0.000000000000000000, 1.000000000000000000, 0.000000000000000000 ) ) ;
#2172 = ORIENTED_EDGE ( 'NONE', *, *, #10671, .T. ) ;
#2173 = EDGE_CURVE ( 'NONE', #4935, #3406, #3833, .T. ) ;
#2174 = PLANE ( 'NONE',  #8474 ) ;
#2175 = CARTESIAN_POINT ( 'NONE',  ( 57.20000000000000284, 11.44999999999999929, -14.00000000000000000 ) ) ;
#2176 = CARTESIAN_POINT ( 'NONE',  ( -0.5000000000000038858, -50.60000000000002274, -14.00099999999999945 ) ) ;
#2177 = ORIENTED_EDGE ( 'NONE', *, *, #3361, .T. ) ;
#2178 = VECTOR ( 'NONE', #11464, 1000.000000000000000 ) ;
#2179 = EDGE_CURVE ( 'NONE', #2934, #10558, #7415, .T. ) ;
#2180 = ORIENTED_EDGE ( 'NONE', *, *, #4570, .T. ) ;
#2181 = VECTOR ( 'NONE', #5438, 1000.000000000000000 ) ;
#2182 = DIRECTION ( 'NONE',  ( 0.000000000000000000, 0.000000000000000000, 1.000000000000000000 ) ) ;
#2183 = EDGE_LOOP ( 'NONE', ( #10045, #815, #9400, #9663 ) ) ;
#2184 = CARTESIAN_POINT ( 'NONE',  ( 48.00000000000001421, 29.39999999999999503, 1.000000000000000000 ) ) ;
#2185 = CARTESIAN_POINT ( 'NONE',  ( 28.50000000000000000, 28.89999999999999858, 1.000000000000000000 ) ) ;
#2186 = ORIENTED_EDGE ( 'NONE', *, *, #10791, .F. ) ;
#2187 = CARTESIAN_POINT ( 'NONE',  ( 0.000000000000000000, 0.000000000000000000, 3.000000000000000000 ) ) ;
#2188 = EDGE_CURVE ( 'NONE', #3054, #8905, #8118, .T. ) ;
#2189 = FACE_OUTER_BOUND ( 'NONE', #579, .T. ) ;
#2190 = CARTESIAN_POINT ( 'NONE',  ( -0.5000000000000073275, -120.6000000000000085, 3.000000000000000000 ) ) ;
#2191 = ORIENTED_EDGE ( 'NONE', *, *, #9252, .F. ) ;
#2192 = EDGE_LOOP ( 'NONE', ( #697, #8903, #186, #5781 ) ) ;
#2193 = ORIENTED_EDGE ( 'NONE', *, *, #5118, .T. ) ;
#2194 = CARTESIAN_POINT ( 'NONE',  ( -0.5000000000000059952, -135.5999999999999943, 3.000000000000000000 ) ) ;
#2195 = ORIENTED_EDGE ( 'NONE', *, *, #2349, .T. ) ;
#2196 = CARTESIAN_POINT ( 'NONE',  ( 15.49999999999999645, -147.6000000000000227, 3.000000000000000000 ) ) ;
#2197 = LINE ( 'NONE', #4778, #743 ) ;
#2198 = ADVANCED_FACE ( 'NONE', ( #9238 ), #10825, .F. ) ;
#2199 = CARTESIAN_POINT ( 'NONE',  ( 19.49999999999999289, -123.6000000000000085, 3.000000000000000000 ) ) ;
#2200 = CARTESIAN_POINT ( 'NONE',  ( 57.99999999999998579, -149.6000000000000227, -4.000000000000000000 ) ) ;
#2201 = VECTOR ( 'NONE', #7429, 1000.000000000000000 ) ;
#2202 = DIRECTION ( 'NONE',  ( -0.7071067811865466846, 0.000000000000000000, -0.7071067811865483499 ) ) ;
#2203 = EDGE_LOOP ( 'NONE', ( #5849, #4578, #3109, #7444 ) ) ;
#2204 = EDGE_CURVE ( 'NONE', #2968, #6404, #5655, .T. ) ;
#2205 = ORIENTED_EDGE ( 'NONE', *, *, #610, .T. ) ;
#2206 = EDGE_CURVE ( 'NONE', #6923, #3584, #1203, .T. ) ;
#2207 = ORIENTED_EDGE ( 'NONE', *, *, #5039, .F. ) ;
#2208 = AXIS2_PLACEMENT_3D ( 'NONE', #1393, #5775, #8425 ) ;
#2209 = CARTESIAN_POINT ( 'NONE',  ( 15.49999999999999289, -17.60000000000001918, -14.00099999999999945 ) ) ;
#2210 = DIRECTION ( 'NONE',  ( 0.000000000000000000, 0.000000000000000000, 1.000000000000000000 ) ) ;
#2211 = CARTESIAN_POINT ( 'NONE',  ( 19.49999999999999645, -153.6000000000000227, 3.000000000000000000 ) ) ;
#2212 = CARTESIAN_POINT ( 'NONE',  ( 58.00000000000000711, 11.44999999999999929, 0.9797958971132728623 ) ) ;
#2213 = EDGE_CURVE ( 'NONE', #3885, #5518, #383, .T. ) ;
#2214 = AXIS2_PLACEMENT_3D ( 'NONE', #3303, #10465, #9585 ) ;
#2215 = CARTESIAN_POINT ( 'NONE',  ( 39.49999999999999289, -32.60000000000001563, 1.000000000000000888 ) ) ;
#2216 = VERTEX_POINT ( 'NONE', #11166 ) ;
#2217 = VECTOR ( 'NONE', #11485, 1000.000000000000000 ) ;
#2218 = ORIENTED_EDGE ( 'NONE', *, *, #10200, .F. ) ;
#2219 = AXIS2_PLACEMENT_3D ( 'NONE', #9376, #8437, #4919 ) ;
#2220 = EDGE_CURVE ( 'NONE', #8388, #1448, #11339, .T. ) ;
#2221 = CARTESIAN_POINT ( 'NONE',  ( 35.50000000000000000, -147.6000000000000227, 1.000000000000000000 ) ) ;
#2222 = VECTOR ( 'NONE', #6556, 1000.000000000000000 ) ;
#2223 = DIRECTION ( 'NONE',  ( -0.000000000000000000, -1.000000000000000000, -0.000000000000000000 ) ) ;
#2224 = FACE_BOUND ( 'NONE', #2985, .T. ) ;
#2225 = ORIENTED_EDGE ( 'NONE', *, *, #10864, .F. ) ;
#2226 = VECTOR ( 'NONE', #8974, 1000.000000000000000 ) ;
#2227 = LINE ( 'NONE', #8495, #6330 ) ;
#2228 = VERTEX_POINT ( 'NONE', #2194 ) ;
#2229 = CARTESIAN_POINT ( 'NONE',  ( -5.000000000000003553, 19.40000000000000213, -4.000000000000000000 ) ) ;
#2230 = CARTESIAN_POINT ( 'NONE',  ( 15.49999999999999645, -153.6000000000000227, 3.000000000000000000 ) ) ;
#2231 = ADVANCED_FACE ( 'NONE', ( #5873 ), #491, .F. ) ;
#2232 = VECTOR ( 'NONE', #9009, 1000.000000000000000 ) ;
#2233 = LINE ( 'NONE', #7617, #4299 ) ;
#2234 = ORIENTED_EDGE ( 'NONE', *, *, #11550, .T. ) ;
#2235 = VECTOR ( 'NONE', #9884, 1000.000000000000000 ) ;
#2236 = VERTEX_POINT ( 'NONE', #10226 ) ;
#2237 = DIRECTION ( 'NONE',  ( -0.000000000000000000, 1.000000000000000000, 0.000000000000000000 ) ) ;
#2238 = VERTEX_POINT ( 'NONE', #2366 ) ;
#2239 = AXIS2_PLACEMENT_3D ( 'NONE', #6810, #4666, #11217 ) ;
#2240 = LINE ( 'NONE', #6859, #5677 ) ;
#2241 = DIRECTION ( 'NONE',  ( 1.000000000000000000, 1.219727444046193967E-16, 0.000000000000000000 ) ) ;
#2242 = VERTEX_POINT ( 'NONE', #10285 ) ;
#2243 = CARTESIAN_POINT ( 'NONE',  ( 19.49999999999999645, -144.5999999999999943, 1.000000000000000888 ) ) ;
#2244 = AXIS2_PLACEMENT_3D ( 'NONE', #1734, #5303, #10773 ) ;
#2245 = CARTESIAN_POINT ( 'NONE',  ( -0.2999999999999924949, 18.45000000000000284, -1.000000000000000000 ) ) ;
#2246 = EDGE_CURVE ( 'NONE', #7220, #6923, #10345, .T. ) ;
#2247 = CARTESIAN_POINT ( 'NONE',  ( -0.2999999999999919398, 2.500000000000000000, -1.000000000000000000 ) ) ;
#2248 = VECTOR ( 'NONE', #2812, 1000.000000000000000 ) ;
#2249 = VERTEX_POINT ( 'NONE', #5757 ) ;
#2250 = EDGE_CURVE ( 'NONE', #9300, #9810, #6401, .T. ) ;
#2251 = ORIENTED_EDGE ( 'NONE', *, *, #11213, .F. ) ;
#2252 = ORIENTED_EDGE ( 'NONE', *, *, #2553, .F. ) ;
#2253 = VECTOR ( 'NONE', #5173, 1000.000000000000000 ) ;
#2254 = CARTESIAN_POINT ( 'NONE',  ( 3.079999999999999627, 22.91999999999999815, 3.000000000000000000 ) ) ;
#2255 = LINE ( 'NONE', #7698, #11277 ) ;
#2256 = ORIENTED_EDGE ( 'NONE', *, *, #7022, .T. ) ;
#2257 = DIRECTION ( 'NONE',  ( -1.000000000000000000, 0.000000000000000000, 0.000000000000000000 ) ) ;
#2258 = ORIENTED_EDGE ( 'NONE', *, *, #5979, .T. ) ;
#2259 = DIRECTION ( 'NONE',  ( 1.000000000000000000, 0.000000000000000000, -0.000000000000000000 ) ) ;
#2260 = DIRECTION ( 'NONE',  ( 6.938893903907228378E-15, 0.000000000000000000, 1.000000000000000000 ) ) ;
#2261 = DIRECTION ( 'NONE',  ( -0.000000000000000000, -1.000000000000000000, -0.000000000000000000 ) ) ;
#2262 = EDGE_CURVE ( 'NONE', #9835, #6617, #2255, .T. ) ;
#2263 = DIRECTION ( 'NONE',  ( 0.000000000000000000, -0.000000000000000000, -1.000000000000000000 ) ) ;
#2264 = ORIENTED_EDGE ( 'NONE', *, *, #3561, .F. ) ;
#2265 = ORIENTED_EDGE ( 'NONE', *, *, #7458, .T. ) ;
#2266 = EDGE_CURVE ( 'NONE', #8475, #10566, #4996, .T. ) ;
#2267 = ORIENTED_EDGE ( 'NONE', *, *, #3361, .F. ) ;
#2268 = CARTESIAN_POINT ( 'NONE',  ( 19.50000000000000000, -0.2999999999999999889, -13.00000000000000000 ) ) ;
#2269 = PLANE ( 'NONE',  #1263 ) ;
#2270 = AXIS2_PLACEMENT_3D ( 'NONE', #3838, #7185, #6301 ) ;
#2271 = DIRECTION ( 'NONE',  ( -1.000000000000000000, 0.000000000000000000, 0.000000000000000000 ) ) ;
#2272 = CARTESIAN_POINT ( 'NONE',  ( 48.00000000000001421, 29.39999999999999503, -4.000000000000000000 ) ) ;
#2273 = FACE_OUTER_BOUND ( 'NONE', #1687, .T. ) ;
#2274 = VECTOR ( 'NONE', #10220, 1000.000000000000000 ) ;
#2275 = DIRECTION ( 'NONE',  ( 1.000000000000000000, 0.000000000000000000, 0.000000000000000000 ) ) ;
#2276 = ORIENTED_EDGE ( 'NONE', *, *, #216, .F. ) ;
#2277 = VECTOR ( 'NONE', #6862, 1000.000000000000000 ) ;
#2278 = EDGE_LOOP ( 'NONE', ( #1929, #5494, #1321, #10970 ) ) ;
#2279 = VECTOR ( 'NONE', #7280, 1000.000000000000000 ) ;
#2280 = DIRECTION ( 'NONE',  ( -1.000000000000000000, -0.000000000000000000, -0.000000000000000000 ) ) ;
#2281 = LINE ( 'NONE', #5844, #2663 ) ;
#2282 = FACE_BOUND ( 'NONE', #10619, .T. ) ;
#2283 = ORIENTED_EDGE ( 'NONE', *, *, #11466, .T. ) ;
#2284 = VECTOR ( 'NONE', #8350, 1000.000000000000000 ) ;
#2285 = FACE_OUTER_BOUND ( 'NONE', #2112, .T. ) ;
#2286 = EDGE_CURVE ( 'NONE', #3340, #993, #6869, .T. ) ;
#2287 = ORIENTED_EDGE ( 'NONE', *, *, #1581, .F. ) ;
#2288 = FACE_OUTER_BOUND ( 'NONE', #9788, .T. ) ;
#2289 = AXIS2_PLACEMENT_3D ( 'NONE', #7756, #4944, #1375 ) ;
#2290 = EDGE_CURVE ( 'NONE', #11015, #6919, #2144, .T. ) ;
#2291 = AXIS2_PLACEMENT_3D ( 'NONE', #4886, #439, #10344 ) ;
#2292 = CARTESIAN_POINT ( 'NONE',  ( 19.49999999999999645, -150.6000000000000227, -14.00099999999999945 ) ) ;
#2293 = VERTEX_POINT ( 'NONE', #8464 ) ;
#2294 = VECTOR ( 'NONE', #4322, 1000.000000000000000 ) ;
#2295 = AXIS2_PLACEMENT_3D ( 'NONE', #8463, #606, #7025 ) ;
#2296 = LINE ( 'NONE', #928, #2567 ) ;
#2297 = EDGE_CURVE ( 'NONE', #11047, #5165, #1487, .T. ) ;
#2298 = DIRECTION ( 'NONE',  ( 0.000000000000000000, -0.000000000000000000, 1.000000000000000000 ) ) ;
#2299 = VERTEX_POINT ( 'NONE', #3181 ) ;
#2300 = AXIS2_PLACEMENT_3D ( 'NONE', #9254, #8423, #3085 ) ;
#2301 = LINE ( 'NONE', #2184, #7362 ) ;
#2302 = CARTESIAN_POINT ( 'NONE',  ( 55.19999999999999574, 0.000000000000000000, -14.00000000000000000 ) ) ;
#2303 = ORIENTED_EDGE ( 'NONE', *, *, #1668, .F. ) ;
#2304 = DIRECTION ( 'NONE',  ( 0.000000000000000000, 0.000000000000000000, -1.000000000000000000 ) ) ;
#2305 = DIRECTION ( 'NONE',  ( 0.000000000000000000, 1.000000000000000000, 0.000000000000000000 ) ) ;
#2306 = DIRECTION ( 'NONE',  ( -1.000000000000000000, 0.000000000000000000, 0.000000000000000000 ) ) ;
#2307 = PLANE ( 'NONE',  #2239 ) ;
#2308 = AXIS2_PLACEMENT_3D ( 'NONE', #1377, #6819, #5927 ) ;
#2309 = ORIENTED_EDGE ( 'NONE', *, *, #1756, .F. ) ;
#2310 = ORIENTED_EDGE ( 'NONE', *, *, #1629, .F. ) ;
#2311 = EDGE_LOOP ( 'NONE', ( #5704, #2014, #3843, #5514 ) ) ;
#2312 = EDGE_CURVE ( 'NONE', #1216, #7137, #9517, .T. ) ;
#2313 = FACE_OUTER_BOUND ( 'NONE', #16, .T. ) ;
#2314 = DIRECTION ( 'NONE',  ( 0.000000000000000000, -1.000000000000000000, 0.000000000000000000 ) ) ;
#2315 = ORIENTED_EDGE ( 'NONE', *, *, #6852, .T. ) ;
#2316 = CARTESIAN_POINT ( 'NONE',  ( 55.49999999999999289, -144.5999999999999943, 1.000000000000000888 ) ) ;
#2317 = ORIENTED_EDGE ( 'NONE', *, *, #2497, .T. ) ;
#2318 = AXIS2_PLACEMENT_3D ( 'NONE', #11104, #1894, #2075 ) ;
#2319 = LINE ( 'NONE', #2597, #1489 ) ;
#2320 = CARTESIAN_POINT ( 'NONE',  ( 2.500000000000000000, 2.500000000000000000, -1.000000000000000000 ) ) ;
#2321 = CARTESIAN_POINT ( 'NONE',  ( 55.49999999999999289, -41.60000000000001563, 3.000000000000000000 ) ) ;
#2322 = DIRECTION ( 'NONE',  ( -0.000000000000000000, -0.000000000000000000, 1.000000000000000000 ) ) ;
#2323 = ADVANCED_FACE ( 'NONE', ( #607 ), #11119, .F. ) ;
#2324 = ORIENTED_EDGE ( 'NONE', *, *, #566, .F. ) ;
#2325 = VERTEX_POINT ( 'NONE', #553 ) ;
#2326 = ORIENTED_EDGE ( 'NONE', *, *, #4360, .T. ) ;
#2327 = EDGE_CURVE ( 'NONE', #1595, #6326, #4008, .T. ) ;
#2328 = CARTESIAN_POINT ( 'NONE',  ( 39.49999999999999289, -44.60000000000002274, 1.000000000000000888 ) ) ;
#2329 = LINE ( 'NONE', #1217, #8373 ) ;
#2330 = CARTESIAN_POINT ( 'NONE',  ( -0.5000000000000045519, -44.60000000000002274, 3.000000000000000000 ) ) ;
#2331 = PLANE ( 'NONE',  #7478 ) ;
#2332 = DIRECTION ( 'NONE',  ( 1.000000000000000000, -0.000000000000000000, -0.000000000000000000 ) ) ;
#2333 = ADVANCED_FACE ( 'NONE', ( #11284 ), #6694, .T. ) ;
#2334 = CARTESIAN_POINT ( 'NONE',  ( -0.5000000000000079936, -114.6000000000000085, -14.00099999999999945 ) ) ;
#2335 = ORIENTED_EDGE ( 'NONE', *, *, #2166, .T. ) ;
#2336 = VERTEX_POINT ( 'NONE', #11222 ) ;
#2337 = DIRECTION ( 'NONE',  ( 0.000000000000000000, 0.000000000000000000, -1.000000000000000000 ) ) ;
#2338 = DIRECTION ( 'NONE',  ( 0.000000000000000000, -0.02826803116136169039, 0.9996003793588016384 ) ) ;
#2339 = VECTOR ( 'NONE', #875, 1000.000000000000000 ) ;
#2340 = DIRECTION ( 'NONE',  ( -1.000000000000000000, 0.000000000000000000, 0.000000000000000000 ) ) ;
#2341 = ORIENTED_EDGE ( 'NONE', *, *, #5592, .T. ) ;
#2342 = CARTESIAN_POINT ( 'NONE',  ( 19.49999999999999289, -114.6000000000000085, 3.000000000000000000 ) ) ;
#2343 = ORIENTED_EDGE ( 'NONE', *, *, #2821, .F. ) ;
#2344 = EDGE_CURVE ( 'NONE', #9222, #10491, #415, .T. ) ;
#2345 = DIRECTION ( 'NONE',  ( -0.000000000000000000, -0.000000000000000000, 1.000000000000000000 ) ) ;
#2346 = FACE_OUTER_BOUND ( 'NONE', #7919, .T. ) ;
#2347 = DIRECTION ( 'NONE',  ( 0.000000000000000000, 0.000000000000000000, 1.000000000000000000 ) ) ;
#2348 = ORIENTED_EDGE ( 'NONE', *, *, #2566, .T. ) ;
#2349 = EDGE_CURVE ( 'NONE', #8691, #6986, #8519, .T. ) ;
#2350 = PLANE ( 'NONE',  #8942 ) ;
#2351 = ADVANCED_FACE ( 'NONE', ( #10516 ), #1771, .F. ) ;
#2352 = LINE ( 'NONE', #4044, #11267 ) ;
#2353 = EDGE_LOOP ( 'NONE', ( #806, #5950, #10104, #2854 ) ) ;
#2354 = CARTESIAN_POINT ( 'NONE',  ( 35.49999999999999289, -17.60000000000001918, 1.000000000000000888 ) ) ;
#2355 = CARTESIAN_POINT ( 'NONE',  ( 27.50000000000000000, 25.39999999999999858, 1.000000000000000000 ) ) ;
#2356 = ORIENTED_EDGE ( 'NONE', *, *, #2638, .T. ) ;
#2357 = DIRECTION ( 'NONE',  ( -0.000000000000000000, 1.000000000000000000, 0.000000000000000000 ) ) ;
#2358 = LINE ( 'NONE', #6921, #5646 ) ;
#2359 = EDGE_CURVE ( 'NONE', #9755, #3096, #6158, .T. ) ;
#2360 = DIRECTION ( 'NONE',  ( 0.000000000000000000, -1.000000000000000000, 0.000000000000000000 ) ) ;
#2361 = AXIS2_PLACEMENT_3D ( 'NONE', #2392, #5956, #3437 ) ;
#2362 = ORIENTED_EDGE ( 'NONE', *, *, #8834, .T. ) ;
#2363 = ORIENTED_EDGE ( 'NONE', *, *, #8620, .T. ) ;
#2364 = ORIENTED_EDGE ( 'NONE', *, *, #59, .F. ) ;
#2365 = PLANE ( 'NONE',  #10915 ) ;
#2366 = CARTESIAN_POINT ( 'NONE',  ( 15.49999999999999645, -35.60000000000002274, 3.000000000000000000 ) ) ;
#2367 = ORIENTED_EDGE ( 'NONE', *, *, #2049, .T. ) ;
#2368 = PLANE ( 'NONE',  #2308 ) ;
#2369 = LINE ( 'NONE', #3033, #11539 ) ;
#2370 = VERTEX_POINT ( 'NONE', #6987 ) ;
#2371 = DIRECTION ( 'NONE',  ( 0.000000000000000000, -0.000000000000000000, -1.000000000000000000 ) ) ;
#2372 = DIRECTION ( 'NONE',  ( 0.000000000000000000, 0.000000000000000000, -1.000000000000000000 ) ) ;
#2373 = DIRECTION ( 'NONE',  ( 0.000000000000000000, 1.000000000000000000, 0.000000000000000000 ) ) ;
#2374 = AXIS2_PLACEMENT_3D ( 'NONE', #3466, #6162, #5288 ) ;
#2375 = CARTESIAN_POINT ( 'NONE',  ( 27.50000000000000000, 1.199999999999999956, -7.799999999999999822 ) ) ;
#2376 = EDGE_CURVE ( 'NONE', #10566, #11517, #2848, .T. ) ;
#2377 = VERTEX_POINT ( 'NONE', #8741 ) ;
#2378 = VERTEX_POINT ( 'NONE', #7105 ) ;
#2379 = DIRECTION ( 'NONE',  ( 0.000000000000000000, -0.000000000000000000, -1.000000000000000000 ) ) ;
#2380 = FACE_OUTER_BOUND ( 'NONE', #437, .T. ) ;
#2381 = CARTESIAN_POINT ( 'NONE',  ( 30.99999999999999645, -59.60000000000002984, 3.001000000000000334 ) ) ;
#2382 = DIRECTION ( 'NONE',  ( -1.000000000000000000, 0.000000000000000000, 0.000000000000000000 ) ) ;
#2383 = DIRECTION ( 'NONE',  ( 1.000000000000000000, 0.000000000000000000, 0.000000000000000000 ) ) ;
#2384 = EDGE_CURVE ( 'NONE', #278, #4203, #719, .T. ) ;
#2385 = DIRECTION ( 'NONE',  ( -1.000000000000000000, -0.000000000000000000, -0.000000000000000000 ) ) ;
#2386 = ORIENTED_EDGE ( 'NONE', *, *, #9026, .T. ) ;
#2387 = AXIS2_PLACEMENT_3D ( 'NONE', #9077, #5613, #9253 ) ;
#2388 = ORIENTED_EDGE ( 'NONE', *, *, #4390, .F. ) ;
#2389 = LINE ( 'NONE', #688, #725 ) ;
#2390 = EDGE_CURVE ( 'NONE', #11179, #1620, #10577, .T. ) ;
#2391 = CARTESIAN_POINT ( 'NONE',  ( 18.50000000000000000, 26.89999999999999858, -1.000000000000000000 ) ) ;
#2392 = CARTESIAN_POINT ( 'NONE',  ( 19.50000000000000000, 25.39999999999999858, 0.5000000000000000000 ) ) ;
#2393 = ORIENTED_EDGE ( 'NONE', *, *, #9299, .T. ) ;
#2394 = CARTESIAN_POINT ( 'NONE',  ( 34.50000000000000000, -0.2999999999999999889, 1.000000000000000000 ) ) ;
#2395 = ORIENTED_EDGE ( 'NONE', *, *, #400, .T. ) ;
#2396 = AXIS2_PLACEMENT_3D ( 'NONE', #8536, #11185, #6715 ) ;
#2397 = CARTESIAN_POINT ( 'NONE',  ( 62.99999999999998579, 34.39999999999999858, 1.000000000000000000 ) ) ;
#2398 = DIRECTION ( 'NONE',  ( 0.000000000000000000, 0.000000000000000000, -1.000000000000000000 ) ) ;
#2399 = EDGE_CURVE ( 'NONE', #2827, #4956, #2479, .T. ) ;
#2400 = AXIS2_PLACEMENT_3D ( 'NONE', #9916, #10034, #7212 ) ;
#2401 = LINE ( 'NONE', #7850, #3166 ) ;
#2402 = ORIENTED_EDGE ( 'NONE', *, *, #4928, .F. ) ;
#2403 = CIRCLE ( 'NONE', #11584, 1.549999999999999378 ) ;
#2404 = EDGE_CURVE ( 'NONE', #4675, #1769, #9631, .T. ) ;
#2405 = DIRECTION ( 'NONE',  ( 0.000000000000000000, -0.000000000000000000, 1.000000000000000000 ) ) ;
#2406 = AXIS2_PLACEMENT_3D ( 'NONE', #6373, #2685, #101 ) ;
#2407 = CARTESIAN_POINT ( 'NONE',  ( 56.50000000000000000, 5.950000000000000178, 3.000000000000000000 ) ) ;
#2408 = VECTOR ( 'NONE', #4934, 1000.000000000000000 ) ;
#2409 = ORIENTED_EDGE ( 'NONE', *, *, #8332, .T. ) ;
#2410 = CARTESIAN_POINT ( 'NONE',  ( 55.00000000000000000, -1.211552903856829954E-13, 0.5000000000000000000 ) ) ;
#2411 = CARTESIAN_POINT ( 'NONE',  ( 27.50000000000000000, 0.2000000000000000111, 1.000000000000000000 ) ) ;
#2412 = EDGE_LOOP ( 'NONE', ( #2780, #1314, #10994, #3618 ) ) ;
#2413 = CIRCLE ( 'NONE', #5773, 3.799999999999999822 ) ;
#2414 = FACE_OUTER_BOUND ( 'NONE', #1874, .T. ) ;
#2415 = DIRECTION ( 'NONE',  ( 0.000000000000000000, 1.000000000000000000, 0.000000000000000000 ) ) ;
#2416 = AXIS2_PLACEMENT_3D ( 'NONE', #2847, #5425, #1913 ) ;
#2417 = DIRECTION ( 'NONE',  ( -0.000000000000000000, -0.000000000000000000, 1.000000000000000000 ) ) ;
#2418 = ORIENTED_EDGE ( 'NONE', *, *, #9457, .T. ) ;
#2419 = CIRCLE ( 'NONE', #11219, 0.5000000000000000000 ) ;
#2420 = EDGE_LOOP ( 'NONE', ( #6511, #7982, #10269, #7035 ) ) ;
#2421 = ORIENTED_EDGE ( 'NONE', *, *, #10818, .T. ) ;
#2422 = LINE ( 'NONE', #837, #9772 ) ;
#2423 = ORIENTED_EDGE ( 'NONE', *, *, #6133, .T. ) ;
#2424 = AXIS2_PLACEMENT_3D ( 'NONE', #2675, #6241, #11532 ) ;
#2425 = DIRECTION ( 'NONE',  ( -0.000000000000000000, -1.000000000000000000, -0.000000000000000000 ) ) ;
#2426 = EDGE_CURVE ( 'NONE', #4985, #6052, #2652, .T. ) ;
#2427 = CARTESIAN_POINT ( 'NONE',  ( 59.00000000000001421, 30.39999999999999858, 3.000000000000000000 ) ) ;
#2428 = ORIENTED_EDGE ( 'NONE', *, *, #8010, .F. ) ;
#2429 = CARTESIAN_POINT ( 'NONE',  ( 39.49999999999999289, -32.60000000000001563, 3.000000000000000000 ) ) ;
#2430 = DIRECTION ( 'NONE',  ( -0.000000000000000000, -1.000000000000000000, 0.000000000000000000 ) ) ;
#2431 = LINE ( 'NONE', #5066, #2969 ) ;
#2432 = FACE_OUTER_BOUND ( 'NONE', #3433, .T. ) ;
#2433 = VECTOR ( 'NONE', #5200, 1000.000000000000000 ) ;
#2434 = EDGE_CURVE ( 'NONE', #4417, #3340, #3463, .T. ) ;
#2435 = ORIENTED_EDGE ( 'NONE', *, *, #6362, .T. ) ;
#2436 = ORIENTED_EDGE ( 'NONE', *, *, #7311, .F. ) ;
#2437 = FACE_OUTER_BOUND ( 'NONE', #3152, .T. ) ;
#2438 = FACE_OUTER_BOUND ( 'NONE', #9107, .T. ) ;
#2439 = DIRECTION ( 'NONE',  ( -1.000000000000000000, 0.000000000000000000, 0.000000000000000000 ) ) ;
#2440 = EDGE_CURVE ( 'NONE', #5863, #11573, #7869, .T. ) ;
#2441 = LINE ( 'NONE', #6001, #7088 ) ;
#2442 = PLANE ( 'NONE',  #9176 ) ;
#2443 = PLANE ( 'NONE',  #910 ) ;
#2444 = CARTESIAN_POINT ( 'NONE',  ( 51.20000000000000284, 4.000000000000000000, -1.000000000000000000 ) ) ;
#2445 = VERTEX_POINT ( 'NONE', #7041 ) ;
#2446 = ORIENTED_EDGE ( 'NONE', *, *, #8695, .F. ) ;
#2447 = DIRECTION ( 'NONE',  ( 0.000000000000000000, -0.000000000000000000, 1.000000000000000000 ) ) ;
#2448 = DIRECTION ( 'NONE',  ( 0.000000000000000000, 1.000000000000000000, 0.000000000000000000 ) ) ;
#2449 = ADVANCED_FACE ( 'NONE', ( #4463 ), #9683, .F. ) ;
#2450 = PLANE ( 'NONE',  #486 ) ;
#2451 = ORIENTED_EDGE ( 'NONE', *, *, #3136, .F. ) ;
#2452 = CARTESIAN_POINT ( 'NONE',  ( 55.49999999999999289, -141.5999999999999943, 1.000000000000000888 ) ) ;
#2453 = ORIENTED_EDGE ( 'NONE', *, *, #4261, .T. ) ;
#2454 = CARTESIAN_POINT ( 'NONE',  ( 60.00000000000001421, 19.40000000000000213, 1.000000000000000000 ) ) ;
#2455 = CIRCLE ( 'NONE', #5637, 2.799999999999999822 ) ;
#2456 = CARTESIAN_POINT ( 'NONE',  ( 27.50000000000000000, 25.89999999999999858, -7.799999999999999822 ) ) ;
#2457 =( NAMED_UNIT ( * ) SI_UNIT ( $, .STERADIAN. ) SOLID_ANGLE_UNIT ( ) );
#2458 = EDGE_CURVE ( 'NONE', #9834, #3652, #2422, .T. ) ;
#2459 = DIRECTION ( 'NONE',  ( 1.000000000000000000, 0.000000000000000000, -0.000000000000000000 ) ) ;
#2460 = ORIENTED_EDGE ( 'NONE', *, *, #8625, .F. ) ;
#2461 = VECTOR ( 'NONE', #7629, 1000.000000000000000 ) ;
#2462 = CIRCLE ( 'NONE', #6389, 3.000000000000000000 ) ;
#2463 = EDGE_CURVE ( 'NONE', #11563, #4431, #6393, .T. ) ;
#2464 = DIRECTION ( 'NONE',  ( 0.000000000000000000, 0.000000000000000000, 1.000000000000000000 ) ) ;
#2465 = ORIENTED_EDGE ( 'NONE', *, *, #10429, .T. ) ;
#2466 = AXIS2_PLACEMENT_3D ( 'NONE', #5403, #6278, #1191 ) ;
#2467 = DIRECTION ( 'NONE',  ( 1.000000000000000000, 0.000000000000000000, -0.000000000000000000 ) ) ;
#2468 = LINE ( 'NONE', #766, #7068 ) ;
#2469 = ORIENTED_EDGE ( 'NONE', *, *, #10287, .T. ) ;
#2470 = CARTESIAN_POINT ( 'NONE',  ( 51.20000000000000284, 25.89999999999999858, -1.000000000000000000 ) ) ;
#2471 = CARTESIAN_POINT ( 'NONE',  ( 55.19999999999999574, 6.949999999999999289, 0.5000000000000000000 ) ) ;
#2472 = ADVANCED_FACE ( 'NONE', ( #4349 ), #7929, .F. ) ;
#2473 = AXIS2_PLACEMENT_3D ( 'NONE', #8531, #9591, #1559 ) ;
#2474 = CARTESIAN_POINT ( 'NONE',  ( 13.00000000000001421, -105.0999999999999943, 1.000000000000000000 ) ) ;
#2475 = ORIENTED_EDGE ( 'NONE', *, *, #10945, .F. ) ;
#2476 = AXIS2_PLACEMENT_3D ( 'NONE', #9516, #5058, #5872 ) ;
#2477 = VERTEX_POINT ( 'NONE', #11513 ) ;
#2478 = VERTEX_POINT ( 'NONE', #5983 ) ;
#2479 = LINE ( 'NONE', #3583, #4334 ) ;
#2480 = ORIENTED_EDGE ( 'NONE', *, *, #10524, .T. ) ;
#2481 = VECTOR ( 'NONE', #8497, 1000.000000000000000 ) ;
#2482 = DIRECTION ( 'NONE',  ( 0.000000000000000000, -0.000000000000000000, 1.000000000000000000 ) ) ;
#2483 = DIRECTION ( 'NONE',  ( -0.000000000000000000, -0.000000000000000000, 1.000000000000000000 ) ) ;
#2484 = ORIENTED_EDGE ( 'NONE', *, *, #7374, .T. ) ;
#2485 = CARTESIAN_POINT ( 'NONE',  ( 55.19999999999999574, 17.44999999999999929, -10.00000000000000000 ) ) ;
#2486 = LINE ( 'NONE', #9638, #1520 ) ;
#2487 = FACE_OUTER_BOUND ( 'NONE', #8935, .T. ) ;
#2488 = VECTOR ( 'NONE', #9004, 1000.000000000000000 ) ;
#2489 = DIRECTION ( 'NONE',  ( -0.000000000000000000, 1.000000000000000000, 0.000000000000000000 ) ) ;
#2490 = VERTEX_POINT ( 'NONE', #662 ) ;
#2491 = ORIENTED_EDGE ( 'NONE', *, *, #6585, .T. ) ;
#2492 = EDGE_CURVE ( 'NONE', #4165, #3486, #10629, .T. ) ;
#2493 = CARTESIAN_POINT ( 'NONE',  ( 57.09545360055889773, 10.44999999999999929, -1.993817174212074939 ) ) ;
#2494 = CARTESIAN_POINT ( 'NONE',  ( 30.99999999999999645, -59.60000000000002984, 3.000000000000000000 ) ) ;
#2495 = LINE ( 'NONE', #7771, #8193 ) ;
#2496 = VECTOR ( 'NONE', #7931, 1000.000000000000000 ) ;
#2497 = EDGE_CURVE ( 'NONE', #10470, #6814, #1545, .T. ) ;
#2498 = DIRECTION ( 'NONE',  ( 0.000000000000000000, 1.000000000000000000, -0.000000000000000000 ) ) ;
#2499 = EDGE_CURVE ( 'NONE', #2557, #9813, #7809, .T. ) ;
#2500 = DIRECTION ( 'NONE',  ( -1.000000000000000000, -0.000000000000000000, -0.000000000000000000 ) ) ;
#2501 = FACE_OUTER_BOUND ( 'NONE', #4216, .T. ) ;
#2502 = CARTESIAN_POINT ( 'NONE',  ( 55.49999999999999289, -20.60000000000002274, -14.00099999999999945 ) ) ;
#2503 = LINE ( 'NONE', #7892, #4277 ) ;
#2504 = ORIENTED_EDGE ( 'NONE', *, *, #360, .F. ) ;
#2505 = EDGE_CURVE ( 'NONE', #9810, #9300, #593, .T. ) ;
#2506 = ORIENTED_EDGE ( 'NONE', *, *, #10370, .F. ) ;
#2507 = CARTESIAN_POINT ( 'NONE',  ( 39.49999999999999289, -126.5999999999999943, 3.000000000000000000 ) ) ;
#2508 = CARTESIAN_POINT ( 'NONE',  ( 18.50000000000000000, -0.2999999999999999889, -1.000000000000000000 ) ) ;
#2509 = FACE_BOUND ( 'NONE', #4760, .T. ) ;
#2510 = EDGE_LOOP ( 'NONE', ( #9102, #9483, #11349, #951 ) ) ;
#2511 = CARTESIAN_POINT ( 'NONE',  ( -0.2999999999999924949, 18.45000000000000284, 1.000000000000000000 ) ) ;
#2512 = ORIENTED_EDGE ( 'NONE', *, *, #22, .F. ) ;
#2513 = VECTOR ( 'NONE', #7483, 1000.000000000000000 ) ;
#2514 = CARTESIAN_POINT ( 'NONE',  ( 39.49999999999998579, -11.60000000000001386, 3.000000000000000000 ) ) ;
#2515 = DIRECTION ( 'NONE',  ( 0.000000000000000000, 1.000000000000000000, 0.000000000000000000 ) ) ;
#2516 = ORIENTED_EDGE ( 'NONE', *, *, #6699, .F. ) ;
#2517 = EDGE_CURVE ( 'NONE', #9140, #3869, #3643, .T. ) ;
#2518 = DIRECTION ( 'NONE',  ( -1.000000000000000000, 0.000000000000000000, 0.000000000000000000 ) ) ;
#2519 = ORIENTED_EDGE ( 'NONE', *, *, #6546, .F. ) ;
#2520 = DIRECTION ( 'NONE',  ( 1.000000000000000000, 0.000000000000000000, 0.000000000000000000 ) ) ;
#2521 = ORIENTED_EDGE ( 'NONE', *, *, #2618, .T. ) ;
#2522 = CARTESIAN_POINT ( 'NONE',  ( 2.500000000000000000, 2.500000000000000000, 0.5000000000000000000 ) ) ;
#2523 = DIRECTION ( 'NONE',  ( 0.000000000000000000, -0.000000000000000000, -1.000000000000000000 ) ) ;
#2524 = EDGE_LOOP ( 'NONE', ( #3467, #7461 ) ) ;
#2525 = CARTESIAN_POINT ( 'NONE',  ( 15.49999999999999645, -147.6000000000000227, -14.00099999999999945 ) ) ;
#2526 = DIRECTION ( 'NONE',  ( 0.000000000000000000, 1.000000000000000000, 0.000000000000000000 ) ) ;
#2527 = ADVANCED_FACE ( 'NONE', ( #2829 ), #6340, .F. ) ;
#2528 = LINE ( 'NONE', #9678, #177 ) ;
#2529 = EDGE_LOOP ( 'NONE', ( #10933, #6737, #850, #10204 ) ) ;
#2530 = ORIENTED_EDGE ( 'NONE', *, *, #9830, .T. ) ;
#2531 = ORIENTED_EDGE ( 'NONE', *, *, #3403, .T. ) ;
#2532 = ORIENTED_EDGE ( 'NONE', *, *, #6936, .T. ) ;
#2533 = CARTESIAN_POINT ( 'NONE',  ( 59.99999999999999289, -149.6000000000000227, 1.000000000000000000 ) ) ;
#2534 = ORIENTED_EDGE ( 'NONE', *, *, #1525, .F. ) ;
#2535 = EDGE_CURVE ( 'NONE', #5893, #5810, #6947, .T. ) ;
#2536 = DIRECTION ( 'NONE',  ( 1.000000000000000000, 0.000000000000000000, -0.000000000000000000 ) ) ;
#2537 = CARTESIAN_POINT ( 'NONE',  ( -0.5000000000000059952, -132.5999999999999943, 3.000000000000000000 ) ) ;
#2538 = ORIENTED_EDGE ( 'NONE', *, *, #1801, .F. ) ;
#2539 = DIRECTION ( 'NONE',  ( 0.000000000000000000, 0.000000000000000000, 1.000000000000000000 ) ) ;
#2540 = CARTESIAN_POINT ( 'NONE',  ( 2.500000000000000000, 2.500000000000000000, -1.000000000000000000 ) ) ;
#2541 = CARTESIAN_POINT ( 'NONE',  ( 0.2000000000000085321, 4.713922489067640596E-17, 0.5000000000000000000 ) ) ;
#2542 = CARTESIAN_POINT ( 'NONE',  ( 55.49999999999999289, -17.60000000000001918, -14.00099999999999945 ) ) ;
#2543 = ORIENTED_EDGE ( 'NONE', *, *, #1147, .F. ) ;
#2544 = ORIENTED_EDGE ( 'NONE', *, *, #10304, .T. ) ;
#2545 = DIRECTION ( 'NONE',  ( -0.000000000000000000, -1.000000000000000000, -0.000000000000000000 ) ) ;
#2546 = CYLINDRICAL_SURFACE ( 'NONE', #3785, 0.5000000000000004441 ) ;
#2547 = DIRECTION ( 'NONE',  ( 0.000000000000000000, 0.000000000000000000, 1.000000000000000000 ) ) ;
#2548 = ADVANCED_FACE ( 'NONE', ( #10810 ), #3818, .F. ) ;
#2549 = DIRECTION ( 'NONE',  ( 1.000000000000000000, 0.000000000000000000, -0.000000000000000000 ) ) ;
#2550 = LINE ( 'NONE', #10541, #3528 ) ;
#2551 = DIRECTION ( 'NONE',  ( 0.000000000000000000, -0.000000000000000000, 1.000000000000000000 ) ) ;
#2552 = CARTESIAN_POINT ( 'NONE',  ( 42.39999999999999858, 12.80000000000000071, 1.000000000000000000 ) ) ;
#2553 = EDGE_CURVE ( 'NONE', #10881, #2840, #1161, .T. ) ;
#2554 = DIRECTION ( 'NONE',  ( -0.000000000000000000, 0.000000000000000000, 1.000000000000000000 ) ) ;
#2555 = ORIENTED_EDGE ( 'NONE', *, *, #9981, .T. ) ;
#2556 = ADVANCED_FACE ( 'NONE', ( #2769 ), #8337, .F. ) ;
#2557 = VERTEX_POINT ( 'NONE', #7401 ) ;
#2558 = LINE ( 'NONE', #6308, #9904 ) ;
#2559 = DIRECTION ( 'NONE',  ( 1.000000000000000000, -0.000000000000000000, 0.000000000000000000 ) ) ;
#2560 = PLANE ( 'NONE',  #499 ) ;
#2561 = ORIENTED_EDGE ( 'NONE', *, *, #6259, .T. ) ;
#2562 = EDGE_CURVE ( 'NONE', #5530, #5471, #4582, .T. ) ;
#2563 = FACE_OUTER_BOUND ( 'NONE', #11536, .T. ) ;
#2564 = ORIENTED_EDGE ( 'NONE', *, *, #1709, .T. ) ;
#2565 = DIRECTION ( 'NONE',  ( -0.000000000000000000, -0.000000000000000000, 1.000000000000000000 ) ) ;
#2566 = EDGE_CURVE ( 'NONE', #8691, #4697, #9103, .T. ) ;
#2567 = VECTOR ( 'NONE', #8557, 1000.000000000000000 ) ;
#2568 = CARTESIAN_POINT ( 'NONE',  ( 0.000000000000000000, 27.90000000000000213, -14.00000000000000000 ) ) ;
#2569 = ORIENTED_EDGE ( 'NONE', *, *, #7162, .T. ) ;
#2570 = EDGE_CURVE ( 'NONE', #4743, #3638, #6459, .T. ) ;
#2571 = LINE ( 'NONE', #5262, #10303 ) ;
#2572 = VERTEX_POINT ( 'NONE', #1954 ) ;
#2573 = LINE ( 'NONE', #6816, #10918 ) ;
#2574 = VECTOR ( 'NONE', #8882, 1000.000000000000000 ) ;
#2575 = CARTESIAN_POINT ( 'NONE',  ( 51.20000000000000284, 21.60000000000000142, -1.000000000000000000 ) ) ;
#2576 = EDGE_LOOP ( 'NONE', ( #3262, #5115, #1718, #3300 ) ) ;
#2577 = LINE ( 'NONE', #8910, #2226 ) ;
#2578 = EDGE_CURVE ( 'NONE', #5189, #9822, #8157, .T. ) ;
#2579 = DIRECTION ( 'NONE',  ( -1.000000000000000000, -1.133236441592888894E-16, 0.000000000000000000 ) ) ;
#2580 = ORIENTED_EDGE ( 'NONE', *, *, #3102, .F. ) ;
#2581 = LINE ( 'NONE', #7801, #4898 ) ;
#2582 = CARTESIAN_POINT ( 'NONE',  ( -0.5000000000000038858, -150.6000000000000227, 1.000000000000000888 ) ) ;
#2583 = VECTOR ( 'NONE', #2261, 1000.000000000000000 ) ;
#2584 = LINE ( 'NONE', #10623, #6542 ) ;
#2585 = ORIENTED_EDGE ( 'NONE', *, *, #10385, .T. ) ;
#2586 = ORIENTED_EDGE ( 'NONE', *, *, #6879, .T. ) ;
#2587 = CIRCLE ( 'NONE', #11207, 3.524999999999999467 ) ;
#2588 = ORIENTED_EDGE ( 'NONE', *, *, #6371, .F. ) ;
#2589 = EDGE_LOOP ( 'NONE', ( #4704, #6559, #7710, #6181 ) ) ;
#2590 = CARTESIAN_POINT ( 'NONE',  ( 19.49999999999999289, -14.60000000000001563, -14.00099999999999945 ) ) ;
#2591 = ORIENTED_EDGE ( 'NONE', *, *, #4825, .T. ) ;
#2592 = VECTOR ( 'NONE', #1934, 1000.000000000000000 ) ;
#2593 = DIRECTION ( 'NONE',  ( 0.000000000000000000, -1.000000000000000000, 0.000000000000000000 ) ) ;
#2594 = EDGE_CURVE ( 'NONE', #10964, #6952, #10713, .T. ) ;
#2595 = CARTESIAN_POINT ( 'NONE',  ( 39.49999999999998579, -117.6000000000000085, 3.000000000000000000 ) ) ;
#2596 = ORIENTED_EDGE ( 'NONE', *, *, #1783, .T. ) ;
#2597 = CARTESIAN_POINT ( 'NONE',  ( 39.49999999999999289, -129.5999999999999943, -14.00099999999999945 ) ) ;
#2598 = VECTOR ( 'NONE', #4598, 1000.000000000000000 ) ;
#2599 = CARTESIAN_POINT ( 'NONE',  ( 19.49999999999999289, -123.6000000000000085, -14.00099999999999945 ) ) ;
#2600 = CARTESIAN_POINT ( 'NONE',  ( 55.50000000000000000, 18.45000000000000284, -1.000000000000000000 ) ) ;
#2601 = CARTESIAN_POINT ( 'NONE',  ( 57.20000000000000284, 11.44999999999999929, 0.000000000000000000 ) ) ;
#2602 = VECTOR ( 'NONE', #6865, 1000.000000000000000 ) ;
#2603 = EDGE_CURVE ( 'NONE', #2377, #3364, #2944, .T. ) ;
#2604 = ORIENTED_EDGE ( 'NONE', *, *, #2440, .F. ) ;
#2605 = VECTOR ( 'NONE', #2961, 1000.000000000000000 ) ;
#2606 = VERTEX_POINT ( 'NONE', #10871 ) ;
#2607 = FACE_OUTER_BOUND ( 'NONE', #11261, .T. ) ;
#2608 = PLANE ( 'NONE',  #11286 ) ;
#2609 = DIRECTION ( 'NONE',  ( 1.000000000000000000, -6.769652589177779935E-16, -0.000000000000000000 ) ) ;
#2610 = DIRECTION ( 'NONE',  ( 0.000000000000000000, -1.000000000000000000, 0.000000000000000000 ) ) ;
#2611 = ADVANCED_FACE ( 'NONE', ( #8216 ), #10044, .F. ) ;
#2612 = VECTOR ( 'NONE', #9029, 1000.000000000000000 ) ;
#2613 = LINE ( 'NONE', #9763, #3918 ) ;
#2614 = DIRECTION ( 'NONE',  ( 0.000000000000000000, -1.000000000000000000, -0.000000000000000000 ) ) ;
#2615 = CARTESIAN_POINT ( 'NONE',  ( 48.00000000000001421, 30.39999999999997016, -4.000000000000000000 ) ) ;
#2616 = CARTESIAN_POINT ( 'NONE',  ( -0.5000000000000066613, -23.60000000000001563, 3.000000000000000000 ) ) ;
#2617 = ORIENTED_EDGE ( 'NONE', *, *, #5659, .T. ) ;
#2618 = EDGE_CURVE ( 'NONE', #11391, #1246, #1130, .T. ) ;
#2619 = EDGE_LOOP ( 'NONE', ( #5098, #3062, #10297, #5205 ) ) ;
#2620 = VECTOR ( 'NONE', #11418, 1000.000000000000000 ) ;
#2621 = DIRECTION ( 'NONE',  ( 0.000000000000000000, 1.000000000000000000, 0.000000000000000000 ) ) ;
#2622 = ORIENTED_EDGE ( 'NONE', *, *, #1251, .T. ) ;
#2623 = LINE ( 'NONE', #6186, #234 ) ;
#2624 = LINE ( 'NONE', #1867, #2181 ) ;
#2625 = ORIENTED_EDGE ( 'NONE', *, *, #6646, .T. ) ;
#2626 = CARTESIAN_POINT ( 'NONE',  ( 39.49999999999999289, -38.60000000000002274, -14.00099999999999945 ) ) ;
#2627 = ORIENTED_EDGE ( 'NONE', *, *, #8660, .F. ) ;
#2628 = DIRECTION ( 'NONE',  ( 0.000000000000000000, -1.000000000000000000, 0.000000000000000000 ) ) ;
#2629 = DIRECTION ( 'NONE',  ( 0.000000000000000000, -0.000000000000000000, 1.000000000000000000 ) ) ;
#2630 = VERTEX_POINT ( 'NONE', #2713 ) ;
#2631 = PLANE ( 'NONE',  #5232 ) ;
#2632 = ORIENTED_EDGE ( 'NONE', *, *, #4543, .F. ) ;
#2633 = PLANE ( 'NONE',  #6197 ) ;
#2634 = ORIENTED_EDGE ( 'NONE', *, *, #2535, .F. ) ;
#2635 = EDGE_CURVE ( 'NONE', #8626, #1285, #308, .T. ) ;
#2636 = VECTOR ( 'NONE', #4356, 1000.000000000000000 ) ;
#2637 = LINE ( 'NONE', #8729, #10656 ) ;
#2638 = EDGE_CURVE ( 'NONE', #7176, #2970, #2104, .T. ) ;
#2639 = PLANE ( 'NONE',  #5026 ) ;
#2640 = EDGE_LOOP ( 'NONE', ( #8113, #10187, #11369, #9505 ) ) ;
#2641 = DIRECTION ( 'NONE',  ( 1.000000000000000000, 0.000000000000000000, 0.000000000000000000 ) ) ;
#2642 = CARTESIAN_POINT ( 'NONE',  ( -0.2999999999999924949, 18.45000000000000284, -1.000000000000000000 ) ) ;
#2643 = LINE ( 'NONE', #9801, #3730 ) ;
#2644 = ORIENTED_EDGE ( 'NONE', *, *, #5174, .F. ) ;
#2645 = AXIS2_PLACEMENT_3D ( 'NONE', #11161, #6688, #5807 ) ;
#2646 = VECTOR ( 'NONE', #3634, 1000.000000000000000 ) ;
#2647 = ADVANCED_FACE ( 'NONE', ( #4981 ), #3224, .T. ) ;
#2648 = ORIENTED_EDGE ( 'NONE', *, *, #2173, .F. ) ;
#2649 = EDGE_LOOP ( 'NONE', ( #548, #4947, #4348, #3453 ) ) ;
#2650 = AXIS2_PLACEMENT_3D ( 'NONE', #7516, #11048, #4102 ) ;
#2651 = ORIENTED_EDGE ( 'NONE', *, *, #9753, .F. ) ;
#2652 = LINE ( 'NONE', #6221, #6205 ) ;
#2653 = VERTEX_POINT ( 'NONE', #10159 ) ;
#2654 = DIRECTION ( 'NONE',  ( 0.000000000000000000, 0.4226182617407039377, -0.9063077870366479383 ) ) ;
#2655 = CARTESIAN_POINT ( 'NONE',  ( 48.00000000000001421, -161.6000000000000227, -4.000000000000000000 ) ) ;
#2656 = ORIENTED_EDGE ( 'NONE', *, *, #6706, .F. ) ;
#2657 = FACE_BOUND ( 'NONE', #9044, .T. ) ;
#2658 = VECTOR ( 'NONE', #4714, 1000.000000000000000 ) ;
#2659 = CARTESIAN_POINT ( 'NONE',  ( 2.500000000000000000, 2.500000000000000000, 1.000000000000000000 ) ) ;
#2660 = DIRECTION ( 'NONE',  ( -0.000000000000000000, -0.000000000000000000, 1.000000000000000000 ) ) ;
#2661 = CARTESIAN_POINT ( 'NONE',  ( -0.5000000000000052180, -35.60000000000002274, -14.00099999999999945 ) ) ;
#2662 = VECTOR ( 'NONE', #1428, 1000.000000000000000 ) ;
#2663 = VECTOR ( 'NONE', #9316, 1000.000000000000000 ) ;
#2664 = EDGE_CURVE ( 'NONE', #9588, #1285, #3108, .T. ) ;
#2665 = VERTEX_POINT ( 'NONE', #6739 ) ;
#2666 = VECTOR ( 'NONE', #5178, 1000.000000000000000 ) ;
#2667 = VERTEX_POINT ( 'NONE', #3994 ) ;
#2668 = ORIENTED_EDGE ( 'NONE', *, *, #11376, .F. ) ;
#2669 = LINE ( 'NONE', #6237, #3212 ) ;
#2670 = DIRECTION ( 'NONE',  ( 1.000000000000000000, -0.000000000000000000, 0.000000000000000000 ) ) ;
#2671 = CARTESIAN_POINT ( 'NONE',  ( -0.5000000000000052180, -141.5999999999999943, 1.000000000000000888 ) ) ;
#2672 = DIRECTION ( 'NONE',  ( 0.000000000000000000, 0.000000000000000000, 1.000000000000000000 ) ) ;
#2673 = VECTOR ( 'NONE', #1162, 1000.000000000000000 ) ;
#2674 = ADVANCED_FACE ( 'NONE', ( #367 ), #3934, .F. ) ;
#2675 = CARTESIAN_POINT ( 'NONE',  ( 42.39999999999999858, 12.80000000000000071, 1.000000000000000000 ) ) ;
#2676 = PLANE ( 'NONE',  #8040 ) ;
#2677 = DIRECTION ( 'NONE',  ( 0.000000000000000000, 1.000000000000000000, -0.000000000000000000 ) ) ;
#2678 = VECTOR ( 'NONE', #7738, 1000.000000000000000 ) ;
#2679 = DIRECTION ( 'NONE',  ( -4.921201350288809599E-16, 1.000000000000000000, 0.000000000000000000 ) ) ;
#2680 = PLANE ( 'NONE',  #8779 ) ;
#2681 = ORIENTED_EDGE ( 'NONE', *, *, #2426, .F. ) ;
#2682 = EDGE_CURVE ( 'NONE', #8631, #3375, #1902, .T. ) ;
#2683 = ORIENTED_EDGE ( 'NONE', *, *, #1497, .F. ) ;
#2684 = VECTOR ( 'NONE', #7639, 1000.000000000000000 ) ;
#2685 = DIRECTION ( 'NONE',  ( -0.000000000000000000, -0.000000000000000000, -1.000000000000000000 ) ) ;
#2686 = DIRECTION ( 'NONE',  ( 0.000000000000000000, -1.000000000000000000, 0.000000000000000000 ) ) ;
#2687 = CARTESIAN_POINT ( 'NONE',  ( -3.000000000000003553, 10.44999999999999929, 0.9640588545008662580 ) ) ;
#2688 = DIRECTION ( 'NONE',  ( -1.000000000000000000, -0.000000000000000000, -0.000000000000000000 ) ) ;
#2689 = EDGE_LOOP ( 'NONE', ( #7412, #4826, #11128, #2234 ) ) ;
#2690 = EDGE_CURVE ( 'NONE', #3337, #4897, #7459, .T. ) ;
#2691 = ORIENTED_EDGE ( 'NONE', *, *, #4187, .F. ) ;
#2692 = DIRECTION ( 'NONE',  ( -6.769652589177779935E-16, -1.000000000000000000, 0.000000000000000000 ) ) ;
#2693 = LINE ( 'NONE', #7081, #11595 ) ;
#2694 = VERTEX_POINT ( 'NONE', #1297 ) ;
#2695 = DIRECTION ( 'NONE',  ( 1.000000000000000000, 6.938893903907228378E-15, 0.000000000000000000 ) ) ;
#2696 = VERTEX_POINT ( 'NONE', #9276 ) ;
#2697 = LINE ( 'NONE', #239, #10233 ) ;
#2698 = EDGE_LOOP ( 'NONE', ( #7030, #8572, #3740, #9018 ) ) ;
#2699 = AXIS2_PLACEMENT_3D ( 'NONE', #11011, #2095, #9247 ) ;
#2700 = EDGE_CURVE ( 'NONE', #5899, #8516, #7570, .T. ) ;
#2701 = FACE_OUTER_BOUND ( 'NONE', #6437, .T. ) ;
#2702 = DIRECTION ( 'NONE',  ( 0.000000000000000000, 0.000000000000000000, -1.000000000000000000 ) ) ;
#2703 = ORIENTED_EDGE ( 'NONE', *, *, #952, .F. ) ;
#2704 = DIRECTION ( 'NONE',  ( -0.000000000000000000, -1.000000000000000000, -0.000000000000000000 ) ) ;
#2705 = CARTESIAN_POINT ( 'NONE',  ( 19.50000000000000000, 9.020562075079398469E-15, -7.799999999999999822 ) ) ;
#2706 = EDGE_CURVE ( 'NONE', #4511, #2042, #424, .T. ) ;
#2707 = DIRECTION ( 'NONE',  ( 1.000000000000000000, 0.000000000000000000, 0.000000000000000000 ) ) ;
#2708 = ORIENTED_EDGE ( 'NONE', *, *, #3446, .F. ) ;
#2709 = ADVANCED_FACE ( 'NONE', ( #8615 ), #9501, .F. ) ;
#2710 = EDGE_CURVE ( 'NONE', #4654, #11565, #3580, .T. ) ;
#2711 = ORIENTED_EDGE ( 'NONE', *, *, #9282, .T. ) ;
#2712 = ORIENTED_EDGE ( 'NONE', *, *, #7254, .F. ) ;
#2713 = CARTESIAN_POINT ( 'NONE',  ( 2.500000000000039968, 27.40000000000000213, 1.000000000000000000 ) ) ;
#2714 = ORIENTED_EDGE ( 'NONE', *, *, #5306, .F. ) ;
#2715 = DIRECTION ( 'NONE',  ( 0.000000000000000000, -0.000000000000000000, -1.000000000000000000 ) ) ;
#2716 = DIRECTION ( 'NONE',  ( 0.000000000000000000, 0.000000000000000000, -1.000000000000000000 ) ) ;
#2717 = VERTEX_POINT ( 'NONE', #11101 ) ;
#2718 = VECTOR ( 'NONE', #2515, 1000.000000000000000 ) ;
#2719 = DIRECTION ( 'NONE',  ( -0.000000000000000000, 1.000000000000000000, 0.000000000000000000 ) ) ;
#2720 = DIRECTION ( 'NONE',  ( 1.000000000000000000, 0.000000000000000000, -0.000000000000000000 ) ) ;
#2721 = DIRECTION ( 'NONE',  ( 1.000000000000000000, 0.000000000000000000, 0.000000000000000000 ) ) ;
#2722 = EDGE_CURVE ( 'NONE', #3073, #305, #5799, .T. ) ;
#2723 = DIRECTION ( 'NONE',  ( -0.000000000000000000, -0.000000000000000000, 1.000000000000000000 ) ) ;
#2724 = ORIENTED_EDGE ( 'NONE', *, *, #3535, .T. ) ;
#2725 = ORIENTED_EDGE ( 'NONE', *, *, #2700, .F. ) ;
#2726 = ORIENTED_EDGE ( 'NONE', *, *, #5625, .T. ) ;
#2727 = CARTESIAN_POINT ( 'NONE',  ( -0.5000000000000045519, -44.60000000000002274, 3.000000000000000000 ) ) ;
#2728 = CARTESIAN_POINT ( 'NONE',  ( -0.5000000000000079936, -14.60000000000001563, 3.000000000000000000 ) ) ;
#2729 = LINE ( 'NONE', #3601, #2030 ) ;
#2730 = CARTESIAN_POINT ( 'NONE',  ( -3.265688774807065098, 0.000000000000000000, 0.000000000000000000 ) ) ;
#2731 = LINE ( 'NONE', #6300, #5042 ) ;
#2732 = DIRECTION ( 'NONE',  ( -1.000000000000000000, -4.313492514189664968E-16, 0.000000000000000000 ) ) ;
#2733 = FACE_OUTER_BOUND ( 'NONE', #7399, .T. ) ;
#2734 = EDGE_CURVE ( 'NONE', #3991, #4743, #8504, .T. ) ;
#2735 = DIRECTION ( 'NONE',  ( 0.000000000000000000, 1.000000000000000000, 0.000000000000000000 ) ) ;
#2736 = LINE ( 'NONE', #1918, #1655 ) ;
#2737 = ORIENTED_EDGE ( 'NONE', *, *, #1403, .F. ) ;
#2738 = ORIENTED_EDGE ( 'NONE', *, *, #10584, .T. ) ;
#2739 = CIRCLE ( 'NONE', #2361, 0.5000000000000000000 ) ;
#2740 = DIRECTION ( 'NONE',  ( 1.000000000000000000, 0.000000000000000000, 0.000000000000000000 ) ) ;
#2741 = DIRECTION ( 'NONE',  ( -0.000000000000000000, -0.000000000000000000, 1.000000000000000000 ) ) ;
#2742 = CARTESIAN_POINT ( 'NONE',  ( 34.50000000000000000, -3.299999999999999822, 0.000000000000000000 ) ) ;
#2743 = DIRECTION ( 'NONE',  ( 0.000000000000000000, 0.000000000000000000, -1.000000000000000000 ) ) ;
#2744 = VERTEX_POINT ( 'NONE', #6629 ) ;
#2745 = EDGE_CURVE ( 'NONE', #1665, #5455, #4710, .T. ) ;
#2746 = VERTEX_POINT ( 'NONE', #3872 ) ;
#2747 = DIRECTION ( 'NONE',  ( 0.000000000000000000, -1.000000000000000000, -1.156482317317869950E-15 ) ) ;
#2748 = CIRCLE ( 'NONE', #8364, 1.000000000000000000 ) ;
#2749 = LINE ( 'NONE', #4383, #9455 ) ;
#2750 = ORIENTED_EDGE ( 'NONE', *, *, #3765, .F. ) ;
#2751 = DIRECTION ( 'NONE',  ( -0.000000000000000000, -0.000000000000000000, -1.000000000000000000 ) ) ;
#2752 = ORIENTED_EDGE ( 'NONE', *, *, #5555, .T. ) ;
#2753 = EDGE_CURVE ( 'NONE', #11552, #2665, #5910, .T. ) ;
#2754 = CARTESIAN_POINT ( 'NONE',  ( 30.99999999999999289, -94.10000000000000853, 1.000000000000000000 ) ) ;
#2755 = ORIENTED_EDGE ( 'NONE', *, *, #9028, .T. ) ;
#2756 = CARTESIAN_POINT ( 'NONE',  ( -0.2999999999999944933, 23.09999999999999787, 3.000000000000000000 ) ) ;
#2757 = LINE ( 'NONE', #1006, #1649 ) ;
#2758 = EDGE_CURVE ( 'NONE', #10688, #11080, #2352, .T. ) ;
#2759 = ORIENTED_EDGE ( 'NONE', *, *, #11146, .T. ) ;
#2760 = VECTOR ( 'NONE', #2686, 1000.000000000000000 ) ;
#2761 = CARTESIAN_POINT ( 'NONE',  ( 39.49999999999998579, -123.6000000000000085, 1.000000000000000888 ) ) ;
#2762 = DIRECTION ( 'NONE',  ( 0.000000000000000000, 1.000000000000000000, 0.000000000000000000 ) ) ;
#2763 = CARTESIAN_POINT ( 'NONE',  ( 19.49999999999999645, -138.5999999999999943, 3.000000000000000000 ) ) ;
#2764 = ORIENTED_EDGE ( 'NONE', *, *, #5039, .T. ) ;
#2765 = EDGE_CURVE ( 'NONE', #5634, #3993, #1357, .T. ) ;
#2766 = AXIS2_PLACEMENT_3D ( 'NONE', #10950, #7416, #10005 ) ;
#2767 = ORIENTED_EDGE ( 'NONE', *, *, #5719, .F. ) ;
#2768 = ORIENTED_EDGE ( 'NONE', *, *, #4908, .T. ) ;
#2769 = FACE_OUTER_BOUND ( 'NONE', #10054, .T. ) ;
#2770 = VERTEX_POINT ( 'NONE', #1241 ) ;
#2771 = LINE ( 'NONE', #6989, #6792 ) ;
#2772 = LINE ( 'NONE', #6520, #4980 ) ;
#2773 = VERTEX_POINT ( 'NONE', #3003 ) ;
#2774 = LINE ( 'NONE', #786, #6150 ) ;
#2775 = DIRECTION ( 'NONE',  ( 0.000000000000000000, 0.000000000000000000, 1.000000000000000000 ) ) ;
#2776 = TOROIDAL_SURFACE ( 'NONE', #3142, 2.299999999999999822, 0.5000000000000000000 ) ;
#2777 = LINE ( 'NONE', #8112, #529 ) ;
#2778 = VECTOR ( 'NONE', #2002, 1000.000000000000000 ) ;
#2779 = ORIENTED_EDGE ( 'NONE', *, *, #1098, .T. ) ;
#2780 = ORIENTED_EDGE ( 'NONE', *, *, #7556, .F. ) ;
#2781 = VERTEX_POINT ( 'NONE', #5694 ) ;
#2782 = ADVANCED_FACE ( 'NONE', ( #4814 ), #8389, .F. ) ;
#2783 = CIRCLE ( 'NONE', #3334, 0.5000000000000000000 ) ;
#2784 = LINE ( 'NONE', #10884, #5264 ) ;
#2785 = DIRECTION ( 'NONE',  ( 0.000000000000000000, -1.000000000000000000, 0.000000000000000000 ) ) ;
#2786 = FACE_OUTER_BOUND ( 'NONE', #4955, .T. ) ;
#2787 = DIRECTION ( 'NONE',  ( 0.000000000000000000, 0.000000000000000000, -1.000000000000000000 ) ) ;
#2788 = CARTESIAN_POINT ( 'NONE',  ( 15.49999999999999645, -141.5999999999999943, 1.000000000000000888 ) ) ;
#2789 = DIRECTION ( 'NONE',  ( 0.000000000000000000, -1.000000000000000000, 0.000000000000000000 ) ) ;
#2790 = DIRECTION ( 'NONE',  ( -1.000000000000000000, 0.000000000000000000, 0.000000000000000000 ) ) ;
#2791 = ADVANCED_FACE ( 'NONE', ( #8786 ), #1584, .F. ) ;
#2792 = CYLINDRICAL_SURFACE ( 'NONE', #2699, 5.000000000000000000 ) ;
#2793 = AXIS2_PLACEMENT_3D ( 'NONE', #6836, #10482, #4311 ) ;
#2794 = CARTESIAN_POINT ( 'NONE',  ( 39.49999999999999289, -141.5999999999999943, -14.00099999999999945 ) ) ;
#2795 = ORIENTED_EDGE ( 'NONE', *, *, #9686, .T. ) ;
#2796 = VECTOR ( 'NONE', #6946, 1000.000000000000000 ) ;
#2797 = EDGE_CURVE ( 'NONE', #7013, #7410, #3957, .T. ) ;
#2798 = ORIENTED_EDGE ( 'NONE', *, *, #5894, .F. ) ;
#2799 = EDGE_CURVE ( 'NONE', #8278, #9710, #7744, .T. ) ;
#2800 = DIRECTION ( 'NONE',  ( 0.000000000000000000, 0.000000000000000000, -1.000000000000000000 ) ) ;
#2801 = DIRECTION ( 'NONE',  ( 0.000000000000000000, 0.000000000000000000, 1.000000000000000000 ) ) ;
#2802 = AXIS2_PLACEMENT_3D ( 'NONE', #1539, #4169, #5111 ) ;
#2803 = DIRECTION ( 'NONE',  ( -0.000000000000000000, -0.000000000000000000, 1.000000000000000000 ) ) ;
#2804 = CARTESIAN_POINT ( 'NONE',  ( -0.5000000000000045519, -41.60000000000001563, 3.000000000000000000 ) ) ;
#2805 = VERTEX_POINT ( 'NONE', #9670 ) ;
#2806 = CIRCLE ( 'NONE', #2244, 0.5000000000000000000 ) ;
#2807 = EDGE_LOOP ( 'NONE', ( #4765, #6813, #76, #10384 ) ) ;
#2808 = DIRECTION ( 'NONE',  ( 0.000000000000000000, -1.156482317317869950E-15, 1.000000000000000000 ) ) ;
#2809 = DIRECTION ( 'NONE',  ( -0.000000000000000000, -1.000000000000000000, 0.000000000000000000 ) ) ;
#2810 = VECTOR ( 'NONE', #11097, 1000.000000000000000 ) ;
#2811 = ORIENTED_EDGE ( 'NONE', *, *, #901, .T. ) ;
#2812 = DIRECTION ( 'NONE',  ( 1.000000000000000000, 0.000000000000000000, 0.000000000000000000 ) ) ;
#2813 = ORIENTED_EDGE ( 'NONE', *, *, #5889, .T. ) ;
#2814 = EDGE_CURVE ( 'NONE', #11517, #6602, #8673, .T. ) ;
#2815 = LINE ( 'NONE', #1813, #8094 ) ;
#2816 = DIRECTION ( 'NONE',  ( 0.000000000000000000, -1.000000000000000000, 0.000000000000000000 ) ) ;
#2817 = ORIENTED_EDGE ( 'NONE', *, *, #3861, .T. ) ;
#2818 = LINE ( 'NONE', #9092, #10471 ) ;
#2819 = DIRECTION ( 'NONE',  ( -0.000000000000000000, -0.000000000000000000, -1.000000000000000000 ) ) ;
#2820 = VERTEX_POINT ( 'NONE', #6857 ) ;
#2821 = EDGE_CURVE ( 'NONE', #11060, #8905, #1712, .T. ) ;
#2822 = DIRECTION ( 'NONE',  ( -0.000000000000000000, -0.000000000000000000, 1.000000000000000000 ) ) ;
#2823 = DIRECTION ( 'NONE',  ( 1.000000000000000000, 0.000000000000000000, -0.000000000000000000 ) ) ;
#2824 = CARTESIAN_POINT ( 'NONE',  ( 19.49999999999999289, -117.6000000000000085, 3.000000000000000000 ) ) ;
#2825 = VERTEX_POINT ( 'NONE', #11325 ) ;
#2826 = EDGE_CURVE ( 'NONE', #7634, #5584, #3336, .T. ) ;
#2827 = VERTEX_POINT ( 'NONE', #6203 ) ;
#2828 = EDGE_LOOP ( 'NONE', ( #11580, #6842, #1868, #6672 ) ) ;
#2829 = FACE_OUTER_BOUND ( 'NONE', #7427, .T. ) ;
#2830 = ORIENTED_EDGE ( 'NONE', *, *, #3923, .F. ) ;
#2831 = PLANE ( 'NONE',  #3992 ) ;
#2832 = CARTESIAN_POINT ( 'NONE',  ( 19.49999999999999645, -50.60000000000002274, -14.00099999999999945 ) ) ;
#2833 = ORIENTED_EDGE ( 'NONE', *, *, #8489, .T. ) ;
#2834 = EDGE_CURVE ( 'NONE', #7388, #9927, #11554, .T. ) ;
#2835 = CARTESIAN_POINT ( 'NONE',  ( 58.20000000000000284, 0.000000000000000000, 0.000000000000000000 ) ) ;
#2836 = CARTESIAN_POINT ( 'NONE',  ( 19.49999999999999289, -135.5999999999999943, 3.000000000000000000 ) ) ;
#2837 = VECTOR ( 'NONE', #11330, 1000.000000000000000 ) ;
#2838 = AXIS2_PLACEMENT_3D ( 'NONE', #10755, #9223, #5467 ) ;
#2839 = ORIENTED_EDGE ( 'NONE', *, *, #3812, .F. ) ;
#2840 = VERTEX_POINT ( 'NONE', #10615 ) ;
#2841 = ORIENTED_EDGE ( 'NONE', *, *, #7061, .F. ) ;
#2842 = DIRECTION ( 'NONE',  ( 0.000000000000000000, -1.000000000000000000, 0.000000000000000000 ) ) ;
#2843 = CARTESIAN_POINT ( 'NONE',  ( 35.50000000000000000, -0.2999999999999999889, 3.000000000000000000 ) ) ;
#2844 = CARTESIAN_POINT ( 'NONE',  ( 19.49999999999999289, -123.6000000000000085, 1.000000000000000888 ) ) ;
#2845 = AXIS2_PLACEMENT_3D ( 'NONE', #6357, #4594, #1968 ) ;
#2846 = LINE ( 'NONE', #8410, #1733 ) ;
#2847 = CARTESIAN_POINT ( 'NONE',  ( 55.00000000000000000, 4.000000000000000000, 0.5000000000000000000 ) ) ;
#2848 = CIRCLE ( 'NONE', #8458, 1.000000000000000000 ) ;
#2849 = FACE_OUTER_BOUND ( 'NONE', #4863, .T. ) ;
#2850 = DIRECTION ( 'NONE',  ( 0.000000000000000000, 0.000000000000000000, 1.000000000000000000 ) ) ;
#2851 = CARTESIAN_POINT ( 'NONE',  ( 51.20000000000000284, 25.39999999999999858, 1.000000000000000000 ) ) ;
#2852 = DIRECTION ( 'NONE',  ( 0.000000000000000000, 0.000000000000000000, 1.000000000000000000 ) ) ;
#2853 = AXIS2_PLACEMENT_3D ( 'NONE', #3600, #2670, #11586 ) ;
#2854 = ORIENTED_EDGE ( 'NONE', *, *, #8297, .F. ) ;
#2855 = VECTOR ( 'NONE', #10301, 1000.000000000000000 ) ;
#2856 = EDGE_CURVE ( 'NONE', #11120, #469, #3504, .T. ) ;
#2857 = ORIENTED_EDGE ( 'NONE', *, *, #6076, .F. ) ;
#2858 = EDGE_CURVE ( 'NONE', #11253, #11431, #10440, .T. ) ;
#2859 = ORIENTED_EDGE ( 'NONE', *, *, #335, .F. ) ;
#2860 = EDGE_CURVE ( 'NONE', #762, #8878, #7794, .T. ) ;
#2861 = LINE ( 'NONE', #102, #3498 ) ;
#2862 = VECTOR ( 'NONE', #9850, 1000.000000000000000 ) ;
#2863 = CARTESIAN_POINT ( 'NONE',  ( -1.300000000000000044, 18.45000000000000284, 0.5000000000000000000 ) ) ;
#2864 = CYLINDRICAL_SURFACE ( 'NONE', #4223, 1.000000000000000000 ) ;
#2865 = ORIENTED_EDGE ( 'NONE', *, *, #7913, .T. ) ;
#2866 = AXIS2_PLACEMENT_3D ( 'NONE', #3471, #7049, #470 ) ;
#2867 = ORIENTED_EDGE ( 'NONE', *, *, #10901, .F. ) ;
#2868 = EDGE_CURVE ( 'NONE', #1431, #8488, #7914, .T. ) ;
#2869 = CARTESIAN_POINT ( 'NONE',  ( 2.500000000000000000, 23.09999999999999787, -1.000000000000000000 ) ) ;
#2870 = AXIS2_PLACEMENT_3D ( 'NONE', #397, #2210, #4734 ) ;
#2871 = ORIENTED_EDGE ( 'NONE', *, *, #5240, .F. ) ;
#2872 = ORIENTED_EDGE ( 'NONE', *, *, #4872, .F. ) ;
#2873 = DIRECTION ( 'NONE',  ( 0.000000000000000000, 1.000000000000000000, 0.000000000000000000 ) ) ;
#2874 = DIRECTION ( 'NONE',  ( -0.000000000000000000, -1.000000000000000000, -0.000000000000000000 ) ) ;
#2875 = DIRECTION ( 'NONE',  ( 0.000000000000000000, 0.000000000000000000, 1.000000000000000000 ) ) ;
#2876 = VERTEX_POINT ( 'NONE', #5970 ) ;
#2877 = AXIS2_PLACEMENT_3D ( 'NONE', #11327, #6631, #6741 ) ;
#2878 = DIRECTION ( 'NONE',  ( -1.000000000000000000, 0.000000000000000000, 0.000000000000000000 ) ) ;
#2879 = LINE ( 'NONE', #1882, #6517 ) ;
#2880 = ORIENTED_EDGE ( 'NONE', *, *, #10179, .T. ) ;
#2881 = CARTESIAN_POINT ( 'NONE',  ( -4.999999999999981348, -161.6000000000000227, 1.000000000000000000 ) ) ;
#2882 = EDGE_CURVE ( 'NONE', #2968, #6927, #11453, .T. ) ;
#2883 = LINE ( 'NONE', #189, #96 ) ;
#2884 = DIRECTION ( 'NONE',  ( 0.000000000000000000, 1.000000000000000000, 0.000000000000000000 ) ) ;
#2885 = ORIENTED_EDGE ( 'NONE', *, *, #4227, .T. ) ;
#2886 = ORIENTED_EDGE ( 'NONE', *, *, #457, .F. ) ;
#2887 = VERTEX_POINT ( 'NONE', #9730 ) ;
#2888 = CARTESIAN_POINT ( 'NONE',  ( -0.5000000000000045519, -44.60000000000002274, 1.000000000000000888 ) ) ;
#2889 = EDGE_LOOP ( 'NONE', ( #10607, #11456, #2521, #6838 ) ) ;
#2890 = DIRECTION ( 'NONE',  ( 0.000000000000000000, -0.000000000000000000, 1.000000000000000000 ) ) ;
#2891 = CARTESIAN_POINT ( 'NONE',  ( 39.49999999999999289, -141.5999999999999943, 1.000000000000000888 ) ) ;
#2892 = ORIENTED_EDGE ( 'NONE', *, *, #1333, .T. ) ;
#2893 = DIRECTION ( 'NONE',  ( 0.000000000000000000, 0.000000000000000000, 1.000000000000000000 ) ) ;
#2894 = DIRECTION ( 'NONE',  ( -1.000000000000000000, 0.000000000000000000, 0.000000000000000000 ) ) ;
#2895 = ADVANCED_FACE ( 'NONE', ( #4272 ), #2633, .F. ) ;
#2896 = LINE ( 'NONE', #204, #6191 ) ;
#2897 = ORIENTED_EDGE ( 'NONE', *, *, #2266, .T. ) ;
#2898 = EDGE_CURVE ( 'NONE', #5056, #6565, #5905, .T. ) ;
#2899 = ORIENTED_EDGE ( 'NONE', *, *, #8079, .T. ) ;
#2900 = ORIENTED_EDGE ( 'NONE', *, *, #4390, .T. ) ;
#2901 = FACE_OUTER_BOUND ( 'NONE', #10202, .T. ) ;
#2902 = VECTOR ( 'NONE', #53, 1000.000000000000000 ) ;
#2903 = LINE ( 'NONE', #2027, #6212 ) ;
#2904 = DIRECTION ( 'NONE',  ( -0.000000000000000000, -0.000000000000000000, 1.000000000000000000 ) ) ;
#2905 = DIRECTION ( 'NONE',  ( -0.000000000000000000, -1.000000000000000000, -0.000000000000000000 ) ) ;
#2906 = CARTESIAN_POINT ( 'NONE',  ( -1.300000000000000044, 18.45000000000000284, -1.000000000000000000 ) ) ;
#2907 = CARTESIAN_POINT ( 'NONE',  ( 19.49999999999999645, -47.60000000000001563, 1.000000000000000888 ) ) ;
#2908 = CARTESIAN_POINT ( 'NONE',  ( 19.49999999999999289, -126.5999999999999943, -14.00099999999999945 ) ) ;
#2909 = UNCERTAINTY_MEASURE_WITH_UNIT (LENGTH_MEASURE( 1.000000000000000082E-05 ), #4154, 'distance_accuracy_value', 'NONE');
#2910 = CARTESIAN_POINT ( 'NONE',  ( 57.09545360055889773, 2.449999999999999734, -1.993817174212074939 ) ) ;
#2911 = CARTESIAN_POINT ( 'NONE',  ( 18.50000000000000000, 25.89999999999999858, -1.000000000000000000 ) ) ;
#2912 = VERTEX_POINT ( 'NONE', #9617 ) ;
#2913 = ORIENTED_EDGE ( 'NONE', *, *, #4785, .T. ) ;
#2914 = ADVANCED_FACE ( 'NONE', ( #5152 ), #8727, .F. ) ;
#2915 = ORIENTED_EDGE ( 'NONE', *, *, #3800, .F. ) ;
#2916 = DIRECTION ( 'NONE',  ( 1.000000000000000000, 0.000000000000000000, 0.000000000000000000 ) ) ;
#2917 = DIRECTION ( 'NONE',  ( 1.000000000000000000, 0.000000000000000000, -0.000000000000000000 ) ) ;
#2918 = DIRECTION ( 'NONE',  ( -0.000000000000000000, -1.000000000000000000, 0.000000000000000000 ) ) ;
#2919 = VERTEX_POINT ( 'NONE', #3567 ) ;
#2920 = EDGE_CURVE ( 'NONE', #9999, #495, #10797, .T. ) ;
#2921 = ORIENTED_EDGE ( 'NONE', *, *, #879, .F. ) ;
#2922 = ADVANCED_FACE ( 'NONE', ( #8200 ), #1054, .T. ) ;
#2923 = DIRECTION ( 'NONE',  ( 1.231756314303058296E-16, 1.000000000000000000, -0.000000000000000000 ) ) ;
#2924 = VERTEX_POINT ( 'NONE', #9146 ) ;
#2925 = VECTOR ( 'NONE', #3087, 1000.000000000000000 ) ;
#2926 = ORIENTED_EDGE ( 'NONE', *, *, #5816, .F. ) ;
#2927 = CARTESIAN_POINT ( 'NONE',  ( 55.19999999999999574, 0.000000000000000000, -13.00000000000000000 ) ) ;
#2928 = PLANE ( 'NONE',  #3405 ) ;
#2929 = DIRECTION ( 'NONE',  ( 0.000000000000000000, -0.000000000000000000, 1.000000000000000000 ) ) ;
#2930 = ORIENTED_EDGE ( 'NONE', *, *, #9570, .T. ) ;
#2931 = PLANE ( 'NONE',  #11410 ) ;
#2932 = CARTESIAN_POINT ( 'NONE',  ( 19.50000000000000000, 28.86704589964730161, 0.000000000000000000 ) ) ;
#2933 = VECTOR ( 'NONE', #3412, 1000.000000000000000 ) ;
#2934 = VERTEX_POINT ( 'NONE', #2754 ) ;
#2935 = DIRECTION ( 'NONE',  ( 1.000000000000000000, 2.465133360598621804E-14, 0.000000000000000000 ) ) ;
#2936 = EDGE_CURVE ( 'NONE', #3238, #3420, #1941, .T. ) ;
#2937 = CARTESIAN_POINT ( 'NONE',  ( 1.199999999999999956, 6.949999999999999289, -7.799999999999999822 ) ) ;
#2938 = EDGE_CURVE ( 'NONE', #571, #207, #7263, .T. ) ;
#2939 = LINE ( 'NONE', #7396, #7484 ) ;
#2940 = ORIENTED_EDGE ( 'NONE', *, *, #2404, .F. ) ;
#2941 = VERTEX_POINT ( 'NONE', #6387 ) ;
#2942 = ORIENTED_EDGE ( 'NONE', *, *, #7515, .T. ) ;
#2943 = ADVANCED_FACE ( 'NONE', ( #1879 ), #5567, .F. ) ;
#2944 = LINE ( 'NONE', #3696, #2279 ) ;
#2945 = ORIENTED_EDGE ( 'NONE', *, *, #11615, .F. ) ;
#2946 = CARTESIAN_POINT ( 'NONE',  ( -0.5000000000000079936, -11.60000000000001386, 1.000000000000000888 ) ) ;
#2947 = DIRECTION ( 'NONE',  ( -0.000000000000000000, -0.000000000000000000, 1.000000000000000000 ) ) ;
#2948 = ORIENTED_EDGE ( 'NONE', *, *, #1139, .F. ) ;
#2949 = CARTESIAN_POINT ( 'NONE',  ( 0.000000000000000000, 6.949999999999999289, -7.799999999999999822 ) ) ;
#2950 = CARTESIAN_POINT ( 'NONE',  ( 19.49999999999999289, -14.60000000000001563, 3.000000000000000000 ) ) ;
#2951 = AXIS2_PLACEMENT_3D ( 'NONE', #7492, #1270, #9423 ) ;
#2952 = ORIENTED_EDGE ( 'NONE', *, *, #9550, .F. ) ;
#2953 = ORIENTED_EDGE ( 'NONE', *, *, #11348, .F. ) ;
#2954 = EDGE_LOOP ( 'NONE', ( #1192, #4301, #6514, #7671 ) ) ;
#2955 = ADVANCED_FACE ( 'NONE', ( #8260 ), #4510, .F. ) ;
#2956 = DIRECTION ( 'NONE',  ( -1.000000000000000000, 0.000000000000000000, 0.000000000000000000 ) ) ;
#2957 = DIRECTION ( 'NONE',  ( -1.000000000000000000, 0.000000000000000000, 0.000000000000000000 ) ) ;
#2958 = ORIENTED_EDGE ( 'NONE', *, *, #10584, .F. ) ;
#2959 = DIRECTION ( 'NONE',  ( 0.000000000000000000, 1.000000000000000000, -0.000000000000000000 ) ) ;
#2960 = AXIS2_PLACEMENT_3D ( 'NONE', #10366, #4850, #1166 ) ;
#2961 = DIRECTION ( 'NONE',  ( 0.000000000000000000, 0.000000000000000000, -1.000000000000000000 ) ) ;
#2962 = CARTESIAN_POINT ( 'NONE',  ( 15.49999999999999467, -129.5999999999999943, -14.00099999999999945 ) ) ;
#2963 = CARTESIAN_POINT ( 'NONE',  ( 55.50000000000000000, 5.950000000000000178, -1.000000000000000000 ) ) ;
#2964 = AXIS2_PLACEMENT_3D ( 'NONE', #10149, #5848, #1232 ) ;
#2965 = CYLINDRICAL_SURFACE ( 'NONE', #8502, 0.5000000000000000000 ) ;
#2966 = EDGE_CURVE ( 'NONE', #5810, #2696, #6325, .T. ) ;
#2967 = CARTESIAN_POINT ( 'NONE',  ( 27.50000000000000000, 25.89999999999999858, 0.5000000000000000000 ) ) ;
#2968 = VERTEX_POINT ( 'NONE', #7208 ) ;
#2969 = VECTOR ( 'NONE', #2373, 1000.000000000000000 ) ;
#2970 = VERTEX_POINT ( 'NONE', #4621 ) ;
#2971 = AXIS2_PLACEMENT_3D ( 'NONE', #5556, #6655, #7375 ) ;
#2972 = VERTEX_POINT ( 'NONE', #3744 ) ;
#2973 = EDGE_CURVE ( 'NONE', #7905, #1880, #9913, .T. ) ;
#2974 = AXIS2_PLACEMENT_3D ( 'NONE', #9796, #4275, #9621 ) ;
#2975 = DIRECTION ( 'NONE',  ( 0.000000000000000000, -0.000000000000000000, 1.000000000000000000 ) ) ;
#2976 = CARTESIAN_POINT ( 'NONE',  ( 39.49999999999999289, -144.5999999999999943, 3.000000000000000000 ) ) ;
#2977 = LINE ( 'NONE', #9255, #10043 ) ;
#2978 = VERTEX_POINT ( 'NONE', #60 ) ;
#2979 = VECTOR ( 'NONE', #3912, 1000.000000000000000 ) ;
#2980 = CARTESIAN_POINT ( 'NONE',  ( 60.00000000000001421, 19.40000000000000213, -4.000000000000000000 ) ) ;
#2981 = VERTEX_POINT ( 'NONE', #3628 ) ;
#2982 = ADVANCED_FACE ( 'NONE', ( #115 ), #7325, .T. ) ;
#2983 = AXIS2_PLACEMENT_3D ( 'NONE', #7027, #1586, #8855 ) ;
#2984 = PLANE ( 'NONE',  #8763 ) ;
#2985 = EDGE_LOOP ( 'NONE', ( #57, #7246, #2264, #10806 ) ) ;
#2986 = ORIENTED_EDGE ( 'NONE', *, *, #1535, .F. ) ;
#2987 = VECTOR ( 'NONE', #249, 1000.000000000000000 ) ;
#2988 = DIRECTION ( 'NONE',  ( 1.000000000000000000, 1.084202172485503941E-16, 0.000000000000000000 ) ) ;
#2989 = FACE_OUTER_BOUND ( 'NONE', #4613, .T. ) ;
#2990 = FACE_BOUND ( 'NONE', #1000, .T. ) ;
#2991 = ORIENTED_EDGE ( 'NONE', *, *, #2938, .T. ) ;
#2992 = FACE_OUTER_BOUND ( 'NONE', #6535, .T. ) ;
#2993 = ORIENTED_EDGE ( 'NONE', *, *, #8087, .T. ) ;
#2994 = AXIS2_PLACEMENT_3D ( 'NONE', #6910, #7023, #7085 ) ;
#2995 = CARTESIAN_POINT ( 'NONE',  ( 56.50000000000000000, 21.60000000000000142, 3.000000000000000000 ) ) ;
#2996 = DIRECTION ( 'NONE',  ( 1.000000000000000000, 0.000000000000000000, -0.000000000000000000 ) ) ;
#2997 = DIRECTION ( 'NONE',  ( -1.000000000000000000, 0.000000000000000000, 0.000000000000000000 ) ) ;
#2998 = CARTESIAN_POINT ( 'NONE',  ( 0.000000000000000000, 11.44999999999999929, -14.00000000000000000 ) ) ;
#2999 = ORIENTED_EDGE ( 'NONE', *, *, #4286, .F. ) ;
#3000 = ADVANCED_FACE ( 'NONE', ( #8144 ), #3684, .F. ) ;
#3001 = ORIENTED_EDGE ( 'NONE', *, *, #5353, .T. ) ;
#3002 = ADVANCED_FACE ( 'NONE', ( #1114 ), #11619, .F. ) ;
#3003 = CARTESIAN_POINT ( 'NONE',  ( 32.03000000000000114, 12.80000000000000071, 1.000000000000000000 ) ) ;
#3004 = ORIENTED_EDGE ( 'NONE', *, *, #2188, .T. ) ;
#3005 = PLANE ( 'NONE',  #2318 ) ;
#3006 = DIRECTION ( 'NONE',  ( -1.219727444046191995E-16, 1.000000000000000000, 0.000000000000000000 ) ) ;
#3007 = ORIENTED_EDGE ( 'NONE', *, *, #4330, .F. ) ;
#3008 = DIRECTION ( 'NONE',  ( -0.000000000000000000, -0.000000000000000000, 1.000000000000000000 ) ) ;
#3009 = DIRECTION ( 'NONE',  ( 1.000000000000000000, 0.000000000000000000, 0.000000000000000000 ) ) ;
#3010 = FACE_OUTER_BOUND ( 'NONE', #3974, .T. ) ;
#3011 = EDGE_CURVE ( 'NONE', #2216, #3823, #10740, .T. ) ;
#3012 = ORIENTED_EDGE ( 'NONE', *, *, #8353, .T. ) ;
#3013 = EDGE_LOOP ( 'NONE', ( #11167, #2315, #5538, #6798, #9564, #2172, #9575, #461, #3443 ) ) ;
#3014 = EDGE_LOOP ( 'NONE', ( #7322, #6574, #5869, #10041 ) ) ;
#3015 = DIRECTION ( 'NONE',  ( 1.000000000000000000, -0.000000000000000000, 0.000000000000000000 ) ) ;
#3016 = CARTESIAN_POINT ( 'NONE',  ( 19.49999999999999289, -129.5999999999999943, 3.000000000000000000 ) ) ;
#3017 = CARTESIAN_POINT ( 'NONE',  ( 27.50000000000000000, 24.40000000000000213, 0.000000000000000000 ) ) ;
#3018 = DIRECTION ( 'NONE',  ( -7.228014483236699514E-17, 1.000000000000000000, 0.000000000000000000 ) ) ;
#3019 = VECTOR ( 'NONE', #6539, 1000.000000000000000 ) ;
#3020 = DIRECTION ( 'NONE',  ( -1.000000000000000000, -6.938893903907229955E-15, 6.938893903907229955E-15 ) ) ;
#3021 = DIRECTION ( 'NONE',  ( 1.000000000000000000, 0.000000000000000000, 0.000000000000000000 ) ) ;
#3022 = LINE ( 'NONE', #8586, #8682 ) ;
#3023 = EDGE_CURVE ( 'NONE', #5639, #3464, #2697, .T. ) ;
#3024 = ORIENTED_EDGE ( 'NONE', *, *, #9594, .F. ) ;
#3025 = ORIENTED_EDGE ( 'NONE', *, *, #4505, .T. ) ;
#3026 = VECTOR ( 'NONE', #4111, 1000.000000000000000 ) ;
#3027 = AXIS2_PLACEMENT_3D ( 'NONE', #68, #7214, #1764 ) ;
#3028 = VERTEX_POINT ( 'NONE', #2059 ) ;
#3029 = DIRECTION ( 'NONE',  ( 1.000000000000000000, -0.000000000000000000, 0.000000000000000000 ) ) ;
#3030 = ADVANCED_FACE ( 'NONE', ( #8908 ), #8028, .F. ) ;
#3031 = AXIS2_PLACEMENT_3D ( 'NONE', #781, #4228, #5339 ) ;
#3032 = FACE_OUTER_BOUND ( 'NONE', #6043, .T. ) ;
#3033 = CARTESIAN_POINT ( 'NONE',  ( 19.49999999999999289, -135.5999999999999943, -14.00099999999999945 ) ) ;
#3034 = FACE_OUTER_BOUND ( 'NONE', #3120, .T. ) ;
#3035 = VECTOR ( 'NONE', #8937, 1000.000000000000000 ) ;
#3036 = EDGE_CURVE ( 'NONE', #7384, #7566, #5846, .T. ) ;
#3037 = CARTESIAN_POINT ( 'NONE',  ( 19.49999999999999289, -11.60000000000001386, -14.00099999999999945 ) ) ;
#3038 = ORIENTED_EDGE ( 'NONE', *, *, #4730, .T. ) ;
#3039 = ORIENTED_EDGE ( 'NONE', *, *, #1937, .F. ) ;
#3040 = VECTOR ( 'NONE', #10726, 1000.000000000000000 ) ;
#3041 = FACE_OUTER_BOUND ( 'NONE', #9682, .T. ) ;
#3042 = AXIS2_PLACEMENT_3D ( 'NONE', #1144, #1031, #4715 ) ;
#3043 = ADVANCED_FACE ( 'NONE', ( #5683 ), #3981, .F. ) ;
#3044 = CARTESIAN_POINT ( 'NONE',  ( 55.49999999999999289, -153.6000000000000227, 1.000000000000000000 ) ) ;
#3045 = FACE_BOUND ( 'NONE', #5284, .T. ) ;
#3046 = ORIENTED_EDGE ( 'NONE', *, *, #5208, .F. ) ;
#3047 = CARTESIAN_POINT ( 'NONE',  ( 0.000000000000000000, 0.2000000000000000111, 0.5000000000000000000 ) ) ;
#3048 = EDGE_LOOP ( 'NONE', ( #9554, #3353, #6306, #5286 ) ) ;
#3049 = VECTOR ( 'NONE', #7534, 1000.000000000000000 ) ;
#3050 = DIRECTION ( 'NONE',  ( 0.000000000000000000, 1.000000000000000000, 0.000000000000000000 ) ) ;
#3051 = LINE ( 'NONE', #7509, #9211 ) ;
#3052 = DIRECTION ( 'NONE',  ( 1.219727444046193967E-16, -1.000000000000000000, 0.000000000000000000 ) ) ;
#3053 = CYLINDRICAL_SURFACE ( 'NONE', #376, 0.5000000000000000000 ) ;
#3054 = VERTEX_POINT ( 'NONE', #4088 ) ;
#3055 = VECTOR ( 'NONE', #2257, 1000.000000000000000 ) ;
#3056 = EDGE_CURVE ( 'NONE', #1216, #2478, #1340, .T. ) ;
#3057 = ORIENTED_EDGE ( 'NONE', *, *, #2734, .F. ) ;
#3058 = CARTESIAN_POINT ( 'NONE',  ( 52.76999999999999602, 12.80000000000000071, 3.000000000000000000 ) ) ;
#3059 = ORIENTED_EDGE ( 'NONE', *, *, #2071, .T. ) ;
#3060 = CARTESIAN_POINT ( 'NONE',  ( 51.20000000000000284, 21.60000000000000142, 0.5000000000000000000 ) ) ;
#3061 = DIRECTION ( 'NONE',  ( -1.000000000000000000, 0.000000000000000000, 0.000000000000000000 ) ) ;
#3062 = ORIENTED_EDGE ( 'NONE', *, *, #9177, .T. ) ;
#3063 = CARTESIAN_POINT ( 'NONE',  ( 40.92976288113995054, 6.949999999999999289, 19.08586187794364974 ) ) ;
#3064 = ADVANCED_FACE ( 'NONE', ( #1401, #8326, #352, #2224, #11252, #466, #9435, #4032, #3921, #3095, #6727, #9265, #4969, #8492, #8546, #5731, #4917, #10201, #7670, #7609, #10315, #3210, #1177, #2282, #3859, #6787, #11032, #408, #11193, #10375, #1230, #10145, #6669, #4801, #5627, #3151, #11086, #9208, #4747, #7443, #7558, #10253, #296, #2990, #8377, #6561, #3045, #6616, #9317, #11430, #9607, #5192, #10552, #6071, #6841, #2509, #4318, #9717, #5031, #637, #576, #8605, #3492, #11542 ), #2560, .F. ) ;
#3065 = LINE ( 'NONE', #6747, #11087 ) ;
#3066 = EDGE_CURVE ( 'NONE', #685, #3864, #9551, .T. ) ;
#3067 = ADVANCED_FACE ( 'NONE', ( #8772 ), #690, .F. ) ;
#3068 = VERTEX_POINT ( 'NONE', #751 ) ;
#3069 = VERTEX_POINT ( 'NONE', #8713 ) ;
#3070 = ORIENTED_EDGE ( 'NONE', *, *, #11439, .T. ) ;
#3071 = FACE_OUTER_BOUND ( 'NONE', #2576, .T. ) ;
#3072 = CARTESIAN_POINT ( 'NONE',  ( 28.50000000000000000, -2.299999999999999822, -14.00000000000000000 ) ) ;
#3073 = VERTEX_POINT ( 'NONE', #9489 ) ;
#3074 = DIRECTION ( 'NONE',  ( -0.000000000000000000, -0.000000000000000000, -1.000000000000000000 ) ) ;
#3075 = EDGE_CURVE ( 'NONE', #9147, #3090, #7899, .T. ) ;
#3076 = VECTOR ( 'NONE', #2202, 1000.000000000000000 ) ;
#3077 = CARTESIAN_POINT ( 'NONE',  ( 30.99999999999999645, -59.60000000000002984, 1.000000000000000000 ) ) ;
#3078 = LINE ( 'NONE', #4950, #3385 ) ;
#3079 = LINE ( 'NONE', #8471, #3900 ) ;
#3080 = DIRECTION ( 'NONE',  ( -0.000000000000000000, -0.000000000000000000, 1.000000000000000000 ) ) ;
#3081 = VERTEX_POINT ( 'NONE', #5251 ) ;
#3082 = ORIENTED_EDGE ( 'NONE', *, *, #3608, .F. ) ;
#3083 = ORIENTED_EDGE ( 'NONE', *, *, #1991, .T. ) ;
#3084 = DIRECTION ( 'NONE',  ( -1.000000000000000000, 0.000000000000000000, 0.000000000000000000 ) ) ;
#3085 = DIRECTION ( 'NONE',  ( 0.000000000000000000, -0.000000000000000000, -1.000000000000000000 ) ) ;
#3086 = ADVANCED_FACE ( 'NONE', ( #4147 ), #3269, .F. ) ;
#3087 = DIRECTION ( 'NONE',  ( 0.000000000000000000, 1.000000000000000000, 0.000000000000000000 ) ) ;
#3088 = PLANE ( 'NONE',  #2960 ) ;
#3089 = CARTESIAN_POINT ( 'NONE',  ( 28.50000000000000000, 25.89999999999999858, 1.000000000000000000 ) ) ;
#3090 = VERTEX_POINT ( 'NONE', #1515 ) ;
#3091 = ORIENTED_EDGE ( 'NONE', *, *, #5719, .T. ) ;
#3092 = CARTESIAN_POINT ( 'NONE',  ( -0.5000000000000052180, -138.5999999999999943, 1.000000000000000888 ) ) ;
#3093 = DIRECTION ( 'NONE',  ( -1.000000000000000000, 0.000000000000000000, 0.000000000000000000 ) ) ;
#3094 = ADVANCED_FACE ( 'NONE', ( #8836 ), #7958, .F. ) ;
#3095 = FACE_BOUND ( 'NONE', #1395, .T. ) ;
#3096 = VERTEX_POINT ( 'NONE', #7732 ) ;
#3097 = CARTESIAN_POINT ( 'NONE',  ( -0.2999999999999929945, 10.44999999999999929, -13.00000000000000000 ) ) ;
#3098 = ORIENTED_EDGE ( 'NONE', *, *, #3283, .T. ) ;
#3099 = DIRECTION ( 'NONE',  ( 1.000000000000000000, 0.000000000000000000, 0.000000000000000000 ) ) ;
#3100 = CYLINDRICAL_SURFACE ( 'NONE', #11469, 0.5000000000000000000 ) ;
#3101 = DIRECTION ( 'NONE',  ( 0.000000000000000000, -0.000000000000000000, 1.000000000000000000 ) ) ;
#3102 = EDGE_CURVE ( 'NONE', #8864, #25, #10427, .T. ) ;
#3103 = DIRECTION ( 'NONE',  ( 0.000000000000000000, -0.000000000000000000, -1.000000000000000000 ) ) ;
#3104 = ORIENTED_EDGE ( 'NONE', *, *, #2463, .F. ) ;
#3105 = ORIENTED_EDGE ( 'NONE', *, *, #139, .F. ) ;
#3106 = AXIS2_PLACEMENT_3D ( 'NONE', #7853, #11440, #10086 ) ;
#3107 = EDGE_CURVE ( 'NONE', #10155, #10147, #2739, .T. ) ;
#3108 = LINE ( 'NONE', #5045, #6584 ) ;
#3109 = ORIENTED_EDGE ( 'NONE', *, *, #8949, .F. ) ;
#3110 = DIRECTION ( 'NONE',  ( 0.000000000000000000, 0.000000000000000000, -1.000000000000000000 ) ) ;
#3111 = DIRECTION ( 'NONE',  ( 1.000000000000000000, 0.000000000000000000, 0.000000000000000000 ) ) ;
#3112 = VERTEX_POINT ( 'NONE', #6901 ) ;
#3113 = VECTOR ( 'NONE', #1264, 1000.000000000000000 ) ;
#3114 = CARTESIAN_POINT ( 'NONE',  ( -0.5000000000000052180, -35.60000000000002274, 1.000000000000000888 ) ) ;
#3115 = DIRECTION ( 'NONE',  ( 0.03489949670250408476, 0.000000000000000000, 0.9993908270190955401 ) ) ;
#3116 = CARTESIAN_POINT ( 'NONE',  ( 39.49999999999998579, -123.6000000000000085, 3.000000000000000000 ) ) ;
#3117 = ADVANCED_FACE ( 'NONE', ( #5088 ), #10490, .F. ) ;
#3118 = EDGE_LOOP ( 'NONE', ( #6216, #1405, #8170, #2569, #3105, #3321, #9438, #9163, #5493, #4107 ) ) ;
#3119 = ORIENTED_EDGE ( 'NONE', *, *, #8695, .T. ) ;
#3120 = EDGE_LOOP ( 'NONE', ( #5401, #4312, #1772, #2544 ) ) ;
#3121 = CARTESIAN_POINT ( 'NONE',  ( 19.49999999999999289, -135.5999999999999943, 3.000000000000000000 ) ) ;
#3122 = CARTESIAN_POINT ( 'NONE',  ( 10.00000000000001243, -105.0999999999999943, 3.000000000000000000 ) ) ;
#3123 = CARTESIAN_POINT ( 'NONE',  ( 35.49999999999999289, -123.6000000000000085, -14.00099999999999945 ) ) ;
#3124 = CARTESIAN_POINT ( 'NONE',  ( 48.00000000000001421, -159.6000000000000227, -4.000000000000000000 ) ) ;
#3125 = CARTESIAN_POINT ( 'NONE',  ( 19.49999999999999645, -138.5999999999999943, 1.000000000000000888 ) ) ;
#3126 = CARTESIAN_POINT ( 'NONE',  ( 18.50000000000000000, 25.89999999999999858, -1.000000000000000000 ) ) ;
#3127 = VECTOR ( 'NONE', #6854, 1000.000000000000000 ) ;
#3128 = CARTESIAN_POINT ( 'NONE',  ( 18.50000000000000000, 26.89999999999999858, 1.000000000000000000 ) ) ;
#3129 = ORIENTED_EDGE ( 'NONE', *, *, #10418, .F. ) ;
#3130 = ORIENTED_EDGE ( 'NONE', *, *, #2566, .F. ) ;
#3131 = EDGE_LOOP ( 'NONE', ( #849, #4433, #6902, #5564 ) ) ;
#3132 = ADVANCED_FACE ( 'NONE', ( #3324 ), #2450, .F. ) ;
#3133 = VECTOR ( 'NONE', #8119, 1000.000000000000000 ) ;
#3134 = LINE ( 'NONE', #6711, #2855 ) ;
#3135 = LINE ( 'NONE', #6712, #5369 ) ;
#3136 = EDGE_CURVE ( 'NONE', #3809, #205, #6959, .T. ) ;
#3137 = FACE_OUTER_BOUND ( 'NONE', #5046, .T. ) ;
#3138 = EDGE_CURVE ( 'NONE', #1753, #4757, #226, .T. ) ;
#3139 = AXIS2_PLACEMENT_3D ( 'NONE', #520, #6789, #4091 ) ;
#3140 = LINE ( 'NONE', #8264, #9534 ) ;
#3141 = CARTESIAN_POINT ( 'NONE',  ( -0.5000000000000073275, -20.60000000000002274, 1.000000000000000888 ) ) ;
#3142 = AXIS2_PLACEMENT_3D ( 'NONE', #6648, #7482, #3839 ) ;
#3143 = PLANE ( 'NONE',  #8026 ) ;
#3144 = ORIENTED_EDGE ( 'NONE', *, *, #7932, .T. ) ;
#3145 = ADVANCED_FACE ( 'NONE', ( #1100 ), #2864, .F. ) ;
#3146 = ORIENTED_EDGE ( 'NONE', *, *, #474, .F. ) ;
#3147 = VECTOR ( 'NONE', #5517, 1000.000000000000000 ) ;
#3148 = DIRECTION ( 'NONE',  ( 1.000000000000000000, 0.000000000000000000, -0.000000000000000000 ) ) ;
#3149 = VECTOR ( 'NONE', #8889, 1000.000000000000000 ) ;
#3150 = FACE_OUTER_BOUND ( 'NONE', #6591, .T. ) ;
#3151 = FACE_BOUND ( 'NONE', #4027, .T. ) ;
#3152 = EDGE_LOOP ( 'NONE', ( #4993, #8378, #11164, #6188 ) ) ;
#3153 = LINE ( 'NONE', #5034, #1088 ) ;
#3154 = VERTEX_POINT ( 'NONE', #8957 ) ;
#3155 = DIRECTION ( 'NONE',  ( 0.000000000000000000, 0.000000000000000000, 1.000000000000000000 ) ) ;
#3156 = DIRECTION ( 'NONE',  ( 0.000000000000000000, 0.000000000000000000, 1.000000000000000000 ) ) ;
#3157 = FACE_OUTER_BOUND ( 'NONE', #7103, .T. ) ;
#3158 = VECTOR ( 'NONE', #8623, 1000.000000000000000 ) ;
#3159 = EDGE_CURVE ( 'NONE', #3991, #4417, #6376, .T. ) ;
#3160 = LINE ( 'NONE', #417, #9364 ) ;
#3161 = ORIENTED_EDGE ( 'NONE', *, *, #7599, .F. ) ;
#3162 = AXIS2_PLACEMENT_3D ( 'NONE', #2149, #4719, #3018 ) ;
#3163 = LINE ( 'NONE', #3553, #7621 ) ;
#3164 = CARTESIAN_POINT ( 'NONE',  ( 55.49999999999999289, -141.5999999999999943, 3.000000000000000000 ) ) ;
#3165 = ORIENTED_EDGE ( 'NONE', *, *, #6654, .F. ) ;
#3166 = VECTOR ( 'NONE', #6079, 1000.000000000000000 ) ;
#3167 = EDGE_CURVE ( 'NONE', #6704, #10625, #1802, .T. ) ;
#3168 = DIRECTION ( 'NONE',  ( -2.202823461557890179E-15, -1.000000000000000000, 0.000000000000000000 ) ) ;
#3169 = PLANE ( 'NONE',  #7646 ) ;
#3170 = ORIENTED_EDGE ( 'NONE', *, *, #1422, .F. ) ;
#3171 = CARTESIAN_POINT ( 'NONE',  ( 19.49999999999999289, -20.60000000000002274, 3.000000000000000000 ) ) ;
#3172 = AXIS2_PLACEMENT_3D ( 'NONE', #1417, #4049, #542 ) ;
#3173 = LINE ( 'NONE', #7521, #6953 ) ;
#3174 = PLANE ( 'NONE',  #11262 ) ;
#3175 = ADVANCED_FACE ( 'NONE', ( #8896 ), #3733, .F. ) ;
#3176 = CYLINDRICAL_SURFACE ( 'NONE', #9167, 0.5000000000000000000 ) ;
#3177 = VECTOR ( 'NONE', #5603, 1000.000000000000000 ) ;
#3178 = ORIENTED_EDGE ( 'NONE', *, *, #10896, .T. ) ;
#3179 = ORIENTED_EDGE ( 'NONE', *, *, #8494, .F. ) ;
#3180 = ORIENTED_EDGE ( 'NONE', *, *, #185, .F. ) ;
#3181 = CARTESIAN_POINT ( 'NONE',  ( 55.49999999999999289, -120.6000000000000085, 1.000000000000000888 ) ) ;
#3182 = VERTEX_POINT ( 'NONE', #7136 ) ;
#3183 = EDGE_CURVE ( 'NONE', #1685, #4935, #47, .T. ) ;
#3184 = LINE ( 'NONE', #4010, #4366 ) ;
#3185 = ORIENTED_EDGE ( 'NONE', *, *, #3775, .T. ) ;
#3186 = DIRECTION ( 'NONE',  ( 0.000000000000000000, -0.000000000000000000, -1.000000000000000000 ) ) ;
#3187 = PLANE ( 'NONE',  #964 ) ;
#3188 = PLANE ( 'NONE',  #11400 ) ;
#3189 = DIRECTION ( 'NONE',  ( -1.000000000000000000, -8.286895585876499530E-17, 0.000000000000000000 ) ) ;
#3190 = VERTEX_POINT ( 'NONE', #5501 ) ;
#3191 = ORIENTED_EDGE ( 'NONE', *, *, #5503, .T. ) ;
#3192 = ORIENTED_EDGE ( 'NONE', *, *, #5053, .F. ) ;
#3193 = CARTESIAN_POINT ( 'NONE',  ( 35.49999999999999289, -135.5999999999999943, 3.000000000000000000 ) ) ;
#3194 = CARTESIAN_POINT ( 'NONE',  ( 35.50000000000000000, -150.6000000000000227, 1.000000000000000888 ) ) ;
#3195 = EDGE_CURVE ( 'NONE', #8182, #353, #4612, .T. ) ;
#3196 = VECTOR ( 'NONE', #3893, 1000.000000000000000 ) ;
#3197 = DIRECTION ( 'NONE',  ( -0.000000000000000000, 1.000000000000000000, 0.000000000000000000 ) ) ;
#3198 = FACE_OUTER_BOUND ( 'NONE', #8292, .T. ) ;
#3199 = CARTESIAN_POINT ( 'NONE',  ( -1.811109227115474951, 0.000000000000000000, -13.00000000000000000 ) ) ;
#3200 = EDGE_CURVE ( 'NONE', #8528, #3870, #103, .T. ) ;
#3201 = CIRCLE ( 'NONE', #3763, 3.000000000000000000 ) ;
#3202 = DIRECTION ( 'NONE',  ( 0.000000000000000000, -1.000000000000000000, 0.000000000000000000 ) ) ;
#3203 = ORIENTED_EDGE ( 'NONE', *, *, #3820, .F. ) ;
#3204 = EDGE_CURVE ( 'NONE', #7554, #4786, #10801, .T. ) ;
#3205 = VECTOR ( 'NONE', #708, 1000.000000000000000 ) ;
#3206 = EDGE_CURVE ( 'NONE', #8182, #10730, #7196, .T. ) ;
#3207 = ORIENTED_EDGE ( 'NONE', *, *, #1287, .F. ) ;
#3208 = AXIS2_PLACEMENT_3D ( 'NONE', #8446, #2237, #2298 ) ;
#3209 = DIRECTION ( 'NONE',  ( 1.000000000000000000, 0.000000000000000000, 0.000000000000000000 ) ) ;
#3210 = FACE_BOUND ( 'NONE', #100, .T. ) ;
#3211 = ORIENTED_EDGE ( 'NONE', *, *, #6026, .T. ) ;
#3212 = VECTOR ( 'NONE', #9823, 1000.000000000000000 ) ;
#3213 = EDGE_CURVE ( 'NONE', #11558, #8461, #7251, .T. ) ;
#3214 = CARTESIAN_POINT ( 'NONE',  ( 35.50000000000000000, 25.89999999999999858, 0.5000000000000000000 ) ) ;
#3215 = ORIENTED_EDGE ( 'NONE', *, *, #5476, .F. ) ;
#3216 = CARTESIAN_POINT ( 'NONE',  ( 55.49999999999999289, -123.6000000000000085, 3.000000000000000000 ) ) ;
#3217 = VECTOR ( 'NONE', #5164, 1000.000000000000000 ) ;
#3218 = CARTESIAN_POINT ( 'NONE',  ( -0.5000000000000038858, -47.60000000000001563, 3.000000000000000000 ) ) ;
#3219 = AXIS2_PLACEMENT_3D ( 'NONE', #7898, #8712, #4255 ) ;
#3220 = LINE ( 'NONE', #6736, #4476 ) ;
#3221 = ORIENTED_EDGE ( 'NONE', *, *, #5293, .F. ) ;
#3222 = VECTOR ( 'NONE', #756, 1000.000000000000000 ) ;
#3223 = CARTESIAN_POINT ( 'NONE',  ( 19.49999999999999289, -11.60000000000001386, -14.00099999999999945 ) ) ;
#3224 = PLANE ( 'NONE',  #7709 ) ;
#3225 = VERTEX_POINT ( 'NONE', #6436 ) ;
#3226 = VECTOR ( 'NONE', #4660, 1000.000000000000000 ) ;
#3227 = DIRECTION ( 'NONE',  ( 1.000000000000000000, -2.202823461557889784E-15, 0.000000000000000000 ) ) ;
#3228 = ADVANCED_FACE ( 'NONE', ( #8073 ), #8188, .F. ) ;
#3229 = LINE ( 'NONE', #10332, #10467 ) ;
#3230 = ORIENTED_EDGE ( 'NONE', *, *, #9003, .F. ) ;
#3231 = VECTOR ( 'NONE', #5631, 1000.000000000000000 ) ;
#3232 = DIRECTION ( 'NONE',  ( 1.000000000000000000, 0.000000000000000000, 0.000000000000000000 ) ) ;
#3233 = DIRECTION ( 'NONE',  ( 1.000000000000000000, 0.000000000000000000, 0.000000000000000000 ) ) ;
#3234 = CARTESIAN_POINT ( 'NONE',  ( 6.700000000000000178, 10.92500000000000071, 1.000000000000000000 ) ) ;
#3235 = CARTESIAN_POINT ( 'NONE',  ( 18.50000000000000000, -1.300000000000000044, -1.000000000000000000 ) ) ;
#3236 = AXIS2_PLACEMENT_3D ( 'NONE', #1773, #3585, #5406 ) ;
#3237 = EDGE_LOOP ( 'NONE', ( #3796, #5138, #8105, #11569 ) ) ;
#3238 = VERTEX_POINT ( 'NONE', #6312 ) ;
#3239 = ORIENTED_EDGE ( 'NONE', *, *, #7441, .F. ) ;
#3240 = LINE ( 'NONE', #9728, #8839 ) ;
#3241 = CARTESIAN_POINT ( 'NONE',  ( -4.999999999999981348, -161.6000000000000227, 1.000000000000000000 ) ) ;
#3242 = VERTEX_POINT ( 'NONE', #3673 ) ;
#3243 = CARTESIAN_POINT ( 'NONE',  ( 55.49999999999999289, -26.60000000000001918, 1.000000000000000000 ) ) ;
#3244 = EDGE_CURVE ( 'NONE', #602, #10704, #2624, .T. ) ;
#3245 = ORIENTED_EDGE ( 'NONE', *, *, #11466, .F. ) ;
#3246 = VECTOR ( 'NONE', #2467, 1000.000000000000000 ) ;
#3247 = LINE ( 'NONE', #724, #8980 ) ;
#3248 = DIRECTION ( 'NONE',  ( -1.000000000000000000, 0.000000000000000000, -4.336808689942015271E-16 ) ) ;
#3249 = DIRECTION ( 'NONE',  ( -1.000000000000000000, 0.000000000000000000, 0.000000000000000000 ) ) ;
#3250 = FACE_OUTER_BOUND ( 'NONE', #7116, .T. ) ;
#3251 = EDGE_CURVE ( 'NONE', #9137, #1692, #8015, .T. ) ;
#3252 = ORIENTED_EDGE ( 'NONE', *, *, #10601, .F. ) ;
#3253 = ORIENTED_EDGE ( 'NONE', *, *, #4456, .F. ) ;
#3254 = DIRECTION ( 'NONE',  ( 0.000000000000000000, -1.000000000000000000, 0.000000000000000000 ) ) ;
#3255 = FACE_OUTER_BOUND ( 'NONE', #8616, .T. ) ;
#3256 = VECTOR ( 'NONE', #155, 1000.000000000000000 ) ;
#3257 = CARTESIAN_POINT ( 'NONE',  ( 35.50000000000000000, -153.6000000000000227, 1.000000000000000888 ) ) ;
#3258 = EDGE_CURVE ( 'NONE', #5678, #685, #8721, .T. ) ;
#3259 = CARTESIAN_POINT ( 'NONE',  ( 28.50000000000000000, -2.299999999999999822, 0.000000000000000000 ) ) ;
#3260 = DIRECTION ( 'NONE',  ( 0.000000000000000000, 1.000000000000000000, 0.000000000000000000 ) ) ;
#3261 = DIRECTION ( 'NONE',  ( 1.000000000000000000, 0.000000000000000000, 0.000000000000000000 ) ) ;
#3262 = ORIENTED_EDGE ( 'NONE', *, *, #9282, .F. ) ;
#3263 = EDGE_CURVE ( 'NONE', #4926, #7543, #3473, .T. ) ;
#3264 = VERTEX_POINT ( 'NONE', #8249 ) ;
#3265 = CARTESIAN_POINT ( 'NONE',  ( 18.50000000000000000, -1.300000000000000044, 3.000000000000000000 ) ) ;
#3266 = CARTESIAN_POINT ( 'NONE',  ( 54.69999999999999574, 17.44999999999999929, 1.000000000000000000 ) ) ;
#3267 = EDGE_CURVE ( 'NONE', #8710, #6182, #3793, .T. ) ;
#3268 = CIRCLE ( 'NONE', #1400, 0.5000000000000000000 ) ;
#3269 = PLANE ( 'NONE',  #5727 ) ;
#3270 = ORIENTED_EDGE ( 'NONE', *, *, #10951, .F. ) ;
#3271 = ADVANCED_FACE ( 'NONE', ( #9521 ), #6552, .T. ) ;
#3272 = DIRECTION ( 'NONE',  ( 0.000000000000000000, 0.000000000000000000, -1.000000000000000000 ) ) ;
#3273 = VERTEX_POINT ( 'NONE', #6606 ) ;
#3274 = LINE ( 'NONE', #6732, #2678 ) ;
#3275 = DIRECTION ( 'NONE',  ( -1.000000000000000000, 0.000000000000000000, 0.000000000000000000 ) ) ;
#3276 = LINE ( 'NONE', #4095, #465 ) ;
#3277 = CARTESIAN_POINT ( 'NONE',  ( 55.00000000000000000, 5.950000000000000178, 1.000000000000000000 ) ) ;
#3278 = EDGE_LOOP ( 'NONE', ( #10172, #3915, #2768, #7834 ) ) ;
#3279 = EDGE_CURVE ( 'NONE', #9900, #8402, #2977, .T. ) ;
#3280 = FACE_OUTER_BOUND ( 'NONE', #8335, .T. ) ;
#3281 = CARTESIAN_POINT ( 'NONE',  ( 39.49999999999999289, -129.5999999999999943, 1.000000000000000888 ) ) ;
#3282 = VERTEX_POINT ( 'NONE', #11133 ) ;
#3283 = EDGE_CURVE ( 'NONE', #4284, #2477, #2106, .T. ) ;
#3284 = CARTESIAN_POINT ( 'NONE',  ( 35.49999999999999289, -120.6000000000000085, 1.000000000000000888 ) ) ;
#3285 = EDGE_CURVE ( 'NONE', #6562, #11563, #5722, .T. ) ;
#3286 = CARTESIAN_POINT ( 'NONE',  ( 51.20000000000000284, -0.2999999999999999889, 3.000000000000000000 ) ) ;
#3287 = ORIENTED_EDGE ( 'NONE', *, *, #1604, .T. ) ;
#3288 = DIRECTION ( 'NONE',  ( -0.000000000000000000, -0.000000000000000000, 1.000000000000000000 ) ) ;
#3289 = LINE ( 'NONE', #11505, #773 ) ;
#3290 = LINE ( 'NONE', #6151, #7848 ) ;
#3291 = EDGE_CURVE ( 'NONE', #4538, #4173, #2369, .T. ) ;
#3292 = VECTOR ( 'NONE', #8134, 1000.000000000000000 ) ;
#3293 = ORIENTED_EDGE ( 'NONE', *, *, #8339, .T. ) ;
#3294 = ORIENTED_EDGE ( 'NONE', *, *, #5268, .F. ) ;
#3295 = ORIENTED_EDGE ( 'NONE', *, *, #3411, .T. ) ;
#3296 = DIRECTION ( 'NONE',  ( -1.000000000000000000, 0.000000000000000000, 0.000000000000000000 ) ) ;
#3297 = VERTEX_POINT ( 'NONE', #1272 ) ;
#3298 = LINE ( 'NONE', #442, #3055 ) ;
#3299 = DIRECTION ( 'NONE',  ( 0.000000000000000000, -1.000000000000000000, 0.000000000000000000 ) ) ;
#3300 = ORIENTED_EDGE ( 'NONE', *, *, #8874, .F. ) ;
#3301 = FACE_OUTER_BOUND ( 'NONE', #9361, .T. ) ;
#3302 = CARTESIAN_POINT ( 'NONE',  ( 0.000000000000000000, 25.39999999999999858, 1.000000000000000000 ) ) ;
#3303 = CARTESIAN_POINT ( 'NONE',  ( 0.000000000000000000, 30.90000000000000213, -10.00000000000000000 ) ) ;
#3304 = VECTOR ( 'NONE', #4735, 1000.000000000000000 ) ;
#3305 = DIRECTION ( 'NONE',  ( 0.000000000000000000, 1.000000000000000000, -0.000000000000000000 ) ) ;
#3306 = EDGE_CURVE ( 'NONE', #1387, #3873, #1220, .T. ) ;
#3307 = VERTEX_POINT ( 'NONE', #8424 ) ;
#3308 = VERTEX_POINT ( 'NONE', #398 ) ;
#3309 = CARTESIAN_POINT ( 'NONE',  ( 35.50000000000000000, -38.60000000000002274, 3.000000000000000000 ) ) ;
#3310 = CARTESIAN_POINT ( 'NONE',  ( 53.69999999999999574, 6.949999999999999289, 0.000000000000000000 ) ) ;
#3311 = CARTESIAN_POINT ( 'NONE',  ( 19.50000000000000000, 1.199999999999999956, 0.000000000000000000 ) ) ;
#3312 = VECTOR ( 'NONE', #10302, 1000.000000000000000 ) ;
#3313 = ADVANCED_FACE ( 'NONE', ( #4791 ), #8367, .F. ) ;
#3314 = CARTESIAN_POINT ( 'NONE',  ( 39.49999999999999289, -44.60000000000002274, 1.000000000000000888 ) ) ;
#3315 = CARTESIAN_POINT ( 'NONE',  ( 15.49999999999999645, -150.6000000000000227, -14.00099999999999945 ) ) ;
#3316 = CARTESIAN_POINT ( 'NONE',  ( 19.49999999999999289, -120.6000000000000085, 3.000000000000000000 ) ) ;
#3317 = FACE_OUTER_BOUND ( 'NONE', #1416, .T. ) ;
#3318 = VERTEX_POINT ( 'NONE', #4848 ) ;
#3319 = EDGE_CURVE ( 'NONE', #1386, #1595, #10244, .T. ) ;
#3320 = VECTOR ( 'NONE', #10246, 1000.000000000000000 ) ;
#3321 = ORIENTED_EDGE ( 'NONE', *, *, #5434, .F. ) ;
#3322 = CARTESIAN_POINT ( 'NONE',  ( 39.49999999999998579, -20.60000000000002274, -14.00099999999999945 ) ) ;
#3323 = CARTESIAN_POINT ( 'NONE',  ( 55.19999999999999574, 10.44999999999999929, 0.5000000000000000000 ) ) ;
#3324 = FACE_OUTER_BOUND ( 'NONE', #4267, .T. ) ;
#3325 = VERTEX_POINT ( 'NONE', #8633 ) ;
#3326 = EDGE_CURVE ( 'NONE', #7571, #2042, #3847, .T. ) ;
#3327 = LINE ( 'NONE', #2394, #9513 ) ;
#3328 = ORIENTED_EDGE ( 'NONE', *, *, #7231, .F. ) ;
#3329 = FACE_OUTER_BOUND ( 'NONE', #10793, .T. ) ;
#3330 = CARTESIAN_POINT ( 'NONE',  ( 0.000000000000000000, 30.39999999999997016, -4.000000000000000000 ) ) ;
#3331 = VECTOR ( 'NONE', #4258, 1000.000000000000000 ) ;
#3332 = DIRECTION ( 'NONE',  ( 0.000000000000000000, 1.000000000000000000, 0.000000000000000000 ) ) ;
#3333 = ORIENTED_EDGE ( 'NONE', *, *, #5648, .T. ) ;
#3334 = AXIS2_PLACEMENT_3D ( 'NONE', #5172, #3417, #10353 ) ;
#3335 = VECTOR ( 'NONE', #7385, 1000.000000000000000 ) ;
#3336 = LINE ( 'NONE', #761, #5456 ) ;
#3337 = VERTEX_POINT ( 'NONE', #11075 ) ;
#3338 = CARTESIAN_POINT ( 'NONE',  ( 19.49999999999999289, -123.6000000000000085, 3.000000000000000000 ) ) ;
#3339 = DIRECTION ( 'NONE',  ( -1.000000000000000000, 0.000000000000000000, 0.000000000000000000 ) ) ;
#3340 = VERTEX_POINT ( 'NONE', #6490 ) ;
#3341 = VECTOR ( 'NONE', #8319, 1000.000000000000000 ) ;
#3342 = CARTESIAN_POINT ( 'NONE',  ( 3.079999999999999627, 22.91999999999999815, 1.000000000000000000 ) ) ;
#3343 = DIRECTION ( 'NONE',  ( -0.000000000000000000, -0.000000000000000000, -1.000000000000000000 ) ) ;
#3344 = CIRCLE ( 'NONE', #924, 1.549999999999999378 ) ;
#3345 = LINE ( 'NONE', #6922, #4096 ) ;
#3346 = EDGE_CURVE ( 'NONE', #2325, #3054, #10963, .T. ) ;
#3347 = EDGE_CURVE ( 'NONE', #6064, #9134, #9196, .T. ) ;
#3348 = ORIENTED_EDGE ( 'NONE', *, *, #10212, .T. ) ;
#3349 = CIRCLE ( 'NONE', #10476, 0.5000000000000000000 ) ;
#3350 = ORIENTED_EDGE ( 'NONE', *, *, #2562, .F. ) ;
#3351 = ORIENTED_EDGE ( 'NONE', *, *, #2492, .F. ) ;
#3352 = DIRECTION ( 'NONE',  ( 0.000000000000000000, 0.000000000000000000, -1.000000000000000000 ) ) ;
#3353 = ORIENTED_EDGE ( 'NONE', *, *, #6945, .T. ) ;
#3354 = AXIS2_PLACEMENT_3D ( 'NONE', #4369, #9945, #9066 ) ;
#3355 = PLANE ( 'NONE',  #62 ) ;
#3356 = CARTESIAN_POINT ( 'NONE',  ( 35.50000000000000000, -50.60000000000002274, -14.00099999999999945 ) ) ;
#3357 = ORIENTED_EDGE ( 'NONE', *, *, #7932, .F. ) ;
#3358 = DIRECTION ( 'NONE',  ( -0.000000000000000000, -0.000000000000000000, 1.000000000000000000 ) ) ;
#3359 = LINE ( 'NONE', #5171, #6183 ) ;
#3360 = CARTESIAN_POINT ( 'NONE',  ( 35.49999999999999289, -123.6000000000000085, 1.000000000000000888 ) ) ;
#3361 = EDGE_CURVE ( 'NONE', #1140, #5374, #3480, .T. ) ;
#3362 = CARTESIAN_POINT ( 'NONE',  ( 55.49999999999999289, -117.6000000000000085, 3.000000000000000000 ) ) ;
#3363 = AXIS2_PLACEMENT_3D ( 'NONE', #8781, #7965, #10498 ) ;
#3364 = VERTEX_POINT ( 'NONE', #6658 ) ;
#3365 = ORIENTED_EDGE ( 'NONE', *, *, #11599, .F. ) ;
#3366 = DIRECTION ( 'NONE',  ( -0.03489949670250408476, 0.000000000000000000, -0.9993908270190955401 ) ) ;
#3367 = DIRECTION ( 'NONE',  ( -1.000000000000000000, 0.000000000000000000, 0.000000000000000000 ) ) ;
#3368 = LINE ( 'NONE', #1731, #7257 ) ;
#3369 = DIRECTION ( 'NONE',  ( 0.000000000000000000, 0.000000000000000000, -1.000000000000000000 ) ) ;
#3370 = CARTESIAN_POINT ( 'NONE',  ( 62.99999999999998579, 31.39999999999999858, 1.000000000000000000 ) ) ;
#3371 = LINE ( 'NONE', #627, #10114 ) ;
#3372 = FACE_OUTER_BOUND ( 'NONE', #9261, .T. ) ;
#3373 = EDGE_CURVE ( 'NONE', #731, #5009, #5928, .T. ) ;
#3374 = DIRECTION ( 'NONE',  ( 0.000000000000000000, 1.000000000000000000, 0.000000000000000000 ) ) ;
#3375 = VERTEX_POINT ( 'NONE', #4179 ) ;
#3376 = ORIENTED_EDGE ( 'NONE', *, *, #6107, .F. ) ;
#3377 = DIRECTION ( 'NONE',  ( -0.000000000000000000, -0.000000000000000000, -1.000000000000000000 ) ) ;
#3378 = DIRECTION ( 'NONE',  ( 0.000000000000000000, -1.000000000000000000, 0.000000000000000000 ) ) ;
#3379 = CARTESIAN_POINT ( 'NONE',  ( -0.5000000000000038858, -153.6000000000000227, -14.00099999999999945 ) ) ;
#3380 = ORIENTED_EDGE ( 'NONE', *, *, #639, .F. ) ;
#3381 = DIRECTION ( 'NONE',  ( 0.000000000000000000, -1.000000000000000000, 0.000000000000000000 ) ) ;
#3382 = EDGE_CURVE ( 'NONE', #3112, #3069, #1549, .T. ) ;
#3383 = EDGE_LOOP ( 'NONE', ( #11401, #6880, #967, #7405 ) ) ;
#3384 = PLANE ( 'NONE',  #3971 ) ;
#3385 = VECTOR ( 'NONE', #6701, 1000.000000000000000 ) ;
#3386 = LINE ( 'NONE', #10497, #2718 ) ;
#3387 = EDGE_LOOP ( 'NONE', ( #1131, #807, #6692, #10026 ) ) ;
#3388 = VECTOR ( 'NONE', #11500, 1000.000000000000000 ) ;
#3389 = CARTESIAN_POINT ( 'NONE',  ( -0.5000000000000045519, -147.6000000000000227, 1.000000000000000888 ) ) ;
#3390 = VERTEX_POINT ( 'NONE', #5062 ) ;
#3391 = EDGE_CURVE ( 'NONE', #1805, #4675, #7760, .T. ) ;
#3392 = AXIS2_PLACEMENT_3D ( 'NONE', #597, #9623, #3233 ) ;
#3393 = ORIENTED_EDGE ( 'NONE', *, *, #8068, .F. ) ;
#3394 = VECTOR ( 'NONE', #4887, 1000.000000000000000 ) ;
#3395 = LINE ( 'NONE', #7856, #3715 ) ;
#3396 = CARTESIAN_POINT ( 'NONE',  ( 55.50000000000000000, 5.950000000000000178, 0.5000000000000000000 ) ) ;
#3397 = VERTEX_POINT ( 'NONE', #666 ) ;
#3398 = DIRECTION ( 'NONE',  ( -0.000000000000000000, 1.000000000000000000, 0.000000000000000000 ) ) ;
#3399 = CARTESIAN_POINT ( 'NONE',  ( 35.50000000000000000, 26.89999999999999858, 3.000000000000000000 ) ) ;
#3400 = VECTOR ( 'NONE', #382, 1000.000000000000000 ) ;
#3401 = CARTESIAN_POINT ( 'NONE',  ( 19.49999999999999289, -23.60000000000001563, 1.000000000000000888 ) ) ;
#3402 = ORIENTED_EDGE ( 'NONE', *, *, #1322, .F. ) ;
#3403 = EDGE_CURVE ( 'NONE', #5817, #309, #9863, .T. ) ;
#3404 = ORIENTED_EDGE ( 'NONE', *, *, #10057, .F. ) ;
#3405 = AXIS2_PLACEMENT_3D ( 'NONE', #11142, #8258, #11085 ) ;
#3406 = VERTEX_POINT ( 'NONE', #2595 ) ;
#3407 = DIRECTION ( 'NONE',  ( 0.000000000000000000, -1.000000000000000000, 0.000000000000000000 ) ) ;
#3408 = VERTEX_POINT ( 'NONE', #10758 ) ;
#3409 = VECTOR ( 'NONE', #4753, 1000.000000000000000 ) ;
#3410 = LINE ( 'NONE', #1831, #8299 ) ;
#3411 = EDGE_CURVE ( 'NONE', #6039, #1569, #7987, .T. ) ;
#3412 = DIRECTION ( 'NONE',  ( -0.000000000000000000, -0.000000000000000000, 1.000000000000000000 ) ) ;
#3413 = ORIENTED_EDGE ( 'NONE', *, *, #5363, .T. ) ;
#3414 = CARTESIAN_POINT ( 'NONE',  ( -5.550000000000002487, -160.6000000000000227, 1.000000000000000000 ) ) ;
#3415 = EDGE_CURVE ( 'NONE', #11315, #9147, #9747, .T. ) ;
#3416 = DIRECTION ( 'NONE',  ( 1.000000000000000000, -0.000000000000000000, 0.000000000000000000 ) ) ;
#3417 = DIRECTION ( 'NONE',  ( 1.000000000000000000, 0.000000000000000000, 0.000000000000000000 ) ) ;
#3418 = VECTOR ( 'NONE', #6475, 1000.000000000000000 ) ;
#3419 = DIRECTION ( 'NONE',  ( 0.000000000000000000, 0.000000000000000000, 1.000000000000000000 ) ) ;
#3420 = VERTEX_POINT ( 'NONE', #2537 ) ;
#3421 = ORIENTED_EDGE ( 'NONE', *, *, #10239, .F. ) ;
#3422 = EDGE_CURVE ( 'NONE', #7455, #9137, #11458, .T. ) ;
#3423 = LINE ( 'NONE', #6999, #7894 ) ;
#3424 = CARTESIAN_POINT ( 'NONE',  ( 15.49999999999999289, -114.6000000000000085, 1.000000000000000888 ) ) ;
#3425 = DIRECTION ( 'NONE',  ( -0.000000000000000000, -0.000000000000000000, -1.000000000000000000 ) ) ;
#3426 = CIRCLE ( 'NONE', #9997, 1.549999999999995826 ) ;
#3427 = FACE_OUTER_BOUND ( 'NONE', #1830, .T. ) ;
#3428 = LINE ( 'NONE', #4134, #5033 ) ;
#3429 = EDGE_CURVE ( 'NONE', #10811, #4812, #6281, .T. ) ;
#3430 = DIRECTION ( 'NONE',  ( 1.000000000000000000, 0.000000000000000000, 0.000000000000000000 ) ) ;
#3431 = CARTESIAN_POINT ( 'NONE',  ( 0.2000000000000070055, 10.44999999999999929, 1.000000000000000000 ) ) ;
#3432 = DIRECTION ( 'NONE',  ( 1.000000000000000000, 0.000000000000000000, -0.000000000000000000 ) ) ;
#3433 = EDGE_LOOP ( 'NONE', ( #2892, #5741, #11156, #1966 ) ) ;
#3434 = EDGE_CURVE ( 'NONE', #1387, #10814, #874, .T. ) ;
#3435 = CARTESIAN_POINT ( 'NONE',  ( 27.50000000000000000, 0.000000000000000000, 1.000000000000000000 ) ) ;
#3436 = DIRECTION ( 'NONE',  ( 6.938893903907220489E-15, 1.000000000000000000, -6.938893903907229955E-15 ) ) ;
#3437 = DIRECTION ( 'NONE',  ( 0.000000000000000000, 0.000000000000000000, -1.000000000000000000 ) ) ;
#3438 = ORIENTED_EDGE ( 'NONE', *, *, #5363, .F. ) ;
#3439 = CARTESIAN_POINT ( 'NONE',  ( -0.5000000000000038858, -47.60000000000001563, 1.000000000000000888 ) ) ;
#3440 = ORIENTED_EDGE ( 'NONE', *, *, #10510, .T. ) ;
#3441 = VECTOR ( 'NONE', #5963, 1000.000000000000000 ) ;
#3442 = CARTESIAN_POINT ( 'NONE',  ( 19.49999999999999645, -44.60000000000002274, -14.00099999999999945 ) ) ;
#3443 = ORIENTED_EDGE ( 'NONE', *, *, #9614, .T. ) ;
#3444 = CARTESIAN_POINT ( 'NONE',  ( 55.19999999999999574, 17.44999999999999929, -14.00000000000000000 ) ) ;
#3445 = ORIENTED_EDGE ( 'NONE', *, *, #6654, .T. ) ;
#3446 = EDGE_CURVE ( 'NONE', #10237, #2238, #8869, .T. ) ;
#3447 = VECTOR ( 'NONE', #6, 1000.000000000000000 ) ;
#3448 = LINE ( 'NONE', #8629, #9408 ) ;
#3449 = DIRECTION ( 'NONE',  ( 0.000000000000000000, 0.000000000000000000, -1.000000000000000000 ) ) ;
#3450 = ORIENTED_EDGE ( 'NONE', *, *, #5967, .T. ) ;
#3451 = DIRECTION ( 'NONE',  ( 0.000000000000000000, 1.000000000000000000, -0.000000000000000000 ) ) ;
#3452 = FACE_OUTER_BOUND ( 'NONE', #7261, .T. ) ;
#3453 = ORIENTED_EDGE ( 'NONE', *, *, #9220, .F. ) ;
#3454 = EDGE_CURVE ( 'NONE', #9116, #10521, #5342, .T. ) ;
#3455 = CARTESIAN_POINT ( 'NONE',  ( 19.49999999999999289, -32.60000000000001563, 3.000000000000000000 ) ) ;
#3456 = CARTESIAN_POINT ( 'NONE',  ( 3.079999999999999627, 22.91999999999999815, 1.000000000000000000 ) ) ;
#3457 = DIRECTION ( 'NONE',  ( -0.000000000000000000, 1.000000000000000000, 0.000000000000000000 ) ) ;
#3458 = ORIENTED_EDGE ( 'NONE', *, *, #10705, .T. ) ;
#3459 = ADVANCED_FACE ( 'NONE', ( #15 ), #4407, .F. ) ;
#3460 = ORIENTED_EDGE ( 'NONE', *, *, #9241, .T. ) ;
#3461 = VERTEX_POINT ( 'NONE', #7812 ) ;
#3462 = ORIENTED_EDGE ( 'NONE', *, *, #7836, .F. ) ;
#3463 = LINE ( 'NONE', #1596, #3217 ) ;
#3464 = VERTEX_POINT ( 'NONE', #7109 ) ;
#3465 = FACE_OUTER_BOUND ( 'NONE', #9656, .T. ) ;
#3466 = CARTESIAN_POINT ( 'NONE',  ( 59.99999999999998579, 31.39999999999999858, 3.000000000000000000 ) ) ;
#3467 = ORIENTED_EDGE ( 'NONE', *, *, #984, .T. ) ;
#3468 = FACE_BOUND ( 'NONE', #5255, .T. ) ;
#3469 = ADVANCED_FACE ( 'NONE', ( #10695 ), #6225, .T. ) ;
#3470 = LINE ( 'NONE', #6875, #2636 ) ;
#3471 = CARTESIAN_POINT ( 'NONE',  ( 2.500000000000000000, 2.500000000000000000, -1.000000000000000000 ) ) ;
#3472 = PLANE ( 'NONE',  #4611 ) ;
#3473 = CIRCLE ( 'NONE', #6290, 0.5000000000000000000 ) ;
#3474 = ORIENTED_EDGE ( 'NONE', *, *, #4208, .T. ) ;
#3475 = ORIENTED_EDGE ( 'NONE', *, *, #5187, .T. ) ;
#3476 = CARTESIAN_POINT ( 'NONE',  ( 19.49999999999999645, -147.6000000000000227, 3.000000000000000000 ) ) ;
#3477 = DIRECTION ( 'NONE',  ( 1.000000000000000000, 0.000000000000000000, 0.000000000000000000 ) ) ;
#3478 = LINE ( 'NONE', #9592, #10638 ) ;
#3479 = DIRECTION ( 'NONE',  ( -0.000000000000000000, 1.000000000000000000, 0.000000000000000000 ) ) ;
#3480 = CIRCLE ( 'NONE', #11362, 1.549999999999995826 ) ;
#3481 = DIRECTION ( 'NONE',  ( 0.000000000000000000, 1.000000000000000000, 0.000000000000000000 ) ) ;
#3482 = CYLINDRICAL_SURFACE ( 'NONE', #11425, 2.799999999999999822 ) ;
#3483 = CARTESIAN_POINT ( 'NONE',  ( 39.49999999999999289, -135.5999999999999943, 3.000000000000000000 ) ) ;
#3484 = DIRECTION ( 'NONE',  ( -0.000000000000000000, -1.000000000000000000, 0.000000000000000000 ) ) ;
#3485 = ORIENTED_EDGE ( 'NONE', *, *, #154, .F. ) ;
#3486 = VERTEX_POINT ( 'NONE', #722 ) ;
#3487 = ADVANCED_FACE ( 'NONE', ( #9812 ), #1774, .F. ) ;
#3488 = EDGE_CURVE ( 'NONE', #5245, #896, #9635, .T. ) ;
#3489 = LINE ( 'NONE', #7067, #8399 ) ;
#3490 = ORIENTED_EDGE ( 'NONE', *, *, #652, .F. ) ;
#3491 = DIRECTION ( 'NONE',  ( -1.000000000000000000, 0.000000000000000000, 0.000000000000000000 ) ) ;
#3492 = FACE_BOUND ( 'NONE', #3237, .T. ) ;
#3493 = ORIENTED_EDGE ( 'NONE', *, *, #6323, .F. ) ;
#3494 = CARTESIAN_POINT ( 'NONE',  ( -5.000000000000003553, -149.6000000000000227, -4.000000000000000000 ) ) ;
#3495 = ORIENTED_EDGE ( 'NONE', *, *, #117, .T. ) ;
#3496 = DIRECTION ( 'NONE',  ( 0.000000000000000000, 0.000000000000000000, -1.000000000000000000 ) ) ;
#3497 = EDGE_CURVE ( 'NONE', #1311, #3991, #9869, .T. ) ;
#3498 = VECTOR ( 'NONE', #4671, 1000.000000000000000 ) ;
#3499 = DIRECTION ( 'NONE',  ( 1.000000000000000000, 0.000000000000000000, -0.000000000000000000 ) ) ;
#3500 = ORIENTED_EDGE ( 'NONE', *, *, #1849, .F. ) ;
#3501 = CARTESIAN_POINT ( 'NONE',  ( -0.9916459933285159956, 10.44999999999999929, -13.00000000000000000 ) ) ;
#3502 = ORIENTED_EDGE ( 'NONE', *, *, #639, .T. ) ;
#3503 = VECTOR ( 'NONE', #1789, 1000.000000000000000 ) ;
#3504 = LINE ( 'NONE', #3281, #8449 ) ;
#3505 = EDGE_LOOP ( 'NONE', ( #6392, #3788, #9891, #11278, #1101 ) ) ;
#3506 = LINE ( 'NONE', #9853, #262 ) ;
#3507 = CARTESIAN_POINT ( 'NONE',  ( -0.2999999999999929945, 10.44999999999999929, 0.5000000000000000000 ) ) ;
#3508 = ORIENTED_EDGE ( 'NONE', *, *, #6864, .F. ) ;
#3509 = VECTOR ( 'NONE', #3381, 1000.000000000000000 ) ;
#3510 = CARTESIAN_POINT ( 'NONE',  ( 19.50000000000000000, 27.43078173849590229, -13.00000000000000000 ) ) ;
#3511 = ADVANCED_FACE ( 'NONE', ( #5168 ), #6099, .T. ) ;
#3512 = DIRECTION ( 'NONE',  ( 1.000000000000000000, -0.000000000000000000, 0.000000000000000000 ) ) ;
#3513 = FACE_OUTER_BOUND ( 'NONE', #11154, .T. ) ;
#3514 = ORIENTED_EDGE ( 'NONE', *, *, #4109, .T. ) ;
#3515 = VECTOR ( 'NONE', #8769, 1000.000000000000000 ) ;
#3516 = EDGE_LOOP ( 'NONE', ( #8550, #6080 ) ) ;
#3517 = VECTOR ( 'NONE', #10443, 1000.000000000000000 ) ;
#3518 = EDGE_CURVE ( 'NONE', #5455, #1500, #8991, .T. ) ;
#3519 = ORIENTED_EDGE ( 'NONE', *, *, #1694, .T. ) ;
#3520 = ORIENTED_EDGE ( 'NONE', *, *, #7458, .F. ) ;
#3521 = CARTESIAN_POINT ( 'NONE',  ( 28.50000000000000000, -3.299999999999999822, 0.000000000000000000 ) ) ;
#3522 = EDGE_LOOP ( 'NONE', ( #1940, #4669, #2165, #6458 ) ) ;
#3523 = VECTOR ( 'NONE', #7244, 1000.000000000000000 ) ;
#3524 = CARTESIAN_POINT ( 'NONE',  ( 2.195509399283149684E-16, -1.800000000000000044, 1.000000000000000000 ) ) ;
#3525 = DIRECTION ( 'NONE',  ( -1.000000000000000000, 0.000000000000000000, 0.000000000000000000 ) ) ;
#3526 = ORIENTED_EDGE ( 'NONE', *, *, #3678, .T. ) ;
#3527 = CARTESIAN_POINT ( 'NONE',  ( -1.300000000000000044, 18.45000000000000284, 3.000000000000000000 ) ) ;
#3528 = VECTOR ( 'NONE', #11417, 1000.000000000000000 ) ;
#3529 = FACE_OUTER_BOUND ( 'NONE', #6430, .T. ) ;
#3530 = LINE ( 'NONE', #7113, #10356 ) ;
#3531 = EDGE_CURVE ( 'NONE', #233, #5323, #2748, .T. ) ;
#3532 = LINE ( 'NONE', #2661, #2178 ) ;
#3533 = VECTOR ( 'NONE', #9984, 1000.000000000000000 ) ;
#3534 = ORIENTED_EDGE ( 'NONE', *, *, #11171, .T. ) ;
#3535 = EDGE_CURVE ( 'NONE', #5957, #4253, #7933, .T. ) ;
#3536 = ORIENTED_EDGE ( 'NONE', *, *, #2179, .T. ) ;
#3537 = AXIS2_PLACEMENT_3D ( 'NONE', #10462, #7874, #1601 ) ;
#3538 = VERTEX_POINT ( 'NONE', #2016 ) ;
#3539 = DIRECTION ( 'NONE',  ( 1.000000000000000000, -2.209838822900395026E-16, 0.000000000000000000 ) ) ;
#3540 = LINE ( 'NONE', #7120, #5472 ) ;
#3541 = PLANE ( 'NONE',  #1459 ) ;
#3542 = CARTESIAN_POINT ( 'NONE',  ( 0.000000000000000000, -2.299999999999999822, -14.00000000000000000 ) ) ;
#3543 = VECTOR ( 'NONE', #5242, 1000.000000000000000 ) ;
#3544 = CARTESIAN_POINT ( 'NONE',  ( 55.49999999999999289, -38.60000000000002274, 3.000000000000000000 ) ) ;
#3545 = CARTESIAN_POINT ( 'NONE',  ( -4.000000000000003553, -160.6000000000000227, 3.000000000000000000 ) ) ;
#3546 = DIRECTION ( 'NONE',  ( 1.000000000000000000, 0.000000000000000000, 0.000000000000000000 ) ) ;
#3547 = CARTESIAN_POINT ( 'NONE',  ( 2.500000000000000000, 23.09999999999999787, 0.5000000000000000000 ) ) ;
#3548 = DIRECTION ( 'NONE',  ( -1.000000000000000000, 0.000000000000000000, -0.000000000000000000 ) ) ;
#3549 = EDGE_LOOP ( 'NONE', ( #10977, #10719, #3581, #4345, #1279, #3579, #9332 ) ) ;
#3550 = ORIENTED_EDGE ( 'NONE', *, *, #10600, .F. ) ;
#3551 = EDGE_CURVE ( 'NONE', #6964, #2445, #7346, .T. ) ;
#3552 = CARTESIAN_POINT ( 'NONE',  ( 48.00000000000001421, 30.39999999999997016, -4.000000000000000000 ) ) ;
#3553 = CARTESIAN_POINT ( 'NONE',  ( 48.00000000000001421, 31.39999999999999858, 1.000000000000000000 ) ) ;
#3554 = CARTESIAN_POINT ( 'NONE',  ( 39.49999999999999289, -129.5999999999999943, 3.000000000000000000 ) ) ;
#3555 = DIRECTION ( 'NONE',  ( 0.000000000000000000, 0.000000000000000000, 1.000000000000000000 ) ) ;
#3556 = ORIENTED_EDGE ( 'NONE', *, *, #11007, .F. ) ;
#3557 = EDGE_CURVE ( 'NONE', #537, #4552, #2076, .T. ) ;
#3558 = ORIENTED_EDGE ( 'NONE', *, *, #5759, .T. ) ;
#3559 = CARTESIAN_POINT ( 'NONE',  ( 55.49999999999999289, -114.6000000000000085, -14.00099999999999945 ) ) ;
#3560 = EDGE_CURVE ( 'NONE', #6236, #4165, #9227, .T. ) ;
#3561 = EDGE_CURVE ( 'NONE', #8029, #10745, #2772, .T. ) ;
#3562 = PLANE ( 'NONE',  #7649 ) ;
#3563 = ORIENTED_EDGE ( 'NONE', *, *, #2517, .T. ) ;
#3564 = DIRECTION ( 'NONE',  ( 0.000000000000000000, -0.000000000000000000, -1.000000000000000000 ) ) ;
#3565 = ORIENTED_EDGE ( 'NONE', *, *, #9447, .T. ) ;
#3566 = EDGE_CURVE ( 'NONE', #6974, #10599, #8160, .T. ) ;
#3567 = CARTESIAN_POINT ( 'NONE',  ( 55.50000000000000000, 18.45000000000000284, -1.000000000000000000 ) ) ;
#3568 = ORIENTED_EDGE ( 'NONE', *, *, #10385, .F. ) ;
#3569 = AXIS2_PLACEMENT_3D ( 'NONE', #138, #9109, #1135 ) ;
#3570 = DIRECTION ( 'NONE',  ( -0.000000000000000000, -0.000000000000000000, 1.000000000000000000 ) ) ;
#3571 = CARTESIAN_POINT ( 'NONE',  ( 18.50000000000000000, 0.2000000000000000111, 1.000000000000000000 ) ) ;
#3572 = ORIENTED_EDGE ( 'NONE', *, *, #2404, .T. ) ;
#3573 = DIRECTION ( 'NONE',  ( -0.000000000000000000, -0.000000000000000000, -1.000000000000000000 ) ) ;
#3574 = CARTESIAN_POINT ( 'NONE',  ( 19.50000000000000000, 0.2000000000000000111, 0.5000000000000000000 ) ) ;
#3575 = CARTESIAN_POINT ( 'NONE',  ( 39.49999999999998579, -123.6000000000000085, 1.000000000000000888 ) ) ;
#3576 = ORIENTED_EDGE ( 'NONE', *, *, #4633, .F. ) ;
#3577 = VECTOR ( 'NONE', #5159, 1000.000000000000000 ) ;
#3578 = VECTOR ( 'NONE', #6622, 1000.000000000000000 ) ;
#3579 = ORIENTED_EDGE ( 'NONE', *, *, #2821, .T. ) ;
#3580 = CIRCLE ( 'NONE', #2650, 0.5000000000000000000 ) ;
#3581 = ORIENTED_EDGE ( 'NONE', *, *, #7990, .F. ) ;
#3582 = EDGE_CURVE ( 'NONE', #9128, #8619, #10993, .T. ) ;
#3583 = CARTESIAN_POINT ( 'NONE',  ( 39.49999999999998579, -14.60000000000001563, 1.000000000000000888 ) ) ;
#3584 = VERTEX_POINT ( 'NONE', #258 ) ;
#3585 = DIRECTION ( 'NONE',  ( 0.000000000000000000, -1.000000000000000000, 0.000000000000000000 ) ) ;
#3586 = CARTESIAN_POINT ( 'NONE',  ( -0.5000000000000073275, -20.60000000000002274, 3.000000000000000000 ) ) ;
#3587 = EDGE_LOOP ( 'NONE', ( #10869, #6496, #7650, #425 ) ) ;
#3588 = CARTESIAN_POINT ( 'NONE',  ( 35.49999999999999289, -126.5999999999999943, 1.000000000000000888 ) ) ;
#3589 = AXIS2_PLACEMENT_3D ( 'NONE', #10175, #11061, #4828 ) ;
#3590 = LINE ( 'NONE', #4472, #1149 ) ;
#3591 = PLANE ( 'NONE',  #4351 ) ;
#3592 = DIRECTION ( 'NONE',  ( -0.000000000000000000, -0.000000000000000000, 1.000000000000000000 ) ) ;
#3593 = VECTOR ( 'NONE', #810, 1000.000000000000000 ) ;
#3594 = ORIENTED_EDGE ( 'NONE', *, *, #7061, .T. ) ;
#3595 = VECTOR ( 'NONE', #8172, 1000.000000000000000 ) ;
#3596 = VERTEX_POINT ( 'NONE', #4641 ) ;
#3597 = ORIENTED_EDGE ( 'NONE', *, *, #739, .F. ) ;
#3598 = ADVANCED_FACE ( 'NONE', ( #7284 ), #1958, .F. ) ;
#3599 = DIRECTION ( 'NONE',  ( 0.000000000000000000, -0.000000000000000000, -1.000000000000000000 ) ) ;
#3600 = CARTESIAN_POINT ( 'NONE',  ( 15.49999999999999289, -117.6000000000000085, -14.00099999999999945 ) ) ;
#3601 = CARTESIAN_POINT ( 'NONE',  ( 18.21999999999999886, 22.91999999999999815, 3.000000000000000000 ) ) ;
#3602 = LINE ( 'NONE', #1851, #2488 ) ;
#3603 = VECTOR ( 'NONE', #10475, 1000.000000000000000 ) ;
#3604 = DIRECTION ( 'NONE',  ( -0.000000000000000000, -1.000000000000000000, 0.000000000000000000 ) ) ;
#3605 = LINE ( 'NONE', #35, #6943 ) ;
#3606 = CARTESIAN_POINT ( 'NONE',  ( 39.49999999999999289, -153.6000000000000227, 1.000000000000000888 ) ) ;
#3607 = CARTESIAN_POINT ( 'NONE',  ( 15.49999999999999289, -11.60000000000001386, -14.00099999999999945 ) ) ;
#3608 = EDGE_CURVE ( 'NONE', #2490, #7923, #9169, .T. ) ;
#3609 = LINE ( 'NONE', #8065, #3722 ) ;
#3610 = ORIENTED_EDGE ( 'NONE', *, *, #32, .F. ) ;
#3611 = ORIENTED_EDGE ( 'NONE', *, *, #32, .T. ) ;
#3612 = AXIS2_PLACEMENT_3D ( 'NONE', #3645, #6098, #2715 ) ;
#3613 = EDGE_CURVE ( 'NONE', #892, #11552, #10107, .T. ) ;
#3614 = DIRECTION ( 'NONE',  ( 1.000000000000000000, 0.000000000000000000, 0.000000000000000000 ) ) ;
#3615 = CARTESIAN_POINT ( 'NONE',  ( 28.50000000000000000, -0.2999999999999999889, 1.000000000000000000 ) ) ;
#3616 = LINE ( 'NONE', #2863, #7156 ) ;
#3617 = DIRECTION ( 'NONE',  ( 0.000000000000000000, 1.000000000000000000, -0.000000000000000000 ) ) ;
#3618 = ORIENTED_EDGE ( 'NONE', *, *, #686, .F. ) ;
#3619 = PLANE ( 'NONE',  #7631 ) ;
#3620 = ORIENTED_EDGE ( 'NONE', *, *, #10637, .T. ) ;
#3621 = ADVANCED_FACE ( 'NONE', ( #3822 ), #10047, .F. ) ;
#3622 = CARTESIAN_POINT ( 'NONE',  ( 58.00000000000000711, 19.40000000000000213, 1.000000000000000000 ) ) ;
#3623 = CARTESIAN_POINT ( 'NONE',  ( 55.49999999999999289, -11.60000000000001386, -14.00099999999999945 ) ) ;
#3624 = ORIENTED_EDGE ( 'NONE', *, *, #1756, .T. ) ;
#3625 = DIRECTION ( 'NONE',  ( 1.000000000000000000, 0.000000000000000000, -0.000000000000000000 ) ) ;
#3626 = ORIENTED_EDGE ( 'NONE', *, *, #7747, .F. ) ;
#3627 = FACE_OUTER_BOUND ( 'NONE', #7042, .T. ) ;
#3628 = CARTESIAN_POINT ( 'NONE',  ( 27.50000000000000000, -1.904089349672995146, -13.00000000000000000 ) ) ;
#3629 = VERTEX_POINT ( 'NONE', #1194 ) ;
#3630 = AXIS2_PLACEMENT_3D ( 'NONE', #8527, #1437, #5880 ) ;
#3631 = CARTESIAN_POINT ( 'NONE',  ( 19.49999999999999289, -23.60000000000001563, 1.000000000000000888 ) ) ;
#3632 = DIRECTION ( 'NONE',  ( -0.000000000000000000, -1.000000000000000000, -0.000000000000000000 ) ) ;
#3633 = ORIENTED_EDGE ( 'NONE', *, *, #6443, .T. ) ;
#3634 = DIRECTION ( 'NONE',  ( -0.000000000000000000, -0.000000000000000000, 1.000000000000000000 ) ) ;
#3635 = LINE ( 'NONE', #7215, #8511 ) ;
#3636 = EDGE_CURVE ( 'NONE', #6919, #3420, #4764, .T. ) ;
#3637 = CARTESIAN_POINT ( 'NONE',  ( 27.50000000000000000, -2.269905377680174752, -0.06419140816129449700 ) ) ;
#3638 = VERTEX_POINT ( 'NONE', #7404 ) ;
#3639 = ADVANCED_FACE ( 'NONE', ( #11051 ), #311, .T. ) ;
#3640 = ORIENTED_EDGE ( 'NONE', *, *, #1901, .T. ) ;
#3641 = EDGE_LOOP ( 'NONE', ( #3653, #6984, #6136, #6470 ) ) ;
#3642 = ADVANCED_FACE ( 'NONE', ( #8220 ), #3646, .T. ) ;
#3643 = LINE ( 'NONE', #5638, #7888 ) ;
#3644 = ORIENTED_EDGE ( 'NONE', *, *, #3924, .F. ) ;
#3645 = CARTESIAN_POINT ( 'NONE',  ( 19.49999999999999289, -32.60000000000001563, -14.00099999999999945 ) ) ;
#3646 = CYLINDRICAL_SURFACE ( 'NONE', #8021, 5.299999999999998934 ) ;
#3647 = ORIENTED_EDGE ( 'NONE', *, *, #7779, .T. ) ;
#3648 = FACE_BOUND ( 'NONE', #1079, .T. ) ;
#3649 = FACE_OUTER_BOUND ( 'NONE', #7966, .T. ) ;
#3650 = DIRECTION ( 'NONE',  ( -0.000000000000000000, -0.000000000000000000, 1.000000000000000000 ) ) ;
#3651 = EDGE_CURVE ( 'NONE', #5323, #7784, #3699, .T. ) ;
#3652 = VERTEX_POINT ( 'NONE', #10163 ) ;
#3653 = ORIENTED_EDGE ( 'NONE', *, *, #4623, .T. ) ;
#3654 = ORIENTED_EDGE ( 'NONE', *, *, #1139, .T. ) ;
#3655 = DIRECTION ( 'NONE',  ( -0.000000000000000000, -0.000000000000000000, 1.000000000000000000 ) ) ;
#3656 = CARTESIAN_POINT ( 'NONE',  ( 55.19999999999999574, 17.44999999999999929, 1.000000000000000000 ) ) ;
#3657 = DIRECTION ( 'NONE',  ( 0.000000000000000000, 1.000000000000000000, 0.000000000000000000 ) ) ;
#3658 = FACE_OUTER_BOUND ( 'NONE', #550, .T. ) ;
#3659 = LINE ( 'NONE', #10712, #2235 ) ;
#3660 = DIRECTION ( 'NONE',  ( 0.000000000000000000, -0.000000000000000000, -1.000000000000000000 ) ) ;
#3661 = LINE ( 'NONE', #1036, #1845 ) ;
#3662 = DIRECTION ( 'NONE',  ( 0.000000000000000000, 0.000000000000000000, 1.000000000000000000 ) ) ;
#3663 = EDGE_CURVE ( 'NONE', #3805, #1294, #2135, .T. ) ;
#3664 = DIRECTION ( 'NONE',  ( 0.000000000000000000, -1.000000000000000000, 0.000000000000000000 ) ) ;
#3665 = EDGE_LOOP ( 'NONE', ( #10346, #9632, #9025, #8349 ) ) ;
#3666 = VECTOR ( 'NONE', #7993, 1000.000000000000000 ) ;
#3667 = ORIENTED_EDGE ( 'NONE', *, *, #5672, .F. ) ;
#3668 = AXIS2_PLACEMENT_3D ( 'NONE', #11366, #7071, #2340 ) ;
#3669 = CARTESIAN_POINT ( 'NONE',  ( 6.700000000000000178, 10.92500000000000071, 3.000000000000000000 ) ) ;
#3670 = CARTESIAN_POINT ( 'NONE',  ( 19.49999999999999289, -32.60000000000001563, 1.000000000000000888 ) ) ;
#3671 = ADVANCED_FACE ( 'NONE', ( #1133 ), #9052, .F. ) ;
#3672 = DIRECTION ( 'NONE',  ( 0.000000000000000000, -0.000000000000000000, 1.000000000000000000 ) ) ;
#3673 = CARTESIAN_POINT ( 'NONE',  ( 15.49999999999999645, -150.6000000000000227, 1.000000000000000888 ) ) ;
#3674 = VERTEX_POINT ( 'NONE', #9334 ) ;
#3675 = FACE_OUTER_BOUND ( 'NONE', #3013, .T. ) ;
#3676 = EDGE_LOOP ( 'NONE', ( #5797, #4477, #6684, #5430, #48, #8229, #5908, #3293, #4504, #3654 ) ) ;
#3677 = DIRECTION ( 'NONE',  ( -0.000000000000000000, -0.000000000000000000, 1.000000000000000000 ) ) ;
#3678 = EDGE_CURVE ( 'NONE', #98, #10223, #5746, .T. ) ;
#3679 = DIRECTION ( 'NONE',  ( -0.000000000000000000, -0.000000000000000000, 1.000000000000000000 ) ) ;
#3680 = ORIENTED_EDGE ( 'NONE', *, *, #5592, .F. ) ;
#3681 = FACE_OUTER_BOUND ( 'NONE', #6485, .T. ) ;
#3682 = VERTEX_POINT ( 'NONE', #2355 ) ;
#3683 = EDGE_CURVE ( 'NONE', #25, #6097, #7686, .T. ) ;
#3684 = PLANE ( 'NONE',  #3855 ) ;
#3685 = VERTEX_POINT ( 'NONE', #371 ) ;
#3686 = DIRECTION ( 'NONE',  ( -0.000000000000000000, -1.000000000000000000, 0.000000000000000000 ) ) ;
#3687 = CARTESIAN_POINT ( 'NONE',  ( 19.49999999999999289, -129.5999999999999943, 3.000000000000000000 ) ) ;
#3688 = ORIENTED_EDGE ( 'NONE', *, *, #633, .F. ) ;
#3689 = CARTESIAN_POINT ( 'NONE',  ( -5.550000000000002487, 30.39999999999999858, 1.000000000000000000 ) ) ;
#3690 = CARTESIAN_POINT ( 'NONE',  ( 0.000000000000000000, 25.39999999999999858, 0.5000000000000000000 ) ) ;
#3691 = LINE ( 'NONE', #2763, #6147 ) ;
#3692 = ORIENTED_EDGE ( 'NONE', *, *, #3582, .F. ) ;
#3693 = VECTOR ( 'NONE', #10307, 1000.000000000000000 ) ;
#3694 = VERTEX_POINT ( 'NONE', #4817 ) ;
#3695 = ORIENTED_EDGE ( 'NONE', *, *, #1481, .T. ) ;
#3696 = CARTESIAN_POINT ( 'NONE',  ( 55.49999999999999289, -32.60000000000001563, 1.000000000000000888 ) ) ;
#3697 = EDGE_LOOP ( 'NONE', ( #8142, #11512, #10627, #6837 ) ) ;
#3698 = CARTESIAN_POINT ( 'NONE',  ( -5.000000000000003553, -149.6000000000000227, 1.000000000000000000 ) ) ;
#3699 = LINE ( 'NONE', #3759, #6896 ) ;
#3700 = EDGE_LOOP ( 'NONE', ( #9192, #2656, #9466, #2632 ) ) ;
#3701 = DIRECTION ( 'NONE',  ( -0.000000000000000000, 1.000000000000000000, 0.000000000000000000 ) ) ;
#3702 = CARTESIAN_POINT ( 'NONE',  ( 10.00000000000001243, -105.0999999999999943, 3.001000000000000334 ) ) ;
#3703 = VECTOR ( 'NONE', #5764, 1000.000000000000000 ) ;
#3704 = DIRECTION ( 'NONE',  ( 0.000000000000000000, 0.000000000000000000, 1.000000000000000000 ) ) ;
#3705 = EDGE_CURVE ( 'NONE', #5448, #7269, #6860, .T. ) ;
#3706 = AXIS2_PLACEMENT_3D ( 'NONE', #7729, #4966, #8711 ) ;
#3707 = ADVANCED_FACE ( 'NONE', ( #3938 ), #11158, .F. ) ;
#3708 = VECTOR ( 'NONE', #5146, 1000.000000000000000 ) ;
#3709 = VERTEX_POINT ( 'NONE', #1245 ) ;
#3710 = ORIENTED_EDGE ( 'NONE', *, *, #527, .F. ) ;
#3711 = EDGE_LOOP ( 'NONE', ( #7970, #1225, #6978, #2859 ) ) ;
#3712 = LINE ( 'NONE', #7296, #3776 ) ;
#3713 = CARTESIAN_POINT ( 'NONE',  ( 35.50000000000000000, -44.60000000000002274, 1.000000000000000000 ) ) ;
#3714 = CARTESIAN_POINT ( 'NONE',  ( -0.5000000000000052180, -35.60000000000002274, 3.000000000000000000 ) ) ;
#3715 = VECTOR ( 'NONE', #4335, 1000.000000000000000 ) ;
#3716 = LINE ( 'NONE', #1315, #11301 ) ;
#3717 = EDGE_CURVE ( 'NONE', #6431, #9147, #4047, .T. ) ;
#3718 = CARTESIAN_POINT ( 'NONE',  ( 19.49999999999999645, -38.60000000000002274, 3.000000000000000000 ) ) ;
#3719 = CARTESIAN_POINT ( 'NONE',  ( 57.45000000000001705, -160.6000000000000227, 1.000000000000000000 ) ) ;
#3720 = CARTESIAN_POINT ( 'NONE',  ( -7.999999999999981348, -161.6000000000000227, 1.000000000000000000 ) ) ;
#3721 = FACE_OUTER_BOUND ( 'NONE', #7316, .T. ) ;
#3722 = VECTOR ( 'NONE', #7128, 1000.000000000000000 ) ;
#3723 = CARTESIAN_POINT ( 'NONE',  ( 19.49999999999999645, -144.5999999999999943, 3.000000000000000000 ) ) ;
#3724 = ORIENTED_EDGE ( 'NONE', *, *, #4398, .T. ) ;
#3725 = VECTOR ( 'NONE', #5064, 1000.000000000000000 ) ;
#3726 = ORIENTED_EDGE ( 'NONE', *, *, #7219, .T. ) ;
#3727 = ORIENTED_EDGE ( 'NONE', *, *, #6201, .F. ) ;
#3728 = DIRECTION ( 'NONE',  ( -0.000000000000000000, -0.000000000000000000, -1.000000000000000000 ) ) ;
#3729 = LINE ( 'NONE', #5499, #1820 ) ;
#3730 = VECTOR ( 'NONE', #7034, 1000.000000000000000 ) ;
#3731 = DIRECTION ( 'NONE',  ( -0.000000000000000000, -0.000000000000000000, 1.000000000000000000 ) ) ;
#3732 = ADVANCED_FACE ( 'NONE', ( #8562 ), #3169, .F. ) ;
#3733 = CYLINDRICAL_SURFACE ( 'NONE', #1992, 0.5000000000000000000 ) ;
#3734 = ORIENTED_EDGE ( 'NONE', *, *, #2920, .F. ) ;
#3735 = VECTOR ( 'NONE', #9121, 1000.000000000000000 ) ;
#3736 = CARTESIAN_POINT ( 'NONE',  ( 30.99999999999999645, -59.60000000000002984, 3.000000000000000000 ) ) ;
#3737 = VERTEX_POINT ( 'NONE', #2185 ) ;
#3738 = DIRECTION ( 'NONE',  ( 0.000000000000000000, -1.000000000000000000, 0.000000000000000000 ) ) ;
#3739 = CIRCLE ( 'NONE', #7855, 5.799999999999999822 ) ;
#3740 = ORIENTED_EDGE ( 'NONE', *, *, #5682, .F. ) ;
#3741 = CARTESIAN_POINT ( 'NONE',  ( 2.500000000000035083, 26.89999999999999858, 3.000000000000000000 ) ) ;
#3742 = VERTEX_POINT ( 'NONE', #2411 ) ;
#3743 = EDGE_CURVE ( 'NONE', #2981, #3584, #3229, .T. ) ;
#3744 = CARTESIAN_POINT ( 'NONE',  ( 15.49999999999999289, -123.6000000000000085, 3.000000000000000000 ) ) ;
#3745 = EDGE_LOOP ( 'NONE', ( #9914, #7603, #1003, #11618 ) ) ;
#3746 = DIRECTION ( 'NONE',  ( -0.000000000000000000, -0.000000000000000000, 1.000000000000000000 ) ) ;
#3747 = CARTESIAN_POINT ( 'NONE',  ( 19.49999999999999289, -117.6000000000000085, 3.000000000000000000 ) ) ;
#3748 = EDGE_LOOP ( 'NONE', ( #6408, #4469, #1465, #5653 ) ) ;
#3749 = LINE ( 'NONE', #1702, #2100 ) ;
#3750 = LINE ( 'NONE', #2705, #1969 ) ;
#3751 = EDGE_CURVE ( 'NONE', #5497, #8709, #9451, .T. ) ;
#3752 = LINE ( 'NONE', #126, #3533 ) ;
#3753 = EDGE_LOOP ( 'NONE', ( #404, #4524, #10032, #5281 ) ) ;
#3754 = VERTEX_POINT ( 'NONE', #1415 ) ;
#3755 = ORIENTED_EDGE ( 'NONE', *, *, #5443, .F. ) ;
#3756 = DIRECTION ( 'NONE',  ( -1.000000000000000000, 0.000000000000000000, 0.000000000000000000 ) ) ;
#3757 = ORIENTED_EDGE ( 'NONE', *, *, #2344, .F. ) ;
#3758 = CARTESIAN_POINT ( 'NONE',  ( 15.49999999999999467, -26.60000000000001918, 3.000000000000000000 ) ) ;
#3759 = CARTESIAN_POINT ( 'NONE',  ( -2.299999999999999822, -1.662443331144435120E-16, 0.000000000000000000 ) ) ;
#3760 = ORIENTED_EDGE ( 'NONE', *, *, #1502, .F. ) ;
#3761 = FACE_BOUND ( 'NONE', #2353, .T. ) ;
#3762 = CARTESIAN_POINT ( 'NONE',  ( 2.500000000000000000, 25.89999999999999858, 3.000000000000000000 ) ) ;
#3763 = AXIS2_PLACEMENT_3D ( 'NONE', #8733, #3343, #709 ) ;
#3764 = FACE_OUTER_BOUND ( 'NONE', #11409, .T. ) ;
#3765 = EDGE_CURVE ( 'NONE', #61, #9164, #6632, .T. ) ;
#3766 = VECTOR ( 'NONE', #8096, 1000.000000000000000 ) ;
#3767 = VECTOR ( 'NONE', #4873, 1000.000000000000000 ) ;
#3768 = VERTEX_POINT ( 'NONE', #539 ) ;
#3769 = ORIENTED_EDGE ( 'NONE', *, *, #9487, .F. ) ;
#3770 = ORIENTED_EDGE ( 'NONE', *, *, #3267, .F. ) ;
#3771 = EDGE_CURVE ( 'NONE', #10286, #6952, #10272, .T. ) ;
#3772 = DIRECTION ( 'NONE',  ( 0.000000000000000000, 0.000000000000000000, 1.000000000000000000 ) ) ;
#3773 = CARTESIAN_POINT ( 'NONE',  ( 55.49999999999999289, -35.60000000000002274, -14.00099999999999945 ) ) ;
#3774 = LINE ( 'NONE', #2028, #1084 ) ;
#3775 = EDGE_CURVE ( 'NONE', #2249, #2820, #2587, .T. ) ;
#3776 = VECTOR ( 'NONE', #7530, 1000.000000000000000 ) ;
#3777 = CARTESIAN_POINT ( 'NONE',  ( 27.50000000000000000, 25.89999999999999858, -7.799999999999999822 ) ) ;
#3778 = DIRECTION ( 'NONE',  ( 1.000000000000000000, -0.000000000000000000, -0.000000000000000000 ) ) ;
#3779 = AXIS2_PLACEMENT_3D ( 'NONE', #7637, #8575, #5707 ) ;
#3780 = CARTESIAN_POINT ( 'NONE',  ( -9.035018104045871311E-18, 0.2000000000000000111, 1.000000000000000000 ) ) ;
#3781 = CARTESIAN_POINT ( 'NONE',  ( -0.5000000000000045519, -44.60000000000002274, 1.000000000000000888 ) ) ;
#3782 = VECTOR ( 'NONE', #941, 1000.000000000000000 ) ;
#3783 = DIRECTION ( 'NONE',  ( 1.000000000000000000, 1.571070317865787908E-14, 0.000000000000000000 ) ) ;
#3784 = DIRECTION ( 'NONE',  ( 0.000000000000000000, 0.000000000000000000, 1.000000000000000000 ) ) ;
#3785 = AXIS2_PLACEMENT_3D ( 'NONE', #6110, #9699, #1670 ) ;
#3786 = VERTEX_POINT ( 'NONE', #9504 ) ;
#3787 = ADVANCED_FACE ( 'NONE', ( #1474 ), #6683, .F. ) ;
#3788 = ORIENTED_EDGE ( 'NONE', *, *, #10777, .T. ) ;
#3789 = ORIENTED_EDGE ( 'NONE', *, *, #6252, .T. ) ;
#3790 = DIRECTION ( 'NONE',  ( 0.000000000000000000, -1.000000000000000000, 0.000000000000000000 ) ) ;
#3791 = AXIS2_PLACEMENT_3D ( 'NONE', #10962, #10190, #4904 ) ;
#3792 = CARTESIAN_POINT ( 'NONE',  ( 15.49999999999999645, -141.5999999999999943, 3.000000000000000000 ) ) ;
#3793 = LINE ( 'NONE', #11020, #1614 ) ;
#3794 = ORIENTED_EDGE ( 'NONE', *, *, #645, .T. ) ;
#3795 = VECTOR ( 'NONE', #2660, 1000.000000000000000 ) ;
#3796 = ORIENTED_EDGE ( 'NONE', *, *, #1112, .F. ) ;
#3797 = LINE ( 'NONE', #5777, #5405 ) ;
#3798 = VECTOR ( 'NONE', #6224, 1000.000000000000000 ) ;
#3799 = ORIENTED_EDGE ( 'NONE', *, *, #11113, .T. ) ;
#3800 = EDGE_CURVE ( 'NONE', #98, #6339, #8618, .T. ) ;
#3801 = ORIENTED_EDGE ( 'NONE', *, *, #7877, .F. ) ;
#3802 = CARTESIAN_POINT ( 'NONE',  ( 19.49999999999999645, -141.5999999999999943, 1.000000000000000888 ) ) ;
#3803 = LINE ( 'NONE', #6668, #8472 ) ;
#3804 = DIRECTION ( 'NONE',  ( 0.000000000000000000, 0.03349678200752206209, 0.9994388253390702470 ) ) ;
#3805 = VERTEX_POINT ( 'NONE', #4164 ) ;
#3806 = AXIS2_PLACEMENT_3D ( 'NONE', #5745, #3110, #4163 ) ;
#3807 = DIRECTION ( 'NONE',  ( 0.000000000000000000, 0.000000000000000000, 1.000000000000000000 ) ) ;
#3808 = CARTESIAN_POINT ( 'NONE',  ( 55.49999999999999289, -138.5999999999999943, 3.000000000000000000 ) ) ;
#3809 = VERTEX_POINT ( 'NONE', #1362 ) ;
#3810 = DIRECTION ( 'NONE',  ( 0.000000000000000000, 1.000000000000000000, 0.000000000000000000 ) ) ;
#3811 = PLANE ( 'NONE',  #599 ) ;
#3812 = EDGE_CURVE ( 'NONE', #4081, #537, #8963, .T. ) ;
#3813 = CARTESIAN_POINT ( 'NONE',  ( -5.000000000000003553, -149.6000000000000227, -4.000000000000000000 ) ) ;
#3814 = ORIENTED_EDGE ( 'NONE', *, *, #8556, .F. ) ;
#3815 = VECTOR ( 'NONE', #9889, 1000.000000000000000 ) ;
#3816 = ORIENTED_EDGE ( 'NONE', *, *, #8941, .T. ) ;
#3817 = ORIENTED_EDGE ( 'NONE', *, *, #3899, .T. ) ;
#3818 = CYLINDRICAL_SURFACE ( 'NONE', #2466, 1.000000000000000000 ) ;
#3819 = ORIENTED_EDGE ( 'NONE', *, *, #8339, .F. ) ;
#3820 = EDGE_CURVE ( 'NONE', #7013, #7745, #11328, .T. ) ;
#3821 = CARTESIAN_POINT ( 'NONE',  ( 34.50000000000000000, -2.299999999999999822, -14.00000000000000000 ) ) ;
#3822 = FACE_OUTER_BOUND ( 'NONE', #3933, .T. ) ;
#3823 = VERTEX_POINT ( 'NONE', #11444 ) ;
#3824 = FACE_BOUND ( 'NONE', #24, .T. ) ;
#3825 = DIRECTION ( 'NONE',  ( 1.000000000000000000, -0.000000000000000000, 0.000000000000000000 ) ) ;
#3826 = CARTESIAN_POINT ( 'NONE',  ( -0.5000000000000045519, -147.6000000000000227, -14.00099999999999945 ) ) ;
#3827 = EDGE_CURVE ( 'NONE', #1072, #10668, #883, .T. ) ;
#3828 = ORIENTED_EDGE ( 'NONE', *, *, #4071, .T. ) ;
#3829 = ORIENTED_EDGE ( 'NONE', *, *, #2734, .T. ) ;
#3830 = EDGE_LOOP ( 'NONE', ( #6628, #10823, #863, #5576 ) ) ;
#3831 = CARTESIAN_POINT ( 'NONE',  ( 35.50000000000000000, -150.6000000000000227, 3.000000000000000000 ) ) ;
#3832 = MECHANICAL_DESIGN_GEOMETRIC_PRESENTATION_REPRESENTATION (  '', ( #10209 ), #5142 ) ;
#3833 = LINE ( 'NONE', #8295, #9599 ) ;
#3834 = CARTESIAN_POINT ( 'NONE',  ( 55.49999999999999289, -147.6000000000000227, -14.00099999999999945 ) ) ;
#3835 = ADVANCED_FACE ( 'NONE', ( #10744 ), #2639, .F. ) ;
#3836 = LINE ( 'NONE', #10061, #5670 ) ;
#3837 = DIRECTION ( 'NONE',  ( 0.000000000000000000, 0.000000000000000000, 1.000000000000000000 ) ) ;
#3838 = CARTESIAN_POINT ( 'NONE',  ( 55.50000000000000000, 5.950000000000000178, 3.000000000000000000 ) ) ;
#3839 = DIRECTION ( 'NONE',  ( 1.000000000000000000, 0.000000000000000000, 0.000000000000000000 ) ) ;
#3840 = DIRECTION ( 'NONE',  ( -0.000000000000000000, -1.000000000000000000, -0.000000000000000000 ) ) ;
#3841 = CARTESIAN_POINT ( 'NONE',  ( 0.2000000000000155265, 8.626985028379989374E-17, 1.000000000000000000 ) ) ;
#3842 = EDGE_LOOP ( 'NONE', ( #9797, #7075, #4678, #10852 ) ) ;
#3843 = ORIENTED_EDGE ( 'NONE', *, *, #4208, .F. ) ;
#3844 = VERTEX_POINT ( 'NONE', #5974 ) ;
#3845 = LINE ( 'NONE', #2044, #2201 ) ;
#3846 = PLANE ( 'NONE',  #9604 ) ;
#3847 = LINE ( 'NONE', #612, #10807 ) ;
#3848 = ORIENTED_EDGE ( 'NONE', *, *, #4999, .F. ) ;
#3849 = CARTESIAN_POINT ( 'NONE',  ( -7.999999999999981348, -164.6000000000000227, 1.000000000000000000 ) ) ;
#3850 = ORIENTED_EDGE ( 'NONE', *, *, #8981, .F. ) ;
#3851 = EDGE_CURVE ( 'NONE', #7895, #6064, #1640, .T. ) ;
#3852 = DIRECTION ( 'NONE',  ( -0.000000000000000000, 1.000000000000000000, 0.000000000000000000 ) ) ;
#3853 = VERTEX_POINT ( 'NONE', #9566 ) ;
#3854 = ADVANCED_FACE ( 'NONE', ( #4452 ), #706, .F. ) ;
#3855 = AXIS2_PLACEMENT_3D ( 'NONE', #10920, #7387, #2875 ) ;
#3856 = VERTEX_POINT ( 'NONE', #3396 ) ;
#3857 = DIRECTION ( 'NONE',  ( 0.000000000000000000, -6.938893903907228378E-15, 1.000000000000000000 ) ) ;
#3858 = CARTESIAN_POINT ( 'NONE',  ( 35.49999999999999289, -123.6000000000000085, 1.000000000000000000 ) ) ;
#3859 = FACE_BOUND ( 'NONE', #5220, .T. ) ;
#3860 = ORIENTED_EDGE ( 'NONE', *, *, #5507, .T. ) ;
#3861 = EDGE_CURVE ( 'NONE', #9834, #2667, #9734, .T. ) ;
#3862 = CYLINDRICAL_SURFACE ( 'NONE', #8390, 4.299999999999998046 ) ;
#3863 = VECTOR ( 'NONE', #8281, 1000.000000000000000 ) ;
#3864 = VERTEX_POINT ( 'NONE', #8031 ) ;
#3865 = CYLINDRICAL_SURFACE ( 'NONE', #11480, 3.000000000000000000 ) ;
#3866 = CARTESIAN_POINT ( 'NONE',  ( 27.50000000000000000, -2.269905377680174752, -0.06419140816129449700 ) ) ;
#3867 = DIRECTION ( 'NONE',  ( -0.000000000000000000, -0.000000000000000000, -1.000000000000000000 ) ) ;
#3868 = CARTESIAN_POINT ( 'NONE',  ( 39.49999999999998579, -14.60000000000001563, 3.000000000000000000 ) ) ;
#3869 = VERTEX_POINT ( 'NONE', #10565 ) ;
#3870 = VERTEX_POINT ( 'NONE', #11557 ) ;
#3871 = AXIS2_PLACEMENT_3D ( 'NONE', #3965, #3029, #10189 ) ;
#3872 = CARTESIAN_POINT ( 'NONE',  ( 35.50000000000000000, 26.89999999999999858, -1.000000000000000000 ) ) ;
#3873 = VERTEX_POINT ( 'NONE', #3571 ) ;
#3874 = DIRECTION ( 'NONE',  ( 0.000000000000000000, 0.000000000000000000, -1.000000000000000000 ) ) ;
#3875 = EDGE_CURVE ( 'NONE', #11315, #9713, #1762, .T. ) ;
#3876 = CARTESIAN_POINT ( 'NONE',  ( 3.659182332138600884E-17, -0.2999999999999999889, -13.00000000000000000 ) ) ;
#3877 = EDGE_LOOP ( 'NONE', ( #3440, #10844, #11163, #489 ) ) ;
#3878 = CARTESIAN_POINT ( 'NONE',  ( 55.19999999999999574, 10.44999999999999929, -7.799999999999999822 ) ) ;
#3879 = DIRECTION ( 'NONE',  ( -0.000000000000000000, -0.000000000000000000, 1.000000000000000000 ) ) ;
#3880 = DIRECTION ( 'NONE',  ( -1.000000000000000000, 0.000000000000000000, 0.000000000000000000 ) ) ;
#3881 = VECTOR ( 'NONE', #532, 1000.000000000000000 ) ;
#3882 = EDGE_CURVE ( 'NONE', #6292, #2478, #1587, .T. ) ;
#3883 = ORIENTED_EDGE ( 'NONE', *, *, #280, .F. ) ;
#3884 = ORIENTED_EDGE ( 'NONE', *, *, #6646, .F. ) ;
#3885 = VERTEX_POINT ( 'NONE', #3507 ) ;
#3886 = CARTESIAN_POINT ( 'NONE',  ( 55.49999999999999289, -47.60000000000001563, 1.000000000000000888 ) ) ;
#3887 = DIRECTION ( 'NONE',  ( -1.000000000000000000, 0.000000000000000000, 0.000000000000000000 ) ) ;
#3888 = EDGE_LOOP ( 'NONE', ( #3252, #266, #5199, #8305 ) ) ;
#3889 = DIRECTION ( 'NONE',  ( 0.000000000000000000, 0.000000000000000000, 1.000000000000000000 ) ) ;
#3890 = ADVANCED_FACE ( 'NONE', ( #5209 ), #1700, .F. ) ;
#3891 = AXIS2_PLACEMENT_3D ( 'NONE', #4541, #1909, #1103 ) ;
#3892 = LINE ( 'NONE', #8238, #179 ) ;
#3893 = DIRECTION ( 'NONE',  ( 0.000000000000000000, 1.000000000000000000, -0.000000000000000000 ) ) ;
#3894 = LINE ( 'NONE', #11067, #6129 ) ;
#3895 = CIRCLE ( 'NONE', #10453, 1.000000000000000000 ) ;
#3896 = PLANE ( 'NONE',  #1618 ) ;
#3897 = CARTESIAN_POINT ( 'NONE',  ( 30.99999999999999645, -59.60000000000002984, 3.000000000000000000 ) ) ;
#3898 = EDGE_LOOP ( 'NONE', ( #2644, #8289, #5914, #10959 ) ) ;
#3899 = EDGE_CURVE ( 'NONE', #10521, #5817, #6084, .T. ) ;
#3900 = VECTOR ( 'NONE', #9353, 1000.000000000000000 ) ;
#3901 = EDGE_LOOP ( 'NONE', ( #6826, #4870, #9636, #3365, #4580, #5468, #8677, #1767, #878, #1055, #4771, #4231 ) ) ;
#3902 = VECTOR ( 'NONE', #8257, 1000.000000000000000 ) ;
#3903 = EDGE_LOOP ( 'NONE', ( #5595, #2750, #9071, #8352 ) ) ;
#3904 = VECTOR ( 'NONE', #4585, 1000.000000000000114 ) ;
#3905 = CARTESIAN_POINT ( 'NONE',  ( 18.21999999999999886, 3.875000000000000000, 3.000000000000000000 ) ) ;
#3906 = DIRECTION ( 'NONE',  ( 0.000000000000000000, -1.000000000000000000, 0.000000000000000000 ) ) ;
#3907 = DIRECTION ( 'NONE',  ( -1.000000000000000000, 0.000000000000000000, 0.000000000000000000 ) ) ;
#3908 = VECTOR ( 'NONE', #10672, 1000.000000000000000 ) ;
#3909 = DIRECTION ( 'NONE',  ( 1.000000000000000000, 0.000000000000000000, 0.000000000000000000 ) ) ;
#3910 = ORIENTED_EDGE ( 'NONE', *, *, #11280, .T. ) ;
#3911 = VECTOR ( 'NONE', #7239, 1000.000000000000000 ) ;
#3912 = DIRECTION ( 'NONE',  ( 1.000000000000000000, 0.000000000000000000, -0.000000000000000000 ) ) ;
#3913 = EDGE_LOOP ( 'NONE', ( #11382, #1358, #10371, #6768 ) ) ;
#3914 = ADVANCED_FACE ( 'NONE', ( #7093 ), #10682, .F. ) ;
#3915 = ORIENTED_EDGE ( 'NONE', *, *, #360, .T. ) ;
#3916 = VECTOR ( 'NONE', #9511, 1000.000000000000000 ) ;
#3917 = CARTESIAN_POINT ( 'NONE',  ( 19.49999999999999289, -132.5999999999999943, 1.000000000000000888 ) ) ;
#3918 = VECTOR ( 'NONE', #6176, 1000.000000000000000 ) ;
#3919 = CARTESIAN_POINT ( 'NONE',  ( -5.550000000000002487, 30.39999999999999858, 1.000000000000000000 ) ) ;
#3920 = EDGE_CURVE ( 'NONE', #4028, #1053, #5329, .T. ) ;
#3921 = FACE_BOUND ( 'NONE', #8158, .T. ) ;
#3922 = ORIENTED_EDGE ( 'NONE', *, *, #10573, .F. ) ;
#3923 = EDGE_CURVE ( 'NONE', #10987, #4883, #8790, .T. ) ;
#3924 = EDGE_CURVE ( 'NONE', #5060, #3870, #2468, .T. ) ;
#3925 = DIRECTION ( 'NONE',  ( -1.000000000000000000, 0.000000000000000000, 0.000000000000000000 ) ) ;
#3926 = VERTEX_POINT ( 'NONE', #11503 ) ;
#3927 = VECTOR ( 'NONE', #1464, 1000.000000000000000 ) ;
#3928 = DIRECTION ( 'NONE',  ( -0.000000000000000000, -0.000000000000000000, 1.000000000000000000 ) ) ;
#3929 = FACE_OUTER_BOUND ( 'NONE', #182, .T. ) ;
#3930 = CARTESIAN_POINT ( 'NONE',  ( 60.00000000000001421, 19.40000000000000213, 1.000000000000000000 ) ) ;
#3931 = ORIENTED_EDGE ( 'NONE', *, *, #8936, .T. ) ;
#3932 = EDGE_CURVE ( 'NONE', #5587, #3768, #6031, .T. ) ;
#3933 = EDGE_LOOP ( 'NONE', ( #7512, #5743, #9402, #6728 ) ) ;
#3934 = PLANE ( 'NONE',  #8083 ) ;
#3935 = ORIENTED_EDGE ( 'NONE', *, *, #6495, .F. ) ;
#3936 = ADVANCED_FACE ( 'NONE', ( #3452 ), #7028, .T. ) ;
#3937 = CARTESIAN_POINT ( 'NONE',  ( 0.000000000000000000, 17.44999999999999929, -14.00000000000000000 ) ) ;
#3938 = FACE_OUTER_BOUND ( 'NONE', #11614, .T. ) ;
#3939 = ORIENTED_EDGE ( 'NONE', *, *, #3167, .F. ) ;
#3940 = CARTESIAN_POINT ( 'NONE',  ( 55.50000000000000000, 5.950000000000000178, 3.000000000000000000 ) ) ;
#3941 = LINE ( 'NONE', #9454, #9387 ) ;
#3942 = LINE ( 'NONE', #1367, #8261 ) ;
#3943 = AXIS2_PLACEMENT_3D ( 'NONE', #4116, #552, #11118 ) ;
#3944 = ADVANCED_FACE ( 'NONE', ( #298 ), #3862, .F. ) ;
#3945 = EDGE_LOOP ( 'NONE', ( #1397, #8671, #7292, #10657 ) ) ;
#3946 = ORIENTED_EDGE ( 'NONE', *, *, #739, .T. ) ;
#3947 = EDGE_LOOP ( 'NONE', ( #6439, #10728, #11445, #4225 ) ) ;
#3948 = CARTESIAN_POINT ( 'NONE',  ( 28.50000000000000000, -2.299999999999999822, -14.00000000000000000 ) ) ;
#3949 = CARTESIAN_POINT ( 'NONE',  ( 56.50000000000000000, 18.45000000000000284, 1.000000000000000000 ) ) ;
#3950 = ORIENTED_EDGE ( 'NONE', *, *, #4384, .T. ) ;
#3951 = DIRECTION ( 'NONE',  ( -1.000000000000000000, 0.000000000000000000, 0.000000000000000000 ) ) ;
#3952 = CARTESIAN_POINT ( 'NONE',  ( -0.5000000000000038858, -153.6000000000000227, 1.000000000000000888 ) ) ;
#3953 = AXIS2_PLACEMENT_3D ( 'NONE', #7815, #5291, #11404 ) ;
#3954 = DIRECTION ( 'NONE',  ( 1.000000000000000000, 0.000000000000000000, 0.000000000000000000 ) ) ;
#3955 = LINE ( 'NONE', #2963, #9892 ) ;
#3956 = LINE ( 'NONE', #11127, #3113 ) ;
#3957 = CIRCLE ( 'NONE', #9216, 0.5000000000000000000 ) ;
#3958 = VERTEX_POINT ( 'NONE', #1117 ) ;
#3959 = EDGE_CURVE ( 'NONE', #1252, #1880, #3895, .T. ) ;
#3960 = ORIENTED_EDGE ( 'NONE', *, *, #5693, .T. ) ;
#3961 = AXIS2_PLACEMENT_3D ( 'NONE', #10169, #9397, #7468 ) ;
#3962 = VECTOR ( 'NONE', #2305, 1000.000000000000000 ) ;
#3963 = ORIENTED_EDGE ( 'NONE', *, *, #5268, .T. ) ;
#3964 = PRODUCT_CONTEXT ( 'NONE', #10363, 'mechanical' ) ;
#3965 = CARTESIAN_POINT ( 'NONE',  ( -5.000000000000003553, -149.6000000000000227, -4.000000000000000000 ) ) ;
#3966 = AXIS2_PLACEMENT_3D ( 'NONE', #2013, #5582, #9165 ) ;
#3967 = LINE ( 'NONE', #6435, #2123 ) ;
#3968 = CARTESIAN_POINT ( 'NONE',  ( 58.00000000000000711, 17.44999999999999929, -14.00000000000000000 ) ) ;
#3969 = ADVANCED_FACE ( 'NONE', ( #7445 ), #10923, .F. ) ;
#3970 = CARTESIAN_POINT ( 'NONE',  ( 19.49999999999999289, -26.60000000000001918, 3.000000000000000000 ) ) ;
#3971 = AXIS2_PLACEMENT_3D ( 'NONE', #6906, #11493, #6019 ) ;
#3972 = AXIS2_PLACEMENT_3D ( 'NONE', #9362, #7596, #2379 ) ;
#3973 = LINE ( 'NONE', #7382, #361 ) ;
#3974 = EDGE_LOOP ( 'NONE', ( #4461, #1827, #10990, #834 ) ) ;
#3975 = EDGE_CURVE ( 'NONE', #1053, #5245, #2757, .T. ) ;
#3976 = ORIENTED_EDGE ( 'NONE', *, *, #7022, .F. ) ;
#3977 = AXIS2_PLACEMENT_3D ( 'NONE', #8072, #6310, #165 ) ;
#3978 = PLANE ( 'NONE',  #5224 ) ;
#3979 = VECTOR ( 'NONE', #7054, 1000.000000000000000 ) ;
#3980 = DIRECTION ( 'NONE',  ( -1.000000000000000000, -1.219727444046191995E-16, 0.000000000000000000 ) ) ;
#3981 = PLANE ( 'NONE',  #10988 ) ;
#3982 = ORIENTED_EDGE ( 'NONE', *, *, #4663, .T. ) ;
#3983 = EDGE_CURVE ( 'NONE', #5408, #9616, #66, .T. ) ;
#3984 = DIRECTION ( 'NONE',  ( -0.000000000000000000, -0.000000000000000000, 1.000000000000000000 ) ) ;
#3985 = ORIENTED_EDGE ( 'NONE', *, *, #7804, .F. ) ;
#3986 = CIRCLE ( 'NONE', #799, 1.000000000000000000 ) ;
#3987 = CARTESIAN_POINT ( 'NONE',  ( 15.49999999999999467, -126.5999999999999943, 3.000000000000000000 ) ) ;
#3988 = DIRECTION ( 'NONE',  ( -0.000000000000000000, -0.000000000000000000, -1.000000000000000000 ) ) ;
#3989 = DIRECTION ( 'NONE',  ( 1.000000000000000000, 0.000000000000000000, 0.000000000000000000 ) ) ;
#3990 = LINE ( 'NONE', #8554, #6363 ) ;
#3991 = VERTEX_POINT ( 'NONE', #8204 ) ;
#3992 = AXIS2_PLACEMENT_3D ( 'NONE', #3937, #4640, #1956 ) ;
#3993 = VERTEX_POINT ( 'NONE', #3808 ) ;
#3994 = CARTESIAN_POINT ( 'NONE',  ( 27.50000000000000000, -0.2999999999999999889, 0.5000000000000000000 ) ) ;
#3995 = ORIENTED_EDGE ( 'NONE', *, *, #3582, .T. ) ;
#3996 = FACE_OUTER_BOUND ( 'NONE', #9273, .T. ) ;
#3997 = CARTESIAN_POINT ( 'NONE',  ( -2.450000000000004174, -160.6000000000000227, 1.000000000000000000 ) ) ;
#3998 = ORIENTED_EDGE ( 'NONE', *, *, #8198, .F. ) ;
#3999 = PLANE ( 'NONE',  #1677 ) ;
#4000 = LINE ( 'NONE', #7576, #5463 ) ;
#4001 = LINE ( 'NONE', #433, #2274 ) ;
#4002 = EDGE_CURVE ( 'NONE', #10, #7858, #242, .T. ) ;
#4003 = EDGE_CURVE ( 'NONE', #487, #3337, #4638, .T. ) ;
#4004 = ORIENTED_EDGE ( 'NONE', *, *, #5096, .F. ) ;
#4005 = ORIENTED_EDGE ( 'NONE', *, *, #335, .T. ) ;
#4006 = EDGE_LOOP ( 'NONE', ( #6169, #6143, #7561, #9718 ) ) ;
#4007 = PLANE ( 'NONE',  #2476 ) ;
#4008 = LINE ( 'NONE', #9289, #9399 ) ;
#4009 = ORIENTED_EDGE ( 'NONE', *, *, #3560, .T. ) ;
#4010 = CARTESIAN_POINT ( 'NONE',  ( 19.50000000000000000, 24.40000000000000213, 0.000000000000000000 ) ) ;
#4011 = VECTOR ( 'NONE', #9494, 1000.000000000000000 ) ;
#4012 = CARTESIAN_POINT ( 'NONE',  ( 19.49999999999999645, -50.60000000000002274, -14.00099999999999945 ) ) ;
#4013 = LINE ( 'NONE', #9412, #3196 ) ;
#4014 = DIRECTION ( 'NONE',  ( -1.000000000000000000, 0.000000000000000000, 0.000000000000000000 ) ) ;
#4015 = ADVANCED_FACE ( 'NONE', ( #6270 ), #4750, .F. ) ;
#4016 = LINE ( 'NONE', #4893, #7567 ) ;
#4017 = ORIENTED_EDGE ( 'NONE', *, *, #6405, .T. ) ;
#4018 = ORIENTED_EDGE ( 'NONE', *, *, #1865, .F. ) ;
#4019 = VERTEX_POINT ( 'NONE', #2062 ) ;
#4020 = PLANE ( 'NONE',  #3972 ) ;
#4021 = DIRECTION ( 'NONE',  ( -1.000000000000000000, 0.000000000000000000, 0.000000000000000000 ) ) ;
#4022 = CARTESIAN_POINT ( 'NONE',  ( 35.49999999999999289, -11.60000000000001386, 3.000000000000000000 ) ) ;
#4023 = LINE ( 'NONE', #10922, #4280 ) ;
#4024 = DIRECTION ( 'NONE',  ( -1.000000000000000000, 0.000000000000000000, 0.000000000000000000 ) ) ;
#4025 = ADVANCED_FACE ( 'NONE', ( #5629 ), #8092, .F. ) ;
#4026 = DIRECTION ( 'NONE',  ( 0.000000000000000000, -0.000000000000000000, 1.000000000000000000 ) ) ;
#4027 = EDGE_LOOP ( 'NONE', ( #3221, #5692, #10100, #3165 ) ) ;
#4028 = VERTEX_POINT ( 'NONE', #9212 ) ;
#4029 = EDGE_CURVE ( 'NONE', #7983, #4695, #2879, .T. ) ;
#4030 = DIRECTION ( 'NONE',  ( 1.084202172485503818E-16, -1.000000000000000000, 0.000000000000000000 ) ) ;
#4031 = LINE ( 'NONE', #6498, #4724 ) ;
#4032 = FACE_BOUND ( 'NONE', #1165, .T. ) ;
#4033 = EDGE_LOOP ( 'NONE', ( #2193, #10115, #693, #8973 ) ) ;
#4034 = DIRECTION ( 'NONE',  ( -1.000000000000000000, 0.000000000000000000, 0.000000000000000000 ) ) ;
#4035 = EDGE_CURVE ( 'NONE', #2820, #685, #4514, .T. ) ;
#4036 = ORIENTED_EDGE ( 'NONE', *, *, #10519, .F. ) ;
#4037 = FACE_OUTER_BOUND ( 'NONE', #9345, .T. ) ;
#4038 = DIRECTION ( 'NONE',  ( 0.000000000000000000, -0.000000000000000000, -1.000000000000000000 ) ) ;
#4039 = DIRECTION ( 'NONE',  ( -0.000000000000000000, -0.000000000000000000, 1.000000000000000000 ) ) ;
#4040 = ORIENTED_EDGE ( 'NONE', *, *, #9360, .F. ) ;
#4041 = EDGE_CURVE ( 'NONE', #3993, #1431, #8328, .T. ) ;
#4042 = VERTEX_POINT ( 'NONE', #9037 ) ;
#4043 = AXIS2_PLACEMENT_3D ( 'NONE', #1637, #2464, #6914 ) ;
#4044 = CARTESIAN_POINT ( 'NONE',  ( 0.000000000000000000, 10.44999999999999929, -7.799999999999999822 ) ) ;
#4045 = ORIENTED_EDGE ( 'NONE', *, *, #9885, .F. ) ;
#4046 = LINE ( 'NONE', #7624, #11306 ) ;
#4047 = LINE ( 'NONE', #11269, #2408 ) ;
#4048 = VERTEX_POINT ( 'NONE', #119 ) ;
#4049 = DIRECTION ( 'NONE',  ( 1.000000000000000000, -0.000000000000000000, 0.000000000000000000 ) ) ;
#4050 = LINE ( 'NONE', #2949, #1334 ) ;
#4051 = DIRECTION ( 'NONE',  ( 1.000000000000000000, 0.000000000000000000, 0.000000000000000000 ) ) ;
#4052 = EDGE_CURVE ( 'NONE', #4854, #2085, #4625, .T. ) ;
#4053 = ORIENTED_EDGE ( 'NONE', *, *, #9112, .T. ) ;
#4054 = ORIENTED_EDGE ( 'NONE', *, *, #4499, .T. ) ;
#4055 = EDGE_LOOP ( 'NONE', ( #2779, #4009, #4151, #9085 ) ) ;
#4056 = DIRECTION ( 'NONE',  ( -1.000000000000000000, 6.285229985423258662E-17, 0.000000000000000000 ) ) ;
#4057 = CARTESIAN_POINT ( 'NONE',  ( 2.500000000000035083, 26.89999999999999858, 3.000000000000000000 ) ) ;
#4058 = ORIENTED_EDGE ( 'NONE', *, *, #11190, .T. ) ;
#4059 = DIRECTION ( 'NONE',  ( 0.000000000000000000, -1.000000000000000000, 0.000000000000000000 ) ) ;
#4060 = EDGE_CURVE ( 'NONE', #6565, #5338, #5570, .T. ) ;
#4061 = ORIENTED_EDGE ( 'NONE', *, *, #3751, .F. ) ;
#4062 = CARTESIAN_POINT ( 'NONE',  ( -0.2999999999999929945, 11.44999999999999929, -14.00000000000000000 ) ) ;
#4063 = DIRECTION ( 'NONE',  ( 0.000000000000000000, 0.000000000000000000, 1.000000000000000000 ) ) ;
#4064 = DIRECTION ( 'NONE',  ( 1.000000000000000000, 7.228014483236699514E-17, 0.000000000000000000 ) ) ;
#4065 = EDGE_CURVE ( 'NONE', #5169, #159, #6391, .T. ) ;
#4066 = AXIS2_PLACEMENT_3D ( 'NONE', #5371, #8013, #648 ) ;
#4067 = CARTESIAN_POINT ( 'NONE',  ( 56.50000000000000000, 18.45000000000000284, 0.5000000000000000000 ) ) ;
#4068 = ORIENTED_EDGE ( 'NONE', *, *, #7804, .T. ) ;
#4069 = ORIENTED_EDGE ( 'NONE', *, *, #10691, .F. ) ;
#4070 = ORIENTED_EDGE ( 'NONE', *, *, #8226, .F. ) ;
#4071 = EDGE_CURVE ( 'NONE', #4114, #6469, #184, .T. ) ;
#4072 = VECTOR ( 'NONE', #9183, 1000.000000000000000 ) ;
#4073 = DIRECTION ( 'NONE',  ( 0.000000000000000000, 0.000000000000000000, 1.000000000000000000 ) ) ;
#4074 = DIRECTION ( 'NONE',  ( -0.000000000000000000, -0.000000000000000000, 1.000000000000000000 ) ) ;
#4075 = PLANE ( 'NONE',  #11484 ) ;
#4076 = AXIS2_PLACEMENT_3D ( 'NONE', #10318, #8548, #8380 ) ;
#4077 = LINE ( 'NONE', #6114, #9349 ) ;
#4078 = LINE ( 'NONE', #399, #4823 ) ;
#4079 = VECTOR ( 'NONE', #3592, 1000.000000000000000 ) ;
#4080 = DIRECTION ( 'NONE',  ( 0.000000000000000000, 0.000000000000000000, 1.000000000000000000 ) ) ;
#4081 = VERTEX_POINT ( 'NONE', #3214 ) ;
#4082 = AXIS2_PLACEMENT_3D ( 'NONE', #6250, #9836, #2740 ) ;
#4083 = ORIENTED_EDGE ( 'NONE', *, *, #1991, .F. ) ;
#4084 = EDGE_CURVE ( 'NONE', #7438, #10067, #4150, .T. ) ;
#4085 = PLANE ( 'NONE',  #8202 ) ;
#4086 = VECTOR ( 'NONE', #3738, 1000.000000000000000 ) ;
#4087 = DIRECTION ( 'NONE',  ( 0.000000000000000000, 1.000000000000000000, 0.000000000000000000 ) ) ;
#4088 = CARTESIAN_POINT ( 'NONE',  ( 58.00000000000000711, 17.44999999999999929, 1.000000000000000000 ) ) ;
#4089 = ORIENTED_EDGE ( 'NONE', *, *, #3283, .F. ) ;
#4090 = CIRCLE ( 'NONE', #11216, 2.300000000000000266 ) ;
#4091 = DIRECTION ( 'NONE',  ( 0.000000000000000000, -0.000000000000000000, 1.000000000000000000 ) ) ;
#4092 = ORIENTED_EDGE ( 'NONE', *, *, #7005, .F. ) ;
#4093 = DIRECTION ( 'NONE',  ( 0.000000000000000000, 0.000000000000000000, 1.000000000000000000 ) ) ;
#4094 = LINE ( 'NONE', #9556, #6249 ) ;
#4095 = CARTESIAN_POINT ( 'NONE',  ( -5.000000000000003553, 19.40000000000000213, 1.000000000000000000 ) ) ;
#4096 = VECTOR ( 'NONE', #9626, 1000.000000000000000 ) ;
#4097 = LINE ( 'NONE', #2292, #11232 ) ;
#4098 = ORIENTED_EDGE ( 'NONE', *, *, #6613, .T. ) ;
#4099 = VECTOR ( 'NONE', #6698, 1000.000000000000000 ) ;
#4100 = ADVANCED_FACE ( 'NONE', ( #2285 ), #11195, .F. ) ;
#4101 = DIRECTION ( 'NONE',  ( 1.000000000000000000, -0.000000000000000000, -0.000000000000000000 ) ) ;
#4102 = DIRECTION ( 'NONE',  ( 0.000000000000000000, 0.000000000000000000, 1.000000000000000000 ) ) ;
#4103 = EDGE_LOOP ( 'NONE', ( #10454, #9239, #6128, #3500 ) ) ;
#4104 = VECTOR ( 'NONE', #1052, 1000.000000000000000 ) ;
#4105 = CARTESIAN_POINT ( 'NONE',  ( 6.700000000000000178, 10.92500000000000071, 3.000000000000000000 ) ) ;
#4106 = DIRECTION ( 'NONE',  ( 0.000000000000000000, -0.000000000000000000, 1.000000000000000000 ) ) ;
#4107 = ORIENTED_EDGE ( 'NONE', *, *, #7665, .T. ) ;
#4108 = DIRECTION ( 'NONE',  ( -1.000000000000000000, 0.000000000000000000, 0.000000000000000000 ) ) ;
#4109 = EDGE_CURVE ( 'NONE', #7846, #10566, #3153, .T. ) ;
#4110 = CARTESIAN_POINT ( 'NONE',  ( 51.20000000000000284, 25.89999999999999858, -1.000000000000000000 ) ) ;
#4111 = DIRECTION ( 'NONE',  ( -1.000000000000000000, 0.000000000000000000, 0.000000000000000000 ) ) ;
#4112 = LINE ( 'NONE', #5665, #2055 ) ;
#4113 = VERTEX_POINT ( 'NONE', #11254 ) ;
#4114 = VERTEX_POINT ( 'NONE', #2342 ) ;
#4115 = ORIENTED_EDGE ( 'NONE', *, *, #1015, .F. ) ;
#4116 = CARTESIAN_POINT ( 'NONE',  ( 0.000000000000000000, 25.39999999999999858, 0.5000000000000000000 ) ) ;
#4117 = DIRECTION ( 'NONE',  ( 1.000000000000000000, 0.000000000000000000, 0.000000000000000000 ) ) ;
#4118 = ORIENTED_EDGE ( 'NONE', *, *, #6908, .F. ) ;
#4119 = CARTESIAN_POINT ( 'NONE',  ( -4.999999999999981348, -164.6000000000000227, 1.000000000000000000 ) ) ;
#4120 = ORIENTED_EDGE ( 'NONE', *, *, #4444, .F. ) ;
#4121 = LINE ( 'NONE', #7642, #8222 ) ;
#4122 = ADVANCED_FACE ( 'NONE', ( #11091 ), #4803, .F. ) ;
#4123 = CARTESIAN_POINT ( 'NONE',  ( 39.49999999999998579, -114.6000000000000085, 1.000000000000000888 ) ) ;
#4124 = CARTESIAN_POINT ( 'NONE',  ( 55.49999999999999289, -50.60000000000002274, 3.000000000000000000 ) ) ;
#4125 = PLANE ( 'NONE',  #2006 ) ;
#4126 = EDGE_CURVE ( 'NONE', #3340, #1311, #6729, .T. ) ;
#4127 = EDGE_LOOP ( 'NONE', ( #6851, #4238, #1858, #9618, #11117, #9277, #8381, #10048, #9754, #7383 ) ) ;
#4128 = EDGE_CURVE ( 'NONE', #3273, #9075, #4862, .T. ) ;
#4129 = ORIENTED_EDGE ( 'NONE', *, *, #10887, .F. ) ;
#4130 = LINE ( 'NONE', #7713, #6770 ) ;
#4131 = CARTESIAN_POINT ( 'NONE',  ( 35.49999999999999289, -26.60000000000001918, -14.00099999999999945 ) ) ;
#4132 = VECTOR ( 'NONE', #10526, 1000.000000000000000 ) ;
#4133 = PLANE ( 'NONE',  #4358 ) ;
#4134 = CARTESIAN_POINT ( 'NONE',  ( 58.00000000000000711, 6.949999999999999289, -13.00000000000000000 ) ) ;
#4135 = CARTESIAN_POINT ( 'NONE',  ( 27.50000000000000000, 0.000000000000000000, 1.000000000000000000 ) ) ;
#4136 = EDGE_CURVE ( 'NONE', #475, #3885, #7611, .T. ) ;
#4137 = AXIS2_PLACEMENT_3D ( 'NONE', #484, #4989, #4051 ) ;
#4138 = CARTESIAN_POINT ( 'NONE',  ( 15.49999999999999467, -129.5999999999999943, 1.000000000000000000 ) ) ;
#4139 = ORIENTED_EDGE ( 'NONE', *, *, #7540, .F. ) ;
#4140 = VECTOR ( 'NONE', #3009, 1000.000000000000000 ) ;
#4141 = ORIENTED_EDGE ( 'NONE', *, *, #11351, .T. ) ;
#4142 = EDGE_CURVE ( 'NONE', #862, #61, #6671, .T. ) ;
#4143 = AXIS2_PLACEMENT_3D ( 'NONE', #1068, #4637, #75 ) ;
#4144 = ADVANCED_FACE ( 'NONE', ( #2992 ), #6564, .F. ) ;
#4145 = LINE ( 'NONE', #10426, #4843 ) ;
#4146 = DIRECTION ( 'NONE',  ( 0.000000000000000000, -0.000000000000000000, 1.000000000000000000 ) ) ;
#4147 = FACE_OUTER_BOUND ( 'NONE', #6861, .T. ) ;
#4148 = ORIENTED_EDGE ( 'NONE', *, *, #7658, .F. ) ;
#4149 = VECTOR ( 'NONE', #7882, 1000.000000000000000 ) ;
#4150 = LINE ( 'NONE', #5685, #1840 ) ;
#4151 = ORIENTED_EDGE ( 'NONE', *, *, #2492, .T. ) ;
#4152 = CARTESIAN_POINT ( 'NONE',  ( 19.49999999999999645, -47.60000000000001563, -14.00099999999999945 ) ) ;
#4153 = ADVANCED_FACE ( 'NONE', ( #1288 ), #5901, .T. ) ;
#4154 =( LENGTH_UNIT ( ) NAMED_UNIT ( * ) SI_UNIT ( .MILLI., .METRE. ) );
#4155 = VECTOR ( 'NONE', #3731, 1000.000000000000000 ) ;
#4156 = DIRECTION ( 'NONE',  ( 0.000000000000000000, 1.000000000000000000, -0.000000000000000000 ) ) ;
#4157 = EDGE_LOOP ( 'NONE', ( #4148, #4751, #9953, #8780 ) ) ;
#4158 = VECTOR ( 'NONE', #2565, 1000.000000000000000 ) ;
#4159 = CARTESIAN_POINT ( 'NONE',  ( 55.50000000000000000, 21.60000000000000142, 3.000000000000000000 ) ) ;
#4160 = DIRECTION ( 'NONE',  ( -1.000000000000000000, 0.000000000000000000, 0.000000000000000000 ) ) ;
#4161 = ORIENTED_EDGE ( 'NONE', *, *, #5889, .F. ) ;
#4162 = VECTOR ( 'NONE', #9132, 1000.000000000000000 ) ;
#4163 = DIRECTION ( 'NONE',  ( -1.000000000000000000, 0.000000000000000000, 0.000000000000000000 ) ) ;
#4164 = CARTESIAN_POINT ( 'NONE',  ( 19.49999999999999645, -38.60000000000002274, 1.000000000000000888 ) ) ;
#4165 = VERTEX_POINT ( 'NONE', #9491 ) ;
#4166 = CARTESIAN_POINT ( 'NONE',  ( 51.20000000000000284, -0.2999999999999999889, -1.000000000000000000 ) ) ;
#4167 = EDGE_CURVE ( 'NONE', #5584, #2053, #2227, .T. ) ;
#4168 = CARTESIAN_POINT ( 'NONE',  ( 55.00000000000000000, 21.60000000000000142, 0.5000000000000000000 ) ) ;
#4169 = DIRECTION ( 'NONE',  ( -1.000000000000000000, 0.000000000000000000, 0.000000000000000000 ) ) ;
#4170 = AXIS2_PLACEMENT_3D ( 'NONE', #6406, #9991, #10991 ) ;
#4171 = ORIENTED_EDGE ( 'NONE', *, *, #4227, .F. ) ;
#4172 = ADVANCED_FACE ( 'NONE', ( #4971 ), #5789, .T. ) ;
#4173 = VERTEX_POINT ( 'NONE', #8607 ) ;
#4174 = VERTEX_POINT ( 'NONE', #412 ) ;
#4175 = DIRECTION ( 'NONE',  ( -0.4226182617407039377, 0.000000000000000000, -0.9063077870366479383 ) ) ;
#4176 = DIRECTION ( 'NONE',  ( 1.000000000000000000, 0.000000000000000000, 0.000000000000000000 ) ) ;
#4177 = ORIENTED_EDGE ( 'NONE', *, *, #280, .T. ) ;
#4178 = DIRECTION ( 'NONE',  ( 1.000000000000000000, -0.000000000000000000, 0.000000000000000000 ) ) ;
#4179 = CARTESIAN_POINT ( 'NONE',  ( 19.50000000000000000, -3.272120448235484869, 1.000000000000000000 ) ) ;
#4180 = ORIENTED_EDGE ( 'NONE', *, *, #1783, .F. ) ;
#4181 = CARTESIAN_POINT ( 'NONE',  ( 34.50000000000000000, 25.39999999999999858, 1.000000000000000000 ) ) ;
#4182 = FACE_OUTER_BOUND ( 'NONE', #11100, .T. ) ;
#4183 = FACE_OUTER_BOUND ( 'NONE', #6125, .T. ) ;
#4184 = EDGE_CURVE ( 'NONE', #9436, #551, #468, .T. ) ;
#4185 = LINE ( 'NONE', #10639, #10489 ) ;
#4186 = ORIENTED_EDGE ( 'NONE', *, *, #3183, .F. ) ;
#4187 = EDGE_CURVE ( 'NONE', #2770, #9260, #11392, .T. ) ;
#4188 = ORIENTED_EDGE ( 'NONE', *, *, #8372, .T. ) ;
#4189 = CARTESIAN_POINT ( 'NONE',  ( 15.49999999999999645, -44.60000000000002274, 1.000000000000000888 ) ) ;
#4190 = CARTESIAN_POINT ( 'NONE',  ( 11.00000000000001243, -59.60000000000002984, 3.001000000000000334 ) ) ;
#4191 = AXIS2_PLACEMENT_3D ( 'NONE', #3330, #11258, #3275 ) ;
#4192 = DIRECTION ( 'NONE',  ( 0.000000000000000000, -1.000000000000000000, 0.000000000000000000 ) ) ;
#4193 = CARTESIAN_POINT ( 'NONE',  ( 2.500000000000000000, 23.09999999999999787, 1.000000000000000000 ) ) ;
#4194 = LINE ( 'NONE', #3315, #1126 ) ;
#4195 = CARTESIAN_POINT ( 'NONE',  ( 19.49999999999999645, -35.60000000000002274, 1.000000000000000888 ) ) ;
#4196 = CARTESIAN_POINT ( 'NONE',  ( 51.20000000000000284, -1.800000000000000044, 1.000000000000000000 ) ) ;
#4197 = ORIENTED_EDGE ( 'NONE', *, *, #9539, .F. ) ;
#4198 = ORIENTED_EDGE ( 'NONE', *, *, #6350, .F. ) ;
#4199 = DIRECTION ( 'NONE',  ( 0.000000000000000000, 1.000000000000000000, 0.000000000000000000 ) ) ;
#4200 = CARTESIAN_POINT ( 'NONE',  ( 15.49999999999999289, -11.60000000000001386, 1.000000000000000888 ) ) ;
#4201 = VECTOR ( 'NONE', #11150, 1000.000000000000000 ) ;
#4202 = DIRECTION ( 'NONE',  ( 1.000000000000000000, 1.505836350674309769E-16, 0.000000000000000000 ) ) ;
#4203 = VERTEX_POINT ( 'NONE', #9319 ) ;
#4204 = CARTESIAN_POINT ( 'NONE',  ( 58.99999999999998579, 19.40000000000000213, -4.000000000000000000 ) ) ;
#4205 = ADVANCED_FACE ( 'NONE', ( #355 ), #7506, .F. ) ;
#4206 = ORIENTED_EDGE ( 'NONE', *, *, #5280, .T. ) ;
#4207 = LINE ( 'NONE', #11434, #10729 ) ;
#4208 = EDGE_CURVE ( 'NONE', #2665, #2924, #813, .T. ) ;
#4209 = CARTESIAN_POINT ( 'NONE',  ( 2.500000000000000000, 23.09999999999999787, -1.000000000000000000 ) ) ;
#4210 = EDGE_CURVE ( 'NONE', #10924, #6515, #4320, .T. ) ;
#4211 = DIRECTION ( 'NONE',  ( -1.000000000000000000, 0.000000000000000000, 0.000000000000000000 ) ) ;
#4212 = ORIENTED_EDGE ( 'NONE', *, *, #8720, .T. ) ;
#4213 = CARTESIAN_POINT ( 'NONE',  ( 35.50000000000000000, -50.60000000000002274, 3.000000000000000000 ) ) ;
#4214 = EDGE_CURVE ( 'NONE', #3068, #9134, #9781, .T. ) ;
#4215 = CARTESIAN_POINT ( 'NONE',  ( 28.50000000000000000, -0.2999999999999999889, -10.00000000000000000 ) ) ;
#4216 = EDGE_LOOP ( 'NONE', ( #7702, #2813, #2991, #10750 ) ) ;
#4217 = CARTESIAN_POINT ( 'NONE',  ( 19.50000000000000000, 25.39999999999999858, 1.000000000000000000 ) ) ;
#4218 = CARTESIAN_POINT ( 'NONE',  ( 58.00000000000000711, 10.44999999999999929, -13.00000000000000000 ) ) ;
#4219 = ORIENTED_EDGE ( 'NONE', *, *, #5979, .F. ) ;
#4220 = DIRECTION ( 'NONE',  ( -1.000000000000000000, -2.209838822900395026E-16, 0.000000000000000000 ) ) ;
#4221 = CARTESIAN_POINT ( 'NONE',  ( 39.49999999999998579, -117.6000000000000085, 1.000000000000000888 ) ) ;
#4222 = LINE ( 'NONE', #8796, #11416 ) ;
#4223 = AXIS2_PLACEMENT_3D ( 'NONE', #5373, #6254, #1045 ) ;
#4224 = ORIENTED_EDGE ( 'NONE', *, *, #5816, .T. ) ;
#4225 = ORIENTED_EDGE ( 'NONE', *, *, #2458, .T. ) ;
#4226 = VERTEX_POINT ( 'NONE', #8775 ) ;
#4227 = EDGE_CURVE ( 'NONE', #10400, #5278, #5959, .T. ) ;
#4228 = DIRECTION ( 'NONE',  ( 0.000000000000000000, 0.000000000000000000, 1.000000000000000000 ) ) ;
#4229 = CARTESIAN_POINT ( 'NONE',  ( 1.199999999999999956, 6.949999999999999289, -8.300000000000000711 ) ) ;
#4230 = CARTESIAN_POINT ( 'NONE',  ( 18.50000000000000000, -1.800000000000000044, 0.5000000000000000000 ) ) ;
#4231 = ORIENTED_EDGE ( 'NONE', *, *, #8936, .F. ) ;
#4232 = DIRECTION ( 'NONE',  ( -1.000000000000000000, 0.000000000000000000, 0.000000000000000000 ) ) ;
#4233 = CARTESIAN_POINT ( 'NONE',  ( 55.49999999999999289, -50.60000000000002274, 1.000000000000000888 ) ) ;
#4234 = DIRECTION ( 'NONE',  ( 0.000000000000000000, -0.000000000000000000, 1.000000000000000000 ) ) ;
#4235 = VECTOR ( 'NONE', #5641, 1000.000000000000000 ) ;
#4236 = CARTESIAN_POINT ( 'NONE',  ( 28.50000000000000000, 0.000000000000000000, -14.00000000000000000 ) ) ;
#4237 = EDGE_CURVE ( 'NONE', #11552, #1431, #1517, .T. ) ;
#4238 = ORIENTED_EDGE ( 'NONE', *, *, #5017, .T. ) ;
#4239 = EDGE_LOOP ( 'NONE', ( #7497, #11152, #5336, #8913, #3688, #8505, #3091, #1786, #4793, #9642, #3640, #2004 ) ) ;
#4240 = EDGE_CURVE ( 'NONE', #4042, #10282, #9720, .T. ) ;
#4241 = CARTESIAN_POINT ( 'NONE',  ( 56.50000000000000000, 18.45000000000000284, 3.000000000000000000 ) ) ;
#4242 = PLANE ( 'NONE',  #6600 ) ;
#4243 = CARTESIAN_POINT ( 'NONE',  ( -0.2999999999999929945, 10.44999999999999929, -7.799999999999999822 ) ) ;
#4244 = CARTESIAN_POINT ( 'NONE',  ( -1.300000000000000044, 2.500000000000000000, 3.000000000000000000 ) ) ;
#4245 = VECTOR ( 'NONE', #5100, 1000.000000000000000 ) ;
#4246 = DIRECTION ( 'NONE',  ( 1.000000000000000000, 0.000000000000000000, 0.000000000000000000 ) ) ;
#4247 = LINE ( 'NONE', #7830, #2620 ) ;
#4248 = LINE ( 'NONE', #8597, #6696 ) ;
#4249 = EDGE_CURVE ( 'NONE', #6602, #4350, #3327, .T. ) ;
#4250 = CARTESIAN_POINT ( 'NONE',  ( 18.50000000000000000, 25.89999999999999858, 3.000000000000000000 ) ) ;
#4251 = ORIENTED_EDGE ( 'NONE', *, *, #5360, .F. ) ;
#4252 = VECTOR ( 'NONE', #9700, 1000.000000000000000 ) ;
#4253 = VERTEX_POINT ( 'NONE', #10430 ) ;
#4254 = LINE ( 'NONE', #1398, #6894 ) ;
#4255 = DIRECTION ( 'NONE',  ( -1.000000000000000000, 0.000000000000000000, 0.000000000000000000 ) ) ;
#4256 = DIRECTION ( 'NONE',  ( -0.000000000000000000, -1.000000000000000000, 0.000000000000000000 ) ) ;
#4257 = EDGE_LOOP ( 'NONE', ( #1118, #473, #8438, #634 ) ) ;
#4258 = DIRECTION ( 'NONE',  ( -1.000000000000000000, -0.000000000000000000, -0.000000000000000000 ) ) ;
#4259 = ORIENTED_EDGE ( 'NONE', *, *, #11259, .T. ) ;
#4260 = VECTOR ( 'NONE', #6994, 1000.000000000000000 ) ;
#4261 = EDGE_CURVE ( 'NONE', #1843, #10895, #9553, .T. ) ;
#4262 = FACE_OUTER_BOUND ( 'NONE', #4884, .T. ) ;
#4263 = VECTOR ( 'NONE', #3272, 1000.000000000000000 ) ;
#4264 =( NAMED_UNIT ( * ) PLANE_ANGLE_UNIT ( ) SI_UNIT ( $, .RADIAN. ) );
#4265 = VERTEX_POINT ( 'NONE', #7735 ) ;
#4266 = CARTESIAN_POINT ( 'NONE',  ( 39.49999999999999289, -26.60000000000001918, 1.000000000000000888 ) ) ;
#4267 = EDGE_LOOP ( 'NONE', ( #894, #6234, #6870, #1363 ) ) ;
#4268 = EDGE_CURVE ( 'NONE', #6092, #2377, #8665, .T. ) ;
#4269 = AXIS2_PLACEMENT_3D ( 'NONE', #2541, #789, #1603 ) ;
#4270 = EDGE_CURVE ( 'NONE', #1285, #2825, #692, .T. ) ;
#4271 = EDGE_CURVE ( 'NONE', #8488, #5634, #11432, .T. ) ;
#4272 = FACE_OUTER_BOUND ( 'NONE', #9721, .T. ) ;
#4273 = VERTEX_POINT ( 'NONE', #10492 ) ;
#4274 = CARTESIAN_POINT ( 'NONE',  ( -0.5000000000000079936, -117.6000000000000085, 3.000000000000000000 ) ) ;
#4275 = DIRECTION ( 'NONE',  ( -1.000000000000000000, -1.084202172485503818E-16, 0.000000000000000000 ) ) ;
#4276 = VERTEX_POINT ( 'NONE', #4204 ) ;
#4277 = VECTOR ( 'NONE', #5947, 1000.000000000000000 ) ;
#4278 = CARTESIAN_POINT ( 'NONE',  ( 39.49999999999999289, -26.60000000000001918, -14.00099999999999945 ) ) ;
#4279 = CARTESIAN_POINT ( 'NONE',  ( 35.50000000000000000, -1.300000000000000044, -1.000000000000000000 ) ) ;
#4280 = VECTOR ( 'NONE', #6448, 1000.000000000000000 ) ;
#4281 = ADVANCED_FACE ( 'NONE', ( #2563 ), #9662, .F. ) ;
#4282 = CARTESIAN_POINT ( 'NONE',  ( 39.49999999999998579, -17.60000000000001918, -14.00099999999999945 ) ) ;
#4283 = ORIENTED_EDGE ( 'NONE', *, *, #7599, .T. ) ;
#4284 = VERTEX_POINT ( 'NONE', #3439 ) ;
#4285 = VECTOR ( 'NONE', #1824, 1000.000000000000000 ) ;
#4286 = EDGE_CURVE ( 'NONE', #5929, #10300, #7018, .T. ) ;
#4287 = EDGE_LOOP ( 'NONE', ( #9840, #8958, #5826, #8023 ) ) ;
#4288 = ORIENTED_EDGE ( 'NONE', *, *, #8236, .T. ) ;
#4289 = DIRECTION ( 'NONE',  ( -1.000000000000000000, -0.000000000000000000, -0.000000000000000000 ) ) ;
#4290 = EDGE_LOOP ( 'NONE', ( #1803, #8168, #3799, #8395, #11001 ) ) ;
#4291 = VECTOR ( 'NONE', #11065, 1000.000000000000000 ) ;
#4292 = DIRECTION ( 'NONE',  ( 0.000000000000000000, 0.000000000000000000, -1.000000000000000000 ) ) ;
#4293 = CARTESIAN_POINT ( 'NONE',  ( 3.079999999999999627, 22.91999999999999815, 3.000000000000000000 ) ) ;
#4294 = ORIENTED_EDGE ( 'NONE', *, *, #11007, .T. ) ;
#4295 = DIRECTION ( 'NONE',  ( -1.000000000000000000, 0.000000000000000000, 0.000000000000000000 ) ) ;
#4296 = CARTESIAN_POINT ( 'NONE',  ( 18.50000000000000000, -0.2999999999999999889, 0.5000000000000000000 ) ) ;
#4297 = FACE_OUTER_BOUND ( 'NONE', #10452, .T. ) ;
#4298 = DIRECTION ( 'NONE',  ( -0.000000000000000000, -0.000000000000000000, 1.000000000000000000 ) ) ;
#4299 = VECTOR ( 'NONE', #4039, 1000.000000000000000 ) ;
#4300 = EDGE_CURVE ( 'NONE', #10282, #2216, #11368, .T. ) ;
#4301 = ORIENTED_EDGE ( 'NONE', *, *, #7374, .F. ) ;
#4302 = EDGE_LOOP ( 'NONE', ( #8857, #1544, #4605, #5838 ) ) ;
#4303 = LINE ( 'NONE', #3476, #10337 ) ;
#4304 = CARTESIAN_POINT ( 'NONE',  ( 15.49999999999999467, -32.60000000000001563, -14.00099999999999945 ) ) ;
#4305 = DIRECTION ( 'NONE',  ( 0.000000000000000000, 0.000000000000000000, 1.000000000000000000 ) ) ;
#4306 = DIRECTION ( 'NONE',  ( -0.000000000000000000, -0.000000000000000000, 1.000000000000000000 ) ) ;
#4307 = CARTESIAN_POINT ( 'NONE',  ( 13.00000000000001421, -105.0999999999999943, 3.000000000000000000 ) ) ;
#4308 = FACE_OUTER_BOUND ( 'NONE', #1017, .T. ) ;
#4309 = DIRECTION ( 'NONE',  ( -1.239088197126289831E-16, 1.000000000000000000, 0.000000000000000000 ) ) ;
#4310 = EDGE_CURVE ( 'NONE', #2606, #7373, #7845, .T. ) ;
#4311 = DIRECTION ( 'NONE',  ( -1.000000000000000000, 0.000000000000000000, 0.000000000000000000 ) ) ;
#4312 = ORIENTED_EDGE ( 'NONE', *, *, #4663, .F. ) ;
#4313 = ORIENTED_EDGE ( 'NONE', *, *, #3107, .T. ) ;
#4314 = VECTOR ( 'NONE', #8693, 1000.000000000000000 ) ;
#4315 = CYLINDRICAL_SURFACE ( 'NONE', #2041, 3.524999999999999911 ) ;
#4316 = EDGE_CURVE ( 'NONE', #6814, #10342, #10082, .T. ) ;
#4317 = FACE_OUTER_BOUND ( 'NONE', #9385, .T. ) ;
#4318 = FACE_BOUND ( 'NONE', #8686, .T. ) ;
#4319 = ORIENTED_EDGE ( 'NONE', *, *, #3454, .T. ) ;
#4320 = LINE ( 'NONE', #6843, #5583 ) ;
#4321 = ORIENTED_EDGE ( 'NONE', *, *, #11126, .T. ) ;
#4322 = DIRECTION ( 'NONE',  ( -0.000000000000000000, -0.000000000000000000, 1.000000000000000000 ) ) ;
#4323 = VECTOR ( 'NONE', #2704, 1000.000000000000000 ) ;
#4324 = EDGE_CURVE ( 'NONE', #11069, #3926, #6963, .T. ) ;
#4325 = FACE_OUTER_BOUND ( 'NONE', #2807, .T. ) ;
#4326 = EDGE_LOOP ( 'NONE', ( #2435, #2491, #5351, #10581 ) ) ;
#4327 = VECTOR ( 'NONE', #2520, 1000.000000000000000 ) ;
#4328 = LINE ( 'NONE', #7910, #6722 ) ;
#4329 = ORIENTED_EDGE ( 'NONE', *, *, #9220, .T. ) ;
#4330 = EDGE_CURVE ( 'NONE', #2770, #3408, #10554, .T. ) ;
#4331 = AXIS2_PLACEMENT_3D ( 'NONE', #11239, #8479, #11181 ) ;
#4332 = DIRECTION ( 'NONE',  ( 0.000000000000000000, 0.000000000000000000, -1.000000000000000000 ) ) ;
#4333 = ORIENTED_EDGE ( 'NONE', *, *, #4413, .F. ) ;
#4334 = VECTOR ( 'NONE', #8687, 1000.000000000000000 ) ;
#4335 = DIRECTION ( 'NONE',  ( -0.000000000000000000, -0.000000000000000000, 1.000000000000000000 ) ) ;
#4336 = DIRECTION ( 'NONE',  ( 0.000000000000000000, -1.000000000000000000, 0.000000000000000000 ) ) ;
#4337 = ORIENTED_EDGE ( 'NONE', *, *, #3636, .F. ) ;
#4338 = VECTOR ( 'NONE', #9078, 1000.000000000000000 ) ;
#4339 = CARTESIAN_POINT ( 'NONE',  ( -2.299999999999999822, 17.44999999999999929, 0.000000000000000000 ) ) ;
#4340 = DIRECTION ( 'NONE',  ( -1.000000000000000000, -0.000000000000000000, -0.000000000000000000 ) ) ;
#4341 = AXIS2_PLACEMENT_3D ( 'NONE', #9783, #8019, #9664 ) ;
#4342 = VECTOR ( 'NONE', #11283, 1000.000000000000000 ) ;
#4343 = CARTESIAN_POINT ( 'NONE',  ( 0.000000000000000000, 0.000000000000000000, -13.00000000000000000 ) ) ;
#4344 = ORIENTED_EDGE ( 'NONE', *, *, #11111, .F. ) ;
#4345 = ORIENTED_EDGE ( 'NONE', *, *, #83, .T. ) ;
#4346 = AXIS2_PLACEMENT_3D ( 'NONE', #8906, #4447, #5384 ) ;
#4347 = ORIENTED_EDGE ( 'NONE', *, *, #890, .F. ) ;
#4348 = ORIENTED_EDGE ( 'NONE', *, *, #9509, .T. ) ;
#4349 = FACE_OUTER_BOUND ( 'NONE', #5902, .T. ) ;
#4350 = VERTEX_POINT ( 'NONE', #5194 ) ;
#4351 = AXIS2_PLACEMENT_3D ( 'NONE', #6166, #19, #7392 ) ;
#4352 = DIRECTION ( 'NONE',  ( -1.000000000000000000, 0.000000000000000000, 0.000000000000000000 ) ) ;
#4353 = DIRECTION ( 'NONE',  ( 0.000000000000000000, 0.000000000000000000, 1.000000000000000000 ) ) ;
#4354 = EDGE_LOOP ( 'NONE', ( #5216, #4337, #6314, #4120 ) ) ;
#4355 = DIRECTION ( 'NONE',  ( -0.000000000000000000, -0.000000000000000000, 1.000000000000000000 ) ) ;
#4356 = DIRECTION ( 'NONE',  ( -0.000000000000000000, -0.000000000000000000, 1.000000000000000000 ) ) ;
#4357 = LINE ( 'NONE', #5932, #4260 ) ;
#4358 = AXIS2_PLACEMENT_3D ( 'NONE', #7717, #4192, #11415 ) ;
#4359 = CARTESIAN_POINT ( 'NONE',  ( 6.999999999999992006, 31.39999999999999858, -4.000000000000000000 ) ) ;
#4360 = EDGE_CURVE ( 'NONE', #10589, #6074, #5254, .T. ) ;
#4361 = ORIENTED_EDGE ( 'NONE', *, *, #2399, .T. ) ;
#4362 = ORIENTED_EDGE ( 'NONE', *, *, #11114, .T. ) ;
#4363 = LINE ( 'NONE', #5354, #5474 ) ;
#4364 = CARTESIAN_POINT ( 'NONE',  ( 11.00000000000001243, -59.60000000000002984, 1.000000000000000000 ) ) ;
#4365 = CARTESIAN_POINT ( 'NONE',  ( 2.500000000000000000, 2.500000000000000000, 0.5000000000000000000 ) ) ;
#4366 = VECTOR ( 'NONE', #7758, 1000.000000000000000 ) ;
#4367 = CARTESIAN_POINT ( 'NONE',  ( 15.49999999999999289, -17.60000000000001918, 1.000000000000000888 ) ) ;
#4368 = ADVANCED_FACE ( 'NONE', ( #9613 ), #5037, .T. ) ;
#4369 = CARTESIAN_POINT ( 'NONE',  ( -3.014082039509705088E-15, 6.949999999999999289, -13.00000000000000000 ) ) ;
#4370 = DIRECTION ( 'NONE',  ( -1.000000000000000000, 0.000000000000000000, 0.000000000000000000 ) ) ;
#4371 = DIRECTION ( 'NONE',  ( 1.000000000000000000, 0.000000000000000000, -0.000000000000000000 ) ) ;
#4372 = DIRECTION ( 'NONE',  ( -0.000000000000000000, -0.000000000000000000, 1.000000000000000000 ) ) ;
#4373 = ORIENTED_EDGE ( 'NONE', *, *, #6845, .T. ) ;
#4374 = ORIENTED_EDGE ( 'NONE', *, *, #4324, .T. ) ;
#4375 = CARTESIAN_POINT ( 'NONE',  ( 63.00000000000001421, -161.6000000000000227, 1.000000000000000000 ) ) ;
#4376 = LINE ( 'NONE', #10785, #5095 ) ;
#4377 = EDGE_CURVE ( 'NONE', #3864, #107, #8610, .T. ) ;
#4378 = CARTESIAN_POINT ( 'NONE',  ( 18.21999999999999886, 3.875000000000000000, 1.000000000000000000 ) ) ;
#4379 = EDGE_LOOP ( 'NONE', ( #9846, #10947, #201, #2025 ) ) ;
#4380 = CARTESIAN_POINT ( 'NONE',  ( 39.49999999999999289, -138.5999999999999943, -14.00099999999999945 ) ) ;
#4381 = ORIENTED_EDGE ( 'NONE', *, *, #7210, .F. ) ;
#4382 = CARTESIAN_POINT ( 'NONE',  ( -3.000000000000003553, -149.6000000000000227, -4.000000000000000000 ) ) ;
#4383 = CARTESIAN_POINT ( 'NONE',  ( 39.49999999999998579, -114.6000000000000085, 1.000000000000000888 ) ) ;
#4385 = ORIENTED_EDGE ( 'NONE', *, *, #10528, .F. ) ;
#4384 = EDGE_CURVE ( 'NONE', #8461, #6276, #8064, .T. ) ;
#4386 = PLANE ( 'NONE',  #10296 ) ;
#4387 = ORIENTED_EDGE ( 'NONE', *, *, #1396, .T. ) ;
#4388 = CIRCLE ( 'NONE', #1223, 1.549999999999995826 ) ;
#4389 = CYLINDRICAL_SURFACE ( 'NONE', #3943, 0.5000000000000000000 ) ;
#4390 = EDGE_CURVE ( 'NONE', #5446, #11483, #8129, .T. ) ;
#4391 = DIRECTION ( 'NONE',  ( 0.000000000000000000, 0.000000000000000000, 1.000000000000000000 ) ) ;
#4392 = ORIENTED_EDGE ( 'NONE', *, *, #2206, .T. ) ;
#4393 = DIRECTION ( 'NONE',  ( 0.000000000000000000, 0.000000000000000000, -1.000000000000000000 ) ) ;
#4394 = CARTESIAN_POINT ( 'NONE',  ( 27.50000000000000000, -0.2999999999999999889, -13.00000000000000000 ) ) ;
#4395 = VERTEX_POINT ( 'NONE', #1407 ) ;
#4396 = DIRECTION ( 'NONE',  ( 0.000000000000000000, 1.000000000000000000, 0.000000000000000000 ) ) ;
#4397 = CYLINDRICAL_SURFACE ( 'NONE', #10707, 1.000000000000000000 ) ;
#4398 = EDGE_CURVE ( 'NONE', #5165, #10020, #11318, .T. ) ;
#4399 = DIRECTION ( 'NONE',  ( 1.000000000000000000, 0.000000000000000000, 0.000000000000000000 ) ) ;
#4400 = ORIENTED_EDGE ( 'NONE', *, *, #7766, .F. ) ;
#4401 = VERTEX_POINT ( 'NONE', #2456 ) ;
#4402 = ORIENTED_EDGE ( 'NONE', *, *, #5920, .T. ) ;
#4403 = ORIENTED_EDGE ( 'NONE', *, *, #2, .T. ) ;
#4404 = CARTESIAN_POINT ( 'NONE',  ( 19.49999999999999645, -138.5999999999999943, -14.00099999999999945 ) ) ;
#4405 = ORIENTED_EDGE ( 'NONE', *, *, #8720, .F. ) ;
#4406 = CARTESIAN_POINT ( 'NONE',  ( 39.49999999999999289, -153.6000000000000227, -14.00099999999999945 ) ) ;
#4407 = PLANE ( 'NONE',  #1250 ) ;
#4408 = EDGE_LOOP ( 'NONE', ( #2037, #11189, #9115, #11063 ) ) ;
#4409 = PLANE ( 'NONE',  #11224 ) ;
#4410 = CARTESIAN_POINT ( 'NONE',  ( 15.49999999999999645, -44.60000000000002274, -14.00099999999999945 ) ) ;
#4411 = DIRECTION ( 'NONE',  ( 1.000000000000000000, 0.000000000000000000, 0.000000000000000000 ) ) ;
#4412 = LINE ( 'NONE', #6051, #9368 ) ;
#4413 = EDGE_CURVE ( 'NONE', #1352, #11315, #6847, .T. ) ;
#4414 = VECTOR ( 'NONE', #4202, 1000.000000000000000 ) ;
#4415 = EDGE_LOOP ( 'NONE', ( #6268, #4558, #4568, #9771, #2155, #8530 ) ) ;
#4416 = ORIENTED_EDGE ( 'NONE', *, *, #8259, .F. ) ;
#4417 = VERTEX_POINT ( 'NONE', #1461 ) ;
#4418 = ADVANCED_FACE ( 'NONE', ( #2346 ), #9441, .T. ) ;
#4419 = DIRECTION ( 'NONE',  ( 0.000000000000000000, 0.000000000000000000, 1.000000000000000000 ) ) ;
#4420 = FACE_OUTER_BOUND ( 'NONE', #372, .T. ) ;
#4421 = CARTESIAN_POINT ( 'NONE',  ( 27.50000000000000000, 24.40000000000000213, -7.799999999999999822 ) ) ;
#4422 = EDGE_CURVE ( 'NONE', #4636, #8691, #10764, .T. ) ;
#4423 = LINE ( 'NONE', #7946, #5841 ) ;
#4424 = ADVANCED_FACE ( 'NONE', ( #4429 ), #11316, .F. ) ;
#4425 = AXIS2_PLACEMENT_3D ( 'NONE', #4230, #1717, #8047 ) ;
#4426 = LINE ( 'NONE', #6364, #8970 ) ;
#4427 = DIRECTION ( 'NONE',  ( -0.000000000000000000, 1.000000000000000000, 0.000000000000000000 ) ) ;
#4428 = CARTESIAN_POINT ( 'NONE',  ( 60.55000000000000426, 30.39999999999999858, 3.000000000000000000 ) ) ;
#4429 = FACE_OUTER_BOUND ( 'NONE', #9377, .T. ) ;
#4430 = LINE ( 'NONE', #8006, #8977 ) ;
#4431 = VERTEX_POINT ( 'NONE', #6907 ) ;
#4432 = EDGE_CURVE ( 'NONE', #11233, #6275, #1760, .T. ) ;
#4433 = ORIENTED_EDGE ( 'NONE', *, *, #9694, .F. ) ;
#4434 = FACE_OUTER_BOUND ( 'NONE', #10108, .T. ) ;
#4435 = EDGE_LOOP ( 'NONE', ( #2047, #10360, #8085, #7327 ) ) ;
#4436 = CARTESIAN_POINT ( 'NONE',  ( 35.49999999999999289, -23.60000000000001563, 3.000000000000000000 ) ) ;
#4437 = DIRECTION ( 'NONE',  ( 4.517509052022939661E-17, -1.000000000000000000, 0.000000000000000000 ) ) ;
#4438 = ORIENTED_EDGE ( 'NONE', *, *, #4002, .F. ) ;
#4439 = ORIENTED_EDGE ( 'NONE', *, *, #8186, .T. ) ;
#4440 = CARTESIAN_POINT ( 'NONE',  ( 19.49999999999999289, -135.5999999999999943, -14.00099999999999945 ) ) ;
#4441 = AXIS2_PLACEMENT_3D ( 'NONE', #1097, #9014, #5669 ) ;
#4442 = LINE ( 'NONE', #172, #7472 ) ;
#4443 = ORIENTED_EDGE ( 'NONE', *, *, #5512, .F. ) ;
#4444 = EDGE_CURVE ( 'NONE', #2228, #11015, #920, .T. ) ;
#4445 = CARTESIAN_POINT ( 'NONE',  ( 39.49999999999999289, -44.60000000000002274, 3.000000000000000000 ) ) ;
#4446 = VERTEX_POINT ( 'NONE', #8552 ) ;
#4447 = DIRECTION ( 'NONE',  ( 0.000000000000000000, 0.000000000000000000, 1.000000000000000000 ) ) ;
#4448 = AXIS2_PLACEMENT_3D ( 'NONE', #10075, #4500, #1931 ) ;
#4449 = DIRECTION ( 'NONE',  ( -0.000000000000000000, -0.000000000000000000, 1.000000000000000000 ) ) ;
#4450 = ORIENTED_EDGE ( 'NONE', *, *, #10212, .F. ) ;
#4451 = CARTESIAN_POINT ( 'NONE',  ( 35.49999999999999289, -117.6000000000000085, -14.00099999999999945 ) ) ;
#4452 = FACE_OUTER_BOUND ( 'NONE', #8054, .T. ) ;
#4453 = EDGE_LOOP ( 'NONE', ( #9988, #7610, #9160, #11451 ) ) ;
#4454 = FACE_OUTER_BOUND ( 'NONE', #8496, .T. ) ;
#4455 = CARTESIAN_POINT ( 'NONE',  ( -0.5000000000000045519, -147.6000000000000227, 3.000000000000000000 ) ) ;
#4456 = EDGE_CURVE ( 'NONE', #2249, #5678, #8668, .T. ) ;
#4457 = AXIS2_PLACEMENT_3D ( 'NONE', #11358, #10420, #5135 ) ;
#4458 = LINE ( 'NONE', #10749, #6909 ) ;
#4459 = ORIENTED_EDGE ( 'NONE', *, *, #592, .T. ) ;
#4460 = VECTOR ( 'NONE', #6207, 1000.000000000000000 ) ;
#4461 = ORIENTED_EDGE ( 'NONE', *, *, #10777, .F. ) ;
#4462 = EDGE_LOOP ( 'NONE', ( #5417, #11223, #7413, #9660 ) ) ;
#4463 = FACE_OUTER_BOUND ( 'NONE', #2183, .T. ) ;
#4464 = EDGE_LOOP ( 'NONE', ( #835, #3931, #8221, #6691, #9348, #9933, #5309 ) ) ;
#4465 = AXIS2_PLACEMENT_3D ( 'NONE', #4910, #7437, #11024 ) ;
#4466 = EDGE_CURVE ( 'NONE', #7543, #7017, #10496, .T. ) ;
#4467 = CARTESIAN_POINT ( 'NONE',  ( 39.49999999999999289, -50.60000000000002274, 3.000000000000000000 ) ) ;
#4468 = CARTESIAN_POINT ( 'NONE',  ( 35.49999999999999289, -11.60000000000001386, -14.00099999999999945 ) ) ;
#4469 = ORIENTED_EDGE ( 'NONE', *, *, #11026, .T. ) ;
#4470 = FACE_BOUND ( 'NONE', #8048, .T. ) ;
#4471 = VECTOR ( 'NONE', #5774, 1000.000000000000000 ) ;
#4472 = CARTESIAN_POINT ( 'NONE',  ( 30.99999999999999289, -94.10000000000000853, 3.000000000000000000 ) ) ;
#4473 = CARTESIAN_POINT ( 'NONE',  ( 18.21999999999999886, 10.92500000000000071, 3.000000000000000000 ) ) ;
#4474 = DIRECTION ( 'NONE',  ( -0.000000000000000000, -0.000000000000000000, 1.000000000000000000 ) ) ;
#4475 = EDGE_CURVE ( 'NONE', #6601, #9616, #4094, .T. ) ;
#4476 = VECTOR ( 'NONE', #8333, 1000.000000000000000 ) ;
#4477 = ORIENTED_EDGE ( 'NONE', *, *, #11599, .T. ) ;
#4478 = ORIENTED_EDGE ( 'NONE', *, *, #2570, .T. ) ;
#4479 = CIRCLE ( 'NONE', #3537, 0.5000000000000000000 ) ;
#4480 = ORIENTED_EDGE ( 'NONE', *, *, #1744, .T. ) ;
#4481 = DIRECTION ( 'NONE',  ( 0.000000000000000000, -1.000000000000000000, 0.000000000000000000 ) ) ;
#4482 = LINE ( 'NONE', #10646, #8838 ) ;
#4483 = LINE ( 'NONE', #10060, #3503 ) ;
#4484 = EDGE_CURVE ( 'NONE', #25, #10966, #1794, .T. ) ;
#4485 = LINE ( 'NONE', #3542, #10171 ) ;
#4486 = CIRCLE ( 'NONE', #5219, 0.5000000000000000000 ) ;
#4487 = LINE ( 'NONE', #8061, #7852 ) ;
#4488 = CARTESIAN_POINT ( 'NONE',  ( 55.49999999999999289, -20.60000000000002274, 1.000000000000000888 ) ) ;
#4489 = DIRECTION ( 'NONE',  ( 0.000000000000000000, 1.000000000000000000, -0.000000000000000000 ) ) ;
#4490 = CARTESIAN_POINT ( 'NONE',  ( 18.21999999999999886, 10.92500000000000071, 3.000000000000000000 ) ) ;
#4491 = CARTESIAN_POINT ( 'NONE',  ( 42.39999999999999858, 12.80000000000000071, 3.000000000000000000 ) ) ;
#4492 = EDGE_LOOP ( 'NONE', ( #1233, #10299, #8108, #6471 ) ) ;
#4493 = ORIENTED_EDGE ( 'NONE', *, *, #9654, .T. ) ;
#4494 = CARTESIAN_POINT ( 'NONE',  ( -7.999999999999981348, -161.6000000000000227, 3.000000000000000000 ) ) ;
#4495 = CARTESIAN_POINT ( 'NONE',  ( -0.5000000000000045519, -41.60000000000001563, 3.000000000000000000 ) ) ;
#4496 = LINE ( 'NONE', #1044, #9775 ) ;
#4497 = CARTESIAN_POINT ( 'NONE',  ( 39.49999999999998579, -114.6000000000000085, 3.000000000000000000 ) ) ;
#4498 = EDGE_LOOP ( 'NONE', ( #8776, #4212, #1638, #1634 ) ) ;
#4499 = EDGE_CURVE ( 'NONE', #9375, #2477, #5149, .T. ) ;
#4500 = DIRECTION ( 'NONE',  ( -0.000000000000000000, 1.000000000000000000, 0.000000000000000000 ) ) ;
#4501 = ORIENTED_EDGE ( 'NONE', *, *, #10207, .T. ) ;
#4502 = CARTESIAN_POINT ( 'NONE',  ( -0.5000000000000073275, -120.6000000000000085, -14.00099999999999945 ) ) ;
#4503 = CARTESIAN_POINT ( 'NONE',  ( 19.49999999999999645, -153.6000000000000227, 1.000000000000000888 ) ) ;
#4504 = ORIENTED_EDGE ( 'NONE', *, *, #5104, .T. ) ;
#4505 = EDGE_CURVE ( 'NONE', #7501, #9688, #6057, .T. ) ;
#4506 = ADVANCED_FACE ( 'NONE', ( #1917 ), #5664, .F. ) ;
#4507 = DIRECTION ( 'NONE',  ( -0.000000000000000000, -0.000000000000000000, 1.000000000000000000 ) ) ;
#4508 = ORIENTED_EDGE ( 'NONE', *, *, #4505, .F. ) ;
#4509 = CARTESIAN_POINT ( 'NONE',  ( 35.49999999999999289, -32.60000000000001563, 3.000000000000000000 ) ) ;
#4510 = PLANE ( 'NONE',  #865 ) ;
#4511 = VERTEX_POINT ( 'NONE', #4664 ) ;
#4512 = CARTESIAN_POINT ( 'NONE',  ( 19.49999999999999289, -26.60000000000001918, 3.000000000000000000 ) ) ;
#4513 = EDGE_CURVE ( 'NONE', #8864, #11069, #276, .T. ) ;
#4514 = LINE ( 'NONE', #1179, #7270 ) ;
#4515 = ORIENTED_EDGE ( 'NONE', *, *, #8785, .T. ) ;
#4516 = DIRECTION ( 'NONE',  ( -0.000000000000000000, -0.000000000000000000, -1.000000000000000000 ) ) ;
#4517 = CARTESIAN_POINT ( 'NONE',  ( 35.49999999999999289, -129.5999999999999943, 1.000000000000000000 ) ) ;
#4518 = FACE_OUTER_BOUND ( 'NONE', #8555, .T. ) ;
#4519 = ORIENTED_EDGE ( 'NONE', *, *, #10029, .T. ) ;
#4520 = VECTOR ( 'NONE', #7409, 1000.000000000000000 ) ;
#4521 = CIRCLE ( 'NONE', #4709, 0.5000000000000000000 ) ;
#4522 = ORIENTED_EDGE ( 'NONE', *, *, #9112, .F. ) ;
#4523 = AXIS2_PLACEMENT_3D ( 'NONE', #10103, #10935, #132 ) ;
#4524 = ORIENTED_EDGE ( 'NONE', *, *, #4894, .T. ) ;
#4525 = DIRECTION ( 'NONE',  ( 0.000000000000000000, -0.000000000000000000, -1.000000000000000000 ) ) ;
#4526 = ORIENTED_EDGE ( 'NONE', *, *, #10466, .F. ) ;
#4527 = DIRECTION ( 'NONE',  ( 0.000000000000000000, -0.000000000000000000, -1.000000000000000000 ) ) ;
#4528 = ADVANCED_FACE ( 'NONE', ( #5491 ), #5548, .T. ) ;
#4529 = CARTESIAN_POINT ( 'NONE',  ( 0.000000000000000000, 10.44999999999999929, -13.00000000000000000 ) ) ;
#4530 = VERTEX_POINT ( 'NONE', #8241 ) ;
#4531 = FACE_BOUND ( 'NONE', #3516, .T. ) ;
#4532 = VECTOR ( 'NONE', #11526, 1000.000000000000000 ) ;
#4533 = CARTESIAN_POINT ( 'NONE',  ( 19.49999999999999289, -120.6000000000000085, 3.000000000000000000 ) ) ;
#4534 = PLANE ( 'NONE',  #1707 ) ;
#4535 = AXIS2_PLACEMENT_3D ( 'NONE', #1800, #5372, #929 ) ;
#4536 = ADVANCED_FACE ( 'NONE', ( #9069 ), #2965, .F. ) ;
#4537 = ORIENTED_EDGE ( 'NONE', *, *, #1205, .F. ) ;
#4538 = VERTEX_POINT ( 'NONE', #1037 ) ;
#4539 = VERTEX_POINT ( 'NONE', #7367 ) ;
#4540 = FACE_OUTER_BOUND ( 'NONE', #4652, .T. ) ;
#4541 = CARTESIAN_POINT ( 'NONE',  ( 58.16568877480710142, 10.44999999999999929, 0.000000000000000000 ) ) ;
#4542 = CARTESIAN_POINT ( 'NONE',  ( 35.50000000000000000, 25.89999999999999858, -1.000000000000000000 ) ) ;
#4543 = EDGE_CURVE ( 'NONE', #7017, #7370, #11509, .T. ) ;
#4544 = VECTOR ( 'NONE', #211, 1000.000000000000000 ) ;
#4545 = CARTESIAN_POINT ( 'NONE',  ( 19.49999999999999289, -120.6000000000000085, 1.000000000000000888 ) ) ;
#4546 = CARTESIAN_POINT ( 'NONE',  ( 18.50000000000000000, 25.39999999999999858, 1.000000000000000000 ) ) ;
#4547 = LINE ( 'NONE', #8123, #6882 ) ;
#4548 = LINE ( 'NONE', #10064, #6811 ) ;
#4549 = CARTESIAN_POINT ( 'NONE',  ( 11.00000000000001243, -59.60000000000002984, 1.000000000000000000 ) ) ;
#4550 = ORIENTED_EDGE ( 'NONE', *, *, #4270, .T. ) ;
#4551 = EDGE_CURVE ( 'NONE', #10880, #2133, #10956, .T. ) ;
#4552 = VERTEX_POINT ( 'NONE', #2851 ) ;
#4553 = VECTOR ( 'NONE', #2536, 1000.000000000000000 ) ;
#4554 = CARTESIAN_POINT ( 'NONE',  ( -2.299999999999999822, -1.662443331144435120E-16, -14.00000000000000000 ) ) ;
#4555 = LINE ( 'NONE', #3615, #891 ) ;
#4556 = CARTESIAN_POINT ( 'NONE',  ( 15.49999999999999289, -117.6000000000000085, 1.000000000000000000 ) ) ;
#4557 = DIRECTION ( 'NONE',  ( 0.000000000000000000, 1.000000000000000000, 0.000000000000000000 ) ) ;
#4558 = ORIENTED_EDGE ( 'NONE', *, *, #2745, .T. ) ;
#4559 = DIRECTION ( 'NONE',  ( 0.000000000000000000, 1.000000000000000000, 0.000000000000000000 ) ) ;
#4560 = ORIENTED_EDGE ( 'NONE', *, *, #6746, .F. ) ;
#4561 = DIRECTION ( 'NONE',  ( -1.000000000000000000, 0.000000000000000000, 0.000000000000000000 ) ) ;
#4562 = VERTEX_POINT ( 'NONE', #10833 ) ;
#4563 = PLANE ( 'NONE',  #7667 ) ;
#4564 = ORIENTED_EDGE ( 'NONE', *, *, #3743, .T. ) ;
#4565 = CARTESIAN_POINT ( 'NONE',  ( 27.50000000000000000, 24.40000000000000213, -7.799999999999999822 ) ) ;
#4566 = EDGE_CURVE ( 'NONE', #2941, #10223, #1211, .T. ) ;
#4567 = CARTESIAN_POINT ( 'NONE',  ( 56.50000000000000000, 18.45000000000000284, 3.000000000000000000 ) ) ;
#4568 = ORIENTED_EDGE ( 'NONE', *, *, #3518, .T. ) ;
#4569 = AXIS2_PLACEMENT_3D ( 'NONE', #4490, #11594, #2679 ) ;
#4570 = EDGE_CURVE ( 'NONE', #8666, #205, #1978, .T. ) ;
#4571 = DIRECTION ( 'NONE',  ( -4.313492514189664968E-16, 1.000000000000000000, 0.000000000000000000 ) ) ;
#4572 = EDGE_CURVE ( 'NONE', #3629, #10688, #4725, .T. ) ;
#4573 = DIRECTION ( 'NONE',  ( 1.000000000000000000, 0.000000000000000000, 0.000000000000000000 ) ) ;
#4574 = VERTEX_POINT ( 'NONE', #1855 ) ;
#4575 = LINE ( 'NONE', #5393, #11264 ) ;
#4576 = CARTESIAN_POINT ( 'NONE',  ( 15.49999999999999645, -144.5999999999999943, -14.00099999999999945 ) ) ;
#4577 = LINE ( 'NONE', #8098, #6713 ) ;
#4578 = ORIENTED_EDGE ( 'NONE', *, *, #901, .F. ) ;
#4579 = EDGE_CURVE ( 'NONE', #4530, #6064, #4548, .T. ) ;
#4580 = ORIENTED_EDGE ( 'NONE', *, *, #99, .T. ) ;
#4581 = EDGE_LOOP ( 'NONE', ( #4259, #2531, #4053, #9202, #1816, #9938, #1888, #1303 ) ) ;
#4582 = LINE ( 'NONE', #2888, #4895 ) ;
#4583 = ORIENTED_EDGE ( 'NONE', *, *, #282, .T. ) ;
#4584 = CARTESIAN_POINT ( 'NONE',  ( 19.50000000000000000, 26.59164599332849832, -13.00000000000000000 ) ) ;
#4585 = DIRECTION ( 'NONE',  ( -0.000000000000000000, -0.7071067811865474617, 0.7071067811865474617 ) ) ;
#4586 = ORIENTED_EDGE ( 'NONE', *, *, #4767, .T. ) ;
#4587 = FACE_OUTER_BOUND ( 'NONE', #4581, .T. ) ;
#4588 = CYLINDRICAL_SURFACE ( 'NONE', #8624, 0.5000000000000004441 ) ;
#4589 = CARTESIAN_POINT ( 'NONE',  ( 55.49999999999999289, -44.60000000000002274, -14.00099999999999945 ) ) ;
#4590 = EDGE_CURVE ( 'NONE', #2912, #3754, #5428, .T. ) ;
#4591 = ORIENTED_EDGE ( 'NONE', *, *, #11596, .F. ) ;
#4592 = ORIENTED_EDGE ( 'NONE', *, *, #5246, .F. ) ;
#4593 = ORIENTED_EDGE ( 'NONE', *, *, #592, .F. ) ;
#4594 = DIRECTION ( 'NONE',  ( 0.000000000000000000, -1.000000000000000000, 0.000000000000000000 ) ) ;
#4595 = LINE ( 'NONE', #2087, #6779 ) ;
#4596 = DIRECTION ( 'NONE',  ( 0.000000000000000000, 0.000000000000000000, -1.000000000000000000 ) ) ;
#4597 = CARTESIAN_POINT ( 'NONE',  ( 18.21999999999999886, 3.875000000000000000, 3.000000000000000000 ) ) ;
#4598 = DIRECTION ( 'NONE',  ( 1.000000000000000000, 0.000000000000000000, 0.000000000000000000 ) ) ;
#4599 = CARTESIAN_POINT ( 'NONE',  ( 55.49999999999999289, -129.5999999999999943, 1.000000000000000888 ) ) ;
#4600 = FACE_OUTER_BOUND ( 'NONE', #1755, .T. ) ;
#4601 = DIRECTION ( 'NONE',  ( 0.000000000000000000, -0.000000000000000000, 1.000000000000000000 ) ) ;
#4602 = FACE_OUTER_BOUND ( 'NONE', #4290, .T. ) ;
#4603 = ORIENTED_EDGE ( 'NONE', *, *, #11114, .F. ) ;
#4604 = EDGE_CURVE ( 'NONE', #205, #8318, #9124, .T. ) ;
#4605 = ORIENTED_EDGE ( 'NONE', *, *, #11499, .F. ) ;
#4606 = ORIENTED_EDGE ( 'NONE', *, *, #10486, .F. ) ;
#4607 = VECTOR ( 'NONE', #10976, 1000.000000000000000 ) ;
#4608 =( NAMED_UNIT ( * ) SI_UNIT ( $, .STERADIAN. ) SOLID_ANGLE_UNIT ( ) );
#4609 = LINE ( 'NONE', #7313, #1631 ) ;
#4610 = DIRECTION ( 'NONE',  ( 0.000000000000000000, 0.000000000000000000, -1.000000000000000000 ) ) ;
#4611 = AXIS2_PLACEMENT_3D ( 'NONE', #728, #2489, #11522 ) ;
#4612 = LINE ( 'NONE', #9079, #5349 ) ;
#4613 = EDGE_LOOP ( 'NONE', ( #1796, #4045, #3755, #1066 ) ) ;
#4614 = ADVANCED_FACE ( 'NONE', ( #3721 ), #6428, .F. ) ;
#4615 = CARTESIAN_POINT ( 'NONE',  ( 39.49999999999999289, -132.5999999999999943, -14.00099999999999945 ) ) ;
#4616 = ORIENTED_EDGE ( 'NONE', *, *, #3820, .T. ) ;
#4617 = CARTESIAN_POINT ( 'NONE',  ( 55.49999999999999289, -35.60000000000002274, 1.000000000000000888 ) ) ;
#4618 = ORIENTED_EDGE ( 'NONE', *, *, #1355, .F. ) ;
#4619 = LINE ( 'NONE', #10675, #1499 ) ;
#4620 = ORIENTED_EDGE ( 'NONE', *, *, #6570, .T. ) ;
#4621 = CARTESIAN_POINT ( 'NONE',  ( 2.500000000000039968, -1.800000000000000044, 1.000000000000000000 ) ) ;
#4622 = ORIENTED_EDGE ( 'NONE', *, *, #4645, .F. ) ;
#4623 = EDGE_CURVE ( 'NONE', #7391, #2827, #8124, .T. ) ;
#4624 = LINE ( 'NONE', #10245, #4471 ) ;
#4625 = LINE ( 'NONE', #3687, #2778 ) ;
#4626 = ORIENTED_EDGE ( 'NONE', *, *, #4052, .F. ) ;
#4627 = VECTOR ( 'NONE', #9956, 1000.000000000000000 ) ;
#4628 = DIRECTION ( 'NONE',  ( -0.03489949670250448027, 0.000000000000000000, 0.9993908270190955401 ) ) ;
#4629 = PLANE ( 'NONE',  #11331 ) ;
#4630 = ADVANCED_FACE ( 'NONE', ( #9189 ), #2792, .T. ) ;
#4631 = CARTESIAN_POINT ( 'NONE',  ( 19.49999999999999645, -153.6000000000000227, 1.000000000000000888 ) ) ;
#4632 = ORIENTED_EDGE ( 'NONE', *, *, #11180, .T. ) ;
#4633 = EDGE_CURVE ( 'NONE', #5009, #10117, #4782, .T. ) ;
#4634 = VECTOR ( 'NONE', #5485, 1000.000000000000000 ) ;
#4635 = ORIENTED_EDGE ( 'NONE', *, *, #9729, .T. ) ;
#4636 = VERTEX_POINT ( 'NONE', #1383 ) ;
#4637 = DIRECTION ( 'NONE',  ( -0.000000000000000000, -0.000000000000000000, -1.000000000000000000 ) ) ;
#4638 = CIRCLE ( 'NONE', #8759, 10.36999999999999744 ) ;
#4639 = ORIENTED_EDGE ( 'NONE', *, *, #9651, .F. ) ;
#4640 = DIRECTION ( 'NONE',  ( 0.000000000000000000, -1.000000000000000000, 0.000000000000000000 ) ) ;
#4641 = CARTESIAN_POINT ( 'NONE',  ( -3.000000000000003553, 19.40000000000000213, 1.000000000000000000 ) ) ;
#4642 = VERTEX_POINT ( 'NONE', #6650 ) ;
#4643 = CARTESIAN_POINT ( 'NONE',  ( 1.199999999999999956, 10.44999999999999929, -8.300000000000000711 ) ) ;
#4644 = DIRECTION ( 'NONE',  ( 1.000000000000000000, 0.000000000000000000, 0.000000000000000000 ) ) ;
#4645 = EDGE_CURVE ( 'NONE', #11514, #5245, #3022, .T. ) ;
#4646 = VECTOR ( 'NONE', #9598, 1000.000000000000000 ) ;
#4647 = CARTESIAN_POINT ( 'NONE',  ( 35.49999999999999289, -117.6000000000000085, -14.00099999999999945 ) ) ;
#4648 = EDGE_CURVE ( 'NONE', #3461, #4276, #9470, .T. ) ;
#4649 = AXIS2_PLACEMENT_3D ( 'NONE', #9206, #1228, #4799 ) ;
#4650 = AXIS2_PLACEMENT_3D ( 'NONE', #958, #5470, #4106 ) ;
#4651 = ADVANCED_FACE ( 'NONE', ( #8473 ), #5766, .F. ) ;
#4652 = EDGE_LOOP ( 'NONE', ( #10422, #10960, #720, #4941 ) ) ;
#4653 = AXIS2_PLACEMENT_3D ( 'NONE', #7258, #10909, #9905 ) ;
#4654 = VERTEX_POINT ( 'NONE', #331 ) ;
#4655 = ORIENTED_EDGE ( 'NONE', *, *, #1396, .F. ) ;
#4656 = LINE ( 'NONE', #2086, #9398 ) ;
#4657 = CARTESIAN_POINT ( 'NONE',  ( -3.000000000000003553, 10.44999999999999929, 1.000000000000000000 ) ) ;
#4658 = DIRECTION ( 'NONE',  ( -1.000000000000000000, 0.000000000000000000, 0.000000000000000000 ) ) ;
#4659 = VECTOR ( 'NONE', #8651, 1000.000000000000000 ) ;
#4660 = DIRECTION ( 'NONE',  ( 0.000000000000000000, 0.000000000000000000, -1.000000000000000000 ) ) ;
#4661 = PLANE ( 'NONE',  #11420 ) ;
#4662 = LINE ( 'NONE', #10892, #351 ) ;
#4663 = EDGE_CURVE ( 'NONE', #5895, #10290, #500, .T. ) ;
#4664 = CARTESIAN_POINT ( 'NONE',  ( 48.00000000000001421, -161.6000000000000227, -2.999999999999971578 ) ) ;
#4665 = VECTOR ( 'NONE', #2417, 1000.000000000000000 ) ;
#4666 = DIRECTION ( 'NONE',  ( 1.000000000000000000, -0.000000000000000000, 0.000000000000000000 ) ) ;
#4667 = ORIENTED_EDGE ( 'NONE', *, *, #5738, .T. ) ;
#4668 = AXIS2_PLACEMENT_3D ( 'NONE', #7814, #6932, #3186 ) ;
#4669 = ORIENTED_EDGE ( 'NONE', *, *, #5960, .F. ) ;
#4670 = ORIENTED_EDGE ( 'NONE', *, *, #6440, .F. ) ;
#4671 = DIRECTION ( 'NONE',  ( 0.000000000000000000, 0.000000000000000000, 1.000000000000000000 ) ) ;
#4672 = VECTOR ( 'NONE', #5322, 1000.000000000000000 ) ;
#4673 = PLANE ( 'NONE',  #11112 ) ;
#4674 = CARTESIAN_POINT ( 'NONE',  ( 55.00000000000000000, 0.000000000000000000, 1.000000000000000000 ) ) ;
#4675 = VERTEX_POINT ( 'NONE', #9529 ) ;
#4676 = VECTOR ( 'NONE', #4914, 1000.000000000000000 ) ;
#4677 = EDGE_CURVE ( 'NONE', #6986, #3844, #4016, .T. ) ;
#4678 = ORIENTED_EDGE ( 'NONE', *, *, #672, .T. ) ;
#4679 = CARTESIAN_POINT ( 'NONE',  ( 1.355252715606880080E-17, -0.2999999999999999889, -14.00000000000000000 ) ) ;
#4680 = VECTOR ( 'NONE', #5361, 1000.000000000000000 ) ;
#4681 = VERTEX_POINT ( 'NONE', #4067 ) ;
#4682 = ORIENTED_EDGE ( 'NONE', *, *, #4730, .F. ) ;
#4683 = EDGE_CURVE ( 'NONE', #11033, #5448, #5006, .T. ) ;
#4684 = CARTESIAN_POINT ( 'NONE',  ( 62.99999999999998579, 34.39999999999999858, 3.000000000000000000 ) ) ;
#4685 = CARTESIAN_POINT ( 'NONE',  ( 15.49999999999999289, -117.6000000000000085, 3.000000000000000000 ) ) ;
#4686 = ORIENTED_EDGE ( 'NONE', *, *, #9531, .T. ) ;
#4687 = DIRECTION ( 'NONE',  ( 0.000000000000000000, 0.000000000000000000, -1.000000000000000000 ) ) ;
#4688 = CARTESIAN_POINT ( 'NONE',  ( 51.20000000000000284, 4.000000000000000000, 3.000000000000000000 ) ) ;
#4689 = ADVANCED_FACE ( 'NONE', ( #4838 ), #7592, .F. ) ;
#4690 = ORIENTED_EDGE ( 'NONE', *, *, #2147, .T. ) ;
#4691 = CARTESIAN_POINT ( 'NONE',  ( 51.20000000000000284, 21.60000000000000142, 1.000000000000000000 ) ) ;
#4692 = PLANE ( 'NONE',  #6962 ) ;
#4693 = DIRECTION ( 'NONE',  ( 0.000000000000000000, 0.000000000000000000, -1.000000000000000000 ) ) ;
#4694 = DIRECTION ( 'NONE',  ( -1.000000000000000000, 0.000000000000000000, 0.000000000000000000 ) ) ;
#4695 = VERTEX_POINT ( 'NONE', #9297 ) ;
#4696 = ADVANCED_FACE ( 'NONE', ( #11176 ), #3896, .T. ) ;
#4697 = VERTEX_POINT ( 'NONE', #560 ) ;
#4698 = VECTOR ( 'NONE', #6993, 1000.000000000000000 ) ;
#4699 = EDGE_LOOP ( 'NONE', ( #10080, #2764, #6321, #292 ) ) ;
#4700 = DIRECTION ( 'NONE',  ( 1.000000000000000000, 0.000000000000000000, 0.000000000000000000 ) ) ;
#4701 = ORIENTED_EDGE ( 'NONE', *, *, #8996, .F. ) ;
#4702 = FACE_OUTER_BOUND ( 'NONE', #11208, .T. ) ;
#4703 = DIRECTION ( 'NONE',  ( -1.000000000000000000, 0.000000000000000000, 0.000000000000000000 ) ) ;
#4704 = ORIENTED_EDGE ( 'NONE', *, *, #770, .T. ) ;
#4705 = FACE_BOUND ( 'NONE', #10674, .T. ) ;
#4706 = CARTESIAN_POINT ( 'NONE',  ( -0.5000000000000059952, -135.5999999999999943, -14.00099999999999945 ) ) ;
#4707 = VECTOR ( 'NONE', #7921, 1000.000000000000000 ) ;
#4708 = LINE ( 'NONE', #1075, #2099 ) ;
#4709 = AXIS2_PLACEMENT_3D ( 'NONE', #301, #1291, #11041 ) ;
#4710 = CIRCLE ( 'NONE', #7526, 4.999999999999999112 ) ;
#4711 = ORIENTED_EDGE ( 'NONE', *, *, #7381, .F. ) ;
#4712 = ORIENTED_EDGE ( 'NONE', *, *, #3765, .T. ) ;
#4713 = ORIENTED_EDGE ( 'NONE', *, *, #2860, .T. ) ;
#4714 = DIRECTION ( 'NONE',  ( -0.000000000000000000, -1.000000000000000000, 0.000000000000000000 ) ) ;
#4715 = DIRECTION ( 'NONE',  ( 0.000000000000000000, 0.000000000000000000, 1.000000000000000000 ) ) ;
#4716 = DIRECTION ( 'NONE',  ( 1.000000000000000000, 0.000000000000000000, -0.000000000000000000 ) ) ;
#4717 = VECTOR ( 'NONE', #4073, 1000.000000000000000 ) ;
#4718 = CARTESIAN_POINT ( 'NONE',  ( 39.49999999999999289, -38.60000000000002274, 1.000000000000000888 ) ) ;
#4719 = DIRECTION ( 'NONE',  ( -1.000000000000000000, -7.228014483236699514E-17, 0.000000000000000000 ) ) ;
#4720 = VECTOR ( 'NONE', #10456, 1000.000000000000000 ) ;
#4721 = DIRECTION ( 'NONE',  ( -1.000000000000000000, 1.231756314303058296E-16, 0.000000000000000000 ) ) ;
#4722 = LINE ( 'NONE', #6876, #710 ) ;
#4723 = EDGE_CURVE ( 'NONE', #7100, #8865, #7647, .T. ) ;
#4724 = VECTOR ( 'NONE', #10084, 1000.000000000000000 ) ;
#4725 = LINE ( 'NONE', #8178, #5310 ) ;
#4726 = DIRECTION ( 'NONE',  ( 0.000000000000000000, 0.000000000000000000, 1.000000000000000000 ) ) ;
#4727 = ORIENTED_EDGE ( 'NONE', *, *, #1725, .T. ) ;
#4728 = EDGE_LOOP ( 'NONE', ( #161, #7226, #10882, #5025 ) ) ;
#4729 = ORIENTED_EDGE ( 'NONE', *, *, #9562, .F. ) ;
#4730 = EDGE_CURVE ( 'NONE', #8731, #10400, #6703, .T. ) ;
#4731 = APPLICATION_PROTOCOL_DEFINITION ( 'draft international standard', 'automotive_design', 1998, #174 ) ;
#4732 = DIRECTION ( 'NONE',  ( -0.000000000000000000, -0.000000000000000000, 1.000000000000000000 ) ) ;
#4733 = VECTOR ( 'NONE', #3074, 1000.000000000000000 ) ;
#4734 = DIRECTION ( 'NONE',  ( 1.000000000000000000, 0.000000000000000000, 0.000000000000000000 ) ) ;
#4735 = DIRECTION ( 'NONE',  ( -1.000000000000000000, -0.000000000000000000, -0.000000000000000000 ) ) ;
#4736 = EDGE_LOOP ( 'NONE', ( #7151, #8579, #1558, #3976 ) ) ;
#4737 = AXIS2_PLACEMENT_3D ( 'NONE', #5879, #5230, #11405 ) ;
#4738 = LINE ( 'NONE', #6778, #11577 ) ;
#4739 = ORIENTED_EDGE ( 'NONE', *, *, #485, .F. ) ;
#4740 = PLANE ( 'NONE',  #6342 ) ;
#4741 = VECTOR ( 'NONE', #4816, 1000.000000000000000 ) ;
#4742 = ORIENTED_EDGE ( 'NONE', *, *, #11113, .F. ) ;
#4743 = VERTEX_POINT ( 'NONE', #10295 ) ;
#4744 = ADVANCED_FACE ( 'NONE', ( #6765 ), #4125, .F. ) ;
#4745 = DIRECTION ( 'NONE',  ( -0.000000000000000000, -0.000000000000000000, 1.000000000000000000 ) ) ;
#4746 = CARTESIAN_POINT ( 'NONE',  ( 57.20000000000000284, 11.44999999999999929, -14.00000000000000000 ) ) ;
#4747 = FACE_BOUND ( 'NONE', #1812, .T. ) ;
#4748 = ORIENTED_EDGE ( 'NONE', *, *, #6179, .F. ) ;
#4749 = VECTOR ( 'NONE', #1414, 1000.000000000000000 ) ;
#4750 = PLANE ( 'NONE',  #2400 ) ;
#4751 = ORIENTED_EDGE ( 'NONE', *, *, #10308, .F. ) ;
#4752 = EDGE_CURVE ( 'NONE', #7893, #11162, #5822, .T. ) ;
#4753 = DIRECTION ( 'NONE',  ( 0.000000000000000000, 0.000000000000000000, -1.000000000000000000 ) ) ;
#4754 = DIRECTION ( 'NONE',  ( 0.000000000000000000, 0.000000000000000000, 1.000000000000000000 ) ) ;
#4755 = DIRECTION ( 'NONE',  ( 0.000000000000000000, 0.000000000000000000, -1.000000000000000000 ) ) ;
#4756 = PLANE ( 'NONE',  #1873 ) ;
#4757 = VERTEX_POINT ( 'NONE', #1498 ) ;
#4758 = ADVANCED_FACE ( 'NONE', ( #3250 ), #6824, .F. ) ;
#4759 = VECTOR ( 'NONE', #7739, 1000.000000000000000 ) ;
#4760 = EDGE_LOOP ( 'NONE', ( #11620, #10575, #10571, #7810 ) ) ;
#4761 = DIRECTION ( 'NONE',  ( 0.000000000000000000, 0.000000000000000000, -1.000000000000000000 ) ) ;
#4762 = ORIENTED_EDGE ( 'NONE', *, *, #9498, .F. ) ;
#4763 = CARTESIAN_POINT ( 'NONE',  ( 39.49999999999999289, -50.60000000000002274, -14.00099999999999945 ) ) ;
#4764 = LINE ( 'NONE', #8107, #6134 ) ;
#4765 = ORIENTED_EDGE ( 'NONE', *, *, #4872, .T. ) ;
#4766 = FACE_BOUND ( 'NONE', #256, .T. ) ;
#4767 = EDGE_CURVE ( 'NONE', #9834, #5895, #3956, .T. ) ;
#4768 = LINE ( 'NONE', #8285, #6008 ) ;
#4769 = FACE_OUTER_BOUND ( 'NONE', #4415, .T. ) ;
#4770 = ORIENTED_EDGE ( 'NONE', *, *, #6002, .T. ) ;
#4771 = ORIENTED_EDGE ( 'NONE', *, *, #9753, .T. ) ;
#4772 = ORIENTED_EDGE ( 'NONE', *, *, #6048, .T. ) ;
#4773 = CARTESIAN_POINT ( 'NONE',  ( 35.49999999999999289, -14.60000000000001563, 1.000000000000000000 ) ) ;
#4774 = AXIS2_PLACEMENT_3D ( 'NONE', #9325, #2067, #7615 ) ;
#4775 = DIRECTION ( 'NONE',  ( -1.084202172485503818E-16, 1.000000000000000000, 0.000000000000000000 ) ) ;
#4776 = ORIENTED_EDGE ( 'NONE', *, *, #6318, .T. ) ;
#4777 = LINE ( 'NONE', #9240, #244 ) ;
#4778 = CARTESIAN_POINT ( 'NONE',  ( -0.5000000000000059952, -32.60000000000001563, -14.00099999999999945 ) ) ;
#4779 = EDGE_CURVE ( 'NONE', #7807, #3786, #8415, .T. ) ;
#4780 = CARTESIAN_POINT ( 'NONE',  ( 2.500000000000035083, -1.300000000000000044, 0.5000000000000000000 ) ) ;
#4781 = CARTESIAN_POINT ( 'NONE',  ( 54.69999999999999574, 10.44999999999999929, 1.000000000000000000 ) ) ;
#4782 = LINE ( 'NONE', #1320, #7192 ) ;
#4783 = CARTESIAN_POINT ( 'NONE',  ( -0.5000000000000038858, -50.60000000000002274, 1.000000000000000888 ) ) ;
#4784 = ORIENTED_EDGE ( 'NONE', *, *, #11082, .F. ) ;
#4785 = EDGE_CURVE ( 'NONE', #5189, #2805, #6995, .T. ) ;
#4786 = VERTEX_POINT ( 'NONE', #6105 ) ;
#4787 = ORIENTED_EDGE ( 'NONE', *, *, #4422, .T. ) ;
#4788 = EDGE_CURVE ( 'NONE', #1569, #3238, #9693, .T. ) ;
#4789 = CYLINDRICAL_SURFACE ( 'NONE', #11188, 0.5000000000000000000 ) ;
#4790 = LINE ( 'NONE', #7430, #8659 ) ;
#4791 = FACE_OUTER_BOUND ( 'NONE', #2203, .T. ) ;
#4792 = CARTESIAN_POINT ( 'NONE',  ( 35.49999999999999289, -114.6000000000000085, 1.000000000000000888 ) ) ;
#4793 = ORIENTED_EDGE ( 'NONE', *, *, #7556, .T. ) ;
#4794 = ADVANCED_FACE ( 'NONE', ( #1663 ), #3472, .F. ) ;
#4795 = DIRECTION ( 'NONE',  ( 1.000000000000000000, 4.517509052022939661E-17, 0.000000000000000000 ) ) ;
#4796 = VERTEX_POINT ( 'NONE', #5231 ) ;
#4797 = VECTOR ( 'NONE', #5673, 1000.000000000000000 ) ;
#4798 = ORIENTED_EDGE ( 'NONE', *, *, #4648, .T. ) ;
#4799 = DIRECTION ( 'NONE',  ( 1.000000000000000000, -2.209838822900395026E-16, 0.000000000000000000 ) ) ;
#4800 = PLANE ( 'NONE',  #6598 ) ;
#4801 = FACE_BOUND ( 'NONE', #9808, .T. ) ;
#4802 = VERTEX_POINT ( 'NONE', #10529 ) ;
#4803 = PLANE ( 'NONE',  #2219 ) ;
#4804 = VECTOR ( 'NONE', #1491, 1000.000000000000000 ) ;
#4805 = EDGE_LOOP ( 'NONE', ( #4776, #8863, #6255, #10164 ) ) ;
#4806 = DIRECTION ( 'NONE',  ( -1.000000000000000000, 0.000000000000000000, 0.000000000000000000 ) ) ;
#4807 = LINE ( 'NONE', #9155, #6194 ) ;
#4808 = EDGE_CURVE ( 'NONE', #1246, #9375, #4412, .T. ) ;
#4809 = LINE ( 'NONE', #6623, #6641 ) ;
#4810 = DIRECTION ( 'NONE',  ( 0.000000000000000000, -0.9996003793588017494, -0.02826803116136169386 ) ) ;
#4811 = ORIENTED_EDGE ( 'NONE', *, *, #6107, .T. ) ;
#4812 = VERTEX_POINT ( 'NONE', #9640 ) ;
#4813 = CIRCLE ( 'NONE', #6679, 0.5000000000000000000 ) ;
#4814 = FACE_OUTER_BOUND ( 'NONE', #11470, .T. ) ;
#4815 = VERTEX_POINT ( 'NONE', #6167 ) ;
#4816 = DIRECTION ( 'NONE',  ( -4.663235150475320108E-17, 1.000000000000000000, 0.000000000000000000 ) ) ;
#4817 = CARTESIAN_POINT ( 'NONE',  ( 1.199999999999999956, 6.949999999999999289, -7.799999999999999822 ) ) ;
#4818 = ORIENTED_EDGE ( 'NONE', *, *, #5659, .F. ) ;
#4819 = CARTESIAN_POINT ( 'NONE',  ( 39.49999999999998579, -17.60000000000001918, -14.00099999999999945 ) ) ;
#4820 = PLANE ( 'NONE',  #9583 ) ;
#4821 = EDGE_CURVE ( 'NONE', #8517, #2088, #11578, .T. ) ;
#4822 = CARTESIAN_POINT ( 'NONE',  ( 19.49999999999999289, -123.6000000000000085, 1.000000000000000888 ) ) ;
#4823 = VECTOR ( 'NONE', #7661, 1000.000000000000000 ) ;
#4824 = ORIENTED_EDGE ( 'NONE', *, *, #10567, .F. ) ;
#4825 = EDGE_CURVE ( 'NONE', #3282, #10324, #5295, .T. ) ;
#4826 = ORIENTED_EDGE ( 'NONE', *, *, #1571, .F. ) ;
#4827 = ORIENTED_EDGE ( 'NONE', *, *, #9471, .F. ) ;
#4828 = DIRECTION ( 'NONE',  ( 0.000000000000000000, 0.000000000000000000, -1.000000000000000000 ) ) ;
#4829 = DIRECTION ( 'NONE',  ( 0.000000000000000000, 0.000000000000000000, 1.000000000000000000 ) ) ;
#4830 = ORIENTED_EDGE ( 'NONE', *, *, #2882, .F. ) ;
#4831 = CARTESIAN_POINT ( 'NONE',  ( -0.5000000000000045519, -144.5999999999999943, 3.000000000000000000 ) ) ;
#4832 = VECTOR ( 'NONE', #802, 1000.000000000000000 ) ;
#4833 = LINE ( 'NONE', #3124, #4099 ) ;
#4834 = LINE ( 'NONE', #1261, #7514 ) ;
#4835 = CARTESIAN_POINT ( 'NONE',  ( -5.000000000000002665, 31.39999999999999858, 3.000000000000000000 ) ) ;
#4836 = ADVANCED_FACE ( 'NONE', ( #2432 ), #1605, .F. ) ;
#4837 = AXIS2_PLACEMENT_3D ( 'NONE', #827, #3339, #9674 ) ;
#4838 = FACE_OUTER_BOUND ( 'NONE', #8444, .T. ) ;
#4839 = ORIENTED_EDGE ( 'NONE', *, *, #142, .F. ) ;
#4840 = AXIS2_PLACEMENT_3D ( 'NONE', #559, #10527, #4234 ) ;
#4841 = ORIENTED_EDGE ( 'NONE', *, *, #6462, .T. ) ;
#4842 = EDGE_CURVE ( 'NONE', #6982, #10880, #8750, .T. ) ;
#4843 = VECTOR ( 'NONE', #11191, 1000.000000000000000 ) ;
#4844 = ORIENTED_EDGE ( 'NONE', *, *, #10065, .F. ) ;
#4845 =( NAMED_UNIT ( * ) PLANE_ANGLE_UNIT ( ) SI_UNIT ( $, .RADIAN. ) );
#4846 = LINE ( 'NONE', #11300, #8001 ) ;
#4847 = CARTESIAN_POINT ( 'NONE',  ( 15.49999999999999289, -120.6000000000000085, 1.000000000000000888 ) ) ;
#4848 = CARTESIAN_POINT ( 'NONE',  ( -2.299999999999999822, 11.44999999999999929, -14.00000000000000000 ) ) ;
#4849 = AXIS2_PLACEMENT_3D ( 'NONE', #1107, #6493, #10247 ) ;
#4850 = DIRECTION ( 'NONE',  ( -0.000000000000000000, 1.000000000000000000, 0.000000000000000000 ) ) ;
#4851 = AXIS2_PLACEMENT_3D ( 'NONE', #740, #626, #5133 ) ;
#4852 = FACE_OUTER_BOUND ( 'NONE', #7791, .T. ) ;
#4853 = EDGE_LOOP ( 'NONE', ( #6939, #10406, #7439, #7559 ) ) ;
#4854 = VERTEX_POINT ( 'NONE', #8875 ) ;
#4855 = AXIS2_PLACEMENT_3D ( 'NONE', #11507, #3457, #4399 ) ;
#4856 = PLANE ( 'NONE',  #6132 ) ;
#4857 = AXIS2_PLACEMENT_3D ( 'NONE', #1247, #2304, #4108 ) ;
#4858 = EDGE_CURVE ( 'NONE', #8799, #9630, #848, .T. ) ;
#4859 = DIRECTION ( 'NONE',  ( 0.000000000000000000, 0.000000000000000000, -1.000000000000000000 ) ) ;
#4860 = DIRECTION ( 'NONE',  ( -0.000000000000000000, -0.000000000000000000, 1.000000000000000000 ) ) ;
#4861 = ORIENTED_EDGE ( 'NONE', *, *, #1937, .T. ) ;
#4862 = LINE ( 'NONE', #2120, #347 ) ;
#4863 = EDGE_LOOP ( 'NONE', ( #10850, #8909, #6159, #6377 ) ) ;
#4864 = AXIS2_PLACEMENT_3D ( 'NONE', #11533, #1735, #4370 ) ;
#4865 = LINE ( 'NONE', #5036, #9417 ) ;
#4866 = EDGE_CURVE ( 'NONE', #9735, #11083, #791, .T. ) ;
#4867 = CARTESIAN_POINT ( 'NONE',  ( -0.5000000000000052180, -141.5999999999999943, -14.00099999999999945 ) ) ;
#4868 = EDGE_CURVE ( 'NONE', #6460, #5060, #4185, .T. ) ;
#4869 = DIRECTION ( 'NONE',  ( -1.005636797667715026E-16, -1.000000000000000000, 0.000000000000000000 ) ) ;
#4870 = ORIENTED_EDGE ( 'NONE', *, *, #6121, .T. ) ;
#4871 = VERTEX_POINT ( 'NONE', #10700 ) ;
#4872 = EDGE_CURVE ( 'NONE', #731, #7664, #7878, .T. ) ;
#4873 = DIRECTION ( 'NONE',  ( 0.000000000000000000, 0.000000000000000000, 1.000000000000000000 ) ) ;
#4874 = ORIENTED_EDGE ( 'NONE', *, *, #9065, .T. ) ;
#4875 = DIRECTION ( 'NONE',  ( -0.000000000000000000, -0.000000000000000000, 1.000000000000000000 ) ) ;
#4876 = DIRECTION ( 'NONE',  ( 0.000000000000000000, 1.000000000000000000, 0.000000000000000000 ) ) ;
#4877 = EDGE_LOOP ( 'NONE', ( #10753, #4402, #11296, #4069 ) ) ;
#4878 = PLANE ( 'NONE',  #11053 ) ;
#4879 = CARTESIAN_POINT ( 'NONE',  ( 19.49999999999999645, -44.60000000000002274, 1.000000000000000888 ) ) ;
#4880 = CARTESIAN_POINT ( 'NONE',  ( 39.49999999999999289, -150.6000000000000227, 3.000000000000000000 ) ) ;
#4881 = VECTOR ( 'NONE', #11462, 1000.000000000000000 ) ;
#4882 = VERTEX_POINT ( 'NONE', #2601 ) ;
#4883 = VERTEX_POINT ( 'NONE', #3362 ) ;
#4884 = EDGE_LOOP ( 'NONE', ( #5419, #2205, #8215, #3760 ) ) ;
#4885 = EDGE_CURVE ( 'NONE', #8127, #8922, #671, .T. ) ;
#4886 = CARTESIAN_POINT ( 'NONE',  ( -0.5000000000000079936, -117.6000000000000085, -14.00099999999999945 ) ) ;
#4887 = DIRECTION ( 'NONE',  ( 0.000000000000000000, 1.000000000000000000, 0.000000000000000000 ) ) ;
#4888 = DIRECTION ( 'NONE',  ( 1.000000000000000000, 0.000000000000000000, 0.000000000000000000 ) ) ;
#4889 = LINE ( 'NONE', #10953, #7662 ) ;
#4890 = CIRCLE ( 'NONE', #403, 5.000000000000000000 ) ;
#4891 = DIRECTION ( 'NONE',  ( 0.000000000000000000, 1.000000000000000000, 0.000000000000000000 ) ) ;
#4892 = DIRECTION ( 'NONE',  ( 1.000000000000000000, 0.000000000000000000, 0.000000000000000000 ) ) ;
#4893 = CARTESIAN_POINT ( 'NONE',  ( 2.500000000000035083, 26.89999999999999858, -1.000000000000000000 ) ) ;
#4894 = EDGE_CURVE ( 'NONE', #6433, #6881, #3532, .T. ) ;
#4895 = VECTOR ( 'NONE', #3756, 1000.000000000000000 ) ;
#4896 = VERTEX_POINT ( 'NONE', #8641 ) ;
#4897 = VERTEX_POINT ( 'NONE', #618 ) ;
#4898 = VECTOR ( 'NONE', #5212, 1000.000000000000000 ) ;
#4899 = ORIENTED_EDGE ( 'NONE', *, *, #7955, .T. ) ;
#4900 = ADVANCED_FACE ( 'NONE', ( #5125 ), #8696, .T. ) ;
#4901 = FACE_OUTER_BOUND ( 'NONE', #345, .T. ) ;
#4902 = CARTESIAN_POINT ( 'NONE',  ( 19.49999999999999645, -147.6000000000000227, 1.000000000000000888 ) ) ;
#4903 = VECTOR ( 'NONE', #3352, 1000.000000000000000 ) ;
#4904 = DIRECTION ( 'NONE',  ( 0.000000000000000000, 0.000000000000000000, 1.000000000000000000 ) ) ;
#4905 = LINE ( 'NONE', #3631, #11045 ) ;
#4906 = DIRECTION ( 'NONE',  ( -1.000000000000000000, 0.000000000000000000, 0.000000000000000000 ) ) ;
#4907 = VECTOR ( 'NONE', #8961, 1000.000000000000000 ) ;
#4908 = EDGE_CURVE ( 'NONE', #5747, #4173, #9998, .T. ) ;
#4909 = CIRCLE ( 'NONE', #2473, 0.5000000000000000000 ) ;
#4910 = CARTESIAN_POINT ( 'NONE',  ( 6.700000000000000178, 7.400000000000000355, 1.000000000000000000 ) ) ;
#4911 = ORIENTED_EDGE ( 'NONE', *, *, #8095, .T. ) ;
#4912 = ORIENTED_EDGE ( 'NONE', *, *, #8353, .F. ) ;
#4913 = CIRCLE ( 'NONE', #8279, 5.000000000000000000 ) ;
#4914 = DIRECTION ( 'NONE',  ( -1.000000000000000000, 0.000000000000000000, 0.000000000000000000 ) ) ;
#4915 = CIRCLE ( 'NONE', #9234, 3.799999999999998046 ) ;
#4916 = CARTESIAN_POINT ( 'NONE',  ( 0.000000000000000000, 25.89999999999999858, 0.5000000000000000000 ) ) ;
#4917 = FACE_BOUND ( 'NONE', #10555, .T. ) ;
#4918 = ORIENTED_EDGE ( 'NONE', *, *, #8740, .F. ) ;
#4919 = DIRECTION ( 'NONE',  ( 1.000000000000000000, 0.000000000000000000, 0.000000000000000000 ) ) ;
#4920 = ORIENTED_EDGE ( 'NONE', *, *, #6764, .T. ) ;
#4921 = VECTOR ( 'NONE', #4306, 1000.000000000000000 ) ;
#4922 = CARTESIAN_POINT ( 'NONE',  ( 19.49999999999999289, -20.60000000000002274, 1.000000000000000888 ) ) ;
#4923 = DIRECTION ( 'NONE',  ( -0.000000000000000000, -0.000000000000000000, 1.000000000000000000 ) ) ;
#4924 = CARTESIAN_POINT ( 'NONE',  ( 39.49999999999998579, -120.6000000000000085, 3.000000000000000000 ) ) ;
#4925 = DIRECTION ( 'NONE',  ( 0.000000000000000000, -1.000000000000000000, 0.000000000000000000 ) ) ;
#4926 = VERTEX_POINT ( 'NONE', #5591 ) ;
#4927 = AXIS2_PLACEMENT_3D ( 'NONE', #3123, #4178, #5985 ) ;
#4928 = EDGE_CURVE ( 'NONE', #6074, #5408, #2777, .T. ) ;
#4929 = ORIENTED_EDGE ( 'NONE', *, *, #9338, .T. ) ;
#4930 = EDGE_CURVE ( 'NONE', #9601, #1706, #82, .T. ) ;
#4931 = DIRECTION ( 'NONE',  ( 0.000000000000000000, 0.000000000000000000, -1.000000000000000000 ) ) ;
#4932 = ORIENTED_EDGE ( 'NONE', *, *, #11499, .T. ) ;
#4933 = CARTESIAN_POINT ( 'NONE',  ( -1.800000000000000044, 2.500000000000000000, 1.000000000000000000 ) ) ;
#4934 = DIRECTION ( 'NONE',  ( -1.000000000000000000, -0.000000000000000000, -0.000000000000000000 ) ) ;
#4935 = VERTEX_POINT ( 'NONE', #10997 ) ;
#4936 = LINE ( 'NONE', #3114, #9727 ) ;
#4937 = CARTESIAN_POINT ( 'NONE',  ( 19.49999999999999645, -38.60000000000002274, -14.00099999999999945 ) ) ;
#4938 = LINE ( 'NONE', #7523, #7326 ) ;
#4939 = EDGE_CURVE ( 'NONE', #6339, #2941, #8224, .T. ) ;
#4940 = ORIENTED_EDGE ( 'NONE', *, *, #4484, .T. ) ;
#4941 = ORIENTED_EDGE ( 'NONE', *, *, #9654, .F. ) ;
#4942 = ORIENTED_EDGE ( 'NONE', *, *, #8895, .F. ) ;
#4943 = DIRECTION ( 'NONE',  ( -0.000000000000000000, 1.000000000000000000, 0.000000000000000000 ) ) ;
#4944 = DIRECTION ( 'NONE',  ( 0.000000000000000000, -1.000000000000000000, 0.000000000000000000 ) ) ;
#4945 = EDGE_LOOP ( 'NONE', ( #5871, #10613, #881, #608 ) ) ;
#4946 = CARTESIAN_POINT ( 'NONE',  ( 56.50000000000000000, 4.000000000000000000, -1.000000000000000000 ) ) ;
#4947 = ORIENTED_EDGE ( 'NONE', *, *, #4214, .T. ) ;
#4948 = VECTOR ( 'NONE', #1521, 1000.000000000000000 ) ;
#4949 = CARTESIAN_POINT ( 'NONE',  ( 55.49999999999999289, -117.6000000000000085, 1.000000000000000000 ) ) ;
#4950 = CARTESIAN_POINT ( 'NONE',  ( 55.49999999999999289, -41.60000000000001563, -14.00099999999999945 ) ) ;
#4951 = LINE ( 'NONE', #2200, #3703 ) ;
#4952 = DIRECTION ( 'NONE',  ( -1.000000000000000000, 0.000000000000000000, 0.000000000000000000 ) ) ;
#4953 = EDGE_CURVE ( 'NONE', #10895, #1072, #8164, .T. ) ;
#4954 = ORIENTED_EDGE ( 'NONE', *, *, #1112, .T. ) ;
#4955 = EDGE_LOOP ( 'NONE', ( #7432, #8791, #1200, #9178 ) ) ;
#4956 = VERTEX_POINT ( 'NONE', #7352 ) ;
#4957 = DIRECTION ( 'NONE',  ( -1.000000000000000000, 0.000000000000000000, 0.000000000000000000 ) ) ;
#4958 = LINE ( 'NONE', #338, #10439 ) ;
#4959 = CARTESIAN_POINT ( 'NONE',  ( 39.49999999999999289, -44.60000000000002274, -14.00099999999999945 ) ) ;
#4960 = CARTESIAN_POINT ( 'NONE',  ( 15.49999999999999645, -41.60000000000001563, -14.00099999999999945 ) ) ;
#4961 = FACE_OUTER_BOUND ( 'NONE', #5201, .T. ) ;
#4962 = ADVANCED_FACE ( 'NONE', ( #5536 ), #1781, .T. ) ;
#4963 = CARTESIAN_POINT ( 'NONE',  ( -1.300000000000000044, 5.950000000000000178, 3.000000000000000000 ) ) ;
#4964 = EDGE_LOOP ( 'NONE', ( #143, #2164, #1424, #11454 ) ) ;
#4965 = ORIENTED_EDGE ( 'NONE', *, *, #11529, .F. ) ;
#4966 = DIRECTION ( 'NONE',  ( 0.000000000000000000, -1.000000000000000000, 0.000000000000000000 ) ) ;
#4967 = EDGE_CURVE ( 'NONE', #10316, #5289, #7290, .T. ) ;
#4968 = CARTESIAN_POINT ( 'NONE',  ( 55.49999999999999289, -141.5999999999999943, -14.00099999999999945 ) ) ;
#4969 = FACE_BOUND ( 'NONE', #7264, .T. ) ;
#4970 = ORIENTED_EDGE ( 'NONE', *, *, #5240, .T. ) ;
#4971 = FACE_OUTER_BOUND ( 'NONE', #712, .T. ) ;
#4972 = EDGE_LOOP ( 'NONE', ( #5754, #5966, #650, #7424 ) ) ;
#4973 = LINE ( 'NONE', #3216, #8290 ) ;
#4974 = DIRECTION ( 'NONE',  ( 0.000000000000000000, 0.000000000000000000, -1.000000000000000000 ) ) ;
#4975 = VECTOR ( 'NONE', #8433, 1000.000000000000000 ) ;
#4976 = DIRECTION ( 'NONE',  ( -8.286895585876498297E-17, 1.000000000000000000, 0.000000000000000000 ) ) ;
#4977 = VERTEX_POINT ( 'NONE', #2950 ) ;
#4978 = EDGE_CURVE ( 'NONE', #4401, #8606, #8286, .T. ) ;
#4979 = CARTESIAN_POINT ( 'NONE',  ( -0.5000000000000038858, -153.6000000000000227, 3.000000000000000000 ) ) ;
#4980 = VECTOR ( 'NONE', #5586, 1000.000000000000000 ) ;
#4981 = FACE_OUTER_BOUND ( 'NONE', #5315, .T. ) ;
#4982 = ORIENTED_EDGE ( 'NONE', *, *, #9310, .F. ) ;
#4983 = DIRECTION ( 'NONE',  ( 0.000000000000000000, 0.000000000000000000, -1.000000000000000000 ) ) ;
#4984 = CARTESIAN_POINT ( 'NONE',  ( -0.5000000000000079936, -14.60000000000001563, 1.000000000000000888 ) ) ;
#4985 = VERTEX_POINT ( 'NONE', #1137 ) ;
#4986 = DIRECTION ( 'NONE',  ( 1.000000000000000000, 0.000000000000000000, 0.000000000000000000 ) ) ;
#4987 = LINE ( 'NONE', #5976, #2837 ) ;
#4988 = ADVANCED_FACE ( 'NONE', ( #1962 ), #8053, .F. ) ;
#4989 = DIRECTION ( 'NONE',  ( 0.000000000000000000, 0.000000000000000000, 1.000000000000000000 ) ) ;
#4990 = EDGE_CURVE ( 'NONE', #4695, #6923, #4708, .T. ) ;
#4991 = DIRECTION ( 'NONE',  ( 0.000000000000000000, 0.000000000000000000, 1.000000000000000000 ) ) ;
#4992 = ORIENTED_EDGE ( 'NONE', *, *, #3812, .T. ) ;
#4993 = ORIENTED_EDGE ( 'NONE', *, *, #10466, .T. ) ;
#4994 = EDGE_LOOP ( 'NONE', ( #5161, #73, #9807, #1238 ) ) ;
#4995 = CARTESIAN_POINT ( 'NONE',  ( -0.2999999999999934941, 17.44999999999999929, 1.000000000000000000 ) ) ;
#4996 = LINE ( 'NONE', #3072, #2662 ) ;
#4997 = ORIENTED_EDGE ( 'NONE', *, *, #7005, .T. ) ;
#4998 = LINE ( 'NONE', #11398, #11492 ) ;
#4999 = EDGE_CURVE ( 'NONE', #61, #10177, #10763, .T. ) ;
#5000 = ORIENTED_EDGE ( 'NONE', *, *, #4466, .F. ) ;
#5001 = CYLINDRICAL_SURFACE ( 'NONE', #2057, 0.5000000000000000000 ) ;
#5002 = DIRECTION ( 'NONE',  ( 0.000000000000000000, 0.000000000000000000, 1.000000000000000000 ) ) ;
#5003 = DIRECTION ( 'NONE',  ( -1.734723475976807094E-15, 0.000000000000000000, 1.000000000000000000 ) ) ;
#5004 = EDGE_CURVE ( 'NONE', #3461, #1805, #2896, .T. ) ;
#5005 = CIRCLE ( 'NONE', #11564, 4.999999999999999112 ) ;
#5006 = LINE ( 'NONE', #5935, #2513 ) ;
#5007 = EDGE_CURVE ( 'NONE', #842, #127, #905, .T. ) ;
#5008 = ADVANCED_FACE ( 'NONE', ( #3764 ), #10051, .F. ) ;
#5009 = VERTEX_POINT ( 'NONE', #6525 ) ;
#5010 = VERTEX_POINT ( 'NONE', #1899 ) ;
#5011 = EDGE_CURVE ( 'NONE', #8737, #3282, #5348, .T. ) ;
#5012 = ORIENTED_EDGE ( 'NONE', *, *, #8198, .T. ) ;
#5013 = AXIS2_PLACEMENT_3D ( 'NONE', #9881, #1971, #210 ) ;
#5014 = CARTESIAN_POINT ( 'NONE',  ( 56.50000000000000000, 5.950000000000000178, -1.000000000000000000 ) ) ;
#5015 = LINE ( 'NONE', #11182, #330 ) ;
#5016 = LINE ( 'NONE', #507, #4921 ) ;
#5017 = EDGE_CURVE ( 'NONE', #192, #9710, #587, .T. ) ;
#5018 = VECTOR ( 'NONE', #7799, 1000.000000000000000 ) ;
#5019 = DIRECTION ( 'NONE',  ( -0.000000000000000000, -0.000000000000000000, 1.000000000000000000 ) ) ;
#5020 = CARTESIAN_POINT ( 'NONE',  ( 15.49999999999999467, -32.60000000000001563, 3.000000000000000000 ) ) ;
#5021 = CIRCLE ( 'NONE', #9697, 5.000000000000000000 ) ;
#5022 = CARTESIAN_POINT ( 'NONE',  ( 2.500000000000000000, 2.500000000000000000, 0.5000000000000000000 ) ) ;
#5023 = ORIENTED_EDGE ( 'NONE', *, *, #10391, .T. ) ;
#5024 = VECTOR ( 'NONE', #2621, 1000.000000000000000 ) ;
#5025 = ORIENTED_EDGE ( 'NONE', *, *, #2390, .F. ) ;
#5026 = AXIS2_PLACEMENT_3D ( 'NONE', #653, #5106, #3 ) ;
#5027 = CARTESIAN_POINT ( 'NONE',  ( 27.50000000000000000, 27.86760707430824979, 0.03349678200752214535 ) ) ;
#5028 = CIRCLE ( 'NONE', #1476, 0.5000000000000000000 ) ;
#5029 = LINE ( 'NONE', #11486, #9039 ) ;
#5030 = ADVANCED_FACE ( 'NONE', ( #1838 ), #4534, .F. ) ;
#5031 = FACE_BOUND ( 'NONE', #7094, .T. ) ;
#5032 = ORIENTED_EDGE ( 'NONE', *, *, #4060, .F. ) ;
#5033 = VECTOR ( 'NONE', #7006, 1000.000000000000000 ) ;
#5034 = CARTESIAN_POINT ( 'NONE',  ( 28.50000000000000000, -2.299999999999999822, 0.000000000000000000 ) ) ;
#5035 = EDGE_LOOP ( 'NONE', ( #8697, #1335, #7252, #1472 ) ) ;
#5036 = CARTESIAN_POINT ( 'NONE',  ( 51.20000000000000284, 25.89999999999999858, 0.5000000000000000000 ) ) ;
#5037 = PLANE ( 'NONE',  #4569 ) ;
#5038 = VECTOR ( 'NONE', #7803, 1000.000000000000000 ) ;
#5039 = EDGE_CURVE ( 'NONE', #6092, #8516, #3065, .T. ) ;
#5040 = DIRECTION ( 'NONE',  ( 0.000000000000000000, 0.000000000000000000, 1.000000000000000000 ) ) ;
#5041 = ORIENTED_EDGE ( 'NONE', *, *, #1420, .F. ) ;
#5042 = VECTOR ( 'NONE', #9005, 1000.000000000000000 ) ;
#5043 = DIRECTION ( 'NONE',  ( 0.000000000000000000, -0.000000000000000000, 1.000000000000000000 ) ) ;
#5044 = EDGE_CURVE ( 'NONE', #7544, #5899, #4001, .T. ) ;
#5045 = CARTESIAN_POINT ( 'NONE',  ( 35.49999999999999289, -29.60000000000001563, -14.00099999999999945 ) ) ;
#5046 = EDGE_LOOP ( 'NONE', ( #9180, #9877, #9870, #1187 ) ) ;
#5047 = VECTOR ( 'NONE', #7679, 1000.000000000000000 ) ;
#5048 = PLANE ( 'NONE',  #2877 ) ;
#5049 = CARTESIAN_POINT ( 'NONE',  ( 2.195509399283149684E-16, -1.800000000000000044, 0.5000000000000000000 ) ) ;
#5050 = ORIENTED_EDGE ( 'NONE', *, *, #7216, .T. ) ;
#5051 = LINE ( 'NONE', #7031, #6582 ) ;
#5052 = CARTESIAN_POINT ( 'NONE',  ( 39.49999999999998579, -20.60000000000002274, 1.000000000000000888 ) ) ;
#5053 = EDGE_CURVE ( 'NONE', #5686, #2293, #10277, .T. ) ;
#5054 = LINE ( 'NONE', #3897, #8218 ) ;
#5055 = ORIENTED_EDGE ( 'NONE', *, *, #2638, .F. ) ;
#5056 = VERTEX_POINT ( 'NONE', #7690 ) ;
#5057 = ORIENTED_EDGE ( 'NONE', *, *, #2834, .F. ) ;
#5058 = DIRECTION ( 'NONE',  ( -1.000000000000000000, 0.000000000000000000, 0.000000000000000000 ) ) ;
#5059 = DIRECTION ( 'NONE',  ( -0.000000000000000000, -0.000000000000000000, -1.000000000000000000 ) ) ;
#5060 = VERTEX_POINT ( 'NONE', #3116 ) ;
#5061 = CARTESIAN_POINT ( 'NONE',  ( 19.49999999999999289, -129.5999999999999943, -14.00099999999999945 ) ) ;
#5062 = CARTESIAN_POINT ( 'NONE',  ( -4.999999999999981348, -164.6000000000000227, 1.000000000000000000 ) ) ;
#5063 = EDGE_LOOP ( 'NONE', ( #4439, #7632, #10578, #767 ) ) ;
#5064 = DIRECTION ( 'NONE',  ( 0.000000000000000000, 1.000000000000000000, 0.000000000000000000 ) ) ;
#5065 = FACE_OUTER_BOUND ( 'NONE', #5063, .T. ) ;
#5066 = CARTESIAN_POINT ( 'NONE',  ( 35.49999999999999289, -26.60000000000001918, 3.000000000000000000 ) ) ;
#5067 = CARTESIAN_POINT ( 'NONE',  ( -3.000000000000003553, -149.6000000000000227, 1.000000000000000000 ) ) ;
#5068 = ORIENTED_EDGE ( 'NONE', *, *, #8411, .T. ) ;
#5069 = EDGE_LOOP ( 'NONE', ( #2428, #3626, #11335, #3402, #1922, #2817, #2335, #5504, #8573 ) ) ;
#5070 = ADVANCED_FACE ( 'NONE', ( #375 ), #3174, .F. ) ;
#5071 = CARTESIAN_POINT ( 'NONE',  ( 39.49999999999999289, -32.60000000000001563, -14.00099999999999945 ) ) ;
#5072 = CARTESIAN_POINT ( 'NONE',  ( 35.50000000000000000, -50.60000000000002274, -14.00099999999999945 ) ) ;
#5073 = VECTOR ( 'NONE', #6647, 1000.000000000000000 ) ;
#5074 = DIRECTION ( 'NONE',  ( 0.000000000000000000, 0.000000000000000000, 1.000000000000000000 ) ) ;
#5075 = EDGE_CURVE ( 'NONE', #6911, #4226, #7578, .T. ) ;
#5076 = DIRECTION ( 'NONE',  ( 0.000000000000000000, 1.000000000000000000, 0.000000000000000000 ) ) ;
#5077 = CARTESIAN_POINT ( 'NONE',  ( 55.49999999999999289, -17.60000000000001918, 1.000000000000000888 ) ) ;
#5078 = CARTESIAN_POINT ( 'NONE',  ( 55.49999999999999289, -47.60000000000001563, -14.00099999999999945 ) ) ;
#5079 = AXIS2_PLACEMENT_3D ( 'NONE', #5477, #1024, #3704 ) ;
#5080 = DIRECTION ( 'NONE',  ( 0.000000000000000000, 0.000000000000000000, -1.000000000000000000 ) ) ;
#5081 = EDGE_LOOP ( 'NONE', ( #10214, #10412, #1648, #2942 ) ) ;
#5082 = VECTOR ( 'NONE', #8978, 1000.000000000000000 ) ;
#5083 = ADVANCED_FACE ( 'NONE', ( #11274 ), #9339, .F. ) ;
#5084 = ORIENTED_EDGE ( 'NONE', *, *, #4270, .F. ) ;
#5085 = VECTOR ( 'NONE', #4931, 1000.000000000000000 ) ;
#5086 = CARTESIAN_POINT ( 'NONE',  ( 7.000000000000009770, -105.0999999999999943, 3.001000000000000334 ) ) ;
#5087 = CARTESIAN_POINT ( 'NONE',  ( -1.811109227115474951, 10.44999999999999929, -13.00000000000000000 ) ) ;
#5088 = FACE_OUTER_BOUND ( 'NONE', #9285, .T. ) ;
#5089 = EDGE_LOOP ( 'NONE', ( #5113, #11102, #11049, #2516 ) ) ;
#5090 = CIRCLE ( 'NONE', #8829, 1.000000000000000000 ) ;
#5091 = DIRECTION ( 'NONE',  ( -1.000000000000000000, -0.000000000000000000, -0.000000000000000000 ) ) ;
#5092 = ORIENTED_EDGE ( 'NONE', *, *, #4268, .T. ) ;
#5093 = PLANE ( 'NONE',  #4341 ) ;
#5094 = DIRECTION ( 'NONE',  ( 0.000000000000000000, 0.000000000000000000, -1.000000000000000000 ) ) ;
#5095 = VECTOR ( 'NONE', #8894, 1000.000000000000000 ) ;
#5096 = EDGE_CURVE ( 'NONE', #2630, #11092, #8817, .T. ) ;
#5097 = CARTESIAN_POINT ( 'NONE',  ( 55.00000000000000000, 18.45000000000000284, 0.5000000000000000000 ) ) ;
#5098 = ORIENTED_EDGE ( 'NONE', *, *, #7684, .T. ) ;
#5099 = VECTOR ( 'NONE', #11062, 1000.000000000000000 ) ;
#5100 = DIRECTION ( 'NONE',  ( -1.000000000000000000, 0.000000000000000000, 0.000000000000000000 ) ) ;
#5101 = DIRECTION ( 'NONE',  ( 0.000000000000000000, 1.000000000000000000, 0.000000000000000000 ) ) ;
#5102 = ORIENTED_EDGE ( 'NONE', *, *, #10279, .F. ) ;
#5103 = VECTOR ( 'NONE', #1613, 1000.000000000000000 ) ;
#5104 = EDGE_CURVE ( 'NONE', #6651, #8848, #11215, .T. ) ;
#5105 = FACE_OUTER_BOUND ( 'NONE', #5193, .T. ) ;
#5106 = DIRECTION ( 'NONE',  ( 0.000000000000000000, -1.000000000000000000, 0.000000000000000000 ) ) ;
#5107 = ORIENTED_EDGE ( 'NONE', *, *, #2206, .F. ) ;
#5108 = DIRECTION ( 'NONE',  ( 0.000000000000000000, -0.000000000000000000, -1.000000000000000000 ) ) ;
#5109 = LINE ( 'NONE', #6088, #5462 ) ;
#5110 = ADVANCED_FACE ( 'NONE', ( #4769 ), #5866, .T. ) ;
#5111 = DIRECTION ( 'NONE',  ( 0.000000000000000000, 0.000000000000000000, 1.000000000000000000 ) ) ;
#5112 = VECTOR ( 'NONE', #7417, 1000.000000000000000 ) ;
#5113 = ORIENTED_EDGE ( 'NONE', *, *, #9562, .T. ) ;
#5114 = EDGE_LOOP ( 'NONE', ( #4129, #6199, #7425, #10333 ) ) ;
#5115 = ORIENTED_EDGE ( 'NONE', *, *, #6483, .T. ) ;
#5116 = DIRECTION ( 'NONE',  ( -1.084202172485503818E-16, 1.000000000000000000, 0.000000000000000000 ) ) ;
#5117 = EDGE_LOOP ( 'NONE', ( #1080, #6782, #8814, #8211 ) ) ;
#5118 = EDGE_CURVE ( 'NONE', #3068, #4530, #3942, .T. ) ;
#5119 = LINE ( 'NONE', #6928, #9242 ) ;
#5120 = DIRECTION ( 'NONE',  ( -1.231756314303058296E-16, -1.000000000000000000, 0.000000000000000000 ) ) ;
#5121 = ORIENTED_EDGE ( 'NONE', *, *, #6677, .F. ) ;
#5122 = LINE ( 'NONE', #8692, #3725 ) ;
#5123 = CARTESIAN_POINT ( 'NONE',  ( 55.50000000000000000, 18.45000000000000284, 0.5000000000000000000 ) ) ;
#5124 = CARTESIAN_POINT ( 'NONE',  ( 18.50000000000000000, -1.800000000000000044, 1.000000000000000000 ) ) ;
#5125 = FACE_OUTER_BOUND ( 'NONE', #7995, .T. ) ;
#5126 = ORIENTED_EDGE ( 'NONE', *, *, #9274, .T. ) ;
#5127 = ORIENTED_EDGE ( 'NONE', *, *, #790, .F. ) ;
#5128 = LINE ( 'NONE', #3193, #6016 ) ;
#5129 = DIRECTION ( 'NONE',  ( 0.000000000000000000, 0.000000000000000000, 1.000000000000000000 ) ) ;
#5130 = VECTOR ( 'NONE', #644, 1000.000000000000000 ) ;
#5131 = EDGE_CURVE ( 'NONE', #10090, #7724, #4938, .T. ) ;
#5132 = LINE ( 'NONE', #3311, #435 ) ;
#5133 = DIRECTION ( 'NONE',  ( 0.000000000000000000, 0.000000000000000000, 1.000000000000000000 ) ) ;
#5134 = LINE ( 'NONE', #8706, #7674 ) ;
#5135 = DIRECTION ( 'NONE',  ( 0.000000000000000000, 0.000000000000000000, 1.000000000000000000 ) ) ;
#5136 = EDGE_CURVE ( 'NONE', #3823, #4042, #11055, .T. ) ;
#5137 = PLANE ( 'NONE',  #2048 ) ;
#5138 = ORIENTED_EDGE ( 'NONE', *, *, #1251, .F. ) ;
#5139 = EDGE_CURVE ( 'NONE', #11498, #4165, #5647, .T. ) ;
#5140 = VERTEX_POINT ( 'NONE', #544 ) ;
#5141 = DIRECTION ( 'NONE',  ( -1.000000000000000000, 0.000000000000000000, 0.000000000000000000 ) ) ;
#5142 =( GEOMETRIC_REPRESENTATION_CONTEXT ( 3 ) GLOBAL_UNCERTAINTY_ASSIGNED_CONTEXT ( ( #2909 ) ) GLOBAL_UNIT_ASSIGNED_CONTEXT ( ( #4154, #4264, #2457 ) ) REPRESENTATION_CONTEXT ( 'NONE', 'WORKASPACE' ) );
#5143 = DIRECTION ( 'NONE',  ( 0.000000000000000000, -0.000000000000000000, 1.000000000000000000 ) ) ;
#5144 = VERTEX_POINT ( 'NONE', #2190 ) ;
#5145 = EDGE_CURVE ( 'NONE', #8737, #602, #1197, .T. ) ;
#5146 = DIRECTION ( 'NONE',  ( -0.000000000000000000, -0.000000000000000000, 1.000000000000000000 ) ) ;
#5147 = ORIENTED_EDGE ( 'NONE', *, *, #10185, .T. ) ;
#5148 = FACE_OUTER_BOUND ( 'NONE', #8728, .T. ) ;
#5149 = LINE ( 'NONE', #3218, #5691 ) ;
#5150 = CARTESIAN_POINT ( 'NONE',  ( -2.450000000000003730, 30.39999999999999858, 3.000000000000000000 ) ) ;
#5151 = ORIENTED_EDGE ( 'NONE', *, *, #9910, .F. ) ;
#5152 = FACE_OUTER_BOUND ( 'NONE', #11424, .T. ) ;
#5153 = ORIENTED_EDGE ( 'NONE', *, *, #5217, .T. ) ;
#5154 = LINE ( 'NONE', #7971, #7844 ) ;
#5155 = ADVANCED_FACE ( 'NONE', ( #3010 ), #6581, .T. ) ;
#5156 = CARTESIAN_POINT ( 'NONE',  ( -0.5000000000000066613, -26.60000000000001918, 3.000000000000000000 ) ) ;
#5157 = VERTEX_POINT ( 'NONE', #3234 ) ;
#5158 = FACE_OUTER_BOUND ( 'NONE', #8547, .T. ) ;
#5159 = DIRECTION ( 'NONE',  ( 0.000000000000000000, 1.000000000000000000, -0.000000000000000000 ) ) ;
#5160 = LINE ( 'NONE', #4282, #549 ) ;
#5161 = ORIENTED_EDGE ( 'NONE', *, *, #3107, .F. ) ;
#5162 = ORIENTED_EDGE ( 'NONE', *, *, #2108, .F. ) ;
#5163 = ORIENTED_EDGE ( 'NONE', *, *, #10561, .T. ) ;
#5164 = DIRECTION ( 'NONE',  ( -1.000000000000000000, 0.000000000000000000, 0.000000000000000000 ) ) ;
#5165 = VERTEX_POINT ( 'NONE', #1249 ) ;
#5166 = LINE ( 'NONE', #11457, #6983 ) ;
#5167 = ADVANCED_FACE ( 'NONE', ( #8398 ), #6636, .F. ) ;
#5168 = FACE_OUTER_BOUND ( 'NONE', #5668, .T. ) ;
#5169 = VERTEX_POINT ( 'NONE', #10622 ) ;
#5170 = DIRECTION ( 'NONE',  ( 1.000000000000000000, 4.517509052022939661E-17, 0.000000000000000000 ) ) ;
#5171 = CARTESIAN_POINT ( 'NONE',  ( 34.50000000000000000, -0.2999999999999999889, -14.00000000000000000 ) ) ;
#5172 = CARTESIAN_POINT ( 'NONE',  ( 28.50000000000000000, 25.39999999999999858, 0.5000000000000000000 ) ) ;
#5173 = DIRECTION ( 'NONE',  ( -0.000000000000000000, -1.000000000000000000, -0.000000000000000000 ) ) ;
#5174 = EDGE_CURVE ( 'NONE', #7543, #2746, #1478, .T. ) ;
#5175 = VERTEX_POINT ( 'NONE', #2582 ) ;
#5176 = ORIENTED_EDGE ( 'NONE', *, *, #10535, .F. ) ;
#5177 = CARTESIAN_POINT ( 'NONE',  ( -0.5000000000000079936, -14.60000000000001563, -14.00099999999999945 ) ) ;
#5178 = DIRECTION ( 'NONE',  ( -1.000000000000000000, -0.000000000000000000, -0.000000000000000000 ) ) ;
#5179 = CARTESIAN_POINT ( 'NONE',  ( 19.49999999999999289, -117.6000000000000085, -14.00099999999999945 ) ) ;
#5180 = CARTESIAN_POINT ( 'NONE',  ( 2.500000000000000000, 0.2000000000000000111, 1.000000000000000000 ) ) ;
#5181 = ADVANCED_FACE ( 'NONE', ( #10569 ), #6149, .T. ) ;
#5182 = DIRECTION ( 'NONE',  ( 0.4226182617406974429, 0.000000000000000000, -0.9063077870366509359 ) ) ;
#5183 = CARTESIAN_POINT ( 'NONE',  ( 3.079999999999999627, 22.91999999999999815, 3.000000000000000000 ) ) ;
#5184 = CARTESIAN_POINT ( 'NONE',  ( 15.49999999999999289, -20.60000000000002274, 3.000000000000000000 ) ) ;
#5185 = CARTESIAN_POINT ( 'NONE',  ( -0.5000000000000045519, -41.60000000000001563, 1.000000000000000888 ) ) ;
#5186 = EDGE_LOOP ( 'NONE', ( #1967, #2180, #10437, #3556 ) ) ;
#5187 = EDGE_CURVE ( 'NONE', #2378, #7203, #9737, .T. ) ;
#5188 = AXIS2_PLACEMENT_3D ( 'NONE', #4365, #7001, #7884 ) ;
#5189 = VERTEX_POINT ( 'NONE', #657 ) ;
#5190 = CARTESIAN_POINT ( 'NONE',  ( 6.700000000000000178, 10.92500000000000071, 1.000000000000000000 ) ) ;
#5191 = CARTESIAN_POINT ( 'NONE',  ( 55.50000000000000000, 5.950000000000000178, -1.000000000000000000 ) ) ;
#5192 = FACE_BOUND ( 'NONE', #663, .T. ) ;
#5193 = EDGE_LOOP ( 'NONE', ( #7870, #10343, #3294, #2436 ) ) ;
#5194 = CARTESIAN_POINT ( 'NONE',  ( 34.50000000000000000, 0.2000000000000000111, 1.000000000000000000 ) ) ;
#5195 = VERTEX_POINT ( 'NONE', #5052 ) ;
#5196 = FACE_OUTER_BOUND ( 'NONE', #9629, .T. ) ;
#5197 = VECTOR ( 'NONE', #5498, 1000.000000000000000 ) ;
#5198 = VECTOR ( 'NONE', #1576, 1000.000000000000000 ) ;
#5199 = ORIENTED_EDGE ( 'NONE', *, *, #4885, .F. ) ;
#5200 = DIRECTION ( 'NONE',  ( 0.000000000000000000, 1.000000000000000000, -0.000000000000000000 ) ) ;
#5201 = EDGE_LOOP ( 'NONE', ( #2393, #10860, #1222, #3597 ) ) ;
#5202 = VECTOR ( 'NONE', #5244, 1000.000000000000000 ) ;
#5203 = VECTOR ( 'NONE', #3570, 1000.000000000000000 ) ;
#5204 = DIRECTION ( 'NONE',  ( -0.03489949670250453578, -1.513524405740244317E-17, 0.9993908270190955401 ) ) ;
#5205 = ORIENTED_EDGE ( 'NONE', *, *, #3560, .F. ) ;
#5206 = EDGE_CURVE ( 'NONE', #11361, #10730, #5109, .T. ) ;
#5207 = CARTESIAN_POINT ( 'NONE',  ( 39.49999999999999289, -47.60000000000001563, 1.000000000000000888 ) ) ;
#5208 = EDGE_CURVE ( 'NONE', #2805, #10924, #3289, .T. ) ;
#5209 = FACE_OUTER_BOUND ( 'NONE', #6818, .T. ) ;
#5210 = ORIENTED_EDGE ( 'NONE', *, *, #8877, .T. ) ;
#5211 = VECTOR ( 'NONE', #7423, 1000.000000000000000 ) ;
#5212 = DIRECTION ( 'NONE',  ( 1.000000000000000000, 0.000000000000000000, 0.000000000000000000 ) ) ;
#5213 = CARTESIAN_POINT ( 'NONE',  ( 35.49999999999999289, -26.60000000000001918, 3.000000000000000000 ) ) ;
#5214 = VECTOR ( 'NONE', #557, 1000.000000000000000 ) ;
#5215 = DIRECTION ( 'NONE',  ( -0.000000000000000000, -0.000000000000000000, 1.000000000000000000 ) ) ;
#5216 = ORIENTED_EDGE ( 'NONE', *, *, #1301, .F. ) ;
#5217 = EDGE_CURVE ( 'NONE', #379, #11483, #7976, .T. ) ;
#5218 = ORIENTED_EDGE ( 'NONE', *, *, #273, .T. ) ;
#5219 = AXIS2_PLACEMENT_3D ( 'NONE', #9086, #1811, #2695 ) ;
#5220 = EDGE_LOOP ( 'NONE', ( #10875, #2543 ) ) ;
#5221 = ORIENTED_EDGE ( 'NONE', *, *, #9780, .T. ) ;
#5222 = CARTESIAN_POINT ( 'NONE',  ( 55.49999999999999289, -26.60000000000001918, -14.00099999999999945 ) ) ;
#5223 = VERTEX_POINT ( 'NONE', #2471 ) ;
#5224 = AXIS2_PLACEMENT_3D ( 'NONE', #8430, #8491, #6445 ) ;
#5225 = CARTESIAN_POINT ( 'NONE',  ( -0.5000000000000073275, -123.6000000000000085, 1.000000000000000888 ) ) ;
#5226 = CARTESIAN_POINT ( 'NONE',  ( -3.299999999999999822, 11.44999999999999929, 0.000000000000000000 ) ) ;
#5227 = ORIENTED_EDGE ( 'NONE', *, *, #1849, .T. ) ;
#5228 = CARTESIAN_POINT ( 'NONE',  ( 35.50000000000000000, -144.5999999999999943, 3.000000000000000000 ) ) ;
#5229 = LINE ( 'NONE', #9690, #8069 ) ;
#5230 = DIRECTION ( 'NONE',  ( 1.000000000000000000, -0.000000000000000000, 0.000000000000000000 ) ) ;
#5231 = CARTESIAN_POINT ( 'NONE',  ( 35.50000000000000000, -44.60000000000002274, 3.000000000000000000 ) ) ;
#5232 = AXIS2_PLACEMENT_3D ( 'NONE', #8904, #999, #3564 ) ;
#5233 = EDGE_CURVE ( 'NONE', #4802, #3154, #11387, .T. ) ;
#5234 = ORIENTED_EDGE ( 'NONE', *, *, #8079, .F. ) ;
#5235 = ORIENTED_EDGE ( 'NONE', *, *, #508, .T. ) ;
#5236 = LINE ( 'NONE', #8117, #982 ) ;
#5237 = LINE ( 'NONE', #8881, #10347 ) ;
#5238 = LINE ( 'NONE', #1612, #9692 ) ;
#5239 = DIRECTION ( 'NONE',  ( -1.000000000000000000, 0.000000000000000000, 0.000000000000000000 ) ) ;
#5240 = EDGE_CURVE ( 'NONE', #3873, #9224, #11560, .T. ) ;
#5241 = DIRECTION ( 'NONE',  ( -2.202823461557875190E-15, -1.000000000000000000, 0.000000000000000000 ) ) ;
#5242 = DIRECTION ( 'NONE',  ( -1.000000000000000000, -0.000000000000000000, -0.000000000000000000 ) ) ;
#5243 = PLANE ( 'NONE',  #10460 ) ;
#5244 = DIRECTION ( 'NONE',  ( -0.000000000000000000, -0.000000000000000000, 1.000000000000000000 ) ) ;
#5245 = VERTEX_POINT ( 'NONE', #769 ) ;
#5246 = EDGE_CURVE ( 'NONE', #10811, #9813, #3201, .T. ) ;
#5247 = ORIENTED_EDGE ( 'NONE', *, *, #1466, .F. ) ;
#5248 = VECTOR ( 'NONE', #8062, 1000.000000000000000 ) ;
#5249 = CARTESIAN_POINT ( 'NONE',  ( 19.49999999999999289, -29.60000000000001563, 1.000000000000000888 ) ) ;
#5250 = DIRECTION ( 'NONE',  ( -4.663235150475320108E-17, 1.000000000000000000, 0.000000000000000000 ) ) ;
#5251 = CARTESIAN_POINT ( 'NONE',  ( 57.99999999999998579, -149.6000000000000227, -4.000000000000000000 ) ) ;
#5252 = ORIENTED_EDGE ( 'NONE', *, *, #5751, .T. ) ;
#5253 = ADVANCED_FACE ( 'NONE', ( #10396 ), #4397, .F. ) ;
#5254 = LINE ( 'NONE', #6795, #3441 ) ;
#5255 = EDGE_LOOP ( 'NONE', ( #6603, #586, #7786, #7129 ) ) ;
#5256 = CIRCLE ( 'NONE', #221, 0.5000000000000000000 ) ;
#5257 = LINE ( 'NONE', #3559, #4158 ) ;
#5258 = VECTOR ( 'NONE', #3288, 1000.000000000000000 ) ;
#5259 = CARTESIAN_POINT ( 'NONE',  ( 19.49999999999999289, -26.60000000000001918, 1.000000000000000888 ) ) ;
#5260 = ORIENTED_EDGE ( 'NONE', *, *, #9762, .F. ) ;
#5261 = VECTOR ( 'NONE', #5204, 1000.000000000000000 ) ;
#5262 = CARTESIAN_POINT ( 'NONE',  ( 19.49999999999999289, -32.60000000000001563, -14.00099999999999945 ) ) ;
#5263 = EDGE_LOOP ( 'NONE', ( #8067, #9512, #943, #7736 ) ) ;
#5264 = VECTOR ( 'NONE', #2842, 1000.000000000000000 ) ;
#5265 = FACE_OUTER_BOUND ( 'NONE', #3278, .T. ) ;
#5266 = DIRECTION ( 'NONE',  ( 0.000000000000000000, 0.000000000000000000, 1.000000000000000000 ) ) ;
#5267 = ORIENTED_EDGE ( 'NONE', *, *, #10796, .F. ) ;
#5268 = EDGE_CURVE ( 'NONE', #9993, #1577, #5256, .T. ) ;
#5269 = AXIS2_PLACEMENT_3D ( 'NONE', #1313, #5059, #3296 ) ;
#5270 = CARTESIAN_POINT ( 'NONE',  ( 15.49999999999999645, -35.60000000000002274, 1.000000000000000888 ) ) ;
#5271 = CARTESIAN_POINT ( 'NONE',  ( 62.99999999999998579, 31.39999999999999858, 1.000000000000000000 ) ) ;
#5272 = VERTEX_POINT ( 'NONE', #5213 ) ;
#5273 = VECTOR ( 'NONE', #11251, 1000.000000000000000 ) ;
#5274 = CARTESIAN_POINT ( 'NONE',  ( 57.00000000000000000, 18.45000000000000284, 0.5000000000000000000 ) ) ;
#5275 = CARTESIAN_POINT ( 'NONE',  ( -0.2999999999999949929, 23.09999999999999787, 3.000000000000000000 ) ) ;
#5276 = AXIS2_PLACEMENT_3D ( 'NONE', #8818, #9880, #5355 ) ;
#5277 = DIRECTION ( 'NONE',  ( 0.000000000000000000, -1.000000000000000000, 0.000000000000000000 ) ) ;
#5278 = VERTEX_POINT ( 'NONE', #4279 ) ;
#5279 = EDGE_CURVE ( 'NONE', #1413, #11361, #2358, .T. ) ;
#5280 = EDGE_CURVE ( 'NONE', #1026, #4642, #9508, .T. ) ;
#5281 = ORIENTED_EDGE ( 'NONE', *, *, #822, .F. ) ;
#5282 = CIRCLE ( 'NONE', #7546, 0.5000000000000000000 ) ;
#5283 = VERTEX_POINT ( 'NONE', #3456 ) ;
#5284 = EDGE_LOOP ( 'NONE', ( #11504, #3998, #5552, #5755 ) ) ;
#5285 = DIRECTION ( 'NONE',  ( -0.000000000000000000, -1.000000000000000000, -0.000000000000000000 ) ) ;
#5286 = ORIENTED_EDGE ( 'NONE', *, *, #91, .T. ) ;
#5287 = LINE ( 'NONE', #3524, #3798 ) ;
#5288 = DIRECTION ( 'NONE',  ( 1.000000000000000000, 0.000000000000000000, 0.000000000000000000 ) ) ;
#5289 = VERTEX_POINT ( 'NONE', #11332 ) ;
#5290 = FACE_BOUND ( 'NONE', #2122, .T. ) ;
#5291 = DIRECTION ( 'NONE',  ( 0.000000000000000000, 0.000000000000000000, 1.000000000000000000 ) ) ;
#5292 = CARTESIAN_POINT ( 'NONE',  ( 6.999999999999992006, -161.6000000000000227, -4.000000000000000000 ) ) ;
#5293 = EDGE_CURVE ( 'NONE', #5334, #8348, #6863, .T. ) ;
#5294 = VECTOR ( 'NONE', #9409, 1000.000000000000000 ) ;
#5295 = LINE ( 'NONE', #9752, #6368 ) ;
#5296 = ORIENTED_EDGE ( 'NONE', *, *, #3075, .T. ) ;
#5297 = ORIENTED_EDGE ( 'NONE', *, *, #6371, .T. ) ;
#5298 = DIRECTION ( 'NONE',  ( 1.000000000000000000, 0.000000000000000000, 0.000000000000000000 ) ) ;
#5299 = DIRECTION ( 'NONE',  ( 0.000000000000000000, 0.000000000000000000, -1.000000000000000000 ) ) ;
#5300 = DIRECTION ( 'NONE',  ( -1.000000000000000000, 0.000000000000000000, 0.000000000000000000 ) ) ;
#5301 = VECTOR ( 'NONE', #11556, 1000.000000000000000 ) ;
#5302 = DIRECTION ( 'NONE',  ( 0.000000000000000000, -1.000000000000000000, -0.000000000000000000 ) ) ;
#5303 = DIRECTION ( 'NONE',  ( -1.000000000000000000, 1.387778780781444098E-14, 0.000000000000000000 ) ) ;
#5304 = CARTESIAN_POINT ( 'NONE',  ( 55.49999999999999289, -14.60000000000001563, -14.00099999999999945 ) ) ;
#5305 = DIRECTION ( 'NONE',  ( -1.000000000000000000, 0.000000000000000000, 0.000000000000000000 ) ) ;
#5306 = EDGE_CURVE ( 'NONE', #9224, #8576, #10395, .T. ) ;
#5307 = CARTESIAN_POINT ( 'NONE',  ( 39.49999999999999289, -29.60000000000001563, 1.000000000000000888 ) ) ;
#5308 = ORIENTED_EDGE ( 'NONE', *, *, #3429, .F. ) ;
#5309 = ORIENTED_EDGE ( 'NONE', *, *, #2080, .T. ) ;
#5310 = VECTOR ( 'NONE', #2735, 1000.000000000000000 ) ;
#5311 = DIRECTION ( 'NONE',  ( 0.000000000000000000, -0.000000000000000000, 1.000000000000000000 ) ) ;
#5312 = LINE ( 'NONE', #1411, #3881 ) ;
#5313 = CARTESIAN_POINT ( 'NONE',  ( 55.49999999999999289, -147.6000000000000227, 1.000000000000000000 ) ) ;
#5314 = CARTESIAN_POINT ( 'NONE',  ( 55.49999999999999289, -38.60000000000002274, -14.00099999999999945 ) ) ;
#5315 = EDGE_LOOP ( 'NONE', ( #10413, #1955, #1998, #9962, #4171, #8201 ) ) ;
#5316 = DIRECTION ( 'NONE',  ( 0.000000000000000000, 0.000000000000000000, 1.000000000000000000 ) ) ;
#5317 = EDGE_CURVE ( 'NONE', #11023, #6235, #6035, .T. ) ;
#5318 = VERTEX_POINT ( 'NONE', #2642 ) ;
#5319 = DIRECTION ( 'NONE',  ( -0.000000000000000000, -0.000000000000000000, 1.000000000000000000 ) ) ;
#5320 = CARTESIAN_POINT ( 'NONE',  ( 0.000000000000000000, 27.90000000000000213, -14.00000000000000000 ) ) ;
#5321 = ORIENTED_EDGE ( 'NONE', *, *, #2153, .F. ) ;
#5322 = DIRECTION ( 'NONE',  ( 1.000000000000000000, 0.000000000000000000, 0.000000000000000000 ) ) ;
#5323 = VERTEX_POINT ( 'NONE', #9041 ) ;
#5324 = EDGE_CURVE ( 'NONE', #6954, #8976, #9799, .T. ) ;
#5325 = AXIS2_PLACEMENT_3D ( 'NONE', #10508, #9569, #8680 ) ;
#5326 = CARTESIAN_POINT ( 'NONE',  ( -1.808903341589864988, 6.949999999999999289, -13.06316829662451973 ) ) ;
#5327 = ORIENTED_EDGE ( 'NONE', *, *, #3920, .F. ) ;
#5328 = DIRECTION ( 'NONE',  ( -0.000000000000000000, -0.000000000000000000, -1.000000000000000000 ) ) ;
#5329 = LINE ( 'NONE', #6145, #5765 ) ;
#5330 = EDGE_LOOP ( 'NONE', ( #11343, #954, #6218, #4347 ) ) ;
#5331 = PLANE ( 'NONE',  #9760 ) ;
#5332 = LINE ( 'NONE', #8150, #8334 ) ;
#5333 = DIRECTION ( 'NONE',  ( -0.000000000000000000, 1.000000000000000000, 0.000000000000000000 ) ) ;
#5334 = VERTEX_POINT ( 'NONE', #1010 ) ;
#5335 = ADVANCED_FACE ( 'NONE', ( #10037 ), #1122, .F. ) ;
#5336 = ORIENTED_EDGE ( 'NONE', *, *, #9602, .T. ) ;
#5337 = ORIENTED_EDGE ( 'NONE', *, *, #814, .T. ) ;
#5338 = VERTEX_POINT ( 'NONE', #8270 ) ;
#5339 = DIRECTION ( 'NONE',  ( 1.000000000000000000, 0.000000000000000000, 0.000000000000000000 ) ) ;
#5340 = ORIENTED_EDGE ( 'NONE', *, *, #11615, .T. ) ;
#5341 = FACE_OUTER_BOUND ( 'NONE', #10002, .T. ) ;
#5342 = LINE ( 'NONE', #841, #10998 ) ;
#5343 = ORIENTED_EDGE ( 'NONE', *, *, #7525, .T. ) ;
#5344 = LINE ( 'NONE', #8808, #8037 ) ;
#5345 = EDGE_CURVE ( 'NONE', #5497, #1298, #2883, .T. ) ;
#5346 = DIRECTION ( 'NONE',  ( -0.000000000000000000, -0.000000000000000000, 1.000000000000000000 ) ) ;
#5347 = LINE ( 'NONE', #9215, #3795 ) ;
#5348 = LINE ( 'NONE', #8931, #6580 ) ;
#5349 = VECTOR ( 'NONE', #3617, 1000.000000000000000 ) ;
#5350 = EDGE_LOOP ( 'NONE', ( #2585, #3514, #6960, #10039 ) ) ;
#5351 = ORIENTED_EDGE ( 'NONE', *, *, #9794, .T. ) ;
#5352 = ORIENTED_EDGE ( 'NONE', *, *, #11174, .T. ) ;
#5353 = EDGE_CURVE ( 'NONE', #1007, #6954, #9156, .T. ) ;
#5354 = CARTESIAN_POINT ( 'NONE',  ( 19.49999999999999289, -11.60000000000001386, 1.000000000000000888 ) ) ;
#5355 = DIRECTION ( 'NONE',  ( 1.000000000000000000, -6.285229985423258662E-17, 0.000000000000000000 ) ) ;
#5356 = PLANE ( 'NONE',  #701 ) ;
#5357 = CARTESIAN_POINT ( 'NONE',  ( 35.49999999999999289, -14.60000000000001563, -14.00099999999999945 ) ) ;
#5358 = VECTOR ( 'NONE', #7431, 1000.000000000000000 ) ;
#5359 = DIRECTION ( 'NONE',  ( 0.000000000000000000, 0.000000000000000000, -1.000000000000000000 ) ) ;
#5360 = EDGE_CURVE ( 'NONE', #3652, #10290, #3750, .T. ) ;
#5361 = DIRECTION ( 'NONE',  ( -1.000000000000000000, 0.000000000000000000, 0.000000000000000000 ) ) ;
#5362 = DIRECTION ( 'NONE',  ( -1.000000000000000000, 0.000000000000000000, 0.000000000000000000 ) ) ;
#5363 = EDGE_CURVE ( 'NONE', #6753, #7165, #9859, .T. ) ;
#5364 = DIRECTION ( 'NONE',  ( 0.000000000000000000, 0.000000000000000000, 1.000000000000000000 ) ) ;
#5365 = LINE ( 'NONE', #922, #3149 ) ;
#5366 = ORIENTED_EDGE ( 'NONE', *, *, #4825, .F. ) ;
#5367 = ORIENTED_EDGE ( 'NONE', *, *, #8306, .F. ) ;
#5368 = ADVANCED_FACE ( 'NONE', ( #7272 ), #4629, .F. ) ;
#5369 = VECTOR ( 'NONE', #7545, 1000.000000000000000 ) ;
#5370 = CARTESIAN_POINT ( 'NONE',  ( 55.89164599332850258, 0.000000000000000000, -13.00000000000000000 ) ) ;
#5371 = CARTESIAN_POINT ( 'NONE',  ( 59.00000000000001421, -160.6000000000000227, 1.000000000000000000 ) ) ;
#5372 = DIRECTION ( 'NONE',  ( 1.000000000000000000, -0.000000000000000000, 0.000000000000000000 ) ) ;
#5373 = CARTESIAN_POINT ( 'NONE',  ( 27.50000000000000000, -3.272120448235484869, 0.000000000000000000 ) ) ;
#5374 = VERTEX_POINT ( 'NONE', #1765 ) ;
#5375 = DIRECTION ( 'NONE',  ( 0.000000000000000000, 0.000000000000000000, -1.000000000000000000 ) ) ;
#5376 = VERTEX_POINT ( 'NONE', #8979 ) ;
#5377 = CARTESIAN_POINT ( 'NONE',  ( 6.054958374747089990E-15, 27.40000000000000213, 1.000000000000000000 ) ) ;
#5378 = VECTOR ( 'NONE', #287, 1000.000000000000000 ) ;
#5379 = CARTESIAN_POINT ( 'NONE',  ( -0.5000000000000059952, -132.5999999999999943, -14.00099999999999945 ) ) ;
#5380 = VERTEX_POINT ( 'NONE', #7334 ) ;
#5381 = DIRECTION ( 'NONE',  ( 1.231756314303058296E-16, 1.000000000000000000, 0.000000000000000000 ) ) ;
#5382 = ORIENTED_EDGE ( 'NONE', *, *, #9550, .T. ) ;
#5383 = EDGE_CURVE ( 'NONE', #5376, #9140, #10927, .T. ) ;
#5384 = DIRECTION ( 'NONE',  ( 1.000000000000000000, 0.000000000000000000, 0.000000000000000000 ) ) ;
#5385 = VECTOR ( 'NONE', #4658, 1000.000000000000000 ) ;
#5386 = DIRECTION ( 'NONE',  ( -0.000000000000000000, 1.000000000000000000, 0.000000000000000000 ) ) ;
#5387 = VERTEX_POINT ( 'NONE', #6211 ) ;
#5388 = DIRECTION ( 'NONE',  ( 0.000000000000000000, 0.000000000000000000, -1.000000000000000000 ) ) ;
#5389 = CARTESIAN_POINT ( 'NONE',  ( 42.39999999999999858, 12.80000000000000071, 3.000000000000000000 ) ) ;
#5390 = ORIENTED_EDGE ( 'NONE', *, *, #7394, .F. ) ;
#5391 = AXIS2_PLACEMENT_3D ( 'NONE', #1057, #10800, #8147 ) ;
#5392 = EDGE_CURVE ( 'NONE', #3096, #884, #7097, .T. ) ;
#5393 = CARTESIAN_POINT ( 'NONE',  ( 19.49999999999999289, -32.60000000000001563, 3.000000000000000000 ) ) ;
#5394 = LINE ( 'NONE', #1061, #3447 ) ;
#5395 = AXIS2_PLACEMENT_3D ( 'NONE', #7304, #5305, #7186 ) ;
#5396 = LINE ( 'NONE', #8982, #8033 ) ;
#5397 = ORIENTED_EDGE ( 'NONE', *, *, #7913, .F. ) ;
#5398 = AXIS2_PLACEMENT_3D ( 'NONE', #10372, #4199, #6012 ) ;
#5399 = EDGE_CURVE ( 'NONE', #4796, #8976, #5332, .T. ) ;
#5400 = VECTOR ( 'NONE', #10392, 1000.000000000000000 ) ;
#5401 = ORIENTED_EDGE ( 'NONE', *, *, #9205, .F. ) ;
#5402 = ORIENTED_EDGE ( 'NONE', *, *, #260, .T. ) ;
#5403 = CARTESIAN_POINT ( 'NONE',  ( 0.000000000000000000, -3.299999999999999822, 0.000000000000000000 ) ) ;
#5404 = ORIENTED_EDGE ( 'NONE', *, *, #3263, .T. ) ;
#5405 = VECTOR ( 'NONE', #5563, 1000.000000000000000 ) ;
#5406 = DIRECTION ( 'NONE',  ( 0.000000000000000000, 0.000000000000000000, -1.000000000000000000 ) ) ;
#5407 = CARTESIAN_POINT ( 'NONE',  ( 0.000000000000000000, 0.000000000000000000, -4.000000000000000000 ) ) ;
#5408 = VERTEX_POINT ( 'NONE', #5459 ) ;
#5409 = DIRECTION ( 'NONE',  ( -0.000000000000000000, -0.000000000000000000, 1.000000000000000000 ) ) ;
#5410 = EDGE_CURVE ( 'NONE', #10342, #4113, #1822, .T. ) ;
#5411 = VECTOR ( 'NONE', #5241, 1000.000000000000000 ) ;
#5412 = CARTESIAN_POINT ( 'NONE',  ( 0.000000000000000000, 0.000000000000000000, -4.000000000000000000 ) ) ;
#5413 = FACE_OUTER_BOUND ( 'NONE', #6398, .T. ) ;
#5414 = DIRECTION ( 'NONE',  ( -1.000000000000000000, 0.000000000000000000, 0.000000000000000000 ) ) ;
#5415 = AXIS2_PLACEMENT_3D ( 'NONE', #9125, #2852, #1153 ) ;
#5416 = VERTEX_POINT ( 'NONE', #8915 ) ;
#5417 = ORIENTED_EDGE ( 'NONE', *, *, #8764, .F. ) ;
#5418 = VECTOR ( 'NONE', #3008, 1000.000000000000000 ) ;
#5419 = ORIENTED_EDGE ( 'NONE', *, *, #10731, .T. ) ;
#5420 = CARTESIAN_POINT ( 'NONE',  ( 55.49999999999999289, -32.60000000000001563, -14.00099999999999945 ) ) ;
#5421 = PLANE ( 'NONE',  #10165 ) ;
#5422 = CARTESIAN_POINT ( 'NONE',  ( 2.500000000000000000, -0.2999999999999999889, 0.5000000000000000000 ) ) ;
#5423 = CARTESIAN_POINT ( 'NONE',  ( 55.49999999999999289, -135.5999999999999943, -14.00099999999999945 ) ) ;
#5424 = AXIS2_PLACEMENT_3D ( 'NONE', #1351, #4925, #8500 ) ;
#5425 = DIRECTION ( 'NONE',  ( 5.204170427930420494E-15, -1.000000000000000000, 5.204170427930420494E-15 ) ) ;
#5426 = PLANE ( 'NONE',  #8237 ) ;
#5427 = CARTESIAN_POINT ( 'NONE',  ( 56.50000000000000000, 5.950000000000000178, 3.000000000000000000 ) ) ;
#5428 = LINE ( 'NONE', #8303, #3256 ) ;
#5429 = CARTESIAN_POINT ( 'NONE',  ( -0.5000000000000038858, -50.60000000000002274, -14.00099999999999945 ) ) ;
#5430 = ORIENTED_EDGE ( 'NONE', *, *, #154, .T. ) ;
#5431 = EDGE_CURVE ( 'NONE', #10745, #8739, #9982, .T. ) ;
#5432 = EDGE_LOOP ( 'NONE', ( #3295, #4283, #11000, #4092 ) ) ;
#5433 = EDGE_CURVE ( 'NONE', #9464, #278, #1949, .T. ) ;
#5434 = EDGE_CURVE ( 'NONE', #3629, #5525, #5394, .T. ) ;
#5435 = LINE ( 'NONE', #4375, #5197 ) ;
#5436 = PLANE ( 'NONE',  #5572 ) ;
#5437 = DIRECTION ( 'NONE',  ( 0.000000000000000000, 0.000000000000000000, 1.000000000000000000 ) ) ;
#5438 = DIRECTION ( 'NONE',  ( 0.000000000000000000, 1.000000000000000000, -0.000000000000000000 ) ) ;
#5439 = ORIENTED_EDGE ( 'NONE', *, *, #1316, .F. ) ;
#5440 = CARTESIAN_POINT ( 'NONE',  ( 27.50000000000000000, 28.86704589964730161, 1.000000000000000000 ) ) ;
#5441 = ORIENTED_EDGE ( 'NONE', *, *, #6002, .F. ) ;
#5442 = LINE ( 'NONE', #3622, #8466 ) ;
#5443 = EDGE_CURVE ( 'NONE', #9329, #2572, #3268, .T. ) ;
#5444 = CARTESIAN_POINT ( 'NONE',  ( 55.49999999999999289, -135.5999999999999943, 3.000000000000000000 ) ) ;
#5445 = AXIS2_PLACEMENT_3D ( 'NONE', #208, #3772, #9346 ) ;
#5446 = VERTEX_POINT ( 'NONE', #949 ) ;
#5447 = DIRECTION ( 'NONE',  ( -0.000000000000000000, -0.000000000000000000, 1.000000000000000000 ) ) ;
#5448 = VERTEX_POINT ( 'NONE', #4517 ) ;
#5449 = DIRECTION ( 'NONE',  ( -0.000000000000000000, 1.000000000000000000, 0.000000000000000000 ) ) ;
#5450 = DIRECTION ( 'NONE',  ( 0.000000000000000000, 1.000000000000000000, 0.000000000000000000 ) ) ;
#5451 = ORIENTED_EDGE ( 'NONE', *, *, #8795, .F. ) ;
#5452 = VECTOR ( 'NONE', #5763, 1000.000000000000000 ) ;
#5453 = DIRECTION ( 'NONE',  ( 0.000000000000000000, -1.000000000000000000, 0.000000000000000000 ) ) ;
#5454 = CARTESIAN_POINT ( 'NONE',  ( 39.49999999999999289, -138.5999999999999943, 3.000000000000000000 ) ) ;
#5455 = VERTEX_POINT ( 'NONE', #69 ) ;
#5456 = VECTOR ( 'NONE', #7969, 1000.000000000000000 ) ;
#5457 = CARTESIAN_POINT ( 'NONE',  ( 56.50000000000000000, 4.000000000000000000, 3.000000000000000000 ) ) ;
#5458 = EDGE_CURVE ( 'NONE', #5824, #4871, #3635, .T. ) ;
#5459 = CARTESIAN_POINT ( 'NONE',  ( 39.49999999999999289, -35.60000000000002274, 3.000000000000000000 ) ) ;
#5460 = LINE ( 'NONE', #5575, #10105 ) ;
#5461 = VERTEX_POINT ( 'NONE', #2126 ) ;
#5462 = VECTOR ( 'NONE', #5916, 1000.000000000000000 ) ;
#5463 = VECTOR ( 'NONE', #11160, 1000.000000000000000 ) ;
#5464 = ORIENTED_EDGE ( 'NONE', *, *, #2022, .F. ) ;
#5465 = VECTOR ( 'NONE', #4117, 1000.000000000000000 ) ;
#5466 = ORIENTED_EDGE ( 'NONE', *, *, #8010, .T. ) ;
#5467 = DIRECTION ( 'NONE',  ( 0.000000000000000000, 0.000000000000000000, -1.000000000000000000 ) ) ;
#5468 = ORIENTED_EDGE ( 'NONE', *, *, #10143, .T. ) ;
#5469 = LINE ( 'NONE', #3758, #8487 ) ;
#5470 = DIRECTION ( 'NONE',  ( -0.000000000000000000, 1.000000000000000000, 0.000000000000000000 ) ) ;
#5471 = VERTEX_POINT ( 'NONE', #6509 ) ;
#5472 = VECTOR ( 'NONE', #3477, 1000.000000000000000 ) ;
#5473 = FACE_BOUND ( 'NONE', #8515, .T. ) ;
#5474 = VECTOR ( 'NONE', #9000, 1000.000000000000000 ) ;
#5475 = DIRECTION ( 'NONE',  ( 0.000000000000000000, 0.000000000000000000, 1.000000000000000000 ) ) ;
#5476 = EDGE_CURVE ( 'NONE', #9616, #10589, #8499, .T. ) ;
#5477 = CARTESIAN_POINT ( 'NONE',  ( 35.50000000000000000, 25.89999999999999858, 3.000000000000000000 ) ) ;
#5478 = EDGE_LOOP ( 'NONE', ( #876, #477, #1947, #3404 ) ) ;
#5479 = VECTOR ( 'NONE', #1234, 1000.000000000000000 ) ;
#5480 = EDGE_CURVE ( 'NONE', #5010, #5289, #7564, .T. ) ;
#5481 = ORIENTED_EDGE ( 'NONE', *, *, #11495, .F. ) ;
#5482 = ORIENTED_EDGE ( 'NONE', *, *, #7064, .T. ) ;
#5483 = CARTESIAN_POINT ( 'NONE',  ( 48.00000000000001421, 29.39999999999999503, -4.000000000000000000 ) ) ;
#5484 = LINE ( 'NONE', #971, #1174 ) ;
#5485 = DIRECTION ( 'NONE',  ( -0.000000000000000000, -0.000000000000000000, 1.000000000000000000 ) ) ;
#5486 = FACE_OUTER_BOUND ( 'NONE', #5069, .T. ) ;
#5487 = AXIS2_PLACEMENT_3D ( 'NONE', #10072, #5720, #3906 ) ;
#5488 = PLANE ( 'NONE',  #3354 ) ;
#5489 = CARTESIAN_POINT ( 'NONE',  ( 15.49999999999999289, -17.60000000000001918, 3.000000000000000000 ) ) ;
#5490 = FACE_OUTER_BOUND ( 'NONE', #8243, .T. ) ;
#5491 = FACE_OUTER_BOUND ( 'NONE', #3383, .T. ) ;
#5492 = FACE_OUTER_BOUND ( 'NONE', #7863, .T. ) ;
#5493 = ORIENTED_EDGE ( 'NONE', *, *, #8955, .T. ) ;
#5494 = ORIENTED_EDGE ( 'NONE', *, *, #4109, .F. ) ;
#5495 = VECTOR ( 'NONE', #6593, 1000.000000000000000 ) ;
#5496 = ADVANCED_FACE ( 'NONE', ( #3157 ), #9383, .F. ) ;
#5497 = VERTEX_POINT ( 'NONE', #1350 ) ;
#5498 = DIRECTION ( 'NONE',  ( -0.000000000000000000, -0.000000000000000000, -1.000000000000000000 ) ) ;
#5499 = CARTESIAN_POINT ( 'NONE',  ( -1.800000000000000044, -8.393823270855531081E-17, 1.000000000000000000 ) ) ;
#5500 = LINE ( 'NONE', #11541, #11279 ) ;
#5501 = CARTESIAN_POINT ( 'NONE',  ( 55.89164599332850258, 6.949999999999999289, -13.00000000000000000 ) ) ;
#5502 = VERTEX_POINT ( 'NONE', #10094 ) ;
#5503 = EDGE_CURVE ( 'NONE', #2336, #7994, #10778, .T. ) ;
#5504 = ORIENTED_EDGE ( 'NONE', *, *, #1015, .T. ) ;
#5505 = CARTESIAN_POINT ( 'NONE',  ( 39.49999999999998579, -114.6000000000000085, -14.00099999999999945 ) ) ;
#5506 = ADVANCED_FACE ( 'NONE', ( #1183 ), #9442, .T. ) ;
#5507 = EDGE_CURVE ( 'NONE', #9906, #3081, #5853, .T. ) ;
#5508 = CARTESIAN_POINT ( 'NONE',  ( 3.079999999999999627, 14.77999999999999936, 1.000000000000000000 ) ) ;
#5509 = ORIENTED_EDGE ( 'NONE', *, *, #10765, .T. ) ;
#5510 = LINE ( 'NONE', #8141, #4104 ) ;
#5511 = ORIENTED_EDGE ( 'NONE', *, *, #3204, .T. ) ;
#5512 = EDGE_CURVE ( 'NONE', #5338, #7090, #4388, .T. ) ;
#5513 = DIRECTION ( 'NONE',  ( -0.000000000000000000, 1.000000000000000000, 0.000000000000000000 ) ) ;
#5514 = ORIENTED_EDGE ( 'NONE', *, *, #2753, .F. ) ;
#5515 = AXIS2_PLACEMENT_3D ( 'NONE', #7306, #10125, #4601 ) ;
#5516 = DIRECTION ( 'NONE',  ( 1.000000000000000000, 4.313492514189664968E-16, 0.000000000000000000 ) ) ;
#5517 = DIRECTION ( 'NONE',  ( -1.000000000000000000, -0.000000000000000000, -0.000000000000000000 ) ) ;
#5518 = VERTEX_POINT ( 'NONE', #7452 ) ;
#5519 = EDGE_CURVE ( 'NONE', #9900, #10282, #4809, .T. ) ;
#5520 = DIRECTION ( 'NONE',  ( 0.000000000000000000, -0.000000000000000000, -1.000000000000000000 ) ) ;
#5521 = DIRECTION ( 'NONE',  ( 1.084202172485503818E-16, -1.000000000000000000, 0.000000000000000000 ) ) ;
#5522 = LINE ( 'NONE', #7217, #11604 ) ;
#5523 = COLOUR_RGB ( '',0.7921568627450980005, 0.8196078431372548767, 0.9333333333333333481 ) ;
#5524 = ORIENTED_EDGE ( 'NONE', *, *, #1355, .T. ) ;
#5525 = VERTEX_POINT ( 'NONE', #7740 ) ;
#5526 = ORIENTED_EDGE ( 'NONE', *, *, #5527, .T. ) ;
#5527 = EDGE_CURVE ( 'NONE', #2136, #10484, #3386, .T. ) ;
#5528 = DIRECTION ( 'NONE',  ( -0.000000000000000000, -0.000000000000000000, 1.000000000000000000 ) ) ;
#5529 = MANIFOLD_SOLID_BREP ( 'Fillet5[1]', #9130 ) ;
#5530 = VERTEX_POINT ( 'NONE', #11320 ) ;
#5531 = CARTESIAN_POINT ( 'NONE',  ( 55.50000000000000000, 21.60000000000000142, 0.5000000000000000000 ) ) ;
#5532 = CARTESIAN_POINT ( 'NONE',  ( -0.5000000000000059952, -29.60000000000001563, -14.00099999999999945 ) ) ;
#5533 = ORIENTED_EDGE ( 'NONE', *, *, #4360, .F. ) ;
#5534 = LINE ( 'NONE', #10109, #5418 ) ;
#5535 = LINE ( 'NONE', #482, #3962 ) ;
#5536 = FACE_OUTER_BOUND ( 'NONE', #7528, .T. ) ;
#5537 = ORIENTED_EDGE ( 'NONE', *, *, #2204, .F. ) ;
#5538 = ORIENTED_EDGE ( 'NONE', *, *, #2153, .T. ) ;
#5539 = ORIENTED_EDGE ( 'NONE', *, *, #2213, .T. ) ;
#5540 = ADVANCED_FACE ( 'NONE', ( #4325 ), #6021, .T. ) ;
#5541 = CARTESIAN_POINT ( 'NONE',  ( -0.5000000000000066613, -129.5999999999999943, 3.000000000000000000 ) ) ;
#5542 = CARTESIAN_POINT ( 'NONE',  ( 28.50000000000000000, -0.2999999999999999889, 0.5000000000000000000 ) ) ;
#5543 = LINE ( 'NONE', #89, #4634 ) ;
#5544 = CARTESIAN_POINT ( 'NONE',  ( 2.500000000000000000, 23.09999999999999787, 3.000000000000000000 ) ) ;
#5545 = CARTESIAN_POINT ( 'NONE',  ( 15.49999999999999289, -123.6000000000000085, -14.00099999999999945 ) ) ;
#5546 = FACE_OUTER_BOUND ( 'NONE', #231, .T. ) ;
#5547 = LINE ( 'NONE', #9123, #2039 ) ;
#5548 = PLANE ( 'NONE',  #1025 ) ;
#5549 = EDGE_CURVE ( 'NONE', #495, #3596, #3276, .T. ) ;
#5550 = CARTESIAN_POINT ( 'NONE',  ( 39.49999999999998579, -123.6000000000000085, 1.000000000000000888 ) ) ;
#5551 = ORIENTED_EDGE ( 'NONE', *, *, #11596, .T. ) ;
#5552 = ORIENTED_EDGE ( 'NONE', *, *, #10374, .F. ) ;
#5553 = ORIENTED_EDGE ( 'NONE', *, *, #7305, .T. ) ;
#5554 = VECTOR ( 'NONE', #4860, 1000.000000000000000 ) ;
#5555 = EDGE_CURVE ( 'NONE', #3073, #5455, #8553, .T. ) ;
#5556 = CARTESIAN_POINT ( 'NONE',  ( 0.000000000000000000, 0.000000000000000000, 0.000000000000000000 ) ) ;
#5557 = FACE_OUTER_BOUND ( 'NONE', #10461, .T. ) ;
#5558 = CARTESIAN_POINT ( 'NONE',  ( 39.49999999999998579, -11.60000000000001386, 3.000000000000000000 ) ) ;
#5559 = DIRECTION ( 'NONE',  ( 1.000000000000000000, 0.000000000000000000, 0.000000000000000000 ) ) ;
#5560 = EDGE_LOOP ( 'NONE', ( #5247, #11326, #11138, #10340, #5995 ) ) ;
#5561 = ORIENTED_EDGE ( 'NONE', *, *, #8151, .F. ) ;
#5562 = EDGE_CURVE ( 'NONE', #4113, #10470, #11518, .T. ) ;
#5563 = DIRECTION ( 'NONE',  ( -0.000000000000000000, -0.000000000000000000, 1.000000000000000000 ) ) ;
#5564 = ORIENTED_EDGE ( 'NONE', *, *, #11377, .F. ) ;
#5565 = ORIENTED_EDGE ( 'NONE', *, *, #9338, .F. ) ;
#5566 = DIRECTION ( 'NONE',  ( 0.000000000000000000, -1.000000000000000000, 0.000000000000000000 ) ) ;
#5567 = PLANE ( 'NONE',  #11355 ) ;
#5568 = ORIENTED_EDGE ( 'NONE', *, *, #5007, .T. ) ;
#5569 = LINE ( 'NONE', #6659, #9712 ) ;
#5570 = LINE ( 'NONE', #7267, #716 ) ;
#5571 = EDGE_LOOP ( 'NONE', ( #5667, #3230, #5814, #6505 ) ) ;
#5572 = AXIS2_PLACEMENT_3D ( 'NONE', #9131, #44, #2975 ) ;
#5573 = CARTESIAN_POINT ( 'NONE',  ( 59.00000000000001421, 30.39999999999999858, 3.000000000000000000 ) ) ;
#5574 = CARTESIAN_POINT ( 'NONE',  ( 35.50000000000000000, -41.60000000000001563, -14.00099999999999945 ) ) ;
#5575 = CARTESIAN_POINT ( 'NONE',  ( -1.300000000000000044, 2.500000000000000000, 0.5000000000000000000 ) ) ;
#5576 = ORIENTED_EDGE ( 'NONE', *, *, #2664, .F. ) ;
#5577 = EDGE_CURVE ( 'NONE', #7641, #1007, #1522, .T. ) ;
#5578 = AXIS2_PLACEMENT_3D ( 'NONE', #7121, #9759, #2547 ) ;
#5579 = EDGE_LOOP ( 'NONE', ( #9249, #2993, #6457, #5695 ) ) ;
#5580 = ORIENTED_EDGE ( 'NONE', *, *, #7540, .T. ) ;
#5581 = ADVANCED_FACE ( 'NONE', ( #8139 ), #7318, .F. ) ;
#5582 = DIRECTION ( 'NONE',  ( 0.000000000000000000, -1.000000000000000000, 0.000000000000000000 ) ) ;
#5583 = VECTOR ( 'NONE', #7960, 1000.000000000000000 ) ;
#5584 = VERTEX_POINT ( 'NONE', #7963 ) ;
#5585 = DIRECTION ( 'NONE',  ( -0.000000000000000000, 1.000000000000000000, 0.000000000000000000 ) ) ;
#5586 = DIRECTION ( 'NONE',  ( -1.000000000000000000, 0.000000000000000000, 0.000000000000000000 ) ) ;
#5587 = VERTEX_POINT ( 'NONE', #10792 ) ;
#5588 = CARTESIAN_POINT ( 'NONE',  ( 35.50000000000000000, -47.60000000000001563, -14.00099999999999945 ) ) ;
#5589 = LINE ( 'NONE', #6284, #8812 ) ;
#5590 = VECTOR ( 'NONE', #11534, 1000.000000000000000 ) ;
#5591 = CARTESIAN_POINT ( 'NONE',  ( 35.50000000000000000, 27.40000000000000213, 1.000000000000000000 ) ) ;
#5592 = EDGE_CURVE ( 'NONE', #7203, #699, #2749, .T. ) ;
#5593 = AXIS2_PLACEMENT_3D ( 'NONE', #2302, #1302, #4876 ) ;
#5594 = ORIENTED_EDGE ( 'NONE', *, *, #10549, .F. ) ;
#5595 = ORIENTED_EDGE ( 'NONE', *, *, #10249, .F. ) ;
#5596 = ORIENTED_EDGE ( 'NONE', *, *, #7083, .T. ) ;
#5597 = LINE ( 'NONE', #9181, #2658 ) ;
#5598 = DIRECTION ( 'NONE',  ( 0.000000000000000000, 0.03349678200752206209, 0.9994388253390702470 ) ) ;
#5599 = CARTESIAN_POINT ( 'NONE',  ( 55.49999999999999289, -20.60000000000002274, 3.000000000000000000 ) ) ;
#5600 = VECTOR ( 'NONE', #9541, 1000.000000000000000 ) ;
#5601 = DIRECTION ( 'NONE',  ( -1.000000000000000000, 0.000000000000000000, 0.000000000000000000 ) ) ;
#5602 = LINE ( 'NONE', #11123, #4291 ) ;
#5603 = DIRECTION ( 'NONE',  ( -0.000000000000000000, -1.000000000000000000, 0.000000000000000000 ) ) ;
#5604 = CARTESIAN_POINT ( 'NONE',  ( 27.50000000000000000, 1.199999999999999956, 0.000000000000000000 ) ) ;
#5605 = DIRECTION ( 'NONE',  ( -1.000000000000000000, 0.000000000000000000, 0.000000000000000000 ) ) ;
#5606 = CIRCLE ( 'NONE', #5415, 10.36999999999999744 ) ;
#5607 = EDGE_CURVE ( 'NONE', #1665, #2840, #8194, .T. ) ;
#5608 = FACE_OUTER_BOUND ( 'NONE', #6800, .T. ) ;
#5609 = ORIENTED_EDGE ( 'NONE', *, *, #99, .F. ) ;
#5610 = VECTOR ( 'NONE', #2259, 1000.000000000000000 ) ;
#5611 = ORIENTED_EDGE ( 'NONE', *, *, #3075, .F. ) ;
#5612 = ORIENTED_EDGE ( 'NONE', *, *, #3518, .F. ) ;
#5613 = DIRECTION ( 'NONE',  ( 1.000000000000000000, 0.000000000000000000, 0.000000000000000000 ) ) ;
#5614 = CIRCLE ( 'NONE', #4864, 1.549999999999999378 ) ;
#5615 = EDGE_CURVE ( 'NONE', #7137, #6968, #109, .T. ) ;
#5616 = CARTESIAN_POINT ( 'NONE',  ( 30.99999999999999289, -94.10000000000000853, 3.001000000000000334 ) ) ;
#5617 = DIRECTION ( 'NONE',  ( 0.000000000000000000, 0.000000000000000000, -1.000000000000000000 ) ) ;
#5618 = ORIENTED_EDGE ( 'NONE', *, *, #2384, .F. ) ;
#5619 = ORIENTED_EDGE ( 'NONE', *, *, #10945, .T. ) ;
#5620 = ADVANCED_FACE ( 'NONE', ( #11548 ), #3562, .F. ) ;
#5621 = CARTESIAN_POINT ( 'NONE',  ( 51.20000000000000284, -1.300000000000000044, -1.000000000000000000 ) ) ;
#5622 = ORIENTED_EDGE ( 'NONE', *, *, #7311, .T. ) ;
#5623 = ORIENTED_EDGE ( 'NONE', *, *, #2312, .T. ) ;
#5624 = LINE ( 'NONE', #9263, #1123 ) ;
#5625 = EDGE_CURVE ( 'NONE', #9813, #641, #2693, .T. ) ;
#5626 = DIRECTION ( 'NONE',  ( 1.000000000000000000, -0.000000000000000000, 0.000000000000000000 ) ) ;
#5627 = FACE_BOUND ( 'NONE', #8841, .T. ) ;
#5628 = EDGE_LOOP ( 'NONE', ( #540, #8183, #747, #5758 ) ) ;
#5629 = FACE_OUTER_BOUND ( 'NONE', #8768, .T. ) ;
#5630 = ORIENTED_EDGE ( 'NONE', *, *, #5136, .T. ) ;
#5631 = DIRECTION ( 'NONE',  ( 0.000000000000000000, 0.000000000000000000, -1.000000000000000000 ) ) ;
#5632 = CARTESIAN_POINT ( 'NONE',  ( 15.49999999999999645, -153.6000000000000227, 1.000000000000000000 ) ) ;
#5633 = DIRECTION ( 'NONE',  ( -0.000000000000000000, 1.000000000000000000, 0.000000000000000000 ) ) ;
#5634 = VERTEX_POINT ( 'NONE', #7202 ) ;
#5635 = EDGE_CURVE ( 'NONE', #6257, #4743, #6381, .T. ) ;
#5636 = VERTEX_POINT ( 'NONE', #9024 ) ;
#5637 = AXIS2_PLACEMENT_3D ( 'NONE', #2320, #4063, #8470 ) ;
#5638 = CARTESIAN_POINT ( 'NONE',  ( 15.49999999999999289, -120.6000000000000085, -14.00099999999999945 ) ) ;
#5639 = VERTEX_POINT ( 'NONE', #4503 ) ;
#5640 = LINE ( 'NONE', #8280, #7552 ) ;
#5641 = DIRECTION ( 'NONE',  ( -0.000000000000000000, -1.000000000000000000, -0.000000000000000000 ) ) ;
#5642 = ORIENTED_EDGE ( 'NONE', *, *, #2745, .F. ) ;
#5643 = DIRECTION ( 'NONE',  ( -0.000000000000000000, -0.000000000000000000, 1.000000000000000000 ) ) ;
#5644 = LINE ( 'NONE', #9230, #5819 ) ;
#5645 = EDGE_CURVE ( 'NONE', #9822, #10924, #8901, .T. ) ;
#5646 = VECTOR ( 'NONE', #4340, 1000.000000000000000 ) ;
#5647 = LINE ( 'NONE', #4880, #970 ) ;
#5648 = EDGE_CURVE ( 'NONE', #9449, #9601, #4442, .T. ) ;
#5649 = AXIS2_PLACEMENT_3D ( 'NONE', #6745, #3825, #1306 ) ;
#5650 = EDGE_CURVE ( 'NONE', #3182, #11573, #996, .T. ) ;
#5651 = ORIENTED_EDGE ( 'NONE', *, *, #572, .T. ) ;
#5652 = ORIENTED_EDGE ( 'NONE', *, *, #6192, .T. ) ;
#5653 = ORIENTED_EDGE ( 'NONE', *, *, #10818, .F. ) ;
#5654 = DIRECTION ( 'NONE',  ( 0.000000000000000000, 0.000000000000000000, 1.000000000000000000 ) ) ;
#5655 = LINE ( 'NONE', #7236, #9968 ) ;
#5656 = ORIENTED_EDGE ( 'NONE', *, *, #9558, .F. ) ;
#5657 = VECTOR ( 'NONE', #11149, 1000.000000000000000 ) ;
#5658 = LINE ( 'NONE', #3017, #5495 ) ;
#5659 = EDGE_CURVE ( 'NONE', #8905, #7554, #9784, .T. ) ;
#5660 = CARTESIAN_POINT ( 'NONE',  ( 51.20000000000000284, 4.000000000000000000, 1.000000000000000000 ) ) ;
#5661 = CARTESIAN_POINT ( 'NONE',  ( 35.49999999999999289, -129.5999999999999943, 3.000000000000000000 ) ) ;
#5662 = DIRECTION ( 'NONE',  ( 1.000000000000000000, 0.000000000000000000, 0.000000000000000000 ) ) ;
#5663 = VECTOR ( 'NONE', #9716, 1000.000000000000000 ) ;
#5664 = PLANE ( 'NONE',  #5515 ) ;
#5665 = CARTESIAN_POINT ( 'NONE',  ( 19.50000000000000000, 25.89999999999999858, -13.00000000000000000 ) ) ;
#5666 = AXIS2_PLACEMENT_3D ( 'NONE', #11611, #2692, #6258 ) ;
#5667 = ORIENTED_EDGE ( 'NONE', *, *, #3975, .F. ) ;
#5668 = EDGE_LOOP ( 'NONE', ( #8802, #3059, #3860, #1215 ) ) ;
#5669 = DIRECTION ( 'NONE',  ( 0.000000000000000000, 0.000000000000000000, -1.000000000000000000 ) ) ;
#5670 = VECTOR ( 'NONE', #7299, 1000.000000000000000 ) ;
#5671 = DIRECTION ( 'NONE',  ( 0.000000000000000000, -1.000000000000000000, 0.000000000000000000 ) ) ;
#5672 = EDGE_CURVE ( 'NONE', #4574, #10286, #9708, .T. ) ;
#5673 = DIRECTION ( 'NONE',  ( 1.133236441592888894E-16, -1.000000000000000000, 0.000000000000000000 ) ) ;
#5674 = DIRECTION ( 'NONE',  ( 0.000000000000000000, 0.000000000000000000, 1.000000000000000000 ) ) ;
#5675 = ORIENTED_EDGE ( 'NONE', *, *, #11259, .F. ) ;
#5676 = CARTESIAN_POINT ( 'NONE',  ( -0.5000000000000052180, -38.60000000000002274, -14.00099999999999945 ) ) ;
#5677 = VECTOR ( 'NONE', #5801, 1000.000000000000000 ) ;
#5678 = VERTEX_POINT ( 'NONE', #8022 ) ;
#5679 = ORIENTED_EDGE ( 'NONE', *, *, #10992, .T. ) ;
#5680 = CARTESIAN_POINT ( 'NONE',  ( 39.49999999999999289, -144.5999999999999943, 1.000000000000000888 ) ) ;
#5681 = PLANE ( 'NONE',  #987 ) ;
#5682 = EDGE_CURVE ( 'NONE', #10174, #1180, #6317, .T. ) ;
#5683 = FACE_OUTER_BOUND ( 'NONE', #6638, .T. ) ;
#5684 = ORIENTED_EDGE ( 'NONE', *, *, #10137, .F. ) ;
#5685 = CARTESIAN_POINT ( 'NONE',  ( -0.5000000000000045519, -147.6000000000000227, 1.000000000000000888 ) ) ;
#5686 = VERTEX_POINT ( 'NONE', #9084 ) ;
#5687 = CARTESIAN_POINT ( 'NONE',  ( 0.000000000000000000, 0.2000000000000000111, 1.000000000000000000 ) ) ;
#5688 = EDGE_CURVE ( 'NONE', #6986, #2887, #2413, .T. ) ;
#5689 = DIRECTION ( 'NONE',  ( -0.000000000000000000, -0.000000000000000000, 1.000000000000000000 ) ) ;
#5690 = ORIENTED_EDGE ( 'NONE', *, *, #5280, .F. ) ;
#5691 = VECTOR ( 'NONE', #8719, 1000.000000000000000 ) ;
#5692 = ORIENTED_EDGE ( 'NONE', *, *, #5726, .F. ) ;
#5693 = EDGE_CURVE ( 'NONE', #6355, #98, #10025, .T. ) ;
#5694 = CARTESIAN_POINT ( 'NONE',  ( 19.49999999999999645, -147.6000000000000227, 3.000000000000000000 ) ) ;
#5695 = ORIENTED_EDGE ( 'NONE', *, *, #2286, .F. ) ;
#5696 = CARTESIAN_POINT ( 'NONE',  ( -0.5000000000000079936, -117.6000000000000085, 1.000000000000000888 ) ) ;
#5697 = CARTESIAN_POINT ( 'NONE',  ( 19.49999999999999645, -38.60000000000002274, 1.000000000000000888 ) ) ;
#5698 = ORIENTED_EDGE ( 'NONE', *, *, #6229, .F. ) ;
#5699 = DIRECTION ( 'NONE',  ( 0.000000000000000000, 0.000000000000000000, -1.000000000000000000 ) ) ;
#5700 = CARTESIAN_POINT ( 'NONE',  ( -3.000000000000003553, 17.44999999999999218, 1.000000000000000000 ) ) ;
#5701 = DIRECTION ( 'NONE',  ( -0.7071067811865475727, -0.000000000000000000, -0.7071067811865475727 ) ) ;
#5702 = EDGE_CURVE ( 'NONE', #9164, #6469, #10733, .T. ) ;
#5703 = ORIENTED_EDGE ( 'NONE', *, *, #8907, .T. ) ;
#5704 = ORIENTED_EDGE ( 'NONE', *, *, #3613, .F. ) ;
#5705 = ORIENTED_EDGE ( 'NONE', *, *, #8095, .F. ) ;
#5706 = CARTESIAN_POINT ( 'NONE',  ( 19.49999999999999645, -147.6000000000000227, 3.000000000000000000 ) ) ;
#5707 = DIRECTION ( 'NONE',  ( 0.000000000000000000, 0.000000000000000000, -1.000000000000000000 ) ) ;
#5708 = EDGE_LOOP ( 'NONE', ( #5790, #9666, #2604, #2519 ) ) ;
#5709 = LINE ( 'NONE', #11121, #5857 ) ;
#5710 = CARTESIAN_POINT ( 'NONE',  ( 19.49999999999999289, -114.6000000000000085, 1.000000000000000888 ) ) ;
#5711 = CARTESIAN_POINT ( 'NONE',  ( 35.50000000000000000, -1.300000000000000044, -1.000000000000000000 ) ) ;
#5712 = DIRECTION ( 'NONE',  ( 0.000000000000000000, 0.000000000000000000, 1.000000000000000000 ) ) ;
#5713 = DIRECTION ( 'NONE',  ( 0.000000000000000000, 0.000000000000000000, -1.000000000000000000 ) ) ;
#5714 = ORIENTED_EDGE ( 'NONE', *, *, #6815, .F. ) ;
#5715 = ORIENTED_EDGE ( 'NONE', *, *, #10528, .T. ) ;
#5716 = ORIENTED_EDGE ( 'NONE', *, *, #7974, .T. ) ;
#5717 = APPLICATION_PROTOCOL_DEFINITION ( 'draft international standard', 'automotive_design', 1998, #10363 ) ;
#5718 = PLANE ( 'NONE',  #3871 ) ;
#5719 = EDGE_CURVE ( 'NONE', #1769, #6968, #8081, .T. ) ;
#5720 = DIRECTION ( 'NONE',  ( 0.9063077870366479383, 0.000000000000000000, -0.4226182617407039377 ) ) ;
#5721 = EDGE_CURVE ( 'NONE', #3737, #10802, #9201, .T. ) ;
#5722 = LINE ( 'NONE', #10073, #4797 ) ;
#5723 = CARTESIAN_POINT ( 'NONE',  ( -0.5000000000000052180, -38.60000000000002274, -14.00099999999999945 ) ) ;
#5724 = FACE_OUTER_BOUND ( 'NONE', #1429, .T. ) ;
#5725 = EDGE_LOOP ( 'NONE', ( #4739, #10012, #959, #6612 ) ) ;
#5726 = EDGE_CURVE ( 'NONE', #5448, #5334, #8253, .T. ) ;
#5727 = AXIS2_PLACEMENT_3D ( 'NONE', #3379, #5898, #811 ) ;
#5728 = ORIENTED_EDGE ( 'NONE', *, *, #8785, .F. ) ;
#5729 = CARTESIAN_POINT ( 'NONE',  ( 56.50000000000000000, 5.950000000000000178, 0.5000000000000000000 ) ) ;
#5730 = LINE ( 'NONE', #4916, #7344 ) ;
#5731 = FACE_BOUND ( 'NONE', #2524, .T. ) ;
#5732 = ORIENTED_EDGE ( 'NONE', *, *, #7955, .F. ) ;
#5733 = CARTESIAN_POINT ( 'NONE',  ( 15.49999999999999289, -20.60000000000002274, 1.000000000000000888 ) ) ;
#5734 = VECTOR ( 'NONE', #2483, 1000.000000000000000 ) ;
#5735 = ORIENTED_EDGE ( 'NONE', *, *, #4788, .F. ) ;
#5736 = LINE ( 'NONE', #8383, #248 ) ;
#5737 = DIRECTION ( 'NONE',  ( 1.000000000000000000, 0.000000000000000000, 0.000000000000000000 ) ) ;
#5738 = EDGE_CURVE ( 'NONE', #10704, #7477, #3797, .T. ) ;
#5739 = CARTESIAN_POINT ( 'NONE',  ( 39.49999999999999289, -38.60000000000002274, 1.000000000000000888 ) ) ;
#5740 = ORIENTED_EDGE ( 'NONE', *, *, #11475, .T. ) ;
#5741 = ORIENTED_EDGE ( 'NONE', *, *, #5519, .T. ) ;
#5742 = CARTESIAN_POINT ( 'NONE',  ( 39.49999999999998579, -114.6000000000000085, -14.00099999999999945 ) ) ;
#5743 = ORIENTED_EDGE ( 'NONE', *, *, #10819, .T. ) ;
#5744 = ADVANCED_FACE ( 'NONE', ( #11186 ), #3143, .T. ) ;
#5745 = CARTESIAN_POINT ( 'NONE',  ( 42.39999999999999858, 12.80000000000000071, 3.000000000000000000 ) ) ;
#5746 = LINE ( 'NONE', #7625, #7470 ) ;
#5747 = VERTEX_POINT ( 'NONE', #8426 ) ;
#5748 = CARTESIAN_POINT ( 'NONE',  ( -0.5000000000000045519, -144.5999999999999943, -14.00099999999999945 ) ) ;
#5749 = DIRECTION ( 'NONE',  ( -1.000000000000000000, 0.000000000000000000, 0.000000000000000000 ) ) ;
#5750 = CARTESIAN_POINT ( 'NONE',  ( 39.49999999999999289, -153.6000000000000227, -14.00099999999999945 ) ) ;
#5751 = EDGE_CURVE ( 'NONE', #6156, #4284, #3973, .T. ) ;
#5752 = AXIS2_PLACEMENT_3D ( 'NONE', #9367, #8317, #510 ) ;
#5753 = ORIENTED_EDGE ( 'NONE', *, *, #3200, .T. ) ;
#5754 = ORIENTED_EDGE ( 'NONE', *, *, #9800, .T. ) ;
#5755 = ORIENTED_EDGE ( 'NONE', *, *, #10971, .F. ) ;
#5756 = CARTESIAN_POINT ( 'NONE',  ( 0.2000000000000080047, 2.500000000000000000, 1.000000000000000000 ) ) ;
#5757 = CARTESIAN_POINT ( 'NONE',  ( 3.174999999999999822, 7.400000000000000355, 3.000000000000000000 ) ) ;
#5758 = ORIENTED_EDGE ( 'NONE', *, *, #6998, .F. ) ;
#5759 = EDGE_CURVE ( 'NONE', #3073, #7807, #10469, .T. ) ;
#5760 = CARTESIAN_POINT ( 'NONE',  ( 19.49999999999999645, -35.60000000000002274, -14.00099999999999945 ) ) ;
#5761 = VECTOR ( 'NONE', #4371, 1000.000000000000000 ) ;
#5762 = CARTESIAN_POINT ( 'NONE',  ( 39.49999999999998579, -123.6000000000000085, -14.00099999999999945 ) ) ;
#5763 = DIRECTION ( 'NONE',  ( 0.000000000000000000, 1.000000000000000000, 0.000000000000000000 ) ) ;
#5764 = DIRECTION ( 'NONE',  ( -0.000000000000000000, -0.000000000000000000, 1.000000000000000000 ) ) ;
#5765 = VECTOR ( 'NONE', #8911, 1000.000000000000000 ) ;
#5766 = PLANE ( 'NONE',  #3630 ) ;
#5767 = ORIENTED_EDGE ( 'NONE', *, *, #8718, .T. ) ;
#5768 = ORIENTED_EDGE ( 'NONE', *, *, #394, .T. ) ;
#5769 = CIRCLE ( 'NONE', #3706, 0.5000000000000000000 ) ;
#5770 = ORIENTED_EDGE ( 'NONE', *, *, #2359, .F. ) ;
#5771 = LINE ( 'NONE', #9363, #9875 ) ;
#5772 = DIRECTION ( 'NONE',  ( 0.000000000000000000, 0.000000000000000000, -1.000000000000000000 ) ) ;
#5773 = AXIS2_PLACEMENT_3D ( 'NONE', #2869, #1050, #6441 ) ;
#5774 = DIRECTION ( 'NONE',  ( 0.000000000000000000, -1.000000000000000000, 0.000000000000000000 ) ) ;
#5775 = DIRECTION ( 'NONE',  ( 0.000000000000000000, 0.000000000000000000, 1.000000000000000000 ) ) ;
#5776 = VECTOR ( 'NONE', #6425, 1000.000000000000000 ) ;
#5777 = CARTESIAN_POINT ( 'NONE',  ( 19.49999999999999289, -120.6000000000000085, -14.00099999999999945 ) ) ;
#5778 = ORIENTED_EDGE ( 'NONE', *, *, #260, .F. ) ;
#5779 = ADVANCED_FACE ( 'NONE', ( #5724 ), #1989, .F. ) ;
#5780 = EDGE_CURVE ( 'NONE', #3364, #9204, #10969, .T. ) ;
#5781 = ORIENTED_EDGE ( 'NONE', *, *, #6845, .F. ) ;
#5782 = AXIS2_PLACEMENT_3D ( 'NONE', #7307, #10338, #3784 ) ;
#5783 = FACE_OUTER_BOUND ( 'NONE', #9821, .T. ) ;
#5784 = VECTOR ( 'NONE', #1208, 1000.000000000000000 ) ;
#5785 = DIRECTION ( 'NONE',  ( -1.000000000000000000, 0.000000000000000000, 0.000000000000000000 ) ) ;
#5786 = DIRECTION ( 'NONE',  ( 0.000000000000000000, -1.000000000000000000, 0.000000000000000000 ) ) ;
#5787 = ORIENTED_EDGE ( 'NONE', *, *, #984, .F. ) ;
#5788 = EDGE_CURVE ( 'NONE', #8402, #2063, #291, .T. ) ;
#5789 = PLANE ( 'NONE',  #9331 ) ;
#5790 = ORIENTED_EDGE ( 'NONE', *, *, #3138, .F. ) ;
#5791 = CIRCLE ( 'NONE', #3363, 0.5000000000000000000 ) ;
#5792 = CARTESIAN_POINT ( 'NONE',  ( 39.49999999999999289, -32.60000000000001563, -14.00099999999999945 ) ) ;
#5793 = LINE ( 'NONE', #6508, #3578 ) ;
#5794 = DIRECTION ( 'NONE',  ( -0.000000000000000000, -1.000000000000000000, -0.000000000000000000 ) ) ;
#5795 = VECTOR ( 'NONE', #7114, 1000.000000000000000 ) ;
#5796 = CARTESIAN_POINT ( 'NONE',  ( 39.49999999999999289, -144.5999999999999943, -14.00099999999999945 ) ) ;
#5797 = ORIENTED_EDGE ( 'NONE', *, *, #1368, .T. ) ;
#5798 = EDGE_LOOP ( 'NONE', ( #10087, #10210, #5366, #4018 ) ) ;
#5799 = LINE ( 'NONE', #7682, #3767 ) ;
#5800 = EDGE_LOOP ( 'NONE', ( #10703, #6858, #6730, #1296 ) ) ;
#5801 = DIRECTION ( 'NONE',  ( -1.000000000000000000, 0.000000000000000000, 0.000000000000000000 ) ) ;
#5802 = ADVANCED_FACE ( 'NONE', ( #9369 ), #6718, .F. ) ;
#5803 = DIRECTION ( 'NONE',  ( -1.219727444046193967E-16, 1.000000000000000000, 0.000000000000000000 ) ) ;
#5804 = ORIENTED_EDGE ( 'NONE', *, *, #2262, .T. ) ;
#5805 = DIRECTION ( 'NONE',  ( 0.000000000000000000, 1.000000000000000000, -0.000000000000000000 ) ) ;
#5806 = DIRECTION ( 'NONE',  ( -2.356961244533720211E-16, 1.000000000000000000, 0.000000000000000000 ) ) ;
#5807 = DIRECTION ( 'NONE',  ( -1.000000000000000000, 0.000000000000000000, 0.000000000000000000 ) ) ;
#5808 = AXIS2_PLACEMENT_3D ( 'NONE', #9244, #5002, #3954 ) ;
#5809 = VERTEX_POINT ( 'NONE', #10079 ) ;
#5810 = VERTEX_POINT ( 'NONE', #2052 ) ;
#5811 = ORIENTED_EDGE ( 'NONE', *, *, #9919, .T. ) ;
#5812 = DIRECTION ( 'NONE',  ( 0.000000000000000000, 0.000000000000000000, 1.000000000000000000 ) ) ;
#5813 = DIRECTION ( 'NONE',  ( -0.000000000000000000, -0.000000000000000000, -1.000000000000000000 ) ) ;
#5814 = ORIENTED_EDGE ( 'NONE', *, *, #6133, .F. ) ;
#5815 = CARTESIAN_POINT ( 'NONE',  ( -2.266297947787970113, 6.949999999999999289, 0.03489949670250869912 ) ) ;
#5816 = EDGE_CURVE ( 'NONE', #8619, #1692, #2163, .T. ) ;
#5817 = VERTEX_POINT ( 'NONE', #10138 ) ;
#5818 = PLANE ( 'NONE',  #4668 ) ;
#5819 = VECTOR ( 'NONE', #7466, 1000.000000000000000 ) ;
#5820 = CARTESIAN_POINT ( 'NONE',  ( 30.99999999999999645, -59.60000000000002984, 1.000000000000000000 ) ) ;
#5821 = CARTESIAN_POINT ( 'NONE',  ( 39.49999999999999289, -132.5999999999999943, 1.000000000000000888 ) ) ;
#5822 = LINE ( 'NONE', #6599, #8543 ) ;
#5823 = VECTOR ( 'NONE', #6516, 1000.000000000000000 ) ;
#5824 = VERTEX_POINT ( 'NONE', #7499 ) ;
#5825 = EDGE_CURVE ( 'NONE', #7501, #5278, #1276, .T. ) ;
#5826 = ORIENTED_EDGE ( 'NONE', *, *, #1226, .F. ) ;
#5827 = VECTOR ( 'NONE', #416, 1000.000000000000000 ) ;
#5828 = ORIENTED_EDGE ( 'NONE', *, *, #2562, .T. ) ;
#5829 = CARTESIAN_POINT ( 'NONE',  ( 35.50000000000000000, -153.6000000000000227, 3.000000000000000000 ) ) ;
#5830 = FACE_OUTER_BOUND ( 'NONE', #3753, .T. ) ;
#5831 = LINE ( 'NONE', #11242, #1555 ) ;
#5832 = AXIS2_PLACEMENT_3D ( 'NONE', #6266, #11553, #10678 ) ;
#5833 = PLANE ( 'NONE',  #7287 ) ;
#5834 = CARTESIAN_POINT ( 'NONE',  ( 19.49999999999999645, -141.5999999999999943, 3.000000000000000000 ) ) ;
#5835 = VECTOR ( 'NONE', #7297, 1000.000000000000000 ) ;
#5836 = VECTOR ( 'NONE', #8574, 1000.000000000000000 ) ;
#5837 = CARTESIAN_POINT ( 'NONE',  ( 55.49999999999999289, -50.60000000000002274, 1.000000000000000000 ) ) ;
#5838 = ORIENTED_EDGE ( 'NONE', *, *, #8489, .F. ) ;
#5839 = ADVANCED_FACE ( 'NONE', ( #4852 ), #4740, .F. ) ;
#5840 = ORIENTED_EDGE ( 'NONE', *, *, #8293, .F. ) ;
#5841 = VECTOR ( 'NONE', #6240, 1000.000000000000000 ) ;
#5842 = DIRECTION ( 'NONE',  ( -0.000000000000000000, 1.000000000000000000, 0.000000000000000000 ) ) ;
#5843 = AXIS2_PLACEMENT_3D ( 'NONE', #5792, #4806, #3155 ) ;
#5844 = CARTESIAN_POINT ( 'NONE',  ( 55.49999999999999289, -50.60000000000002274, -14.00099999999999945 ) ) ;
#5845 = EDGE_CURVE ( 'NONE', #5157, #5678, #9532, .T. ) ;
#5846 = LINE ( 'NONE', #1284, #5554 ) ;
#5847 = ORIENTED_EDGE ( 'NONE', *, *, #10999, .F. ) ;
#5848 = DIRECTION ( 'NONE',  ( 0.000000000000000000, 0.000000000000000000, -1.000000000000000000 ) ) ;
#5849 = ORIENTED_EDGE ( 'NONE', *, *, #3959, .F. ) ;
#5850 = VECTOR ( 'NONE', #1912, 1000.000000000000000 ) ;
#5851 = DIRECTION ( 'NONE',  ( 0.000000000000000000, 0.000000000000000000, -1.000000000000000000 ) ) ;
#5852 = DIRECTION ( 'NONE',  ( 1.000000000000000000, 0.000000000000000000, 0.000000000000000000 ) ) ;
#5853 = LINE ( 'NONE', #1408, #7397 ) ;
#5854 = LINE ( 'NONE', #1293, #7300 ) ;
#5855 = EDGE_LOOP ( 'NONE', ( #12, #3558, #9235, #4387, #10905, #1169 ) ) ;
#5856 = ADVANCED_FACE ( 'NONE', ( #458 ), #2984, .F. ) ;
#5857 = VECTOR ( 'NONE', #8174, 1000.000000000000000 ) ;
#5858 = ORIENTED_EDGE ( 'NONE', *, *, #6649, .T. ) ;
#5859 = DIRECTION ( 'NONE',  ( 0.000000000000000000, 0.000000000000000000, 1.000000000000000000 ) ) ;
#5860 = ORIENTED_EDGE ( 'NONE', *, *, #860, .T. ) ;
#5861 = LINE ( 'NONE', #9450, #4749 ) ;
#5862 = CARTESIAN_POINT ( 'NONE',  ( 35.49999999999999289, -129.5999999999999943, -14.00099999999999945 ) ) ;
#5863 = VERTEX_POINT ( 'NONE', #2111 ) ;
#5864 = FACE_OUTER_BOUND ( 'NONE', #2128, .T. ) ;
#5865 = CARTESIAN_POINT ( 'NONE',  ( 48.00000000000001421, -159.6000000000000227, -4.000000000000000000 ) ) ;
#5866 = PLANE ( 'NONE',  #3961 ) ;
#5867 = CARTESIAN_POINT ( 'NONE',  ( 39.49999999999999289, -150.6000000000000227, 1.000000000000000888 ) ) ;
#5868 = EDGE_CURVE ( 'NONE', #7177, #4265, #9258, .T. ) ;
#5869 = ORIENTED_EDGE ( 'NONE', *, *, #7408, .F. ) ;
#5870 = VERTEX_POINT ( 'NONE', #8765 ) ;
#5871 = ORIENTED_EDGE ( 'NONE', *, *, #2082, .T. ) ;
#5872 = DIRECTION ( 'NONE',  ( 0.000000000000000000, 0.000000000000000000, 1.000000000000000000 ) ) ;
#5873 = FACE_OUTER_BOUND ( 'NONE', #7978, .T. ) ;
#5874 = ORIENTED_EDGE ( 'NONE', *, *, #3326, .T. ) ;
#5875 = LINE ( 'NONE', #1430, #1943 ) ;
#5876 = VERTEX_POINT ( 'NONE', #5837 ) ;
#5877 = DIRECTION ( 'NONE',  ( -0.000000000000000000, -0.000000000000000000, 1.000000000000000000 ) ) ;
#5878 = DIRECTION ( 'NONE',  ( 0.000000000000000000, 0.000000000000000000, -1.000000000000000000 ) ) ;
#5879 = CARTESIAN_POINT ( 'NONE',  ( 15.49999999999999645, -50.60000000000002274, -14.00099999999999945 ) ) ;
#5880 = DIRECTION ( 'NONE',  ( 0.000000000000000000, -0.000000000000000000, 1.000000000000000000 ) ) ;
#5881 = EDGE_LOOP ( 'NONE', ( #6721, #6329, #3460, #11002 ) ) ;
#5882 = EDGE_CURVE ( 'NONE', #4048, #8709, #5028, .T. ) ;
#5883 = ORIENTED_EDGE ( 'NONE', *, *, #2213, .F. ) ;
#5884 = VECTOR ( 'NONE', #9097, 1000.000000000000000 ) ;
#5885 = EDGE_LOOP ( 'NONE', ( #6491, #5961, #2580, #10946 ) ) ;
#5886 = LINE ( 'NONE', #2268, #4717 ) ;
#5887 = CARTESIAN_POINT ( 'NONE',  ( 0.000000000000000000, 0.2000000000000000111, 0.5000000000000000000 ) ) ;
#5888 = DIRECTION ( 'NONE',  ( -0.000000000000000000, -0.000000000000000000, -1.000000000000000000 ) ) ;
#5889 = EDGE_CURVE ( 'NONE', #3069, #571, #541, .T. ) ;
#5890 = LINE ( 'NONE', #8760, #4659 ) ;
#5891 = LINE ( 'NONE', #3849, #8382 ) ;
#5892 = CYLINDRICAL_SURFACE ( 'NONE', #10853, 3.799999999999999822 ) ;
#5893 = VERTEX_POINT ( 'NONE', #4196 ) ;
#5894 = EDGE_CURVE ( 'NONE', #4395, #1376, #10421, .T. ) ;
#5895 = VERTEX_POINT ( 'NONE', #8599 ) ;
#5896 = DIRECTION ( 'NONE',  ( 1.000000000000000000, 0.000000000000000000, -0.000000000000000000 ) ) ;
#5897 = CARTESIAN_POINT ( 'NONE',  ( 1.199999999999999956, 6.949999999999999289, 5.204170427930430158E-16 ) ) ;
#5898 = DIRECTION ( 'NONE',  ( -1.000000000000000000, 0.000000000000000000, 0.000000000000000000 ) ) ;
#5899 = VERTEX_POINT ( 'NONE', #8538 ) ;
#5900 = ADVANCED_FACE ( 'NONE', ( #9545 ), #10367, .F. ) ;
#5901 = PLANE ( 'NONE',  #2964 ) ;
#5902 = EDGE_LOOP ( 'NONE', ( #10076, #1125, #3633, #5464 ) ) ;
#5903 = LINE ( 'NONE', #10381, #9789 ) ;
#5904 = DIRECTION ( 'NONE',  ( 1.000000000000000000, 0.000000000000000000, 0.000000000000000000 ) ) ;
#5905 = CIRCLE ( 'NONE', #4043, 1.549999999999995826 ) ;
#5906 = CARTESIAN_POINT ( 'NONE',  ( 19.49999999999999645, -150.6000000000000227, 1.000000000000000888 ) ) ;
#5907 = ORIENTED_EDGE ( 'NONE', *, *, #3975, .T. ) ;
#5908 = ORIENTED_EDGE ( 'NONE', *, *, #6613, .F. ) ;
#5909 = AXIS2_PLACEMENT_3D ( 'NONE', #3356, #898, #2716 ) ;
#5910 = LINE ( 'NONE', #9389, #10329 ) ;
#5911 = ORIENTED_EDGE ( 'NONE', *, *, #7210, .T. ) ;
#5912 = CARTESIAN_POINT ( 'NONE',  ( 19.50000000000000000, 25.89999999999999858, 0.5000000000000000000 ) ) ;
#5913 = DIRECTION ( 'NONE',  ( -0.000000000000000000, -0.000000000000000000, 1.000000000000000000 ) ) ;
#5914 = ORIENTED_EDGE ( 'NONE', *, *, #566, .T. ) ;
#5915 = DIRECTION ( 'NONE',  ( 0.000000000000000000, -0.000000000000000000, 1.000000000000000000 ) ) ;
#5916 = DIRECTION ( 'NONE',  ( -0.000000000000000000, -1.000000000000000000, -0.000000000000000000 ) ) ;
#5917 = ADVANCED_FACE ( 'NONE', ( #6951 ), #9600, .F. ) ;
#5918 = DIRECTION ( 'NONE',  ( 0.000000000000000000, -0.000000000000000000, 1.000000000000000000 ) ) ;
#5919 = ADVANCED_FACE ( 'NONE', ( #3317 ), #570, .F. ) ;
#5920 = EDGE_CURVE ( 'NONE', #10814, #7176, #11422, .T. ) ;
#5921 = EDGE_LOOP ( 'NONE', ( #4381, #402, #1983, #11491 ) ) ;
#5922 = EDGE_LOOP ( 'NONE', ( #4632, #3710, #9320, #4686 ) ) ;
#5923 = ORIENTED_EDGE ( 'NONE', *, *, #9269, .F. ) ;
#5924 = PLANE ( 'NONE',  #2291 ) ;
#5925 = DIRECTION ( 'NONE',  ( 0.000000000000000000, -0.4226182617407039377, -0.9063077870366479383 ) ) ;
#5926 = ORIENTED_EDGE ( 'NONE', *, *, #4513, .F. ) ;
#5927 = DIRECTION ( 'NONE',  ( 0.000000000000000000, -0.000000000000000000, 1.000000000000000000 ) ) ;
#5928 = LINE ( 'NONE', #5987, #4804 ) ;
#5929 = VERTEX_POINT ( 'NONE', #4138 ) ;
#5930 = DIRECTION ( 'NONE',  ( 0.000000000000000000, 0.000000000000000000, 1.000000000000000000 ) ) ;
#5931 = CARTESIAN_POINT ( 'NONE',  ( 56.50000000000000000, 21.60000000000000142, 0.5000000000000000000 ) ) ;
#5932 = CARTESIAN_POINT ( 'NONE',  ( 0.000000000000000000, 25.39999999999999858, 1.000000000000000000 ) ) ;
#5933 = EDGE_CURVE ( 'NONE', #8815, #6630, #10274, .T. ) ;
#5934 = VECTOR ( 'NONE', #5940, 1000.000000000000000 ) ;
#5935 = CARTESIAN_POINT ( 'NONE',  ( 35.49999999999999289, -129.5999999999999943, 1.000000000000000888 ) ) ;
#5936 = ORIENTED_EDGE ( 'NONE', *, *, #6229, .T. ) ;
#5937 = EDGE_LOOP ( 'NONE', ( #459, #11052 ) ) ;
#5938 = VECTOR ( 'NONE', #2332, 1000.000000000000000 ) ;
#5939 = DIRECTION ( 'NONE',  ( -0.000000000000000000, -0.000000000000000000, 1.000000000000000000 ) ) ;
#5940 = DIRECTION ( 'NONE',  ( -0.000000000000000000, -0.000000000000000000, 1.000000000000000000 ) ) ;
#5941 = DIRECTION ( 'NONE',  ( -0.000000000000000000, -0.000000000000000000, 1.000000000000000000 ) ) ;
#5942 = AXIS2_PLACEMENT_3D ( 'NONE', #1686, #10606, #5316 ) ;
#5943 = DIRECTION ( 'NONE',  ( 1.000000000000000000, 0.000000000000000000, 0.000000000000000000 ) ) ;
#5944 = CARTESIAN_POINT ( 'NONE',  ( -3.000000000000003553, 19.40000000000000213, -4.000000000000000000 ) ) ;
#5945 = ADVANCED_FACE ( 'NONE', ( #8656 ), #5892, .T. ) ;
#5946 = VECTOR ( 'NONE', #4309, 1000.000000000000000 ) ;
#5947 = DIRECTION ( 'NONE',  ( 0.000000000000000000, 1.000000000000000000, -0.000000000000000000 ) ) ;
#5948 = ORIENTED_EDGE ( 'NONE', *, *, #1029, .T. ) ;
#5949 = AXIS2_PLACEMENT_3D ( 'NONE', #8324, #294, #3857 ) ;
#5950 = ORIENTED_EDGE ( 'NONE', *, *, #4551, .F. ) ;
#5951 = AXIS2_PLACEMENT_3D ( 'NONE', #11384, #4336, #2523 ) ;
#5952 = ADVANCED_FACE ( 'NONE', ( #8708 ), #5137, .T. ) ;
#5953 = CARTESIAN_POINT ( 'NONE',  ( -0.5000000000000038858, -50.60000000000002274, 3.000000000000000000 ) ) ;
#5954 = AXIS2_PLACEMENT_3D ( 'NONE', #5676, #1224, #344 ) ;
#5955 = LINE ( 'NONE', #1927, #4338 ) ;
#5956 = DIRECTION ( 'NONE',  ( 1.000000000000000000, 0.000000000000000000, 0.000000000000000000 ) ) ;
#5957 = VERTEX_POINT ( 'NONE', #1447 ) ;
#5958 = VECTOR ( 'NONE', #5019, 1000.000000000000000 ) ;
#5959 = LINE ( 'NONE', #11544, #4263 ) ;
#5960 = EDGE_CURVE ( 'NONE', #2978, #4114, #6780, .T. ) ;
#5961 = ORIENTED_EDGE ( 'NONE', *, *, #3683, .F. ) ;
#5962 = DIRECTION ( 'NONE',  ( 0.000000000000000000, 0.000000000000000000, -1.000000000000000000 ) ) ;
#5963 = DIRECTION ( 'NONE',  ( 0.000000000000000000, 1.000000000000000000, 0.000000000000000000 ) ) ;
#5964 = DIRECTION ( 'NONE',  ( 0.000000000000000000, 1.000000000000000000, 0.000000000000000000 ) ) ;
#5965 = DIRECTION ( 'NONE',  ( 0.000000000000000000, 1.000000000000000000, -0.000000000000000000 ) ) ;
#5966 = ORIENTED_EDGE ( 'NONE', *, *, #501, .T. ) ;
#5967 = EDGE_CURVE ( 'NONE', #9104, #9449, #2503, .T. ) ;
#5968 = AXIS2_PLACEMENT_3D ( 'NONE', #4819, #3701, #7286 ) ;
#5969 = DIRECTION ( 'NONE',  ( -2.356961244533720211E-16, 1.000000000000000000, 0.000000000000000000 ) ) ;
#5970 = CARTESIAN_POINT ( 'NONE',  ( 15.49999999999999645, -153.6000000000000227, 3.000000000000000000 ) ) ;
#5971 = EDGE_LOOP ( 'NONE', ( #828, #10022, #2564, #3024 ) ) ;
#5972 = CIRCLE ( 'NONE', #11613, 1.000000000000000000 ) ;
#5973 = CYLINDRICAL_SURFACE ( 'NONE', #3806, 10.36999999999999744 ) ;
#5974 = CARTESIAN_POINT ( 'NONE',  ( 18.50000000000000000, 26.89999999999999858, -1.000000000000000000 ) ) ;
#5975 = VERTEX_POINT ( 'NONE', #1509 ) ;
#5976 = CARTESIAN_POINT ( 'NONE',  ( 15.49999999999999645, -44.60000000000002274, 3.000000000000000000 ) ) ;
#5977 = DIRECTION ( 'NONE',  ( 0.000000000000000000, 0.000000000000000000, 1.000000000000000000 ) ) ;
#5978 = CARTESIAN_POINT ( 'NONE',  ( 55.49999999999999289, -135.5999999999999943, 3.000000000000000000 ) ) ;
#5979 = EDGE_CURVE ( 'NONE', #5980, #7745, #1102, .T. ) ;
#5980 = VERTEX_POINT ( 'NONE', #6063 ) ;
#5981 = ORIENTED_EDGE ( 'NONE', *, *, #6068, .F. ) ;
#5982 = ORIENTED_EDGE ( 'NONE', *, *, #5187, .F. ) ;
#5983 = CARTESIAN_POINT ( 'NONE',  ( 58.00000000000000711, 10.44999999999999929, 1.000000000000000000 ) ) ;
#5984 = VERTEX_POINT ( 'NONE', #9652 ) ;
#5985 = DIRECTION ( 'NONE',  ( 0.000000000000000000, 0.000000000000000000, -1.000000000000000000 ) ) ;
#5986 = EDGE_CURVE ( 'NONE', #8666, #5975, #1619, .T. ) ;
#5987 = CARTESIAN_POINT ( 'NONE',  ( 6.999999999999992006, 29.39999999999999503, -4.000000000000000000 ) ) ;
#5988 = ORIENTED_EDGE ( 'NONE', *, *, #8637, .F. ) ;
#5989 = LINE ( 'NONE', #7704, #7098 ) ;
#5990 = EDGE_CURVE ( 'NONE', #4284, #10090, #10309, .T. ) ;
#5991 = DIRECTION ( 'NONE',  ( 0.000000000000000000, 0.000000000000000000, 1.000000000000000000 ) ) ;
#5992 = CARTESIAN_POINT ( 'NONE',  ( 15.49999999999999467, -23.60000000000001563, 1.000000000000000888 ) ) ;
#5993 = DIRECTION ( 'NONE',  ( -0.000000000000000000, 1.000000000000000000, -0.000000000000000000 ) ) ;
#5994 = EDGE_LOOP ( 'NONE', ( #6138, #4940, #717, #5926 ) ) ;
#5995 = ORIENTED_EDGE ( 'NONE', *, *, #6252, .F. ) ;
#5996 = EDGE_CURVE ( 'NONE', #842, #2325, #11535, .T. ) ;
#5997 = LINE ( 'NONE', #675, #7902 ) ;
#5998 = DIRECTION ( 'NONE',  ( -1.000000000000000000, 0.000000000000000000, 0.000000000000000000 ) ) ;
#5999 = VECTOR ( 'NONE', #203, 1000.000000000000000 ) ;
#6000 = CARTESIAN_POINT ( 'NONE',  ( 39.49999999999999289, -32.60000000000001563, 1.000000000000000888 ) ) ;
#6001 = CARTESIAN_POINT ( 'NONE',  ( 19.49999999999999289, -114.6000000000000085, -14.00099999999999945 ) ) ;
#6002 = EDGE_CURVE ( 'NONE', #3674, #1026, #7062, .T. ) ;
#6003 = CARTESIAN_POINT ( 'NONE',  ( 51.20000000000000284, 26.89999999999999858, -1.000000000000000000 ) ) ;
#6004 = DIRECTION ( 'NONE',  ( 0.000000000000000000, -1.000000000000000000, 0.000000000000000000 ) ) ;
#6005 = VECTOR ( 'NONE', #830, 1000.000000000000000 ) ;
#6006 = DIRECTION ( 'NONE',  ( 0.000000000000000000, 0.000000000000000000, 1.000000000000000000 ) ) ;
#6007 = ORIENTED_EDGE ( 'NONE', *, *, #3391, .T. ) ;
#6008 = VECTOR ( 'NONE', #10111, 1000.000000000000000 ) ;
#6009 = EDGE_LOOP ( 'NONE', ( #318, #4061, #7652, #4618 ) ) ;
#6010 = AXIS2_PLACEMENT_3D ( 'NONE', #1470, #476, #5859 ) ;
#6011 = EDGE_CURVE ( 'NONE', #1797, #8799, #5365, .T. ) ;
#6012 = DIRECTION ( 'NONE',  ( 0.000000000000000000, -0.000000000000000000, 1.000000000000000000 ) ) ;
#6013 = CARTESIAN_POINT ( 'NONE',  ( -0.5000000000000038858, -153.6000000000000227, 3.000000000000000000 ) ) ;
#6014 = CARTESIAN_POINT ( 'NONE',  ( 19.49999999999999289, -120.6000000000000085, -14.00099999999999945 ) ) ;
#6015 = ORIENTED_EDGE ( 'NONE', *, *, #9661, .F. ) ;
#6016 = VECTOR ( 'NONE', #11299, 1000.000000000000000 ) ;
#6017 = CARTESIAN_POINT ( 'NONE',  ( -0.5000000000000079936, -117.6000000000000085, 3.000000000000000000 ) ) ;
#6018 = ORIENTED_EDGE ( 'NONE', *, *, #5986, .F. ) ;
#6019 = DIRECTION ( 'NONE',  ( 0.000000000000000000, 0.000000000000000000, 1.000000000000000000 ) ) ;
#6020 = DIRECTION ( 'NONE',  ( -0.000000000000000000, -0.000000000000000000, 1.000000000000000000 ) ) ;
#6021 = PLANE ( 'NONE',  #10582 ) ;
#6022 = AXIS2_PLACEMENT_3D ( 'NONE', #10199, #4859, #10314 ) ;
#6023 = LINE ( 'NONE', #3444, #7102 ) ;
#6024 = VERTEX_POINT ( 'NONE', #1678 ) ;
#6025 = AXIS2_PLACEMENT_3D ( 'NONE', #9001, #6473, #10059 ) ;
#6026 = EDGE_CURVE ( 'NONE', #2744, #4896, #2736, .T. ) ;
#6027 = DIRECTION ( 'NONE',  ( 0.000000000000000000, 1.000000000000000000, -0.000000000000000000 ) ) ;
#6028 = ORIENTED_EDGE ( 'NONE', *, *, #2505, .T. ) ;
#6029 = VECTOR ( 'NONE', #8533, 1000.000000000000000 ) ;
#6030 = FACE_OUTER_BOUND ( 'NONE', #7233, .T. ) ;
#6031 = LINE ( 'NONE', #5156, #11579 ) ;
#6032 = ORIENTED_EDGE ( 'NONE', *, *, #5996, .F. ) ;
#6033 = ADVANCED_FACE ( 'NONE', ( #1857 ), #861, .F. ) ;
#6034 = DIRECTION ( 'NONE',  ( 0.000000000000000000, -1.000000000000000000, 0.000000000000000000 ) ) ;
#6035 = LINE ( 'NONE', #9624, #289 ) ;
#6036 = PLANE ( 'NONE',  #9918 ) ;
#6037 = CIRCLE ( 'NONE', #443, 5.299999999999998934 ) ;
#6038 = ADVANCED_FACE ( 'NONE', ( #6304 ), #8126, .F. ) ;
#6039 = VERTEX_POINT ( 'NONE', #6117 ) ;
#6040 = ORIENTED_EDGE ( 'NONE', *, *, #966, .F. ) ;
#6041 = ORIENTED_EDGE ( 'NONE', *, *, #6723, .F. ) ;
#6042 = DIRECTION ( 'NONE',  ( 1.000000000000000000, 0.000000000000000000, 0.000000000000000000 ) ) ;
#6043 = EDGE_LOOP ( 'NONE', ( #832, #9049, #6750, #8742 ) ) ;
#6044 = CARTESIAN_POINT ( 'NONE',  ( -0.5000000000000066613, -129.5999999999999943, 3.000000000000000000 ) ) ;
#6045 = DIRECTION ( 'NONE',  ( 0.000000000000000000, 0.000000000000000000, 1.000000000000000000 ) ) ;
#6046 = ORIENTED_EDGE ( 'NONE', *, *, #3306, .T. ) ;
#6047 = DIRECTION ( 'NONE',  ( -0.000000000000000000, -1.000000000000000000, -0.000000000000000000 ) ) ;
#6048 = EDGE_CURVE ( 'NONE', #10558, #1953, #10834, .T. ) ;
#6049 = CARTESIAN_POINT ( 'NONE',  ( 34.50000000000000000, -0.2999999999999999889, -10.00000000000000000 ) ) ;
#6050 = PLANE ( 'NONE',  #4840 ) ;
#6051 = CARTESIAN_POINT ( 'NONE',  ( 15.49999999999999645, -50.60000000000002274, 3.000000000000000000 ) ) ;
#6052 = VERTEX_POINT ( 'NONE', #2616 ) ;
#6053 = ORIENTED_EDGE ( 'NONE', *, *, #4398, .F. ) ;
#6054 = CARTESIAN_POINT ( 'NONE',  ( 2.500000000000000000, 23.09999999999999787, -1.000000000000000000 ) ) ;
#6055 = CARTESIAN_POINT ( 'NONE',  ( 55.49999999999999289, -44.60000000000002274, 3.000000000000000000 ) ) ;
#6056 = DIRECTION ( 'NONE',  ( -0.000000000000000000, -0.000000000000000000, 1.000000000000000000 ) ) ;
#6057 = CIRCLE ( 'NONE', #10014, 5.299999999999998934 ) ;
#6058 = CARTESIAN_POINT ( 'NONE',  ( 55.49999999999999289, -20.60000000000002274, -14.00099999999999945 ) ) ;
#6059 = LINE ( 'NONE', #9648, #1105 ) ;
#6060 = CARTESIAN_POINT ( 'NONE',  ( 19.50000000000000000, -0.9916459933285248773, -13.00000000000000000 ) ) ;
#6061 = CARTESIAN_POINT ( 'NONE',  ( 39.49999999999999289, -141.5999999999999943, 1.000000000000000888 ) ) ;
#6062 = ADVANCED_FACE ( 'NONE', ( #38 ), #9949, .F. ) ;
#6063 = CARTESIAN_POINT ( 'NONE',  ( 55.50000000000000000, 4.000000000000000000, -1.000000000000000000 ) ) ;
#6064 = VERTEX_POINT ( 'NONE', #1795 ) ;
#6065 = ADVANCED_FACE ( 'NONE', ( #5492 ), #9890, .F. ) ;
#6066 = ORIENTED_EDGE ( 'NONE', *, *, #6502, .T. ) ;
#6067 = ADVANCED_FACE ( 'NONE', ( #4602 ), #2680, .F. ) ;
#6068 = EDGE_CURVE ( 'NONE', #5144, #6617, #3609, .T. ) ;
#6069 = DIRECTION ( 'NONE',  ( -0.000000000000000000, 1.000000000000000000, 0.000000000000000000 ) ) ;
#6070 = CARTESIAN_POINT ( 'NONE',  ( 35.49999999999999289, -14.60000000000001563, 3.000000000000000000 ) ) ;
#6071 = FACE_BOUND ( 'NONE', #9420, .T. ) ;
#6072 = ORIENTED_EDGE ( 'NONE', *, *, #610, .F. ) ;
#6073 = DIRECTION ( 'NONE',  ( 1.000000000000000000, 0.000000000000000000, 0.000000000000000000 ) ) ;
#6074 = VERTEX_POINT ( 'NONE', #9709 ) ;
#6075 = DIRECTION ( 'NONE',  ( -1.000000000000000000, 0.000000000000000000, 0.000000000000000000 ) ) ;
#6076 = EDGE_CURVE ( 'NONE', #3225, #10589, #8827, .T. ) ;
#6077 = PRESENTATION_STYLE_ASSIGNMENT (( #7677 ) ) ;
#6078 = VERTEX_POINT ( 'NONE', #7952 ) ;
#6079 = DIRECTION ( 'NONE',  ( -0.000000000000000000, -0.000000000000000000, 1.000000000000000000 ) ) ;
#6080 = ORIENTED_EDGE ( 'NONE', *, *, #1420, .T. ) ;
#6081 = CARTESIAN_POINT ( 'NONE',  ( 54.69999999999999574, 17.44999999999999929, 0.5000000000000000000 ) ) ;
#6082 = ORIENTED_EDGE ( 'NONE', *, *, #10912, .F. ) ;
#6083 = CARTESIAN_POINT ( 'NONE',  ( 19.50000000000000000, 1.199999999999999956, -7.799999999999999822 ) ) ;
#6084 = LINE ( 'NONE', #5271, #5018 ) ;
#6085 = ORIENTED_EDGE ( 'NONE', *, *, #117, .F. ) ;
#6086 = FACE_OUTER_BOUND ( 'NONE', #8787, .T. ) ;
#6087 = ADVANCED_FACE ( 'NONE', ( #10654 ), #6180, .F. ) ;
#6088 = CARTESIAN_POINT ( 'NONE',  ( 39.49999999999999289, -44.60000000000002274, 3.000000000000000000 ) ) ;
#6089 = FACE_OUTER_BOUND ( 'NONE', #10494, .T. ) ;
#6090 = ORIENTED_EDGE ( 'NONE', *, *, #3561, .T. ) ;
#6091 = VECTOR ( 'NONE', #1684, 1000.000000000000000 ) ;
#6092 = VERTEX_POINT ( 'NONE', #5307 ) ;
#6093 = EDGE_CURVE ( 'NONE', #4956, #1753, #4430, .T. ) ;
#6094 = EDGE_LOOP ( 'NONE', ( #1158, #1310, #2460, #3950 ) ) ;
#6095 = ORIENTED_EDGE ( 'NONE', *, *, #5443, .T. ) ;
#6096 = DIRECTION ( 'NONE',  ( 1.000000000000000000, 0.000000000000000000, -0.000000000000000000 ) ) ;
#6097 = VERTEX_POINT ( 'NONE', #7188 ) ;
#6098 = DIRECTION ( 'NONE',  ( 0.000000000000000000, -1.000000000000000000, 0.000000000000000000 ) ) ;
#6099 = PLANE ( 'NONE',  #9484 ) ;
#6100 = ORIENTED_EDGE ( 'NONE', *, *, #2594, .T. ) ;
#6101 = FACE_BOUND ( 'NONE', #10973, .T. ) ;
#6102 = DIRECTION ( 'NONE',  ( 0.000000000000000000, -1.000000000000000000, 0.000000000000000000 ) ) ;
#6103 = FACE_OUTER_BOUND ( 'NONE', #3748, .T. ) ;
#6104 = EDGE_CURVE ( 'NONE', #3408, #11543, #10011, .T. ) ;
#6105 = CARTESIAN_POINT ( 'NONE',  ( 55.19999999999999574, 11.44999999999999929, 0.5000000000000000000 ) ) ;
#6106 = EDGE_LOOP ( 'NONE', ( #2084, #2714, #3328, #4161 ) ) ;
#6107 = EDGE_CURVE ( 'NONE', #6336, #3112, #7291, .T. ) ;
#6108 = VERTEX_POINT ( 'NONE', #2967 ) ;
#6109 = PLANE ( 'NONE',  #1720 ) ;
#6110 = CARTESIAN_POINT ( 'NONE',  ( 6.054958374747089990E-15, 27.40000000000000213, 0.5000000000000000000 ) ) ;
#6111 = CARTESIAN_POINT ( 'NONE',  ( 48.00000000000001421, -159.6000000000000227, 1.000000000000000000 ) ) ;
#6112 = CARTESIAN_POINT ( 'NONE',  ( 27.50000000000000000, 0.000000000000000000, -13.00000000000000000 ) ) ;
#6113 = AXIS2_PLACEMENT_3D ( 'NONE', #395, #7597, #3084 ) ;
#6114 = CARTESIAN_POINT ( 'NONE',  ( 55.19999999999999574, 17.44999999999999929, 0.5000000000000000000 ) ) ;
#6115 = CARTESIAN_POINT ( 'NONE',  ( -2.450000000000004174, -160.6000000000000227, 1.000000000000000000 ) ) ;
#6116 = DIRECTION ( 'NONE',  ( 0.000000000000000000, 0.000000000000000000, -1.000000000000000000 ) ) ;
#6117 = CARTESIAN_POINT ( 'NONE',  ( 15.49999999999999467, -135.5999999999999943, 1.000000000000000000 ) ) ;
#6118 = ORIENTED_EDGE ( 'NONE', *, *, #6794, .F. ) ;
#6119 = VECTOR ( 'NONE', #10647, 1000.000000000000000 ) ;
#6120 = ORIENTED_EDGE ( 'NONE', *, *, #2327, .T. ) ;
#6121 = EDGE_CURVE ( 'NONE', #233, #8517, #11276, .T. ) ;
#6122 = CARTESIAN_POINT ( 'NONE',  ( 39.49999999999999289, -38.60000000000002274, 1.000000000000000888 ) ) ;
#6123 = VECTOR ( 'NONE', #10505, 1000.000000000000000 ) ;
#6124 = CARTESIAN_POINT ( 'NONE',  ( 19.49999999999999645, -141.5999999999999943, -14.00099999999999945 ) ) ;
#6125 = EDGE_LOOP ( 'NONE', ( #3376, #6938, #1092, #8250 ) ) ;
#6126 = CARTESIAN_POINT ( 'NONE',  ( -0.5000000000000079936, -11.60000000000001386, 3.000000000000000000 ) ) ;
#6127 = EDGE_CURVE ( 'NONE', #9552, #8278, #9248, .T. ) ;
#6128 = ORIENTED_EDGE ( 'NONE', *, *, #8151, .T. ) ;
#6129 = VECTOR ( 'NONE', #4014, 1000.000000000000000 ) ;
#6130 = DIRECTION ( 'NONE',  ( 1.000000000000000000, 0.000000000000000000, 0.000000000000000000 ) ) ;
#6131 = EDGE_CURVE ( 'NONE', #3337, #487, #5606, .T. ) ;
#6132 = AXIS2_PLACEMENT_3D ( 'NONE', #9372, #11141, #1994 ) ;
#6133 = EDGE_CURVE ( 'NONE', #896, #7063, #547, .T. ) ;
#6134 = VECTOR ( 'NONE', #8341, 1000.000000000000000 ) ;
#6135 = FILL_AREA_STYLE ('',( #757 ) ) ;
#6136 = ORIENTED_EDGE ( 'NONE', *, *, #6546, .T. ) ;
#6137 = LINE ( 'NONE', #3389, #11056 ) ;
#6138 = ORIENTED_EDGE ( 'NONE', *, *, #3102, .T. ) ;
#6139 = VECTOR ( 'NONE', #1056, 1000.000000000000000 ) ;
#6140 = ADVANCED_FACE ( 'NONE', ( #1979 ), #6543, .F. ) ;
#6141 = CARTESIAN_POINT ( 'NONE',  ( -3.000000000000003553, 11.44999999999998863, 1.000000000000000000 ) ) ;
#6142 = DIRECTION ( 'NONE',  ( 1.000000000000000000, 0.000000000000000000, 0.000000000000000000 ) ) ;
#6143 = ORIENTED_EDGE ( 'NONE', *, *, #2860, .F. ) ;
#6144 = PLANE ( 'NONE',  #8589 ) ;
#6145 = CARTESIAN_POINT ( 'NONE',  ( -0.5000000000000073275, -17.60000000000001918, -14.00099999999999945 ) ) ;
#6146 = EDGE_LOOP ( 'NONE', ( #7820, #1213 ) ) ;
#6147 = VECTOR ( 'NONE', #6510, 1000.000000000000000 ) ;
#6148 = FACE_OUTER_BOUND ( 'NONE', #7356, .T. ) ;
#6149 = CYLINDRICAL_SURFACE ( 'NONE', #10146, 5.000000000000000000 ) ;
#6150 = VECTOR ( 'NONE', #4355, 1000.000000000000000 ) ;
#6151 = CARTESIAN_POINT ( 'NONE',  ( 35.49999999999999289, -135.5999999999999943, 1.000000000000000888 ) ) ;
#6152 = ORIENTED_EDGE ( 'NONE', *, *, #2690, .T. ) ;
#6153 = EDGE_LOOP ( 'NONE', ( #10986, #9951, #8685, #6924 ) ) ;
#6154 = VECTOR ( 'NONE', #2751, 1000.000000000000000 ) ;
#6155 = ORIENTED_EDGE ( 'NONE', *, *, #11111, .T. ) ;
#6156 = VERTEX_POINT ( 'NONE', #4783 ) ;
#6157 = EDGE_CURVE ( 'NONE', #1298, #5446, #1212, .T. ) ;
#6158 = LINE ( 'NONE', #9744, #11465 ) ;
#6159 = ORIENTED_EDGE ( 'NONE', *, *, #6825, .F. ) ;
#6160 = VECTOR ( 'NONE', #6685, 1000.000000000000000 ) ;
#6161 = PLANE ( 'NONE',  #3612 ) ;
#6162 = DIRECTION ( 'NONE',  ( 0.000000000000000000, 0.000000000000000000, 1.000000000000000000 ) ) ;
#6163 = ORIENTED_EDGE ( 'NONE', *, *, #3066, .T. ) ;
#6164 = LINE ( 'NONE', #7227, #8598 ) ;
#6165 = DIRECTION ( 'NONE',  ( 2.202823461557875190E-15, 1.000000000000000000, 0.000000000000000000 ) ) ;
#6166 = CARTESIAN_POINT ( 'NONE',  ( -5.000000000000003553, -149.6000000000000227, -4.000000000000000000 ) ) ;
#6167 = CARTESIAN_POINT ( 'NONE',  ( 28.50000000000000000, 0.2000000000000000111, 1.000000000000000000 ) ) ;
#6168 = CIRCLE ( 'NONE', #194, 1.549999999999999378 ) ;
#6169 = ORIENTED_EDGE ( 'NONE', *, *, #10677, .T. ) ;
#6170 = ORIENTED_EDGE ( 'NONE', *, *, #1630, .F. ) ;
#6171 = EDGE_CURVE ( 'NONE', #6460, #10316, #10894, .T. ) ;
#6172 = DIRECTION ( 'NONE',  ( -1.000000000000000000, 2.202823461557875190E-15, 0.000000000000000000 ) ) ;
#6173 = DIRECTION ( 'NONE',  ( 0.000000000000000000, 0.000000000000000000, -1.000000000000000000 ) ) ;
#6174 = FACE_OUTER_BOUND ( 'NONE', #4006, .T. ) ;
#6175 = DIRECTION ( 'NONE',  ( 0.000000000000000000, 0.000000000000000000, 1.000000000000000000 ) ) ;
#6176 = DIRECTION ( 'NONE',  ( 0.000000000000000000, 0.000000000000000000, -1.000000000000000000 ) ) ;
#6177 = PLANE ( 'NONE',  #7493 ) ;
#6178 = LINE ( 'NONE', #3606, #11031 ) ;
#6179 = EDGE_CURVE ( 'NONE', #8493, #2050, #5054, .T. ) ;
#6180 = PLANE ( 'NONE',  #10281 ) ;
#6181 = ORIENTED_EDGE ( 'NONE', *, *, #11550, .F. ) ;
#6182 = VERTEX_POINT ( 'NONE', #9190 ) ;
#6183 = VECTOR ( 'NONE', #5991, 1000.000000000000000 ) ;
#6184 = LINE ( 'NONE', #3435, #1850 ) ;
#6185 = CARTESIAN_POINT ( 'NONE',  ( 19.49999999999999645, -44.60000000000002274, 1.000000000000000888 ) ) ;
#6186 = CARTESIAN_POINT ( 'NONE',  ( 51.20000000000000284, 25.89999999999999858, 3.000000000000000000 ) ) ;
#6187 = CARTESIAN_POINT ( 'NONE',  ( 6.700000000000000178, 7.400000000000000355, 1.000000000000000000 ) ) ;
#6188 = ORIENTED_EDGE ( 'NONE', *, *, #9439, .F. ) ;
#6189 = CARTESIAN_POINT ( 'NONE',  ( 15.49999999999999467, -129.5999999999999943, -14.00099999999999945 ) ) ;
#6190 = EDGE_LOOP ( 'NONE', ( #8017, #336, #3495, #8627 ) ) ;
#6191 = VECTOR ( 'NONE', #2723, 1000.000000000000000 ) ;
#6192 = EDGE_CURVE ( 'NONE', #8807, #10155, #4112, .T. ) ;
#6193 = CARTESIAN_POINT ( 'NONE',  ( 19.49999999999999645, -138.5999999999999943, 1.000000000000000888 ) ) ;
#6194 = VECTOR ( 'NONE', #9271, 1000.000000000000000 ) ;
#6195 = DIRECTION ( 'NONE',  ( 1.000000000000000000, 0.000000000000000000, -0.000000000000000000 ) ) ;
#6196 = EDGE_LOOP ( 'NONE', ( #391, #4770, #4206, #5698 ) ) ;
#6197 = AXIS2_PLACEMENT_3D ( 'NONE', #10501, #1529, #9563 ) ;
#6198 = LINE ( 'NONE', #1754, #4672 ) ;
#6199 = ORIENTED_EDGE ( 'NONE', *, *, #2327, .F. ) ;
#6200 = EDGE_CURVE ( 'NONE', #10881, #851, #8568, .T. ) ;
#6201 = EDGE_CURVE ( 'NONE', #5376, #5144, #1091, .T. ) ;
#6202 = VECTOR ( 'NONE', #564, 1000.000000000000000 ) ;
#6203 = CARTESIAN_POINT ( 'NONE',  ( 39.49999999999998579, -14.60000000000001563, 1.000000000000000888 ) ) ;
#6204 = ORIENTED_EDGE ( 'NONE', *, *, #5990, .T. ) ;
#6205 = VECTOR ( 'NONE', #4289, 1000.000000000000000 ) ;
#6206 = CARTESIAN_POINT ( 'NONE',  ( 39.49999999999999289, -147.6000000000000227, 1.000000000000000888 ) ) ;
#6207 = DIRECTION ( 'NONE',  ( 0.000000000000000000, 1.000000000000000000, 0.000000000000000000 ) ) ;
#6208 = VERTEX_POINT ( 'NONE', #3235 ) ;
#6209 = VECTOR ( 'NONE', #7015, 1000.000000000000000 ) ;
#6210 = CARTESIAN_POINT ( 'NONE',  ( 6.999999999999992006, -161.6000000000000227, -2.999999999999971578 ) ) ;
#6211 = CARTESIAN_POINT ( 'NONE',  ( 15.49999999999999467, -29.60000000000001563, 1.000000000000000888 ) ) ;
#6212 = VECTOR ( 'NONE', #4775, 1000.000000000000000 ) ;
#6213 = ADVANCED_FACE ( 'NONE', ( #2036 ), #2307, .F. ) ;
#6214 = DIRECTION ( 'NONE',  ( -1.000000000000000000, 0.000000000000000000, 0.000000000000000000 ) ) ;
#6215 = ORIENTED_EDGE ( 'NONE', *, *, #9205, .T. ) ;
#6216 = ORIENTED_EDGE ( 'NONE', *, *, #8179, .T. ) ;
#6217 = AXIS2_PLACEMENT_3D ( 'NONE', #4959, #7657, #737 ) ;
#6218 = ORIENTED_EDGE ( 'NONE', *, *, #1385, .T. ) ;
#6219 = ORIENTED_EDGE ( 'NONE', *, *, #1945, .T. ) ;
#6220 = EDGE_CURVE ( 'NONE', #5416, #4350, #3349, .T. ) ;
#6221 = CARTESIAN_POINT ( 'NONE',  ( -0.5000000000000066613, -23.60000000000001563, 3.000000000000000000 ) ) ;
#6222 = ORIENTED_EDGE ( 'NONE', *, *, #3551, .T. ) ;
#6223 = VECTOR ( 'NONE', #1181, 1000.000000000000000 ) ;
#6224 = DIRECTION ( 'NONE',  ( 1.000000000000000000, 1.219727444046193967E-16, 0.000000000000000000 ) ) ;
#6225 = PLANE ( 'NONE',  #1807 ) ;
#6226 = ORIENTED_EDGE ( 'NONE', *, *, #9804, .F. ) ;
#6227 = FACE_BOUND ( 'NONE', #6925, .T. ) ;
#6228 = CYLINDRICAL_SURFACE ( 'NONE', #1327, 1.000000000000000000 ) ;
#6229 = EDGE_CURVE ( 'NONE', #5387, #4642, #10397, .T. ) ;
#6230 = DIRECTION ( 'NONE',  ( -0.000000000000000000, -1.000000000000000000, 0.000000000000000000 ) ) ;
#6231 = VECTOR ( 'NONE', #4352, 1000.000000000000000 ) ;
#6232 = DIRECTION ( 'NONE',  ( 0.000000000000000000, 1.000000000000000000, 0.000000000000000000 ) ) ;
#6233 = ADVANCED_FACE ( 'NONE', ( #5608 ), #3176, .F. ) ;
#6234 = ORIENTED_EDGE ( 'NONE', *, *, #7620, .T. ) ;
#6235 = VERTEX_POINT ( 'NONE', #3723 ) ;
#6236 = VERTEX_POINT ( 'NONE', #5867 ) ;
#6237 = CARTESIAN_POINT ( 'NONE',  ( 15.49999999999999645, -38.60000000000002274, 1.000000000000000888 ) ) ;
#6238 = CARTESIAN_POINT ( 'NONE',  ( 48.00000000000001421, -160.5999999999999943, -4.000000000000000000 ) ) ;
#6239 = CARTESIAN_POINT ( 'NONE',  ( 19.49999999999999289, -135.5999999999999943, 1.000000000000000888 ) ) ;
#6240 = DIRECTION ( 'NONE',  ( -0.000000000000000000, -0.000000000000000000, 1.000000000000000000 ) ) ;
#6241 = DIRECTION ( 'NONE',  ( 0.000000000000000000, 0.000000000000000000, 1.000000000000000000 ) ) ;
#6242 = CYLINDRICAL_SURFACE ( 'NONE', #11450, 0.5000000000000000000 ) ;
#6243 = DIRECTION ( 'NONE',  ( 1.000000000000000000, -0.000000000000000000, 0.000000000000000000 ) ) ;
#6244 = CARTESIAN_POINT ( 'NONE',  ( 35.50000000000000000, 26.89999999999999858, 0.5000000000000000000 ) ) ;
#6245 = ADVANCED_FACE ( 'NONE', ( #1421 ), #6036, .F. ) ;
#6246 = DIRECTION ( 'NONE',  ( 0.000000000000000000, -0.000000000000000000, -1.000000000000000000 ) ) ;
#6247 = ORIENTED_EDGE ( 'NONE', *, *, #10358, .F. ) ;
#6248 = ORIENTED_EDGE ( 'NONE', *, *, #3705, .T. ) ;
#6249 = VECTOR ( 'NONE', #9831, 1000.000000000000000 ) ;
#6250 = CARTESIAN_POINT ( 'NONE',  ( 0.000000000000000000, 6.949999999999999289, -7.799999999999999822 ) ) ;
#6251 = ORIENTED_EDGE ( 'NONE', *, *, #302, .T. ) ;
#6252 = EDGE_CURVE ( 'NONE', #4174, #8590, #10449, .T. ) ;
#6253 = FACE_OUTER_BOUND ( 'NONE', #573, .T. ) ;
#6254 = DIRECTION ( 'NONE',  ( -1.000000000000000000, 0.000000000000000000, 0.000000000000000000 ) ) ;
#6255 = ORIENTED_EDGE ( 'NONE', *, *, #9740, .T. ) ;
#6256 = DIRECTION ( 'NONE',  ( 0.000000000000000000, -0.000000000000000000, 1.000000000000000000 ) ) ;
#6257 = VERTEX_POINT ( 'NONE', #5978 ) ;
#6258 = DIRECTION ( 'NONE',  ( 1.000000000000000000, -6.769652589177779935E-16, 0.000000000000000000 ) ) ;
#6259 = EDGE_CURVE ( 'NONE', #10745, #5175, #831, .T. ) ;
#6260 = DIRECTION ( 'NONE',  ( -1.000000000000000000, 0.000000000000000000, 0.000000000000000000 ) ) ;
#6261 = ORIENTED_EDGE ( 'NONE', *, *, #1090, .T. ) ;
#6262 = CARTESIAN_POINT ( 'NONE',  ( 19.49999999999999289, -120.6000000000000085, 1.000000000000000888 ) ) ;
#6263 = ORIENTED_EDGE ( 'NONE', *, *, #4065, .F. ) ;
#6264 = AXIS2_PLACEMENT_3D ( 'NONE', #6735, #3052, #4755 ) ;
#6265 = EDGE_CURVE ( 'NONE', #353, #11361, #2584, .T. ) ;
#6266 = CARTESIAN_POINT ( 'NONE',  ( 39.49999999999999289, -50.60000000000002274, -14.00099999999999945 ) ) ;
#6267 = CARTESIAN_POINT ( 'NONE',  ( 57.00000000000000000, 0.000000000000000000, 1.000000000000000000 ) ) ;
#6268 = ORIENTED_EDGE ( 'NONE', *, *, #5607, .F. ) ;
#6269 = CARTESIAN_POINT ( 'NONE',  ( -0.2999999999999929945, 5.950000000000000178, -1.000000000000000000 ) ) ;
#6270 = FACE_OUTER_BOUND ( 'NONE', #8391, .T. ) ;
#6271 = ORIENTED_EDGE ( 'NONE', *, *, #4633, .T. ) ;
#6272 = DIRECTION ( 'NONE',  ( 0.000000000000000000, -1.000000000000000000, 0.000000000000000000 ) ) ;
#6273 = DIRECTION ( 'NONE',  ( 0.000000000000000000, 0.000000000000000000, 1.000000000000000000 ) ) ;
#6274 = LINE ( 'NONE', #9860, #4285 ) ;
#6275 = VERTEX_POINT ( 'NONE', #2474 ) ;
#6276 = VERTEX_POINT ( 'NONE', #7922 ) ;
#6277 = EDGE_LOOP ( 'NONE', ( #8, #7139, #7104, #755, #2724 ) ) ;
#6278 = DIRECTION ( 'NONE',  ( -1.000000000000000000, 0.000000000000000000, 0.000000000000000000 ) ) ;
#6279 = ORIENTED_EDGE ( 'NONE', *, *, #9888, .F. ) ;
#6280 = CARTESIAN_POINT ( 'NONE',  ( 35.50000000000000000, -50.60000000000002274, 1.000000000000000888 ) ) ;
#6281 = LINE ( 'NONE', #11572, #6299 ) ;
#6282 = EDGE_LOOP ( 'NONE', ( #2341, #2596, #195, #1987 ) ) ;
#6283 = FACE_BOUND ( 'NONE', #1982, .T. ) ;
#6284 = CARTESIAN_POINT ( 'NONE',  ( 55.49999999999999289, -26.60000000000001918, 1.000000000000000888 ) ) ;
#6285 = CARTESIAN_POINT ( 'NONE',  ( 19.49999999999999645, -50.60000000000002274, 1.000000000000000888 ) ) ;
#6286 = ADVANCED_FACE ( 'NONE', ( #6089 ), #8734, .F. ) ;
#6287 = CARTESIAN_POINT ( 'NONE',  ( -3.265688774807065098, 6.949999999999999289, 0.000000000000000000 ) ) ;
#6288 = ADVANCED_FACE ( 'NONE', ( #11333 ), #7099, .T. ) ;
#6289 = ADVANCED_FACE ( 'NONE', ( #8681 ), #1705, .F. ) ;
#6290 = AXIS2_PLACEMENT_3D ( 'NONE', #10843, #5559, #3555 ) ;
#6291 = ORIENTED_EDGE ( 'NONE', *, *, #6220, .T. ) ;
#6292 = VERTEX_POINT ( 'NONE', #11562 ) ;
#6293 = EDGE_LOOP ( 'NONE', ( #10130, #10680, #1488, #940 ) ) ;
#6294 = CARTESIAN_POINT ( 'NONE',  ( 35.49999999999999289, -126.5999999999999943, -14.00099999999999945 ) ) ;
#6295 = FACE_OUTER_BOUND ( 'NONE', #9129, .T. ) ;
#6296 = DIRECTION ( 'NONE',  ( 1.231756314303058296E-16, 1.000000000000000000, -0.000000000000000000 ) ) ;
#6297 = LINE ( 'NONE', #5423, #997 ) ;
#6298 = EDGE_CURVE ( 'NONE', #8256, #2912, #3290, .T. ) ;
#6299 = VECTOR ( 'NONE', #6990, 1000.000000000000000 ) ;
#6300 = CARTESIAN_POINT ( 'NONE',  ( 15.49999999999999289, -123.6000000000000085, 3.000000000000000000 ) ) ;
#6301 = DIRECTION ( 'NONE',  ( 1.000000000000000000, 0.000000000000000000, 0.000000000000000000 ) ) ;
#6302 = PLANE ( 'NONE',  #11389 ) ;
#6303 = CARTESIAN_POINT ( 'NONE',  ( 39.49999999999998579, -17.60000000000001918, 3.000000000000000000 ) ) ;
#6304 = FACE_OUTER_BOUND ( 'NONE', #2192, .T. ) ;
#6305 = ORIENTED_EDGE ( 'NONE', *, *, #1571, .T. ) ;
#6306 = ORIENTED_EDGE ( 'NONE', *, *, #8798, .F. ) ;
#6307 = CIRCLE ( 'NONE', #5578, 5.000000000000000000 ) ;
#6308 = CARTESIAN_POINT ( 'NONE',  ( 15.49999999999999645, -153.6000000000000227, 1.000000000000000888 ) ) ;
#6309 = CARTESIAN_POINT ( 'NONE',  ( 59.99999999999998579, 31.39999999999999858, 1.000000000000000000 ) ) ;
#6310 = DIRECTION ( 'NONE',  ( -1.000000000000000000, 0.000000000000000000, 0.000000000000000000 ) ) ;
#6311 = ADVANCED_FACE ( 'NONE', ( #3513 ), #658, .F. ) ;
#6312 = CARTESIAN_POINT ( 'NONE',  ( -0.5000000000000059952, -132.5999999999999943, 1.000000000000000888 ) ) ;
#6313 = ORIENTED_EDGE ( 'NONE', *, *, #4513, .T. ) ;
#6314 = ORIENTED_EDGE ( 'NONE', *, *, #2290, .F. ) ;
#6315 = FACE_OUTER_BOUND ( 'NONE', #11072, .T. ) ;
#6316 = AXIS2_PLACEMENT_3D ( 'NONE', #1508, #11479, #742 ) ;
#6317 = LINE ( 'NONE', #10849, #8969 ) ;
#6319 = ORIENTED_EDGE ( 'NONE', *, *, #9667, .T. ) ;
#6318 = EDGE_CURVE ( 'NONE', #1180, #3805, #4222, .T. ) ;
#6320 = CARTESIAN_POINT ( 'NONE',  ( -0.5000000000000052180, -35.60000000000002274, 3.000000000000000000 ) ) ;
#6321 = ORIENTED_EDGE ( 'NONE', *, *, #10912, .T. ) ;
#6322 = CARTESIAN_POINT ( 'NONE',  ( 35.49999999999999289, -14.60000000000001563, 1.000000000000000888 ) ) ;
#6323 = EDGE_CURVE ( 'NONE', #7295, #7905, #2643, .T. ) ;
#6324 = AXIS2_PLACEMENT_3D ( 'NONE', #7645, #6540, #4064 ) ;
#6325 = LINE ( 'NONE', #6267, #4607 ) ;
#6326 = VERTEX_POINT ( 'NONE', #1645 ) ;
#6327 = DIRECTION ( 'NONE',  ( 0.000000000000000000, -0.000000000000000000, -1.000000000000000000 ) ) ;
#6328 = CARTESIAN_POINT ( 'NONE',  ( 35.50000000000000000, -50.60000000000002274, 3.000000000000000000 ) ) ;
#6329 = ORIENTED_EDGE ( 'NONE', *, *, #7123, .T. ) ;
#6330 = VECTOR ( 'NONE', #1456, 1000.000000000000000 ) ;
#6331 = LINE ( 'NONE', #9920, #4323 ) ;
#6332 = CARTESIAN_POINT ( 'NONE',  ( -0.5000000000000038858, -153.6000000000000227, -14.00099999999999945 ) ) ;
#6333 = EDGE_CURVE ( 'NONE', #7446, #604, #601, .T. ) ;
#6334 = VECTOR ( 'NONE', #8640, 1000.000000000000000 ) ;
#6335 = DIRECTION ( 'NONE',  ( 1.000000000000000000, 0.000000000000000000, 0.000000000000000000 ) ) ;
#6336 = VERTEX_POINT ( 'NONE', #11390 ) ;
#6337 = VECTOR ( 'NONE', #9076, 1000.000000000000000 ) ;
#6338 = ORIENTED_EDGE ( 'NONE', *, *, #10493, .T. ) ;
#6339 = VERTEX_POINT ( 'NONE', #3401 ) ;
#6340 = PLANE ( 'NONE',  #34 ) ;
#6341 = ORIENTED_EDGE ( 'NONE', *, *, #463, .T. ) ;
#6342 = AXIS2_PLACEMENT_3D ( 'NONE', #7551, #3852, #11079 ) ;
#6343 = PLANE ( 'NONE',  #3236 ) ;
#6344 = DIRECTION ( 'NONE',  ( 0.000000000000000000, 0.000000000000000000, -1.000000000000000000 ) ) ;
#6345 = ORIENTED_EDGE ( 'NONE', *, *, #4572, .F. ) ;
#6346 = DIRECTION ( 'NONE',  ( 0.000000000000000000, -0.000000000000000000, 1.000000000000000000 ) ) ;
#6347 = VECTOR ( 'NONE', #64, 1000.000000000000000 ) ;
#6348 = PLANE ( 'NONE',  #7320 ) ;
#6349 = DIRECTION ( 'NONE',  ( -0.000000000000000000, -1.000000000000000000, -0.000000000000000000 ) ) ;
#6350 = EDGE_CURVE ( 'NONE', #1352, #3090, #3345, .T. ) ;
#6351 = AXIS2_PLACEMENT_3D ( 'NONE', #7274, #2008, #10866 ) ;
#6352 = EDGE_LOOP ( 'NONE', ( #5397, #9857, #10515, #3025 ) ) ;
#6353 = ORIENTED_EDGE ( 'NONE', *, *, #3771, .F. ) ;
#6354 = VECTOR ( 'NONE', #9336, 1000.000000000000000 ) ;
#6355 = VERTEX_POINT ( 'NONE', #1592 ) ;
#6356 = EDGE_CURVE ( 'NONE', #2236, #2133, #5160, .T. ) ;
#6357 = CARTESIAN_POINT ( 'NONE',  ( 0.000000000000000000, 6.949999999999999289, -13.00000000000000000 ) ) ;
#6358 = DIRECTION ( 'NONE',  ( 1.000000000000000000, -0.000000000000000000, 0.000000000000000000 ) ) ;
#6359 = PLANE ( 'NONE',  #5013 ) ;
#6360 = EDGE_CURVE ( 'NONE', #3805, #9603, #2528, .T. ) ;
#6361 = DIRECTION ( 'NONE',  ( 0.000000000000000000, 0.000000000000000000, 1.000000000000000000 ) ) ;
#6362 = EDGE_CURVE ( 'NONE', #7446, #10120, #1062, .T. ) ;
#6363 = VECTOR ( 'NONE', #11151, 1000.000000000000000 ) ;
#6364 = CARTESIAN_POINT ( 'NONE',  ( 19.49999999999999289, -20.60000000000002274, 3.000000000000000000 ) ) ;
#6365 = FACE_OUTER_BOUND ( 'NONE', #1920, .T. ) ;
#6366 = DIRECTION ( 'NONE',  ( -0.000000000000000000, -0.000000000000000000, 1.000000000000000000 ) ) ;
#6367 = DIRECTION ( 'NONE',  ( 0.000000000000000000, 0.000000000000000000, -1.000000000000000000 ) ) ;
#6368 = VECTOR ( 'NONE', #6878, 1000.000000000000000 ) ;
#6369 = DIRECTION ( 'NONE',  ( 0.000000000000000000, -0.000000000000000000, -1.000000000000000000 ) ) ;
#6370 = ORIENTED_EDGE ( 'NONE', *, *, #840, .T. ) ;
#6371 = EDGE_CURVE ( 'NONE', #6515, #5283, #5522, .T. ) ;
#6372 = ORIENTED_EDGE ( 'NONE', *, *, #7175, .T. ) ;
#6373 = CARTESIAN_POINT ( 'NONE',  ( 59.00000000000001421, 30.39999999999999858, 1.000000000000000000 ) ) ;
#6374 = LINE ( 'NONE', #283, #4627 ) ;
#6375 = CARTESIAN_POINT ( 'NONE',  ( 40.92976288113995054, 10.44999999999999929, 19.08586187794364974 ) ) ;
#6376 = LINE ( 'NONE', #166, #8358 ) ;
#6377 = ORIENTED_EDGE ( 'NONE', *, *, #6104, .F. ) ;
#6378 = LINE ( 'NONE', #3736, #1636 ) ;
#6379 = ORIENTED_EDGE ( 'NONE', *, *, #222, .F. ) ;
#6380 = CARTESIAN_POINT ( 'NONE',  ( 39.49999999999999289, -35.60000000000002274, 1.000000000000000888 ) ) ;
#6381 = LINE ( 'NONE', #5444, #3908 ) ;
#6382 = EDGE_LOOP ( 'NONE', ( #324, #11211, #9233, #907 ) ) ;
#6383 = VECTOR ( 'NONE', #4644, 1000.000000000000000 ) ;
#6384 = EDGE_CURVE ( 'NONE', #9710, #9059, #4577, .T. ) ;
#6385 = CARTESIAN_POINT ( 'NONE',  ( 0.2000000000000065059, 17.44999999999999929, 1.000000000000000000 ) ) ;
#6386 = ORIENTED_EDGE ( 'NONE', *, *, #860, .F. ) ;
#6387 = CARTESIAN_POINT ( 'NONE',  ( 19.49999999999999289, -23.60000000000001563, 3.000000000000000000 ) ) ;
#6388 = ORIENTED_EDGE ( 'NONE', *, *, #7079, .F. ) ;
#6389 = AXIS2_PLACEMENT_3D ( 'NONE', #2881, #3573, #2641 ) ;
#6390 = CARTESIAN_POINT ( 'NONE',  ( 35.49999999999999289, -120.6000000000000085, 3.000000000000000000 ) ) ;
#6391 = LINE ( 'NONE', #1946, #9704 ) ;
#6392 = ORIENTED_EDGE ( 'NONE', *, *, #6405, .F. ) ;
#6393 = CIRCLE ( 'NONE', #3031, 3.000000000000000000 ) ;
#6394 = DIRECTION ( 'NONE',  ( 0.000000000000000000, 0.000000000000000000, -1.000000000000000000 ) ) ;
#6395 = CARTESIAN_POINT ( 'NONE',  ( 35.49999999999999289, -135.5999999999999943, -14.00099999999999945 ) ) ;
#6396 = EDGE_CURVE ( 'NONE', #8517, #10470, #10805, .T. ) ;
#6397 = DIRECTION ( 'NONE',  ( -0.000000000000000000, -0.000000000000000000, 1.000000000000000000 ) ) ;
#6398 = EDGE_LOOP ( 'NONE', ( #4592, #145, #1014, #10483 ) ) ;
#6399 = AXIS2_PLACEMENT_3D ( 'NONE', #10507, #2357, #5915 ) ;
#6400 = EDGE_LOOP ( 'NONE', ( #7379, #2267 ) ) ;
#6401 = CIRCLE ( 'NONE', #5269, 1.549999999999995826 ) ;
#6402 = ORIENTED_EDGE ( 'NONE', *, *, #9310, .T. ) ;
#6403 = DIRECTION ( 'NONE',  ( 0.000000000000000000, -1.000000000000000000, 0.000000000000000000 ) ) ;
#6404 = VERTEX_POINT ( 'NONE', #9043 ) ;
#6405 = EDGE_CURVE ( 'NONE', #4019, #9999, #9098, .T. ) ;
#6406 = CARTESIAN_POINT ( 'NONE',  ( -4.000000000000003553, -160.6000000000000227, 1.000000000000000000 ) ) ;
#6407 = DIRECTION ( 'NONE',  ( -1.000000000000000000, 0.000000000000000000, 0.000000000000000000 ) ) ;
#6408 = ORIENTED_EDGE ( 'NONE', *, *, #5131, .T. ) ;
#6409 = AXIS2_PLACEMENT_3D ( 'NONE', #4440, #2628, #8778 ) ;
#6410 = FACE_BOUND ( 'NONE', #11308, .T. ) ;
#6411 = VECTOR ( 'NONE', #11412, 1000.000000000000000 ) ;
#6412 = CARTESIAN_POINT ( 'NONE',  ( 54.69999999999999574, 11.44999999999999929, 1.000000000000000000 ) ) ;
#6413 = DIRECTION ( 'NONE',  ( -0.000000000000000000, -0.000000000000000000, 1.000000000000000000 ) ) ;
#6414 = EDGE_CURVE ( 'NONE', #2744, #1266, #2939, .T. ) ;
#6415 = AXIS2_PLACEMENT_3D ( 'NONE', #8662, #3436, #636 ) ;
#6416 = EDGE_LOOP ( 'NONE', ( #5050, #10914, #4219, #3726, #8853, #8362, #4508, #9743 ) ) ;
#6417 = CIRCLE ( 'NONE', #2866, 3.799999999999999822 ) ;
#6418 = VERTEX_POINT ( 'NONE', #8152 ) ;
#6419 = VERTEX_POINT ( 'NONE', #9159 ) ;
#6420 = CARTESIAN_POINT ( 'NONE',  ( 39.49999999999999289, -141.5999999999999943, 3.000000000000000000 ) ) ;
#6421 = CARTESIAN_POINT ( 'NONE',  ( 55.49999999999999289, -147.6000000000000227, 1.000000000000000888 ) ) ;
#6422 = PLANE ( 'NONE',  #2766 ) ;
#6423 = EDGE_CURVE ( 'NONE', #9630, #9999, #3752, .T. ) ;
#6424 = FACE_OUTER_BOUND ( 'NONE', #1965, .T. ) ;
#6425 = DIRECTION ( 'NONE',  ( 0.000000000000000000, 1.000000000000000000, -0.000000000000000000 ) ) ;
#6426 = FACE_OUTER_BOUND ( 'NONE', #8090, .T. ) ;
#6427 = DIRECTION ( 'NONE',  ( 1.000000000000000000, -0.000000000000000000, 0.000000000000000000 ) ) ;
#6428 = PLANE ( 'NONE',  #9819 ) ;
#6429 = DIRECTION ( 'NONE',  ( -1.000000000000000000, 0.000000000000000000, 0.000000000000000000 ) ) ;
#6430 = EDGE_LOOP ( 'NONE', ( #2839, #812, #438, #7146 ) ) ;
#6431 = VERTEX_POINT ( 'NONE', #1124 ) ;
#6432 = VECTOR ( 'NONE', #7518, 1000.000000000000000 ) ;
#6433 = VERTEX_POINT ( 'NONE', #10984 ) ;
#6434 = CARTESIAN_POINT ( 'NONE',  ( -3.000000000000004441, 11.44999999999999929, 0.9539392014169466583 ) ) ;
#6435 = CARTESIAN_POINT ( 'NONE',  ( -7.999999999999981348, -164.6000000000000227, 3.000000000000000000 ) ) ;
#6436 = CARTESIAN_POINT ( 'NONE',  ( 55.49999999999999289, -38.60000000000002274, 1.000000000000000000 ) ) ;
#6437 = EDGE_LOOP ( 'NONE', ( #5032, #297, #9741, #6571 ) ) ;
#6438 = DIRECTION ( 'NONE',  ( 0.000000000000000000, -1.000000000000000000, 0.000000000000000000 ) ) ;
#6439 = ORIENTED_EDGE ( 'NONE', *, *, #8213, .T. ) ;
#6440 = EDGE_CURVE ( 'NONE', #4815, #2142, #2419, .T. ) ;
#6441 = DIRECTION ( 'NONE',  ( 1.000000000000000000, 0.000000000000000000, 0.000000000000000000 ) ) ;
#6442 = ORIENTED_EDGE ( 'NONE', *, *, #9594, .T. ) ;
#6443 = EDGE_CURVE ( 'NONE', #1266, #2717, #3691, .T. ) ;
#6444 = EDGE_LOOP ( 'NONE', ( #7046, #2054, #422, #9864, #5679, #11567, #11194 ) ) ;
#6445 = DIRECTION ( 'NONE',  ( 0.000000000000000000, -0.000000000000000000, -1.000000000000000000 ) ) ;
#6446 = CARTESIAN_POINT ( 'NONE',  ( 39.49999999999998579, -20.60000000000002274, -14.00099999999999945 ) ) ;
#6447 = ORIENTED_EDGE ( 'NONE', *, *, #3306, .F. ) ;
#6448 = DIRECTION ( 'NONE',  ( -0.000000000000000000, -0.000000000000000000, 1.000000000000000000 ) ) ;
#6449 = EDGE_CURVE ( 'NONE', #8195, #10628, #10038, .T. ) ;
#6450 = DIRECTION ( 'NONE',  ( -0.000000000000000000, -1.000000000000000000, -0.000000000000000000 ) ) ;
#6451 = ORIENTED_EDGE ( 'NONE', *, *, #4821, .F. ) ;
#6452 = DIRECTION ( 'NONE',  ( -1.000000000000000000, 0.000000000000000000, 0.000000000000000000 ) ) ;
#6453 = DIRECTION ( 'NONE',  ( 0.000000000000000000, 1.000000000000000000, -0.000000000000000000 ) ) ;
#6454 = CARTESIAN_POINT ( 'NONE',  ( 28.50000000000000000, 0.2000000000000000111, 0.5000000000000000000 ) ) ;
#6455 = VECTOR ( 'NONE', #10685, 1000.000000000000000 ) ;
#6456 = ORIENTED_EDGE ( 'NONE', *, *, #8843, .F. ) ;
#6457 = ORIENTED_EDGE ( 'NONE', *, *, #10937, .T. ) ;
#6458 = ORIENTED_EDGE ( 'NONE', *, *, #1996, .F. ) ;
#6459 = LINE ( 'NONE', #8987, #9027 ) ;
#6460 = VERTEX_POINT ( 'NONE', #3575 ) ;
#6461 = CARTESIAN_POINT ( 'NONE',  ( -1.300000000000000044, 18.45000000000000284, -1.000000000000000000 ) ) ;
#6462 = EDGE_CURVE ( 'NONE', #3397, #5639, #7, .T. ) ;
#6463 = CARTESIAN_POINT ( 'NONE',  ( -5.612990610166999102E-15, 25.39999999999999858, 1.000000000000000000 ) ) ;
#6464 = VERTEX_POINT ( 'NONE', #2069 ) ;
#6465 = CARTESIAN_POINT ( 'NONE',  ( 15.49999999999999289, -11.60000000000001386, 3.000000000000000000 ) ) ;
#6466 = CARTESIAN_POINT ( 'NONE',  ( 2.500000000000000000, 23.09999999999999787, 0.5000000000000000000 ) ) ;
#6467 = DIRECTION ( 'NONE',  ( 1.000000000000000000, -0.000000000000000000, 0.000000000000000000 ) ) ;
#6468 = ADVANCED_FACE ( 'NONE', ( #7160 ), #1887, .T. ) ;
#6469 = VERTEX_POINT ( 'NONE', #2824 ) ;
#6470 = ORIENTED_EDGE ( 'NONE', *, *, #6913, .F. ) ;
#6471 = ORIENTED_EDGE ( 'NONE', *, *, #6360, .F. ) ;
#6472 = FACE_OUTER_BOUND ( 'NONE', #3587, .T. ) ;
#6473 = DIRECTION ( 'NONE',  ( 0.000000000000000000, 1.000000000000000000, 0.000000000000000000 ) ) ;
#6474 = CARTESIAN_POINT ( 'NONE',  ( 57.20000000000000284, 17.44999999999999929, -14.00000000000000000 ) ) ;
#6475 = DIRECTION ( 'NONE',  ( 0.000000000000000000, 1.000000000000000000, -0.000000000000000000 ) ) ;
#6476 = EDGE_CURVE ( 'NONE', #1180, #8127, #8210, .T. ) ;
#6477 = FACE_OUTER_BOUND ( 'NONE', #8723, .T. ) ;
#6478 = CARTESIAN_POINT ( 'NONE',  ( 51.20000000000000284, -0.2999999999999999889, 0.5000000000000000000 ) ) ;
#6479 = LINE ( 'NONE', #5604, #9328 ) ;
#6480 = CARTESIAN_POINT ( 'NONE',  ( 19.49999999999999289, -26.60000000000001918, 3.000000000000000000 ) ) ;
#6481 = DIRECTION ( 'NONE',  ( 0.000000000000000000, 1.000000000000000000, -0.000000000000000000 ) ) ;
#6482 = ORIENTED_EDGE ( 'NONE', *, *, #40, .T. ) ;
#6483 = EDGE_CURVE ( 'NONE', #3297, #4395, #5460, .T. ) ;
#6484 = ORIENTED_EDGE ( 'NONE', *, *, #11427, .T. ) ;
#6485 = EDGE_LOOP ( 'NONE', ( #9608, #2348, #2795, #7500 ) ) ;
#6486 = VECTOR ( 'NONE', #9992, 1000.000000000000000 ) ;
#6487 = SHAPE_DEFINITION_REPRESENTATION ( #7289, #460 ) ;
#6488 = LINE ( 'NONE', #10071, #10434 ) ;
#6489 = DIRECTION ( 'NONE',  ( 1.000000000000000000, 0.000000000000000000, 0.000000000000000000 ) ) ;
#6490 = CARTESIAN_POINT ( 'NONE',  ( 39.49999999999999289, -135.5999999999999943, 1.000000000000000888 ) ) ;
#6491 = ORIENTED_EDGE ( 'NONE', *, *, #10270, .F. ) ;
#6492 = ORIENTED_EDGE ( 'NONE', *, *, #5788, .T. ) ;
#6493 = DIRECTION ( 'NONE',  ( -0.000000000000000000, -0.000000000000000000, -1.000000000000000000 ) ) ;
#6494 = ORIENTED_EDGE ( 'NONE', *, *, #8436, .T. ) ;
#6495 = EDGE_CURVE ( 'NONE', #7699, #8626, #4458, .T. ) ;
#6496 = ORIENTED_EDGE ( 'NONE', *, *, #7864, .T. ) ;
#6497 = CARTESIAN_POINT ( 'NONE',  ( 39.49999999999998579, -123.6000000000000085, 3.000000000000000000 ) ) ;
#6498 = CARTESIAN_POINT ( 'NONE',  ( -0.5000000000000059952, -32.60000000000001563, 3.000000000000000000 ) ) ;
#6499 = EDGE_CURVE ( 'NONE', #620, #10880, #6274, .T. ) ;
#6500 = DIRECTION ( 'NONE',  ( 0.000000000000000000, 1.000000000000000000, 0.000000000000000000 ) ) ;
#6501 = ORIENTED_EDGE ( 'NONE', *, *, #3566, .T. ) ;
#6502 = EDGE_CURVE ( 'NONE', #6052, #5587, #5396, .T. ) ;
#6503 = ADVANCED_FACE ( 'NONE', ( #4518 ), #70, .T. ) ;
#6504 = DIRECTION ( 'NONE',  ( 0.000000000000000000, 0.000000000000000000, -1.000000000000000000 ) ) ;
#6505 = ORIENTED_EDGE ( 'NONE', *, *, #3488, .F. ) ;
#6506 = CIRCLE ( 'NONE', #4066, 1.549999999999995826 ) ;
#6507 = CARTESIAN_POINT ( 'NONE',  ( 55.50000000000000000, 18.45000000000000284, 3.000000000000000000 ) ) ;
#6508 = CARTESIAN_POINT ( 'NONE',  ( 57.20000000000000284, 17.44999999999999929, -14.00000000000000000 ) ) ;
#6509 = CARTESIAN_POINT ( 'NONE',  ( -0.5000000000000045519, -44.60000000000002274, 1.000000000000000888 ) ) ;
#6510 = DIRECTION ( 'NONE',  ( -1.000000000000000000, -0.000000000000000000, -0.000000000000000000 ) ) ;
#6511 = ORIENTED_EDGE ( 'NONE', *, *, #273, .F. ) ;
#6512 = EDGE_CURVE ( 'NONE', #2820, #378, #3220, .T. ) ;
#6513 = VECTOR ( 'NONE', #4716, 1000.000000000000000 ) ;
#6514 = ORIENTED_EDGE ( 'NONE', *, *, #1385, .F. ) ;
#6515 = VERTEX_POINT ( 'NONE', #304 ) ;
#6516 = DIRECTION ( 'NONE',  ( 0.000000000000000000, 1.000000000000000000, 0.000000000000000000 ) ) ;
#6517 = VECTOR ( 'NONE', #9854, 999.9999999999998863 ) ;
#6518 = ORIENTED_EDGE ( 'NONE', *, *, #2706, .F. ) ;
#6519 = FACE_OUTER_BOUND ( 'NONE', #2619, .T. ) ;
#6520 = CARTESIAN_POINT ( 'NONE',  ( -0.5000000000000038858, -153.6000000000000227, 1.000000000000000888 ) ) ;
#6521 = ORIENTED_EDGE ( 'NONE', *, *, #10239, .T. ) ;
#6522 = FACE_BOUND ( 'NONE', #5800, .T. ) ;
#6523 = DIRECTION ( 'NONE',  ( 1.000000000000000000, 0.000000000000000000, 0.000000000000000000 ) ) ;
#6524 = VECTOR ( 'NONE', #7720, 1000.000000000000114 ) ;
#6525 = CARTESIAN_POINT ( 'NONE',  ( 6.999999999999992006, 29.39999999999999503, 1.000000000000000000 ) ) ;
#6526 = VECTOR ( 'NONE', #10142, 1000.000000000000000 ) ;
#6527 = AXIS2_PLACEMENT_3D ( 'NONE', #2832, #1071, #135 ) ;
#6528 = EDGE_CURVE ( 'NONE', #9344, #1805, #9218, .T. ) ;
#6529 = ORIENTED_EDGE ( 'NONE', *, *, #3683, .T. ) ;
#6530 = VECTOR ( 'NONE', #6260, 1000.000000000000000 ) ;
#6531 = ORIENTED_EDGE ( 'NONE', *, *, #6879, .F. ) ;
#6532 = ORIENTED_EDGE ( 'NONE', *, *, #9301, .F. ) ;
#6533 = CARTESIAN_POINT ( 'NONE',  ( -0.5000000000000079936, -114.6000000000000085, 1.000000000000000888 ) ) ;
#6534 = CARTESIAN_POINT ( 'NONE',  ( 55.49999999999999289, -50.60000000000002274, -14.00099999999999945 ) ) ;
#6535 = EDGE_LOOP ( 'NONE', ( #4450, #1701, #9739, #2871 ) ) ;
#6536 = CIRCLE ( 'NONE', #364, 4.299999999999998046 ) ;
#6537 = CARTESIAN_POINT ( 'NONE',  ( 35.49999999999999289, -29.60000000000001563, 1.000000000000000888 ) ) ;
#6538 = CARTESIAN_POINT ( 'NONE',  ( 48.00000000000001421, -159.6000000000000227, -4.000000000000000000 ) ) ;
#6539 = DIRECTION ( 'NONE',  ( 1.000000000000000000, 0.000000000000000000, 0.000000000000000000 ) ) ;
#6540 = DIRECTION ( 'NONE',  ( 7.228014483236699514E-17, -1.000000000000000000, 0.000000000000000000 ) ) ;
#6541 = DIRECTION ( 'NONE',  ( 1.000000000000000000, 4.663235150475320108E-17, 0.000000000000000000 ) ) ;
#6542 = VECTOR ( 'NONE', #11448, 1000.000000000000000 ) ;
#6543 = PLANE ( 'NONE',  #5782 ) ;
#6544 = EDGE_LOOP ( 'NONE', ( #10455, #7218, #7754, #7915 ) ) ;
#6545 = AXIS2_PLACEMENT_3D ( 'NONE', #6821, #10291, #2371 ) ;
#6546 = EDGE_CURVE ( 'NONE', #4757, #5863, #10383, .T. ) ;
#6547 = ORIENTED_EDGE ( 'NONE', *, *, #4967, .F. ) ;
#6548 = EDGE_LOOP ( 'NONE', ( #6040, #3565, #7529, #8738, #4344, #8539 ) ) ;
#6549 = DIRECTION ( 'NONE',  ( 1.000000000000000000, 0.000000000000000000, 0.000000000000000000 ) ) ;
#6550 = VECTOR ( 'NONE', #10714, 1000.000000000000000 ) ;
#6551 = PLANE ( 'NONE',  #5487 ) ;
#6552 = PLANE ( 'NONE',  #9855 ) ;
#6553 = ADVANCED_FACE ( 'NONE', ( #7454 ), #11043, .F. ) ;
#6554 = CARTESIAN_POINT ( 'NONE',  ( 19.50000000000000000, 0.000000000000000000, -13.00000000000000000 ) ) ;
#6555 = ORIENTED_EDGE ( 'NONE', *, *, #9252, .T. ) ;
#6556 = DIRECTION ( 'NONE',  ( -0.000000000000000000, -0.000000000000000000, 1.000000000000000000 ) ) ;
#6557 = ORIENTED_EDGE ( 'NONE', *, *, #10279, .T. ) ;
#6558 = EDGE_CURVE ( 'NONE', #9046, #2941, #11201, .T. ) ;
#6559 = ORIENTED_EDGE ( 'NONE', *, *, #4456, .T. ) ;
#6560 = CARTESIAN_POINT ( 'NONE',  ( 19.50000000000000000, 0.000000000000000000, -7.799999999999999822 ) ) ;
#6561 = FACE_BOUND ( 'NONE', #3697, .T. ) ;
#6562 = VERTEX_POINT ( 'NONE', #8441 ) ;
#6563 = EDGE_CURVE ( 'NONE', #7234, #2934, #5854, .T. ) ;
#6564 = CYLINDRICAL_SURFACE ( 'NONE', #8012, 0.5000000000000000000 ) ;
#6565 = VERTEX_POINT ( 'NONE', #2127 ) ;
#6566 = CARTESIAN_POINT ( 'NONE',  ( -5.000000000000002665, 31.39999999999999858, 1.000000000000000000 ) ) ;
#6567 = LINE ( 'NONE', #2937, #420 ) ;
#6568 = DIRECTION ( 'NONE',  ( 1.000000000000000000, 0.000000000000000000, 0.000000000000000000 ) ) ;
#6569 = ORIENTED_EDGE ( 'NONE', *, *, #6579, .T. ) ;
#6570 = EDGE_CURVE ( 'NONE', #8918, #6208, #3160, .T. ) ;
#6571 = ORIENTED_EDGE ( 'NONE', *, *, #22, .T. ) ;
#6572 = CIRCLE ( 'NONE', #1698, 0.5000000000000000000 ) ;
#6573 = CARTESIAN_POINT ( 'NONE',  ( 35.50000000000000000, -1.300000000000000044, 3.000000000000000000 ) ) ;
#6574 = ORIENTED_EDGE ( 'NONE', *, *, #10901, .T. ) ;
#6575 = DIRECTION ( 'NONE',  ( -1.000000000000000000, 0.000000000000000000, 0.000000000000000000 ) ) ;
#6576 = DIRECTION ( 'NONE',  ( 1.000000000000000000, 1.219727444046191995E-16, 0.000000000000000000 ) ) ;
#6577 = ORIENTED_EDGE ( 'NONE', *, *, #8549, .T. ) ;
#6578 = CARTESIAN_POINT ( 'NONE',  ( 55.49999999999999289, -41.60000000000001563, 1.000000000000000888 ) ) ;
#6579 = EDGE_CURVE ( 'NONE', #6078, #8643, #4097, .T. ) ;
#6580 = VECTOR ( 'NONE', #4474, 1000.000000000000000 ) ;
#6581 = PLANE ( 'NONE',  #8455 ) ;
#6582 = VECTOR ( 'NONE', #1536, 1000.000000000000000 ) ;
#6583 = ADVANCED_FACE ( 'NONE', ( #472 ), #3053, .F. ) ;
#6584 = VECTOR ( 'NONE', #6802, 1000.000000000000000 ) ;
#6585 = EDGE_CURVE ( 'NONE', #10120, #10484, #2233, .T. ) ;
#6586 = ORIENTED_EDGE ( 'NONE', *, *, #9403, .T. ) ;
#6587 = ORIENTED_EDGE ( 'NONE', *, *, #2797, .F. ) ;
#6588 = VERTEX_POINT ( 'NONE', #9272 ) ;
#6589 = LINE ( 'NONE', #5706, #2284 ) ;
#6590 = LINE ( 'NONE', #3773, #1353 ) ;
#6591 = EDGE_LOOP ( 'NONE', ( #9820, #8934, #7792, #673 ) ) ;
#6592 = VECTOR ( 'NONE', #1441, 1000.000000000000000 ) ;
#6593 = DIRECTION ( 'NONE',  ( 0.000000000000000000, 0.000000000000000000, -1.000000000000000000 ) ) ;
#6594 = CARTESIAN_POINT ( 'NONE',  ( -0.5000000000000066613, -129.5999999999999943, 3.000000000000000000 ) ) ;
#6595 = LINE ( 'NONE', #1433, #5073 ) ;
#6596 = CARTESIAN_POINT ( 'NONE',  ( 19.50000000000000000, 28.86704589964730161, 1.000000000000000000 ) ) ;
#6597 = EDGE_CURVE ( 'NONE', #5056, #7090, #3990, .T. ) ;
#6598 = AXIS2_PLACEMENT_3D ( 'NONE', #2058, #5785, #464 ) ;
#6599 = CARTESIAN_POINT ( 'NONE',  ( 19.49999999999999289, -20.60000000000002274, -14.00099999999999945 ) ) ;
#6600 = AXIS2_PLACEMENT_3D ( 'NONE', #8058, #8702, #11527 ) ;
#6601 = VERTEX_POINT ( 'NONE', #5739 ) ;
#6602 = VERTEX_POINT ( 'NONE', #1237 ) ;
#6603 = ORIENTED_EDGE ( 'NONE', *, *, #10377, .F. ) ;
#6604 = DIRECTION ( 'NONE',  ( -0.000000000000000000, -0.000000000000000000, 1.000000000000000000 ) ) ;
#6605 = LINE ( 'NONE', #1099, #10734 ) ;
#6606 = CARTESIAN_POINT ( 'NONE',  ( 15.49999999999999645, -141.5999999999999943, 1.000000000000000000 ) ) ;
#6607 = PLANE ( 'NONE',  #2396 ) ;
#6608 = ADVANCED_FACE ( 'NONE', ( #6675 ), #528, .F. ) ;
#6609 = CARTESIAN_POINT ( 'NONE',  ( 19.49999999999999289, -132.5999999999999943, -14.00099999999999945 ) ) ;
#6610 = VECTOR ( 'NONE', #6757, 1000.000000000000000 ) ;
#6611 = ORIENTED_EDGE ( 'NONE', *, *, #8989, .T. ) ;
#6612 = ORIENTED_EDGE ( 'NONE', *, *, #6908, .T. ) ;
#6613 = EDGE_CURVE ( 'NONE', #11083, #1332, #7565, .T. ) ;
#6614 = CARTESIAN_POINT ( 'NONE',  ( 55.50000000000000000, 4.000000000000000000, 0.5000000000000000000 ) ) ;
#6615 = DIRECTION ( 'NONE',  ( 0.000000000000000000, 0.000000000000000000, -1.000000000000000000 ) ) ;
#6616 = FACE_BOUND ( 'NONE', #5114, .T. ) ;
#6617 = VERTEX_POINT ( 'NONE', #11260 ) ;
#6618 = DIRECTION ( 'NONE',  ( 1.000000000000000000, 0.000000000000000000, 0.000000000000000000 ) ) ;
#6619 = ADVANCED_FACE ( 'NONE', ( #1186 ), #4756, .F. ) ;
#6620 = ORIENTED_EDGE ( 'NONE', *, *, #3251, .F. ) ;
#6621 = CARTESIAN_POINT ( 'NONE',  ( 58.00000000000000711, 6.949999999999999289, 0.9861780923864235104 ) ) ;
#6622 = DIRECTION ( 'NONE',  ( 0.000000000000000000, 0.000000000000000000, 1.000000000000000000 ) ) ;
#6623 = CARTESIAN_POINT ( 'NONE',  ( -0.5000000000000079936, -117.6000000000000085, -14.00099999999999945 ) ) ;
#6624 = DIRECTION ( 'NONE',  ( -0.000000000000000000, 1.000000000000000000, 0.000000000000000000 ) ) ;
#6625 = ORIENTED_EDGE ( 'NONE', *, *, #6558, .F. ) ;
#6626 = ADVANCED_FACE ( 'NONE', ( #10262 ), #9384, .T. ) ;
#6627 = VECTOR ( 'NONE', #979, 1000.000000000000000 ) ;
#6628 = ORIENTED_EDGE ( 'NONE', *, *, #7967, .T. ) ;
#6629 = CARTESIAN_POINT ( 'NONE',  ( 35.50000000000000000, -138.5999999999999943, 1.000000000000000888 ) ) ;
#6630 = VERTEX_POINT ( 'NONE', #9559 ) ;
#6631 = DIRECTION ( 'NONE',  ( 0.000000000000000000, -1.000000000000000000, 0.000000000000000000 ) ) ;
#6632 = LINE ( 'NONE', #10216, #5400 ) ;
#6633 = ORIENTED_EDGE ( 'NONE', *, *, #5503, .F. ) ;
#6634 = FACE_BOUND ( 'NONE', #1905, .T. ) ;
#6635 = DIRECTION ( 'NONE',  ( 0.9063077870366509359, 0.000000000000000000, 0.4226182617406974429 ) ) ;
#6636 = PLANE ( 'NONE',  #9581 ) ;
#6637 = ORIENTED_EDGE ( 'NONE', *, *, #3011, .F. ) ;
#6638 = EDGE_LOOP ( 'NONE', ( #6639, #4493, #7309, #9514 ) ) ;
#6639 = ORIENTED_EDGE ( 'NONE', *, *, #5726, .T. ) ;
#6640 = DIRECTION ( 'NONE',  ( 0.000000000000000000, 0.000000000000000000, 1.000000000000000000 ) ) ;
#6641 = VECTOR ( 'NONE', #9495, 1000.000000000000000 ) ;
#6642 = DIRECTION ( 'NONE',  ( -0.000000000000000000, -0.000000000000000000, 1.000000000000000000 ) ) ;
#6643 = ORIENTED_EDGE ( 'NONE', *, *, #3136, .T. ) ;
#6644 = PLANE ( 'NONE',  #8288 ) ;
#6645 = DIRECTION ( 'NONE',  ( 1.000000000000000000, 0.000000000000000000, 0.000000000000000000 ) ) ;
#6646 = EDGE_CURVE ( 'NONE', #6588, #8493, #646, .T. ) ;
#6647 = DIRECTION ( 'NONE',  ( 0.000000000000000000, 1.000000000000000000, 0.000000000000000000 ) ) ;
#6648 = CARTESIAN_POINT ( 'NONE',  ( 2.500000000000000000, 2.500000000000000000, 0.5000000000000000000 ) ) ;
#6649 = EDGE_CURVE ( 'NONE', #10067, #9755, #6137, .T. ) ;
#6650 = CARTESIAN_POINT ( 'NONE',  ( 15.49999999999999467, -29.60000000000001563, 3.000000000000000000 ) ) ;
#6651 = VERTEX_POINT ( 'NONE', #3501 ) ;
#6652 = ORIENTED_EDGE ( 'NONE', *, *, #10057, .T. ) ;
#6653 = ORIENTED_EDGE ( 'NONE', *, *, #2898, .F. ) ;
#6654 = EDGE_CURVE ( 'NONE', #8348, #11033, #8847, .T. ) ;
#6655 = DIRECTION ( 'NONE',  ( 0.000000000000000000, 0.000000000000000000, 1.000000000000000000 ) ) ;
#6656 = DIRECTION ( 'NONE',  ( 0.000000000000000000, 1.000000000000000000, 0.000000000000000000 ) ) ;
#6657 = FACE_OUTER_BOUND ( 'NONE', #451, .T. ) ;
#6658 = CARTESIAN_POINT ( 'NONE',  ( 55.49999999999999289, -32.60000000000001563, 1.000000000000000000 ) ) ;
#6659 = CARTESIAN_POINT ( 'NONE',  ( -1.300000000000000044, 18.45000000000000284, 3.000000000000000000 ) ) ;
#6660 = DIRECTION ( 'NONE',  ( 1.000000000000000000, 0.000000000000000000, 0.000000000000000000 ) ) ;
#6661 = CARTESIAN_POINT ( 'NONE',  ( 0.000000000000000000, 10.44999999999999929, -13.00000000000000000 ) ) ;
#6662 = ORIENTED_EDGE ( 'NONE', *, *, #2535, .T. ) ;
#6663 = AXIS2_PLACEMENT_3D ( 'NONE', #6187, #1986, #7315 ) ;
#6664 = EDGE_LOOP ( 'NONE', ( #6529, #11226, #2367, #11449 ) ) ;
#6665 = EDGE_CURVE ( 'NONE', #10441, #8918, #10612, .T. ) ;
#6666 = VECTOR ( 'NONE', #7050, 1000.000000000000000 ) ;
#6667 = CARTESIAN_POINT ( 'NONE',  ( 19.49999999999999645, -153.6000000000000227, -14.00099999999999945 ) ) ;
#6668 = CARTESIAN_POINT ( 'NONE',  ( -0.5000000000000073275, -123.6000000000000085, 1.000000000000000888 ) ) ;
#6669 = FACE_BOUND ( 'NONE', #4728, .T. ) ;
#6670 = VERTEX_POINT ( 'NONE', #5150 ) ;
#6671 = LINE ( 'NONE', #10255, #6886 ) ;
#6672 = ORIENTED_EDGE ( 'NONE', *, *, #1957, .F. ) ;
#6673 = LINE ( 'NONE', #2229, #7901 ) ;
#6674 = CARTESIAN_POINT ( 'NONE',  ( 51.20000000000000284, 4.000000000000000000, 0.5000000000000000000 ) ) ;
#6675 = FACE_OUTER_BOUND ( 'NONE', #3913, .T. ) ;
#6676 = ORIENTED_EDGE ( 'NONE', *, *, #686, .T. ) ;
#6677 = EDGE_CURVE ( 'NONE', #4882, #842, #8422, .T. ) ;
#6678 = ORIENTED_EDGE ( 'NONE', *, *, #2150, .T. ) ;
#6679 = AXIS2_PLACEMENT_3D ( 'NONE', #10131, #3790, #2801 ) ;
#6680 = DIRECTION ( 'NONE',  ( 1.000000000000000000, 0.000000000000000000, 0.000000000000000000 ) ) ;
#6681 = ORIENTED_EDGE ( 'NONE', *, *, #4868, .T. ) ;
#6682 = PLANE ( 'NONE',  #6799 ) ;
#6683 = CYLINDRICAL_SURFACE ( 'NONE', #536, 0.5000000000000000000 ) ;
#6684 = ORIENTED_EDGE ( 'NONE', *, *, #992, .F. ) ;
#6685 = DIRECTION ( 'NONE',  ( 4.313492514189664968E-16, -1.000000000000000000, 0.000000000000000000 ) ) ;
#6686 = ADVANCED_FACE ( 'NONE', ( #11321 ), #820, .F. ) ;
#6687 = FACE_OUTER_BOUND ( 'NONE', #11549, .T. ) ;
#6688 = DIRECTION ( 'NONE',  ( -0.000000000000000000, -0.000000000000000000, -1.000000000000000000 ) ) ;
#6689 = VECTOR ( 'NONE', #1083, 1000.000000000000000 ) ;
#6690 = VERTEX_POINT ( 'NONE', #1691 ) ;
#6691 = ORIENTED_EDGE ( 'NONE', *, *, #4316, .T. ) ;
#6692 = ORIENTED_EDGE ( 'NONE', *, *, #7426, .F. ) ;
#6693 = PLANE ( 'NONE',  #396 ) ;
#6694 = CYLINDRICAL_SURFACE ( 'NONE', #10339, 3.000000000000000000 ) ;
#6695 = LINE ( 'NONE', #10458, #10943 ) ;
#6696 = VECTOR ( 'NONE', #11304, 1000.000000000000000 ) ;
#6697 = ORIENTED_EDGE ( 'NONE', *, *, #1668, .T. ) ;
#6698 = DIRECTION ( 'NONE',  ( 1.000000000000000000, -6.769652589177779935E-16, -0.000000000000000000 ) ) ;
#6699 = EDGE_CURVE ( 'NONE', #159, #7699, #2571, .T. ) ;
#6700 = VECTOR ( 'NONE', #7312, 1000.000000000000000 ) ;
#6701 = DIRECTION ( 'NONE',  ( -0.000000000000000000, -0.000000000000000000, 1.000000000000000000 ) ) ;
#6702 = CARTESIAN_POINT ( 'NONE',  ( -0.5000000000000059952, -135.5999999999999943, 3.000000000000000000 ) ) ;
#6703 = LINE ( 'NONE', #11231, #7040 ) ;
#6704 = VERTEX_POINT ( 'NONE', #3277 ) ;
#6705 = VECTOR ( 'NONE', #2385, 1000.000000000000000 ) ;
#6706 = EDGE_CURVE ( 'NONE', #3307, #1784, #3739, .T. ) ;
#6707 = EDGE_LOOP ( 'NONE', ( #7380, #121, #8570, #3644 ) ) ;
#6708 = EDGE_CURVE ( 'NONE', #8731, #7501, #8611, .T. ) ;
#6709 = CIRCLE ( 'NONE', #6903, 3.799999999999999822 ) ;
#6710 = ORIENTED_EDGE ( 'NONE', *, *, #8877, .F. ) ;
#6711 = CARTESIAN_POINT ( 'NONE',  ( -0.5000000000000059952, -32.60000000000001563, 1.000000000000000888 ) ) ;
#6712 = CARTESIAN_POINT ( 'NONE',  ( 59.99999999999999289, -149.6000000000000227, -4.000000000000000000 ) ) ;
#6713 = VECTOR ( 'NONE', #2884, 1000.000000000000000 ) ;
#6714 = LINE ( 'NONE', #8146, #6139 ) ;
#6715 = DIRECTION ( 'NONE',  ( 1.005636797667715149E-16, 1.000000000000000000, 0.000000000000000000 ) ) ;
#6716 = AXIS2_PLACEMENT_3D ( 'NONE', #5660, #10062, #6645 ) ;
#6717 = EDGE_CURVE ( 'NONE', #6418, #3068, #9615, .T. ) ;
#6718 = CYLINDRICAL_SURFACE ( 'NONE', #4849, 1.549999999999999378 ) ;
#6719 = ORIENTED_EDGE ( 'NONE', *, *, #8435, .F. ) ;
#6720 = ADVANCED_FACE ( 'NONE', ( #10436 ), #4386, .F. ) ;
#6721 = ORIENTED_EDGE ( 'NONE', *, *, #11213, .T. ) ;
#6722 = VECTOR ( 'NONE', #11497, 1000.000000000000000 ) ;
#6723 = EDGE_CURVE ( 'NONE', #4697, #8865, #5791, .T. ) ;
#6724 = LINE ( 'NONE', #11309, #1095 ) ;
#6725 = VECTOR ( 'NONE', #4986, 1000.000000000000000 ) ;
#6726 = CARTESIAN_POINT ( 'NONE',  ( 35.50000000000000000, -38.60000000000002274, -14.00099999999999945 ) ) ;
#6727 = FACE_BOUND ( 'NONE', #6190, .T. ) ;
#6728 = ORIENTED_EDGE ( 'NONE', *, *, #501, .F. ) ;
#6729 = LINE ( 'NONE', #7672, #7633 ) ;
#6730 = ORIENTED_EDGE ( 'NONE', *, *, #9028, .F. ) ;
#6731 = VECTOR ( 'NONE', #7303, 1000.000000000000000 ) ;
#6732 = CARTESIAN_POINT ( 'NONE',  ( 15.49999999999999289, -14.60000000000001563, 3.000000000000000000 ) ) ;
#6733 = CARTESIAN_POINT ( 'NONE',  ( 27.50000000000000000, 26.59164599332849832, -13.00000000000000000 ) ) ;
#6734 = EDGE_CURVE ( 'NONE', #6078, #365, #6850, .T. ) ;
#6735 = CARTESIAN_POINT ( 'NONE',  ( 18.50000000000000000, -1.300000000000000044, 3.000000000000000000 ) ) ;
#6736 = CARTESIAN_POINT ( 'NONE',  ( 18.21999999999999886, 3.875000000000000000, 3.000000000000000000 ) ) ;
#6737 = ORIENTED_EDGE ( 'NONE', *, *, #9770, .T. ) ;
#6738 = FACE_OUTER_BOUND ( 'NONE', #7926, .T. ) ;
#6739 = CARTESIAN_POINT ( 'NONE',  ( 55.49999999999999289, -138.5999999999999943, 1.000000000000000888 ) ) ;
#6740 = ORIENTED_EDGE ( 'NONE', *, *, #9614, .F. ) ;
#6741 = DIRECTION ( 'NONE',  ( 0.000000000000000000, -0.000000000000000000, -1.000000000000000000 ) ) ;
#6742 = CARTESIAN_POINT ( 'NONE',  ( 19.49999999999999289, -26.60000000000001918, -14.00099999999999945 ) ) ;
#6743 = ORIENTED_EDGE ( 'NONE', *, *, #11319, .T. ) ;
#6744 = PLANE ( 'NONE',  #3172 ) ;
#6745 = CARTESIAN_POINT ( 'NONE',  ( 35.50000000000000000, -153.6000000000000227, -14.00099999999999945 ) ) ;
#6746 = EDGE_CURVE ( 'NONE', #10867, #11060, #6023, .T. ) ;
#6747 = CARTESIAN_POINT ( 'NONE',  ( 39.49999999999999289, -29.60000000000001563, -14.00099999999999945 ) ) ;
#6748 = DIRECTION ( 'NONE',  ( 0.000000000000000000, 0.000000000000000000, -1.000000000000000000 ) ) ;
#6749 = VECTOR ( 'NONE', #4891, 1000.000000000000000 ) ;
#6750 = ORIENTED_EDGE ( 'NONE', *, *, #6192, .F. ) ;
#6751 = EDGE_CURVE ( 'NONE', #6156, #11391, #2401, .T. ) ;
#6752 = ORIENTED_EDGE ( 'NONE', *, *, #8902, .F. ) ;
#6753 = VERTEX_POINT ( 'NONE', #11437 ) ;
#6754 = PLANE ( 'NONE',  #2295 ) ;
#6755 = DIRECTION ( 'NONE',  ( -1.000000000000000000, 0.000000000000000000, 0.000000000000000000 ) ) ;
#6756 = ORIENTED_EDGE ( 'NONE', *, *, #10236, .F. ) ;
#6757 = DIRECTION ( 'NONE',  ( -0.000000000000000000, -1.000000000000000000, -0.000000000000000000 ) ) ;
#6758 = ORIENTED_EDGE ( 'NONE', *, *, #8655, .F. ) ;
#6759 = VECTOR ( 'NONE', #8859, 1000.000000000000000 ) ;
#6760 = DIRECTION ( 'NONE',  ( 0.000000000000000000, 0.000000000000000000, 1.000000000000000000 ) ) ;
#6761 = VECTOR ( 'NONE', #7351, 1000.000000000000000 ) ;
#6762 = CARTESIAN_POINT ( 'NONE',  ( 19.49999999999999645, -153.6000000000000227, 3.000000000000000000 ) ) ;
#6763 = DIRECTION ( 'NONE',  ( 0.000000000000000000, 1.000000000000000000, 0.000000000000000000 ) ) ;
#6764 = EDGE_CURVE ( 'NONE', #8388, #9928, #6916, .T. ) ;
#6765 = FACE_OUTER_BOUND ( 'NONE', #6664, .T. ) ;
#6766 = VECTOR ( 'NONE', #5101, 1000.000000000000000 ) ;
#6767 = ORIENTED_EDGE ( 'NONE', *, *, #8483, .F. ) ;
#6768 = ORIENTED_EDGE ( 'NONE', *, *, #3415, .F. ) ;
#6769 = EDGE_CURVE ( 'NONE', #7520, #1606, #5972, .T. ) ;
#6770 = VECTOR ( 'NONE', #3254, 1000.000000000000000 ) ;
#6771 = ORIENTED_EDGE ( 'NONE', *, *, #2246, .T. ) ;
#6772 = DIRECTION ( 'NONE',  ( 0.000000000000000000, 0.000000000000000000, -1.000000000000000000 ) ) ;
#6773 = DIRECTION ( 'NONE',  ( 0.000000000000000000, 0.000000000000000000, -1.000000000000000000 ) ) ;
#6774 = AXIS2_PLACEMENT_3D ( 'NONE', #2590, #3407, #11568 ) ;
#6775 = DIRECTION ( 'NONE',  ( 1.000000000000000000, 0.000000000000000000, 0.000000000000000000 ) ) ;
#6776 = VECTOR ( 'NONE', #46, 1000.000000000000000 ) ;
#6777 = CARTESIAN_POINT ( 'NONE',  ( 18.50000000000000000, -0.2999999999999999889, 3.000000000000000000 ) ) ;
#6778 = CARTESIAN_POINT ( 'NONE',  ( 18.50000000000000000, -0.2999999999999999889, -1.000000000000000000 ) ) ;
#6779 = VECTOR ( 'NONE', #10176, 1000.000000000000000 ) ;
#6780 = LINE ( 'NONE', #11481, #6705 ) ;
#6781 = EDGE_LOOP ( 'NONE', ( #5858, #23, #333, #2310 ) ) ;
#6782 = ORIENTED_EDGE ( 'NONE', *, *, #2312, .F. ) ;
#6783 = AXIS2_PLACEMENT_3D ( 'NONE', #6112, #9064, #6175 ) ;
#6784 = CARTESIAN_POINT ( 'NONE',  ( 18.21999999999999886, 22.91999999999999815, 3.000000000000000000 ) ) ;
#6785 = VECTOR ( 'NONE', #1290, 1000.000000000000000 ) ;
#6786 = LINE ( 'NONE', #10373, #7908 ) ;
#6787 = FACE_BOUND ( 'NONE', #2083, .T. ) ;
#6788 = ORIENTED_EDGE ( 'NONE', *, *, #235, .T. ) ;
#6789 = DIRECTION ( 'NONE',  ( 0.000000000000000000, 1.000000000000000000, 0.000000000000000000 ) ) ;
#6790 = EDGE_CURVE ( 'NONE', #2377, #5899, #4328, .T. ) ;
#6791 = ORIENTED_EDGE ( 'NONE', *, *, #7408, .T. ) ;
#6792 = VECTOR ( 'NONE', #9868, 1000.000000000000000 ) ;
#6793 = DIRECTION ( 'NONE',  ( -1.000000000000000000, 0.000000000000000000, -0.000000000000000000 ) ) ;
#6794 = EDGE_CURVE ( 'NONE', #7664, #11558, #7260, .T. ) ;
#6795 = CARTESIAN_POINT ( 'NONE',  ( 55.49999999999999289, -38.60000000000002274, 3.000000000000000000 ) ) ;
#6796 = EDGE_CURVE ( 'NONE', #6690, #10628, #4619, .T. ) ;
#6797 = CARTESIAN_POINT ( 'NONE',  ( 1.491641205457772035E-16, -1.800000000000000044, 0.5000000000000000000 ) ) ;
#6798 = ORIENTED_EDGE ( 'NONE', *, *, #8949, .T. ) ;
#6799 = AXIS2_PLACEMENT_3D ( 'NONE', #7746, #10271, #4983 ) ;
#6800 = EDGE_LOOP ( 'NONE', ( #1646, #8612, #9011, #3939 ) ) ;
#6801 = ADVANCED_FACE ( 'NONE', ( #9847 ), #2631, .F. ) ;
#6802 = DIRECTION ( 'NONE',  ( -0.000000000000000000, -0.000000000000000000, 1.000000000000000000 ) ) ;
#6803 = ORIENTED_EDGE ( 'NONE', *, *, #5011, .F. ) ;
#6804 = LINE ( 'NONE', #10330, #623 ) ;
#6805 = DIRECTION ( 'NONE',  ( -0.000000000000000000, -0.000000000000000000, -1.000000000000000000 ) ) ;
#6806 = EDGE_LOOP ( 'NONE', ( #8520, #4772, #9452, #3884 ) ) ;
#6807 = FACE_OUTER_BOUND ( 'NONE', #4453, .T. ) ;
#6808 = LINE ( 'NONE', #6979, #9964 ) ;
#6809 = CARTESIAN_POINT ( 'NONE',  ( 58.16568877480710142, 0.000000000000000000, 0.000000000000000000 ) ) ;
#6810 = CARTESIAN_POINT ( 'NONE',  ( 55.49999999999999289, -117.6000000000000085, -14.00099999999999945 ) ) ;
#6811 = VECTOR ( 'NONE', #37, 1000.000000000000000 ) ;
#6812 = ORIENTED_EDGE ( 'NONE', *, *, #11529, .T. ) ;
#6813 = ORIENTED_EDGE ( 'NONE', *, *, #6794, .T. ) ;
#6814 = VERTEX_POINT ( 'NONE', #6385 ) ;
#6815 = EDGE_CURVE ( 'NONE', #7086, #4552, #8788, .T. ) ;
#6816 = CARTESIAN_POINT ( 'NONE',  ( 56.50000000000000000, 18.45000000000000284, -1.000000000000000000 ) ) ;
#6817 = CARTESIAN_POINT ( 'NONE',  ( 27.50000000000000000, 16.86292439923190045, 7.863310786250720774 ) ) ;
#6818 = EDGE_LOOP ( 'NONE', ( #7072, #5553, #1438, #6803 ) ) ;
#6819 = DIRECTION ( 'NONE',  ( -0.000000000000000000, 1.000000000000000000, 0.000000000000000000 ) ) ;
#6820 = EDGE_LOOP ( 'NONE', ( #821, #2309 ) ) ;
#6821 = CARTESIAN_POINT ( 'NONE',  ( -0.5000000000000045519, -44.60000000000002274, -14.00099999999999945 ) ) ;
#6822 = CARTESIAN_POINT ( 'NONE',  ( 39.49999999999999289, -47.60000000000001563, 3.000000000000000000 ) ) ;
#6823 = PLANE ( 'NONE',  #4737 ) ;
#6824 = PLANE ( 'NONE',  #10053 ) ;
#6825 = EDGE_CURVE ( 'NONE', #11543, #379, #4486, .T. ) ;
#6826 = ORIENTED_EDGE ( 'NONE', *, *, #8843, .T. ) ;
#6827 = VECTOR ( 'NONE', #887, 1000.000000000000000 ) ;
#6828 = ORIENTED_EDGE ( 'NONE', *, *, #2765, .F. ) ;
#6829 = EDGE_CURVE ( 'NONE', #10704, #10068, #175, .T. ) ;
#6830 = LINE ( 'NONE', #5071, #1921 ) ;
#6831 = CARTESIAN_POINT ( 'NONE',  ( -0.2999999999999949929, 23.09999999999999787, 0.5000000000000000000 ) ) ;
#6832 = FACE_OUTER_BOUND ( 'NONE', #8867, .T. ) ;
#6833 = CARTESIAN_POINT ( 'NONE',  ( 40.92976288113995054, 6.949999999999999289, 19.08586187794364974 ) ) ;
#6834 = LINE ( 'NONE', #11419, #4646 ) ;
#6835 = ADVANCED_FACE ( 'NONE', ( #1939 ), #4563, .T. ) ;
#6836 = CARTESIAN_POINT ( 'NONE',  ( -4.000000000000003553, 30.39999999999999858, 1.000000000000000000 ) ) ;
#6837 = ORIENTED_EDGE ( 'NONE', *, *, #11169, .F. ) ;
#6838 = ORIENTED_EDGE ( 'NONE', *, *, #11026, .F. ) ;
#6839 = CYLINDRICAL_SURFACE ( 'NONE', #354, 5.299999999999998934 ) ;
#6840 = CARTESIAN_POINT ( 'NONE',  ( 35.50000000000000000, -35.60000000000002274, 3.000000000000000000 ) ) ;
#6841 = FACE_BOUND ( 'NONE', #10789, .T. ) ;
#6842 = ORIENTED_EDGE ( 'NONE', *, *, #3771, .T. ) ;
#6843 = CARTESIAN_POINT ( 'NONE',  ( 18.21999999999999886, 22.91999999999999815, 1.000000000000000000 ) ) ;
#6844 = VERTEX_POINT ( 'NONE', #8967 ) ;
#6845 = EDGE_CURVE ( 'NONE', #2924, #5634, #9787, .T. ) ;
#6846 = FACE_OUTER_BOUND ( 'NONE', #9197, .T. ) ;
#6847 = LINE ( 'NONE', #11372, #4948 ) ;
#6848 = VECTOR ( 'NONE', #10019, 1000.000000000000000 ) ;
#6849 = DIRECTION ( 'NONE',  ( -0.000000000000000000, 0.000000000000000000, -1.000000000000000000 ) ) ;
#6850 = LINE ( 'NONE', #5906, #748 ) ;
#6851 = ORIENTED_EDGE ( 'NONE', *, *, #10143, .F. ) ;
#6852 = EDGE_CURVE ( 'NONE', #5165, #7295, #5510, .T. ) ;
#6853 = EDGE_CURVE ( 'NONE', #10730, #2053, #8024, .T. ) ;
#6854 = DIRECTION ( 'NONE',  ( 0.000000000000000000, 0.000000000000000000, -1.000000000000000000 ) ) ;
#6855 = ADVANCED_FACE ( 'NONE', ( #3681 ), #8196, .T. ) ;
#6856 = VECTOR ( 'NONE', #10192, 1000.000000000000000 ) ;
#6857 = CARTESIAN_POINT ( 'NONE',  ( 6.700000000000000178, 3.875000000000000000, 3.000000000000000000 ) ) ;
#6858 = ORIENTED_EDGE ( 'NONE', *, *, #5279, .F. ) ;
#6859 = CARTESIAN_POINT ( 'NONE',  ( 27.50000000000000000, -2.272520068876680011, 0.02826803116136170080 ) ) ;
#6860 = LINE ( 'NONE', #5862, #10649 ) ;
#6861 = EDGE_LOOP ( 'NONE', ( #2561, #6611, #10188, #10563 ) ) ;
#6862 = DIRECTION ( 'NONE',  ( 1.000000000000000000, 0.000000000000000000, -0.000000000000000000 ) ) ;
#6863 = LINE ( 'NONE', #11447, #4707 ) ;
#6864 = EDGE_CURVE ( 'NONE', #3406, #4883, #6198, .T. ) ;
#6865 = DIRECTION ( 'NONE',  ( 0.000000000000000000, 1.000000000000000000, -0.000000000000000000 ) ) ;
#6866 = VERTEX_POINT ( 'NONE', #11617 ) ;
#6867 = EDGE_LOOP ( 'NONE', ( #1129, #5218, #288, #2899, #2921, #254, #5308, #11139 ) ) ;
#6868 = ORIENTED_EDGE ( 'NONE', *, *, #1106, .F. ) ;
#6869 = LINE ( 'NONE', #7531, #8831 ) ;
#6870 = ORIENTED_EDGE ( 'NONE', *, *, #948, .T. ) ;
#6871 = FACE_OUTER_BOUND ( 'NONE', #8329, .T. ) ;
#6872 = DIRECTION ( 'NONE',  ( -0.000000000000000000, -0.000000000000000000, 1.000000000000000000 ) ) ;
#6873 = VERTEX_POINT ( 'NONE', #10736 ) ;
#6874 = CARTESIAN_POINT ( 'NONE',  ( -0.5000000000000066613, -26.60000000000001918, 1.000000000000000888 ) ) ;
#6875 = CARTESIAN_POINT ( 'NONE',  ( 55.49999999999999289, -126.5999999999999943, -14.00099999999999945 ) ) ;
#6876 = CARTESIAN_POINT ( 'NONE',  ( -0.5000000000000079936, -117.6000000000000085, 1.000000000000000888 ) ) ;
#6877 = VECTOR ( 'NONE', #2609, 1000.000000000000000 ) ;
#6878 = DIRECTION ( 'NONE',  ( 0.000000000000000000, 1.000000000000000000, 0.000000000000000000 ) ) ;
#6879 = EDGE_CURVE ( 'NONE', #5374, #9300, #8084, .T. ) ;
#6880 = ORIENTED_EDGE ( 'NONE', *, *, #4310, .T. ) ;
#6881 = VERTEX_POINT ( 'NONE', #6320 ) ;
#6882 = VECTOR ( 'NONE', #6366, 1000.000000000000000 ) ;
#6883 = DIRECTION ( 'NONE',  ( 0.000000000000000000, 1.000000000000000000, 0.000000000000000000 ) ) ;
#6884 = CARTESIAN_POINT ( 'NONE',  ( 15.49999999999999289, -20.60000000000002274, 1.000000000000000000 ) ) ;
#6885 = FACE_OUTER_BOUND ( 'NONE', #4805, .T. ) ;
#6886 = VECTOR ( 'NONE', #9267, 1000.000000000000000 ) ;
#6887 = CARTESIAN_POINT ( 'NONE',  ( 39.49999999999999289, -141.5999999999999943, -14.00099999999999945 ) ) ;
#6888 = CARTESIAN_POINT ( 'NONE',  ( 58.00000000000000711, 6.949999999999999289, 1.000000000000000000 ) ) ;
#6889 = CARTESIAN_POINT ( 'NONE',  ( 55.50000000000000000, 5.950000000000000178, 1.000000000000000000 ) ) ;
#6890 = EDGE_CURVE ( 'NONE', #4028, #9436, #9907, .T. ) ;
#6891 = CIRCLE ( 'NONE', #158, 10.36999999999999744 ) ;
#6892 = DIRECTION ( 'NONE',  ( -1.000000000000000000, 0.000000000000000000, 0.000000000000000000 ) ) ;
#6893 = ORIENTED_EDGE ( 'NONE', *, *, #9457, .F. ) ;
#6894 = VECTOR ( 'NONE', #5141, 1000.000000000000000 ) ;
#6895 = EDGE_LOOP ( 'NONE', ( #265, #6697, #3012, #9567 ) ) ;
#6896 = VECTOR ( 'NONE', #1895, 1000.000000000000000 ) ;
#6897 = DIRECTION ( 'NONE',  ( -0.000000000000000000, -0.000000000000000000, 1.000000000000000000 ) ) ;
#6898 = VECTOR ( 'NONE', #937, 1000.000000000000000 ) ;
#6899 = ADVANCED_FACE ( 'NONE', ( #4308 ), #2442, .F. ) ;
#6900 = DIRECTION ( 'NONE',  ( -0.000000000000000000, -1.000000000000000000, -0.000000000000000000 ) ) ;
#6901 = CARTESIAN_POINT ( 'NONE',  ( -0.2999999999999929945, 5.950000000000000178, 0.5000000000000000000 ) ) ;
#6902 = ORIENTED_EDGE ( 'NONE', *, *, #10658, .F. ) ;
#6903 = AXIS2_PLACEMENT_3D ( 'NONE', #2522, #4393, #8789 ) ;
#6904 = DIRECTION ( 'NONE',  ( -0.000000000000000000, -0.000000000000000000, 1.000000000000000000 ) ) ;
#6905 = EDGE_LOOP ( 'NONE', ( #1585, #3724, #6370, #3493 ) ) ;
#6906 = CARTESIAN_POINT ( 'NONE',  ( -0.5000000000000073275, -123.6000000000000085, -14.00099999999999945 ) ) ;
#6907 = CARTESIAN_POINT ( 'NONE',  ( -4.999999999999981348, -164.6000000000000227, 3.000000000000000000 ) ) ;
#6908 = EDGE_CURVE ( 'NONE', #8782, #5502, #5614, .T. ) ;
#6909 = VECTOR ( 'NONE', #2707, 1000.000000000000000 ) ;
#6910 = CARTESIAN_POINT ( 'NONE',  ( 19.49999999999999289, -32.60000000000001563, -14.00099999999999945 ) ) ;
#6911 = VERTEX_POINT ( 'NONE', #10651 ) ;
#6912 = CIRCLE ( 'NONE', #4857, 4.299999999999998046 ) ;
#6913 = EDGE_CURVE ( 'NONE', #7391, #5863, #8003, .T. ) ;
#6914 = DIRECTION ( 'NONE',  ( 1.000000000000000000, 0.000000000000000000, 0.000000000000000000 ) ) ;
#6915 = ORIENTED_EDGE ( 'NONE', *, *, #4240, .T. ) ;
#6916 = CIRCLE ( 'NONE', #1119, 0.5000000000000000000 ) ;
#6917 = DIRECTION ( 'NONE',  ( 0.000000000000000000, 0.000000000000000000, -1.000000000000000000 ) ) ;
#6918 = CARTESIAN_POINT ( 'NONE',  ( 55.49999999999999289, -117.6000000000000085, -14.00099999999999945 ) ) ;
#6919 = VERTEX_POINT ( 'NONE', #7889 ) ;
#6920 = CARTESIAN_POINT ( 'NONE',  ( -0.2999999999999939382, 17.44999999999999929, -10.00000000000000000 ) ) ;
#6921 = CARTESIAN_POINT ( 'NONE',  ( 39.49999999999999289, -41.60000000000001563, 3.000000000000000000 ) ) ;
#6922 = CARTESIAN_POINT ( 'NONE',  ( 39.49999999999999289, -147.6000000000000227, -14.00099999999999945 ) ) ;
#6923 = VERTEX_POINT ( 'NONE', #6060 ) ;
#6924 = ORIENTED_EDGE ( 'NONE', *, *, #6356, .F. ) ;
#6925 = EDGE_LOOP ( 'NONE', ( #5981, #8735, #11397, #10457 ) ) ;
#6926 = DIRECTION ( 'NONE',  ( 0.000000000000000000, 0.000000000000000000, 1.000000000000000000 ) ) ;
#6927 = VERTEX_POINT ( 'NONE', #6003 ) ;
#6928 = CARTESIAN_POINT ( 'NONE',  ( 0.000000000000000000, 25.39999999999999858, 1.000000000000000000 ) ) ;
#6929 = ADVANCED_FACE ( 'NONE', ( #2501 ), #3482, .F. ) ;
#6930 = CARTESIAN_POINT ( 'NONE',  ( 39.49999999999999289, -132.5999999999999943, 1.000000000000000888 ) ) ;
#6931 = ORIENTED_EDGE ( 'NONE', *, *, #7411, .F. ) ;
#6932 = DIRECTION ( 'NONE',  ( 0.000000000000000000, -1.000000000000000000, 0.000000000000000000 ) ) ;
#6933 = CARTESIAN_POINT ( 'NONE',  ( 55.49999999999999289, -14.60000000000001563, 1.000000000000000000 ) ) ;
#6934 = CARTESIAN_POINT ( 'NONE',  ( 10.00000000000001243, -105.0999999999999943, 3.000000000000000000 ) ) ;
#6935 = DIRECTION ( 'NONE',  ( 0.000000000000000000, 0.000000000000000000, 1.000000000000000000 ) ) ;
#6936 = EDGE_CURVE ( 'NONE', #7566, #9768, #7949, .T. ) ;
#6937 = ADVANCED_FACE ( 'NONE', ( #11357 ), #6177, .F. ) ;
#6938 = ORIENTED_EDGE ( 'NONE', *, *, #7608, .F. ) ;
#6939 = ORIENTED_EDGE ( 'NONE', *, *, #10937, .F. ) ;
#6940 = DIRECTION ( 'NONE',  ( 0.000000000000000000, 0.000000000000000000, -1.000000000000000000 ) ) ;
#6941 = CARTESIAN_POINT ( 'NONE',  ( 39.49999999999998579, -20.60000000000002274, 3.000000000000000000 ) ) ;
#6942 = DIRECTION ( 'NONE',  ( -1.000000000000000000, 0.000000000000000000, 0.000000000000000000 ) ) ;
#6943 = VECTOR ( 'NONE', #1975, 1000.000000000000000 ) ;
#6944 = LINE ( 'NONE', #7886, #6029 ) ;
#6945 = EDGE_CURVE ( 'NONE', #2653, #4882, #3371, .T. ) ;
#6946 = DIRECTION ( 'NONE',  ( -1.000000000000000000, 0.000000000000000000, 0.000000000000000000 ) ) ;
#6947 = CIRCLE ( 'NONE', #7332, 5.799999999999999822 ) ;
#6948 = CARTESIAN_POINT ( 'NONE',  ( 0.000000000000000000, 11.44999999999999929, -14.00000000000000000 ) ) ;
#6949 = PLANE ( 'NONE',  #1644 ) ;
#6950 = VECTOR ( 'NONE', #2526, 1000.000000000000000 ) ;
#6951 = FACE_OUTER_BOUND ( 'NONE', #7110, .T. ) ;
#6952 = VERTEX_POINT ( 'NONE', #6115 ) ;
#6953 = VECTOR ( 'NONE', #9396, 1000.000000000000000 ) ;
#6954 = VERTEX_POINT ( 'NONE', #7059 ) ;
#6955 = VECTOR ( 'NONE', #10403, 1000.000000000000000 ) ;
#6956 = CARTESIAN_POINT ( 'NONE',  ( 39.49999999999999289, -41.60000000000001563, 3.000000000000000000 ) ) ;
#6957 = CARTESIAN_POINT ( 'NONE',  ( 19.49999999999999289, -126.5999999999999943, -14.00099999999999945 ) ) ;
#6958 = EDGE_CURVE ( 'NONE', #8529, #5189, #9706, .T. ) ;
#6959 = LINE ( 'NONE', #2804, #8912 ) ;
#6960 = ORIENTED_EDGE ( 'NONE', *, *, #2266, .F. ) ;
#6961 = VECTOR ( 'NONE', #1847, 1000.000000000000000 ) ;
#6962 = AXIS2_PLACEMENT_3D ( 'NONE', #4867, #2005, #8440 ) ;
#6963 = LINE ( 'NONE', #6126, #906 ) ;
#6964 = VERTEX_POINT ( 'NONE', #8824 ) ;
#6965 = CARTESIAN_POINT ( 'NONE',  ( 0.000000000000000000, -3.272120448235484869, 1.000000000000000000 ) ) ;
#6966 = AXIS2_PLACEMENT_3D ( 'NONE', #1399, #4087, #1453 ) ;
#6968 = VERTEX_POINT ( 'NONE', #6888 ) ;
#6967 = ADVANCED_FACE ( 'NONE', ( #801 ), #2676, .T. ) ;
#6969 = CARTESIAN_POINT ( 'NONE',  ( 39.49999999999999289, -50.60000000000002274, -14.00099999999999945 ) ) ;
#6970 = ORIENTED_EDGE ( 'NONE', *, *, #2664, .T. ) ;
#6971 = AXIS2_PLACEMENT_3D ( 'NONE', #2397, #9555, #10320 ) ;
#6972 = EDGE_CURVE ( 'NONE', #10286, #4574, #6168, .T. ) ;
#6973 = DIRECTION ( 'NONE',  ( -1.000000000000000000, -4.517509052022939661E-17, 0.000000000000000000 ) ) ;
#6974 = VERTEX_POINT ( 'NONE', #9542 ) ;
#6975 = VECTOR ( 'NONE', #6775, 1000.000000000000000 ) ;
#6976 = CARTESIAN_POINT ( 'NONE',  ( -2.450000000000003730, -160.6000000000000227, 3.000000000000000000 ) ) ;
#6977 = DIRECTION ( 'NONE',  ( 0.000000000000000000, 0.000000000000000000, 1.000000000000000000 ) ) ;
#6978 = ORIENTED_EDGE ( 'NONE', *, *, #2426, .T. ) ;
#6979 = CARTESIAN_POINT ( 'NONE',  ( 27.50000000000000000, 0.000000000000000000, -13.00000000000000000 ) ) ;
#6980 = CARTESIAN_POINT ( 'NONE',  ( 2.500000000000000000, 0.2000000000000000111, 1.000000000000000000 ) ) ;
#6981 = ADVANCED_FACE ( 'NONE', ( #9597 ), #741, .F. ) ;
#6982 = VERTEX_POINT ( 'NONE', #5077 ) ;
#6983 = VECTOR ( 'NONE', #783, 1000.000000000000000 ) ;
#6984 = ORIENTED_EDGE ( 'NONE', *, *, #10609, .T. ) ;
#6985 = ORIENTED_EDGE ( 'NONE', *, *, #2882, .T. ) ;
#6986 = VERTEX_POINT ( 'NONE', #8652 ) ;
#6987 = CARTESIAN_POINT ( 'NONE',  ( 55.49999999999999289, -129.5999999999999943, 1.000000000000000000 ) ) ;
#6988 = ORIENTED_EDGE ( 'NONE', *, *, #7967, .F. ) ;
#6989 = CARTESIAN_POINT ( 'NONE',  ( 19.49999999999999289, -17.60000000000001918, 3.000000000000000000 ) ) ;
#6990 = DIRECTION ( 'NONE',  ( 1.133236441592888894E-16, -1.000000000000000000, 0.000000000000000000 ) ) ;
#6991 = ORIENTED_EDGE ( 'NONE', *, *, #2246, .F. ) ;
#6992 = FACE_BOUND ( 'NONE', #8700, .T. ) ;
#6993 = DIRECTION ( 'NONE',  ( 0.000000000000000000, 1.000000000000000000, -0.000000000000000000 ) ) ;
#6994 = DIRECTION ( 'NONE',  ( 1.000000000000000000, 0.000000000000000000, 0.000000000000000000 ) ) ;
#6995 = LINE ( 'NONE', #11406, #6666 ) ;
#6996 = EDGE_LOOP ( 'NONE', ( #6997, #346, #5321, #519 ) ) ;
#6997 = ORIENTED_EDGE ( 'NONE', *, *, #2973, .T. ) ;
#6998 = EDGE_CURVE ( 'NONE', #3242, #7583, #4194, .T. ) ;
#6999 = CARTESIAN_POINT ( 'NONE',  ( 19.49999999999999645, -50.60000000000002274, 3.000000000000000000 ) ) ;
#7000 = CARTESIAN_POINT ( 'NONE',  ( 19.49999999999999645, -138.5999999999999943, -14.00099999999999945 ) ) ;
#7001 = DIRECTION ( 'NONE',  ( 0.000000000000000000, 0.000000000000000000, 1.000000000000000000 ) ) ;
#7002 = VECTOR ( 'NONE', #1152, 1000.000000000000000 ) ;
#7003 = EDGE_CURVE ( 'NONE', #11483, #5318, #5134, .T. ) ;
#7004 = CARTESIAN_POINT ( 'NONE',  ( 39.49999999999998579, -17.60000000000001918, 1.000000000000000888 ) ) ;
#7005 = EDGE_CURVE ( 'NONE', #6039, #11015, #4247, .T. ) ;
#7006 = DIRECTION ( 'NONE',  ( 0.000000000000000000, 0.000000000000000000, 1.000000000000000000 ) ) ;
#7007 = CARTESIAN_POINT ( 'NONE',  ( -0.5000000000000052180, -138.5999999999999943, 3.000000000000000000 ) ) ;
#7008 = CARTESIAN_POINT ( 'NONE',  ( 35.50000000000000000, -141.5999999999999943, 3.000000000000000000 ) ) ;
#7009 = VECTOR ( 'NONE', #526, 1000.000000000000000 ) ;
#7010 = DIRECTION ( 'NONE',  ( 0.000000000000000000, 1.000000000000000000, 0.000000000000000000 ) ) ;
#7011 = ORIENTED_EDGE ( 'NONE', *, *, #4967, .T. ) ;
#7012 = EDGE_CURVE ( 'NONE', #5461, #2370, #10543, .T. ) ;
#7013 = VERTEX_POINT ( 'NONE', #6478 ) ;
#7014 = CARTESIAN_POINT ( 'NONE',  ( 28.50000000000000000, -3.299999999999999822, 1.000000000000000000 ) ) ;
#7015 = DIRECTION ( 'NONE',  ( -1.000000000000000000, 0.000000000000000000, 0.000000000000000000 ) ) ;
#7016 = CARTESIAN_POINT ( 'NONE',  ( 6.999999999999992006, 31.39999999999999858, -4.000000000000000000 ) ) ;
#7017 = VERTEX_POINT ( 'NONE', #9186 ) ;
#7018 = LINE ( 'NONE', #6189, #2034 ) ;
#7019 = ORIENTED_EDGE ( 'NONE', *, *, #1552, .F. ) ;
#7020 = LINE ( 'NONE', #11371, #8283 ) ;
#7021 = ORIENTED_EDGE ( 'NONE', *, *, #11146, .F. ) ;
#7022 = EDGE_CURVE ( 'NONE', #9141, #4273, #7365, .T. ) ;
#7023 = DIRECTION ( 'NONE',  ( -1.000000000000000000, 0.000000000000000000, 0.000000000000000000 ) ) ;
#7024 = ORIENTED_EDGE ( 'NONE', *, *, #5353, .F. ) ;
#7025 = DIRECTION ( 'NONE',  ( 0.000000000000000000, 0.000000000000000000, 1.000000000000000000 ) ) ;
#7026 = ORIENTED_EDGE ( 'NONE', *, *, #7449, .F. ) ;
#7027 = CARTESIAN_POINT ( 'NONE',  ( 60.19999999999999574, 0.000000000000000000, -10.00000000000000000 ) ) ;
#7028 = PLANE ( 'NONE',  #9142 ) ;
#7029 = VECTOR ( 'NONE', #8089, 1000.000000000000000 ) ;
#7030 = ORIENTED_EDGE ( 'NONE', *, *, #3663, .F. ) ;
#7031 = CARTESIAN_POINT ( 'NONE',  ( -0.5000000000000066613, -126.5999999999999943, -14.00099999999999945 ) ) ;
#7032 = DIRECTION ( 'NONE',  ( -1.000000000000000000, 0.000000000000000000, 0.000000000000000000 ) ) ;
#7033 = EDGE_CURVE ( 'NONE', #5870, #8590, #1793, .T. ) ;
#7034 = DIRECTION ( 'NONE',  ( -1.000000000000000000, 0.000000000000000000, 0.000000000000000000 ) ) ;
#7035 = ORIENTED_EDGE ( 'NONE', *, *, #3899, .F. ) ;
#7036 = AXIS2_PLACEMENT_3D ( 'NONE', #6446, #10031, #1997 ) ;
#7037 = ORIENTED_EDGE ( 'NONE', *, *, #3023, .F. ) ;
#7038 = ORIENTED_EDGE ( 'NONE', *, *, #9213, .T. ) ;
#7039 = ORIENTED_EDGE ( 'NONE', *, *, #7779, .F. ) ;
#7040 = VECTOR ( 'NONE', #3189, 1000.000000000000000 ) ;
#7041 = CARTESIAN_POINT ( 'NONE',  ( -0.5000000000000059952, -29.60000000000001563, 3.000000000000000000 ) ) ;
#7042 = EDGE_LOOP ( 'NONE', ( #11202, #6442, #9669, #5594 ) ) ;
#7043 = ADVANCED_FACE ( 'NONE', ( #6426 ), #5426, .F. ) ;
#7044 = FACE_OUTER_BOUND ( 'NONE', #9876, .T. ) ;
#7045 = DIRECTION ( 'NONE',  ( -0.000000000000000000, -0.000000000000000000, 1.000000000000000000 ) ) ;
#7046 = ORIENTED_EDGE ( 'NONE', *, *, #6121, .F. ) ;
#7047 = FACE_BOUND ( 'NONE', #1993, .T. ) ;
#7048 = CARTESIAN_POINT ( 'NONE',  ( 55.50000000000000000, 4.000000000000000000, 3.000000000000000000 ) ) ;
#7049 = DIRECTION ( 'NONE',  ( 0.000000000000000000, 0.000000000000000000, -1.000000000000000000 ) ) ;
#7050 = DIRECTION ( 'NONE',  ( 1.000000000000000000, 0.000000000000000000, 0.000000000000000000 ) ) ;
#7051 = ORIENTED_EDGE ( 'NONE', *, *, #600, .T. ) ;
#7052 = ORIENTED_EDGE ( 'NONE', *, *, #10626, .T. ) ;
#7053 = CARTESIAN_POINT ( 'NONE',  ( 55.50000000000000000, 18.45000000000000284, 3.000000000000000000 ) ) ;
#7054 = DIRECTION ( 'NONE',  ( 1.000000000000000000, 0.000000000000000000, 0.000000000000000000 ) ) ;
#7055 = EDGE_CURVE ( 'NONE', #9939, #1583, #10063, .T. ) ;
#7056 = CARTESIAN_POINT ( 'NONE',  ( 57.00000000000000000, 5.950000000000000178, 0.5000000000000000000 ) ) ;
#7057 = CIRCLE ( 'NONE', #7247, 0.5000000000000000000 ) ;
#7058 = DIRECTION ( 'NONE',  ( -0.000000000000000000, -1.000000000000000000, -0.000000000000000000 ) ) ;
#7059 = CARTESIAN_POINT ( 'NONE',  ( 35.50000000000000000, -41.60000000000001563, 1.000000000000000888 ) ) ;
#7060 = FACE_OUTER_BOUND ( 'NONE', #3830, .T. ) ;
#7061 = EDGE_CURVE ( 'NONE', #1007, #5824, #1915, .T. ) ;
#7062 = LINE ( 'NONE', #8180, #5202 ) ;
#7063 = VERTEX_POINT ( 'NONE', #5489 ) ;
#7064 = EDGE_CURVE ( 'NONE', #378, #6911, #8944, .T. ) ;
#7065 = AXIS2_PLACEMENT_3D ( 'NONE', #4615, #9136, #6256 ) ;
#7066 = ORIENTED_EDGE ( 'NONE', *, *, #7904, .F. ) ;
#7067 = CARTESIAN_POINT ( 'NONE',  ( -3.000000000000003553, -149.6000000000000227, -4.000000000000000000 ) ) ;
#7068 = VECTOR ( 'NONE', #7918, 1000.000000000000000 ) ;
#7069 = PLANE ( 'NONE',  #10820 ) ;
#7070 = DIRECTION ( 'NONE',  ( 0.4226182617406974429, 0.000000000000000000, -0.9063077870366509359 ) ) ;
#7071 = DIRECTION ( 'NONE',  ( -0.000000000000000000, -0.000000000000000000, -1.000000000000000000 ) ) ;
#7072 = ORIENTED_EDGE ( 'NONE', *, *, #5145, .T. ) ;
#7073 = ADVANCED_FACE ( 'NONE', ( #2849 ), #6242, .F. ) ;
#7074 = DIRECTION ( 'NONE',  ( 0.000000000000000000, 1.000000000000000000, 0.000000000000000000 ) ) ;
#7075 = ORIENTED_EDGE ( 'NONE', *, *, #3446, .T. ) ;
#7076 = VECTOR ( 'NONE', #2677, 1000.000000000000000 ) ;
#7077 = FACE_OUTER_BOUND ( 'NONE', #3665, .T. ) ;
#7078 = VECTOR ( 'NONE', #10550, 1000.000000000000000 ) ;
#7079 = EDGE_CURVE ( 'NONE', #4350, #4815, #8301, .T. ) ;
#7080 = VECTOR ( 'NONE', #9393, 1000.000000000000000 ) ;
#7081 = CARTESIAN_POINT ( 'NONE',  ( -5.000000000000002665, 34.39999999999999858, 1.000000000000000000 ) ) ;
#7082 = ORIENTED_EDGE ( 'NONE', *, *, #9507, .F. ) ;
#7083 = EDGE_CURVE ( 'NONE', #6982, #259, #274, .T. ) ;
#7084 = EDGE_CURVE ( 'NONE', #8493, #1953, #3605, .T. ) ;
#7085 = DIRECTION ( 'NONE',  ( 0.000000000000000000, 0.000000000000000000, 1.000000000000000000 ) ) ;
#7086 = VERTEX_POINT ( 'NONE', #8239 ) ;
#7087 = VECTOR ( 'NONE', #511, 1000.000000000000000 ) ;
#7088 = VECTOR ( 'NONE', #8596, 1000.000000000000000 ) ;
#7089 = DIRECTION ( 'NONE',  ( 0.000000000000000000, 0.000000000000000000, 1.000000000000000000 ) ) ;
#7090 = VERTEX_POINT ( 'NONE', #3719 ) ;
#7091 = DIRECTION ( 'NONE',  ( -0.000000000000000000, -1.000000000000000000, -0.000000000000000000 ) ) ;
#7092 = ADVANCED_FACE ( 'NONE', ( #8176 ), #10774, .T. ) ;
#7093 = FACE_OUTER_BOUND ( 'NONE', #5186, .T. ) ;
#7094 = EDGE_LOOP ( 'NONE', ( #1710, #674, #9200, #3380 ) ) ;
#7095 = VECTOR ( 'NONE', #6429, 1000.000000000000000 ) ;
#7096 = CARTESIAN_POINT ( 'NONE',  ( 35.50000000000000000, -47.60000000000001563, 3.000000000000000000 ) ) ;
#7097 = LINE ( 'NONE', #4576, #5884 ) ;
#7098 = VECTOR ( 'NONE', #8580, 1000.000000000000000 ) ;
#7099 = PLANE ( 'NONE',  #4855 ) ;
#7100 = VERTEX_POINT ( 'NONE', #4546 ) ;
#7101 = ORIENTED_EDGE ( 'NONE', *, *, #9177, .F. ) ;
#7102 = VECTOR ( 'NONE', #585, 1000.000000000000000 ) ;
#7103 = EDGE_LOOP ( 'NONE', ( #6678, #11322, #2097, #1346 ) ) ;
#7104 = ORIENTED_EDGE ( 'NONE', *, *, #3326, .F. ) ;
#7105 = CARTESIAN_POINT ( 'NONE',  ( 39.49999999999998579, -117.6000000000000085, 1.000000000000000888 ) ) ;
#7106 = ORIENTED_EDGE ( 'NONE', *, *, #9379, .T. ) ;
#7107 = DIRECTION ( 'NONE',  ( 1.000000000000000000, 0.000000000000000000, 0.000000000000000000 ) ) ;
#7108 = EDGE_CURVE ( 'NONE', #10120, #7959, #9886, .T. ) ;
#7109 = CARTESIAN_POINT ( 'NONE',  ( 19.49999999999999645, -153.6000000000000227, 3.000000000000000000 ) ) ;
#7110 = EDGE_LOOP ( 'NONE', ( #1242, #9327, #10759, #413 ) ) ;
#7111 = FACE_BOUND ( 'NONE', #8600, .T. ) ;
#7112 = CARTESIAN_POINT ( 'NONE',  ( 39.49999999999999289, -129.5999999999999943, 3.000000000000000000 ) ) ;
#7113 = CARTESIAN_POINT ( 'NONE',  ( -8.000000000000003553, 31.39999999999999858, 1.000000000000000000 ) ) ;
#7114 = DIRECTION ( 'NONE',  ( -0.000000000000000000, -0.000000000000000000, 1.000000000000000000 ) ) ;
#7115 = ADVANCED_FACE ( 'NONE', ( #5546 ), #9122, .F. ) ;
#7116 = EDGE_LOOP ( 'NONE', ( #2283, #10217, #7507, #7170 ) ) ;
#7117 = VERTEX_POINT ( 'NONE', #7240 ) ;
#7118 = ORIENTED_EDGE ( 'NONE', *, *, #2150, .F. ) ;
#7119 = DIRECTION ( 'NONE',  ( -1.000000000000000000, 0.000000000000000000, 0.000000000000000000 ) ) ;
#7120 = CARTESIAN_POINT ( 'NONE',  ( 19.49999999999999289, -117.6000000000000085, 3.000000000000000000 ) ) ;
#7121 = CARTESIAN_POINT ( 'NONE',  ( -5.299999999999999822, 17.44999999999999929, -10.00000000000000000 ) ) ;
#7122 = LINE ( 'NONE', #4542, #1935 ) ;
#7123 = EDGE_CURVE ( 'NONE', #6753, #752, #10831, .T. ) ;
#7124 = LINE ( 'NONE', #3718, #10098 ) ;
#7125 = DIRECTION ( 'NONE',  ( -1.000000000000000000, 0.000000000000000000, 0.000000000000000000 ) ) ;
#7126 = CARTESIAN_POINT ( 'NONE',  ( -4.000000000000002665, 19.40000000000000213, -4.000000000000000000 ) ) ;
#7127 = CARTESIAN_POINT ( 'NONE',  ( 10.00000000000001243, -105.0999999999999943, 1.000000000000000000 ) ) ;
#7128 = DIRECTION ( 'NONE',  ( -0.000000000000000000, -1.000000000000000000, -0.000000000000000000 ) ) ;
#7129 = ORIENTED_EDGE ( 'NONE', *, *, #7149, .F. ) ;
#7130 = ADVANCED_FACE ( 'NONE', ( #6365 ), #9946, .F. ) ;
#7131 = ORIENTED_EDGE ( 'NONE', *, *, #6597, .F. ) ;
#7132 = CIRCLE ( 'NONE', #2091, 4.299999999999999822 ) ;
#7133 = LINE ( 'NONE', #5370, #9149 ) ;
#7134 = DIRECTION ( 'NONE',  ( 1.000000000000000000, 0.000000000000000000, 0.000000000000000000 ) ) ;
#7135 = PLANE ( 'NONE',  #1726 ) ;
#7136 = CARTESIAN_POINT ( 'NONE',  ( 55.49999999999999289, -11.60000000000001386, 1.000000000000000888 ) ) ;
#7137 = VERTEX_POINT ( 'NONE', #11172 ) ;
#7138 = PLANE ( 'NONE',  #7065 ) ;
#7139 = ORIENTED_EDGE ( 'NONE', *, *, #2706, .T. ) ;
#7140 = CYLINDRICAL_SURFACE ( 'NONE', #11468, 3.799999999999999822 ) ;
#7141 = VECTOR ( 'NONE', #432, 1000.000000000000000 ) ;
#7142 = DIRECTION ( 'NONE',  ( 0.000000000000000000, -0.000000000000000000, 1.000000000000000000 ) ) ;
#7143 = ORIENTED_EDGE ( 'NONE', *, *, #10658, .T. ) ;
#7144 = AXIS2_PLACEMENT_3D ( 'NONE', #1016, #9989, #9048 ) ;
#7145 = CARTESIAN_POINT ( 'NONE',  ( 58.99999999999998579, -7.267362254388042148E-15, -4.000000000000000000 ) ) ;
#7146 = ORIENTED_EDGE ( 'NONE', *, *, #3557, .F. ) ;
#7147 = AXIS2_PLACEMENT_3D ( 'NONE', #7823, #6883, #6940 ) ;
#7148 = CARTESIAN_POINT ( 'NONE',  ( 34.50000000000000000, -5.299999999999999822, -10.00000000000000000 ) ) ;
#7149 = EDGE_CURVE ( 'NONE', #3464, #8214, #1209, .T. ) ;
#7150 = CARTESIAN_POINT ( 'NONE',  ( 19.49999999999999645, -144.5999999999999943, -14.00099999999999945 ) ) ;
#7151 = ORIENTED_EDGE ( 'NONE', *, *, #11034, .F. ) ;
#7152 = CARTESIAN_POINT ( 'NONE',  ( 35.49999999999999289, -117.6000000000000085, 3.000000000000000000 ) ) ;
#7153 = EDGE_CURVE ( 'NONE', #365, #8442, #4834, .T. ) ;
#7154 = DIRECTION ( 'NONE',  ( -0.7071067811865474617, 0.000000000000000000, 0.7071067811865474617 ) ) ;
#7155 = ORIENTED_EDGE ( 'NONE', *, *, #8981, .T. ) ;
#7156 = VECTOR ( 'NONE', #5250, 1000.000000000000000 ) ;
#7157 = LINE ( 'NONE', #5457, #8638 ) ;
#7158 = DIRECTION ( 'NONE',  ( 1.000000000000000000, 0.000000000000000000, 0.000000000000000000 ) ) ;
#7159 = CIRCLE ( 'NONE', #9971, 3.000000000000002665 ) ;
#7160 = FACE_OUTER_BOUND ( 'NONE', #3048, .T. ) ;
#7161 = ORIENTED_EDGE ( 'NONE', *, *, #8448, .F. ) ;
#7162 = EDGE_CURVE ( 'NONE', #7137, #5223, #8445, .T. ) ;
#7163 = VECTOR ( 'NONE', #2803, 1000.000000000000000 ) ;
#7164 = ORIENTED_EDGE ( 'NONE', *, *, #2966, .F. ) ;
#7165 = VERTEX_POINT ( 'NONE', #3125 ) ;
#7166 = DIRECTION ( 'NONE',  ( 1.000000000000000000, 0.000000000000000000, -6.938893903907229955E-15 ) ) ;
#7167 = VERTEX_POINT ( 'NONE', #7590 ) ;
#7168 = PLANE ( 'NONE',  #7737 ) ;
#7169 = DIRECTION ( 'NONE',  ( 1.000000000000000000, 0.000000000000000000, 0.000000000000000000 ) ) ;
#7170 = ORIENTED_EDGE ( 'NONE', *, *, #5324, .F. ) ;
#7171 = FACE_BOUND ( 'NONE', #503, .T. ) ;
#7172 = CARTESIAN_POINT ( 'NONE',  ( 35.49999999999999289, -11.60000000000001386, 1.000000000000000888 ) ) ;
#7173 = CARTESIAN_POINT ( 'NONE',  ( 55.49999999999999289, -26.60000000000001918, -14.00099999999999945 ) ) ;
#7174 = CARTESIAN_POINT ( 'NONE',  ( -4.000000000000002665, 19.40000000000000213, -4.000000000000000000 ) ) ;
#7175 = EDGE_CURVE ( 'NONE', #7634, #1413, #3078, .T. ) ;
#7176 = VERTEX_POINT ( 'NONE', #4780 ) ;
#7177 = VERTEX_POINT ( 'NONE', #8413 ) ;
#7178 = ORIENTED_EDGE ( 'NONE', *, *, #10642, .T. ) ;
#7179 = CARTESIAN_POINT ( 'NONE',  ( 4.164757004755709424, 10.44999999999999929, -1.942058085672285106 ) ) ;
#7180 = LINE ( 'NONE', #2728, #9407 ) ;
#7181 = CARTESIAN_POINT ( 'NONE',  ( 39.49999999999999289, -129.5999999999999943, 1.000000000000000888 ) ) ;
#7182 = CARTESIAN_POINT ( 'NONE',  ( 58.00000000000000711, 19.40000000000000213, 1.000000000000000000 ) ) ;
#7183 = ADVANCED_FACE ( 'NONE', ( #9352 ), #387, .T. ) ;
#7184 = DIRECTION ( 'NONE',  ( -1.000000000000000000, -1.219727444046193967E-16, 0.000000000000000000 ) ) ;
#7185 = DIRECTION ( 'NONE',  ( -0.000000000000000000, 1.000000000000000000, 0.000000000000000000 ) ) ;
#7186 = DIRECTION ( 'NONE',  ( 0.000000000000000000, 0.000000000000000000, 1.000000000000000000 ) ) ;
#7187 = DIRECTION ( 'NONE',  ( 0.9993908270190956511, 0.000000000000000000, -0.03489949670250409169 ) ) ;
#7188 = CARTESIAN_POINT ( 'NONE',  ( -0.5000000000000079936, -14.60000000000001563, 1.000000000000000888 ) ) ;
#7189 = ORIENTED_EDGE ( 'NONE', *, *, #3875, .F. ) ;
#7190 = EDGE_CURVE ( 'NONE', #1448, #3307, #6595, .T. ) ;
#7191 = ORIENTED_EDGE ( 'NONE', *, *, #7525, .F. ) ;
#7192 = VECTOR ( 'NONE', #10355, 1000.000000000000000 ) ;
#7193 = FACE_OUTER_BOUND ( 'NONE', #11329, .T. ) ;
#7194 = DIRECTION ( 'NONE',  ( 0.000000000000000000, -1.000000000000000000, 0.000000000000000000 ) ) ;
#7195 = DIRECTION ( 'NONE',  ( -1.000000000000000000, -0.000000000000000000, -0.000000000000000000 ) ) ;
#7196 = LINE ( 'NONE', #869, #3292 ) ;
#7197 = ORIENTED_EDGE ( 'NONE', *, *, #7426, .T. ) ;
#7198 = ADVANCED_FACE ( 'NONE', ( #10231 ), #10352, .F. ) ;
#7199 = CARTESIAN_POINT ( 'NONE',  ( 27.50000000000000000, 0.000000000000000000, -13.00000000000000000 ) ) ;
#7200 = ORIENTED_EDGE ( 'NONE', *, *, #9161, .F. ) ;
#7201 = CARTESIAN_POINT ( 'NONE',  ( -0.5000000000000073275, -20.60000000000002274, -14.00099999999999945 ) ) ;
#7202 = CARTESIAN_POINT ( 'NONE',  ( 55.49999999999999289, -141.5999999999999943, 3.000000000000000000 ) ) ;
#7203 = VERTEX_POINT ( 'NONE', #4123 ) ;
#7204 = CARTESIAN_POINT ( 'NONE',  ( 57.45000000000001705, 30.39999999999999858, 1.000000000000000000 ) ) ;
#7205 = EDGE_LOOP ( 'NONE', ( #4712, #110, #8245, #3848 ) ) ;
#7206 = VECTOR ( 'NONE', #6453, 1000.000000000000000 ) ;
#7207 = PLANE ( 'NONE',  #10161 ) ;
#7208 = CARTESIAN_POINT ( 'NONE',  ( 56.50000000000000000, 21.60000000000000142, -1.000000000000000000 ) ) ;
#7209 = VERTEX_POINT ( 'NONE', #2199 ) ;
#7210 = EDGE_CURVE ( 'NONE', #9552, #6651, #7706, .T. ) ;
#7211 = CARTESIAN_POINT ( 'NONE',  ( 18.50000000000000000, -0.2999999999999999889, 0.5000000000000000000 ) ) ;
#7212 = DIRECTION ( 'NONE',  ( 0.000000000000000000, 0.000000000000000000, -1.000000000000000000 ) ) ;
#7213 = ORIENTED_EDGE ( 'NONE', *, *, #3923, .T. ) ;
#7214 = DIRECTION ( 'NONE',  ( 0.000000000000000000, -1.000000000000000000, 0.000000000000000000 ) ) ;
#7215 = CARTESIAN_POINT ( 'NONE',  ( 19.49999999999999645, -44.60000000000002274, 3.000000000000000000 ) ) ;
#7216 = EDGE_CURVE ( 'NONE', #5278, #7696, #8356, .T. ) ;
#7217 = CARTESIAN_POINT ( 'NONE',  ( 3.079999999999999627, 22.91999999999999815, 1.000000000000000000 ) ) ;
#7218 = ORIENTED_EDGE ( 'NONE', *, *, #8669, .T. ) ;
#7219 = EDGE_CURVE ( 'NONE', #5980, #8846, #10292, .T. ) ;
#7220 = VERTEX_POINT ( 'NONE', #8582 ) ;
#7221 = ORIENTED_EDGE ( 'NONE', *, *, #4990, .T. ) ;
#7222 = DIRECTION ( 'NONE',  ( 0.000000000000000000, 0.000000000000000000, 1.000000000000000000 ) ) ;
#7223 = ORIENTED_EDGE ( 'NONE', *, *, #7616, .T. ) ;
#7224 = CARTESIAN_POINT ( 'NONE',  ( 39.49999999999999289, -26.60000000000001918, 1.000000000000000888 ) ) ;
#7225 = CARTESIAN_POINT ( 'NONE',  ( 6.999999999999992006, 31.39999999999999858, -2.999999999999971578 ) ) ;
#7226 = ORIENTED_EDGE ( 'NONE', *, *, #776, .F. ) ;
#7227 = CARTESIAN_POINT ( 'NONE',  ( 19.49999999999999645, -50.60000000000002274, 1.000000000000000888 ) ) ;
#7228 = CYLINDRICAL_SURFACE ( 'NONE', #10898, 3.000000000000002665 ) ;
#7229 = CARTESIAN_POINT ( 'NONE',  ( 27.50000000000000000, 0.000000000000000000, -7.799999999999999822 ) ) ;
#7230 = VECTOR ( 'NONE', #6500, 1000.000000000000000 ) ;
#7231 = EDGE_CURVE ( 'NONE', #571, #9224, #6572, .T. ) ;
#7232 = ORIENTED_EDGE ( 'NONE', *, *, #10132, .T. ) ;
#7233 = EDGE_LOOP ( 'NONE', ( #6633, #6767, #10369, #7911 ) ) ;
#7234 = VERTEX_POINT ( 'NONE', #5820 ) ;
#7235 = LINE ( 'NONE', #7179, #8467 ) ;
#7236 = CARTESIAN_POINT ( 'NONE',  ( 56.50000000000000000, 21.60000000000000142, -1.000000000000000000 ) ) ;
#7237 = CARTESIAN_POINT ( 'NONE',  ( 55.49999999999999289, -32.60000000000001563, -14.00099999999999945 ) ) ;
#7238 = LINE ( 'NONE', #974, #5850 ) ;
#7239 = DIRECTION ( 'NONE',  ( 0.000000000000000000, -1.000000000000000000, 0.000000000000000000 ) ) ;
#7240 = CARTESIAN_POINT ( 'NONE',  ( -0.5000000000000059952, -32.60000000000001563, 3.000000000000000000 ) ) ;
#7241 = CARTESIAN_POINT ( 'NONE',  ( -5.299999999999999822, 11.44999999999999929, -10.00000000000000000 ) ) ;
#7242 = EDGE_CURVE ( 'NONE', #5686, #207, #2455, .T. ) ;
#7243 = CARTESIAN_POINT ( 'NONE',  ( 39.49999999999998579, -14.60000000000001563, 1.000000000000000888 ) ) ;
#7244 = DIRECTION ( 'NONE',  ( -0.000000000000000000, 1.000000000000000000, -0.000000000000000000 ) ) ;
#7245 = ORIENTED_EDGE ( 'NONE', *, *, #2868, .T. ) ;
#7246 = ORIENTED_EDGE ( 'NONE', *, *, #6259, .F. ) ;
#7247 = AXIS2_PLACEMENT_3D ( 'NONE', #10900, #2916, #10017 ) ;
#7248 = CARTESIAN_POINT ( 'NONE',  ( -0.2999999999999949929, 23.09999999999999787, -1.000000000000000000 ) ) ;
#7249 = LINE ( 'NONE', #10783, #7447 ) ;
#7250 = LINE ( 'NONE', #3554, #3040 ) ;
#7251 = LINE ( 'NONE', #9777, #8534 ) ;
#7252 = ORIENTED_EDGE ( 'NONE', *, *, #3636, .T. ) ;
#7253 = FACE_OUTER_BOUND ( 'NONE', #363, .T. ) ;
#7254 = EDGE_CURVE ( 'NONE', #9927, #8475, #4890, .T. ) ;
#7255 = ORIENTED_EDGE ( 'NONE', *, *, #10705, .F. ) ;
#7256 = FACE_OUTER_BOUND ( 'NONE', #9080, .T. ) ;
#7257 = VECTOR ( 'NONE', #11473, 1000.000000000000000 ) ;
#7258 = CARTESIAN_POINT ( 'NONE',  ( -4.000000000000003553, -160.6000000000000227, 3.000000000000000000 ) ) ;
#7259 = ORIENTED_EDGE ( 'NONE', *, *, #5751, .F. ) ;
#7260 = LINE ( 'NONE', #56, #2248 ) ;
#7261 = EDGE_LOOP ( 'NONE', ( #9060, #7343, #11187, #1109 ) ) ;
#7262 = EDGE_CURVE ( 'NONE', #377, #11179, #4013, .T. ) ;
#7263 = LINE ( 'NONE', #942, #120 ) ;
#7264 = EDGE_LOOP ( 'NONE', ( #7778, #1550, #983, #893, #1890, #10907, #10359, #6662 ) ) ;
#7265 = AXIS2_PLACEMENT_3D ( 'NONE', #8184, #3728, #1269 ) ;
#7266 = LINE ( 'NONE', #1329, #1295 ) ;
#7267 = CARTESIAN_POINT ( 'NONE',  ( 60.55000000000000426, -160.6000000000000227, 1.000000000000000000 ) ) ;
#7268 = ADVANCED_FACE ( 'NONE', ( #1381 ), #3187, .F. ) ;
#7269 = VERTEX_POINT ( 'NONE', #5661 ) ;
#7270 = VECTOR ( 'NONE', #9977, 1000.000000000000000 ) ;
#7271 = FACE_OUTER_BOUND ( 'NONE', #5081, .T. ) ;
#7272 = FACE_OUTER_BOUND ( 'NONE', #4103, .T. ) ;
#7273 = VECTOR ( 'NONE', #7010, 1000.000000000000000 ) ;
#7274 = CARTESIAN_POINT ( 'NONE',  ( 57.20000000000000284, 0.000000000000000000, -14.00000000000000000 ) ) ;
#7275 = EDGE_LOOP ( 'NONE', ( #10101, #9786, #3104, #11236 ) ) ;
#7276 = ADVANCED_FACE ( 'NONE', ( #7481 ), #11066, .T. ) ;
#7277 = VECTOR ( 'NONE', #33, 1000.000000000000000 ) ;
#7278 = ORIENTED_EDGE ( 'NONE', *, *, #5317, .F. ) ;
#7279 = ORIENTED_EDGE ( 'NONE', *, *, #672, .F. ) ;
#7280 = DIRECTION ( 'NONE',  ( -0.000000000000000000, -1.000000000000000000, 0.000000000000000000 ) ) ;
#7281 = ORIENTED_EDGE ( 'NONE', *, *, #5139, .F. ) ;
#7282 = AXIS2_PLACEMENT_3D ( 'NONE', #2444, #5080, #7833 ) ;
#7283 = DIRECTION ( 'NONE',  ( 0.000000000000000000, -0.000000000000000000, 1.000000000000000000 ) ) ;
#7284 = FACE_OUTER_BOUND ( 'NONE', #8983, .T. ) ;
#7285 = EDGE_LOOP ( 'NONE', ( #3001, #1402, #5147, #2841 ) ) ;
#7286 = DIRECTION ( 'NONE',  ( 0.000000000000000000, -0.000000000000000000, 1.000000000000000000 ) ) ;
#7287 = AXIS2_PLACEMENT_3D ( 'NONE', #2272, #9426, #118 ) ;
#7288 = DIRECTION ( 'NONE',  ( -0.000000000000000000, -0.000000000000000000, -1.000000000000000000 ) ) ;
#7289 = PRODUCT_DEFINITION_SHAPE ( 'NONE', 'NONE',  #349 ) ;
#7290 = LINE ( 'NONE', #9175, #1156 ) ;
#7291 = CIRCLE ( 'NONE', #1299, 0.5000000000000000000 ) ;
#7292 = ORIENTED_EDGE ( 'NONE', *, *, #2010, .T. ) ;
#7293 = VERTEX_POINT ( 'NONE', #10585 ) ;
#7294 = VECTOR ( 'NONE', #3604, 1000.000000000000000 ) ;
#7295 = VERTEX_POINT ( 'NONE', #9526 ) ;
#7296 = CARTESIAN_POINT ( 'NONE',  ( 35.50000000000000000, -147.6000000000000227, 3.000000000000000000 ) ) ;
#7297 = DIRECTION ( 'NONE',  ( -1.000000000000000000, 0.000000000000000000, 0.000000000000000000 ) ) ;
#7298 = FACE_OUTER_BOUND ( 'NONE', #8181, .T. ) ;
#7299 = DIRECTION ( 'NONE',  ( -0.000000000000000000, -0.000000000000000000, 1.000000000000000000 ) ) ;
#7300 = VECTOR ( 'NONE', #4869, 1000.000000000000000 ) ;
#7301 = LINE ( 'NONE', #10889, #7277 ) ;
#7302 = EDGE_CURVE ( 'NONE', #9204, #6092, #11520, .T. ) ;
#7303 = DIRECTION ( 'NONE',  ( 0.000000000000000000, 1.000000000000000000, 0.000000000000000000 ) ) ;
#7304 = CARTESIAN_POINT ( 'NONE',  ( -0.5000000000000066613, -26.60000000000001918, -14.00099999999999945 ) ) ;
#7305 = EDGE_CURVE ( 'NONE', #602, #7209, #7937, .T. ) ;
#7306 = CARTESIAN_POINT ( 'NONE',  ( -0.5000000000000045519, -144.5999999999999943, -14.00099999999999945 ) ) ;
#7307 = CARTESIAN_POINT ( 'NONE',  ( 19.49999999999999289, -20.60000000000002274, -14.00099999999999945 ) ) ;
#7308 = EDGE_LOOP ( 'NONE', ( #8101, #7213, #1012, #4180 ) ) ;
#7309 = ORIENTED_EDGE ( 'NONE', *, *, #10137, .T. ) ;
#7310 = ORIENTED_EDGE ( 'NONE', *, *, #11126, .F. ) ;
#7311 = EDGE_CURVE ( 'NONE', #9928, #9993, #1553, .T. ) ;
#7312 = DIRECTION ( 'NONE',  ( -1.000000000000000000, -0.000000000000000000, -0.000000000000000000 ) ) ;
#7313 = CARTESIAN_POINT ( 'NONE',  ( 58.00000000000000711, 19.40000000000000213, -4.000000000000000000 ) ) ;
#7314 = LINE ( 'NONE', #6375, #10725 ) ;
#7315 = DIRECTION ( 'NONE',  ( 1.000000000000000000, 0.000000000000000000, 0.000000000000000000 ) ) ;
#7316 = EDGE_LOOP ( 'NONE', ( #8503, #10328, #10027, #4748 ) ) ;
#7317 = ORIENTED_EDGE ( 'NONE', *, *, #7108, .T. ) ;
#7318 = PLANE ( 'NONE',  #843 ) ;
#7319 = ORIENTED_EDGE ( 'NONE', *, *, #4184, .T. ) ;
#7320 = AXIS2_PLACEMENT_3D ( 'NONE', #5412, #1898, #2720 ) ;
#7321 = DIRECTION ( 'NONE',  ( -0.000000000000000000, 1.000000000000000000, 0.000000000000000000 ) ) ;
#7322 = ORIENTED_EDGE ( 'NONE', *, *, #8795, .T. ) ;
#7323 = EDGE_CURVE ( 'NONE', #5461, #3154, #3470, .T. ) ;
#7324 = CARTESIAN_POINT ( 'NONE',  ( 48.00000000000001421, 29.39999999999999503, -4.000000000000000000 ) ) ;
#7325 = PLANE ( 'NONE',  #11175 ) ;
#7326 = VECTOR ( 'NONE', #1307, 1000.000000000000000 ) ;
#7327 = ORIENTED_EDGE ( 'NONE', *, *, #4590, .F. ) ;
#7328 = LINE ( 'NONE', #1944, #9162 ) ;
#7329 = DIRECTION ( 'NONE',  ( -0.000000000000000000, -1.000000000000000000, -0.000000000000000000 ) ) ;
#7330 = ORIENTED_EDGE ( 'NONE', *, *, #5507, .F. ) ;
#7331 = EDGE_CURVE ( 'NONE', #11238, #5980, #9750, .T. ) ;
#7332 = AXIS2_PLACEMENT_3D ( 'NONE', #197, #7222, #1891 ) ;
#7333 = DIRECTION ( 'NONE',  ( 0.000000000000000000, 0.000000000000000000, -1.000000000000000000 ) ) ;
#7334 = CARTESIAN_POINT ( 'NONE',  ( -0.5000000000000066613, -23.60000000000001563, 1.000000000000000888 ) ) ;
#7335 = CARTESIAN_POINT ( 'NONE',  ( 19.49999999999999289, -17.60000000000001918, 1.000000000000000888 ) ) ;
#7336 = ORIENTED_EDGE ( 'NONE', *, *, #9602, .F. ) ;
#7337 = VECTOR ( 'NONE', #8294, 1000.000000000000000 ) ;
#7338 = EDGE_CURVE ( 'NONE', #3538, #6670, #11257, .T. ) ;
#7339 = ORIENTED_EDGE ( 'NONE', *, *, #7608, .T. ) ;
#7340 = AXIS2_PLACEMENT_3D ( 'NONE', #6534, #6358, #10119 ) ;
#7341 = ORIENTED_EDGE ( 'NONE', *, *, #6333, .T. ) ;
#7342 = DIRECTION ( 'NONE',  ( 1.000000000000000000, 0.000000000000000000, 0.000000000000000000 ) ) ;
#7343 = ORIENTED_EDGE ( 'NONE', *, *, #1566, .T. ) ;
#7344 = VECTOR ( 'NONE', #3093, 1000.000000000000000 ) ;
#7345 = CARTESIAN_POINT ( 'NONE',  ( -0.5000000000000066613, -23.60000000000001563, -14.00099999999999945 ) ) ;
#7346 = LINE ( 'NONE', #5532, #10052 ) ;
#7347 = ORIENTED_EDGE ( 'NONE', *, *, #1466, .T. ) ;
#7348 = AXIS2_PLACEMENT_3D ( 'NONE', #1806, #2808, #2747 ) ;
#7349 = ADVANCED_FACE ( 'NONE', ( #10464 ), #8872, .F. ) ;
#7350 = AXIS2_PLACEMENT_3D ( 'NONE', #11165, #4056, #6640 ) ;
#7351 = DIRECTION ( 'NONE',  ( 1.000000000000000000, 0.000000000000000000, 0.000000000000000000 ) ) ;
#7352 = CARTESIAN_POINT ( 'NONE',  ( 39.49999999999998579, -11.60000000000001386, 1.000000000000000888 ) ) ;
#7353 = AXIS2_PLACEMENT_3D ( 'NONE', #11590, #3479, #856 ) ;
#7354 = ORIENTED_EDGE ( 'NONE', *, *, #4930, .F. ) ;
#7355 = VECTOR ( 'NONE', #8694, 1000.000000000000000 ) ;
#7356 = EDGE_LOOP ( 'NONE', ( #9960, #5936, #667, #7928 ) ) ;
#7357 = ORIENTED_EDGE ( 'NONE', *, *, #9655, .T. ) ;
#7358 = LINE ( 'NONE', #2143, #3400 ) ;
#7359 = DIRECTION ( 'NONE',  ( -1.000000000000000000, 0.000000000000000000, 0.000000000000000000 ) ) ;
#7360 = LINE ( 'NONE', #148, #6689 ) ;
#7361 = LINE ( 'NONE', #10952, #3226 ) ;
#7362 = VECTOR ( 'NONE', #7572, 1000.000000000000000 ) ;
#7363 = FACE_OUTER_BOUND ( 'NONE', #7623, .T. ) ;
#7364 = ADVANCED_FACE ( 'NONE', ( #5065 ), #10635, .F. ) ;
#7365 = LINE ( 'NONE', #2907, #9732 ) ;
#7366 = FACE_OUTER_BOUND ( 'NONE', #418, .T. ) ;
#7367 = CARTESIAN_POINT ( 'NONE',  ( -0.5000000000000038858, -150.6000000000000227, 3.000000000000000000 ) ) ;
#7368 = CARTESIAN_POINT ( 'NONE',  ( 15.49999999999999467, -29.60000000000001563, -14.00099999999999945 ) ) ;
#7369 = ORIENTED_EDGE ( 'NONE', *, *, #6157, .F. ) ;
#7370 = VERTEX_POINT ( 'NONE', #5931 ) ;
#7371 = VECTOR ( 'NONE', #7871, 1000.000000000000000 ) ;
#7372 = ADVANCED_FACE ( 'NONE', ( #4182 ), #11345, .T. ) ;
#7373 = VERTEX_POINT ( 'NONE', #11290 ) ;
#7374 = EDGE_CURVE ( 'NONE', #7574, #8861, #788, .T. ) ;
#7375 = DIRECTION ( 'NONE',  ( 1.000000000000000000, 0.000000000000000000, 0.000000000000000000 ) ) ;
#7376 = CARTESIAN_POINT ( 'NONE',  ( 19.50000000000000000, 0.000000000000000000, 1.000000000000000000 ) ) ;
#7377 = FACE_OUTER_BOUND ( 'NONE', #10576, .T. ) ;
#7378 = DIRECTION ( 'NONE',  ( 0.000000000000000000, 0.000000000000000000, 1.000000000000000000 ) ) ;
#7379 = ORIENTED_EDGE ( 'NONE', *, *, #7974, .F. ) ;
#7380 = ORIENTED_EDGE ( 'NONE', *, *, #11280, .F. ) ;
#7381 = EDGE_CURVE ( 'NONE', #10802, #10881, #615, .T. ) ;
#7382 = CARTESIAN_POINT ( 'NONE',  ( -0.5000000000000038858, -50.60000000000002274, 1.000000000000000888 ) ) ;
#7383 = ORIENTED_EDGE ( 'NONE', *, *, #6011, .T. ) ;
#7384 = VERTEX_POINT ( 'NONE', #1661 ) ;
#7385 = DIRECTION ( 'NONE',  ( -0.000000000000000000, -0.000000000000000000, 1.000000000000000000 ) ) ;
#7386 = CARTESIAN_POINT ( 'NONE',  ( 2.500000000000035083, 26.89999999999999858, 0.5000000000000000000 ) ) ;
#7387 = DIRECTION ( 'NONE',  ( -1.000000000000000000, 0.000000000000000000, 0.000000000000000000 ) ) ;
#7388 = VERTEX_POINT ( 'NONE', #6049 ) ;
#7389 = FACE_OUTER_BOUND ( 'NONE', #10921, .T. ) ;
#7390 = DIRECTION ( 'NONE',  ( 0.000000000000000000, 1.000000000000000000, 0.000000000000000000 ) ) ;
#7391 = VERTEX_POINT ( 'NONE', #6933 ) ;
#7392 = DIRECTION ( 'NONE',  ( 0.000000000000000000, -0.000000000000000000, 1.000000000000000000 ) ) ;
#7393 = DIRECTION ( 'NONE',  ( 0.000000000000000000, -1.000000000000000000, 0.000000000000000000 ) ) ;
#7394 = EDGE_CURVE ( 'NONE', #3182, #7391, #5229, .T. ) ;
#7395 = DIRECTION ( 'NONE',  ( -1.000000000000000000, 0.000000000000000000, 0.000000000000000000 ) ) ;
#7396 = CARTESIAN_POINT ( 'NONE',  ( 35.50000000000000000, -138.5999999999999943, -14.00099999999999945 ) ) ;
#7397 = VECTOR ( 'NONE', #7395, 1000.000000000000000 ) ;
#7398 = ORIENTED_EDGE ( 'NONE', *, *, #1502, .T. ) ;
#7399 = EDGE_LOOP ( 'NONE', ( #8307, #4005, #6066, #8522 ) ) ;
#7400 = ORIENTED_EDGE ( 'NONE', *, *, #2250, .T. ) ;
#7401 = CARTESIAN_POINT ( 'NONE',  ( 59.99999999999998579, 34.39999999999999858, 1.000000000000000000 ) ) ;
#7402 = EDGE_LOOP ( 'NONE', ( #9099, #8683, #9290, #7021 ) ) ;
#7403 = DIRECTION ( 'NONE',  ( 0.000000000000000000, 1.000000000000000000, 0.000000000000000000 ) ) ;
#7404 = CARTESIAN_POINT ( 'NONE',  ( 39.49999999999999289, -132.5999999999999943, 3.000000000000000000 ) ) ;
#7405 = ORIENTED_EDGE ( 'NONE', *, *, #7577, .T. ) ;
#7406 = PLANE ( 'NONE',  #5968 ) ;
#7407 = CARTESIAN_POINT ( 'NONE',  ( 2.500000000000039968, 27.40000000000000213, 0.5000000000000000000 ) ) ;
#7408 = EDGE_CURVE ( 'NONE', #7388, #5416, #3359, .T. ) ;
#7409 = DIRECTION ( 'NONE',  ( -0.000000000000000000, -0.000000000000000000, 1.000000000000000000 ) ) ;
#7410 = VERTEX_POINT ( 'NONE', #669 ) ;
#7411 = EDGE_CURVE ( 'NONE', #8462, #5876, #8809, .T. ) ;
#7412 = ORIENTED_EDGE ( 'NONE', *, *, #11388, .F. ) ;
#7413 = ORIENTED_EDGE ( 'NONE', *, *, #4808, .F. ) ;
#7414 = CARTESIAN_POINT ( 'NONE',  ( 55.49999999999999289, -129.5999999999999943, -14.00099999999999945 ) ) ;
#7415 = LINE ( 'NONE', #11004, #11107 ) ;
#7416 = DIRECTION ( 'NONE',  ( -0.000000000000000000, 1.000000000000000000, 0.000000000000000000 ) ) ;
#7417 = DIRECTION ( 'NONE',  ( -0.000000000000000000, -0.000000000000000000, 1.000000000000000000 ) ) ;
#7418 = LINE ( 'NONE', #4012, #10865 ) ;
#7419 = DIRECTION ( 'NONE',  ( -0.000000000000000000, -1.000000000000000000, 0.000000000000000000 ) ) ;
#7420 = LINE ( 'NONE', #11010, #11204 ) ;
#7421 = AXIS2_PLACEMENT_3D ( 'NONE', #7504, #2118, #2169 ) ;
#7422 = CARTESIAN_POINT ( 'NONE',  ( -0.5000000000000045519, -41.60000000000001563, -14.00099999999999945 ) ) ;
#7423 = DIRECTION ( 'NONE',  ( -1.000000000000000000, -4.336808689942015271E-16, 0.000000000000000000 ) ) ;
#7424 = ORIENTED_EDGE ( 'NONE', *, *, #11070, .F. ) ;
#7425 = ORIENTED_EDGE ( 'NONE', *, *, #3319, .F. ) ;
#7426 = EDGE_CURVE ( 'NONE', #9075, #7566, #2486, .T. ) ;
#7427 = EDGE_LOOP ( 'NONE', ( #9371, #733, #619, #6072 ) ) ;
#7428 = VECTOR ( 'NONE', #78, 1000.000000000000000 ) ;
#7429 = DIRECTION ( 'NONE',  ( 1.000000000000000000, 0.000000000000000000, 0.000000000000000000 ) ) ;
#7430 = CARTESIAN_POINT ( 'NONE',  ( 19.49999999999999289, -29.60000000000001563, -14.00099999999999945 ) ) ;
#7431 = DIRECTION ( 'NONE',  ( 2.356961244533720211E-16, -1.000000000000000000, 0.000000000000000000 ) ) ;
#7432 = ORIENTED_EDGE ( 'NONE', *, *, #2603, .T. ) ;
#7433 = CARTESIAN_POINT ( 'NONE',  ( 19.49999999999999645, -147.6000000000000227, 1.000000000000000888 ) ) ;
#7434 = EDGE_CURVE ( 'NONE', #571, #10441, #8747, .T. ) ;
#7435 = ORIENTED_EDGE ( 'NONE', *, *, #9981, .F. ) ;
#7436 = ADVANCED_FACE ( 'NONE', ( #1074 ), #6228, .F. ) ;
#7437 = DIRECTION ( 'NONE',  ( 0.000000000000000000, 0.000000000000000000, 1.000000000000000000 ) ) ;
#7438 = VERTEX_POINT ( 'NONE', #7991 ) ;
#7439 = ORIENTED_EDGE ( 'NONE', *, *, #5635, .F. ) ;
#7440 = LINE ( 'NONE', #10198, #6526 ) ;
#7441 = EDGE_CURVE ( 'NONE', #5636, #6588, #3590, .T. ) ;
#7442 = LINE ( 'NONE', #4746, #1172 ) ;
#7443 = FACE_BOUND ( 'NONE', #9852, .T. ) ;
#7444 = ORIENTED_EDGE ( 'NONE', *, *, #11393, .F. ) ;
#7445 = FACE_OUTER_BOUND ( 'NONE', #5117, .T. ) ;
#7446 = VERTEX_POINT ( 'NONE', #8163 ) ;
#7447 = VECTOR ( 'NONE', #2741, 1000.000000000000000 ) ;
#7448 = LINE ( 'NONE', #2995, #1364 ) ;
#7449 = EDGE_CURVE ( 'NONE', #8709, #379, #10701, .T. ) ;
#7450 = CARTESIAN_POINT ( 'NONE',  ( -0.5000000000000066613, -26.60000000000001918, -14.00099999999999945 ) ) ;
#7451 = EDGE_CURVE ( 'NONE', #6182, #3486, #10050, .T. ) ;
#7452 = CARTESIAN_POINT ( 'NONE',  ( -0.2999999999999924949, 6.949999999999999289, 0.5000000000000000000 ) ) ;
#7453 = ADVANCED_FACE ( 'NONE', ( #10877 ), #6348, .F. ) ;
#7454 = FACE_OUTER_BOUND ( 'NONE', #6444, .T. ) ;
#7455 = VERTEX_POINT ( 'NONE', #7172 ) ;
#7456 = AXIS2_PLACEMENT_3D ( 'NONE', #1221, #4906, #5674 ) ;
#7457 = ORIENTED_EDGE ( 'NONE', *, *, #5868, .F. ) ;
#7458 = EDGE_CURVE ( 'NONE', #10136, #2970, #7132, .T. ) ;
#7459 = LINE ( 'NONE', #3058, #5085 ) ;
#7460 = VECTOR ( 'NONE', #11037, 1000.000000000000000 ) ;
#7461 = ORIENTED_EDGE ( 'NONE', *, *, #10670, .T. ) ;
#7462 = FACE_OUTER_BOUND ( 'NONE', #10630, .T. ) ;
#7463 = CARTESIAN_POINT ( 'NONE',  ( 39.49999999999999289, -150.6000000000000227, -14.00099999999999945 ) ) ;
#7464 = ORIENTED_EDGE ( 'NONE', *, *, #3415, .T. ) ;
#7465 = DIRECTION ( 'NONE',  ( -0.000000000000000000, -0.000000000000000000, 1.000000000000000000 ) ) ;
#7466 = DIRECTION ( 'NONE',  ( 0.000000000000000000, 0.000000000000000000, -1.000000000000000000 ) ) ;
#7467 = AXIS2_PLACEMENT_3D ( 'NONE', #8063, #6243, #1854 ) ;
#7468 = DIRECTION ( 'NONE',  ( 0.000000000000000000, 1.000000000000000000, 0.000000000000000000 ) ) ;
#7469 = VECTOR ( 'NONE', #1862, 1000.000000000000000 ) ;
#7470 = VECTOR ( 'NONE', #11210, 1000.000000000000000 ) ;
#7471 = EDGE_LOOP ( 'NONE', ( #1516, #7517, #5402, #10055 ) ) ;
#7472 = VECTOR ( 'NONE', #6195, 1000.000000000000000 ) ;
#7473 = EDGE_LOOP ( 'NONE', ( #8954, #10186, #2532, #293 ) ) ;
#7474 = VERTEX_POINT ( 'NONE', #9815 ) ;
#7475 = EDGE_CURVE ( 'NONE', #4530, #9641, #5589, .T. ) ;
#7476 = CARTESIAN_POINT ( 'NONE',  ( 35.49999999999999289, -20.60000000000002274, 3.000000000000000000 ) ) ;
#7477 = VERTEX_POINT ( 'NONE', #4533 ) ;
#7478 = AXIS2_PLACEMENT_3D ( 'NONE', #6777, #5943, #5076 ) ;
#7479 = LINE ( 'NONE', #10121, #2130 ) ;
#7480 = PLANE ( 'NONE',  #9922 ) ;
#7481 = FACE_OUTER_BOUND ( 'NONE', #4464, .T. ) ;
#7482 = DIRECTION ( 'NONE',  ( 0.000000000000000000, 0.000000000000000000, 1.000000000000000000 ) ) ;
#7483 = DIRECTION ( 'NONE',  ( -0.000000000000000000, -1.000000000000000000, 0.000000000000000000 ) ) ;
#7484 = VECTOR ( 'NONE', #1011, 1000.000000000000000 ) ;
#7485 = EDGE_CURVE ( 'NONE', #9104, #10809, #10942, .T. ) ;
#7486 = DIRECTION ( 'NONE',  ( 0.000000000000000000, 1.000000000000000000, 0.000000000000000000 ) ) ;
#7487 = ORIENTED_EDGE ( 'NONE', *, *, #8213, .F. ) ;
#7488 = AXIS2_PLACEMENT_3D ( 'NONE', #9871, #2719, #6346 ) ;
#7489 = ORIENTED_EDGE ( 'NONE', *, *, #7305, .F. ) ;
#7490 = ORIENTED_EDGE ( 'NONE', *, *, #2690, .F. ) ;
#7491 = ADVANCED_FACE ( 'NONE', ( #3529 ), #4588, .F. ) ;
#7492 = CARTESIAN_POINT ( 'NONE',  ( -0.5000000000000052180, -38.60000000000002274, -14.00099999999999945 ) ) ;
#7493 = AXIS2_PLACEMENT_3D ( 'NONE', #8886, #2614, #11478 ) ;
#7494 = CARTESIAN_POINT ( 'NONE',  ( -0.5000000000000066613, -129.5999999999999943, 1.000000000000000888 ) ) ;
#7495 = DIRECTION ( 'NONE',  ( -0.000000000000000000, -1.000000000000000000, -0.000000000000000000 ) ) ;
#7496 = CARTESIAN_POINT ( 'NONE',  ( 15.49999999999999645, -144.5999999999999943, 3.000000000000000000 ) ) ;
#7497 = ORIENTED_EDGE ( 'NONE', *, *, #5996, .T. ) ;
#7498 = ADVANCED_FACE ( 'NONE', ( #8929 ), #9173, .F. ) ;
#7499 = CARTESIAN_POINT ( 'NONE',  ( 19.49999999999999645, -41.60000000000001563, 3.000000000000000000 ) ) ;
#7500 = ORIENTED_EDGE ( 'NONE', *, *, #4677, .F. ) ;
#7501 = VERTEX_POINT ( 'NONE', #8994 ) ;
#7502 = LINE ( 'NONE', #1173, #10088 ) ;
#7503 = DIRECTION ( 'NONE',  ( 0.000000000000000000, 0.000000000000000000, 1.000000000000000000 ) ) ;
#7504 = CARTESIAN_POINT ( 'NONE',  ( 19.50000000000000000, 0.000000000000000000, -13.00000000000000000 ) ) ;
#7505 = ORIENTED_EDGE ( 'NONE', *, *, #11379, .F. ) ;
#7506 = PLANE ( 'NONE',  #1280 ) ;
#7507 = ORIENTED_EDGE ( 'NONE', *, *, #5399, .T. ) ;
#7508 = CARTESIAN_POINT ( 'NONE',  ( 0.000000000000000000, 0.000000000000000000, -13.00000000000000000 ) ) ;
#7509 = CARTESIAN_POINT ( 'NONE',  ( 19.49999999999999289, -114.6000000000000085, 1.000000000000000888 ) ) ;
#7510 = CARTESIAN_POINT ( 'NONE',  ( 39.49999999999999289, -38.60000000000002274, 3.000000000000000000 ) ) ;
#7511 = CARTESIAN_POINT ( 'NONE',  ( 19.49999999999999289, -23.60000000000001563, 3.000000000000000000 ) ) ;
#7512 = ORIENTED_EDGE ( 'NONE', *, *, #7055, .T. ) ;
#7513 = ORIENTED_EDGE ( 'NONE', *, *, #9036, .T. ) ;
#7514 = VECTOR ( 'NONE', #9468, 1000.000000000000000 ) ;
#7515 = EDGE_CURVE ( 'NONE', #1980, #8815, #1961, .T. ) ;
#7516 = CARTESIAN_POINT ( 'NONE',  ( 35.50000000000000000, 0.2000000000000000111, 0.5000000000000000000 ) ) ;
#7517 = ORIENTED_EDGE ( 'NONE', *, *, #6350, .T. ) ;
#7518 = DIRECTION ( 'NONE',  ( -0.000000000000000000, -0.000000000000000000, 1.000000000000000000 ) ) ;
#7519 = DIRECTION ( 'NONE',  ( -1.000000000000000000, 0.000000000000000000, 0.000000000000000000 ) ) ;
#7520 = VERTEX_POINT ( 'NONE', #902 ) ;
#7521 = CARTESIAN_POINT ( 'NONE',  ( 39.49999999999999289, -50.60000000000002274, 3.000000000000000000 ) ) ;
#7522 = AXIS2_PLACEMENT_3D ( 'NONE', #3826, #10817, #963 ) ;
#7523 = CARTESIAN_POINT ( 'NONE',  ( 15.49999999999999645, -50.60000000000002274, 1.000000000000000888 ) ) ;
#7524 = CIRCLE ( 'NONE', #1157, 1.549999999999995826 ) ;
#7525 = EDGE_CURVE ( 'NONE', #8709, #5446, #10816, .T. ) ;
#7526 = AXIS2_PLACEMENT_3D ( 'NONE', #11155, #6680, #10387 ) ;
#7527 = EDGE_LOOP ( 'NONE', ( #6532, #10211, #4982, #2070 ) ) ;
#7528 = EDGE_LOOP ( 'NONE', ( #5728, #5404, #1667, #5565, #4197, #4992 ) ) ;
#7529 = ORIENTED_EDGE ( 'NONE', *, *, #2858, .T. ) ;
#7530 = DIRECTION ( 'NONE',  ( 0.000000000000000000, 1.000000000000000000, 0.000000000000000000 ) ) ;
#7531 = CARTESIAN_POINT ( 'NONE',  ( 39.49999999999999289, -135.5999999999999943, -14.00099999999999945 ) ) ;
#7532 = ORIENTED_EDGE ( 'NONE', *, *, #2440, .T. ) ;
#7533 = AXIS2_PLACEMENT_3D ( 'NONE', #1388, #4957, #505 ) ;
#7534 = DIRECTION ( 'NONE',  ( -1.000000000000000000, 0.000000000000000000, 0.000000000000000000 ) ) ;
#7535 = PLANE ( 'NONE',  #3162 ) ;
#7536 = CARTESIAN_POINT ( 'NONE',  ( 55.50000000000000000, 4.000000000000000000, -1.000000000000000000 ) ) ;
#7537 = LINE ( 'NONE', #2033, #1093 ) ;
#7538 = VECTOR ( 'NONE', #9488, 1000.000000000000000 ) ;
#7539 = DIRECTION ( 'NONE',  ( 1.000000000000000000, 0.000000000000000000, 0.000000000000000000 ) ) ;
#7540 = EDGE_CURVE ( 'NONE', #908, #4802, #9936, .T. ) ;
#7541 = AXIS2_PLACEMENT_3D ( 'NONE', #4502, #8138, #9844 ) ;
#7542 = ORIENTED_EDGE ( 'NONE', *, *, #11319, .F. ) ;
#7543 = VERTEX_POINT ( 'NONE', #10698 ) ;
#7544 = VERTEX_POINT ( 'NONE', #18 ) ;
#7545 = DIRECTION ( 'NONE',  ( -0.000000000000000000, -0.000000000000000000, 1.000000000000000000 ) ) ;
#7546 = AXIS2_PLACEMENT_3D ( 'NONE', #7056, #2610, #2672 ) ;
#7547 = CARTESIAN_POINT ( 'NONE',  ( 55.49999999999999289, -38.60000000000002274, 1.000000000000000888 ) ) ;
#7548 = DIRECTION ( 'NONE',  ( -1.000000000000000000, 0.000000000000000000, 0.000000000000000000 ) ) ;
#7549 = LINE ( 'NONE', #5723, #3320 ) ;
#7550 = ADVANCED_FACE ( 'NONE', ( #3649 ), #7228, .F. ) ;
#7551 = CARTESIAN_POINT ( 'NONE',  ( -0.5000000000000066613, -126.5999999999999943, -14.00099999999999945 ) ) ;
#7552 = VECTOR ( 'NONE', #6575, 1000.000000000000000 ) ;
#7553 = ORIENTED_EDGE ( 'NONE', *, *, #6665, .T. ) ;
#7554 = VERTEX_POINT ( 'NONE', #6412 ) ;
#7555 = FACE_OUTER_BOUND ( 'NONE', #3898, .T. ) ;
#7556 = EDGE_CURVE ( 'NONE', #1697, #6292, #5535, .T. ) ;
#7557 = DIRECTION ( 'NONE',  ( 1.219727444046191995E-16, -1.000000000000000000, 0.000000000000000000 ) ) ;
#7558 = FACE_BOUND ( 'NONE', #2311, .T. ) ;
#7559 = ORIENTED_EDGE ( 'NONE', *, *, #11570, .F. ) ;
#7560 = CARTESIAN_POINT ( 'NONE',  ( 19.49999999999999645, -41.60000000000001563, -14.00099999999999945 ) ) ;
#7561 = ORIENTED_EDGE ( 'NONE', *, *, #7656, .F. ) ;
#7562 = LINE ( 'NONE', #11148, #419 ) ;
#7563 = DIRECTION ( 'NONE',  ( 1.000000000000000000, 0.000000000000000000, 0.000000000000000000 ) ) ;
#7564 = LINE ( 'NONE', #4924, #4201 ) ;
#7565 = LINE ( 'NONE', #10208, #5047 ) ;
#7566 = VERTEX_POINT ( 'NONE', #11109 ) ;
#7567 = VECTOR ( 'NONE', #447, 1000.000000000000000 ) ;
#7568 = EDGE_CURVE ( 'NONE', #9523, #3694, #4050, .T. ) ;
#7569 = ORIENTED_EDGE ( 'NONE', *, *, #10451, .F. ) ;
#7570 = LINE ( 'NONE', #9448, #976 ) ;
#7571 = VERTEX_POINT ( 'NONE', #5865 ) ;
#7572 = DIRECTION ( 'NONE',  ( -1.000000000000000000, 0.000000000000000000, 0.000000000000000000 ) ) ;
#7573 = DIRECTION ( 'NONE',  ( 0.000000000000000000, 0.000000000000000000, 1.000000000000000000 ) ) ;
#7574 = VERTEX_POINT ( 'NONE', #374 ) ;
#7575 = CARTESIAN_POINT ( 'NONE',  ( -0.2999999999999944933, 23.09999999999999787, 0.5000000000000000000 ) ) ;
#7576 = CARTESIAN_POINT ( 'NONE',  ( 39.49999999999999289, -150.6000000000000227, 1.000000000000000888 ) ) ;
#7577 = EDGE_CURVE ( 'NONE', #196, #4265, #3941, .T. ) ;
#7578 = LINE ( 'NONE', #9231, #7703 ) ;
#7579 = ADVANCED_FACE ( 'NONE', ( #11214 ), #4820, .F. ) ;
#7580 = EDGE_CURVE ( 'NONE', #2630, #8691, #7885, .T. ) ;
#7581 = ORIENTED_EDGE ( 'NONE', *, *, #10992, .F. ) ;
#7582 = ORIENTED_EDGE ( 'NONE', *, *, #2376, .T. ) ;
#7583 = VERTEX_POINT ( 'NONE', #314 ) ;
#7584 = DIRECTION ( 'NONE',  ( 1.000000000000000000, 0.000000000000000000, 0.000000000000000000 ) ) ;
#7585 = DIRECTION ( 'NONE',  ( 1.000000000000000000, 0.000000000000000000, 0.000000000000000000 ) ) ;
#7586 = EDGE_LOOP ( 'NONE', ( #2074, #250, #8985, #1608 ) ) ;
#7587 = LINE ( 'NONE', #9634, #1561 ) ;
#7588 = EDGE_CURVE ( 'NONE', #5318, #10781, #261, .T. ) ;
#7589 = DIRECTION ( 'NONE',  ( -1.000000000000000000, 0.000000000000000000, 0.000000000000000000 ) ) ;
#7590 = CARTESIAN_POINT ( 'NONE',  ( -0.5000000000000059952, -32.60000000000001563, 1.000000000000000888 ) ) ;
#7591 = LINE ( 'NONE', #10124, #1275 ) ;
#7592 = PLANE ( 'NONE',  #9074 ) ;
#7593 = ORIENTED_EDGE ( 'NONE', *, *, #2858, .F. ) ;
#7594 = ORIENTED_EDGE ( 'NONE', *, *, #1446, .T. ) ;
#7595 = ORIENTED_EDGE ( 'NONE', *, *, #7700, .F. ) ;
#7596 = DIRECTION ( 'NONE',  ( 0.000000000000000000, -1.000000000000000000, 0.000000000000000000 ) ) ;
#7597 = DIRECTION ( 'NONE',  ( 0.000000000000000000, 0.9063077870366479383, -0.4226182617407039377 ) ) ;
#7598 = CARTESIAN_POINT ( 'NONE',  ( 19.49999999999999645, -47.60000000000001563, 1.000000000000000888 ) ) ;
#7599 = EDGE_CURVE ( 'NONE', #1569, #2228, #1196, .T. ) ;
#7600 = DIRECTION ( 'NONE',  ( -0.000000000000000000, -0.000000000000000000, -1.000000000000000000 ) ) ;
#7601 = LINE ( 'NONE', #3970, #8749 ) ;
#7602 = DIRECTION ( 'NONE',  ( -1.000000000000000000, 0.000000000000000000, 0.000000000000000000 ) ) ;
#7603 = ORIENTED_EDGE ( 'NONE', *, *, #6563, .F. ) ;
#7604 = VECTOR ( 'NONE', #10663, 1000.000000000000000 ) ;
#7605 = ORIENTED_EDGE ( 'NONE', *, *, #1136, .T. ) ;
#7606 = CARTESIAN_POINT ( 'NONE',  ( 35.49999999999999289, -132.5999999999999943, 3.000000000000000000 ) ) ;
#7607 = CARTESIAN_POINT ( 'NONE',  ( -0.5000000000000038858, -153.6000000000000227, 3.000000000000000000 ) ) ;
#7608 = EDGE_CURVE ( 'NONE', #8576, #6336, #8396, .T. ) ;
#7609 = FACE_OUTER_BOUND ( 'NONE', #6867, .T. ) ;
#7610 = ORIENTED_EDGE ( 'NONE', *, *, #6265, .T. ) ;
#7611 = LINE ( 'NONE', #3097, #7460 ) ;
#7612 = ORIENTED_EDGE ( 'NONE', *, *, #4570, .F. ) ;
#7613 = CARTESIAN_POINT ( 'NONE',  ( 27.50000000000000000, -2.272520068876680011, 0.02826803116136170080 ) ) ;
#7614 = DIRECTION ( 'NONE',  ( 0.000000000000000000, 1.000000000000000000, 0.000000000000000000 ) ) ;
#7615 = DIRECTION ( 'NONE',  ( 0.000000000000000000, 0.000000000000000000, -1.000000000000000000 ) ) ;
#7616 = EDGE_CURVE ( 'NONE', #8861, #1923, #3173, .T. ) ;
#7617 = CARTESIAN_POINT ( 'NONE',  ( 35.49999999999999289, -17.60000000000001918, -14.00099999999999945 ) ) ;
#7618 = ORIENTED_EDGE ( 'NONE', *, *, #8549, .F. ) ;
#7619 = DIRECTION ( 'NONE',  ( -0.000000000000000000, 1.000000000000000000, 0.000000000000000000 ) ) ;
#7620 = EDGE_CURVE ( 'NONE', #10068, #10324, #4768, .T. ) ;
#7621 = VECTOR ( 'NONE', #4101, 1000.000000000000000 ) ;
#7622 = DIRECTION ( 'NONE',  ( -1.000000000000000000, -0.000000000000000000, -0.000000000000000000 ) ) ;
#7623 = EDGE_LOOP ( 'NONE', ( #2930, #7941, #8205, #10506 ) ) ;
#7624 = CARTESIAN_POINT ( 'NONE',  ( -3.000000000000003553, 6.949999999999998401, -13.00000000000000000 ) ) ;
#7625 = CARTESIAN_POINT ( 'NONE',  ( 19.49999999999999289, -26.60000000000001918, -14.00099999999999945 ) ) ;
#7626 = ORIENTED_EDGE ( 'NONE', *, *, #8125, .T. ) ;
#7627 = CARTESIAN_POINT ( 'NONE',  ( 19.49999999999999289, -20.60000000000002274, 3.000000000000000000 ) ) ;
#7628 = DIRECTION ( 'NONE',  ( 0.000000000000000000, 0.000000000000000000, 1.000000000000000000 ) ) ;
#7629 = DIRECTION ( 'NONE',  ( -2.356961244533720211E-16, 1.000000000000000000, 0.000000000000000000 ) ) ;
#7630 = ADVANCED_FACE ( 'NONE', ( #6687 ), #8344, .F. ) ;
#7631 = AXIS2_PLACEMENT_3D ( 'NONE', #7199, #10788, #4559 ) ;
#7632 = ORIENTED_EDGE ( 'NONE', *, *, #9471, .T. ) ;
#7633 = VECTOR ( 'NONE', #578, 1000.000000000000000 ) ;
#7634 = VERTEX_POINT ( 'NONE', #6578 ) ;
#7635 = ORIENTED_EDGE ( 'NONE', *, *, #2920, .T. ) ;
#7636 = DIRECTION ( 'NONE',  ( -1.000000000000000000, 0.000000000000000000, 0.000000000000000000 ) ) ;
#7637 = CARTESIAN_POINT ( 'NONE',  ( 15.49999999999999645, -153.6000000000000227, -14.00099999999999945 ) ) ;
#7638 = EDGE_LOOP ( 'NONE', ( #136, #3829, #4478, #8115 ) ) ;
#7639 = DIRECTION ( 'NONE',  ( -0.000000000000000000, -0.000000000000000000, -1.000000000000000000 ) ) ;
#7640 = VECTOR ( 'NONE', #94, 1000.000000000000000 ) ;
#7641 = VERTEX_POINT ( 'NONE', #4879 ) ;
#7642 = CARTESIAN_POINT ( 'NONE',  ( 27.50000000000000000, 24.40000000000000213, -8.300000000000000711 ) ) ;
#7643 = AXIS2_PLACEMENT_3D ( 'NONE', #2927, #2056, #2873 ) ;
#7644 = DIRECTION ( 'NONE',  ( 1.000000000000000000, -0.000000000000000000, 0.000000000000000000 ) ) ;
#7645 = CARTESIAN_POINT ( 'NONE',  ( -3.299999999999999822, -2.385244779468105317E-16, 0.000000000000000000 ) ) ;
#7646 = AXIS2_PLACEMENT_3D ( 'NONE', #6742, #11105, #8507 ) ;
#7647 = LINE ( 'NONE', #3128, #9113 ) ;
#7648 = ORIENTED_EDGE ( 'NONE', *, *, #9439, .T. ) ;
#7649 = AXIS2_PLACEMENT_3D ( 'NONE', #5379, #8964, #2629 ) ;
#7650 = ORIENTED_EDGE ( 'NONE', *, *, #5233, .T. ) ;
#7651 = AXIS2_PLACEMENT_3D ( 'NONE', #2756, #5516, #4571 ) ;
#7652 = ORIENTED_EDGE ( 'NONE', *, *, #8125, .F. ) ;
#7653 = ADVANCED_FACE ( 'NONE', ( #2189 ), #10996, .F. ) ;
#7654 = LINE ( 'NONE', #5014, #6202 ) ;
#7655 = CARTESIAN_POINT ( 'NONE',  ( 39.49999999999999289, -41.60000000000001563, 1.000000000000000888 ) ) ;
#7656 = EDGE_CURVE ( 'NONE', #3629, #762, #5644, .T. ) ;
#7657 = DIRECTION ( 'NONE',  ( 0.000000000000000000, -1.000000000000000000, 0.000000000000000000 ) ) ;
#7658 = EDGE_CURVE ( 'NONE', #475, #1332, #8510, .T. ) ;
#7659 = VECTOR ( 'NONE', #6335, 1000.000000000000000 ) ;
#7660 = DIRECTION ( 'NONE',  ( 1.000000000000000000, 0.000000000000000000, 0.000000000000000000 ) ) ;
#7661 = DIRECTION ( 'NONE',  ( -0.000000000000000000, -0.000000000000000000, 1.000000000000000000 ) ) ;
#7662 = VECTOR ( 'NONE', #8300, 1000.000000000000114 ) ;
#7663 = DIRECTION ( 'NONE',  ( 0.000000000000000000, 0.000000000000000000, -1.000000000000000000 ) ) ;
#7664 = VERTEX_POINT ( 'NONE', #8454 ) ;
#7665 = EDGE_CURVE ( 'NONE', #196, #7373, #10167, .T. ) ;
#7666 = VERTEX_POINT ( 'NONE', #5700 ) ;
#7667 = AXIS2_PLACEMENT_3D ( 'NONE', #7145, #939, #5381 ) ;
#7668 = DIRECTION ( 'NONE',  ( -1.000000000000000000, 0.000000000000000000, 0.000000000000000000 ) ) ;
#7669 = DIRECTION ( 'NONE',  ( 0.000000000000000000, 1.000000000000000000, 0.000000000000000000 ) ) ;
#7670 = FACE_BOUND ( 'NONE', #2098, .T. ) ;
#7671 = ORIENTED_EDGE ( 'NONE', *, *, #9780, .F. ) ;
#7672 = CARTESIAN_POINT ( 'NONE',  ( 39.49999999999999289, -135.5999999999999943, 1.000000000000000888 ) ) ;
#7673 = ORIENTED_EDGE ( 'NONE', *, *, #840, .F. ) ;
#7674 = VECTOR ( 'NONE', #682, 1000.000000000000000 ) ;
#7675 = CARTESIAN_POINT ( 'NONE',  ( 34.50000000000000000, 25.89999999999999858, -10.00000000000000000 ) ) ;
#7676 = CARTESIAN_POINT ( 'NONE',  ( 15.49999999999999289, -14.60000000000001563, -14.00099999999999945 ) ) ;
#7677 = SURFACE_STYLE_USAGE ( .BOTH. , #8722 ) ;
#7678 = EDGE_CURVE ( 'NONE', #7293, #8529, #9283, .T. ) ;
#7679 = DIRECTION ( 'NONE',  ( -4.336808689942015271E-16, 0.000000000000000000, 1.000000000000000000 ) ) ;
#7680 = ORIENTED_EDGE ( 'NONE', *, *, #5986, .T. ) ;
#7681 = CARTESIAN_POINT ( 'NONE',  ( 35.49999999999999289, -117.6000000000000085, 1.000000000000000000 ) ) ;
#7682 = CARTESIAN_POINT ( 'NONE',  ( 28.50000000000000000, 27.90000000000000213, -14.00000000000000000 ) ) ;
#7683 = EDGE_LOOP ( 'NONE', ( #450, #7398, #7900, #1593 ) ) ;
#7684 = EDGE_CURVE ( 'NONE', #6236, #3028, #4000, .T. ) ;
#7685 = DIRECTION ( 'NONE',  ( 0.000000000000000000, -1.000000000000000000, 0.000000000000000000 ) ) ;
#7686 = LINE ( 'NONE', #4984, #1471 ) ;
#7687 = ORIENTED_EDGE ( 'NONE', *, *, #1512, .F. ) ;
#7688 = FACE_OUTER_BOUND ( 'NONE', #5994, .T. ) ;
#7689 = CARTESIAN_POINT ( 'NONE',  ( 39.49999999999999289, -129.5999999999999943, -14.00099999999999945 ) ) ;
#7690 = CARTESIAN_POINT ( 'NONE',  ( 57.45000000000001705, -160.6000000000000227, 3.000000000000000000 ) ) ;
#7691 = ADVANCED_FACE ( 'NONE', ( #6086 ), #11386, .F. ) ;
#7692 = DIRECTION ( 'NONE',  ( 1.000000000000000000, -0.000000000000000000, 0.000000000000000000 ) ) ;
#7693 = AXIS2_PLACEMENT_3D ( 'NONE', #4410, #3416, #2372 ) ;
#7694 = VERTEX_POINT ( 'NONE', #9568 ) ;
#7695 = ORIENTED_EDGE ( 'NONE', *, *, #8669, .F. ) ;
#7696 = VERTEX_POINT ( 'NONE', #11272 ) ;
#7697 = FACE_OUTER_BOUND ( 'NONE', #1740, .T. ) ;
#7698 = CARTESIAN_POINT ( 'NONE',  ( -0.5000000000000073275, -123.6000000000000085, -14.00099999999999945 ) ) ;
#7699 = VERTEX_POINT ( 'NONE', #3455 ) ;
#7700 = EDGE_CURVE ( 'NONE', #7712, #7733, #8792, .T. ) ;
#7701 = CARTESIAN_POINT ( 'NONE',  ( -3.000000000000003553, -149.6000000000000227, 1.000000000000000000 ) ) ;
#7702 = ORIENTED_EDGE ( 'NONE', *, *, #10828, .F. ) ;
#7703 = VECTOR ( 'NONE', #3880, 1000.000000000000000 ) ;
#7704 = CARTESIAN_POINT ( 'NONE',  ( 19.49999999999999289, -135.5999999999999943, 1.000000000000000888 ) ) ;
#7705 = AXIS2_PLACEMENT_3D ( 'NONE', #10862, #8034, #5520 ) ;
#7706 = LINE ( 'NONE', #1318, #9952 ) ;
#7707 = CARTESIAN_POINT ( 'NONE',  ( -3.265688774807065098, 10.44999999999999929, 0.000000000000000000 ) ) ;
#7708 = CARTESIAN_POINT ( 'NONE',  ( -0.5000000000000079936, -14.60000000000001563, -14.00099999999999945 ) ) ;
#7709 = AXIS2_PLACEMENT_3D ( 'NONE', #6573, #10267, #2182 ) ;
#7710 = ORIENTED_EDGE ( 'NONE', *, *, #5845, .F. ) ;
#7711 = VECTOR ( 'NONE', #10706, 1000.000000000000000 ) ;
#7712 = VERTEX_POINT ( 'NONE', #2470 ) ;
#7713 = CARTESIAN_POINT ( 'NONE',  ( 56.50000000000000000, 5.950000000000000178, 0.5000000000000000000 ) ) ;
#7714 = LINE ( 'NONE', #506, #8558 ) ;
#7715 = EDGE_CURVE ( 'NONE', #6844, #3809, #4987, .T. ) ;
#7716 = VECTOR ( 'NONE', #440, 999.9999999999998863 ) ;
#7717 = CARTESIAN_POINT ( 'NONE',  ( 19.49999999999999645, -38.60000000000002274, -14.00099999999999945 ) ) ;
#7718 = VECTOR ( 'NONE', #2223, 1000.000000000000000 ) ;
#7719 = CARTESIAN_POINT ( 'NONE',  ( 27.50000000000000000, 27.83521725564219906, -0.9329137320915459330 ) ) ;
#7720 = DIRECTION ( 'NONE',  ( 0.000000000000000000, 0.7071067811865474617, 0.7071067811865474617 ) ) ;
#7721 = VECTOR ( 'NONE', #5319, 1000.000000000000000 ) ;
#7722 = EDGE_CURVE ( 'NONE', #9449, #6024, #5051, .T. ) ;
#7723 = CARTESIAN_POINT ( 'NONE',  ( 2.500000000000000000, 25.39999999999999858, 0.5000000000000000000 ) ) ;
#7724 = VERTEX_POINT ( 'NONE', #7750 ) ;
#7725 = EDGE_CURVE ( 'NONE', #7694, #10, #1477, .T. ) ;
#7726 = ADVANCED_FACE ( 'NONE', ( #5158 ), #8565, .F. ) ;
#7727 = ORIENTED_EDGE ( 'NONE', *, *, #4866, .T. ) ;
#7728 = AXIS2_PLACEMENT_3D ( 'NONE', #10305, #2271, #5074 ) ;
#7729 = CARTESIAN_POINT ( 'NONE',  ( 57.00000000000000000, 4.000000000000000000, 0.5000000000000000000 ) ) ;
#7730 = AXIS2_PLACEMENT_3D ( 'NONE', #8551, #5962, #6793 ) ;
#7731 = CARTESIAN_POINT ( 'NONE',  ( 60.00000000000001421, -164.6000000000000227, 3.000000000000000000 ) ) ;
#7732 = CARTESIAN_POINT ( 'NONE',  ( 15.49999999999999645, -144.5999999999999943, 1.000000000000000888 ) ) ;
#7733 = VERTEX_POINT ( 'NONE', #655 ) ;
#7734 = ADVANCED_FACE ( 'NONE', ( #768 ), #1642, .T. ) ;
#7735 = CARTESIAN_POINT ( 'NONE',  ( 56.71110922711549307, 10.44999999999999929, -13.00000000000000000 ) ) ;
#7736 = ORIENTED_EDGE ( 'NONE', *, *, #6890, .F. ) ;
#7737 = AXIS2_PLACEMENT_3D ( 'NONE', #77, #957, #4292 ) ;
#7738 = DIRECTION ( 'NONE',  ( 0.000000000000000000, 1.000000000000000000, 0.000000000000000000 ) ) ;
#7739 = DIRECTION ( 'NONE',  ( -4.921201350288809599E-16, 1.000000000000000000, 0.000000000000000000 ) ) ;
#7740 = CARTESIAN_POINT ( 'NONE',  ( 55.19999999999999574, 6.949999999999999289, -7.799999999999999822 ) ) ;
#7741 = DIRECTION ( 'NONE',  ( 0.000000000000000000, 1.000000000000000000, 0.000000000000000000 ) ) ;
#7742 = ORIENTED_EDGE ( 'NONE', *, *, #7338, .F. ) ;
#7743 = DIRECTION ( 'NONE',  ( -1.387778780781445873E-15, 0.000000000000000000, -1.000000000000000000 ) ) ;
#7744 = LINE ( 'NONE', #5326, #5261 ) ;
#7745 = VERTEX_POINT ( 'NONE', #4166 ) ;
#7746 = CARTESIAN_POINT ( 'NONE',  ( 51.20000000000000284, 25.89999999999999858, 3.000000000000000000 ) ) ;
#7747 = EDGE_CURVE ( 'NONE', #4695, #2981, #6808, .T. ) ;
#7748 = CARTESIAN_POINT ( 'NONE',  ( 35.50000000000000000, 25.39999999999999858, 0.5000000000000000000 ) ) ;
#7749 = EDGE_LOOP ( 'NONE', ( #264, #3611, #9073, #5811 ) ) ;
#7750 = CARTESIAN_POINT ( 'NONE',  ( 15.49999999999999645, -50.60000000000002274, 1.000000000000000000 ) ) ;
#7751 = DIRECTION ( 'NONE',  ( 0.000000000000000000, 1.000000000000000000, 0.000000000000000000 ) ) ;
#7752 = EDGE_LOOP ( 'NONE', ( #7866, #11307, #1059, #9459 ) ) ;
#7753 = ORIENTED_EDGE ( 'NONE', *, *, #169, .F. ) ;
#7754 = ORIENTED_EDGE ( 'NONE', *, *, #10015, .T. ) ;
#7755 = CARTESIAN_POINT ( 'NONE',  ( 6.999999999999992006, -159.5999999999999943, 1.000000000000000000 ) ) ;
#7756 = CARTESIAN_POINT ( 'NONE',  ( -0.5000000000000038858, -153.6000000000000227, -14.00099999999999945 ) ) ;
#7757 = ORIENTED_EDGE ( 'NONE', *, *, #7678, .T. ) ;
#7758 = DIRECTION ( 'NONE',  ( 0.000000000000000000, 0.000000000000000000, -1.000000000000000000 ) ) ;
#7759 = EDGE_CURVE ( 'NONE', #1386, #4985, #9506, .T. ) ;
#7760 = LINE ( 'NONE', #10459, #10423 ) ;
#7761 = EDGE_LOOP ( 'NONE', ( #7594, #2555, #5221, #8429 ) ) ;
#7762 = DIRECTION ( 'NONE',  ( -1.239088197126291803E-16, 1.000000000000000000, 0.000000000000000000 ) ) ;
#7763 = DIRECTION ( 'NONE',  ( 1.000000000000000000, 0.000000000000000000, 0.000000000000000000 ) ) ;
#7764 = LINE ( 'NONE', #11346, #8397 ) ;
#7765 = DIRECTION ( 'NONE',  ( -0.000000000000000000, -1.000000000000000000, -0.000000000000000000 ) ) ;
#7766 = EDGE_CURVE ( 'NONE', #10316, #2299, #10394, .T. ) ;
#7767 = ORIENTED_EDGE ( 'NONE', *, *, #6723, .T. ) ;
#7768 = AXIS2_PLACEMENT_3D ( 'NONE', #10260, #11096, #3101 ) ;
#7769 = ORIENTED_EDGE ( 'NONE', *, *, #10754, .F. ) ;
#7770 = CARTESIAN_POINT ( 'NONE',  ( -0.5000000000000052180, -38.60000000000002274, 3.000000000000000000 ) ) ;
#7771 = CARTESIAN_POINT ( 'NONE',  ( -2.450000000000004174, 30.39999999999999858, 1.000000000000000000 ) ) ;
#7772 = CARTESIAN_POINT ( 'NONE',  ( 39.49999999999999289, -147.6000000000000227, -14.00099999999999945 ) ) ;
#7773 = EDGE_CURVE ( 'NONE', #11565, #7013, #2581, .T. ) ;
#7774 = LINE ( 'NONE', #6833, #171 ) ;
#7775 = DIRECTION ( 'NONE',  ( -0.000000000000000000, -0.000000000000000000, 1.000000000000000000 ) ) ;
#7776 = DIRECTION ( 'NONE',  ( -1.000000000000000000, -0.000000000000000000, -0.000000000000000000 ) ) ;
#7777 = CARTESIAN_POINT ( 'NONE',  ( 18.50000000000000000, -1.300000000000000044, 0.5000000000000000000 ) ) ;
#7778 = ORIENTED_EDGE ( 'NONE', *, *, #2966, .T. ) ;
#7779 = EDGE_CURVE ( 'NONE', #5283, #9822, #8732, .T. ) ;
#7780 = VERTEX_POINT ( 'NONE', #6920 ) ;
#7781 = LINE ( 'NONE', #3322, #11403 ) ;
#7782 = LINE ( 'NONE', #6013, #10925 ) ;
#7783 = DIRECTION ( 'NONE',  ( -1.000000000000000000, 0.000000000000000000, 0.000000000000000000 ) ) ;
#7784 = VERTEX_POINT ( 'NONE', #4339 ) ;
#7785 = DIRECTION ( 'NONE',  ( 0.000000000000000000, 0.000000000000000000, 1.000000000000000000 ) ) ;
#7786 = ORIENTED_EDGE ( 'NONE', *, *, #10883, .F. ) ;
#7787 = CARTESIAN_POINT ( 'NONE',  ( 0.000000000000000000, 25.39999999999999858, 0.5000000000000000000 ) ) ;
#7788 = CARTESIAN_POINT ( 'NONE',  ( 18.21999999999999886, 10.92500000000000071, 1.000000000000000000 ) ) ;
#7789 = CARTESIAN_POINT ( 'NONE',  ( 19.49999999999999645, -44.60000000000002274, 1.000000000000000888 ) ) ;
#7790 = CARTESIAN_POINT ( 'NONE',  ( 51.20000000000000284, -1.300000000000000044, 3.000000000000000000 ) ) ;
#7791 = EDGE_LOOP ( 'NONE', ( #3333, #9228, #4058, #1142 ) ) ;
#7792 = ORIENTED_EDGE ( 'NONE', *, *, #4566, .T. ) ;
#7793 = VECTOR ( 'NONE', #1832, 1000.000000000000000 ) ;
#7794 = LINE ( 'NONE', #1758, #6766 ) ;
#7795 = ORIENTED_EDGE ( 'NONE', *, *, #6972, .F. ) ;
#7796 = ADVANCED_FACE ( 'NONE', ( #6148 ), #1418, .F. ) ;
#7797 = FACE_OUTER_BOUND ( 'NONE', #5921, .T. ) ;
#7798 = ADVANCED_FACE ( 'NONE', ( #2414 ), #1589, .F. ) ;
#7799 = DIRECTION ( 'NONE',  ( 0.000000000000000000, 0.000000000000000000, 1.000000000000000000 ) ) ;
#7800 = ORIENTED_EDGE ( 'NONE', *, *, #9241, .F. ) ;
#7801 = CARTESIAN_POINT ( 'NONE',  ( 35.50000000000000000, -0.2999999999999999889, 0.5000000000000000000 ) ) ;
#7802 = DIRECTION ( 'NONE',  ( 0.000000000000000000, 0.000000000000000000, -1.000000000000000000 ) ) ;
#7803 = DIRECTION ( 'NONE',  ( -0.000000000000000000, -0.000000000000000000, 1.000000000000000000 ) ) ;
#7804 = EDGE_CURVE ( 'NONE', #7438, #4203, #10568, .T. ) ;
#7805 = VECTOR ( 'NONE', #7134, 1000.000000000000000 ) ;
#7806 = ORIENTED_EDGE ( 'NONE', *, *, #10999, .T. ) ;
#7807 = VERTEX_POINT ( 'NONE', #7975 ) ;
#7808 = ORIENTED_EDGE ( 'NONE', *, *, #5882, .F. ) ;
#7809 = LINE ( 'NONE', #11396, #9957 ) ;
#7810 = ORIENTED_EDGE ( 'NONE', *, *, #6362, .F. ) ;
#7811 = CARTESIAN_POINT ( 'NONE',  ( -0.5000000000000079936, -14.60000000000001563, 3.000000000000000000 ) ) ;
#7812 = CARTESIAN_POINT ( 'NONE',  ( 60.00000000000001421, 19.40000000000000213, -2.999999999999971578 ) ) ;
#7813 = EDGE_LOOP ( 'NONE', ( #9472, #7868, #11340, #279 ) ) ;
#7814 = CARTESIAN_POINT ( 'NONE',  ( 19.49999999999999645, -153.6000000000000227, -14.00099999999999945 ) ) ;
#7815 = CARTESIAN_POINT ( 'NONE',  ( -4.000000000000003553, 30.39999999999999858, 3.000000000000000000 ) ) ;
#7816 = CARTESIAN_POINT ( 'NONE',  ( 39.49999999999999289, -138.5999999999999943, 3.000000000000000000 ) ) ;
#7817 = VECTOR ( 'NONE', #8825, 1000.000000000000000 ) ;
#7818 = DIRECTION ( 'NONE',  ( -1.000000000000000000, 0.000000000000000000, 0.000000000000000000 ) ) ;
#7819 = EDGE_CURVE ( 'NONE', #8528, #6460, #9736, .T. ) ;
#7820 = ORIENTED_EDGE ( 'NONE', *, *, #2250, .F. ) ;
#7821 = ORIENTED_EDGE ( 'NONE', *, *, #4035, .F. ) ;
#7822 = AXIS2_PLACEMENT_3D ( 'NONE', #9295, #1262, #11125 ) ;
#7823 = CARTESIAN_POINT ( 'NONE',  ( 58.16568877480710142, 6.949999999999999289, 0.000000000000000000 ) ) ;
#7824 = LINE ( 'NONE', #28, #2666 ) ;
#7825 = LINE ( 'NONE', #9645, #4072 ) ;
#7826 = DIRECTION ( 'NONE',  ( 0.000000000000000000, 0.000000000000000000, -1.000000000000000000 ) ) ;
#7827 = VECTOR ( 'NONE', #6904, 1000.000000000000000 ) ;
#7828 = EDGE_CURVE ( 'NONE', #2825, #7699, #4575, .T. ) ;
#7829 = LINE ( 'NONE', #3314, #2796 ) ;
#7830 = CARTESIAN_POINT ( 'NONE',  ( 15.49999999999999467, -135.5999999999999943, -14.00099999999999945 ) ) ;
#7831 = LINE ( 'NONE', #4135, #10264 ) ;
#7832 = VECTOR ( 'NONE', #3249, 1000.000000000000000 ) ;
#7833 = DIRECTION ( 'NONE',  ( -1.000000000000000000, 0.000000000000000000, 0.000000000000000000 ) ) ;
#7834 = ORIENTED_EDGE ( 'NONE', *, *, #3291, .F. ) ;
#7835 = VECTOR ( 'NONE', #2337, 1000.000000000000000 ) ;
#7836 = EDGE_CURVE ( 'NONE', #6881, #8195, #6331, .T. ) ;
#7837 = ORIENTED_EDGE ( 'NONE', *, *, #6179, .T. ) ;
#7838 = LINE ( 'NONE', #3265, #7078 ) ;
#7839 = AXIS2_PLACEMENT_3D ( 'NONE', #9429, #3374, #11360 ) ;
#7840 = LINE ( 'NONE', #3323, #9595 ) ;
#7841 = DIRECTION ( 'NONE',  ( 0.000000000000000000, 0.000000000000000000, -1.000000000000000000 ) ) ;
#7842 = ORIENTED_EDGE ( 'NONE', *, *, #4210, .T. ) ;
#7843 = EDGE_CURVE ( 'NONE', #3390, #4812, #2462, .T. ) ;
#7844 = VECTOR ( 'NONE', #8030, 1000.000000000000000 ) ;
#7845 = LINE ( 'NONE', #7903, #3509 ) ;
#7846 = VERTEX_POINT ( 'NONE', #9040 ) ;
#7847 = CARTESIAN_POINT ( 'NONE',  ( 35.50000000000000000, -1.300000000000000044, 1.000000000000000000 ) ) ;
#7848 = VECTOR ( 'NONE', #7862, 1000.000000000000000 ) ;
#7849 = ORIENTED_EDGE ( 'NONE', *, *, #3983, .F. ) ;
#7850 = CARTESIAN_POINT ( 'NONE',  ( -0.5000000000000038858, -50.60000000000002274, -14.00099999999999945 ) ) ;
#7851 = ORIENTED_EDGE ( 'NONE', *, *, #11421, .T. ) ;
#7852 = VECTOR ( 'NONE', #7184, 1000.000000000000000 ) ;
#7853 = CARTESIAN_POINT ( 'NONE',  ( -0.2999999999999914402, -3.717264591378770392E-17, -13.00000000000000000 ) ) ;
#7854 = ORIENTED_EDGE ( 'NONE', *, *, #936, .T. ) ;
#7855 = AXIS2_PLACEMENT_3D ( 'NONE', #9496, #5040, #9725 ) ;
#7856 = CARTESIAN_POINT ( 'NONE',  ( 55.49999999999999289, -120.6000000000000085, -14.00099999999999945 ) ) ;
#7857 = CARTESIAN_POINT ( 'NONE',  ( 55.49999999999999289, -26.60000000000001918, 3.000000000000000000 ) ) ;
#7858 = VERTEX_POINT ( 'NONE', #7096 ) ;
#7859 = DIRECTION ( 'NONE',  ( 0.000000000000000000, -1.000000000000000000, 0.000000000000000000 ) ) ;
#7860 = CARTESIAN_POINT ( 'NONE',  ( 55.49999999999999289, -129.5999999999999943, 3.000000000000000000 ) ) ;
#7861 = EDGE_CURVE ( 'NONE', #4681, #1448, #1343, .T. ) ;
#7862 = DIRECTION ( 'NONE',  ( -0.000000000000000000, -1.000000000000000000, 0.000000000000000000 ) ) ;
#7863 = EDGE_LOOP ( 'NONE', ( #8890, #6152, #5787, #8948 ) ) ;
#7864 = EDGE_CURVE ( 'NONE', #2370, #4802, #8858, .T. ) ;
#7865 = ADVANCED_FACE ( 'NONE', ( #4454 ), #947, .F. ) ;
#7866 = ORIENTED_EDGE ( 'NONE', *, *, #7302, .F. ) ;
#7867 = ORIENTED_EDGE ( 'NONE', *, *, #845, .F. ) ;
#7868 = ORIENTED_EDGE ( 'NONE', *, *, #8103, .T. ) ;
#7869 = LINE ( 'NONE', #11455, #1724 ) ;
#7870 = ORIENTED_EDGE ( 'NONE', *, *, #6764, .F. ) ;
#7871 = DIRECTION ( 'NONE',  ( -0.000000000000000000, -1.000000000000000000, 0.000000000000000000 ) ) ;
#7872 = DIRECTION ( 'NONE',  ( 0.000000000000000000, 0.000000000000000000, -1.000000000000000000 ) ) ;
#7873 = EDGE_LOOP ( 'NONE', ( #8801, #436, #1711, #4139 ) ) ;
#7874 = DIRECTION ( 'NONE',  ( 0.000000000000000000, -1.000000000000000000, 0.000000000000000000 ) ) ;
#7875 = CARTESIAN_POINT ( 'NONE',  ( 0.000000000000000000, 17.44999999999999929, -14.00000000000000000 ) ) ;
#7876 = CARTESIAN_POINT ( 'NONE',  ( 39.49999999999999289, -147.6000000000000227, 1.000000000000000888 ) ) ;
#7877 = EDGE_CURVE ( 'NONE', #5518, #1797, #10710, .T. ) ;
#7878 = LINE ( 'NONE', #4359, #10229 ) ;
#7879 = AXIS2_PLACEMENT_3D ( 'NONE', #6466, #961, #8223 ) ;
#7880 = ORIENTED_EDGE ( 'NONE', *, *, #4065, .T. ) ;
#7881 = ORIENTED_EDGE ( 'NONE', *, *, #753, .T. ) ;
#7882 = DIRECTION ( 'NONE',  ( -1.000000000000000000, -1.219727444046191995E-16, 0.000000000000000000 ) ) ;
#7883 = CYLINDRICAL_SURFACE ( 'NONE', #5276, 0.5000000000000000000 ) ;
#7884 = DIRECTION ( 'NONE',  ( 1.000000000000000000, 0.000000000000000000, 0.000000000000000000 ) ) ;
#7885 = CIRCLE ( 'NONE', #411, 0.5000000000000004441 ) ;
#7886 = CARTESIAN_POINT ( 'NONE',  ( 15.49999999999999645, -147.6000000000000227, 1.000000000000000888 ) ) ;
#7887 = CARTESIAN_POINT ( 'NONE',  ( 35.49999999999999289, -17.60000000000001918, 3.000000000000000000 ) ) ;
#7888 = VECTOR ( 'NONE', #5528, 1000.000000000000000 ) ;
#7889 = CARTESIAN_POINT ( 'NONE',  ( 15.49999999999999467, -132.5999999999999943, 3.000000000000000000 ) ) ;
#7890 = FACE_OUTER_BOUND ( 'NONE', #11078, .T. ) ;
#7891 = ADVANCED_FACE ( 'NONE', ( #188 ), #1884, .F. ) ;
#7892 = CARTESIAN_POINT ( 'NONE',  ( -0.5000000000000066613, -129.5999999999999943, 1.000000000000000888 ) ) ;
#7893 = VERTEX_POINT ( 'NONE', #10684 ) ;
#7894 = VECTOR ( 'NONE', #11585, 1000.000000000000000 ) ;
#7895 = VERTEX_POINT ( 'NONE', #886 ) ;
#7896 = VECTOR ( 'NONE', #8044, 1000.000000000000000 ) ;
#7897 = DIRECTION ( 'NONE',  ( -0.000000000000000000, -1.000000000000000000, -0.000000000000000000 ) ) ;
#7898 = CARTESIAN_POINT ( 'NONE',  ( 0.000000000000000000, -160.5999999999999943, -4.000000000000000000 ) ) ;
#7899 = LINE ( 'NONE', #11488, #6091 ) ;
#7900 = ORIENTED_EDGE ( 'NONE', *, *, #5317, .T. ) ;
#7901 = VECTOR ( 'NONE', #9378, 1000.000000000000000 ) ;
#7902 = VECTOR ( 'NONE', #1503, 1000.000000000000000 ) ;
#7903 = CARTESIAN_POINT ( 'NONE',  ( 57.16629794778800289, 2.449999999999999734, 0.03489949670250389741 ) ) ;
#7904 = EDGE_CURVE ( 'NONE', #6588, #10558, #3749, .T. ) ;
#7905 = VERTEX_POINT ( 'NONE', #3510 ) ;
#7906 = PLANE ( 'NONE',  #5666 ) ;
#7907 = DIRECTION ( 'NONE',  ( -1.000000000000000000, 0.000000000000000000, 0.000000000000000000 ) ) ;
#7908 = VECTOR ( 'NONE', #2338, 1000.000000000000114 ) ;
#7909 = EDGE_LOOP ( 'NONE', ( #7687, #5622, #11282, #10357 ) ) ;
#7910 = CARTESIAN_POINT ( 'NONE',  ( 55.49999999999999289, -29.60000000000001563, -14.00099999999999945 ) ) ;
#7911 = ORIENTED_EDGE ( 'NONE', *, *, #91, .F. ) ;
#7912 = VECTOR ( 'NONE', #2721, 1000.000000000000000 ) ;
#7913 = EDGE_CURVE ( 'NONE', #7981, #9688, #7157, .T. ) ;
#7914 = LINE ( 'NONE', #9791, #3388 ) ;
#7915 = ORIENTED_EDGE ( 'NONE', *, *, #7759, .F. ) ;
#7916 = AXIS2_PLACEMENT_3D ( 'NONE', #2730, #10772, #8060 ) ;
#7917 = CARTESIAN_POINT ( 'NONE',  ( 59.00000000000001421, -160.6000000000000227, 1.000000000000000000 ) ) ;
#7918 = DIRECTION ( 'NONE',  ( 1.000000000000000000, 0.000000000000000000, 0.000000000000000000 ) ) ;
#7919 = EDGE_LOOP ( 'NONE', ( #10696, #131, #11129, #6118 ) ) ;
#7920 = DIRECTION ( 'NONE',  ( 0.000000000000000000, -0.000000000000000000, 1.000000000000000000 ) ) ;
#7921 = DIRECTION ( 'NONE',  ( 0.000000000000000000, 1.000000000000000000, -0.000000000000000000 ) ) ;
#7922 = CARTESIAN_POINT ( 'NONE',  ( 48.00000000000001421, 29.39999999999999503, 1.000000000000000000 ) ) ;
#7923 = VERTEX_POINT ( 'NONE', #6210 ) ;
#7924 = VECTOR ( 'NONE', #4875, 1000.000000000000000 ) ;
#7925 = EDGE_CURVE ( 'NONE', #6464, #5893, #9798, .T. ) ;
#7926 = EDGE_LOOP ( 'NONE', ( #5092, #1440, #11130, #2207 ) ) ;
#7927 = ORIENTED_EDGE ( 'NONE', *, *, #10549, .T. ) ;
#7928 = ORIENTED_EDGE ( 'NONE', *, *, #3551, .F. ) ;
#7929 = PLANE ( 'NONE',  #11094 ) ;
#7930 = EDGE_LOOP ( 'NONE', ( #2588, #10837, #7757, #71 ) ) ;
#7931 = DIRECTION ( 'NONE',  ( -0.000000000000000000, -1.000000000000000000, -0.000000000000000000 ) ) ;
#7932 = EDGE_CURVE ( 'NONE', #2717, #752, #9096, .T. ) ;
#7933 = LINE ( 'NONE', #11516, #4235 ) ;
#7934 = ORIENTED_EDGE ( 'NONE', *, *, #6449, .T. ) ;
#7935 = CARTESIAN_POINT ( 'NONE',  ( 55.00000000000000000, 5.950000000000000178, 0.5000000000000000000 ) ) ;
#7936 = EDGE_CURVE ( 'NONE', #3538, #8782, #122, .T. ) ;
#7937 = LINE ( 'NONE', #2599, #4881 ) ;
#7938 = DIRECTION ( 'NONE',  ( 1.000000000000000000, 0.000000000000000000, 0.000000000000000000 ) ) ;
#7939 = CARTESIAN_POINT ( 'NONE',  ( 28.50000000000000000, 25.89999999999999858, -14.00000000000000000 ) ) ;
#7940 = ORIENTED_EDGE ( 'NONE', *, *, #1422, .T. ) ;
#7941 = ORIENTED_EDGE ( 'NONE', *, *, #3651, .T. ) ;
#7942 = ADVANCED_FACE ( 'NONE', ( #7271 ), #10746, .T. ) ;
#7943 = CARTESIAN_POINT ( 'NONE',  ( 35.49999999999999289, -132.5999999999999943, 1.000000000000000888 ) ) ;
#7944 = CYLINDRICAL_SURFACE ( 'NONE', #793, 3.524999999999999911 ) ;
#7945 = LINE ( 'NONE', #5072, #11197 ) ;
#7946 = CARTESIAN_POINT ( 'NONE',  ( 39.49999999999999289, -35.60000000000002274, -14.00099999999999945 ) ) ;
#7947 = CARTESIAN_POINT ( 'NONE',  ( -5.000000000000003553, 19.40000000000000213, -2.999999999999999112 ) ) ;
#7948 = ADVANCED_FACE ( 'NONE', ( #9980 ), #5331, .T. ) ;
#7949 = LINE ( 'NONE', #7007, #3543 ) ;
#7950 = CARTESIAN_POINT ( 'NONE',  ( 0.000000000000000000, 10.44999999999999929, 1.000000000000000000 ) ) ;
#7951 = AXIS2_PLACEMENT_3D ( 'NONE', #10435, #5964, #9557 ) ;
#7952 = CARTESIAN_POINT ( 'NONE',  ( 19.49999999999999645, -150.6000000000000227, 1.000000000000000888 ) ) ;
#7953 = ORIENTED_EDGE ( 'NONE', *, *, #3056, .T. ) ;
#7954 = ORIENTED_EDGE ( 'NONE', *, *, #3497, .F. ) ;
#7955 = EDGE_CURVE ( 'NONE', #4395, #10985, #4521, .T. ) ;
#7956 = DIRECTION ( 'NONE',  ( 0.000000000000000000, 1.000000000000000000, 0.000000000000000000 ) ) ;
#7957 = CARTESIAN_POINT ( 'NONE',  ( 35.50000000000000000, -41.60000000000001563, 3.000000000000000000 ) ) ;
#7958 = CYLINDRICAL_SURFACE ( 'NONE', #3668, 1.549999999999995826 ) ;
#7959 = VERTEX_POINT ( 'NONE', #11095 ) ;
#7960 = DIRECTION ( 'NONE',  ( 0.000000000000000000, 1.000000000000000000, 0.000000000000000000 ) ) ;
#7961 = ORIENTED_EDGE ( 'NONE', *, *, #245, .F. ) ;
#7962 = CARTESIAN_POINT ( 'NONE',  ( 51.20000000000000284, 27.40000000000000213, 1.000000000000000000 ) ) ;
#7963 = CARTESIAN_POINT ( 'NONE',  ( 55.49999999999999289, -44.60000000000002274, 1.000000000000000000 ) ) ;
#7964 = ORIENTED_EDGE ( 'NONE', *, *, #6157, .T. ) ;
#7965 = DIRECTION ( 'NONE',  ( -1.000000000000000000, 0.000000000000000000, 0.000000000000000000 ) ) ;
#7966 = EDGE_LOOP ( 'NONE', ( #3146, #3757, #8057, #777 ) ) ;
#7967 = EDGE_CURVE ( 'NONE', #9588, #5169, #4807, .T. ) ;
#7968 = CARTESIAN_POINT ( 'NONE',  ( 15.49999999999999467, -26.60000000000001918, -14.00099999999999945 ) ) ;
#7969 = DIRECTION ( 'NONE',  ( -0.000000000000000000, -1.000000000000000000, 0.000000000000000000 ) ) ;
#7970 = ORIENTED_EDGE ( 'NONE', *, *, #9135, .T. ) ;
#7971 = CARTESIAN_POINT ( 'NONE',  ( -0.5000000000000079936, -14.60000000000001563, 1.000000000000000888 ) ) ;
#7972 = DIRECTION ( 'NONE',  ( 0.000000000000000000, 0.000000000000000000, 1.000000000000000000 ) ) ;
#7973 = ORIENTED_EDGE ( 'NONE', *, *, #5555, .F. ) ;
#7974 = EDGE_CURVE ( 'NONE', #5374, #1140, #7524, .T. ) ;
#7975 = CARTESIAN_POINT ( 'NONE',  ( 28.50000000000000000, 25.89999999999999858, -10.00000000000000000 ) ) ;
#7976 = LINE ( 'NONE', #5275, #409 ) ;
#7977 = CARTESIAN_POINT ( 'NONE',  ( 27.50000000000000000, 24.40000000000000213, 0.000000000000000000 ) ) ;
#7978 = EDGE_LOOP ( 'NONE', ( #6090, #1128, #1690, #7082 ) ) ;
#7979 = AXIS2_PLACEMENT_3D ( 'NONE', #4529, #10874, #10813 ) ;
#7980 = EDGE_CURVE ( 'NONE', #10835, #862, #3051, .T. ) ;
#7981 = VERTEX_POINT ( 'NONE', #8269 ) ;
#7982 = ORIENTED_EDGE ( 'NONE', *, *, #483, .F. ) ;
#7983 = VERTEX_POINT ( 'NONE', #8384 ) ;
#7984 = CARTESIAN_POINT ( 'NONE',  ( 0.2000000000000065059, 17.44999999999999929, 1.000000000000000000 ) ) ;
#7985 = ORIENTED_EDGE ( 'NONE', *, *, #3422, .F. ) ;
#7986 = LINE ( 'NONE', #6280, #7371 ) ;
#7987 = LINE ( 'NONE', #10632, #8919 ) ;
#7988 = ORIENTED_EDGE ( 'NONE', *, *, #5868, .T. ) ;
#7989 = PLANE ( 'NONE',  #7488 ) ;
#7990 = EDGE_CURVE ( 'NONE', #605, #2653, #5793, .T. ) ;
#7991 = CARTESIAN_POINT ( 'NONE',  ( 15.49999999999999645, -147.6000000000000227, 1.000000000000000000 ) ) ;
#7992 = LINE ( 'NONE', #6507, #3231 ) ;
#7993 = DIRECTION ( 'NONE',  ( 0.000000000000000000, 1.000000000000000000, 0.000000000000000000 ) ) ;
#7994 = VERTEX_POINT ( 'NONE', #2175 ) ;
#7995 = EDGE_LOOP ( 'NONE', ( #5451, #10222, #2897, #7582, #4839, #9251 ) ) ;
#7996 = ORIENTED_EDGE ( 'NONE', *, *, #8542, .F. ) ;
#7997 = CARTESIAN_POINT ( 'NONE',  ( -1.811109227115474951, 6.949999999999999289, -13.00000000000000000 ) ) ;
#7998 = FACE_OUTER_BOUND ( 'NONE', #9401, .T. ) ;
#7999 = DIRECTION ( 'NONE',  ( 1.000000000000000000, 0.000000000000000000, 0.000000000000000000 ) ) ;
#8000 = CARTESIAN_POINT ( 'NONE',  ( 19.50000000000000000, 0.2000000000000000111, 1.000000000000000000 ) ) ;
#8001 = VECTOR ( 'NONE', #4074, 1000.000000000000000 ) ;
#8002 = CARTESIAN_POINT ( 'NONE',  ( 53.69999999999999574, 10.44999999999999929, -7.799999999999999822 ) ) ;
#8003 = LINE ( 'NONE', #5304, #561 ) ;
#8004 = CARTESIAN_POINT ( 'NONE',  ( -4.000000000000003553, -160.6000000000000227, 1.000000000000000000 ) ) ;
#8005 = DIRECTION ( 'NONE',  ( -1.000000000000000000, 0.000000000000000000, 0.000000000000000000 ) ) ;
#8006 = CARTESIAN_POINT ( 'NONE',  ( 39.49999999999998579, -11.60000000000001386, -14.00099999999999945 ) ) ;
#8007 = VECTOR ( 'NONE', #4024, 1000.000000000000000 ) ;
#8008 = EDGE_LOOP ( 'NONE', ( #4098, #1785, #9386, #7727 ) ) ;
#8009 = ADVANCED_FACE ( 'NONE', ( #8331 ), #3100, .F. ) ;
#8010 = EDGE_CURVE ( 'NONE', #2981, #1606, #9323, .T. ) ;
#8011 = LINE ( 'NONE', #5249, #8757 ) ;
#8012 = AXIS2_PLACEMENT_3D ( 'NONE', #3047, #6618, #10378 ) ;
#8013 = DIRECTION ( 'NONE',  ( -0.000000000000000000, -0.000000000000000000, -1.000000000000000000 ) ) ;
#8014 = CARTESIAN_POINT ( 'NONE',  ( 15.49999999999999289, -20.60000000000002274, -14.00099999999999945 ) ) ;
#8015 = LINE ( 'NONE', #11606, #7604 ) ;
#8016 = EDGE_LOOP ( 'NONE', ( #6743, #5227, #8148, #2504 ) ) ;
#8017 = ORIENTED_EDGE ( 'NONE', *, *, #7381, .T. ) ;
#8018 = VECTOR ( 'NONE', #1382, 1000.000000000000000 ) ;
#8019 = DIRECTION ( 'NONE',  ( 1.000000000000000000, -0.000000000000000000, 0.000000000000000000 ) ) ;
#8020 = EDGE_CURVE ( 'NONE', #3486, #3853, #10259, .T. ) ;
#8021 = AXIS2_PLACEMENT_3D ( 'NONE', #200, #6344, #6407 ) ;
#8022 = CARTESIAN_POINT ( 'NONE',  ( 3.174999999999999822, 7.400000000000000355, 1.000000000000000000 ) ) ;
#8023 = ORIENTED_EDGE ( 'NONE', *, *, #5788, .F. ) ;
#8024 = LINE ( 'NONE', #4445, #187 ) ;
#8025 = ORIENTED_EDGE ( 'NONE', *, *, #6076, .T. ) ;
#8026 = AXIS2_PLACEMENT_3D ( 'NONE', #4679, #1331, #4795 ) ;
#8027 = VECTOR ( 'NONE', #2878, 1000.000000000000000 ) ;
#8028 = PLANE ( 'NONE',  #7421 ) ;
#8029 = VERTEX_POINT ( 'NONE', #5632 ) ;
#8030 = DIRECTION ( 'NONE',  ( 0.000000000000000000, 1.000000000000000000, -0.000000000000000000 ) ) ;
#8031 = CARTESIAN_POINT ( 'NONE',  ( 18.21999999999999886, 3.875000000000000000, 1.000000000000000000 ) ) ;
#8032 = ORIENTED_EDGE ( 'NONE', *, *, #6677, .T. ) ;
#8033 = VECTOR ( 'NONE', #950, 1000.000000000000000 ) ;
#8034 = DIRECTION ( 'NONE',  ( 0.000000000000000000, -1.000000000000000000, 0.000000000000000000 ) ) ;
#8035 = ADVANCED_FACE ( 'NONE', ( #10036 ), #4692, .F. ) ;
#8036 = DIRECTION ( 'NONE',  ( 0.000000000000000000, 1.000000000000000000, 1.156482317317869950E-15 ) ) ;
#8037 = VECTOR ( 'NONE', #5409, 1000.000000000000000 ) ;
#8038 = CARTESIAN_POINT ( 'NONE',  ( -0.2999999999999929945, 11.44999999999999929, 1.000000000000000000 ) ) ;
#8039 = EDGE_LOOP ( 'NONE', ( #1621, #7259, #2156, #10399 ) ) ;
#8040 = AXIS2_PLACEMENT_3D ( 'NONE', #6948, #858, #11592 ) ;
#8041 = ADVANCED_FACE ( 'NONE', ( #3929 ), #471, .F. ) ;
#8042 = EDGE_LOOP ( 'NONE', ( #3995, #4224, #1371, #10280 ) ) ;
#8043 = ORIENTED_EDGE ( 'NONE', *, *, #822, .T. ) ;
#8044 = DIRECTION ( 'NONE',  ( 1.000000000000000000, 0.000000000000000000, -0.000000000000000000 ) ) ;
#8045 = ORIENTED_EDGE ( 'NONE', *, *, #9633, .T. ) ;
#8046 = CARTESIAN_POINT ( 'NONE',  ( 19.50000000000000000, 16.86292439923190045, 7.863310786250720774 ) ) ;
#8047 = DIRECTION ( 'NONE',  ( 0.000000000000000000, 0.000000000000000000, -1.000000000000000000 ) ) ;
#8048 = EDGE_LOOP ( 'NONE', ( #9390, #11610, #6828, #11510 ) ) ;
#8049 = FACE_BOUND ( 'NONE', #4853, .T. ) ;
#8050 = CARTESIAN_POINT ( 'NONE',  ( -0.5000000000000066613, -129.5999999999999943, -14.00099999999999945 ) ) ;
#8051 = CARTESIAN_POINT ( 'NONE',  ( 34.50000000000000000, 27.90000000000000213, 0.000000000000000000 ) ) ;
#8052 = ADVANCED_FACE ( 'NONE', ( #9217 ), #3811, .F. ) ;
#8053 = PLANE ( 'NONE',  #7522 ) ;
#8054 = EDGE_LOOP ( 'NONE', ( #707, #9166, #7581, #4690 ) ) ;
#8055 = ADVANCED_FACE ( 'NONE', ( #1182 ), #9589, .F. ) ;
#8056 = EDGE_LOOP ( 'NONE', ( #3357, #10934, #2986, #7800 ) ) ;
#8057 = ORIENTED_EDGE ( 'NONE', *, *, #11348, .T. ) ;
#8058 = CARTESIAN_POINT ( 'NONE',  ( 35.49999999999999289, -129.5999999999999943, -14.00099999999999945 ) ) ;
#8059 = DIRECTION ( 'NONE',  ( 0.000000000000000000, 1.000000000000000000, -0.000000000000000000 ) ) ;
#8060 = DIRECTION ( 'NONE',  ( 0.000000000000000000, 0.000000000000000000, -1.000000000000000000 ) ) ;
#8061 = CARTESIAN_POINT ( 'NONE',  ( 18.50000000000000000, -1.300000000000000044, -1.000000000000000000 ) ) ;
#8062 = DIRECTION ( 'NONE',  ( -0.000000000000000000, -1.000000000000000000, 0.000000000000000000 ) ) ;
#8063 = CARTESIAN_POINT ( 'NONE',  ( 55.49999999999999289, -123.6000000000000085, -14.00099999999999945 ) ) ;
#8064 = LINE ( 'NONE', #582, #4011 ) ;
#8065 = CARTESIAN_POINT ( 'NONE',  ( -0.5000000000000073275, -123.6000000000000085, 3.000000000000000000 ) ) ;
#8066 = ORIENTED_EDGE ( 'NONE', *, *, #1136, .F. ) ;
#8067 = ORIENTED_EDGE ( 'NONE', *, *, #864, .F. ) ;
#8068 = EDGE_CURVE ( 'NONE', #2876, #7583, #10983, .T. ) ;
#8069 = VECTOR ( 'NONE', #2430, 1000.000000000000000 ) ;
#8070 = CARTESIAN_POINT ( 'NONE',  ( 35.50000000000000000, -0.2999999999999999889, 0.5000000000000000000 ) ) ;
#8071 = DIRECTION ( 'NONE',  ( 0.000000000000000000, -0.000000000000000000, 1.000000000000000000 ) ) ;
#8072 = CARTESIAN_POINT ( 'NONE',  ( 27.50000000000000000, 28.86704589964730161, 0.000000000000000000 ) ) ;
#8073 = FACE_OUTER_BOUND ( 'NONE', #39, .T. ) ;
#8074 = ORIENTED_EDGE ( 'NONE', *, *, #2158, .T. ) ;
#8075 = EDGE_CURVE ( 'NONE', #3694, #1332, #6567, .T. ) ;
#8076 = ORIENTED_EDGE ( 'NONE', *, *, #1938, .F. ) ;
#8077 = VECTOR ( 'NONE', #2020, 1000.000000000000000 ) ;
#8078 = DIRECTION ( 'NONE',  ( -1.000000000000000000, -0.000000000000000000, -0.000000000000000000 ) ) ;
#8079 = EDGE_CURVE ( 'NONE', #9116, #1980, #229, .T. ) ;
#8080 = AXIS2_PLACEMENT_3D ( 'NONE', #4278, #7859, #11446 ) ;
#8081 = LINE ( 'NONE', #818, #11408 ) ;
#8082 = ORIENTED_EDGE ( 'NONE', *, *, #8932, .T. ) ;
#8083 = AXIS2_PLACEMENT_3D ( 'NONE', #5742, #9330, #8559 ) ;
#8084 = LINE ( 'NONE', #7204, #6154 ) ;
#8085 = ORIENTED_EDGE ( 'NONE', *, *, #8542, .T. ) ;
#8086 = VECTOR ( 'NONE', #3655, 1000.000000000000000 ) ;
#8087 = EDGE_CURVE ( 'NONE', #1311, #3638, #9381, .T. ) ;
#8088 = LINE ( 'NONE', #7968, #10341 ) ;
#8089 = DIRECTION ( 'NONE',  ( -0.000000000000000000, -0.000000000000000000, 1.000000000000000000 ) ) ;
#8090 = EDGE_LOOP ( 'NONE', ( #10512, #8155, #2060, #6007 ) ) ;
#8091 = LINE ( 'NONE', #3338, #1660 ) ;
#8092 = PLANE ( 'NONE',  #5391 ) ;
#8093 = ORIENTED_EDGE ( 'NONE', *, *, #8137, .T. ) ;
#8094 = VECTOR ( 'NONE', #2874, 1000.000000000000000 ) ;
#8095 = EDGE_CURVE ( 'NONE', #4681, #6404, #11199, .T. ) ;
#8096 = DIRECTION ( 'NONE',  ( -0.000000000000000000, -0.000000000000000000, -1.000000000000000000 ) ) ;
#8097 = DIRECTION ( 'NONE',  ( -0.000000000000000000, -1.000000000000000000, -0.000000000000000000 ) ) ;
#8098 = CARTESIAN_POINT ( 'NONE',  ( -2.266297947787970113, 2.449999999999999734, 0.03489949670250454272 ) ) ;
#8099 = EDGE_LOOP ( 'NONE', ( #5611, #8153, #8921, #5778 ) ) ;
#8100 = AXIS2_PLACEMENT_3D ( 'NONE', #5544, #9291, #3951 ) ;
#8101 = ORIENTED_EDGE ( 'NONE', *, *, #8435, .T. ) ;
#8102 = ORIENTED_EDGE ( 'NONE', *, *, #7262, .T. ) ;
#8103 = EDGE_CURVE ( 'NONE', #9204, #10097, #6830, .T. ) ;
#8104 = CARTESIAN_POINT ( 'NONE',  ( 3.079999999999999627, 14.77999999999999936, 3.000000000000000000 ) ) ;
#8105 = ORIENTED_EDGE ( 'NONE', *, *, #7083, .F. ) ;
#8106 = FACE_OUTER_BOUND ( 'NONE', #5560, .T. ) ;
#8107 = CARTESIAN_POINT ( 'NONE',  ( -0.5000000000000059952, -132.5999999999999943, 3.000000000000000000 ) ) ;
#8108 = ORIENTED_EDGE ( 'NONE', *, *, #10601, .T. ) ;
#8109 = FACE_BOUND ( 'NONE', #2109, .T. ) ;
#8110 = DIRECTION ( 'NONE',  ( 1.000000000000000000, 2.209838822900390096E-16, 0.000000000000000000 ) ) ;
#8111 = VECTOR ( 'NONE', #664, 1000.000000000000000 ) ;
#8112 = CARTESIAN_POINT ( 'NONE',  ( 39.49999999999999289, -35.60000000000002274, 3.000000000000000000 ) ) ;
#8113 = ORIENTED_EDGE ( 'NONE', *, *, #5562, .F. ) ;
#8114 = ORIENTED_EDGE ( 'NONE', *, *, #7485, .F. ) ;
#8115 = ORIENTED_EDGE ( 'NONE', *, *, #8087, .F. ) ;
#8116 = ADVANCED_FACE ( 'NONE', ( #11352 ), #4020, .F. ) ;
#8117 = CARTESIAN_POINT ( 'NONE',  ( 35.50000000000000000, 26.89999999999999858, -1.000000000000000000 ) ) ;
#8118 = LINE ( 'NONE', #3656, #991 ) ;
#8119 = DIRECTION ( 'NONE',  ( -1.000000000000000000, 0.000000000000000000, 0.000000000000000000 ) ) ;
#8120 = CYLINDRICAL_SURFACE ( 'NONE', #7916, 1.000000000000000000 ) ;
#8121 = LINE ( 'NONE', #9243, #5784 ) ;
#8122 = CARTESIAN_POINT ( 'NONE',  ( 35.49999999999999289, -20.60000000000002274, 1.000000000000000888 ) ) ;
#8123 = CARTESIAN_POINT ( 'NONE',  ( 35.49999999999999289, -20.60000000000002274, -14.00099999999999945 ) ) ;
#8124 = LINE ( 'NONE', #7243, #1207 ) ;
#8125 = EDGE_CURVE ( 'NONE', #7100, #5497, #4909, .T. ) ;
#8126 = PLANE ( 'NONE',  #8587 ) ;
#8127 = VERTEX_POINT ( 'NONE', #3309 ) ;
#8128 = EDGE_LOOP ( 'NONE', ( #10534, #8714, #11044, #10319 ) ) ;
#8129 = CIRCLE ( 'NONE', #2148, 2.799999999999999822 ) ;
#8130 = ADVANCED_FACE ( 'NONE', ( #2437 ), #9536, .F. ) ;
#8131 = CARTESIAN_POINT ( 'NONE',  ( -0.5000000000000073275, -20.60000000000002274, 1.000000000000000888 ) ) ;
#8132 = CARTESIAN_POINT ( 'NONE',  ( 58.00000000000000711, 11.44999999999999929, 1.000000000000000000 ) ) ;
#8133 = CARTESIAN_POINT ( 'NONE',  ( 0.000000000000000000, 6.949999999999999289, -13.00000000000000000 ) ) ;
#8134 = DIRECTION ( 'NONE',  ( -0.000000000000000000, -0.000000000000000000, 1.000000000000000000 ) ) ;
#8135 = DIRECTION ( 'NONE',  ( -1.005636797667715149E-16, -1.000000000000000000, 0.000000000000000000 ) ) ;
#8136 = ORIENTED_EDGE ( 'NONE', *, *, #9805, .T. ) ;
#8137 = EDGE_CURVE ( 'NONE', #2042, #2490, #5997, .T. ) ;
#8138 = DIRECTION ( 'NONE',  ( -0.000000000000000000, 1.000000000000000000, 0.000000000000000000 ) ) ;
#8139 = FACE_OUTER_BOUND ( 'NONE', #1254, .T. ) ;
#8140 = ORIENTED_EDGE ( 'NONE', *, *, #6356, .T. ) ;
#8141 = CARTESIAN_POINT ( 'NONE',  ( 27.50000000000000000, 0.000000000000000000, -13.00000000000000000 ) ) ;
#8142 = ORIENTED_EDGE ( 'NONE', *, *, #680, .F. ) ;
#8143 = DIRECTION ( 'NONE',  ( 1.000000000000000000, 0.000000000000000000, 0.000000000000000000 ) ) ;
#8144 = FACE_OUTER_BOUND ( 'NONE', #931, .T. ) ;
#8145 = EDGE_LOOP ( 'NONE', ( #9970, #8477, #2265, #9680, #6046, #4970, #11582, #7339 ) ) ;
#8146 = CARTESIAN_POINT ( 'NONE',  ( 55.49999999999999289, -123.6000000000000085, 1.000000000000000888 ) ) ;
#8147 = DIRECTION ( 'NONE',  ( 1.000000000000000000, 0.000000000000000000, 0.000000000000000000 ) ) ;
#8148 = ORIENTED_EDGE ( 'NONE', *, *, #11379, .T. ) ;
#8149 = DIRECTION ( 'NONE',  ( -0.000000000000000000, -1.000000000000000000, -0.000000000000000000 ) ) ;
#8150 = CARTESIAN_POINT ( 'NONE',  ( 35.50000000000000000, -44.60000000000002274, 3.000000000000000000 ) ) ;
#8151 = EDGE_CURVE ( 'NONE', #3754, #11395, #5128, .T. ) ;
#8152 = CARTESIAN_POINT ( 'NONE',  ( 39.49999999999999289, -26.60000000000001918, 1.000000000000000888 ) ) ;
#8153 = ORIENTED_EDGE ( 'NONE', *, *, #3717, .F. ) ;
#8154 = ORIENTED_EDGE ( 'NONE', *, *, #2458, .F. ) ;
#8155 = ORIENTED_EDGE ( 'NONE', *, *, #11314, .T. ) ;
#8156 = EDGE_CURVE ( 'NONE', #2606, #4265, #8592, .T. ) ;
#8157 = LINE ( 'NONE', #8104, #1531 ) ;
#8158 = EDGE_LOOP ( 'NONE', ( #10393, #2811, #5267, #8045 ) ) ;
#8159 = FACE_OUTER_BOUND ( 'NONE', #2828, .T. ) ;
#8160 = LINE ( 'NONE', #7225, #11547 ) ;
#8161 = ORIENTED_EDGE ( 'NONE', *, *, #6265, .F. ) ;
#8162 = FACE_BOUND ( 'NONE', #9985, .T. ) ;
#8163 = CARTESIAN_POINT ( 'NONE',  ( 19.49999999999999289, -17.60000000000001918, 1.000000000000000888 ) ) ;
#8164 = LINE ( 'NONE', #7174, #8077 ) ;
#8165 = ADVANCED_FACE ( 'NONE', ( #8701 ), #8647, .F. ) ;
#8166 = AXIS2_PLACEMENT_3D ( 'NONE', #7016, #8663, #7841 ) ;
#8167 = VECTOR ( 'NONE', #3305, 1000.000000000000000 ) ;
#8168 = ORIENTED_EDGE ( 'NONE', *, *, #995, .T. ) ;
#8169 = ORIENTED_EDGE ( 'NONE', *, *, #10883, .T. ) ;
#8170 = ORIENTED_EDGE ( 'NONE', *, *, #5615, .F. ) ;
#8171 = DIRECTION ( 'NONE',  ( 0.000000000000000000, 0.000000000000000000, -1.000000000000000000 ) ) ;
#8172 = DIRECTION ( 'NONE',  ( 0.000000000000000000, 0.000000000000000000, -1.000000000000000000 ) ) ;
#8173 = DIRECTION ( 'NONE',  ( 0.000000000000000000, 0.000000000000000000, -1.000000000000000000 ) ) ;
#8174 = DIRECTION ( 'NONE',  ( 1.231756314303058296E-16, 1.000000000000000000, -0.000000000000000000 ) ) ;
#8175 = CARTESIAN_POINT ( 'NONE',  ( 55.00000000000000000, -1.211552903856829954E-13, 1.000000000000000000 ) ) ;
#8176 = FACE_OUTER_BOUND ( 'NONE', #6548, .T. ) ;
#8177 = CARTESIAN_POINT ( 'NONE',  ( 35.50000000000000000, -38.60000000000002274, 1.000000000000000000 ) ) ;
#8178 = CARTESIAN_POINT ( 'NONE',  ( 53.69999999999999574, 6.949999999999999289, -7.799999999999999822 ) ) ;
#8179 = EDGE_CURVE ( 'NONE', #7373, #1697, #9031, .T. ) ;
#8180 = CARTESIAN_POINT ( 'NONE',  ( 15.49999999999999467, -32.60000000000001563, -14.00099999999999945 ) ) ;
#8181 = EDGE_LOOP ( 'NONE', ( #1040, #5068, #6261, #4784 ) ) ;
#8182 = VERTEX_POINT ( 'NONE', #2328 ) ;
#8183 = ORIENTED_EDGE ( 'NONE', *, *, #9507, .T. ) ;
#8184 = CARTESIAN_POINT ( 'NONE',  ( -4.000000000000003553, -160.6000000000000227, 1.000000000000000000 ) ) ;
#8185 = CARTESIAN_POINT ( 'NONE',  ( 15.49999999999999289, -123.6000000000000085, -14.00099999999999945 ) ) ;
#8186 = EDGE_CURVE ( 'NONE', #5975, #5530, #621, .T. ) ;
#8187 = DIRECTION ( 'NONE',  ( 0.000000000000000000, 1.000000000000000000, 0.000000000000000000 ) ) ;
#8188 = PLANE ( 'NONE',  #679 ) ;
#8189 = ORIENTED_EDGE ( 'NONE', *, *, #4475, .F. ) ;
#8190 = FACE_OUTER_BOUND ( 'NONE', #4033, .T. ) ;
#8191 = ORIENTED_EDGE ( 'NONE', *, *, #5279, .T. ) ;
#8192 = ADVANCED_FACE ( 'NONE', ( #4901 ), #10361, .T. ) ;
#8193 = VECTOR ( 'NONE', #3425, 1000.000000000000000 ) ;
#8194 = LINE ( 'NONE', #9966, #2339 ) ;
#8195 = VERTEX_POINT ( 'NONE', #7770 ) ;
#8196 = PLANE ( 'NONE',  #1672 ) ;
#8197 = ORIENTED_EDGE ( 'NONE', *, *, #5615, .T. ) ;
#8198 = EDGE_CURVE ( 'NONE', #3674, #7167, #3134, .T. ) ;
#8199 = VECTOR ( 'NONE', #1087, 1000.000000000000000 ) ;
#8200 = FACE_OUTER_BOUND ( 'NONE', #1028, .T. ) ;
#8201 = ORIENTED_EDGE ( 'NONE', *, *, #245, .T. ) ;
#8202 = AXIS2_PLACEMENT_3D ( 'NONE', #11364, #6069, #3209 ) ;
#8203 = CARTESIAN_POINT ( 'NONE',  ( 35.50000000000000000, -1.300000000000000044, 0.5000000000000000000 ) ) ;
#8204 = CARTESIAN_POINT ( 'NONE',  ( 55.49999999999999289, -132.5999999999999943, 1.000000000000000888 ) ) ;
#8205 = ORIENTED_EDGE ( 'NONE', *, *, #2080, .F. ) ;
#8206 = VECTOR ( 'NONE', #6450, 1000.000000000000000 ) ;
#8207 = CARTESIAN_POINT ( 'NONE',  ( -0.5000000000000052180, -141.5999999999999943, -14.00099999999999945 ) ) ;
#8208 = DIRECTION ( 'NONE',  ( 1.000000000000000000, 0.000000000000000000, 0.000000000000000000 ) ) ;
#8209 = AXIS2_PLACEMENT_3D ( 'NONE', #156, #3664, #6369 ) ;
#8210 = LINE ( 'NONE', #888, #9356 ) ;
#8211 = ORIENTED_EDGE ( 'NONE', *, *, #8884, .F. ) ;
#8212 = AXIS2_PLACEMENT_3D ( 'NONE', #11502, #882, #6917 ) ;
#8213 = EDGE_CURVE ( 'NONE', #3652, #2572, #5886, .T. ) ;
#8214 = VERTEX_POINT ( 'NONE', #5829 ) ;
#8215 = ORIENTED_EDGE ( 'NONE', *, *, #8476, .T. ) ;
#8216 = FACE_OUTER_BOUND ( 'NONE', #1257, .T. ) ;
#8217 = EDGE_LOOP ( 'NONE', ( #10056, #2451, #11489, #1524 ) ) ;
#8218 = VECTOR ( 'NONE', #7692, 1000.000000000000000 ) ;
#8219 = CARTESIAN_POINT ( 'NONE',  ( 51.20000000000000284, 4.000000000000000000, 0.5000000000000000000 ) ) ;
#8220 = FACE_OUTER_BOUND ( 'NONE', #502, .T. ) ;
#8221 = ORIENTED_EDGE ( 'NONE', *, *, #8584, .F. ) ;
#8222 = VECTOR ( 'NONE', #4295, 1000.000000000000000 ) ;
#8223 = DIRECTION ( 'NONE',  ( 1.000000000000000000, 0.000000000000000000, 0.000000000000000000 ) ) ;
#8224 = LINE ( 'NONE', #9057, #11581 ) ;
#8225 = ADVANCED_FACE ( 'NONE', ( #9422 ), #9475, .F. ) ;
#8226 = EDGE_CURVE ( 'NONE', #11431, #9688, #7654, .T. ) ;
#8227 = VECTOR ( 'NONE', #2459, 1000.000000000000000 ) ;
#8228 = ORIENTED_EDGE ( 'NONE', *, *, #4035, .T. ) ;
#8229 = ORIENTED_EDGE ( 'NONE', *, *, #7658, .T. ) ;
#8230 = VECTOR ( 'NONE', #5805, 1000.000000000000000 ) ;
#8231 = EDGE_LOOP ( 'NONE', ( #7880, #306, #10001, #2287 ) ) ;
#8232 = CARTESIAN_POINT ( 'NONE',  ( 11.00000000000001243, -59.60000000000002984, 3.000000000000000000 ) ) ;
#8233 = LINE ( 'NONE', #2843, #3595 ) ;
#8234 = PLANE ( 'NONE',  #337 ) ;
#8235 = CARTESIAN_POINT ( 'NONE',  ( -0.9916459933285159956, 6.949999999999999289, -13.00000000000000000 ) ) ;
#8236 = EDGE_CURVE ( 'NONE', #11253, #7981, #4130, .T. ) ;
#8237 = AXIS2_PLACEMENT_3D ( 'NONE', #977, #4721, #9006 ) ;
#8238 = CARTESIAN_POINT ( 'NONE',  ( -0.5000000000000038858, -150.6000000000000227, 3.000000000000000000 ) ) ;
#8239 = CARTESIAN_POINT ( 'NONE',  ( 51.20000000000000284, 25.89999999999999858, 0.5000000000000000000 ) ) ;
#8240 = DIRECTION ( 'NONE',  ( 1.000000000000000000, 0.000000000000000000, 0.000000000000000000 ) ) ;
#8241 = CARTESIAN_POINT ( 'NONE',  ( 55.49999999999999289, -23.60000000000001563, 1.000000000000000888 ) ) ;
#8242 = CARTESIAN_POINT ( 'NONE',  ( -0.5000000000000073275, -120.6000000000000085, -14.00099999999999945 ) ) ;
#8243 = EDGE_LOOP ( 'NONE', ( #9679, #7026, #7808, #10737 ) ) ;
#8244 = ORIENTED_EDGE ( 'NONE', *, *, #6512, .T. ) ;
#8245 = ORIENTED_EDGE ( 'NONE', *, *, #1996, .T. ) ;
#8246 = FACE_OUTER_BOUND ( 'NONE', #3877, .T. ) ;
#8247 = LINE ( 'NONE', #225, #9045 ) ;
#8248 = EDGE_CURVE ( 'NONE', #3364, #7544, #10645, .T. ) ;
#8249 = CARTESIAN_POINT ( 'NONE',  ( 27.50000000000000000, 27.86760707430824979, 0.03349678200752224944 ) ) ;
#8250 = ORIENTED_EDGE ( 'NONE', *, *, #3382, .F. ) ;
#8251 = CARTESIAN_POINT ( 'NONE',  ( 54.69999999999999574, 10.44999999999999929, 0.5000000000000000000 ) ) ;
#8252 = ORIENTED_EDGE ( 'NONE', *, *, #5688, .F. ) ;
#8253 = LINE ( 'NONE', #10194, #1856 ) ;
#8254 = ORIENTED_EDGE ( 'NONE', *, *, #7577, .F. ) ;
#8255 = VECTOR ( 'NONE', #9828, 1000.000000000000000 ) ;
#8256 = VERTEX_POINT ( 'NONE', #7943 ) ;
#8257 = DIRECTION ( 'NONE',  ( -1.394752543498940254E-16, 1.000000000000000000, -0.000000000000000000 ) ) ;
#8258 = DIRECTION ( 'NONE',  ( -1.000000000000000000, 0.000000000000000000, 0.000000000000000000 ) ) ;
#8259 = EDGE_CURVE ( 'NONE', #3112, #2293, #1787, .T. ) ;
#8260 = FACE_OUTER_BOUND ( 'NONE', #7683, .T. ) ;
#8261 = VECTOR ( 'NONE', #11110, 1000.000000000000000 ) ;
#8262 = ORIENTED_EDGE ( 'NONE', *, *, #6706, .T. ) ;
#8263 = AXIS2_PLACEMENT_3D ( 'NONE', #543, #3398, #7920 ) ;
#8264 = CARTESIAN_POINT ( 'NONE',  ( 15.49999999999999467, -32.60000000000001563, 1.000000000000000888 ) ) ;
#8265 = CARTESIAN_POINT ( 'NONE',  ( 54.69999999999999574, 0.000000000000000000, 0.5000000000000000000 ) ) ;
#8266 = ORIENTED_EDGE ( 'NONE', *, *, #4752, .T. ) ;
#8267 = FACE_OUTER_BOUND ( 'NONE', #3505, .T. ) ;
#8268 = AXIS2_PLACEMENT_3D ( 'NONE', #2575, #7089, #6142 ) ;
#8269 = CARTESIAN_POINT ( 'NONE',  ( 56.50000000000000000, 4.000000000000000000, 0.5000000000000000000 ) ) ;
#8270 = CARTESIAN_POINT ( 'NONE',  ( 60.55000000000000426, -160.6000000000000227, 1.000000000000000000 ) ) ;
#8271 = EDGE_CURVE ( 'NONE', #6097, #6419, #795, .T. ) ;
#8272 = DIRECTION ( 'NONE',  ( 1.000000000000000000, 0.000000000000000000, 0.000000000000000000 ) ) ;
#8273 = EDGE_LOOP ( 'NONE', ( #6032, #5121, #170, #6170 ) ) ;
#8274 = AXIS2_PLACEMENT_3D ( 'NONE', #6674, #10093, #5737 ) ;
#8275 = ORIENTED_EDGE ( 'NONE', *, *, #10796, .T. ) ;
#8276 = ORIENTED_EDGE ( 'NONE', *, *, #5920, .F. ) ;
#8277 = CARTESIAN_POINT ( 'NONE',  ( 19.49999999999999645, -147.6000000000000227, -14.00099999999999945 ) ) ;
#8278 = VERTEX_POINT ( 'NONE', #7997 ) ;
#8279 = AXIS2_PLACEMENT_3D ( 'NONE', #7148, #8143, #9790 ) ;
#8280 = CARTESIAN_POINT ( 'NONE',  ( 48.00000000000001421, -161.6000000000000227, 1.000000000000000000 ) ) ;
#8281 = DIRECTION ( 'NONE',  ( -0.000000000000000000, -0.000000000000000000, 1.000000000000000000 ) ) ;
#8282 = ORIENTED_EDGE ( 'NONE', *, *, #5650, .F. ) ;
#8283 = VECTOR ( 'NONE', #10608, 1000.000000000000000 ) ;
#8284 = FACE_OUTER_BOUND ( 'NONE', #6153, .T. ) ;
#8285 = CARTESIAN_POINT ( 'NONE',  ( 35.49999999999999289, -120.6000000000000085, -14.00099999999999945 ) ) ;
#8286 = LINE ( 'NONE', #7229, #27 ) ;
#8287 = ADVANCED_FACE ( 'NONE', ( #1669 ), #87, .F. ) ;
#8288 = AXIS2_PLACEMENT_3D ( 'NONE', #1206, #325, #9350 ) ;
#8289 = ORIENTED_EDGE ( 'NONE', *, *, #4466, .T. ) ;
#8290 = VECTOR ( 'NONE', #3050, 1000.000000000000000 ) ;
#8291 = EDGE_LOOP ( 'NONE', ( #956, #6569, #8828, #7037 ) ) ;
#8292 = EDGE_LOOP ( 'NONE', ( #6447, #10655, #8986, #10872, #10846, #3348 ) ) ;
#8293 = EDGE_CURVE ( 'NONE', #8619, #7455, #4363, .T. ) ;
#8294 = DIRECTION ( 'NONE',  ( 0.000000000000000000, 1.000000000000000000, 0.000000000000000000 ) ) ;
#8295 = CARTESIAN_POINT ( 'NONE',  ( 39.49999999999998579, -117.6000000000000085, 3.000000000000000000 ) ) ;
#8296 = LINE ( 'NONE', #6239, #3133 ) ;
#8297 = EDGE_CURVE ( 'NONE', #2012, #620, #9643, .T. ) ;
#8298 = CARTESIAN_POINT ( 'NONE',  ( 60.55000000000000426, 30.39999999999999858, 1.000000000000000000 ) ) ;
#8299 = VECTOR ( 'NONE', #9811, 1000.000000000000000 ) ;
#8300 = DIRECTION ( 'NONE',  ( 0.7071067811865474617, 0.000000000000000000, -0.7071067811865474617 ) ) ;
#8301 = LINE ( 'NONE', #3780, #10511 ) ;
#8302 = LINE ( 'NONE', #446, #1467 ) ;
#8303 = CARTESIAN_POINT ( 'NONE',  ( 35.49999999999999289, -135.5999999999999943, -14.00099999999999945 ) ) ;
#8304 = DIRECTION ( 'NONE',  ( 0.000000000000000000, 0.000000000000000000, -1.000000000000000000 ) ) ;
#8305 = ORIENTED_EDGE ( 'NONE', *, *, #9740, .F. ) ;
#8306 = EDGE_CURVE ( 'NONE', #11033, #8560, #734, .T. ) ;
#8307 = ORIENTED_EDGE ( 'NONE', *, *, #10887, .T. ) ;
#8308 = AXIS2_PLACEMENT_3D ( 'NONE', #4105, #7685, #11268 ) ;
#8309 = EDGE_LOOP ( 'NONE', ( #7143, #1959, #7197, #1372 ) ) ;
#8310 = CARTESIAN_POINT ( 'NONE',  ( 19.49999999999999645, -150.6000000000000227, 3.000000000000000000 ) ) ;
#8311 = DIRECTION ( 'NONE',  ( 0.000000000000000000, 0.000000000000000000, -1.000000000000000000 ) ) ;
#8312 = EDGE_CURVE ( 'NONE', #6235, #2781, #4303, .T. ) ;
#8313 = PLANE ( 'NONE',  #2300 ) ;
#8314 = EDGE_CURVE ( 'NONE', #3742, #9329, #8880, .T. ) ;
#8315 = CARTESIAN_POINT ( 'NONE',  ( -0.2999999999999919398, 2.500000000000000000, 0.5000000000000000000 ) ) ;
#8316 = ORIENTED_EDGE ( 'NONE', *, *, #8620, .F. ) ;
#8317 = DIRECTION ( 'NONE',  ( -1.000000000000000000, 0.000000000000000000, 0.000000000000000000 ) ) ;
#8318 = VERTEX_POINT ( 'NONE', #2727 ) ;
#8319 = DIRECTION ( 'NONE',  ( -1.000000000000000000, 0.000000000000000000, 0.000000000000000000 ) ) ;
#8320 = VECTOR ( 'NONE', #3840, 1000.000000000000000 ) ;
#8321 = EDGE_LOOP ( 'NONE', ( #3647, #723, #7842, #5297 ) ) ;
#8322 = ADVANCED_FACE ( 'NONE', ( #2607 ), #853, .F. ) ;
#8323 = ORIENTED_EDGE ( 'NONE', *, *, #457, .T. ) ;
#8324 = CARTESIAN_POINT ( 'NONE',  ( 0.2000000000000080047, 2.500000000000000000, 0.5000000000000000000 ) ) ;
#8325 = FACE_OUTER_BOUND ( 'NONE', #9179, .T. ) ;
#8326 = FACE_BOUND ( 'NONE', #8039, .T. ) ;
#8327 = ORIENTED_EDGE ( 'NONE', *, *, #890, .T. ) ;
#8328 = LINE ( 'NONE', #5454, #3147 ) ;
#8329 = EDGE_LOOP ( 'NONE', ( #2256, #11016, #5163, #2303 ) ) ;
#8330 = LINE ( 'NONE', #300, #9983 ) ;
#8331 = FACE_OUTER_BOUND ( 'NONE', #691, .T. ) ;
#8332 = EDGE_CURVE ( 'NONE', #2746, #6927, #5236, .T. ) ;
#8333 = DIRECTION ( 'NONE',  ( 1.000000000000000000, 1.505836350674309769E-16, 0.000000000000000000 ) ) ;
#8334 = VECTOR ( 'NONE', #2762, 1000.000000000000000 ) ;
#8335 = EDGE_LOOP ( 'NONE', ( #8427, #2119, #10428, #2926 ) ) ;
#8336 = EDGE_LOOP ( 'NONE', ( #8316, #281, #2712, #5057 ) ) ;
#8337 = PLANE ( 'NONE',  #7144 ) ;
#8338 = ORIENTED_EDGE ( 'NONE', *, *, #1535, .T. ) ;
#8339 = EDGE_CURVE ( 'NONE', #11083, #6651, #7235, .T. ) ;
#8340 = CARTESIAN_POINT ( 'NONE',  ( 15.49999999999999645, -38.60000000000002274, -14.00099999999999945 ) ) ;
#8341 = DIRECTION ( 'NONE',  ( -1.000000000000000000, -0.000000000000000000, -0.000000000000000000 ) ) ;
#8342 = ORIENTED_EDGE ( 'NONE', *, *, #1945, .F. ) ;
#8343 = LINE ( 'NONE', #5748, #6354 ) ;
#8344 = PLANE ( 'NONE',  #5649 ) ;
#8345 = CARTESIAN_POINT ( 'NONE',  ( 15.49999999999999467, -26.60000000000001918, -14.00099999999999945 ) ) ;
#8346 = ADVANCED_FACE ( 'NONE', ( #8816 ), #1610, .T. ) ;
#8347 = ORIENTED_EDGE ( 'NONE', *, *, #8306, .T. ) ;
#8348 = VERTEX_POINT ( 'NONE', #9879 ) ;
#8349 = ORIENTED_EDGE ( 'NONE', *, *, #2262, .F. ) ;
#8350 = DIRECTION ( 'NONE',  ( 1.000000000000000000, 0.000000000000000000, 0.000000000000000000 ) ) ;
#8351 = LINE ( 'NONE', #323, #5099 ) ;
#8352 = ORIENTED_EDGE ( 'NONE', *, *, #7980, .F. ) ;
#8353 = EDGE_CURVE ( 'NONE', #6866, #7694, #3423, .T. ) ;
#8354 = CARTESIAN_POINT ( 'NONE',  ( 39.49999999999998579, -117.6000000000000085, 1.000000000000000888 ) ) ;
#8355 = CARTESIAN_POINT ( 'NONE',  ( 39.49999999999999289, -44.60000000000002274, 3.000000000000000000 ) ) ;
#8356 = LINE ( 'NONE', #5711, #6749 ) ;
#8357 = CARTESIAN_POINT ( 'NONE',  ( 15.49999999999999645, -50.60000000000002274, 3.000000000000000000 ) ) ;
#8358 = VECTOR ( 'NONE', #9839, 1000.000000000000000 ) ;
#8359 = CARTESIAN_POINT ( 'NONE',  ( 58.99999999999998579, 19.40000000000000213, -4.000000000000000888 ) ) ;
#8360 = CARTESIAN_POINT ( 'NONE',  ( 34.50000000000000000, 25.89999999999999858, 1.000000000000000000 ) ) ;
#8361 = EDGE_LOOP ( 'NONE', ( #6991, #11423, #10035, #7221 ) ) ;
#8362 = ORIENTED_EDGE ( 'NONE', *, *, #8226, .T. ) ;
#8363 = ORIENTED_EDGE ( 'NONE', *, *, #4167, .T. ) ;
#8364 = AXIS2_PLACEMENT_3D ( 'NONE', #5226, #784, #4353 ) ;
#8365 = LINE ( 'NONE', #9476, #5934 ) ;
#8366 = CYLINDRICAL_SURFACE ( 'NONE', #2870, 3.000000000000002665 ) ;
#8367 = CYLINDRICAL_SURFACE ( 'NONE', #317, 1.000000000000000000 ) ;
#8368 = LINE ( 'NONE', #3199, #9321 ) ;
#8369 = VERTEX_POINT ( 'NONE', #10590 ) ;
#8370 = DIRECTION ( 'NONE',  ( -1.000000000000000000, 0.000000000000000000, 0.000000000000000000 ) ) ;
#8371 = ORIENTED_EDGE ( 'NONE', *, *, #2578, .F. ) ;
#8372 = EDGE_CURVE ( 'NONE', #10237, #6690, #2669, .T. ) ;
#8373 = VECTOR ( 'NONE', #6656, 1000.000000000000000 ) ;
#8374 = ORIENTED_EDGE ( 'NONE', *, *, #6796, .F. ) ;
#8375 = LINE ( 'NONE', #236, #3335 ) ;
#8376 = CARTESIAN_POINT ( 'NONE',  ( 51.20000000000000284, -1.300000000000000044, 0.5000000000000000000 ) ) ;
#8377 = FACE_BOUND ( 'NONE', #9675, .T. ) ;
#8378 = ORIENTED_EDGE ( 'NONE', *, *, #2094, .T. ) ;
#8379 = ADVANCED_FACE ( 'NONE', ( #1846 ), #6109, .F. ) ;
#8380 = DIRECTION ( 'NONE',  ( 0.000000000000000000, 0.000000000000000000, -1.000000000000000000 ) ) ;
#8381 = ORIENTED_EDGE ( 'NONE', *, *, #7568, .F. ) ;
#8382 = VECTOR ( 'NONE', #3909, 1000.000000000000000 ) ;
#8383 = CARTESIAN_POINT ( 'NONE',  ( -0.5000000000000045519, -147.6000000000000227, -14.00099999999999945 ) ) ;
#8384 = CARTESIAN_POINT ( 'NONE',  ( 27.50000000000000000, 1.199999999999999956, -8.300000000000000711 ) ) ;
#8385 = DIRECTION ( 'NONE',  ( 1.000000000000000000, -0.000000000000000000, -0.000000000000000000 ) ) ;
#8386 = ORIENTED_EDGE ( 'NONE', *, *, #3159, .T. ) ;
#8387 = AXIS2_PLACEMENT_3D ( 'NONE', #4835, #11173, #4892 ) ;
#8388 = VERTEX_POINT ( 'NONE', #9117 ) ;
#8389 = PLANE ( 'NONE',  #9391 ) ;
#8390 = AXIS2_PLACEMENT_3D ( 'NONE', #4688, #6504, #9151 ) ;
#8391 = EDGE_LOOP ( 'NONE', ( #1227, #2418, #4459, #7985 ) ) ;
#8392 = PLANE ( 'NONE',  #9056 ) ;
#8393 = ADVANCED_FACE ( 'NONE', ( #267 ), #1143, .F. ) ;
#8394 = DIRECTION ( 'NONE',  ( -1.000000000000000000, 0.000000000000000000, 0.000000000000000000 ) ) ;
#8395 = ORIENTED_EDGE ( 'NONE', *, *, #10398, .T. ) ;
#8396 = LINE ( 'NONE', #10219, #1708 ) ;
#8397 = VECTOR ( 'NONE', #6763, 1000.000000000000000 ) ;
#8398 = FACE_OUTER_BOUND ( 'NONE', #4055, .T. ) ;
#8399 = VECTOR ( 'NONE', #7897, 1000.000000000000000 ) ;
#8400 = VECTOR ( 'NONE', #9932, 1000.000000000000000 ) ;
#8401 = ADVANCED_FACE ( 'NONE', ( #1906 ), #1030, .T. ) ;
#8402 = VERTEX_POINT ( 'NONE', #6533 ) ;
#8403 = AXIS2_PLACEMENT_3D ( 'NONE', #9311, #8370, #1168 ) ;
#8404 = ORIENTED_EDGE ( 'NONE', *, *, #3751, .T. ) ;
#8405 = EDGE_LOOP ( 'NONE', ( #228, #2475, #6740, #2140 ) ) ;
#8406 = DIRECTION ( 'NONE',  ( 0.000000000000000000, -1.000000000000000000, 0.000000000000000000 ) ) ;
#8407 = DIRECTION ( 'NONE',  ( 1.239088197126289831E-16, -1.000000000000000000, 0.000000000000000000 ) ) ;
#8408 = ORIENTED_EDGE ( 'NONE', *, *, #7323, .T. ) ;
#8409 = AXIS2_PLACEMENT_3D ( 'NONE', #7719, #9596, #2382 ) ;
#8410 = CARTESIAN_POINT ( 'NONE',  ( 39.49999999999999289, -26.60000000000001918, 3.000000000000000000 ) ) ;
#8411 = EDGE_CURVE ( 'NONE', #8992, #10502, #7358, .T. ) ;
#8412 = CARTESIAN_POINT ( 'NONE',  ( -0.5000000000000052180, -141.5999999999999943, 1.000000000000000888 ) ) ;
#8413 = CARTESIAN_POINT ( 'NONE',  ( 55.89164599332850258, 10.44999999999999929, -13.00000000000000000 ) ) ;
#8414 = CYLINDRICAL_SURFACE ( 'NONE', #6324, 1.000000000000000000 ) ;
#8415 = LINE ( 'NONE', #7939, #123 ) ;
#8416 = VECTOR ( 'NONE', #6481, 1000.000000000000000 ) ;
#8417 = EDGE_LOOP ( 'NONE', ( #9038, #2886, #10870, #1729 ) ) ;
#8418 = ADVANCED_FACE ( 'NONE', ( #2901 ), #10118, .F. ) ;
#8419 = AXIS2_PLACEMENT_3D ( 'NONE', #7935, #1834, #2539 ) ;
#8420 = EDGE_LOOP ( 'NONE', ( #7605, #4519, #3083, #6893 ) ) ;
#8421 = FACE_OUTER_BOUND ( 'NONE', #8361, .T. ) ;
#8422 = CIRCLE ( 'NONE', #2064, 1.000000000000000000 ) ;
#8423 = DIRECTION ( 'NONE',  ( 0.000000000000000000, -1.000000000000000000, 0.000000000000000000 ) ) ;
#8424 = CARTESIAN_POINT ( 'NONE',  ( 57.00000000000000000, 21.60000000000000142, 1.000000000000000000 ) ) ;
#8425 = DIRECTION ( 'NONE',  ( 1.000000000000000000, 0.000000000000000000, 0.000000000000000000 ) ) ;
#8426 = CARTESIAN_POINT ( 'NONE',  ( 19.49999999999999289, -132.5999999999999943, 3.000000000000000000 ) ) ;
#8427 = ORIENTED_EDGE ( 'NONE', *, *, #8293, .T. ) ;
#8428 = EDGE_CURVE ( 'NONE', #3238, #5984, #4656, .T. ) ;
#8429 = ORIENTED_EDGE ( 'NONE', *, *, #8784, .F. ) ;
#8430 = CARTESIAN_POINT ( 'NONE',  ( -0.5000000000000045519, -147.6000000000000227, -14.00099999999999945 ) ) ;
#8431 = FACE_OUTER_BOUND ( 'NONE', #4379, .T. ) ;
#8432 = ADVANCED_FACE ( 'NONE', ( #6472 ), #2026, .F. ) ;
#8433 = DIRECTION ( 'NONE',  ( 1.000000000000000000, 0.000000000000000000, 0.000000000000000000 ) ) ;
#8434 = ORIENTED_EDGE ( 'NONE', *, *, #7819, .T. ) ;
#8435 = EDGE_CURVE ( 'NONE', #699, #10987, #5597, .T. ) ;
#8436 = EDGE_CURVE ( 'NONE', #5525, #11080, #146, .T. ) ;
#8437 = DIRECTION ( 'NONE',  ( -0.000000000000000000, 1.000000000000000000, 0.000000000000000000 ) ) ;
#8438 = ORIENTED_EDGE ( 'NONE', *, *, #6558, .T. ) ;
#8439 = PLANE ( 'NONE',  #7730 ) ;
#8440 = DIRECTION ( 'NONE',  ( 0.000000000000000000, 0.000000000000000000, 1.000000000000000000 ) ) ;
#8441 = CARTESIAN_POINT ( 'NONE',  ( -8.000000000000003553, 31.39999999999999858, 3.000000000000000000 ) ) ;
#8442 = VERTEX_POINT ( 'NONE', #3831 ) ;
#8443 = EDGE_CURVE ( 'NONE', #8529, #5283, #9237, .T. ) ;
#8444 = EDGE_LOOP ( 'NONE', ( #7854, #1253, #8082, #5656 ) ) ;
#8445 = CIRCLE ( 'NONE', #21, 0.5000000000000000000 ) ;
#8446 = CARTESIAN_POINT ( 'NONE',  ( 39.49999999999999289, -47.60000000000001563, -14.00099999999999945 ) ) ;
#8447 = VERTEX_POINT ( 'NONE', #4773 ) ;
#8448 = EDGE_CURVE ( 'NONE', #2781, #10531, #6589, .T. ) ;
#8449 = VECTOR ( 'NONE', #6027, 1000.000000000000000 ) ;
#8450 = CARTESIAN_POINT ( 'NONE',  ( 0.000000000000000000, 0.000000000000000000, -13.00000000000000000 ) ) ;
#8451 = CARTESIAN_POINT ( 'NONE',  ( 18.50000000000000000, 25.89999999999999858, 0.5000000000000000000 ) ) ;
#8452 = ORIENTED_EDGE ( 'NONE', *, *, #6093, .T. ) ;
#8453 = CARTESIAN_POINT ( 'NONE',  ( 55.49999999999999289, -144.5999999999999943, -14.00099999999999945 ) ) ;
#8454 = CARTESIAN_POINT ( 'NONE',  ( 6.999999999999992006, 30.39999999999997016, -4.000000000000000000 ) ) ;
#8455 = AXIS2_PLACEMENT_3D ( 'NONE', #2139, #5701, #9284 ) ;
#8456 = DIRECTION ( 'NONE',  ( 0.000000000000000000, 0.000000000000000000, -1.000000000000000000 ) ) ;
#8457 = VECTOR ( 'NONE', #5749, 1000.000000000000000 ) ;
#8458 = AXIS2_PLACEMENT_3D ( 'NONE', #3521, #6042, #6926 ) ;
#8459 = EDGE_CURVE ( 'NONE', #7784, #3685, #5090, .T. ) ;
#8460 = ORIENTED_EDGE ( 'NONE', *, *, #3531, .F. ) ;
#8461 = VERTEX_POINT ( 'NONE', #5483 ) ;
#8462 = VERTEX_POINT ( 'NONE', #3886 ) ;
#8463 = CARTESIAN_POINT ( 'NONE',  ( 19.49999999999999289, -135.5999999999999943, -14.00099999999999945 ) ) ;
#8464 = CARTESIAN_POINT ( 'NONE',  ( -0.2999999999999929945, 5.950000000000000178, -1.000000000000000000 ) ) ;
#8465 = ORIENTED_EDGE ( 'NONE', *, *, #9246, .T. ) ;
#8466 = VECTOR ( 'NONE', #10848, 1000.000000000000000 ) ;
#8467 = VECTOR ( 'NONE', #8755, 999.9999999999998863 ) ;
#8468 = PLANE ( 'NONE',  #252 ) ;
#8469 = CARTESIAN_POINT ( 'NONE',  ( 0.000000000000000000, 0.000000000000000000, -13.00000000000000000 ) ) ;
#8470 = DIRECTION ( 'NONE',  ( 1.000000000000000000, 0.000000000000000000, 0.000000000000000000 ) ) ;
#8471 = CARTESIAN_POINT ( 'NONE',  ( 39.49999999999998579, -20.60000000000002274, 1.000000000000000888 ) ) ;
#8472 = VECTOR ( 'NONE', #350, 1000.000000000000000 ) ;
#8473 = FACE_OUTER_BOUND ( 'NONE', #4326, .T. ) ;
#8474 = AXIS2_PLACEMENT_3D ( 'NONE', #8609, #523, #4093 ) ;
#8475 = VERTEX_POINT ( 'NONE', #3948 ) ;
#8476 = EDGE_CURVE ( 'NONE', #10531, #11023, #3712, .T. ) ;
#8477 = ORIENTED_EDGE ( 'NONE', *, *, #10349, .T. ) ;
#8478 = ORIENTED_EDGE ( 'NONE', *, *, #11292, .T. ) ;
#8479 = DIRECTION ( 'NONE',  ( -1.000000000000000000, 0.000000000000000000, 0.000000000000000000 ) ) ;
#8480 = DIRECTION ( 'NONE',  ( -0.000000000000000000, -1.000000000000000000, 0.000000000000000000 ) ) ;
#8481 = VECTOR ( 'NONE', #8940, 1000.000000000000000 ) ;
#8482 = CARTESIAN_POINT ( 'NONE',  ( -8.000000000000003553, 34.39999999999999858, 3.000000000000000000 ) ) ;
#8483 = EDGE_CURVE ( 'NONE', #10867, #2336, #2784, .T. ) ;
#8484 = DIRECTION ( 'NONE',  ( 1.000000000000000000, 0.000000000000000000, -0.000000000000000000 ) ) ;
#8485 = CARTESIAN_POINT ( 'NONE',  ( 34.50000000000000000, 28.89999999999999858, 1.000000000000000000 ) ) ;
#8486 = DIRECTION ( 'NONE',  ( -1.000000000000000000, -8.286895585876499530E-17, 0.000000000000000000 ) ) ;
#8487 = VECTOR ( 'NONE', #7403, 1000.000000000000000 ) ;
#8488 = VERTEX_POINT ( 'NONE', #6420 ) ;
#8489 = EDGE_CURVE ( 'NONE', #10809, #10300, #10003, .T. ) ;
#8490 = EDGE_LOOP ( 'NONE', ( #1155, #5235, #9314, #2830 ) ) ;
#8491 = DIRECTION ( 'NONE',  ( 0.000000000000000000, -1.000000000000000000, 0.000000000000000000 ) ) ;
#8492 = FACE_BOUND ( 'NONE', #8145, .T. ) ;
#8493 = VERTEX_POINT ( 'NONE', #8232 ) ;
#8494 = EDGE_CURVE ( 'NONE', #6670, #3538, #10503, .T. ) ;
#8495 = CARTESIAN_POINT ( 'NONE',  ( 55.49999999999999289, -44.60000000000002274, -14.00099999999999945 ) ) ;
#8496 = EDGE_LOOP ( 'NONE', ( #2131, #86, #1557, #4040 ) ) ;
#8497 = DIRECTION ( 'NONE',  ( 0.000000000000000000, 1.000000000000000000, -0.000000000000000000 ) ) ;
#8498 = CARTESIAN_POINT ( 'NONE',  ( 0.000000000000000000, 27.40000000000000213, 0.5000000000000000000 ) ) ;
#8499 = LINE ( 'NONE', #7510, #10023 ) ;
#8500 = DIRECTION ( 'NONE',  ( 0.000000000000000000, 0.000000000000000000, -1.000000000000000000 ) ) ;
#8501 = ORIENTED_EDGE ( 'NONE', *, *, #5145, .F. ) ;
#8502 = AXIS2_PLACEMENT_3D ( 'NONE', #217, #10010, #6541 ) ;
#8503 = ORIENTED_EDGE ( 'NONE', *, *, #7084, .T. ) ;
#8504 = LINE ( 'NONE', #2132, #9764 ) ;
#8505 = ORIENTED_EDGE ( 'NONE', *, *, #1287, .T. ) ;
#8506 = LINE ( 'NONE', #478, #10368 ) ;
#8507 = DIRECTION ( 'NONE',  ( 0.000000000000000000, -0.000000000000000000, -1.000000000000000000 ) ) ;
#8508 = ORIENTED_EDGE ( 'NONE', *, *, #4136, .T. ) ;
#8509 = LINE ( 'NONE', #6560, #190 ) ;
#8510 = LINE ( 'NONE', #11054, #4140 ) ;
#8511 = VECTOR ( 'NONE', #5794, 1000.000000000000000 ) ;
#8512 = DIRECTION ( 'NONE',  ( -0.000000000000000000, -0.000000000000000000, 1.000000000000000000 ) ) ;
#8513 = ADVANCED_FACE ( 'NONE', ( #5265 ), #6754, .F. ) ;
#8514 = ADVANCED_FACE ( 'NONE', ( #7697 ), #6693, .F. ) ;
#8515 = EDGE_LOOP ( 'NONE', ( #8745, #7505, #5561, #7996 ) ) ;
#8516 = VERTEX_POINT ( 'NONE', #10284 ) ;
#8517 = VERTEX_POINT ( 'NONE', #6141 ) ;
#8518 = DIRECTION ( 'NONE',  ( 0.000000000000000000, -0.000000000000000000, 1.000000000000000000 ) ) ;
#8519 = LINE ( 'NONE', #4057, #4903 ) ;
#8520 = ORIENTED_EDGE ( 'NONE', *, *, #7904, .T. ) ;
#8521 = LINE ( 'NONE', #4119, #2684 ) ;
#8522 = ORIENTED_EDGE ( 'NONE', *, *, #572, .F. ) ;
#8523 = LINE ( 'NONE', #496, #5610 ) ;
#8524 = CARTESIAN_POINT ( 'NONE',  ( 15.49999999999999289, -20.60000000000002274, -14.00099999999999945 ) ) ;
#8525 = DIRECTION ( 'NONE',  ( -0.000000000000000000, -1.000000000000000000, 0.000000000000000000 ) ) ;
#8526 = EDGE_CURVE ( 'NONE', #9735, #9552, #3448, .T. ) ;
#8527 = CARTESIAN_POINT ( 'NONE',  ( 19.49999999999999289, -17.60000000000001918, -14.00099999999999945 ) ) ;
#8528 = VERTEX_POINT ( 'NONE', #10614 ) ;
#8529 = VERTEX_POINT ( 'NONE', #2254 ) ;
#8530 = ORIENTED_EDGE ( 'NONE', *, *, #2553, .T. ) ;
#8531 = CARTESIAN_POINT ( 'NONE',  ( 18.50000000000000000, 25.39999999999999858, 0.5000000000000000000 ) ) ;
#8532 = CARTESIAN_POINT ( 'NONE',  ( -5.000000000000003553, -149.6000000000000227, -2.999999999999999112 ) ) ;
#8533 = DIRECTION ( 'NONE',  ( -0.000000000000000000, -1.000000000000000000, 0.000000000000000000 ) ) ;
#8534 = VECTOR ( 'NONE', #10904, 1000.000000000000000 ) ;
#8535 = CARTESIAN_POINT ( 'NONE',  ( -0.2999999999999934941, 17.44999999999999929, -14.00000000000000000 ) ) ;
#8536 = CARTESIAN_POINT ( 'NONE',  ( 30.99999999999999645, -59.60000000000002984, 3.001000000000000334 ) ) ;
#8537 = EDGE_CURVE ( 'NONE', #7554, #127, #3240, .T. ) ;
#8538 = CARTESIAN_POINT ( 'NONE',  ( 55.49999999999999289, -29.60000000000001563, 3.000000000000000000 ) ) ;
#8539 = ORIENTED_EDGE ( 'NONE', *, *, #11036, .T. ) ;
#8540 = VECTOR ( 'NONE', #9687, 1000.000000000000000 ) ;
#8541 = ORIENTED_EDGE ( 'NONE', *, *, #1301, .T. ) ;
#8542 = EDGE_CURVE ( 'NONE', #4173, #3754, #9462, .T. ) ;
#8543 = VECTOR ( 'NONE', #2322, 1000.000000000000000 ) ;
#8544 = LINE ( 'NONE', #6784, #7835 ) ;
#8545 = LINE ( 'NONE', #8771, #426 ) ;
#8546 = FACE_BOUND ( 'NONE', #8321, .T. ) ;
#8547 = EDGE_LOOP ( 'NONE', ( #9653, #7806, #5580, #968 ) ) ;
#8548 = DIRECTION ( 'NONE',  ( 0.000000000000000000, 1.000000000000000000, 0.000000000000000000 ) ) ;
#8549 = EDGE_CURVE ( 'NONE', #6404, #2919, #2573, .T. ) ;
#8550 = ORIENTED_EDGE ( 'NONE', *, *, #2344, .T. ) ;
#8551 = CARTESIAN_POINT ( 'NONE',  ( 0.000000000000000000, 0.000000000000000000, -4.000000000000000000 ) ) ;
#8552 = CARTESIAN_POINT ( 'NONE',  ( 19.49999999999999289, -29.60000000000001563, 1.000000000000000888 ) ) ;
#8553 = LINE ( 'NONE', #2568, #7009 ) ;
#8554 = CARTESIAN_POINT ( 'NONE',  ( 57.45000000000001705, -160.6000000000000227, 1.000000000000000000 ) ) ;
#8555 = EDGE_LOOP ( 'NONE', ( #5466, #6652, #11363, #8588 ) ) ;
#8556 = EDGE_CURVE ( 'NONE', #661, #9046, #9404, .T. ) ;
#8557 = DIRECTION ( 'NONE',  ( 1.000000000000000000, 0.000000000000000000, -0.000000000000000000 ) ) ;
#8558 = VECTOR ( 'NONE', #6604, 1000.000000000000000 ) ;
#8559 = DIRECTION ( 'NONE',  ( 0.000000000000000000, -0.000000000000000000, 1.000000000000000000 ) ) ;
#8560 = VERTEX_POINT ( 'NONE', #1486 ) ;
#8561 = FACE_OUTER_BOUND ( 'NONE', #2689, .T. ) ;
#8562 = FACE_OUTER_BOUND ( 'NONE', #10981, .T. ) ;
#8563 = ORIENTED_EDGE ( 'NONE', *, *, #2384, .T. ) ;
#8564 = DIRECTION ( 'NONE',  ( -1.000000000000000000, 0.000000000000000000, 0.000000000000000000 ) ) ;
#8565 = PLANE ( 'NONE',  #1911 ) ;
#8566 = DIRECTION ( 'NONE',  ( -1.000000000000000000, -0.000000000000000000, -0.000000000000000000 ) ) ;
#8567 = CIRCLE ( 'NONE', #11380, 0.5000000000000000000 ) ;
#8568 = LINE ( 'NONE', #8360, #8595 ) ;
#8569 = ADVANCED_FACE ( 'NONE', ( #1427 ), #4389, .F. ) ;
#8570 = ORIENTED_EDGE ( 'NONE', *, *, #1694, .F. ) ;
#8571 = VECTOR ( 'NONE', #1748, 1000.000000000000000 ) ;
#8572 = ORIENTED_EDGE ( 'NONE', *, *, #6318, .F. ) ;
#8573 = ORIENTED_EDGE ( 'NONE', *, *, #6769, .T. ) ;
#8574 = DIRECTION ( 'NONE',  ( -0.000000000000000000, -0.000000000000000000, 1.000000000000000000 ) ) ;
#8575 = DIRECTION ( 'NONE',  ( 1.000000000000000000, -0.000000000000000000, 0.000000000000000000 ) ) ;
#8576 = VERTEX_POINT ( 'NONE', #5756 ) ;
#8577 = DIRECTION ( 'NONE',  ( 1.000000000000000000, 0.000000000000000000, 0.000000000000000000 ) ) ;
#8578 = ADVANCED_FACE ( 'NONE', ( #3071 ), #10402, .T. ) ;
#8579 = ORIENTED_EDGE ( 'NONE', *, *, #7055, .F. ) ;
#8580 = DIRECTION ( 'NONE',  ( 0.000000000000000000, 1.000000000000000000, -0.000000000000000000 ) ) ;
#8581 = ADVANCED_FACE ( 'NONE', ( #10225 ), #2365, .F. ) ;
#8582 = CARTESIAN_POINT ( 'NONE',  ( 19.50000000000000000, 1.199999999999999956, -8.300000000000000711 ) ) ;
#8583 = FACE_OUTER_BOUND ( 'NONE', #5432, .T. ) ;
#8584 = EDGE_CURVE ( 'NONE', #6814, #7666, #490, .T. ) ;
#8585 = VECTOR ( 'NONE', #3061, 1000.000000000000000 ) ;
#8586 = CARTESIAN_POINT ( 'NONE',  ( -0.5000000000000073275, -20.60000000000002274, -14.00099999999999945 ) ) ;
#8587 = AXIS2_PLACEMENT_3D ( 'NONE', #2794, #97, #9833 ) ;
#8588 = ORIENTED_EDGE ( 'NONE', *, *, #3743, .F. ) ;
#8589 = AXIS2_PLACEMENT_3D ( 'NONE', #4451, #1639, #5388 ) ;
#8590 = VERTEX_POINT ( 'NONE', #7755 ) ;
#8591 = ADVANCED_FACE ( 'NONE', ( #11338 ), #5924, .F. ) ;
#8592 = LINE ( 'NONE', #2493, #10908 ) ;
#8593 = LINE ( 'NONE', #8532, #8736 ) ;
#8594 = LINE ( 'NONE', #567, #9785 ) ;
#8595 = VECTOR ( 'NONE', #9458, 1000.000000000000000 ) ;
#8596 = DIRECTION ( 'NONE',  ( -0.000000000000000000, -0.000000000000000000, 1.000000000000000000 ) ) ;
#8597 = CARTESIAN_POINT ( 'NONE',  ( 55.19999999999999574, 11.44999999999999929, -14.00000000000000000 ) ) ;
#8598 = VECTOR ( 'NONE', #9749, 1000.000000000000000 ) ;
#8599 = CARTESIAN_POINT ( 'NONE',  ( 27.50000000000000000, 1.199999999999999956, -7.799999999999999822 ) ) ;
#8600 = EDGE_LOOP ( 'NONE', ( #7742, #3179 ) ) ;
#8601 = ORIENTED_EDGE ( 'NONE', *, *, #6499, .T. ) ;
#8602 = ADVANCED_FACE ( 'NONE', ( #2313 ), #4007, .F. ) ;
#8603 = CARTESIAN_POINT ( 'NONE',  ( 19.49999999999999289, -132.5999999999999943, 1.000000000000000888 ) ) ;
#8604 = DIRECTION ( 'NONE',  ( 0.000000000000000000, 0.000000000000000000, -1.000000000000000000 ) ) ;
#8605 = FACE_BOUND ( 'NONE', #2510, .T. ) ;
#8606 = VERTEX_POINT ( 'NONE', #4565 ) ;
#8607 = CARTESIAN_POINT ( 'NONE',  ( 19.49999999999999289, -135.5999999999999943, 3.000000000000000000 ) ) ;
#8608 = ORIENTED_EDGE ( 'NONE', *, *, #11180, .F. ) ;
#8609 = CARTESIAN_POINT ( 'NONE',  ( -3.000000000000003553, -149.6000000000000227, -4.000000000000000000 ) ) ;
#8610 = LINE ( 'NONE', #7788, #4759 ) ;
#8611 = LINE ( 'NONE', #7790, #10868 ) ;
#8612 = ORIENTED_EDGE ( 'NONE', *, *, #8834, .F. ) ;
#8613 = ADVANCED_FACE ( 'NONE', ( #180 ), #10030, .F. ) ;
#8614 = LINE ( 'NONE', #6185, #1077 ) ;
#8615 = FACE_OUTER_BOUND ( 'NONE', #392, .T. ) ;
#8616 = EDGE_LOOP ( 'NONE', ( #4635, #5860, #1167, #3814 ) ) ;
#8617 = DIRECTION ( 'NONE',  ( 0.000000000000000000, 0.000000000000000000, 1.000000000000000000 ) ) ;
#8618 = LINE ( 'NONE', #595, #7080 ) ;
#8619 = VERTEX_POINT ( 'NONE', #9973 ) ;
#8620 = EDGE_CURVE ( 'NONE', #9987, #7388, #4913, .T. ) ;
#8621 = CARTESIAN_POINT ( 'NONE',  ( 19.49999999999999645, -50.60000000000002274, 3.000000000000000000 ) ) ;
#8622 = DIRECTION ( 'NONE',  ( 0.000000000000000000, 0.000000000000000000, 1.000000000000000000 ) ) ;
#8623 = DIRECTION ( 'NONE',  ( -0.000000000000000000, -0.000000000000000000, 1.000000000000000000 ) ) ;
#8624 = AXIS2_PLACEMENT_3D ( 'NONE', #2019, #8110, #1778 ) ;
#8625 = EDGE_CURVE ( 'NONE', #8461, #731, #10739, .T. ) ;
#8626 = VERTEX_POINT ( 'NONE', #4509 ) ;
#8627 = ORIENTED_EDGE ( 'NONE', *, *, #5721, .T. ) ;
#8628 = ORIENTED_EDGE ( 'NONE', *, *, #4683, .T. ) ;
#8629 = CARTESIAN_POINT ( 'NONE',  ( 4.164757004755709424, 6.949999999999999289, -1.942058085672285106 ) ) ;
#8630 = CARTESIAN_POINT ( 'NONE',  ( 54.69999999999999574, 6.949999999999999289, 1.000000000000000000 ) ) ;
#8631 = VERTEX_POINT ( 'NONE', #114 ) ;
#8632 = DIRECTION ( 'NONE',  ( 0.000000000000000000, -0.000000000000000000, -1.000000000000000000 ) ) ;
#8633 = CARTESIAN_POINT ( 'NONE',  ( 48.00000000000001421, 31.39999999999999858, 1.000000000000000000 ) ) ;
#8634 = ORIENTED_EDGE ( 'NONE', *, *, #5933, .F. ) ;
#8635 = AXIS2_PLACEMENT_3D ( 'NONE', #263, #6467, #10944 ) ;
#8636 = DIRECTION ( 'NONE',  ( -1.000000000000000000, -1.239088197126291803E-16, 0.000000000000000000 ) ) ;
#8637 = EDGE_CURVE ( 'NONE', #7455, #8447, #9144, .T. ) ;
#8638 = VECTOR ( 'NONE', #7333, 1000.000000000000000 ) ;
#8639 = DIRECTION ( 'NONE',  ( 0.000000000000000000, 0.000000000000000000, -1.000000000000000000 ) ) ;
#8640 = DIRECTION ( 'NONE',  ( -0.000000000000000000, -1.000000000000000000, 0.000000000000000000 ) ) ;
#8641 = CARTESIAN_POINT ( 'NONE',  ( 35.50000000000000000, -141.5999999999999943, 1.000000000000000000 ) ) ;
#8642 = VECTOR ( 'NONE', #7342, 1000.000000000000000 ) ;
#8643 = VERTEX_POINT ( 'NONE', #10919 ) ;
#8644 = EDGE_CURVE ( 'NONE', #1692, #4977, #2815, .T. ) ;
#8645 = AXIS2_PLACEMENT_3D ( 'NONE', #10769, #7119, #4419 ) ;
#8646 = ORIENTED_EDGE ( 'NONE', *, *, #3827, .T. ) ;
#8647 = PLANE ( 'NONE',  #787 ) ;
#8648 = CARTESIAN_POINT ( 'NONE',  ( 35.50000000000000000, 25.39999999999999858, 1.000000000000000000 ) ) ;
#8649 = CARTESIAN_POINT ( 'NONE',  ( -1.300000000000000044, 18.45000000000000284, 0.5000000000000000000 ) ) ;
#8650 = CIRCLE ( 'NONE', #6966, 0.5000000000000000000 ) ;
#8651 = DIRECTION ( 'NONE',  ( 1.000000000000000000, 0.000000000000000000, -0.000000000000000000 ) ) ;
#8652 = CARTESIAN_POINT ( 'NONE',  ( 2.500000000000035083, 26.89999999999999858, -1.000000000000000000 ) ) ;
#8653 = LINE ( 'NONE', #7950, #5590 ) ;
#8654 = VECTOR ( 'NONE', #8756, 1000.000000000000000 ) ;
#8655 = EDGE_CURVE ( 'NONE', #7013, #11238, #8833, .T. ) ;
#8656 = FACE_OUTER_BOUND ( 'NONE', #1020, .T. ) ;
#8657 = ORIENTED_EDGE ( 'NONE', *, *, #10349, .F. ) ;
#8658 = ORIENTED_EDGE ( 'NONE', *, *, #9686, .F. ) ;
#8659 = VECTOR ( 'NONE', #10133, 1000.000000000000000 ) ;
#8660 = EDGE_CURVE ( 'NONE', #1072, #965, #1995, .T. ) ;
#8661 = DIRECTION ( 'NONE',  ( -1.000000000000000000, -0.000000000000000000, -0.000000000000000000 ) ) ;
#8662 = CARTESIAN_POINT ( 'NONE',  ( 57.00000000000000000, 21.60000000000000142, 0.5000000000000000000 ) ) ;
#8663 = DIRECTION ( 'NONE',  ( 1.000000000000000000, 0.000000000000000000, 0.000000000000000000 ) ) ;
#8664 = ORIENTED_EDGE ( 'NONE', *, *, #4842, .F. ) ;
#8665 = LINE ( 'NONE', #10666, #10268 ) ;
#8666 = VERTEX_POINT ( 'NONE', #9912 ) ;
#8667 = LINE ( 'NONE', #7847, #9229 ) ;
#8668 = LINE ( 'NONE', #524, #9259 ) ;
#8669 = EDGE_CURVE ( 'NONE', #1595, #3768, #8088, .T. ) ;
#8670 = DIRECTION ( 'NONE',  ( 0.000000000000000000, 0.000000000000000000, -1.000000000000000000 ) ) ;
#8671 = ORIENTED_EDGE ( 'NONE', *, *, #5392, .T. ) ;
#8672 = DIRECTION ( 'NONE',  ( -1.000000000000000000, -2.356961244533720211E-16, 0.000000000000000000 ) ) ;
#8673 = LINE ( 'NONE', #10679, #4327 ) ;
#8674 = ORIENTED_EDGE ( 'NONE', *, *, #9019, .T. ) ;
#8675 = CARTESIAN_POINT ( 'NONE',  ( 39.49999999999998579, -20.60000000000002274, 3.000000000000000000 ) ) ;
#8676 = DIRECTION ( 'NONE',  ( 1.000000000000000000, 0.000000000000000000, -0.000000000000000000 ) ) ;
#8677 = ORIENTED_EDGE ( 'NONE', *, *, #4858, .T. ) ;
#8678 = CARTESIAN_POINT ( 'NONE',  ( 39.49999999999998579, -120.6000000000000085, 1.000000000000000888 ) ) ;
#8679 = ADVANCED_FACE ( 'NONE', ( #3627 ), #7207, .F. ) ;
#8680 = DIRECTION ( 'NONE',  ( 1.000000000000000000, 0.000000000000000000, 0.000000000000000000 ) ) ;
#8681 = FACE_OUTER_BOUND ( 'NONE', #8405, .T. ) ;
#8682 = VECTOR ( 'NONE', #3080, 1000.000000000000000 ) ;
#8683 = ORIENTED_EDGE ( 'NONE', *, *, #9794, .F. ) ;
#8684 = ADVANCED_FACE ( 'NONE', ( #1001 ), #4800, .F. ) ;
#8685 = ORIENTED_EDGE ( 'NONE', *, *, #4551, .T. ) ;
#8686 = EDGE_LOOP ( 'NONE', ( #3692, #8066, #5988, #5840 ) ) ;
#8687 = DIRECTION ( 'NONE',  ( 0.000000000000000000, 1.000000000000000000, -0.000000000000000000 ) ) ;
#8688 = ORIENTED_EDGE ( 'NONE', *, *, #4543, .T. ) ;
#8689 = DIRECTION ( 'NONE',  ( -0.000000000000000000, -1.000000000000000000, 0.000000000000000000 ) ) ;
#8690 = DIRECTION ( 'NONE',  ( 1.000000000000000000, 0.000000000000000000, 0.000000000000000000 ) ) ;
#8691 = VERTEX_POINT ( 'NONE', #7386 ) ;
#8692 = CARTESIAN_POINT ( 'NONE',  ( 35.50000000000000000, -153.6000000000000227, 3.000000000000000000 ) ) ;
#8693 = DIRECTION ( 'NONE',  ( -1.000000000000000000, -0.000000000000000000, -0.000000000000000000 ) ) ;
#8694 = DIRECTION ( 'NONE',  ( -1.000000000000000000, 0.000000000000000000, 0.000000000000000000 ) ) ;
#8695 = EDGE_CURVE ( 'NONE', #3958, #9835, #3803, .T. ) ;
#8696 = PLANE ( 'NONE',  #113 ) ;
#8697 = ORIENTED_EDGE ( 'NONE', *, *, #8428, .T. ) ;
#8698 = VECTOR ( 'NONE', #5521, 1000.000000000000000 ) ;
#8699 = ADVANCED_FACE ( 'NONE', ( #3150 ), #2928, .F. ) ;
#8700 = EDGE_LOOP ( 'NONE', ( #4918, #1065, #5690, #2945 ) ) ;
#8701 = FACE_OUTER_BOUND ( 'NONE', #85, .T. ) ;
#8702 = DIRECTION ( 'NONE',  ( 1.000000000000000000, -0.000000000000000000, 0.000000000000000000 ) ) ;
#8703 = LINE ( 'NONE', #6111, #6877 ) ;
#8704 = LINE ( 'NONE', #2330, #9986 ) ;
#8705 = LINE ( 'NONE', #11303, #1479 ) ;
#8706 = CARTESIAN_POINT ( 'NONE',  ( -0.2999999999999944933, 23.09999999999999787, -1.000000000000000000 ) ) ;
#8707 = LINE ( 'NONE', #6889, #4832 ) ;
#8708 = FACE_OUTER_BOUND ( 'NONE', #227, .T. ) ;
#8709 = VERTEX_POINT ( 'NONE', #238 ) ;
#8710 = VERTEX_POINT ( 'NONE', #3044 ) ;
#8711 = DIRECTION ( 'NONE',  ( 0.000000000000000000, 0.000000000000000000, -1.000000000000000000 ) ) ;
#8712 = DIRECTION ( 'NONE',  ( 0.000000000000000000, 0.7071067811865475727, 0.7071067811865475727 ) ) ;
#8713 = CARTESIAN_POINT ( 'NONE',  ( -0.2999999999999919398, 2.500000000000000000, 0.5000000000000000000 ) ) ;
#8714 = ORIENTED_EDGE ( 'NONE', *, *, #11314, .F. ) ;
#8715 = DIRECTION ( 'NONE',  ( 1.000000000000000000, 0.000000000000000000, -0.000000000000000000 ) ) ;
#8716 = ORIENTED_EDGE ( 'NONE', *, *, #10311, .T. ) ;
#8717 = DIRECTION ( 'NONE',  ( 1.000000000000000000, 0.000000000000000000, -0.000000000000000000 ) ) ;
#8718 = EDGE_CURVE ( 'NONE', #10599, #7664, #407, .T. ) ;
#8719 = DIRECTION ( 'NONE',  ( -1.000000000000000000, -0.000000000000000000, -0.000000000000000000 ) ) ;
#8720 = EDGE_CURVE ( 'NONE', #2840, #3786, #5730, .T. ) ;
#8721 = CIRCLE ( 'NONE', #6663, 3.524999999999999467 ) ;
#8722 = SURFACE_SIDE_STYLE ('',( #1463 ) ) ;
#8723 = EDGE_LOOP ( 'NONE', ( #11098, #7011, #3910, #9924 ) ) ;
#8724 = DIRECTION ( 'NONE',  ( 0.000000000000000000, 0.000000000000000000, -1.000000000000000000 ) ) ;
#8725 = ORIENTED_EDGE ( 'NONE', *, *, #5345, .F. ) ;
#8726 = ADVANCED_FACE ( 'NONE', ( #2989 ), #10975, .F. ) ;
#8727 = PLANE ( 'NONE',  #3106 ) ;
#8728 = EDGE_LOOP ( 'NONE', ( #10767, #4787, #2195, #10664 ) ) ;
#8729 = CARTESIAN_POINT ( 'NONE',  ( 6.999999999999992006, 31.39999999999999858, -4.000000000000000000 ) ) ;
#8730 = DIRECTION ( 'NONE',  ( 1.000000000000000000, 0.000000000000000000, 0.000000000000000000 ) ) ;
#8731 = VERTEX_POINT ( 'NONE', #8376 ) ;
#8732 = LINE ( 'NONE', #3342, #3205 ) ;
#8733 = CARTESIAN_POINT ( 'NONE',  ( -5.000000000000002665, 31.39999999999999858, 1.000000000000000000 ) ) ;
#8734 = PLANE ( 'NONE',  #1864 ) ;
#8735 = ORIENTED_EDGE ( 'NONE', *, *, #9036, .F. ) ;
#8736 = VECTOR ( 'NONE', #8480, 1000.000000000000000 ) ;
#8737 = VERTEX_POINT ( 'NONE', #3858 ) ;
#8738 = ORIENTED_EDGE ( 'NONE', *, *, #1219, .F. ) ;
#8739 = VERTEX_POINT ( 'NONE', #7607 ) ;
#8740 = EDGE_CURVE ( 'NONE', #2445, #7117, #4031, .T. ) ;
#8741 = CARTESIAN_POINT ( 'NONE',  ( 55.49999999999999289, -29.60000000000001563, 1.000000000000000888 ) ) ;
#8742 = ORIENTED_EDGE ( 'NONE', *, *, #9531, .F. ) ;
#8743 = LINE ( 'NONE', #7224, #6231 ) ;
#8744 = CARTESIAN_POINT ( 'NONE',  ( 34.50000000000000000, 27.90000000000000213, -14.00000000000000000 ) ) ;
#8745 = ORIENTED_EDGE ( 'NONE', *, *, #4908, .F. ) ;
#8746 = LINE ( 'NONE', #9524, #8774 ) ;
#8747 = LINE ( 'NONE', #4296, #6383 ) ;
#8748 = LINE ( 'NONE', #727, #9145 ) ;
#8749 = VECTOR ( 'NONE', #6660, 1000.000000000000000 ) ;
#8750 = LINE ( 'NONE', #2542, #5795 ) ;
#8751 = ORIENTED_EDGE ( 'NONE', *, *, #7588, .T. ) ;
#8752 = ORIENTED_EDGE ( 'NONE', *, *, #8259, .T. ) ;
#8753 = ADVANCED_FACE ( 'NONE', ( #8431 ), #1282, .F. ) ;
#8754 = CIRCLE ( 'NONE', #9902, 1.000000000000000000 ) ;
#8755 = DIRECTION ( 'NONE',  ( -0.4226182617407039377, 0.000000000000000000, -0.9063077870366479383 ) ) ;
#8756 = DIRECTION ( 'NONE',  ( -0.000000000000000000, -0.000000000000000000, 1.000000000000000000 ) ) ;
#8757 = VECTOR ( 'NONE', #8832, 1000.000000000000000 ) ;
#8758 = CARTESIAN_POINT ( 'NONE',  ( 39.49999999999999289, -126.5999999999999943, 1.000000000000000888 ) ) ;
#8759 = AXIS2_PLACEMENT_3D ( 'NONE', #5389, #10980, #10859 ) ;
#8760 = CARTESIAN_POINT ( 'NONE',  ( 39.49999999999999289, -35.60000000000002274, 1.000000000000000888 ) ) ;
#8761 = DIRECTION ( 'NONE',  ( 0.000000000000000000, 0.000000000000000000, 1.000000000000000000 ) ) ;
#8762 = DIRECTION ( 'NONE',  ( 1.000000000000000000, -0.000000000000000000, 0.000000000000000000 ) ) ;
#8763 = AXIS2_PLACEMENT_3D ( 'NONE', #6609, #11136, #4026 ) ;
#8764 = EDGE_CURVE ( 'NONE', #2477, #11391, #9373, .T. ) ;
#8765 = CARTESIAN_POINT ( 'NONE',  ( 6.999999999999992006, -161.6000000000000227, 1.000000000000000000 ) ) ;
#8766 = ORIENTED_EDGE ( 'NONE', *, *, #10486, .T. ) ;
#8767 = VECTOR ( 'NONE', #826, 1000.000000000000000 ) ;
#8768 = EDGE_LOOP ( 'NONE', ( #4830, #2023, #6577, #3695, #7310, #10795, #4929, #2409 ) ) ;
#8769 = DIRECTION ( 'NONE',  ( -1.000000000000000000, 0.000000000000000000, 0.000000000000000000 ) ) ;
#8770 = VECTOR ( 'NONE', #4372, 1000.000000000000000 ) ;
#8771 = CARTESIAN_POINT ( 'NONE',  ( -3.000000000000003553, -2.385244779468105317E-16, 0.9539392014169466583 ) ) ;
#8772 = FACE_OUTER_BOUND ( 'NONE', #10283, .T. ) ;
#8773 = ORIENTED_EDGE ( 'NONE', *, *, #5383, .T. ) ;
#8774 = VECTOR ( 'NONE', #3358, 1000.000000000000000 ) ;
#8775 = CARTESIAN_POINT ( 'NONE',  ( 6.700000000000000178, 10.92500000000000071, 3.000000000000000000 ) ) ;
#8776 = ORIENTED_EDGE ( 'NONE', *, *, #5607, .T. ) ;
#8777 = ADVANCED_FACE ( 'NONE', ( #8325 ), #2168, .F. ) ;
#8778 = DIRECTION ( 'NONE',  ( 0.000000000000000000, -0.000000000000000000, -1.000000000000000000 ) ) ;
#8779 = AXIS2_PLACEMENT_3D ( 'NONE', #10597, #3548, #2554 ) ;
#8780 = ORIENTED_EDGE ( 'NONE', *, *, #8075, .T. ) ;
#8781 = CARTESIAN_POINT ( 'NONE',  ( 18.50000000000000000, 27.40000000000000213, 0.5000000000000000000 ) ) ;
#8782 = VERTEX_POINT ( 'NONE', #3919 ) ;
#8783 = CIRCLE ( 'NONE', #6716, 3.799999999999998046 ) ;
#8784 = EDGE_CURVE ( 'NONE', #5876, #1425, #2281, .T. ) ;
#8785 = EDGE_CURVE ( 'NONE', #4926, #537, #9264, .T. ) ;
#8786 = FACE_OUTER_BOUND ( 'NONE', #8042, .T. ) ;
#8787 = EDGE_LOOP ( 'NONE', ( #9318, #2469, #1651, #6547 ) ) ;
#8788 = CIRCLE ( 'NONE', #9548, 0.5000000000000000000 ) ;
#8789 = DIRECTION ( 'NONE',  ( 1.000000000000000000, 0.000000000000000000, 0.000000000000000000 ) ) ;
#8790 = LINE ( 'NONE', #6918, #6123 ) ;
#8791 = ORIENTED_EDGE ( 'NONE', *, *, #8248, .T. ) ;
#8792 = LINE ( 'NONE', #4110, #10525 ) ;
#8793 = VECTOR ( 'NONE', #6232, 1000.000000000000000 ) ;
#8794 = DIRECTION ( 'NONE',  ( 1.000000000000000000, 7.228014483236699514E-17, 0.000000000000000000 ) ) ;
#8795 = EDGE_CURVE ( 'NONE', #9927, #2142, #9207, .T. ) ;
#8796 = CARTESIAN_POINT ( 'NONE',  ( 19.49999999999999645, -38.60000000000002274, 1.000000000000000888 ) ) ;
#8797 = ORIENTED_EDGE ( 'NONE', *, *, #6512, .F. ) ;
#8798 = EDGE_CURVE ( 'NONE', #7994, #4882, #7442, .T. ) ;
#8799 = VERTEX_POINT ( 'NONE', #10144 ) ;
#8800 = ADVANCED_FACE ( 'NONE', ( #2117 ), #5681, .F. ) ;
#8801 = ORIENTED_EDGE ( 'NONE', *, *, #9051, .F. ) ;
#8802 = ORIENTED_EDGE ( 'NONE', *, *, #833, .T. ) ;
#8803 = DIRECTION ( 'NONE',  ( -1.000000000000000000, 0.000000000000000000, 0.000000000000000000 ) ) ;
#8804 = EDGE_LOOP ( 'NONE', ( #5735, #9280, #2534, #2017 ) ) ;
#8805 = CARTESIAN_POINT ( 'NONE',  ( 35.50000000000000000, -44.60000000000002274, -14.00099999999999945 ) ) ;
#8806 = DIRECTION ( 'NONE',  ( -1.000000000000000000, 0.000000000000000000, 0.000000000000000000 ) ) ;
#8807 = VERTEX_POINT ( 'NONE', #9658 ) ;
#8808 = CARTESIAN_POINT ( 'NONE',  ( -0.5000000000000045519, -44.60000000000002274, -14.00099999999999945 ) ) ;
#8809 = LINE ( 'NONE', #4233, #4132 ) ;
#8810 = CARTESIAN_POINT ( 'NONE',  ( -0.5000000000000066613, -129.5999999999999943, 1.000000000000000888 ) ) ;
#8811 = CARTESIAN_POINT ( 'NONE',  ( -3.000000000000003553, -149.6000000000000227, 1.000000000000000000 ) ) ;
#8812 = VECTOR ( 'NONE', #9872, 1000.000000000000000 ) ;
#8813 = EDGE_CURVE ( 'NONE', #6690, #10616, #1514, .T. ) ;
#8814 = ORIENTED_EDGE ( 'NONE', *, *, #705, .F. ) ;
#8815 = VERTEX_POINT ( 'NONE', #7731 ) ;
#8816 = FACE_OUTER_BOUND ( 'NONE', #7909, .T. ) ;
#8817 = CIRCLE ( 'NONE', #4137, 4.299999999999999822 ) ;
#8818 = CARTESIAN_POINT ( 'NONE',  ( -1.800000000000000044, 1.131341397376182023E-16, 0.5000000000000000000 ) ) ;
#8819 = CARTESIAN_POINT ( 'NONE',  ( 19.49999999999999645, -50.60000000000002274, -14.00099999999999945 ) ) ;
#8820 = VECTOR ( 'NONE', #8149, 1000.000000000000000 ) ;
#8821 = CARTESIAN_POINT ( 'NONE',  ( 39.49999999999999289, -47.60000000000001563, 1.000000000000000888 ) ) ;
#8822 = CARTESIAN_POINT ( 'NONE',  ( 56.50000000000000000, 21.60000000000000142, 0.5000000000000000000 ) ) ;
#8823 = AXIS2_PLACEMENT_3D ( 'NONE', #2073, #7166, #9866 ) ;
#8824 = CARTESIAN_POINT ( 'NONE',  ( -0.5000000000000059952, -29.60000000000001563, 1.000000000000000888 ) ) ;
#8825 = DIRECTION ( 'NONE',  ( -1.000000000000000000, 0.000000000000000000, 0.000000000000000000 ) ) ;
#8826 = ADVANCED_FACE ( 'NONE', ( #10488 ), #11365, .F. ) ;
#8827 = LINE ( 'NONE', #805, #8770 ) ;
#8828 = ORIENTED_EDGE ( 'NONE', *, *, #10377, .T. ) ;
#8829 = AXIS2_PLACEMENT_3D ( 'NONE', #1255, #8406, #322 ) ;
#8830 = EDGE_LOOP ( 'NONE', ( #5162, #8870, #4616, #3922 ) ) ;
#8831 = VECTOR ( 'NONE', #6642, 1000.000000000000000 ) ;
#8832 = DIRECTION ( 'NONE',  ( 1.000000000000000000, 0.000000000000000000, -0.000000000000000000 ) ) ;
#8833 = CIRCLE ( 'NONE', #4346, 4.299999999999998046 ) ;
#8834 = EDGE_CURVE ( 'NONE', #11238, #3856, #5029, .T. ) ;
#8835 = DIRECTION ( 'NONE',  ( 1.000000000000000000, 0.000000000000000000, 0.000000000000000000 ) ) ;
#8836 = FACE_OUTER_BOUND ( 'NONE', #8999, .T. ) ;
#8837 = EDGE_LOOP ( 'NONE', ( #9724, #10250, #7245, #5176 ) ) ;
#8838 = VECTOR ( 'NONE', #1788, 1000.000000000000000 ) ;
#8839 = VECTOR ( 'NONE', #7584, 1000.000000000000000 ) ;
#8840 = CARTESIAN_POINT ( 'NONE',  ( -0.5000000000000079936, -117.6000000000000085, 3.000000000000000000 ) ) ;
#8841 = EDGE_LOOP ( 'NONE', ( #3270, #3490, #356, #7542 ) ) ;
#8842 = DIRECTION ( 'NONE',  ( -1.000000000000000000, 0.000000000000000000, 0.000000000000000000 ) ) ;
#8843 = EDGE_CURVE ( 'NONE', #3685, #233, #8545, .T. ) ;
#8844 = CARTESIAN_POINT ( 'NONE',  ( 0.000000000000000000, 6.949999999999999289, 1.000000000000000000 ) ) ;
#8845 = AXIS2_PLACEMENT_3D ( 'NONE', #11474, #5239, #798 ) ;
#8846 = VERTEX_POINT ( 'NONE', #5191 ) ;
#8847 = LINE ( 'NONE', #1523, #8227 ) ;
#8848 = VERTEX_POINT ( 'NONE', #5087 ) ;
#8849 = VECTOR ( 'NONE', #10982, 1000.000000000000000 ) ;
#8850 = EDGE_CURVE ( 'NONE', #7370, #3307, #9225, .T. ) ;
#8851 = CARTESIAN_POINT ( 'NONE',  ( -0.5000000000000059952, -135.5999999999999943, -14.00099999999999945 ) ) ;
#8852 = DIRECTION ( 'NONE',  ( 0.000000000000000000, -1.000000000000000000, 0.000000000000000000 ) ) ;
#8853 = ORIENTED_EDGE ( 'NONE', *, *, #1219, .T. ) ;
#8854 = VECTOR ( 'NONE', #2654, 999.9999999999998863 ) ;
#8855 = DIRECTION ( 'NONE',  ( 0.000000000000000000, 0.000000000000000000, 1.000000000000000000 ) ) ;
#8856 = CARTESIAN_POINT ( 'NONE',  ( -4.000000000000002665, 19.40000000000000213, -4.000000000000000000 ) ) ;
#8857 = ORIENTED_EDGE ( 'NONE', *, *, #9655, .F. ) ;
#8858 = LINE ( 'NONE', #5, #775 ) ;
#8859 = DIRECTION ( 'NONE',  ( -1.000000000000000000, 0.000000000000000000, 0.000000000000000000 ) ) ;
#8860 = CARTESIAN_POINT ( 'NONE',  ( -0.5000000000000038858, -153.6000000000000227, 1.000000000000000888 ) ) ;
#8861 = VERTEX_POINT ( 'NONE', #516 ) ;
#8862 = VECTOR ( 'NONE', #1361, 1000.000000000000000 ) ;
#8863 = ORIENTED_EDGE ( 'NONE', *, *, #6360, .T. ) ;
#8864 = VERTEX_POINT ( 'NONE', #4200 ) ;
#8865 = VERTEX_POINT ( 'NONE', #689 ) ;
#8866 = DIRECTION ( 'NONE',  ( 1.000000000000000000, -0.000000000000000000, 0.000000000000000000 ) ) ;
#8867 = EDGE_LOOP ( 'NONE', ( #11367, #7464, #5296, #4198 ) ) ;
#8868 = CARTESIAN_POINT ( 'NONE',  ( 3.079999999999999627, 14.77999999999999936, 1.000000000000000000 ) ) ;
#8869 = LINE ( 'NONE', #10520, #5734 ) ;
#8870 = ORIENTED_EDGE ( 'NONE', *, *, #7773, .T. ) ;
#8871 = FACE_BOUND ( 'NONE', #4462, .T. ) ;
#8872 = PLANE ( 'NONE',  #10140 ) ;
#8873 = LINE ( 'NONE', #2600, #8849 ) ;
#8874 = EDGE_CURVE ( 'NONE', #9170, #1376, #10603, .T. ) ;
#8875 = CARTESIAN_POINT ( 'NONE',  ( 19.49999999999999289, -126.5999999999999943, 3.000000000000000000 ) ) ;
#8876 = ADVANCED_FACE ( 'NONE', ( #4317 ), #10551, .F. ) ;
#8877 = EDGE_CURVE ( 'NONE', #11092, #4636, #8650, .T. ) ;
#8878 = VERTEX_POINT ( 'NONE', #575 ) ;
#8879 = ORIENTED_EDGE ( 'NONE', *, *, #8476, .F. ) ;
#8880 = LINE ( 'NONE', #969, #4149 ) ;
#8881 = CARTESIAN_POINT ( 'NONE',  ( 58.99999999999996447, -149.6000000000000227, -4.000000000000000000 ) ) ;
#8882 = DIRECTION ( 'NONE',  ( -0.000000000000000000, -0.000000000000000000, 1.000000000000000000 ) ) ;
#8883 = FACE_OUTER_BOUND ( 'NONE', #4257, .T. ) ;
#8884 = EDGE_CURVE ( 'NONE', #5223, #8369, #7840, .T. ) ;
#8885 = CARTESIAN_POINT ( 'NONE',  ( 35.50000000000000000, -0.2999999999999999889, -1.000000000000000000 ) ) ;
#8886 = CARTESIAN_POINT ( 'NONE',  ( 60.00000000000001421, 19.40000000000000213, -4.000000000000000000 ) ) ;
#8887 = DIRECTION ( 'NONE',  ( 0.000000000000000000, 0.000000000000000000, 1.000000000000000000 ) ) ;
#8888 = VECTOR ( 'NONE', #9845, 1000.000000000000000 ) ;
#8889 = DIRECTION ( 'NONE',  ( -1.000000000000000000, -4.336808689942015271E-16, 0.000000000000000000 ) ) ;
#8890 = ORIENTED_EDGE ( 'NONE', *, *, #4003, .T. ) ;
#8891 = ORIENTED_EDGE ( 'NONE', *, *, #5017, .F. ) ;
#8892 = CYLINDRICAL_SURFACE ( 'NONE', #2406, 1.549999999999995826 ) ;
#8893 = DIRECTION ( 'NONE',  ( -0.000000000000000000, -1.000000000000000000, -0.000000000000000000 ) ) ;
#8894 = DIRECTION ( 'NONE',  ( 0.000000000000000000, 1.000000000000000000, 0.000000000000000000 ) ) ;
#8895 = EDGE_CURVE ( 'NONE', #4539, #8739, #7782, .T. ) ;
#8896 = FACE_OUTER_BOUND ( 'NONE', #10425, .T. ) ;
#8897 = ORIENTED_EDGE ( 'NONE', *, *, #6649, .F. ) ;
#8898 = DIRECTION ( 'NONE',  ( -0.000000000000000000, -0.000000000000000000, 1.000000000000000000 ) ) ;
#8899 = ORIENTED_EDGE ( 'NONE', *, *, #4240, .F. ) ;
#8900 = CARTESIAN_POINT ( 'NONE',  ( 57.99999999999998579, -149.6000000000000227, 1.000000000000000000 ) ) ;
#8901 = LINE ( 'NONE', #5508, #2592 ) ;
#8903 = ORIENTED_EDGE ( 'NONE', *, *, #10535, .T. ) ;
#8902 = EDGE_CURVE ( 'NONE', #3844, #1298, #11310, .T. ) ;
#8904 = CARTESIAN_POINT ( 'NONE',  ( 39.49999999999998579, -117.6000000000000085, -14.00099999999999945 ) ) ;
#8905 = VERTEX_POINT ( 'NONE', #3266 ) ;
#8906 = CARTESIAN_POINT ( 'NONE',  ( 51.20000000000000284, 4.000000000000000000, 0.5000000000000000000 ) ) ;
#8907 = EDGE_CURVE ( 'NONE', #3584, #8631, #6786, .T. ) ;
#8908 = FACE_OUTER_BOUND ( 'NONE', #9967, .T. ) ;
#8909 = ORIENTED_EDGE ( 'NONE', *, *, #11171, .F. ) ;
#8910 = CARTESIAN_POINT ( 'NONE',  ( 55.49999999999999289, -153.6000000000000227, 1.000000000000000888 ) ) ;
#8911 = DIRECTION ( 'NONE',  ( -0.000000000000000000, -0.000000000000000000, 1.000000000000000000 ) ) ;
#8912 = VECTOR ( 'NONE', #2688, 1000.000000000000000 ) ;
#8913 = ORIENTED_EDGE ( 'NONE', *, *, #235, .F. ) ;
#8914 = CARTESIAN_POINT ( 'NONE',  ( 0.2000000000000075051, 6.949999999999999289, 0.5000000000000000000 ) ) ;
#8915 = CARTESIAN_POINT ( 'NONE',  ( 34.50000000000000000, -0.2999999999999999889, 0.5000000000000000000 ) ) ;
#8916 = EDGE_CURVE ( 'NONE', #9735, #3694, #11428, .T. ) ;
#8917 = CARTESIAN_POINT ( 'NONE',  ( -0.5000000000000052180, -38.60000000000002274, 3.000000000000000000 ) ) ;
#8918 = VERTEX_POINT ( 'NONE', #2508 ) ;
#8919 = VECTOR ( 'NONE', #8806, 1000.000000000000000 ) ;
#8920 = ORIENTED_EDGE ( 'NONE', *, *, #4677, .T. ) ;
#8921 = ORIENTED_EDGE ( 'NONE', *, *, #1090, .F. ) ;
#8922 = VERTEX_POINT ( 'NONE', #6840 ) ;
#8923 = DIRECTION ( 'NONE',  ( 0.000000000000000000, 1.000000000000000000, 0.000000000000000000 ) ) ;
#8924 = VERTEX_POINT ( 'NONE', #6070 ) ;
#8925 = PLANE ( 'NONE',  #816 ) ;
#8926 = DIRECTION ( 'NONE',  ( -1.065554960673713885E-16, 1.000000000000000000, 0.000000000000000000 ) ) ;
#8927 = EDGE_LOOP ( 'NONE', ( #2622, #7851, #9671, #11059 ) ) ;
#8928 = FACE_OUTER_BOUND ( 'NONE', #206, .T. ) ;
#8929 = FACE_OUTER_BOUND ( 'NONE', #4239, .T. ) ;
#8930 = CARTESIAN_POINT ( 'NONE',  ( 39.49999999999999289, -32.60000000000001563, 3.000000000000000000 ) ) ;
#8931 = CARTESIAN_POINT ( 'NONE',  ( 35.49999999999999289, -123.6000000000000085, -14.00099999999999945 ) ) ;
#8932 = EDGE_CURVE ( 'NONE', #8922, #9474, #5955, .T. ) ;
#8933 = ORIENTED_EDGE ( 'NONE', *, *, #7485, .T. ) ;
#8934 = ORIENTED_EDGE ( 'NONE', *, *, #4939, .T. ) ;
#8935 = EDGE_LOOP ( 'NONE', ( #6204, #2421, #4054, #4089 ) ) ;
#8936 = EDGE_CURVE ( 'NONE', #3685, #7666, #4496, .T. ) ;
#8937 = DIRECTION ( 'NONE',  ( 0.000000000000000000, 0.000000000000000000, -1.000000000000000000 ) ) ;
#8938 = DIRECTION ( 'NONE',  ( 0.000000000000000000, 0.000000000000000000, -1.000000000000000000 ) ) ;
#8939 = LINE ( 'NONE', #3714, #1826 ) ;
#8940 = DIRECTION ( 'NONE',  ( -0.000000000000000000, -0.000000000000000000, 1.000000000000000000 ) ) ;
#8941 = EDGE_CURVE ( 'NONE', #7086, #7712, #2623, .T. ) ;
#8942 = AXIS2_PLACEMENT_3D ( 'NONE', #10660, #11263, #5043 ) ;
#8943 = CARTESIAN_POINT ( 'NONE',  ( 15.49999999999999645, -38.60000000000002274, 3.000000000000000000 ) ) ;
#8944 = LINE ( 'NONE', #93, #1900 ) ;
#8945 = CARTESIAN_POINT ( 'NONE',  ( 55.49999999999999289, -147.6000000000000227, 3.000000000000000000 ) ) ;
#8946 = CARTESIAN_POINT ( 'NONE',  ( 51.20000000000000284, 4.000000000000000000, -1.000000000000000000 ) ) ;
#8947 = CARTESIAN_POINT ( 'NONE',  ( -0.5000000000000038858, -47.60000000000001563, 1.000000000000000888 ) ) ;
#8948 = ORIENTED_EDGE ( 'NONE', *, *, #2038, .F. ) ;
#8949 = EDGE_CURVE ( 'NONE', #3264, #687, #1542, .T. ) ;
#8950 = TOROIDAL_SURFACE ( 'NONE', #5188, 4.299999999999999822, 0.5000000000000000000 ) ;
#8951 = ORIENTED_EDGE ( 'NONE', *, *, #5208, .T. ) ;
#8952 = CARTESIAN_POINT ( 'NONE',  ( 39.49999999999999289, -135.5999999999999943, 3.000000000000000000 ) ) ;
#8953 = VECTOR ( 'NONE', #1626, 1000.000000000000000 ) ;
#8954 = ORIENTED_EDGE ( 'NONE', *, *, #11377, .T. ) ;
#8955 = EDGE_CURVE ( 'NONE', #3190, #196, #9016, .T. ) ;
#8956 = LINE ( 'NONE', #8014, #3593 ) ;
#8957 = CARTESIAN_POINT ( 'NONE',  ( 55.49999999999999289, -126.5999999999999943, 3.000000000000000000 ) ) ;
#8958 = ORIENTED_EDGE ( 'NONE', *, *, #1333, .F. ) ;
#8959 = VERTEX_POINT ( 'NONE', #4556 ) ;
#8960 = VECTOR ( 'NONE', #3021, 1000.000000000000000 ) ;
#8961 = DIRECTION ( 'NONE',  ( -1.000000000000000000, 2.209838822900395026E-16, 0.000000000000000000 ) ) ;
#8962 = AXIS2_PLACEMENT_3D ( 'NONE', #6667, #462, #11084 ) ;
#8963 = CIRCLE ( 'NONE', #2043, 0.5000000000000000000 ) ;
#8964 = DIRECTION ( 'NONE',  ( -0.000000000000000000, 1.000000000000000000, 0.000000000000000000 ) ) ;
#8965 = EDGE_LOOP ( 'NONE', ( #1094, #2186, #1543, #6758 ) ) ;
#8966 = ADVANCED_FACE ( 'NONE', ( #1683 ), #7135, .F. ) ;
#8967 = CARTESIAN_POINT ( 'NONE',  ( 15.49999999999999645, -44.60000000000002274, 3.000000000000000000 ) ) ;
#8968 = EDGE_LOOP ( 'NONE', ( #1267, #4920, #1942, #7618, #5705, #441 ) ) ;
#8969 = VECTOR ( 'NONE', #2809, 1000.000000000000000 ) ;
#8970 = VECTOR ( 'NONE', #7058, 1000.000000000000000 ) ;
#8971 = CARTESIAN_POINT ( 'NONE',  ( -5.000000000000003553, 19.40000000000000213, -4.000000000000000000 ) ) ;
#8972 = CARTESIAN_POINT ( 'NONE',  ( -0.5000000000000059952, -132.5999999999999943, -14.00099999999999945 ) ) ;
#8973 = ORIENTED_EDGE ( 'NONE', *, *, #4214, .F. ) ;
#8974 = DIRECTION ( 'NONE',  ( -0.000000000000000000, -1.000000000000000000, 0.000000000000000000 ) ) ;
#8975 = CARTESIAN_POINT ( 'NONE',  ( 39.49999999999999289, -38.60000000000002274, 3.000000000000000000 ) ) ;
#8976 = VERTEX_POINT ( 'NONE', #7957 ) ;
#8977 = VECTOR ( 'NONE', #10718, 1000.000000000000000 ) ;
#8978 = DIRECTION ( 'NONE',  ( -1.000000000000000000, 0.000000000000000000, 0.000000000000000000 ) ) ;
#8979 = CARTESIAN_POINT ( 'NONE',  ( -0.5000000000000073275, -120.6000000000000085, 1.000000000000000888 ) ) ;
#8980 = VECTOR ( 'NONE', #11460, 1000.000000000000000 ) ;
#8981 = EDGE_CURVE ( 'NONE', #8865, #2630, #5500, .T. ) ;
#8982 = CARTESIAN_POINT ( 'NONE',  ( -0.5000000000000066613, -26.60000000000001918, 3.000000000000000000 ) ) ;
#8983 = EDGE_LOOP ( 'NONE', ( #1810, #6676, #10160, #7457, #4701, #2024, #1511, #7051, #9485, #7953 ) ) ;
#8984 = VECTOR ( 'NONE', #10154, 1000.000000000000000 ) ;
#8985 = ORIENTED_EDGE ( 'NONE', *, *, #11609, .T. ) ;
#8986 = ORIENTED_EDGE ( 'NONE', *, *, #11337, .T. ) ;
#8987 = CARTESIAN_POINT ( 'NONE',  ( 39.49999999999999289, -132.5999999999999943, 3.000000000000000000 ) ) ;
#8988 = ORIENTED_EDGE ( 'NONE', *, *, #4723, .T. ) ;
#8989 = EDGE_CURVE ( 'NONE', #5175, #4539, #9776, .T. ) ;
#8990 = CARTESIAN_POINT ( 'NONE',  ( 27.50000000000000000, -0.2999999999999999889, -7.799999999999999822 ) ) ;
#8991 = LINE ( 'NONE', #8744, #8540 ) ;
#8992 = VERTEX_POINT ( 'NONE', #5313 ) ;
#8993 = FACE_OUTER_BOUND ( 'NONE', #1759, .T. ) ;
#8994 = CARTESIAN_POINT ( 'NONE',  ( 51.20000000000000284, -1.300000000000000044, -1.000000000000000000 ) ) ;
#8995 = DIRECTION ( 'NONE',  ( -1.000000000000000000, -8.673617379884035472E-16, 0.000000000000000000 ) ) ;
#8996 = EDGE_CURVE ( 'NONE', #8878, #7177, #7314, .T. ) ;
#8997 = ORIENTED_EDGE ( 'NONE', *, *, #7012, .F. ) ;
#8998 = EDGE_LOOP ( 'NONE', ( #5352, #1952, #7223, #7435 ) ) ;
#8999 = EDGE_LOOP ( 'NONE', ( #1189, #870, #9461, #7131 ) ) ;
#9000 = DIRECTION ( 'NONE',  ( 1.000000000000000000, 0.000000000000000000, -0.000000000000000000 ) ) ;
#9001 = CARTESIAN_POINT ( 'NONE',  ( 0.2000000000000075051, 18.45000000000000284, 0.5000000000000000000 ) ) ;
#9002 = CARTESIAN_POINT ( 'NONE',  ( -0.5000000000000052180, -38.60000000000002274, 1.000000000000000888 ) ) ;
#9003 = EDGE_CURVE ( 'NONE', #7063, #1053, #9958, .T. ) ;
#9004 = DIRECTION ( 'NONE',  ( -1.000000000000000000, 0.000000000000000000, 0.000000000000000000 ) ) ;
#9005 = DIRECTION ( 'NONE',  ( 0.000000000000000000, 1.000000000000000000, 0.000000000000000000 ) ) ;
#9006 = DIRECTION ( 'NONE',  ( -1.231756314303058296E-16, -1.000000000000000000, 0.000000000000000000 ) ) ;
#9007 = DIRECTION ( 'NONE',  ( 1.000000000000000000, 0.000000000000000000, 0.000000000000000000 ) ) ;
#9008 = CARTESIAN_POINT ( 'NONE',  ( -0.5000000000000045519, -44.60000000000002274, 3.000000000000000000 ) ) ;
#9009 = DIRECTION ( 'NONE',  ( 1.000000000000000000, 0.000000000000000000, -0.000000000000000000 ) ) ;
#9010 = ORIENTED_EDGE ( 'NONE', *, *, #5519, .F. ) ;
#9011 = ORIENTED_EDGE ( 'NONE', *, *, #10621, .T. ) ;
#9012 = VECTOR ( 'NONE', #6165, 1000.000000000000000 ) ;
#9013 = CARTESIAN_POINT ( 'NONE',  ( -0.2999999999999924949, 18.45000000000000284, 0.5000000000000000000 ) ) ;
#9014 = DIRECTION ( 'NONE',  ( -1.000000000000000000, 0.000000000000000000, 0.000000000000000000 ) ) ;
#9015 = VECTOR ( 'NONE', #4700, 1000.000000000000000 ) ;
#9016 = LINE ( 'NONE', #8133, #6776 ) ;
#9017 = DIRECTION ( 'NONE',  ( -1.000000000000000000, -0.000000000000000000, -0.000000000000000000 ) ) ;
#9018 = ORIENTED_EDGE ( 'NONE', *, *, #936, .F. ) ;
#9019 = EDGE_CURVE ( 'NONE', #9260, #4636, #3616, .T. ) ;
#9020 = FACE_OUTER_BOUND ( 'NONE', #7638, .T. ) ;
#9021 = ORIENTED_EDGE ( 'NONE', *, *, #2856, .F. ) ;
#9022 = CARTESIAN_POINT ( 'NONE',  ( 39.49999999999999289, -50.60000000000002274, 3.000000000000000000 ) ) ;
#9023 = AXIS2_PLACEMENT_3D ( 'NONE', #5274, #829, #6394 ) ;
#9024 = CARTESIAN_POINT ( 'NONE',  ( 30.99999999999999289, -94.10000000000000853, 3.000000000000000000 ) ) ;
#9025 = ORIENTED_EDGE ( 'NONE', *, *, #6068, .T. ) ;
#9026 = EDGE_CURVE ( 'NONE', #551, #896, #8956, .T. ) ;
#9027 = VECTOR ( 'NONE', #955, 1000.000000000000000 ) ;
#9028 = EDGE_CURVE ( 'NONE', #2053, #1413, #4376, .T. ) ;
#9029 = DIRECTION ( 'NONE',  ( 1.000000000000000000, 0.000000000000000000, -0.000000000000000000 ) ) ;
#9030 = EDGE_LOOP ( 'NONE', ( #2170, #10472, #1063, #6338, #5524, #8988, #7155, #368 ) ) ;
#9031 = CIRCLE ( 'NONE', #7147, 1.000000000000000000 ) ;
#9032 = DIRECTION ( 'NONE',  ( 0.000000000000000000, -0.000000000000000000, 1.000000000000000000 ) ) ;
#9033 = CARTESIAN_POINT ( 'NONE',  ( 19.49999999999999645, -150.6000000000000227, -14.00099999999999945 ) ) ;
#9034 = ORIENTED_EDGE ( 'NONE', *, *, #5075, .F. ) ;
#9035 = LINE ( 'NONE', #2211, #732 ) ;
#9036 = EDGE_CURVE ( 'NONE', #3869, #5144, #10662, .T. ) ;
#9037 = CARTESIAN_POINT ( 'NONE',  ( -0.5000000000000079936, -114.6000000000000085, 3.000000000000000000 ) ) ;
#9038 = ORIENTED_EDGE ( 'NONE', *, *, #3535, .F. ) ;
#9039 = VECTOR ( 'NONE', #2448, 1000.000000000000000 ) ;
#9040 = CARTESIAN_POINT ( 'NONE',  ( 34.50000000000000000, -2.299999999999999822, 0.000000000000000000 ) ) ;
#9041 = CARTESIAN_POINT ( 'NONE',  ( -2.299999999999999822, 11.44999999999999929, 0.000000000000000000 ) ) ;
#9042 = VECTOR ( 'NONE', #8717, 1000.000000000000000 ) ;
#9043 = CARTESIAN_POINT ( 'NONE',  ( 56.50000000000000000, 18.45000000000000284, -1.000000000000000000 ) ) ;
#9044 = EDGE_LOOP ( 'NONE', ( #4942, #1877, #3393, #2364 ) ) ;
#9045 = VECTOR ( 'NONE', #284, 1000.000000000000000 ) ;
#9046 = VERTEX_POINT ( 'NONE', #4436 ) ;
#9047 = ORIENTED_EDGE ( 'NONE', *, *, #5004, .F. ) ;
#9048 = DIRECTION ( 'NONE',  ( 0.000000000000000000, -0.000000000000000000, -1.000000000000000000 ) ) ;
#9049 = ORIENTED_EDGE ( 'NONE', *, *, #1342, .T. ) ;
#9050 = DIRECTION ( 'NONE',  ( 1.000000000000000000, 0.000000000000000000, 0.000000000000000000 ) ) ;
#9051 = EDGE_CURVE ( 'NONE', #7474, #908, #7250, .T. ) ;
#9052 = PLANE ( 'NONE',  #4650 ) ;
#9053 = VERTEX_POINT ( 'NONE', #2687 ) ;
#9054 = FACE_BOUND ( 'NONE', #631, .T. ) ;
#9055 = CARTESIAN_POINT ( 'NONE',  ( 39.49999999999999289, -153.6000000000000227, -14.00099999999999945 ) ) ;
#9056 = AXIS2_PLACEMENT_3D ( 'NONE', #8340, #9226, #1193 ) ;
#9057 = CARTESIAN_POINT ( 'NONE',  ( 19.49999999999999289, -23.60000000000001563, -14.00099999999999945 ) ) ;
#9058 = ADVANCED_FACE ( 'NONE', ( #6253 ), #9838, .F. ) ;
#9059 = VERTEX_POINT ( 'NONE', #9898 ) ;
#9060 = ORIENTED_EDGE ( 'NONE', *, *, #3285, .F. ) ;
#9061 = ORIENTED_EDGE ( 'NONE', *, *, #10609, .F. ) ;
#9062 = CARTESIAN_POINT ( 'NONE',  ( -0.5000000000000073275, -20.60000000000002274, 1.000000000000000888 ) ) ;
#9063 = FACE_OUTER_BOUND ( 'NONE', #8309, .T. ) ;
#9064 = DIRECTION ( 'NONE',  ( -1.000000000000000000, 0.000000000000000000, 0.000000000000000000 ) ) ;
#9065 = EDGE_CURVE ( 'NONE', #6602, #7846, #3986, .T. ) ;
#9066 = DIRECTION ( 'NONE',  ( 1.000000000000000000, 4.336808689942015271E-16, 0.000000000000000000 ) ) ;
#9067 = CARTESIAN_POINT ( 'NONE',  ( 57.00000000000000000, 0.000000000000000000, 0.5000000000000000000 ) ) ;
#9068 = PLANE ( 'NONE',  #7467 ) ;
#9069 = FACE_OUTER_BOUND ( 'NONE', #10499, .T. ) ;
#9070 = DIRECTION ( 'NONE',  ( -1.000000000000000000, 0.000000000000000000, 0.000000000000000000 ) ) ;
#9071 = ORIENTED_EDGE ( 'NONE', *, *, #4142, .F. ) ;
#9072 = EDGE_CURVE ( 'NONE', #5984, #6919, #988, .T. ) ;
#9073 = ORIENTED_EDGE ( 'NONE', *, *, #10411, .T. ) ;
#9074 = AXIS2_PLACEMENT_3D ( 'NONE', #9355, #10234, #389 ) ;
#9075 = VERTEX_POINT ( 'NONE', #3792 ) ;
#9076 = DIRECTION ( 'NONE',  ( 0.000000000000000000, 0.000000000000000000, -1.000000000000000000 ) ) ;
#9077 = CARTESIAN_POINT ( 'NONE',  ( 28.50000000000000000, 28.89999999999999858, 0.000000000000000000 ) ) ;
#9078 = DIRECTION ( 'NONE',  ( -1.000000000000000000, -0.000000000000000000, -0.000000000000000000 ) ) ;
#9079 = CARTESIAN_POINT ( 'NONE',  ( 39.49999999999999289, -44.60000000000002274, 1.000000000000000888 ) ) ;
#9080 = EDGE_LOOP ( 'NONE', ( #8773, #3563, #7513, #3727 ) ) ;
#9081 = DIRECTION ( 'NONE',  ( -0.000000000000000000, -0.000000000000000000, -1.000000000000000000 ) ) ;
#9082 = EDGE_LOOP ( 'NONE', ( #512, #8371, #2913, #8951 ) ) ;
#9083 = PLANE ( 'NONE',  #10532 ) ;
#9084 = CARTESIAN_POINT ( 'NONE',  ( -0.2999999999999919398, 2.500000000000000000, -1.000000000000000000 ) ) ;
#9085 = ORIENTED_EDGE ( 'NONE', *, *, #7451, .F. ) ;
#9086 = CARTESIAN_POINT ( 'NONE',  ( 0.2000000000000055067, 23.09999999999999787, 0.5000000000000000000 ) ) ;
#9087 = ORIENTED_EDGE ( 'NONE', *, *, #10828, .T. ) ;
#9088 = ADVANCED_FACE ( 'NONE', ( #6657 ), #8366, .T. ) ;
#9089 = DIRECTION ( 'NONE',  ( 0.000000000000000000, 0.000000000000000000, -1.000000000000000000 ) ) ;
#9090 = ORIENTED_EDGE ( 'NONE', *, *, #3244, .T. ) ;
#9091 = ADVANCED_FACE ( 'NONE', ( #1328 ), #2045, .F. ) ;
#9092 = CARTESIAN_POINT ( 'NONE',  ( -0.2999999999999929945, 6.949999999999999289, -7.799999999999999822 ) ) ;
#9093 = ADVANCED_FACE ( 'NONE', ( #3032 ), #3846, .T. ) ;
#9094 = DIRECTION ( 'NONE',  ( -1.000000000000000000, 0.000000000000000000, 0.000000000000000000 ) ) ;
#9095 = ORIENTED_EDGE ( 'NONE', *, *, #10015, .F. ) ;
#9096 = LINE ( 'NONE', #1821, #8820 ) ;
#9097 = DIRECTION ( 'NONE',  ( -0.000000000000000000, -0.000000000000000000, 1.000000000000000000 ) ) ;
#9098 = LINE ( 'NONE', #3813, #2987 ) ;
#9099 = ORIENTED_EDGE ( 'NONE', *, *, #10626, .F. ) ;
#9100 = ADVANCED_FACE ( 'NONE', ( #7377 ), #4673, .F. ) ;
#9101 = ORIENTED_EDGE ( 'NONE', *, *, #7123, .F. ) ;
#9102 = ORIENTED_EDGE ( 'NONE', *, *, #6717, .F. ) ;
#9103 = LINE ( 'NONE', #9929, #8642 ) ;
#9104 = VERTEX_POINT ( 'NONE', #7494 ) ;
#9105 = FACE_OUTER_BOUND ( 'NONE', #3711, .T. ) ;
#9106 = DIRECTION ( 'NONE',  ( 0.000000000000000000, 1.000000000000000000, -0.000000000000000000 ) ) ;
#9107 = EDGE_LOOP ( 'NONE', ( #2356, #3520, #10633, #10687 ) ) ;
#9108 = LINE ( 'NONE', #10166, #373 ) ;
#9109 = DIRECTION ( 'NONE',  ( 1.000000000000000000, -1.231756314303058296E-16, 0.000000000000000000 ) ) ;
#9110 = DIRECTION ( 'NONE',  ( 0.000000000000000000, -1.000000000000000000, 0.000000000000000000 ) ) ;
#9111 = VECTOR ( 'NONE', #5450, 1000.000000000000000 ) ;
#9112 = EDGE_CURVE ( 'NONE', #309, #641, #11019, .T. ) ;
#9113 = VECTOR ( 'NONE', #11068, 1000.000000000000000 ) ;
#9114 = EDGE_LOOP ( 'NONE', ( #3550, #2446, #11501, #1530 ) ) ;
#9115 = ORIENTED_EDGE ( 'NONE', *, *, #5399, .F. ) ;
#9116 = VERTEX_POINT ( 'NONE', #1271 ) ;
#9117 = CARTESIAN_POINT ( 'NONE',  ( 55.00000000000000000, 18.45000000000000284, 1.000000000000000000 ) ) ;
#9118 = CARTESIAN_POINT ( 'NONE',  ( 19.49999999999999289, -129.5999999999999943, -14.00099999999999945 ) ) ;
#9119 = LINE ( 'NONE', #7181, #5385 ) ;
#9120 = LINE ( 'NONE', #3777, #3049 ) ;
#9121 = DIRECTION ( 'NONE',  ( -0.000000000000000000, -0.000000000000000000, 1.000000000000000000 ) ) ;
#9122 = PLANE ( 'NONE',  #9572 ) ;
#9123 = CARTESIAN_POINT ( 'NONE',  ( 39.49999999999999289, -26.60000000000001918, 3.000000000000000000 ) ) ;
#9124 = LINE ( 'NONE', #9008, #6627 ) ;
#9125 = CARTESIAN_POINT ( 'NONE',  ( 42.39999999999999858, 12.80000000000000071, 3.000000000000000000 ) ) ;
#9126 = ORIENTED_EDGE ( 'NONE', *, *, #10855, .F. ) ;
#9127 = ADVANCED_FACE ( 'NONE', ( #454 ), #6551, .T. ) ;
#9128 = VERTEX_POINT ( 'NONE', #9195 ) ;
#9129 = EDGE_LOOP ( 'NONE', ( #1568, #10574, #758, #10766 ) ) ;
#9130 = CLOSED_SHELL ( 'NONE', ( #746, #3094, #10021, #5917, #5083, #9673, #6981, #5496, #962, #9530, #1042, #11089, #3002, #7798, #2449, #714, #8225, #6033, #665, #125, #1652, #2782, #3228, #8130, #4281, #9262, #5030, #11046, #11140, #8613, #2198, #2709, #6720, #2351, #4015, #105, #2791, #3835, #9058, #4651, #6140, #3732, #366, #9445, #8699, #9862, #926, #3671, #6686, #9303, #8753, #4689, #7579, #11228, #4758, #4205, #8602, #3621, #3487, #9619, #494, #4744, #11153, #11324, #9199, #9148, #7198, #65, #1875, #8052, #5070, #10024, #1138, #10069, #2061, #7796, #8322, #5779, #9935, #9625, #381, #6801, #6213, #2674, #10972, #10331, #1127, #7691, #10784, #7726, #8432, #8581, #9428, #7865, #8165, #700, #10480, #6038, #8876, #9293, #8684, #8116, #629, #6608, #9324, #9849, #5008, #9925, #5167, #8379, #10221, #8679, #423, #3890, #9703, #3132, #8393, #3043, #1981, #8800, #2115, #1839, #5368, #5856, #8513, #6087, #8041, #2472, #3067, #2527, #1844, #2955, #763, #10979, #7630, #2943, #11237, #4836, #2001, #5919, #8591, #7115, #128, #1893, #1823, #6245, #7268, #5839, #3000, #1370, #9894, #5620, #8514, #7891, #632, #4794, #8035, #3064, #1214, #7436, #9954, #6967, #6553, #7276, #5253, #9354, #10667, #6288, #3598, #8401, #11057, #11245, #3175, #5900, #1791, #4144, #1258, #1360, #5335, #1076, #7073, #6233, #8055, #290, #7491, #4424, #10102, #1964, #448, #3787, #9091, #11135, #6583, #4536, #885, #8009, #7130, #9996, #2068, #1064, #2548, #5181, #4630, #10261, #1344, #6468, #3707, #5110, #8966, #5581, #6626, #4900, #6311, #4122, #5744, #10738, #3854, #7372, #5945, #10447, #5506, #8578, #10000, #63, #6929, #2611, #8287, #1451, #9520, #5952, #10389, #9817, #11014, #1814, #6855, #4025, #2982, #8777, #8346, #10126, #4962, #11235, #3642, #4696, #4153, #3944, #2647, #11359, #8192, #7092, #1163, #11370, #2922, #3313, #3145, #10929, #8569, #3969, #8726, #4528, #7948, #1910, #803, #6289, #703, #6503, #319, #2895, #10450, #534, #11537, #7653, #7183, #7349, #9127, #2914, #10748, #730, #3030, #11249, #10168, #4368, #9382, #1973, #3271, #1190, #584, #3469, #10113, #6286, #4172, #9421, #3639, #9093, #10042, #1693, #6065, #11487, #3936, #11407, #1688, #7942, #7498, #7043, #4100, #6937, #3511, #1635, #390, #2556, #1457, #1607, #6067, #10424, #3117, #9416, #5540, #3459, #1008, #9842, #1860, #7453, #4418, #6835, #8826, #5155, #11531, #5802, #11616, #10191, #7734, #1590, #2333, #9088, #7550, #852, #4614, #545, #9100, #3086, #6899, #2323, #2231, #4988, #4506, #8418, #11203, #6062, #1391, #1435, #6619, #3914, #129, #7364, #10968 ) ) ;
#9131 = CARTESIAN_POINT ( 'NONE',  ( -0.5000000000000045519, -41.60000000000001563, -14.00099999999999945 ) ) ;
#9132 = DIRECTION ( 'NONE',  ( -0.000000000000000000, -1.000000000000000000, 0.000000000000000000 ) ) ;
#9133 = CARTESIAN_POINT ( 'NONE',  ( 39.49999999999998579, -14.60000000000001563, 3.000000000000000000 ) ) ;
#9134 = VERTEX_POINT ( 'NONE', #9365 ) ;
#9135 = EDGE_CURVE ( 'NONE', #5380, #1386, #6605, .T. ) ;
#9136 = DIRECTION ( 'NONE',  ( -0.000000000000000000, 1.000000000000000000, 0.000000000000000000 ) ) ;
#9137 = VERTEX_POINT ( 'NONE', #4022 ) ;
#9138 = AXIS2_PLACEMENT_3D ( 'NONE', #1804, #5375, #933 ) ;
#9139 = CARTESIAN_POINT ( 'NONE',  ( -0.5000000000000079936, -114.6000000000000085, 1.000000000000000888 ) ) ;
#9140 = VERTEX_POINT ( 'NONE', #4847 ) ;
#9141 = VERTEX_POINT ( 'NONE', #7598 ) ;
#9142 = AXIS2_PLACEMENT_3D ( 'NONE', #10618, #2579, #945 ) ;
#9143 = LINE ( 'NONE', #3802, #4676 ) ;
#9144 = LINE ( 'NONE', #6322, #2862 ) ;
#9145 = VECTOR ( 'NONE', #11463, 1000.000000000000000 ) ;
#9146 = CARTESIAN_POINT ( 'NONE',  ( 55.49999999999999289, -141.5999999999999943, 1.000000000000000000 ) ) ;
#9147 = VERTEX_POINT ( 'NONE', #2976 ) ;
#9148 = ADVANCED_FACE ( 'NONE', ( #11183 ), #8313, .F. ) ;
#9149 = VECTOR ( 'NONE', #1682, 1000.000000000000000 ) ;
#9150 = DIRECTION ( 'NONE',  ( 0.000000000000000000, 1.000000000000000000, 0.000000000000000000 ) ) ;
#9151 = DIRECTION ( 'NONE',  ( -1.000000000000000000, 0.000000000000000000, 0.000000000000000000 ) ) ;
#9152 = ORIENTED_EDGE ( 'NONE', *, *, #7588, .F. ) ;
#9153 = VECTOR ( 'NONE', #6805, 1000.000000000000000 ) ;
#9154 = CARTESIAN_POINT ( 'NONE',  ( 18.50000000000000000, 26.89999999999999858, 3.000000000000000000 ) ) ;
#9155 = CARTESIAN_POINT ( 'NONE',  ( 35.49999999999999289, -32.60000000000001563, 1.000000000000000888 ) ) ;
#9156 = LINE ( 'NONE', #9921, #656 ) ;
#9157 = VECTOR ( 'NONE', #3679, 1000.000000000000000 ) ;
#9158 = EDGE_CURVE ( 'NONE', #4431, #8815, #3967, .T. ) ;
#9159 = CARTESIAN_POINT ( 'NONE',  ( -0.5000000000000079936, -14.60000000000001563, 3.000000000000000000 ) ) ;
#9160 = ORIENTED_EDGE ( 'NONE', *, *, #5206, .T. ) ;
#9161 = EDGE_CURVE ( 'NONE', #1936, #3225, #10018, .T. ) ;
#9162 = VECTOR ( 'NONE', #10799, 1000.000000000000000 ) ;
#9163 = ORIENTED_EDGE ( 'NONE', *, *, #10451, .T. ) ;
#9164 = VERTEX_POINT ( 'NONE', #1985 ) ;
#9165 = DIRECTION ( 'NONE',  ( 0.000000000000000000, 0.000000000000000000, -1.000000000000000000 ) ) ;
#9166 = ORIENTED_EDGE ( 'NONE', *, *, #5410, .T. ) ;
#9167 = AXIS2_PLACEMENT_3D ( 'NONE', #1480, #10127, #6748 ) ;
#9168 = CARTESIAN_POINT ( 'NONE',  ( 19.49999999999999289, -14.60000000000001563, -14.00099999999999945 ) ) ;
#9169 = LINE ( 'NONE', #1019, #3904 ) ;
#9170 = VERTEX_POINT ( 'NONE', #11132 ) ;
#9171 = LINE ( 'NONE', #8453, #1869 ) ;
#9172 = VECTOR ( 'NONE', #1085, 1000.000000000000000 ) ;
#9173 = PLANE ( 'NONE',  #3569 ) ;
#9174 = EDGE_CURVE ( 'NONE', #11573, #1753, #1218, .T. ) ;
#9175 = CARTESIAN_POINT ( 'NONE',  ( 39.49999999999998579, -120.6000000000000085, -14.00099999999999945 ) ) ;
#9176 = AXIS2_PLACEMENT_3D ( 'NONE', #1674, #4427, #2551 ) ;
#9177 = EDGE_CURVE ( 'NONE', #3028, #11498, #8247, .T. ) ;
#9178 = ORIENTED_EDGE ( 'NONE', *, *, #6790, .F. ) ;
#9179 = EDGE_LOOP ( 'NONE', ( #11433, #8766, #3816, #4321 ) ) ;
#9180 = ORIENTED_EDGE ( 'NONE', *, *, #2753, .T. ) ;
#9181 = CARTESIAN_POINT ( 'NONE',  ( 55.49999999999999289, -117.6000000000000085, 1.000000000000000888 ) ) ;
#9182 = LINE ( 'NONE', #209, #1728 ) ;
#9183 = DIRECTION ( 'NONE',  ( 0.000000000000000000, 0.000000000000000000, -1.000000000000000000 ) ) ;
#9184 = LINE ( 'NONE', #5760, #5112 ) ;
#9185 = LINE ( 'NONE', #3077, #9358 ) ;
#9186 = CARTESIAN_POINT ( 'NONE',  ( 51.20000000000000284, 26.89999999999999858, 0.5000000000000000000 ) ) ;
#9187 = DIRECTION ( 'NONE',  ( 0.000000000000000000, 0.000000000000000000, -1.000000000000000000 ) ) ;
#9188 = EDGE_CURVE ( 'NONE', #4446, #2825, #4790, .T. ) ;
#9189 = FACE_OUTER_BOUND ( 'NONE', #8336, .T. ) ;
#9190 = CARTESIAN_POINT ( 'NONE',  ( 39.49999999999999289, -153.6000000000000227, 1.000000000000000888 ) ) ;
#9191 = EDGE_LOOP ( 'NONE', ( #5732, #1825, #3178, #8657 ) ) ;
#9192 = ORIENTED_EDGE ( 'NONE', *, *, #845, .T. ) ;
#9193 = DIRECTION ( 'NONE',  ( 1.000000000000000000, 0.000000000000000000, 0.000000000000000000 ) ) ;
#9194 = CARTESIAN_POINT ( 'NONE',  ( 56.71110922711549307, 6.949999999999999289, -13.00000000000000000 ) ) ;
#9195 = CARTESIAN_POINT ( 'NONE',  ( 19.49999999999999289, -14.60000000000001563, 1.000000000000000888 ) ) ;
#9196 = LINE ( 'NONE', #11342, #3304 ) ;
#9197 = EDGE_LOOP ( 'NONE', ( #4319, #3817, #5675, #5740 ) ) ;
#9198 = CARTESIAN_POINT ( 'NONE',  ( 55.49999999999999289, -114.6000000000000085, 1.000000000000000888 ) ) ;
#9199 = ADVANCED_FACE ( 'NONE', ( #2105 ), #339, .F. ) ;
#9200 = ORIENTED_EDGE ( 'NONE', *, *, #2826, .F. ) ;
#9201 = LINE ( 'NONE', #3089, #1292 ) ;
#9202 = ORIENTED_EDGE ( 'NONE', *, *, #1198, .T. ) ;
#9203 = AXIS2_PLACEMENT_3D ( 'NONE', #9067, #1035, #558 ) ;
#9204 = VERTEX_POINT ( 'NONE', #6000 ) ;
#9205 = EDGE_CURVE ( 'NONE', #10290, #7220, #5132, .T. ) ;
#9206 = CARTESIAN_POINT ( 'NONE',  ( 35.50000000000000000, 26.89999999999999858, 3.000000000000000000 ) ) ;
#9207 = LINE ( 'NONE', #1175, #11476 ) ;
#9208 = FACE_BOUND ( 'NONE', #3903, .T. ) ;
#9209 = VECTOR ( 'NONE', #2306, 1000.000000000000000 ) ;
#9210 = ORIENTED_EDGE ( 'NONE', *, *, #1886, .T. ) ;
#9211 = VECTOR ( 'NONE', #2996, 1000.000000000000000 ) ;
#9212 = CARTESIAN_POINT ( 'NONE',  ( -0.5000000000000073275, -17.60000000000001918, 1.000000000000000888 ) ) ;
#9213 = EDGE_CURVE ( 'NONE', #8318, #6844, #8704, .T. ) ;
#9214 = EDGE_LOOP ( 'NONE', ( #530, #1195, #4932, #7354 ) ) ;
#9215 = CARTESIAN_POINT ( 'NONE',  ( 35.50000000000000000, -144.5999999999999943, -14.00099999999999945 ) ) ;
#9216 = AXIS2_PLACEMENT_3D ( 'NONE', #649, #4160, #5266 ) ;
#9217 = FACE_OUTER_BOUND ( 'NONE', #9695, .T. ) ;
#9218 = LINE ( 'NONE', #3930, #11050 ) ;
#9219 = ORIENTED_EDGE ( 'NONE', *, *, #5044, .F. ) ;
#9220 = EDGE_CURVE ( 'NONE', #6418, #3308, #5831, .T. ) ;
#9221 = VECTOR ( 'NONE', #10206, 1000.000000000000114 ) ;
#9222 = VERTEX_POINT ( 'NONE', #625 ) ;
#9223 = DIRECTION ( 'NONE',  ( -1.000000000000000000, 0.000000000000000000, 0.000000000000000000 ) ) ;
#9224 = VERTEX_POINT ( 'NONE', #5180 ) ;
#9225 = CIRCLE ( 'NONE', #6415, 0.5000000000000000000 ) ;
#9226 = DIRECTION ( 'NONE',  ( 1.000000000000000000, -0.000000000000000000, 0.000000000000000000 ) ) ;
#9227 = LINE ( 'NONE', #7463, #3863 ) ;
#9228 = ORIENTED_EDGE ( 'NONE', *, *, #4930, .T. ) ;
#9229 = VECTOR ( 'NONE', #1689, 1000.000000000000000 ) ;
#9230 = CARTESIAN_POINT ( 'NONE',  ( 53.69999999999999574, 6.949999999999999289, 0.000000000000000000 ) ) ;
#9231 = CARTESIAN_POINT ( 'NONE',  ( 6.700000000000000178, 10.92500000000000071, 3.000000000000000000 ) ) ;
#9232 = VECTOR ( 'NONE', #2549, 1000.000000000000000 ) ;
#9233 = ORIENTED_EDGE ( 'NONE', *, *, #600, .F. ) ;
#9234 = AXIS2_PLACEMENT_3D ( 'NONE', #4691, #847, #2935 ) ;
#9235 = ORIENTED_EDGE ( 'NONE', *, *, #4779, .T. ) ;
#9236 = ORIENTED_EDGE ( 'NONE', *, *, #1676, .F. ) ;
#9237 = LINE ( 'NONE', #9941, #10156 ) ;
#9238 = FACE_OUTER_BOUND ( 'NONE', #5330, .T. ) ;
#9239 = ORIENTED_EDGE ( 'NONE', *, *, #4590, .T. ) ;
#9240 = CARTESIAN_POINT ( 'NONE',  ( 15.49999999999999645, -153.6000000000000227, -14.00099999999999945 ) ) ;
#9241 = EDGE_CURVE ( 'NONE', #752, #946, #9477, .T. ) ;
#9242 = VECTOR ( 'NONE', #611, 1000.000000000000000 ) ;
#9243 = CARTESIAN_POINT ( 'NONE',  ( 19.49999999999999645, -44.60000000000002274, 3.000000000000000000 ) ) ;
#9244 = CARTESIAN_POINT ( 'NONE',  ( 0.000000000000000000, 6.949999999999999289, -7.799999999999999822 ) ) ;
#9245 = LINE ( 'NONE', #388, #8960 ) ;
#9246 = EDGE_CURVE ( 'NONE', #259, #620, #9538, .T. ) ;
#9247 = DIRECTION ( 'NONE',  ( 0.000000000000000000, 0.000000000000000000, 1.000000000000000000 ) ) ;
#9248 = LINE ( 'NONE', #2096, #5211 ) ;
#9249 = ORIENTED_EDGE ( 'NONE', *, *, #4126, .T. ) ;
#9250 = EDGE_LOOP ( 'NONE', ( #5609, #1627, #591, #8891 ) ) ;
#9251 = ORIENTED_EDGE ( 'NONE', *, *, #6440, .T. ) ;
#9252 = EDGE_CURVE ( 'NONE', #469, #5461, #1390, .T. ) ;
#9253 = DIRECTION ( 'NONE',  ( 0.000000000000000000, 0.000000000000000000, -1.000000000000000000 ) ) ;
#9254 = CARTESIAN_POINT ( 'NONE',  ( -0.5000000000000073275, -20.60000000000002274, -14.00099999999999945 ) ) ;
#9255 = CARTESIAN_POINT ( 'NONE',  ( -0.5000000000000079936, -117.6000000000000085, 1.000000000000000888 ) ) ;
#9256 = LINE ( 'NONE', #11244, #5378 ) ;
#9257 = ORIENTED_EDGE ( 'NONE', *, *, #1594, .F. ) ;
#9258 = LINE ( 'NONE', #6661, #168 ) ;
#9259 = VECTOR ( 'NONE', #2398, 1000.000000000000000 ) ;
#9260 = VERTEX_POINT ( 'NONE', #8649 ) ;
#9261 = EDGE_LOOP ( 'NONE', ( #5596, #8465, #8601, #8664 ) ) ;
#9262 = ADVANCED_FACE ( 'NONE', ( #11354 ), #10364, .F. ) ;
#9263 = CARTESIAN_POINT ( 'NONE',  ( -0.5000000000000066613, -126.5999999999999943, 3.000000000000000000 ) ) ;
#9264 = LINE ( 'NONE', #1338, #9414 ) ;
#9265 = FACE_BOUND ( 'NONE', #4964, .T. ) ;
#9266 = ORIENTED_EDGE ( 'NONE', *, *, #7153, .F. ) ;
#9267 = DIRECTION ( 'NONE',  ( -0.000000000000000000, -1.000000000000000000, 0.000000000000000000 ) ) ;
#9268 = EDGE_LOOP ( 'NONE', ( #11115, #6279, #5055, #8276 ) ) ;
#9269 = EDGE_CURVE ( 'NONE', #965, #3596, #5016, .T. ) ;
#9270 = DIRECTION ( 'NONE',  ( -0.000000000000000000, -0.000000000000000000, 1.000000000000000000 ) ) ;
#9271 = DIRECTION ( 'NONE',  ( -0.000000000000000000, -1.000000000000000000, 0.000000000000000000 ) ) ;
#9272 = CARTESIAN_POINT ( 'NONE',  ( 11.00000000000001243, -94.10000000000000853, 3.000000000000000000 ) ) ;
#9273 = EDGE_LOOP ( 'NONE', ( #5012, #9726, #5340, #5441 ) ) ;
#9274 = EDGE_CURVE ( 'NONE', #3096, #7438, #6944, .T. ) ;
#9275 = ORIENTED_EDGE ( 'NONE', *, *, #1525, .T. ) ;
#9276 = CARTESIAN_POINT ( 'NONE',  ( 57.00000000000000000, 5.950000000000000178, 1.000000000000000000 ) ) ;
#9277 = ORIENTED_EDGE ( 'NONE', *, *, #8916, .T. ) ;
#9278 = CARTESIAN_POINT ( 'NONE',  ( 35.50000000000000000, -50.60000000000002274, 1.000000000000000000 ) ) ;
#9279 = DIRECTION ( 'NONE',  ( 1.000000000000000000, 0.000000000000000000, 0.000000000000000000 ) ) ;
#9280 = ORIENTED_EDGE ( 'NONE', *, *, #3411, .F. ) ;
#9281 = CARTESIAN_POINT ( 'NONE',  ( -1.800000000000000044, 23.09999999999999787, 1.000000000000000000 ) ) ;
#9282 = EDGE_CURVE ( 'NONE', #3297, #9170, #10539, .T. ) ;
#9283 = LINE ( 'NONE', #9337, #7141 ) ;
#9284 = DIRECTION ( 'NONE',  ( 0.000000000000000000, -1.000000000000000000, 0.000000000000000000 ) ) ;
#9285 = EDGE_LOOP ( 'NONE', ( #5102, #5767, #2872, #10248, #6271 ) ) ;
#9286 = ORIENTED_EDGE ( 'NONE', *, *, #6751, .F. ) ;
#9287 = EDGE_LOOP ( 'NONE', ( #5023, #5753, #3519, #1892 ) ) ;
#9288 = CARTESIAN_POINT ( 'NONE',  ( 19.49999999999999289, -123.6000000000000085, -14.00099999999999945 ) ) ;
#9289 = CARTESIAN_POINT ( 'NONE',  ( -0.5000000000000066613, -26.60000000000001918, 1.000000000000000888 ) ) ;
#9290 = ORIENTED_EDGE ( 'NONE', *, *, #5527, .F. ) ;
#9291 = DIRECTION ( 'NONE',  ( 0.000000000000000000, 0.000000000000000000, -1.000000000000000000 ) ) ;
#9292 = CARTESIAN_POINT ( 'NONE',  ( 28.50000000000000000, 25.39999999999999858, 1.000000000000000000 ) ) ;
#9293 = ADVANCED_FACE ( 'NONE', ( #3137 ), #4075, .F. ) ;
#9294 = CARTESIAN_POINT ( 'NONE',  ( 54.69999999999999574, 6.949999999999999289, 0.5000000000000000000 ) ) ;
#9295 = CARTESIAN_POINT ( 'NONE',  ( 18.21999999999999886, 22.91999999999999815, 3.000000000000000000 ) ) ;
#9296 = VECTOR ( 'NONE', #1746, 1000.000000000000000 ) ;
#9297 = CARTESIAN_POINT ( 'NONE',  ( 27.50000000000000000, -0.9916459933285248773, -13.00000000000000000 ) ) ;
#9298 = ORIENTED_EDGE ( 'NONE', *, *, #2094, .F. ) ;
#9299 = EDGE_CURVE ( 'NONE', #2050, #7234, #11302, .T. ) ;
#9300 = VERTEX_POINT ( 'NONE', #1562 ) ;
#9301 = EDGE_CURVE ( 'NONE', #5639, #6078, #8594, .T. ) ;
#9302 = EDGE_LOOP ( 'NONE', ( #3203, #9990, #613, #2258 ) ) ;
#9303 = ADVANCED_FACE ( 'NONE', ( #6885 ), #4133, .F. ) ;
#9304 = VECTOR ( 'NONE', #7169, 1000.000000000000000 ) ;
#9305 = CARTESIAN_POINT ( 'NONE',  ( -0.5000000000000059952, -32.60000000000001563, 3.000000000000000000 ) ) ;
#9306 = FACE_OUTER_BOUND ( 'NONE', #9341, .T. ) ;
#9307 = CARTESIAN_POINT ( 'NONE',  ( 0.000000000000000000, 25.89999999999999858, -13.00000000000000000 ) ) ;
#9308 = DIRECTION ( 'NONE',  ( -0.000000000000000000, -0.000000000000000000, 1.000000000000000000 ) ) ;
#9309 = LINE ( 'NONE', #5078, #1268 ) ;
#9310 = EDGE_CURVE ( 'NONE', #365, #3397, #9647, .T. ) ;
#9311 = CARTESIAN_POINT ( 'NONE',  ( 28.50000000000000000, 30.90000000000000213, -10.00000000000000000 ) ) ;
#9312 = ORIENTED_EDGE ( 'NONE', *, *, #9003, .T. ) ;
#9313 = CIRCLE ( 'NONE', #4441, 1.000000000000000000 ) ;
#9314 = ORIENTED_EDGE ( 'NONE', *, *, #6864, .T. ) ;
#9315 = CYLINDRICAL_SURFACE ( 'NONE', #11589, 0.5000000000000000000 ) ;
#9316 = DIRECTION ( 'NONE',  ( -0.000000000000000000, -0.000000000000000000, 1.000000000000000000 ) ) ;
#9317 = FACE_BOUND ( 'NONE', #5263, .T. ) ;
#9318 = ORIENTED_EDGE ( 'NONE', *, *, #7766, .T. ) ;
#9319 = CARTESIAN_POINT ( 'NONE',  ( 15.49999999999999645, -147.6000000000000227, 3.000000000000000000 ) ) ;
#9320 = ORIENTED_EDGE ( 'NONE', *, *, #4978, .F. ) ;
#9321 = VECTOR ( 'NONE', #11077, 1000.000000000000000 ) ;
#9322 = PLANE ( 'NONE',  #5843 ) ;
#9323 = LINE ( 'NONE', #3866, #9221 ) ;
#9324 = ADVANCED_FACE ( 'NONE', ( #6832 ), #10416, .F. ) ;
#9325 = CARTESIAN_POINT ( 'NONE',  ( 60.19999999999999574, 11.44999999999999929, -10.00000000000000000 ) ) ;
#9326 = DIRECTION ( 'NONE',  ( 0.000000000000000000, -1.000000000000000000, 0.000000000000000000 ) ) ;
#9327 = ORIENTED_EDGE ( 'NONE', *, *, #485, .T. ) ;
#9328 = VECTOR ( 'NONE', #9187, 1000.000000000000000 ) ;
#9329 = VERTEX_POINT ( 'NONE', #8000 ) ;
#9330 = DIRECTION ( 'NONE',  ( -0.000000000000000000, 1.000000000000000000, 0.000000000000000000 ) ) ;
#9331 = AXIS2_PLACEMENT_3D ( 'NONE', #9437, #1345, #10203 ) ;
#9332 = ORIENTED_EDGE ( 'NONE', *, *, #2188, .F. ) ;
#9333 = CYLINDRICAL_SURFACE ( 'NONE', #9803, 0.5000000000000004441 ) ;
#9334 = CARTESIAN_POINT ( 'NONE',  ( 15.49999999999999467, -32.60000000000001563, 1.000000000000000000 ) ) ;
#9335 = ORIENTED_EDGE ( 'NONE', *, *, #6853, .T. ) ;
#9336 = DIRECTION ( 'NONE',  ( -0.000000000000000000, -0.000000000000000000, 1.000000000000000000 ) ) ;
#9337 = CARTESIAN_POINT ( 'NONE',  ( 3.079999999999999627, 22.91999999999999815, 3.000000000000000000 ) ) ;
#9338 = EDGE_CURVE ( 'NONE', #7733, #2746, #7122, .T. ) ;
#9339 = CYLINDRICAL_SURFACE ( 'NONE', #2645, 1.549999999999995826 ) ;
#9340 = VECTOR ( 'NONE', #5311, 1000.000000000000000 ) ;
#9341 = EDGE_LOOP ( 'NONE', ( #556, #4583, #4017, #7635 ) ) ;
#9342 = AXIS2_PLACEMENT_3D ( 'NONE', #11305, #4080, #3261 ) ;
#9343 = EDGE_CURVE ( 'NONE', #9987, #8475, #4485, .T. ) ;
#9344 = VERTEX_POINT ( 'NONE', #7182 ) ;
#9345 = EDGE_LOOP ( 'NONE', ( #2453, #9684, #925, #10431 ) ) ;
#9346 = DIRECTION ( 'NONE',  ( 1.000000000000000000, 0.000000000000000000, 0.000000000000000000 ) ) ;
#9347 = CARTESIAN_POINT ( 'NONE',  ( 15.49999999999999467, -135.5999999999999943, 3.000000000000000000 ) ) ;
#9348 = ORIENTED_EDGE ( 'NONE', *, *, #10542, .F. ) ;
#9349 = VECTOR ( 'NONE', #9705, 1000.000000000000000 ) ;
#9350 = DIRECTION ( 'NONE',  ( 0.000000000000000000, -0.000000000000000000, -1.000000000000000000 ) ) ;
#9351 = LINE ( 'NONE', #212, #9172 ) ;
#9352 = FACE_OUTER_BOUND ( 'NONE', #4157, .T. ) ;
#9353 = DIRECTION ( 'NONE',  ( -1.000000000000000000, 0.000000000000000000, 0.000000000000000000 ) ) ;
#9354 = ADVANCED_FACE ( 'NONE', ( #9702 ), #8120, .F. ) ;
#9355 = CARTESIAN_POINT ( 'NONE',  ( 19.49999999999999645, -35.60000000000002274, -14.00099999999999945 ) ) ;
#9356 = VECTOR ( 'NONE', #6397, 1000.000000000000000 ) ;
#9357 = EDGE_LOOP ( 'NONE', ( #10444, #7927, #3828, #1485 ) ) ;
#9358 = VECTOR ( 'NONE', #3778, 1000.000000000000000 ) ;
#9359 = ORIENTED_EDGE ( 'NONE', *, *, #11174, .F. ) ;
#9360 = EDGE_CURVE ( 'NONE', #4417, #6257, #6297, .T. ) ;
#9361 = EDGE_LOOP ( 'NONE', ( #5828, #4294, #7038, #4827 ) ) ;
#9362 = CARTESIAN_POINT ( 'NONE',  ( 39.49999999999999289, -147.6000000000000227, -14.00099999999999945 ) ) ;
#9363 = CARTESIAN_POINT ( 'NONE',  ( -1.300000000000000044, 23.09999999999999787, 3.000000000000000000 ) ) ;
#9364 = VECTOR ( 'NONE', #10323, 1000.000000000000000 ) ;
#9365 = CARTESIAN_POINT ( 'NONE',  ( 39.49999999999999289, -23.60000000000001563, 3.000000000000000000 ) ) ;
#9366 = LINE ( 'NONE', #183, #11600 ) ;
#9367 = CARTESIAN_POINT ( 'NONE',  ( 19.49999999999999645, -147.6000000000000227, -14.00099999999999945 ) ) ;
#9368 = VECTOR ( 'NONE', #10587, 1000.000000000000000 ) ;
#9369 = FACE_OUTER_BOUND ( 'NONE', #5725, .T. ) ;
#9370 = VERTEX_POINT ( 'NONE', #8821 ) ;
#9371 = ORIENTED_EDGE ( 'NONE', *, *, #776, .T. ) ;
#9372 = CARTESIAN_POINT ( 'NONE',  ( 19.49999999999999645, -44.60000000000002274, -14.00099999999999945 ) ) ;
#9373 = LINE ( 'NONE', #11192, #7718 ) ;
#9374 = CARTESIAN_POINT ( 'NONE',  ( 0.000000000000000000, 10.44999999999999929, 1.000000000000000000 ) ) ;
#9375 = VERTEX_POINT ( 'NONE', #10593 ) ;
#9376 = CARTESIAN_POINT ( 'NONE',  ( 0.000000000000000000, -2.299999999999999822, -14.00000000000000000 ) ) ;
#9377 = EDGE_LOOP ( 'NONE', ( #3963, #2683, #5714, #4606 ) ) ;
#9378 = DIRECTION ( 'NONE',  ( -0.000000000000000000, -0.000000000000000000, 1.000000000000000000 ) ) ;
#9379 = EDGE_CURVE ( 'NONE', #7959, #7893, #3602, .T. ) ;
#9380 = AXIS2_PLACEMENT_3D ( 'NONE', #7875, #10408, #9584 ) ;
#9381 = LINE ( 'NONE', #1349, #2110 ) ;
#9382 = ADVANCED_FACE ( 'NONE', ( #3427 ), #90, .T. ) ;
#9383 = PLANE ( 'NONE',  #7768 ) ;
#9384 = PLANE ( 'NONE',  #5424 ) ;
#9385 = EDGE_LOOP ( 'NONE', ( #3474, #4373, #10158, #4036 ) ) ;
#9386 = ORIENTED_EDGE ( 'NONE', *, *, #8916, .F. ) ;
#9387 = VECTOR ( 'NONE', #10335, 1000.000000000000000 ) ;
#9388 = EDGE_CURVE ( 'NONE', #2236, #6982, #9944, .T. ) ;
#9389 = CARTESIAN_POINT ( 'NONE',  ( 39.49999999999999289, -138.5999999999999943, 1.000000000000000888 ) ) ;
#9390 = ORIENTED_EDGE ( 'NONE', *, *, #2868, .F. ) ;
#9391 = AXIS2_PLACEMENT_3D ( 'NONE', #824, #11381, #1696 ) ;
#9392 = CARTESIAN_POINT ( 'NONE',  ( 39.49999999999999289, -32.60000000000001563, 3.000000000000000000 ) ) ;
#9393 = DIRECTION ( 'NONE',  ( 0.000000000000000000, 1.000000000000000000, -0.000000000000000000 ) ) ;
#9394 = EDGE_LOOP ( 'NONE', ( #10553, #10040, #2948, #7881 ) ) ;
#9395 = CARTESIAN_POINT ( 'NONE',  ( 39.49999999999999289, -44.60000000000002274, -14.00099999999999945 ) ) ;
#9396 = DIRECTION ( 'NONE',  ( -0.000000000000000000, -1.000000000000000000, -0.000000000000000000 ) ) ;
#9397 = DIRECTION ( 'NONE',  ( 1.000000000000000000, 0.000000000000000000, 0.000000000000000000 ) ) ;
#9398 = VECTOR ( 'NONE', #10058, 1000.000000000000000 ) ;
#9399 = VECTOR ( 'NONE', #6755, 1000.000000000000000 ) ;
#9400 = ORIENTED_EDGE ( 'NONE', *, *, #3851, .T. ) ;
#9401 = EDGE_LOOP ( 'NONE', ( #3253, #3185, #8228, #1534 ) ) ;
#9402 = ORIENTED_EDGE ( 'NONE', *, *, #7725, .T. ) ;
#9403 = EDGE_CURVE ( 'NONE', #7167, #6964, #7238, .T. ) ;
#9404 = LINE ( 'NONE', #823, #5836 ) ;
#9405 = CARTESIAN_POINT ( 'NONE',  ( -0.2999999999999924949, 6.949999999999999289, 0.5000000000000000000 ) ) ;
#9406 = ORIENTED_EDGE ( 'NONE', *, *, #3267, .T. ) ;
#9407 = VECTOR ( 'NONE', #10537, 1000.000000000000000 ) ;
#9408 = VECTOR ( 'NONE', #4175, 999.9999999999998863 ) ;
#9409 = DIRECTION ( 'NONE',  ( 0.000000000000000000, 0.000000000000000000, -1.000000000000000000 ) ) ;
#9410 = ORIENTED_EDGE ( 'NONE', *, *, #1403, .T. ) ;
#9411 = LINE ( 'NONE', #10407, #10665 ) ;
#9412 = CARTESIAN_POINT ( 'NONE',  ( 19.49999999999999645, -147.6000000000000227, 1.000000000000000888 ) ) ;
#9413 = LINE ( 'NONE', #2908, #8018 ) ;
#9414 = VECTOR ( 'NONE', #9434, 1000.000000000000000 ) ;
#9415 = DIRECTION ( 'NONE',  ( 0.000000000000000000, 1.000000000000000000, 0.000000000000000000 ) ) ;
#9416 = ADVANCED_FACE ( 'NONE', ( #3658 ), #10648, .F. ) ;
#9417 = VECTOR ( 'NONE', #9493, 1000.000000000000000 ) ;
#9418 = ORIENTED_EDGE ( 'NONE', *, *, #5577, .F. ) ;
#9419 = ORIENTED_EDGE ( 'NONE', *, *, #1594, .T. ) ;
#9420 = EDGE_LOOP ( 'NONE', ( #4729, #6263, #6988, #4591 ) ) ;
#9421 = ADVANCED_FACE ( 'NONE', ( #5486 ), #1732, .F. ) ;
#9422 = FACE_OUTER_BOUND ( 'NONE', #2649, .T. ) ;
#9423 = DIRECTION ( 'NONE',  ( 0.000000000000000000, 0.000000000000000000, 1.000000000000000000 ) ) ;
#9424 = VECTOR ( 'NONE', #10242, 1000.000000000000000 ) ;
#9425 = CARTESIAN_POINT ( 'NONE',  ( 19.49999999999999645, -141.5999999999999943, 3.000000000000000000 ) ) ;
#9426 = DIRECTION ( 'NONE',  ( 0.000000000000000000, 1.000000000000000000, 0.000000000000000000 ) ) ;
#9427 = DIRECTION ( 'NONE',  ( -1.000000000000000000, 0.000000000000000000, 0.000000000000000000 ) ) ;
#9428 = ADVANCED_FACE ( 'NONE', ( #1671 ), #9761, .F. ) ;
#9429 = CARTESIAN_POINT ( 'NONE',  ( 54.69999999999999574, 0.000000000000000000, 0.5000000000000000000 ) ) ;
#9430 = VECTOR ( 'NONE', #3889, 1000.000000000000000 ) ;
#9431 = ORIENTED_EDGE ( 'NONE', *, *, #3206, .T. ) ;
#9432 = ORIENTED_EDGE ( 'NONE', *, *, #1957, .T. ) ;
#9433 = FACE_OUTER_BOUND ( 'NONE', #8830, .T. ) ;
#9434 = DIRECTION ( 'NONE',  ( 0.000000000000000000, -1.000000000000000000, 0.000000000000000000 ) ) ;
#9435 = FACE_BOUND ( 'NONE', #1492, .T. ) ;
#9436 = VERTEX_POINT ( 'NONE', #4367 ) ;
#9437 = CARTESIAN_POINT ( 'NONE',  ( 19.50000000000000000, 0.000000000000000000, -13.00000000000000000 ) ) ;
#9438 = ORIENTED_EDGE ( 'NONE', *, *, #7656, .T. ) ;
#9439 = EDGE_CURVE ( 'NONE', #1932, #5408, #4423, .T. ) ;
#9440 = CARTESIAN_POINT ( 'NONE',  ( 19.49999999999999289, -11.60000000000001386, 3.000000000000000000 ) ) ;
#9441 = PLANE ( 'NONE',  #4191 ) ;
#9442 = PLANE ( 'NONE',  #6264 ) ;
#9443 = DIRECTION ( 'NONE',  ( 1.000000000000000000, 8.286895585876499530E-17, 0.000000000000000000 ) ) ;
#9444 = EDGE_LOOP ( 'NONE', ( #4416, #11218, #9087, #10547 ) ) ;
#9445 = ADVANCED_FACE ( 'NONE', ( #8883 ), #11530, .F. ) ;
#9446 = FACE_OUTER_BOUND ( 'NONE', #321, .T. ) ;
#9447 = EDGE_CURVE ( 'NONE', #2696, #11253, #5282, .T. ) ;
#9448 = CARTESIAN_POINT ( 'NONE',  ( 39.49999999999999289, -29.60000000000001563, 3.000000000000000000 ) ) ;
#9449 = VERTEX_POINT ( 'NONE', #9826 ) ;
#9450 = CARTESIAN_POINT ( 'NONE',  ( 27.50000000000000000, 25.89999999999999858, -13.00000000000000000 ) ) ;
#9451 = LINE ( 'NONE', #8451, #8585 ) ;
#9452 = ORIENTED_EDGE ( 'NONE', *, *, #7084, .F. ) ;
#9453 = DIRECTION ( 'NONE',  ( 0.000000000000000000, 0.000000000000000000, 1.000000000000000000 ) ) ;
#9454 = CARTESIAN_POINT ( 'NONE',  ( 56.71110922711549307, 0.000000000000000000, -13.00000000000000000 ) ) ;
#9455 = VECTOR ( 'NONE', #3499, 1000.000000000000000 ) ;
#9456 = CARTESIAN_POINT ( 'NONE',  ( -0.5000000000000079936, -114.6000000000000085, 3.000000000000000000 ) ) ;
#9457 = EDGE_CURVE ( 'NONE', #8447, #8924, #1790, .T. ) ;
#9458 = DIRECTION ( 'NONE',  ( 0.000000000000000000, 1.000000000000000000, 0.000000000000000000 ) ) ;
#9459 = ORIENTED_EDGE ( 'NONE', *, *, #4268, .F. ) ;
#9460 = ORIENTED_EDGE ( 'NONE', *, *, #9729, .F. ) ;
#9461 = ORIENTED_EDGE ( 'NONE', *, *, #5512, .T. ) ;
#9462 = LINE ( 'NONE', #3121, #4342 ) ;
#9463 = DIRECTION ( 'NONE',  ( -0.000000000000000000, -0.000000000000000000, 1.000000000000000000 ) ) ;
#9464 = VERTEX_POINT ( 'NONE', #4831 ) ;
#9465 = CARTESIAN_POINT ( 'NONE',  ( -0.5000000000000052180, -35.60000000000002274, -14.00099999999999945 ) ) ;
#9466 = ORIENTED_EDGE ( 'NONE', *, *, #8850, .F. ) ;
#9467 = CARTESIAN_POINT ( 'NONE',  ( -4.000000000000002665, -149.6000000000000227, -4.000000000000000000 ) ) ;
#9468 = DIRECTION ( 'NONE',  ( -0.000000000000000000, -0.000000000000000000, 1.000000000000000000 ) ) ;
#9469 = LINE ( 'NONE', #1434, #7355 ) ;
#9470 = LINE ( 'NONE', #8359, #3076 ) ;
#9471 = EDGE_CURVE ( 'NONE', #5530, #6844, #3836, .T. ) ;
#9472 = ORIENTED_EDGE ( 'NONE', *, *, #5780, .T. ) ;
#9473 = ORIENTED_EDGE ( 'NONE', *, *, #3258, .T. ) ;
#9474 = VERTEX_POINT ( 'NONE', #2029 ) ;
#9475 = PLANE ( 'NONE',  #7533 ) ;
#9476 = CARTESIAN_POINT ( 'NONE',  ( 35.50000000000000000, -35.60000000000002274, -14.00099999999999945 ) ) ;
#9477 = LINE ( 'NONE', #9425, #6975 ) ;
#9478 = VECTOR ( 'NONE', #4256, 1000.000000000000000 ) ;
#9479 = FACE_OUTER_BOUND ( 'NONE', #5579, .T. ) ;
#9480 = FACE_OUTER_BOUND ( 'NONE', #7749, .T. ) ;
#9481 = EDGE_CURVE ( 'NONE', #10987, #2378, #1972, .T. ) ;
#9482 = DIRECTION ( 'NONE',  ( 1.000000000000000000, 0.000000000000000000, 0.000000000000000000 ) ) ;
#9483 = ORIENTED_EDGE ( 'NONE', *, *, #9805, .F. ) ;
#9484 = AXIS2_PLACEMENT_3D ( 'NONE', #5407, #7872, #10580 ) ;
#9485 = ORIENTED_EDGE ( 'NONE', *, *, #705, .T. ) ;
#9486 = FACE_OUTER_BOUND ( 'NONE', #6352, .T. ) ;
#9487 = EDGE_CURVE ( 'NONE', #1140, #9810, #10888, .T. ) ;
#9488 = DIRECTION ( 'NONE',  ( -4.336808689942015271E-16, 0.000000000000000000, 1.000000000000000000 ) ) ;
#9489 = CARTESIAN_POINT ( 'NONE',  ( 28.50000000000000000, 27.90000000000000213, -14.00000000000000000 ) ) ;
#9490 = ORIENTED_EDGE ( 'NONE', *, *, #2297, .F. ) ;
#9491 = CARTESIAN_POINT ( 'NONE',  ( 39.49999999999999289, -150.6000000000000227, 3.000000000000000000 ) ) ;
#9492 = ORIENTED_EDGE ( 'NONE', *, *, #4858, .F. ) ;
#9493 = DIRECTION ( 'NONE',  ( -1.000000000000000000, -2.209838822900395026E-16, 0.000000000000000000 ) ) ;
#9494 = DIRECTION ( 'NONE',  ( -0.000000000000000000, -0.000000000000000000, 1.000000000000000000 ) ) ;
#9495 = DIRECTION ( 'NONE',  ( -0.000000000000000000, -0.000000000000000000, 1.000000000000000000 ) ) ;
#9496 = CARTESIAN_POINT ( 'NONE',  ( 51.20000000000000284, 21.60000000000000142, 1.000000000000000000 ) ) ;
#9497 = ORIENTED_EDGE ( 'NONE', *, *, #10317, .F. ) ;
#9498 = EDGE_CURVE ( 'NONE', #6601, #1932, #11006, .T. ) ;
#9499 = CARTESIAN_POINT ( 'NONE',  ( 15.49999999999999289, -14.60000000000001563, 1.000000000000000000 ) ) ;
#9500 = AXIS2_PLACEMENT_3D ( 'NONE', #8185, #9897, #8311 ) ;
#9501 = PLANE ( 'NONE',  #3208 ) ;
#9502 = ORIENTED_EDGE ( 'NONE', *, *, #9856, .T. ) ;
#9503 = CARTESIAN_POINT ( 'NONE',  ( -0.5000000000000045519, -147.6000000000000227, 1.000000000000000888 ) ) ;
#9504 = CARTESIAN_POINT ( 'NONE',  ( 28.50000000000000000, 25.89999999999999858, 0.5000000000000000000 ) ) ;
#9505 = ORIENTED_EDGE ( 'NONE', *, *, #2497, .F. ) ;
#9506 = LINE ( 'NONE', #10620, #5258 ) ;
#9507 = EDGE_CURVE ( 'NONE', #8029, #2876, #4777, .T. ) ;
#9508 = LINE ( 'NONE', #598, #9757 ) ;
#9509 = EDGE_CURVE ( 'NONE', #9134, #3308, #2846, .T. ) ;
#9510 = CIRCLE ( 'NONE', #3891, 1.000000000000000000 ) ;
#9511 = DIRECTION ( 'NONE',  ( -0.000000000000000000, -0.000000000000000000, 1.000000000000000000 ) ) ;
#9512 = ORIENTED_EDGE ( 'NONE', *, *, #2082, .F. ) ;
#9513 = VECTOR ( 'NONE', #7074, 1000.000000000000000 ) ;
#9514 = ORIENTED_EDGE ( 'NONE', *, *, #3705, .F. ) ;
#9515 = ORIENTED_EDGE ( 'NONE', *, *, #5967, .F. ) ;
#9516 = CARTESIAN_POINT ( 'NONE',  ( 19.49999999999999645, -44.60000000000002274, -14.00099999999999945 ) ) ;
#9517 = LINE ( 'NONE', #8630, #10530 ) ;
#9518 = ORIENTED_EDGE ( 'NONE', *, *, #2147, .F. ) ;
#9519 = DIRECTION ( 'NONE',  ( 0.000000000000000000, 1.000000000000000000, 0.000000000000000000 ) ) ;
#9520 = ADVANCED_FACE ( 'NONE', ( #6424 ), #270, .F. ) ;
#9521 = FACE_OUTER_BOUND ( 'NONE', #7930, .T. ) ;
#9522 = VECTOR ( 'NONE', #7776, 1000.000000000000000 ) ;
#9523 = VERTEX_POINT ( 'NONE', #385 ) ;
#9524 = CARTESIAN_POINT ( 'NONE',  ( 15.49999999999999289, -117.6000000000000085, -14.00099999999999945 ) ) ;
#9525 = PRODUCT_DEFINITION_FORMATION_WITH_SPECIFIED_SOURCE ( 'ANY', '', #1023, .NOT_KNOWN. ) ;
#9526 = CARTESIAN_POINT ( 'NONE',  ( 27.50000000000000000, 27.43078173849590229, -13.00000000000000000 ) ) ;
#9527 = DIRECTION ( 'NONE',  ( 0.000000000000000000, -1.000000000000000000, 0.000000000000000000 ) ) ;
#9528 = VECTOR ( 'NONE', #7972, 1000.000000000000000 ) ;
#9529 = CARTESIAN_POINT ( 'NONE',  ( 59.99999999999999289, -149.6000000000000227, 1.000000000000000000 ) ) ;
#9530 = ADVANCED_FACE ( 'NONE', ( #2146 ), #6644, .F. ) ;
#9531 = EDGE_CURVE ( 'NONE', #4401, #8807, #9120, .T. ) ;
#9532 = CIRCLE ( 'NONE', #4465, 3.524999999999999467 ) ;
#9533 = ORIENTED_EDGE ( 'NONE', *, *, #6585, .F. ) ;
#9534 = VECTOR ( 'NONE', #3686, 1000.000000000000000 ) ;
#9535 = ORIENTED_EDGE ( 'NONE', *, *, #9651, .T. ) ;
#9536 = PLANE ( 'NONE',  #10720 ) ;
#9537 = FACE_OUTER_BOUND ( 'NONE', #6895, .T. ) ;
#9538 = LINE ( 'NONE', #6058, #11293 ) ;
#9539 = EDGE_CURVE ( 'NONE', #4081, #7733, #7361, .T. ) ;
#9540 = AXIS2_PLACEMENT_3D ( 'NONE', #3637, #4810, #362 ) ;
#9541 = DIRECTION ( 'NONE',  ( -0.000000000000000000, -1.000000000000000000, 0.000000000000000000 ) ) ;
#9542 = CARTESIAN_POINT ( 'NONE',  ( 48.00000000000001421, 31.39999999999999858, -2.999999999999971578 ) ) ;
#9543 = LINE ( 'NONE', #9707, #7817 ) ;
#9544 = VECTOR ( 'NONE', #6760, 1000.000000000000000 ) ;
#9545 = FACE_OUTER_BOUND ( 'NONE', #10780, .T. ) ;
#9546 = ORIENTED_EDGE ( 'NONE', *, *, #10637, .F. ) ;
#9547 = ORIENTED_EDGE ( 'NONE', *, *, #1751, .T. ) ;
#9548 = AXIS2_PLACEMENT_3D ( 'NONE', #10794, #10851, #9969 ) ;
#9549 = LINE ( 'NONE', #5027, #10266 ) ;
#9550 = EDGE_CURVE ( 'NONE', #4203, #884, #149, .T. ) ;
#9551 = LINE ( 'NONE', #4378, #4414 ) ;
#9552 = VERTEX_POINT ( 'NONE', #8235 ) ;
#9553 = LINE ( 'NONE', #3494, #10839 ) ;
#9554 = ORIENTED_EDGE ( 'NONE', *, *, #7990, .T. ) ;
#9555 = DIRECTION ( 'NONE',  ( 1.000000000000000000, 1.394752543498940500E-16, -0.000000000000000000 ) ) ;
#9556 = CARTESIAN_POINT ( 'NONE',  ( 39.49999999999999289, -38.60000000000002274, -14.00099999999999945 ) ) ;
#9557 = DIRECTION ( 'NONE',  ( 0.000000000000000000, 0.000000000000000000, 1.000000000000000000 ) ) ;
#9558 = EDGE_CURVE ( 'NONE', #1294, #9474, #9184, .T. ) ;
#9559 = CARTESIAN_POINT ( 'NONE',  ( 63.00000000000001421, -161.6000000000000227, 3.000000000000000000 ) ) ;
#9560 = ORIENTED_EDGE ( 'NONE', *, *, #4377, .F. ) ;
#9561 = CARTESIAN_POINT ( 'NONE',  ( 18.21999999999999886, 10.92500000000000071, 1.000000000000000000 ) ) ;
#9562 = EDGE_CURVE ( 'NONE', #159, #4446, #3716, .T. ) ;
#9563 = DIRECTION ( 'NONE',  ( 1.000000000000000000, 0.000000000000000000, 0.000000000000000000 ) ) ;
#9564 = ORIENTED_EDGE ( 'NONE', *, *, #11506, .F. ) ;
#9565 = LINE ( 'NONE', #8675, #8862 ) ;
#9566 = CARTESIAN_POINT ( 'NONE',  ( 55.49999999999999289, -153.6000000000000227, 3.000000000000000000 ) ) ;
#9567 = ORIENTED_EDGE ( 'NONE', *, *, #10819, .F. ) ;
#9568 = CARTESIAN_POINT ( 'NONE',  ( 19.49999999999999645, -50.60000000000002274, 3.000000000000000000 ) ) ;
#9569 = DIRECTION ( 'NONE',  ( 0.000000000000000000, 0.000000000000000000, -1.000000000000000000 ) ) ;
#9570 = EDGE_CURVE ( 'NONE', #3318, #5323, #10006, .T. ) ;
#9571 = DIRECTION ( 'NONE',  ( 1.000000000000000000, 0.000000000000000000, 0.000000000000000000 ) ) ;
#9572 = AXIS2_PLACEMENT_3D ( 'NONE', #11009, #2789, #3660 ) ;
#9573 = ORIENTED_EDGE ( 'NONE', *, *, #3851, .F. ) ;
#9574 = ORIENTED_EDGE ( 'NONE', *, *, #790, .T. ) ;
#9575 = ORIENTED_EDGE ( 'NONE', *, *, #10157, .F. ) ;
#9576 = CARTESIAN_POINT ( 'NONE',  ( 39.49999999999999289, -153.6000000000000227, 3.000000000000000000 ) ) ;
#9577 = ORIENTED_EDGE ( 'NONE', *, *, #8584, .T. ) ;
#9578 = DIRECTION ( 'NONE',  ( -0.000000000000000000, 1.000000000000000000, 0.000000000000000000 ) ) ;
#9579 = CARTESIAN_POINT ( 'NONE',  ( 15.49999999999999467, -26.60000000000001918, 1.000000000000000888 ) ) ;
#9580 = ORIENTED_EDGE ( 'NONE', *, *, #7242, .T. ) ;
#9581 = AXIS2_PLACEMENT_3D ( 'NONE', #5750, #7032, #5977 ) ;
#9582 = PLANE ( 'NONE',  #6545 ) ;
#9583 = AXIS2_PLACEMENT_3D ( 'NONE', #4937, #10276, #7628 ) ;
#9584 = DIRECTION ( 'NONE',  ( 1.000000000000000000, 0.000000000000000000, 0.000000000000000000 ) ) ;
#9585 = DIRECTION ( 'NONE',  ( 0.000000000000000000, 0.000000000000000000, -1.000000000000000000 ) ) ;
#9586 = CARTESIAN_POINT ( 'NONE',  ( 35.50000000000000000, -38.60000000000002274, 3.000000000000000000 ) ) ;
#9587 = VECTOR ( 'NONE', #5116, 1000.000000000000000 ) ;
#9588 = VERTEX_POINT ( 'NONE', #6537 ) ;
#9589 = TOROIDAL_SURFACE ( 'NONE', #8274, 3.799999999999999822, 0.5000000000000000000 ) ;
#9590 = ORIENTED_EDGE ( 'NONE', *, *, #6423, .F. ) ;
#9591 = DIRECTION ( 'NONE',  ( -1.000000000000000000, 0.000000000000000000, 0.000000000000000000 ) ) ;
#9592 = CARTESIAN_POINT ( 'NONE',  ( 35.50000000000000000, -141.5999999999999943, -14.00099999999999945 ) ) ;
#9593 = CARTESIAN_POINT ( 'NONE',  ( 39.49999999999999289, -138.5999999999999943, -14.00099999999999945 ) ) ;
#9594 = EDGE_CURVE ( 'NONE', #862, #2978, #7479, .T. ) ;
#9595 = VECTOR ( 'NONE', #7669, 1000.000000000000000 ) ;
#9596 = DIRECTION ( 'NONE',  ( 0.000000000000000000, -0.9994388253390702470, 0.03349678200752206209 ) ) ;
#9597 = FACE_OUTER_BOUND ( 'NONE', #1455, .T. ) ;
#9598 = DIRECTION ( 'NONE',  ( -1.000000000000000000, -0.000000000000000000, -0.000000000000000000 ) ) ;
#9599 = VECTOR ( 'NONE', #268, 1000.000000000000000 ) ;
#9600 = CYLINDRICAL_SURFACE ( 'NONE', #2793, 1.549999999999999378 ) ;
#9601 = VERTEX_POINT ( 'NONE', #2089 ) ;
#9602 = EDGE_CURVE ( 'NONE', #3054, #9344, #5709, .T. ) ;
#9603 = VERTEX_POINT ( 'NONE', #11064 ) ;
#9604 = AXIS2_PLACEMENT_3D ( 'NONE', #9307, #2160, #5772 ) ;
#9605 = LINE ( 'NONE', #5190, #3515 ) ;
#9606 = CARTESIAN_POINT ( 'NONE',  ( -0.5000000000000052180, -38.60000000000002274, 1.000000000000000888 ) ) ;
#9607 = FACE_BOUND ( 'NONE', #4736, .T. ) ;
#9608 = ORIENTED_EDGE ( 'NONE', *, *, #2349, .F. ) ;
#9609 = DIRECTION ( 'NONE',  ( -1.000000000000000000, 0.000000000000000000, 0.000000000000000000 ) ) ;
#9610 = ORIENTED_EDGE ( 'NONE', *, *, #10243, .T. ) ;
#9611 = AXIS2_PLACEMENT_3D ( 'NONE', #4406, #2593, #4527 ) ;
#9612 = DIRECTION ( 'NONE',  ( 0.000000000000000000, 0.000000000000000000, -1.000000000000000000 ) ) ;
#9613 = FACE_OUTER_BOUND ( 'NONE', #9950, .T. ) ;
#9614 = EDGE_CURVE ( 'NONE', #8606, #11047, #5658, .T. ) ;
#9615 = LINE ( 'NONE', #4266, #2433 ) ;
#9616 = VERTEX_POINT ( 'NONE', #1259 ) ;
#9617 = CARTESIAN_POINT ( 'NONE',  ( 35.49999999999999289, -135.5999999999999943, 1.000000000000000000 ) ) ;
#9618 = ORIENTED_EDGE ( 'NONE', *, *, #6127, .F. ) ;
#9619 = ADVANCED_FACE ( 'NONE', ( #6871 ), #2368, .F. ) ;
#9620 = CARTESIAN_POINT ( 'NONE',  ( 35.50000000000000000, -35.60000000000002274, 1.000000000000000888 ) ) ;
#9621 = DIRECTION ( 'NONE',  ( -1.084202172485503818E-16, 1.000000000000000000, 0.000000000000000000 ) ) ;
#9622 = ORIENTED_EDGE ( 'NONE', *, *, #5433, .F. ) ;
#9623 = DIRECTION ( 'NONE',  ( 0.000000000000000000, -0.000000000000000000, 1.000000000000000000 ) ) ;
#9624 = CARTESIAN_POINT ( 'NONE',  ( 19.49999999999999645, -144.5999999999999943, 3.000000000000000000 ) ) ;
#9625 = ADVANCED_FACE ( 'NONE', ( #10518 ), #3355, .F. ) ;
#9626 = DIRECTION ( 'NONE',  ( -0.000000000000000000, -0.000000000000000000, 1.000000000000000000 ) ) ;
#9627 = VECTOR ( 'NONE', #8005, 1000.000000000000000 ) ;
#9628 = ORIENTED_EDGE ( 'NONE', *, *, #5845, .T. ) ;
#9629 = EDGE_LOOP ( 'NONE', ( #8323, #2225, #10787, #3789 ) ) ;
#9630 = VERTEX_POINT ( 'NONE', #1490 ) ;
#9631 = LINE ( 'NONE', #2533, #4720 ) ;
#9632 = ORIENTED_EDGE ( 'NONE', *, *, #6201, .T. ) ;
#9633 = EDGE_CURVE ( 'NONE', #10147, #3682, #5119, .T. ) ;
#9634 = CARTESIAN_POINT ( 'NONE',  ( -0.5000000000000073275, -123.6000000000000085, 3.000000000000000000 ) ) ;
#9635 = LINE ( 'NONE', #3586, #9304 ) ;
#9636 = ORIENTED_EDGE ( 'NONE', *, *, #4821, .T. ) ;
#9637 = CARTESIAN_POINT ( 'NONE',  ( 55.49999999999999289, -17.60000000000001918, 3.000000000000000000 ) ) ;
#9638 = CARTESIAN_POINT ( 'NONE',  ( 15.49999999999999645, -141.5999999999999943, 3.000000000000000000 ) ) ;
#9639 = DIRECTION ( 'NONE',  ( -0.000000000000000000, -0.000000000000000000, -1.000000000000000000 ) ) ;
#9640 = CARTESIAN_POINT ( 'NONE',  ( -7.999999999999981348, -161.6000000000000227, 1.000000000000000000 ) ) ;
#9641 = VERTEX_POINT ( 'NONE', #3243 ) ;
#9642 = ORIENTED_EDGE ( 'NONE', *, *, #3882, .T. ) ;
#9643 = LINE ( 'NONE', #10824, #7711 ) ;
#9644 = FACE_OUTER_BOUND ( 'NONE', #6196, .T. ) ;
#9645 = CARTESIAN_POINT ( 'NONE',  ( 51.20000000000000284, 26.89999999999999858, 3.000000000000000000 ) ) ;
#9646 = EDGE_CURVE ( 'NONE', #10676, #4562, #3184, .T. ) ;
#9647 = LINE ( 'NONE', #3257, #3603 ) ;
#9648 = CARTESIAN_POINT ( 'NONE',  ( 55.49999999999999289, -117.6000000000000085, 3.000000000000000000 ) ) ;
#9649 = CARTESIAN_POINT ( 'NONE',  ( 2.500000000000000000, 2.500000000000000000, 3.000000000000000000 ) ) ;
#9650 = LINE ( 'NONE', #3431, #5946 ) ;
#9651 = EDGE_CURVE ( 'NONE', #7269, #8560, #6695, .T. ) ;
#9652 = CARTESIAN_POINT ( 'NONE',  ( 15.49999999999999467, -132.5999999999999943, 1.000000000000000888 ) ) ;
#9653 = ORIENTED_EDGE ( 'NONE', *, *, #624, .T. ) ;
#9654 = EDGE_CURVE ( 'NONE', #5334, #2085, #11341, .T. ) ;
#9655 = EDGE_CURVE ( 'NONE', #6024, #10809, #11225, .T. ) ;
#9656 = EDGE_LOOP ( 'NONE', ( #3007, #1373, #9893, #9152, #4603, #8074 ) ) ;
#9657 = DIRECTION ( 'NONE',  ( 1.000000000000000000, 0.000000000000000000, 0.000000000000000000 ) ) ;
#9658 = CARTESIAN_POINT ( 'NONE',  ( 19.50000000000000000, 25.89999999999999858, -7.799999999999999822 ) ) ;
#9659 = CARTESIAN_POINT ( 'NONE',  ( 0.000000000000000000, 0.000000000000000000, 1.000000000000000000 ) ) ;
#9660 = ORIENTED_EDGE ( 'NONE', *, *, #2618, .F. ) ;
#9661 = EDGE_CURVE ( 'NONE', #3926, #6419, #11287, .T. ) ;
#9662 = PLANE ( 'NONE',  #163 ) ;
#9663 = ORIENTED_EDGE ( 'NONE', *, *, #4579, .F. ) ;
#9664 = DIRECTION ( 'NONE',  ( 0.000000000000000000, 0.000000000000000000, -1.000000000000000000 ) ) ;
#9665 = VECTOR ( 'NONE', #3804, 1000.000000000000000 ) ;
#9666 = ORIENTED_EDGE ( 'NONE', *, *, #9174, .F. ) ;
#9667 = EDGE_CURVE ( 'NONE', #6617, #2972, #7587, .T. ) ;
#9668 = CARTESIAN_POINT ( 'NONE',  ( 58.20000000000000284, 11.44999999999999929, 0.000000000000000000 ) ) ;
#9669 = ORIENTED_EDGE ( 'NONE', *, *, #5960, .T. ) ;
#9670 = CARTESIAN_POINT ( 'NONE',  ( 18.21999999999999886, 14.77999999999999936, 3.000000000000000000 ) ) ;
#9671 = ORIENTED_EDGE ( 'NONE', *, *, #8297, .T. ) ;
#9672 = LINE ( 'NONE', #10033, #8027 ) ;
#9673 = ADVANCED_FACE ( 'NONE', ( #10348 ), #8468, .F. ) ;
#9674 = DIRECTION ( 'NONE',  ( 0.000000000000000000, 0.000000000000000000, 1.000000000000000000 ) ) ;
#9675 = EDGE_LOOP ( 'NONE', ( #5982, #1546, #6719, #3680 ) ) ;
#9676 = DIRECTION ( 'NONE',  ( 0.000000000000000000, -1.000000000000000000, 0.000000000000000000 ) ) ;
#9677 = DIRECTION ( 'NONE',  ( 0.000000000000000000, -1.000000000000000000, 6.938893903907229955E-15 ) ) ;
#9678 = CARTESIAN_POINT ( 'NONE',  ( 19.49999999999999645, -38.60000000000002274, -14.00099999999999945 ) ) ;
#9679 = ORIENTED_EDGE ( 'NONE', *, *, #6825, .T. ) ;
#9680 = ORIENTED_EDGE ( 'NONE', *, *, #9888, .T. ) ;
#9681 = ORIENTED_EDGE ( 'NONE', *, *, #7747, .T. ) ;
#9682 = EDGE_LOOP ( 'NONE', ( #1747, #219, #8563, #3985 ) ) ;
#9683 = PLANE ( 'NONE',  #10911 ) ;
#9684 = ORIENTED_EDGE ( 'NONE', *, *, #4953, .T. ) ;
#9685 = CARTESIAN_POINT ( 'NONE',  ( 3.659182332138600884E-17, -0.2999999999999999889, 0.5000000000000000000 ) ) ;
#9686 = EDGE_CURVE ( 'NONE', #4697, #3844, #1548, .T. ) ;
#9687 = DIRECTION ( 'NONE',  ( 0.000000000000000000, 0.000000000000000000, 1.000000000000000000 ) ) ;
#9688 = VERTEX_POINT ( 'NONE', #4946 ) ;
#9689 = FACE_BOUND ( 'NONE', #5798, .T. ) ;
#9690 = CARTESIAN_POINT ( 'NONE',  ( 55.49999999999999289, -14.60000000000001563, 1.000000000000000888 ) ) ;
#9691 = CARTESIAN_POINT ( 'NONE',  ( -0.5000000000000059952, -135.5999999999999943, -14.00099999999999945 ) ) ;
#9692 = VECTOR ( 'NONE', #10709, 1000.000000000000000 ) ;
#9693 = LINE ( 'NONE', #11347, #8167 ) ;
#9694 = EDGE_CURVE ( 'NONE', #3273, #10857, #3298, .T. ) ;
#9695 = EDGE_LOOP ( 'NONE', ( #6120, #5651, #760, #7695 ) ) ;
#9696 = ORIENTED_EDGE ( 'NONE', *, *, #7580, .T. ) ;
#9697 = AXIS2_PLACEMENT_3D ( 'NONE', #7241, #1736, #8887 ) ;
#9698 = DIRECTION ( 'NONE',  ( -0.000000000000000000, -0.000000000000000000, 1.000000000000000000 ) ) ;
#9699 = DIRECTION ( 'NONE',  ( -1.000000000000000000, 2.209838822900390096E-16, 0.000000000000000000 ) ) ;
#9700 = DIRECTION ( 'NONE',  ( 0.000000000000000000, 1.000000000000000000, -0.000000000000000000 ) ) ;
#9701 =( GEOMETRIC_REPRESENTATION_CONTEXT ( 3 ) GLOBAL_UNCERTAINTY_ASSIGNED_CONTEXT ( ( #1977 ) ) GLOBAL_UNIT_ASSIGNED_CONTEXT ( ( #1159, #4845, #4608 ) ) REPRESENTATION_CONTEXT ( 'NONE', 'WORKASPACE' ) );
#9702 = FACE_OUTER_BOUND ( 'NONE', #9250, .T. ) ;
#9703 = ADVANCED_FACE ( 'NONE', ( #10405 ), #11168, .F. ) ;
#9704 = VECTOR ( 'NONE', #9094, 1000.000000000000000 ) ;
#9705 = DIRECTION ( 'NONE',  ( 0.000000000000000000, 1.000000000000000000, 0.000000000000000000 ) ) ;
#9706 = LINE ( 'NONE', #5183, #6550 ) ;
#9707 = CARTESIAN_POINT ( 'NONE',  ( 19.50000000000000000, 28.86704589964730161, 1.000000000000000000 ) ) ;
#9708 = CIRCLE ( 'NONE', #4653, 1.549999999999999378 ) ;
#9709 = CARTESIAN_POINT ( 'NONE',  ( 55.49999999999999289, -35.60000000000002274, 3.000000000000000000 ) ) ;
#9710 = VERTEX_POINT ( 'NONE', #5815 ) ;
#9711 = EDGE_CURVE ( 'NONE', #4431, #3390, #8521, .T. ) ;
#9712 = VECTOR ( 'NONE', #4687, 1000.000000000000000 ) ;
#9713 = VERTEX_POINT ( 'NONE', #2316 ) ;
#9714 = LINE ( 'NONE', #4554, #2217 ) ;
#9715 = VECTOR ( 'NONE', #10957, 1000.000000000000000 ) ;
#9716 = DIRECTION ( 'NONE',  ( -1.000000000000000000, -0.000000000000000000, -0.000000000000000000 ) ) ;
#9717 = FACE_BOUND ( 'NONE', #1115, .T. ) ;
#9718 = ORIENTED_EDGE ( 'NONE', *, *, #4572, .T. ) ;
#9719 = AXIS2_PLACEMENT_3D ( 'NONE', #668, #4232, #5930 ) ;
#9720 = LINE ( 'NONE', #8840, #5198 ) ;
#9721 = EDGE_LOOP ( 'NONE', ( #2530, #6053, #9490, #5619 ) ) ;
#9722 = CARTESIAN_POINT ( 'NONE',  ( 2.500000000000000000, 23.09999999999999787, 3.000000000000000000 ) ) ;
#9723 = VECTOR ( 'NONE', #3625, 1000.000000000000000 ) ;
#9724 = ORIENTED_EDGE ( 'NONE', *, *, #3613, .T. ) ;
#9725 = DIRECTION ( 'NONE',  ( 1.000000000000000000, 0.000000000000000000, 0.000000000000000000 ) ) ;
#9726 = ORIENTED_EDGE ( 'NONE', *, *, #10754, .T. ) ;
#9727 = VECTOR ( 'NONE', #11271, 1000.000000000000000 ) ;
#9728 = CARTESIAN_POINT ( 'NONE',  ( 55.19999999999999574, 11.44999999999999929, 1.000000000000000000 ) ) ;
#9729 = EDGE_CURVE ( 'NONE', #661, #6355, #5875, .T. ) ;
#9730 = CARTESIAN_POINT ( 'NONE',  ( -1.300000000000000044, 23.09999999999999787, -1.000000000000000000 ) ) ;
#9731 = EDGE_LOOP ( 'NONE', ( #6518, #3610, #3082, #176 ) ) ;
#9732 = VECTOR ( 'NONE', #10954, 1000.000000000000000 ) ;
#9733 = LINE ( 'NONE', #765, #5203 ) ;
#9734 = LINE ( 'NONE', #4394, #9528 ) ;
#9735 = VERTEX_POINT ( 'NONE', #4229 ) ;
#9736 = LINE ( 'NONE', #2761, #5082 ) ;
#9737 = LINE ( 'NONE', #4221, #3577 ) ;
#9738 = DIRECTION ( 'NONE',  ( 0.000000000000000000, -0.000000000000000000, -1.000000000000000000 ) ) ;
#9739 = ORIENTED_EDGE ( 'NONE', *, *, #7231, .T. ) ;
#9740 = EDGE_CURVE ( 'NONE', #9603, #8127, #4998, .T. ) ;
#9741 = ORIENTED_EDGE ( 'NONE', *, *, #6597, .T. ) ;
#9742 = EDGE_LOOP ( 'NONE', ( #6653, #4844 ) ) ;
#9743 = ORIENTED_EDGE ( 'NONE', *, *, #5825, .T. ) ;
#9744 = CARTESIAN_POINT ( 'NONE',  ( -0.5000000000000045519, -144.5999999999999943, 1.000000000000000888 ) ) ;
#9745 = ORIENTED_EDGE ( 'NONE', *, *, #6708, .F. ) ;
#9746 = FACE_OUTER_BOUND ( 'NONE', #8231, .T. ) ;
#9747 = LINE ( 'NONE', #1657, #2003 ) ;
#9748 = EDGE_LOOP ( 'NONE', ( #3462, #7279, #6226, #785 ) ) ;
#9749 = DIRECTION ( 'NONE',  ( 0.000000000000000000, 1.000000000000000000, -0.000000000000000000 ) ) ;
#9750 = LINE ( 'NONE', #7048, #764 ) ;
#9751 = LINE ( 'NONE', #5292, #11295 ) ;
#9752 = CARTESIAN_POINT ( 'NONE',  ( 35.49999999999999289, -123.6000000000000085, 3.000000000000000000 ) ) ;
#9753 = EDGE_CURVE ( 'NONE', #3596, #7666, #555, .T. ) ;
#9754 = ORIENTED_EDGE ( 'NONE', *, *, #7877, .T. ) ;
#9755 = VERTEX_POINT ( 'NONE', #11515 ) ;
#9756 = DIRECTION ( 'NONE',  ( 0.000000000000000000, 0.000000000000000000, 1.000000000000000000 ) ) ;
#9757 = VECTOR ( 'NONE', #7751, 1000.000000000000000 ) ;
#9758 = CARTESIAN_POINT ( 'NONE',  ( 19.49999999999999289, -14.60000000000001563, 3.000000000000000000 ) ) ;
#9759 = DIRECTION ( 'NONE',  ( 0.000000000000000000, 1.000000000000000000, 0.000000000000000000 ) ) ;
#9760 = AXIS2_PLACEMENT_3D ( 'NONE', #1948, #1060, #4628 ) ;
#9761 = PLANE ( 'NONE',  #8845 ) ;
#9762 = EDGE_CURVE ( 'NONE', #2145, #4796, #1656, .T. ) ;
#9763 = CARTESIAN_POINT ( 'NONE',  ( 53.69999999999999574, 10.44999999999999929, 0.000000000000000000 ) ) ;
#9764 = VECTOR ( 'NONE', #11265, 1000.000000000000000 ) ;
#9765 = DIRECTION ( 'NONE',  ( 0.000000000000000000, 0.000000000000000000, -1.000000000000000000 ) ) ;
#9766 = DIRECTION ( 'NONE',  ( 1.000000000000000000, 0.000000000000000000, 0.000000000000000000 ) ) ;
#9767 = CARTESIAN_POINT ( 'NONE',  ( 19.49999999999999645, -141.5999999999999943, -14.00099999999999945 ) ) ;
#9768 = VERTEX_POINT ( 'NONE', #10812 ) ;
#9769 = AXIS2_PLACEMENT_3D ( 'NONE', #9288, #2956, #5654 ) ;
#9770 = EDGE_CURVE ( 'NONE', #10857, #3709, #5166, .T. ) ;
#9771 = ORIENTED_EDGE ( 'NONE', *, *, #169, .T. ) ;
#9772 = VECTOR ( 'NONE', #8803, 1000.000000000000000 ) ;
#9773 = PLANE ( 'NONE',  #4082 ) ;
#9774 = LINE ( 'NONE', #4159, #3127 ) ;
#9775 = VECTOR ( 'NONE', #3672, 1000.000000000000000 ) ;
#9776 = LINE ( 'NONE', #1745, #4155 ) ;
#9777 = CARTESIAN_POINT ( 'NONE',  ( 48.00000000000001421, 31.39999999999999858, -4.000000000000000000 ) ) ;
#9778 = EDGE_LOOP ( 'NONE', ( #7019, #3620, #4911, #5537 ) ) ;
#9779 = VECTOR ( 'NONE', #1908, 1000.000000000000000 ) ;
#9780 = EDGE_CURVE ( 'NONE', #1923, #1425, #839, .T. ) ;
#9781 = LINE ( 'NONE', #11490, #7827 ) ;
#9782 = ORIENTED_EDGE ( 'NONE', *, *, #9539, .T. ) ;
#9783 = CARTESIAN_POINT ( 'NONE',  ( 35.50000000000000000, -147.6000000000000227, -14.00099999999999945 ) ) ;
#9784 = LINE ( 'NONE', #1752, #4086 ) ;
#9785 = VECTOR ( 'NONE', #2498, 1000.000000000000000 ) ;
#9786 = ORIENTED_EDGE ( 'NONE', *, *, #9711, .F. ) ;
#9787 = LINE ( 'NONE', #877, #9926 ) ;
#9788 = EDGE_LOOP ( 'NONE', ( #8254, #1841, #6812, #7988 ) ) ;
#9789 = VECTOR ( 'NONE', #10205, 1000.000000000000000 ) ;
#9790 = DIRECTION ( 'NONE',  ( 0.000000000000000000, 0.000000000000000000, 1.000000000000000000 ) ) ;
#9791 = CARTESIAN_POINT ( 'NONE',  ( 39.49999999999999289, -141.5999999999999943, 3.000000000000000000 ) ) ;
#9792 = ORIENTED_EDGE ( 'NONE', *, *, #9498, .T. ) ;
#9793 = VECTOR ( 'NONE', #1716, 1000.000000000000000 ) ;
#9794 = EDGE_CURVE ( 'NONE', #10484, #604, #2771, .T. ) ;
#9795 = CYLINDRICAL_SURFACE ( 'NONE', #2983, 5.000000000000000000 ) ;
#9796 = CARTESIAN_POINT ( 'NONE',  ( -0.2999999999999914402, -3.252606517456425171E-17, -14.00000000000000000 ) ) ;
#9797 = ORIENTED_EDGE ( 'NONE', *, *, #11169, .T. ) ;
#9798 = LINE ( 'NONE', #1009, #973 ) ;
#9799 = LINE ( 'NONE', #5574, #6455 ) ;
#9800 = EDGE_CURVE ( 'NONE', #4273, #9939, #7986, .T. ) ;
#9801 = CARTESIAN_POINT ( 'NONE',  ( 27.50000000000000000, 27.43078173849590229, -13.00000000000000000 ) ) ;
#9802 = ORIENTED_EDGE ( 'NONE', *, *, #302, .F. ) ;
#9803 = AXIS2_PLACEMENT_3D ( 'NONE', #2410, #3168, #3227 ) ;
#9804 = EDGE_CURVE ( 'NONE', #10628, #2238, #3410, .T. ) ;
#9805 = EDGE_CURVE ( 'NONE', #9641, #6418, #8743, .T. ) ;
#9806 = ORIENTED_EDGE ( 'NONE', *, *, #8740, .T. ) ;
#9807 = ORIENTED_EDGE ( 'NONE', *, *, #10671, .F. ) ;
#9808 = EDGE_LOOP ( 'NONE', ( #3438, #2251, #659, #11116 ) ) ;
#9809 = CARTESIAN_POINT ( 'NONE',  ( 19.49999999999999645, -144.5999999999999943, 1.000000000000000888 ) ) ;
#9810 = VERTEX_POINT ( 'NONE', #13 ) ;
#9811 = DIRECTION ( 'NONE',  ( 0.000000000000000000, 1.000000000000000000, 0.000000000000000000 ) ) ;
#9812 = FACE_OUTER_BOUND ( 'NONE', #4972, .T. ) ;
#9813 = VERTEX_POINT ( 'NONE', #10694 ) ;
#9814 = FACE_BOUND ( 'NONE', #3387, .T. ) ;
#9815 = CARTESIAN_POINT ( 'NONE',  ( 39.49999999999999289, -126.5999999999999943, 3.000000000000000000 ) ) ;
#9816 = LINE ( 'NONE', #11576, #1184 ) ;
#9817 = ADVANCED_FACE ( 'NONE', ( #3465 ), #6343, .T. ) ;
#9818 = DIRECTION ( 'NONE',  ( 0.000000000000000000, -0.000000000000000000, -1.000000000000000000 ) ) ;
#9819 = AXIS2_PLACEMENT_3D ( 'NONE', #2035, #10893, #3662 ) ;
#9820 = ORIENTED_EDGE ( 'NONE', *, *, #3800, .T. ) ;
#9821 = EDGE_LOOP ( 'NONE', ( #6482, #9547, #10312, #5260 ) ) ;
#9822 = VERTEX_POINT ( 'NONE', #8868 ) ;
#9823 = DIRECTION ( 'NONE',  ( -0.000000000000000000, -1.000000000000000000, 0.000000000000000000 ) ) ;
#9824 = DIRECTION ( 'NONE',  ( -0.000000000000000000, -0.000000000000000000, -1.000000000000000000 ) ) ;
#9825 = LINE ( 'NONE', #269, #150 ) ;
#9826 = CARTESIAN_POINT ( 'NONE',  ( -0.5000000000000066613, -126.5999999999999943, 1.000000000000000888 ) ) ;
#9827 = LINE ( 'NONE', #8175, #5411 ) ;
#9828 = DIRECTION ( 'NONE',  ( -0.000000000000000000, -0.000000000000000000, 1.000000000000000000 ) ) ;
#9829 = CARTESIAN_POINT ( 'NONE',  ( 2.500000000000000000, 23.09999999999999787, 0.5000000000000000000 ) ) ;
#9830 = EDGE_CURVE ( 'NONE', #4562, #10020, #11571, .T. ) ;
#9831 = DIRECTION ( 'NONE',  ( -0.000000000000000000, -0.000000000000000000, 1.000000000000000000 ) ) ;
#9832 = AXIS2_PLACEMENT_3D ( 'NONE', #3690, #8208, #4693 ) ;
#9833 = DIRECTION ( 'NONE',  ( 0.000000000000000000, -0.000000000000000000, -1.000000000000000000 ) ) ;
#9834 = VERTEX_POINT ( 'NONE', #8990 ) ;
#9835 = VERTEX_POINT ( 'NONE', #5225 ) ;
#9836 = DIRECTION ( 'NONE',  ( 0.000000000000000000, 0.000000000000000000, 1.000000000000000000 ) ) ;
#9837 = CARTESIAN_POINT ( 'NONE',  ( -0.5000000000000052180, -141.5999999999999943, 3.000000000000000000 ) ) ;
#9838 = PLANE ( 'NONE',  #4535 ) ;
#9839 = DIRECTION ( 'NONE',  ( -0.000000000000000000, -1.000000000000000000, 0.000000000000000000 ) ) ;
#9840 = ORIENTED_EDGE ( 'NONE', *, *, #3279, .F. ) ;
#9841 = FACE_OUTER_BOUND ( 'NONE', #5922, .T. ) ;
#9842 = ADVANCED_FACE ( 'NONE', ( #8106 ), #7168, .F. ) ;
#9843 = EDGE_LOOP ( 'NONE', ( #243, #8501, #2737, #10948 ) ) ;
#9844 = DIRECTION ( 'NONE',  ( 0.000000000000000000, -0.000000000000000000, 1.000000000000000000 ) ) ;
#9845 = DIRECTION ( 'NONE',  ( 1.000000000000000000, 0.000000000000000000, 0.000000000000000000 ) ) ;
#9846 = ORIENTED_EDGE ( 'NONE', *, *, #5682, .T. ) ;
#9847 = FACE_OUTER_BOUND ( 'NONE', #8490, .T. ) ;
#9848 = ORIENTED_EDGE ( 'NONE', *, *, #6958, .T. ) ;
#9849 = ADVANCED_FACE ( 'NONE', ( #7044 ), #10579, .F. ) ;
#9850 = DIRECTION ( 'NONE',  ( -0.000000000000000000, -1.000000000000000000, 0.000000000000000000 ) ) ;
#9851 = CARTESIAN_POINT ( 'NONE',  ( 51.20000000000000284, -1.300000000000000044, 3.000000000000000000 ) ) ;
#9852 = EDGE_LOOP ( 'NONE', ( #4333, #6756, #11220, #7189 ) ) ;
#9853 = CARTESIAN_POINT ( 'NONE',  ( 19.49999999999999645, -41.60000000000001563, 3.000000000000000000 ) ) ;
#9854 = DIRECTION ( 'NONE',  ( 0.000000000000000000, -0.4226182617407039377, -0.9063077870366479383 ) ) ;
#9855 = AXIS2_PLACEMENT_3D ( 'NONE', #10134, #3299, #5617 ) ;
#9856 = EDGE_CURVE ( 'NONE', #5175, #3242, #10757, .T. ) ;
#9857 = ORIENTED_EDGE ( 'NONE', *, *, #9965, .T. ) ;
#9858 = DIRECTION ( 'NONE',  ( -1.000000000000000000, 0.000000000000000000, 0.000000000000000000 ) ) ;
#9859 = LINE ( 'NONE', #10863, #7206 ) ;
#9860 = CARTESIAN_POINT ( 'NONE',  ( 55.49999999999999289, -20.60000000000002274, 3.000000000000000000 ) ) ;
#9861 = ORIENTED_EDGE ( 'NONE', *, *, #7819, .F. ) ;
#9862 = ADVANCED_FACE ( 'NONE', ( #9746 ), #6161, .F. ) ;
#9863 = CIRCLE ( 'NONE', #2374, 3.000000000000002665 ) ;
#9864 = ORIENTED_EDGE ( 'NONE', *, *, #1106, .T. ) ;
#9865 = ORIENTED_EDGE ( 'NONE', *, *, #8798, .T. ) ;
#9866 = DIRECTION ( 'NONE',  ( -6.938893903907228378E-15, 0.000000000000000000, -1.000000000000000000 ) ) ;
#9867 = ORIENTED_EDGE ( 'NONE', *, *, #6131, .T. ) ;
#9868 = DIRECTION ( 'NONE',  ( -1.000000000000000000, -0.000000000000000000, -0.000000000000000000 ) ) ;
#9869 = LINE ( 'NONE', #6930, #7793 ) ;
#9870 = ORIENTED_EDGE ( 'NONE', *, *, #4041, .T. ) ;
#9871 = CARTESIAN_POINT ( 'NONE',  ( 39.49999999999999289, -41.60000000000001563, -14.00099999999999945 ) ) ;
#9872 = DIRECTION ( 'NONE',  ( -0.000000000000000000, -1.000000000000000000, 0.000000000000000000 ) ) ;
#9873 = PLANE ( 'NONE',  #1930 ) ;
#9874 = DIRECTION ( 'NONE',  ( -8.673617379884029556E-16, 1.000000000000000000, 0.000000000000000000 ) ) ;
#9875 = VECTOR ( 'NONE', #6773, 1000.000000000000000 ) ;
#9876 = EDGE_LOOP ( 'NONE', ( #9406, #1134, #1201, #638 ) ) ;
#9877 = ORIENTED_EDGE ( 'NONE', *, *, #10519, .T. ) ;
#9878 = ORIENTED_EDGE ( 'NONE', *, *, #2399, .F. ) ;
#9879 = CARTESIAN_POINT ( 'NONE',  ( 19.49999999999999289, -126.5999999999999943, 1.000000000000000888 ) ) ;
#9880 = DIRECTION ( 'NONE',  ( -6.285229985423258662E-17, -1.000000000000000000, 0.000000000000000000 ) ) ;
#9881 = CARTESIAN_POINT ( 'NONE',  ( 15.49999999999999645, -141.5999999999999943, -14.00099999999999945 ) ) ;
#9882 = DIRECTION ( 'NONE',  ( -0.000000000000000000, -0.000000000000000000, 1.000000000000000000 ) ) ;
#9883 = AXIS2_PLACEMENT_3D ( 'NONE', #3310, #7999, #11587 ) ;
#9884 = DIRECTION ( 'NONE',  ( -0.000000000000000000, -0.000000000000000000, 1.000000000000000000 ) ) ;
#9885 = EDGE_CURVE ( 'NONE', #2572, #2667, #1598, .T. ) ;
#9886 = LINE ( 'NONE', #8122, #213 ) ;
#9887 = PLANE ( 'NONE',  #5395 ) ;
#9888 = EDGE_CURVE ( 'NONE', #2970, #1387, #5287, .T. ) ;
#9889 = DIRECTION ( 'NONE',  ( -1.000000000000000000, -0.000000000000000000, -0.000000000000000000 ) ) ;
#9890 = CYLINDRICAL_SURFACE ( 'NONE', #10661, 10.36999999999999744 ) ;
#9891 = ORIENTED_EDGE ( 'NONE', *, *, #4261, .F. ) ;
#9892 = VECTOR ( 'NONE', #5662, 1000.000000000000000 ) ;
#9893 = ORIENTED_EDGE ( 'NONE', *, *, #10370, .T. ) ;
#9894 = ADVANCED_FACE ( 'NONE', ( #5341 ), #8925, .F. ) ;
#9895 = CARTESIAN_POINT ( 'NONE',  ( 35.50000000000000000, -44.60000000000002274, 1.000000000000000888 ) ) ;
#9896 = VECTOR ( 'NONE', #7390, 1000.000000000000000 ) ;
#9897 = DIRECTION ( 'NONE',  ( 1.000000000000000000, -0.000000000000000000, 0.000000000000000000 ) ) ;
#9898 = CARTESIAN_POINT ( 'NONE',  ( -2.266297947787970113, 10.44999999999999929, 0.03489949670250459823 ) ) ;
#9899 = CARTESIAN_POINT ( 'NONE',  ( 55.49999999999999289, -123.6000000000000085, -14.00099999999999945 ) ) ;
#9900 = VERTEX_POINT ( 'NONE', #5696 ) ;
#9901 = VERTEX_POINT ( 'NONE', #2946 ) ;
#9902 = AXIS2_PLACEMENT_3D ( 'NONE', #7707, #9527, #5003 ) ;
#9903 = CARTESIAN_POINT ( 'NONE',  ( 19.49999999999999289, -126.5999999999999943, 3.000000000000000000 ) ) ;
#9904 = VECTOR ( 'NONE', #11602, 1000.000000000000000 ) ;
#9905 = DIRECTION ( 'NONE',  ( 1.000000000000000000, 0.000000000000000000, 0.000000000000000000 ) ) ;
#9906 = VERTEX_POINT ( 'NONE', #310 ) ;
#9907 = LINE ( 'NONE', #1876, #2612 ) ;
#9908 = ORIENTED_EDGE ( 'NONE', *, *, #5360, .T. ) ;
#9909 = AXIS2_PLACEMENT_3D ( 'NONE', #5022, #744, #9482 ) ;
#9910 = EDGE_CURVE ( 'NONE', #10781, #2887, #9931, .T. ) ;
#9911 = VECTOR ( 'NONE', #3451, 1000.000000000000000 ) ;
#9912 = CARTESIAN_POINT ( 'NONE',  ( -0.5000000000000045519, -41.60000000000001563, 1.000000000000000888 ) ) ;
#9913 = LINE ( 'NONE', #1002, #9665 ) ;
#9914 = ORIENTED_EDGE ( 'NONE', *, *, #2179, .F. ) ;
#9915 = DIRECTION ( 'NONE',  ( -6.285229985423258662E-17, -1.000000000000000000, 0.000000000000000000 ) ) ;
#9916 = CARTESIAN_POINT ( 'NONE',  ( 35.49999999999999289, -14.60000000000001563, -14.00099999999999945 ) ) ;
#9917 = ORIENTED_EDGE ( 'NONE', *, *, #7515, .F. ) ;
#9918 = AXIS2_PLACEMENT_3D ( 'NONE', #771, #5277, #9738 ) ;
#9919 = EDGE_CURVE ( 'NONE', #4253, #5870, #5640, .T. ) ;
#9920 = CARTESIAN_POINT ( 'NONE',  ( -0.5000000000000052180, -38.60000000000002274, 3.000000000000000000 ) ) ;
#9921 = CARTESIAN_POINT ( 'NONE',  ( 19.49999999999999645, -41.60000000000001563, 1.000000000000000888 ) ) ;
#9922 = AXIS2_PLACEMENT_3D ( 'NONE', #5762, #7589, #2031 ) ;
#9923 = DIRECTION ( 'NONE',  ( -1.000000000000000000, 0.000000000000000000, 0.000000000000000000 ) ) ;
#9924 = ORIENTED_EDGE ( 'NONE', *, *, #4868, .F. ) ;
#9925 = ADVANCED_FACE ( 'NONE', ( #6519 ), #257, .F. ) ;
#9926 = VECTOR ( 'NONE', #4507, 1000.000000000000000 ) ;
#9927 = VERTEX_POINT ( 'NONE', #134 ) ;
#9928 = VERTEX_POINT ( 'NONE', #1070 ) ;
#9929 = CARTESIAN_POINT ( 'NONE',  ( 2.500000000000035083, 26.89999999999999858, 0.5000000000000000000 ) ) ;
#9930 = ORIENTED_EDGE ( 'NONE', *, *, #992, .T. ) ;
#9931 = LINE ( 'NONE', #6461, #4741 ) ;
#9932 = DIRECTION ( 'NONE',  ( 0.000000000000000000, 1.000000000000000000, -0.000000000000000000 ) ) ;
#9933 = ORIENTED_EDGE ( 'NONE', *, *, #434, .T. ) ;
#9934 = FACE_BOUND ( 'NONE', #8217, .T. ) ;
#9935 = ADVANCED_FACE ( 'NONE', ( #4702 ), #8392, .F. ) ;
#9936 = LINE ( 'NONE', #7112, #6761 ) ;
#9937 = DIRECTION ( 'NONE',  ( 0.000000000000000000, 0.000000000000000000, 1.000000000000000000 ) ) ;
#9938 = ORIENTED_EDGE ( 'NONE', *, *, #2463, .T. ) ;
#9939 = VERTEX_POINT ( 'NONE', #9278 ) ;
#9940 = ORIENTED_EDGE ( 'NONE', *, *, #1048, .F. ) ;
#9941 = CARTESIAN_POINT ( 'NONE',  ( 3.079999999999999627, 22.91999999999999815, 3.000000000000000000 ) ) ;
#9942 = CARTESIAN_POINT ( 'NONE',  ( 19.50000000000000000, 0.000000000000000000, -13.00000000000000000 ) ) ;
#9943 = DIRECTION ( 'NONE',  ( -1.000000000000000000, -0.000000000000000000, -0.000000000000000000 ) ) ;
#9944 = LINE ( 'NONE', #7004, #9232 ) ;
#9945 = DIRECTION ( 'NONE',  ( -4.336808689942015271E-16, 1.000000000000000000, 0.000000000000000000 ) ) ;
#9946 = CYLINDRICAL_SURFACE ( 'NONE', #9203, 0.5000000000000000000 ) ;
#9947 = DIRECTION ( 'NONE',  ( 0.000000000000000000, 0.000000000000000000, -1.000000000000000000 ) ) ;
#9948 = DIRECTION ( 'NONE',  ( -0.000000000000000000, -0.000000000000000000, 1.000000000000000000 ) ) ;
#9949 = PLANE ( 'NONE',  #10095 ) ;
#9950 = EDGE_LOOP ( 'NONE', ( #9560, #8342, #5482, #6305 ) ) ;
#9951 = ORIENTED_EDGE ( 'NONE', *, *, #4842, .T. ) ;
#9952 = VECTOR ( 'NONE', #10182, 1000.000000000000000 ) ;
#9953 = ORIENTED_EDGE ( 'NONE', *, *, #7568, .T. ) ;
#9954 = ADVANCED_FACE ( 'NONE', ( #1244 ), #2831, .F. ) ;
#9955 = DIRECTION ( 'NONE',  ( -0.000000000000000000, -1.000000000000000000, 0.000000000000000000 ) ) ;
#9956 = DIRECTION ( 'NONE',  ( -0.000000000000000000, -0.000000000000000000, 1.000000000000000000 ) ) ;
#9957 = VECTOR ( 'NONE', #1829, 1000.000000000000000 ) ;
#9958 = LINE ( 'NONE', #10903, #5663 ) ;
#9959 = DIRECTION ( 'NONE',  ( -1.000000000000000000, -4.517509052022939661E-17, 0.000000000000000000 ) ) ;
#9960 = ORIENTED_EDGE ( 'NONE', *, *, #10971, .T. ) ;
#9961 = CARTESIAN_POINT ( 'NONE',  ( 10.00000000000001243, -105.0999999999999943, 3.001000000000000334 ) ) ;
#9962 = ORIENTED_EDGE ( 'NONE', *, *, #7216, .F. ) ;
#9963 = DIRECTION ( 'NONE',  ( 0.000000000000000000, 0.000000000000000000, 1.000000000000000000 ) ) ;
#9964 = VECTOR ( 'NONE', #6034, 1000.000000000000000 ) ;
#9965 = EDGE_CURVE ( 'NONE', #7981, #8731, #6037, .T. ) ;
#9966 = CARTESIAN_POINT ( 'NONE',  ( 34.50000000000000000, 25.89999999999999858, -14.00000000000000000 ) ) ;
#9967 = EDGE_LOOP ( 'NONE', ( #7673, #157, #10910, #8608, #5652, #4313, #8275, #1727, #2157 ) ) ;
#9968 = VECTOR ( 'NONE', #2785, 1000.000000000000000 ) ;
#9969 = DIRECTION ( 'NONE',  ( 1.387778780781445676E-14, 0.000000000000000000, -1.000000000000000000 ) ) ;
#9970 = ORIENTED_EDGE ( 'NONE', *, *, #1801, .T. ) ;
#9971 = AXIS2_PLACEMENT_3D ( 'NONE', #10669, #3496, #1750 ) ;
#9972 = AXIS2_PLACEMENT_3D ( 'NONE', #6054, #9756, #5298 ) ;
#9973 = CARTESIAN_POINT ( 'NONE',  ( 19.49999999999999289, -11.60000000000001386, 1.000000000000000888 ) ) ;
#9974 = DIRECTION ( 'NONE',  ( 8.286895585876499530E-17, -1.000000000000000000, 0.000000000000000000 ) ) ;
#9975 = ORIENTED_EDGE ( 'NONE', *, *, #952, .T. ) ;
#9976 = CARTESIAN_POINT ( 'NONE',  ( -4.000000000000003553, 30.39999999999999858, 1.000000000000000000 ) ) ;
#9977 = DIRECTION ( 'NONE',  ( 0.000000000000000000, 0.000000000000000000, -1.000000000000000000 ) ) ;
#9978 = ORIENTED_EDGE ( 'NONE', *, *, #3651, .F. ) ;
#9979 = VECTOR ( 'NONE', #1757, 1000.000000000000000 ) ;
#9980 = FACE_OUTER_BOUND ( 'NONE', #9394, .T. ) ;
#9981 = EDGE_CURVE ( 'NONE', #6873, #1923, #10046, .T. ) ;
#9982 = LINE ( 'NONE', #6332, #6827 ) ;
#9983 = VECTOR ( 'NONE', #9270, 1000.000000000000000 ) ;
#9984 = DIRECTION ( 'NONE',  ( -1.000000000000000000, -0.000000000000000000, -0.000000000000000000 ) ) ;
#9985 = EDGE_LOOP ( 'NONE', ( #3667, #7795 ) ) ;
#9986 = VECTOR ( 'NONE', #1443, 1000.000000000000000 ) ;
#9987 = VERTEX_POINT ( 'NONE', #3821 ) ;
#9988 = ORIENTED_EDGE ( 'NONE', *, *, #3195, .T. ) ;
#9989 = DIRECTION ( 'NONE',  ( 0.000000000000000000, -1.000000000000000000, 0.000000000000000000 ) ) ;
#9990 = ORIENTED_EDGE ( 'NONE', *, *, #8655, .T. ) ;
#9991 = DIRECTION ( 'NONE',  ( -0.000000000000000000, -0.000000000000000000, -1.000000000000000000 ) ) ;
#9992 = DIRECTION ( 'NONE',  ( 0.000000000000000000, 1.000000000000000000, -0.000000000000000000 ) ) ;
#9993 = VERTEX_POINT ( 'NONE', #5531 ) ;
#9994 = CARTESIAN_POINT ( 'NONE',  ( 55.19999999999999574, 17.44999999999999929, 0.5000000000000000000 ) ) ;
#9995 = DIRECTION ( 'NONE',  ( -0.000000000000000000, -0.000000000000000000, 1.000000000000000000 ) ) ;
#9996 = ADVANCED_FACE ( 'NONE', ( #10162 ), #1379, .F. ) ;
#9997 = AXIS2_PLACEMENT_3D ( 'NONE', #427, #1473, #10215 ) ;
#9998 = LINE ( 'NONE', #2836, #1609 ) ;
#9999 = VERTEX_POINT ( 'NONE', #3698 ) ;
#10000 = ADVANCED_FACE ( 'NONE', ( #7462 ), #3005, .F. ) ;
#10001 = ORIENTED_EDGE ( 'NONE', *, *, #6495, .T. ) ;
#10002 = EDGE_LOOP ( 'NONE', ( #9275, #4997, #10548, #173 ) ) ;
#10003 = LINE ( 'NONE', #5541, #41 ) ;
#10004 = DIRECTION ( 'NONE',  ( 0.000000000000000000, 0.000000000000000000, 1.000000000000000000 ) ) ;
#10005 = DIRECTION ( 'NONE',  ( 1.000000000000000000, 0.000000000000000000, 0.000000000000000000 ) ) ;
#10006 = LINE ( 'NONE', #10178, #9430 ) ;
#10007 = LINE ( 'NONE', #8822, #3911 ) ;
#10008 = DIRECTION ( 'NONE',  ( -0.000000000000000000, -0.000000000000000000, 1.000000000000000000 ) ) ;
#10009 = CARTESIAN_POINT ( 'NONE',  ( -0.5000000000000073275, -17.60000000000001918, 3.000000000000000000 ) ) ;
#10010 = DIRECTION ( 'NONE',  ( 4.663235150475319492E-17, -1.000000000000000000, 0.000000000000000000 ) ) ;
#10011 = LINE ( 'NONE', #3841, #9715 ) ;
#10012 = ORIENTED_EDGE ( 'NONE', *, *, #8494, .T. ) ;
#10013 = ORIENTED_EDGE ( 'NONE', *, *, #3391, .F. ) ;
#10014 = AXIS2_PLACEMENT_3D ( 'NONE', #8946, #695, #1089 ) ;
#10015 = EDGE_CURVE ( 'NONE', #3768, #4985, #5469, .T. ) ;
#10016 = ORIENTED_EDGE ( 'NONE', *, *, #5549, .F. ) ;
#10017 = DIRECTION ( 'NONE',  ( 0.000000000000000000, 0.000000000000000000, 1.000000000000000000 ) ) ;
#10018 = LINE ( 'NONE', #7547, #4162 ) ;
#10019 = DIRECTION ( 'NONE',  ( -0.000000000000000000, -1.000000000000000000, -0.000000000000000000 ) ) ;
#10020 = VERTEX_POINT ( 'NONE', #4584 ) ;
#10021 = ADVANCED_FACE ( 'NONE', ( #8159 ), #10873, .F. ) ;
#10022 = ORIENTED_EDGE ( 'NONE', *, *, #4999, .T. ) ;
#10023 = VECTOR ( 'NONE', #3989, 1000.000000000000000 ) ;
#10024 = ADVANCED_FACE ( 'NONE', ( #9105 ), #199, .F. ) ;
#10025 = LINE ( 'NONE', #5259, #6530 ) ;
#10026 = ORIENTED_EDGE ( 'NONE', *, *, #1278, .F. ) ;
#10027 = ORIENTED_EDGE ( 'NONE', *, *, #9299, .F. ) ;
#10028 = LINE ( 'NONE', #4684, #3902 ) ;
#10029 = EDGE_CURVE ( 'NONE', #9128, #4977, #2015, .T. ) ;
#10030 = PLANE ( 'NONE',  #5832 ) ;
#10031 = DIRECTION ( 'NONE',  ( -1.000000000000000000, 0.000000000000000000, 0.000000000000000000 ) ) ;
#10032 = ORIENTED_EDGE ( 'NONE', *, *, #7836, .T. ) ;
#10033 = CARTESIAN_POINT ( 'NONE',  ( 27.50000000000000000, 1.199999999999999956, -8.300000000000000711 ) ) ;
#10034 = DIRECTION ( 'NONE',  ( 1.000000000000000000, -0.000000000000000000, 0.000000000000000000 ) ) ;
#10035 = ORIENTED_EDGE ( 'NONE', *, *, #4029, .T. ) ;
#10036 = FACE_OUTER_BOUND ( 'NONE', #10238, .T. ) ;
#10037 = FACE_OUTER_BOUND ( 'NONE', #6009, .T. ) ;
#10038 = LINE ( 'NONE', #8917, #7659 ) ;
#10039 = ORIENTED_EDGE ( 'NONE', *, *, #9343, .F. ) ;
#10040 = ORIENTED_EDGE ( 'NONE', *, *, #6384, .T. ) ;
#10041 = ORIENTED_EDGE ( 'NONE', *, *, #2834, .T. ) ;
#10042 = ADVANCED_FACE ( 'NONE', ( #7797 ), #11383, .F. ) ;
#10043 = VECTOR ( 'NONE', #1164, 1000.000000000000000 ) ;
#10044 = PLANE ( 'NONE',  #3966 ) ;
#10045 = ORIENTED_EDGE ( 'NONE', *, *, #7475, .T. ) ;
#10046 = LINE ( 'NONE', #4763, #6432 ) ;
#10047 = PLANE ( 'NONE',  #6527 ) ;
#10048 = ORIENTED_EDGE ( 'NONE', *, *, #1205, .T. ) ;
#10049 = LINE ( 'NONE', #5588, #11608 ) ;
#10050 = LINE ( 'NONE', #9055, #581 ) ;
#10051 = PLANE ( 'NONE',  #8635 ) ;
#10052 = VECTOR ( 'NONE', #2947, 1000.000000000000000 ) ;
#10053 = AXIS2_PLACEMENT_3D ( 'NONE', #10410, #2154, #5713 ) ;
#10054 = EDGE_LOOP ( 'NONE', ( #2627, #8646, #393, #10404, #5923 ) ) ;
#10055 = ORIENTED_EDGE ( 'NONE', *, *, #8411, .F. ) ;
#10056 = ORIENTED_EDGE ( 'NONE', *, *, #4604, .F. ) ;
#10057 = EDGE_CURVE ( 'NONE', #1606, #8631, #2240, .T. ) ;
#10058 = DIRECTION ( 'NONE',  ( 1.000000000000000000, 0.000000000000000000, -0.000000000000000000 ) ) ;
#10059 = DIRECTION ( 'NONE',  ( 0.000000000000000000, 0.000000000000000000, -1.000000000000000000 ) ) ;
#10060 = CARTESIAN_POINT ( 'NONE',  ( 35.49999999999999289, -14.60000000000001563, 3.000000000000000000 ) ) ;
#10061 = CARTESIAN_POINT ( 'NONE',  ( 15.49999999999999645, -44.60000000000002274, -14.00099999999999945 ) ) ;
#10062 = DIRECTION ( 'NONE',  ( 0.000000000000000000, 0.000000000000000000, -1.000000000000000000 ) ) ;
#10063 = LINE ( 'NONE', #152, #4680 ) ;
#10064 = CARTESIAN_POINT ( 'NONE',  ( 55.49999999999999289, -23.60000000000001563, -14.00099999999999945 ) ) ;
#10065 = EDGE_CURVE ( 'NONE', #6565, #5056, #3426, .T. ) ;
#10066 = DIRECTION ( 'NONE',  ( -1.000000000000000000, 0.000000000000000000, 0.000000000000000000 ) ) ;
#10067 = VERTEX_POINT ( 'NONE', #9503 ) ;
#10068 = VERTEX_POINT ( 'NONE', #3284 ) ;
#10069 = ADVANCED_FACE ( 'NONE', ( #3996 ), #5048, .F. ) ;
#10070 = AXIS2_PLACEMENT_3D ( 'NONE', #6309, #11018, #6549 ) ;
#10071 = CARTESIAN_POINT ( 'NONE',  ( 39.49999999999999289, -126.5999999999999943, -14.00099999999999945 ) ) ;
#10072 = CARTESIAN_POINT ( 'NONE',  ( 4.164757004755709424, 6.949999999999999289, -1.942058085672285106 ) ) ;
#10073 = CARTESIAN_POINT ( 'NONE',  ( -8.000000000000003553, 34.39999999999999858, 3.000000000000000000 ) ) ;
#10074 = ORIENTED_EDGE ( 'NONE', *, *, #2826, .T. ) ;
#10075 = CARTESIAN_POINT ( 'NONE',  ( 39.49999999999999289, -23.60000000000001563, -14.00099999999999945 ) ) ;
#10076 = ORIENTED_EDGE ( 'NONE', *, *, #1809, .T. ) ;
#10077 = EDGE_CURVE ( 'NONE', #6276, #5009, #2301, .T. ) ;
#10078 = AXIS2_PLACEMENT_3D ( 'NONE', #9961, #9081, #456 ) ;
#10079 = CARTESIAN_POINT ( 'NONE',  ( 59.99999999999999289, -149.6000000000000227, -2.999999999999971578 ) ) ;
#10080 = ORIENTED_EDGE ( 'NONE', *, *, #7302, .T. ) ;
#10081 = ORIENTED_EDGE ( 'NONE', *, *, #774, .F. ) ;
#10082 = CIRCLE ( 'NONE', #5942, 0.5000000000000000000 ) ;
#10083 = DIRECTION ( 'NONE',  ( -0.000000000000000000, -1.000000000000000000, -0.000000000000000000 ) ) ;
#10084 = DIRECTION ( 'NONE',  ( -0.000000000000000000, -1.000000000000000000, -0.000000000000000000 ) ) ;
#10085 = TOROIDAL_SURFACE ( 'NONE', #10644, 2.299999999999999822, 0.5000000000000000000 ) ;
#10086 = DIRECTION ( 'NONE',  ( -1.239088197126289831E-16, 1.000000000000000000, 0.000000000000000000 ) ) ;
#10087 = ORIENTED_EDGE ( 'NONE', *, *, #10243, .F. ) ;
#10088 = VECTOR ( 'NONE', #4745, 1000.000000000000000 ) ;
#10089 = DIRECTION ( 'NONE',  ( 0.000000000000000000, -1.000000000000000000, 0.000000000000000000 ) ) ;
#10090 = VERTEX_POINT ( 'NONE', #11157 ) ;
#10091 = VECTOR ( 'NONE', #7154, 1000.000000000000114 ) ;
#10092 = LINE ( 'NONE', #8930, #7912 ) ;
#10093 = DIRECTION ( 'NONE',  ( 0.000000000000000000, 0.000000000000000000, 1.000000000000000000 ) ) ;
#10094 = CARTESIAN_POINT ( 'NONE',  ( -2.450000000000004174, 30.39999999999999858, 1.000000000000000000 ) ) ;
#10095 = AXIS2_PLACEMENT_3D ( 'NONE', #5429, #1039, #11597 ) ;
#10096 = DIRECTION ( 'NONE',  ( 0.000000000000000000, 0.000000000000000000, 1.000000000000000000 ) ) ;
#10097 = VERTEX_POINT ( 'NONE', #9392 ) ;
#10098 = VECTOR ( 'NONE', #1034, 1000.000000000000000 ) ;
#10099 = EDGE_CURVE ( 'NONE', #9601, #5929, #6804, .T. ) ;
#10100 = ORIENTED_EDGE ( 'NONE', *, *, #4683, .F. ) ;
#10101 = ORIENTED_EDGE ( 'NONE', *, *, #7843, .F. ) ;
#10102 = ADVANCED_FACE ( 'NONE', ( #5105 ), #9333, .F. ) ;
#10103 = CARTESIAN_POINT ( 'NONE',  ( 59.00000000000001421, 30.39999999999999858, 1.000000000000000000 ) ) ;
#10104 = ORIENTED_EDGE ( 'NONE', *, *, #6499, .F. ) ;
#10105 = VECTOR ( 'NONE', #1950, 1000.000000000000000 ) ;
#10106 = DIRECTION ( 'NONE',  ( 0.000000000000000000, 0.000000000000000000, 1.000000000000000000 ) ) ;
#10107 = LINE ( 'NONE', #2891, #916 ) ;
#10108 = EDGE_LOOP ( 'NONE', ( #384, #6345, #1597, #6494 ) ) ;
#10109 = CARTESIAN_POINT ( 'NONE',  ( 48.00000000000001421, 31.39999999999999858, -4.000000000000000000 ) ) ;
#10110 = CIRCLE ( 'NONE', #8419, 0.5000000000000000000 ) ;
#10111 = DIRECTION ( 'NONE',  ( -0.000000000000000000, -0.000000000000000000, 1.000000000000000000 ) ) ;
#10112 = DIRECTION ( 'NONE',  ( 1.000000000000000000, -0.000000000000000000, 0.000000000000000000 ) ) ;
#10113 = ADVANCED_FACE ( 'NONE', ( #594 ), #5973, .F. ) ;
#10114 = VECTOR ( 'NONE', #1616, 1000.000000000000000 ) ;
#10115 = ORIENTED_EDGE ( 'NONE', *, *, #4579, .T. ) ;
#10116 = ORIENTED_EDGE ( 'NONE', *, *, #2038, .T. ) ;
#10117 = VERTEX_POINT ( 'NONE', #10390 ) ;
#10118 = PLANE ( 'NONE',  #3589 ) ;
#10119 = DIRECTION ( 'NONE',  ( 0.000000000000000000, 0.000000000000000000, -1.000000000000000000 ) ) ;
#10120 = VERTEX_POINT ( 'NONE', #2354 ) ;
#10121 = CARTESIAN_POINT ( 'NONE',  ( 35.49999999999999289, -114.6000000000000085, -14.00099999999999945 ) ) ;
#10122 = DIRECTION ( 'NONE',  ( 1.000000000000000000, 0.000000000000000000, 0.000000000000000000 ) ) ;
#10123 = DIRECTION ( 'NONE',  ( 1.000000000000000000, -0.000000000000000000, 0.000000000000000000 ) ) ;
#10124 = CARTESIAN_POINT ( 'NONE',  ( 55.49999999999999289, -153.6000000000000227, -14.00099999999999945 ) ) ;
#10125 = DIRECTION ( 'NONE',  ( -0.000000000000000000, 1.000000000000000000, 0.000000000000000000 ) ) ;
#10126 = ADVANCED_FACE ( 'NONE', ( #1300 ), #6682, .T. ) ;
#10127 = DIRECTION ( 'NONE',  ( 0.000000000000000000, -1.000000000000000000, 0.000000000000000000 ) ) ;
#10128 = EDGE_LOOP ( 'NONE', ( #6555, #8408, #4141, #10388 ) ) ;
#10129 = ORIENTED_EDGE ( 'NONE', *, *, #10179, .F. ) ;
#10130 = ORIENTED_EDGE ( 'NONE', *, *, #4785, .F. ) ;
#10131 = CARTESIAN_POINT ( 'NONE',  ( 0.2000000000000070055, 10.44999999999999929, 0.5000000000000000000 ) ) ;
#10132 = EDGE_CURVE ( 'NONE', #2133, #2012, #9565, .T. ) ;
#10133 = DIRECTION ( 'NONE',  ( -0.000000000000000000, -0.000000000000000000, 1.000000000000000000 ) ) ;
#10134 = CARTESIAN_POINT ( 'NONE',  ( 3.079999999999999627, 22.91999999999999815, 3.000000000000000000 ) ) ;
#10135 = LINE ( 'NONE', #2980, #5938 ) ;
#10136 = VERTEX_POINT ( 'NONE', #4933 ) ;
#10137 = EDGE_CURVE ( 'NONE', #2085, #7269, #8506, .T. ) ;
#10138 = CARTESIAN_POINT ( 'NONE',  ( 62.99999999999998579, 31.39999999999999858, 3.000000000000000000 ) ) ;
#10139 = ORIENTED_EDGE ( 'NONE', *, *, #9661, .T. ) ;
#10140 = AXIS2_PLACEMENT_3D ( 'NONE', #726, #3248, #846 ) ;
#10141 = ORIENTED_EDGE ( 'NONE', *, *, #2220, .T. ) ;
#10142 = DIRECTION ( 'NONE',  ( 1.231756314303058296E-16, 1.000000000000000000, 0.000000000000000000 ) ) ;
#10143 = EDGE_CURVE ( 'NONE', #192, #8799, #4046, .T. ) ;
#10144 = CARTESIAN_POINT ( 'NONE',  ( -3.000000000000003553, 6.950000000000011724, 1.000000000000000000 ) ) ;
#10145 = FACE_BOUND ( 'NONE', #7527, .T. ) ;
#10146 = AXIS2_PLACEMENT_3D ( 'NONE', #1537, #10446, #8794 ) ;
#10147 = VERTEX_POINT ( 'NONE', #4217 ) ;
#10148 = VECTOR ( 'NONE', #81, 1000.000000000000000 ) ;
#10149 = CARTESIAN_POINT ( 'NONE',  ( 51.20000000000000284, 4.000000000000000000, -1.000000000000000000 ) ) ;
#10150 = ORIENTED_EDGE ( 'NONE', *, *, #7722, .T. ) ;
#10151 = DIRECTION ( 'NONE',  ( 0.000000000000000000, 1.000000000000000000, 0.000000000000000000 ) ) ;
#10152 = VECTOR ( 'NONE', #1412, 1000.000000000000000 ) ;
#10153 = CARTESIAN_POINT ( 'NONE',  ( 60.00000000000001421, -161.6000000000000227, 1.000000000000000000 ) ) ;
#10154 = DIRECTION ( 'NONE',  ( 1.000000000000000000, 0.000000000000000000, 0.000000000000000000 ) ) ;
#10155 = VERTEX_POINT ( 'NONE', #5912 ) ;
#10156 = VECTOR ( 'NONE', #1202, 1000.000000000000000 ) ;
#10157 = EDGE_CURVE ( 'NONE', #4401, #6108, #5861, .T. ) ;
#10158 = ORIENTED_EDGE ( 'NONE', *, *, #2765, .T. ) ;
#10159 = CARTESIAN_POINT ( 'NONE',  ( 57.20000000000000284, 17.44999999999999929, 0.000000000000000000 ) ) ;
#10160 = ORIENTED_EDGE ( 'NONE', *, *, #8156, .T. ) ;
#10161 = AXIS2_PLACEMENT_3D ( 'NONE', #1878, #5449, #9032 ) ;
#10162 = FACE_OUTER_BOUND ( 'NONE', #3700, .T. ) ;
#10163 = CARTESIAN_POINT ( 'NONE',  ( 19.50000000000000000, -0.2999999999999999889, -7.799999999999999822 ) ) ;
#10164 = ORIENTED_EDGE ( 'NONE', *, *, #6476, .F. ) ;
#10165 = AXIS2_PLACEMENT_3D ( 'NONE', #9118, #7359, #10949 ) ;
#10166 = CARTESIAN_POINT ( 'NONE',  ( -0.2999999999999924949, 18.45000000000000284, 3.000000000000000000 ) ) ;
#10167 = LINE ( 'NONE', #2138, #30 ) ;
#10168 = ADVANCED_FACE ( 'NONE', ( #8561 ), #538, .T. ) ;
#10169 = CARTESIAN_POINT ( 'NONE',  ( 34.50000000000000000, 0.000000000000000000, -14.00000000000000000 ) ) ;
#10170 = EDGE_CURVE ( 'NONE', #2293, #1376, #1, .T. ) ;
#10171 = VECTOR ( 'NONE', #1033, 1000.000000000000000 ) ;
#10172 = ORIENTED_EDGE ( 'NONE', *, *, #10951, .T. ) ;
#10173 = ORIENTED_EDGE ( 'NONE', *, *, #5345, .T. ) ;
#10174 = VERTEX_POINT ( 'NONE', #9620 ) ;
#10175 = CARTESIAN_POINT ( 'NONE',  ( 15.49999999999999645, -147.6000000000000227, -14.00099999999999945 ) ) ;
#10176 = DIRECTION ( 'NONE',  ( -0.000000000000000000, -0.000000000000000000, 1.000000000000000000 ) ) ;
#10177 = VERTEX_POINT ( 'NONE', #7152 ) ;
#10178 = CARTESIAN_POINT ( 'NONE',  ( -2.299999999999999822, 11.44999999999999929, -14.00000000000000000 ) ) ;
#10179 = EDGE_CURVE ( 'NONE', #9370, #8462, #10617, .T. ) ;
#10180 = AXIS2_PLACEMENT_3D ( 'NONE', #3060, #10106, #1018 ) ;
#10181 = DIRECTION ( 'NONE',  ( -0.000000000000000000, -0.000000000000000000, 1.000000000000000000 ) ) ;
#10182 = DIRECTION ( 'NONE',  ( 0.000000000000000000, 1.000000000000000000, 0.000000000000000000 ) ) ;
#10183 = CARTESIAN_POINT ( 'NONE',  ( 35.49999999999999289, -29.60000000000001563, 3.000000000000000000 ) ) ;
#10184 = CARTESIAN_POINT ( 'NONE',  ( 56.50000000000000000, 21.60000000000000142, 3.000000000000000000 ) ) ;
#10185 = EDGE_CURVE ( 'NONE', #8976, #5824, #3506, .T. ) ;
#10186 = ORIENTED_EDGE ( 'NONE', *, *, #3036, .T. ) ;
#10187 = ORIENTED_EDGE ( 'NONE', *, *, #5410, .F. ) ;
#10188 = ORIENTED_EDGE ( 'NONE', *, *, #8895, .T. ) ;
#10189 = DIRECTION ( 'NONE',  ( 0.000000000000000000, 0.000000000000000000, -1.000000000000000000 ) ) ;
#10190 = DIRECTION ( 'NONE',  ( 0.000000000000000000, 1.000000000000000000, 0.000000000000000000 ) ) ;
#10191 = ADVANCED_FACE ( 'NONE', ( #2701 ), #10564, .F. ) ;
#10192 = DIRECTION ( 'NONE',  ( 0.000000000000000000, 0.000000000000000000, 1.000000000000000000 ) ) ;
#10193 = FACE_OUTER_BOUND ( 'NONE', #10940, .T. ) ;
#10194 = CARTESIAN_POINT ( 'NONE',  ( 19.49999999999999289, -129.5999999999999943, 1.000000000000000888 ) ) ;
#10195 = VECTOR ( 'NONE', #4952, 1000.000000000000000 ) ;
#10196 = ORIENTED_EDGE ( 'NONE', *, *, #2722, .T. ) ;
#10197 = ORIENTED_EDGE ( 'NONE', *, *, #8312, .T. ) ;
#10198 = CARTESIAN_POINT ( 'NONE',  ( 60.00000000000001421, 19.40000000000000213, -2.999999999999971578 ) ) ;
#10199 = CARTESIAN_POINT ( 'NONE',  ( 51.20000000000000284, 21.60000000000000142, 3.000000000000000000 ) ) ;
#10200 = EDGE_CURVE ( 'NONE', #3028, #8710, #2577, .T. ) ;
#10201 = FACE_BOUND ( 'NONE', #9030, .T. ) ;
#10202 = EDGE_LOOP ( 'NONE', ( #5126, #4068, #5382, #10958 ) ) ;
#10203 = DIRECTION ( 'NONE',  ( 0.000000000000000000, 0.000000000000000000, 1.000000000000000000 ) ) ;
#10204 = ORIENTED_EDGE ( 'NONE', *, *, #4128, .F. ) ;
#10205 = DIRECTION ( 'NONE',  ( 0.000000000000000000, 1.000000000000000000, 0.000000000000000000 ) ) ;
#10206 = DIRECTION ( 'NONE',  ( 0.000000000000000000, -0.02826803116136169039, 0.9996003793588016384 ) ) ;
#10207 = EDGE_CURVE ( 'NONE', #7176, #3297, #6709, .T. ) ;
#10208 = CARTESIAN_POINT ( 'NONE',  ( 1.199999999999999956, 10.44999999999999929, 5.204170427930430158E-16 ) ) ;
#10209 = STYLED_ITEM ( 'NONE', ( #6077 ), #5529 ) ;
#10210 = ORIENTED_EDGE ( 'NONE', *, *, #948, .F. ) ;
#10211 = ORIENTED_EDGE ( 'NONE', *, *, #6462, .F. ) ;
#10212 = EDGE_CURVE ( 'NONE', #10441, #3873, #546, .T. ) ;
#10213 = DIRECTION ( 'NONE',  ( 1.000000000000000000, 0.000000000000000000, 0.000000000000000000 ) ) ;
#10214 = ORIENTED_EDGE ( 'NONE', *, *, #9158, .F. ) ;
#10215 = DIRECTION ( 'NONE',  ( 1.000000000000000000, 0.000000000000000000, 0.000000000000000000 ) ) ;
#10216 = CARTESIAN_POINT ( 'NONE',  ( 19.49999999999999289, -117.6000000000000085, 1.000000000000000888 ) ) ;
#10217 = ORIENTED_EDGE ( 'NONE', *, *, #9762, .T. ) ;
#10218 = FACE_BOUND ( 'NONE', #55, .T. ) ;
#10219 = CARTESIAN_POINT ( 'NONE',  ( 0.2000000000000070055, 5.950000000000000178, 1.000000000000000000 ) ) ;
#10220 = DIRECTION ( 'NONE',  ( 0.000000000000000000, 1.000000000000000000, 0.000000000000000000 ) ) ;
#10221 = ADVANCED_FACE ( 'NONE', ( #944 ), #6144, .F. ) ;
#10222 = ORIENTED_EDGE ( 'NONE', *, *, #7254, .T. ) ;
#10223 = VERTEX_POINT ( 'NONE', #4512 ) ;
#10224 = ORIENTED_EDGE ( 'NONE', *, *, #434, .F. ) ;
#10225 = FACE_OUTER_BOUND ( 'NONE', #10128, .T. ) ;
#10226 = CARTESIAN_POINT ( 'NONE',  ( 39.49999999999998579, -17.60000000000001918, 1.000000000000000888 ) ) ;
#10227 = ORIENTED_EDGE ( 'NONE', *, *, #474, .T. ) ;
#10228 = DIRECTION ( 'NONE',  ( -0.000000000000000000, -0.000000000000000000, 1.000000000000000000 ) ) ;
#10229 = VECTOR ( 'NONE', #5993, 1000.000000000000000 ) ;
#10230 = LINE ( 'NONE', #444, #554 ) ;
#10231 = FACE_OUTER_BOUND ( 'NONE', #1239, .T. ) ;
#10232 = DIRECTION ( 'NONE',  ( 1.000000000000000000, 0.000000000000000000, 0.000000000000000000 ) ) ;
#10233 = VECTOR ( 'NONE', #4449, 1000.000000000000000 ) ;
#10234 = DIRECTION ( 'NONE',  ( -0.000000000000000000, 1.000000000000000000, 0.000000000000000000 ) ) ;
#10235 = ORIENTED_EDGE ( 'NONE', *, *, #10270, .T. ) ;
#10236 = EDGE_CURVE ( 'NONE', #8992, #1352, #1699, .T. ) ;
#10237 = VERTEX_POINT ( 'NONE', #5270 ) ;
#10238 = EDGE_LOOP ( 'NONE', ( #6341, #8478, #4403, #11088 ) ) ;
#10239 = EDGE_CURVE ( 'NONE', #3397, #8214, #9733, .T. ) ;
#10240 = CYLINDRICAL_SURFACE ( 'NONE', #7265, 1.549999999999999378 ) ;
#10241 = LINE ( 'NONE', #2209, #3312 ) ;
#10242 = DIRECTION ( 'NONE',  ( -1.000000000000000000, -0.000000000000000000, -0.000000000000000000 ) ) ;
#10243 = EDGE_CURVE ( 'NONE', #7477, #7209, #8091, .T. ) ;
#10244 = LINE ( 'NONE', #9579, #1436 ) ;
#10245 = CARTESIAN_POINT ( 'NONE',  ( 48.00000000000001421, 31.39999999999999858, 1.000000000000000000 ) ) ;
#10246 = DIRECTION ( 'NONE',  ( -0.000000000000000000, -0.000000000000000000, 1.000000000000000000 ) ) ;
#10247 = DIRECTION ( 'NONE',  ( -1.000000000000000000, 0.000000000000000000, 0.000000000000000000 ) ) ;
#10248 = ORIENTED_EDGE ( 'NONE', *, *, #3373, .T. ) ;
#10249 = EDGE_CURVE ( 'NONE', #9164, #10835, #10504, .T. ) ;
#10250 = ORIENTED_EDGE ( 'NONE', *, *, #4237, .T. ) ;
#10251 = CARTESIAN_POINT ( 'NONE',  ( 0.2000000000000085321, 2.168404344971100080E-17, 0.5000000000000000000 ) ) ;
#10252 = CARTESIAN_POINT ( 'NONE',  ( -2.439454888092360016E-17, 0.2000000000000000111, 0.5000000000000000000 ) ) ;
#10253 = FACE_BOUND ( 'NONE', #1309, .T. ) ;
#10254 = ORIENTED_EDGE ( 'NONE', *, *, #40, .F. ) ;
#10255 = CARTESIAN_POINT ( 'NONE',  ( 35.49999999999999289, -117.6000000000000085, 1.000000000000000888 ) ) ;
#10256 = VERTEX_POINT ( 'NONE', #10681 ) ;
#10257 = TOROIDAL_SURFACE ( 'NONE', #6316, 4.299999999999999822, 0.5000000000000000000 ) ;
#10258 = CARTESIAN_POINT ( 'NONE',  ( 35.50000000000000000, -144.5999999999999943, 1.000000000000000888 ) ) ;
#10259 = LINE ( 'NONE', #2066, #5657 ) ;
#10260 = CARTESIAN_POINT ( 'NONE',  ( 39.49999999999998579, -11.60000000000001386, -14.00099999999999945 ) ) ;
#10261 = ADVANCED_FACE ( 'NONE', ( #6030 ), #9795, .T. ) ;
#10262 = FACE_OUTER_BOUND ( 'NONE', #4498, .T. ) ;
#10263 = EDGE_LOOP ( 'NONE', ( #6484, #6313, #4374, #5127 ) ) ;
#10264 = VECTOR ( 'NONE', #6004, 1000.000000000000000 ) ;
#10265 = EDGE_LOOP ( 'NONE', ( #4655, #4405, #2252, #4711 ) ) ;
#10266 = VECTOR ( 'NONE', #9657, 1000.000000000000000 ) ;
#10267 = DIRECTION ( 'NONE',  ( -1.000000000000000000, 0.000000000000000000, 0.000000000000000000 ) ) ;
#10268 = VECTOR ( 'NONE', #8715, 1000.000000000000000 ) ;
#10269 = ORIENTED_EDGE ( 'NONE', *, *, #3403, .F. ) ;
#10270 = EDGE_CURVE ( 'NONE', #6097, #9901, #5154, .T. ) ;
#10271 = DIRECTION ( 'NONE',  ( 2.209838822900395026E-16, -1.000000000000000000, 0.000000000000000000 ) ) ;
#10272 = LINE ( 'NONE', #3997, #9153 ) ;
#10273 = EDGE_LOOP ( 'NONE', ( #9410, #647, #2591, #10401 ) ) ;
#10274 = CIRCLE ( 'NONE', #9342, 3.000000000000002665 ) ;
#10275 = LINE ( 'NONE', #1365, #8230 ) ;
#10276 = DIRECTION ( 'NONE',  ( -1.000000000000000000, 0.000000000000000000, 0.000000000000000000 ) ) ;
#10277 = LINE ( 'NONE', #2247, #2461 ) ;
#10278 = VECTOR ( 'NONE', #3807, 1000.000000000000000 ) ;
#10279 = EDGE_CURVE ( 'NONE', #10599, #10117, #2637, .T. ) ;
#10280 = ORIENTED_EDGE ( 'NONE', *, *, #10029, .F. ) ;
#10281 = AXIS2_PLACEMENT_3D ( 'NONE', #9767, #1739, #6246 ) ;
#10282 = VERTEX_POINT ( 'NONE', #4274 ) ;
#10283 = EDGE_LOOP ( 'NONE', ( #3413, #1231, #3144, #9101 ) ) ;
#10284 = CARTESIAN_POINT ( 'NONE',  ( 39.49999999999999289, -29.60000000000001563, 3.000000000000000000 ) ) ;
#10285 = CARTESIAN_POINT ( 'NONE',  ( -2.299999999999999822, 17.44999999999999929, -14.00000000000000000 ) ) ;
#10286 = VERTEX_POINT ( 'NONE', #6976 ) ;
#10287 = EDGE_CURVE ( 'NONE', #2299, #5010, #3395, .T. ) ;
#10288 = VECTOR ( 'NONE', #6047, 1000.000000000000000 ) ;
#10289 = CARTESIAN_POINT ( 'NONE',  ( 39.49999999999998579, -14.60000000000001563, -14.00099999999999945 ) ) ;
#10290 = VERTEX_POINT ( 'NONE', #6083 ) ;
#10291 = DIRECTION ( 'NONE',  ( 0.000000000000000000, -1.000000000000000000, 0.000000000000000000 ) ) ;
#10292 = LINE ( 'NONE', #7536, #5452 ) ;
#10293 = PLANE ( 'NONE',  #7822 ) ;
#10294 = PRODUCT_DEFINITION_CONTEXT ( 'detailed design', #174, 'design' ) ;
#10295 = CARTESIAN_POINT ( 'NONE',  ( 55.49999999999999289, -132.5999999999999943, 3.000000000000000000 ) ) ;
#10296 = AXIS2_PLACEMENT_3D ( 'NONE', #6969, #2518, #2347 ) ;
#10297 = ORIENTED_EDGE ( 'NONE', *, *, #5139, .T. ) ;
#10298 = TOROIDAL_SURFACE ( 'NONE', #11234, 5.799999999999999822, 0.5000000000000000000 ) ;
#10299 = ORIENTED_EDGE ( 'NONE', *, *, #9558, .T. ) ;
#10300 = VERTEX_POINT ( 'NONE', #11443 ) ;
#10301 = DIRECTION ( 'NONE',  ( -1.000000000000000000, 0.000000000000000000, 0.000000000000000000 ) ) ;
#10302 = DIRECTION ( 'NONE',  ( -0.000000000000000000, -0.000000000000000000, 1.000000000000000000 ) ) ;
#10303 = VECTOR ( 'NONE', #10559, 1000.000000000000000 ) ;
#10304 = EDGE_CURVE ( 'NONE', #7983, #7220, #9672, .T. ) ;
#10305 = CARTESIAN_POINT ( 'NONE',  ( -0.5000000000000079936, -14.60000000000001563, -14.00099999999999945 ) ) ;
#10306 = FACE_OUTER_BOUND ( 'NONE', #6094, .T. ) ;
#10307 = DIRECTION ( 'NONE',  ( 0.000000000000000000, 1.000000000000000000, -0.000000000000000000 ) ) ;
#10308 = EDGE_CURVE ( 'NONE', #9523, #475, #2818, .T. ) ;
#10309 = LINE ( 'NONE', #8947, #2232 ) ;
#10310 = ORIENTED_EDGE ( 'NONE', *, *, #9019, .F. ) ;
#10311 = EDGE_CURVE ( 'NONE', #5636, #2934, #7328, .T. ) ;
#10312 = ORIENTED_EDGE ( 'NONE', *, *, #10722, .T. ) ;
#10313 = CARTESIAN_POINT ( 'NONE',  ( 56.50000000000000000, 5.950000000000000178, -1.000000000000000000 ) ) ;
#10314 = DIRECTION ( 'NONE',  ( -1.000000000000000000, 0.000000000000000000, 0.000000000000000000 ) ) ;
#10315 = FACE_BOUND ( 'NONE', #8417, .T. ) ;
#10316 = VERTEX_POINT ( 'NONE', #1881 ) ;
#10317 = EDGE_CURVE ( 'NONE', #5502, #8782, #3344, .T. ) ;
#10318 = CARTESIAN_POINT ( 'NONE',  ( -1.800000000000000044, 18.45000000000000284, 0.5000000000000000000 ) ) ;
#10319 = ORIENTED_EDGE ( 'NONE', *, *, #2071, .F. ) ;
#10320 = DIRECTION ( 'NONE',  ( -1.394752543498940500E-16, 1.000000000000000000, 0.000000000000000000 ) ) ;
#10321 = AXIS2_PLACEMENT_3D ( 'NONE', #8524, #7644, #497 ) ;
#10322 = DIRECTION ( 'NONE',  ( 1.000000000000000000, 0.000000000000000000, 0.000000000000000000 ) ) ;
#10323 = DIRECTION ( 'NONE',  ( 0.000000000000000000, -1.000000000000000000, 0.000000000000000000 ) ) ;
#10324 = VERTEX_POINT ( 'NONE', #6390 ) ;
#10325 = PLANE ( 'NONE',  #1449 ) ;
#10326 = VECTOR ( 'NONE', #3879, 1000.000000000000000 ) ;
#10327 = DIRECTION ( 'NONE',  ( -0.000000000000000000, 0.7071067811865474617, -0.7071067811865474617 ) ) ;
#10328 = ORIENTED_EDGE ( 'NONE', *, *, #10751, .T. ) ;
#10329 = VECTOR ( 'NONE', #11206, 1000.000000000000000 ) ;
#10330 = CARTESIAN_POINT ( 'NONE',  ( 15.49999999999999467, -129.5999999999999943, 1.000000000000000888 ) ) ;
#10331 = ADVANCED_FACE ( 'NONE', ( #1116 ), #2931, .F. ) ;
#10332 = CARTESIAN_POINT ( 'NONE',  ( 27.50000000000000000, -1.904089349672995146, -13.00000000000000000 ) ) ;
#10333 = ORIENTED_EDGE ( 'NONE', *, *, #9135, .F. ) ;
#10334 = DIRECTION ( 'NONE',  ( 0.000000000000000000, 0.000000000000000000, 1.000000000000000000 ) ) ;
#10335 = DIRECTION ( 'NONE',  ( 0.000000000000000000, 1.000000000000000000, 0.000000000000000000 ) ) ;
#10336 = CARTESIAN_POINT ( 'NONE',  ( 0.000000000000000000, 10.44999999999999929, -13.00000000000000000 ) ) ;
#10337 = VECTOR ( 'NONE', #2545, 1000.000000000000000 ) ;
#10338 = DIRECTION ( 'NONE',  ( -1.000000000000000000, 0.000000000000000000, 0.000000000000000000 ) ) ;
#10339 = AXIS2_PLACEMENT_3D ( 'NONE', #3241, #4829, #7585 ) ;
#10340 = ORIENTED_EDGE ( 'NONE', *, *, #7033, .T. ) ;
#10341 = VECTOR ( 'NONE', #58, 1000.000000000000000 ) ;
#10342 = VERTEX_POINT ( 'NONE', #2000 ) ;
#10343 = ORIENTED_EDGE ( 'NONE', *, *, #10642, .F. ) ;
#10344 = DIRECTION ( 'NONE',  ( 0.000000000000000000, 0.000000000000000000, 1.000000000000000000 ) ) ;
#10345 = LINE ( 'NONE', #1256, #1170 ) ;
#10346 = ORIENTED_EDGE ( 'NONE', *, *, #10600, .T. ) ;
#10347 = VECTOR ( 'NONE', #1082, 1000.000000000000000 ) ;
#10348 = FACE_OUTER_BOUND ( 'NONE', #3641, .T. ) ;
#10349 = EDGE_CURVE ( 'NONE', #10985, #10136, #7266, .T. ) ;
#10350 = EDGE_LOOP ( 'NONE', ( #5770, #8897, #654, #11281 ) ) ;
#10351 = LINE ( 'NONE', #6874, #5214 ) ;
#10352 = PLANE ( 'NONE',  #10321 ) ;
#10353 = DIRECTION ( 'NONE',  ( 0.000000000000000000, 0.000000000000000000, -1.000000000000000000 ) ) ;
#10354 = AXIS2_PLACEMENT_3D ( 'NONE', #7772, #2439, #6361 ) ;
#10355 = DIRECTION ( 'NONE',  ( -0.000000000000000000, 1.000000000000000000, -0.000000000000000000 ) ) ;
#10356 = VECTOR ( 'NONE', #10699, 1000.000000000000000 ) ;
#10357 = ORIENTED_EDGE ( 'NONE', *, *, #1481, .F. ) ;
#10358 = EDGE_CURVE ( 'NONE', #9370, #8861, #4023, .T. ) ;
#10359 = ORIENTED_EDGE ( 'NONE', *, *, #7925, .T. ) ;
#10360 = ORIENTED_EDGE ( 'NONE', *, *, #3291, .T. ) ;
#10361 = PLANE ( 'NONE',  #4331 ) ;
#10362 = FACE_OUTER_BOUND ( 'NONE', #9357, .T. ) ;
#10363 = APPLICATION_CONTEXT ( 'automotive_design' ) ;
#10364 = PLANE ( 'NONE',  #6217 ) ;
#10365 = PLANE ( 'NONE',  #8409 ) ;
#10366 = CARTESIAN_POINT ( 'NONE',  ( 27.50000000000000000, 1.199999999999999956, 0.000000000000000000 ) ) ;
#10367 = CYLINDRICAL_SURFACE ( 'NONE', #7839, 0.5000000000000000000 ) ;
#10368 = VECTOR ( 'NONE', #651, 1000.000000000000000 ) ;
#10369 = ORIENTED_EDGE ( 'NONE', *, *, #83, .F. ) ;
#10370 = EDGE_CURVE ( 'NONE', #9260, #10781, #5569, .T. ) ;
#10371 = ORIENTED_EDGE ( 'NONE', *, *, #3717, .T. ) ;
#10372 = CARTESIAN_POINT ( 'NONE',  ( -8.000000000000003553, 34.39999999999999858, 1.000000000000000000 ) ) ;
#10373 = CARTESIAN_POINT ( 'NONE',  ( 19.50000000000000000, -2.269905377680174752, -0.06419140816129449700 ) ) ;
#10374 = EDGE_CURVE ( 'NONE', #5387, #3674, #3140, .T. ) ;
#10375 = FACE_BOUND ( 'NONE', #9114, .T. ) ;
#10376 = ORIENTED_EDGE ( 'NONE', *, *, #7828, .F. ) ;
#10377 = EDGE_CURVE ( 'NONE', #8643, #3464, #9035, .T. ) ;
#10378 = DIRECTION ( 'NONE',  ( 0.000000000000000000, 0.000000000000000000, -1.000000000000000000 ) ) ;
#10379 = ORIENTED_EDGE ( 'NONE', *, *, #4126, .F. ) ;
#10380 = AXIS2_PLACEMENT_3D ( 'NONE', #95, #6367, #3783 ) ;
#10381 = CARTESIAN_POINT ( 'NONE',  ( 35.49999999999999289, -117.6000000000000085, 3.000000000000000000 ) ) ;
#10382 = CARTESIAN_POINT ( 'NONE',  ( 51.20000000000000284, 21.60000000000000142, 0.5000000000000000000 ) ) ;
#10383 = LINE ( 'NONE', #3868, #8984 ) ;
#10384 = ORIENTED_EDGE ( 'NONE', *, *, #8625, .T. ) ;
#10385 = EDGE_CURVE ( 'NONE', #9987, #7846, #1005, .T. ) ;
#10386 = LINE ( 'NONE', #4979, #7805 ) ;
#10387 = DIRECTION ( 'NONE',  ( 0.000000000000000000, 0.000000000000000000, -1.000000000000000000 ) ) ;
#10388 = ORIENTED_EDGE ( 'NONE', *, *, #251, .F. ) ;
#10389 = ADVANCED_FACE ( 'NONE', ( #7389 ), #10978, .T. ) ;
#10390 = CARTESIAN_POINT ( 'NONE',  ( 6.999999999999992006, 31.39999999999999858, 1.000000000000000000 ) ) ;
#10391 = EDGE_CURVE ( 'NONE', #2299, #8528, #6714, .T. ) ;
#10392 = DIRECTION ( 'NONE',  ( -1.000000000000000000, 0.000000000000000000, 0.000000000000000000 ) ) ;
#10393 = ORIENTED_EDGE ( 'NONE', *, *, #11506, .T. ) ;
#10394 = LINE ( 'NONE', #8678, #2277 ) ;
#10395 = CIRCLE ( 'NONE', #5325, 2.300000000000000266 ) ;
#10396 = FACE_OUTER_BOUND ( 'NONE', #2412, .T. ) ;
#10397 = LINE ( 'NONE', #7368, #3158 ) ;
#10398 = EDGE_CURVE ( 'NONE', #3325, #6276, #4624, .T. ) ;
#10399 = ORIENTED_EDGE ( 'NONE', *, *, #5131, .F. ) ;
#10400 = VERTEX_POINT ( 'NONE', #8203 ) ;
#10401 = ORIENTED_EDGE ( 'NONE', *, *, #7620, .F. ) ;
#10402 = PLANE ( 'NONE',  #7350 ) ;
#10403 = DIRECTION ( 'NONE',  ( 0.000000000000000000, -1.000000000000000000, 0.000000000000000000 ) ) ;
#10404 = ORIENTED_EDGE ( 'NONE', *, *, #5549, .T. ) ;
#10405 = FACE_OUTER_BOUND ( 'NONE', #10273, .T. ) ;
#10406 = ORIENTED_EDGE ( 'NONE', *, *, #2570, .F. ) ;
#10407 = CARTESIAN_POINT ( 'NONE',  ( 1.355252715606880080E-17, -0.2999999999999999889, 0.5000000000000000000 ) ) ;
#10408 = DIRECTION ( 'NONE',  ( -0.000000000000000000, 1.000000000000000000, 0.000000000000000000 ) ) ;
#10409 = CYLINDRICAL_SURFACE ( 'NONE', #4269, 0.5000000000000000000 ) ;
#10410 = CARTESIAN_POINT ( 'NONE',  ( 35.50000000000000000, -44.60000000000002274, -14.00099999999999945 ) ) ;
#10411 = EDGE_CURVE ( 'NONE', #4511, #4253, #9366, .T. ) ;
#10412 = ORIENTED_EDGE ( 'NONE', *, *, #9711, .T. ) ;
#10413 = ORIENTED_EDGE ( 'NONE', *, *, #1780, .F. ) ;
#10414 = CARTESIAN_POINT ( 'NONE',  ( 39.49999999999999289, -35.60000000000002274, -14.00099999999999945 ) ) ;
#10415 = CARTESIAN_POINT ( 'NONE',  ( 59.99999999999998579, 34.39999999999999858, 3.000000000000000000 ) ) ;
#10416 = PLANE ( 'NONE',  #10354 ) ;
#10417 = VECTOR ( 'NONE', #930, 1000.000000000000000 ) ;
#10418 = EDGE_CURVE ( 'NONE', #6339, #661, #4905, .T. ) ;
#10419 = CARTESIAN_POINT ( 'NONE',  ( 51.20000000000000284, 21.60000000000000142, 0.5000000000000000000 ) ) ;
#10420 = DIRECTION ( 'NONE',  ( -1.000000000000000000, 0.000000000000000000, 0.000000000000000000 ) ) ;
#10421 = LINE ( 'NONE', #4963, #11042 ) ;
#10422 = ORIENTED_EDGE ( 'NONE', *, *, #5293, .T. ) ;
#10423 = VECTOR ( 'NONE', #5120, 1000.000000000000000 ) ;
#10424 = ADVANCED_FACE ( 'NONE', ( #10306 ), #5833, .F. ) ;
#10425 = EDGE_LOOP ( 'NONE', ( #11375, #2867, #4670, #6388 ) ) ;
#10426 = CARTESIAN_POINT ( 'NONE',  ( -0.5000000000000052180, -138.5999999999999943, 1.000000000000000888 ) ) ;
#10427 = LINE ( 'NONE', #11311, #9478 ) ;
#10428 = ORIENTED_EDGE ( 'NONE', *, *, #3251, .T. ) ;
#10429 = EDGE_CURVE ( 'NONE', #5975, #3809, #1392, .T. ) ;
#10430 = CARTESIAN_POINT ( 'NONE',  ( 48.00000000000001421, -161.6000000000000227, 1.000000000000000000 ) ) ;
#10431 = ORIENTED_EDGE ( 'NONE', *, *, #11561, .T. ) ;
#10432 = CARTESIAN_POINT ( 'NONE',  ( 15.49999999999999467, -26.60000000000001918, 1.000000000000000000 ) ) ;
#10433 = DIRECTION ( 'NONE',  ( 1.000000000000000000, 0.000000000000000000, 0.000000000000000000 ) ) ;
#10434 = VECTOR ( 'NONE', #1984, 1000.000000000000000 ) ;
#10435 = CARTESIAN_POINT ( 'NONE',  ( 0.2000000000000070055, 11.44999999999999929, 0.5000000000000000000 ) ) ;
#10436 = FACE_OUTER_BOUND ( 'NONE', #8998, .T. ) ;
#10437 = ORIENTED_EDGE ( 'NONE', *, *, #4604, .T. ) ;
#10438 = CARTESIAN_POINT ( 'NONE',  ( 19.49999999999999289, -26.60000000000001918, 1.000000000000000888 ) ) ;
#10439 = VECTOR ( 'NONE', #565, 1000.000000000000000 ) ;
#10440 = LINE ( 'NONE', #2407, #224 ) ;
#10441 = VERTEX_POINT ( 'NONE', #7211 ) ;
#10442 = DIRECTION ( 'NONE',  ( -0.000000000000000000, -1.000000000000000000, 0.000000000000000000 ) ) ;
#10443 = DIRECTION ( 'NONE',  ( 0.000000000000000000, 0.000000000000000000, -1.000000000000000000 ) ) ;
#10444 = ORIENTED_EDGE ( 'NONE', *, *, #10249, .T. ) ;
#10445 = DIRECTION ( 'NONE',  ( 1.000000000000000000, 0.000000000000000000, 0.000000000000000000 ) ) ;
#10446 = DIRECTION ( 'NONE',  ( 7.228014483236699514E-17, -1.000000000000000000, 0.000000000000000000 ) ) ;
#10447 = ADVANCED_FACE ( 'NONE', ( #3198 ), #2331, .T. ) ;
#10448 = CIRCLE ( 'NONE', #2208, 3.524999999999999467 ) ;
#10449 = LINE ( 'NONE', #1766, #4665 ) ;
#10450 = ADVANCED_FACE ( 'NONE', ( #1615 ), #10365, .F. ) ;
#10451 = EDGE_CURVE ( 'NONE', #762, #3190, #7774, .T. ) ;
#10452 = EDGE_LOOP ( 'NONE', ( #563, #2752, #5642, #11508 ) ) ;
#10453 = AXIS2_PLACEMENT_3D ( 'NONE', #2932, #4573, #1818 ) ;
#10454 = ORIENTED_EDGE ( 'NONE', *, *, #6298, .T. ) ;
#10455 = ORIENTED_EDGE ( 'NONE', *, *, #3319, .T. ) ;
#10456 = DIRECTION ( 'NONE',  ( -1.000000000000000000, 0.000000000000000000, 0.000000000000000000 ) ) ;
#10457 = ORIENTED_EDGE ( 'NONE', *, *, #9667, .F. ) ;
#10458 = CARTESIAN_POINT ( 'NONE',  ( 35.49999999999999289, -129.5999999999999943, 3.000000000000000000 ) ) ;
#10459 = CARTESIAN_POINT ( 'NONE',  ( 60.00000000000001421, 19.40000000000000213, 1.000000000000000000 ) ) ;
#10460 = AXIS2_PLACEMENT_3D ( 'NONE', #1617, #8762, #6116 ) ;
#10461 = EDGE_LOOP ( 'NONE', ( #7680, #2465, #6643, #7612 ) ) ;
#10462 = CARTESIAN_POINT ( 'NONE',  ( -1.800000000000000044, 2.500000000000000000, 0.5000000000000000000 ) ) ;
#10463 = VECTOR ( 'NONE', #8661, 1000.000000000000000 ) ;
#10464 = FACE_OUTER_BOUND ( 'NONE', #8008, .T. ) ;
#10465 = DIRECTION ( 'NONE',  ( 1.000000000000000000, 0.000000000000000000, 0.000000000000000000 ) ) ;
#10466 = EDGE_CURVE ( 'NONE', #1932, #1936, #5890, .T. ) ;
#10467 = VECTOR ( 'NONE', #8394, 1000.000000000000000 ) ;
#10468 = CARTESIAN_POINT ( 'NONE',  ( -0.5000000000000079936, -117.6000000000000085, -14.00099999999999945 ) ) ;
#10469 = CIRCLE ( 'NONE', #8403, 4.999999999999999112 ) ;
#10470 = VERTEX_POINT ( 'NONE', #681 ) ;
#10471 = VECTOR ( 'NONE', #9150, 1000.000000000000000 ) ;
#10472 = ORIENTED_EDGE ( 'NONE', *, *, #4330, .T. ) ;
#10473 = CARTESIAN_POINT ( 'NONE',  ( 55.49999999999999289, -135.5999999999999943, -14.00099999999999945 ) ) ;
#10474 = PLANE ( 'NONE',  #11373 ) ;
#10475 = DIRECTION ( 'NONE',  ( -0.000000000000000000, -1.000000000000000000, 0.000000000000000000 ) ) ;
#10476 = AXIS2_PLACEMENT_3D ( 'NONE', #218, #10066, #4726 ) ;
#10477 = LINE ( 'NONE', #8535, #10854 ) ;
#10478 = DIRECTION ( 'NONE',  ( 1.000000000000000000, -0.000000000000000000, 0.000000000000000000 ) ) ;
#10479 = DIRECTION ( 'NONE',  ( 0.000000000000000000, 0.000000000000000000, 1.000000000000000000 ) ) ;
#10480 = ADVANCED_FACE ( 'NONE', ( #9479 ), #11243, .F. ) ;
#10481 = VECTOR ( 'NONE', #1960, 1000.000000000000000 ) ;
#10482 = DIRECTION ( 'NONE',  ( -0.000000000000000000, -0.000000000000000000, -1.000000000000000000 ) ) ;
#10483 = ORIENTED_EDGE ( 'NONE', *, *, #5625, .F. ) ;
#10484 = VERTEX_POINT ( 'NONE', #7887 ) ;
#10485 = AXIS2_PLACEMENT_3D ( 'NONE', #2998, #5633, #6568 ) ;
#10486 = EDGE_CURVE ( 'NONE', #9993, #7086, #6536, .T. ) ;
#10487 = LINE ( 'NONE', #5086, #1469 ) ;
#10488 = FACE_OUTER_BOUND ( 'NONE', #9731, .T. ) ;
#10489 = VECTOR ( 'NONE', #4298, 1000.000000000000000 ) ;
#10490 = PLANE ( 'NONE',  #8166 ) ;
#10491 = VERTEX_POINT ( 'NONE', #4307 ) ;
#10492 = CARTESIAN_POINT ( 'NONE',  ( 35.50000000000000000, -47.60000000000001563, 1.000000000000000888 ) ) ;
#10493 = EDGE_CURVE ( 'NONE', #11543, #4048, #4090, .T. ) ;
#10494 = EDGE_LOOP ( 'NONE', ( #4564, #5107, #11555, #9681 ) ) ;
#10495 = PLANE ( 'NONE',  #6409 ) ;
#10496 = LINE ( 'NONE', #6244, #5130 ) ;
#10497 = CARTESIAN_POINT ( 'NONE',  ( 35.49999999999999289, -20.60000000000002274, 3.000000000000000000 ) ) ;
#10498 = DIRECTION ( 'NONE',  ( 0.000000000000000000, 0.000000000000000000, -1.000000000000000000 ) ) ;
#10499 = EDGE_LOOP ( 'NONE', ( #5210, #10310, #2691, #2276 ) ) ;
#10500 = EDGE_CURVE ( 'NONE', #1697, #6968, #3428, .T. ) ;
#10501 = CARTESIAN_POINT ( 'NONE',  ( 27.50000000000000000, 16.86292439923190045, 7.863310786250720774 ) ) ;
#10502 = VERTEX_POINT ( 'NONE', #11356 ) ;
#10503 = CIRCLE ( 'NONE', #5445, 1.549999999999999378 ) ;
#10504 = LINE ( 'NONE', #1761, #9911 ) ;
#10505 = DIRECTION ( 'NONE',  ( -0.000000000000000000, -0.000000000000000000, 1.000000000000000000 ) ) ;
#10506 = ORIENTED_EDGE ( 'NONE', *, *, #11588, .T. ) ;
#10507 = CARTESIAN_POINT ( 'NONE',  ( -0.5000000000000059952, -29.60000000000001563, -14.00099999999999945 ) ) ;
#10508 = CARTESIAN_POINT ( 'NONE',  ( 2.500000000000000000, 2.500000000000000000, 1.000000000000000000 ) ) ;
#10509 = CARTESIAN_POINT ( 'NONE',  ( 19.49999999999999289, -17.60000000000001918, -14.00099999999999945 ) ) ;
#10510 = EDGE_CURVE ( 'NONE', #9140, #3958, #1444, .T. ) ;
#10511 = VECTOR ( 'NONE', #1150, 1000.000000000000000 ) ;
#10512 = ORIENTED_EDGE ( 'NONE', *, *, #394, .F. ) ;
#10513 = EDGE_LOOP ( 'NONE', ( #7039, #10756, #9848, #11027 ) ) ;
#10514 = AXIS2_PLACEMENT_3D ( 'NONE', #6081, #8852, #3449 ) ;
#10515 = ORIENTED_EDGE ( 'NONE', *, *, #6708, .T. ) ;
#10516 = FACE_OUTER_BOUND ( 'NONE', #8420, .T. ) ;
#10517 = ORIENTED_EDGE ( 'NONE', *, *, #7449, .T. ) ;
#10518 = FACE_OUTER_BOUND ( 'NONE', #3842, .T. ) ;
#10519 = EDGE_CURVE ( 'NONE', #2665, #3993, #2550, .T. ) ;
#10520 = CARTESIAN_POINT ( 'NONE',  ( 15.49999999999999645, -35.60000000000002274, -14.00099999999999945 ) ) ;
#10521 = VERTEX_POINT ( 'NONE', #3370 ) ;
#10522 = VECTOR ( 'NONE', #9937, 1000.000000000000000 ) ;
#10523 = FACE_OUTER_BOUND ( 'NONE', #1654, .T. ) ;
#10524 = EDGE_CURVE ( 'NONE', #5584, #8182, #7829, .T. ) ;
#10525 = VECTOR ( 'NONE', #4220, 1000.000000000000000 ) ;
#10526 = DIRECTION ( 'NONE',  ( -0.000000000000000000, -1.000000000000000000, 0.000000000000000000 ) ) ;
#10527 = DIRECTION ( 'NONE',  ( -0.000000000000000000, 1.000000000000000000, 0.000000000000000000 ) ) ;
#10528 = EDGE_CURVE ( 'NONE', #4786, #11060, #4077, .T. ) ;
#10529 = CARTESIAN_POINT ( 'NONE',  ( 55.49999999999999289, -129.5999999999999943, 3.000000000000000000 ) ) ;
#10530 = VECTOR ( 'NONE', #2314, 1000.000000000000000 ) ;
#10531 = VERTEX_POINT ( 'NONE', #1673 ) ;
#10532 = AXIS2_PLACEMENT_3D ( 'NONE', #7201, #4561, #9963 ) ;
#10533 = VECTOR ( 'NONE', #9698, 1000.000000000000000 ) ;
#10534 = ORIENTED_EDGE ( 'NONE', *, *, #4648, .F. ) ;
#10535 = EDGE_CURVE ( 'NONE', #892, #8488, #1506, .T. ) ;
#10536 = DIRECTION ( 'NONE',  ( -0.000000000000000000, 1.000000000000000000, 0.000000000000000000 ) ) ;
#10537 = DIRECTION ( 'NONE',  ( 1.000000000000000000, 0.000000000000000000, 0.000000000000000000 ) ) ;
#10538 = LINE ( 'NONE', #11528, #2574 ) ;
#10539 = LINE ( 'NONE', #4244, #10932 ) ;
#10540 = VECTOR ( 'NONE', #7636, 1000.000000000000000 ) ;
#10541 = CARTESIAN_POINT ( 'NONE',  ( 55.49999999999999289, -138.5999999999999943, -14.00099999999999945 ) ) ;
#10542 = EDGE_CURVE ( 'NONE', #7780, #10342, #10477, .T. ) ;
#10543 = LINE ( 'NONE', #4599, #3177 ) ;
#10544 = LINE ( 'NONE', #4195, #5761 ) ;
#10545 = AXIS2_PLACEMENT_3D ( 'NONE', #7787, #6130, #9612 ) ;
#10546 = DIRECTION ( 'NONE',  ( 0.000000000000000000, 0.000000000000000000, -1.000000000000000000 ) ) ;
#10547 = ORIENTED_EDGE ( 'NONE', *, *, #5053, .T. ) ;
#10548 = ORIENTED_EDGE ( 'NONE', *, *, #2290, .T. ) ;
#10549 = EDGE_CURVE ( 'NONE', #10835, #4114, #2441, .T. ) ;
#10550 = DIRECTION ( 'NONE',  ( 0.000000000000000000, 0.000000000000000000, -1.000000000000000000 ) ) ;
#10551 = PLANE ( 'NONE',  #1359 ) ;
#10552 = FACE_BOUND ( 'NONE', #2698, .T. ) ;
#10553 = ORIENTED_EDGE ( 'NONE', *, *, #2799, .T. ) ;
#10554 = LINE ( 'NONE', #2511, #8953 ) ;
#10555 = EDGE_LOOP ( 'NONE', ( #9628, #9473, #6163, #772, #1482 ) ) ;
#10556 = AXIS2_PLACEMENT_3D ( 'NONE', #7345, #10938, #2890 ) ;
#10557 = FACE_OUTER_BOUND ( 'NONE', #10265, .T. ) ;
#10558 = VERTEX_POINT ( 'NONE', #1563 ) ;
#10559 = DIRECTION ( 'NONE',  ( -0.000000000000000000, -0.000000000000000000, 1.000000000000000000 ) ) ;
#10560 = ORIENTED_EDGE ( 'NONE', *, *, #7684, .F. ) ;
#10561 = EDGE_CURVE ( 'NONE', #7858, #6866, #8705, .T. ) ;
#10562 = DIRECTION ( 'NONE',  ( -1.000000000000000000, 0.000000000000000000, 0.000000000000000000 ) ) ;
#10563 = ORIENTED_EDGE ( 'NONE', *, *, #5431, .F. ) ;
#10564 = CYLINDRICAL_SURFACE ( 'NONE', #1859, 1.549999999999995826 ) ;
#10565 = CARTESIAN_POINT ( 'NONE',  ( 15.49999999999999289, -120.6000000000000085, 3.000000000000000000 ) ) ;
#10566 = VERTEX_POINT ( 'NONE', #3259 ) ;
#10567 = EDGE_CURVE ( 'NONE', #4883, #1685, #6059, .T. ) ;
#10568 = LINE ( 'NONE', #2525, #2646 ) ;
#10569 = FACE_OUTER_BOUND ( 'NONE', #10588, .T. ) ;
#10570 = DIRECTION ( 'NONE',  ( -0.000000000000000000, -0.000000000000000000, 1.000000000000000000 ) ) ;
#10571 = ORIENTED_EDGE ( 'NONE', *, *, #7108, .F. ) ;
#10572 = AXIS2_PLACEMENT_3D ( 'NONE', #10382, #5364, #5904 ) ;
#10573 = EDGE_CURVE ( 'NONE', #7696, #7745, #11591, .T. ) ;
#10574 = ORIENTED_EDGE ( 'NONE', *, *, #10879, .T. ) ;
#10575 = ORIENTED_EDGE ( 'NONE', *, *, #9379, .F. ) ;
#10576 = EDGE_LOOP ( 'NONE', ( #8716, #3536, #7066, #3239 ) ) ;
#10577 = LINE ( 'NONE', #9809, #7896 ) ;
#10578 = ORIENTED_EDGE ( 'NONE', *, *, #7715, .T. ) ;
#10579 = PLANE ( 'NONE',  #9611 ) ;
#10580 = DIRECTION ( 'NONE',  ( -1.000000000000000000, 0.000000000000000000, 0.000000000000000000 ) ) ;
#10581 = ORIENTED_EDGE ( 'NONE', *, *, #6333, .F. ) ;
#10582 = AXIS2_PLACEMENT_3D ( 'NONE', #583, #6849, #7907 ) ;
#10583 = DIRECTION ( 'NONE',  ( -4.663235150475320108E-17, 1.000000000000000000, 0.000000000000000000 ) ) ;
#10584 = EDGE_CURVE ( 'NONE', #8402, #4042, #7301, .T. ) ;
#10585 = CARTESIAN_POINT ( 'NONE',  ( 18.21999999999999886, 22.91999999999999815, 3.000000000000000000 ) ) ;
#10586 = DIRECTION ( 'NONE',  ( 1.000000000000000000, 0.000000000000000000, 0.000000000000000000 ) ) ;
#10587 = DIRECTION ( 'NONE',  ( 0.000000000000000000, 1.000000000000000000, 0.000000000000000000 ) ) ;
#10588 = EDGE_LOOP ( 'NONE', ( #10224, #9518, #6868, #11538 ) ) ;
#10589 = VERTEX_POINT ( 'NONE', #3544 ) ;
#10590 = CARTESIAN_POINT ( 'NONE',  ( 55.19999999999999574, 10.44999999999999929, 0.5000000000000000000 ) ) ;
#10591 = FACE_OUTER_BOUND ( 'NONE', #2077, .T. ) ;
#10592 = CARTESIAN_POINT ( 'NONE',  ( 32.03000000000000114, 12.80000000000000071, 3.000000000000000000 ) ) ;
#10593 = CARTESIAN_POINT ( 'NONE',  ( 15.49999999999999645, -47.60000000000001563, 3.000000000000000000 ) ) ;
#10594 = CARTESIAN_POINT ( 'NONE',  ( 15.49999999999999289, -123.6000000000000085, 1.000000000000000888 ) ) ;
#10595 = CARTESIAN_POINT ( 'NONE',  ( 55.49999999999999289, -14.60000000000001563, -14.00099999999999945 ) ) ;
#10596 = PLANE ( 'NONE',  #4457 ) ;
#10597 = CARTESIAN_POINT ( 'NONE',  ( 48.00000000000001421, 31.39999999999999858, -4.000000000000000000 ) ) ;
#10598 = ORIENTED_EDGE ( 'NONE', *, *, #7190, .T. ) ;
#10599 = VERTEX_POINT ( 'NONE', #917 ) ;
#10600 = EDGE_CURVE ( 'NONE', #9835, #5376, #10830, .T. ) ;
#10601 = EDGE_CURVE ( 'NONE', #9474, #9603, #7124, .T. ) ;
#10602 = CARTESIAN_POINT ( 'NONE',  ( 55.49999999999999289, -150.6000000000000227, 3.000000000000000000 ) ) ;
#10603 = LINE ( 'NONE', #750, #5273 ) ;
#10604 = DIRECTION ( 'NONE',  ( 1.000000000000000000, 0.000000000000000000, 0.000000000000000000 ) ) ;
#10605 = ORIENTED_EDGE ( 'NONE', *, *, #7003, .F. ) ;
#10606 = DIRECTION ( 'NONE',  ( 0.000000000000000000, -1.000000000000000000, 0.000000000000000000 ) ) ;
#10607 = ORIENTED_EDGE ( 'NONE', *, *, #1274, .T. ) ;
#10608 = DIRECTION ( 'NONE',  ( 1.000000000000000000, 0.000000000000000000, 0.000000000000000000 ) ) ;
#10609 = EDGE_CURVE ( 'NONE', #2827, #4757, #3659, .T. ) ;
#10610 = AXIS2_PLACEMENT_3D ( 'NONE', #9851, #9974, #880 ) ;
#10611 = EDGE_LOOP ( 'NONE', ( #6082, #2725, #9219, #1410 ) ) ;
#10612 = LINE ( 'NONE', #11551, #3927 ) ;
#10613 = ORIENTED_EDGE ( 'NONE', *, *, #4645, .T. ) ;
#10614 = CARTESIAN_POINT ( 'NONE',  ( 55.49999999999999289, -123.6000000000000085, 1.000000000000000000 ) ) ;
#10615 = CARTESIAN_POINT ( 'NONE',  ( 34.50000000000000000, 25.89999999999999858, 0.5000000000000000000 ) ) ;
#10616 = VERTEX_POINT ( 'NONE', #857 ) ;
#10617 = LINE ( 'NONE', #5207, #3246 ) ;
#10618 = CARTESIAN_POINT ( 'NONE',  ( -8.000000000000003553, 34.39999999999999858, 1.000000000000000000 ) ) ;
#10619 = EDGE_LOOP ( 'NONE', ( #4118, #9497 ) ) ;
#10620 = CARTESIAN_POINT ( 'NONE',  ( 15.49999999999999467, -23.60000000000001563, -14.00099999999999945 ) ) ;
#10621 = EDGE_CURVE ( 'NONE', #11238, #10625, #2051, .T. ) ;
#10622 = CARTESIAN_POINT ( 'NONE',  ( 35.49999999999999289, -32.60000000000001563, 1.000000000000000000 ) ) ;
#10623 = CARTESIAN_POINT ( 'NONE',  ( 39.49999999999999289, -41.60000000000001563, -14.00099999999999945 ) ) ;
#10624 = EDGE_LOOP ( 'NONE', ( #9515, #3170, #10822, #10735 ) ) ;
#10625 = VERTEX_POINT ( 'NONE', #975 ) ;
#10626 = EDGE_CURVE ( 'NONE', #604, #11162, #4426, .T. ) ;
#10627 = ORIENTED_EDGE ( 'NONE', *, *, #8372, .F. ) ;
#10628 = VERTEX_POINT ( 'NONE', #8943 ) ;
#10629 = LINE ( 'NONE', #9576, #1336 ) ;
#10630 = EDGE_LOOP ( 'NONE', ( #2798, #4899, #2538, #4811, #8752, #2040 ) ) ;
#10631 = DIRECTION ( 'NONE',  ( -0.000000000000000000, -0.000000000000000000, 1.000000000000000000 ) ) ;
#10632 = CARTESIAN_POINT ( 'NONE',  ( -0.5000000000000059952, -135.5999999999999943, 1.000000000000000888 ) ) ;
#10633 = ORIENTED_EDGE ( 'NONE', *, *, #10896, .F. ) ;
#10634 = FACE_BOUND ( 'NONE', #953, .T. ) ;
#10635 = PLANE ( 'NONE',  #7693 ) ;
#10636 = CARTESIAN_POINT ( 'NONE',  ( 57.00000000000000000, 18.45000000000000284, 1.000000000000000000 ) ) ;
#10637 = EDGE_CURVE ( 'NONE', #7370, #4681, #10007, .T. ) ;
#10638 = VECTOR ( 'NONE', #855, 1000.000000000000000 ) ;
#10639 = CARTESIAN_POINT ( 'NONE',  ( 39.49999999999998579, -123.6000000000000085, -14.00099999999999945 ) ) ;
#10640 = VECTOR ( 'NONE', #11313, 1000.000000000000000 ) ;
#10641 = ORIENTED_EDGE ( 'NONE', *, *, #1098, .F. ) ;
#10642 = EDGE_CURVE ( 'NONE', #1577, #8388, #9827, .T. ) ;
#10643 = ORIENTED_EDGE ( 'NONE', *, *, #6972, .T. ) ;
#10644 = AXIS2_PLACEMENT_3D ( 'NONE', #9829, #10775, #9766 ) ;
#10645 = LINE ( 'NONE', #5420, #8086 ) ;
#10646 = CARTESIAN_POINT ( 'NONE',  ( 58.99999999999997868, -149.6000000000000227, -3.999999999999990674 ) ) ;
#10647 = DIRECTION ( 'NONE',  ( -1.000000000000000000, 0.000000000000000000, 0.000000000000000000 ) ) ;
#10648 = PLANE ( 'NONE',  #808 ) ;
#10649 = VECTOR ( 'NONE', #5913, 1000.000000000000000 ) ;
#10650 = DIRECTION ( 'NONE',  ( -1.000000000000000000, 0.000000000000000000, 0.000000000000000000 ) ) ;
#10651 = CARTESIAN_POINT ( 'NONE',  ( 18.21999999999999886, 10.92500000000000071, 3.000000000000000000 ) ) ;
#10652 = LINE ( 'NONE', #3316, #9522 ) ;
#10653 = VECTOR ( 'NONE', #8486, 1000.000000000000000 ) ;
#10654 = FACE_OUTER_BOUND ( 'NONE', #5881, .T. ) ;
#10655 = ORIENTED_EDGE ( 'NONE', *, *, #3434, .T. ) ;
#10656 = VECTOR ( 'NONE', #704, 1000.000000000000000 ) ;
#10657 = ORIENTED_EDGE ( 'NONE', *, *, #11076, .F. ) ;
#10658 = EDGE_CURVE ( 'NONE', #7384, #3273, #92, .T. ) ;
#10659 = DIRECTION ( 'NONE',  ( -1.000000000000000000, 0.000000000000000000, 0.000000000000000000 ) ) ;
#10660 = CARTESIAN_POINT ( 'NONE',  ( -0.5000000000000073275, -17.60000000000001918, -14.00099999999999945 ) ) ;
#10661 = AXIS2_PLACEMENT_3D ( 'NONE', #4491, #980, #9070 ) ;
#10662 = LINE ( 'NONE', #868, #45 ) ;
#10663 = DIRECTION ( 'NONE',  ( -1.000000000000000000, -0.000000000000000000, -0.000000000000000000 ) ) ;
#10664 = ORIENTED_EDGE ( 'NONE', *, *, #5688, .T. ) ;
#10665 = VECTOR ( 'NONE', #5170, 1000.000000000000000 ) ;
#10666 = CARTESIAN_POINT ( 'NONE',  ( 39.49999999999999289, -29.60000000000001563, 1.000000000000000888 ) ) ;
#10667 = ADVANCED_FACE ( 'NONE', ( #800 ), #5488, .F. ) ;
#10668 = VERTEX_POINT ( 'NONE', #7947 ) ;
#10669 = CARTESIAN_POINT ( 'NONE',  ( 10.00000000000001243, -105.0999999999999943, 1.000000000000000000 ) ) ;
#10670 = EDGE_CURVE ( 'NONE', #4897, #2773, #1113, .T. ) ;
#10671 = EDGE_CURVE ( 'NONE', #3682, #6108, #932, .T. ) ;
#10672 = DIRECTION ( 'NONE',  ( 0.000000000000000000, 1.000000000000000000, 0.000000000000000000 ) ) ;
#10673 = VECTOR ( 'NONE', #4156, 1000.000000000000000 ) ;
#10674 = EDGE_LOOP ( 'NONE', ( #11467, #6620, #4593, #4083 ) ) ;
#10675 = CARTESIAN_POINT ( 'NONE',  ( 15.49999999999999645, -38.60000000000002274, -14.00099999999999945 ) ) ;
#10676 = VERTEX_POINT ( 'NONE', #1852 ) ;
#10677 = EDGE_CURVE ( 'NONE', #10688, #8878, #2613, .T. ) ;
#10678 = DIRECTION ( 'NONE',  ( 0.000000000000000000, -0.000000000000000000, -1.000000000000000000 ) ) ;
#10679 = CARTESIAN_POINT ( 'NONE',  ( 34.50000000000000000, -3.299999999999999822, 1.000000000000000000 ) ) ;
#10680 = ORIENTED_EDGE ( 'NONE', *, *, #6958, .F. ) ;
#10681 = CARTESIAN_POINT ( 'NONE',  ( 2.500000000000035083, -1.300000000000000044, -1.000000000000000000 ) ) ;
#10682 = PLANE ( 'NONE',  #4837 ) ;
#10683 = ORIENTED_EDGE ( 'NONE', *, *, #8236, .F. ) ;
#10684 = CARTESIAN_POINT ( 'NONE',  ( 19.49999999999999289, -20.60000000000002274, 1.000000000000000888 ) ) ;
#10685 = DIRECTION ( 'NONE',  ( -0.000000000000000000, -0.000000000000000000, 1.000000000000000000 ) ) ;
#10686 = DIRECTION ( 'NONE',  ( 0.000000000000000000, 0.000000000000000000, 1.000000000000000000 ) ) ;
#10687 = ORIENTED_EDGE ( 'NONE', *, *, #10207, .F. ) ;
#10688 = VERTEX_POINT ( 'NONE', #8002 ) ;
#10689 = ORIENTED_EDGE ( 'NONE', *, *, #3263, .F. ) ;
#10690 = EDGE_LOOP ( 'NONE', ( #8032, #5568, #74, #5511, #909, #3191, #9865 ) ) ;
#10691 = EDGE_CURVE ( 'NONE', #6208, #10256, #4487, .T. ) ;
#10692 = DIRECTION ( 'NONE',  ( 1.000000000000000000, 0.000000000000000000, 0.000000000000000000 ) ) ;
#10693 = ORIENTED_EDGE ( 'NONE', *, *, #9965, .F. ) ;
#10694 = CARTESIAN_POINT ( 'NONE',  ( -5.000000000000002665, 34.39999999999999858, 1.000000000000000000 ) ) ;
#10695 = FACE_OUTER_BOUND ( 'NONE', #10513, .T. ) ;
#10696 = ORIENTED_EDGE ( 'NONE', *, *, #8718, .F. ) ;
#10697 = FACE_BOUND ( 'NONE', #4354, .T. ) ;
#10698 = CARTESIAN_POINT ( 'NONE',  ( 35.50000000000000000, 26.89999999999999858, 0.5000000000000000000 ) ) ;
#10699 = DIRECTION ( 'NONE',  ( -0.000000000000000000, -0.000000000000000000, -1.000000000000000000 ) ) ;
#10700 = CARTESIAN_POINT ( 'NONE',  ( 19.49999999999999645, -44.60000000000002274, 3.000000000000000000 ) ) ;
#10701 = CIRCLE ( 'NONE', #7879, 2.799999999999999822 ) ;
#10702 = ORIENTED_EDGE ( 'NONE', *, *, #6998, .T. ) ;
#10703 = ORIENTED_EDGE ( 'NONE', *, *, #5206, .F. ) ;
#10704 = VERTEX_POINT ( 'NONE', #4545 ) ;
#10705 = EDGE_CURVE ( 'NONE', #5893, #8731, #2806, .T. ) ;
#10706 = DIRECTION ( 'NONE',  ( 1.000000000000000000, 0.000000000000000000, 0.000000000000000000 ) ) ;
#10707 = AXIS2_PLACEMENT_3D ( 'NONE', #6809, #2415, #8622 ) ;
#10708 = PLANE ( 'NONE',  #2853 ) ;
#10709 = DIRECTION ( 'NONE',  ( -0.000000000000000000, -0.000000000000000000, -1.000000000000000000 ) ) ;
#10710 = CIRCLE ( 'NONE', #589, 0.5000000000000000000 ) ;
#10711 = DIRECTION ( 'NONE',  ( -1.505836350674309769E-16, 1.000000000000000000, 0.000000000000000000 ) ) ;
#10712 = CARTESIAN_POINT ( 'NONE',  ( 39.49999999999998579, -14.60000000000001563, -14.00099999999999945 ) ) ;
#10713 = CIRCLE ( 'NONE', #4143, 1.549999999999999378 ) ;
#10714 = DIRECTION ( 'NONE',  ( 1.065554960673713885E-16, -1.000000000000000000, 0.000000000000000000 ) ) ;
#10715 = CARTESIAN_POINT ( 'NONE',  ( 0.000000000000000000, 28.89999999999999858, 0.000000000000000000 ) ) ;
#10716 = CARTESIAN_POINT ( 'NONE',  ( -0.5000000000000059952, -135.5999999999999943, 3.000000000000000000 ) ) ;
#10717 = EDGE_CURVE ( 'NONE', #2972, #3869, #2731, .T. ) ;
#10718 = DIRECTION ( 'NONE',  ( -0.000000000000000000, -0.000000000000000000, 1.000000000000000000 ) ) ;
#10719 = ORIENTED_EDGE ( 'NONE', *, *, #1630, .T. ) ;
#10720 = AXIS2_PLACEMENT_3D ( 'NONE', #10414, #10536, #452 ) ;
#10721 = ORIENTED_EDGE ( 'NONE', *, *, #4866, .F. ) ;
#10722 = EDGE_CURVE ( 'NONE', #4871, #4796, #8121, .T. ) ;
#10723 = LINE ( 'NONE', #6122, #7469 ) ;
#10724 = DIRECTION ( 'NONE',  ( 0.000000000000000000, 1.000000000000000000, 0.000000000000000000 ) ) ;
#10725 = VECTOR ( 'NONE', #7070, 999.9999999999998863 ) ;
#10726 = DIRECTION ( 'NONE',  ( -0.000000000000000000, -1.000000000000000000, -0.000000000000000000 ) ) ;
#10727 = CARTESIAN_POINT ( 'NONE',  ( 54.69999999999999574, 11.44999999999999929, 0.5000000000000000000 ) ) ;
#10728 = ORIENTED_EDGE ( 'NONE', *, *, #9885, .T. ) ;
#10729 = VECTOR ( 'NONE', #8842, 1000.000000000000000 ) ;
#10730 = VERTEX_POINT ( 'NONE', #8355 ) ;
#10731 = EDGE_CURVE ( 'NONE', #1620, #11248, #9351, .T. ) ;
#10732 = LINE ( 'NONE', #1628, #2294 ) ;
#10733 = LINE ( 'NONE', #1808, #6898 ) ;
#10734 = VECTOR ( 'NONE', #2917, 1000.000000000000000 ) ;
#10735 = ORIENTED_EDGE ( 'NONE', *, *, #5648, .F. ) ;
#10736 = CARTESIAN_POINT ( 'NONE',  ( 39.49999999999999289, -50.60000000000002274, 1.000000000000000888 ) ) ;
#10737 = ORIENTED_EDGE ( 'NONE', *, *, #10493, .F. ) ;
#10738 = ADVANCED_FACE ( 'NONE', ( #7363 ), #7535, .T. ) ;
#10739 = LINE ( 'NONE', #7324, #9979 ) ;
#10740 = LINE ( 'NONE', #4685, #7230 ) ;
#10741 = EDGE_LOOP ( 'NONE', ( #9047, #4798, #1356, #6788, #1842 ) ) ;
#10742 = AXIS2_PLACEMENT_3D ( 'NONE', #8450, #8617, #1532 ) ;
#10743 = DIRECTION ( 'NONE',  ( -1.000000000000000000, 0.000000000000000000, 0.000000000000000000 ) ) ;
#10744 = FACE_OUTER_BOUND ( 'NONE', #144, .T. ) ;
#10745 = VERTEX_POINT ( 'NONE', #3952 ) ;
#10746 = PLANE ( 'NONE',  #3027 ) ;
#10747 = DIRECTION ( 'NONE',  ( 0.000000000000000000, 0.000000000000000000, -1.000000000000000000 ) ) ;
#10748 = ADVANCED_FACE ( 'NONE', ( #2090 ), #4661, .F. ) ;
#10749 = CARTESIAN_POINT ( 'NONE',  ( 19.49999999999999289, -32.60000000000001563, 3.000000000000000000 ) ) ;
#10750 = ORIENTED_EDGE ( 'NONE', *, *, #7242, .F. ) ;
#10751 = EDGE_CURVE ( 'NONE', #1953, #7234, #9185, .T. ) ;
#10752 = EDGE_LOOP ( 'NONE', ( #5252, #3098, #1632, #9286 ) ) ;
#10753 = ORIENTED_EDGE ( 'NONE', *, *, #11337, .F. ) ;
#10754 = EDGE_CURVE ( 'NONE', #7167, #7117, #2197, .T. ) ;
#10755 = CARTESIAN_POINT ( 'NONE',  ( 34.50000000000000000, 25.39999999999999858, 0.5000000000000000000 ) ) ;
#10756 = ORIENTED_EDGE ( 'NONE', *, *, #8443, .F. ) ;
#10757 = LINE ( 'NONE', #721, #4553 ) ;
#10758 = CARTESIAN_POINT ( 'NONE',  ( 0.2000000000000075051, 18.45000000000000284, 1.000000000000000000 ) ) ;
#10759 = ORIENTED_EDGE ( 'NONE', *, *, #10317, .T. ) ;
#10760 = FACE_BOUND ( 'NONE', #9748, .T. ) ;
#10761 = DIRECTION ( 'NONE',  ( 1.000000000000000000, 0.000000000000000000, 0.000000000000000000 ) ) ;
#10762 = DIRECTION ( 'NONE',  ( 0.000000000000000000, 0.000000000000000000, -1.000000000000000000 ) ) ;
#10763 = LINE ( 'NONE', #4647, #4520 ) ;
#10764 = CIRCLE ( 'NONE', #11137, 3.799999999999999822 ) ;
#10765 = EDGE_CURVE ( 'NONE', #7583, #4539, #3892, .T. ) ;
#10766 = ORIENTED_EDGE ( 'NONE', *, *, #1725, .F. ) ;
#10767 = ORIENTED_EDGE ( 'NONE', *, *, #421, .F. ) ;
#10768 = ORIENTED_EDGE ( 'NONE', *, *, #1901, .F. ) ;
#10769 = CARTESIAN_POINT ( 'NONE',  ( -0.5000000000000059952, -32.60000000000001563, -14.00099999999999945 ) ) ;
#10770 = CARTESIAN_POINT ( 'NONE',  ( -5.550000000000002487, -160.6000000000000227, 1.000000000000000000 ) ) ;
#10771 = FACE_OUTER_BOUND ( 'NONE', #9082, .T. ) ;
#10772 = DIRECTION ( 'NONE',  ( 0.000000000000000000, -1.000000000000000000, 0.000000000000000000 ) ) ;
#10773 = DIRECTION ( 'NONE',  ( -1.387778780781445676E-14, -1.000000000000000000, 0.000000000000000000 ) ) ;
#10774 = PLANE ( 'NONE',  #2270 ) ;
#10775 = DIRECTION ( 'NONE',  ( 0.000000000000000000, 0.000000000000000000, 1.000000000000000000 ) ) ;
#10776 = DIRECTION ( 'NONE',  ( 0.000000000000000000, -1.000000000000000000, 0.000000000000000000 ) ) ;
#10777 = EDGE_CURVE ( 'NONE', #4019, #10895, #4889, .T. ) ;
#10778 = CIRCLE ( 'NONE', #4774, 4.999999999999999112 ) ;
#10779 = CARTESIAN_POINT ( 'NONE',  ( 58.00000000000000711, 2.463512628606045349E-17, 0.9797958971132728623 ) ) ;
#10780 = EDGE_LOOP ( 'NONE', ( #2343, #4385, #1510, #4818 ) ) ;
#10781 = VERTEX_POINT ( 'NONE', #2906 ) ;
#10782 = CARTESIAN_POINT ( 'NONE',  ( 55.49999999999999289, -11.60000000000001386, 3.000000000000000000 ) ) ;
#10783 = CARTESIAN_POINT ( 'NONE',  ( -3.000000000000003553, -149.6000000000000227, -4.000000000000000000 ) ) ;
#10784 = ADVANCED_FACE ( 'NONE', ( #6477 ), #7480, .F. ) ;
#10785 = CARTESIAN_POINT ( 'NONE',  ( 55.49999999999999289, -44.60000000000002274, 3.000000000000000000 ) ) ;
#10786 = DIRECTION ( 'NONE',  ( 1.000000000000000000, -0.000000000000000000, 0.000000000000000000 ) ) ;
#10787 = ORIENTED_EDGE ( 'NONE', *, *, #10842, .F. ) ;
#10788 = DIRECTION ( 'NONE',  ( 1.000000000000000000, 0.000000000000000000, 0.000000000000000000 ) ) ;
#10789 = EDGE_LOOP ( 'NONE', ( #2915, #1749, #9460, #3129 ) ) ;
#10790 = LINE ( 'NONE', #1871, #6961 ) ;
#10791 = EDGE_CURVE ( 'NONE', #10625, #7410, #8783, .T. ) ;
#10792 = CARTESIAN_POINT ( 'NONE',  ( -0.5000000000000066613, -26.60000000000001918, 3.000000000000000000 ) ) ;
#10793 = EDGE_LOOP ( 'NONE', ( #1870, #596, #5907, #4622 ) ) ;
#10794 = CARTESIAN_POINT ( 'NONE',  ( 51.20000000000000284, 25.39999999999999858, 0.5000000000000000000 ) ) ;
#10795 = ORIENTED_EDGE ( 'NONE', *, *, #7700, .T. ) ;
#10796 = EDGE_CURVE ( 'NONE', #10147, #1252, #5602, .T. ) ;
#10797 = LINE ( 'NONE', #1815, #9111 ) ;
#10798 = ORIENTED_EDGE ( 'NONE', *, *, #3066, .F. ) ;
#10799 = DIRECTION ( 'NONE',  ( -0.000000000000000000, -0.000000000000000000, -1.000000000000000000 ) ) ;
#10800 = DIRECTION ( 'NONE',  ( 0.000000000000000000, 0.000000000000000000, 1.000000000000000000 ) ) ;
#10801 = CIRCLE ( 'NONE', #1058, 0.5000000000000000000 ) ;
#10802 = VERTEX_POINT ( 'NONE', #9292 ) ;
#10803 = DIRECTION ( 'NONE',  ( -0.000000000000000000, -1.000000000000000000, -0.000000000000000000 ) ) ;
#10804 = DIRECTION ( 'NONE',  ( 0.000000000000000000, 0.000000000000000000, -1.000000000000000000 ) ) ;
#10805 = LINE ( 'NONE', #8038, #10861 ) ;
#10806 = ORIENTED_EDGE ( 'NONE', *, *, #11523, .F. ) ;
#10807 = VECTOR ( 'NONE', #7495, 1000.000000000000000 ) ;
#10808 = ORIENTED_EDGE ( 'NONE', *, *, #774, .T. ) ;
#10809 = VERTEX_POINT ( 'NONE', #6594 ) ;
#10810 = FACE_OUTER_BOUND ( 'NONE', #2278, .T. ) ;
#10811 = VERTEX_POINT ( 'NONE', #272 ) ;
#10812 = CARTESIAN_POINT ( 'NONE',  ( -0.5000000000000052180, -138.5999999999999943, 3.000000000000000000 ) ) ;
#10813 = DIRECTION ( 'NONE',  ( 0.000000000000000000, 0.000000000000000000, -1.000000000000000000 ) ) ;
#10814 = VERTEX_POINT ( 'NONE', #1317 ) ;
#10815 = CARTESIAN_POINT ( 'NONE',  ( 27.50000000000000000, 24.40000000000000213, -8.300000000000000711 ) ) ;
#10816 = LINE ( 'NONE', #3762, #10148 ) ;
#10817 = DIRECTION ( 'NONE',  ( -1.000000000000000000, 0.000000000000000000, 0.000000000000000000 ) ) ;
#10818 = EDGE_CURVE ( 'NONE', #10090, #9375, #10230, .T. ) ;
#10819 = EDGE_CURVE ( 'NONE', #1583, #7694, #7418, .T. ) ;
#10820 = AXIS2_PLACEMENT_3D ( 'NONE', #1468, #8672, #5969 ) ;
#10821 = ORIENTED_EDGE ( 'NONE', *, *, #8989, .F. ) ;
#10822 = ORIENTED_EDGE ( 'NONE', *, *, #10099, .F. ) ;
#10823 = ORIENTED_EDGE ( 'NONE', *, *, #1581, .T. ) ;
#10824 = CARTESIAN_POINT ( 'NONE',  ( 39.49999999999998579, -20.60000000000002274, 3.000000000000000000 ) ) ;
#10825 = PLANE ( 'NONE',  #7340 ) ;
#10826 = DIRECTION ( 'NONE',  ( 1.000000000000000000, -0.000000000000000000, 0.000000000000000000 ) ) ;
#10827 = DIRECTION ( 'NONE',  ( 1.000000000000000000, 1.505836350674309769E-16, 0.000000000000000000 ) ) ;
#10828 = EDGE_CURVE ( 'NONE', #3069, #5686, #11170, .T. ) ;
#10829 = AXIS2_PLACEMENT_3D ( 'NONE', #8819, #5998, #5129 ) ;
#10830 = LINE ( 'NONE', #151, #5776 ) ;
#10831 = LINE ( 'NONE', #1086, #8255 ) ;
#10832 = LINE ( 'NONE', #1976, #7640 ) ;
#10833 = CARTESIAN_POINT ( 'NONE',  ( 19.50000000000000000, 24.40000000000000213, -8.300000000000000711 ) ) ;
#10834 = LINE ( 'NONE', #4549, #3523 ) ;
#10835 = VERTEX_POINT ( 'NONE', #5710 ) ;
#10836 = VECTOR ( 'NONE', #2850, 1000.000000000000000 ) ;
#10837 = ORIENTED_EDGE ( 'NONE', *, *, #11439, .F. ) ;
#10838 = CARTESIAN_POINT ( 'NONE',  ( 6.700000000000000178, 7.400000000000000355, 3.000000000000000000 ) ) ;
#10839 = VECTOR ( 'NONE', #5091, 1000.000000000000000 ) ;
#10840 = DIRECTION ( 'NONE',  ( -0.000000000000000000, 1.000000000000000000, 0.000000000000000000 ) ) ;
#10841 = CARTESIAN_POINT ( 'NONE',  ( 15.49999999999999467, -132.5999999999999943, -14.00099999999999945 ) ) ;
#10842 = EDGE_CURVE ( 'NONE', #4174, #7571, #4833, .T. ) ;
#10843 = CARTESIAN_POINT ( 'NONE',  ( 35.50000000000000000, 27.40000000000000213, 0.5000000000000000000 ) ) ;
#10844 = ORIENTED_EDGE ( 'NONE', *, *, #10855, .T. ) ;
#10845 = CYLINDRICAL_SURFACE ( 'NONE', #10078, 3.000000000000002665 ) ;
#10846 = ORIENTED_EDGE ( 'NONE', *, *, #6665, .F. ) ;
#10847 = CIRCLE ( 'NONE', #1283, 3.000000000000002665 ) ;
#10848 = DIRECTION ( 'NONE',  ( 1.231756314303058296E-16, 1.000000000000000000, -0.000000000000000000 ) ) ;
#10849 = CARTESIAN_POINT ( 'NONE',  ( 35.50000000000000000, -38.60000000000002274, 1.000000000000000888 ) ) ;
#10850 = ORIENTED_EDGE ( 'NONE', *, *, #2158, .F. ) ;
#10851 = DIRECTION ( 'NONE',  ( 1.000000000000000000, 1.387778780781444098E-14, 1.387778780781445991E-14 ) ) ;
#10852 = ORIENTED_EDGE ( 'NONE', *, *, #4894, .F. ) ;
#10853 = AXIS2_PLACEMENT_3D ( 'NONE', #11246, #10546, #6892 ) ;
#10854 = VECTOR ( 'NONE', #509, 1000.000000000000000 ) ;
#10855 = EDGE_CURVE ( 'NONE', #3958, #2972, #1974, .T. ) ;
#10856 = DIRECTION ( 'NONE',  ( 0.000000000000000000, 0.000000000000000000, -1.000000000000000000 ) ) ;
#10857 = VERTEX_POINT ( 'NONE', #8412 ) ;
#10858 = DIRECTION ( 'NONE',  ( -0.000000000000000000, -1.000000000000000000, -0.000000000000000000 ) ) ;
#10859 = DIRECTION ( 'NONE',  ( 1.000000000000000000, 0.000000000000000000, 0.000000000000000000 ) ) ;
#10860 = ORIENTED_EDGE ( 'NONE', *, *, #6563, .T. ) ;
#10861 = VECTOR ( 'NONE', #191, 1000.000000000000000 ) ;
#10862 = CARTESIAN_POINT ( 'NONE',  ( 39.49999999999999289, -135.5999999999999943, -14.00099999999999945 ) ) ;
#10863 = CARTESIAN_POINT ( 'NONE',  ( 19.49999999999999645, -141.5999999999999943, 1.000000000000000888 ) ) ;
#10864 = EDGE_CURVE ( 'NONE', #7571, #5957, #386, .T. ) ;
#10865 = VECTOR ( 'NONE', #10181, 1000.000000000000000 ) ;
#10866 = DIRECTION ( 'NONE',  ( 0.000000000000000000, 1.000000000000000000, 0.000000000000000000 ) ) ;
#10867 = VERTEX_POINT ( 'NONE', #2485 ) ;
#10868 = VECTOR ( 'NONE', #8724, 1000.000000000000000 ) ;
#10869 = ORIENTED_EDGE ( 'NONE', *, *, #7012, .T. ) ;
#10870 = ORIENTED_EDGE ( 'NONE', *, *, #7033, .F. ) ;
#10871 = CARTESIAN_POINT ( 'NONE',  ( 57.16629794778800289, 10.44999999999999929, 0.03489949670250389741 ) ) ;
#10872 = ORIENTED_EDGE ( 'NONE', *, *, #6570, .F. ) ;
#10873 = CYLINDRICAL_SURFACE ( 'NONE', #4170, 1.549999999999999378 ) ;
#10874 = DIRECTION ( 'NONE',  ( 0.000000000000000000, -1.000000000000000000, 0.000000000000000000 ) ) ;
#10875 = ORIENTED_EDGE ( 'NONE', *, *, #2594, .F. ) ;
#10876 = LINE ( 'NONE', #3940, #10481 ) ;
#10877 = FACE_OUTER_BOUND ( 'NONE', #11298, .T. ) ;
#10878 = CARTESIAN_POINT ( 'NONE',  ( 58.00000000000000711, 11.44999999999999929, -14.00000000000000000 ) ) ;
#10879 = EDGE_CURVE ( 'NONE', #8959, #2216, #8746, .T. ) ;
#10880 = VERTEX_POINT ( 'NONE', #9637 ) ;
#10881 = VERTEX_POINT ( 'NONE', #4181 ) ;
#10882 = ORIENTED_EDGE ( 'NONE', *, *, #10731, .F. ) ;
#10883 = EDGE_CURVE ( 'NONE', #8214, #8442, #5122, .T. ) ;
#10884 = CARTESIAN_POINT ( 'NONE',  ( 55.19999999999999574, 0.000000000000000000, -10.00000000000000000 ) ) ;
#10885 = DIRECTION ( 'NONE',  ( -0.000000000000000000, -0.000000000000000000, 1.000000000000000000 ) ) ;
#10886 = DIRECTION ( 'NONE',  ( 1.000000000000000000, -0.000000000000000000, 0.000000000000000000 ) ) ;
#10887 = EDGE_CURVE ( 'NONE', #6326, #5380, #10351, .T. ) ;
#10888 = LINE ( 'NONE', #8298, #4733 ) ;
#10889 = CARTESIAN_POINT ( 'NONE',  ( -0.5000000000000079936, -114.6000000000000085, -14.00099999999999945 ) ) ;
#10890 = VECTOR ( 'NONE', #7763, 1000.000000000000000 ) ;
#10891 = DIRECTION ( 'NONE',  ( -4.313492514189664968E-16, 1.000000000000000000, 0.000000000000000000 ) ) ;
#10892 = CARTESIAN_POINT ( 'NONE',  ( 19.49999999999999289, -14.60000000000001563, 1.000000000000000888 ) ) ;
#10893 = DIRECTION ( 'NONE',  ( 0.000000000000000000, 1.000000000000000000, -0.000000000000000000 ) ) ;
#10894 = LINE ( 'NONE', #5550, #8416 ) ;
#10895 = VERTEX_POINT ( 'NONE', #9467 ) ;
#10896 = EDGE_CURVE ( 'NONE', #3297, #10136, #4479, .T. ) ;
#10897 = EDGE_LOOP ( 'NONE', ( #6353, #10643, #9432, #6100 ) ) ;
#10898 = AXIS2_PLACEMENT_3D ( 'NONE', #3702, #7288, #1022 ) ;
#10899 = LINE ( 'NONE', #9305, #1647 ) ;
#10900 = CARTESIAN_POINT ( 'NONE',  ( 35.50000000000000000, -1.800000000000000044, 0.5000000000000000000 ) ) ;
#10901 = EDGE_CURVE ( 'NONE', #2142, #5416, #9411, .T. ) ;
#10902 = AXIS2_PLACEMENT_3D ( 'NONE', #590, #10562, #4391 ) ;
#10903 = CARTESIAN_POINT ( 'NONE',  ( -0.5000000000000073275, -17.60000000000001918, 3.000000000000000000 ) ) ;
#10904 = DIRECTION ( 'NONE',  ( 0.000000000000000000, -1.000000000000000000, 0.000000000000000000 ) ) ;
#10905 = ORIENTED_EDGE ( 'NONE', *, *, #5721, .F. ) ;
#10906 = CARTESIAN_POINT ( 'NONE',  ( 6.999999999999992006, 29.39999999999999503, -4.000000000000000000 ) ) ;
#10907 = ORIENTED_EDGE ( 'NONE', *, *, #1780, .T. ) ;
#10908 = VECTOR ( 'NONE', #3366, 1000.000000000000227 ) ;
#10909 = DIRECTION ( 'NONE',  ( 0.000000000000000000, 0.000000000000000000, 1.000000000000000000 ) ) ;
#10910 = ORIENTED_EDGE ( 'NONE', *, *, #9646, .F. ) ;
#10911 = AXIS2_PLACEMENT_3D ( 'NONE', #5222, #8866, #1653 ) ;
#10912 = EDGE_CURVE ( 'NONE', #8516, #10097, #11402, .T. ) ;
#10913 = DIRECTION ( 'NONE',  ( 1.000000000000000000, 0.000000000000000000, 0.000000000000000000 ) ) ;
#10914 = ORIENTED_EDGE ( 'NONE', *, *, #10573, .T. ) ;
#10915 = AXIS2_PLACEMENT_3D ( 'NONE', #1312, #4943, #8518 ) ;
#10916 = PLANE ( 'NONE',  #7643 ) ;
#10917 = VECTOR ( 'NONE', #8078, 1000.000000000000000 ) ;
#10918 = VECTOR ( 'NONE', #1695, 1000.000000000000000 ) ;
#10919 = CARTESIAN_POINT ( 'NONE',  ( 19.49999999999999645, -150.6000000000000227, 3.000000000000000000 ) ) ;
#10920 = CARTESIAN_POINT ( 'NONE',  ( -0.5000000000000066613, -129.5999999999999943, -14.00099999999999945 ) ) ;
#10921 = EDGE_LOOP ( 'NONE', ( #1078, #3534, #4362, #10605 ) ) ;
#10922 = CARTESIAN_POINT ( 'NONE',  ( 39.49999999999999289, -47.60000000000001563, -14.00099999999999945 ) ) ;
#10923 = CYLINDRICAL_SURFACE ( 'NONE', #11200, 0.5000000000000000000 ) ;
#10924 = VERTEX_POINT ( 'NONE', #1432 ) ;
#10925 = VECTOR ( 'NONE', #6900, 1000.000000000000000 ) ;
#10926 = DIRECTION ( 'NONE',  ( 1.000000000000000000, 8.286895585876499530E-17, 0.000000000000000000 ) ) ;
#10927 = LINE ( 'NONE', #2007, #10967 ) ;
#10928 = AXIS2_PLACEMENT_3D ( 'NONE', #11198, #580, #5851 ) ;
#10929 = ADVANCED_FACE ( 'NONE', ( #10523 ), #5001, .F. ) ;
#10930 = DIRECTION ( 'NONE',  ( 1.000000000000000000, 0.000000000000000000, -0.000000000000000000 ) ) ;
#10931 = ORIENTED_EDGE ( 'NONE', *, *, #9360, .T. ) ;
#10932 = VECTOR ( 'NONE', #7826, 1000.000000000000000 ) ;
#10933 = ORIENTED_EDGE ( 'NONE', *, *, #9694, .T. ) ;
#10934 = ORIENTED_EDGE ( 'NONE', *, *, #6443, .F. ) ;
#10935 = DIRECTION ( 'NONE',  ( -0.000000000000000000, -0.000000000000000000, -1.000000000000000000 ) ) ;
#10936 = ORIENTED_EDGE ( 'NONE', *, *, #7149, .T. ) ;
#10937 = EDGE_CURVE ( 'NONE', #3638, #993, #3247, .T. ) ;
#10938 = DIRECTION ( 'NONE',  ( -0.000000000000000000, 1.000000000000000000, 0.000000000000000000 ) ) ;
#10939 = CARTESIAN_POINT ( 'NONE',  ( 19.49999999999999289, -14.60000000000001563, 1.000000000000000888 ) ) ;
#10940 = EDGE_LOOP ( 'NONE', ( #9696, #1650, #6710, #4004 ) ) ;
#10941 = FACE_BOUND ( 'NONE', #7402, .T. ) ;
#10942 = LINE ( 'NONE', #8050, #11081 ) ;
#10943 = VECTOR ( 'NONE', #9519, 1000.000000000000000 ) ;
#10944 = DIRECTION ( 'NONE',  ( 0.000000000000000000, 0.000000000000000000, -1.000000000000000000 ) ) ;
#10945 = EDGE_CURVE ( 'NONE', #11047, #4562, #4121, .T. ) ;
#10946 = ORIENTED_EDGE ( 'NONE', *, *, #11427, .F. ) ;
#10947 = ORIENTED_EDGE ( 'NONE', *, *, #6476, .T. ) ;
#10948 = ORIENTED_EDGE ( 'NONE', *, *, #6829, .F. ) ;
#10949 = DIRECTION ( 'NONE',  ( 0.000000000000000000, 0.000000000000000000, 1.000000000000000000 ) ) ;
#10950 = CARTESIAN_POINT ( 'NONE',  ( 3.079999999999999627, 14.77999999999999936, 3.000000000000000000 ) ) ;
#10951 = EDGE_CURVE ( 'NONE', #4538, #11459, #5989, .T. ) ;
#10952 = CARTESIAN_POINT ( 'NONE',  ( 35.50000000000000000, 25.89999999999999858, 3.000000000000000000 ) ) ;
#10953 = CARTESIAN_POINT ( 'NONE',  ( -4.000000000000002665, -149.6000000000000227, -4.000000000000000000 ) ) ;
#10954 = DIRECTION ( 'NONE',  ( 1.000000000000000000, 0.000000000000000000, -0.000000000000000000 ) ) ;
#10955 = LINE ( 'NONE', #8945, #8199 ) ;
#10956 = LINE ( 'NONE', #6303, #3815 ) ;
#10957 = DIRECTION ( 'NONE',  ( -4.313492514189664968E-16, 1.000000000000000000, 0.000000000000000000 ) ) ;
#10958 = ORIENTED_EDGE ( 'NONE', *, *, #5392, .F. ) ;
#10959 = ORIENTED_EDGE ( 'NONE', *, *, #8332, .F. ) ;
#10960 = ORIENTED_EDGE ( 'NONE', *, *, #1316, .T. ) ;
#10961 = DIRECTION ( 'NONE',  ( 0.000000000000000000, -1.000000000000000000, 0.000000000000000000 ) ) ;
#10962 = CARTESIAN_POINT ( 'NONE',  ( 57.00000000000000000, 0.000000000000000000, 0.5000000000000000000 ) ) ;
#10963 = LINE ( 'NONE', #3968, #6856 ) ;
#10964 = VERTEX_POINT ( 'NONE', #3414 ) ;
#10965 = DIRECTION ( 'NONE',  ( 0.000000000000000000, 0.000000000000000000, -1.000000000000000000 ) ) ;
#10966 = VERTEX_POINT ( 'NONE', #11289 ) ;
#10967 = VECTOR ( 'NONE', #2823, 1000.000000000000000 ) ;
#10968 = ADVANCED_FACE ( 'NONE', ( #3301 ), #9582, .F. ) ;
#10969 = LINE ( 'NONE', #2215, #3341 ) ;
#10970 = ORIENTED_EDGE ( 'NONE', *, *, #2814, .F. ) ;
#10971 = EDGE_CURVE ( 'NONE', #6964, #5387, #8523, .T. ) ;
#10972 = ADVANCED_FACE ( 'NONE', ( #1551 ), #614, .F. ) ;
#10973 = EDGE_LOOP ( 'NONE', ( #1104, #2681, #9095, #9 ) ) ;
#10974 = LINE ( 'NONE', #6497, #914 ) ;
#10975 = CYLINDRICAL_SURFACE ( 'NONE', #11103, 0.5000000000000000000 ) ;
#10976 = DIRECTION ( 'NONE',  ( 0.000000000000000000, 1.000000000000000000, 0.000000000000000000 ) ) ;
#10977 = ORIENTED_EDGE ( 'NONE', *, *, #3346, .F. ) ;
#10978 = PLANE ( 'NONE',  #7651 ) ;
#10979 = ADVANCED_FACE ( 'NONE', ( #11227 ), #5818, .F. ) ;
#10980 = DIRECTION ( 'NONE',  ( 0.000000000000000000, 0.000000000000000000, 1.000000000000000000 ) ) ;
#10981 = EDGE_LOOP ( 'NONE', ( #3960, #3526, #5337, #6386 ) ) ;
#10982 = DIRECTION ( 'NONE',  ( 2.202823461557875190E-15, 1.000000000000000000, 0.000000000000000000 ) ) ;
#10983 = LINE ( 'NONE', #2230, #5827 ) ;
#10984 = CARTESIAN_POINT ( 'NONE',  ( -0.5000000000000052180, -35.60000000000002274, 1.000000000000000888 ) ) ;
#10985 = VERTEX_POINT ( 'NONE', #1493 ) ;
#10986 = ORIENTED_EDGE ( 'NONE', *, *, #9388, .T. ) ;
#10987 = VERTEX_POINT ( 'NONE', #4949 ) ;
#10988 = AXIS2_PLACEMENT_3D ( 'NONE', #518, #5786, #11143 ) ;
#10989 = CARTESIAN_POINT ( 'NONE',  ( 35.49999999999999289, -32.60000000000001563, 3.000000000000000000 ) ) ;
#10990 = ORIENTED_EDGE ( 'NONE', *, *, #3827, .F. ) ;
#10991 = DIRECTION ( 'NONE',  ( -1.000000000000000000, 0.000000000000000000, 0.000000000000000000 ) ) ;
#10992 = EDGE_CURVE ( 'NONE', #410, #4113, #1380, .T. ) ;
#10993 = LINE ( 'NONE', #10939, #6486 ) ;
#10994 = ORIENTED_EDGE ( 'NONE', *, *, #4310, .F. ) ;
#10995 = DIRECTION ( 'NONE',  ( 1.000000000000000000, 0.000000000000000000, 0.000000000000000000 ) ) ;
#10996 = PLANE ( 'NONE',  #11461 ) ;
#10997 = CARTESIAN_POINT ( 'NONE',  ( 39.49999999999998579, -114.6000000000000085, 3.000000000000000000 ) ) ;
#10998 = VECTOR ( 'NONE', #1599, 1000.000000000000000 ) ;
#10999 = EDGE_CURVE ( 'NONE', #11120, #908, #2319, .T. ) ;
#11000 = ORIENTED_EDGE ( 'NONE', *, *, #4444, .T. ) ;
#11001 = ORIENTED_EDGE ( 'NONE', *, *, #4384, .F. ) ;
#11002 = ORIENTED_EDGE ( 'NONE', *, *, #517, .F. ) ;
#11003 = CARTESIAN_POINT ( 'NONE',  ( 55.19999999999999574, 6.949999999999999289, -7.799999999999999822 ) ) ;
#11004 = CARTESIAN_POINT ( 'NONE',  ( 30.99999999999999289, -94.10000000000000853, 1.000000000000000000 ) ) ;
#11005 = CARTESIAN_POINT ( 'NONE',  ( -5.000000000000002665, 34.39999999999999858, 3.000000000000000000 ) ) ;
#11006 = LINE ( 'NONE', #4718, #3418 ) ;
#11007 = EDGE_CURVE ( 'NONE', #5471, #8318, #5344, .T. ) ;
#11008 = CARTESIAN_POINT ( 'NONE',  ( -0.2999999999999919398, 2.500000000000000000, 3.000000000000000000 ) ) ;
#11009 = CARTESIAN_POINT ( 'NONE',  ( -0.5000000000000073275, -123.6000000000000085, -14.00099999999999945 ) ) ;
#11010 = CARTESIAN_POINT ( 'NONE',  ( 15.49999999999999289, -117.6000000000000085, 1.000000000000000888 ) ) ;
#11011 = CARTESIAN_POINT ( 'NONE',  ( 1.355252715606882022E-16, -5.299999999999999822, -10.00000000000000000 ) ) ;
#11012 = CARTESIAN_POINT ( 'NONE',  ( 0.2000000000000070055, 5.950000000000000178, 0.5000000000000000000 ) ) ;
#11013 = ORIENTED_EDGE ( 'NONE', *, *, #7394, .T. ) ;
#11014 = ADVANCED_FACE ( 'NONE', ( #8993 ), #4409, .T. ) ;
#11015 = VERTEX_POINT ( 'NONE', #1021 ) ;
#11016 = ORIENTED_EDGE ( 'NONE', *, *, #11070, .T. ) ;
#11017 = AXIS2_PLACEMENT_3D ( 'NONE', #3223, #7619, #2405 ) ;
#11018 = DIRECTION ( 'NONE',  ( -0.000000000000000000, -0.000000000000000000, -1.000000000000000000 ) ) ;
#11019 = LINE ( 'NONE', #8482, #2673 ) ;
#11020 = CARTESIAN_POINT ( 'NONE',  ( 39.49999999999999289, -153.6000000000000227, 1.000000000000000888 ) ) ;
#11021 = ORIENTED_EDGE ( 'NONE', *, *, #7003, .T. ) ;
#11022 = LINE ( 'NONE', #7433, #8007 ) ;
#11023 = VERTEX_POINT ( 'NONE', #5228 ) ;
#11024 = DIRECTION ( 'NONE',  ( 1.000000000000000000, 0.000000000000000000, 0.000000000000000000 ) ) ;
#11025 = EDGE_LOOP ( 'NONE', ( #11266, #7626, #10173, #6752, #8658, #7767 ) ) ;
#11026 = EDGE_CURVE ( 'NONE', #7724, #1246, #2774, .T. ) ;
#11027 = ORIENTED_EDGE ( 'NONE', *, *, #2578, .T. ) ;
#11028 = VECTOR ( 'NONE', #1404, 1000.000000000000000 ) ;
#11029 = PLANE ( 'NONE',  #8962 ) ;
#11030 = DIRECTION ( 'NONE',  ( 0.000000000000000000, -0.7071067811865474617, -0.7071067811865474617 ) ) ;
#11031 = VECTOR ( 'NONE', #4489, 1000.000000000000000 ) ;
#11032 = FACE_BOUND ( 'NONE', #3131, .T. ) ;
#11033 = VERTEX_POINT ( 'NONE', #3588 ) ;
#11034 = EDGE_CURVE ( 'NONE', #1583, #9141, #6164, .T. ) ;
#11035 = VECTOR ( 'NONE', #5896, 1000.000000000000000 ) ;
#11036 = EDGE_CURVE ( 'NONE', #3856, #6704, #10110, .T. ) ;
#11037 = DIRECTION ( 'NONE',  ( 0.000000000000000000, 0.000000000000000000, 1.000000000000000000 ) ) ;
#11038 = ORIENTED_EDGE ( 'NONE', *, *, #3023, .T. ) ;
#11039 = VECTOR ( 'NONE', #8676, 1000.000000000000000 ) ;
#11040 = CARTESIAN_POINT ( 'NONE',  ( 55.00000000000000000, 21.60000000000000142, 1.000000000000000000 ) ) ;
#11041 = DIRECTION ( 'NONE',  ( 0.000000000000000000, 0.000000000000000000, -1.000000000000000000 ) ) ;
#11042 = VECTOR ( 'NONE', #7663, 1000.000000000000000 ) ;
#11043 = PLANE ( 'NONE',  #10485 ) ;
#11044 = ORIENTED_EDGE ( 'NONE', *, *, #1999, .F. ) ;
#11045 = VECTOR ( 'NONE', #8484, 1000.000000000000000 ) ;
#11046 = ADVANCED_FACE ( 'NONE', ( #8928 ), #7989, .F. ) ;
#11047 = VERTEX_POINT ( 'NONE', #10815 ) ;
#11048 = DIRECTION ( 'NONE',  ( 1.000000000000000000, 0.000000000000000000, 0.000000000000000000 ) ) ;
#11049 = ORIENTED_EDGE ( 'NONE', *, *, #7828, .T. ) ;
#11050 = VECTOR ( 'NONE', #8385, 1000.000000000000000 ) ;
#11051 = FACE_OUTER_BOUND ( 'NONE', #3947, .T. ) ;
#11052 = ORIENTED_EDGE ( 'NONE', *, *, #6131, .F. ) ;
#11053 = AXIS2_PLACEMENT_3D ( 'NONE', #2187, #2893, #10995 ) ;
#11054 = CARTESIAN_POINT ( 'NONE',  ( 0.000000000000000000, 10.44999999999999929, -7.799999999999999822 ) ) ;
#11055 = LINE ( 'NONE', #9456, #1526 ) ;
#11056 = VECTOR ( 'NONE', #5965, 1000.000000000000000 ) ;
#11057 = ADVANCED_FACE ( 'NONE', ( #9934, #8871, #6283, #2657, #10634, #4531, #1719, #8162, #7111, #11519, #1897, #11574, #5290, #4587, #9814, #10697, #844, #6227, #8109, #3468, #3648, #1777, #5473, #7047, #9689, #900, #9054, #1659, #4470, #8049, #137, #17, #7171, #10760, #6992, #6101, #2078, #6634, #4766, #202, #1073, #6410, #11108, #10941, #4705, #313, #6522, #10218, #1304, #3824, #3761, #2018 ), #4878, .T. ) ;
#11058 = ORIENTED_EDGE ( 'NONE', *, *, #4210, .F. ) ;
#11059 = ORIENTED_EDGE ( 'NONE', *, *, #9246, .F. ) ;
#11060 = VERTEX_POINT ( 'NONE', #9994 ) ;
#11061 = DIRECTION ( 'NONE',  ( 1.000000000000000000, -0.000000000000000000, 0.000000000000000000 ) ) ;
#11062 = DIRECTION ( 'NONE',  ( 1.000000000000000000, 0.000000000000000000, -0.000000000000000000 ) ) ;
#11063 = ORIENTED_EDGE ( 'NONE', *, *, #10722, .F. ) ;
#11064 = CARTESIAN_POINT ( 'NONE',  ( 19.49999999999999645, -38.60000000000002274, 3.000000000000000000 ) ) ;
#11065 = DIRECTION ( 'NONE',  ( 0.000000000000000000, 1.000000000000000000, 0.000000000000000000 ) ) ;
#11066 = PLANE ( 'NONE',  #9380 ) ;
#11067 = CARTESIAN_POINT ( 'NONE',  ( -0.5000000000000038858, -50.60000000000002274, 1.000000000000000888 ) ) ;
#11068 = DIRECTION ( 'NONE',  ( 0.000000000000000000, 1.000000000000000000, 0.000000000000000000 ) ) ;
#11069 = VERTEX_POINT ( 'NONE', #6465 ) ;
#11070 = EDGE_CURVE ( 'NONE', #4273, #7858, #10049, .T. ) ;
#11071 = ORIENTED_EDGE ( 'NONE', *, *, #7190, .F. ) ;
#11072 = EDGE_LOOP ( 'NONE', ( #4251, #8154, #4586, #3982 ) ) ;
#11073 = DIRECTION ( 'NONE',  ( 1.000000000000000000, -0.000000000000000000, 0.000000000000000000 ) ) ;
#11074 = DIRECTION ( 'NONE',  ( 0.000000000000000000, -0.000000000000000000, -1.000000000000000000 ) ) ;
#11075 = CARTESIAN_POINT ( 'NONE',  ( 52.76999999999999602, 12.80000000000000071, 3.000000000000000000 ) ) ;
#11076 = EDGE_CURVE ( 'NONE', #9755, #9464, #8343, .T. ) ;
#11077 = DIRECTION ( 'NONE',  ( 0.000000000000000000, -1.000000000000000000, 0.000000000000000000 ) ) ;
#11078 = EDGE_LOOP ( 'NONE', ( #4361, #8452, #981, #9061 ) ) ;
#11079 = DIRECTION ( 'NONE',  ( 0.000000000000000000, -0.000000000000000000, 1.000000000000000000 ) ) ;
#11080 = VERTEX_POINT ( 'NONE', #3878 ) ;
#11081 = VECTOR ( 'NONE', #9995, 1000.000000000000000 ) ;
#11082 = EDGE_CURVE ( 'NONE', #9713, #6431, #9171, .T. ) ;
#11083 = VERTEX_POINT ( 'NONE', #4643 ) ;
#11084 = DIRECTION ( 'NONE',  ( 0.000000000000000000, 0.000000000000000000, 1.000000000000000000 ) ) ;
#11085 = DIRECTION ( 'NONE',  ( 0.000000000000000000, 0.000000000000000000, 1.000000000000000000 ) ) ;
#11086 = FACE_BOUND ( 'NONE', #9843, .T. ) ;
#11087 = VECTOR ( 'NONE', #8512, 1000.000000000000000 ) ;
#11088 = ORIENTED_EDGE ( 'NONE', *, *, #9770, .F. ) ;
#11089 = ADVANCED_FACE ( 'NONE', ( #8284 ), #7406, .F. ) ;
#11090 = AXIS2_PLACEMENT_3D ( 'NONE', #8207, #6272, #11559 ) ;
#11091 = FACE_OUTER_BOUND ( 'NONE', #5350, .T. ) ;
#11092 = VERTEX_POINT ( 'NONE', #9281 ) ;
#11093 = DIRECTION ( 'NONE',  ( 0.000000000000000000, 0.000000000000000000, 1.000000000000000000 ) ) ;
#11094 = AXIS2_PLACEMENT_3D ( 'NONE', #4404, #1714, #895 ) ;
#11095 = CARTESIAN_POINT ( 'NONE',  ( 35.49999999999999289, -20.60000000000002274, 1.000000000000000000 ) ) ;
#11096 = DIRECTION ( 'NONE',  ( -0.000000000000000000, 1.000000000000000000, 0.000000000000000000 ) ) ;
#11097 = DIRECTION ( 'NONE',  ( -1.000000000000000000, -0.000000000000000000, -0.000000000000000000 ) ) ;
#11098 = ORIENTED_EDGE ( 'NONE', *, *, #6171, .T. ) ;
#11099 = AXIS2_PLACEMENT_3D ( 'NONE', #7053, #6172, #11471 ) ;
#11100 = EDGE_LOOP ( 'NONE', ( #4620, #11411, #9419, #1889, #1770, #3192, #9580, #10081 ) ) ;
#11101 = CARTESIAN_POINT ( 'NONE',  ( 19.49999999999999645, -138.5999999999999943, 3.000000000000000000 ) ) ;
#11102 = ORIENTED_EDGE ( 'NONE', *, *, #9188, .T. ) ;
#11103 = AXIS2_PLACEMENT_3D ( 'NONE', #10252, #3980, #7557 ) ;
#11104 = CARTESIAN_POINT ( 'NONE',  ( -0.2999999999999929945, 5.950000000000000178, 3.000000000000000000 ) ) ;
#11105 = DIRECTION ( 'NONE',  ( 0.000000000000000000, -1.000000000000000000, 0.000000000000000000 ) ) ;
#11106 = EDGE_LOOP ( 'NONE', ( #8252, #8920, #521, #7964, #2900, #11021, #8751, #938 ) ) ;
#11107 = VECTOR ( 'NONE', #3887, 1000.000000000000000 ) ;
#11108 = FACE_BOUND ( 'NONE', #11601, .T. ) ;
#11109 = CARTESIAN_POINT ( 'NONE',  ( 15.49999999999999645, -138.5999999999999943, 3.000000000000000000 ) ) ;
#11110 = DIRECTION ( 'NONE',  ( 1.000000000000000000, 0.000000000000000000, -0.000000000000000000 ) ) ;
#11111 = EDGE_CURVE ( 'NONE', #3856, #8846, #10876, .T. ) ;
#11112 = AXIS2_PLACEMENT_3D ( 'NONE', #5616, #5671, #11074 ) ;
#11113 = EDGE_CURVE ( 'NONE', #6974, #3325, #5534, .T. ) ;
#11114 = EDGE_CURVE ( 'NONE', #11545, #5318, #9108, .T. ) ;
#11115 = ORIENTED_EDGE ( 'NONE', *, *, #3434, .F. ) ;
#11116 = ORIENTED_EDGE ( 'NONE', *, *, #1809, .F. ) ;
#11117 = ORIENTED_EDGE ( 'NONE', *, *, #8526, .F. ) ;
#11118 = DIRECTION ( 'NONE',  ( 0.000000000000000000, 0.000000000000000000, -1.000000000000000000 ) ) ;
#11119 = PLANE ( 'NONE',  #3779 ) ;
#11120 = VERTEX_POINT ( 'NONE', #2137 ) ;
#11121 = CARTESIAN_POINT ( 'NONE',  ( 58.00000000000000711, 19.40000000000000213, 1.000000000000000000 ) ) ;
#11122 = AXIS2_PLACEMENT_3D ( 'NONE', #1132, #5585, #7283 ) ;
#11123 = CARTESIAN_POINT ( 'NONE',  ( 19.50000000000000000, 0.000000000000000000, 1.000000000000000000 ) ) ;
#11124 = DIRECTION ( 'NONE',  ( 0.000000000000000000, 0.000000000000000000, 1.000000000000000000 ) ) ;
#11125 = DIRECTION ( 'NONE',  ( 0.000000000000000000, 0.000000000000000000, 1.000000000000000000 ) ) ;
#11126 = EDGE_CURVE ( 'NONE', #7712, #2694, #6912, .T. ) ;
#11127 = CARTESIAN_POINT ( 'NONE',  ( 27.50000000000000000, 9.020562075079398469E-15, -7.799999999999999822 ) ) ;
#11128 = ORIENTED_EDGE ( 'NONE', *, *, #5075, .T. ) ;
#11129 = ORIENTED_EDGE ( 'NONE', *, *, #995, .F. ) ;
#11130 = ORIENTED_EDGE ( 'NONE', *, *, #2700, .T. ) ;
#11131 = DIRECTION ( 'NONE',  ( 0.000000000000000000, 0.000000000000000000, 1.000000000000000000 ) ) ;
#11132 = CARTESIAN_POINT ( 'NONE',  ( -1.300000000000000044, 2.500000000000000000, -1.000000000000000000 ) ) ;
#11133 = CARTESIAN_POINT ( 'NONE',  ( 35.49999999999999289, -123.6000000000000085, 3.000000000000000000 ) ) ;
#11134 = PLANE ( 'NONE',  #5752 ) ;
#11135 = ADVANCED_FACE ( 'NONE', ( #5864 ), #10298, .F. ) ;
#11136 = DIRECTION ( 'NONE',  ( -0.000000000000000000, 1.000000000000000000, 0.000000000000000000 ) ) ;
#11137 = AXIS2_PLACEMENT_3D ( 'NONE', #3547, #4974, #10322 ) ;
#11138 = ORIENTED_EDGE ( 'NONE', *, *, #193, .T. ) ;
#11139 = ORIENTED_EDGE ( 'NONE', *, *, #5246, .T. ) ;
#11140 = ADVANCED_FACE ( 'NONE', ( #6807 ), #3999, .F. ) ;
#11141 = DIRECTION ( 'NONE',  ( 0.000000000000000000, -1.000000000000000000, 0.000000000000000000 ) ) ;
#11142 = CARTESIAN_POINT ( 'NONE',  ( 19.49999999999999289, -26.60000000000001918, -14.00099999999999945 ) ) ;
#11143 = DIRECTION ( 'NONE',  ( 0.000000000000000000, -0.000000000000000000, -1.000000000000000000 ) ) ;
#11144 = ORIENTED_EDGE ( 'NONE', *, *, #7434, .T. ) ;
#11145 = DIRECTION ( 'NONE',  ( 0.000000000000000000, -0.000000000000000000, 1.000000000000000000 ) ) ;
#11146 = EDGE_CURVE ( 'NONE', #11162, #2136, #481, .T. ) ;
#11147 = ORIENTED_EDGE ( 'NONE', *, *, #2856, .T. ) ;
#11148 = CARTESIAN_POINT ( 'NONE',  ( 15.49999999999999289, -114.6000000000000085, -14.00099999999999945 ) ) ;
#11149 = DIRECTION ( 'NONE',  ( 1.000000000000000000, 0.000000000000000000, 0.000000000000000000 ) ) ;
#11150 = DIRECTION ( 'NONE',  ( -1.000000000000000000, -0.000000000000000000, -0.000000000000000000 ) ) ;
#11151 = DIRECTION ( 'NONE',  ( -0.000000000000000000, -0.000000000000000000, -1.000000000000000000 ) ) ;
#11152 = ORIENTED_EDGE ( 'NONE', *, *, #3346, .T. ) ;
#11153 = ADVANCED_FACE ( 'NONE', ( #7688 ), #6744, .F. ) ;
#11154 = EDGE_LOOP ( 'NONE', ( #3568, #2363, #6791, #6291, #67, #4874 ) ) ;
#11155 = CARTESIAN_POINT ( 'NONE',  ( 34.50000000000000000, 30.90000000000000213, -10.00000000000000000 ) ) ;
#11156 = ORIENTED_EDGE ( 'NONE', *, *, #4300, .T. ) ;
#11157 = CARTESIAN_POINT ( 'NONE',  ( 15.49999999999999645, -47.60000000000001563, 1.000000000000000888 ) ) ;
#11158 = PLANE ( 'NONE',  #5593 ) ;
#11159 = ORIENTED_EDGE ( 'NONE', *, *, #4475, .T. ) ;
#11160 = DIRECTION ( 'NONE',  ( 1.000000000000000000, 0.000000000000000000, -0.000000000000000000 ) ) ;
#11161 = CARTESIAN_POINT ( 'NONE',  ( 59.00000000000001421, 30.39999999999999858, 1.000000000000000000 ) ) ;
#11162 = VERTEX_POINT ( 'NONE', #7627 ) ;
#11163 = ORIENTED_EDGE ( 'NONE', *, *, #10717, .T. ) ;
#11164 = ORIENTED_EDGE ( 'NONE', *, *, #4928, .T. ) ;
#11165 = CARTESIAN_POINT ( 'NONE',  ( -1.300000000000000044, 2.500000000000000000, 3.000000000000000000 ) ) ;
#11166 = CARTESIAN_POINT ( 'NONE',  ( 15.49999999999999289, -117.6000000000000085, 3.000000000000000000 ) ) ;
#11167 = ORIENTED_EDGE ( 'NONE', *, *, #2297, .T. ) ;
#11168 = PLANE ( 'NONE',  #4927 ) ;
#11169 = EDGE_CURVE ( 'NONE', #6433, #10237, #4936, .T. ) ;
#11170 = LINE ( 'NONE', #11008, #2605 ) ;
#11171 = EDGE_CURVE ( 'NONE', #379, #11545, #431, .T. ) ;
#11172 = CARTESIAN_POINT ( 'NONE',  ( 54.69999999999999574, 6.949999999999999289, 1.000000000000000000 ) ) ;
#11173 = DIRECTION ( 'NONE',  ( 0.000000000000000000, 0.000000000000000000, 1.000000000000000000 ) ) ;
#11174 = EDGE_CURVE ( 'NONE', #6873, #9370, #10275, .T. ) ;
#11175 = AXIS2_PLACEMENT_3D ( 'NONE', #4567, #2816, #10856 ) ;
#11176 = FACE_OUTER_BOUND ( 'NONE', #9778, .T. ) ;
#11177 = ORIENTED_EDGE ( 'NONE', *, *, #3775, .F. ) ;
#11178 = ORIENTED_EDGE ( 'NONE', *, *, #2049, .F. ) ;
#11179 = VERTEX_POINT ( 'NONE', #2243 ) ;
#11180 = EDGE_CURVE ( 'NONE', #8807, #10676, #8509, .T. ) ;
#11181 = DIRECTION ( 'NONE',  ( 0.000000000000000000, 0.000000000000000000, 1.000000000000000000 ) ) ;
#11182 = CARTESIAN_POINT ( 'NONE',  ( 34.50000000000000000, 27.90000000000000213, 0.000000000000000000 ) ) ;
#11183 = FACE_OUTER_BOUND ( 'NONE', #4945, .T. ) ;
#11184 = DIRECTION ( 'NONE',  ( -1.000000000000000000, 0.000000000000000000, 0.000000000000000000 ) ) ;
#11185 = DIRECTION ( 'NONE',  ( 1.000000000000000000, -1.005636797667715149E-16, 0.000000000000000000 ) ) ;
#11186 = FACE_OUTER_BOUND ( 'NONE', #3014, .T. ) ;
#11187 = ORIENTED_EDGE ( 'NONE', *, *, #3429, .T. ) ;
#11188 = AXIS2_PLACEMENT_3D ( 'NONE', #5887, #4021, #11131 ) ;
#11189 = ORIENTED_EDGE ( 'NONE', *, *, #10185, .F. ) ;
#11190 = EDGE_CURVE ( 'NONE', #1706, #6024, #5624, .T. ) ;
#11191 = DIRECTION ( 'NONE',  ( 1.000000000000000000, 0.000000000000000000, -0.000000000000000000 ) ) ;
#11192 = CARTESIAN_POINT ( 'NONE',  ( -0.5000000000000038858, -50.60000000000002274, 3.000000000000000000 ) ) ;
#11193 = FACE_BOUND ( 'NONE', #10624, .T. ) ;
#11194 = ORIENTED_EDGE ( 'NONE', *, *, #6396, .F. ) ;
#11195 = PLANE ( 'NONE',  #3139 ) ;
#11196 = ORIENTED_EDGE ( 'NONE', *, *, #6414, .F. ) ;
#11197 = VECTOR ( 'NONE', #6056, 1000.000000000000000 ) ;
#11198 = CARTESIAN_POINT ( 'NONE',  ( 58.20000000000000284, 17.44999999999999929, 0.000000000000000000 ) ) ;
#11199 = LINE ( 'NONE', #4241, #6592 ) ;
#11200 = AXIS2_PLACEMENT_3D ( 'NONE', #8265, #10089, #2702 ) ;
#11201 = LINE ( 'NONE', #7511, #2810 ) ;
#11202 = ORIENTED_EDGE ( 'NONE', *, *, #7980, .T. ) ;
#11203 = ADVANCED_FACE ( 'NONE', ( #3041 ), #3978, .F. ) ;
#11204 = VECTOR ( 'NONE', #8525, 1000.000000000000000 ) ;
#11205 = LINE ( 'NONE', #1527, #4245 ) ;
#11206 = DIRECTION ( 'NONE',  ( 1.000000000000000000, 0.000000000000000000, -0.000000000000000000 ) ) ;
#11207 = AXIS2_PLACEMENT_3D ( 'NONE', #428, #7573, #3111 ) ;
#11208 = EDGE_LOOP ( 'NONE', ( #4188, #11598, #1763, #2708 ) ) ;
#11209 = DIRECTION ( 'NONE',  ( 0.000000000000000000, 0.000000000000000000, 1.000000000000000000 ) ) ;
#11210 = DIRECTION ( 'NONE',  ( -0.000000000000000000, -0.000000000000000000, 1.000000000000000000 ) ) ;
#11211 = ORIENTED_EDGE ( 'NONE', *, *, #8884, .T. ) ;
#11212 = CARTESIAN_POINT ( 'NONE',  ( 51.20000000000000284, 4.000000000000000000, 0.5000000000000000000 ) ) ;
#11213 = EDGE_CURVE ( 'NONE', #4896, #6753, #9143, .T. ) ;
#11214 = FACE_OUTER_BOUND ( 'NONE', #4492, .T. ) ;
#11215 = LINE ( 'NONE', #10336, #9209 ) ;
#11216 = AXIS2_PLACEMENT_3D ( 'NONE', #4193, #568, #4246 ) ;
#11217 = DIRECTION ( 'NONE',  ( 0.000000000000000000, 0.000000000000000000, -1.000000000000000000 ) ) ;
#11218 = ORIENTED_EDGE ( 'NONE', *, *, #3382, .T. ) ;
#11219 = AXIS2_PLACEMENT_3D ( 'NONE', #6454, #8272, #10096 ) ;
#11220 = ORIENTED_EDGE ( 'NONE', *, *, #2129, .F. ) ;
#11221 = VERTEX_POINT ( 'NONE', #3092 ) ;
#11222 = CARTESIAN_POINT ( 'NONE',  ( 55.19999999999999574, 11.44999999999999929, -10.00000000000000000 ) ) ;
#11223 = ORIENTED_EDGE ( 'NONE', *, *, #4499, .F. ) ;
#11224 = AXIS2_PLACEMENT_3D ( 'NONE', #3527, #960, #10583 ) ;
#11225 = LINE ( 'NONE', #6044, #6610 ) ;
#11226 = ORIENTED_EDGE ( 'NONE', *, *, #8271, .T. ) ;
#11227 = FACE_OUTER_BOUND ( 'NONE', #11496, .T. ) ;
#11228 = ADVANCED_FACE ( 'NONE', ( #5783 ), #4856, .F. ) ;
#11229 = CARTESIAN_POINT ( 'NONE',  ( 2.500000000000000000, 0.2000000000000000111, 0.5000000000000000000 ) ) ;
#11230 = CYLINDRICAL_SURFACE ( 'NONE', #2214, 4.999999999999999112 ) ;
#11231 = CARTESIAN_POINT ( 'NONE',  ( 51.20000000000000284, -1.300000000000000044, 0.5000000000000000000 ) ) ;
#11232 = VECTOR ( 'NONE', #5689, 1000.000000000000000 ) ;
#11233 = VERTEX_POINT ( 'NONE', #1111 ) ;
#11234 = AXIS2_PLACEMENT_3D ( 'NONE', #11212, #10334, #3232 ) ;
#11235 = ADVANCED_FACE ( 'NONE', ( #7555 ), #1337, .T. ) ;
#11236 = ORIENTED_EDGE ( 'NONE', *, *, #1185, .F. ) ;
#11237 = ADVANCED_FACE ( 'NONE', ( #2116 ), #11029, .F. ) ;
#11238 = VERTEX_POINT ( 'NONE', #6614 ) ;
#11239 = CARTESIAN_POINT ( 'NONE',  ( 55.50000000000000000, 4.000000000000000000, 3.000000000000000000 ) ) ;
#11240 = PLANE ( 'NONE',  #2951 ) ;
#11241 = VECTOR ( 'NONE', #10008, 1000.000000000000000 ) ;
#11242 = CARTESIAN_POINT ( 'NONE',  ( 39.49999999999999289, -26.60000000000001918, -14.00099999999999945 ) ) ;
#11243 = PLANE ( 'NONE',  #4851 ) ;
#11244 = CARTESIAN_POINT ( 'NONE',  ( 35.49999999999999289, -26.60000000000001918, -14.00099999999999945 ) ) ;
#11245 = ADVANCED_FACE ( 'NONE', ( #2167 ), #9315, .F. ) ;
#11246 = CARTESIAN_POINT ( 'NONE',  ( 2.500000000000000000, 2.500000000000000000, 3.000000000000000000 ) ) ;
#11247 = ORIENTED_EDGE ( 'NONE', *, *, #1540, .F. ) ;
#11248 = VERTEX_POINT ( 'NONE', #2221 ) ;
#11249 = ADVANCED_FACE ( 'NONE', ( #406 ), #10916, .F. ) ;
#11250 = LINE ( 'NONE', #2507, #10463 ) ;
#11251 = DIRECTION ( 'NONE',  ( 6.285229985423258662E-17, 1.000000000000000000, 0.000000000000000000 ) ) ;
#11252 = FACE_BOUND ( 'NONE', #3745, .T. ) ;
#11253 = VERTEX_POINT ( 'NONE', #5729 ) ;
#11254 = CARTESIAN_POINT ( 'NONE',  ( -0.2999999999999929945, 11.44999999999999929, 0.5000000000000000000 ) ) ;
#11255 = ORIENTED_EDGE ( 'NONE', *, *, #400, .F. ) ;
#11256 = LINE ( 'NONE', #4152, #6785 ) ;
#11257 = CIRCLE ( 'NONE', #3953, 1.549999999999999378 ) ;
#11258 = DIRECTION ( 'NONE',  ( 0.000000000000000000, 0.7071067811865475727, -0.7071067811865475727 ) ) ;
#11259 = EDGE_CURVE ( 'NONE', #6630, #5817, #10028, .T. ) ;
#11260 = CARTESIAN_POINT ( 'NONE',  ( -0.5000000000000073275, -123.6000000000000085, 3.000000000000000000 ) ) ;
#11261 = EDGE_LOOP ( 'NONE', ( #6586, #6222, #9806, #7769 ) ) ;
#11262 = AXIS2_PLACEMENT_3D ( 'NONE', #8345, #2081, #316 ) ;
#11263 = DIRECTION ( 'NONE',  ( -0.000000000000000000, 1.000000000000000000, 0.000000000000000000 ) ) ;
#11264 = VECTOR ( 'NONE', #10803, 1000.000000000000000 ) ;
#11265 = DIRECTION ( 'NONE',  ( -0.000000000000000000, -0.000000000000000000, 1.000000000000000000 ) ) ;
#11266 = ORIENTED_EDGE ( 'NONE', *, *, #4723, .F. ) ;
#11267 = VECTOR ( 'NONE', #10213, 1000.000000000000000 ) ;
#11268 = DIRECTION ( 'NONE',  ( 0.000000000000000000, 0.000000000000000000, -1.000000000000000000 ) ) ;
#11269 = CARTESIAN_POINT ( 'NONE',  ( 39.49999999999999289, -144.5999999999999943, 3.000000000000000000 ) ) ;
#11270 = ORIENTED_EDGE ( 'NONE', *, *, #10308, .T. ) ;
#11271 = DIRECTION ( 'NONE',  ( 1.000000000000000000, 0.000000000000000000, -0.000000000000000000 ) ) ;
#11272 = CARTESIAN_POINT ( 'NONE',  ( 35.50000000000000000, -0.2999999999999999889, -1.000000000000000000 ) ) ;
#11273 = EDGE_CURVE ( 'NONE', #11179, #6235, #8375, .T. ) ;
#11274 = FACE_OUTER_BOUND ( 'NONE', #11583, .T. ) ;
#11275 = AXIS2_PLACEMENT_3D ( 'NONE', #7414, #3015, #8171 ) ;
#11276 = LINE ( 'NONE', #332, #738 ) ;
#11277 = VECTOR ( 'NONE', #9463, 1000.000000000000000 ) ;
#11278 = ORIENTED_EDGE ( 'NONE', *, *, #178, .T. ) ;
#11279 = VECTOR ( 'NONE', #3491, 1000.000000000000000 ) ;
#11280 = EDGE_CURVE ( 'NONE', #5289, #5060, #10974, .T. ) ;
#11281 = ORIENTED_EDGE ( 'NONE', *, *, #9274, .F. ) ;
#11282 = ORIENTED_EDGE ( 'NONE', *, *, #72, .T. ) ;
#11283 = DIRECTION ( 'NONE',  ( 1.000000000000000000, 0.000000000000000000, 0.000000000000000000 ) ) ;
#11284 = FACE_OUTER_BOUND ( 'NONE', #7275, .T. ) ;
#11285 = ORIENTED_EDGE ( 'NONE', *, *, #5476, .T. ) ;
#11286 = AXIS2_PLACEMENT_3D ( 'NONE', #4304, #11472, #6173 ) ;
#11287 = LINE ( 'NONE', #7811, #1188 ) ;
#11288 = ORIENTED_EDGE ( 'NONE', *, *, #6171, .F. ) ;
#11289 = CARTESIAN_POINT ( 'NONE',  ( 15.49999999999999289, -14.60000000000001563, 3.000000000000000000 ) ) ;
#11290 = CARTESIAN_POINT ( 'NONE',  ( 57.16629794778800289, 6.949999999999999289, 0.03489949670250695052 ) ) ;
#11291 = CARTESIAN_POINT ( 'NONE',  ( -1.300000000000000044, 5.950000000000000178, -1.000000000000000000 ) ) ;
#11292 = EDGE_CURVE ( 'NONE', #11221, #9768, #7502, .T. ) ;
#11293 = VECTOR ( 'NONE', #678, 1000.000000000000000 ) ;
#11294 = DIRECTION ( 'NONE',  ( 0.000000000000000000, -1.000000000000000000, 0.000000000000000000 ) ) ;
#11295 = VECTOR ( 'NONE', #3810, 1000.000000000000000 ) ;
#11296 = ORIENTED_EDGE ( 'NONE', *, *, #329, .T. ) ;
#11297 = EDGE_CURVE ( 'NONE', #3069, #8576, #160, .T. ) ;
#11298 = EDGE_LOOP ( 'NONE', ( #5874, #8093, #7347, #1323 ) ) ;
#11299 = DIRECTION ( 'NONE',  ( 0.000000000000000000, 1.000000000000000000, 0.000000000000000000 ) ) ;
#11300 = CARTESIAN_POINT ( 'NONE',  ( 19.49999999999999289, -132.5999999999999943, -14.00099999999999945 ) ) ;
#11301 = VECTOR ( 'NONE', #2959, 1000.000000000000000 ) ;
#11302 = LINE ( 'NONE', #2381, #1369 ) ;
#11303 = CARTESIAN_POINT ( 'NONE',  ( 19.49999999999999645, -47.60000000000001563, 3.000000000000000000 ) ) ;
#11304 = DIRECTION ( 'NONE',  ( 0.000000000000000000, 0.000000000000000000, 1.000000000000000000 ) ) ;
#11305 = CARTESIAN_POINT ( 'NONE',  ( 60.00000000000001421, -161.6000000000000227, 3.000000000000000000 ) ) ;
#11306 = VECTOR ( 'NONE', #11209, 1000.000000000000000 ) ;
#11307 = ORIENTED_EDGE ( 'NONE', *, *, #5780, .F. ) ;
#11308 = EDGE_LOOP ( 'NONE', ( #10376, #5084, #899, #3935 ) ) ;
#11309 = CARTESIAN_POINT ( 'NONE',  ( -0.5000000000000079936, -11.60000000000001386, 1.000000000000000888 ) ) ;
#11310 = LINE ( 'NONE', #2391, #603 ) ;
#11311 = CARTESIAN_POINT ( 'NONE',  ( 15.49999999999999289, -14.60000000000001563, 1.000000000000000888 ) ) ;
#11312 = ORIENTED_EDGE ( 'NONE', *, *, #4623, .F. ) ;
#11313 = DIRECTION ( 'NONE',  ( -0.000000000000000000, -1.000000000000000000, 0.000000000000000000 ) ) ;
#11314 = EDGE_CURVE ( 'NONE', #5809, #3461, #7440, .T. ) ;
#11315 = VERTEX_POINT ( 'NONE', #5680 ) ;
#11316 = TOROIDAL_SURFACE ( 'NONE', #10572, 3.799999999999999822, 0.5000000000000000000 ) ;
#11317 = CARTESIAN_POINT ( 'NONE',  ( 55.49999999999999289, -114.6000000000000085, 3.000000000000000000 ) ) ;
#11318 = LINE ( 'NONE', #6733, #9627 ) ;
#11319 = EDGE_CURVE ( 'NONE', #11459, #8256, #348, .T. ) ;
#11320 = CARTESIAN_POINT ( 'NONE',  ( 15.49999999999999645, -44.60000000000002274, 1.000000000000000000 ) ) ;
#11321 = FACE_OUTER_BOUND ( 'NONE', #5089, .T. ) ;
#11322 = ORIENTED_EDGE ( 'NONE', *, *, #5650, .T. ) ;
#11323 = LINE ( 'NONE', #867, #2760 ) ;
#11324 = ADVANCED_FACE ( 'NONE', ( #515 ), #1572, .F. ) ;
#11325 = CARTESIAN_POINT ( 'NONE',  ( 19.49999999999999289, -29.60000000000001563, 3.000000000000000000 ) ) ;
#11326 = ORIENTED_EDGE ( 'NONE', *, *, #3608, .T. ) ;
#11327 = CARTESIAN_POINT ( 'NONE',  ( -0.5000000000000059952, -32.60000000000001563, -14.00099999999999945 ) ) ;
#11328 = LINE ( 'NONE', #3286, #3517 ) ;
#11329 = EDGE_LOOP ( 'NONE', ( #3769, #2177, #2586, #7400 ) ) ;
#11330 = DIRECTION ( 'NONE',  ( 0.000000000000000000, 1.000000000000000000, 0.000000000000000000 ) ) ;
#11331 = AXIS2_PLACEMENT_3D ( 'NONE', #6395, #3512, #10804 ) ;
#11332 = CARTESIAN_POINT ( 'NONE',  ( 39.49999999999998579, -120.6000000000000085, 3.000000000000000000 ) ) ;
#11333 = FACE_OUTER_BOUND ( 'NONE', #3676, .T. ) ;
#11334 = ORIENTED_EDGE ( 'NONE', *, *, #6528, .F. ) ;
#11335 = ORIENTED_EDGE ( 'NONE', *, *, #4029, .F. ) ;
#11336 = ORIENTED_EDGE ( 'NONE', *, *, #4167, .F. ) ;
#11337 = EDGE_CURVE ( 'NONE', #10814, #6208, #7838, .T. ) ;
#11338 = FACE_OUTER_BOUND ( 'NONE', #1108, .T. ) ;
#11339 = LINE ( 'NONE', #3949, #5465 ) ;
#11340 = ORIENTED_EDGE ( 'NONE', *, *, #1570, .T. ) ;
#11341 = LINE ( 'NONE', #5061, #8111 ) ;
#11342 = CARTESIAN_POINT ( 'NONE',  ( 39.49999999999999289, -23.60000000000001563, 3.000000000000000000 ) ) ;
#11343 = ORIENTED_EDGE ( 'NONE', *, *, #7411, .T. ) ;
#11344 = CARTESIAN_POINT ( 'NONE',  ( 0.2000000000000085321, 2.478176394252690164E-17, 0.5000000000000000000 ) ) ;
#11345 = PLANE ( 'NONE',  #11442 ) ;
#11346 = CARTESIAN_POINT ( 'NONE',  ( 55.49999999999999289, -50.60000000000002274, 3.000000000000000000 ) ) ;
#11347 = CARTESIAN_POINT ( 'NONE',  ( -0.5000000000000059952, -135.5999999999999943, 1.000000000000000888 ) ) ;
#11348 = EDGE_CURVE ( 'NONE', #9222, #11233, #10487, .T. ) ;
#11349 = ORIENTED_EDGE ( 'NONE', *, *, #7475, .F. ) ;
#11350 = ORIENTED_EDGE ( 'NONE', *, *, #8312, .F. ) ;
#11351 = EDGE_CURVE ( 'NONE', #3154, #7474, #11250, .T. ) ;
#11352 = FACE_OUTER_BOUND ( 'NONE', #7471, .T. ) ;
#11353 = DIRECTION ( 'NONE',  ( 0.000000000000000000, 0.000000000000000000, 1.000000000000000000 ) ) ;
#11354 = FACE_OUTER_BOUND ( 'NONE', #240, .T. ) ;
#11355 = AXIS2_PLACEMENT_3D ( 'NONE', #9033, #5513, #181 ) ;
#11356 = CARTESIAN_POINT ( 'NONE',  ( 55.49999999999999289, -147.6000000000000227, 3.000000000000000000 ) ) ;
#11357 = FACE_OUTER_BOUND ( 'NONE', #10741, .T. ) ;
#11358 = CARTESIAN_POINT ( 'NONE',  ( 39.49999999999998579, -14.60000000000001563, -14.00099999999999945 ) ) ;
#11359 = ADVANCED_FACE ( 'NONE', ( #9433 ), #4085, .T. ) ;
#11360 = DIRECTION ( 'NONE',  ( 0.000000000000000000, 0.000000000000000000, 1.000000000000000000 ) ) ;
#11361 = VERTEX_POINT ( 'NONE', #6956 ) ;
#11362 = AXIS2_PLACEMENT_3D ( 'NONE', #2427, #2161, #8690 ) ;
#11363 = ORIENTED_EDGE ( 'NONE', *, *, #8907, .F. ) ;
#11364 = CARTESIAN_POINT ( 'NONE',  ( 35.50000000000000000, -0.2999999999999999889, 3.000000000000000000 ) ) ;
#11365 = PLANE ( 'NONE',  #3219 ) ;
#11366 = CARTESIAN_POINT ( 'NONE',  ( 59.00000000000001421, -160.6000000000000227, 1.000000000000000000 ) ) ;
#11367 = ORIENTED_EDGE ( 'NONE', *, *, #4413, .T. ) ;
#11368 = LINE ( 'NONE', #6017, #8571 ) ;
#11369 = ORIENTED_EDGE ( 'NONE', *, *, #4316, .F. ) ;
#11370 = ADVANCED_FACE ( 'NONE', ( #9486 ), #6839, .T. ) ;
#11371 = CARTESIAN_POINT ( 'NONE',  ( 19.49999999999999289, -123.6000000000000085, 3.000000000000000000 ) ) ;
#11372 = CARTESIAN_POINT ( 'NONE',  ( 39.49999999999999289, -147.6000000000000227, 1.000000000000000888 ) ) ;
#11373 = AXIS2_PLACEMENT_3D ( 'NONE', #5179, #5300, #4305 ) ;
#11374 = DIRECTION ( 'NONE',  ( 1.000000000000000000, 0.000000000000000000, -0.000000000000000000 ) ) ;
#11375 = ORIENTED_EDGE ( 'NONE', *, *, #6220, .F. ) ;
#11376 = EDGE_CURVE ( 'NONE', #5810, #7981, #5769, .T. ) ;
#11377 = EDGE_CURVE ( 'NONE', #11221, #7384, #4145, .T. ) ;
#11378 = LINE ( 'NONE', #9837, #141 ) ;
#11379 = EDGE_CURVE ( 'NONE', #11395, #5747, #2389, .T. ) ;
#11380 = AXIS2_PLACEMENT_3D ( 'NONE', #8251, #6438, #10965 ) ;
#11381 = DIRECTION ( 'NONE',  ( 0.000000000000000000, -1.000000000000000000, 0.000000000000000000 ) ) ;
#11382 = ORIENTED_EDGE ( 'NONE', *, *, #3875, .T. ) ;
#11383 = PLANE ( 'NONE',  #10742 ) ;
#11384 = CARTESIAN_POINT ( 'NONE',  ( 19.49999999999999289, -123.6000000000000085, -14.00099999999999945 ) ) ;
#11385 = ORIENTED_EDGE ( 'NONE', *, *, #7175, .F. ) ;
#11386 = PLANE ( 'NONE',  #8263 ) ;
#11387 = LINE ( 'NONE', #7860, #6950 ) ;
#11388 = EDGE_CURVE ( 'NONE', #107, #5157, #9605, .T. ) ;
#11389 = AXIS2_PLACEMENT_3D ( 'NONE', #5427, #9007, #978 ) ;
#11390 = CARTESIAN_POINT ( 'NONE',  ( 0.2000000000000070055, 5.950000000000000178, 1.000000000000000000 ) ) ;
#11391 = VERTEX_POINT ( 'NONE', #5953 ) ;
#11392 = CIRCLE ( 'NONE', #4076, 0.5000000000000000000 ) ;
#11393 = EDGE_CURVE ( 'NONE', #1880, #3264, #9549, .T. ) ;
#11394 = VERTEX_POINT ( 'NONE', #749 ) ;
#11395 = VERTEX_POINT ( 'NONE', #7606 ) ;
#11396 = CARTESIAN_POINT ( 'NONE',  ( -8.000000000000003553, 34.39999999999999858, 1.000000000000000000 ) ) ;
#11397 = ORIENTED_EDGE ( 'NONE', *, *, #10717, .F. ) ;
#11398 = CARTESIAN_POINT ( 'NONE',  ( 19.49999999999999645, -38.60000000000002274, 3.000000000000000000 ) ) ;
#11399 = DIRECTION ( 'NONE',  ( 1.000000000000000000, 1.065554960673713885E-16, 0.000000000000000000 ) ) ;
#11400 = AXIS2_PLACEMENT_3D ( 'NONE', #9691, #1496, #670 ) ;
#11401 = ORIENTED_EDGE ( 'NONE', *, *, #8156, .F. ) ;
#11402 = LINE ( 'NONE', #2429, #10288 ) ;
#11403 = VECTOR ( 'NONE', #6897, 1000.000000000000000 ) ;
#11404 = DIRECTION ( 'NONE',  ( 1.000000000000000000, 0.000000000000000000, 0.000000000000000000 ) ) ;
#11405 = DIRECTION ( 'NONE',  ( 0.000000000000000000, 0.000000000000000000, -1.000000000000000000 ) ) ;
#11406 = CARTESIAN_POINT ( 'NONE',  ( 3.079999999999999627, 14.77999999999999936, 3.000000000000000000 ) ) ;
#11407 = ADVANCED_FACE ( 'NONE', ( #1513 ), #635, .T. ) ;
#11408 = VECTOR ( 'NONE', #2923, 1000.000000000000000 ) ;
#11409 = EDGE_LOOP ( 'NONE', ( #1046, #1904, #6251, #7101 ) ) ;
#11410 = AXIS2_PLACEMENT_3D ( 'NONE', #455, #5453, #6327 ) ;
#11411 = ORIENTED_EDGE ( 'NONE', *, *, #10691, .T. ) ;
#11412 = DIRECTION ( 'NONE',  ( -0.000000000000000000, -1.000000000000000000, 0.000000000000000000 ) ) ;
#11413 = CARTESIAN_POINT ( 'NONE',  ( 32.03000000000000114, 12.80000000000000071, 3.000000000000000000 ) ) ;
#11414 = PLANE ( 'NONE',  #10829 ) ;
#11415 = DIRECTION ( 'NONE',  ( 0.000000000000000000, -0.000000000000000000, -1.000000000000000000 ) ) ;
#11416 = VECTOR ( 'NONE', #6214, 1000.000000000000000 ) ;
#11417 = DIRECTION ( 'NONE',  ( -0.000000000000000000, -0.000000000000000000, 1.000000000000000000 ) ) ;
#11418 = DIRECTION ( 'NONE',  ( -0.000000000000000000, -0.000000000000000000, 1.000000000000000000 ) ) ;
#11419 = CARTESIAN_POINT ( 'NONE',  ( -0.5000000000000059952, -29.60000000000001563, 3.000000000000000000 ) ) ;
#11420 = AXIS2_PLACEMENT_3D ( 'NONE', #8469, #3837, #10122 ) ;
#11421 = EDGE_CURVE ( 'NONE', #5195, #2012, #7781, .T. ) ;
#11422 = LINE ( 'NONE', #7777, #7087 ) ;
#11423 = ORIENTED_EDGE ( 'NONE', *, *, #10304, .F. ) ;
#11424 = EDGE_LOOP ( 'NONE', ( #8508, #5539, #4537, #11270 ) ) ;
#11425 = AXIS2_PLACEMENT_3D ( 'NONE', #9649, #9765, #7125 ) ;
#11426 = CARTESIAN_POINT ( 'NONE',  ( 51.20000000000000284, 4.000000000000000000, 3.000000000000000000 ) ) ;
#11427 = EDGE_CURVE ( 'NONE', #9901, #8864, #6724, .T. ) ;
#11428 = LINE ( 'NONE', #5897, #7538 ) ;
#11429 = VECTOR ( 'NONE', #7765, 1000.000000000000000 ) ;
#11430 = FACE_BOUND ( 'NONE', #5885, .T. ) ;
#11431 = VERTEX_POINT ( 'NONE', #10313 ) ;
#11432 = LINE ( 'NONE', #754, #525 ) ;
#11433 = ORIENTED_EDGE ( 'NONE', *, *, #72, .F. ) ;
#11434 = CARTESIAN_POINT ( 'NONE',  ( -0.2999999999999929945, 5.950000000000000178, 1.000000000000000000 ) ) ;
#11435 = EDGE_CURVE ( 'NONE', #2924, #892, #4254, .T. ) ;
#11436 = ORIENTED_EDGE ( 'NONE', *, *, #6913, .T. ) ;
#11437 = CARTESIAN_POINT ( 'NONE',  ( 19.49999999999999645, -141.5999999999999943, 1.000000000000000888 ) ) ;
#11438 = ORIENTED_EDGE ( 'NONE', *, *, #8996, .T. ) ;
#11439 = EDGE_CURVE ( 'NONE', #7293, #6515, #8544, .T. ) ;
#11440 = DIRECTION ( 'NONE',  ( -1.000000000000000000, -1.239088197126289831E-16, 0.000000000000000000 ) ) ;
#11441 = EDGE_LOOP ( 'NONE', ( #104, #5911, #3819, #10721 ) ) ;
#11442 = AXIS2_PLACEMENT_3D ( 'NONE', #2540, #8639, #6102 ) ;
#11443 = CARTESIAN_POINT ( 'NONE',  ( 15.49999999999999467, -129.5999999999999943, 3.000000000000000000 ) ) ;
#11444 = CARTESIAN_POINT ( 'NONE',  ( 15.49999999999999289, -114.6000000000000085, 3.000000000000000000 ) ) ;
#11445 = ORIENTED_EDGE ( 'NONE', *, *, #3861, .F. ) ;
#11446 = DIRECTION ( 'NONE',  ( 0.000000000000000000, -0.000000000000000000, -1.000000000000000000 ) ) ;
#11447 = CARTESIAN_POINT ( 'NONE',  ( 19.49999999999999289, -129.5999999999999943, 1.000000000000000888 ) ) ;
#11448 = DIRECTION ( 'NONE',  ( -0.000000000000000000, -0.000000000000000000, 1.000000000000000000 ) ) ;
#11449 = ORIENTED_EDGE ( 'NONE', *, *, #4484, .F. ) ;
#11450 = AXIS2_PLACEMENT_3D ( 'NONE', #918, #10891, #2732 ) ;
#11451 = ORIENTED_EDGE ( 'NONE', *, *, #3206, .F. ) ;
#11452 = ORIENTED_EDGE ( 'NONE', *, *, #3924, .T. ) ;
#11453 = CIRCLE ( 'NONE', #8268, 5.299999999999998934 ) ;
#11454 = ORIENTED_EDGE ( 'NONE', *, *, #4249, .T. ) ;
#11455 = CARTESIAN_POINT ( 'NONE',  ( 55.49999999999999289, -14.60000000000001563, 3.000000000000000000 ) ) ;
#11456 = ORIENTED_EDGE ( 'NONE', *, *, #6751, .T. ) ;
#11457 = CARTESIAN_POINT ( 'NONE',  ( -0.5000000000000052180, -141.5999999999999943, -14.00099999999999945 ) ) ;
#11458 = LINE ( 'NONE', #4468, #2933 ) ;
#11459 = VERTEX_POINT ( 'NONE', #8603 ) ;
#11460 = DIRECTION ( 'NONE',  ( -0.000000000000000000, -1.000000000000000000, -0.000000000000000000 ) ) ;
#11461 = AXIS2_PLACEMENT_3D ( 'NONE', #3063, #6635, #2079 ) ;
#11462 = DIRECTION ( 'NONE',  ( -0.000000000000000000, -0.000000000000000000, 1.000000000000000000 ) ) ;
#11463 = DIRECTION ( 'NONE',  ( -1.000000000000000000, 0.000000000000000000, 0.000000000000000000 ) ) ;
#11464 = DIRECTION ( 'NONE',  ( -0.000000000000000000, -0.000000000000000000, 1.000000000000000000 ) ) ;
#11465 = VECTOR ( 'NONE', #6096, 1000.000000000000000 ) ;
#11466 = EDGE_CURVE ( 'NONE', #6954, #2145, #574, .T. ) ;
#11467 = ORIENTED_EDGE ( 'NONE', *, *, #8644, .F. ) ;
#11468 = AXIS2_PLACEMENT_3D ( 'NONE', #9722, #694, #6075 ) ;
#11469 = AXIS2_PLACEMENT_3D ( 'NONE', #8498, #6452, #1235 ) ;
#11470 = EDGE_LOOP ( 'NONE', ( #116, #11159, #11285, #2857 ) ) ;
#11471 = DIRECTION ( 'NONE',  ( 0.000000000000000000, 0.000000000000000000, 1.000000000000000000 ) ) ;
#11472 = DIRECTION ( 'NONE',  ( 1.000000000000000000, -0.000000000000000000, 0.000000000000000000 ) ) ;
#11473 = DIRECTION ( 'NONE',  ( -0.000000000000000000, 0.000000000000000000, -1.000000000000000000 ) ) ;
#11474 = CARTESIAN_POINT ( 'NONE',  ( 39.49999999999999289, -129.5999999999999943, -14.00099999999999945 ) ) ;
#11475 = EDGE_CURVE ( 'NONE', #6630, #9116, #5435, .T. ) ;
#11476 = VECTOR ( 'NONE', #7503, 1000.000000000000000 ) ;
#11477 = DIRECTION ( 'NONE',  ( 0.000000000000000000, 0.000000000000000000, 1.000000000000000000 ) ) ;
#11478 = DIRECTION ( 'NONE',  ( 0.000000000000000000, 0.000000000000000000, -1.000000000000000000 ) ) ;
#11479 = DIRECTION ( 'NONE',  ( 0.000000000000000000, 0.000000000000000000, 1.000000000000000000 ) ) ;
#11480 = AXIS2_PLACEMENT_3D ( 'NONE', #6566, #2124, #7938 ) ;
#11481 = CARTESIAN_POINT ( 'NONE',  ( 19.49999999999999289, -114.6000000000000085, 3.000000000000000000 ) ) ;
#11482 = ORIENTED_EDGE ( 'NONE', *, *, #9188, .F. ) ;
#11483 = VERTEX_POINT ( 'NONE', #7248 ) ;
#11484 = AXIS2_PLACEMENT_3D ( 'NONE', #9593, #3197, #1505 ) ;
#11485 = DIRECTION ( 'NONE',  ( 7.228014483236699514E-17, -1.000000000000000000, 0.000000000000000000 ) ) ;
#11486 = CARTESIAN_POINT ( 'NONE',  ( 55.50000000000000000, 4.000000000000000000, 0.5000000000000000000 ) ) ;
#11487 = ADVANCED_FACE ( 'NONE', ( #11540 ), #4315, .F. ) ;
#11488 = CARTESIAN_POINT ( 'NONE',  ( 39.49999999999999289, -147.6000000000000227, 3.000000000000000000 ) ) ;
#11489 = ORIENTED_EDGE ( 'NONE', *, *, #7715, .F. ) ;
#11490 = CARTESIAN_POINT ( 'NONE',  ( 39.49999999999999289, -23.60000000000001563, -14.00099999999999945 ) ) ;
#11491 = ORIENTED_EDGE ( 'NONE', *, *, #5104, .F. ) ;
#11492 = VECTOR ( 'NONE', #8577, 1000.000000000000000 ) ;
#11493 = DIRECTION ( 'NONE',  ( -1.000000000000000000, 0.000000000000000000, 0.000000000000000000 ) ) ;
#11494 = DIRECTION ( 'NONE',  ( 1.000000000000000000, 0.000000000000000000, 0.000000000000000000 ) ) ;
#11496 = EDGE_LOOP ( 'NONE', ( #4841, #11038, #10936, #3421 ) ) ;
#11495 = EDGE_CURVE ( 'NONE', #3225, #6601, #10723, .T. ) ;
#11497 = DIRECTION ( 'NONE',  ( -0.000000000000000000, -0.000000000000000000, 1.000000000000000000 ) ) ;
#11498 = VERTEX_POINT ( 'NONE', #10602 ) ;
#11499 = EDGE_CURVE ( 'NONE', #10300, #1706, #43, .T. ) ;
#11500 = DIRECTION ( 'NONE',  ( -0.000000000000000000, -1.000000000000000000, -0.000000000000000000 ) ) ;
#11501 = ORIENTED_EDGE ( 'NONE', *, *, #10510, .F. ) ;
#11502 = CARTESIAN_POINT ( 'NONE',  ( 18.50000000000000000, 0.2000000000000000111, 0.5000000000000000000 ) ) ;
#11503 = CARTESIAN_POINT ( 'NONE',  ( -0.5000000000000079936, -11.60000000000001386, 3.000000000000000000 ) ) ;
#11504 = ORIENTED_EDGE ( 'NONE', *, *, #9403, .F. ) ;
#11505 = CARTESIAN_POINT ( 'NONE',  ( 18.21999999999999886, 14.77999999999999936, 3.000000000000000000 ) ) ;
#11506 = EDGE_CURVE ( 'NONE', #3682, #687, #6184, .T. ) ;
#11507 = CARTESIAN_POINT ( 'NONE',  ( 0.000000000000000000, 10.44999999999999929, -13.00000000000000000 ) ) ;
#11508 = ORIENTED_EDGE ( 'NONE', *, *, #1236, .F. ) ;
#11509 = CIRCLE ( 'NONE', #10380, 5.299999999999998934 ) ;
#11510 = ORIENTED_EDGE ( 'NONE', *, *, #4271, .F. ) ;
#11511 = ORIENTED_EDGE ( 'NONE', *, *, #10398, .F. ) ;
#11512 = ORIENTED_EDGE ( 'NONE', *, *, #8813, .F. ) ;
#11513 = CARTESIAN_POINT ( 'NONE',  ( -0.5000000000000038858, -47.60000000000001563, 3.000000000000000000 ) ) ;
#11514 = VERTEX_POINT ( 'NONE', #8131 ) ;
#11515 = CARTESIAN_POINT ( 'NONE',  ( -0.5000000000000045519, -144.5999999999999943, 1.000000000000000888 ) ) ;
#11516 = CARTESIAN_POINT ( 'NONE',  ( 48.00000000000001421, -161.6000000000000227, 1.000000000000000000 ) ) ;
#11517 = VERTEX_POINT ( 'NONE', #7014 ) ;
#11518 = CIRCLE ( 'NONE', #7951, 0.5000000000000000000 ) ;
#11519 = FACE_BOUND ( 'NONE', #6400, .T. ) ;
#11520 = LINE ( 'NONE', #1721, #4698 ) ;
#11521 = CARTESIAN_POINT ( 'NONE',  ( -0.5000000000000059952, -135.5999999999999943, 1.000000000000000888 ) ) ;
#11522 = DIRECTION ( 'NONE',  ( 0.000000000000000000, -0.000000000000000000, 1.000000000000000000 ) ) ;
#11523 = EDGE_CURVE ( 'NONE', #3242, #8029, #2558, .T. ) ;
#11524 = EDGE_LOOP ( 'NONE', ( #11147, #1768, #1289, #5847 ) ) ;
#11525 = ORIENTED_EDGE ( 'NONE', *, *, #2499, .T. ) ;
#11526 = DIRECTION ( 'NONE',  ( -0.000000000000000000, -0.000000000000000000, 1.000000000000000000 ) ) ;
#11527 = DIRECTION ( 'NONE',  ( 0.000000000000000000, 0.000000000000000000, -1.000000000000000000 ) ) ;
#11528 = CARTESIAN_POINT ( 'NONE',  ( 39.49999999999998579, -117.6000000000000085, -14.00099999999999945 ) ) ;
#11529 = EDGE_CURVE ( 'NONE', #3190, #7177, #7133, .T. ) ;
#11530 = PLANE ( 'NONE',  #7353 ) ;
#11531 = ADVANCED_FACE ( 'NONE', ( #7193 ), #8892, .F. ) ;
#11532 = DIRECTION ( 'NONE',  ( 1.000000000000000000, 0.000000000000000000, 0.000000000000000000 ) ) ;
#11533 = CARTESIAN_POINT ( 'NONE',  ( -4.000000000000003553, 30.39999999999999858, 1.000000000000000000 ) ) ;
#11534 = DIRECTION ( 'NONE',  ( -1.000000000000000000, 0.000000000000000000, 0.000000000000000000 ) ) ;
#11535 = LINE ( 'NONE', #10779, #7273 ) ;
#11536 = EDGE_LOOP ( 'NONE', ( #9792, #7648, #838, #8189 ) ) ;
#11537 = ADVANCED_FACE ( 'NONE', ( #4434 ), #9773, .T. ) ;
#11538 = ORIENTED_EDGE ( 'NONE', *, *, #11588, .F. ) ;
#11539 = VECTOR ( 'NONE', #9308, 1000.000000000000000 ) ;
#11540 = FACE_OUTER_BOUND ( 'NONE', #2589, .T. ) ;
#11541 = CARTESIAN_POINT ( 'NONE',  ( 0.000000000000000000, 27.40000000000000213, 1.000000000000000000 ) ) ;
#11542 = FACE_BOUND ( 'NONE', #1178, .T. ) ;
#11543 = VERTEX_POINT ( 'NONE', #1924 ) ;
#11544 = CARTESIAN_POINT ( 'NONE',  ( 35.50000000000000000, -1.300000000000000044, 3.000000000000000000 ) ) ;
#11545 = VERTEX_POINT ( 'NONE', #9013 ) ;
#11546 = FACE_OUTER_BOUND ( 'NONE', #4435, .T. ) ;
#11547 = VECTOR ( 'NONE', #4703, 1000.000000000000000 ) ;
#11548 = FACE_OUTER_BOUND ( 'NONE', #5035, .T. ) ;
#11549 = EDGE_LOOP ( 'NONE', ( #6402, #6521, #8169, #9266 ) ) ;
#11550 = EDGE_CURVE ( 'NONE', #4226, #5157, #1798, .T. ) ;
#11551 = CARTESIAN_POINT ( 'NONE',  ( 18.50000000000000000, -0.2999999999999999889, 3.000000000000000000 ) ) ;
#11552 = VERTEX_POINT ( 'NONE', #927 ) ;
#11553 = DIRECTION ( 'NONE',  ( 0.000000000000000000, -1.000000000000000000, 0.000000000000000000 ) ) ;
#11554 = LINE ( 'NONE', #4215, #405 ) ;
#11555 = ORIENTED_EDGE ( 'NONE', *, *, #4990, .F. ) ;
#11556 = DIRECTION ( 'NONE',  ( -1.000000000000000000, 0.000000000000000000, 0.000000000000000000 ) ) ;
#11557 = CARTESIAN_POINT ( 'NONE',  ( 55.49999999999999289, -123.6000000000000085, 3.000000000000000000 ) ) ;
#11558 = VERTEX_POINT ( 'NONE', #3552 ) ;
#11559 = DIRECTION ( 'NONE',  ( 0.000000000000000000, -0.000000000000000000, -1.000000000000000000 ) ) ;
#11560 = LINE ( 'NONE', #6980, #6759 ) ;
#11561 = EDGE_CURVE ( 'NONE', #965, #1843, #3489, .T. ) ;
#11562 = CARTESIAN_POINT ( 'NONE',  ( 58.00000000000000711, 10.44999999999999929, 0.9861780923864235104 ) ) ;
#11563 = VERTEX_POINT ( 'NONE', #4494 ) ;
#11564 = AXIS2_PLACEMENT_3D ( 'NONE', #1743, #10724, #7743 ) ;
#11565 = VERTEX_POINT ( 'NONE', #8070 ) ;
#11566 = ORIENTED_EDGE ( 'NONE', *, *, #1999, .T. ) ;
#11567 = ORIENTED_EDGE ( 'NONE', *, *, #5562, .T. ) ;
#11568 = DIRECTION ( 'NONE',  ( 0.000000000000000000, -0.000000000000000000, -1.000000000000000000 ) ) ;
#11569 = ORIENTED_EDGE ( 'NONE', *, *, #9388, .F. ) ;
#11570 = EDGE_CURVE ( 'NONE', #993, #6257, #985, .T. ) ;
#11571 = LINE ( 'NONE', #8046, #8854 ) ;
#11572 = CARTESIAN_POINT ( 'NONE',  ( -8.000000000000003553, 34.39999999999999858, 1.000000000000000000 ) ) ;
#11573 = VERTEX_POINT ( 'NONE', #10782 ) ;
#11574 = FACE_BOUND ( 'NONE', #6293, .T. ) ;
#11575 = DIRECTION ( 'NONE',  ( 0.000000000000000000, 1.000000000000000000, 0.000000000000000000 ) ) ;
#11576 = CARTESIAN_POINT ( 'NONE',  ( 35.50000000000000000, -141.5999999999999943, 3.000000000000000000 ) ) ;
#11577 = VECTOR ( 'NONE', #9427, 1000.000000000000000 ) ;
#11578 = LINE ( 'NONE', #8811, #11429 ) ;
#11579 = VECTOR ( 'NONE', #8730, 1000.000000000000000 ) ;
#11580 = ORIENTED_EDGE ( 'NONE', *, *, #5672, .T. ) ;
#11581 = VECTOR ( 'NONE', #6413, 1000.000000000000000 ) ;
#11582 = ORIENTED_EDGE ( 'NONE', *, *, #5306, .T. ) ;
#11583 = EDGE_LOOP ( 'NONE', ( #5716, #819, #6028, #6531 ) ) ;
#11584 = AXIS2_PLACEMENT_3D ( 'NONE', #8004, #11593, #2790 ) ;
#11585 = DIRECTION ( 'NONE',  ( -0.000000000000000000, -1.000000000000000000, -0.000000000000000000 ) ) ;
#11586 = DIRECTION ( 'NONE',  ( 0.000000000000000000, 0.000000000000000000, -1.000000000000000000 ) ) ;
#11587 = DIRECTION ( 'NONE',  ( 0.000000000000000000, 1.000000000000000000, 0.000000000000000000 ) ) ;
#11588 = EDGE_CURVE ( 'NONE', #2242, #3318, #9714, .T. ) ;
#11589 = AXIS2_PLACEMENT_3D ( 'NONE', #10251, #4030, #2988 ) ;
#11590 = CARTESIAN_POINT ( 'NONE',  ( 19.49999999999999289, -23.60000000000001563, -14.00099999999999945 ) ) ;
#11591 = LINE ( 'NONE', #8885, #2598 ) ;
#11592 = DIRECTION ( 'NONE',  ( 0.000000000000000000, 0.000000000000000000, -1.000000000000000000 ) ) ;
#11593 = DIRECTION ( 'NONE',  ( -0.000000000000000000, -0.000000000000000000, -1.000000000000000000 ) ) ;
#11594 = DIRECTION ( 'NONE',  ( -1.000000000000000000, -4.921201350288809599E-16, 0.000000000000000000 ) ) ;
#11595 = VECTOR ( 'NONE', #7142, 1000.000000000000000 ) ;
#11596 = EDGE_CURVE ( 'NONE', #4446, #9588, #8011, .T. ) ;
#11597 = DIRECTION ( 'NONE',  ( 0.000000000000000000, 0.000000000000000000, 1.000000000000000000 ) ) ;
#11598 = ORIENTED_EDGE ( 'NONE', *, *, #6796, .T. ) ;
#11599 = EDGE_CURVE ( 'NONE', #9053, #2088, #809, .T. ) ;
#11600 = VECTOR ( 'NONE', #3746, 1000.000000000000000 ) ;
#11601 = EDGE_LOOP ( 'NONE', ( #253, #6625, #2072, #577 ) ) ;
#11602 = DIRECTION ( 'NONE',  ( -0.000000000000000000, -1.000000000000000000, 0.000000000000000000 ) ) ;
#11603 = DIRECTION ( 'NONE',  ( -1.000000000000000000, 0.000000000000000000, 0.000000000000000000 ) ) ;
#11604 = VECTOR ( 'NONE', #4694, 1000.000000000000000 ) ;
#11605 = CARTESIAN_POINT ( 'NONE',  ( 28.50000000000000000, 0.000000000000000000, -14.00000000000000000 ) ) ;
#11606 = CARTESIAN_POINT ( 'NONE',  ( 19.49999999999999289, -11.60000000000001386, 3.000000000000000000 ) ) ;
#11607 = EDGE_LOOP ( 'NONE', ( #7940, #8933, #2833, #2999 ) ) ;
#11608 = VECTOR ( 'NONE', #5643, 1000.000000000000000 ) ;
#11609 = EDGE_CURVE ( 'NONE', #8442, #8643, #2102, .T. ) ;
#11610 = ORIENTED_EDGE ( 'NONE', *, *, #4041, .F. ) ;
#11611 = CARTESIAN_POINT ( 'NONE',  ( 48.00000000000001421, -159.6000000000000227, -4.000000000000000000 ) ) ;
#11612 = DIRECTION ( 'NONE',  ( 0.000000000000000000, -1.000000000000000000, 0.000000000000000000 ) ) ;
#11613 = AXIS2_PLACEMENT_3D ( 'NONE', #1633, #4211, #759 ) ;
#11614 = EDGE_LOOP ( 'NONE', ( #5948, #5715, #4560, #480 ) ) ;
#11615 = EDGE_CURVE ( 'NONE', #7117, #1026, #10899, .T. ) ;
#11616 = ADVANCED_FACE ( 'NONE', ( #162 ), #10240, .F. ) ;
#11617 = CARTESIAN_POINT ( 'NONE',  ( 19.49999999999999645, -47.60000000000001563, 3.000000000000000000 ) ) ;
#11618 = ORIENTED_EDGE ( 'NONE', *, *, #6048, .F. ) ;
#11619 = PLANE ( 'NONE',  #7036 ) ;
#11620 = ORIENTED_EDGE ( 'NONE', *, *, #1744, .F. ) ;
ENDSEC;
END-ISO-10303-21;
