ISO-10303-21;
HEADER;
FILE_DESCRIPTION (( 'STEP AP214' ),
    '1' );
FILE_NAME ('Gehäuse_Guition_Sockel.STEP',
    '2026-09-30T06:12:40',
    ( '' ),
    ( '' ),
    'SwSTEP 2.0',
    'SolidWorks 2026',
    '' );
FILE_SCHEMA (( 'AUTOMOTIVE_DESIGN' ));
ENDSEC;

DATA;
#1 = CYLINDRICAL_SURFACE ( 'NONE', #1738, 1.500000000000004885 ) ;
#2 = LINE ( 'NONE', #1462, #1701 ) ;
#3 = EDGE_LOOP ( 'NONE', ( #2002, #2161, #459, #427, #835, #1215 ) ) ;
#4 = ORIENTED_EDGE ( 'NONE', *, *, #913, .F. ) ;
#5 = DIRECTION ( 'NONE',  ( -0.9063077870366500477, 0.000000000000000000, 0.4226182617406991637 ) ) ;
#6 = EDGE_LOOP ( 'NONE', ( #344, #2859, #2488, #849 ) ) ;
#7 = DIRECTION ( 'NONE',  ( -0.9945218953682734009, 0.000000000000000000, -0.1045284632676531239 ) ) ;
#8 = EDGE_CURVE ( 'NONE', #3036, #352, #1700, .T. ) ;
#9 = LINE ( 'NONE', #1990, #570 ) ;
#10 = EDGE_CURVE ( 'NONE', #2024, #316, #2640, .T. ) ;
#11 = VERTEX_POINT ( 'NONE', #1638 ) ;
#12 = VECTOR ( 'NONE', #315, 1000.000000000000000 ) ;
#13 = VECTOR ( 'NONE', #911, 1000.000000000000000 ) ;
#14 = VECTOR ( 'NONE', #2912, 1000.000000000000114 ) ;
#15 = CARTESIAN_POINT ( 'NONE',  ( 46.66024316967938290, 74.53300858899110892, -81.94092895226569340 ) ) ;
#16 = FACE_OUTER_BOUND ( 'NONE', #2880, .T. ) ;
#17 = DIRECTION ( 'NONE',  ( 0.000000000000000000, -0.000000000000000000, 1.000000000000000000 ) ) ;
#18 = SHAPE_DEFINITION_REPRESENTATION ( #1113, #2460 ) ;
#19 = ORIENTED_EDGE ( 'NONE', *, *, #57, .T. ) ;
#20 = ORIENTED_EDGE ( 'NONE', *, *, #2194, .T. ) ;
#21 = CARTESIAN_POINT ( 'NONE',  ( 72.35885782813546996, 13.50000000000000000, -12.63286247078345603 ) ) ;
#22 = VERTEX_POINT ( 'NONE', #1862 ) ;
#23 = EDGE_CURVE ( 'NONE', #1985, #1517, #2119, .T. ) ;
#24 = CARTESIAN_POINT ( 'NONE',  ( 70.18957583902275132, 43.00000000000000000, -31.48211220788733300 ) ) ;
#25 = VECTOR ( 'NONE', #1067, 1000.000000000000000 ) ;
#26 = DIRECTION ( 'NONE',  ( -0.000000000000000000, -0.000000000000000000, 1.000000000000000000 ) ) ;
#27 = ORIENTED_EDGE ( 'NONE', *, *, #1532, .F. ) ;
#28 = DIRECTION ( 'NONE',  ( -0.4226182617407014397, -0.000000000000000000, -0.9063077870366492705 ) ) ;
#29 = CARTESIAN_POINT ( 'NONE',  ( 70.66838478117266220, 5.500000000000000000, -16.25809361893005445 ) ) ;
#30 = DIRECTION ( 'NONE',  ( -0.9063077870366493816, 1.294224922628222493E-31, 0.4226182617407004405 ) ) ;
#31 = CARTESIAN_POINT ( 'NONE',  ( 72.35885782813545575, 23.50000000000000000, -12.63286247078344893 ) ) ;
#32 = DIRECTION ( 'NONE',  ( -0.4226182617407015507, -0.000000000000000000, -0.9063077870366490485 ) ) ;
#33 = ORIENTED_EDGE ( 'NONE', *, *, #2151, .F. ) ;
#34 = EDGE_LOOP ( 'NONE', ( #1445, #1393, #2543, #3018 ) ) ;
#35 = AXIS2_PLACEMENT_3D ( 'NONE', #2399, #2915, #195 ) ;
#36 = CARTESIAN_POINT ( 'NONE',  ( 72.24547431399443553, 0.000000000000000000, -38.90423161620805814 ) ) ;
#37 = ORIENTED_EDGE ( 'NONE', *, *, #2536, .F. ) ;
#38 = CARTESIAN_POINT ( 'NONE',  ( 13.34357214459343233, 33.50000000000000000, -2.067405927265921761 ) ) ;
#39 = VECTOR ( 'NONE', #1470, 1000.000000000000227 ) ;
#40 = VECTOR ( 'NONE', #2037, 1000.000000000000000 ) ;
#41 = AXIS2_PLACEMENT_3D ( 'NONE', #2180, #957, #716 ) ;
#42 = DIRECTION ( 'NONE',  ( -0.9063077870366484934, 2.602085213965216953E-15, 0.4226182617407026609 ) ) ;
#43 = ORIENTED_EDGE ( 'NONE', *, *, #8, .T. ) ;
#44 = DIRECTION ( 'NONE',  ( -0.4226182617407013287, -0.000000000000000000, -0.9063077870366490485 ) ) ;
#45 = LINE ( 'NONE', #1771, #2413 ) ;
#46 = DIRECTION ( 'NONE',  ( 0.000000000000000000, -1.000000000000000000, 0.000000000000000000 ) ) ;
#47 = ORIENTED_EDGE ( 'NONE', *, *, #535, .T. ) ;
#48 = PLANE ( 'NONE',  #2813 ) ;
#49 = EDGE_CURVE ( 'NONE', #2732, #1572, #137, .T. ) ;
#50 = VECTOR ( 'NONE', #861, 1000.000000000000000 ) ;
#51 = DIRECTION ( 'NONE',  ( 3.154042683594196600E-16, 0.000000000000000000, 1.000000000000000000 ) ) ;
#52 = CARTESIAN_POINT ( 'NONE',  ( 51.19178210486264646, 74.53300858899110892, -84.05402026096919599 ) ) ;
#53 = EDGE_CURVE ( 'NONE', #324, #300, #1827, .T. ) ;
#54 = DIRECTION ( 'NONE',  ( -0.000000000000000000, -1.000000000000000000, -0.000000000000000000 ) ) ;
#55 = ORIENTED_EDGE ( 'NONE', *, *, #1813, .F. ) ;
#56 = ORIENTED_EDGE ( 'NONE', *, *, #1236, .T. ) ;
#57 = EDGE_CURVE ( 'NONE', #1539, #597, #2687, .T. ) ;
#58 = CARTESIAN_POINT ( 'NONE',  ( 43.67188078237817450, -38.60407640085661285, -88.34949277282360924 ) ) ;
#59 = ORIENTED_EDGE ( 'NONE', *, *, #158, .F. ) ;
#60 = DIRECTION ( 'NONE',  ( 0.4226182617407008291, 0.000000000000000000, 0.9063077870366493816 ) ) ;
#61 = ADVANCED_FACE ( 'NONE', ( #2850 ), #641, .F. ) ;
#62 = DIRECTION ( 'NONE',  ( 0.4226182617406992748, 0.000000000000000000, 0.9063077870366500477 ) ) ;
#63 = ORIENTED_EDGE ( 'NONE', *, *, #1088, .T. ) ;
#64 = CARTESIAN_POINT ( 'NONE',  ( 38.40773202918477836, 38.00000000000000000, -14.45523921114879862 ) ) ;
#65 = DIRECTION ( 'NONE',  ( 0.9063077870366494926, 0.000000000000000000, -0.4226182617407003850 ) ) ;
#66 = CARTESIAN_POINT ( 'NONE',  ( 61.90578264543638198, 5.000000000000000000, -6.655135542858397812 ) ) ;
#67 = EDGE_CURVE ( 'NONE', #366, #2321, #674, .T. ) ;
#68 = VECTOR ( 'NONE', #1022, 1000.000000000000000 ) ;
#69 = ORIENTED_EDGE ( 'NONE', *, *, #969, .T. ) ;
#70 = DIRECTION ( 'NONE',  ( 0.000000000000000000, -1.084202172485504434E-16, -1.000000000000000000 ) ) ;
#71 = CARTESIAN_POINT ( 'NONE',  ( 76.89039676331873352, 33.49999999999999289, -14.74595377948696751 ) ) ;
#72 = DIRECTION ( 'NONE',  ( -0.2988362387301202738, -0.7071067811865482389, -0.6408563820557876545 ) ) ;
#73 = EDGE_CURVE ( 'NONE', #448, #3035, #625, .T. ) ;
#74 = ORIENTED_EDGE ( 'NONE', *, *, #2405, .F. ) ;
#75 = ORIENTED_EDGE ( 'NONE', *, *, #1695, .T. ) ;
#76 = CARTESIAN_POINT ( 'NONE',  ( 70.66838478117266220, 33.49999999999999289, -16.25809361893005089 ) ) ;
#77 = EDGE_LOOP ( 'NONE', ( #2057, #547 ) ) ;
#78 = CYLINDRICAL_SURFACE ( 'NONE', #3079, 1.500000000000004885 ) ;
#79 = LINE ( 'NONE', #1522, #1512 ) ;
#80 = EDGE_CURVE ( 'NONE', #882, #246, #1362, .T. ) ;
#81 = CARTESIAN_POINT ( 'NONE',  ( 34.84357214459343055, 43.00000000000000000, -15.00000000000000000 ) ) ;
#82 = DIRECTION ( 'NONE',  ( 0.9063077870366489375, 0.000000000000000000, -0.4226182617407016062 ) ) ;
#83 = DIRECTION ( 'NONE',  ( 0.4226182617407003295, 0.000000000000000000, 0.9063077870366494926 ) ) ;
#84 = EDGE_LOOP ( 'NONE', ( #3040, #1662 ) ) ;
#85 = CARTESIAN_POINT ( 'NONE',  ( 18.00000000000000000, 13.49999999999999822, 2.017049592633157337E-15 ) ) ;
#86 = CARTESIAN_POINT ( 'NONE',  ( 76.89039676331873352, 25.50000000000000355, -14.74595377948696751 ) ) ;
#87 = CARTESIAN_POINT ( 'NONE',  ( 21.50000000000000355, 38.99999999999999289, -15.00000000000000000 ) ) ;
#88 = ORIENTED_EDGE ( 'NONE', *, *, #2204, .T. ) ;
#89 = ORIENTED_EDGE ( 'NONE', *, *, #891, .F. ) ;
#90 = LINE ( 'NONE', #1817, #40 ) ;
#91 = EDGE_LOOP ( 'NONE', ( #654, #1027, #3038, #1137 ) ) ;
#92 = CARTESIAN_POINT ( 'NONE',  ( 70.54624225406217874, 2.000000000000000000, -11.78762594730205571 ) ) ;
#93 = CIRCLE ( 'NONE', #2044, 10.00000000000000355 ) ;
#94 = VECTOR ( 'NONE', #1214, 1000.000000000000000 ) ;
#95 = CIRCLE ( 'NONE', #762, 1.499999999999999556 ) ;
#96 = CIRCLE ( 'NONE', #1994, 1.500000000000004885 ) ;
#97 = EDGE_CURVE ( 'NONE', #2788, #2575, #1605, .T. ) ;
#98 = EDGE_CURVE ( 'NONE', #2648, #1517, #396, .T. ) ;
#99 = VECTOR ( 'NONE', #2178, 1000.000000000000000 ) ;
#100 = ADVANCED_FACE ( 'NONE', ( #434 ), #155, .F. ) ;
#101 = EDGE_LOOP ( 'NONE', ( #2703, #433, #2865, #1710 ) ) ;
#102 = DIRECTION ( 'NONE',  ( -0.4226182617407015507, -0.000000000000000000, -0.9063077870366490485 ) ) ;
#103 = CARTESIAN_POINT ( 'NONE',  ( 0.000000000000000000, 43.00000000000000000, 0.000000000000000000 ) ) ;
#104 = ORIENTED_EDGE ( 'NONE', *, *, #2704, .T. ) ;
#105 = DIRECTION ( 'NONE',  ( -1.000000000000000000, -0.000000000000000000, -0.000000000000000000 ) ) ;
#106 = EDGE_CURVE ( 'NONE', #598, #2434, #419, .T. ) ;
#107 = EDGE_CURVE ( 'NONE', #2171, #2071, #1412, .T. ) ;
#108 = DIRECTION ( 'NONE',  ( 0.9063077870366494926, -0.000000000000000000, -0.4226182617407004405 ) ) ;
#109 = DIRECTION ( 'NONE',  ( 1.000000000000000000, 0.000000000000000000, 0.000000000000000000 ) ) ;
#110 = EDGE_LOOP ( 'NONE', ( #1453, #1034, #752, #3101 ) ) ;
#111 = EDGE_LOOP ( 'NONE', ( #1259, #2319, #1008, #673 ) ) ;
#112 = DIRECTION ( 'NONE',  ( 0.000000000000000000, -1.000000000000000000, 0.000000000000000000 ) ) ;
#113 = ORIENTED_EDGE ( 'NONE', *, *, #341, .T. ) ;
#114 = LINE ( 'NONE', #2285, #1796 ) ;
#115 = EDGE_CURVE ( 'NONE', #2071, #2738, #1970, .T. ) ;
#116 = VERTEX_POINT ( 'NONE', #120 ) ;
#117 = DIRECTION ( 'NONE',  ( 0.9063077870366491595, -0.000000000000000000, -0.4226182617407011621 ) ) ;
#118 = DIRECTION ( 'NONE',  ( -0.4226182617407014952, -0.000000000000000000, -0.9063077870366489375 ) ) ;
#119 = ORIENTED_EDGE ( 'NONE', *, *, #2582, .T. ) ;
#120 = CARTESIAN_POINT ( 'NONE',  ( 68.85576920709937099, 13.49999999999999822, -15.41285709544865057 ) ) ;
#121 = LINE ( 'NONE', #862, #2361 ) ;
#122 = LINE ( 'NONE', #558, #1645 ) ;
#123 = PLANE ( 'NONE',  #2698 ) ;
#124 = ORIENTED_EDGE ( 'NONE', *, *, #3097, .F. ) ;
#125 = ORIENTED_EDGE ( 'NONE', *, *, #3034, .F. ) ;
#126 = DIRECTION ( 'NONE',  ( 0.9063077870366491595, 0.000000000000000000, -0.4226182617407011066 ) ) ;
#127 = ORIENTED_EDGE ( 'NONE', *, *, #341, .F. ) ;
#128 = LINE ( 'NONE', #869, #2674 ) ;
#129 = AXIS2_PLACEMENT_3D ( 'NONE', #431, #2847, #1409 ) ;
#130 = DIRECTION ( 'NONE',  ( 0.9063077870366494926, -0.000000000000000000, -0.4226182617407004405 ) ) ;
#131 = VECTOR ( 'NONE', #2737, 1000.000000000000227 ) ;
#132 = ORIENTED_EDGE ( 'NONE', *, *, #839, .T. ) ;
#133 = CARTESIAN_POINT ( 'NONE',  ( 38.98010009992598413, 38.00000000000000000, -9.205249231006360944 ) ) ;
#134 = CARTESIAN_POINT ( 'NONE',  ( 71.39147877754359683, 37.99999999999999289, -9.975010373228755611 ) ) ;
#135 = ORIENTED_EDGE ( 'NONE', *, *, #53, .T. ) ;
#136 = VECTOR ( 'NONE', #1384, 1000.000000000000000 ) ;
#137 = LINE ( 'NONE', #1893, #1192 ) ;
#138 =( NAMED_UNIT ( * ) SI_UNIT ( $, .STERADIAN. ) SOLID_ANGLE_UNIT ( ) );
#139 = LINE ( 'NONE', #3088, #509 ) ;
#140 = PLANE ( 'NONE',  #993 ) ;
#141 = ORIENTED_EDGE ( 'NONE', *, *, #1357, .F. ) ;
#142 = FACE_OUTER_BOUND ( 'NONE', #1873, .T. ) ;
#143 = ORIENTED_EDGE ( 'NONE', *, *, #1831, .T. ) ;
#144 = DIRECTION ( 'NONE',  ( -0.000000000000000000, -0.000000000000000000, 1.000000000000000000 ) ) ;
#145 = ADVANCED_FACE ( 'NONE', ( #1138 ), #1345, .F. ) ;
#146 = EDGE_LOOP ( 'NONE', ( #261, #2846, #3078, #819 ) ) ;
#147 = FACE_OUTER_BOUND ( 'NONE', #2298, .T. ) ;
#148 = DIRECTION ( 'NONE',  ( -0.4226182617407012732, 0.000000000000000000, -0.9063077870366490485 ) ) ;
#149 = CIRCLE ( 'NONE', #1949, 1.699999999999993072 ) ;
#150 = ORIENTED_EDGE ( 'NONE', *, *, #240, .F. ) ;
#151 = DIRECTION ( 'NONE',  ( -0.4226182617407010511, -0.000000000000000000, -0.9063077870366491595 ) ) ;
#152 = FACE_OUTER_BOUND ( 'NONE', #989, .T. ) ;
#153 = AXIS2_PLACEMENT_3D ( 'NONE', #2098, #798, #2227 ) ;
#154 = PLANE ( 'NONE',  #2225 ) ;
#155 = CYLINDRICAL_SURFACE ( 'NONE', #2528, 20.00000000000000711 ) ;
#156 = CIRCLE ( 'NONE', #2571, 1.499999999999999556 ) ;
#157 = VECTOR ( 'NONE', #2337, 1000.000000000000000 ) ;
#158 = EDGE_CURVE ( 'NONE', #630, #2374, #3120, .T. ) ;
#159 = ADVANCED_FACE ( 'NONE', ( #2340 ), #2669, .T. ) ;
#160 = EDGE_LOOP ( 'NONE', ( #3060, #2989, #811, #664 ) ) ;
#161 = DIRECTION ( 'NONE',  ( 0.000000000000000000, -1.000000000000000000, 1.084202172485504434E-16 ) ) ;
#162 = EDGE_CURVE ( 'NONE', #2234, #1209, #2182, .T. ) ;
#163 = CARTESIAN_POINT ( 'NONE',  ( 71.39147877754359683, 4.999999999999997335, -9.975010373228755611 ) ) ;
#164 = FACE_OUTER_BOUND ( 'NONE', #1320, .T. ) ;
#165 = ORIENTED_EDGE ( 'NONE', *, *, #807, .T. ) ;
#166 = CARTESIAN_POINT ( 'NONE',  ( 18.00000000000000000, 29.50000000000000000, 0.000000000000000000 ) ) ;
#167 = VERTEX_POINT ( 'NONE', #948 ) ;
#168 = FACE_OUTER_BOUND ( 'NONE', #1386, .T. ) ;
#169 = EDGE_CURVE ( 'NONE', #1765, #2558, #1188, .T. ) ;
#170 = ORIENTED_EDGE ( 'NONE', *, *, #2688, .F. ) ;
#171 = LINE ( 'NONE', #2132, #2744 ) ;
#172 = LINE ( 'NONE', #432, #1585 ) ;
#173 = ORIENTED_EDGE ( 'NONE', *, *, #179, .T. ) ;
#174 = CARTESIAN_POINT ( 'NONE',  ( 70.18957583902275132, 43.00000000000000000, -31.48211220788733300 ) ) ;
#175 = ADVANCED_FACE ( 'NONE', ( #1688 ), #467, .T. ) ;
#176 = VERTEX_POINT ( 'NONE', #936 ) ;
#177 = CARTESIAN_POINT ( 'NONE',  ( 72.35885782813546996, 33.49999999999999289, -12.63286247078345603 ) ) ;
#178 = CARTESIAN_POINT ( 'NONE',  ( 71.98338197571490582, 40.99999999999999289, -30.00148411685110261 ) ) ;
#179 = EDGE_CURVE ( 'NONE', #1773, #1616, #1170, .T. ) ;
#180 = VECTOR ( 'NONE', #810, 1000.000000000000114 ) ;
#181 = LINE ( 'NONE', #940, #2949 ) ;
#182 = ORIENTED_EDGE ( 'NONE', *, *, #3164, .T. ) ;
#183 = LINE ( 'NONE', #2143, #2768 ) ;
#184 = ORIENTED_EDGE ( 'NONE', *, *, #2536, .T. ) ;
#185 = DIRECTION ( 'NONE',  ( -0.000000000000000000, -0.000000000000000000, 1.000000000000000000 ) ) ;
#186 = VECTOR ( 'NONE', #1098, 1000.000000000000114 ) ;
#187 = EDGE_LOOP ( 'NONE', ( #785, #2857, #228, #3030, #1122, #3161 ) ) ;
#188 = CARTESIAN_POINT ( 'NONE',  ( 0.000000000000000000, 0.000000000000000000, -14.99999999999999289 ) ) ;
#189 = CARTESIAN_POINT ( 'NONE',  ( 40.68351839507698742, 74.53300858899113734, -94.75805659338146825 ) ) ;
#190 = AXIS2_PLACEMENT_3D ( 'NONE', #3033, #3016, #833 ) ;
#191 = EDGE_LOOP ( 'NONE', ( #2943, #1664, #1624, #2402 ) ) ;
#192 = CARTESIAN_POINT ( 'NONE',  ( 69.58081543672871305, 5.000000000000000000, -15.75095170484121887 ) ) ;
#193 = ADVANCED_FACE ( 'NONE', ( #1671, #706 ), #2150, .T. ) ;
#194 = DIRECTION ( 'NONE',  ( -0.9063077870366489375, -0.000000000000000000, 0.4226182617407016062 ) ) ;
#195 = DIRECTION ( 'NONE',  ( 1.000000000000000000, 0.000000000000000000, 0.000000000000000000 ) ) ;
#196 = CARTESIAN_POINT ( 'NONE',  ( 42.06154657585057777, 5.000000000000000000, -10.64215132092474292 ) ) ;
#197 = ORIENTED_EDGE ( 'NONE', *, *, #733, .F. ) ;
#198 = DIRECTION ( 'NONE',  ( -0.9063077870366489375, 0.000000000000000000, 0.4226182617407015507 ) ) ;
#199 = ORIENTED_EDGE ( 'NONE', *, *, #1913, .T. ) ;
#200 = LINE ( 'NONE', #461, #2165 ) ;
#201 = ORIENTED_EDGE ( 'NONE', *, *, #1653, .F. ) ;
#202 = DIRECTION ( 'NONE',  ( 0.2988362387301198853, -0.7071067811865487940, 0.6408563820557869883 ) ) ;
#203 = DIRECTION ( 'NONE',  ( 0.4226182617407013842, 1.612506045777501425E-16, 0.9063077870366491595 ) ) ;
#204 = EDGE_CURVE ( 'NONE', #1149, #2947, #995, .T. ) ;
#205 = EDGE_CURVE ( 'NONE', #1473, #1279, #1200, .T. ) ;
#206 = AXIS2_PLACEMENT_3D ( 'NONE', #656, #1410, #394 ) ;
#207 = ORIENTED_EDGE ( 'NONE', *, *, #2950, .T. ) ;
#208 = CARTESIAN_POINT ( 'NONE',  ( 75.19992371635592576, 25.50000000000000355, -18.37118492763356414 ) ) ;
#209 = EDGE_CURVE ( 'NONE', #2212, #335, #2926, .T. ) ;
#210 = CIRCLE ( 'NONE', #816, 1.500000000000004885 ) ;
#211 = CIRCLE ( 'NONE', #471, 1.699999999999984857 ) ;
#212 = VECTOR ( 'NONE', #2930, 1000.000000000000000 ) ;
#213 = CIRCLE ( 'NONE', #1702, 1.500000000000004885 ) ;
#214 = EDGE_CURVE ( 'NONE', #2138, #1177, #181, .T. ) ;
#215 = VECTOR ( 'NONE', #1680, 1000.000000000000227 ) ;
#216 = CARTESIAN_POINT ( 'NONE',  ( 70.96886051580288779, 4.999999999999997335, -10.88131816026541365 ) ) ;
#217 = CARTESIAN_POINT ( 'NONE',  ( 51.19178210486262515, -31.53300858899112669, -84.05402026096923862 ) ) ;
#218 = DIRECTION ( 'NONE',  ( -0.9063077870366500477, 0.000000000000000000, 0.4226182617406991637 ) ) ;
#219 = DIRECTION ( 'NONE',  ( -0.9063077870366489375, 0.000000000000000000, 0.4226182617407014952 ) ) ;
#220 = ORIENTED_EDGE ( 'NONE', *, *, #2704, .F. ) ;
#221 = LINE ( 'NONE', #234, #1080 ) ;
#222 = ADVANCED_FACE ( 'NONE', ( #1142 ), #2891, .F. ) ;
#223 = VECTOR ( 'NONE', #1843, 1000.000000000000227 ) ;
#224 = ORIENTED_EDGE ( 'NONE', *, *, #740, .T. ) ;
#225 = CARTESIAN_POINT ( 'NONE',  ( 42.06154657585058487, 38.00000000000000000, -10.64215132092474647 ) ) ;
#226 = DIRECTION ( 'NONE',  ( -0.9063077870366489375, 0.000000000000000000, 0.4226182617407014952 ) ) ;
#227 = EDGE_CURVE ( 'NONE', #2665, #649, #2676, .T. ) ;
#228 = ORIENTED_EDGE ( 'NONE', *, *, #2624, .F. ) ;
#229 = DIRECTION ( 'NONE',  ( -0.4226182617407015507, -0.000000000000000000, -0.9063077870366490485 ) ) ;
#230 = CARTESIAN_POINT ( 'NONE',  ( 34.84357214459343055, 2.000000000000000000, -12.49999999999999822 ) ) ;
#231 = CYLINDRICAL_SURFACE ( 'NONE', #926, 1.699999999999992406 ) ;
#232 = DIRECTION ( 'NONE',  ( 0.000000000000000000, -1.000000000000000000, 0.000000000000000000 ) ) ;
#233 = ORIENTED_EDGE ( 'NONE', *, *, #2392, .T. ) ;
#234 = CARTESIAN_POINT ( 'NONE',  ( 70.54624225406217874, 37.99999999999999289, -11.78762594730206281 ) ) ;
#235 = VERTEX_POINT ( 'NONE', #196 ) ;
#236 = DIRECTION ( 'NONE',  ( 0.4226182617407004960, 0.000000000000000000, 0.9063077870366494926 ) ) ;
#237 = VERTEX_POINT ( 'NONE', #696 ) ;
#238 = LINE ( 'NONE', #2998, #3076 ) ;
#239 = DIRECTION ( 'NONE',  ( -0.9063077870366491595, 0.000000000000000000, 0.4226182617407011621 ) ) ;
#240 = EDGE_CURVE ( 'NONE', #682, #2992, #1158, .T. ) ;
#241 = LINE ( 'NONE', #2185, #761 ) ;
#242 = ORIENTED_EDGE ( 'NONE', *, *, #825, .F. ) ;
#243 = CARTESIAN_POINT ( 'NONE',  ( 70.96886051580288779, 37.99999999999999289, -10.88131816026541365 ) ) ;
#244 = ADVANCED_FACE ( 'NONE', ( #2141, #164 ), #476, .F. ) ;
#245 = CARTESIAN_POINT ( 'NONE',  ( 18.49999999999999645, 38.99999999999999289, -15.00000000000000000 ) ) ;
#246 = VERTEX_POINT ( 'NONE', #1419 ) ;
#247 = VECTOR ( 'NONE', #2429, 1000.000000000000000 ) ;
#248 = AXIS2_PLACEMENT_3D ( 'NONE', #1868, #3109, #2613 ) ;
#249 = CIRCLE ( 'NONE', #2362, 1.499999999999999556 ) ;
#250 = UNCERTAINTY_MEASURE_WITH_UNIT (LENGTH_MEASURE( 1.000000000000000082E-05 ), #703, 'distance_accuracy_value', 'NONE');
#251 = VECTOR ( 'NONE', #1707, 1000.000000000000000 ) ;
#252 = FACE_OUTER_BOUND ( 'NONE', #452, .T. ) ;
#253 = CARTESIAN_POINT ( 'NONE',  ( 7.500000000000000000, 38.99999999999999289, -15.00000000000000000 ) ) ;
#254 = ADVANCED_FACE ( 'NONE', ( #2160 ), #951, .F. ) ;
#255 = AXIS2_PLACEMENT_3D ( 'NONE', #3027, #2739, #2777 ) ;
#256 = FACE_BOUND ( 'NONE', #1755, .T. ) ;
#257 = ORIENTED_EDGE ( 'NONE', *, *, #2194, .F. ) ;
#258 = ORIENTED_EDGE ( 'NONE', *, *, #2793, .T. ) ;
#259 = EDGE_CURVE ( 'NONE', #2569, #3036, #701, .T. ) ;
#260 = CYLINDRICAL_SURFACE ( 'NONE', #2051, 1.700000000000005729 ) ;
#261 = ORIENTED_EDGE ( 'NONE', *, *, #3111, .T. ) ;
#262 = DIRECTION ( 'NONE',  ( -0.9063077870366491595, 0.000000000000000000, 0.4226182617407011621 ) ) ;
#263 = ORIENTED_EDGE ( 'NONE', *, *, #1120, .F. ) ;
#264 = CARTESIAN_POINT ( 'NONE',  ( 71.12153867469100987, 5.000000000000000000, -16.46940274980040897 ) ) ;
#265 = EDGE_CURVE ( 'NONE', #2080, #324, #2368, .T. ) ;
#266 = CARTESIAN_POINT ( 'NONE',  ( 34.84357214459343055, 41.00000000000000000, -12.49999999999999822 ) ) ;
#267 = CARTESIAN_POINT ( 'NONE',  ( 43.67188078237819582, 67.46194077712563342, -88.34949277282358082 ) ) ;
#268 = DIRECTION ( 'NONE',  ( -0.9063077870366482713, 0.000000000000000000, 0.4226182617407031605 ) ) ;
#269 = ORIENTED_EDGE ( 'NONE', *, *, #2867, .F. ) ;
#270 = ORIENTED_EDGE ( 'NONE', *, *, #2237, .T. ) ;
#271 = CARTESIAN_POINT ( 'NONE',  ( 70.96886051580288779, 37.99999999999999289, -10.88131816026541365 ) ) ;
#272 = VERTEX_POINT ( 'NONE', #2611 ) ;
#273 = CARTESIAN_POINT ( 'NONE',  ( 72.24547431399442132, -10.00000000000000178, -38.90423161620805104 ) ) ;
#274 = DIRECTION ( 'NONE',  ( -0.2988362387301193857, 0.7071067811865519026, -0.6408563820557839907 ) ) ;
#275 = ORIENTED_EDGE ( 'NONE', *, *, #2347, .T. ) ;
#276 = DIRECTION ( 'NONE',  ( 0.000000000000000000, -1.000000000000000000, 0.000000000000000000 ) ) ;
#277 = CIRCLE ( 'NONE', #2075, 1.699999999999993072 ) ;
#278 = CARTESIAN_POINT ( 'NONE',  ( 51.19178210486263936, -31.53300858899112669, -84.05402026096922441 ) ) ;
#279 = FACE_OUTER_BOUND ( 'NONE', #1358, .T. ) ;
#280 = CARTESIAN_POINT ( 'NONE',  ( 38.40773202918477836, 38.00000000000000000, -14.45523921114879862 ) ) ;
#281 = VERTEX_POINT ( 'NONE', #1918 ) ;
#282 = ORIENTED_EDGE ( 'NONE', *, *, #596, .F. ) ;
#283 = LINE ( 'NONE', #2706, #619 ) ;
#284 = VERTEX_POINT ( 'NONE', #681 ) ;
#285 = CARTESIAN_POINT ( 'NONE',  ( 38.98010009992597702, 5.000000000000000000, -9.205249231006357391 ) ) ;
#286 = CIRCLE ( 'NONE', #2661, 1.699999999999991518 ) ;
#287 = DIRECTION ( 'NONE',  ( -0.000000000000000000, -0.000000000000000000, 1.000000000000000000 ) ) ;
#288 = ORIENTED_EDGE ( 'NONE', *, *, #1714, .T. ) ;
#289 = DIRECTION ( 'NONE',  ( 0.000000000000000000, -0.000000000000000000, 1.000000000000000000 ) ) ;
#290 = EDGE_CURVE ( 'NONE', #991, #1351, #3142, .T. ) ;
#291 = EDGE_CURVE ( 'NONE', #682, #820, #2871, .T. ) ;
#292 = PLANE ( 'NONE',  #1153 ) ;
#293 = VERTEX_POINT ( 'NONE', #2400 ) ;
#294 = CARTESIAN_POINT ( 'NONE',  ( 54.18014449216385486, 81.60407640085658443, -77.64545644041129435 ) ) ;
#295 = ADVANCED_FACE ( 'NONE', ( #1884 ), #2904, .F. ) ;
#296 = DIRECTION ( 'NONE',  ( -0.4226182617407011066, 0.000000000000000000, -0.9063077870366491595 ) ) ;
#297 = LINE ( 'NONE', #1777, #3118 ) ;
#298 = CARTESIAN_POINT ( 'NONE',  ( 18.00000000000000000, 13.49999999999999822, -7.999999999999998224 ) ) ;
#299 = VECTOR ( 'NONE', #814, 1000.000000000000000 ) ;
#300 = VERTEX_POINT ( 'NONE', #1403 ) ;
#301 = VECTOR ( 'NONE', #2990, 1000.000000000000000 ) ;
#302 = ORIENTED_EDGE ( 'NONE', *, *, #1218, .T. ) ;
#303 = CARTESIAN_POINT ( 'NONE',  ( 68.85576920709937099, 2.000000000000000000, -15.41285709544865234 ) ) ;
#304 = ORIENTED_EDGE ( 'NONE', *, *, #205, .F. ) ;
#305 = DIRECTION ( 'NONE',  ( 0.000000000000000000, 0.000000000000000000, 1.000000000000000000 ) ) ;
#306 =( GEOMETRIC_REPRESENTATION_CONTEXT ( 3 ) GLOBAL_UNCERTAINTY_ASSIGNED_CONTEXT ( ( #2208 ) ) GLOBAL_UNIT_ASSIGNED_CONTEXT ( ( #626, #2484, #138 ) ) REPRESENTATION_CONTEXT ( 'NONE', 'WORKASPACE' ) );
#307 = CIRCLE ( 'NONE', #3138, 1.699999999999993072 ) ;
#308 = AXIS2_PLACEMENT_3D ( 'NONE', #2695, #2205, #1476 ) ;
#309 = EDGE_CURVE ( 'NONE', #2992, #2838, #1646, .T. ) ;
#310 = LINE ( 'NONE', #1767, #131 ) ;
#311 = ORIENTED_EDGE ( 'NONE', *, *, #2207, .T. ) ;
#312 = CARTESIAN_POINT ( 'NONE',  ( 6.394600187392398105, 0.000000000000000000, 13.71326435575463520 ) ) ;
#313 = CYLINDRICAL_SURFACE ( 'NONE', #357, 10.00000000000000355 ) ;
#314 = EDGE_CURVE ( 'NONE', #3147, #1488, #1255, .T. ) ;
#315 = DIRECTION ( 'NONE',  ( 1.000000000000000000, 0.000000000000000000, 0.000000000000000000 ) ) ;
#316 = VERTEX_POINT ( 'NONE', #1001 ) ;
#317 = CARTESIAN_POINT ( 'NONE',  ( 40.52082333788827384, 5.000000000000000000, -9.923700275965549267 ) ) ;
#318 = VECTOR ( 'NONE', #2620, 1000.000000000000000 ) ;
#319 = DIRECTION ( 'NONE',  ( -0.4226182617407015507, -0.000000000000000000, -0.9063077870366490485 ) ) ;
#320 = DIRECTION ( 'NONE',  ( -0.000000000000000000, -0.000000000000000000, 1.000000000000000000 ) ) ;
#321 = EDGE_LOOP ( 'NONE', ( #2986, #2587, #1194, #1832 ) ) ;
#322 = VERTEX_POINT ( 'NONE', #457 ) ;
#323 = CARTESIAN_POINT ( 'NONE',  ( 41.12665539029471518, 8.000000000000000000, -15.72309399637090266 ) ) ;
#324 = VERTEX_POINT ( 'NONE', #438 ) ;
#325 = DIRECTION ( 'NONE',  ( 0.000000000000000000, -1.000000000000000000, 0.000000000000000000 ) ) ;
#326 = CARTESIAN_POINT ( 'NONE',  ( 73.71831950869047034, 36.99999999999999289, -13.26678986339451960 ) ) ;
#327 = DIRECTION ( 'NONE',  ( -0.9063077870366489375, 0.000000000000000000, 0.4226182617407014952 ) ) ;
#328 = FACE_OUTER_BOUND ( 'NONE', #2425, .T. ) ;
#329 = CARTESIAN_POINT ( 'NONE',  ( 4.500000000000000888, 38.99999999999999289, 0.000000000000000000 ) ) ;
#330 = CIRCLE ( 'NONE', #2137, 1.700000000000000400 ) ;
#331 = EDGE_LOOP ( 'NONE', ( #182, #2349 ) ) ;
#332 = LINE ( 'NONE', #1530, #2087 ) ;
#333 = CYLINDRICAL_SURFACE ( 'NONE', #412, 1.699999999999993072 ) ;
#334 = CARTESIAN_POINT ( 'NONE',  ( 67.62777523501924293, 21.49999999999998934, -48.80691924790092884 ) ) ;
#335 = VERTEX_POINT ( 'NONE', #2175 ) ;
#336 = ORIENTED_EDGE ( 'NONE', *, *, #812, .T. ) ;
#337 = VECTOR ( 'NONE', #962, 1000.000000000000114 ) ;
#338 = DIRECTION ( 'NONE',  ( 1.991441599360792004E-16, -0.000000000000000000, 1.000000000000000000 ) ) ;
#339 = ORIENTED_EDGE ( 'NONE', *, *, #582, .T. ) ;
#340 = LINE ( 'NONE', #92, #874 ) ;
#341 = EDGE_CURVE ( 'NONE', #439, #1921, #3156, .T. ) ;
#342 = ADVANCED_FACE ( 'NONE', ( #1271 ), #2480, .T. ) ;
#343 = EDGE_CURVE ( 'NONE', #1985, #2812, #332, .T. ) ;
#344 = ORIENTED_EDGE ( 'NONE', *, *, #2449, .F. ) ;
#345 = CARTESIAN_POINT ( 'NONE',  ( 70.48712322376535155, 21.99999999999999289, -16.17356996658192259 ) ) ;
#346 = PLANE ( 'NONE',  #2701 ) ;
#347 = VERTEX_POINT ( 'NONE', #813 ) ;
#348 = DIRECTION ( 'NONE',  ( 0.4226182617407013287, -0.000000000000000000, 0.9063077870366490485 ) ) ;
#349 = CARTESIAN_POINT ( 'NONE',  ( 37.80189997677833702, 2.000000000000000000, -8.655845490743455883 ) ) ;
#350 = DIRECTION ( 'NONE',  ( 0.2988362387301208289, -0.7071067811865469066, 0.6408563820557888757 ) ) ;
#351 = EDGE_LOOP ( 'NONE', ( #803, #1859, #2786, #2524 ) ) ;
#352 = VERTEX_POINT ( 'NONE', #294 ) ;
#353 = DIRECTION ( 'NONE',  ( 0.4226182617407015507, -0.000000000000000000, 0.9063077870366490485 ) ) ;
#354 = ORIENTED_EDGE ( 'NONE', *, *, #259, .F. ) ;
#355 = DIRECTION ( 'NONE',  ( -1.991441599360792004E-16, 0.000000000000000000, -1.000000000000000000 ) ) ;
#356 = ADVANCED_FACE ( 'NONE', ( #1567 ), #795, .F. ) ;
#357 = AXIS2_PLACEMENT_3D ( 'NONE', #1288, #65, #1789 ) ;
#358 = ADVANCED_FACE ( 'NONE', ( #1795 ), #1682, .F. ) ;
#359 = VECTOR ( 'NONE', #2893, 1000.000000000000000 ) ;
#360 = CIRCLE ( 'NONE', #3025, 1.699999999999993072 ) ;
#361 = AXIS2_PLACEMENT_3D ( 'NONE', #981, #1540, #1961 ) ;
#362 = VECTOR ( 'NONE', #1923, 1000.000000000000114 ) ;
#363 = ORIENTED_EDGE ( 'NONE', *, *, #67, .F. ) ;
#364 = CARTESIAN_POINT ( 'NONE',  ( 13.34357214459343233, 13.49999999999999822, 2.017049592633157337E-15 ) ) ;
#365 = DIRECTION ( 'NONE',  ( 0.4226182617407009956, -0.000000000000000000, 0.9063077870366492705 ) ) ;
#366 = VERTEX_POINT ( 'NONE', #2759 ) ;
#367 = CARTESIAN_POINT ( 'NONE',  ( 70.66838478117266220, 35.50000000000000000, -16.25809361893005089 ) ) ;
#368 = LINE ( 'NONE', #71, #1126 ) ;
#369 = DIRECTION ( 'NONE',  ( 0.000000000000000000, -0.000000000000000000, 1.000000000000000000 ) ) ;
#370 = ORIENTED_EDGE ( 'NONE', *, *, #1444, .F. ) ;
#371 = ORIENTED_EDGE ( 'NONE', *, *, #1100, .T. ) ;
#372 = CARTESIAN_POINT ( 'NONE',  ( 34.84357214459343055, 43.00000000000000000, -15.00000000000000000 ) ) ;
#373 = VERTEX_POINT ( 'NONE', #2741 ) ;
#374 = LINE ( 'NONE', #2301, #3135 ) ;
#375 = DIRECTION ( 'NONE',  ( 0.9063077870366489375, -0.000000000000000000, -0.4226182617407014952 ) ) ;
#376 = EDGE_LOOP ( 'NONE', ( #2394, #1399, #910, #119 ) ) ;
#377 = FACE_OUTER_BOUND ( 'NONE', #376, .T. ) ;
#378 = DIRECTION ( 'NONE',  ( -0.9063077870366490485, 2.602085213965208669E-16, 0.4226182617407013287 ) ) ;
#379 = ORIENTED_EDGE ( 'NONE', *, *, #209, .F. ) ;
#380 = CARTESIAN_POINT ( 'NONE',  ( 37.80189997677832991, 8.000000000000000000, -8.655845490743455883 ) ) ;
#381 = CARTESIAN_POINT ( 'NONE',  ( 74.35273495961611445, 14.09999999999999964, -13.56262264661300421 ) ) ;
#382 = CARTESIAN_POINT ( 'NONE',  ( 61.90578264543638909, 37.99999999999999289, -6.655135542858397812 ) ) ;
#383 = EDGE_LOOP ( 'NONE', ( #1323, #2371, #1677, #2650 ) ) ;
#384 = ORIENTED_EDGE ( 'NONE', *, *, #1062, .F. ) ;
#385 = PLANE ( 'NONE',  #1439 ) ;
#386 = ORIENTED_EDGE ( 'NONE', *, *, #542, .T. ) ;
#387 = CARTESIAN_POINT ( 'NONE',  ( 48.20341971756144517, 81.60407640085661285, -90.46258408152704078 ) ) ;
#388 = EDGE_LOOP ( 'NONE', ( #1593, #857, #737, #1011 ) ) ;
#389 = DIRECTION ( 'NONE',  ( -0.9063077870366494926, 0.000000000000000000, 0.4226182617407004405 ) ) ;
#390 = FACE_BOUND ( 'NONE', #1459, .T. ) ;
#391 = ORIENTED_EDGE ( 'NONE', *, *, #314, .T. ) ;
#392 = LINE ( 'NONE', #2862, #1930 ) ;
#393 = EDGE_CURVE ( 'NONE', #727, #659, #1809, .T. ) ;
#394 = DIRECTION ( 'NONE',  ( -0.000000000000000000, 0.000000000000000000, -1.000000000000000000 ) ) ;
#395 = ORIENTED_EDGE ( 'NONE', *, *, #825, .T. ) ;
#396 = LINE ( 'NONE', #608, #2427 ) ;
#397 = CARTESIAN_POINT ( 'NONE',  ( 7.500000000000000000, 38.99999999999999289, 0.000000000000000000 ) ) ;
#398 = EDGE_CURVE ( 'NONE', #2575, #715, #759, .T. ) ;
#399 = DIRECTION ( 'NONE',  ( -0.9063077870366494926, 0.000000000000000000, 0.4226182617407004405 ) ) ;
#400 = ORIENTED_EDGE ( 'NONE', *, *, #3153, .F. ) ;
#401 = ADVANCED_FACE ( 'NONE', ( #2050 ), #1291, .T. ) ;
#402 = FACE_BOUND ( 'NONE', #77, .T. ) ;
#403 = CYLINDRICAL_SURFACE ( 'NONE', #1437, 9.999999999999998224 ) ;
#404 = CARTESIAN_POINT ( 'NONE',  ( 0.000000000000000000, 43.00000000000000000, -14.99999999999999289 ) ) ;
#405 = ORIENTED_EDGE ( 'NONE', *, *, #2014, .T. ) ;
#406 = DIRECTION ( 'NONE',  ( -0.000000000000000000, 1.000000000000000000, 0.000000000000000000 ) ) ;
#407 = ORIENTED_EDGE ( 'NONE', *, *, #2473, .T. ) ;
#408 = LINE ( 'NONE', #3010, #3139 ) ;
#409 = AXIS2_PLACEMENT_3D ( 'NONE', #2174, #950, #3155 ) ;
#410 = EDGE_CURVE ( 'NONE', #1823, #22, #286, .T. ) ;
#411 = VECTOR ( 'NONE', #1421, 1000.000000000000114 ) ;
#412 = AXIS2_PLACEMENT_3D ( 'NONE', #2590, #319, #2783 ) ;
#413 = AXIS2_PLACEMENT_3D ( 'NONE', #2216, #2489, #2424 ) ;
#414 = ORIENTED_EDGE ( 'NONE', *, *, #393, .F. ) ;
#415 = DIRECTION ( 'NONE',  ( -1.000000000000000000, -0.000000000000000000, -0.000000000000000000 ) ) ;
#416 = DIRECTION ( 'NONE',  ( -0.9063077870366500477, 0.000000000000000000, 0.4226182617406991637 ) ) ;
#417 = AXIS2_PLACEMENT_3D ( 'NONE', #2145, #3160, #3172 ) ;
#418 = ORIENTED_EDGE ( 'NONE', *, *, #2407, .F. ) ;
#419 = LINE ( 'NONE', #1378, #480 ) ;
#420 = ADVANCED_FACE ( 'NONE', ( #1309 ), #48, .F. ) ;
#421 = VERTEX_POINT ( 'NONE', #3031 ) ;
#422 = DIRECTION ( 'NONE',  ( 0.2988362387301198853, -0.7071067811865487940, 0.6408563820557869883 ) ) ;
#423 = CARTESIAN_POINT ( 'NONE',  ( 29.34357214459343410, 41.00000000000000000, -2.067405927265921761 ) ) ;
#424 = CARTESIAN_POINT ( 'NONE',  ( 38.40773202918477125, 5.000000000000000000, -14.45523921114879506 ) ) ;
#425 = ORIENTED_EDGE ( 'NONE', *, *, #214, .T. ) ;
#426 = FACE_OUTER_BOUND ( 'NONE', #2104, .T. ) ;
#427 = ORIENTED_EDGE ( 'NONE', *, *, #1204, .T. ) ;
#428 = DIRECTION ( 'NONE',  ( -0.4226182617407014952, -0.000000000000000000, -0.9063077870366489375 ) ) ;
#429 = EDGE_CURVE ( 'NONE', #2705, #2639, #557, .T. ) ;
#430 = ORIENTED_EDGE ( 'NONE', *, *, #2552, .F. ) ;
#431 = CARTESIAN_POINT ( 'NONE',  ( 51.14278675063117419, 21.49999999999999289, -72.32808322142889779 ) ) ;
#432 = CARTESIAN_POINT ( 'NONE',  ( 72.66226191265330669, 14.09999999999999964, -17.18785379475960085 ) ) ;
#433 = ORIENTED_EDGE ( 'NONE', *, *, #1920, .F. ) ;
#434 = FACE_OUTER_BOUND ( 'NONE', #1314, .T. ) ;
#435 = CARTESIAN_POINT ( 'NONE',  ( 72.66226191265330669, 5.000000000000000000, -17.18785379475960085 ) ) ;
#436 = LINE ( 'NONE', #2628, #1790 ) ;
#437 = VECTOR ( 'NONE', #276, 1000.000000000000000 ) ;
#438 = CARTESIAN_POINT ( 'NONE',  ( 37.80189997677832991, 8.000000000000000000, -8.655845490743455883 ) ) ;
#439 = VERTEX_POINT ( 'NONE', #1253 ) ;
#440 = CARTESIAN_POINT ( 'NONE',  ( 62.28613908100303576, 4.999999999999997335, -5.839458534525405753 ) ) ;
#441 = ORIENTED_EDGE ( 'NONE', *, *, #1163, .T. ) ;
#442 = EDGE_CURVE ( 'NONE', #1886, #2861, #831, .T. ) ;
#443 = PLANE ( 'NONE',  #1996 ) ;
#444 = AXIS2_PLACEMENT_3D ( 'NONE', #655, #1116, #945 ) ;
#445 = VECTOR ( 'NONE', #3165, 1000.000000000000000 ) ;
#446 = EDGE_CURVE ( 'NONE', #2665, #2788, #2310, .T. ) ;
#447 = ADVANCED_FACE ( 'NONE', ( #2016 ), #1980, .F. ) ;
#448 = VERTEX_POINT ( 'NONE', #1051 ) ;
#449 = LINE ( 'NONE', #2409, #1854 ) ;
#450 = EDGE_CURVE ( 'NONE', #2138, #2791, #1324, .T. ) ;
#451 = CARTESIAN_POINT ( 'NONE',  ( 71.27128848369152081, 14.09999999999999964, -12.12572055669462401 ) ) ;
#452 = EDGE_LOOP ( 'NONE', ( #614, #2134, #2908, #1640, #400, #2094, #1684, #288 ) ) ;
#453 = DIRECTION ( 'NONE',  ( -0.4226182617407013287, 0.000000000000000000, -0.9063077870366491595 ) ) ;
#454 = AXIS2_PLACEMENT_3D ( 'NONE', #278, #2263, #2781 ) ;
#455 = CARTESIAN_POINT ( 'NONE',  ( 75.19992371635591155, 40.99999999999999289, -18.37118492763355704 ) ) ;
#456 = LINE ( 'NONE', #423, #507 ) ;
#457 = CARTESIAN_POINT ( 'NONE',  ( 70.18957583902275132, 43.00000000000000000, -31.48211220788733300 ) ) ;
#458 = CARTESIAN_POINT ( 'NONE',  ( 62.28613908100303576, 37.99999999999999289, -5.839458534525405753 ) ) ;
#459 = ORIENTED_EDGE ( 'NONE', *, *, #2490, .F. ) ;
#460 = EDGE_CURVE ( 'NONE', #2791, #1426, #3014, .T. ) ;
#461 = CARTESIAN_POINT ( 'NONE',  ( 41.12665539029472228, 40.99999999999999289, -15.72309399637090621 ) ) ;
#462 = EDGE_LOOP ( 'NONE', ( #717, #2545, #2841, #339 ) ) ;
#463 = CARTESIAN_POINT ( 'NONE',  ( 72.24547431399442132, 43.00000000000000000, -38.90423161620806525 ) ) ;
#464 = CARTESIAN_POINT ( 'NONE',  ( 21.50000000000000355, 38.99999999999999289, 0.000000000000000000 ) ) ;
#465 = VECTOR ( 'NONE', #378, 1000.000000000000227 ) ;
#466 = ORIENTED_EDGE ( 'NONE', *, *, #1385, .T. ) ;
#467 = CYLINDRICAL_SURFACE ( 'NONE', #2395, 1.999999999999995115 ) ;
#468 = AXIS2_PLACEMENT_3D ( 'NONE', #1596, #1336, #2320 ) ;
#469 = CIRCLE ( 'NONE', #409, 1.499999999999999556 ) ;
#470 = AXIS2_PLACEMENT_3D ( 'NONE', #3084, #2378, #915 ) ;
#471 = AXIS2_PLACEMENT_3D ( 'NONE', #2452, #1730, #987 ) ;
#472 = AXIS2_PLACEMENT_3D ( 'NONE', #2246, #2504, #2023 ) ;
#473 = CIRCLE ( 'NONE', #878, 1.699999999999993738 ) ;
#474 = CARTESIAN_POINT ( 'NONE',  ( 65.96339322161574614, 43.00000000000000000, -40.54519007825384591 ) ) ;
#475 = CARTESIAN_POINT ( 'NONE',  ( 68.85576920709937099, 40.99999999999999289, -15.41285709544865234 ) ) ;
#476 = PLANE ( 'NONE',  #1672 ) ;
#477 = CARTESIAN_POINT ( 'NONE',  ( 54.18014449216383355, -38.60407640085659153, -77.64545644041135120 ) ) ;
#478 = ORIENTED_EDGE ( 'NONE', *, *, #1444, .T. ) ;
#479 = LINE ( 'NONE', #2907, #362 ) ;
#480 = VECTOR ( 'NONE', #883, 1000.000000000000000 ) ;
#481 = ORIENTED_EDGE ( 'NONE', *, *, #2919, .T. ) ;
#482 = CARTESIAN_POINT ( 'NONE',  ( 73.71831950869047034, 21.99999999999999289, -13.26678986339451960 ) ) ;
#483 = ORIENTED_EDGE ( 'NONE', *, *, #678, .T. ) ;
#484 = ADVANCED_FACE ( 'NONE', ( #2964 ), #154, .F. ) ;
#485 = CARTESIAN_POINT ( 'NONE',  ( 18.00000000000000000, 0.000000000000000000, 0.000000000000000000 ) ) ;
#486 = DIRECTION ( 'NONE',  ( -0.2988362387301202738, -0.7071067811865482389, -0.6408563820557876545 ) ) ;
#487 = DIRECTION ( 'NONE',  ( -0.4226182617407015507, -0.000000000000000000, -0.9063077870366490485 ) ) ;
#488 = ORIENTED_EDGE ( 'NONE', *, *, #1000, .F. ) ;
#489 = CARTESIAN_POINT ( 'NONE',  ( 71.98338197571490582, 40.99999999999999289, -30.00148411685110261 ) ) ;
#490 = VECTOR ( 'NONE', #1982, 1000.000000000000000 ) ;
#491 = MANIFOLD_SOLID_BREP ( '\X2\00d8\X0\3.4 (3.4) Durchmesser Bohrung2', #3080 ) ;
#492 = LINE ( 'NONE', #2978, #1133 ) ;
#493 = VERTEX_POINT ( 'NONE', #2375 ) ;
#494 = EDGE_CURVE ( 'NONE', #22, #1823, #2805, .T. ) ;
#495 = VECTOR ( 'NONE', #1298, 1000.000000000000000 ) ;
#496 = EDGE_CURVE ( 'NONE', #2254, #971, #171, .T. ) ;
#497 = EDGE_CURVE ( 'NONE', #3035, #659, #1135, .T. ) ;
#498 = CARTESIAN_POINT ( 'NONE',  ( 70.54624225406217874, 37.99999999999999289, -11.78762594730206281 ) ) ;
#499 = DIRECTION ( 'NONE',  ( -0.9063077870366491595, 0.000000000000000000, 0.4226182617407011621 ) ) ;
#500 = DIRECTION ( 'NONE',  ( 0.4226182617407004960, 0.000000000000000000, 0.9063077870366494926 ) ) ;
#501 = ORIENTED_EDGE ( 'NONE', *, *, #2774, .F. ) ;
#502 = VERTEX_POINT ( 'NONE', #1890 ) ;
#503 = CARTESIAN_POINT ( 'NONE',  ( 70.54624225406217874, 4.999999999999997335, -11.78762594730206281 ) ) ;
#504 = DIRECTION ( 'NONE',  ( 0.5591929034707452395, 1.049727191138618819E-16, -0.8290375725550428454 ) ) ;
#505 = ORIENTED_EDGE ( 'NONE', *, *, #259, .T. ) ;
#506 = EDGE_CURVE ( 'NONE', #324, #1529, #880, .T. ) ;
#507 = VECTOR ( 'NONE', #1660, 1000.000000000000000 ) ;
#508 = AXIS2_PLACEMENT_3D ( 'NONE', #2334, #2352, #2599 ) ;
#509 = VECTOR ( 'NONE', #594, 1000.000000000000000 ) ;
#510 = VECTOR ( 'NONE', #2139, 1000.000000000000227 ) ;
#511 = CARTESIAN_POINT ( 'NONE',  ( 57.11951152523361230, 35.64213562373091548, -59.51095558031313004 ) ) ;
#512 = PLANE ( 'NONE',  #1180 ) ;
#513 = AXIS2_PLACEMENT_3D ( 'NONE', #2353, #875, #1047 ) ;
#514 = DIRECTION ( 'NONE',  ( -0.9063077870366496036, -1.625883976416334925E-17, 0.4226182617407004405 ) ) ;
#515 = ORIENTED_EDGE ( 'NONE', *, *, #97, .F. ) ;
#516 = VERTEX_POINT ( 'NONE', #2898 ) ;
#517 = DIRECTION ( 'NONE',  ( -0.9063077870366486044, 0.000000000000000000, 0.4226182617407023279 ) ) ;
#518 = EDGE_LOOP ( 'NONE', ( #2996, #2619, #1780, #3019 ) ) ;
#519 = DIRECTION ( 'NONE',  ( 0.9063077870366490485, 0.000000000000000000, -0.4226182617407013287 ) ) ;
#520 = FACE_OUTER_BOUND ( 'NONE', #1510, .T. ) ;
#521 = EDGE_CURVE ( 'NONE', #1139, #2471, #277, .T. ) ;
#522 = ORIENTED_EDGE ( 'NONE', *, *, #1579, .T. ) ;
#523 = CARTESIAN_POINT ( 'NONE',  ( 38.40773202918477125, 5.000000000000000000, -14.45523921114879684 ) ) ;
#524 = PLANE ( 'NONE',  #2458 ) ;
#525 = CARTESIAN_POINT ( 'NONE',  ( 83.17348000902001104, 0.000000000000000000, -15.46904777585785595 ) ) ;
#526 = VERTEX_POINT ( 'NONE', #2637 ) ;
#527 = ORIENTED_EDGE ( 'NONE', *, *, #1878, .T. ) ;
#528 = DIRECTION ( 'NONE',  ( 1.000000000000000000, 0.000000000000000000, 0.000000000000000000 ) ) ;
#529 = VERTEX_POINT ( 'NONE', #2602 ) ;
#530 = CYLINDRICAL_SURFACE ( 'NONE', #1129, 1.999999999999995115 ) ;
#531 = EDGE_CURVE ( 'NONE', #1580, #1572, #1505, .T. ) ;
#532 = EDGE_CURVE ( 'NONE', #2336, #2128, #392, .T. ) ;
#533 = FACE_OUTER_BOUND ( 'NONE', #2809, .T. ) ;
#534 = EDGE_LOOP ( 'NONE', ( #1762, #3108, #2167, #2379 ) ) ;
#535 = EDGE_CURVE ( 'NONE', #820, #284, #2391, .T. ) ;
#536 = CYLINDRICAL_SURFACE ( 'NONE', #1390, 1.999999999999995115 ) ;
#537 = LINE ( 'NONE', #2456, #495 ) ;
#538 = VECTOR ( 'NONE', #105, 1000.000000000000000 ) ;
#539 = CARTESIAN_POINT ( 'NONE',  ( 73.71831950869047034, 36.99999999999999289, -13.26678986339451960 ) ) ;
#540 = DIRECTION ( 'NONE',  ( -0.9063077870366486044, 0.000000000000000000, 0.4226182617407023279 ) ) ;
#541 = LINE ( 'NONE', #782, #490 ) ;
#542 = EDGE_CURVE ( 'NONE', #2267, #1616, #1617, .T. ) ;
#543 = VERTEX_POINT ( 'NONE', #2651 ) ;
#544 = VECTOR ( 'NONE', #1064, 1000.000000000000000 ) ;
#545 = ORIENTED_EDGE ( 'NONE', *, *, #1950, .T. ) ;
#546 = DIRECTION ( 'NONE',  ( 0.9063077870366494926, -0.000000000000000000, -0.4226182617407003850 ) ) ;
#547 = ORIENTED_EDGE ( 'NONE', *, *, #2463, .F. ) ;
#548 = CARTESIAN_POINT ( 'NONE',  ( 73.56856969968997362, 21.99999999999999289, -17.61047205650030989 ) ) ;
#549 = AXIS2_PLACEMENT_3D ( 'NONE', #663, #2916, #218 ) ;
#550 = EDGE_CURVE ( 'NONE', #352, #3000, #449, .T. ) ;
#551 = CARTESIAN_POINT ( 'NONE',  ( 71.34921695136951314, 37.99999999999999289, -10.06564115193242159 ) ) ;
#552 = ORIENTED_EDGE ( 'NONE', *, *, #2824, .T. ) ;
#553 = CARTESIAN_POINT ( 'NONE',  ( 70.54624225406217874, 5.499999999999998224, -11.78762594730206281 ) ) ;
#554 = CARTESIAN_POINT ( 'NONE',  ( 61.65105046041684744, 7.357864376269062312, -61.62404688901663974 ) ) ;
#555 = CARTESIAN_POINT ( 'NONE',  ( 72.24547431399443553, -3.573304400956208182E-15, -38.90423161620805814 ) ) ;
#556 = ORIENTED_EDGE ( 'NONE', *, *, #1231, .F. ) ;
#557 = LINE ( 'NONE', #780, #1833 ) ;
#558 = CARTESIAN_POINT ( 'NONE',  ( 34.84357214459343055, 2.000000000000000000, -15.00000000000000000 ) ) ;
#559 = LINE ( 'NONE', #382, #900 ) ;
#560 = DIRECTION ( 'NONE',  ( -0.4226182617407013287, -0.000000000000000000, -0.9063077870366490485 ) ) ;
#561 = VECTOR ( 'NONE', #161, 1000.000000000000000 ) ;
#562 = ORIENTED_EDGE ( 'NONE', *, *, #2919, .F. ) ;
#563 = VECTOR ( 'NONE', #2899, 1000.000000000000000 ) ;
#564 = ORIENTED_EDGE ( 'NONE', *, *, #2715, .T. ) ;
#565 = PLANE ( 'NONE',  #361 ) ;
#566 = ORIENTED_EDGE ( 'NONE', *, *, #169, .F. ) ;
#567 = LINE ( 'NONE', #1542, #1219 ) ;
#568 = AXIS2_PLACEMENT_3D ( 'NONE', #1128, #665, #635 ) ;
#569 = VECTOR ( 'NONE', #2972, 1000.000000000000114 ) ;
#570 = VECTOR ( 'NONE', #731, 1000.000000000000000 ) ;
#571 = DIRECTION ( 'NONE',  ( -0.000000000000000000, 1.000000000000000000, -1.779203565104417868E-16 ) ) ;
#572 = ORIENTED_EDGE ( 'NONE', *, *, #1000, .T. ) ;
#573 = FACE_OUTER_BOUND ( 'NONE', #2485, .T. ) ;
#574 = CARTESIAN_POINT ( 'NONE',  ( 18.00000000000000000, 13.49999999999999822, 2.017049592633157337E-15 ) ) ;
#575 = DIRECTION ( 'NONE',  ( -0.9945218953682736229, 0.000000000000000000, -0.1045284632676512365 ) ) ;
#576 = ORIENTED_EDGE ( 'NONE', *, *, #1920, .T. ) ;
#577 = DIRECTION ( 'NONE',  ( -0.4226182617407014397, -0.000000000000000000, -0.9063077870366492705 ) ) ;
#578 = EDGE_CURVE ( 'NONE', #281, #971, #3148, .T. ) ;
#579 = LINE ( 'NONE', #832, #1221 ) ;
#580 = CYLINDRICAL_SURFACE ( 'NONE', #998, 10.00000000000000711 ) ;
#581 = ORIENTED_EDGE ( 'NONE', *, *, #3095, .F. ) ;
#582 = EDGE_CURVE ( 'NONE', #1529, #1987, #1685, .T. ) ;
#583 = VERTEX_POINT ( 'NONE', #133 ) ;
#584 = PLANE ( 'NONE',  #2932 ) ;
#585 = ORIENTED_EDGE ( 'NONE', *, *, #3166, .F. ) ;
#586 = CARTESIAN_POINT ( 'NONE',  ( 70.18957583902275132, 40.99999999999999289, -31.48211220788734721 ) ) ;
#587 = ORIENTED_EDGE ( 'NONE', *, *, #676, .F. ) ;
#588 = DIRECTION ( 'NONE',  ( 0.000000000000000000, 0.000000000000000000, 1.000000000000000000 ) ) ;
#589 = DIRECTION ( 'NONE',  ( -0.9063077870366489375, 0.000000000000000000, 0.4226182617407015507 ) ) ;
#590 = VECTOR ( 'NONE', #2995, 1000.000000000000227 ) ;
#591 = ORIENTED_EDGE ( 'NONE', *, *, #80, .F. ) ;
#592 = CARTESIAN_POINT ( 'NONE',  ( 45.77545626944246493, 40.99999999999998579, -5.753708338967695290 ) ) ;
#593 = ADVANCED_FACE ( 'NONE', ( #777 ), #2726, .F. ) ;
#594 = DIRECTION ( 'NONE',  ( -0.000000000000000000, -0.000000000000000000, 1.000000000000000000 ) ) ;
#595 = DIRECTION ( 'NONE',  ( 0.000000000000000000, 0.000000000000000000, -1.000000000000000000 ) ) ;
#596 = EDGE_CURVE ( 'NONE', #1488, #2569, #1232, .T. ) ;
#597 = VERTEX_POINT ( 'NONE', #2946 ) ;
#598 = VERTEX_POINT ( 'NONE', #1754 ) ;
#599 = CIRCLE ( 'NONE', #908, 9.999999999999994671 ) ;
#600 = DIRECTION ( 'NONE',  ( 0.000000000000000000, -1.000000000000000000, 0.000000000000000000 ) ) ;
#601 = ORIENTED_EDGE ( 'NONE', *, *, #2008, .T. ) ;
#602 = FACE_OUTER_BOUND ( 'NONE', #2716, .T. ) ;
#603 = ORIENTED_EDGE ( 'NONE', *, *, #2061, .T. ) ;
#604 = CARTESIAN_POINT ( 'NONE',  ( 72.81201172165381763, 5.000000000000000000, -12.84417160165381588 ) ) ;
#605 = LINE ( 'NONE', #1582, #1989 ) ;
#606 = EDGE_CURVE ( 'NONE', #860, #1286, #9, .T. ) ;
#607 = VERTEX_POINT ( 'NONE', #245 ) ;
#608 = CARTESIAN_POINT ( 'NONE',  ( 68.85576920709937099, 5.500000000000000000, -15.41285709544865234 ) ) ;
#609 = LINE ( 'NONE', #349, #299 ) ;
#610 = CARTESIAN_POINT ( 'NONE',  ( 37.80189997677832991, 8.000000000000000000, -8.655845490743455883 ) ) ;
#611 = ORIENTED_EDGE ( 'NONE', *, *, #265, .T. ) ;
#612 = ORIENTED_EDGE ( 'NONE', *, *, #1045, .T. ) ;
#613 = FACE_OUTER_BOUND ( 'NONE', #187, .T. ) ;
#614 = ORIENTED_EDGE ( 'NONE', *, *, #2260, .F. ) ;
#615 = LINE ( 'NONE', #2579, #1588 ) ;
#616 = AXIS2_PLACEMENT_3D ( 'NONE', #2274, #1526, #2585 ) ;
#617 = LINE ( 'NONE', #2111, #411 ) ;
#618 = AXIS2_PLACEMENT_3D ( 'NONE', #1141, #1674, #1917 ) ;
#619 = VECTOR ( 'NONE', #1261, 1000.000000000000114 ) ;
#620 = AXIS2_PLACEMENT_3D ( 'NONE', #2600, #2011, #2754 ) ;
#621 = ORIENTED_EDGE ( 'NONE', *, *, #1015, .T. ) ;
#622 = CARTESIAN_POINT ( 'NONE',  ( 13.34357214459343233, 13.49999999999999822, -7.999999999999998224 ) ) ;
#623 = DIRECTION ( 'NONE',  ( 0.000000000000000000, -1.000000000000000000, 0.000000000000000000 ) ) ;
#624 = ORIENTED_EDGE ( 'NONE', *, *, #1337, .F. ) ;
#625 = LINE ( 'NONE', #2359, #1604 ) ;
#626 =( LENGTH_UNIT ( ) NAMED_UNIT ( * ) SI_UNIT ( .MILLI., .METRE. ) );
#627 = CARTESIAN_POINT ( 'NONE',  ( 40.52082333788827384, 5.000000000000000000, -9.923700275965549267 ) ) ;
#628 = FACE_OUTER_BOUND ( 'NONE', #34, .T. ) ;
#629 = ORIENTED_EDGE ( 'NONE', *, *, #582, .F. ) ;
#630 = VERTEX_POINT ( 'NONE', #463 ) ;
#631 = CARTESIAN_POINT ( 'NONE',  ( 43.23974669899823198, 40.99999999999999289, -11.19155506118766219 ) ) ;
#632 = ORIENTED_EDGE ( 'NONE', *, *, #1922, .T. ) ;
#633 = CARTESIAN_POINT ( 'NONE',  ( 20.00000000000000000, 4.000000000000000000, -96.87214790208498982 ) ) ;
#634 = EDGE_LOOP ( 'NONE', ( #1058, #1076, #1749, #2454 ) ) ;
#635 = DIRECTION ( 'NONE',  ( -0.000000000000000000, 0.000000000000000000, -1.000000000000000000 ) ) ;
#636 = DIRECTION ( 'NONE',  ( 0.9063077870366491595, -0.000000000000000000, -0.4226182617407011621 ) ) ;
#637 = EDGE_LOOP ( 'NONE', ( #581, #901 ) ) ;
#638 = DIRECTION ( 'NONE',  ( -2.358290091949594185E-16, -1.000000000000000000, 1.099688730027157458E-16 ) ) ;
#639 = FACE_OUTER_BOUND ( 'NONE', #983, .T. ) ;
#640 = ORIENTED_EDGE ( 'NONE', *, *, #647, .T. ) ;
#641 = CYLINDRICAL_SURFACE ( 'NONE', #1451, 1.499999999999999556 ) ;
#642 = EDGE_CURVE ( 'NONE', #526, #2593, #473, .T. ) ;
#643 = FACE_OUTER_BOUND ( 'NONE', #2345, .T. ) ;
#644 = VERTEX_POINT ( 'NONE', #2462 ) ;
#645 = DIRECTION ( 'NONE',  ( -0.9063077870366491595, 0.000000000000000000, 0.4226182617407011621 ) ) ;
#646 = CARTESIAN_POINT ( 'NONE',  ( 70.18957583902275132, 0.000000000000000000, -31.48211220788733300 ) ) ;
#647 = EDGE_CURVE ( 'NONE', #2812, #991, #492, .T. ) ;
#648 = DIRECTION ( 'NONE',  ( 0.4226182617407004960, 0.000000000000000000, 0.9063077870366494926 ) ) ;
#649 = VERTEX_POINT ( 'NONE', #996 ) ;
#650 = PLANE ( 'NONE',  #508 ) ;
#651 = ORIENTED_EDGE ( 'NONE', *, *, #2537, .T. ) ;
#652 = PLANE ( 'NONE',  #513 ) ;
#653 = EDGE_CURVE ( 'NONE', #2612, #895, #1953, .T. ) ;
#654 = ORIENTED_EDGE ( 'NONE', *, *, #3053, .F. ) ;
#655 = CARTESIAN_POINT ( 'NONE',  ( 38.40773202918477125, 5.000000000000000000, -14.45523921114879684 ) ) ;
#656 = CARTESIAN_POINT ( 'NONE',  ( 34.84357214459343055, 41.00000000000000000, -15.00000000000000000 ) ) ;
#657 = ORIENTED_EDGE ( 'NONE', *, *, #3124, .T. ) ;
#658 = DIRECTION ( 'NONE',  ( 0.2988362387301202183, 0.7071067811865482389, 0.6408563820557875435 ) ) ;
#659 = VERTEX_POINT ( 'NONE', #982 ) ;
#660 = CARTESIAN_POINT ( 'NONE',  ( 76.89039676331871931, 2.000000000000000000, -14.74595377948695685 ) ) ;
#661 = EDGE_CURVE ( 'NONE', #583, #2108, #2233, .T. ) ;
#662 = DIRECTION ( 'NONE',  ( 0.4226182617407008291, 0.000000000000000000, 0.9063077870366493816 ) ) ;
#663 = CARTESIAN_POINT ( 'NONE',  ( 72.02784646172766259, 36.99999999999999289, -16.89202101154111446 ) ) ;
#664 = ORIENTED_EDGE ( 'NONE', *, *, #2950, .F. ) ;
#665 = DIRECTION ( 'NONE',  ( 1.000000000000000000, 0.000000000000000000, -0.000000000000000000 ) ) ;
#666 = ORIENTED_EDGE ( 'NONE', *, *, #1146, .F. ) ;
#667 = CARTESIAN_POINT ( 'NONE',  ( 75.19992371635592576, 11.50000000000000000, -18.37118492763356414 ) ) ;
#668 = VECTOR ( 'NONE', #2110, 1000.000000000000000 ) ;
#669 = AXIS2_PLACEMENT_3D ( 'NONE', #1086, #2083, #1311 ) ;
#670 = VECTOR ( 'NONE', #679, 1000.000000000000227 ) ;
#671 = ORIENTED_EDGE ( 'NONE', *, *, #446, .T. ) ;
#672 = DIRECTION ( 'NONE',  ( -0.4226182617407001629, -1.381902367867470391E-16, -0.9063077870366497146 ) ) ;
#673 = ORIENTED_EDGE ( 'NONE', *, *, #1469, .T. ) ;
#674 = LINE ( 'NONE', #3102, #318 ) ;
#675 = ADVANCED_FACE ( 'NONE', ( #2435 ), #1217, .F. ) ;
#676 = EDGE_CURVE ( 'NONE', #11, #2705, #1737, .T. ) ;
#677 = ORIENTED_EDGE ( 'NONE', *, *, #98, .F. ) ;
#678 = EDGE_CURVE ( 'NONE', #2732, #2024, #2513, .T. ) ;
#679 = DIRECTION ( 'NONE',  ( -0.9063077870366490485, 2.602085213965208669E-16, 0.4226182617407013287 ) ) ;
#680 = LINE ( 'NONE', #1643, #3024 ) ;
#681 = CARTESIAN_POINT ( 'NONE',  ( 0.000000000000000000, 0.000000000000000000, 0.000000000000000000 ) ) ;
#682 = VERTEX_POINT ( 'NONE', #756 ) ;
#683 = DIRECTION ( 'NONE',  ( 0.000000000000000000, 0.000000000000000000, -1.000000000000000000 ) ) ;
#684 = EDGE_CURVE ( 'NONE', #2785, #3145, #2190, .T. ) ;
#685 = ORIENTED_EDGE ( 'NONE', *, *, #885, .F. ) ;
#686 = EDGE_CURVE ( 'NONE', #2683, #1466, #3173, .T. ) ;
#687 = LINE ( 'NONE', #2635, #2312 ) ;
#688 = ORIENTED_EDGE ( 'NONE', *, *, #3049, .F. ) ;
#689 = DIRECTION ( 'NONE',  ( 1.000000000000000000, -2.358290091949594185E-16, 0.000000000000000000 ) ) ;
#690 = CARTESIAN_POINT ( 'NONE',  ( 75.19992371635592576, 33.49999999999999289, -18.37118492763356414 ) ) ;
#691 = ORIENTED_EDGE ( 'NONE', *, *, #1869, .T. ) ;
#692 = CARTESIAN_POINT ( 'NONE',  ( 76.89039676331871931, 40.99999999999999289, -14.74595377948695685 ) ) ;
#693 = EDGE_CURVE ( 'NONE', #2697, #366, #1465, .T. ) ;
#694 = DIRECTION ( 'NONE',  ( -0.4226182617407014952, -0.000000000000000000, -0.9063077870366489375 ) ) ;
#695 = CARTESIAN_POINT ( 'NONE',  ( 42.06154657585058487, 38.00000000000000000, -10.64215132092474647 ) ) ;
#696 = CARTESIAN_POINT ( 'NONE',  ( 34.84357214459343055, 41.00000000000000000, -12.49999999999999822 ) ) ;
#697 = DIRECTION ( 'NONE',  ( -0.000000000000000000, -1.000000000000000000, -0.000000000000000000 ) ) ;
#698 = ORIENTED_EDGE ( 'NONE', *, *, #775, .F. ) ;
#699 = CARTESIAN_POINT ( 'NONE',  ( 67.71393537881117197, 43.00000000000000000, -36.79114030750456266 ) ) ;
#700 = VECTOR ( 'NONE', #2294, 1000.000000000000000 ) ;
#701 = CIRCLE ( 'NONE', #1938, 9.999999999999994671 ) ;
#702 = EDGE_LOOP ( 'NONE', ( #2377, #1395 ) ) ;
#703 =( LENGTH_UNIT ( ) NAMED_UNIT ( * ) SI_UNIT ( .MILLI., .METRE. ) );
#704 = DIRECTION ( 'NONE',  ( -0.4226182617407015507, -0.000000000000000000, -0.9063077870366490485 ) ) ;
#705 = ORIENTED_EDGE ( 'NONE', *, *, #2790, .T. ) ;
#706 = FACE_OUTER_BOUND ( 'NONE', #191, .T. ) ;
#707 = VECTOR ( 'NONE', #2828, 1000.000000000000227 ) ;
#708 = VECTOR ( 'NONE', #1191, 1000.000000000000000 ) ;
#709 = CARTESIAN_POINT ( 'NONE',  ( 62.28613908100303576, 37.99999999999999289, -5.839458534525405753 ) ) ;
#710 = DIRECTION ( 'NONE',  ( -0.9063077870366500477, 0.000000000000000000, 0.4226182617406991637 ) ) ;
#711 = DIRECTION ( 'NONE',  ( -0.9063077870366489375, 0.000000000000000000, 0.4226182617407014952 ) ) ;
#712 = CARTESIAN_POINT ( 'NONE',  ( 69.25711192669319871, 45.92893218813453160, -45.31279543676596688 ) ) ;
#713 = ORIENTED_EDGE ( 'NONE', *, *, #3111, .F. ) ;
#714 = DIRECTION ( 'NONE',  ( 0.000000000000000000, -1.000000000000000000, 0.000000000000000000 ) ) ;
#715 = VERTEX_POINT ( 'NONE', #970 ) ;
#716 = DIRECTION ( 'NONE',  ( -0.9063077870366500477, 0.000000000000000000, 0.4226182617406991637 ) ) ;
#717 = ORIENTED_EDGE ( 'NONE', *, *, #1810, .F. ) ;
#718 = DIRECTION ( 'NONE',  ( 0.2988362387301194967, 0.7071067811865513475, 0.6408563820557844348 ) ) ;
#719 = CIRCLE ( 'NONE', #2568, 10.00000000000000355 ) ;
#720 = ADVANCED_FACE ( 'NONE', ( #520 ), #1493, .F. ) ;
#721 = AXIS2_PLACEMENT_3D ( 'NONE', #755, #203, #519 ) ;
#722 = CONICAL_SURFACE ( 'NONE', #2103, 1.700000000000000400, 1.029744258676654534 ) ;
#723 = VECTOR ( 'NONE', #1690, 1000.000000000000000 ) ;
#724 = CARTESIAN_POINT ( 'NONE',  ( 0.000000000000000000, 29.50000000000000000, -8.000000000000000000 ) ) ;
#725 = FACE_OUTER_BOUND ( 'NONE', #2383, .T. ) ;
#726 = LINE ( 'NONE', #1919, #94 ) ;
#727 = VERTEX_POINT ( 'NONE', #2924 ) ;
#728 = CARTESIAN_POINT ( 'NONE',  ( 43.67188078237818161, -24.46194077712564052, -88.34949277282360924 ) ) ;
#729 = ADVANCED_FACE ( 'NONE', ( #1013 ), #1197, .F. ) ;
#730 = VECTOR ( 'NONE', #2866, 1000.000000000000000 ) ;
#731 = DIRECTION ( 'NONE',  ( -0.000000000000000000, -0.000000000000000000, 1.000000000000000000 ) ) ;
#732 = ORIENTED_EDGE ( 'NONE', *, *, #2286, .T. ) ;
#733 = EDGE_CURVE ( 'NONE', #373, #2126, #1704, .T. ) ;
#734 = DIRECTION ( 'NONE',  ( -0.9063077870366490485, 0.000000000000000000, 0.4226182617407013287 ) ) ;
#735 = DIRECTION ( 'NONE',  ( -0.9063077870366489375, 0.000000000000000000, 0.4226182617407014952 ) ) ;
#736 = PLANE ( 'NONE',  #2200 ) ;
#737 = ORIENTED_EDGE ( 'NONE', *, *, #10, .F. ) ;
#738 = ORIENTED_EDGE ( 'NONE', *, *, #766, .T. ) ;
#739 = FACE_OUTER_BOUND ( 'NONE', #2679, .T. ) ;
#740 = EDGE_CURVE ( 'NONE', #1613, #1595, #2658, .T. ) ;
#741 = AXIS2_PLACEMENT_3D ( 'NONE', #2740, #1550, #2794 ) ;
#742 = AXIS2_PLACEMENT_3D ( 'NONE', #264, #1432, #2629 ) ;
#743 = DIRECTION ( 'NONE',  ( -0.4226182617407011066, 0.000000000000000000, -0.9063077870366491595 ) ) ;
#744 = ADVANCED_FACE ( 'NONE', ( #1029 ), #1786, .F. ) ;
#745 = ORIENTED_EDGE ( 'NONE', *, *, #3017, .T. ) ;
#746 = VECTOR ( 'NONE', #1729, 1000.000000000000000 ) ;
#747 = DIRECTION ( 'NONE',  ( 0.5591929034707435742, 1.049727191138617463E-16, -0.8290375725550438446 ) ) ;
#748 = CARTESIAN_POINT ( 'NONE',  ( 50.00000000000000000, 0.000000000000000000, 0.000000000000000000 ) ) ;
#749 = LINE ( 'NONE', #2713, #2622 ) ;
#750 = ORIENTED_EDGE ( 'NONE', *, *, #1292, .T. ) ;
#751 = ADVANCED_FACE ( 'NONE', ( #533 ), #789, .F. ) ;
#752 = ORIENTED_EDGE ( 'NONE', *, *, #2152, .F. ) ;
#753 = CARTESIAN_POINT ( 'NONE',  ( 35.68880866807483443, 40.99999999999999289, -13.18738442592669990 ) ) ;
#754 = EDGE_LOOP ( 'NONE', ( #1603, #2077, #407, #566 ) ) ;
#755 = CARTESIAN_POINT ( 'NONE',  ( 71.98338197571490582, 40.99999999999999289, -30.00148411685110261 ) ) ;
#756 = CARTESIAN_POINT ( 'NONE',  ( 0.000000000000000000, 43.00000000000000000, -14.99999999999999289 ) ) ;
#757 = ORIENTED_EDGE ( 'NONE', *, *, #2220, .T. ) ;
#758 = AXIS2_PLACEMENT_3D ( 'NONE', #2878, #2618, #1117 ) ;
#759 = LINE ( 'NONE', #592, #856 ) ;
#760 = VECTOR ( 'NONE', #2367, 1000.000000000000000 ) ;
#761 = VECTOR ( 'NONE', #964, 1000.000000000000000 ) ;
#762 = AXIS2_PLACEMENT_3D ( 'NONE', #1931, #2155, #2657 ) ;
#763 = AXIS2_PLACEMENT_3D ( 'NONE', #1865, #888, #2840 ) ;
#764 = CARTESIAN_POINT ( 'NONE',  ( 37.80189997677833702, 40.99999999999999289, -8.655845490743455883 ) ) ;
#765 = PLANE ( 'NONE',  #2397 ) ;
#766 = EDGE_CURVE ( 'NONE', #852, #2358, #2287, .T. ) ;
#767 = CIRCLE ( 'NONE', #255, 1.700000000000000400 ) ;
#768 = DIRECTION ( 'NONE',  ( -1.000000000000000000, 0.000000000000000000, 1.991441599360792004E-16 ) ) ;
#769 = VERTEX_POINT ( 'NONE', #1264 ) ;
#770 = EDGE_CURVE ( 'NONE', #1992, #1411, #79, .T. ) ;
#771 = ORIENTED_EDGE ( 'NONE', *, *, #1301, .T. ) ;
#772 = DIRECTION ( 'NONE',  ( 0.000000000000000000, 1.000000000000000000, -0.000000000000000000 ) ) ;
#773 = VERTEX_POINT ( 'NONE', #1506 ) ;
#774 = DIRECTION ( 'NONE',  ( -0.4226182617407015507, -0.000000000000000000, -0.9063077870366490485 ) ) ;
#775 = EDGE_CURVE ( 'NONE', #715, #2665, #310, .T. ) ;
#776 = EDGE_CURVE ( 'NONE', #2503, #2648, #1112, .T. ) ;
#777 = FACE_OUTER_BOUND ( 'NONE', #321, .T. ) ;
#778 = ORIENTED_EDGE ( 'NONE', *, *, #450, .F. ) ;
#779 = FACE_BOUND ( 'NONE', #2231, .T. ) ;
#780 = CARTESIAN_POINT ( 'NONE',  ( 41.12665539029471518, 2.000000000000000000, -15.72309399637090266 ) ) ;
#781 = DIRECTION ( 'NONE',  ( 0.9063077870366489375, 0.000000000000000000, -0.4226182617407014952 ) ) ;
#782 = CARTESIAN_POINT ( 'NONE',  ( 34.84357214459343055, 41.00000000000000000, -15.00000000000000000 ) ) ;
#783 = ADVANCED_FACE ( 'NONE', ( #2009 ), #2251, .T. ) ;
#784 = ORIENTED_EDGE ( 'NONE', *, *, #2448, .F. ) ;
#785 = ORIENTED_EDGE ( 'NONE', *, *, #3187, .T. ) ;
#786 = LINE ( 'NONE', #2958, #2512 ) ;
#787 = ORIENTED_EDGE ( 'NONE', *, *, #1678, .F. ) ;
#788 = CARTESIAN_POINT ( 'NONE',  ( 62.32840090717710524, 37.99999999999999289, -5.748827755821739771 ) ) ;
#789 = CYLINDRICAL_SURFACE ( 'NONE', #2914, 1.499999999999999556 ) ;
#790 = ORIENTED_EDGE ( 'NONE', *, *, #106, .T. ) ;
#791 = FACE_OUTER_BOUND ( 'NONE', #1097, .T. ) ;
#792 = CARTESIAN_POINT ( 'NONE',  ( 43.23974669899823198, 34.99999999999999289, -11.19155506118766219 ) ) ;
#793 = CYLINDRICAL_SURFACE ( 'NONE', #1723, 10.00000000000000178 ) ;
#794 = ORIENTED_EDGE ( 'NONE', *, *, #227, .T. ) ;
#795 = PLANE ( 'NONE',  #1425 ) ;
#796 = LINE ( 'NONE', #511, #2769 ) ;
#797 = DIRECTION ( 'NONE',  ( -0.9063077870366496036, 2.775557561562891967E-17, 0.4226182617407005515 ) ) ;
#798 = DIRECTION ( 'NONE',  ( 0.000000000000000000, 0.000000000000000000, 1.000000000000000000 ) ) ;
#799 = ORIENTED_EDGE ( 'NONE', *, *, #343, .F. ) ;
#800 = CIRCLE ( 'NONE', #2607, 1.699999999999993738 ) ;
#801 = ORIENTED_EDGE ( 'NONE', *, *, #398, .T. ) ;
#802 = LINE ( 'NONE', #1243, #876 ) ;
#803 = ORIENTED_EDGE ( 'NONE', *, *, #2443, .T. ) ;
#804 = DIRECTION ( 'NONE',  ( -0.4226182617407015507, -0.000000000000000000, -0.9063077870366490485 ) ) ;
#805 = DIRECTION ( 'NONE',  ( -0.9063077870366489375, 0.000000000000000000, 0.4226182617407014952 ) ) ;
#806 = ORIENTED_EDGE ( 'NONE', *, *, #1301, .F. ) ;
#807 = EDGE_CURVE ( 'NONE', #715, #3013, #858, .T. ) ;
#808 = FACE_BOUND ( 'NONE', #2653, .T. ) ;
#809 = LINE ( 'NONE', #364, #3059 ) ;
#810 = DIRECTION ( 'NONE',  ( -0.9063077870366490485, -0.000000000000000000, 0.4226182617407013287 ) ) ;
#811 = ORIENTED_EDGE ( 'NONE', *, *, #265, .F. ) ;
#812 = EDGE_CURVE ( 'NONE', #1572, #2282, #1305, .T. ) ;
#813 = CARTESIAN_POINT ( 'NONE',  ( 70.18957583902275132, 0.000000000000000000, -31.48211220788733300 ) ) ;
#814 = DIRECTION ( 'NONE',  ( -0.4226182617407011066, 0.000000000000000000, -0.9063077870366491595 ) ) ;
#815 = CARTESIAN_POINT ( 'NONE',  ( 34.84357214459343055, 41.00000000000000000, -12.49999999999999822 ) ) ;
#816 = AXIS2_PLACEMENT_3D ( 'NONE', #3073, #355, #2596 ) ;
#817 = AXIS2_PLACEMENT_3D ( 'NONE', #3157, #514, #500 ) ;
#818 = VECTOR ( 'NONE', #1586, 1000.000000000000000 ) ;
#819 = ORIENTED_EDGE ( 'NONE', *, *, #2821, .T. ) ;
#820 = VERTEX_POINT ( 'NONE', #3011 ) ;
#821 = DIRECTION ( 'NONE',  ( -1.991441599360792004E-16, 0.000000000000000000, -1.000000000000000000 ) ) ;
#822 = ORIENTED_EDGE ( 'NONE', *, *, #450, .T. ) ;
#823 = FACE_OUTER_BOUND ( 'NONE', #146, .T. ) ;
#824 = VECTOR ( 'NONE', #185, 1000.000000000000000 ) ;
#825 = EDGE_CURVE ( 'NONE', #1765, #2785, #1048, .T. ) ;
#826 = EDGE_CURVE ( 'NONE', #2212, #1541, #800, .T. ) ;
#827 = DIRECTION ( 'NONE',  ( 0.000000000000000000, -1.000000000000000000, 0.000000000000000000 ) ) ;
#828 = ADVANCED_FACE ( 'NONE', ( #2778 ), #1581, .F. ) ;
#829 = CARTESIAN_POINT ( 'NONE',  ( 18.00000000000000000, 29.50000000000000000, -2.067405927265922205 ) ) ;
#830 = ORIENTED_EDGE ( 'NONE', *, *, #97, .T. ) ;
#831 = LINE ( 'NONE', #1035, #2654 ) ;
#832 = CARTESIAN_POINT ( 'NONE',  ( 62.28613908100303576, 37.99999999999999289, -5.839458534525405753 ) ) ;
#833 = DIRECTION ( 'NONE',  ( 0.000000000000000000, -0.000000000000000000, 1.000000000000000000 ) ) ;
#834 = ORIENTED_EDGE ( 'NONE', *, *, #240, .T. ) ;
#835 = ORIENTED_EDGE ( 'NONE', *, *, #2473, .F. ) ;
#836 = LINE ( 'NONE', #1123, #1274 ) ;
#837 = ORIENTED_EDGE ( 'NONE', *, *, #2286, .F. ) ;
#838 = FACE_OUTER_BOUND ( 'NONE', #2272, .T. ) ;
#839 = EDGE_CURVE ( 'NONE', #1911, #1637, #3061, .T. ) ;
#840 = ORIENTED_EDGE ( 'NONE', *, *, #1634, .T. ) ;
#841 = DIRECTION ( 'NONE',  ( 0.4226182617407012732, -0.000000000000000000, 0.9063077870366490485 ) ) ;
#842 = CARTESIAN_POINT ( 'NONE',  ( 4.500000000000000888, 4.000000000000000000, -15.00000000000000000 ) ) ;
#843 = CIRCLE ( 'NONE', #1879, 1.699999999999984857 ) ;
#844 = ORIENTED_EDGE ( 'NONE', *, *, #3153, .T. ) ;
#845 = DIRECTION ( 'NONE',  ( -0.000000000000000000, -0.000000000000000000, 1.000000000000000000 ) ) ;
#846 = VECTOR ( 'NONE', #1942, 1000.000000000000114 ) ;
#847 = CARTESIAN_POINT ( 'NONE',  ( 0.000000000000000000, 13.49999999999999822, -7.999999999999998224 ) ) ;
#848 = DIRECTION ( 'NONE',  ( -0.4226182617407015507, 0.000000000000000000, -0.9063077870366490485 ) ) ;
#849 = ORIENTED_EDGE ( 'NONE', *, *, #916, .F. ) ;
#850 = ORIENTED_EDGE ( 'NONE', *, *, #1579, .F. ) ;
#851 = CARTESIAN_POINT ( 'NONE',  ( 8.085073234355183658, 0.000000000000000000, 17.33849550390120697 ) ) ;
#852 = VERTEX_POINT ( 'NONE', #2029 ) ;
#853 = LINE ( 'NONE', #387, #1991 ) ;
#854 = DIRECTION ( 'NONE',  ( 0.000000000000000000, -1.000000000000000000, 0.000000000000000000 ) ) ;
#855 = VECTOR ( 'NONE', #588, 1000.000000000000000 ) ;
#856 = VECTOR ( 'NONE', #1552, 1000.000000000000114 ) ;
#857 = ORIENTED_EDGE ( 'NONE', *, *, #2935, .F. ) ;
#858 = LINE ( 'NONE', #792, #544 ) ;
#859 = CARTESIAN_POINT ( 'NONE',  ( 49.70116315221923031, 2.000000000000000000, -2.067405927265921761 ) ) ;
#860 = VERTEX_POINT ( 'NONE', #2305 ) ;
#861 = DIRECTION ( 'NONE',  ( 0.000000000000000000, 1.000000000000000000, 0.000000000000000000 ) ) ;
#862 = CARTESIAN_POINT ( 'NONE',  ( 0.000000000000000000, 43.00000000000000000, 0.000000000000000000 ) ) ;
#863 = DIRECTION ( 'NONE',  ( -0.9063077870366491595, 1.905688963191592481E-16, 0.4226182617407013842 ) ) ;
#864 = CARTESIAN_POINT ( 'NONE',  ( 29.34357214459343410, 2.000000000000000000, -2.067405927265921761 ) ) ;
#865 = ORIENTED_EDGE ( 'NONE', *, *, #1950, .F. ) ;
#866 = VERTEX_POINT ( 'NONE', #1564 ) ;
#867 = DIRECTION ( 'NONE',  ( 0.000000000000000000, -0.000000000000000000, -1.000000000000000000 ) ) ;
#868 = EDGE_LOOP ( 'NONE', ( #1145, #3072, #1404, #2733 ) ) ;
#869 = CARTESIAN_POINT ( 'NONE',  ( 13.34357214459343233, 33.50000000000000000, -2.067405927265921761 ) ) ;
#870 = EDGE_CURVE ( 'NONE', #2593, #2947, #1341, .T. ) ;
#871 = VECTOR ( 'NONE', #672, 1000.000000000000227 ) ;
#872 = DIRECTION ( 'NONE',  ( -1.000000000000000000, 0.000000000000000000, -0.000000000000000000 ) ) ;
#873 = VECTOR ( 'NONE', #7, 1000.000000000000114 ) ;
#874 = VECTOR ( 'NONE', #2822, 1000.000000000000000 ) ;
#875 = DIRECTION ( 'NONE',  ( 0.9063077870366491595, 0.000000000000000000, -0.4226182617407013842 ) ) ;
#876 = VECTOR ( 'NONE', #2004, 1000.000000000000114 ) ;
#877 = EDGE_CURVE ( 'NONE', #1351, #644, #2550, .T. ) ;
#878 = AXIS2_PLACEMENT_3D ( 'NONE', #482, #1978, #1441 ) ;
#879 = ORIENTED_EDGE ( 'NONE', *, *, #3112, .F. ) ;
#880 = LINE ( 'NONE', #2116, #1102 ) ;
#881 = CARTESIAN_POINT ( 'NONE',  ( 0.000000000000000000, 29.50000000000000000, 0.000000000000000000 ) ) ;
#882 = VERTEX_POINT ( 'NONE', #1082 ) ;
#883 = DIRECTION ( 'NONE',  ( -0.000000000000000000, -0.000000000000000000, 1.000000000000000000 ) ) ;
#884 = LINE ( 'NONE', #298, #1273 ) ;
#885 = EDGE_CURVE ( 'NONE', #2336, #1226, #1840, .T. ) ;
#886 = CARTESIAN_POINT ( 'NONE',  ( 45.77545626944246493, 40.99999999999999289, -5.753708338967692626 ) ) ;
#887 = VERTEX_POINT ( 'NONE', #2063 ) ;
#888 = DIRECTION ( 'NONE',  ( 0.4226182617407013842, 0.000000000000000000, 0.9063077870366491595 ) ) ;
#889 = EDGE_LOOP ( 'NONE', ( #1295, #1927, #3093, #1229 ) ) ;
#890 = CARTESIAN_POINT ( 'NONE',  ( 51.19178210486261804, -31.53300858899112669, -84.05402026096923862 ) ) ;
#891 = EDGE_CURVE ( 'NONE', #895, #1177, #809, .T. ) ;
#892 = ORIENTED_EDGE ( 'NONE', *, *, #1560, .T. ) ;
#893 = CARTESIAN_POINT ( 'NONE',  ( 55.67432568581443064, 21.49999999999999289, -74.44117453013241459 ) ) ;
#894 = FACE_OUTER_BOUND ( 'NONE', #2422, .T. ) ;
#895 = VERTEX_POINT ( 'NONE', #622 ) ;
#896 = SURFACE_STYLE_FILL_AREA ( #931 ) ;
#897 = DIRECTION ( 'NONE',  ( -0.9063077870366489375, 0.000000000000000000, 0.4226182617407015507 ) ) ;
#898 = ORIENTED_EDGE ( 'NONE', *, *, #1056, .F. ) ;
#899 = DIRECTION ( 'NONE',  ( -0.9063077870366491595, 0.000000000000000000, 0.4226182617407011621 ) ) ;
#900 = VECTOR ( 'NONE', #2591, 1000.000000000000000 ) ;
#901 = ORIENTED_EDGE ( 'NONE', *, *, #1896, .F. ) ;
#902 = DIRECTION ( 'NONE',  ( -0.9063077870366482713, 0.000000000000000000, 0.4226182617407031605 ) ) ;
#903 = FACE_OUTER_BOUND ( 'NONE', #2510, .T. ) ;
#904 = CARTESIAN_POINT ( 'NONE',  ( 40.33760954722258418, 1.999999999999983125, -3.217998768523484099 ) ) ;
#905 = ORIENTED_EDGE ( 'NONE', *, *, #2463, .T. ) ;
#906 = CARTESIAN_POINT ( 'NONE',  ( 51.19178210486262515, -31.53300858899112669, -84.05402026096921020 ) ) ;
#907 = ORIENTED_EDGE ( 'NONE', *, *, #1489, .F. ) ;
#908 = AXIS2_PLACEMENT_3D ( 'NONE', #2440, #1213, #2193 ) ;
#909 = CARTESIAN_POINT ( 'NONE',  ( 68.85576920709937099, 40.99999999999999289, -15.41285709544865234 ) ) ;
#910 = ORIENTED_EDGE ( 'NONE', *, *, #733, .T. ) ;
#911 = DIRECTION ( 'NONE',  ( 1.000000000000000000, -0.000000000000000000, -0.000000000000000000 ) ) ;
#912 = CARTESIAN_POINT ( 'NONE',  ( 72.35885782813546996, 11.50000000000000000, -12.63286247078345603 ) ) ;
#913 = EDGE_CURVE ( 'NONE', #373, #1406, #3041, .T. ) ;
#914 = ORIENTED_EDGE ( 'NONE', *, *, #496, .T. ) ;
#915 = DIRECTION ( 'NONE',  ( 0.4226182617407004960, 0.000000000000000000, 0.9063077870366494926 ) ) ;
#916 = EDGE_CURVE ( 'NONE', #773, #1823, #1032, .T. ) ;
#917 = ADVANCED_FACE ( 'NONE', ( #1601 ), #2562, .F. ) ;
#918 = ORIENTED_EDGE ( 'NONE', *, *, #3045, .F. ) ;
#919 = LINE ( 'NONE', #949, #1743 ) ;
#920 = DIRECTION ( 'NONE',  ( -0.000000000000000000, -1.000000000000000000, -0.000000000000000000 ) ) ;
#921 = DIRECTION ( 'NONE',  ( -0.4226182617407013287, -0.000000000000000000, -0.9063077870366490485 ) ) ;
#922 = ORIENTED_EDGE ( 'NONE', *, *, #2835, .F. ) ;
#923 = FACE_OUTER_BOUND ( 'NONE', #2818, .T. ) ;
#924 = ORIENTED_EDGE ( 'NONE', *, *, #877, .F. ) ;
#925 = CARTESIAN_POINT ( 'NONE',  ( 18.00000000000000000, 13.49999999999999822, 0.000000000000000000 ) ) ;
#926 = AXIS2_PLACEMENT_3D ( 'NONE', #280, #2710, #735 ) ;
#927 = VECTOR ( 'NONE', #2691, 1000.000000000000114 ) ;
#928 = VECTOR ( 'NONE', #985, 1000.000000000000000 ) ;
#929 = AXIS2_PLACEMENT_3D ( 'NONE', #2642, #3122, #1943 ) ;
#930 = ORIENTED_EDGE ( 'NONE', *, *, #1922, .F. ) ;
#931 = FILL_AREA_STYLE ('',( #3099 ) ) ;
#932 = DIRECTION ( 'NONE',  ( 0.9063077870366491595, 0.000000000000000000, -0.4226182617407009401 ) ) ;
#933 = ADVANCED_FACE ( 'NONE', ( #377 ), #2012, .T. ) ;
#934 = AXIS2_PLACEMENT_3D ( 'NONE', #312, #2860, #327 ) ;
#935 = ORIENTED_EDGE ( 'NONE', *, *, #1060, .T. ) ;
#936 = CARTESIAN_POINT ( 'NONE',  ( 41.12665539029472228, 40.99999999999999289, -15.72309399637090621 ) ) ;
#937 = EDGE_CURVE ( 'NONE', #1987, #2705, #45, .T. ) ;
#938 = LINE ( 'NONE', #1171, #1075 ) ;
#939 = FACE_OUTER_BOUND ( 'NONE', #1734, .T. ) ;
#940 = CARTESIAN_POINT ( 'NONE',  ( 18.00000000000000000, 13.49999999999999822, -2.067405927265924426 ) ) ;
#941 = CARTESIAN_POINT ( 'NONE',  ( 68.85576920709935678, 25.50000000000000355, -15.41285709544864524 ) ) ;
#942 = ORIENTED_EDGE ( 'NONE', *, *, #23, .F. ) ;
#943 = DIRECTION ( 'NONE',  ( 1.000000000000000000, 0.000000000000000000, 0.000000000000000000 ) ) ;
#944 = ORIENTED_EDGE ( 'NONE', *, *, #2758, .F. ) ;
#945 = DIRECTION ( 'NONE',  ( -0.9063077870366494926, 0.000000000000000000, 0.4226182617407006625 ) ) ;
#946 = CARTESIAN_POINT ( 'NONE',  ( 73.56856969968997362, 36.99999999999999289, -17.61047205650030634 ) ) ;
#947 = EDGE_LOOP ( 'NONE', ( #2925, #564, #2614, #336 ) ) ;
#948 = CARTESIAN_POINT ( 'NONE',  ( 70.66838478117266220, 7.500000000000000000, -16.25809361893005089 ) ) ;
#949 = CARTESIAN_POINT ( 'NONE',  ( 70.96886051580288779, 37.99999999999999289, -10.88131816026541365 ) ) ;
#950 = DIRECTION ( 'NONE',  ( 0.000000000000000000, 0.000000000000000000, 1.000000000000000000 ) ) ;
#951 = CYLINDRICAL_SURFACE ( 'NONE', #742, 1.699999999999993072 ) ;
#952 = DIRECTION ( 'NONE',  ( 0.000000000000000000, 0.000000000000000000, 1.000000000000000000 ) ) ;
#953 = ORIENTED_EDGE ( 'NONE', *, *, #1577, .F. ) ;
#954 = DIRECTION ( 'NONE',  ( -0.000000000000000000, -0.000000000000000000, 1.000000000000000000 ) ) ;
#955 = VECTOR ( 'NONE', #1167, 1000.000000000000000 ) ;
#956 = EDGE_LOOP ( 'NONE', ( #2149, #2038 ) ) ;
#957 = DIRECTION ( 'NONE',  ( -0.4226182617407015507, -0.000000000000000000, -0.9063077870366490485 ) ) ;
#958 = EDGE_LOOP ( 'NONE', ( #1894, #170, #2218, #2486 ) ) ;
#959 = CARTESIAN_POINT ( 'NONE',  ( 70.66838478117264799, 25.50000000000000355, -16.25809361893004734 ) ) ;
#960 = AXIS2_PLACEMENT_3D ( 'NONE', #574, #2564, #1806 ) ;
#961 = LINE ( 'NONE', #1916, #1952 ) ;
#962 = DIRECTION ( 'NONE',  ( 0.9063077870366491595, 0.000000000000000000, -0.4226182617407009401 ) ) ;
#963 = ADVANCED_FACE ( 'NONE', ( #2515 ), #313, .F. ) ;
#964 = DIRECTION ( 'NONE',  ( -0.000000000000000000, -0.000000000000000000, 1.000000000000000000 ) ) ;
#965 = ORIENTED_EDGE ( 'NONE', *, *, #1816, .T. ) ;
#966 = ADVANCED_FACE ( 'NONE', ( #328 ), #2291, .T. ) ;
#967 = LINE ( 'NONE', #1947, #1186 ) ;
#968 = ADVANCED_FACE ( 'NONE', ( #639 ), #1136, .T. ) ;
#969 = EDGE_CURVE ( 'NONE', #2471, #2578, #172, .T. ) ;
#970 = CARTESIAN_POINT ( 'NONE',  ( 43.23974669899823198, 34.99999999999999289, -11.19155506118766219 ) ) ;
#971 = VERTEX_POINT ( 'NONE', #3062 ) ;
#972 = AXIS2_PLACEMENT_3D ( 'NONE', #3177, #2729, #781 ) ;
#973 = AXIS2_PLACEMENT_3D ( 'NONE', #1959, #2419, #1945 ) ;
#974 = AXIS2_PLACEMENT_3D ( 'NONE', #2474, #274, #1249 ) ;
#975 = ADVANCED_FACE ( 'NONE', ( #152 ), #2357, .F. ) ;
#976 = PLANE ( 'NONE',  #2975 ) ;
#977 = CARTESIAN_POINT ( 'NONE',  ( 64.72557299150994936, 45.92893218813453160, -43.19970412806246429 ) ) ;
#978 = CARTESIAN_POINT ( 'NONE',  ( 13.34357214459343233, 9.500000000000001776, -12.49999999999999645 ) ) ;
#979 = VERTEX_POINT ( 'NONE', #1875 ) ;
#980 = ADVANCED_FACE ( 'NONE', ( #1360 ), #2154, .F. ) ;
#981 = CARTESIAN_POINT ( 'NONE',  ( 45.21505733026022966, 74.53300858899113734, -96.87114790208497084 ) ) ;
#982 = CARTESIAN_POINT ( 'NONE',  ( 29.34357214459343410, 9.500000000000001776, -12.49999999999999645 ) ) ;
#983 = EDGE_LOOP ( 'NONE', ( #2266, #391, #898, #1354, #2056, #483, #56, #201, #2070, #1908, #2062, #3083, #430, #1973, #2749, #1836 ) ) ;
#984 = EDGE_CURVE ( 'NONE', #2374, #1600, #1394, .T. ) ;
#985 = DIRECTION ( 'NONE',  ( 1.000000000000000000, 0.000000000000000000, 0.000000000000000000 ) ) ;
#986 = CARTESIAN_POINT ( 'NONE',  ( 69.25711192669319871, -2.928932188134544923, -45.31279543676595978 ) ) ;
#987 = DIRECTION ( 'NONE',  ( -0.9063077870366489375, 0.000000000000000000, 0.4226182617407013287 ) ) ;
#988 = VERTEX_POINT ( 'NONE', #134 ) ;
#989 = EDGE_LOOP ( 'NONE', ( #1721, #1456, #2626, #1551 ) ) ;
#990 = DIRECTION ( 'NONE',  ( -0.000000000000000000, 1.000000000000000000, -0.000000000000000000 ) ) ;
#991 = VERTEX_POINT ( 'NONE', #859 ) ;
#992 = LINE ( 'NONE', #2006, #301 ) ;
#993 = AXIS2_PLACEMENT_3D ( 'NONE', #1607, #46, #2013 ) ;
#994 = MECHANICAL_DESIGN_GEOMETRIC_PRESENTATION_REPRESENTATION (  '', ( #3057 ), #2335 ) ;
#995 = CIRCLE ( 'NONE', #2226, 1.700000000000005729 ) ;
#996 = CARTESIAN_POINT ( 'NONE',  ( 35.68880866807483443, 34.99999999999999289, -13.18738442592669990 ) ) ;
#997 = ORIENTED_EDGE ( 'NONE', *, *, #1246, .T. ) ;
#998 = AXIS2_PLACEMENT_3D ( 'NONE', #52, #797, #1554 ) ;
#999 = EDGE_CURVE ( 'NONE', #769, #293, #1435, .T. ) ;
#1000 = EDGE_CURVE ( 'NONE', #2128, #2027, #1342, .T. ) ;
#1001 = CARTESIAN_POINT ( 'NONE',  ( 48.20341971756141675, -38.60407640085661285, -90.46258408152711183 ) ) ;
#1002 = VECTOR ( 'NONE', #2219, 1000.000000000000000 ) ;
#1003 = ADVANCED_FACE ( 'NONE', ( #2830 ), #1150, .T. ) ;
#1004 = CARTESIAN_POINT ( 'NONE',  ( 83.17348000902001104, 43.00000000000000000, -15.46904777585785595 ) ) ;
#1005 = CARTESIAN_POINT ( 'NONE',  ( 57.11951152523360520, 35.64213562373092259, -59.51095558031313004 ) ) ;
#1006 = ADVANCED_FACE ( 'NONE', ( #2095, #1635 ), #1376, .F. ) ;
#1007 = CARTESIAN_POINT ( 'NONE',  ( 73.71831950869047034, 21.99999999999999289, -13.26678986339451960 ) ) ;
#1008 = ORIENTED_EDGE ( 'NONE', *, *, #870, .T. ) ;
#1009 = EDGE_LOOP ( 'NONE', ( #666, #2015, #1732, #2526 ) ) ;
#1010 = DIRECTION ( 'NONE',  ( -0.9063077870366484934, -8.673617379884056180E-16, 0.4226182617407026609 ) ) ;
#1011 = ORIENTED_EDGE ( 'NONE', *, *, #678, .F. ) ;
#1012 = FACE_OUTER_BOUND ( 'NONE', #518, .T. ) ;
#1013 = FACE_OUTER_BOUND ( 'NONE', #1039, .T. ) ;
#1014 = VERTEX_POINT ( 'NONE', #1602 ) ;
#1015 = EDGE_CURVE ( 'NONE', #1921, #2697, #2376, .T. ) ;
#1016 = AXIS2_PLACEMENT_3D ( 'NONE', #2259, #2532, #82 ) ;
#1017 = DIRECTION ( 'NONE',  ( -0.9063077870366489375, 0.000000000000000000, 0.4226182617407013287 ) ) ;
#1018 = DIRECTION ( 'NONE',  ( 0.000000000000000000, 1.000000000000000000, -1.084202172485504434E-16 ) ) ;
#1019 = AXIS2_PLACEMENT_3D ( 'NONE', #2917, #2702, #1719 ) ;
#1020 = CIRCLE ( 'NONE', #2834, 1.699999999999993072 ) ;
#1021 = FACE_OUTER_BOUND ( 'NONE', #1422, .T. ) ;
#1022 = DIRECTION ( 'NONE',  ( -0.000000000000000000, -0.000000000000000000, 1.000000000000000000 ) ) ;
#1023 = CARTESIAN_POINT ( 'NONE',  ( 51.19178210486262515, -45.67514421272208835, -84.05402026096923862 ) ) ;
#1024 = VERTEX_POINT ( 'NONE', #912 ) ;
#1025 = ORIENTED_EDGE ( 'NONE', *, *, #2061, .F. ) ;
#1026 = CARTESIAN_POINT ( 'NONE',  ( 20.00000000000000000, 38.99999999999999289, -15.00000000000000000 ) ) ;
#1027 = ORIENTED_EDGE ( 'NONE', *, *, #2124, .T. ) ;
#1028 = CARTESIAN_POINT ( 'NONE',  ( 13.34357214459343233, 13.49999999999999822, -2.067405927265924426 ) ) ;
#1029 = FACE_OUTER_BOUND ( 'NONE', #6, .T. ) ;
#1030 = ORIENTED_EDGE ( 'NONE', *, *, #693, .F. ) ;
#1031 = CARTESIAN_POINT ( 'NONE',  ( 70.66838478117266220, 35.50000000000000000, -16.25809361893005445 ) ) ;
#1032 = LINE ( 'NONE', #2810, #707 ) ;
#1033 = CARTESIAN_POINT ( 'NONE',  ( 76.89039676331873352, 11.50000000000000000, -14.74595377948696751 ) ) ;
#1034 = ORIENTED_EDGE ( 'NONE', *, *, #2008, .F. ) ;
#1035 = CARTESIAN_POINT ( 'NONE',  ( 4.500000000000000888, 4.000000000000000000, -96.87214790208498982 ) ) ;
#1036 = CYLINDRICAL_SURFACE ( 'NONE', #1742, 1.699999999999993072 ) ;
#1037 = CARTESIAN_POINT ( 'NONE',  ( 13.34357214459343233, 0.000000000000000000, 0.000000000000000000 ) ) ;
#1038 = CARTESIAN_POINT ( 'NONE',  ( 13.34357214459343233, 33.50000000000000000, -12.49999999999999645 ) ) ;
#1039 = EDGE_LOOP ( 'NONE', ( #1852, #258, #1902, #3126 ) ) ;
#1040 = ORIENTED_EDGE ( 'NONE', *, *, #2782, .T. ) ;
#1041 = LINE ( 'NONE', #2525, #2723 ) ;
#1042 = ORIENTED_EDGE ( 'NONE', *, *, #1472, .T. ) ;
#1043 = CARTESIAN_POINT ( 'NONE',  ( 13.34357214459343233, 9.500000000000003553, -2.067405927265924870 ) ) ;
#1044 = CARTESIAN_POINT ( 'NONE',  ( 38.40773202918477125, 5.000000000000000000, -14.45523921114879506 ) ) ;
#1045 = EDGE_CURVE ( 'NONE', #1600, #1815, #1860, .T. ) ;
#1046 = ORIENTED_EDGE ( 'NONE', *, *, #57, .F. ) ;
#1047 = DIRECTION ( 'NONE',  ( -0.4226182617407013287, 0.000000000000000000, -0.9063077870366490485 ) ) ;
#1048 = LINE ( 'NONE', #2043, #2189 ) ;
#1049 = LINE ( 'NONE', #1065, #590 ) ;
#1050 = VERTEX_POINT ( 'NONE', #1656 ) ;
#1051 = CARTESIAN_POINT ( 'NONE',  ( 13.34357214459343233, 9.500000000000003553, -2.067405927265924870 ) ) ;
#1052 = CARTESIAN_POINT ( 'NONE',  ( 61.90578264543638909, 37.99999999999999289, -6.655135542858397812 ) ) ;
#1053 = LINE ( 'NONE', #1104, #2130 ) ;
#1054 = ORIENTED_EDGE ( 'NONE', *, *, #214, .F. ) ;
#1055 = VERTEX_POINT ( 'NONE', #2638 ) ;
#1056 = EDGE_CURVE ( 'NONE', #1580, #1488, #2393, .T. ) ;
#1057 = CARTESIAN_POINT ( 'NONE',  ( 72.81201172165381763, 14.09999999999999964, -12.84417160165381588 ) ) ;
#1058 = ORIENTED_EDGE ( 'NONE', *, *, #2490, .T. ) ;
#1059 = DIRECTION ( 'NONE',  ( 1.000000000000000000, 0.000000000000000000, 0.000000000000000000 ) ) ;
#1060 = EDGE_CURVE ( 'NONE', #2838, #2374, #2147, .T. ) ;
#1061 = EDGE_CURVE ( 'NONE', #979, #2612, #605, .T. ) ;
#1062 = EDGE_CURVE ( 'NONE', #2022, #1571, #1096, .T. ) ;
#1063 = CARTESIAN_POINT ( 'NONE',  ( 37.80189997677833702, 34.99999999999999289, -8.655845490743455883 ) ) ;
#1064 = DIRECTION ( 'NONE',  ( -0.4226182617407011066, 0.000000000000000000, -0.9063077870366491595 ) ) ;
#1065 = CARTESIAN_POINT ( 'NONE',  ( 41.12665539029471518, 8.000000000000000000, -15.72309399637090266 ) ) ;
#1066 = ORIENTED_EDGE ( 'NONE', *, *, #3114, .T. ) ;
#1067 = DIRECTION ( 'NONE',  ( 0.000000000000000000, -1.662792076335610605E-16, -1.000000000000000000 ) ) ;
#1068 = DIRECTION ( 'NONE',  ( -0.9063077870366490485, -0.000000000000000000, 0.4226182617407013287 ) ) ;
#1069 = DIRECTION ( 'NONE',  ( 0.000000000000000000, -1.000000000000000000, 1.662792076335610851E-16 ) ) ;
#1070 = CIRCLE ( 'NONE', #2455, 9.999999999999994671 ) ;
#1071 = ADVANCED_FACE ( 'NONE', ( #1735 ), #1977, .F. ) ;
#1072 = CIRCLE ( 'NONE', #2831, 9.999999999999994671 ) ;
#1073 = VECTOR ( 'NONE', #399, 1000.000000000000114 ) ;
#1074 = VERTEX_POINT ( 'NONE', #2974 ) ;
#1075 = VECTOR ( 'NONE', #194, 1000.000000000000000 ) ;
#1076 = ORIENTED_EDGE ( 'NONE', *, *, #107, .T. ) ;
#1077 = DIRECTION ( 'NONE',  ( 1.000000000000000000, 0.000000000000000000, -1.991441599360792004E-16 ) ) ;
#1078 = ORIENTED_EDGE ( 'NONE', *, *, #532, .T. ) ;
#1079 = CARTESIAN_POINT ( 'NONE',  ( 71.09588362605943246, 40.99999999999999289, -31.90473046962806336 ) ) ;
#1080 = VECTOR ( 'NONE', #714, 1000.000000000000000 ) ;
#1081 = ORIENTED_EDGE ( 'NONE', *, *, #1458, .T. ) ;
#1082 = CARTESIAN_POINT ( 'NONE',  ( 70.18957583902275132, 2.000000000000001332, -31.48211220788734721 ) ) ;
#1083 = DIRECTION ( 'NONE',  ( 0.000000000000000000, 0.000000000000000000, -1.000000000000000000 ) ) ;
#1084 = EDGE_LOOP ( 'NONE', ( #2549, #918, #3043, #2900 ) ) ;
#1085 = CARTESIAN_POINT ( 'NONE',  ( 70.66838478117266220, 33.49999999999999289, -16.25809361893005445 ) ) ;
#1086 = CARTESIAN_POINT ( 'NONE',  ( 20.00000000000000000, 4.000000000000000000, 0.000000000000000000 ) ) ;
#1087 = DIRECTION ( 'NONE',  ( 0.9063077870366489375, -0.000000000000000000, -0.4226182617407014952 ) ) ;
#1088 = EDGE_CURVE ( 'NONE', #3035, #852, #2169, .T. ) ;
#1089 = VERTEX_POINT ( 'NONE', #2248 ) ;
#1090 = EDGE_LOOP ( 'NONE', ( #2747, #1876, #1850, #2281 ) ) ;
#1091 = DIRECTION ( 'NONE',  ( 1.000000000000000000, 0.000000000000000000, 0.000000000000000000 ) ) ;
#1092 = ORIENTED_EDGE ( 'NONE', *, *, #913, .T. ) ;
#1093 = DIRECTION ( 'NONE',  ( 0.4226182617407004960, 0.000000000000000000, 0.9063077870366494926 ) ) ;
#1094 = ORIENTED_EDGE ( 'NONE', *, *, #2712, .F. ) ;
#1095 = DIRECTION ( 'NONE',  ( -0.000000000000000000, 0.000000000000000000, 1.000000000000000000 ) ) ;
#1096 = LINE ( 'NONE', #2960, #2671 ) ;
#1097 = EDGE_LOOP ( 'NONE', ( #2300, #624, #3186, #844 ) ) ;
#1098 = DIRECTION ( 'NONE',  ( -0.4226182617407013287, 0.000000000000000000, -0.9063077870366490485 ) ) ;
#1099 = DIRECTION ( 'NONE',  ( -1.000000000000000000, -0.000000000000000000, -0.000000000000000000 ) ) ;
#1100 = EDGE_CURVE ( 'NONE', #1050, #2071, #1492, .T. ) ;
#1101 = ADVANCED_FACE ( 'NONE', ( #1012 ), #530, .T. ) ;
#1102 = VECTOR ( 'NONE', #1874, 1000.000000000000227 ) ;
#1103 = DIRECTION ( 'NONE',  ( 0.9063077870366489375, -0.000000000000000000, -0.4226182617407016062 ) ) ;
#1104 = CARTESIAN_POINT ( 'NONE',  ( 46.66024316967937580, -45.67514421272208835, -81.94092895226573603 ) ) ;
#1105 = ORIENTED_EDGE ( 'NONE', *, *, #812, .F. ) ;
#1106 = ADVANCED_FACE ( 'NONE', ( #2750 ), #1245, .F. ) ;
#1107 = ORIENTED_EDGE ( 'NONE', *, *, #1962, .T. ) ;
#1108 = CARTESIAN_POINT ( 'NONE',  ( 6.394600187392398105, 0.000000000000000000, 13.71326435575463520 ) ) ;
#1109 = EDGE_LOOP ( 'NONE', ( #1984, #907, #33, #1558 ) ) ;
#1110 = DIRECTION ( 'NONE',  ( -0.4226182617407015507, -0.000000000000000000, -0.9063077870366490485 ) ) ;
#1111 = DIRECTION ( 'NONE',  ( 0.4226182617407004960, 0.000000000000000000, 0.9063077870366494926 ) ) ;
#1112 = CIRCLE ( 'NONE', #1937, 1.999999999999995115 ) ;
#1113 = PRODUCT_DEFINITION_SHAPE ( 'NONE', 'NONE',  #3152 ) ;
#1114 = EDGE_CURVE ( 'NONE', #1815, #1574, #1698, .T. ) ;
#1115 = EDGE_LOOP ( 'NONE', ( #2213, #576, #1335, #1175, #1262, #2827, #1161, #2385 ) ) ;
#1116 = DIRECTION ( 'NONE',  ( -0.4226182617407014397, -0.000000000000000000, -0.9063077870366492705 ) ) ;
#1117 = DIRECTION ( 'NONE',  ( -0.9063077870366491595, 0.000000000000000000, 0.4226182617407010511 ) ) ;
#1118 = EDGE_LOOP ( 'NONE', ( #224, #1196 ) ) ;
#1119 = CARTESIAN_POINT ( 'NONE',  ( 6.000000000000000000, 38.99999999999999289, -15.00000000000000000 ) ) ;
#1120 = EDGE_CURVE ( 'NONE', #1177, #448, #1926, .T. ) ;
#1121 = LINE ( 'NONE', #3015, #2928 ) ;
#1122 = ORIENTED_EDGE ( 'NONE', *, *, #1727, .T. ) ;
#1123 = CARTESIAN_POINT ( 'NONE',  ( 71.09588362605943246, 40.99999999999999289, -31.90473046962806336 ) ) ;
#1124 = VERTEX_POINT ( 'NONE', #1284 ) ;
#1125 = PLANE ( 'NONE',  #618 ) ;
#1126 = VECTOR ( 'NONE', #2797, 1000.000000000000114 ) ;
#1127 = ORIENTED_EDGE ( 'NONE', *, *, #1120, .T. ) ;
#1128 = CARTESIAN_POINT ( 'NONE',  ( 29.34357214459343410, 41.00000000000000000, -12.49999999999999645 ) ) ;
#1129 = AXIS2_PLACEMENT_3D ( 'NONE', #2720, #1988, #1185 ) ;
#1130 = VECTOR ( 'NONE', #560, 1000.000000000000114 ) ;
#1131 = CYLINDRICAL_SURFACE ( 'NONE', #2053, 1.699999999999992406 ) ;
#1132 = CIRCLE ( 'NONE', #1851, 1.499999999999999556 ) ;
#1133 = VECTOR ( 'NONE', #262, 1000.000000000000114 ) ;
#1134 = ORIENTED_EDGE ( 'NONE', *, *, #826, .F. ) ;
#1135 = LINE ( 'NONE', #3116, #13 ) ;
#1136 = PLANE ( 'NONE',  #2249 ) ;
#1137 = ORIENTED_EDGE ( 'NONE', *, *, #1443, .T. ) ;
#1138 = FACE_OUTER_BOUND ( 'NONE', #1374, .T. ) ;
#1139 = VERTEX_POINT ( 'NONE', #451 ) ;
#1140 = DIRECTION ( 'NONE',  ( 1.000000000000000000, 0.000000000000000000, 0.000000000000000000 ) ) ;
#1141 = CARTESIAN_POINT ( 'NONE',  ( 0.000000000000000000, 43.00000000000000000, -14.99999999999999289 ) ) ;
#1142 = FACE_OUTER_BOUND ( 'NONE', #958, .T. ) ;
#1143 = ORIENTED_EDGE ( 'NONE', *, *, #937, .F. ) ;
#1144 = CARTESIAN_POINT ( 'NONE',  ( 4.500000000000000888, 4.000000000000000000, 0.000000000000000000 ) ) ;
#1145 = ORIENTED_EDGE ( 'NONE', *, *, #3002, .T. ) ;
#1146 = EDGE_CURVE ( 'NONE', #1595, #769, #3149, .T. ) ;
#1147 = DIRECTION ( 'NONE',  ( 0.000000000000000000, 1.000000000000000000, 0.000000000000000000 ) ) ;
#1148 = EDGE_CURVE ( 'NONE', #1074, #2578, #149, .T. ) ;
#1149 = VERTEX_POINT ( 'NONE', #548 ) ;
#1150 = PLANE ( 'NONE',  #206 ) ;
#1151 = VERTEX_POINT ( 'NONE', #1198 ) ;
#1152 = DIRECTION ( 'NONE',  ( 1.000000000000000000, 0.000000000000000000, 0.000000000000000000 ) ) ;
#1153 = AXIS2_PLACEMENT_3D ( 'NONE', #2261, #2292, #1995 ) ;
#1154 = ORIENTED_EDGE ( 'NONE', *, *, #2195, .T. ) ;
#1155 = AXIS2_PLACEMENT_3D ( 'NONE', #2656, #453, #2172 ) ;
#1156 = LINE ( 'NONE', #2627, #2886 ) ;
#1157 = DIRECTION ( 'NONE',  ( 0.4226182617407013287, -0.000000000000000000, 0.9063077870366490485 ) ) ;
#1158 = LINE ( 'NONE', #2430, #2076 ) ;
#1159 = VERTEX_POINT ( 'NONE', #464 ) ;
#1160 = CARTESIAN_POINT ( 'NONE',  ( 29.34357214459343410, 33.50000000000000000, -12.49999999999999645 ) ) ;
#1161 = ORIENTED_EDGE ( 'NONE', *, *, #3187, .F. ) ;
#1162 = VECTOR ( 'NONE', #1327, 1000.000000000000000 ) ;
#1163 = EDGE_CURVE ( 'NONE', #1283, #882, #2232, .T. ) ;
#1164 = LINE ( 'NONE', #1907, #215 ) ;
#1165 = ADVANCED_FACE ( 'NONE', ( #1504 ), #1686, .F. ) ;
#1166 = ORIENTED_EDGE ( 'NONE', *, *, #1204, .F. ) ;
#1167 = DIRECTION ( 'NONE',  ( 0.000000000000000000, 0.000000000000000000, 1.000000000000000000 ) ) ;
#1168 = DIRECTION ( 'NONE',  ( -0.2988362387301200518, 0.7071067811865485719, -0.6408563820557872104 ) ) ;
#1169 = ORIENTED_EDGE ( 'NONE', *, *, #1173, .F. ) ;
#1170 = LINE ( 'NONE', #692, #445 ) ;
#1171 = CARTESIAN_POINT ( 'NONE',  ( 62.32840090717710524, 37.99999999999999289, -5.748827755821739771 ) ) ;
#1172 = DIRECTION ( 'NONE',  ( 0.000000000000000000, -1.000000000000000000, 0.000000000000000000 ) ) ;
#1173 = EDGE_CURVE ( 'NONE', #1089, #773, #1766, .T. ) ;
#1174 = DIRECTION ( 'NONE',  ( 0.000000000000000000, 0.000000000000000000, 1.000000000000000000 ) ) ;
#1175 = ORIENTED_EDGE ( 'NONE', *, *, #1549, .F. ) ;
#1176 = LINE ( 'NONE', #1857, #2307 ) ;
#1177 = VERTEX_POINT ( 'NONE', #1028 ) ;
#1178 = AXIS2_PLACEMENT_3D ( 'NONE', #2117, #365, #2586 ) ;
#1179 = LINE ( 'NONE', #909, #2887 ) ;
#1180 = AXIS2_PLACEMENT_3D ( 'NONE', #1498, #1747, #17 ) ;
#1181 = CIRCLE ( 'NONE', #1993, 1.699999999999993738 ) ;
#1182 = AXIS2_PLACEMENT_3D ( 'NONE', #266, #51, #2264 ) ;
#1183 = CIRCLE ( 'NONE', #2677, 1.999999999999995115 ) ;
#1184 = ORIENTED_EDGE ( 'NONE', *, *, #1061, .T. ) ;
#1185 = DIRECTION ( 'NONE',  ( 0.9063077870366484934, 0.000000000000000000, -0.4226182617407026609 ) ) ;
#1186 = VECTOR ( 'NONE', #1887, 1000.000000000000114 ) ;
#1187 = ORIENTED_EDGE ( 'NONE', *, *, #770, .F. ) ;
#1188 = LINE ( 'NONE', #208, #14 ) ;
#1189 = DIRECTION ( 'NONE',  ( -0.4226182617407013287, -0.000000000000000000, -0.9063077870366490485 ) ) ;
#1190 = DIRECTION ( 'NONE',  ( 0.9063077870366489375, 0.000000000000000000, -0.4226182617407016062 ) ) ;
#1191 = DIRECTION ( 'NONE',  ( -0.000000000000000000, -1.000000000000000000, -0.000000000000000000 ) ) ;
#1192 = VECTOR ( 'NONE', #658, 1000.000000000000000 ) ;
#1193 = CARTESIAN_POINT ( 'NONE',  ( 72.81201172165381763, 5.000000000000000000, -12.84417160165381588 ) ) ;
#1194 = ORIENTED_EDGE ( 'NONE', *, *, #2826, .T. ) ;
#1195 = LINE ( 'NONE', #1652, #2203 ) ;
#1196 = ORIENTED_EDGE ( 'NONE', *, *, #2288, .T. ) ;
#1197 = CYLINDRICAL_SURFACE ( 'NONE', #41, 1.700000000000005729 ) ;
#1198 = CARTESIAN_POINT ( 'NONE',  ( 70.54624225406217874, 23.50000000000000000, -11.78762594730206281 ) ) ;
#1199 = ORIENTED_EDGE ( 'NONE', *, *, #1597, .F. ) ;
#1200 = LINE ( 'NONE', #959, #846 ) ;
#1201 = LINE ( 'NONE', #724, #561 ) ;
#1202 = CARTESIAN_POINT ( 'NONE',  ( 8.085073234355183658, 0.000000000000000000, 17.33849550390120697 ) ) ;
#1203 = CARTESIAN_POINT ( 'NONE',  ( 0.000000000000000000, 43.00000000000000000, 0.000000000000000000 ) ) ;
#1204 = EDGE_CURVE ( 'NONE', #1055, #2558, #992, .T. ) ;
#1205 = VERTEX_POINT ( 'NONE', #1427 ) ;
#1206 = CARTESIAN_POINT ( 'NONE',  ( 68.85576920709937099, 35.50000000000000000, -15.41285709544865234 ) ) ;
#1207 = ORIENTED_EDGE ( 'NONE', *, *, #2392, .F. ) ;
#1208 = DIRECTION ( 'NONE',  ( -0.9063077870366489375, 0.000000000000000000, 0.4226182617407014952 ) ) ;
#1209 = VERTEX_POINT ( 'NONE', #788 ) ;
#1210 = EDGE_CURVE ( 'NONE', #448, #727, #2270, .T. ) ;
#1211 = EDGE_CURVE ( 'NONE', #2254, #1050, #1669, .T. ) ;
#1212 = DIRECTION ( 'NONE',  ( -0.4226182617407013287, -0.000000000000000000, -0.9063077870366490485 ) ) ;
#1213 = DIRECTION ( 'NONE',  ( -0.9063077870366494926, 0.000000000000000000, 0.4226182617407004405 ) ) ;
#1214 = DIRECTION ( 'NONE',  ( -1.000000000000000000, -0.000000000000000000, -0.000000000000000000 ) ) ;
#1215 = ORIENTED_EDGE ( 'NONE', *, *, #1532, .T. ) ;
#1216 = CYLINDRICAL_SURFACE ( 'NONE', #2461, 1.499999999999999556 ) ;
#1217 = CYLINDRICAL_SURFACE ( 'NONE', #1277, 1.499999999999999556 ) ;
#1218 = EDGE_CURVE ( 'NONE', #543, #1473, #2771, .T. ) ;
#1219 = VECTOR ( 'NONE', #3123, 1000.000000000000000 ) ;
#1220 = VERTEX_POINT ( 'NONE', #2789 ) ;
#1221 = VECTOR ( 'NONE', #1569, 1000.000000000000000 ) ;
#1222 = VECTOR ( 'NONE', #2825, 1000.000000000000000 ) ;
#1223 = LINE ( 'NONE', #2742, #1697 ) ;
#1224 = CARTESIAN_POINT ( 'NONE',  ( 49.64860555698058420, -38.60407640085659153, -75.53236513170784860 ) ) ;
#1225 = DIRECTION ( 'NONE',  ( 0.000000000000000000, -0.000000000000000000, -1.000000000000000000 ) ) ;
#1226 = VERTEX_POINT ( 'NONE', #2527 ) ;
#1227 = ORIENTED_EDGE ( 'NONE', *, *, #1146, .T. ) ;
#1228 = CARTESIAN_POINT ( 'NONE',  ( 72.02784646172766259, 36.99999999999999289, -16.89202101154111446 ) ) ;
#1229 = ORIENTED_EDGE ( 'NONE', *, *, #3009, .F. ) ;
#1230 = PRODUCT_RELATED_PRODUCT_CATEGORY ( 'part', '', ( #2089 ) ) ;
#1231 = EDGE_CURVE ( 'NONE', #2592, #366, #114, .T. ) ;
#1232 = LINE ( 'NONE', #2684, #2680 ) ;
#1233 = EDGE_CURVE ( 'NONE', #421, #2938, #2202, .T. ) ;
#1234 = ORIENTED_EDGE ( 'NONE', *, *, #1246, .F. ) ;
#1235 = ADVANCED_FACE ( 'NONE', ( #602 ), #78, .F. ) ;
#1236 = EDGE_CURVE ( 'NONE', #2024, #1611, #1699, .T. ) ;
#1237 = CARTESIAN_POINT ( 'NONE',  ( 51.19178210486263936, 74.53300858899110892, -84.05402026096919599 ) ) ;
#1238 = PLANE ( 'NONE',  #3137 ) ;
#1239 = DIRECTION ( 'NONE',  ( -0.000000000000000000, -0.000000000000000000, 1.000000000000000000 ) ) ;
#1240 = LINE ( 'NONE', #941, #1589 ) ;
#1241 = EDGE_LOOP ( 'NONE', ( #1839, #1794, #1366, #379 ) ) ;
#1242 = ORIENTED_EDGE ( 'NONE', *, *, #2443, .F. ) ;
#1243 = CARTESIAN_POINT ( 'NONE',  ( 75.19992371635592576, 25.50000000000000355, -18.37118492763356414 ) ) ;
#1244 = ORIENTED_EDGE ( 'NONE', *, *, #1173, .T. ) ;
#1245 = CYLINDRICAL_SURFACE ( 'NONE', #3077, 1.700000000000005729 ) ;
#1246 = EDGE_CURVE ( 'NONE', #502, #860, #210, .T. ) ;
#1247 = VECTOR ( 'NONE', #2239, 1000.000000000000114 ) ;
#1248 = AXIS2_PLACEMENT_3D ( 'NONE', #1446, #718, #2412 ) ;
#1249 = DIRECTION ( 'NONE',  ( 0.9063077870366490485, -0.000000000000000000, -0.4226182617407013287 ) ) ;
#1250 = EDGE_CURVE ( 'NONE', #2404, #2282, #374, .T. ) ;
#1251 = ORIENTED_EDGE ( 'NONE', *, *, #775, .T. ) ;
#1252 = CARTESIAN_POINT ( 'NONE',  ( 38.40773202918477836, 38.00000000000000000, -14.45523921114880039 ) ) ;
#1253 = CARTESIAN_POINT ( 'NONE',  ( 70.96886051580288779, 4.999999999999997335, -10.88131816026541365 ) ) ;
#1254 = VECTOR ( 'NONE', #287, 1000.000000000000000 ) ;
#1255 = CIRCLE ( 'NONE', #2494, 9.999999999999994671 ) ;
#1256 = LINE ( 'NONE', #1275, #928 ) ;
#1257 = LINE ( 'NONE', #2242, #2717 ) ;
#1258 = DIRECTION ( 'NONE',  ( -0.2988362387301207734, 0.7071067811865469066, -0.6408563820557888757 ) ) ;
#1259 = ORIENTED_EDGE ( 'NONE', *, *, #2793, .F. ) ;
#1260 = EDGE_LOOP ( 'NONE', ( #1503, #905, #790, #478 ) ) ;
#1261 = DIRECTION ( 'NONE',  ( 0.4226182617407013287, 0.000000000000000000, 0.9063077870366490485 ) ) ;
#1262 = ORIENTED_EDGE ( 'NONE', *, *, #2315, .F. ) ;
#1263 = DIRECTION ( 'NONE',  ( -0.9063077870366494926, 0.000000000000000000, 0.4226182617407004405 ) ) ;
#1264 = CARTESIAN_POINT ( 'NONE',  ( 73.56856969968997362, 36.99999999999999289, -17.61047205650030989 ) ) ;
#1265 = ORIENTED_EDGE ( 'NONE', *, *, #1831, .F. ) ;
#1266 = PLANE ( 'NONE',  #1330 ) ;
#1267 = VECTOR ( 'NONE', #1910, 1000.000000000000000 ) ;
#1268 = CARTESIAN_POINT ( 'NONE',  ( 38.98010009992598413, 38.00000000000000000, -9.205249231006360944 ) ) ;
#1269 = CIRCLE ( 'NONE', #2100, 1.700000000000000400 ) ;
#1270 = ORIENTED_EDGE ( 'NONE', *, *, #429, .F. ) ;
#1271 = FACE_OUTER_BOUND ( 'NONE', #3150, .T. ) ;
#1272 = AXIS2_PLACEMENT_3D ( 'NONE', #1784, #1805, #1318 ) ;
#1273 = VECTOR ( 'NONE', #1099, 1000.000000000000000 ) ;
#1274 = VECTOR ( 'NONE', #1573, 1000.000000000000114 ) ;
#1275 = CARTESIAN_POINT ( 'NONE',  ( 0.000000000000000000, 0.000000000000000000, 0.000000000000000000 ) ) ;
#1276 = LINE ( 'NONE', #2556, #1162 ) ;
#1277 = AXIS2_PLACEMENT_3D ( 'NONE', #2937, #26, #2423 ) ;
#1278 = APPLICATION_PROTOCOL_DEFINITION ( 'draft international standard', 'automotive_design', 1998, #1343 ) ;
#1279 = VERTEX_POINT ( 'NONE', #3005 ) ;
#1280 = ADVANCED_FACE ( 'NONE', ( #823 ), #2561, .F. ) ;
#1281 = EDGE_LOOP ( 'NONE', ( #125, #944 ) ) ;
#1282 = DIRECTION ( 'NONE',  ( -1.991441599360792004E-16, 0.000000000000000000, -1.000000000000000000 ) ) ;
#1283 = VERTEX_POINT ( 'NONE', #586 ) ;
#1284 = CARTESIAN_POINT ( 'NONE',  ( 50.00000000000000000, 0.000000000000000000, 0.000000000000000000 ) ) ;
#1285 = CARTESIAN_POINT ( 'NONE',  ( 72.35885782813546996, 5.500000000000000000, -12.63286247078345603 ) ) ;
#1286 = VERTEX_POINT ( 'NONE', #1559 ) ;
#1287 = CARTESIAN_POINT ( 'NONE',  ( 13.34357214459343233, 33.50000000000000000, -2.067405927265921761 ) ) ;
#1288 = CARTESIAN_POINT ( 'NONE',  ( 72.24547431399442132, -10.00000000000000178, -38.90423161620805104 ) ) ;
#1289 = DIRECTION ( 'NONE',  ( -0.9063077870366489375, 0.000000000000000000, 0.4226182617407015507 ) ) ;
#1290 = ORIENTED_EDGE ( 'NONE', *, *, #2260, .T. ) ;
#1291 = CYLINDRICAL_SURFACE ( 'NONE', #454, 9.999999999999994671 ) ;
#1292 = EDGE_CURVE ( 'NONE', #2812, #1921, #340, .T. ) ;
#1293 = LINE ( 'NONE', #3032, #818 ) ;
#1294 = DIRECTION ( 'NONE',  ( -1.000000000000000000, 0.000000000000000000, 3.154042683594196107E-16 ) ) ;
#1295 = ORIENTED_EDGE ( 'NONE', *, *, #115, .F. ) ;
#1296 = ORIENTED_EDGE ( 'NONE', *, *, #1653, .T. ) ;
#1297 = EDGE_CURVE ( 'NONE', #1411, #3130, #2074, .T. ) ;
#1298 = DIRECTION ( 'NONE',  ( -0.000000000000000000, -1.000000000000000000, -0.000000000000000000 ) ) ;
#1299 = ORIENTED_EDGE ( 'NONE', *, *, #1443, .F. ) ;
#1300 = DIRECTION ( 'NONE',  ( -0.9063077870366484934, 0.000000000000000000, 0.4226182617407026609 ) ) ;
#1301 = EDGE_CURVE ( 'NONE', #3147, #3036, #853, .T. ) ;
#1302 = AXIS2_PLACEMENT_3D ( 'NONE', #334, #350, #1312 ) ;
#1303 = DIRECTION ( 'NONE',  ( -0.4226182617407015507, -0.000000000000000000, -0.9063077870366490485 ) ) ;
#1304 = CARTESIAN_POINT ( 'NONE',  ( 35.68880866807483443, 2.000000000000000000, -13.18738442592669990 ) ) ;
#1305 = LINE ( 'NONE', #554, #2344 ) ;
#1306 = CARTESIAN_POINT ( 'NONE',  ( 40.52082333788828095, 38.00000000000000000, -9.923700275965552819 ) ) ;
#1307 = ADVANCED_FACE ( 'NONE', ( #838 ), #1819, .F. ) ;
#1308 = ORIENTED_EDGE ( 'NONE', *, *, #1871, .T. ) ;
#1309 = FACE_OUTER_BOUND ( 'NONE', #1501, .T. ) ;
#1310 = AXIS2_PLACEMENT_3D ( 'NONE', #1760, #1944, #239 ) ;
#1311 = DIRECTION ( 'NONE',  ( 1.000000000000000000, 0.000000000000000000, 0.000000000000000000 ) ) ;
#1312 = DIRECTION ( 'NONE',  ( 0.000000000000000000, -0.6715429342378185229, -0.7409656452732885645 ) ) ;
#1313 = EDGE_CURVE ( 'NONE', #2369, #176, #2804, .T. ) ;
#1314 = EDGE_LOOP ( 'NONE', ( #2560, #1105, #2073, #2181 ) ) ;
#1315 = ORIENTED_EDGE ( 'NONE', *, *, #2821, .F. ) ;
#1316 = CARTESIAN_POINT ( 'NONE',  ( 34.84357214459343055, 41.00000000000000000, -15.00000000000000000 ) ) ;
#1317 = ORIENTED_EDGE ( 'NONE', *, *, #1297, .F. ) ;
#1318 = DIRECTION ( 'NONE',  ( 0.000000000000000000, -0.000000000000000000, 1.000000000000000000 ) ) ;
#1319 = EDGE_CURVE ( 'NONE', #866, #1992, #615, .T. ) ;
#1320 = EDGE_LOOP ( 'NONE', ( #1094, #2801, #924, #141, #384, #787, #1955, #1408, #1025, #1317, #552, #2444 ) ) ;
#1321 = CARTESIAN_POINT ( 'NONE',  ( 76.89039676331871931, 40.99999999999999289, -14.74595377948695685 ) ) ;
#1322 = DIRECTION ( 'NONE',  ( -0.000000000000000000, -1.000000000000000000, -0.000000000000000000 ) ) ;
#1323 = ORIENTED_EDGE ( 'NONE', *, *, #1636, .F. ) ;
#1324 = LINE ( 'NONE', #1758, #700 ) ;
#1325 = VECTOR ( 'NONE', #1618, 1000.000000000000000 ) ;
#1326 = DIRECTION ( 'NONE',  ( -0.9063077870366489375, 0.000000000000000000, 0.4226182617407015507 ) ) ;
#1327 = DIRECTION ( 'NONE',  ( 0.000000000000000000, -1.000000000000000000, 0.000000000000000000 ) ) ;
#1328 = CIRCLE ( 'NONE', #2565, 1.999999999999995115 ) ;
#1329 = CIRCLE ( 'NONE', #2457, 1.699999999999993738 ) ;
#1330 = AXIS2_PLACEMENT_3D ( 'NONE', #1858, #1147, #289 ) ;
#1331 = ORIENTED_EDGE ( 'NONE', *, *, #2188, .T. ) ;
#1332 = VECTOR ( 'NONE', #1189, 1000.000000000000227 ) ;
#1333 = ORIENTED_EDGE ( 'NONE', *, *, #1379, .F. ) ;
#1334 = CARTESIAN_POINT ( 'NONE',  ( 29.34357214459343410, 41.00000000000000000, -2.067405927265921761 ) ) ;
#1335 = ORIENTED_EDGE ( 'NONE', *, *, #1045, .F. ) ;
#1336 = DIRECTION ( 'NONE',  ( 0.9063077870366494926, -0.000000000000000000, -0.4226182617407004405 ) ) ;
#1337 = EDGE_CURVE ( 'NONE', #2358, #272, #128, .T. ) ;
#1338 = ADVANCED_FACE ( 'NONE', ( #1612 ), #1369, .F. ) ;
#1339 = EDGE_CURVE ( 'NONE', #2575, #176, #567, .T. ) ;
#1340 = ORIENTED_EDGE ( 'NONE', *, *, #606, .F. ) ;
#1341 = LINE ( 'NONE', #345, #1372 ) ;
#1342 = LINE ( 'NONE', #881, #1325 ) ;
#1343 = APPLICATION_CONTEXT ( 'automotive_design' ) ;
#1344 = ORIENTED_EDGE ( 'NONE', *, *, #2589, .T. ) ;
#1345 = PLANE ( 'NONE',  #1822 ) ;
#1346 = EDGE_CURVE ( 'NONE', #1050, #1055, #1882, .T. ) ;
#1347 = EDGE_CURVE ( 'NONE', #1014, #2144, #436, .T. ) ;
#1348 = DIRECTION ( 'NONE',  ( 0.000000000000000000, 0.6715429342378185229, 0.7409656452732885645 ) ) ;
#1349 = PLANE ( 'NONE',  #1528 ) ;
#1350 = LINE ( 'NONE', #2328, #1568 ) ;
#1351 = VERTEX_POINT ( 'NONE', #1449 ) ;
#1352 = EDGE_LOOP ( 'NONE', ( #2293, #2923, #1801, #1924 ) ) ;
#1353 = CARTESIAN_POINT ( 'NONE',  ( 40.33760954722257708, 2.000000000000000000, -3.217998768523494313 ) ) ;
#1354 = ORIENTED_EDGE ( 'NONE', *, *, #531, .T. ) ;
#1355 = DIRECTION ( 'NONE',  ( 1.000000000000000000, 0.000000000000000000, 0.000000000000000000 ) ) ;
#1356 = PLANE ( 'NONE',  #568 ) ;
#1357 = EDGE_CURVE ( 'NONE', #1571, #1351, #1402, .T. ) ;
#1358 = EDGE_LOOP ( 'NONE', ( #1143, #629, #1331, #2476 ) ) ;
#1359 = CARTESIAN_POINT ( 'NONE',  ( 43.23974669899822487, 8.000000000000000000, -11.19155506118765864 ) ) ;
#1360 = FACE_OUTER_BOUND ( 'NONE', #2505, .T. ) ;
#1361 = EDGE_LOOP ( 'NONE', ( #1107, #2191, #1040, #1518 ) ) ;
#1362 = LINE ( 'NONE', #2097, #2007 ) ;
#1363 = DIRECTION ( 'NONE',  ( -1.991441599360792004E-16, 0.000000000000000000, -1.000000000000000000 ) ) ;
#1364 = CARTESIAN_POINT ( 'NONE',  ( 75.19992371635592576, 25.50000000000000355, -18.37118492763356414 ) ) ;
#1365 = VERTEX_POINT ( 'NONE', #475 ) ;
#1366 = ORIENTED_EDGE ( 'NONE', *, *, #2441, .T. ) ;
#1367 = CARTESIAN_POINT ( 'NONE',  ( 18.00000000000000000, 13.49999999999999822, -2.067405927265923538 ) ) ;
#1368 = EDGE_LOOP ( 'NONE', ( #1046, #1687 ) ) ;
#1369 = CYLINDRICAL_SURFACE ( 'NONE', #2621, 1.699999999999993072 ) ;
#1370 = ORIENTED_EDGE ( 'NONE', *, *, #3066, .T. ) ;
#1371 = DIRECTION ( 'NONE',  ( 0.000000000000000000, -0.000000000000000000, 1.000000000000000000 ) ) ;
#1372 = VECTOR ( 'NONE', #2322, 1000.000000000000114 ) ;
#1373 = DIRECTION ( 'NONE',  ( 0.9063077870366491595, 0.000000000000000000, -0.4226182617407013287 ) ) ;
#1374 = EDGE_LOOP ( 'NONE', ( #591, #1763, #1081, #879 ) ) ;
#1375 = SURFACE_SIDE_STYLE ('',( #896 ) ) ;
#1376 = PLANE ( 'NONE',  #758 ) ;
#1377 = EDGE_LOOP ( 'NONE', ( #1720, #2436, #3050, #2576 ) ) ;
#1378 = CARTESIAN_POINT ( 'NONE',  ( 7.500000000000000000, 4.000000000000000000, -96.87214790208498982 ) ) ;
#1379 = EDGE_CURVE ( 'NONE', #3000, #630, #93, .T. ) ;
#1380 = EDGE_LOOP ( 'NONE', ( #2608, #3163, #2005, #1647 ) ) ;
#1381 = DIRECTION ( 'NONE',  ( -0.4226182617407013287, -0.000000000000000000, -0.9063077870366490485 ) ) ;
#1382 = CARTESIAN_POINT ( 'NONE',  ( 62.28613908100303576, 4.999999999999997335, -5.839458534525405753 ) ) ;
#1383 = AXIS2_PLACEMENT_3D ( 'NONE', #2092, #2039, #1093 ) ;
#1384 = DIRECTION ( 'NONE',  ( -0.2988362387301233269, 0.7071067811865436870, -0.6408563820557912072 ) ) ;
#1385 = EDGE_CURVE ( 'NONE', #727, #1637, #456, .T. ) ;
#1386 = EDGE_LOOP ( 'NONE', ( #418, #3121, #2888, #2420 ) ) ;
#1387 = CARTESIAN_POINT ( 'NONE',  ( 18.00000000000000000, 2.615066997376313078E-16, -2.067405927265925758 ) ) ;
#1388 = VECTOR ( 'NONE', #2736, 1000.000000000000000 ) ;
#1389 = EDGE_LOOP ( 'NONE', ( #1234, #865 ) ) ;
#1390 = AXIS2_PLACEMENT_3D ( 'NONE', #1031, #1870, #1547 ) ;
#1391 = CARTESIAN_POINT ( 'NONE',  ( 71.98338197571490582, 2.000000000000000000, -30.00148411685109551 ) ) ;
#1392 = VECTOR ( 'NONE', #1940, 1000.000000000000227 ) ;
#1393 = ORIENTED_EDGE ( 'NONE', *, *, #497, .F. ) ;
#1394 = LINE ( 'NONE', #2133, #1267 ) ;
#1395 = ORIENTED_EDGE ( 'NONE', *, *, #494, .F. ) ;
#1396 = DIRECTION ( 'NONE',  ( -0.4226182617407015507, -0.000000000000000000, -0.9063077870366490485 ) ) ;
#1397 = EDGE_CURVE ( 'NONE', #2022, #2918, #680, .T. ) ;
#1398 = ADVANCED_FACE ( 'NONE', ( #2381 ), #403, .T. ) ;
#1399 = ORIENTED_EDGE ( 'NONE', *, *, #1475, .T. ) ;
#1400 = LINE ( 'NONE', #660, #510 ) ;
#1401 = EDGE_CURVE ( 'NONE', #2267, #493, #3092, .T. ) ;
#1402 = LINE ( 'NONE', #1932, #2157 ) ;
#1403 = CARTESIAN_POINT ( 'NONE',  ( 35.68880866807482732, 8.000000000000000000, -13.18738442592669990 ) ) ;
#1404 = ORIENTED_EDGE ( 'NONE', *, *, #1915, .T. ) ;
#1405 = CARTESIAN_POINT ( 'NONE',  ( 40.52082333788828095, 38.00000000000000000, -9.923700275965552819 ) ) ;
#1406 = VERTEX_POINT ( 'NONE', #163 ) ;
#1407 = DIRECTION ( 'NONE',  ( 0.4226182617407013287, -0.000000000000000000, 0.9063077870366490485 ) ) ;
#1408 = ORIENTED_EDGE ( 'NONE', *, *, #2641, .T. ) ;
#1409 = DIRECTION ( 'NONE',  ( 0.4226182617407004405, 0.000000000000000000, 0.9063077870366493816 ) ) ;
#1410 = DIRECTION ( 'NONE',  ( 1.000000000000000000, 0.000000000000000000, -0.000000000000000000 ) ) ;
#1411 = VERTEX_POINT ( 'NONE', #178 ) ;
#1412 = LINE ( 'NONE', #1085, #186 ) ;
#1413 = EDGE_CURVE ( 'NONE', #2003, #1406, #1418, .T. ) ;
#1414 = AXIS2_PLACEMENT_3D ( 'NONE', #1791, #3029, #1289 ) ;
#1415 = AXIS2_PLACEMENT_3D ( 'NONE', #2997, #70, #1018 ) ;
#1416 = VECTOR ( 'NONE', #1933, 1000.000000000000000 ) ;
#1417 = CARTESIAN_POINT ( 'NONE',  ( 39.94845526714706807, 5.000000000000000000, -15.17369025610798339 ) ) ;
#1418 = LINE ( 'NONE', #2140, #2883 ) ;
#1419 = CARTESIAN_POINT ( 'NONE',  ( 34.84357214459343055, 2.000000000000000000, -15.00000000000000000 ) ) ;
#1420 = ORIENTED_EDGE ( 'NONE', *, *, #2724, .F. ) ;
#1421 = DIRECTION ( 'NONE',  ( -0.4226182617407013287, 0.000000000000000000, -0.9063077870366490485 ) ) ;
#1422 = EDGE_LOOP ( 'NONE', ( #2892, #1134, #2091, #1066 ) ) ;
#1423 = AXIS2_PLACEMENT_3D ( 'NONE', #1037, #109, #595 ) ;
#1424 = CARTESIAN_POINT ( 'NONE',  ( 70.49493215679899549, 43.00000000000000000, -42.65828138695734850 ) ) ;
#1425 = AXIS2_PLACEMENT_3D ( 'NONE', #539, #1511, #1997 ) ;
#1426 = VERTEX_POINT ( 'NONE', #2156 ) ;
#1427 = CARTESIAN_POINT ( 'NONE',  ( 21.50000000000000355, 4.000000000000000000, 0.000000000000000000 ) ) ;
#1428 = EDGE_LOOP ( 'NONE', ( #840, #505, #43, #2746, #1487, #2330, #2284, #612, #2447, #522, #1042, #1628, #2408, #1434 ) ) ;
#1429 = DIRECTION ( 'NONE',  ( 0.4226182617407012732, -0.000000000000000000, 0.9063077870366490485 ) ) ;
#1430 = CARTESIAN_POINT ( 'NONE',  ( 75.19992371635592576, 7.500000000000000000, -18.37118492763356414 ) ) ;
#1431 = DIRECTION ( 'NONE',  ( -0.9063077870366494926, 0.000000000000000000, 0.4226182617407004405 ) ) ;
#1432 = DIRECTION ( 'NONE',  ( -0.4226182617407015507, -0.000000000000000000, -0.9063077870366490485 ) ) ;
#1433 = LINE ( 'NONE', #477, #39 ) ;
#1434 = ORIENTED_EDGE ( 'NONE', *, *, #2864, .T. ) ;
#1435 = CIRCLE ( 'NONE', #2968, 1.700000000000005729 ) ;
#1436 = DIRECTION ( 'NONE',  ( 0.000000000000000000, -1.000000000000000000, 0.000000000000000000 ) ) ;
#1437 = AXIS2_PLACEMENT_3D ( 'NONE', #217, #2890, #2644 ) ;
#1438 = CIRCLE ( 'NONE', #1019, 1.499999999999999556 ) ;
#1439 = AXIS2_PLACEMENT_3D ( 'NONE', #631, #126, #2787 ) ;
#1440 = ORIENTED_EDGE ( 'NONE', *, *, #2449, .T. ) ;
#1441 = DIRECTION ( 'NONE',  ( -0.9063077870366482713, 0.000000000000000000, 0.4226182617407031605 ) ) ;
#1442 = DIRECTION ( 'NONE',  ( 0.000000000000000000, -1.000000000000000000, -1.264902534566421675E-16 ) ) ;
#1443 = EDGE_CURVE ( 'NONE', #3159, #1855, #1477, .T. ) ;
#1444 = EDGE_CURVE ( 'NONE', #2434, #2861, #469, .T. ) ;
#1445 = ORIENTED_EDGE ( 'NONE', *, *, #393, .T. ) ;
#1446 = CARTESIAN_POINT ( 'NONE',  ( 74.77730545461523093, 2.000000000000000000, -19.27749271467014225 ) ) ;
#1447 = EDGE_CURVE ( 'NONE', #2791, #2336, #3141, .T. ) ;
#1448 = FACE_OUTER_BOUND ( 'NONE', #1377, .T. ) ;
#1449 = CARTESIAN_POINT ( 'NONE',  ( 49.70116315221923031, 41.00000000000000000, -2.067405927265921761 ) ) ;
#1450 = DIRECTION ( 'NONE',  ( -1.000000000000000000, 0.000000000000000000, 0.000000000000000000 ) ) ;
#1451 = AXIS2_PLACEMENT_3D ( 'NONE', #1620, #845, #1152 ) ;
#1452 = DIRECTION ( 'NONE',  ( -9.912705577010324563E-16, 1.000000000000000000, 4.956352788505162282E-16 ) ) ;
#1453 = ORIENTED_EDGE ( 'NONE', *, *, #1489, .T. ) ;
#1454 = LINE ( 'NONE', #2187, #1906 ) ;
#1455 = ADVANCED_FACE ( 'NONE', ( #939 ), #1125, .F. ) ;
#1456 = ORIENTED_EDGE ( 'NONE', *, *, #2641, .F. ) ;
#1457 = CARTESIAN_POINT ( 'NONE',  ( 46.66024316967936869, -31.53300858899112669, -81.94092895226572182 ) ) ;
#1458 = EDGE_CURVE ( 'NONE', #347, #2646, #2903, .T. ) ;
#1459 = EDGE_LOOP ( 'NONE', ( #2685, #930 ) ) ;
#1460 = CARTESIAN_POINT ( 'NONE',  ( 71.12153867469100987, 5.000000000000000000, -16.46940274980040897 ) ) ;
#1461 = CARTESIAN_POINT ( 'NONE',  ( 75.25904274665278137, 36.99999999999999289, -13.98524090835371503 ) ) ;
#1462 = CARTESIAN_POINT ( 'NONE',  ( 70.96886051580288779, 37.99999999999999289, -10.88131816026541365 ) ) ;
#1463 = ORIENTED_EDGE ( 'NONE', *, *, #1339, .T. ) ;
#1464 = DIRECTION ( 'NONE',  ( -0.9063077870366490485, -0.000000000000000000, 0.4226182617407013287 ) ) ;
#1465 = LINE ( 'NONE', #1712, #3182 ) ;
#1466 = VERTEX_POINT ( 'NONE', #695 ) ;
#1467 = FACE_OUTER_BOUND ( 'NONE', #1818, .T. ) ;
#1468 = CARTESIAN_POINT ( 'NONE',  ( 7.500000000000000000, 38.99999999999999289, -96.87214790208498982 ) ) ;
#1469 = EDGE_CURVE ( 'NONE', #2947, #1149, #2253, .T. ) ;
#1470 = DIRECTION ( 'NONE',  ( 0.9063077870366493816, -8.326672684688666658E-17, -0.4226182617407004405 ) ) ;
#1471 = ORIENTED_EDGE ( 'NONE', *, *, #776, .F. ) ;
#1472 = EDGE_CURVE ( 'NONE', #2595, #316, #1070, .T. ) ;
#1473 = VERTEX_POINT ( 'NONE', #2673 ) ;
#1474 = DIRECTION ( 'NONE',  ( -0.4226182617407015507, -0.000000000000000000, -0.9063077870366490485 ) ) ;
#1475 = EDGE_CURVE ( 'NONE', #2962, #373, #2123, .T. ) ;
#1476 = DIRECTION ( 'NONE',  ( 1.000000000000000000, 0.000000000000000000, 0.000000000000000000 ) ) ;
#1477 = CIRCLE ( 'NONE', #35, 1.499999999999999556 ) ;
#1478 = EDGE_LOOP ( 'NONE', ( #799, #2247, #757, #1657, #2146, #143, #1555, #2894, #1290, #132, #75, #3052 ) ) ;
#1479 = VECTOR ( 'NONE', #1621, 1000.000000000000000 ) ;
#1480 = VECTOR ( 'NONE', #1756, 1000.000000000000000 ) ;
#1481 = VECTOR ( 'NONE', #546, 1000.000000000000000 ) ;
#1482 = CIRCLE ( 'NONE', #417, 1.500000000000004885 ) ;
#1483 = DIRECTION ( 'NONE',  ( -0.9063077870366486044, 0.000000000000000000, 0.4226182617407023279 ) ) ;
#1484 = CARTESIAN_POINT ( 'NONE',  ( 57.11951152523360520, 7.357864376269064977, -59.51095558031313715 ) ) ;
#1485 = ADVANCED_FACE ( 'NONE', ( #903 ), #231, .F. ) ;
#1486 = LINE ( 'NONE', #2905, #2158 ) ;
#1487 = ORIENTED_EDGE ( 'NONE', *, *, #1379, .T. ) ;
#1488 = VERTEX_POINT ( 'NONE', #267 ) ;
#1489 = EDGE_CURVE ( 'NONE', #1209, #2003, #1257, .T. ) ;
#1490 = CARTESIAN_POINT ( 'NONE',  ( 62.28613908100303576, 4.999999999999997335, -5.839458534525405753 ) ) ;
#1491 = ORIENTED_EDGE ( 'NONE', *, *, #1740, .F. ) ;
#1492 = LINE ( 'NONE', #690, #2509 ) ;
#1493 = PLANE ( 'NONE',  #974 ) ;
#1494 = ORIENTED_EDGE ( 'NONE', *, *, #1401, .T. ) ;
#1495 = FACE_OUTER_BOUND ( 'NONE', #2324, .T. ) ;
#1496 = CARTESIAN_POINT ( 'NONE',  ( 40.33760954722257708, 40.99999999999998579, -3.217998768523487652 ) ) ;
#1497 = CARTESIAN_POINT ( 'NONE',  ( 8.507691496095898032, 0.000000000000000000, 18.24480329093787034 ) ) ;
#1498 = CARTESIAN_POINT ( 'NONE',  ( 43.23974669899822487, 8.000000000000000000, -11.19155506118765864 ) ) ;
#1499 = DIRECTION ( 'NONE',  ( -0.4226182617407015507, -0.000000000000000000, -0.9063077870366490485 ) ) ;
#1500 = ORIENTED_EDGE ( 'NONE', *, *, #1695, .F. ) ;
#1501 = EDGE_LOOP ( 'NONE', ( #2563, #2714 ) ) ;
#1502 = DIRECTION ( 'NONE',  ( 0.4226182617407012732, -0.000000000000000000, 0.9063077870366490485 ) ) ;
#1503 = ORIENTED_EDGE ( 'NONE', *, *, #442, .F. ) ;
#1504 = FACE_OUTER_BOUND ( 'NONE', #2197, .T. ) ;
#1505 = CIRCLE ( 'NONE', #129, 20.00000000000000711 ) ;
#1506 = CARTESIAN_POINT ( 'NONE',  ( 38.98010009992597702, 5.000000000000000000, -9.205249231006357391 ) ) ;
#1507 = ORIENTED_EDGE ( 'NONE', *, *, #1211, .F. ) ;
#1508 = CARTESIAN_POINT ( 'NONE',  ( 41.12665539029470807, 2.000000000000000000, -15.72309399637090266 ) ) ;
#1509 = CARTESIAN_POINT ( 'NONE',  ( -1.997695937189055915, 53.00000000000000000, -4.284072762375747523 ) ) ;
#1510 = EDGE_LOOP ( 'NONE', ( #3115, #698, #2245, #515 ) ) ;
#1511 = DIRECTION ( 'NONE',  ( 0.4226182617407015507, 0.000000000000000000, 0.9063077870366490485 ) ) ;
#1512 = VECTOR ( 'NONE', #571, 1000.000000000000000 ) ;
#1513 = VECTOR ( 'NONE', #2856, 1000.000000000000114 ) ;
#1514 = DIRECTION ( 'NONE',  ( 0.9063077870366491595, 0.000000000000000000, -0.4226182617407011066 ) ) ;
#1515 = LINE ( 'NONE', #1468, #68 ) ;
#1516 = CARTESIAN_POINT ( 'NONE',  ( 70.66838478117266220, 11.50000000000000000, -16.25809361893005089 ) ) ;
#1517 = VERTEX_POINT ( 'NONE', #2184 ) ;
#1518 = ORIENTED_EDGE ( 'NONE', *, *, #2475, .T. ) ;
#1519 = LINE ( 'NONE', #753, #2256 ) ;
#1520 = ORIENTED_EDGE ( 'NONE', *, *, #1385, .F. ) ;
#1521 = CARTESIAN_POINT ( 'NONE',  ( 13.34357214459343233, 33.50000000000000000, -12.49999999999999645 ) ) ;
#1522 = CARTESIAN_POINT ( 'NONE',  ( 71.98338197571490582, 40.99999999999999289, -30.00148411685110261 ) ) ;
#1523 = ADVANCED_FACE ( 'NONE', ( #1718 ), #1, .F. ) ;
#1524 = ORIENTED_EDGE ( 'NONE', *, *, #309, .F. ) ;
#1525 = DIRECTION ( 'NONE',  ( -0.9063077870366490485, -0.000000000000000000, 0.4226182617407013287 ) ) ;
#1526 = DIRECTION ( 'NONE',  ( -0.4226182617407013287, -0.000000000000000000, -0.9063077870366490485 ) ) ;
#1527 = DIRECTION ( 'NONE',  ( -0.4226182617407014397, -0.000000000000000000, -0.9063077870366492705 ) ) ;
#1528 = AXIS2_PLACEMENT_3D ( 'NONE', #1052, #863, #1535 ) ;
#1529 = VERTEX_POINT ( 'NONE', #2967 ) ;
#1530 = CARTESIAN_POINT ( 'NONE',  ( 68.85576920709937099, 2.000000000000000000, -15.41285709544865234 ) ) ;
#1531 = VECTOR ( 'NONE', #2910, 1000.000000000000114 ) ;
#1532 = EDGE_CURVE ( 'NONE', #1279, #1151, #1328, .T. ) ;
#1533 = AXIS2_PLACEMENT_3D ( 'NONE', #851, #2854, #645 ) ;
#1534 = ADVANCED_FACE ( 'NONE', ( #1969 ), #512, .T. ) ;
#1535 = DIRECTION ( 'NONE',  ( 0.4226182617407013287, 0.000000000000000000, 0.9063077870366490485 ) ) ;
#1536 = CARTESIAN_POINT ( 'NONE',  ( 29.34357214459343410, 33.50000000000000000, -2.067405927265921761 ) ) ;
#1537 = VECTOR ( 'NONE', #2026, 1000.000000000000000 ) ;
#1538 = ORIENTED_EDGE ( 'NONE', *, *, #2250, .T. ) ;
#1539 = VERTEX_POINT ( 'NONE', #253 ) ;
#1540 = DIRECTION ( 'NONE',  ( 0.2988362387301209955, 0.7071067811865465735, 0.6408563820557890978 ) ) ;
#1541 = VERTEX_POINT ( 'NONE', #2984 ) ;
#1542 = CARTESIAN_POINT ( 'NONE',  ( 43.23974669899823198, 40.99999999999999289, -11.19155506118766219 ) ) ;
#1543 = EDGE_CURVE ( 'NONE', #2144, #237, #541, .T. ) ;
#1544 = DIRECTION ( 'NONE',  ( 0.4226182617407012176, 0.000000000000000000, 0.9063077870366492705 ) ) ;
#1545 = EDGE_LOOP ( 'NONE', ( #830, #1463, #2142, #1207 ) ) ;
#1546 = APPLICATION_CONTEXT ( 'automotive_design' ) ;
#1547 = DIRECTION ( 'NONE',  ( 0.9063077870366484934, 0.000000000000000000, -0.4226182617407026609 ) ) ;
#1548 = DIRECTION ( 'NONE',  ( 0.000000000000000000, -1.000000000000000000, 0.000000000000000000 ) ) ;
#1549 = EDGE_CURVE ( 'NONE', #1124, #1600, #2952, .T. ) ;
#1550 = DIRECTION ( 'NONE',  ( 0.4226182617407015507, 0.000000000000000000, 0.9063077870366490485 ) ) ;
#1551 = ORIENTED_EDGE ( 'NONE', *, *, #1560, .F. ) ;
#1552 = DIRECTION ( 'NONE',  ( -0.2988362387301227718, -0.7071067811865432429, -0.6408563820557918733 ) ) ;
#1553 = DIRECTION ( 'NONE',  ( -0.000000000000000000, -0.000000000000000000, 1.000000000000000000 ) ) ;
#1554 = DIRECTION ( 'NONE',  ( 0.4226182617406999409, 0.000000000000000000, 0.9063077870366497146 ) ) ;
#1555 = ORIENTED_EDGE ( 'NONE', *, *, #80, .T. ) ;
#1556 = ORIENTED_EDGE ( 'NONE', *, *, #460, .F. ) ;
#1557 = DIRECTION ( 'NONE',  ( -0.4226182617407015507, -0.000000000000000000, -0.9063077870366490485 ) ) ;
#1558 = ORIENTED_EDGE ( 'NONE', *, *, #2634, .F. ) ;
#1559 = CARTESIAN_POINT ( 'NONE',  ( 18.49999999999999645, 4.000000000000000000, 0.000000000000000000 ) ) ;
#1560 = EDGE_CURVE ( 'NONE', #322, #1014, #3169, .T. ) ;
#1561 = AXIS2_PLACEMENT_3D ( 'NONE', #2496, #1772, #2980 ) ;
#1562 = VECTOR ( 'NONE', #1429, 1000.000000000000227 ) ;
#1563 = EDGE_LOOP ( 'NONE', ( #1609, #3091, #801, #165 ) ) ;
#1564 = CARTESIAN_POINT ( 'NONE',  ( 71.09588362605943246, 2.000000000000001332, -31.90473046962806336 ) ) ;
#1565 = FACE_BOUND ( 'NONE', #1667, .T. ) ;
#1566 = ORIENTED_EDGE ( 'NONE', *, *, #532, .F. ) ;
#1567 = FACE_OUTER_BOUND ( 'NONE', #1118, .T. ) ;
#1568 = VECTOR ( 'NONE', #2999, 1000.000000000000114 ) ;
#1569 = DIRECTION ( 'NONE',  ( -0.9063077870366489375, -0.000000000000000000, 0.4226182617407016062 ) ) ;
#1570 = DIRECTION ( 'NONE',  ( 1.000000000000000000, 0.000000000000000000, 0.000000000000000000 ) ) ;
#1571 = VERTEX_POINT ( 'NONE', #2730 ) ;
#1572 = VERTEX_POINT ( 'NONE', #1484 ) ;
#1573 = DIRECTION ( 'NONE',  ( -0.9063077870366490485, -0.000000000000000000, 0.4226182617407013287 ) ) ;
#1574 = VERTEX_POINT ( 'NONE', #986 ) ;
#1575 = CARTESIAN_POINT ( 'NONE',  ( 35.68880866807483443, 40.99999999999999289, -13.18738442592669990 ) ) ;
#1576 = ADVANCED_FACE ( 'NONE', ( #725 ), #765, .T. ) ;
#1577 = EDGE_CURVE ( 'NONE', #1539, #3159, #1515, .T. ) ;
#1578 = ADVANCED_FACE ( 'NONE', ( #1999 ), #1708, .T. ) ;
#1579 = EDGE_CURVE ( 'NONE', #1574, #2595, #2466, .T. ) ;
#1580 = VERTEX_POINT ( 'NONE', #1005 ) ;
#1581 = PLANE ( 'NONE',  #960 ) ;
#1582 = CARTESIAN_POINT ( 'NONE',  ( 13.34357214459343233, 29.50000000000000000, 0.000000000000000000 ) ) ;
#1583 = ORIENTED_EDGE ( 'NONE', *, *, #999, .F. ) ;
#1584 = DIRECTION ( 'NONE',  ( -0.4226182617407013287, -0.000000000000000000, -0.9063077870366490485 ) ) ;
#1585 = VECTOR ( 'NONE', #118, 1000.000000000000114 ) ;
#1586 = DIRECTION ( 'NONE',  ( -0.000000000000000000, -1.000000000000000000, -0.000000000000000000 ) ) ;
#1587 = FACE_OUTER_BOUND ( 'NONE', #2332, .T. ) ;
#1588 = VECTOR ( 'NONE', #2333, 1000.000000000000114 ) ;
#1589 = VECTOR ( 'NONE', #1452, 1000.000000000000000 ) ;
#1590 = VECTOR ( 'NONE', #2520, 1000.000000000000000 ) ;
#1591 = EDGE_LOOP ( 'NONE', ( #850, #88, #1296, #2048 ) ) ;
#1592 = CIRCLE ( 'NONE', #472, 1.500000000000004885 ) ;
#1593 = ORIENTED_EDGE ( 'NONE', *, *, #2715, .F. ) ;
#1594 = CARTESIAN_POINT ( 'NONE',  ( 75.19992371635592576, 33.49999999999999289, -18.37118492763356414 ) ) ;
#1595 = VERTEX_POINT ( 'NONE', #1461 ) ;
#1596 = CARTESIAN_POINT ( 'NONE',  ( 67.71393537881117197, -10.00000000000000178, -36.79114030750454845 ) ) ;
#1597 = EDGE_CURVE ( 'NONE', #2542, #3147, #599, .T. ) ;
#1598 = VECTOR ( 'NONE', #2495, 1000.000000000000114 ) ;
#1599 = CARTESIAN_POINT ( 'NONE',  ( 75.19992371635592576, 7.500000000000000000, -18.37118492763356414 ) ) ;
#1600 = VERTEX_POINT ( 'NONE', #525 ) ;
#1601 = FACE_OUTER_BOUND ( 'NONE', #2874, .T. ) ;
#1602 = CARTESIAN_POINT ( 'NONE',  ( 34.84357214459343055, 43.00000000000000000, -15.00000000000000000 ) ) ;
#1603 = ORIENTED_EDGE ( 'NONE', *, *, #1965, .F. ) ;
#1604 = VECTOR ( 'NONE', #2605, 1000.000000000000000 ) ;
#1605 = LINE ( 'NONE', #1658, #730 ) ;
#1606 = FACE_OUTER_BOUND ( 'NONE', #2872, .T. ) ;
#1607 = CARTESIAN_POINT ( 'NONE',  ( 75.19992371635592576, 25.50000000000000355, -18.37118492763356414 ) ) ;
#1608 = ORIENTED_EDGE ( 'NONE', *, *, #23, .T. ) ;
#1609 = ORIENTED_EDGE ( 'NONE', *, *, #2782, .F. ) ;
#1610 = CARTESIAN_POINT ( 'NONE',  ( 0.000000000000000000, 29.50000000000000000, 0.000000000000000000 ) ) ;
#1611 = VERTEX_POINT ( 'NONE', #1224 ) ;
#1612 = FACE_OUTER_BOUND ( 'NONE', #2956, .T. ) ;
#1613 = VERTEX_POINT ( 'NONE', #3178 ) ;
#1614 = FACE_OUTER_BOUND ( 'NONE', #2179, .T. ) ;
#1615 = CARTESIAN_POINT ( 'NONE',  ( 71.39147877754359683, 37.99999999999999289, -9.975010373228755611 ) ) ;
#1616 = VERTEX_POINT ( 'NONE', #2210 ) ;
#1617 = LINE ( 'NONE', #3131, #2776 ) ;
#1618 = DIRECTION ( 'NONE',  ( 0.000000000000000000, 0.000000000000000000, -1.000000000000000000 ) ) ;
#1619 = VERTEX_POINT ( 'NONE', #977 ) ;
#1620 = CARTESIAN_POINT ( 'NONE',  ( 6.000000000000000000, 38.99999999999999289, -96.87214790208498982 ) ) ;
#1621 = DIRECTION ( 'NONE',  ( 1.000000000000000000, -0.000000000000000000, -0.000000000000000000 ) ) ;
#1622 = PLANE ( 'NONE',  #2885 ) ;
#1623 = ADVANCED_FACE ( 'NONE', ( #1958 ), #2018, .F. ) ;
#1624 = ORIENTED_EDGE ( 'NONE', *, *, #2102, .T. ) ;
#1625 = CARTESIAN_POINT ( 'NONE',  ( 70.54624225406217874, 13.49999999999999822, -11.78762594730206281 ) ) ;
#1626 = DIRECTION ( 'NONE',  ( -0.000000000000000000, -1.000000000000000000, -0.000000000000000000 ) ) ;
#1627 = CARTESIAN_POINT ( 'NONE',  ( 76.89039676331871931, 40.99999999999999289, -14.74595377948695685 ) ) ;
#1628 = ORIENTED_EDGE ( 'NONE', *, *, #2935, .T. ) ;
#1629 = FACE_OUTER_BOUND ( 'NONE', #1630, .T. ) ;
#1630 = EDGE_LOOP ( 'NONE', ( #441, #1265, #1242, #603 ) ) ;
#1631 = LINE ( 'NONE', #1287, #1797 ) ;
#1632 = ORIENTED_EDGE ( 'NONE', *, *, #1060, .F. ) ;
#1633 = CARTESIAN_POINT ( 'NONE',  ( 70.96886051580288779, 4.999999999999997335, -10.88131816026541365 ) ) ;
#1634 = EDGE_CURVE ( 'NONE', #1220, #2569, #1350, .T. ) ;
#1635 = FACE_OUTER_BOUND ( 'NONE', #2517, .T. ) ;
#1636 = EDGE_CURVE ( 'NONE', #2918, #272, #2521, .T. ) ;
#1637 = VERTEX_POINT ( 'NONE', #2837 ) ;
#1638 = CARTESIAN_POINT ( 'NONE',  ( 45.77545626944245782, 2.000000000000000000, -5.753708338967697067 ) ) ;
#1639 = ADVANCED_FACE ( 'NONE', ( #628 ), #123, .F. ) ;
#1640 = ORIENTED_EDGE ( 'NONE', *, *, #1397, .T. ) ;
#1641 = EDGE_CURVE ( 'NONE', #1517, #167, #1967, .T. ) ;
#1642 = DIRECTION ( 'NONE',  ( 0.4226182617407004405, -0.000000000000000000, 0.9063077870366494926 ) ) ;
#1643 = CARTESIAN_POINT ( 'NONE',  ( 29.34357214459343410, 41.00000000000000000, -12.49999999999999645 ) ) ;
#1644 = AXIS2_PLACEMENT_3D ( 'NONE', #633, #144, #1355 ) ;
#1645 = VECTOR ( 'NONE', #1846, 1000.000000000000000 ) ;
#1646 = LINE ( 'NONE', #2382, #2235 ) ;
#1647 = ORIENTED_EDGE ( 'NONE', *, *, #1888, .T. ) ;
#1648 = AXIS2_PLACEMENT_3D ( 'NONE', #1108, #353, #2106 ) ;
#1649 = CARTESIAN_POINT ( 'NONE',  ( 0.000000000000000000, 13.49999999999999822, 2.017049592633157337E-15 ) ) ;
#1650 = VERTEX_POINT ( 'NONE', #87 ) ;
#1651 = CIRCLE ( 'NONE', #1744, 1.999999999999995115 ) ;
#1652 = CARTESIAN_POINT ( 'NONE',  ( 61.90578264543638198, 5.000000000000000000, -6.655135542858397812 ) ) ;
#1653 = EDGE_CURVE ( 'NONE', #421, #1611, #1053, .T. ) ;
#1654 = ORIENTED_EDGE ( 'NONE', *, *, #1913, .F. ) ;
#1655 = DIRECTION ( 'NONE',  ( -0.9063077870366486044, 0.000000000000000000, 0.4226182617407023279 ) ) ;
#1656 = CARTESIAN_POINT ( 'NONE',  ( 75.19992371635592576, 33.49999999999999289, -18.37118492763356414 ) ) ;
#1657 = ORIENTED_EDGE ( 'NONE', *, *, #2686, .F. ) ;
#1658 = CARTESIAN_POINT ( 'NONE',  ( 74.77730545461523093, 40.99999999999999289, -19.27749271467013514 ) ) ;
#1659 = CARTESIAN_POINT ( 'NONE',  ( 20.00000000000000000, 38.99999999999999289, -15.00000000000000000 ) ) ;
#1660 = DIRECTION ( 'NONE',  ( 0.000000000000000000, -1.000000000000000000, 0.000000000000000000 ) ) ;
#1661 = CARTESIAN_POINT ( 'NONE',  ( 49.70116315221923031, 40.99999999999999289, -2.067405927265921761 ) ) ;
#1662 = ORIENTED_EDGE ( 'NONE', *, *, #2153, .F. ) ;
#1663 = FACE_OUTER_BOUND ( 'NONE', #2228, .T. ) ;
#1664 = ORIENTED_EDGE ( 'NONE', *, *, #429, .T. ) ;
#1665 = DIRECTION ( 'NONE',  ( -0.4226182617407013287, -0.000000000000000000, -0.9063077870366490485 ) ) ;
#1666 = ADVANCED_FACE ( 'NONE', ( #1587 ), #2784, .T. ) ;
#1667 = EDGE_LOOP ( 'NONE', ( #1889, #3004 ) ) ;
#1668 = DIRECTION ( 'NONE',  ( 0.4226182617407013287, -0.000000000000000000, 0.9063077870366490485 ) ) ;
#1669 = LINE ( 'NONE', #2410, #2363 ) ;
#1670 = ORIENTED_EDGE ( 'NONE', *, *, #2407, .T. ) ;
#1671 = FACE_BOUND ( 'NONE', #702, .T. ) ;
#1672 = AXIS2_PLACEMENT_3D ( 'NONE', #1627, #2418, #3125 ) ;
#1673 = LINE ( 'NONE', #2889, #723 ) ;
#1674 = DIRECTION ( 'NONE',  ( 1.000000000000000000, 0.000000000000000000, 0.000000000000000000 ) ) ;
#1675 = DIRECTION ( 'NONE',  ( 1.000000000000000000, 0.000000000000000000, 0.000000000000000000 ) ) ;
#1676 = CARTESIAN_POINT ( 'NONE',  ( 71.12153867469100987, 5.000000000000000000, -16.46940274980040897 ) ) ;
#1677 = ORIENTED_EDGE ( 'NONE', *, *, #1062, .T. ) ;
#1678 = EDGE_CURVE ( 'NONE', #237, #2022, #1830, .T. ) ;
#1679 = ADVANCED_FACE ( 'NONE', ( #1812 ), #580, .T. ) ;
#1680 = DIRECTION ( 'NONE',  ( 0.4226182617407012732, -0.000000000000000000, 0.9063077870366490485 ) ) ;
#1681 = VECTOR ( 'NONE', #841, 1000.000000000000227 ) ;
#1682 = CONICAL_SURFACE ( 'NONE', #2346, 1.700000000000000400, 1.029744258676652535 ) ;
#1683 = ADVANCED_FACE ( 'NONE', ( #2798 ), #1847, .T. ) ;
#1684 = ORIENTED_EDGE ( 'NONE', *, *, #497, .T. ) ;
#1685 = LINE ( 'NONE', #1359, #157 ) ;
#1686 = PLANE ( 'NONE',  #413 ) ;
#1687 = ORIENTED_EDGE ( 'NONE', *, *, #2124, .F. ) ;
#1688 = FACE_OUTER_BOUND ( 'NONE', #1826, .T. ) ;
#1689 = ADVANCED_FACE ( 'NONE', ( #2539 ), #2084, .F. ) ;
#1690 = DIRECTION ( 'NONE',  ( 0.2988362387301226608, -0.7071067811865436870, 0.6408563820557915403 ) ) ;
#1691 = DIRECTION ( 'NONE',  ( 0.4226182617407004960, 0.000000000000000000, 0.9063077870366494926 ) ) ;
#1692 = CARTESIAN_POINT ( 'NONE',  ( 70.96886051580288779, 4.999999999999997335, -10.88131816026541365 ) ) ;
#1693 = PLANE ( 'NONE',  #1741 ) ;
#1694 = ORIENTED_EDGE ( 'NONE', *, *, #1915, .F. ) ;
#1695 = EDGE_CURVE ( 'NONE', #1637, #991, #3068, .T. ) ;
#1696 = DIRECTION ( 'NONE',  ( -0.9063077870366494926, -6.700788708272324954E-17, 0.4226182617407004405 ) ) ;
#1697 = VECTOR ( 'NONE', #2209, 1000.000000000000000 ) ;
#1698 = CIRCLE ( 'NONE', #2252, 10.00000000000000355 ) ;
#1699 = CIRCLE ( 'NONE', #1383, 9.999999999999994671 ) ;
#1700 = CIRCLE ( 'NONE', #470, 9.999999999999994671 ) ;
#1701 = VECTOR ( 'NONE', #232, 1000.000000000000000 ) ;
#1702 = AXIS2_PLACEMENT_3D ( 'NONE', #1659, #2902, #1140 ) ;
#1703 = EDGE_LOOP ( 'NONE', ( #621, #2469, #3103, #113 ) ) ;
#1704 = LINE ( 'NONE', #551, #1537 ) ;
#1705 = VECTOR ( 'NONE', #504, 1000.000000000000114 ) ;
#1706 = ORIENTED_EDGE ( 'NONE', *, *, #115, .T. ) ;
#1707 = DIRECTION ( 'NONE',  ( 0.000000000000000000, -1.000000000000000000, 0.000000000000000000 ) ) ;
#1708 = PLANE ( 'NONE',  #1310 ) ;
#1709 = CARTESIAN_POINT ( 'NONE',  ( 76.89039676331871931, 2.000000000000000000, -14.74595377948695685 ) ) ;
#1710 = ORIENTED_EDGE ( 'NONE', *, *, #2204, .F. ) ;
#1711 = CARTESIAN_POINT ( 'NONE',  ( 70.54624225406217874, 2.000000000000000000, -11.78762594730205571 ) ) ;
#1712 = CARTESIAN_POINT ( 'NONE',  ( 61.48316438369569426, 37.99999999999999289, -7.561443329895046084 ) ) ;
#1713 = ORIENTED_EDGE ( 'NONE', *, *, #179, .F. ) ;
#1714 = EDGE_CURVE ( 'NONE', #659, #1911, #1276, .T. ) ;
#1715 = VECTOR ( 'NONE', #575, 999.9999999999998863 ) ;
#1716 = ADVANCED_FACE ( 'NONE', ( #2816 ), #2279, .T. ) ;
#1717 = CARTESIAN_POINT ( 'NONE',  ( 20.00000000000000000, 4.000000000000000000, 0.000000000000000000 ) ) ;
#1718 = FACE_OUTER_BOUND ( 'NONE', #1905, .T. ) ;
#1719 = DIRECTION ( 'NONE',  ( 1.000000000000000000, 0.000000000000000000, 0.000000000000000000 ) ) ;
#1720 = ORIENTED_EDGE ( 'NONE', *, *, #2151, .T. ) ;
#1721 = ORIENTED_EDGE ( 'NONE', *, *, #2552, .T. ) ;
#1722 = DIRECTION ( 'NONE',  ( 0.000000000000000000, 0.000000000000000000, 1.000000000000000000 ) ) ;
#1723 = AXIS2_PLACEMENT_3D ( 'NONE', #1509, #2065, #83 ) ;
#1724 = CARTESIAN_POINT ( 'NONE',  ( 43.23974669899822487, 2.000000000000000000, -11.19155506118765864 ) ) ;
#1725 = ORIENTED_EDGE ( 'NONE', *, *, #343, .T. ) ;
#1726 = EDGE_CURVE ( 'NONE', #2503, #1616, #2314, .T. ) ;
#1727 = EDGE_CURVE ( 'NONE', #2144, #246, #297, .T. ) ;
#1728 = DIRECTION ( 'NONE',  ( 0.000000000000000000, 0.000000000000000000, -1.000000000000000000 ) ) ;
#1729 = DIRECTION ( 'NONE',  ( -0.9063077870366492705, 0.000000000000000000, 0.4226182617407009401 ) ) ;
#1730 = DIRECTION ( 'NONE',  ( -0.4226182617407014397, -0.000000000000000000, -0.9063077870366492705 ) ) ;
#1731 = ORIENTED_EDGE ( 'NONE', *, *, #2537, .F. ) ;
#1732 = ORIENTED_EDGE ( 'NONE', *, *, #2774, .T. ) ;
#1733 = CARTESIAN_POINT ( 'NONE',  ( 69.58081543672871305, 14.09999999999999964, -15.75095170484121887 ) ) ;
#1734 = EDGE_LOOP ( 'NONE', ( #488, #2530, #150, #2959, #47, #3070, #562, #837 ) ) ;
#1735 = FACE_OUTER_BOUND ( 'NONE', #1966, .T. ) ;
#1736 = VECTOR ( 'NONE', #932, 1000.000000000000114 ) ;
#1737 = LINE ( 'NONE', #1724, #2257 ) ;
#1738 = AXIS2_PLACEMENT_3D ( 'NONE', #2931, #1239, #2743 ) ;
#1739 = ORIENTED_EDGE ( 'NONE', *, *, #2288, .F. ) ;
#1740 = EDGE_CURVE ( 'NONE', #1781, #2592, #559, .T. ) ;
#1741 = AXIS2_PLACEMENT_3D ( 'NONE', #1709, #2467, #1225 ) ;
#1742 = AXIS2_PLACEMENT_3D ( 'NONE', #1460, #2223, #540 ) ;
#1743 = VECTOR ( 'NONE', #1381, 1000.000000000000114 ) ;
#1744 = AXIS2_PLACEMENT_3D ( 'NONE', #1936, #2649, #2199 ) ;
#1745 = DIRECTION ( 'NONE',  ( -0.4226182617407013287, -0.000000000000000000, -0.9063077870366490485 ) ) ;
#1746 = CARTESIAN_POINT ( 'NONE',  ( 7.500000000000000000, 4.000000000000000000, 0.000000000000000000 ) ) ;
#1747 = DIRECTION ( 'NONE',  ( 0.000000000000000000, 1.000000000000000000, 0.000000000000000000 ) ) ;
#1748 = DIRECTION ( 'NONE',  ( -0.4226182617407015507, 0.000000000000000000, -0.9063077870366490485 ) ) ;
#1749 = ORIENTED_EDGE ( 'NONE', *, *, #1100, .F. ) ;
#1750 = ORIENTED_EDGE ( 'NONE', *, *, #877, .T. ) ;
#1751 = FACE_OUTER_BOUND ( 'NONE', #1009, .T. ) ;
#1752 = ORIENTED_EDGE ( 'NONE', *, *, #1871, .F. ) ;
#1753 = CARTESIAN_POINT ( 'NONE',  ( 71.12153867469100987, 14.09999999999999964, -16.46940274980040897 ) ) ;
#1754 = CARTESIAN_POINT ( 'NONE',  ( 7.500000000000000000, 4.000000000000000000, -15.00000000000000000 ) ) ;
#1755 = EDGE_LOOP ( 'NONE', ( #207, #2186, #1270, #587 ) ) ;
#1756 = DIRECTION ( 'NONE',  ( -1.000000000000000000, 0.000000000000000000, 1.991441599360792004E-16 ) ) ;
#1757 = CARTESIAN_POINT ( 'NONE',  ( 29.34357214459343410, 2.000000000000000000, -12.49999999999999645 ) ) ;
#1758 = CARTESIAN_POINT ( 'NONE',  ( 18.00000000000000000, 13.49999999999999822, 2.017049592633157337E-15 ) ) ;
#1759 = LINE ( 'NONE', #764, #1948 ) ;
#1760 = CARTESIAN_POINT ( 'NONE',  ( 8.085073234355183658, 0.000000000000000000, 17.33849550390120697 ) ) ;
#1761 = LINE ( 'NONE', #3086, #1130 ) ;
#1762 = ORIENTED_EDGE ( 'NONE', *, *, #1056, .T. ) ;
#1763 = ORIENTED_EDGE ( 'NONE', *, *, #2963, .T. ) ;
#1764 = LINE ( 'NONE', #1490, #2105 ) ;
#1765 = VERTEX_POINT ( 'NONE', #1364 ) ;
#1766 = LINE ( 'NONE', #285, #873 ) ;
#1767 = CARTESIAN_POINT ( 'NONE',  ( 37.80189997677833702, 34.99999999999999289, -8.655845490743455883 ) ) ;
#1768 = ORIENTED_EDGE ( 'NONE', *, *, #984, .F. ) ;
#1769 = ADVANCED_FACE ( 'NONE', ( #2343 ), #140, .F. ) ;
#1770 = CARTESIAN_POINT ( 'NONE',  ( 61.48316438369568004, 5.000000000000000000, -7.561443329895038978 ) ) ;
#1771 = CARTESIAN_POINT ( 'NONE',  ( 41.12665539029471518, 8.000000000000000000, -15.72309399637090266 ) ) ;
#1772 = DIRECTION ( 'NONE',  ( -0.4226182617407015507, -0.000000000000000000, -0.9063077870366490485 ) ) ;
#1773 = VERTEX_POINT ( 'NONE', #1033 ) ;
#1774 = CARTESIAN_POINT ( 'NONE',  ( 29.34357214459343410, 9.500000000000003553, -2.067405927265924870 ) ) ;
#1775 = VECTOR ( 'NONE', #1824, 1000.000000000000000 ) ;
#1776 = LINE ( 'NONE', #2439, #2047 ) ;
#1777 = CARTESIAN_POINT ( 'NONE',  ( 34.84357214459343055, 41.00000000000000000, -15.00000000000000000 ) ) ;
#1778 = ADVANCED_FACE ( 'NONE', ( #2238 ), #793, .F. ) ;
#1779 = FACE_OUTER_BOUND ( 'NONE', #1591, .T. ) ;
#1780 = ORIENTED_EDGE ( 'NONE', *, *, #2014, .F. ) ;
#1781 = VERTEX_POINT ( 'NONE', #66 ) ;
#1782 = CARTESIAN_POINT ( 'NONE',  ( 0.000000000000000000, 29.50000000000000000, -8.000000000000000000 ) ) ;
#1783 = ORIENTED_EDGE ( 'NONE', *, *, #3017, .F. ) ;
#1784 = CARTESIAN_POINT ( 'NONE',  ( 75.19992371635592576, 11.50000000000000000, -18.37118492763356414 ) ) ;
#1785 = ADVANCED_FACE ( 'NONE', ( #2045 ), #292, .F. ) ;
#1786 = CYLINDRICAL_SURFACE ( 'NONE', #2492, 1.699999999999992406 ) ;
#1787 = ORIENTED_EDGE ( 'NONE', *, *, #2220, .F. ) ;
#1788 = FACE_OUTER_BOUND ( 'NONE', #889, .T. ) ;
#1789 = DIRECTION ( 'NONE',  ( -0.4226182617407008291, 0.000000000000000000, -0.9063077870366493816 ) ) ;
#1790 = VECTOR ( 'NONE', #920, 1000.000000000000000 ) ;
#1791 = CARTESIAN_POINT ( 'NONE',  ( 40.52082333788828095, 38.00000000000000000, -9.923700275965552819 ) ) ;
#1792 = VECTOR ( 'NONE', #2942, 1000.000000000000114 ) ;
#1793 = CIRCLE ( 'NONE', #669, 1.500000000000004885 ) ;
#1794 = ORIENTED_EDGE ( 'NONE', *, *, #2240, .T. ) ;
#1795 = FACE_OUTER_BOUND ( 'NONE', #2118, .T. ) ;
#1796 = VECTOR ( 'NONE', #3039, 1000.000000000000114 ) ;
#1797 = VECTOR ( 'NONE', #2273, 1000.000000000000000 ) ;
#1798 = CARTESIAN_POINT ( 'NONE',  ( 76.89039676331873352, 25.50000000000000355, -14.74595377948696751 ) ) ;
#1799 = DIRECTION ( 'NONE',  ( 0.000000000000000000, -1.662792076335610851E-16, -1.000000000000000000 ) ) ;
#1800 = EDGE_CURVE ( 'NONE', #293, #769, #3106, .T. ) ;
#1801 = ORIENTED_EDGE ( 'NONE', *, *, #1726, .T. ) ;
#1802 = ORIENTED_EDGE ( 'NONE', *, *, #653, .F. ) ;
#1803 = FACE_BOUND ( 'NONE', #1368, .T. ) ;
#1804 = ORIENTED_EDGE ( 'NONE', *, *, #2019, .F. ) ;
#1805 = DIRECTION ( 'NONE',  ( 0.000000000000000000, 1.000000000000000000, 0.000000000000000000 ) ) ;
#1806 = DIRECTION ( 'NONE',  ( 0.000000000000000000, -0.000000000000000000, -1.000000000000000000 ) ) ;
#1807 = FACE_BOUND ( 'NONE', #1281, .T. ) ;
#1808 = ORIENTED_EDGE ( 'NONE', *, *, #2540, .F. ) ;
#1809 = LINE ( 'NONE', #1774, #25 ) ;
#1810 = EDGE_CURVE ( 'NONE', #300, #1987, #1049, .T. ) ;
#1811 = DIRECTION ( 'NONE',  ( 1.000000000000000000, 0.000000000000000000, 0.000000000000000000 ) ) ;
#1812 = FACE_OUTER_BOUND ( 'NONE', #1946, .T. ) ;
#1813 = EDGE_CURVE ( 'NONE', #2683, #583, #2756, .T. ) ;
#1814 = ORIENTED_EDGE ( 'NONE', *, *, #1726, .F. ) ;
#1815 = VERTEX_POINT ( 'NONE', #555 ) ;
#1816 = EDGE_CURVE ( 'NONE', #583, #1466, #330, .T. ) ;
#1817 = CARTESIAN_POINT ( 'NONE',  ( 35.68880866807482732, 8.000000000000000000, -13.18738442592669990 ) ) ;
#1818 = EDGE_LOOP ( 'NONE', ( #2727, #2763, #2244, #2497 ) ) ;
#1819 = CYLINDRICAL_SURFACE ( 'NONE', #1644, 1.500000000000004885 ) ;
#1820 = VECTOR ( 'NONE', #1322, 1000.000000000000000 ) ;
#1821 = COLOUR_RGB ( '',0.7921568627450980005, 0.8196078431372548767, 0.9333333333333333481 ) ;
#1822 = AXIS2_PLACEMENT_3D ( 'NONE', #174, #2325, #2135 ) ;
#1823 = VERTEX_POINT ( 'NONE', #2306 ) ;
#1824 = DIRECTION ( 'NONE',  ( 0.000000000000000000, 0.000000000000000000, -1.000000000000000000 ) ) ;
#1825 = LINE ( 'NONE', #2479, #437 ) ;
#1826 = EDGE_LOOP ( 'NONE', ( #2493, #2557, #27, #304 ) ) ;
#1827 = LINE ( 'NONE', #380, #2982 ) ;
#1828 = ADVANCED_FACE ( 'NONE', ( #2516 ), #2030, .F. ) ;
#1829 = LINE ( 'NONE', #2836, #1073 ) ;
#1830 = LINE ( 'NONE', #815, #2541 ) ;
#1831 = EDGE_CURVE ( 'NONE', #866, #882, #2551, .T. ) ;
#1832 = ORIENTED_EDGE ( 'NONE', *, *, #3034, .T. ) ;
#1833 = VECTOR ( 'NONE', #2277, 1000.000000000000114 ) ;
#1834 = ORIENTED_EDGE ( 'NONE', *, *, #684, .T. ) ;
#1835 = FACE_OUTER_BOUND ( 'NONE', #1352, .T. ) ;
#1836 = ORIENTED_EDGE ( 'NONE', *, *, #2207, .F. ) ;
#1837 = DIRECTION ( 'NONE',  ( 0.9063077870366490485, 0.000000000000000000, -0.4226182617407013287 ) ) ;
#1838 = PLANE ( 'NONE',  #2511 ) ;
#1839 = ORIENTED_EDGE ( 'NONE', *, *, #3046, .F. ) ;
#1840 = LINE ( 'NONE', #2994, #1775 ) ;
#1841 = DIRECTION ( 'NONE',  ( 0.4226182617407004405, 0.000000000000000000, 0.9063077870366494926 ) ) ;
#1842 = ORIENTED_EDGE ( 'NONE', *, *, #1211, .T. ) ;
#1843 = DIRECTION ( 'NONE',  ( 0.9063077870366493816, -5.551115123125781470E-17, -0.4226182617407004405 ) ) ;
#1844 = DIRECTION ( 'NONE',  ( -0.9063077870366486044, 0.000000000000000000, 0.4226182617407023279 ) ) ;
#1845 = AXIS2_PLACEMENT_3D ( 'NONE', #1891, #623, #2848 ) ;
#1846 = DIRECTION ( 'NONE',  ( 0.000000000000000000, 0.000000000000000000, 1.000000000000000000 ) ) ;
#1847 = PLANE ( 'NONE',  #1423 ) ;
#1848 = VECTOR ( 'NONE', #1157, 1000.000000000000114 ) ;
#1849 = AXIS2_PLACEMENT_3D ( 'NONE', #2093, #854, #2632 ) ;
#1850 = ORIENTED_EDGE ( 'NONE', *, *, #1963, .T. ) ;
#1851 = AXIS2_PLACEMENT_3D ( 'NONE', #2577, #821, #1091 ) ;
#1852 = ORIENTED_EDGE ( 'NONE', *, *, #642, .F. ) ;
#1853 = FACE_BOUND ( 'NONE', #84, .T. ) ;
#1854 = VECTOR ( 'NONE', #202, 1000.000000000000114 ) ;
#1855 = VERTEX_POINT ( 'NONE', #329 ) ;
#1856 = CARTESIAN_POINT ( 'NONE',  ( 20.00000000000000000, 38.99999999999999289, -96.87214790208498982 ) ) ;
#1857 = CARTESIAN_POINT ( 'NONE',  ( 70.18957583902275132, 43.00000000000000000, -31.48211220788733300 ) ) ;
#1858 = CARTESIAN_POINT ( 'NONE',  ( 13.34357214459343233, 33.50000000000000000, -2.067405927265921761 ) ) ;
#1859 = ORIENTED_EDGE ( 'NONE', *, *, #1319, .T. ) ;
#1860 = LINE ( 'NONE', #2323, #871 ) ;
#1861 = ORIENTED_EDGE ( 'NONE', *, *, #1357, .T. ) ;
#1862 = CARTESIAN_POINT ( 'NONE',  ( 39.94845526714706807, 5.000000000000000000, -15.17369025610798516 ) ) ;
#1863 = CARTESIAN_POINT ( 'NONE',  ( 61.90578264543638909, 37.99999999999999289, -6.655135542858397812 ) ) ;
#1864 = ORIENTED_EDGE ( 'NONE', *, *, #2712, .T. ) ;
#1865 = CARTESIAN_POINT ( 'NONE',  ( 1.323181046503972169, 0.000000000000000000, 2.837570911314832856 ) ) ;
#1866 = ORIENTED_EDGE ( 'NONE', *, *, #1413, .T. ) ;
#1867 = CARTESIAN_POINT ( 'NONE',  ( 75.19992371635592576, 33.49999999999999289, -18.37118492763356414 ) ) ;
#1868 = CARTESIAN_POINT ( 'NONE',  ( 37.80189997677833702, 40.99999999999999289, -8.655845490743455883 ) ) ;
#1869 = EDGE_CURVE ( 'NONE', #1466, #583, #2221, .T. ) ;
#1870 = DIRECTION ( 'NONE',  ( 0.4226182617407013842, -0.000000000000000000, 0.9063077870366491595 ) ) ;
#1871 = EDGE_CURVE ( 'NONE', #979, #1226, #2779, .T. ) ;
#1872 = AXIS2_PLACEMENT_3D ( 'NONE', #610, #2265, #2500 ) ;
#1873 = EDGE_LOOP ( 'NONE', ( #1608, #2753, #2021, #1494, #2987 ) ) ;
#1874 = DIRECTION ( 'NONE',  ( 0.9063077870366492705, -0.000000000000000000, -0.4226182617407008291 ) ) ;
#1875 = CARTESIAN_POINT ( 'NONE',  ( 13.34357214459343233, 29.50000000000000000, -2.067405927265922205 ) ) ;
#1876 = ORIENTED_EDGE ( 'NONE', *, *, #521, .F. ) ;
#1877 = DIRECTION ( 'NONE',  ( 1.000000000000000000, 0.000000000000000000, 0.000000000000000000 ) ) ;
#1878 = EDGE_CURVE ( 'NONE', #1426, #284, #2533, .T. ) ;
#1879 = AXIS2_PLACEMENT_3D ( 'NONE', #1252, #28, #1017 ) ;
#1880 = ORIENTED_EDGE ( 'NONE', *, *, #2049, .F. ) ;
#1881 = CARTESIAN_POINT ( 'NONE',  ( 67.71393537881115776, 53.00000000000000000, -36.79114030750455555 ) ) ;
#1882 = LINE ( 'NONE', #1867, #1848 ) ;
#1883 = ADVANCED_FACE ( 'NONE', ( #1495, #1807, #779, #1565, #2811 ), #346, .F. ) ;
#1884 = FACE_OUTER_BOUND ( 'NONE', #2329, .T. ) ;
#1885 = CARTESIAN_POINT ( 'NONE',  ( 18.49999999999999645, 38.99999999999999289, 0.000000000000000000 ) ) ;
#1886 = VERTEX_POINT ( 'NONE', #842 ) ;
#1887 = DIRECTION ( 'NONE',  ( 0.4226182617407013287, -0.000000000000000000, 0.9063077870366490485 ) ) ;
#1888 = EDGE_CURVE ( 'NONE', #237, #529, #1825, .T. ) ;
#1889 = ORIENTED_EDGE ( 'NONE', *, *, #2477, .F. ) ;
#1890 = CARTESIAN_POINT ( 'NONE',  ( 21.50000000000000355, 4.000000000000000000, -15.00000000000000000 ) ) ;
#1891 = CARTESIAN_POINT ( 'NONE',  ( 37.80189997677833702, 34.99999999999999289, -8.655845490743455883 ) ) ;
#1892 = ORIENTED_EDGE ( 'NONE', *, *, #2589, .F. ) ;
#1893 = CARTESIAN_POINT ( 'NONE',  ( 63.09623629983598647, 21.49999999999998934, -46.69382793919741914 ) ) ;
#1894 = ORIENTED_EDGE ( 'NONE', *, *, #2170, .F. ) ;
#1895 = LINE ( 'NONE', #709, #251 ) ;
#1896 = EDGE_CURVE ( 'NONE', #516, #2108, #843, .T. ) ;
#1897 = DIRECTION ( 'NONE',  ( 1.000000000000000000, 0.000000000000000000, 0.000000000000000000 ) ) ;
#1898 = VECTOR ( 'NONE', #3056, 1000.000000000000227 ) ;
#1899 = VECTOR ( 'NONE', #768, 1000.000000000000000 ) ;
#1900 = VECTOR ( 'NONE', #1553, 1000.000000000000000 ) ;
#1901 = DIRECTION ( 'NONE',  ( 0.9063077870366494926, -0.000000000000000000, -0.4226182617407004405 ) ) ;
#1902 = ORIENTED_EDGE ( 'NONE', *, *, #204, .T. ) ;
#1903 = VECTOR ( 'NONE', #422, 1000.000000000000114 ) ;
#1904 = CARTESIAN_POINT ( 'NONE',  ( 29.34357214459343410, 41.00000000000000000, -2.067405927265921761 ) ) ;
#1905 = EDGE_LOOP ( 'NONE', ( #1340, #545, #1960, #2817 ) ) ;
#1906 = VECTOR ( 'NONE', #2681, 1000.000000000000114 ) ;
#1907 = CARTESIAN_POINT ( 'NONE',  ( 71.34921695136951314, 37.99999999999999289, -10.06564115193242159 ) ) ;
#1908 = ORIENTED_EDGE ( 'NONE', *, *, #2000, .F. ) ;
#1909 =( NAMED_UNIT ( * ) SI_UNIT ( $, .STERADIAN. ) SOLID_ANGLE_UNIT ( ) );
#1910 = DIRECTION ( 'NONE',  ( -0.000000000000000000, -1.000000000000000000, -0.000000000000000000 ) ) ;
#1911 = VERTEX_POINT ( 'NONE', #1757 ) ;
#1912 = CARTESIAN_POINT ( 'NONE',  ( 70.66838478117264799, 23.50000000000000000, -16.25809361893004734 ) ) ;
#1913 = EDGE_CURVE ( 'NONE', #2838, #1124, #537, .T. ) ;
#1914 = ADVANCED_FACE ( 'NONE', ( #739 ), #2734, .F. ) ;
#1915 = EDGE_CURVE ( 'NONE', #2861, #2434, #156, .T. ) ;
#1916 = CARTESIAN_POINT ( 'NONE',  ( 68.85576920709937099, 40.99999999999999289, -15.41285709544865234 ) ) ;
#1917 = DIRECTION ( 'NONE',  ( 0.000000000000000000, 0.000000000000000000, -1.000000000000000000 ) ) ;
#1918 = CARTESIAN_POINT ( 'NONE',  ( 70.17076640164157197, 2.000000000000000000, -29.15624759336967387 ) ) ;
#1919 = CARTESIAN_POINT ( 'NONE',  ( 18.00000000000000000, 29.50000000000000000, -8.000000000000000000 ) ) ;
#1920 = EDGE_CURVE ( 'NONE', #2938, #1815, #3183, .T. ) ;
#1921 = VERTEX_POINT ( 'NONE', #503 ) ;
#1922 = EDGE_CURVE ( 'NONE', #2578, #1074, #307, .T. ) ;
#1923 = DIRECTION ( 'NONE',  ( -0.4226182617407014952, -0.000000000000000000, -0.9063077870366489375 ) ) ;
#1924 = ORIENTED_EDGE ( 'NONE', *, *, #542, .F. ) ;
#1925 = CARTESIAN_POINT ( 'NONE',  ( 70.17076640164161461, 40.99999999999999289, -29.15624759336969873 ) ) ;
#1926 = LINE ( 'NONE', #38, #2929 ) ;
#1927 = ORIENTED_EDGE ( 'NONE', *, *, #107, .F. ) ;
#1928 = DIRECTION ( 'NONE',  ( 0.9063077870366484934, 0.000000000000000000, -0.4226182617407026609 ) ) ;
#1929 = ADVANCED_FACE ( 'NONE', ( #1751 ), #260, .F. ) ;
#1930 = VECTOR ( 'NONE', #415, 1000.000000000000000 ) ;
#1931 = CARTESIAN_POINT ( 'NONE',  ( 6.000000000000000000, 38.99999999999999289, 0.000000000000000000 ) ) ;
#1932 = CARTESIAN_POINT ( 'NONE',  ( 29.34357214459343410, 41.00000000000000000, -2.067405927265921761 ) ) ;
#1933 = DIRECTION ( 'NONE',  ( -0.4226182617407011066, 0.000000000000000000, -0.9063077870366491595 ) ) ;
#1934 = CARTESIAN_POINT ( 'NONE',  ( 20.00000000000000000, 38.99999999999999289, 0.000000000000000000 ) ) ;
#1935 = EDGE_LOOP ( 'NONE', ( #2601, #1583 ) ) ;
#1936 = CARTESIAN_POINT ( 'NONE',  ( 72.35885782813546996, 35.50000000000000000, -12.63286247078345603 ) ) ;
#1937 = AXIS2_PLACEMENT_3D ( 'NONE', #1285, #1544, #42 ) ;
#1938 = AXIS2_PLACEMENT_3D ( 'NONE', #1237, #1901, #2125 ) ;
#1939 = ORIENTED_EDGE ( 'NONE', *, *, #606, .T. ) ;
#1940 = DIRECTION ( 'NONE',  ( -0.4226182617407013287, -0.000000000000000000, -0.9063077870366490485 ) ) ;
#1941 = ORIENTED_EDGE ( 'NONE', *, *, #661, .F. ) ;
#1942 = DIRECTION ( 'NONE',  ( 0.4226182617407013287, 0.000000000000000000, 0.9063077870366490485 ) ) ;
#1943 = DIRECTION ( 'NONE',  ( 0.000000000000000000, -0.000000000000000000, 1.000000000000000000 ) ) ;
#1944 = DIRECTION ( 'NONE',  ( -0.4226182617407011621, 0.000000000000000000, -0.9063077870366491595 ) ) ;
#1945 = DIRECTION ( 'NONE',  ( -0.9063077870366484934, 0.000000000000000000, 0.4226182617407026609 ) ) ;
#1946 = EDGE_LOOP ( 'NONE', ( #354, #282, #2820, #771 ) ) ;
#1947 = CARTESIAN_POINT ( 'NONE',  ( 75.19992371635592576, 11.50000000000000000, -18.37118492763356414 ) ) ;
#1948 = VECTOR ( 'NONE', #1981, 1000.000000000000000 ) ;
#1949 = AXIS2_PLACEMENT_3D ( 'NONE', #1753, #704, #2667 ) ;
#1950 = EDGE_CURVE ( 'NONE', #860, #502, #1592, .T. ) ;
#1951 = PRODUCT_DEFINITION_FORMATION_WITH_SPECIFIED_SOURCE ( 'ANY', '', #2089, .NOT_KNOWN. ) ;
#1952 = VECTOR ( 'NONE', #2672, 1000.000000000000000 ) ;
#1953 = LINE ( 'NONE', #2961, #2107 ) ;
#1954 = VECTOR ( 'NONE', #2909, 1000.000000000000000 ) ;
#1955 = ORIENTED_EDGE ( 'NONE', *, *, #1543, .F. ) ;
#1956 = EDGE_CURVE ( 'NONE', #1650, #607, #96, .T. ) ;
#1957 = DIRECTION ( 'NONE',  ( -0.4226182617407013842, 0.000000000000000000, -0.9063077870366491595 ) ) ;
#1958 = FACE_OUTER_BOUND ( 'NONE', #1115, .T. ) ;
#1959 = CARTESIAN_POINT ( 'NONE',  ( 70.66838478117266220, 13.50000000000000000, -16.25809361893005089 ) ) ;
#1960 = ORIENTED_EDGE ( 'NONE', *, *, #2540, .T. ) ;
#1961 = DIRECTION ( 'NONE',  ( 0.000000000000000000, -0.6715429342378188560, 0.7409656452732883425 ) ) ;
#1962 = EDGE_CURVE ( 'NONE', #649, #2369, #1519, .T. ) ;
#1963 = EDGE_CURVE ( 'NONE', #1139, #1074, #1974, .T. ) ;
#1964 = CARTESIAN_POINT ( 'NONE',  ( 36.86700879122248153, 38.00000000000000000, -13.73678816618960852 ) ) ;
#1965 = EDGE_CURVE ( 'NONE', #1473, #1765, #802, .T. ) ;
#1966 = EDGE_LOOP ( 'NONE', ( #2534, #2719, #1187, #2086 ) ) ;
#1967 = CIRCLE ( 'NONE', #2548, 1.999999999999995115 ) ;
#1968 = DIRECTION ( 'NONE',  ( 1.000000000000000000, 0.000000000000000000, 0.000000000000000000 ) ) ;
#1969 = FACE_OUTER_BOUND ( 'NONE', #462, .T. ) ;
#1970 = CIRCLE ( 'NONE', #2547, 1.999999999999995115 ) ;
#1971 = LINE ( 'NONE', #2662, #927 ) ;
#1972 = ORIENTED_EDGE ( 'NONE', *, *, #891, .T. ) ;
#1973 = ORIENTED_EDGE ( 'NONE', *, *, #2195, .F. ) ;
#1974 = LINE ( 'NONE', #1733, #569 ) ;
#1975 = ORIENTED_EDGE ( 'NONE', *, *, #2438, .T. ) ;
#1976 = EDGE_CURVE ( 'NONE', #493, #1985, #1041, .T. ) ;
#1977 = PLANE ( 'NONE',  #721 ) ;
#1978 = DIRECTION ( 'NONE',  ( -0.4226182617407015507, -0.000000000000000000, -0.9063077870366490485 ) ) ;
#1979 = ORIENTED_EDGE ( 'NONE', *, *, #460, .T. ) ;
#1980 = PLANE ( 'NONE',  #1415 ) ;
#1981 = DIRECTION ( 'NONE',  ( -0.4226182617407011066, 0.000000000000000000, -0.9063077870366491595 ) ) ;
#1982 = DIRECTION ( 'NONE',  ( 0.000000000000000000, 0.000000000000000000, 1.000000000000000000 ) ) ;
#1983 = CARTESIAN_POINT ( 'NONE',  ( 71.09588362605943246, 40.99999999999999289, -31.90473046962806336 ) ) ;
#1984 = ORIENTED_EDGE ( 'NONE', *, *, #1413, .F. ) ;
#1985 = VERTEX_POINT ( 'NONE', #303 ) ;
#1986 = DIRECTION ( 'NONE',  ( 1.000000000000000000, 0.000000000000000000, 0.000000000000000000 ) ) ;
#1987 = VERTEX_POINT ( 'NONE', #323 ) ;
#1988 = DIRECTION ( 'NONE',  ( 0.4226182617407013842, -0.000000000000000000, 0.9063077870366491595 ) ) ;
#1989 = VECTOR ( 'NONE', #2566, 1000.000000000000000 ) ;
#1990 = CARTESIAN_POINT ( 'NONE',  ( 18.49999999999999645, 4.000000000000000000, -96.87214790208498982 ) ) ;
#1991 = VECTOR ( 'NONE', #2060, 1000.000000000000227 ) ;
#1992 = VERTEX_POINT ( 'NONE', #2268 ) ;
#1993 = AXIS2_PLACEMENT_3D ( 'NONE', #1007, #1499, #2341 ) ;
#1994 = AXIS2_PLACEMENT_3D ( 'NONE', #1026, #1282, #1986 ) ;
#1995 = DIRECTION ( 'NONE',  ( 0.4226182617407004405, 0.000000000000000000, 0.9063077870366494926 ) ) ;
#1996 = AXIS2_PLACEMENT_3D ( 'NONE', #1424, #2406, #2166 ) ;
#1997 = DIRECTION ( 'NONE',  ( 0.9063077870366489375, 0.000000000000000000, -0.4226182617407014952 ) ) ;
#1998 = FACE_OUTER_BOUND ( 'NONE', #2059, .T. ) ;
#1999 = FACE_OUTER_BOUND ( 'NONE', #2832, .T. ) ;
#2000 = EDGE_CURVE ( 'NONE', #347, #2938, #786, .T. ) ;
#2001 = CARTESIAN_POINT ( 'NONE',  ( 43.67188078237821003, 81.60407640085661285, -88.34949277282353819 ) ) ;
#2002 = ORIENTED_EDGE ( 'NONE', *, *, #2807, .F. ) ;
#2003 = VERTEX_POINT ( 'NONE', #2718 ) ;
#2004 = DIRECTION ( 'NONE',  ( 0.9063077870366489375, -0.000000000000000000, -0.4226182617407016062 ) ) ;
#2005 = ORIENTED_EDGE ( 'NONE', *, *, #1543, .T. ) ;
#2006 = CARTESIAN_POINT ( 'NONE',  ( 76.89039676331871931, 40.99999999999999289, -14.74595377948695685 ) ) ;
#2007 = VECTOR ( 'NONE', #899, 1000.000000000000114 ) ;
#2008 = EDGE_CURVE ( 'NONE', #2962, #2003, #1764, .T. ) ;
#2009 = FACE_OUTER_BOUND ( 'NONE', #351, .T. ) ;
#2010 = ORIENTED_EDGE ( 'NONE', *, *, #1015, .F. ) ;
#2011 = DIRECTION ( 'NONE',  ( 1.000000000000000000, 0.000000000000000000, -0.000000000000000000 ) ) ;
#2012 = PLANE ( 'NONE',  #1016 ) ;
#2013 = DIRECTION ( 'NONE',  ( 0.000000000000000000, -0.000000000000000000, -1.000000000000000000 ) ) ;
#2014 = EDGE_CURVE ( 'NONE', #2115, #1024, #1183, .T. ) ;
#2015 = ORIENTED_EDGE ( 'NONE', *, *, #740, .F. ) ;
#2016 = FACE_OUTER_BOUND ( 'NONE', #2206, .T. ) ;
#2017 = DIRECTION ( 'NONE',  ( 1.000000000000000000, 0.000000000000000000, 0.000000000000000000 ) ) ;
#2018 = PLANE ( 'NONE',  #2808 ) ;
#2019 = EDGE_CURVE ( 'NONE', #167, #2503, #283, .T. ) ;
#2020 = CARTESIAN_POINT ( 'NONE',  ( 6.394600187392398105, 0.000000000000000000, 13.71326435575463520 ) ) ;
#2021 = ORIENTED_EDGE ( 'NONE', *, *, #2922, .T. ) ;
#2022 = VERTEX_POINT ( 'NONE', #2748 ) ;
#2023 = DIRECTION ( 'NONE',  ( 1.000000000000000000, 0.000000000000000000, 0.000000000000000000 ) ) ;
#2024 = VERTEX_POINT ( 'NONE', #58 ) ;
#2025 = CARTESIAN_POINT ( 'NONE',  ( 71.12153867469100987, 14.09999999999999964, -16.46940274980040897 ) ) ;
#2026 = DIRECTION ( 'NONE',  ( -0.000000000000000000, 1.000000000000000000, -0.000000000000000000 ) ) ;
#2027 = VERTEX_POINT ( 'NONE', #1782 ) ;
#2028 = LINE ( 'NONE', #81, #1480 ) ;
#2029 = CARTESIAN_POINT ( 'NONE',  ( 13.34357214459343233, 33.50000000000000000, -12.49999999999999645 ) ) ;
#2030 = PLANE ( 'NONE',  #741 ) ;
#2031 = ORIENTED_EDGE ( 'NONE', *, *, #2478, .T. ) ;
#2032 = DIRECTION ( 'NONE',  ( -0.9063077870366489375, 0.000000000000000000, 0.4226182617407015507 ) ) ;
#2033 = LINE ( 'NONE', #2342, #2201 ) ;
#2034 = DIRECTION ( 'NONE',  ( 0.9063077870366484934, 0.000000000000000000, -0.4226182617407026609 ) ) ;
#2035 = ORIENTED_EDGE ( 'NONE', *, *, #2634, .T. ) ;
#2036 = ORIENTED_EDGE ( 'NONE', *, *, #2624, .T. ) ;
#2037 = DIRECTION ( 'NONE',  ( -1.156482317317871331E-15, 1.000000000000000000, -0.000000000000000000 ) ) ;
#2038 = ORIENTED_EDGE ( 'NONE', *, *, #2441, .F. ) ;
#2039 = DIRECTION ( 'NONE',  ( -0.9063077870366494926, 0.000000000000000000, 0.4226182617407004405 ) ) ;
#2040 = ADVANCED_FACE ( 'NONE', ( #2765 ), #565, .F. ) ;
#2041 = ADVANCED_FACE ( 'NONE', ( #3037, #2283 ), #2072, .F. ) ;
#2042 = CARTESIAN_POINT ( 'NONE',  ( 40.95251227750345890, 38.00000000000000000, -8.997940357453375171 ) ) ;
#2043 = CARTESIAN_POINT ( 'NONE',  ( 75.19992371635592576, 25.50000000000000355, -18.37118492763356414 ) ) ;
#2044 = AXIS2_PLACEMENT_3D ( 'NONE', #2870, #1431, #662 ) ;
#2045 = FACE_OUTER_BOUND ( 'NONE', #1428, .T. ) ;
#2046 = VECTOR ( 'NONE', #375, 1000.000000000000114 ) ;
#2047 = VECTOR ( 'NONE', #1212, 1000.000000000000227 ) ;
#2048 = ORIENTED_EDGE ( 'NONE', *, *, #3045, .T. ) ;
#2049 = EDGE_CURVE ( 'NONE', #2471, #1139, #1020, .T. ) ;
#2050 = FACE_OUTER_BOUND ( 'NONE', #388, .T. ) ;
#2051 = AXIS2_PLACEMENT_3D ( 'NONE', #1228, #2470, #5 ) ;
#2052 = ADVANCED_FACE ( 'NONE', ( #2544 ), #385, .T. ) ;
#2053 = AXIS2_PLACEMENT_3D ( 'NONE', #64, #44, #3096 ) ;
#2054 = FACE_OUTER_BOUND ( 'NONE', #1090, .T. ) ;
#2055 = CARTESIAN_POINT ( 'NONE',  ( 70.66838478117266220, 5.500000000000000000, -16.25809361893005089 ) ) ;
#2056 = ORIENTED_EDGE ( 'NONE', *, *, #49, .F. ) ;
#2057 = ORIENTED_EDGE ( 'NONE', *, *, #3002, .F. ) ;
#2058 = FACE_OUTER_BOUND ( 'NONE', #3, .T. ) ;
#2059 = EDGE_LOOP ( 'NONE', ( #2911, #2355 ) ) ;
#2060 = DIRECTION ( 'NONE',  ( 0.9063077870366493816, 2.775557561562890735E-17, -0.4226182617407004405 ) ) ;
#2061 = EDGE_CURVE ( 'NONE', #3130, #1283, #836, .T. ) ;
#2062 = ORIENTED_EDGE ( 'NONE', *, *, #2963, .F. ) ;
#2063 = CARTESIAN_POINT ( 'NONE',  ( 70.96886051580288779, 37.99999999999999289, -10.88131816026541365 ) ) ;
#2064 = ADVANCED_FACE ( 'NONE', ( #142, #2331 ), #2559, .F. ) ;
#2065 = DIRECTION ( 'NONE',  ( -0.9063077870366496036, 0.000000000000000000, 0.4226182617407004405 ) ) ;
#2066 = ORIENTED_EDGE ( 'NONE', *, *, #1869, .F. ) ;
#2067 = DIRECTION ( 'NONE',  ( -0.4226182617407004405, 0.000000000000000000, -0.9063077870366493816 ) ) ;
#2068 = CARTESIAN_POINT ( 'NONE',  ( 49.64860555698060551, 81.60407640085658443, -75.53236513170780597 ) ) ;
#2069 = CARTESIAN_POINT ( 'NONE',  ( 0.000000000000000000, 0.000000000000000000, 0.000000000000000000 ) ) ;
#2070 = ORIENTED_EDGE ( 'NONE', *, *, #1233, .T. ) ;
#2071 = VERTEX_POINT ( 'NONE', #76 ) ;
#2072 = PLANE ( 'NONE',  #763 ) ;
#2073 = ORIENTED_EDGE ( 'NONE', *, *, #531, .F. ) ;
#2074 = LINE ( 'NONE', #1079, #1898 ) ;
#2075 = AXIS2_PLACEMENT_3D ( 'NONE', #2666, #2617, #1655 ) ;
#2076 = VECTOR ( 'NONE', #1174, 1000.000000000000000 ) ;
#2077 = ORIENTED_EDGE ( 'NONE', *, *, #205, .T. ) ;
#2078 = CARTESIAN_POINT ( 'NONE',  ( 71.34921695136951314, 4.999999999999997335, -10.06564115193242159 ) ) ;
#2079 = DIRECTION ( 'NONE',  ( -0.9063077870366494926, 0.000000000000000000, 0.4226182617407004405 ) ) ;
#2080 = VERTEX_POINT ( 'NONE', #1353 ) ;
#2081 = CARTESIAN_POINT ( 'NONE',  ( 83.17348000902001104, 43.00000000000000000, -15.46904777585785595 ) ) ;
#2082 = PLANE ( 'NONE',  #2567 ) ;
#2083 = DIRECTION ( 'NONE',  ( 0.000000000000000000, 0.000000000000000000, 1.000000000000000000 ) ) ;
#2084 = PLANE ( 'NONE',  #1302 ) ;
#2085 = VECTOR ( 'NONE', #117, 1000.000000000000114 ) ;
#2086 = ORIENTED_EDGE ( 'NONE', *, *, #2686, .T. ) ;
#2087 = VECTOR ( 'NONE', #348, 1000.000000000000114 ) ;
#2088 = ORIENTED_EDGE ( 'NONE', *, *, #2347, .F. ) ;
#2089 = PRODUCT ( 'Geh\X2\00e4\X0\use_Guition_Sockel', 'Geh\X2\00e4\X0\use_Guition_Sockel', '', ( #2243 ) ) ;
#2090 = DIRECTION ( 'NONE',  ( 0.000000000000000000, 1.000000000000000000, 0.000000000000000000 ) ) ;
#2091 = ORIENTED_EDGE ( 'NONE', *, *, #209, .T. ) ;
#2092 = CARTESIAN_POINT ( 'NONE',  ( 46.66024316967936159, -31.53300858899112669, -81.94092895226573603 ) ) ;
#2093 = CARTESIAN_POINT ( 'NONE',  ( 62.28613908100303576, 4.999999999999997335, -5.839458534525405753 ) ) ;
#2094 = ORIENTED_EDGE ( 'NONE', *, *, #1088, .F. ) ;
#2095 = FACE_BOUND ( 'NONE', #1109, .T. ) ;
#2096 = ORIENTED_EDGE ( 'NONE', *, *, #1963, .F. ) ;
#2097 = CARTESIAN_POINT ( 'NONE',  ( 69.28326805198608440, 2.000000000000000000, -31.05949394614664172 ) ) ;
#2098 = CARTESIAN_POINT ( 'NONE',  ( 0.000000000000000000, 0.000000000000000000, 0.000000000000000000 ) ) ;
#2099 = LINE ( 'NONE', #2760, #1900 ) ;
#2100 = AXIS2_PLACEMENT_3D ( 'NONE', #627, #2327, #1326 ) ;
#2101 = VECTOR ( 'NONE', #2506, 1000.000000000000000 ) ;
#2102 = EDGE_CURVE ( 'NONE', #2639, #300, #90, .T. ) ;
#2103 = AXIS2_PLACEMENT_3D ( 'NONE', #1405, #2384, #198 ) ;
#2104 = EDGE_LOOP ( 'NONE', ( #2780, #2735, #965 ) ) ;
#2105 = VECTOR ( 'NONE', #1502, 1000.000000000000227 ) ;
#2106 = DIRECTION ( 'NONE',  ( 0.9063077870366489375, 0.000000000000000000, -0.4226182617407014952 ) ) ;
#2107 = VECTOR ( 'NONE', #3185, 1000.000000000000000 ) ;
#2108 = VERTEX_POINT ( 'NONE', #2819 ) ;
#2109 = ADVANCED_FACE ( 'NONE', ( #3020 ), #3090, .F. ) ;
#2110 = DIRECTION ( 'NONE',  ( -0.9063077870366492705, 0.000000000000000000, 0.4226182617407009401 ) ) ;
#2111 = CARTESIAN_POINT ( 'NONE',  ( 70.66838478117266220, 11.50000000000000000, -16.25809361893005445 ) ) ;
#2112 = EDGE_CURVE ( 'NONE', #1571, #272, #3054, .T. ) ;
#2113 = CARTESIAN_POINT ( 'NONE',  ( 34.84357214459343055, 0.000000000000000000, -15.00000000000000000 ) ) ;
#2114 = ADVANCED_FACE ( 'NONE', ( #2058 ), #3071, .T. ) ;
#2115 = VERTEX_POINT ( 'NONE', #1625 ) ;
#2116 = CARTESIAN_POINT ( 'NONE',  ( 43.23974669899822487, 8.000000000000000000, -11.19155506118765864 ) ) ;
#2117 = CARTESIAN_POINT ( 'NONE',  ( 70.18957583902275132, 43.00000000000000000, -31.48211220788733300 ) ) ;
#2118 = EDGE_LOOP ( 'NONE', ( #1169, #275, #1440 ) ) ;
#2119 = LINE ( 'NONE', #2833, #50 ) ;
#2120 = ADVANCED_FACE ( 'NONE', ( #1835 ), #2318, .F. ) ;
#2121 = ORIENTED_EDGE ( 'NONE', *, *, #999, .T. ) ;
#2122 = LINE ( 'NONE', #3140, #2459 ) ;
#2123 = LINE ( 'NONE', #1382, #760 ) ;
#2124 = EDGE_CURVE ( 'NONE', #597, #1539, #1132, .T. ) ;
#2125 = DIRECTION ( 'NONE',  ( 0.4226182617407004960, 1.387778780781446464E-15, 0.9063077870366494926 ) ) ;
#2126 = VERTEX_POINT ( 'NONE', #2299 ) ;
#2127 = LINE ( 'NONE', #1649, #359 ) ;
#2128 = VERTEX_POINT ( 'NONE', #1610 ) ;
#2129 = LINE ( 'NONE', #3113, #1598 ) ;
#2130 = VECTOR ( 'NONE', #72, 1000.000000000000000 ) ;
#2131 = ORIENTED_EDGE ( 'NONE', *, *, #1210, .F. ) ;
#2132 = CARTESIAN_POINT ( 'NONE',  ( 76.89039676331871931, 40.99999999999999289, -14.74595377948695685 ) ) ;
#2133 = CARTESIAN_POINT ( 'NONE',  ( 83.17348000902001104, 0.000000000000000000, -15.46904777585785595 ) ) ;
#2134 = ORIENTED_EDGE ( 'NONE', *, *, #1888, .F. ) ;
#2135 = DIRECTION ( 'NONE',  ( 0.9063077870366491595, 0.000000000000000000, -0.4226182617407009401 ) ) ;
#2136 = ADVANCED_FACE ( 'NONE', ( #1853, #402, #2594, #1803, #613 ), #584, .F. ) ;
#2137 = AXIS2_PLACEMENT_3D ( 'NONE', #1306, #1527, #589 ) ;
#2138 = VERTEX_POINT ( 'NONE', #1367 ) ;
#2139 = DIRECTION ( 'NONE',  ( -0.4226182617407010511, -0.000000000000000000, -0.9063077870366491595 ) ) ;
#2140 = CARTESIAN_POINT ( 'NONE',  ( 62.32840090717710524, 4.999999999999997335, -5.748827755821739771 ) ) ;
#2141 = FACE_BOUND ( 'NONE', #1545, .T. ) ;
#2142 = ORIENTED_EDGE ( 'NONE', *, *, #1313, .F. ) ;
#2143 = CARTESIAN_POINT ( 'NONE',  ( 40.33760954722258418, 2.000000000000000000, -3.217998768523497422 ) ) ;
#2144 = VERTEX_POINT ( 'NONE', #1316 ) ;
#2145 = CARTESIAN_POINT ( 'NONE',  ( 20.00000000000000000, 38.99999999999999289, 0.000000000000000000 ) ) ;
#2146 = ORIENTED_EDGE ( 'NONE', *, *, #1319, .F. ) ;
#2147 = LINE ( 'NONE', #3132, #1736 ) ;
#2148 = EDGE_CURVE ( 'NONE', #439, #1781, #2183, .T. ) ;
#2149 = ORIENTED_EDGE ( 'NONE', *, *, #3114, .F. ) ;
#2150 = PLANE ( 'NONE',  #1155 ) ;
#2151 = EDGE_CURVE ( 'NONE', #988, #1209, #938, .T. ) ;
#2152 = EDGE_CURVE ( 'NONE', #2234, #2962, #1895, .T. ) ;
#2153 = EDGE_CURVE ( 'NONE', #607, #1650, #213, .T. ) ;
#2154 = CONICAL_SURFACE ( 'NONE', #3075, 1.700000000000000400, 1.029744258676652535 ) ;
#2155 = DIRECTION ( 'NONE',  ( 0.000000000000000000, 0.000000000000000000, 1.000000000000000000 ) ) ;
#2156 = CARTESIAN_POINT ( 'NONE',  ( 0.000000000000000000, 13.49999999999999822, 2.017049592633157337E-15 ) ) ;
#2157 = VECTOR ( 'NONE', #1897, 1000.000000000000000 ) ;
#2158 = VECTOR ( 'NONE', #697, 1000.000000000000000 ) ;
#2159 = AXIS2_PLACEMENT_3D ( 'NONE', #2689, #3104, #902 ) ;
#2160 = FACE_OUTER_BOUND ( 'NONE', #1241, .T. ) ;
#2161 = ORIENTED_EDGE ( 'NONE', *, *, #2772, .T. ) ;
#2162 = VECTOR ( 'NONE', #694, 1000.000000000000114 ) ;
#2163 = CARTESIAN_POINT ( 'NONE',  ( 67.71393537881118618, -3.573304400956208182E-15, -36.79114030750455555 ) ) ;
#2164 = ORIENTED_EDGE ( 'NONE', *, *, #2315, .T. ) ;
#2165 = VECTOR ( 'NONE', #1436, 1000.000000000000000 ) ;
#2166 = DIRECTION ( 'NONE',  ( 0.000000000000000000, 0.6715429342378191890, -0.7409656452732878984 ) ) ;
#2167 = ORIENTED_EDGE ( 'NONE', *, *, #1634, .F. ) ;
#2168 =( NAMED_UNIT ( * ) PLANE_ANGLE_UNIT ( ) SI_UNIT ( $, .RADIAN. ) );
#2169 = LINE ( 'NONE', #1521, #2101 ) ;
#2170 = EDGE_CURVE ( 'NONE', #235, #22, #3167, .T. ) ;
#2171 = VERTEX_POINT ( 'NONE', #177 ) ;
#2172 = DIRECTION ( 'NONE',  ( -0.9063077870366490485, 0.000000000000000000, 0.4226182617407012732 ) ) ;
#2173 = CARTESIAN_POINT ( 'NONE',  ( 71.27128848369152081, 5.000000000000000000, -12.12572055669462401 ) ) ;
#2174 = CARTESIAN_POINT ( 'NONE',  ( 6.000000000000000000, 4.000000000000000000, 0.000000000000000000 ) ) ;
#2175 = CARTESIAN_POINT ( 'NONE',  ( 69.58081543672871305, 5.000000000000000000, -15.75095170484121887 ) ) ;
#2176 = CARTESIAN_POINT ( 'NONE',  ( -1.997695937189056581, 43.00000000000000000, -4.284072762375749299 ) ) ;
#2177 = ORIENTED_EDGE ( 'NONE', *, *, #2725, .T. ) ;
#2178 = DIRECTION ( 'NONE',  ( 0.9063077870366489375, -0.000000000000000000, -0.4226182617407016062 ) ) ;
#2179 = EDGE_LOOP ( 'NONE', ( #2262, #2800, #671, #233 ) ) ;
#2180 = CARTESIAN_POINT ( 'NONE',  ( 72.02784646172766259, 21.99999999999999289, -16.89202101154111446 ) ) ;
#2181 = ORIENTED_EDGE ( 'NONE', *, *, #2360, .F. ) ;
#2182 = LINE ( 'NONE', #3151, #1562 ) ;
#2183 = LINE ( 'NONE', #216, #670 ) ;
#2184 = CARTESIAN_POINT ( 'NONE',  ( 68.85576920709937099, 5.500000000000000000, -15.41285709544865234 ) ) ;
#2185 = CARTESIAN_POINT ( 'NONE',  ( 4.500000000000000888, 38.99999999999999289, -96.87214790208498982 ) ) ;
#2186 = ORIENTED_EDGE ( 'NONE', *, *, #2448, .T. ) ;
#2187 = CARTESIAN_POINT ( 'NONE',  ( 68.85576920709937099, 13.49999999999999822, -15.41285709544865057 ) ) ;
#2188 = EDGE_CURVE ( 'NONE', #1529, #11, #1673, .T. ) ;
#2189 = VECTOR ( 'NONE', #827, 1000.000000000000000 ) ;
#2190 = LINE ( 'NONE', #2707, #3087 ) ;
#2191 = ORIENTED_EDGE ( 'NONE', *, *, #1313, .T. ) ;
#2192 = CARTESIAN_POINT ( 'NONE',  ( 48.20341971756142385, -24.46194077712564763, -90.46258408152711183 ) ) ;
#2193 = DIRECTION ( 'NONE',  ( 0.4226182617407004960, 0.000000000000000000, 0.9063077870366494926 ) ) ;
#2194 = EDGE_CURVE ( 'NONE', #2738, #1365, #961, .T. ) ;
#2195 = EDGE_CURVE ( 'NONE', #2795, #322, #2122, .T. ) ;
#2196 = DIRECTION ( 'NONE',  ( 1.000000000000000000, 0.000000000000000000, 0.000000000000000000 ) ) ;
#2197 = EDGE_LOOP ( 'NONE', ( #2973, #1787, #2269, #386, #1713, #1315, #242, #2604, #1166, #2316, #1507, #914 ) ) ;
#2198 = AXIS2_PLACEMENT_3D ( 'NONE', #3105, #2415, #710 ) ;
#2199 = DIRECTION ( 'NONE',  ( -0.9063077870366484934, 0.000000000000000000, 0.4226182617407026609 ) ) ;
#2200 = AXIS2_PLACEMENT_3D ( 'NONE', #458, #3170, #3180 ) ;
#2201 = VECTOR ( 'NONE', #2815, 1000.000000000000000 ) ;
#2202 = CIRCLE ( 'NONE', #468, 10.00000000000000355 ) ;
#2203 = VECTOR ( 'NONE', #1665, 1000.000000000000114 ) ;
#2204 = EDGE_CURVE ( 'NONE', #1574, #421, #1156, .T. ) ;
#2205 = DIRECTION ( 'NONE',  ( -0.000000000000000000, -0.000000000000000000, 1.000000000000000000 ) ) ;
#2206 = EDGE_LOOP ( 'NONE', ( #1802, #2215, #732, #585 ) ) ;
#2207 = EDGE_CURVE ( 'NONE', #2542, #1619, #2913, .T. ) ;
#2208 = UNCERTAINTY_MEASURE_WITH_UNIT (LENGTH_MEASURE( 1.000000000000000082E-05 ), #626, 'distance_accuracy_value', 'NONE');
#2209 = DIRECTION ( 'NONE',  ( 0.000000000000000000, -1.000000000000000000, 0.000000000000000000 ) ) ;
#2210 = CARTESIAN_POINT ( 'NONE',  ( 76.89039676331871931, 7.500000000000000000, -14.74595377948695685 ) ) ;
#2211 = FACE_OUTER_BOUND ( 'NONE', #2364, .T. ) ;
#2212 = VERTEX_POINT ( 'NONE', #2173 ) ;
#2213 = ORIENTED_EDGE ( 'NONE', *, *, #2000, .T. ) ;
#2214 = CARTESIAN_POINT ( 'NONE',  ( 6.000000000000000000, 4.000000000000000000, 0.000000000000000000 ) ) ;
#2215 = ORIENTED_EDGE ( 'NONE', *, *, #3097, .T. ) ;
#2216 = CARTESIAN_POINT ( 'NONE',  ( 76.89039676331871931, 40.99999999999999289, -14.74595377948695685 ) ) ;
#2217 = DIRECTION ( 'NONE',  ( 2.102695122396130163E-16, 1.000000000000000000, -0.000000000000000000 ) ) ;
#2218 = ORIENTED_EDGE ( 'NONE', *, *, #916, .T. ) ;
#2219 = DIRECTION ( 'NONE',  ( -0.000000000000000000, 1.000000000000000000, -0.000000000000000000 ) ) ;
#2220 = EDGE_CURVE ( 'NONE', #493, #281, #1400, .T. ) ;
#2221 = CIRCLE ( 'NONE', #1414, 1.700000000000000400 ) ;
#2222 = PRODUCT_DEFINITION_CONTEXT ( 'detailed design', #1343, 'design' ) ;
#2223 = DIRECTION ( 'NONE',  ( -0.4226182617407015507, -0.000000000000000000, -0.9063077870366490485 ) ) ;
#2224 = DIRECTION ( 'NONE',  ( -0.9063077870366484934, 1.734723475976811236E-15, 0.4226182617407026609 ) ) ;
#2225 = AXIS2_PLACEMENT_3D ( 'NONE', #1633, #638, #689 ) ;
#2226 = AXIS2_PLACEMENT_3D ( 'NONE', #2426, #229, #3134 ) ;
#2227 = DIRECTION ( 'NONE',  ( 1.000000000000000000, 0.000000000000000000, 0.000000000000000000 ) ) ;
#2228 = EDGE_LOOP ( 'NONE', ( #1866, #4, #3171, #601 ) ) ;
#2229 = ORIENTED_EDGE ( 'NONE', *, *, #1469, .F. ) ;
#2230 = DIRECTION ( 'NONE',  ( -0.4226182617407001629, -1.381902367867470391E-16, -0.9063077870366497146 ) ) ;
#2231 = EDGE_LOOP ( 'NONE', ( #370, #1694 ) ) ;
#2232 = LINE ( 'NONE', #24, #1388 ) ;
#2233 = LINE ( 'NONE', #1964, #1392 ) ;
#2234 = VERTEX_POINT ( 'NONE', #2380 ) ;
#2235 = VECTOR ( 'NONE', #1675, 1000.000000000000000 ) ;
#2236 = ADVANCED_FACE ( 'NONE', ( #1448 ), #3154, .F. ) ;
#2237 = EDGE_CURVE ( 'NONE', #887, #2321, #919, .T. ) ;
#2238 = FACE_OUTER_BOUND ( 'NONE', #2317, .T. ) ;
#2239 = DIRECTION ( 'NONE',  ( 0.2988362387301227718, 0.7071067811865432429, 0.6408563820557918733 ) ) ;
#2240 = EDGE_CURVE ( 'NONE', #1541, #2339, #2365, .T. ) ;
#2241 = PLANE ( 'NONE',  #1182 ) ;
#2242 = CARTESIAN_POINT ( 'NONE',  ( 62.32840090717710524, 37.99999999999999289, -5.748827755821739771 ) ) ;
#2243 = PRODUCT_CONTEXT ( 'NONE', #1546, 'mechanical' ) ;
#2244 = ORIENTED_EDGE ( 'NONE', *, *, #1740, .T. ) ;
#2245 = ORIENTED_EDGE ( 'NONE', *, *, #398, .F. ) ;
#2246 = CARTESIAN_POINT ( 'NONE',  ( 20.00000000000000000, 4.000000000000000000, -15.00000000000000000 ) ) ;
#2247 = ORIENTED_EDGE ( 'NONE', *, *, #1976, .F. ) ;
#2248 = CARTESIAN_POINT ( 'NONE',  ( 40.95251227750345890, 4.999999999999998224, -8.997940357453371618 ) ) ;
#2249 = AXIS2_PLACEMENT_3D ( 'NONE', #2603, #2079, #1841 ) ;
#2250 = EDGE_CURVE ( 'NONE', #1855, #3159, #95, .T. ) ;
#2251 = PLANE ( 'NONE',  #2752 ) ;
#2252 = AXIS2_PLACEMENT_3D ( 'NONE', #273, #1263, #60 ) ;
#2253 = CIRCLE ( 'NONE', #2198, 1.700000000000005729 ) ;
#2254 = VERTEX_POINT ( 'NONE', #455 ) ;
#2255 = CIRCLE ( 'NONE', #2884, 1.699999999999993072 ) ;
#2256 = VECTOR ( 'NONE', #990, 1000.000000000000000 ) ;
#2257 = VECTOR ( 'NONE', #743, 1000.000000000000000 ) ;
#2258 = LINE ( 'NONE', #1615, #3026 ) ;
#2259 = CARTESIAN_POINT ( 'NONE',  ( 8.888047931662542922, 0.000000000000000000, 19.06048029927087484 ) ) ;
#2260 = EDGE_CURVE ( 'NONE', #529, #1911, #2428, .T. ) ;
#2261 = CARTESIAN_POINT ( 'NONE',  ( 74.24317025118345725, 0.000000000000000000, -34.62015885383232217 ) ) ;
#2262 = ORIENTED_EDGE ( 'NONE', *, *, #1962, .F. ) ;
#2263 = DIRECTION ( 'NONE',  ( -0.9063077870366494926, 2.775557561562888270E-17, 0.4226182617407003850 ) ) ;
#2264 = DIRECTION ( 'NONE',  ( 1.000000000000000000, 0.000000000000000000, -3.154042683594196600E-16 ) ) ;
#2265 = DIRECTION ( 'NONE',  ( -0.9063077870366491595, -1.048128929755375741E-15, 0.4226182617407011066 ) ) ;
#2266 = ORIENTED_EDGE ( 'NONE', *, *, #1597, .T. ) ;
#2267 = VERTEX_POINT ( 'NONE', #1430 ) ;
#2268 = CARTESIAN_POINT ( 'NONE',  ( 71.98338197571490582, 2.000000000000000000, -30.00148411685109551 ) ) ;
#2269 = ORIENTED_EDGE ( 'NONE', *, *, #1401, .F. ) ;
#2270 = LINE ( 'NONE', #1043, #563 ) ;
#2271 = DIRECTION ( 'NONE',  ( -0.9063077870366500477, 0.000000000000000000, 0.4226182617406992748 ) ) ;
#2272 = EDGE_LOOP ( 'NONE', ( #997, #1939, #1975, #1808 ) ) ;
#2273 = DIRECTION ( 'NONE',  ( 0.000000000000000000, -1.000000000000000000, -1.264902534566421675E-16 ) ) ;
#2274 = CARTESIAN_POINT ( 'NONE',  ( 40.52082333788828095, 38.00000000000000000, -9.923700275965552819 ) ) ;
#2275 = CARTESIAN_POINT ( 'NONE',  ( 0.000000000000000000, 43.00000000000000000, 0.000000000000000000 ) ) ;
#2276 = ORIENTED_EDGE ( 'NONE', *, *, #550, .F. ) ;
#2277 = DIRECTION ( 'NONE',  ( -0.9063077870366490485, 0.000000000000000000, 0.4226182617407012732 ) ) ;
#2278 = LINE ( 'NONE', #86, #2722 ) ;
#2279 = PLANE ( 'NONE',  #1872 ) ;
#2280 = VECTOR ( 'NONE', #1087, 1000.000000000000114 ) ;
#2281 = ORIENTED_EDGE ( 'NONE', *, *, #1148, .T. ) ;
#2282 = VERTEX_POINT ( 'NONE', #2414 ) ;
#2283 = FACE_OUTER_BOUND ( 'NONE', #1361, .T. ) ;
#2284 = ORIENTED_EDGE ( 'NONE', *, *, #984, .T. ) ;
#2285 = CARTESIAN_POINT ( 'NONE',  ( 61.90578264543638909, 37.99999999999999289, -6.655135542858397812 ) ) ;
#2286 = EDGE_CURVE ( 'NONE', #2027, #2584, #1201, .T. ) ;
#2287 = LINE ( 'NONE', #2991, #1254 ) ;
#2288 = EDGE_CURVE ( 'NONE', #1595, #1613, #2623, .T. ) ;
#2289 = AXIS2_PLACEMENT_3D ( 'NONE', #271, #772, #2945 ) ;
#2290 = PLANE ( 'NONE',  #934 ) ;
#2291 = PLANE ( 'NONE',  #1845 ) ;
#2292 = DIRECTION ( 'NONE',  ( -0.9063077870366494926, 0.000000000000000000, 0.4226182617407004405 ) ) ;
#2293 = ORIENTED_EDGE ( 'NONE', *, *, #2922, .F. ) ;
#2294 = DIRECTION ( 'NONE',  ( -0.000000000000000000, -0.000000000000000000, 1.000000000000000000 ) ) ;
#2295 = CARTESIAN_POINT ( 'NONE',  ( 6.000000000000000000, 4.000000000000000000, -15.00000000000000000 ) ) ;
#2296 = DIRECTION ( 'NONE',  ( 0.000000000000000000, 1.000000000000000000, 0.000000000000000000 ) ) ;
#2297 = ORIENTED_EDGE ( 'NONE', *, *, #3009, .T. ) ;
#2298 = EDGE_LOOP ( 'NONE', ( #414, #466, #3001, #2876 ) ) ;
#2299 = CARTESIAN_POINT ( 'NONE',  ( 71.34921695136951314, 37.99999999999999289, -10.06564115193242159 ) ) ;
#2300 = ORIENTED_EDGE ( 'NONE', *, *, #1636, .T. ) ;
#2301 = CARTESIAN_POINT ( 'NONE',  ( 67.62777523501924293, 21.49999999999998934, -48.80691924790092884 ) ) ;
#2302 = EDGE_CURVE ( 'NONE', #2795, #1619, #719, .T. ) ;
#2303 = ADVANCED_FACE ( 'NONE', ( #279 ), #1238, .T. ) ;
#2304 = ORIENTED_EDGE ( 'NONE', *, *, #2237, .F. ) ;
#2305 = CARTESIAN_POINT ( 'NONE',  ( 18.49999999999999645, 4.000000000000000000, -15.00000000000000000 ) ) ;
#2306 = CARTESIAN_POINT ( 'NONE',  ( 36.86700879122247443, 5.000000000000000000, -13.73678816618960674 ) ) ;
#2307 = VECTOR ( 'NONE', #2844, 1000.000000000000000 ) ;
#2308 = CIRCLE ( 'NONE', #3175, 1.500000000000004885 ) ;
#2309 = ORIENTED_EDGE ( 'NONE', *, *, #2250, .F. ) ;
#2310 = LINE ( 'NONE', #1496, #1247 ) ;
#2311 = VECTOR ( 'NONE', #600, 1000.000000000000000 ) ;
#2312 = VECTOR ( 'NONE', #1696, 1000.000000000000000 ) ;
#2313 = CARTESIAN_POINT ( 'NONE',  ( 35.68880866807483443, 34.99999999999999289, -13.18738442592669990 ) ) ;
#2314 = LINE ( 'NONE', #2574, #2280 ) ;
#2315 = EDGE_CURVE ( 'NONE', #284, #1124, #1256, .T. ) ;
#2316 = ORIENTED_EDGE ( 'NONE', *, *, #1346, .F. ) ;
#2317 = EDGE_LOOP ( 'NONE', ( #1333, #37, #2970, #1783 ) ) ;
#2318 = PLANE ( 'NONE',  #3085 ) ;
#2319 = ORIENTED_EDGE ( 'NONE', *, *, #3164, .F. ) ;
#2320 = DIRECTION ( 'NONE',  ( 0.4226182617407008291, 0.000000000000000000, 0.9063077870366493816 ) ) ;
#2321 = VERTEX_POINT ( 'NONE', #498 ) ;
#2322 = DIRECTION ( 'NONE',  ( -0.4226182617407014952, -0.000000000000000000, -0.9063077870366489375 ) ) ;
#2323 = CARTESIAN_POINT ( 'NONE',  ( 70.49493215679900970, -4.145707103602409646E-15, -42.65828138695734140 ) ) ;
#2324 = EDGE_LOOP ( 'NONE', ( #2692, #1979, #527, #2164, #1654, #1524, #657, #1566 ) ) ;
#2325 = DIRECTION ( 'NONE',  ( 0.4226182617407009956, -0.000000000000000000, 0.9063077870366492705 ) ) ;
#2326 = DIRECTION ( 'NONE',  ( -0.9063077870366489375, 0.000000000000000000, 0.4226182617407014952 ) ) ;
#2327 = DIRECTION ( 'NONE',  ( -0.4226182617407014397, -0.000000000000000000, -0.9063077870366492705 ) ) ;
#2328 = CARTESIAN_POINT ( 'NONE',  ( 45.21505733026022966, 74.53300858899113734, -96.87114790208497084 ) ) ;
#2329 = EDGE_LOOP ( 'NONE', ( #1739, #1227, #2121, #501 ) ) ;
#2330 = ORIENTED_EDGE ( 'NONE', *, *, #158, .T. ) ;
#2331 = FACE_BOUND ( 'NONE', #956, .T. ) ;
#2332 = EDGE_LOOP ( 'NONE', ( #59, #745, #1154, #892, #2036, #834, #2502, #935 ) ) ;
#2333 = DIRECTION ( 'NONE',  ( 0.4226182617406992748, -6.195440985631432638E-16, 0.9063077870366500477 ) ) ;
#2334 = CARTESIAN_POINT ( 'NONE',  ( 71.09588362605943246, 40.99999999999999289, -31.90473046962806336 ) ) ;
#2335 =( GEOMETRIC_REPRESENTATION_CONTEXT ( 3 ) GLOBAL_UNCERTAINTY_ASSIGNED_CONTEXT ( ( #250 ) ) GLOBAL_UNIT_ASSIGNED_CONTEXT ( ( #703, #2168, #1909 ) ) REPRESENTATION_CONTEXT ( 'NONE', 'WORKASPACE' ) );
#2336 = VERTEX_POINT ( 'NONE', #2499 ) ;
#2337 = DIRECTION ( 'NONE',  ( -0.4226182617407011066, 0.000000000000000000, -0.9063077870366491595 ) ) ;
#2338 = CARTESIAN_POINT ( 'NONE',  ( 40.52082333788827384, 5.000000000000000000, -9.923700275965549267 ) ) ;
#2339 = VERTEX_POINT ( 'NONE', #2966 ) ;
#2340 = FACE_OUTER_BOUND ( 'NONE', #160, .T. ) ;
#2341 = DIRECTION ( 'NONE',  ( -0.9063077870366482713, 0.000000000000000000, 0.4226182617407031605 ) ) ;
#2342 = CARTESIAN_POINT ( 'NONE',  ( 70.54624225406217874, 40.99999999999999289, -11.78762594730205571 ) ) ;
#2343 = FACE_OUTER_BOUND ( 'NONE', #754, .T. ) ;
#2344 = VECTOR ( 'NONE', #3028, 1000.000000000000227 ) ;
#2345 = EDGE_LOOP ( 'NONE', ( #2035, #922, #197, #1092 ) ) ;
#2346 = AXIS2_PLACEMENT_3D ( 'NONE', #317, #1745, #2032 ) ;
#2347 = EDGE_CURVE ( 'NONE', #1089, #235, #238, .T. ) ;
#2348 = DIRECTION ( 'NONE',  ( -0.9063077870366486044, 0.000000000000000000, 0.4226182617407023279 ) ) ;
#2349 = ORIENTED_EDGE ( 'NONE', *, *, #642, .T. ) ;
#2350 = CARTESIAN_POINT ( 'NONE',  ( 70.66838478117264799, 23.50000000000000000, -16.25809361893004734 ) ) ;
#2351 = ORIENTED_EDGE ( 'NONE', *, *, #807, .F. ) ;
#2352 = DIRECTION ( 'NONE',  ( -0.4226182617407013842, 0.000000000000000000, -0.9063077870366491595 ) ) ;
#2353 = CARTESIAN_POINT ( 'NONE',  ( 68.85576920709937099, 40.99999999999999289, -15.41285709544865234 ) ) ;
#2354 = ADVANCED_FACE ( 'NONE', ( #252 ), #2241, .T. ) ;
#2355 = ORIENTED_EDGE ( 'NONE', *, *, #2049, .T. ) ;
#2356 = SURFACE_STYLE_USAGE ( .BOTH. , #1375 ) ;
#2357 = PLANE ( 'NONE',  #1178 ) ;
#2358 = VERTEX_POINT ( 'NONE', #2699 ) ;
#2359 = CARTESIAN_POINT ( 'NONE',  ( 13.34357214459343233, 9.500000000000003553, -2.067405927265924870 ) ) ;
#2360 = EDGE_CURVE ( 'NONE', #1220, #1580, #796, .T. ) ;
#2361 = VECTOR ( 'NONE', #54, 1000.000000000000000 ) ;
#2362 = AXIS2_PLACEMENT_3D ( 'NONE', #2295, #1363, #1811 ) ;
#2363 = VECTOR ( 'NONE', #325, 1000.000000000000000 ) ;
#2364 = EDGE_LOOP ( 'NONE', ( #1892, #2390, #806, #1199 ) ) ;
#2365 = LINE ( 'NONE', #435, #2162 ) ;
#2366 = AXIS2_PLACEMENT_3D ( 'NONE', #1457, #3162, #236 ) ;
#2367 = DIRECTION ( 'NONE',  ( 0.9063077870366489375, 0.000000000000000000, -0.4226182617407016062 ) ) ;
#2368 = LINE ( 'NONE', #904, #136 ) ;
#2369 = VERTEX_POINT ( 'NONE', #2481 ) ;
#2370 = LINE ( 'NONE', #1599, #2046 ) ;
#2371 = ORIENTED_EDGE ( 'NONE', *, *, #1397, .F. ) ;
#2372 = FACE_OUTER_BOUND ( 'NONE', #383, .T. ) ;
#2373 = ADVANCED_FACE ( 'NONE', ( #1021 ), #1036, .F. ) ;
#2374 = VERTEX_POINT ( 'NONE', #1004 ) ;
#2375 = CARTESIAN_POINT ( 'NONE',  ( 75.19992371635591155, 2.000000000000000000, -18.37118492763355704 ) ) ;
#2376 = LINE ( 'NONE', #3117, #465 ) ;
#2377 = ORIENTED_EDGE ( 'NONE', *, *, #410, .F. ) ;
#2378 = DIRECTION ( 'NONE',  ( 0.9063077870366494926, -0.000000000000000000, -0.4226182617407004405 ) ) ;
#2379 = ORIENTED_EDGE ( 'NONE', *, *, #2360, .T. ) ;
#2380 = CARTESIAN_POINT ( 'NONE',  ( 62.28613908100303576, 37.99999999999999289, -5.839458534525405753 ) ) ;
#2381 = FACE_OUTER_BOUND ( 'NONE', #1084, .T. ) ;
#2382 = CARTESIAN_POINT ( 'NONE',  ( 0.000000000000000000, 43.00000000000000000, 0.000000000000000000 ) ) ;
#2383 = EDGE_LOOP ( 'NONE', ( #74, #405, #713, #173, #1814, #2616 ) ) ;
#2384 = DIRECTION ( 'NONE',  ( -0.4226182617407013287, -0.000000000000000000, -0.9063077870366490485 ) ) ;
#2385 = ORIENTED_EDGE ( 'NONE', *, *, #1458, .F. ) ;
#2386 = ADVANCED_FACE ( 'NONE', ( #1998 ), #2450, .F. ) ;
#2387 = CARTESIAN_POINT ( 'NONE',  ( 6.000000000000000000, 4.000000000000000000, -96.87214790208498982 ) ) ;
#2388 = ADVANCED_FACE ( 'NONE', ( #16 ), #976, .F. ) ;
#2389 = VECTOR ( 'NONE', #486, 1000.000000000000000 ) ;
#2390 = ORIENTED_EDGE ( 'NONE', *, *, #8, .F. ) ;
#2391 = LINE ( 'NONE', #188, #955 ) ;
#2392 = EDGE_CURVE ( 'NONE', #2788, #2369, #1759, .T. ) ;
#2393 = LINE ( 'NONE', #189, #2670 ) ;
#2394 = ORIENTED_EDGE ( 'NONE', *, *, #2152, .T. ) ;
#2395 = AXIS2_PLACEMENT_3D ( 'NONE', #1912, #2901, #1928 ) ;
#2396 = CARTESIAN_POINT ( 'NONE',  ( 48.20341971756141675, -38.60407640085661285, -90.46258408152711183 ) ) ;
#2397 = AXIS2_PLACEMENT_3D ( 'NONE', #1202, #2451, #499 ) ;
#2398 = DIRECTION ( 'NONE',  ( -0.9063077870366494926, -2.775557561562899979E-17, 0.4226182617407003295 ) ) ;
#2399 = CARTESIAN_POINT ( 'NONE',  ( 6.000000000000000000, 38.99999999999999289, 0.000000000000000000 ) ) ;
#2400 = CARTESIAN_POINT ( 'NONE',  ( 70.48712322376535155, 36.99999999999999289, -16.17356996658192259 ) ) ;
#2401 = AXIS2_PLACEMENT_3D ( 'NONE', #29, #2518, #2728 ) ;
#2402 = ORIENTED_EDGE ( 'NONE', *, *, #1810, .T. ) ;
#2403 = FACE_OUTER_BOUND ( 'NONE', #2971, .T. ) ;
#2404 = VERTEX_POINT ( 'NONE', #2192 ) ;
#2405 = EDGE_CURVE ( 'NONE', #2115, #2648, #1223, .T. ) ;
#2406 = DIRECTION ( 'NONE',  ( -0.2988362387301211620, -0.7071067811865462405, -0.6408563820557895419 ) ) ;
#2407 = EDGE_CURVE ( 'NONE', #1466, #516, #1776, .T. ) ;
#2408 = ORIENTED_EDGE ( 'NONE', *, *, #1250, .T. ) ;
#2409 = CARTESIAN_POINT ( 'NONE',  ( 70.49493215679899549, 43.00000000000000000, -42.65828138695734850 ) ) ;
#2410 = CARTESIAN_POINT ( 'NONE',  ( 75.19992371635592576, 40.99999999999999289, -18.37118492763356414 ) ) ;
#2411 = ORIENTED_EDGE ( 'NONE', *, *, #3053, .T. ) ;
#2412 = DIRECTION ( 'NONE',  ( 0.9063077870366490485, 0.000000000000000000, -0.4226182617407012732 ) ) ;
#2413 = VECTOR ( 'NONE', #1548, 1000.000000000000000 ) ;
#2414 = CARTESIAN_POINT ( 'NONE',  ( 61.65105046041685455, 7.357864376269064977, -61.62404688901663974 ) ) ;
#2415 = DIRECTION ( 'NONE',  ( -0.4226182617407015507, -0.000000000000000000, -0.9063077870366490485 ) ) ;
#2416 = VECTOR ( 'NONE', #1626, 1000.000000000000000 ) ;
#2417 = AXIS2_PLACEMENT_3D ( 'NONE', #166, #406, #1371 ) ;
#2418 = DIRECTION ( 'NONE',  ( 0.000000000000000000, 1.000000000000000000, -0.000000000000000000 ) ) ;
#2419 = DIRECTION ( 'NONE',  ( -0.4226182617407015507, -0.000000000000000000, -0.9063077870366490485 ) ) ;
#2420 = ORIENTED_EDGE ( 'NONE', *, *, #3095, .T. ) ;
#2421 = CARTESIAN_POINT ( 'NONE',  ( 40.33760954722257708, 40.99999999999999289, -3.217998768523487652 ) ) ;
#2422 = EDGE_LOOP ( 'NONE', ( #1834, #1370, #2453, #302, #2663, #395 ) ) ;
#2423 = DIRECTION ( 'NONE',  ( 1.000000000000000000, 0.000000000000000000, 0.000000000000000000 ) ) ;
#2424 = DIRECTION ( 'NONE',  ( -0.4226182617407010511, 0.000000000000000000, -0.9063077870366491595 ) ) ;
#2425 = EDGE_LOOP ( 'NONE', ( #2432, #2351, #1251, #794 ) ) ;
#2426 = CARTESIAN_POINT ( 'NONE',  ( 72.02784646172766259, 21.99999999999999289, -16.89202101154111446 ) ) ;
#2427 = VECTOR ( 'NONE', #1584, 1000.000000000000114 ) ;
#2428 = LINE ( 'NONE', #230, #212 ) ;
#2429 = DIRECTION ( 'NONE',  ( -0.000000000000000000, 1.000000000000000000, -1.260655995395723336E-16 ) ) ;
#2430 = CARTESIAN_POINT ( 'NONE',  ( 0.000000000000000000, 43.00000000000000000, -14.99999999999999289 ) ) ;
#2431 = CYLINDRICAL_SURFACE ( 'NONE', #817, 9.999999999999994671 ) ;
#2432 = ORIENTED_EDGE ( 'NONE', *, *, #2475, .F. ) ;
#2433 = CARTESIAN_POINT ( 'NONE',  ( 70.54624225406217874, 35.50000000000000000, -11.78762594730206281 ) ) ;
#2434 = VERTEX_POINT ( 'NONE', #1746 ) ;
#2435 = FACE_OUTER_BOUND ( 'NONE', #1260, .T. ) ;
#2436 = ORIENTED_EDGE ( 'NONE', *, *, #162, .F. ) ;
#2437 = ADVANCED_FACE ( 'NONE', ( #1467 ), #524, .T. ) ;
#2438 = EDGE_CURVE ( 'NONE', #1286, #1205, #2308, .T. ) ;
#2439 = CARTESIAN_POINT ( 'NONE',  ( 39.94845526714707518, 38.00000000000000000, -15.17369025610798694 ) ) ;
#2440 = CARTESIAN_POINT ( 'NONE',  ( 46.66024316967939001, 74.53300858899112313, -81.94092895226567919 ) ) ;
#2441 = EDGE_CURVE ( 'NONE', #2339, #335, #360, .T. ) ;
#2442 = LINE ( 'NONE', #2176, #1792 ) ;
#2443 = EDGE_CURVE ( 'NONE', #3130, #866, #2465, .T. ) ;
#2444 = ORIENTED_EDGE ( 'NONE', *, *, #496, .F. ) ;
#2445 = CARTESIAN_POINT ( 'NONE',  ( 21.50000000000000355, 38.99999999999999289, -96.87214790208498982 ) ) ;
#2446 = DIRECTION ( 'NONE',  ( 0.9063077870366493816, -3.925231146709444080E-17, -0.4226182617407004960 ) ) ;
#2447 = ORIENTED_EDGE ( 'NONE', *, *, #1114, .T. ) ;
#2448 = EDGE_CURVE ( 'NONE', #2080, #2639, #609, .T. ) ;
#2449 = EDGE_CURVE ( 'NONE', #235, #773, #1269, .T. ) ;
#2450 = PLANE ( 'NONE',  #972 ) ;
#2451 = DIRECTION ( 'NONE',  ( -0.4226182617407011621, 0.000000000000000000, -0.9063077870366491595 ) ) ;
#2452 = CARTESIAN_POINT ( 'NONE',  ( 38.40773202918477836, 38.00000000000000000, -14.45523921114880039 ) ) ;
#2453 = ORIENTED_EDGE ( 'NONE', *, *, #3049, .T. ) ;
#2454 = ORIENTED_EDGE ( 'NONE', *, *, #1346, .T. ) ;
#2455 = AXIS2_PLACEMENT_3D ( 'NONE', #890, #2610, #1691 ) ;
#2456 = CARTESIAN_POINT ( 'NONE',  ( 50.00000000000000000, 43.00000000000000000, 0.000000000000000000 ) ) ;
#2457 = AXIS2_PLACEMENT_3D ( 'NONE', #1193, #487, #268 ) ;
#2458 = AXIS2_PLACEMENT_3D ( 'NONE', #1497, #1957, #734 ) ;
#2459 = VECTOR ( 'NONE', #1642, 1000.000000000000000 ) ;
#2460 = ADVANCED_BREP_SHAPE_REPRESENTATION ( 'Geh\X2\00e4\X0\use_Guition_Sockel', ( #491, #153 ), #306 ) ;
#2461 = AXIS2_PLACEMENT_3D ( 'NONE', #2387, #954, #943 ) ;
#2462 = CARTESIAN_POINT ( 'NONE',  ( 70.54624225406217874, 40.99999999999999289, -11.78762594730205571 ) ) ;
#2463 = EDGE_CURVE ( 'NONE', #1886, #598, #249, .T. ) ;
#2464 = EDGE_LOOP ( 'NONE', ( #3021, #784, #611, #135 ) ) ;
#2465 = LINE ( 'NONE', #2538, #1590 ) ;
#2466 = LINE ( 'NONE', #2690, #2389 ) ;
#2467 = DIRECTION ( 'NONE',  ( 0.000000000000000000, -1.000000000000000000, 0.000000000000000000 ) ) ;
#2468 = ORIENTED_EDGE ( 'NONE', *, *, #2688, .T. ) ;
#2469 = ORIENTED_EDGE ( 'NONE', *, *, #2790, .F. ) ;
#2470 = DIRECTION ( 'NONE',  ( -0.4226182617407015507, -0.000000000000000000, -0.9063077870366490485 ) ) ;
#2471 = VERTEX_POINT ( 'NONE', #381 ) ;
#2472 = DIRECTION ( 'NONE',  ( -0.9063077870366500477, 0.000000000000000000, 0.4226182617406991637 ) ) ;
#2473 = EDGE_CURVE ( 'NONE', #1279, #2558, #2278, .T. ) ;
#2474 = CARTESIAN_POINT ( 'NONE',  ( 74.77730545461523093, 40.99999999999999289, -19.27749271467013159 ) ) ;
#2475 = EDGE_CURVE ( 'NONE', #3013, #649, #3067, .T. ) ;
#2476 = ORIENTED_EDGE ( 'NONE', *, *, #676, .T. ) ;
#2477 = EDGE_CURVE ( 'NONE', #1205, #1286, #1793, .T. ) ;
#2478 = EDGE_CURVE ( 'NONE', #607, #2849, #2099, .T. ) ;
#2479 = CARTESIAN_POINT ( 'NONE',  ( 34.84357214459343055, 41.00000000000000000, -12.49999999999999822 ) ) ;
#2480 = CYLINDRICAL_SURFACE ( 'NONE', #2401, 1.999999999999995115 ) ;
#2481 = CARTESIAN_POINT ( 'NONE',  ( 35.68880866807483443, 40.99999999999999289, -13.18738442592669635 ) ) ;
#2482 = DIRECTION ( 'NONE',  ( 0.000000000000000000, -1.000000000000000000, 0.000000000000000000 ) ) ;
#2483 = PRESENTATION_LAYER_ASSIGNMENT (  '', '', ( #3057 ) ) ;
#2484 =( NAMED_UNIT ( * ) PLANE_ANGLE_UNIT ( ) SI_UNIT ( $, .RADIAN. ) );
#2485 = EDGE_LOOP ( 'NONE', ( #257, #2297, #2633, #2598, #688, #2177, #2979, #2636, #942, #1725, #750, #127, #3008, #270, #651, #2773 ) ) ;
#2486 = ORIENTED_EDGE ( 'NONE', *, *, #410, .T. ) ;
#2487 = DIRECTION ( 'NONE',  ( 0.4226182617407012176, 0.000000000000000000, 0.9063077870366492705 ) ) ;
#2488 = ORIENTED_EDGE ( 'NONE', *, *, #494, .T. ) ;
#2489 = DIRECTION ( 'NONE',  ( 0.9063077870366492705, 0.000000000000000000, -0.4226182617407011066 ) ) ;
#2490 = EDGE_CURVE ( 'NONE', #1055, #2171, #368, .T. ) ;
#2491 = DIRECTION ( 'NONE',  ( -0.9063077870366482713, 0.000000000000000000, 0.4226182617407031605 ) ) ;
#2492 = AXIS2_PLACEMENT_3D ( 'NONE', #1044, #3007, #805 ) ;
#2493 = ORIENTED_EDGE ( 'NONE', *, *, #1218, .F. ) ;
#2494 = AXIS2_PLACEMENT_3D ( 'NONE', #15, #2660, #648 ) ;
#2495 = DIRECTION ( 'NONE',  ( 0.9063077870366489375, -0.000000000000000000, -0.4226182617407014952 ) ) ;
#2496 = CARTESIAN_POINT ( 'NONE',  ( 72.02784646172766259, 36.99999999999999289, -16.89202101154111446 ) ) ;
#2497 = ORIENTED_EDGE ( 'NONE', *, *, #2724, .T. ) ;
#2498 = CARTESIAN_POINT ( 'NONE',  ( 72.81201172165381763, 4.999999999999999112, -12.84417160165381588 ) ) ;
#2499 = CARTESIAN_POINT ( 'NONE',  ( 18.00000000000000000, 29.50000000000000000, 0.000000000000000000 ) ) ;
#2500 = DIRECTION ( 'NONE',  ( 0.4226182617407011066, 0.000000000000000000, 0.9063077870366491595 ) ) ;
#2501 = PLANE ( 'NONE',  #3082 ) ;
#2502 = ORIENTED_EDGE ( 'NONE', *, *, #309, .T. ) ;
#2503 = VERTEX_POINT ( 'NONE', #2555 ) ;
#2504 = DIRECTION ( 'NONE',  ( -1.991441599360792004E-16, 0.000000000000000000, -1.000000000000000000 ) ) ;
#2505 = EDGE_LOOP ( 'NONE', ( #2088, #1244, #2468 ) ) ;
#2506 = DIRECTION ( 'NONE',  ( -0.000000000000000000, 1.000000000000000000, -0.000000000000000000 ) ) ;
#2507 = VECTOR ( 'NONE', #1068, 1000.000000000000227 ) ;
#2508 = CARTESIAN_POINT ( 'NONE',  ( 6.000000000000000000, 38.99999999999999289, -96.87214790208498982 ) ) ;
#2509 = VECTOR ( 'NONE', #226, 1000.000000000000114 ) ;
#2510 = EDGE_LOOP ( 'NONE', ( #2066, #1670, #3143, #1941 ) ) ;
#2511 = AXIS2_PLACEMENT_3D ( 'NONE', #1904, #683, #872 ) ;
#2512 = VECTOR ( 'NONE', #2230, 1000.000000000000227 ) ;
#2513 = CIRCLE ( 'NONE', #2366, 9.999999999999994671 ) ;
#2514 = DIRECTION ( 'NONE',  ( -0.000000000000000000, 1.000000000000000000, -0.000000000000000000 ) ) ;
#2515 = FACE_OUTER_BOUND ( 'NONE', #101, .T. ) ;
#2516 = FACE_OUTER_BOUND ( 'NONE', #331, .T. ) ;
#2517 = EDGE_LOOP ( 'NONE', ( #2944, #1768, #1632, #199 ) ) ;
#2518 = DIRECTION ( 'NONE',  ( 0.4226182617407013842, 0.000000000000000000, 0.9063077870366491595 ) ) ;
#2519 = ADVANCED_FACE ( 'NONE', ( #1606 ), #1349, .F. ) ;
#2520 = DIRECTION ( 'NONE',  ( 0.000000000000000000, -1.000000000000000000, 0.000000000000000000 ) ) ;
#2521 = LINE ( 'NONE', #1536, #2954 ) ;
#2522 = ORIENTED_EDGE ( 'NONE', *, *, #1447, .T. ) ;
#2523 = ADVANCED_FACE ( 'NONE', ( #2054 ), #333, .F. ) ;
#2524 = ORIENTED_EDGE ( 'NONE', *, *, #1297, .T. ) ;
#2525 = CARTESIAN_POINT ( 'NONE',  ( 75.19992371635592576, 2.000000000000000000, -18.37118492763356414 ) ) ;
#2526 = ORIENTED_EDGE ( 'NONE', *, *, #1800, .T. ) ;
#2527 = CARTESIAN_POINT ( 'NONE',  ( 18.00000000000000000, 29.50000000000000000, -2.067405927265922205 ) ) ;
#2528 = AXIS2_PLACEMENT_3D ( 'NONE', #2570, #2588, #2067 ) ;
#2529 = DIRECTION ( 'NONE',  ( -0.000000000000000000, -0.000000000000000000, 1.000000000000000000 ) ) ;
#2530 = ORIENTED_EDGE ( 'NONE', *, *, #3124, .F. ) ;
#2531 = LINE ( 'NONE', #1391, #2977 ) ;
#2532 = DIRECTION ( 'NONE',  ( 0.4226182617407016062, 0.000000000000000000, 0.9063077870366489375 ) ) ;
#2533 = LINE ( 'NONE', #2275, #1820 ) ;
#2534 = ORIENTED_EDGE ( 'NONE', *, *, #578, .T. ) ;
#2535 = DIRECTION ( 'NONE',  ( -0.9063077870366494926, 0.000000000000000000, 0.4226182617407006625 ) ) ;
#2536 = EDGE_CURVE ( 'NONE', #1619, #3000, #1121, .T. ) ;
#2537 = EDGE_CURVE ( 'NONE', #2321, #644, #2033, .T. ) ;
#2538 = CARTESIAN_POINT ( 'NONE',  ( 71.09588362605943246, 40.99999999999999289, -31.90473046962806336 ) ) ;
#2539 = FACE_OUTER_BOUND ( 'NONE', #947, .T. ) ;
#2540 = EDGE_CURVE ( 'NONE', #502, #1205, #139, .T. ) ;
#2541 = VECTOR ( 'NONE', #1294, 1000.000000000000000 ) ;
#2542 = VERTEX_POINT ( 'NONE', #2068 ) ;
#2543 = ORIENTED_EDGE ( 'NONE', *, *, #73, .F. ) ;
#2544 = FACE_OUTER_BOUND ( 'NONE', #1563, .T. ) ;
#2545 = ORIENTED_EDGE ( 'NONE', *, *, #53, .F. ) ;
#2546 = DIRECTION ( 'NONE',  ( -0.000000000000000000, -0.000000000000000000, 1.000000000000000000 ) ) ;
#2547 = AXIS2_PLACEMENT_3D ( 'NONE', #367, #1396, #3044 ) ;
#2548 = AXIS2_PLACEMENT_3D ( 'NONE', #2055, #848, #2034 ) ;
#2549 = ORIENTED_EDGE ( 'NONE', *, *, #1472, .F. ) ;
#2550 = LINE ( 'NONE', #1321, #2085 ) ;
#2551 = LINE ( 'NONE', #3012, #180 ) ;
#2552 = EDGE_CURVE ( 'NONE', #322, #1283, #1293, .T. ) ;
#2553 = ORIENTED_EDGE ( 'NONE', *, *, #3166, .T. ) ;
#2554 = DIRECTION ( 'NONE',  ( 0.4226182617407015507, 0.000000000000000000, 0.9063077870366490485 ) ) ;
#2555 = CARTESIAN_POINT ( 'NONE',  ( 72.35885782813546996, 7.500000000000000000, -12.63286247078345603 ) ) ;
#2556 = CARTESIAN_POINT ( 'NONE',  ( 29.34357214459343410, 41.00000000000000000, -12.49999999999999645 ) ) ;
#2557 = ORIENTED_EDGE ( 'NONE', *, *, #3158, .F. ) ;
#2558 = VERTEX_POINT ( 'NONE', #1798 ) ;
#2559 = PLANE ( 'NONE',  #1648 ) ;
#2560 = ORIENTED_EDGE ( 'NONE', *, *, #2864, .F. ) ;
#2561 = PLANE ( 'NONE',  #1272 ) ;
#2562 = CONICAL_SURFACE ( 'NONE', #616, 1.700000000000000400, 1.029744258676654534 ) ;
#2563 = ORIENTED_EDGE ( 'NONE', *, *, #826, .T. ) ;
#2564 = DIRECTION ( 'NONE',  ( 0.000000000000000000, -1.000000000000000000, 0.000000000000000000 ) ) ;
#2565 = AXIS2_PLACEMENT_3D ( 'NONE', #31, #2941, #2224 ) ;
#2566 = DIRECTION ( 'NONE',  ( 0.000000000000000000, 0.000000000000000000, -1.000000000000000000 ) ) ;
#2567 = AXIS2_PLACEMENT_3D ( 'NONE', #2020, #1748, #2326 ) ;
#2568 = AXIS2_PLACEMENT_3D ( 'NONE', #1881, #2869, #2940 ) ;
#2569 = VERTEX_POINT ( 'NONE', #3047 ) ;
#2570 = CARTESIAN_POINT ( 'NONE',  ( 55.67432568581443064, 21.49999999999999289, -74.44117453013241459 ) ) ;
#2571 = AXIS2_PLACEMENT_3D ( 'NONE', #2214, #1722, #528 ) ;
#2572 = VECTOR ( 'NONE', #1464, 1000.000000000000114 ) ;
#2573 = CARTESIAN_POINT ( 'NONE',  ( 72.66226191265330669, 14.09999999999999964, -17.18785379475960085 ) ) ;
#2574 = CARTESIAN_POINT ( 'NONE',  ( 76.89039676331873352, 7.500000000000000000, -14.74595377948696751 ) ) ;
#2575 = VERTEX_POINT ( 'NONE', #886 ) ;
#2576 = ORIENTED_EDGE ( 'NONE', *, *, #2835, .T. ) ;
#2577 = CARTESIAN_POINT ( 'NONE',  ( 6.000000000000000000, 38.99999999999999289, -15.00000000000000000 ) ) ;
#2578 = VERTEX_POINT ( 'NONE', #2573 ) ;
#2579 = CARTESIAN_POINT ( 'NONE',  ( 71.09588362605943246, 2.000000000000001332, -31.90473046962806336 ) ) ;
#2580 = LINE ( 'NONE', #1387, #1222 ) ;
#2581 = AXIS2_PLACEMENT_3D ( 'NONE', #1119, #2814, #1877 ) ;
#2582 = EDGE_CURVE ( 'NONE', #2126, #2234, #579, .T. ) ;
#2583 = EDGE_CURVE ( 'NONE', #246, #529, #122, .T. ) ;
#2584 = VERTEX_POINT ( 'NONE', #847 ) ;
#2585 = DIRECTION ( 'NONE',  ( -0.9063077870366489375, 0.000000000000000000, 0.4226182617407015507 ) ) ;
#2586 = DIRECTION ( 'NONE',  ( 0.9063077870366491595, 0.000000000000000000, -0.4226182617407009401 ) ) ;
#2587 = ORIENTED_EDGE ( 'NONE', *, *, #2153, .T. ) ;
#2588 = DIRECTION ( 'NONE',  ( 0.9063077870366496036, -1.625883976416349408E-17, -0.4226182617407005515 ) ) ;
#2589 = EDGE_CURVE ( 'NONE', #352, #2542, #1829, .T. ) ;
#2590 = CARTESIAN_POINT ( 'NONE',  ( 71.12153867469100987, 14.09999999999999964, -16.46940274980040897 ) ) ;
#2591 = DIRECTION ( 'NONE',  ( 2.102695122396130163E-16, 1.000000000000000000, -0.000000000000000000 ) ) ;
#2592 = VERTEX_POINT ( 'NONE', #1863 ) ;
#2593 = VERTEX_POINT ( 'NONE', #2852 ) ;
#2594 = FACE_BOUND ( 'NONE', #1389, .T. ) ;
#2595 = VERTEX_POINT ( 'NONE', #2606 ) ;
#2596 = DIRECTION ( 'NONE',  ( 1.000000000000000000, 0.000000000000000000, 0.000000000000000000 ) ) ;
#2597 = ADVANCED_FACE ( 'NONE', ( #643 ), #1622, .F. ) ;
#2598 = ORIENTED_EDGE ( 'NONE', *, *, #3158, .T. ) ;
#2599 = DIRECTION ( 'NONE',  ( -0.9063077870366490485, 0.000000000000000000, 0.4226182617407013287 ) ) ;
#2600 = CARTESIAN_POINT ( 'NONE',  ( 29.34357214459343410, 41.00000000000000000, -12.49999999999999645 ) ) ;
#2601 = ORIENTED_EDGE ( 'NONE', *, *, #1800, .F. ) ;
#2602 = CARTESIAN_POINT ( 'NONE',  ( 34.84357214459343055, 2.000000000000000000, -12.49999999999999822 ) ) ;
#2603 = CARTESIAN_POINT ( 'NONE',  ( 69.71163131600020790, 0.000000000000000000, -32.50706754512881957 ) ) ;
#2604 = ORIENTED_EDGE ( 'NONE', *, *, #169, .T. ) ;
#2605 = DIRECTION ( 'NONE',  ( 0.000000000000000000, -1.662792076335610605E-16, -1.000000000000000000 ) ) ;
#2606 = CARTESIAN_POINT ( 'NONE',  ( 54.18014449216383355, -38.60407640085659153, -77.64545644041135120 ) ) ;
#2607 = AXIS2_PLACEMENT_3D ( 'NONE', #604, #102, #2755 ) ;
#2608 = ORIENTED_EDGE ( 'NONE', *, *, #2583, .F. ) ;
#2609 = CARTESIAN_POINT ( 'NONE',  ( 75.19992371635592576, 7.500000000000000000, -18.37118492763356414 ) ) ;
#2610 = DIRECTION ( 'NONE',  ( 0.9063077870366494926, -0.000000000000000000, -0.4226182617407004405 ) ) ;
#2611 = CARTESIAN_POINT ( 'NONE',  ( 29.34357214459343410, 33.50000000000000000, -2.067405927265921761 ) ) ;
#2612 = VERTEX_POINT ( 'NONE', #2615 ) ;
#2613 = DIRECTION ( 'NONE',  ( 0.4226182617407011066, 0.000000000000000000, 0.9063077870366491595 ) ) ;
#2614 = ORIENTED_EDGE ( 'NONE', *, *, #49, .T. ) ;
#2615 = CARTESIAN_POINT ( 'NONE',  ( 13.34357214459343233, 29.50000000000000000, -8.000000000000000000 ) ) ;
#2616 = ORIENTED_EDGE ( 'NONE', *, *, #776, .T. ) ;
#2617 = DIRECTION ( 'NONE',  ( -0.4226182617407015507, -0.000000000000000000, -0.9063077870366490485 ) ) ;
#2618 = DIRECTION ( 'NONE',  ( -0.4226182617407011066, 0.000000000000000000, -0.9063077870366492705 ) ) ;
#2619 = ORIENTED_EDGE ( 'NONE', *, *, #2896, .F. ) ;
#2620 = DIRECTION ( 'NONE',  ( 0.9063077870366489375, -0.000000000000000000, -0.4226182617407016062 ) ) ;
#2621 = AXIS2_PLACEMENT_3D ( 'NONE', #2025, #804, #2767 ) ;
#2622 = VECTOR ( 'NONE', #219, 1000.000000000000114 ) ;
#2623 = CIRCLE ( 'NONE', #2159, 1.699999999999993738 ) ;
#2624 = EDGE_CURVE ( 'NONE', #1014, #682, #2028, .T. ) ;
#2625 = AXIS2_PLACEMENT_3D ( 'NONE', #893, #389, #2647 ) ;
#2626 = ORIENTED_EDGE ( 'NONE', *, *, #1347, .F. ) ;
#2627 = CARTESIAN_POINT ( 'NONE',  ( 64.72557299150996357, -2.928932188134532488, -43.19970412806244298 ) ) ;
#2628 = CARTESIAN_POINT ( 'NONE',  ( 34.84357214459343055, 43.00000000000000000, -15.00000000000000000 ) ) ;
#2629 = DIRECTION ( 'NONE',  ( -0.9063077870366486044, 0.000000000000000000, 0.4226182617407023279 ) ) ;
#2630 = ADVANCED_FACE ( 'NONE', ( #791 ), #1266, .F. ) ;
#2631 = ORIENTED_EDGE ( 'NONE', *, *, #67, .T. ) ;
#2632 = DIRECTION ( 'NONE',  ( 0.000000000000000000, 0.000000000000000000, -1.000000000000000000 ) ) ;
#2633 = ORIENTED_EDGE ( 'NONE', *, *, #2807, .T. ) ;
#2634 = EDGE_CURVE ( 'NONE', #1406, #988, #2258, .T. ) ;
#2635 = CARTESIAN_POINT ( 'NONE',  ( 48.20341971756143096, -24.46194077712565473, -90.46258408152711183 ) ) ;
#2636 = ORIENTED_EDGE ( 'NONE', *, *, #98, .T. ) ;
#2637 = CARTESIAN_POINT ( 'NONE',  ( 75.25904274665278137, 21.99999999999999289, -13.98524090835371503 ) ) ;
#2638 = CARTESIAN_POINT ( 'NONE',  ( 76.89039676331871931, 33.49999999999999289, -14.74595377948695685 ) ) ;
#2639 = VERTEX_POINT ( 'NONE', #1304 ) ;
#2640 = LINE ( 'NONE', #2396, #223 ) ;
#2641 = EDGE_CURVE ( 'NONE', #2144, #1283, #408, .T. ) ;
#2642 = CARTESIAN_POINT ( 'NONE',  ( 62.28613908100303576, 37.99999999999999289, -5.839458534525405753 ) ) ;
#2643 = ADVANCED_FACE ( 'NONE', ( #808, #390, #894 ), #2290, .T. ) ;
#2644 = DIRECTION ( 'NONE',  ( 0.4226182617407010511, 0.000000000000000000, 0.9063077870366491595 ) ) ;
#2645 = CARTESIAN_POINT ( 'NONE',  ( 37.80189997677833702, 34.99999999999999289, -8.655845490743455883 ) ) ;
#2646 = VERTEX_POINT ( 'NONE', #2113 ) ;
#2647 = DIRECTION ( 'NONE',  ( 0.4226182617407001629, 0.000000000000000000, 0.9063077870366494926 ) ) ;
#2648 = VERTEX_POINT ( 'NONE', #553 ) ;
#2649 = DIRECTION ( 'NONE',  ( 0.4226182617407012176, 0.000000000000000000, 0.9063077870366492705 ) ) ;
#2650 = ORIENTED_EDGE ( 'NONE', *, *, #2112, .T. ) ;
#2651 = CARTESIAN_POINT ( 'NONE',  ( 68.85576920709935678, 23.49999999999999645, -15.41285709544864702 ) ) ;
#2652 = CARTESIAN_POINT ( 'NONE',  ( 72.02784646172766259, 21.99999999999999289, -16.89202101154111446 ) ) ;
#2653 = EDGE_LOOP ( 'NONE', ( #2229, #3174 ) ) ;
#2654 = VECTOR ( 'NONE', #2796, 1000.000000000000000 ) ;
#2655 = VECTOR ( 'NONE', #3064, 1000.000000000000000 ) ;
#2656 = CARTESIAN_POINT ( 'NONE',  ( 1.323181046503970393, 0.000000000000000000, 2.837570911314829303 ) ) ;
#2657 = DIRECTION ( 'NONE',  ( 1.000000000000000000, 0.000000000000000000, 0.000000000000000000 ) ) ;
#2658 = CIRCLE ( 'NONE', #3168, 1.699999999999993738 ) ;
#2659 = CARTESIAN_POINT ( 'NONE',  ( 75.19992371635592576, 2.000000000000000000, -18.37118492763356414 ) ) ;
#2660 = DIRECTION ( 'NONE',  ( -0.9063077870366494926, 0.000000000000000000, 0.4226182617407004405 ) ) ;
#2661 = AXIS2_PLACEMENT_3D ( 'NONE', #523, #577, #2535 ) ;
#2662 = CARTESIAN_POINT ( 'NONE',  ( 68.85576920709937099, 35.50000000000000000, -15.41285709544865234 ) ) ;
#2663 = ORIENTED_EDGE ( 'NONE', *, *, #1965, .T. ) ;
#2664 = LINE ( 'NONE', #243, #99 ) ;
#2665 = VERTEX_POINT ( 'NONE', #1063 ) ;
#2666 = CARTESIAN_POINT ( 'NONE',  ( 72.81201172165381763, 14.09999999999999964, -12.84417160165381588 ) ) ;
#2667 = DIRECTION ( 'NONE',  ( -0.9063077870366486044, 0.000000000000000000, 0.4226182617407023279 ) ) ;
#2668 = ORIENTED_EDGE ( 'NONE', *, *, #290, .T. ) ;
#2669 = PLANE ( 'NONE',  #1248 ) ;
#2670 = VECTOR ( 'NONE', #1168, 1000.000000000000114 ) ;
#2671 = VECTOR ( 'NONE', #305, 1000.000000000000000 ) ;
#2672 = DIRECTION ( 'NONE',  ( -0.000000000000000000, 1.000000000000000000, -0.000000000000000000 ) ) ;
#2673 = CARTESIAN_POINT ( 'NONE',  ( 70.66838478117264799, 25.50000000000000355, -16.25809361893004379 ) ) ;
#2674 = VECTOR ( 'NONE', #2842, 1000.000000000000000 ) ;
#2675 = AXIS2_PLACEMENT_3D ( 'NONE', #1934, #952, #2196 ) ;
#2676 = LINE ( 'NONE', #2645, #1416 ) ;
#2677 = AXIS2_PLACEMENT_3D ( 'NONE', #21, #2487, #1010 ) ;
#2678 = CARTESIAN_POINT ( 'NONE',  ( 41.12665539029472228, 34.99999999999999289, -15.72309399637090621 ) ) ;
#2679 = EDGE_LOOP ( 'NONE', ( #2631, #2304, #1420, #3098 ) ) ;
#2680 = VECTOR ( 'NONE', #2446, 1000.000000000000227 ) ;
#2681 = DIRECTION ( 'NONE',  ( 0.4226182617407013287, 0.000000000000000000, 0.9063077870366490485 ) ) ;
#2682 = ADVANCED_FACE ( 'NONE', ( #1788 ), #536, .T. ) ;
#2683 = VERTEX_POINT ( 'NONE', #2042 ) ;
#2684 = CARTESIAN_POINT ( 'NONE',  ( 48.20341971756143806, 67.46194077712563342, -90.46258408152708341 ) ) ;
#2685 = ORIENTED_EDGE ( 'NONE', *, *, #1148, .F. ) ;
#2686 = EDGE_CURVE ( 'NONE', #1992, #281, #2531, .T. ) ;
#2687 = CIRCLE ( 'NONE', #2581, 1.499999999999999556 ) ;
#2688 = EDGE_CURVE ( 'NONE', #773, #235, #767, .T. ) ;
#2689 = CARTESIAN_POINT ( 'NONE',  ( 73.71831950869047034, 36.99999999999999289, -13.26678986339451960 ) ) ;
#2690 = CARTESIAN_POINT ( 'NONE',  ( 51.19178210486262515, -45.67514421272208835, -84.05402026096923862 ) ) ;
#2691 = DIRECTION ( 'NONE',  ( 0.4226182617407013287, -0.000000000000000000, 0.9063077870366490485 ) ) ;
#2692 = ORIENTED_EDGE ( 'NONE', *, *, #1447, .F. ) ;
#2693 = LINE ( 'NONE', #2921, #3179 ) ;
#2694 = ADVANCED_FACE ( 'NONE', ( #573 ), #652, .F. ) ;
#2695 = CARTESIAN_POINT ( 'NONE',  ( 20.00000000000000000, 38.99999999999999289, -96.87214790208498982 ) ) ;
#2696 = ADVANCED_FACE ( 'NONE', ( #2372 ), #2845, .T. ) ;
#2697 = VERTEX_POINT ( 'NONE', #1770 ) ;
#2698 = AXIS2_PLACEMENT_3D ( 'NONE', #3048, #1069, #1799 ) ;
#2699 = CARTESIAN_POINT ( 'NONE',  ( 13.34357214459343233, 33.50000000000000000, -2.067405927265921761 ) ) ;
#2700 = CARTESIAN_POINT ( 'NONE',  ( 70.18957583902275132, 43.00000000000000000, -31.48211220788733300 ) ) ;
#2701 = AXIS2_PLACEMENT_3D ( 'NONE', #103, #1083, #3042 ) ;
#2702 = DIRECTION ( 'NONE',  ( -1.991441599360792004E-16, 0.000000000000000000, -1.000000000000000000 ) ) ;
#2703 = ORIENTED_EDGE ( 'NONE', *, *, #1114, .F. ) ;
#2704 = EDGE_CURVE ( 'NONE', #2358, #979, #1631, .T. ) ;
#2705 = VERTEX_POINT ( 'NONE', #1508 ) ;
#2706 = CARTESIAN_POINT ( 'NONE',  ( 70.66838478117266220, 7.500000000000000000, -16.25809361893005445 ) ) ;
#2707 = CARTESIAN_POINT ( 'NONE',  ( 75.19992371635592576, 11.50000000000000000, -18.37118492763356414 ) ) ;
#2708 = ORIENTED_EDGE ( 'NONE', *, *, #1292, .F. ) ;
#2709 = DIRECTION ( 'NONE',  ( -0.4226182617407015507, -0.000000000000000000, -0.9063077870366490485 ) ) ;
#2710 = DIRECTION ( 'NONE',  ( -0.4226182617407013287, -0.000000000000000000, -0.9063077870366490485 ) ) ;
#2711 = ADVANCED_FACE ( 'NONE', ( #168 ), #1131, .F. ) ;
#2712 = EDGE_CURVE ( 'NONE', #1365, #2254, #2129, .T. ) ;
#2713 = CARTESIAN_POINT ( 'NONE',  ( 76.89039676331873352, 11.50000000000000000, -14.74595377948696751 ) ) ;
#2714 = ORIENTED_EDGE ( 'NONE', *, *, #3046, .T. ) ;
#2715 = EDGE_CURVE ( 'NONE', #2404, #2732, #687, .T. ) ;
#2716 = EDGE_LOOP ( 'NONE', ( #2853, #2031, #2957, #2868 ) ) ;
#2717 = VECTOR ( 'NONE', #2482, 1000.000000000000000 ) ;
#2718 = CARTESIAN_POINT ( 'NONE',  ( 62.32840090717710524, 4.999999999999997335, -5.748827755821739771 ) ) ;
#2719 = ORIENTED_EDGE ( 'NONE', *, *, #2824, .F. ) ;
#2720 = CARTESIAN_POINT ( 'NONE',  ( 70.66838478117266220, 13.50000000000000000, -16.25809361893005445 ) ) ;
#2721 = CIRCLE ( 'NONE', #2675, 1.500000000000004885 ) ;
#2722 = VECTOR ( 'NONE', #1103, 1000.000000000000114 ) ;
#2723 = VECTOR ( 'NONE', #3003, 1000.000000000000114 ) ;
#2724 = EDGE_CURVE ( 'NONE', #2592, #887, #2664, .T. ) ;
#2725 = EDGE_CURVE ( 'NONE', #116, #2115, #1454, .T. ) ;
#2726 = CYLINDRICAL_SURFACE ( 'NONE', #308, 1.500000000000004885 ) ;
#2727 = ORIENTED_EDGE ( 'NONE', *, *, #3051, .T. ) ;
#2728 = DIRECTION ( 'NONE',  ( 0.9063077870366484934, 0.000000000000000000, -0.4226182617407026609 ) ) ;
#2729 = DIRECTION ( 'NONE',  ( 0.4226182617407015507, 0.000000000000000000, 0.9063077870366490485 ) ) ;
#2730 = CARTESIAN_POINT ( 'NONE',  ( 29.34357214459343410, 41.00000000000000000, -2.067405927265921761 ) ) ;
#2731 = ADVANCED_FACE ( 'NONE', ( #2875 ), #1216, .F. ) ;
#2732 = VERTEX_POINT ( 'NONE', #728 ) ;
#2733 = ORIENTED_EDGE ( 'NONE', *, *, #106, .F. ) ;
#2734 = PLANE ( 'NONE',  #2289 ) ;
#2735 = ORIENTED_EDGE ( 'NONE', *, *, #1813, .T. ) ;
#2736 = DIRECTION ( 'NONE',  ( -0.000000000000000000, -1.000000000000000000, -0.000000000000000000 ) ) ;
#2737 = DIRECTION ( 'NONE',  ( -0.9063077870366490485, -0.000000000000000000, 0.4226182617407013287 ) ) ;
#2738 = VERTEX_POINT ( 'NONE', #1206 ) ;
#2739 = DIRECTION ( 'NONE',  ( -0.4226182617407014397, -0.000000000000000000, -0.9063077870366492705 ) ) ;
#2740 = CARTESIAN_POINT ( 'NONE',  ( 73.71831950869047034, 21.99999999999999289, -13.26678986339451960 ) ) ;
#2741 = CARTESIAN_POINT ( 'NONE',  ( 71.34921695136951314, 4.999999999999997335, -10.06564115193242159 ) ) ;
#2742 = CARTESIAN_POINT ( 'NONE',  ( 70.54624225406217874, 37.99999999999999289, -11.78762594730206281 ) ) ;
#2743 = DIRECTION ( 'NONE',  ( 1.000000000000000000, 0.000000000000000000, 0.000000000000000000 ) ) ;
#2744 = VECTOR ( 'NONE', #151, 1000.000000000000227 ) ;
#2745 = FACE_OUTER_BOUND ( 'NONE', #3110, .T. ) ;
#2746 = ORIENTED_EDGE ( 'NONE', *, *, #550, .T. ) ;
#2747 = ORIENTED_EDGE ( 'NONE', *, *, #969, .F. ) ;
#2748 = CARTESIAN_POINT ( 'NONE',  ( 29.34357214459343410, 41.00000000000000000, -12.49999999999999645 ) ) ;
#2749 = ORIENTED_EDGE ( 'NONE', *, *, #2302, .T. ) ;
#2750 = FACE_OUTER_BOUND ( 'NONE', #111, .T. ) ;
#2751 = CARTESIAN_POINT ( 'NONE',  ( 70.61793910303694588, 0.000000000000000000, -32.92968580686945756 ) ) ;
#2752 = AXIS2_PLACEMENT_3D ( 'NONE', #2751, #2271, #62 ) ;
#2753 = ORIENTED_EDGE ( 'NONE', *, *, #1641, .T. ) ;
#2754 = DIRECTION ( 'NONE',  ( -0.000000000000000000, 0.000000000000000000, -1.000000000000000000 ) ) ;
#2755 = DIRECTION ( 'NONE',  ( -0.9063077870366482713, 0.000000000000000000, 0.4226182617407031605 ) ) ;
#2756 = LINE ( 'NONE', #1268, #1715 ) ;
#2757 = EDGE_LOOP ( 'NONE', ( #778, #425, #89, #2553, #481, #1556 ) ) ;
#2758 = EDGE_CURVE ( 'NONE', #2849, #1159, #1482, .T. ) ;
#2759 = CARTESIAN_POINT ( 'NONE',  ( 61.48316438369569426, 37.99999999999999289, -7.561443329895046084 ) ) ;
#2760 = CARTESIAN_POINT ( 'NONE',  ( 18.49999999999999645, 38.99999999999999289, -96.87214790208498982 ) ) ;
#2761 = DIRECTION ( 'NONE',  ( 0.000000000000000000, -1.000000000000000000, 0.000000000000000000 ) ) ;
#2762 = LINE ( 'NONE', #2969, #1899 ) ;
#2763 = ORIENTED_EDGE ( 'NONE', *, *, #2148, .T. ) ;
#2764 = ORIENTED_EDGE ( 'NONE', *, *, #1337, .T. ) ;
#2765 = FACE_OUTER_BOUND ( 'NONE', #534, .T. ) ;
#2766 = ORIENTED_EDGE ( 'NONE', *, *, #2867, .T. ) ;
#2767 = DIRECTION ( 'NONE',  ( -0.9063077870366486044, 0.000000000000000000, 0.4226182617407023279 ) ) ;
#2768 = VECTOR ( 'NONE', #3127, 1000.000000000000000 ) ;
#2769 = VECTOR ( 'NONE', #30, 1000.000000000000227 ) ;
#2770 = DIRECTION ( 'NONE',  ( 1.000000000000000000, 0.000000000000000000, 0.000000000000000000 ) ) ;
#2771 = CIRCLE ( 'NONE', #3176, 1.999999999999995115 ) ;
#2772 = EDGE_CURVE ( 'NONE', #2803, #2171, #1651, .T. ) ;
#2773 = ORIENTED_EDGE ( 'NONE', *, *, #2823, .F. ) ;
#2774 = EDGE_CURVE ( 'NONE', #1613, #293, #479, .T. ) ;
#2775 = CIRCLE ( 'NONE', #2625, 20.00000000000000355 ) ;
#2776 = VECTOR ( 'NONE', #1668, 1000.000000000000114 ) ;
#2777 = DIRECTION ( 'NONE',  ( -0.9063077870366489375, 0.000000000000000000, 0.4226182617407015507 ) ) ;
#2778 = FACE_OUTER_BOUND ( 'NONE', #2757, .T. ) ;
#2779 = LINE ( 'NONE', #829, #12 ) ;
#2780 = ORIENTED_EDGE ( 'NONE', *, *, #686, .F. ) ;
#2781 = DIRECTION ( 'NONE',  ( 0.4226182617407004960, 0.000000000000000000, 0.9063077870366494926 ) ) ;
#2782 = EDGE_CURVE ( 'NONE', #176, #3013, #200, .T. ) ;
#2783 = DIRECTION ( 'NONE',  ( -0.9063077870366486044, 0.000000000000000000, 0.4226182617407023279 ) ) ;
#2784 = PLANE ( 'NONE',  #190 ) ;
#2785 = VERTEX_POINT ( 'NONE', #667 ) ;
#2786 = ORIENTED_EDGE ( 'NONE', *, *, #770, .T. ) ;
#2787 = DIRECTION ( 'NONE',  ( -0.4226182617407011066, 0.000000000000000000, -0.9063077870366491595 ) ) ;
#2788 = VERTEX_POINT ( 'NONE', #2421 ) ;
#2789 = CARTESIAN_POINT ( 'NONE',  ( 61.65105046041685455, 35.64213562373092259, -61.62404688901663263 ) ) ;
#2790 = EDGE_CURVE ( 'NONE', #1781, #2697, #1195, .T. ) ;
#2791 = VERTEX_POINT ( 'NONE', #925 ) ;
#2792 = CARTESIAN_POINT ( 'NONE',  ( 29.34357214459343410, 2.000000000000000000, -12.49999999999999645 ) ) ;
#2793 = EDGE_CURVE ( 'NONE', #526, #1149, #2693, .T. ) ;
#2794 = DIRECTION ( 'NONE',  ( 0.9063077870366489375, 0.000000000000000000, -0.4226182617407014952 ) ) ;
#2795 = VERTEX_POINT ( 'NONE', #699 ) ;
#2796 = DIRECTION ( 'NONE',  ( -0.000000000000000000, -0.000000000000000000, 1.000000000000000000 ) ) ;
#2797 = DIRECTION ( 'NONE',  ( -0.9063077870366489375, 0.000000000000000000, 0.4226182617407014952 ) ) ;
#2798 = FACE_OUTER_BOUND ( 'NONE', #3063, .T. ) ;
#2799 = VECTOR ( 'NONE', #1570, 1000.000000000000000 ) ;
#2800 = ORIENTED_EDGE ( 'NONE', *, *, #227, .F. ) ;
#2801 = ORIENTED_EDGE ( 'NONE', *, *, #2823, .T. ) ;
#2802 = DIRECTION ( 'NONE',  ( 0.000000000000000000, -0.000000000000000000, 1.000000000000000000 ) ) ;
#2803 = VERTEX_POINT ( 'NONE', #2433 ) ;
#2804 = LINE ( 'NONE', #1575, #2829 ) ;
#2805 = CIRCLE ( 'NONE', #444, 1.699999999999991518 ) ;
#2806 = VECTOR ( 'NONE', #3107, 1000.000000000000114 ) ;
#2807 = EDGE_CURVE ( 'NONE', #2803, #1151, #221, .T. ) ;
#2808 = AXIS2_PLACEMENT_3D ( 'NONE', #2069, #2296, #369 ) ;
#2809 = EDGE_LOOP ( 'NONE', ( #19, #2411, #1538, #953 ) ) ;
#2810 = CARTESIAN_POINT ( 'NONE',  ( 36.86700879122247443, 5.000000000000000000, -13.73678816618960496 ) ) ;
#2811 = FACE_BOUND ( 'NONE', #3181, .T. ) ;
#2812 = VERTEX_POINT ( 'NONE', #1711 ) ;
#2813 = AXIS2_PLACEMENT_3D ( 'NONE', #2498, #2554, #2981 ) ;
#2814 = DIRECTION ( 'NONE',  ( -1.991441599360792004E-16, 0.000000000000000000, -1.000000000000000000 ) ) ;
#2815 = DIRECTION ( 'NONE',  ( -0.000000000000000000, 1.000000000000000000, -0.000000000000000000 ) ) ;
#2816 = FACE_OUTER_BOUND ( 'NONE', #2464, .T. ) ;
#2817 = ORIENTED_EDGE ( 'NONE', *, *, #2477, .T. ) ;
#2818 = EDGE_LOOP ( 'NONE', ( #1500, #1520, #2131, #263, #1054, #269, #1752, #220, #2764, #2906, #1861, #3133 ) ) ;
#2819 = CARTESIAN_POINT ( 'NONE',  ( 36.86700879122248153, 38.00000000000000000, -13.73678816618961029 ) ) ;
#2820 = ORIENTED_EDGE ( 'NONE', *, *, #314, .F. ) ;
#2821 = EDGE_CURVE ( 'NONE', #2785, #1773, #967, .T. ) ;
#2822 = DIRECTION ( 'NONE',  ( 0.000000000000000000, 1.000000000000000000, 0.000000000000000000 ) ) ;
#2823 = EDGE_CURVE ( 'NONE', #1365, #644, #1179, .T. ) ;
#2824 = EDGE_CURVE ( 'NONE', #1411, #971, #2936, .T. ) ;
#2825 = DIRECTION ( 'NONE',  ( 0.000000000000000000, -1.000000000000000000, -1.264902534566421675E-16 ) ) ;
#2826 = EDGE_CURVE ( 'NONE', #1650, #1159, #3129, .T. ) ;
#2827 = ORIENTED_EDGE ( 'NONE', *, *, #535, .F. ) ;
#2828 = DIRECTION ( 'NONE',  ( -0.4226182617407013287, -0.000000000000000000, -0.9063077870366490485 ) ) ;
#2829 = VECTOR ( 'NONE', #1837, 1000.000000000000227 ) ;
#2830 = FACE_OUTER_BOUND ( 'NONE', #1380, .T. ) ;
#2831 = AXIS2_PLACEMENT_3D ( 'NONE', #906, #130, #1111 ) ;
#2832 = EDGE_LOOP ( 'NONE', ( #2010, #2708, #640, #2668, #1750, #1731, #363, #1030 ) ) ;
#2833 = CARTESIAN_POINT ( 'NONE',  ( 68.85576920709937099, 2.000000000000000000, -15.41285709544865234 ) ) ;
#2834 = AXIS2_PLACEMENT_3D ( 'NONE', #1057, #1557, #2348 ) ;
#2835 = EDGE_CURVE ( 'NONE', #2126, #988, #1164, .T. ) ;
#2836 = CARTESIAN_POINT ( 'NONE',  ( 54.18014449216386197, 81.60407640085658443, -77.64545644041129435 ) ) ;
#2837 = CARTESIAN_POINT ( 'NONE',  ( 29.34357214459343410, 2.000000000000000000, -2.067405927265921761 ) ) ;
#2838 = VERTEX_POINT ( 'NONE', #2895 ) ;
#2839 = ORIENTED_EDGE ( 'NONE', *, *, #693, .T. ) ;
#2840 = DIRECTION ( 'NONE',  ( 0.9063077870366490485, 0.000000000000000000, -0.4226182617407013287 ) ) ;
#2841 = ORIENTED_EDGE ( 'NONE', *, *, #506, .T. ) ;
#2842 = DIRECTION ( 'NONE',  ( 1.000000000000000000, -0.000000000000000000, -0.000000000000000000 ) ) ;
#2843 = ADVANCED_FACE ( 'NONE', ( #3146 ), #443, .F. ) ;
#2844 = DIRECTION ( 'NONE',  ( -0.000000000000000000, -1.000000000000000000, -0.000000000000000000 ) ) ;
#2845 = PLANE ( 'NONE',  #620 ) ;
#2846 = ORIENTED_EDGE ( 'NONE', *, *, #2896, .T. ) ;
#2847 = DIRECTION ( 'NONE',  ( 0.9063077870366494926, -0.000000000000000000, -0.4226182617407004405 ) ) ;
#2848 = DIRECTION ( 'NONE',  ( 0.000000000000000000, 0.000000000000000000, -1.000000000000000000 ) ) ;
#2849 = VERTEX_POINT ( 'NONE', #1885 ) ;
#2850 = FACE_OUTER_BOUND ( 'NONE', #91, .T. ) ;
#2851 = APPLICATION_PROTOCOL_DEFINITION ( 'draft international standard', 'automotive_design', 1998, #1546 ) ;
#2852 = CARTESIAN_POINT ( 'NONE',  ( 72.17759627072815931, 21.99999999999999289, -12.54833881843532417 ) ) ;
#2853 = ORIENTED_EDGE ( 'NONE', *, *, #1956, .T. ) ;
#2854 = DIRECTION ( 'NONE',  ( -0.4226182617407011621, 0.000000000000000000, -0.9063077870366491595 ) ) ;
#2855 = CARTESIAN_POINT ( 'NONE',  ( 18.00000000000000000, 29.50000000000000000, 0.000000000000000000 ) ) ;
#2856 = DIRECTION ( 'NONE',  ( -0.4226182617407013287, -0.000000000000000000, -0.9063077870366490485 ) ) ;
#2857 = ORIENTED_EDGE ( 'NONE', *, *, #291, .F. ) ;
#2858 = PLANE ( 'NONE',  #2417 ) ;
#2859 = ORIENTED_EDGE ( 'NONE', *, *, #2170, .T. ) ;
#2860 = DIRECTION ( 'NONE',  ( -0.4226182617407015507, 0.000000000000000000, -0.9063077870366490485 ) ) ;
#2861 = VERTEX_POINT ( 'NONE', #1144 ) ;
#2862 = CARTESIAN_POINT ( 'NONE',  ( 18.00000000000000000, 29.50000000000000000, 0.000000000000000000 ) ) ;
#2863 = DIRECTION ( 'NONE',  ( -0.4226182617407015507, -0.000000000000000000, -0.9063077870366490485 ) ) ;
#2864 = EDGE_CURVE ( 'NONE', #2282, #1220, #2775, .T. ) ;
#2865 = ORIENTED_EDGE ( 'NONE', *, *, #1233, .F. ) ;
#2866 = DIRECTION ( 'NONE',  ( 0.9063077870366490485, 0.000000000000000000, -0.4226182617407013287 ) ) ;
#2867 = EDGE_CURVE ( 'NONE', #1226, #2138, #2580, .T. ) ;
#2868 = ORIENTED_EDGE ( 'NONE', *, *, #2826, .F. ) ;
#2869 = DIRECTION ( 'NONE',  ( 0.9063077870366494926, -0.000000000000000000, -0.4226182617407004405 ) ) ;
#2870 = CARTESIAN_POINT ( 'NONE',  ( 72.24547431399439290, 53.00000000000000000, -38.90423161620805104 ) ) ;
#2871 = LINE ( 'NONE', #404, #708 ) ;
#2872 = EDGE_LOOP ( 'NONE', ( #2839, #556, #1491, #705 ) ) ;
#2873 = PLANE ( 'NONE',  #1849 ) ;
#2874 = EDGE_LOOP ( 'NONE', ( #55, #3128, #691 ) ) ;
#2875 = FACE_OUTER_BOUND ( 'NONE', #868, .T. ) ;
#2876 = ORIENTED_EDGE ( 'NONE', *, *, #1714, .F. ) ;
#2877 = PRESENTATION_STYLE_ASSIGNMENT (( #2356 ) ) ;
#2878 = CARTESIAN_POINT ( 'NONE',  ( 50.00000000000000000, 43.00000000000000000, 0.000000000000000000 ) ) ;
#2879 = ADVANCED_FACE ( 'NONE', ( #1629 ), #650, .F. ) ;
#2880 = EDGE_LOOP ( 'NONE', ( #3119, #2766, #822, #2522 ) ) ;
#2881 = DIRECTION ( 'NONE',  ( -0.4226182617407011066, 0.000000000000000000, -0.9063077870366491595 ) ) ;
#2882 = ADVANCED_FACE ( 'NONE', ( #147 ), #1356, .T. ) ;
#2883 = VECTOR ( 'NONE', #1190, 1000.000000000000000 ) ;
#2884 = AXIS2_PLACEMENT_3D ( 'NONE', #1676, #32, #1844 ) ;
#2885 = AXIS2_PLACEMENT_3D ( 'NONE', #2993, #1373, #148 ) ;
#2886 = VECTOR ( 'NONE', #2398, 1000.000000000000114 ) ;
#2887 = VECTOR ( 'NONE', #1407, 1000.000000000000114 ) ;
#2888 = ORIENTED_EDGE ( 'NONE', *, *, #661, .T. ) ;
#2889 = CARTESIAN_POINT ( 'NONE',  ( 45.77545626944245782, 2.000000000000003553, -5.753708338967702396 ) ) ;
#2890 = DIRECTION ( 'NONE',  ( -0.9063077870366496036, 6.700788708272329884E-17, 0.4226182617407005515 ) ) ;
#2891 = CYLINDRICAL_SURFACE ( 'NONE', #3058, 1.699999999999992406 ) ;
#2892 = ORIENTED_EDGE ( 'NONE', *, *, #2240, .F. ) ;
#2893 = DIRECTION ( 'NONE',  ( -0.000000000000000000, -0.000000000000000000, 1.000000000000000000 ) ) ;
#2894 = ORIENTED_EDGE ( 'NONE', *, *, #2583, .T. ) ;
#2895 = CARTESIAN_POINT ( 'NONE',  ( 50.00000000000000000, 43.00000000000000000, 0.000000000000000000 ) ) ;
#2896 = EDGE_CURVE ( 'NONE', #1024, #3145, #617, .T. ) ;
#2897 = ORIENTED_EDGE ( 'NONE', *, *, #1641, .F. ) ;
#2898 = CARTESIAN_POINT ( 'NONE',  ( 39.94845526714707518, 38.00000000000000000, -15.17369025610798872 ) ) ;
#2899 = DIRECTION ( 'NONE',  ( 1.000000000000000000, -0.000000000000000000, -0.000000000000000000 ) ) ;
#2900 = ORIENTED_EDGE ( 'NONE', *, *, #10, .T. ) ;
#2901 = DIRECTION ( 'NONE',  ( 0.4226182617407013842, 0.000000000000000000, 0.9063077870366491595 ) ) ;
#2902 = DIRECTION ( 'NONE',  ( -1.991441599360792004E-16, 0.000000000000000000, -1.000000000000000000 ) ) ;
#2903 = LINE ( 'NONE', #646, #668 ) ;
#2904 = CYLINDRICAL_SURFACE ( 'NONE', #549, 1.700000000000005729 ) ;
#2905 = CARTESIAN_POINT ( 'NONE',  ( 34.84357214459343055, 43.00000000000000000, -15.00000000000000000 ) ) ;
#2906 = ORIENTED_EDGE ( 'NONE', *, *, #2112, .F. ) ;
#2907 = CARTESIAN_POINT ( 'NONE',  ( 70.48712322376535155, 36.99999999999999289, -16.17356996658192259 ) ) ;
#2908 = ORIENTED_EDGE ( 'NONE', *, *, #1678, .T. ) ;
#2909 = DIRECTION ( 'NONE',  ( -0.000000000000000000, 1.000000000000000000, -1.779203565104417868E-16 ) ) ;
#2910 = DIRECTION ( 'NONE',  ( -0.4226182617407014952, -0.000000000000000000, -0.9063077870366489375 ) ) ;
#2911 = ORIENTED_EDGE ( 'NONE', *, *, #521, .T. ) ;
#2912 = DIRECTION ( 'NONE',  ( 0.4226182617407013287, -0.000000000000000000, 0.9063077870366490485 ) ) ;
#2913 = LINE ( 'NONE', #474, #1903 ) ;
#2914 = AXIS2_PLACEMENT_3D ( 'NONE', #2508, #2529, #2770 ) ;
#2915 = DIRECTION ( 'NONE',  ( 0.000000000000000000, 0.000000000000000000, 1.000000000000000000 ) ) ;
#2916 = DIRECTION ( 'NONE',  ( -0.4226182617407015507, -0.000000000000000000, -0.9063077870366490485 ) ) ;
#2917 = CARTESIAN_POINT ( 'NONE',  ( 6.000000000000000000, 4.000000000000000000, -15.00000000000000000 ) ) ;
#2918 = VERTEX_POINT ( 'NONE', #1160 ) ;
#2919 = EDGE_CURVE ( 'NONE', #2584, #1426, #2127, .T. ) ;
#2920 = ADVANCED_FACE ( 'NONE', ( #1614 ), #3094, .T. ) ;
#2921 = CARTESIAN_POINT ( 'NONE',  ( 73.56856969968997362, 21.99999999999999289, -17.61047205650030634 ) ) ;
#2922 = EDGE_CURVE ( 'NONE', #167, #2267, #2370, .T. ) ;
#2923 = ORIENTED_EDGE ( 'NONE', *, *, #2019, .T. ) ;
#2924 = CARTESIAN_POINT ( 'NONE',  ( 29.34357214459343410, 9.500000000000003553, -2.067405927265924870 ) ) ;
#2925 = ORIENTED_EDGE ( 'NONE', *, *, #1250, .F. ) ;
#2926 = LINE ( 'NONE', #192, #2806 ) ;
#2927 = ADVANCED_FACE ( 'NONE', ( #2403 ), #2858, .F. ) ;
#2928 = VECTOR ( 'NONE', #108, 1000.000000000000114 ) ;
#2929 = VECTOR ( 'NONE', #1442, 1000.000000000000000 ) ;
#2930 = DIRECTION ( 'NONE',  ( -1.000000000000000000, 0.000000000000000000, 3.154042683594196107E-16 ) ) ;
#2931 = CARTESIAN_POINT ( 'NONE',  ( 20.00000000000000000, 4.000000000000000000, -96.87214790208498982 ) ) ;
#2932 = AXIS2_PLACEMENT_3D ( 'NONE', #372, #338, #1077 ) ;
#2933 = FACE_OUTER_BOUND ( 'NONE', #110, .T. ) ;
#2934 = ORIENTED_EDGE ( 'NONE', *, *, #73, .T. ) ;
#2935 = EDGE_CURVE ( 'NONE', #316, #2404, #1072, .T. ) ;
#2936 = LINE ( 'NONE', #489, #2572 ) ;
#2937 = CARTESIAN_POINT ( 'NONE',  ( 6.000000000000000000, 4.000000000000000000, -96.87214790208498982 ) ) ;
#2938 = VERTEX_POINT ( 'NONE', #2163 ) ;
#2939 = ADVANCED_FACE ( 'NONE', ( #1663 ), #2873, .F. ) ;
#2940 = DIRECTION ( 'NONE',  ( 0.4226182617407008291, -6.938893903907226405E-16, 0.9063077870366493816 ) ) ;
#2941 = DIRECTION ( 'NONE',  ( 0.4226182617407012176, 0.000000000000000000, 0.9063077870366492705 ) ) ;
#2942 = DIRECTION ( 'NONE',  ( -0.9063077870366494926, 0.000000000000000000, 0.4226182617407004405 ) ) ;
#2943 = ORIENTED_EDGE ( 'NONE', *, *, #937, .T. ) ;
#2944 = ORIENTED_EDGE ( 'NONE', *, *, #1549, .T. ) ;
#2945 = DIRECTION ( 'NONE',  ( 0.000000000000000000, 0.000000000000000000, 1.000000000000000000 ) ) ;
#2946 = CARTESIAN_POINT ( 'NONE',  ( 4.500000000000000888, 38.99999999999999289, -15.00000000000000000 ) ) ;
#2947 = VERTEX_POINT ( 'NONE', #3074 ) ;
#2948 = ADVANCED_FACE ( 'NONE', ( #426 ), #722, .F. ) ;
#2949 = VECTOR ( 'NONE', #1450, 1000.000000000000000 ) ;
#2950 = EDGE_CURVE ( 'NONE', #11, #2080, #183, .T. ) ;
#2951 = CARTESIAN_POINT ( 'NONE',  ( 71.12153867469100987, 5.000000000000000000, -16.46940274980040897 ) ) ;
#2952 = LINE ( 'NONE', #748, #337 ) ;
#2953 = ADVANCED_FACE ( 'NONE', ( #923 ), #1838, .T. ) ;
#2954 = VECTOR ( 'NONE', #320, 1000.000000000000000 ) ;
#2955 = CARTESIAN_POINT ( 'NONE',  ( 48.20341971756145227, 81.60407640085661285, -90.46258408152704078 ) ) ;
#2956 = EDGE_LOOP ( 'NONE', ( #1880, #69, #632, #2096 ) ) ;
#2957 = ORIENTED_EDGE ( 'NONE', *, *, #2758, .T. ) ;
#2958 = CARTESIAN_POINT ( 'NONE',  ( 65.96339322161576035, -4.145707103602409646E-15, -40.54519007825383881 ) ) ;
#2959 = ORIENTED_EDGE ( 'NONE', *, *, #291, .T. ) ;
#2960 = CARTESIAN_POINT ( 'NONE',  ( 29.34357214459343410, 41.00000000000000000, -12.49999999999999645 ) ) ;
#2961 = CARTESIAN_POINT ( 'NONE',  ( 13.34357214459343233, 29.50000000000000000, -8.000000000000000000 ) ) ;
#2962 = VERTEX_POINT ( 'NONE', #440 ) ;
#2963 = EDGE_CURVE ( 'NONE', #882, #347, #1176, .T. ) ;
#2964 = FACE_OUTER_BOUND ( 'NONE', #1703, .T. ) ;
#2965 = ADVANCED_FACE ( 'NONE', ( #2933 ), #736, .F. ) ;
#2966 = CARTESIAN_POINT ( 'NONE',  ( 72.66226191265330669, 5.000000000000000000, -17.18785379475960085 ) ) ;
#2967 = CARTESIAN_POINT ( 'NONE',  ( 43.23974669899822487, 8.000000000000000000, -11.19155506118765864 ) ) ;
#2968 = AXIS2_PLACEMENT_3D ( 'NONE', #3081, #2863, #416 ) ;
#2969 = CARTESIAN_POINT ( 'NONE',  ( 34.84357214459343055, 0.000000000000000000, -15.00000000000000000 ) ) ;
#2970 = ORIENTED_EDGE ( 'NONE', *, *, #2302, .F. ) ;
#2971 = EDGE_LOOP ( 'NONE', ( #3055, #1308, #685, #1078, #572, #124 ) ) ;
#2972 = DIRECTION ( 'NONE',  ( -0.4226182617407014952, -0.000000000000000000, -0.9063077870366489375 ) ) ;
#2973 = ORIENTED_EDGE ( 'NONE', *, *, #578, .F. ) ;
#2974 = CARTESIAN_POINT ( 'NONE',  ( 69.58081543672871305, 14.09999999999999964, -15.75095170484121887 ) ) ;
#2975 = AXIS2_PLACEMENT_3D ( 'NONE', #485, #2017, #1728 ) ;
#2976 = AXIS2_PLACEMENT_3D ( 'NONE', #1594, #2090, #2802 ) ;
#2977 = VECTOR ( 'NONE', #1525, 1000.000000000000114 ) ;
#2978 = CARTESIAN_POINT ( 'NONE',  ( 76.89039676331871931, 2.000000000000000000, -14.74595377948695685 ) ) ;
#2979 = ORIENTED_EDGE ( 'NONE', *, *, #2405, .T. ) ;
#2980 = DIRECTION ( 'NONE',  ( -0.9063077870366500477, 0.000000000000000000, 0.4226182617406991637 ) ) ;
#2981 = DIRECTION ( 'NONE',  ( 0.9063077870366489375, 0.000000000000000000, -0.4226182617407014952 ) ) ;
#2982 = VECTOR ( 'NONE', #2881, 1000.000000000000000 ) ;
#2983 = CARTESIAN_POINT ( 'NONE',  ( 43.23974669899822487, 8.000000000000000000, -11.19155506118765864 ) ) ;
#2984 = CARTESIAN_POINT ( 'NONE',  ( 74.35273495961611445, 5.000000000000000000, -13.56262264661300421 ) ) ;
#2985 = LINE ( 'NONE', #1038, #1479 ) ;
#2986 = ORIENTED_EDGE ( 'NONE', *, *, #2478, .F. ) ;
#2987 = ORIENTED_EDGE ( 'NONE', *, *, #1976, .T. ) ;
#2988 = CARTESIAN_POINT ( 'NONE',  ( 71.12153867469100987, 14.09999999999999964, -16.46940274980040897 ) ) ;
#2989 = ORIENTED_EDGE ( 'NONE', *, *, #506, .F. ) ;
#2990 = DIRECTION ( 'NONE',  ( 0.000000000000000000, -1.000000000000000000, 0.000000000000000000 ) ) ;
#2991 = CARTESIAN_POINT ( 'NONE',  ( 13.34357214459343233, 33.50000000000000000, -2.067405927265921761 ) ) ;
#2992 = VERTEX_POINT ( 'NONE', #1203 ) ;
#2993 = CARTESIAN_POINT ( 'NONE',  ( 71.34921695136951314, 37.99999999999999289, -10.06564115193242159 ) ) ;
#2994 = CARTESIAN_POINT ( 'NONE',  ( 18.00000000000000000, 29.50000000000000000, 0.000000000000000000 ) ) ;
#2995 = DIRECTION ( 'NONE',  ( 0.9063077870366492705, -0.000000000000000000, -0.4226182617407008291 ) ) ;
#2996 = ORIENTED_EDGE ( 'NONE', *, *, #3066, .F. ) ;
#2997 = CARTESIAN_POINT ( 'NONE',  ( 18.00000000000000000, 29.50000000000000000, -8.000000000000000000 ) ) ;
#2998 = CARTESIAN_POINT ( 'NONE',  ( 42.06154657585057777, 5.000000000000000000, -10.64215132092474292 ) ) ;
#2999 = DIRECTION ( 'NONE',  ( -0.2988362387301200518, 0.7071067811865485719, -0.6408563820557872104 ) ) ;
#3000 = VERTEX_POINT ( 'NONE', #712 ) ;
#3001 = ORIENTED_EDGE ( 'NONE', *, *, #839, .F. ) ;
#3002 = EDGE_CURVE ( 'NONE', #598, #1886, #1438, .T. ) ;
#3003 = DIRECTION ( 'NONE',  ( -0.9063077870366489375, 0.000000000000000000, 0.4226182617407014952 ) ) ;
#3004 = ORIENTED_EDGE ( 'NONE', *, *, #2438, .F. ) ;
#3005 = CARTESIAN_POINT ( 'NONE',  ( 72.35885782813545575, 25.50000000000000355, -12.63286247078345070 ) ) ;
#3006 = ADVANCED_FACE ( 'NONE', ( #256, #3144 ), #1693, .F. ) ;
#3007 = DIRECTION ( 'NONE',  ( -0.4226182617407013287, -0.000000000000000000, -0.9063077870366490485 ) ) ;
#3008 = ORIENTED_EDGE ( 'NONE', *, *, #3051, .F. ) ;
#3009 = EDGE_CURVE ( 'NONE', #2738, #2803, #1971, .T. ) ;
#3010 = CARTESIAN_POINT ( 'NONE',  ( 69.28326805198608440, 40.99999999999999289, -31.05949394614664172 ) ) ;
#3011 = CARTESIAN_POINT ( 'NONE',  ( 0.000000000000000000, 0.000000000000000000, -14.99999999999999289 ) ) ;
#3012 = CARTESIAN_POINT ( 'NONE',  ( 71.09588362605943246, 2.000000000000001332, -31.90473046962806336 ) ) ;
#3013 = VERTEX_POINT ( 'NONE', #2678 ) ;
#3014 = LINE ( 'NONE', #85, #538 ) ;
#3015 = CARTESIAN_POINT ( 'NONE',  ( 69.25711192669319871, 45.92893218813453160, -45.31279543676595978 ) ) ;
#3016 = DIRECTION ( 'NONE',  ( 0.000000000000000000, 1.000000000000000000, 0.000000000000000000 ) ) ;
#3017 = EDGE_CURVE ( 'NONE', #630, #2795, #2442, .T. ) ;
#3018 = ORIENTED_EDGE ( 'NONE', *, *, #1210, .T. ) ;
#3019 = ORIENTED_EDGE ( 'NONE', *, *, #2725, .F. ) ;
#3020 = FACE_OUTER_BOUND ( 'NONE', #634, .T. ) ;
#3021 = ORIENTED_EDGE ( 'NONE', *, *, #2102, .F. ) ;
#3022 = DIRECTION ( 'NONE',  ( 0.2988362387301202183, 0.7071067811865482389, 0.6408563820557875435 ) ) ;
#3023 = ADVANCED_FACE ( 'NONE', ( #2211 ), #2431, .T. ) ;
#3024 = VECTOR ( 'NONE', #1172, 1000.000000000000000 ) ;
#3025 = AXIS2_PLACEMENT_3D ( 'NONE', #2951, #2709, #1483 ) ;
#3026 = VECTOR ( 'NONE', #2514, 1000.000000000000000 ) ;
#3027 = CARTESIAN_POINT ( 'NONE',  ( 40.52082333788827384, 5.000000000000000000, -9.923700275965549267 ) ) ;
#3028 = DIRECTION ( 'NONE',  ( 0.9063077870366493816, -2.775557561562899363E-17, -0.4226182617407005515 ) ) ;
#3029 = DIRECTION ( 'NONE',  ( -0.4226182617407014397, -0.000000000000000000, -0.9063077870366492705 ) ) ;
#3030 = ORIENTED_EDGE ( 'NONE', *, *, #1347, .T. ) ;
#3031 = CARTESIAN_POINT ( 'NONE',  ( 64.72557299150996357, -2.928932188134544923, -43.19970412806245719 ) ) ;
#3032 = CARTESIAN_POINT ( 'NONE',  ( 70.18957583902275132, 43.00000000000000000, -31.48211220788733300 ) ) ;
#3033 = CARTESIAN_POINT ( 'NONE',  ( 0.000000000000000000, 43.00000000000000000, 0.000000000000000000 ) ) ;
#3034 = EDGE_CURVE ( 'NONE', #1159, #2849, #2721, .T. ) ;
#3035 = VERTEX_POINT ( 'NONE', #978 ) ;
#3036 = VERTEX_POINT ( 'NONE', #2955 ) ;
#3037 = FACE_BOUND ( 'NONE', #637, .T. ) ;
#3038 = ORIENTED_EDGE ( 'NONE', *, *, #1577, .T. ) ;
#3039 = DIRECTION ( 'NONE',  ( -0.4226182617407013287, -0.000000000000000000, -0.9063077870366490485 ) ) ;
#3040 = ORIENTED_EDGE ( 'NONE', *, *, #1956, .F. ) ;
#3041 = LINE ( 'NONE', #2078, #1681 ) ;
#3042 = DIRECTION ( 'NONE',  ( -1.000000000000000000, 0.000000000000000000, -0.000000000000000000 ) ) ;
#3043 = ORIENTED_EDGE ( 'NONE', *, *, #1236, .F. ) ;
#3044 = DIRECTION ( 'NONE',  ( -0.9063077870366484934, 0.000000000000000000, 0.4226182617407026609 ) ) ;
#3045 = EDGE_CURVE ( 'NONE', #1611, #2595, #1433, .T. ) ;
#3046 = EDGE_CURVE ( 'NONE', #1541, #2212, #1329, .T. ) ;
#3047 = CARTESIAN_POINT ( 'NONE',  ( 48.20341971756143806, 67.46194077712563342, -90.46258408152708341 ) ) ;
#3048 = CARTESIAN_POINT ( 'NONE',  ( 13.34357214459343233, 9.500000000000003553, -2.067405927265924870 ) ) ;
#3049 = EDGE_CURVE ( 'NONE', #116, #543, #1240, .T. ) ;
#3050 = ORIENTED_EDGE ( 'NONE', *, *, #2582, .F. ) ;
#3051 = EDGE_CURVE ( 'NONE', #887, #439, #2, .T. ) ;
#3052 = ORIENTED_EDGE ( 'NONE', *, *, #647, .F. ) ;
#3053 = EDGE_CURVE ( 'NONE', #597, #1855, #241, .T. ) ;
#3054 = LINE ( 'NONE', #1334, #2311 ) ;
#3055 = ORIENTED_EDGE ( 'NONE', *, *, #1061, .F. ) ;
#3056 = DIRECTION ( 'NONE',  ( -0.4226182617407006070, -0.000000000000000000, -0.9063077870366493816 ) ) ;
#3057 = STYLED_ITEM ( 'NONE', ( #2877 ), #491 ) ;
#3058 = AXIS2_PLACEMENT_3D ( 'NONE', #424, #921, #711 ) ;
#3059 = VECTOR ( 'NONE', #1095, 1000.000000000000000 ) ;
#3060 = ORIENTED_EDGE ( 'NONE', *, *, #2188, .F. ) ;
#3061 = LINE ( 'NONE', #2792, #855 ) ;
#3062 = CARTESIAN_POINT ( 'NONE',  ( 70.17076640164161461, 40.99999999999999289, -29.15624759336969873 ) ) ;
#3063 = EDGE_LOOP ( 'NONE', ( #1972, #1127, #2934, #63, #738, #104, #1184, #3069 ) ) ;
#3064 = DIRECTION ( 'NONE',  ( 0.4226182617407004405, -0.000000000000000000, 0.9063077870366494926 ) ) ;
#3065 = FACE_BOUND ( 'NONE', #1935, .T. ) ;
#3066 = EDGE_CURVE ( 'NONE', #3145, #116, #3136, .T. ) ;
#3067 = LINE ( 'NONE', #2313, #2507 ) ;
#3068 = LINE ( 'NONE', #864, #2799 ) ;
#3069 = ORIENTED_EDGE ( 'NONE', *, *, #653, .T. ) ;
#3070 = ORIENTED_EDGE ( 'NONE', *, *, #1878, .F. ) ;
#3071 = PLANE ( 'NONE',  #1533 ) ;
#3072 = ORIENTED_EDGE ( 'NONE', *, *, #442, .T. ) ;
#3073 = CARTESIAN_POINT ( 'NONE',  ( 20.00000000000000000, 4.000000000000000000, -15.00000000000000000 ) ) ;
#3074 = CARTESIAN_POINT ( 'NONE',  ( 70.48712322376535155, 21.99999999999999289, -16.17356996658192259 ) ) ;
#3075 = AXIS2_PLACEMENT_3D ( 'NONE', #2338, #3100, #897 ) ;
#3076 = VECTOR ( 'NONE', #747, 1000.000000000000000 ) ;
#3077 = AXIS2_PLACEMENT_3D ( 'NONE', #2652, #774, #2472 ) ;
#3078 = ORIENTED_EDGE ( 'NONE', *, *, #684, .F. ) ;
#3079 = AXIS2_PLACEMENT_3D ( 'NONE', #1856, #2546, #1059 ) ;
#3080 = CLOSED_SHELL ( 'NONE', ( #1485, #917, #744, #358, #295, #729, #1338, #254, #1235, #2731, #1307, #751, #145, #1165, #2882, #447, #975, #2114, #1576, #2064, #244, #3006, #1455, #1883, #1006, #2136, #1666, #1623, #968, #3184, #1689, #2040, #2843, #1785, #61, #1523, #675, #593, #828, #2927, #2388, #1578, #1280, #1769, #2643, #2120, #2109, #2694, #3188, #342, #1101, #175, #2682, #420, #2373, #2386, #2523, #1828, #1106, #356, #1929, #1914, #2519, #484, #2437, #2965, #2236, #2597, #2939, #933, #2953, #1003, #2354, #2696, #1683, #2630, #1639, #2879, #1071, #783, #100, #1778, #963, #3023, #1679, #401, #1398, #2303, #1534, #1716, #193, #2920, #966, #2052, #2041, #159, #720, #980, #222, #2948, #2711 ) ) ;
#3081 = CARTESIAN_POINT ( 'NONE',  ( 72.02784646172766259, 36.99999999999999289, -16.89202101154111446 ) ) ;
#3082 = AXIS2_PLACEMENT_3D ( 'NONE', #1023, #1258, #1348 ) ;
#3083 = ORIENTED_EDGE ( 'NONE', *, *, #1163, .F. ) ;
#3084 = CARTESIAN_POINT ( 'NONE',  ( 51.19178210486264646, 74.53300858899112313, -84.05402026096918178 ) ) ;
#3085 = AXIS2_PLACEMENT_3D ( 'NONE', #2609, #112, #867 ) ;
#3086 = CARTESIAN_POINT ( 'NONE',  ( 68.85576920709935678, 23.49999999999999645, -15.41285709544864702 ) ) ;
#3087 = VECTOR ( 'NONE', #1208, 1000.000000000000114 ) ;
#3088 = CARTESIAN_POINT ( 'NONE',  ( 21.50000000000000355, 4.000000000000000000, -96.87214790208498982 ) ) ;
#3089 = EDGE_LOOP ( 'NONE', ( #311, #184, #2276, #1344 ) ) ;
#3090 = PLANE ( 'NONE',  #2976 ) ;
#3091 = ORIENTED_EDGE ( 'NONE', *, *, #1339, .F. ) ;
#3092 = LINE ( 'NONE', #2659, #2416 ) ;
#3093 = ORIENTED_EDGE ( 'NONE', *, *, #2772, .F. ) ;
#3094 = PLANE ( 'NONE',  #248 ) ;
#3095 = EDGE_CURVE ( 'NONE', #2108, #516, #211, .T. ) ;
#3096 = DIRECTION ( 'NONE',  ( -0.9063077870366489375, 0.000000000000000000, 0.4226182617407014952 ) ) ;
#3097 = EDGE_CURVE ( 'NONE', #2612, #2027, #726, .T. ) ;
#3098 = ORIENTED_EDGE ( 'NONE', *, *, #1231, .T. ) ;
#3099 = FILL_AREA_STYLE_COLOUR ( '', #1821 ) ;
#3100 = DIRECTION ( 'NONE',  ( -0.4226182617407013287, -0.000000000000000000, -0.9063077870366490485 ) ) ;
#3101 = ORIENTED_EDGE ( 'NONE', *, *, #162, .T. ) ;
#3102 = CARTESIAN_POINT ( 'NONE',  ( 70.54624225406217874, 37.99999999999999289, -11.78762594730206281 ) ) ;
#3103 = ORIENTED_EDGE ( 'NONE', *, *, #2148, .F. ) ;
#3104 = DIRECTION ( 'NONE',  ( -0.4226182617407015507, -0.000000000000000000, -0.9063077870366490485 ) ) ;
#3105 = CARTESIAN_POINT ( 'NONE',  ( 72.02784646172766259, 21.99999999999999289, -16.89202101154111446 ) ) ;
#3106 = CIRCLE ( 'NONE', #1561, 1.700000000000005729 ) ;
#3107 = DIRECTION ( 'NONE',  ( -0.4226182617407014952, -0.000000000000000000, -0.9063077870366489375 ) ) ;
#3108 = ORIENTED_EDGE ( 'NONE', *, *, #596, .T. ) ;
#3109 = DIRECTION ( 'NONE',  ( -0.9063077870366491595, 0.000000000000000000, 0.4226182617407011066 ) ) ;
#3110 = EDGE_LOOP ( 'NONE', ( #371, #1706, #20, #1864, #1842 ) ) ;
#3111 = EDGE_CURVE ( 'NONE', #1773, #1024, #749, .T. ) ;
#3112 = EDGE_CURVE ( 'NONE', #246, #2646, #1486, .T. ) ;
#3113 = CARTESIAN_POINT ( 'NONE',  ( 75.19992371635592576, 40.99999999999999289, -18.37118492763356414 ) ) ;
#3114 = EDGE_CURVE ( 'NONE', #335, #2339, #2255, .T. ) ;
#3115 = ORIENTED_EDGE ( 'NONE', *, *, #446, .F. ) ;
#3116 = CARTESIAN_POINT ( 'NONE',  ( 13.34357214459343233, 9.500000000000001776, -12.49999999999999645 ) ) ;
#3117 = CARTESIAN_POINT ( 'NONE',  ( 70.54624225406217874, 4.999999999999997335, -11.78762594730206281 ) ) ;
#3118 = VECTOR ( 'NONE', #2761, 1000.000000000000000 ) ;
#3119 = ORIENTED_EDGE ( 'NONE', *, *, #885, .T. ) ;
#3120 = LINE ( 'NONE', #2081, #2655 ) ;
#3121 = ORIENTED_EDGE ( 'NONE', *, *, #1816, .F. ) ;
#3122 = DIRECTION ( 'NONE',  ( 0.000000000000000000, 1.000000000000000000, 0.000000000000000000 ) ) ;
#3123 = DIRECTION ( 'NONE',  ( -0.4226182617407011066, 0.000000000000000000, -0.9063077870366491595 ) ) ;
#3124 = EDGE_CURVE ( 'NONE', #2992, #2128, #121, .T. ) ;
#3125 = DIRECTION ( 'NONE',  ( 0.000000000000000000, 0.000000000000000000, 1.000000000000000000 ) ) ;
#3126 = ORIENTED_EDGE ( 'NONE', *, *, #870, .F. ) ;
#3127 = DIRECTION ( 'NONE',  ( -0.9063077870366490485, 0.000000000000000000, 0.4226182617407013287 ) ) ;
#3128 = ORIENTED_EDGE ( 'NONE', *, *, #686, .T. ) ;
#3129 = LINE ( 'NONE', #2445, #824 ) ;
#3130 = VERTEX_POINT ( 'NONE', #1983 ) ;
#3131 = CARTESIAN_POINT ( 'NONE',  ( 75.19992371635592576, 7.500000000000000000, -18.37118492763356414 ) ) ;
#3132 = CARTESIAN_POINT ( 'NONE',  ( 50.00000000000000000, 43.00000000000000000, 0.000000000000000000 ) ) ;
#3133 = ORIENTED_EDGE ( 'NONE', *, *, #290, .F. ) ;
#3134 = DIRECTION ( 'NONE',  ( -0.9063077870366500477, 0.000000000000000000, 0.4226182617406991637 ) ) ;
#3135 = VECTOR ( 'NONE', #3022, 1000.000000000000000 ) ;
#3136 = CIRCLE ( 'NONE', #973, 1.999999999999995115 ) ;
#3137 = AXIS2_PLACEMENT_3D ( 'NONE', #2983, #1514, #296 ) ;
#3138 = AXIS2_PLACEMENT_3D ( 'NONE', #2988, #1474, #517 ) ;
#3139 = VECTOR ( 'NONE', #636, 1000.000000000000114 ) ;
#3140 = CARTESIAN_POINT ( 'NONE',  ( 78.64194107383676169, 43.00000000000000000, -13.35595646715435514 ) ) ;
#3141 = LINE ( 'NONE', #2855, #247 ) ;
#3142 = LINE ( 'NONE', #1661, #1002 ) ;
#3143 = ORIENTED_EDGE ( 'NONE', *, *, #1896, .T. ) ;
#3144 = FACE_OUTER_BOUND ( 'NONE', #1478, .T. ) ;
#3145 = VERTEX_POINT ( 'NONE', #1516 ) ;
#3146 = FACE_OUTER_BOUND ( 'NONE', #3089, .T. ) ;
#3147 = VERTEX_POINT ( 'NONE', #2001 ) ;
#3148 = LINE ( 'NONE', #1925, #1954 ) ;
#3149 = LINE ( 'NONE', #946, #1531 ) ;
#3150 = EDGE_LOOP ( 'NONE', ( #2897, #677, #1471, #1804 ) ) ;
#3151 = CARTESIAN_POINT ( 'NONE',  ( 62.28613908100303576, 37.99999999999999289, -5.839458534525405753 ) ) ;
#3152 = PRODUCT_DEFINITION ( 'UNKNOWN', '', #1951, #2222 ) ;
#3153 = EDGE_CURVE ( 'NONE', #852, #2918, #2985, .T. ) ;
#3154 = PLANE ( 'NONE',  #929 ) ;
#3155 = DIRECTION ( 'NONE',  ( 1.000000000000000000, 0.000000000000000000, 0.000000000000000000 ) ) ;
#3156 = LINE ( 'NONE', #1692, #1513 ) ;
#3157 = CARTESIAN_POINT ( 'NONE',  ( 51.19178210486265357, 74.53300858899112313, -84.05402026096918178 ) ) ;
#3158 = EDGE_CURVE ( 'NONE', #1151, #543, #1761, .T. ) ;
#3159 = VERTEX_POINT ( 'NONE', #397 ) ;
#3160 = DIRECTION ( 'NONE',  ( 0.000000000000000000, 0.000000000000000000, 1.000000000000000000 ) ) ;
#3161 = ORIENTED_EDGE ( 'NONE', *, *, #3112, .T. ) ;
#3162 = DIRECTION ( 'NONE',  ( -0.9063077870366494926, 0.000000000000000000, 0.4226182617407004405 ) ) ;
#3163 = ORIENTED_EDGE ( 'NONE', *, *, #1727, .F. ) ;
#3164 = EDGE_CURVE ( 'NONE', #2593, #526, #1181, .T. ) ;
#3165 = DIRECTION ( 'NONE',  ( 0.000000000000000000, -1.000000000000000000, 0.000000000000000000 ) ) ;
#3166 = EDGE_CURVE ( 'NONE', #895, #2584, #884, .T. ) ;
#3167 = LINE ( 'NONE', #1417, #1332 ) ;
#3168 = AXIS2_PLACEMENT_3D ( 'NONE', #326, #1303, #2491 ) ;
#3169 = LINE ( 'NONE', #2700, #746 ) ;
#3170 = DIRECTION ( 'NONE',  ( -0.9063077870366491595, 0.000000000000000000, 0.4226182617407013287 ) ) ;
#3171 = ORIENTED_EDGE ( 'NONE', *, *, #1475, .F. ) ;
#3172 = DIRECTION ( 'NONE',  ( 1.000000000000000000, 0.000000000000000000, 0.000000000000000000 ) ) ;
#3173 = LINE ( 'NONE', #225, #1705 ) ;
#3174 = ORIENTED_EDGE ( 'NONE', *, *, #204, .F. ) ;
#3175 = AXIS2_PLACEMENT_3D ( 'NONE', #1717, #3189, #1968 ) ;
#3176 = AXIS2_PLACEMENT_3D ( 'NONE', #2350, #1110, #1300 ) ;
#3177 = CARTESIAN_POINT ( 'NONE',  ( 72.81201172165381763, 14.09999999999999787, -12.84417160165381588 ) ) ;
#3178 = CARTESIAN_POINT ( 'NONE',  ( 72.17759627072815931, 36.99999999999999289, -12.54833881843532417 ) ) ;
#3179 = VECTOR ( 'NONE', #428, 1000.000000000000114 ) ;
#3180 = DIRECTION ( 'NONE',  ( 0.4226182617407012732, 0.000000000000000000, 0.9063077870366490485 ) ) ;
#3181 = EDGE_LOOP ( 'NONE', ( #1299, #2309 ) ) ;
#3182 = VECTOR ( 'NONE', #2217, 1000.000000000000000 ) ;
#3183 = LINE ( 'NONE', #36, #1481 ) ;
#3184 = ADVANCED_FACE ( 'NONE', ( #1779 ), #2501, .F. ) ;
#3185 = DIRECTION ( 'NONE',  ( 0.000000000000000000, -1.000000000000000000, 1.084202172485504434E-16 ) ) ;
#3186 = ORIENTED_EDGE ( 'NONE', *, *, #766, .F. ) ;
#3187 = EDGE_CURVE ( 'NONE', #2646, #820, #2762, .T. ) ;
#3188 = ADVANCED_FACE ( 'NONE', ( #3065, #2745 ), #2082, .T. ) ;
#3189 = DIRECTION ( 'NONE',  ( 0.000000000000000000, 0.000000000000000000, 1.000000000000000000 ) ) ;
ENDSEC;
END-ISO-10303-21;
