ISO-10303-21;
HEADER;
FILE_DESCRIPTION (( 'STEP AP214' ),
    '1' );
FILE_NAME ('Gehäuse_Guition_Rückwand_Haupt.STEP',
    '2026-09-30T06:13:08',
    ( '' ),
    ( '' ),
    'SwSTEP 2.0',
    'SolidWorks 2026',
    '' );
FILE_SCHEMA (( 'AUTOMOTIVE_DESIGN' ));
ENDSEC;

DATA;
#1 = CARTESIAN_POINT ( 'NONE',  ( 54.99999999999999289, 2.000000000000000000, -66.00000000000000000 ) ) ;
#2 = EDGE_LOOP ( 'NONE', ( #1395, #18 ) ) ;
#3 = DIRECTION ( 'NONE',  ( 0.000000000000000000, -1.000000000000000000, 0.000000000000000000 ) ) ;
#4 = VERTEX_POINT ( 'NONE', #1184 ) ;
#5 = PLANE ( 'NONE',  #1247 ) ;
#6 = ORIENTED_EDGE ( 'NONE', *, *, #2394, .T. ) ;
#7 = DIRECTION ( 'NONE',  ( -0.000000000000000000, 1.000000000000000000, -0.000000000000000000 ) ) ;
#8 = VECTOR ( 'NONE', #478, 1000.000000000000000 ) ;
#9 = ORIENTED_EDGE ( 'NONE', *, *, #1737, .T. ) ;
#10 = AXIS2_PLACEMENT_3D ( 'NONE', #2118, #2134, #1913 ) ;
#11 = DIRECTION ( 'NONE',  ( 0.000000000000000000, -1.000000000000000000, 0.000000000000000000 ) ) ;
#12 = CARTESIAN_POINT ( 'NONE',  ( 17.00000000000001421, 1.000000000000000000, -17.00000000000000000 ) ) ;
#13 = DIRECTION ( 'NONE',  ( -0.000000000000000000, 1.000000000000000000, -0.000000000000000000 ) ) ;
#14 = ORIENTED_EDGE ( 'NONE', *, *, #419, .F. ) ;
#15 = CARTESIAN_POINT ( 'NONE',  ( 54.99999999999999289, 13.00000000000000178, -124.6999999999999602 ) ) ;
#16 = ORIENTED_EDGE ( 'NONE', *, *, #418, .T. ) ;
#17 = DIRECTION ( 'NONE',  ( -1.000000000000000000, 0.000000000000000000, -0.000000000000000000 ) ) ;
#18 = ORIENTED_EDGE ( 'NONE', *, *, #2453, .F. ) ;
#19 = CARTESIAN_POINT ( 'NONE',  ( 52.00000000000000000, 3.000000000000000000, -64.00000000000000000 ) ) ;
#20 = ORIENTED_EDGE ( 'NONE', *, *, #1416, .F. ) ;
#21 = DIRECTION ( 'NONE',  ( 0.000000000000000000, 1.000000000000000000, 0.000000000000000000 ) ) ;
#22 = AXIS2_PLACEMENT_3D ( 'NONE', #480, #31, #2738 ) ;
#23 = VERTEX_POINT ( 'NONE', #2668 ) ;
#24 = AXIS2_PLACEMENT_3D ( 'NONE', #2650, #924, #2929 ) ;
#25 = DIRECTION ( 'NONE',  ( 0.000000000000000000, 1.000000000000000000, -0.000000000000000000 ) ) ;
#26 = CARTESIAN_POINT ( 'NONE',  ( 136.9000000000000341, 7.000000000000000000, -133.0000000000000000 ) ) ;
#27 = VECTOR ( 'NONE', #800, 1000.000000000000000 ) ;
#28 = ORIENTED_EDGE ( 'NONE', *, *, #419, .T. ) ;
#29 = DIRECTION ( 'NONE',  ( 0.000000000000000000, -1.000000000000000000, 0.000000000000000000 ) ) ;
#30 = ORIENTED_EDGE ( 'NONE', *, *, #1286, .F. ) ;
#31 = DIRECTION ( 'NONE',  ( -0.000000000000000000, 1.000000000000000000, -0.000000000000000000 ) ) ;
#32 = DIRECTION ( 'NONE',  ( 0.000000000000000000, 1.000000000000000000, 0.000000000000000000 ) ) ;
#33 = ORIENTED_EDGE ( 'NONE', *, *, #776, .F. ) ;
#34 = LINE ( 'NONE', #529, #2412 ) ;
#35 = DIRECTION ( 'NONE',  ( 0.000000000000000000, 0.000000000000000000, 1.000000000000000000 ) ) ;
#36 = EDGE_CURVE ( 'NONE', #1698, #2611, #896, .T. ) ;
#37 = VECTOR ( 'NONE', #3180, 1000.000000000000000 ) ;
#38 = EDGE_CURVE ( 'NONE', #2230, #1279, #177, .T. ) ;
#39 = ORIENTED_EDGE ( 'NONE', *, *, #865, .T. ) ;
#40 = EDGE_CURVE ( 'NONE', #1620, #558, #2509, .T. ) ;
#41 = CARTESIAN_POINT ( 'NONE',  ( 0.000000000000000000, 3.000000000000000000, -8.000000000000000000 ) ) ;
#42 = DIRECTION ( 'NONE',  ( -1.000000000000000000, -0.000000000000000000, -0.000000000000000000 ) ) ;
#43 = ORIENTED_EDGE ( 'NONE', *, *, #1227, .T. ) ;
#44 = VECTOR ( 'NONE', #194, 1000.000000000000000 ) ;
#45 = LINE ( 'NONE', #2002, #2500 ) ;
#46 = ORIENTED_EDGE ( 'NONE', *, *, #1535, .F. ) ;
#47 = DIRECTION ( 'NONE',  ( 0.000000000000000000, 0.000000000000000000, 1.000000000000000000 ) ) ;
#48 = CARTESIAN_POINT ( 'NONE',  ( 136.9000000000000341, 1.000000000000000000, -134.6999999999999886 ) ) ;
#49 = DIRECTION ( 'NONE',  ( 0.000000000000000000, 0.000000000000000000, -1.000000000000000000 ) ) ;
#50 = EDGE_CURVE ( 'NONE', #1176, #1577, #1173, .T. ) ;
#51 = ORIENTED_EDGE ( 'NONE', *, *, #2561, .F. ) ;
#52 = VECTOR ( 'NONE', #3012, 1000.000000000000000 ) ;
#53 = AXIS2_PLACEMENT_3D ( 'NONE', #671, #2604, #3018 ) ;
#54 = ORIENTED_EDGE ( 'NONE', *, *, #1080, .T. ) ;
#55 = ORIENTED_EDGE ( 'NONE', *, *, #1747, .T. ) ;
#56 = EDGE_CURVE ( 'NONE', #1782, #2440, #457, .T. ) ;
#57 = LINE ( 'NONE', #1770, #2451 ) ;
#58 = ORIENTED_EDGE ( 'NONE', *, *, #1778, .F. ) ;
#59 = LINE ( 'NONE', #2993, #890 ) ;
#60 = ORIENTED_EDGE ( 'NONE', *, *, #512, .F. ) ;
#61 = LINE ( 'NONE', #2492, #608 ) ;
#62 = DIRECTION ( 'NONE',  ( -1.000000000000000000, 0.000000000000000000, 1.052942929272720237E-16 ) ) ;
#63 = AXIS2_PLACEMENT_3D ( 'NONE', #1141, #3125, #3144 ) ;
#64 = AXIS2_PLACEMENT_3D ( 'NONE', #659, #201, #1673 ) ;
#65 = VERTEX_POINT ( 'NONE', #665 ) ;
#66 = ORIENTED_EDGE ( 'NONE', *, *, #684, .F. ) ;
#67 = ORIENTED_EDGE ( 'NONE', *, *, #1859, .F. ) ;
#68 = ADVANCED_FACE ( 'NONE', ( #1200 ), #1432, .F. ) ;
#69 = ORIENTED_EDGE ( 'NONE', *, *, #968, .F. ) ;
#70 = DIRECTION ( 'NONE',  ( 0.000000000000000000, 0.000000000000000000, 1.000000000000000000 ) ) ;
#71 = AXIS2_PLACEMENT_3D ( 'NONE', #1938, #1418, #1695 ) ;
#72 = EDGE_CURVE ( 'NONE', #558, #1620, #1679, .T. ) ;
#73 = ORIENTED_EDGE ( 'NONE', *, *, #2062, .T. ) ;
#74 = DIRECTION ( 'NONE',  ( 0.000000000000000000, 0.000000000000000000, 1.000000000000000000 ) ) ;
#75 = EDGE_CURVE ( 'NONE', #2292, #1336, #650, .T. ) ;
#76 = DIRECTION ( 'NONE',  ( 0.000000000000000000, 1.000000000000000000, 0.000000000000000000 ) ) ;
#77 = ORIENTED_EDGE ( 'NONE', *, *, #1064, .T. ) ;
#78 = CIRCLE ( 'NONE', #282, 3.000000000000002665 ) ;
#79 = CARTESIAN_POINT ( 'NONE',  ( 17.00000000000000355, 1.000000000000000000, -108.6999999999999744 ) ) ;
#80 = EDGE_CURVE ( 'NONE', #481, #1946, #2657, .T. ) ;
#81 = VECTOR ( 'NONE', #2314, 1000.000000000000000 ) ;
#82 = ORIENTED_EDGE ( 'NONE', *, *, #2479, .F. ) ;
#83 = EDGE_CURVE ( 'NONE', #1031, #451, #3090, .T. ) ;
#84 = ORIENTED_EDGE ( 'NONE', *, *, #1877, .F. ) ;
#85 = CARTESIAN_POINT ( 'NONE',  ( 136.9000000000000341, 3.000000000000000000, -122.3999999999999773 ) ) ;
#86 = VERTEX_POINT ( 'NONE', #442 ) ;
#87 = DIRECTION ( 'NONE',  ( 0.000000000000000000, -1.000000000000000000, 0.000000000000000000 ) ) ;
#88 = VERTEX_POINT ( 'NONE', #681 ) ;
#89 = DIRECTION ( 'NONE',  ( 0.000000000000000000, -1.000000000000000000, 0.000000000000000000 ) ) ;
#90 = DIRECTION ( 'NONE',  ( 0.000000000000000000, 0.000000000000000000, 1.000000000000000000 ) ) ;
#91 = DIRECTION ( 'NONE',  ( 0.000000000000000000, 0.000000000000000000, 1.000000000000000000 ) ) ;
#92 = ORIENTED_EDGE ( 'NONE', *, *, #1082, .T. ) ;
#93 = ORIENTED_EDGE ( 'NONE', *, *, #1672, .T. ) ;
#94 = FACE_OUTER_BOUND ( 'NONE', #2679, .T. ) ;
#95 = ORIENTED_EDGE ( 'NONE', *, *, #2063, .F. ) ;
#96 = CYLINDRICAL_SURFACE ( 'NONE', #1823, 1.699999999999979305 ) ;
#97 = DIRECTION ( 'NONE',  ( 0.000000000000000000, 0.000000000000000000, -1.000000000000000000 ) ) ;
#98 = ORIENTED_EDGE ( 'NONE', *, *, #882, .T. ) ;
#99 = DIRECTION ( 'NONE',  ( -1.000000000000000000, 0.000000000000000000, 0.000000000000000000 ) ) ;
#100 = LINE ( 'NONE', #2265, #3062 ) ;
#101 = CARTESIAN_POINT ( 'NONE',  ( 0.000000000000000000, 1.000000000000000000, -108.6999999999999744 ) ) ;
#102 = FACE_OUTER_BOUND ( 'NONE', #3086, .T. ) ;
#103 = ORIENTED_EDGE ( 'NONE', *, *, #1872, .T. ) ;
#104 = ADVANCED_FACE ( 'NONE', ( #421 ), #3157, .F. ) ;
#105 = EDGE_LOOP ( 'NONE', ( #2287, #185, #2675, #548, #1248, #768, #316, #2016 ) ) ;
#106 = LINE ( 'NONE', #3052, #696 ) ;
#107 = DIRECTION ( 'NONE',  ( 0.000000000000000000, 1.000000000000000000, 0.000000000000000000 ) ) ;
#108 = EDGE_LOOP ( 'NONE', ( #398, #154, #58, #2959 ) ) ;
#109 = DIRECTION ( 'NONE',  ( -0.000000000000000000, 1.000000000000000000, -0.000000000000000000 ) ) ;
#110 = DIRECTION ( 'NONE',  ( -0.000000000000000000, 1.000000000000000000, -0.000000000000000000 ) ) ;
#111 = CARTESIAN_POINT ( 'NONE',  ( 185.8000000000000114, 28.00000000000000000, -125.3999999999999346 ) ) ;
#112 = ORIENTED_EDGE ( 'NONE', *, *, #2756, .T. ) ;
#113 = PLANE ( 'NONE',  #2829 ) ;
#114 = VECTOR ( 'NONE', #1160, 1000.000000000000000 ) ;
#115 = CARTESIAN_POINT ( 'NONE',  ( 186.7999999999999829, 13.00000000000000178, -42.00000000000000000 ) ) ;
#116 = LINE ( 'NONE', #2321, #670 ) ;
#117 = CARTESIAN_POINT ( 'NONE',  ( 186.8000000000000114, 13.00000000000002842, -42.00000000000000000 ) ) ;
#118 = VECTOR ( 'NONE', #1705, 1000.000000000000000 ) ;
#119 = LINE ( 'NONE', #269, #1667 ) ;
#120 = ORIENTED_EDGE ( 'NONE', *, *, #865, .F. ) ;
#121 = EDGE_CURVE ( 'NONE', #292, #2708, #1749, .T. ) ;
#122 = CIRCLE ( 'NONE', #1675, 8.000000000000007105 ) ;
#123 = CARTESIAN_POINT ( 'NONE',  ( 54.99999999999999289, 0.000000000000000000, -36.99999999999998579 ) ) ;
#124 = EDGE_CURVE ( 'NONE', #2340, #2607, #2008, .T. ) ;
#125 = AXIS2_PLACEMENT_3D ( 'NONE', #2190, #2720, #2731 ) ;
#126 = EDGE_LOOP ( 'NONE', ( #2854, #2313, #190, #562 ) ) ;
#127 = EDGE_CURVE ( 'NONE', #1759, #2011, #3103, .T. ) ;
#128 = DIRECTION ( 'NONE',  ( -0.000000000000000000, 1.000000000000000000, -0.000000000000000000 ) ) ;
#129 = DIRECTION ( 'NONE',  ( 0.000000000000000000, 1.000000000000000000, 0.000000000000000000 ) ) ;
#130 = LINE ( 'NONE', #3093, #3104 ) ;
#131 = FACE_OUTER_BOUND ( 'NONE', #971, .T. ) ;
#132 =( NAMED_UNIT ( * ) PLANE_ANGLE_UNIT ( ) SI_UNIT ( $, .RADIAN. ) );
#133 = LINE ( 'NONE', #2082, #2013 ) ;
#134 = DIRECTION ( 'NONE',  ( -0.000000000000000000, 1.000000000000000000, -0.000000000000000000 ) ) ;
#135 = DIRECTION ( 'NONE',  ( 0.000000000000000000, 0.000000000000000000, 1.000000000000000000 ) ) ;
#136 = VERTEX_POINT ( 'NONE', #1396 ) ;
#137 = ADVANCED_FACE ( 'NONE', ( #2380 ), #1196, .F. ) ;
#138 = EDGE_CURVE ( 'NONE', #3023, #2475, #2125, .T. ) ;
#139 = VECTOR ( 'NONE', #826, 1000.000000000000000 ) ;
#140 = ORIENTED_EDGE ( 'NONE', *, *, #1391, .F. ) ;
#141 = DIRECTION ( 'NONE',  ( -0.000000000000000000, 1.000000000000000000, -0.000000000000000000 ) ) ;
#142 = FACE_OUTER_BOUND ( 'NONE', #2210, .T. ) ;
#143 = DIRECTION ( 'NONE',  ( 0.000000000000000000, 0.000000000000000000, 1.000000000000000000 ) ) ;
#144 = DIRECTION ( 'NONE',  ( -0.000000000000000000, -1.000000000000000000, -0.000000000000000000 ) ) ;
#145 = EDGE_CURVE ( 'NONE', #2230, #1528, #912, .T. ) ;
#146 = CARTESIAN_POINT ( 'NONE',  ( 55.99999999999999289, 28.00000000000000000, -123.6999999999999460 ) ) ;
#147 = AXIS2_PLACEMENT_3D ( 'NONE', #2231, #2404, #2932 ) ;
#148 = CARTESIAN_POINT ( 'NONE',  ( 135.8000000000000398, 1.000000000000001332, -13.00000000000000000 ) ) ;
#149 = VERTEX_POINT ( 'NONE', #1937 ) ;
#150 = CYLINDRICAL_SURFACE ( 'NONE', #1858, 8.000000000000000000 ) ;
#151 = CARTESIAN_POINT ( 'NONE',  ( 136.9000000000000341, 1.000000000000000000, -136.4000000000000057 ) ) ;
#152 = ORIENTED_EDGE ( 'NONE', *, *, #181, .F. ) ;
#153 = CARTESIAN_POINT ( 'NONE',  ( 136.9000000000000341, 7.000000000000000000, -122.3999999999999773 ) ) ;
#154 = ORIENTED_EDGE ( 'NONE', *, *, #991, .F. ) ;
#155 = ORIENTED_EDGE ( 'NONE', *, *, #518, .F. ) ;
#156 = EDGE_CURVE ( 'NONE', #1009, #1047, #2928, .T. ) ;
#157 = DIRECTION ( 'NONE',  ( -0.000000000000000000, 1.000000000000000000, -0.000000000000000000 ) ) ;
#158 = CIRCLE ( 'NONE', #2593, 1.699999999999979305 ) ;
#159 = DIRECTION ( 'NONE',  ( -0.000000000000000000, -1.000000000000000000, -0.000000000000000000 ) ) ;
#160 = VECTOR ( 'NONE', #1839, 1000.000000000000000 ) ;
#161 = DIRECTION ( 'NONE',  ( -0.000000000000000000, 1.000000000000000000, -0.000000000000000000 ) ) ;
#162 = ADVANCED_FACE ( 'NONE', ( #2170 ), #213, .F. ) ;
#163 = ADVANCED_FACE ( 'NONE', ( #1158 ), #1408, .T. ) ;
#164 = FACE_OUTER_BOUND ( 'NONE', #333, .T. ) ;
#165 = ORIENTED_EDGE ( 'NONE', *, *, #2899, .T. ) ;
#166 = DIRECTION ( 'NONE',  ( -1.000000000000000000, 0.000000000000000000, 0.000000000000000000 ) ) ;
#167 = CYLINDRICAL_SURFACE ( 'NONE', #2779, 1.500000000000001332 ) ;
#168 = EDGE_CURVE ( 'NONE', #249, #223, #1174, .T. ) ;
#169 = AXIS2_PLACEMENT_3D ( 'NONE', #325, #2868, #2887 ) ;
#170 = CARTESIAN_POINT ( 'NONE',  ( 135.8000000000000398, 0.000000000000000000, -13.00000000000000000 ) ) ;
#171 = EDGE_LOOP ( 'NONE', ( #499, #1348, #623, #1171 ) ) ;
#172 = VECTOR ( 'NONE', #618, 1000.000000000000000 ) ;
#173 = AXIS2_PLACEMENT_3D ( 'NONE', #2985, #775, #49 ) ;
#174 = VERTEX_POINT ( 'NONE', #1442 ) ;
#175 = CIRCLE ( 'NONE', #1980, 1.500000000000001332 ) ;
#176 = EDGE_CURVE ( 'NONE', #2457, #2273, #2425, .T. ) ;
#177 = LINE ( 'NONE', #631, #2399 ) ;
#178 = DIRECTION ( 'NONE',  ( 0.000000000000000000, 0.000000000000000000, -1.000000000000000000 ) ) ;
#179 = DIRECTION ( 'NONE',  ( 0.000000000000000000, 0.000000000000000000, 1.000000000000000000 ) ) ;
#180 = CARTESIAN_POINT ( 'NONE',  ( 0.000000000000000000, 0.000000000000000000, 0.000000000000000000 ) ) ;
#181 = EDGE_CURVE ( 'NONE', #3190, #1949, #1674, .T. ) ;
#182 = VECTOR ( 'NONE', #524, 1000.000000000000000 ) ;
#183 = VECTOR ( 'NONE', #895, 1000.000000000000000 ) ;
#184 = DIRECTION ( 'NONE',  ( 0.000000000000000000, 1.000000000000000000, -0.000000000000000000 ) ) ;
#185 = ORIENTED_EDGE ( 'NONE', *, *, #2426, .T. ) ;
#186 = CARTESIAN_POINT ( 'NONE',  ( 8.000000000000000000, 3.000000000000000000, -8.000000000000000000 ) ) ;
#187 = DIRECTION ( 'NONE',  ( 0.000000000000000000, -1.000000000000000000, 0.000000000000000000 ) ) ;
#188 = ORIENTED_EDGE ( 'NONE', *, *, #1574, .T. ) ;
#189 = DIRECTION ( 'NONE',  ( 0.000000000000000000, -0.000000000000000000, 1.000000000000000000 ) ) ;
#190 = ORIENTED_EDGE ( 'NONE', *, *, #121, .T. ) ;
#191 = EDGE_CURVE ( 'NONE', #1826, #921, #3185, .T. ) ;
#192 = ORIENTED_EDGE ( 'NONE', *, *, #2479, .T. ) ;
#193 = CARTESIAN_POINT ( 'NONE',  ( 8.000000000000000000, 0.000000000000000000, -154.6999999999999886 ) ) ;
#194 = DIRECTION ( 'NONE',  ( 0.000000000000000000, 0.000000000000000000, 1.000000000000000000 ) ) ;
#195 = CARTESIAN_POINT ( 'NONE',  ( 13.00000000000001066, 1.000000000000001332, -143.1999999999999602 ) ) ;
#196 = EDGE_CURVE ( 'NONE', #2542, #998, #3000, .T. ) ;
#197 = FACE_OUTER_BOUND ( 'NONE', #1641, .T. ) ;
#198 = DIRECTION ( 'NONE',  ( -2.299550589530150753E-16, -0.000000000000000000, -1.000000000000000000 ) ) ;
#199 = CARTESIAN_POINT ( 'NONE',  ( 97.90000000000003411, 22.50000000000000000, -127.6999999999999460 ) ) ;
#200 = ORIENTED_EDGE ( 'NONE', *, *, #2799, .T. ) ;
#201 = DIRECTION ( 'NONE',  ( 0.000000000000000000, 0.000000000000000000, -1.000000000000000000 ) ) ;
#202 = CARTESIAN_POINT ( 'NONE',  ( 13.00000000000003908, 0.000000000000000000, -14.49999999999999467 ) ) ;
#203 = ORIENTED_EDGE ( 'NONE', *, *, #3034, .T. ) ;
#204 = DIRECTION ( 'NONE',  ( -1.000000000000000000, 0.000000000000000000, 1.149775294765075377E-16 ) ) ;
#205 = ORIENTED_EDGE ( 'NONE', *, *, #491, .F. ) ;
#206 = ORIENTED_EDGE ( 'NONE', *, *, #3113, .F. ) ;
#208 = CARTESIAN_POINT ( 'NONE',  ( 55.99999999999999289, 19.99999999999999289, -37.99999999999999289 ) ) ;
#207 = VECTOR ( 'NONE', #714, 1000.000000000000000 ) ;
#209 = DIRECTION ( 'NONE',  ( -0.000000000000000000, 1.000000000000000000, -0.000000000000000000 ) ) ;
#210 = DIRECTION ( 'NONE',  ( 1.000000000000000000, 0.000000000000000000, 0.000000000000000000 ) ) ;
#211 = AXIS2_PLACEMENT_3D ( 'NONE', #1455, #1482, #17 ) ;
#212 = DIRECTION ( 'NONE',  ( 0.000000000000000000, 0.000000000000000000, 1.000000000000000000 ) ) ;
#213 = CONICAL_SURFACE ( 'NONE', #783, 1.699999999999979305, 1.029744258676650537 ) ;
#214 = AXIS2_PLACEMENT_3D ( 'NONE', #1635, #1895, #3149 ) ;
#215 = DIRECTION ( 'NONE',  ( -1.000000000000000000, 0.000000000000000000, 0.000000000000000000 ) ) ;
#216 = ORIENTED_EDGE ( 'NONE', *, *, #2465, .F. ) ;
#217 = LINE ( 'NONE', #1959, #1049 ) ;
#218 = ORIENTED_EDGE ( 'NONE', *, *, #2465, .T. ) ;
#219 = DIRECTION ( 'NONE',  ( 0.000000000000000000, 1.000000000000000000, 0.000000000000000000 ) ) ;
#220 = ADVANCED_FACE ( 'NONE', ( #709 ), #948, .T. ) ;
#221 = ORIENTED_EDGE ( 'NONE', *, *, #943, .T. ) ;
#222 = FACE_OUTER_BOUND ( 'NONE', #892, .T. ) ;
#223 = VERTEX_POINT ( 'NONE', #2182 ) ;
#224 = CONICAL_SURFACE ( 'NONE', #1054, 1.699999999999986189, 1.029744258676652313 ) ;
#225 = CIRCLE ( 'NONE', #2439, 8.000000000000000000 ) ;
#226 = DIRECTION ( 'NONE',  ( 1.000000000000000000, 0.000000000000000000, 0.000000000000000000 ) ) ;
#227 = DIRECTION ( 'NONE',  ( 0.000000000000000000, 1.000000000000000000, 0.000000000000000000 ) ) ;
#228 = PLANE ( 'NONE',  #2381 ) ;
#229 = VECTOR ( 'NONE', #1624, 1000.000000000000000 ) ;
#230 = EDGE_LOOP ( 'NONE', ( #1743, #2524 ) ) ;
#231 = LINE ( 'NONE', #1224, #37 ) ;
#232 = EDGE_LOOP ( 'NONE', ( #3134, #663, #2322, #3048 ) ) ;
#233 = DIRECTION ( 'NONE',  ( 0.000000000000000000, 1.000000000000000000, 0.000000000000000000 ) ) ;
#234 = CIRCLE ( 'NONE', #1464, 1.499999999999992673 ) ;
#235 = ORIENTED_EDGE ( 'NONE', *, *, #1075, .T. ) ;
#236 = FACE_OUTER_BOUND ( 'NONE', #1587, .T. ) ;
#237 = VECTOR ( 'NONE', #2793, 1000.000000000000000 ) ;
#238 = ORIENTED_EDGE ( 'NONE', *, *, #843, .F. ) ;
#239 = FACE_BOUND ( 'NONE', #3181, .T. ) ;
#240 = ORIENTED_EDGE ( 'NONE', *, *, #2700, .T. ) ;
#241 = LINE ( 'NONE', #1164, #1065 ) ;
#242 = DIRECTION ( 'NONE',  ( -0.000000000000000000, 1.000000000000000000, -0.000000000000000000 ) ) ;
#243 = DIRECTION ( 'NONE',  ( 0.000000000000000000, 0.000000000000000000, 1.000000000000000000 ) ) ;
#244 = ORIENTED_EDGE ( 'NONE', *, *, #127, .F. ) ;
#245 = CARTESIAN_POINT ( 'NONE',  ( 114.3999999999999488, 72.40000000000001990, -36.99999999999999289 ) ) ;
#246 = ORIENTED_EDGE ( 'NONE', *, *, #2699, .F. ) ;
#247 = ADVANCED_FACE ( 'NONE', ( #236 ), #2147, .T. ) ;
#248 = DIRECTION ( 'NONE',  ( 0.000000000000000000, -1.000000000000000000, 0.000000000000000000 ) ) ;
#249 = VERTEX_POINT ( 'NONE', #450 ) ;
#250 = CYLINDRICAL_SURFACE ( 'NONE', #2681, 1.699999999999993072 ) ;
#251 = ORIENTED_EDGE ( 'NONE', *, *, #2062, .F. ) ;
#252 = DIRECTION ( 'NONE',  ( 0.000000000000000000, -0.000000000000000000, 1.000000000000000000 ) ) ;
#253 = ORIENTED_EDGE ( 'NONE', *, *, #838, .T. ) ;
#254 = CIRCLE ( 'NONE', #1648, 1.499999999999973577 ) ;
#255 = CARTESIAN_POINT ( 'NONE',  ( 181.7999999999999829, 13.00000000000000178, -119.6999999999999602 ) ) ;
#256 = DIRECTION ( 'NONE',  ( 0.000000000000000000, 0.000000000000000000, 1.000000000000000000 ) ) ;
#257 = ORIENTED_EDGE ( 'NONE', *, *, #2309, .T. ) ;
#258 = EDGE_CURVE ( 'NONE', #463, #1251, #1390, .T. ) ;
#259 = LINE ( 'NONE', #245, #2943 ) ;
#260 = ORIENTED_EDGE ( 'NONE', *, *, #2653, .T. ) ;
#261 = CARTESIAN_POINT ( 'NONE',  ( 238.8000000000000114, 3.000000000000000000, -8.000000000000000000 ) ) ;
#262 = EDGE_CURVE ( 'NONE', #3035, #3023, #2903, .T. ) ;
#263 = VERTEX_POINT ( 'NONE', #202 ) ;
#264 = LINE ( 'NONE', #19, #52 ) ;
#265 = PLANE ( 'NONE',  #1355 ) ;
#266 = EDGE_CURVE ( 'NONE', #1581, #2409, #2211, .T. ) ;
#267 = ORIENTED_EDGE ( 'NONE', *, *, #335, .F. ) ;
#268 = AXIS2_PLACEMENT_3D ( 'NONE', #375, #3153, #393 ) ;
#269 = CARTESIAN_POINT ( 'NONE',  ( 136.9000000000000341, 7.000000000000000000, -136.3999999999999773 ) ) ;
#270 = DIRECTION ( 'NONE',  ( -0.000000000000000000, 1.000000000000000000, -0.000000000000000000 ) ) ;
#271 = ADVANCED_FACE ( 'NONE', ( #1191, #660, #2372 ), #689, .F. ) ;
#272 = VECTOR ( 'NONE', #2253, 1000.000000000000000 ) ;
#273 = VERTEX_POINT ( 'NONE', #2922 ) ;
#274 = DIRECTION ( 'NONE',  ( -1.704887937077944188E-16, -0.000000000000000000, -1.000000000000000000 ) ) ;
#275 = EDGE_CURVE ( 'NONE', #2566, #371, #1636, .T. ) ;
#276 = ORIENTED_EDGE ( 'NONE', *, *, #2221, .T. ) ;
#277 = DIRECTION ( 'NONE',  ( -0.000000000000000000, 1.000000000000000000, -0.000000000000000000 ) ) ;
#278 = VECTOR ( 'NONE', #1660, 1000.000000000000000 ) ;
#279 = ORIENTED_EDGE ( 'NONE', *, *, #1616, .F. ) ;
#280 = DIRECTION ( 'NONE',  ( 0.000000000000000000, 0.000000000000000000, -1.000000000000000000 ) ) ;
#281 = VECTOR ( 'NONE', #472, 1000.000000000000000 ) ;
#282 = AXIS2_PLACEMENT_3D ( 'NONE', #2331, #129, #3092 ) ;
#283 = CARTESIAN_POINT ( 'NONE',  ( 0.000000000000000000, 28.00000000000000000, 0.000000000000000000 ) ) ;
#284 = STYLED_ITEM ( 'NONE', ( #305 ), #1553 ) ;
#285 = EDGE_LOOP ( 'NONE', ( #2539, #2767, #1715, #391, #1225, #14, #2762, #2285, #9, #308, #454, #2397 ) ) ;
#286 = ADVANCED_FACE ( 'NONE', ( #429 ), #167, .F. ) ;
#287 = ORIENTED_EDGE ( 'NONE', *, *, #1535, .T. ) ;
#288 = ORIENTED_EDGE ( 'NONE', *, *, #1349, .F. ) ;
#289 = CARTESIAN_POINT ( 'NONE',  ( 101.9000000000000341, 7.000000000000000000, -136.3999999999999773 ) ) ;
#290 = ORIENTED_EDGE ( 'NONE', *, *, #266, .F. ) ;
#291 = DIRECTION ( 'NONE',  ( -1.000000000000000000, -0.000000000000000000, -0.000000000000000000 ) ) ;
#292 = VERTEX_POINT ( 'NONE', #2678 ) ;
#293 = CARTESIAN_POINT ( 'NONE',  ( 55.99999999999999289, 28.00000000000000000, -37.99999999999999289 ) ) ;
#294 = VECTOR ( 'NONE', #2587, 1000.000000000000000 ) ;
#295 = FACE_OUTER_BOUND ( 'NONE', #1513, .T. ) ;
#296 = ORIENTED_EDGE ( 'NONE', *, *, #75, .T. ) ;
#297 = DIRECTION ( 'NONE',  ( 0.000000000000000000, -1.000000000000000000, 0.000000000000000000 ) ) ;
#298 = EDGE_CURVE ( 'NONE', #1503, #1910, #1426, .T. ) ;
#299 = CARTESIAN_POINT ( 'NONE',  ( 101.9000000000000341, 1.000000000000000000, -136.3999999999999773 ) ) ;
#300 = AXIS2_PLACEMENT_3D ( 'NONE', #354, #3060, #620 ) ;
#301 = VERTEX_POINT ( 'NONE', #1036 ) ;
#302 = EDGE_CURVE ( 'NONE', #2475, #1826, #1733, .T. ) ;
#303 = VERTEX_POINT ( 'NONE', #2006 ) ;
#304 = ADVANCED_FACE ( 'NONE', ( #2713 ), #250, .F. ) ;
#305 = PRESENTATION_STYLE_ASSIGNMENT (( #563 ) ) ;
#306 = EDGE_LOOP ( 'NONE', ( #2251, #2050, #2498, #1393 ) ) ;
#307 = CARTESIAN_POINT ( 'NONE',  ( 51.99999999999998579, 0.000000000000000000, -106.6999999999999744 ) ) ;
#308 = ORIENTED_EDGE ( 'NONE', *, *, #629, .T. ) ;
#309 = CARTESIAN_POINT ( 'NONE',  ( 8.000000000000000000, 0.000000000000000000, 0.000000000000000000 ) ) ;
#310 = DIRECTION ( 'NONE',  ( 1.000000000000000000, 0.000000000000000000, 0.000000000000000000 ) ) ;
#311 = EDGE_CURVE ( 'NONE', #23, #2566, #1433, .T. ) ;
#312 = AXIS2_PLACEMENT_3D ( 'NONE', #2726, #2711, #2691 ) ;
#313 = VECTOR ( 'NONE', #166, 1000.000000000000000 ) ;
#314 = VERTEX_POINT ( 'NONE', #2218 ) ;
#315 = EDGE_CURVE ( 'NONE', #2992, #1377, #264, .T. ) ;
#316 = ORIENTED_EDGE ( 'NONE', *, *, #2841, .T. ) ;
#317 = VERTEX_POINT ( 'NONE', #1975 ) ;
#318 = CARTESIAN_POINT ( 'NONE',  ( 221.8000000000000114, 1.000000000000000000, -137.6999999999999886 ) ) ;
#319 = ORIENTED_EDGE ( 'NONE', *, *, #1552, .T. ) ;
#320 = CYLINDRICAL_SURFACE ( 'NONE', #2428, 1.500000000000001332 ) ;
#321 = CIRCLE ( 'NONE', #3010, 1.500000000000001332 ) ;
#322 = ORIENTED_EDGE ( 'NONE', *, *, #2427, .T. ) ;
#323 = FACE_BOUND ( 'NONE', #1707, .T. ) ;
#324 = DIRECTION ( 'NONE',  ( -0.000000000000000000, -0.000000000000000000, -1.000000000000000000 ) ) ;
#325 = CARTESIAN_POINT ( 'NONE',  ( 230.8000000000000114, 0.000000000000000000, -146.6999999999999602 ) ) ;
#326 = ORIENTED_EDGE ( 'NONE', *, *, #2672, .F. ) ;
#327 = CIRCLE ( 'NONE', #1510, 1.699999999999993072 ) ;
#328 = ORIENTED_EDGE ( 'NONE', *, *, #262, .T. ) ;
#329 = LINE ( 'NONE', #1321, #956 ) ;
#330 = ORIENTED_EDGE ( 'NONE', *, *, #518, .T. ) ;
#331 =( LENGTH_UNIT ( ) NAMED_UNIT ( * ) SI_UNIT ( .MILLI., .METRE. ) );
#332 = DIRECTION ( 'NONE',  ( 0.000000000000000000, 1.000000000000000000, 0.000000000000000000 ) ) ;
#333 = EDGE_LOOP ( 'NONE', ( #1846, #2990, #2014, #2761 ) ) ;
#334 = CARTESIAN_POINT ( 'NONE',  ( 101.9000000000000341, 1.000000000000000000, -134.6999999999999886 ) ) ;
#335 = EDGE_CURVE ( 'NONE', #1828, #317, #34, .T. ) ;
#336 = DIRECTION ( 'NONE',  ( -0.000000000000000000, 1.000000000000000000, -0.000000000000000000 ) ) ;
#337 = LINE ( 'NONE', #355, #2206 ) ;
#338 = ORIENTED_EDGE ( 'NONE', *, *, #3004, .T. ) ;
#339 = DIRECTION ( 'NONE',  ( 0.000000000000000000, -1.000000000000000000, 0.000000000000000000 ) ) ;
#340 = VERTEX_POINT ( 'NONE', #2768 ) ;
#341 = LINE ( 'NONE', #1332, #2025 ) ;
#342 = ORIENTED_EDGE ( 'NONE', *, *, #3029, .F. ) ;
#343 = LINE ( 'NONE', #859, #1409 ) ;
#344 = EDGE_LOOP ( 'NONE', ( #1795, #2780, #1755, #626 ) ) ;
#345 = FACE_OUTER_BOUND ( 'NONE', #1542, .T. ) ;
#346 = FACE_OUTER_BOUND ( 'NONE', #3155, .T. ) ;
#347 = DIRECTION ( 'NONE',  ( 0.000000000000000000, 0.000000000000000000, -1.000000000000000000 ) ) ;
#348 = EDGE_LOOP ( 'NONE', ( #2181, #2353, #2927, #988, #1195, #2515, #1276, #3110, #33, #1821, #2527, #2179 ) ) ;
#349 = FACE_BOUND ( 'NONE', #2570, .T. ) ;
#350 = ADVANCED_FACE ( 'NONE', ( #2954 ), #2264, .F. ) ;
#351 = LINE ( 'NONE', #1873, #172 ) ;
#352 = ADVANCED_FACE ( 'NONE', ( #798 ), #2984, .F. ) ;
#353 = DIRECTION ( 'NONE',  ( 0.000000000000000000, 0.000000000000000000, -1.000000000000000000 ) ) ;
#354 = CARTESIAN_POINT ( 'NONE',  ( 55.99999999999999289, 19.99999999999999289, -37.99999999999999289 ) ) ;
#355 = CARTESIAN_POINT ( 'NONE',  ( 52.00000000000000711, 0.000000000000000000, -36.99999999999999289 ) ) ;
#356 = LINE ( 'NONE', #1739, #2325 ) ;
#357 = ORIENTED_EDGE ( 'NONE', *, *, #742, .T. ) ;
#358 = EDGE_CURVE ( 'NONE', #2409, #1581, #874, .T. ) ;
#359 = AXIS2_PLACEMENT_3D ( 'NONE', #970, #482, #1210 ) ;
#360 = AXIS2_PLACEMENT_3D ( 'NONE', #881, #2602, #388 ) ;
#361 = VERTEX_POINT ( 'NONE', #2478 ) ;
#362 = CARTESIAN_POINT ( 'NONE',  ( 13.00000000000001066, 1.000000000000000000, -140.1999999999999602 ) ) ;
#363 = DIRECTION ( 'NONE',  ( 0.000000000000000000, 0.000000000000000000, -1.000000000000000000 ) ) ;
#364 = ORIENTED_EDGE ( 'NONE', *, *, #1997, .T. ) ;
#365 = DIRECTION ( 'NONE',  ( -0.000000000000000000, 0.000000000000000000, -1.000000000000000000 ) ) ;
#366 = DIRECTION ( 'NONE',  ( -0.000000000000000000, 1.000000000000000000, -0.000000000000000000 ) ) ;
#367 = LINE ( 'NONE', #2316, #734 ) ;
#368 = CARTESIAN_POINT ( 'NONE',  ( 136.9000000000000341, 7.000000000000001776, -122.3999999999999631 ) ) ;
#369 = EDGE_CURVE ( 'NONE', #2000, #1949, #61, .T. ) ;
#370 = VECTOR ( 'NONE', #13, 1000.000000000000000 ) ;
#371 = VERTEX_POINT ( 'NONE', #1048 ) ;
#372 = VECTOR ( 'NONE', #3083, 1000.000000000000000 ) ;
#373 = DIRECTION ( 'NONE',  ( 0.000000000000000000, 0.000000000000000000, -1.000000000000000000 ) ) ;
#374 = CARTESIAN_POINT ( 'NONE',  ( 238.8010000000000161, 0.000000000000000000, -106.7000000000000028 ) ) ;
#375 = CARTESIAN_POINT ( 'NONE',  ( 135.8000000000000114, 1.000000000000001332, -141.6999999999999602 ) ) ;
#376 = EDGE_LOOP ( 'NONE', ( #2236, #1325, #1539, #1042 ) ) ;
#377 = AXIS2_PLACEMENT_3D ( 'NONE', #2656, #1187, #390 ) ;
#378 = DIRECTION ( 'NONE',  ( 0.000000000000000000, -1.000000000000000000, 0.000000000000000000 ) ) ;
#379 = EDGE_LOOP ( 'NONE', ( #2317, #967, #2442 ) ) ;
#380 = ADVANCED_FACE ( 'NONE', ( #2727 ), #2046, .F. ) ;
#381 = VERTEX_POINT ( 'NONE', #1961 ) ;
#382 = VECTOR ( 'NONE', #731, 1000.000000000000000 ) ;
#383 = LINE ( 'NONE', #2343, #183 ) ;
#384 = DIRECTION ( 'NONE',  ( 0.000000000000000000, -1.000000000000000000, 0.000000000000000000 ) ) ;
#385 = AXIS2_PLACEMENT_3D ( 'NONE', #2747, #897, #1398 ) ;
#386 = CARTESIAN_POINT ( 'NONE',  ( 59.99999999999999289, 18.00000000000003197, -124.6999999999999602 ) ) ;
#387 = CARTESIAN_POINT ( 'NONE',  ( 101.9000000000000341, 7.000000000000000000, -120.6999999999999886 ) ) ;
#388 = DIRECTION ( 'NONE',  ( 0.000000000000000000, 0.000000000000000000, -1.000000000000000000 ) ) ;
#389 = ADVANCED_FACE ( 'NONE', ( #555 ), #5, .F. ) ;
#390 = DIRECTION ( 'NONE',  ( 0.000000000000000000, 0.000000000000000000, -1.000000000000000000 ) ) ;
#391 = ORIENTED_EDGE ( 'NONE', *, *, #1850, .F. ) ;
#392 = CARTESIAN_POINT ( 'NONE',  ( 181.8000000000000114, 18.00000000000003197, -37.00000000000000000 ) ) ;
#393 = DIRECTION ( 'NONE',  ( 0.000000000000000000, 0.000000000000000000, 1.000000000000000000 ) ) ;
#394 = EDGE_CURVE ( 'NONE', #2123, #2869, #2627, .T. ) ;
#395 = EDGE_LOOP ( 'NONE', ( #3119, #1722, #536, #1255 ) ) ;
#396 = EDGE_CURVE ( 'NONE', #1883, #528, #254, .T. ) ;
#397 = ORIENTED_EDGE ( 'NONE', *, *, #1512, .T. ) ;
#398 = ORIENTED_EDGE ( 'NONE', *, *, #311, .F. ) ;
#399 = ADVANCED_FACE ( 'NONE', ( #2018 ), #1529, .F. ) ;
#400 = LINE ( 'NONE', #877, #439 ) ;
#401 = DIRECTION ( 'NONE',  ( 1.000000000000000000, 0.000000000000000000, -0.000000000000000000 ) ) ;
#402 = DIRECTION ( 'NONE',  ( -1.000000000000000000, -0.000000000000000000, -0.000000000000000000 ) ) ;
#403 = DIRECTION ( 'NONE',  ( -1.000000000000000000, 0.000000000000000000, 1.052942929272720360E-16 ) ) ;
#404 = DIRECTION ( 'NONE',  ( -0.000000000000000000, 1.000000000000000000, -0.000000000000000000 ) ) ;
#405 = FACE_OUTER_BOUND ( 'NONE', #348, .T. ) ;
#406 = EDGE_CURVE ( 'NONE', #1759, #174, #675, .T. ) ;
#407 = LINE ( 'NONE', #2112, #847 ) ;
#408 = CIRCLE ( 'NONE', #2469, 8.000000000000000000 ) ;
#409 = FACE_OUTER_BOUND ( 'NONE', #1366, .T. ) ;
#410 = PLANE ( 'NONE',  #1010 ) ;
#411 = ORIENTED_EDGE ( 'NONE', *, *, #1313, .F. ) ;
#412 = DIRECTION ( 'NONE',  ( -0.000000000000000000, 1.000000000000000000, -0.000000000000000000 ) ) ;
#413 = AXIS2_PLACEMENT_3D ( 'NONE', #2938, #676, #2639 ) ;
#414 = VECTOR ( 'NONE', #1546, 1000.000000000000000 ) ;
#415 = DIRECTION ( 'NONE',  ( -0.000000000000000000, 1.000000000000000000, -0.000000000000000000 ) ) ;
#416 = DIRECTION ( 'NONE',  ( 0.000000000000000000, 0.000000000000000000, 1.000000000000000000 ) ) ;
#417 = EDGE_LOOP ( 'NONE', ( #1860, #437, #1341, #2956 ) ) ;
#418 = EDGE_CURVE ( 'NONE', #263, #340, #2097, .T. ) ;
#419 = EDGE_CURVE ( 'NONE', #303, #1424, #3094, .T. ) ;
#420 = ORIENTED_EDGE ( 'NONE', *, *, #1538, .F. ) ;
#421 = FACE_OUTER_BOUND ( 'NONE', #1260, .T. ) ;
#422 = AXIS2_PLACEMENT_3D ( 'NONE', #2460, #969, #3165 ) ;
#423 = CYLINDRICAL_SURFACE ( 'NONE', #2923, 1.499999999999973577 ) ;
#424 = CARTESIAN_POINT ( 'NONE',  ( 185.8000000000000114, 28.00000000000000000, -37.99999999999999289 ) ) ;
#425 = CARTESIAN_POINT ( 'NONE',  ( 181.7999999999999829, 18.00000000000003197, -124.6999999999999602 ) ) ;
#426 = LINE ( 'NONE', #1941, #3067 ) ;
#427 = ORIENTED_EDGE ( 'NONE', *, *, #813, .T. ) ;
#428 = CARTESIAN_POINT ( 'NONE',  ( 185.8000000000000114, 18.97853694765314359, -37.99999999999999289 ) ) ;
#429 = FACE_OUTER_BOUND ( 'NONE', #344, .T. ) ;
#430 = ORIENTED_EDGE ( 'NONE', *, *, #3039, .F. ) ;
#431 = AXIS2_PLACEMENT_3D ( 'NONE', #2945, #716, #178 ) ;
#432 = CARTESIAN_POINT ( 'NONE',  ( 186.8000000000000114, 13.00000000000000178, -124.6999999999999744 ) ) ;
#433 = ORIENTED_EDGE ( 'NONE', *, *, #3004, .F. ) ;
#434 = PRODUCT_DEFINITION_FORMATION_WITH_SPECIFIED_SOURCE ( 'ANY', '', #1233, .NOT_KNOWN. ) ;
#435 = AXIS2_PLACEMENT_3D ( 'NONE', #1475, #1007, #2007 ) ;
#436 = ADVANCED_FACE ( 'NONE', ( #2849 ), #113, .F. ) ;
#437 = ORIENTED_EDGE ( 'NONE', *, *, #50, .F. ) ;
#438 = ORIENTED_EDGE ( 'NONE', *, *, #1291, .T. ) ;
#439 = VECTOR ( 'NONE', #2543, 1000.000000000000000 ) ;
#440 = CARTESIAN_POINT ( 'NONE',  ( 135.8000000000000114, 1.000000000000000000, -143.1999999999999318 ) ) ;
#441 = AXIS2_PLACEMENT_3D ( 'NONE', #1610, #2893, #1629 ) ;
#442 = CARTESIAN_POINT ( 'NONE',  ( 54.99999999999999289, 28.00000000000000000, -127.6999999999999460 ) ) ;
#443 = CARTESIAN_POINT ( 'NONE',  ( 181.8000000000000114, 13.00000000000000178, -37.00000000000000000 ) ) ;
#444 = CARTESIAN_POINT ( 'NONE',  ( 0.000000000000000000, 0.000000000000000000, 0.000000000000000000 ) ) ;
#445 = PRESENTATION_LAYER_ASSIGNMENT (  '', '', ( #284 ) ) ;
#446 = LINE ( 'NONE', #926, #2496 ) ;
#447 = DIRECTION ( 'NONE',  ( 0.000000000000000000, -1.000000000000000000, 0.000000000000000000 ) ) ;
#448 = EDGE_LOOP ( 'NONE', ( #1363, #2578, #2595, #1211 ) ) ;
#449 = LINE ( 'NONE', #2608, #2958 ) ;
#450 = CARTESIAN_POINT ( 'NONE',  ( 181.7999999999999829, 28.00000000000000000, -124.6999999999999602 ) ) ;
#451 = VERTEX_POINT ( 'NONE', #309 ) ;
#452 = DIRECTION ( 'NONE',  ( 0.7071067811865474617, -0.7071067811865474617, -7.445430854911677523E-17 ) ) ;
#453 = VERTEX_POINT ( 'NONE', #368 ) ;
#454 = ORIENTED_EDGE ( 'NONE', *, *, #2699, .T. ) ;
#455 = DIRECTION ( 'NONE',  ( -0.000000000000000000, 1.000000000000000000, -0.000000000000000000 ) ) ;
#456 = DIRECTION ( 'NONE',  ( 1.000000000000000000, 0.000000000000000000, -0.000000000000000000 ) ) ;
#457 = LINE ( 'NONE', #879, #1573 ) ;
#458 = CARTESIAN_POINT ( 'NONE',  ( 55.99999999999999289, 28.00000000000000000, -123.6999999999999460 ) ) ;
#459 = DIRECTION ( 'NONE',  ( 0.000000000000000000, -1.000000000000000000, 0.000000000000000000 ) ) ;
#460 = EDGE_CURVE ( 'NONE', #2505, #2027, #1131, .T. ) ;
#461 = DIRECTION ( 'NONE',  ( 0.000000000000000000, 0.000000000000000000, 1.000000000000000000 ) ) ;
#462 = CARTESIAN_POINT ( 'NONE',  ( 186.8000000000000114, 28.00000000000000000, -36.99999999999999289 ) ) ;
#463 = VERTEX_POINT ( 'NONE', #3028 ) ;
#464 = AXIS2_PLACEMENT_3D ( 'NONE', #1994, #1282, #280 ) ;
#465 = CYLINDRICAL_SURFACE ( 'NONE', #22, 1.699999999999979305 ) ;
#466 = VECTOR ( 'NONE', #821, 1000.000000000000000 ) ;
#467 = CARTESIAN_POINT ( 'NONE',  ( 51.99999999999999289, 3.000000000000000000, -127.6999999999999460 ) ) ;
#468 = ADVANCED_FACE ( 'NONE', ( #2333, #3057, #846, #2298, #323, #1822, #598, #1615, #580 ), #883, .T. ) ;
#469 = ORIENTED_EDGE ( 'NONE', *, *, #1661, .T. ) ;
#470 = LINE ( 'NONE', #2971, #2649 ) ;
#471 = ORIENTED_EDGE ( 'NONE', *, *, #1018, .F. ) ;
#472 = DIRECTION ( 'NONE',  ( 1.049727191138616107E-16, 0.5150380749100575972, -0.8571673007021102242 ) ) ;
#473 = CARTESIAN_POINT ( 'NONE',  ( 54.99999999999999289, 0.000000000000000000, -124.6999999999999602 ) ) ;
#474 = CARTESIAN_POINT ( 'NONE',  ( 186.8000000000000114, 0.000000000000000000, -124.6999999999999744 ) ) ;
#475 = AXIS2_PLACEMENT_3D ( 'NONE', #1269, #2250, #782 ) ;
#476 = ORIENTED_EDGE ( 'NONE', *, *, #885, .F. ) ;
#477 = VECTOR ( 'NONE', #248, 1000.000000000000000 ) ;
#478 = DIRECTION ( 'NONE',  ( -3.164831883196000391E-16, -0.000000000000000000, -1.000000000000000000 ) ) ;
#479 = ORIENTED_EDGE ( 'NONE', *, *, #2852, .F. ) ;
#480 = CARTESIAN_POINT ( 'NONE',  ( 101.9000000000000341, 7.000000000000000000, -134.6999999999999886 ) ) ;
#481 = VERTEX_POINT ( 'NONE', #1855 ) ;
#482 = DIRECTION ( 'NONE',  ( -1.000000000000000000, 0.000000000000000000, 0.000000000000000000 ) ) ;
#483 = EDGE_CURVE ( 'NONE', #2440, #2475, #1296, .T. ) ;
#484 = ORIENTED_EDGE ( 'NONE', *, *, #813, .F. ) ;
#485 = CARTESIAN_POINT ( 'NONE',  ( 54.99999999999999289, 0.000000000000000000, -124.6999999999999460 ) ) ;
#486 = FACE_OUTER_BOUND ( 'NONE', #379, .T. ) ;
#487 = ORIENTED_EDGE ( 'NONE', *, *, #2408, .T. ) ;
#488 = CIRCLE ( 'NONE', #1976, 1.499999999999992673 ) ;
#489 = VECTOR ( 'NONE', #2323, 1000.000000000000000 ) ;
#490 = DIRECTION ( 'NONE',  ( 0.000000000000000000, 0.000000000000000000, 1.000000000000000000 ) ) ;
#491 = EDGE_CURVE ( 'NONE', #2440, #3035, #1582, .T. ) ;
#492 = DIRECTION ( 'NONE',  ( 0.000000000000000000, 1.000000000000000000, 0.000000000000000000 ) ) ;
#493 = CARTESIAN_POINT ( 'NONE',  ( 225.8000000000000114, 1.000000000000001332, -13.00000000000000000 ) ) ;
#494 = ORIENTED_EDGE ( 'NONE', *, *, #2266, .F. ) ;
#495 = CARTESIAN_POINT ( 'NONE',  ( 225.8000000000000114, 1.000000000000000000, -141.6999999999999602 ) ) ;
#496 = ORIENTED_EDGE ( 'NONE', *, *, #2247, .F. ) ;
#497 = FACE_OUTER_BOUND ( 'NONE', #893, .T. ) ;
#498 = EDGE_CURVE ( 'NONE', #314, #2857, #1063, .T. ) ;
#499 = ORIENTED_EDGE ( 'NONE', *, *, #2655, .F. ) ;
#500 = DIRECTION ( 'NONE',  ( 0.000000000000000000, 0.000000000000000000, 1.000000000000000000 ) ) ;
#501 = ORIENTED_EDGE ( 'NONE', *, *, #2672, .T. ) ;
#502 = PLANE ( 'NONE',  #435 ) ;
#503 = ORIENTED_EDGE ( 'NONE', *, *, #1933, .T. ) ;
#504 = EDGE_CURVE ( 'NONE', #713, #845, #1326, .T. ) ;
#505 = ADVANCED_FACE ( 'NONE', ( #131, #809, #1564, #349, #2288, #1126, #866 ), #2817, .T. ) ;
#506 = CARTESIAN_POINT ( 'NONE',  ( 140.9000000000000341, 7.000000000000000000, -124.6999999999999744 ) ) ;
#507 = FACE_OUTER_BOUND ( 'NONE', #171, .T. ) ;
#508 = ORIENTED_EDGE ( 'NONE', *, *, #2739, .T. ) ;
#509 = CARTESIAN_POINT ( 'NONE',  ( 186.7999999999999829, 13.00000000000000178, -42.00000000000000000 ) ) ;
#510 = ORIENTED_EDGE ( 'NONE', *, *, #2792, .F. ) ;
#511 = FACE_OUTER_BOUND ( 'NONE', #1331, .T. ) ;
#512 = EDGE_CURVE ( 'NONE', #1943, #249, #2043, .T. ) ;
#513 = CARTESIAN_POINT ( 'NONE',  ( 8.000000000000000000, 1.000000000000000000, -8.000000000000000000 ) ) ;
#514 = CARTESIAN_POINT ( 'NONE',  ( 185.8000000000000114, 19.99999999999999289, -37.99999999999999289 ) ) ;
#515 = EDGE_CURVE ( 'NONE', #301, #2295, #1948, .T. ) ;
#516 = CARTESIAN_POINT ( 'NONE',  ( 101.9000000000000341, 1.000000000000000000, -133.0000000000000000 ) ) ;
#517 = CIRCLE ( 'NONE', #2302, 1.499999999999973577 ) ;
#518 = EDGE_CURVE ( 'NONE', #1162, #1528, #1836, .T. ) ;
#519 = VERTEX_POINT ( 'NONE', #1142 ) ;
#520 = EDGE_CURVE ( 'NONE', #983, #519, #2654, .T. ) ;
#521 = CARTESIAN_POINT ( 'NONE',  ( 60.00000000000000711, 13.00000000000000178, -36.99999999999998579 ) ) ;
#522 = DIRECTION ( 'NONE',  ( 0.000000000000000000, 0.000000000000000000, 1.000000000000000000 ) ) ;
#523 = ORIENTED_EDGE ( 'NONE', *, *, #311, .T. ) ;
#524 = DIRECTION ( 'NONE',  ( 0.000000000000000000, -1.000000000000000000, 0.000000000000000000 ) ) ;
#525 = VERTEX_POINT ( 'NONE', #685 ) ;
#526 = CARTESIAN_POINT ( 'NONE',  ( 54.99999999999999289, 13.00000000000000178, -119.6999999999999602 ) ) ;
#527 = CARTESIAN_POINT ( 'NONE',  ( 13.00000000000003908, 1.000000000000001332, -11.50000000000001243 ) ) ;
#528 = VERTEX_POINT ( 'NONE', #1170 ) ;
#529 = CARTESIAN_POINT ( 'NONE',  ( 185.8000000000000114, 28.00000000000000000, -121.9999999999999716 ) ) ;
#530 = AXIS2_PLACEMENT_3D ( 'NONE', #1124, #161, #2848 ) ;
#531 = EDGE_CURVE ( 'NONE', #371, #2502, #122, .T. ) ;
#532 = FACE_OUTER_BOUND ( 'NONE', #1073, .T. ) ;
#533 = ORIENTED_EDGE ( 'NONE', *, *, #1859, .T. ) ;
#534 = AXIS2_PLACEMENT_3D ( 'NONE', #458, #242, #701 ) ;
#535 = VECTOR ( 'NONE', #76, 1000.000000000000000 ) ;
#536 = ORIENTED_EDGE ( 'NONE', *, *, #2575, .T. ) ;
#537 = CARTESIAN_POINT ( 'NONE',  ( 238.8000000000000114, 3.000000000000000000, -146.6999999999999602 ) ) ;
#538 = VERTEX_POINT ( 'NONE', #1403 ) ;
#539 = CARTESIAN_POINT ( 'NONE',  ( 13.00000000000001066, 1.000000000000000000, -141.6999999999999602 ) ) ;
#540 = ORIENTED_EDGE ( 'NONE', *, *, #2565, .F. ) ;
#541 = DIRECTION ( 'NONE',  ( 1.000000000000000000, -0.000000000000000000, 0.000000000000000000 ) ) ;
#542 = CIRCLE ( 'NONE', #3019, 1.699999999999979305 ) ;
#543 = CARTESIAN_POINT ( 'NONE',  ( 55.00000000000000711, 13.00000000000000178, -37.00000000000000000 ) ) ;
#544 = AXIS2_PLACEMENT_3D ( 'NONE', #1833, #3105, #2826 ) ;
#545 = ORIENTED_EDGE ( 'NONE', *, *, #1001, .F. ) ;
#546 = EDGE_CURVE ( 'NONE', #1031, #23, #407, .T. ) ;
#547 = DIRECTION ( 'NONE',  ( 1.149775294765075377E-16, 0.000000000000000000, 1.000000000000000000 ) ) ;
#548 = ORIENTED_EDGE ( 'NONE', *, *, #38, .T. ) ;
#549 = ORIENTED_EDGE ( 'NONE', *, *, #1401, .F. ) ;
#550 = EDGE_CURVE ( 'NONE', #793, #2030, #1634, .T. ) ;
#551 = DIRECTION ( 'NONE',  ( 0.000000000000000000, 0.000000000000000000, 1.000000000000000000 ) ) ;
#552 = ORIENTED_EDGE ( 'NONE', *, *, #275, .T. ) ;
#553 = CARTESIAN_POINT ( 'NONE',  ( 55.00000000000000711, 28.00000000000000000, -41.99999999999998579 ) ) ;
#554 = ORIENTED_EDGE ( 'NONE', *, *, #2994, .T. ) ;
#555 = FACE_OUTER_BOUND ( 'NONE', #1935, .T. ) ;
#556 = VECTOR ( 'NONE', #74, 1000.000000000000000 ) ;
#557 = DIRECTION ( 'NONE',  ( -0.000000000000000000, -0.000000000000000000, -1.000000000000000000 ) ) ;
#558 = VERTEX_POINT ( 'NONE', #3161 ) ;
#559 = CARTESIAN_POINT ( 'NONE',  ( 55.99999999999999289, 28.00000000000000000, -125.3999999999999488 ) ) ;
#560 = VECTOR ( 'NONE', #1840, 1000.000000000000000 ) ;
#561 = ORIENTED_EDGE ( 'NONE', *, *, #1877, .T. ) ;
#562 = ORIENTED_EDGE ( 'NONE', *, *, #1979, .F. ) ;
#563 = SURFACE_STYLE_USAGE ( .BOTH. , #2487 ) ;
#564 = ORIENTED_EDGE ( 'NONE', *, *, #2534, .F. ) ;
#565 = CYLINDRICAL_SURFACE ( 'NONE', #1856, 1.699999999999979305 ) ;
#566 = ORIENTED_EDGE ( 'NONE', *, *, #894, .T. ) ;
#567 = CARTESIAN_POINT ( 'NONE',  ( 101.9000000000000341, 7.000000000000001776, -134.6999999999999886 ) ) ;
#568 = DIRECTION ( 'NONE',  ( -0.000000000000000000, 1.000000000000000000, -0.000000000000000000 ) ) ;
#569 = VECTOR ( 'NONE', #1696, 1000.000000000000000 ) ;
#570 = AXIS2_PLACEMENT_3D ( 'NONE', #1077, #1095, #2522 ) ;
#571 = DIRECTION ( 'NONE',  ( 0.000000000000000000, 1.000000000000000000, 0.000000000000000000 ) ) ;
#572 = EDGE_LOOP ( 'NONE', ( #1374, #2659 ) ) ;
#573 = ORIENTED_EDGE ( 'NONE', *, *, #50, .T. ) ;
#574 = EDGE_LOOP ( 'NONE', ( #1537, #2338, #1924, #946, #2666, #1149, #545, #3005 ) ) ;
#575 = VECTOR ( 'NONE', #2047, 1000.000000000000000 ) ;
#576 =( NAMED_UNIT ( * ) PLANE_ANGLE_UNIT ( ) SI_UNIT ( $, .RADIAN. ) );
#577 = LINE ( 'NONE', #2506, #2222 ) ;
#578 = AXIS2_PLACEMENT_3D ( 'NONE', #1315, #3046, #1762 ) ;
#579 = EDGE_LOOP ( 'NONE', ( #205, #777, #2452, #1274 ) ) ;
#580 = FACE_BOUND ( 'NONE', #974, .T. ) ;
#581 = VECTOR ( 'NONE', #2421, 1000.000000000000000 ) ;
#582 = CARTESIAN_POINT ( 'NONE',  ( 8.000000000000000000, 0.000000000000000000, -146.6999999999999602 ) ) ;
#583 = DIRECTION ( 'NONE',  ( 1.000000000000000000, 0.000000000000000000, -1.387778780781444492E-15 ) ) ;
#584 = EDGE_LOOP ( 'NONE', ( #2688, #1495, #1931, #1719, #2009, #54, #1454, #2145, #2150, #430, #2362, #494, #73, #288, #825, #1918, #1122, #342, #561, #1067 ) ) ;
#585 = CYLINDRICAL_SURFACE ( 'NONE', #1402, 1.699999999999979305 ) ;
#586 = ORIENTED_EDGE ( 'NONE', *, *, #191, .T. ) ;
#587 = CIRCLE ( 'NONE', #2391, 1.699999999999979305 ) ;
#588 = CIRCLE ( 'NONE', #2972, 1.500000000000001332 ) ;
#589 = LINE ( 'NONE', #1318, #229 ) ;
#590 = ORIENTED_EDGE ( 'NONE', *, *, #520, .F. ) ;
#591 = LINE ( 'NONE', #2312, #1261 ) ;
#592 = EDGE_CURVE ( 'NONE', #1336, #2596, #2618, .T. ) ;
#593 = ORIENTED_EDGE ( 'NONE', *, *, #2468, .F. ) ;
#594 = EDGE_CURVE ( 'NONE', #2592, #1759, #1871, .T. ) ;
#595 = LINE ( 'NONE', #880, #3073 ) ;
#596 = CARTESIAN_POINT ( 'NONE',  ( 51.99999999999999289, 2.000000000000000000, -66.00000000000000000 ) ) ;
#597 = ORIENTED_EDGE ( 'NONE', *, *, #938, .T. ) ;
#598 = FACE_BOUND ( 'NONE', #2740, .T. ) ;
#599 = EDGE_CURVE ( 'NONE', #1910, #801, #2931, .T. ) ;
#600 = CARTESIAN_POINT ( 'NONE',  ( 186.7999999999999829, 13.00000000000000178, -42.00000000000000000 ) ) ;
#601 = FACE_OUTER_BOUND ( 'NONE', #2526, .T. ) ;
#602 = DIRECTION ( 'NONE',  ( 1.000000000000000000, 0.000000000000000000, 0.000000000000000000 ) ) ;
#603 = CARTESIAN_POINT ( 'NONE',  ( 60.00000000000000711, 13.00000000000000178, -36.99999999999998579 ) ) ;
#604 = DIRECTION ( 'NONE',  ( 0.000000000000000000, -1.000000000000000000, 0.000000000000000000 ) ) ;
#605 = EDGE_LOOP ( 'NONE', ( #2890, #2183, #690, #267 ) ) ;
#606 = CARTESIAN_POINT ( 'NONE',  ( 140.9000000000000341, 7.000000000000000000, -137.6999999999999886 ) ) ;
#607 = ORIENTED_EDGE ( 'NONE', *, *, #36, .T. ) ;
#608 = VECTOR ( 'NONE', #2752, 1000.000000000000000 ) ;
#609 = AXIS2_PLACEMENT_3D ( 'NONE', #603, #583, #1585 ) ;
#610 = LINE ( 'NONE', #2189, #2393 ) ;
#611 = DIRECTION ( 'NONE',  ( 0.000000000000000000, 0.000000000000000000, 1.000000000000000000 ) ) ;
#612 = ADVANCED_FACE ( 'NONE', ( #2673 ), #2603, .T. ) ;
#613 = VERTEX_POINT ( 'NONE', #1422 ) ;
#614 = DIRECTION ( 'NONE',  ( -0.000000000000000000, 1.000000000000000000, -0.000000000000000000 ) ) ;
#615 = DIRECTION ( 'NONE',  ( 0.000000000000000000, 0.000000000000000000, -1.000000000000000000 ) ) ;
#616 = DIRECTION ( 'NONE',  ( 0.000000000000000000, 1.000000000000000000, 0.000000000000000000 ) ) ;
#617 = CARTESIAN_POINT ( 'NONE',  ( 140.9000000000000341, 7.000000000000000000, -137.6999999999999886 ) ) ;
#618 = DIRECTION ( 'NONE',  ( -1.000000000000000000, -0.000000000000000000, -0.000000000000000000 ) ) ;
#619 = CARTESIAN_POINT ( 'NONE',  ( 230.8000000000000114, 0.000000000000000000, 0.000000000000000000 ) ) ;
#620 = DIRECTION ( 'NONE',  ( 0.000000000000000000, 0.000000000000000000, 1.000000000000000000 ) ) ;
#621 = EDGE_CURVE ( 'NONE', #854, #2992, #426, .T. ) ;
#622 = FACE_OUTER_BOUND ( 'NONE', #2986, .T. ) ;
#623 = ORIENTED_EDGE ( 'NONE', *, *, #2805, .T. ) ;
#624 = VECTOR ( 'NONE', #2031, 1000.000000000000000 ) ;
#625 = VECTOR ( 'NONE', #1157, 1000.000000000000000 ) ;
#626 = ORIENTED_EDGE ( 'NONE', *, *, #1747, .F. ) ;
#627 = VERTEX_POINT ( 'NONE', #1372 ) ;
#628 = DIRECTION ( 'NONE',  ( 0.000000000000000000, 0.000000000000000000, -1.000000000000000000 ) ) ;
#629 = EDGE_CURVE ( 'NONE', #1427, #713, #655, .T. ) ;
#630 = PLANE ( 'NONE',  #1766 ) ;
#631 = CARTESIAN_POINT ( 'NONE',  ( 97.90000000000003411, 7.000000000000000000, -137.6999999999999886 ) ) ;
#632 = CARTESIAN_POINT ( 'NONE',  ( 181.8000000000000114, 18.00000000000003197, -37.00000000000000000 ) ) ;
#633 = CARTESIAN_POINT ( 'NONE',  ( 221.8000000000000114, 1.000000000000000000, -137.6999999999999886 ) ) ;
#634 = CARTESIAN_POINT ( 'NONE',  ( 186.8000000000000114, 28.00000000000000000, -33.99999999999998579 ) ) ;
#635 = CARTESIAN_POINT ( 'NONE',  ( 0.000000000000000000, 0.000000000000000000, 0.000000000000000000 ) ) ;
#636 = CIRCLE ( 'NONE', #2493, 1.500000000000001332 ) ;
#637 = VECTOR ( 'NONE', #2484, 1000.000000000000000 ) ;
#638 = DIRECTION ( 'NONE',  ( 1.149775294765075377E-16, 0.000000000000000000, 1.000000000000000000 ) ) ;
#639 = EDGE_LOOP ( 'NONE', ( #1317, #364, #573 ) ) ;
#640 = EDGE_CURVE ( 'NONE', #2869, #2123, #2599, .T. ) ;
#641 = LINE ( 'NONE', #1178, #114 ) ;
#642 = ORIENTED_EDGE ( 'NONE', *, *, #2717, .T. ) ;
#643 = VECTOR ( 'NONE', #3100, 1000.000000000000000 ) ;
#644 = ADVANCED_FACE ( 'NONE', ( #164 ), #2897, .F. ) ;
#645 = EDGE_LOOP ( 'NONE', ( #155, #2429, #1729, #51, #1508, #2153, #2363, #673, #1039, #192, #2641, #687, #508 ) ) ;
#646 = ORIENTED_EDGE ( 'NONE', *, *, #594, .T. ) ;
#647 = EDGE_CURVE ( 'NONE', #2816, #1678, #1358, .T. ) ;
#648 = VECTOR ( 'NONE', #547, 1000.000000000000000 ) ;
#649 = CARTESIAN_POINT ( 'NONE',  ( 51.99999999999998579, 0.000000000000000000, -106.6999999999999744 ) ) ;
#650 = LINE ( 'NONE', #2154, #1819 ) ;
#651 = CIRCLE ( 'NONE', #385, 1.699999999999979305 ) ;
#652 = CARTESIAN_POINT ( 'NONE',  ( 186.8000000000000114, 0.000000000000000000, -124.6999999999999744 ) ) ;
#653 = CARTESIAN_POINT ( 'NONE',  ( 225.8000000000000114, 0.000000000000000000, -14.50000000000000000 ) ) ;
#654 = CARTESIAN_POINT ( 'NONE',  ( 8.000000000000000000, 3.000000000000000000, -146.6999999999999602 ) ) ;
#655 = LINE ( 'NONE', #2143, #1216 ) ;
#656 = ADVANCED_FACE ( 'NONE', ( #2132 ), #915, .T. ) ;
#657 =( NAMED_UNIT ( * ) SI_UNIT ( $, .STERADIAN. ) SOLID_ANGLE_UNIT ( ) );
#658 = ORIENTED_EDGE ( 'NONE', *, *, #176, .T. ) ;
#659 = CARTESIAN_POINT ( 'NONE',  ( 52.00000000000000711, 28.00000000000000000, -33.99999999999998579 ) ) ;
#660 = FACE_BOUND ( 'NONE', #1727, .T. ) ;
#661 = EDGE_CURVE ( 'NONE', #854, #1108, #446, .T. ) ;
#662 = CARTESIAN_POINT ( 'NONE',  ( 186.7999999999999829, 28.00000000000000000, -124.6999999999999460 ) ) ;
#663 = ORIENTED_EDGE ( 'NONE', *, *, #72, .T. ) ;
#664 = ORIENTED_EDGE ( 'NONE', *, *, #2772, .T. ) ;
#665 = CARTESIAN_POINT ( 'NONE',  ( 186.7999999999999829, 28.00000000000000000, -119.6999999999999602 ) ) ;
#666 = CARTESIAN_POINT ( 'NONE',  ( 225.8000000000000114, 1.000000000000000000, -140.1999999999999602 ) ) ;
#667 = FACE_OUTER_BOUND ( 'NONE', #306, .T. ) ;
#668 = LINE ( 'NONE', #180, #3162 ) ;
#669 = DIRECTION ( 'NONE',  ( 0.000000000000000000, -1.000000000000000000, 0.000000000000000000 ) ) ;
#670 = VECTOR ( 'NONE', #602, 1000.000000000000000 ) ;
#671 = CARTESIAN_POINT ( 'NONE',  ( 221.8000000000000114, 1.000000000000000000, -137.6999999999999886 ) ) ;
#672 = APPLICATION_PROTOCOL_DEFINITION ( 'draft international standard', 'automotive_design', 1998, #1642 ) ;
#673 = ORIENTED_EDGE ( 'NONE', *, *, #1650, .F. ) ;
#674 = DIRECTION ( 'NONE',  ( 2.962174558765093905E-16, 0.000000000000000000, 1.000000000000000000 ) ) ;
#675 = CIRCLE ( 'NONE', #2212, 1.699999999999979305 ) ;
#676 = DIRECTION ( 'NONE',  ( 0.000000000000000000, 1.000000000000000000, 0.000000000000000000 ) ) ;
#677 = EDGE_LOOP ( 'NONE', ( #46, #929, #3017, #1020 ) ) ;
#678 = DIRECTION ( 'NONE',  ( 0.000000000000000000, 0.000000000000000000, 1.000000000000000000 ) ) ;
#679 = VERTEX_POINT ( 'NONE', #2157 ) ;
#680 = ORIENTED_EDGE ( 'NONE', *, *, #2358, .F. ) ;
#681 = CARTESIAN_POINT ( 'NONE',  ( 17.00000000000001421, 3.000000000000000000, -17.00000000000000000 ) ) ;
#682 = DIRECTION ( 'NONE',  ( 0.000000000000000000, 0.000000000000000000, 1.000000000000000000 ) ) ;
#683 = FACE_OUTER_BOUND ( 'NONE', #2810, .T. ) ;
#684 = EDGE_CURVE ( 'NONE', #1732, #1035, #1908, .T. ) ;
#685 = CARTESIAN_POINT ( 'NONE',  ( 136.9000000000000341, 0.000000000000000000, -134.7357205176494688 ) ) ;
#686 = CYLINDRICAL_SURFACE ( 'NONE', #1284, 3.000000000000002665 ) ;
#687 = ORIENTED_EDGE ( 'NONE', *, *, #968, .T. ) ;
#688 = CARTESIAN_POINT ( 'NONE',  ( 55.99999999999999289, 19.99999999999999289, -125.3999999999999346 ) ) ;
#689 = PLANE ( 'NONE',  #2360 ) ;
#690 = ORIENTED_EDGE ( 'NONE', *, *, #3058, .T. ) ;
#691 = CIRCLE ( 'NONE', #2594, 1.699999999999993072 ) ;
#692 = CARTESIAN_POINT ( 'NONE',  ( 230.8000000000000114, 3.000000000000000000, -154.6999999999999886 ) ) ;
#693 = VERTEX_POINT ( 'NONE', #1922 ) ;
#694 = AXIS2_PLACEMENT_3D ( 'NONE', #1487, #2480, #35 ) ;
#695 = EDGE_LOOP ( 'NONE', ( #28, #322, #2103, #2823 ) ) ;
#696 = VECTOR ( 'NONE', #1575, 1000.000000000000000 ) ;
#697 = DIRECTION ( 'NONE',  ( 0.000000000000000000, 0.000000000000000000, 1.000000000000000000 ) ) ;
#698 = DIRECTION ( 'NONE',  ( 0.000000000000000000, 0.000000000000000000, 1.000000000000000000 ) ) ;
#699 = VECTOR ( 'NONE', #2140, 1000.000000000000000 ) ;
#700 = VECTOR ( 'NONE', #2208, 1000.000000000000114 ) ;
#701 = DIRECTION ( 'NONE',  ( 0.000000000000000000, 0.000000000000000000, 1.000000000000000000 ) ) ;
#702 = DIRECTION ( 'NONE',  ( 0.000000000000000000, 0.000000000000000000, 1.000000000000000000 ) ) ;
#703 = EDGE_CURVE ( 'NONE', #1503, #1439, #2540, .T. ) ;
#704 = AXIS2_PLACEMENT_3D ( 'NONE', #2422, #215, #2178 ) ;
#705 = DIRECTION ( 'NONE',  ( 0.000000000000000000, 1.000000000000000000, 0.000000000000000000 ) ) ;
#706 = CARTESIAN_POINT ( 'NONE',  ( 51.99999999999999289, 3.000000000000000000, -124.6999999999999460 ) ) ;
#707 = ORIENTED_EDGE ( 'NONE', *, *, #168, .T. ) ;
#708 = DIRECTION ( 'NONE',  ( -0.000000000000000000, 1.000000000000000000, -0.000000000000000000 ) ) ;
#709 = FACE_OUTER_BOUND ( 'NONE', #108, .T. ) ;
#710 = ORIENTED_EDGE ( 'NONE', *, *, #504, .T. ) ;
#711 = FACE_BOUND ( 'NONE', #230, .T. ) ;
#712 = CLOSED_SHELL ( 'NONE', ( #3089, #2341, #2950, #787, #2947, #762, #3020, #3146, #2597, #1569, #2786, #2528, #1202, #981, #1301, #1053, #1501, #286, #68, #2889, #3045, #2746, #1693, #2361, #1135, #1223, #352, #2919, #2049, #468, #612, #389, #2704, #1520, #1458, #505, #2105, #3151, #1400, #2345, #3003, #1633, #220, #2553, #1125, #1643, #1421, #2682, #104, #2454, #1175, #1697, #2242, #2483, #2590, #2694, #3138, #1837, #718, #2940, #271, #1231, #436, #2120, #399, #3131, #2100, #1776, #1964, #137, #1430, #350, #2197, #850, #1781, #1483, #2702, #1322, #2232, #163, #3030, #247, #1298, #304, #162, #1532, #380, #1639, #1745, #644, #2503, #3064, #1076, #2461, #2301, #2908, #1413, #656 ) ) ;
#713 = VERTEX_POINT ( 'NONE', #2855 ) ;
#714 = DIRECTION ( 'NONE',  ( -0.000000000000000000, 1.000000000000000000, -0.000000000000000000 ) ) ;
#715 = AXIS2_PLACEMENT_3D ( 'NONE', #635, #89, #1312 ) ;
#716 = DIRECTION ( 'NONE',  ( 0.000000000000000000, -1.000000000000000000, 0.000000000000000000 ) ) ;
#717 = CARTESIAN_POINT ( 'NONE',  ( 140.9000000000000341, 3.000000000000000000, -114.7000000000000028 ) ) ;
#718 = ADVANCED_FACE ( 'NONE', ( #1809 ), #857, .F. ) ;
#719 = EDGE_CURVE ( 'NONE', #519, #1899, #589, .T. ) ;
#720 = DIRECTION ( 'NONE',  ( -1.000000000000000000, 0.000000000000000000, 1.149775294765075377E-16 ) ) ;
#721 = FACE_OUTER_BOUND ( 'NONE', #1161, .T. ) ;
#722 = ORIENTED_EDGE ( 'NONE', *, *, #769, .T. ) ;
#723 = DIRECTION ( 'NONE',  ( 0.000000000000000000, 0.000000000000000000, -1.000000000000000000 ) ) ;
#724 = VECTOR ( 'NONE', #1728, 1000.000000000000000 ) ;
#725 = ORIENTED_EDGE ( 'NONE', *, *, #1540, .T. ) ;
#726 = DIRECTION ( 'NONE',  ( 0.000000000000000000, 1.000000000000000000, 0.000000000000000000 ) ) ;
#727 = VERTEX_POINT ( 'NONE', #79 ) ;
#728 = DIRECTION ( 'NONE',  ( 0.000000000000000000, -1.000000000000000000, 0.000000000000000000 ) ) ;
#729 = EDGE_CURVE ( 'NONE', #2773, #3184, #341, .T. ) ;
#730 = VERTEX_POINT ( 'NONE', #2339 ) ;
#731 = DIRECTION ( 'NONE',  ( -0.000000000000000000, 1.000000000000000000, -0.000000000000000000 ) ) ;
#732 = DIRECTION ( 'NONE',  ( 0.000000000000000000, 0.000000000000000000, -1.000000000000000000 ) ) ;
#733 = DIRECTION ( 'NONE',  ( 0.000000000000000000, 0.000000000000000000, 1.000000000000000000 ) ) ;
#734 = VECTOR ( 'NONE', #2634, 1000.000000000000000 ) ;
#735 = ORIENTED_EDGE ( 'NONE', *, *, #1784, .T. ) ;
#736 = VECTOR ( 'NONE', #557, 1000.000000000000000 ) ;
#737 = CYLINDRICAL_SURFACE ( 'NONE', #1379, 1.699999999999979305 ) ;
#738 = VERTEX_POINT ( 'NONE', #123 ) ;
#739 = DIRECTION ( 'NONE',  ( -0.000000000000000000, 1.000000000000000000, -0.000000000000000000 ) ) ;
#740 = ORIENTED_EDGE ( 'NONE', *, *, #1493, .T. ) ;
#741 = DIRECTION ( 'NONE',  ( 0.000000000000000000, -1.000000000000000000, 0.000000000000000000 ) ) ;
#742 = EDGE_CURVE ( 'NONE', #525, #2123, #1119, .T. ) ;
#743 = ORIENTED_EDGE ( 'NONE', *, *, #1273, .F. ) ;
#744 = PRODUCT_DEFINITION_SHAPE ( 'NONE', 'NONE',  #2415 ) ;
#745 = LINE ( 'NONE', #1214, #118 ) ;
#746 = EDGE_CURVE ( 'NONE', #1581, #453, #2359, .T. ) ;
#747 = EDGE_CURVE ( 'NONE', #1136, #2188, #1147, .T. ) ;
#748 = VERTEX_POINT ( 'NONE', #2624 ) ;
#749 = CONICAL_SURFACE ( 'NONE', #953, 1.699999999999979305, 1.029744258676652313 ) ;
#750 = CARTESIAN_POINT ( 'NONE',  ( 225.8000000000000114, 0.000000000000000000, -140.1999999999999602 ) ) ;
#751 = EDGE_CURVE ( 'NONE', #303, #1832, #3117, .T. ) ;
#752 = DIRECTION ( 'NONE',  ( 0.000000000000000000, 0.000000000000000000, 1.000000000000000000 ) ) ;
#753 = FACE_OUTER_BOUND ( 'NONE', #2838, .T. ) ;
#754 = ORIENTED_EDGE ( 'NONE', *, *, #647, .T. ) ;
#755 = DIRECTION ( 'NONE',  ( 0.000000000000000000, 0.000000000000000000, 1.000000000000000000 ) ) ;
#756 = ORIENTED_EDGE ( 'NONE', *, *, #2561, .T. ) ;
#757 = CARTESIAN_POINT ( 'NONE',  ( 186.8000000000000114, 2.999999999999999112, -36.99999999999999289 ) ) ;
#758 = CIRCLE ( 'NONE', #2028, 1.699999999999993072 ) ;
#759 = DIRECTION ( 'NONE',  ( 0.000000000000000000, 0.000000000000000000, -1.000000000000000000 ) ) ;
#760 = EDGE_CURVE ( 'NONE', #738, #2375, #907, .T. ) ;
#761 = CARTESIAN_POINT ( 'NONE',  ( 225.8000000000000114, 1.000000000000001332, -143.1999999999999602 ) ) ;
#762 = ADVANCED_FACE ( 'NONE', ( #486 ), #2969, .F. ) ;
#763 = EDGE_LOOP ( 'NONE', ( #2677, #646, #2491 ) ) ;
#764 = DIRECTION ( 'NONE',  ( -0.000000000000000000, 1.000000000000000000, -0.000000000000000000 ) ) ;
#765 = CARTESIAN_POINT ( 'NONE',  ( 55.99999999999999289, 19.99999999999999289, -121.9999999999999716 ) ) ;
#766 = CARTESIAN_POINT ( 'NONE',  ( 13.00000000000001066, 0.000000000000000000, -143.1999999999999602 ) ) ;
#767 = CARTESIAN_POINT ( 'NONE',  ( 238.8010000000000161, 2.000000000000000000, -106.7000000000000028 ) ) ;
#768 = ORIENTED_EDGE ( 'NONE', *, *, #1738, .F. ) ;
#769 = EDGE_CURVE ( 'NONE', #921, #4, #106, .T. ) ;
#770 = LINE ( 'NONE', #2763, #1364 ) ;
#771 = VERTEX_POINT ( 'NONE', #2824 ) ;
#772 = DIRECTION ( 'NONE',  ( -1.000000000000000000, -0.000000000000000000, -0.000000000000000000 ) ) ;
#773 = ORIENTED_EDGE ( 'NONE', *, *, #369, .F. ) ;
#774 = DIRECTION ( 'NONE',  ( 0.000000000000000000, 0.000000000000000000, 1.000000000000000000 ) ) ;
#775 = DIRECTION ( 'NONE',  ( 0.000000000000000000, -1.000000000000000000, 0.000000000000000000 ) ) ;
#776 = EDGE_CURVE ( 'NONE', #2644, #2137, #2364, .T. ) ;
#777 = ORIENTED_EDGE ( 'NONE', *, *, #483, .T. ) ;
#778 = AXIS2_PLACEMENT_3D ( 'NONE', #1138, #2107, #698 ) ;
#779 = ORIENTED_EDGE ( 'NONE', *, *, #833, .T. ) ;
#780 = CARTESIAN_POINT ( 'NONE',  ( 101.9000000000000341, 0.000000000000000000, -134.6642794823505085 ) ) ;
#781 = EDGE_LOOP ( 'NONE', ( #290, #2194, #1083, #1771 ) ) ;
#782 = DIRECTION ( 'NONE',  ( 0.000000000000000000, 0.000000000000000000, 1.000000000000000000 ) ) ;
#783 = AXIS2_PLACEMENT_3D ( 'NONE', #3172, #415, #2162 ) ;
#784 = ORIENTED_EDGE ( 'NONE', *, *, #747, .T. ) ;
#785 = CARTESIAN_POINT ( 'NONE',  ( 135.8000000000000114, 0.000000000000000000, -141.6999999999999602 ) ) ;
#786 = VECTOR ( 'NONE', #796, 1000.000000000000000 ) ;
#787 = ADVANCED_FACE ( 'NONE', ( #94 ), #3178, .F. ) ;
#788 = DIRECTION ( 'NONE',  ( -0.000000000000000000, 0.000000000000000000, 1.000000000000000000 ) ) ;
#789 = ORIENTED_EDGE ( 'NONE', *, *, #83, .F. ) ;
#790 = EDGE_CURVE ( 'NONE', #481, #613, #2582, .T. ) ;
#791 = EDGE_LOOP ( 'NONE', ( #2751, #471 ) ) ;
#792 = CIRCLE ( 'NONE', #268, 1.499999999999973577 ) ;
#793 = VERTEX_POINT ( 'NONE', #649 ) ;
#794 = CARTESIAN_POINT ( 'NONE',  ( 17.00000000000000000, 1.000000000000000000, -137.6999999999999886 ) ) ;
#795 = EDGE_LOOP ( 'NONE', ( #1970, #3076 ) ) ;
#796 = DIRECTION ( 'NONE',  ( -0.000000000000000000, 1.000000000000000000, -0.000000000000000000 ) ) ;
#797 = AXIS2_PLACEMENT_3D ( 'NONE', #2352, #1651, #1154 ) ;
#798 = FACE_OUTER_BOUND ( 'NONE', #645, .T. ) ;
#799 = AXIS2_PLACEMENT_3D ( 'NONE', #1236, #1466, #179 ) ;
#800 = DIRECTION ( 'NONE',  ( 0.000000000000000000, -1.000000000000000000, 0.000000000000000000 ) ) ;
#801 = VERTEX_POINT ( 'NONE', #1350 ) ;
#802 = LINE ( 'NONE', #1536, #2185 ) ;
#803 = ORIENTED_EDGE ( 'NONE', *, *, #2852, .T. ) ;
#804 = ORIENTED_EDGE ( 'NONE', *, *, #2024, .T. ) ;
#805 = SURFACE_STYLE_FILL_AREA ( #1043 ) ;
#806 = VERTEX_POINT ( 'NONE', #2613 ) ;
#807 = DIRECTION ( 'NONE',  ( 1.582415941598000196E-16, 0.000000000000000000, 1.000000000000000000 ) ) ;
#808 = ORIENTED_EDGE ( 'NONE', *, *, #2450, .F. ) ;
#809 = FACE_BOUND ( 'NONE', #2122, .T. ) ;
#810 = LINE ( 'NONE', #115, #1406 ) ;
#811 = DIRECTION ( 'NONE',  ( -0.000000000000000000, -0.000000000000000000, -1.000000000000000000 ) ) ;
#812 = ORIENTED_EDGE ( 'NONE', *, *, #2605, .F. ) ;
#813 = EDGE_CURVE ( 'NONE', #1946, #481, #175, .T. ) ;
#814 = AXIS2_PLACEMENT_3D ( 'NONE', #2917, #447, #1239 ) ;
#815 = CARTESIAN_POINT ( 'NONE',  ( 0.000000000000000000, 3.000000000000000000, 0.000000000000000000 ) ) ;
#816 = ORIENTED_EDGE ( 'NONE', *, *, #2174, .T. ) ;
#817 = VECTOR ( 'NONE', #1256, 1000.000000000000000 ) ;
#818 = CARTESIAN_POINT ( 'NONE',  ( 13.00000000000001066, 1.000000000000001332, -141.6999999999999602 ) ) ;
#819 = AXIS2_PLACEMENT_3D ( 'NONE', #1746, #2252, #2741 ) ;
#820 = DIRECTION ( 'NONE',  ( 0.000000000000000000, 0.000000000000000000, -1.000000000000000000 ) ) ;
#821 = DIRECTION ( 'NONE',  ( -0.000000000000000000, 1.000000000000000000, -0.000000000000000000 ) ) ;
#822 = EDGE_LOOP ( 'NONE', ( #2169, #2281, #1302, #1640 ) ) ;
#823 = LINE ( 'NONE', #2736, #1772 ) ;
#824 = PLANE ( 'NONE',  #2055 ) ;
#825 = ORIENTED_EDGE ( 'NONE', *, *, #1778, .T. ) ;
#826 = DIRECTION ( 'NONE',  ( 0.000000000000000000, 1.000000000000000000, 0.000000000000000000 ) ) ;
#827 = CARTESIAN_POINT ( 'NONE',  ( 140.9000000000000341, 7.000000000000000000, -137.6999999999999886 ) ) ;
#828 = CIRCLE ( 'NONE', #475, 1.699999999999993072 ) ;
#829 = VECTOR ( 'NONE', #930, 1000.000000000000000 ) ;
#830 = LINE ( 'NONE', #3047, #2021 ) ;
#831 = EDGE_LOOP ( 'NONE', ( #2196, #3193, #2551, #2291, #95, #2609 ) ) ;
#832 = EDGE_CURVE ( 'NONE', #845, #1657, #343, .T. ) ;
#833 = EDGE_CURVE ( 'NONE', #730, #1162, #400, .T. ) ;
#834 = ORIENTED_EDGE ( 'NONE', *, *, #1234, .F. ) ;
#835 = CARTESIAN_POINT ( 'NONE',  ( 17.00000000000000711, 1.000000000000000000, -64.00000000000000000 ) ) ;
#836 = DIRECTION ( 'NONE',  ( 0.000000000000000000, -0.000000000000000000, -1.000000000000000000 ) ) ;
#837 = ORIENTED_EDGE ( 'NONE', *, *, #1258, .T. ) ;
#838 = EDGE_CURVE ( 'NONE', #273, #2981, #2789, .T. ) ;
#839 = VECTOR ( 'NONE', #1861, 1000.000000000000000 ) ;
#840 = DIRECTION ( 'NONE',  ( -1.000000000000000000, -0.000000000000000000, -0.000000000000000000 ) ) ;
#841 = DIRECTION ( 'NONE',  ( 0.000000000000000000, 0.000000000000000000, 1.000000000000000000 ) ) ;
#842 = DIRECTION ( 'NONE',  ( -0.000000000000000000, 1.000000000000000000, -0.000000000000000000 ) ) ;
#843 = EDGE_CURVE ( 'NONE', #3066, #2230, #329, .T. ) ;
#844 = AXIS2_PLACEMENT_3D ( 'NONE', #485, #1462, #2448 ) ;
#845 = VERTEX_POINT ( 'NONE', #1830 ) ;
#846 = FACE_OUTER_BOUND ( 'NONE', #584, .T. ) ;
#847 = VECTOR ( 'NONE', #2916, 1000.000000000000000 ) ;
#848 = ORIENTED_EDGE ( 'NONE', *, *, #1790, .T. ) ;
#849 = DIRECTION ( 'NONE',  ( -0.000000000000000000, 1.000000000000000000, -0.000000000000000000 ) ) ;
#850 = ADVANCED_FACE ( 'NONE', ( #3102 ), #630, .F. ) ;
#851 = CYLINDRICAL_SURFACE ( 'NONE', #2732, 1.499999999999992673 ) ;
#852 = DIRECTION ( 'NONE',  ( -0.000000000000000000, 1.000000000000000000, -0.000000000000000000 ) ) ;
#853 = CARTESIAN_POINT ( 'NONE',  ( 51.99999999999999289, 3.000000000000000000, -108.6999999999999744 ) ) ;
#854 = VERTEX_POINT ( 'NONE', #835 ) ;
#855 = EDGE_CURVE ( 'NONE', #4, #3066, #1334, .T. ) ;
#856 = AXIS2_PLACEMENT_3D ( 'NONE', #2567, #2584, #1151 ) ;
#857 = PLANE ( 'NONE',  #2071 ) ;
#858 = ORIENTED_EDGE ( 'NONE', *, *, #2426, .F. ) ;
#859 = CARTESIAN_POINT ( 'NONE',  ( 59.99999999999999289, 18.00000000000003197, -124.6999999999999602 ) ) ;
#860 = PLANE ( 'NONE',  #986 ) ;
#861 = ORIENTED_EDGE ( 'NONE', *, *, #2896, .T. ) ;
#862 = DIRECTION ( 'NONE',  ( -0.000000000000000000, -0.000000000000000000, -1.000000000000000000 ) ) ;
#863 = CARTESIAN_POINT ( 'NONE',  ( 101.9000000000000341, 1.000000000000000000, -134.6999999999999886 ) ) ;
#864 = LINE ( 'NONE', #425, #1446 ) ;
#865 = EDGE_CURVE ( 'NONE', #1815, #2816, #591, .T. ) ;
#866 = FACE_BOUND ( 'NONE', #2378, .T. ) ;
#867 = LINE ( 'NONE', #688, #160 ) ;
#868 = LINE ( 'NONE', #117, #1484 ) ;
#869 = CARTESIAN_POINT ( 'NONE',  ( 0.000000000000000000, 1.000000000000000000, -8.000000000000007105 ) ) ;
#870 = ORIENTED_EDGE ( 'NONE', *, *, #2988, .T. ) ;
#871 = LINE ( 'NONE', #521, #575 ) ;
#872 = ORIENTED_EDGE ( 'NONE', *, *, #2258, .T. ) ;
#873 = VERTEX_POINT ( 'NONE', #2069 ) ;
#874 = CIRCLE ( 'NONE', #1283, 1.699999999999993072 ) ;
#875 = ORIENTED_EDGE ( 'NONE', *, *, #3058, .F. ) ;
#876 = CIRCLE ( 'NONE', #2413, 1.699999999999979305 ) ;
#877 = CARTESIAN_POINT ( 'NONE',  ( 51.99999999999999289, 3.000000000000000000, -127.6999999999999460 ) ) ;
#878 = DIRECTION ( 'NONE',  ( -0.000000000000000000, 1.000000000000000000, -0.000000000000000000 ) ) ;
#879 = CARTESIAN_POINT ( 'NONE',  ( 97.90000000000003411, 0.000000000000000000, -124.6999999999999602 ) ) ;
#880 = CARTESIAN_POINT ( 'NONE',  ( 54.99999999999999289, 0.000000000000000000, -124.6999999999999602 ) ) ;
#881 = CARTESIAN_POINT ( 'NONE',  ( 186.7999999999999829, 28.00000000000000000, -124.6999999999999460 ) ) ;
#882 = EDGE_CURVE ( 'NONE', #2005, #854, #610, .T. ) ;
#883 = PLANE ( 'NONE',  #715 ) ;
#884 = CARTESIAN_POINT ( 'NONE',  ( 140.9000000000000341, 3.000000000000000000, -124.6999999999999744 ) ) ;
#885 = EDGE_CURVE ( 'NONE', #1559, #949, #758, .T. ) ;
#886 = ORIENTED_EDGE ( 'NONE', *, *, #1997, .F. ) ;
#887 = EDGE_CURVE ( 'NONE', #873, #3053, #975, .T. ) ;
#888 = DIRECTION ( 'NONE',  ( 0.000000000000000000, 0.000000000000000000, 1.000000000000000000 ) ) ;
#889 = ORIENTED_EDGE ( 'NONE', *, *, #1401, .T. ) ;
#890 = VECTOR ( 'NONE', #2550, 1000.000000000000000 ) ;
#891 = CIRCLE ( 'NONE', #570, 1.500000000000001332 ) ;
#892 = EDGE_LOOP ( 'NONE', ( #2667, #1099, #1488, #593 ) ) ;
#893 = EDGE_LOOP ( 'NONE', ( #1702, #319, #1300, #2486 ) ) ;
#894 = EDGE_CURVE ( 'NONE', #3190, #2032, #241, .T. ) ;
#895 = DIRECTION ( 'NONE',  ( 0.000000000000000000, 1.000000000000000000, 0.000000000000000000 ) ) ;
#896 = LINE ( 'NONE', #2598, #44 ) ;
#897 = DIRECTION ( 'NONE',  ( -0.000000000000000000, 1.000000000000000000, -0.000000000000000000 ) ) ;
#898 = DIRECTION ( 'NONE',  ( 0.000000000000000000, 0.000000000000000000, 1.000000000000000000 ) ) ;
#899 = DIRECTION ( 'NONE',  ( 1.000000000000000000, 0.000000000000000000, 0.000000000000000000 ) ) ;
#900 = CARTESIAN_POINT ( 'NONE',  ( 51.99999999999999289, 3.000000000000000000, -108.6999999999999744 ) ) ;
#901 = ORIENTED_EDGE ( 'NONE', *, *, #2717, .F. ) ;
#902 = AXIS2_PLACEMENT_3D ( 'NONE', #1428, #204, #2101 ) ;
#903 = PLANE ( 'NONE',  #2640 ) ;
#904 = CARTESIAN_POINT ( 'NONE',  ( 97.90000000000003411, 3.000000000000000000, -114.7000000000000028 ) ) ;
#905 = LINE ( 'NONE', #1656, #2494 ) ;
#906 = ORIENTED_EDGE ( 'NONE', *, *, #790, .F. ) ;
#907 = LINE ( 'NONE', #2870, #2859 ) ;
#908 = ORIENTED_EDGE ( 'NONE', *, *, #1604, .T. ) ;
#909 = ORIENTED_EDGE ( 'NONE', *, *, #2989, .F. ) ;
#910 = VECTOR ( 'NONE', #993, 1000.000000000000000 ) ;
#911 = DIRECTION ( 'NONE',  ( -0.000000000000000000, -1.000000000000000000, 0.000000000000000000 ) ) ;
#912 = LINE ( 'NONE', #2876, #1592 ) ;
#913 = PLANE ( 'NONE',  #1268 ) ;
#914 = LINE ( 'NONE', #1889, #2269 ) ;
#915 = CYLINDRICAL_SURFACE ( 'NONE', #3015, 3.000000000000002665 ) ;
#916 = ORIENTED_EDGE ( 'NONE', *, *, #3142, .T. ) ;
#917 = CARTESIAN_POINT ( 'NONE',  ( 189.7999999999999829, 28.00000000000000000, -127.6999999999999460 ) ) ;
#918 = DIRECTION ( 'NONE',  ( 0.000000000000000000, 0.000000000000000000, 1.000000000000000000 ) ) ;
#919 = CARTESIAN_POINT ( 'NONE',  ( 225.8000000000000114, 1.000000000000001332, -14.50000000000000000 ) ) ;
#920 = ORIENTED_EDGE ( 'NONE', *, *, #2872, .F. ) ;
#921 = VERTEX_POINT ( 'NONE', #1708 ) ;
#922 = EDGE_CURVE ( 'NONE', #528, #292, #2703, .T. ) ;
#923 = DIRECTION ( 'NONE',  ( 0.000000000000000000, -1.000000000000000000, 0.000000000000000000 ) ) ;
#924 = DIRECTION ( 'NONE',  ( 0.000000000000000000, 1.000000000000000000, 0.000000000000000000 ) ) ;
#925 = FACE_OUTER_BOUND ( 'NONE', #2744, .T. ) ;
#926 = CARTESIAN_POINT ( 'NONE',  ( 17.00000000000000000, 1.000000000000000000, -137.6999999999999886 ) ) ;
#927 = VECTOR ( 'NONE', #2293, 1000.000000000000000 ) ;
#928 = CARTESIAN_POINT ( 'NONE',  ( 17.00000000000000000, 1.000000000000000000, -137.6999999999999886 ) ) ;
#929 = ORIENTED_EDGE ( 'NONE', *, *, #747, .F. ) ;
#930 = DIRECTION ( 'NONE',  ( -0.000000000000000000, -0.000000000000000000, -1.000000000000000000 ) ) ;
#931 = DIRECTION ( 'NONE',  ( 0.000000000000000000, 0.000000000000000000, -1.000000000000000000 ) ) ;
#932 = ORIENTED_EDGE ( 'NONE', *, *, #2096, .T. ) ;
#933 = CARTESIAN_POINT ( 'NONE',  ( 193.3000000000000398, 6.500000000000014211, -37.00000000000000000 ) ) ;
#934 = VERTEX_POINT ( 'NONE', #2874 ) ;
#935 = EDGE_CURVE ( 'NONE', #2005, #1327, #1645, .T. ) ;
#936 = VERTEX_POINT ( 'NONE', #193 ) ;
#937 = ORIENTED_EDGE ( 'NONE', *, *, #3132, .T. ) ;
#938 = EDGE_CURVE ( 'NONE', #2973, #801, #2759, .T. ) ;
#939 = DIRECTION ( 'NONE',  ( 0.000000000000000000, -1.000000000000000000, 0.000000000000000000 ) ) ;
#940 = AXIS2_PLACEMENT_3D ( 'NONE', #654, #1632, #2617 ) ;
#941 = PLANE ( 'NONE',  #2750 ) ;
#942 = DIRECTION ( 'NONE',  ( -0.000000000000000000, 1.000000000000000000, -0.000000000000000000 ) ) ;
#943 = EDGE_CURVE ( 'NONE', #558, #301, #2224, .T. ) ;
#944 = DIRECTION ( 'NONE',  ( 0.000000000000000000, 0.000000000000000000, -1.000000000000000000 ) ) ;
#945 = CARTESIAN_POINT ( 'NONE',  ( 225.8000000000000114, 1.000000000000000000, -13.00000000000000000 ) ) ;
#946 = ORIENTED_EDGE ( 'NONE', *, *, #1287, .T. ) ;
#947 = DIRECTION ( 'NONE',  ( 0.000000000000000000, 0.000000000000000000, 1.000000000000000000 ) ) ;
#948 = CYLINDRICAL_SURFACE ( 'NONE', #1382, 8.000000000000000000 ) ;
#949 = VERTEX_POINT ( 'NONE', #559 ) ;
#950 = VECTOR ( 'NONE', #2435, 1000.000000000000000 ) ;
#951 = CARTESIAN_POINT ( 'NONE',  ( 238.8000000000000114, 0.000000000000000000, -146.6999999999999602 ) ) ;
#952 = ORIENTED_EDGE ( 'NONE', *, *, #3051, .F. ) ;
#953 = AXIS2_PLACEMENT_3D ( 'NONE', #1518, #568, #2754 ) ;
#954 = EDGE_CURVE ( 'NONE', #1176, #1118, #1012, .T. ) ;
#955 = EDGE_LOOP ( 'NONE', ( #2466, #2219, #1627, #1290 ) ) ;
#956 = VECTOR ( 'NONE', #2840, 1000.000000000000000 ) ;
#957 = CARTESIAN_POINT ( 'NONE',  ( 55.00000000000000711, 28.00000000000000000, -41.99999999999998579 ) ) ;
#958 = CARTESIAN_POINT ( 'NONE',  ( 101.9000000000000341, 7.000000000000000000, -122.3999999999999773 ) ) ;
#959 = AXIS2_PLACEMENT_3D ( 'NONE', #1646, #3140, #401 ) ;
#960 = CARTESIAN_POINT ( 'NONE',  ( 55.00000000000000711, 28.00000000000000000, -33.99999999999998579 ) ) ;
#961 = LINE ( 'NONE', #473, #2076 ) ;
#962 = DIRECTION ( 'NONE',  ( -0.7071067811865475727, -0.7071067811865475727, -0.000000000000000000 ) ) ;
#963 = DIRECTION ( 'NONE',  ( -0.000000000000000000, 1.000000000000000000, -0.000000000000000000 ) ) ;
#964 = AXIS2_PLACEMENT_3D ( 'NONE', #945, #1423, #1971 ) ;
#965 = CARTESIAN_POINT ( 'NONE',  ( 230.8000000000000114, 1.000000000000000000, -146.6999999999999602 ) ) ;
#966 = CARTESIAN_POINT ( 'NONE',  ( 185.8000000000000114, 28.00000000000000000, -37.99999999999999289 ) ) ;
#967 = ORIENTED_EDGE ( 'NONE', *, *, #2186, .T. ) ;
#968 = EDGE_CURVE ( 'NONE', #2583, #2983, #802, .T. ) ;
#969 = DIRECTION ( 'NONE',  ( 0.000000000000000000, 0.000000000000000000, -1.000000000000000000 ) ) ;
#970 = CARTESIAN_POINT ( 'NONE',  ( 181.7999999999999829, 13.00000000000000178, -124.6999999999999602 ) ) ;
#971 = EDGE_LOOP ( 'NONE', ( #2254, #2546, #2148, #3027, #523, #552, #2696, #916, #2623, #2520, #2965, #1198, #2628, #66, #2411, #1687 ) ) ;
#972 = CARTESIAN_POINT ( 'NONE',  ( 55.00000000000000711, 13.00000000000000178, -41.99999999999998579 ) ) ;
#973 = EDGE_CURVE ( 'NONE', #1620, #2295, #1723, .T. ) ;
#974 = EDGE_LOOP ( 'NONE', ( #1509, #484 ) ) ;
#975 = LINE ( 'NONE', #2685, #382 ) ;
#976 = CARTESIAN_POINT ( 'NONE',  ( 97.90000000000003411, 22.50000000000000000, -124.6999999999999602 ) ) ;
#977 = CARTESIAN_POINT ( 'NONE',  ( 55.99999999999999289, 18.97853694765314359, -123.6999999999999460 ) ) ;
#978 = DIRECTION ( 'NONE',  ( 0.000000000000000000, 0.000000000000000000, -1.000000000000000000 ) ) ;
#979 = EDGE_CURVE ( 'NONE', #2409, #2215, #2730, .T. ) ;
#980 = ORIENTED_EDGE ( 'NONE', *, *, #1093, .T. ) ;
#981 = ADVANCED_FACE ( 'NONE', ( #667 ), #1591, .F. ) ;
#982 = FACE_OUTER_BOUND ( 'NONE', #1120, .T. ) ;
#983 = VERTEX_POINT ( 'NONE', #3124 ) ;
#984 = CARTESIAN_POINT ( 'NONE',  ( 55.99999999999999289, 19.99999999999999289, -125.3999999999999346 ) ) ;
#985 = EDGE_CURVE ( 'NONE', #2011, #627, #542, .T. ) ;
#986 = AXIS2_PLACEMENT_3D ( 'NONE', #1070, #1305, #363 ) ;
#987 = DIRECTION ( 'NONE',  ( 0.000000000000000000, 0.000000000000000000, -1.000000000000000000 ) ) ;
#988 = ORIENTED_EDGE ( 'NONE', *, *, #1304, .F. ) ;
#989 = VECTOR ( 'NONE', #2407, 1000.000000000000000 ) ;
#990 = CARTESIAN_POINT ( 'NONE',  ( 136.9000000000000341, 7.000000000000001776, -119.0000000000000142 ) ) ;
#991 = EDGE_CURVE ( 'NONE', #2518, #23, #1370, .T. ) ;
#992 = EDGE_LOOP ( 'NONE', ( #238, #2388, #330, #2328 ) ) ;
#993 = DIRECTION ( 'NONE',  ( -0.000000000000000000, 1.000000000000000000, -0.000000000000000000 ) ) ;
#994 = CARTESIAN_POINT ( 'NONE',  ( 54.99999999999999289, 0.000000000000000000, -124.6999999999999602 ) ) ;
#995 = CARTESIAN_POINT ( 'NONE',  ( 97.90000000000003411, 3.000000000000000000, -114.7000000000000028 ) ) ;
#996 = EDGE_CURVE ( 'NONE', #2295, #301, #2863, .T. ) ;
#997 = AXIS2_PLACEMENT_3D ( 'NONE', #1022, #708, #1688 ) ;
#998 = VERTEX_POINT ( 'NONE', #653 ) ;
#999 = AXIS2_PLACEMENT_3D ( 'NONE', #2572, #412, #1619 ) ;
#1000 = PLANE ( 'NONE',  #147 ) ;
#1001 = EDGE_CURVE ( 'NONE', #2939, #2773, #1140, .T. ) ;
#1002 = ORIENTED_EDGE ( 'NONE', *, *, #127, .T. ) ;
#1003 = CARTESIAN_POINT ( 'NONE',  ( 135.8000000000000114, 1.000000000000001332, -140.1999999999999886 ) ) ;
#1004 = ORIENTED_EDGE ( 'NONE', *, *, #1182, .T. ) ;
#1005 = CARTESIAN_POINT ( 'NONE',  ( 140.9000000000000341, 0.000000000000000000, -124.6999999999999744 ) ) ;
#1006 = ORIENTED_EDGE ( 'NONE', *, *, #1864, .F. ) ;
#1007 = DIRECTION ( 'NONE',  ( 0.000000000000000000, 1.000000000000000000, -0.000000000000000000 ) ) ;
#1008 = VECTOR ( 'NONE', #1167, 1000.000000000000000 ) ;
#1009 = VERTEX_POINT ( 'NONE', #2384 ) ;
#1010 = AXIS2_PLACEMENT_3D ( 'NONE', #928, #3128, #2881 ) ;
#1011 = VECTOR ( 'NONE', #849, 1000.000000000000000 ) ;
#1012 = LINE ( 'NONE', #2023, #2135 ) ;
#1013 = FACE_OUTER_BOUND ( 'NONE', #1265, .T. ) ;
#1014 = VECTOR ( 'NONE', #2635, 1000.000000000000000 ) ;
#1015 = CARTESIAN_POINT ( 'NONE',  ( 0.000000000000000000, 3.000000000000000000, 0.000000000000000000 ) ) ;
#1016 = FACE_OUTER_BOUND ( 'NONE', #695, .T. ) ;
#1017 = ORIENTED_EDGE ( 'NONE', *, *, #1040, .F. ) ;
#1018 = EDGE_CURVE ( 'NONE', #525, #748, #1566, .T. ) ;
#1019 = DIRECTION ( 'NONE',  ( -1.000000000000000000, 0.000000000000000000, -0.000000000000000000 ) ) ;
#1020 = ORIENTED_EDGE ( 'NONE', *, *, #2942, .F. ) ;
#1021 = COLOUR_RGB ( '',0.7921568627450980005, 0.8196078431372548767, 0.9333333333333333481 ) ;
#1022 = CARTESIAN_POINT ( 'NONE',  ( 185.8000000000000114, 28.00000000000000000, -123.6999999999999460 ) ) ;
#1023 = ORIENTED_EDGE ( 'NONE', *, *, #2019, .F. ) ;
#1024 = CARTESIAN_POINT ( 'NONE',  ( 0.000000000000000000, 3.000000000000000000, 0.000000000000000000 ) ) ;
#1025 = FACE_OUTER_BOUND ( 'NONE', #2757, .T. ) ;
#1026 = ORIENTED_EDGE ( 'NONE', *, *, #2124, .T. ) ;
#1027 = CARTESIAN_POINT ( 'NONE',  ( 17.00000000000000000, 3.000000000000000000, -137.6999999999999886 ) ) ;
#1028 = CARTESIAN_POINT ( 'NONE',  ( 101.9000000000000341, 7.000000000000001776, -120.6999999999999886 ) ) ;
#1029 = DIRECTION ( 'NONE',  ( 1.000000000000000000, -0.000000000000000000, 0.000000000000000000 ) ) ;
#1030 = DIRECTION ( 'NONE',  ( 0.000000000000000000, -0.000000000000000000, 1.000000000000000000 ) ) ;
#1031 = VERTEX_POINT ( 'NONE', #2878 ) ;
#1032 =( NAMED_UNIT ( * ) SI_UNIT ( $, .STERADIAN. ) SOLID_ANGLE_UNIT ( ) );
#1033 = ORIENTED_EDGE ( 'NONE', *, *, #2664, .T. ) ;
#1034 = FACE_OUTER_BOUND ( 'NONE', #2663, .T. ) ;
#1035 = VERTEX_POINT ( 'NONE', #633 ) ;
#1036 = CARTESIAN_POINT ( 'NONE',  ( 101.9000000000000341, 1.000000000000000000, -136.3999999999999773 ) ) ;
#1037 = VECTOR ( 'NONE', #2801, 1000.000000000000000 ) ;
#1038 = LINE ( 'NONE', #2184, #1671 ) ;
#1039 = ORIENTED_EDGE ( 'NONE', *, *, #315, .F. ) ;
#1040 = EDGE_CURVE ( 'NONE', #263, #1295, #234, .T. ) ;
#1041 = VERTEX_POINT ( 'NONE', #1579 ) ;
#1042 = ORIENTED_EDGE ( 'NONE', *, *, #838, .F. ) ;
#1043 = FILL_AREA_STYLE ('',( #1756 ) ) ;
#1044 = ORIENTED_EDGE ( 'NONE', *, *, #1604, .F. ) ;
#1045 = VECTOR ( 'NONE', #144, 1000.000000000000000 ) ;
#1046 = DIRECTION ( 'NONE',  ( -0.7071067811865474617, -0.7071067811865474617, 7.445430854911677523E-17 ) ) ;
#1047 = VERTEX_POINT ( 'NONE', #2568 ) ;
#1048 = CARTESIAN_POINT ( 'NONE',  ( 238.8000000000000114, 1.000000000000000000, -146.6999999999999602 ) ) ;
#1049 = VECTOR ( 'NONE', #1730, 1000.000000000000000 ) ;
#1050 = CARTESIAN_POINT ( 'NONE',  ( 140.9000000000000341, 7.000000000000000000, 0.001000000000001000089 ) ) ;
#1051 = PRODUCT_DEFINITION_CONTEXT ( 'detailed design', #1642, 'design' ) ;
#1052 = ORIENTED_EDGE ( 'NONE', *, *, #2327, .T. ) ;
#1053 = ADVANCED_FACE ( 'NONE', ( #346 ), #2601, .F. ) ;
#1054 = AXIS2_PLACEMENT_3D ( 'NONE', #1740, #270, #522 ) ;
#1055 = VERTEX_POINT ( 'NONE', #1384 ) ;
#1056 = AXIS2_PLACEMENT_3D ( 'NONE', #1586, #2470, #91 ) ;
#1057 = ORIENTED_EDGE ( 'NONE', *, *, #2765, .T. ) ;
#1058 = CARTESIAN_POINT ( 'NONE',  ( 140.9000000000000341, 28.00000000000000000, -127.6999999999999460 ) ) ;
#1059 = ORIENTED_EDGE ( 'NONE', *, *, #1524, .F. ) ;
#1060 = LINE ( 'NONE', #2262, #1543 ) ;
#1061 = VECTOR ( 'NONE', #2376, 1000.000000000000000 ) ;
#1062 = EDGE_LOOP ( 'NONE', ( #1189, #411, #1006, #2463 ) ) ;
#1063 = LINE ( 'NONE', #3077, #2350 ) ;
#1064 = EDGE_CURVE ( 'NONE', #1459, #1207, #588, .T. ) ;
#1065 = VECTOR ( 'NONE', #911, 1000.000000000000000 ) ;
#1066 = DIRECTION ( 'NONE',  ( 0.000000000000000000, 0.000000000000000000, 1.000000000000000000 ) ) ;
#1067 = ORIENTED_EDGE ( 'NONE', *, *, #776, .T. ) ;
#1068 = ORIENTED_EDGE ( 'NONE', *, *, #2063, .T. ) ;
#1069 = CARTESIAN_POINT ( 'NONE',  ( 135.8000000000000398, 1.000000000000000000, -14.50000000000000000 ) ) ;
#1070 = CARTESIAN_POINT ( 'NONE',  ( 97.90000000000003411, 7.000000000000000000, -137.6999999999999886 ) ) ;
#1071 = ORIENTED_EDGE ( 'NONE', *, *, #138, .T. ) ;
#1072 = CARTESIAN_POINT ( 'NONE',  ( 17.00000000000000000, 3.000000000000000000, -137.6999999999999886 ) ) ;
#1073 = EDGE_LOOP ( 'NONE', ( #3011, #1798, #2967, #1238 ) ) ;
#1074 = DIRECTION ( 'NONE',  ( 0.000000000000000000, -0.000000000000000000, 1.000000000000000000 ) ) ;
#1075 = EDGE_CURVE ( 'NONE', #2273, #1815, #78, .T. ) ;
#1076 = ADVANCED_FACE ( 'NONE', ( #2670 ), #2651, .F. ) ;
#1077 = CARTESIAN_POINT ( 'NONE',  ( 135.8000000000000398, 1.000000000000001332, -13.00000000000000000 ) ) ;
#1078 = CARTESIAN_POINT ( 'NONE',  ( 136.9000000000000341, 7.000000000000000000, -134.6999999999999886 ) ) ;
#1079 = EDGE_LOOP ( 'NONE', ( #1597, #872, #1351, #487, #779, #420, #1670, #1059, #433, #2275 ) ) ;
#1080 = EDGE_CURVE ( 'NONE', #1041, #2300, #961, .T. ) ;
#1081 = AXIS2_PLACEMENT_3D ( 'NONE', #2564, #134, #1360 ) ;
#1082 = EDGE_CURVE ( 'NONE', #2607, #2340, #2284, .T. ) ;
#1083 = ORIENTED_EDGE ( 'NONE', *, *, #2358, .T. ) ;
#1084 = AXIS2_PLACEMENT_3D ( 'NONE', #2521, #987, #2462 ) ;
#1085 = CARTESIAN_POINT ( 'NONE',  ( 0.000000000000000000, 0.000000000000000000, -64.00000000000000000 ) ) ;
#1086 = ORIENTED_EDGE ( 'NONE', *, *, #1182, .F. ) ;
#1087 = EDGE_CURVE ( 'NONE', #2300, #303, #1168, .T. ) ;
#1088 = DIRECTION ( 'NONE',  ( 0.000000000000000000, 0.000000000000000000, -1.000000000000000000 ) ) ;
#1089 = DIRECTION ( 'NONE',  ( 0.000000000000000000, 0.000000000000000000, -1.000000000000000000 ) ) ;
#1090 = FACE_OUTER_BOUND ( 'NONE', #2139, .T. ) ;
#1091 = ORIENTED_EDGE ( 'NONE', *, *, #1817, .T. ) ;
#1092 = DIRECTION ( 'NONE',  ( 0.000000000000000000, 0.000000000000000000, 1.000000000000000000 ) ) ;
#1093 = EDGE_CURVE ( 'NONE', #679, #2973, #1220, .T. ) ;
#1094 = VERTEX_POINT ( 'NONE', #977 ) ;
#1095 = DIRECTION ( 'NONE',  ( -0.000000000000000000, 1.000000000000000000, -0.000000000000000000 ) ) ;
#1096 = VECTOR ( 'NONE', #2794, 999.9999999999998863 ) ;
#1097 = DIRECTION ( 'NONE',  ( -1.000000000000000000, 0.000000000000000000, 0.000000000000000000 ) ) ;
#1098 = CARTESIAN_POINT ( 'NONE',  ( 0.000000000000000000, 1.000000000000000000, -64.00000000000000000 ) ) ;
#1099 = ORIENTED_EDGE ( 'NONE', *, *, #1101, .T. ) ;
#1100 = EDGE_LOOP ( 'NONE', ( #2444, #2036 ) ) ;
#1101 = EDGE_CURVE ( 'NONE', #1522, #1136, #2141, .T. ) ;
#1102 = DIRECTION ( 'NONE',  ( 1.000000000000000000, 0.000000000000000000, 0.000000000000000000 ) ) ;
#1103 = ORIENTED_EDGE ( 'NONE', *, *, #751, .T. ) ;
#1104 = AXIS2_PLACEMENT_3D ( 'NONE', #170, #1194, #2121 ) ;
#1105 = CARTESIAN_POINT ( 'NONE',  ( 135.8000000000000114, 1.000000000000000000, -141.6999999999999602 ) ) ;
#1106 = DIRECTION ( 'NONE',  ( 0.000000000000000000, -1.000000000000000000, 0.000000000000000000 ) ) ;
#1107 = CARTESIAN_POINT ( 'NONE',  ( 186.8000000000000114, 0.000000000000000000, -37.00000000000000000 ) ) ;
#1108 = VERTEX_POINT ( 'NONE', #12 ) ;
#1109 = DIRECTION ( 'NONE',  ( -0.000000000000000000, 1.000000000000000000, -0.000000000000000000 ) ) ;
#1110 = VECTOR ( 'NONE', #2907, 1000.000000000000000 ) ;
#1111 = ORIENTED_EDGE ( 'NONE', *, *, #1329, .T. ) ;
#1112 = LINE ( 'NONE', #2020, #535 ) ;
#1113 = CARTESIAN_POINT ( 'NONE',  ( 185.8000000000000114, 19.99999999999999289, -123.6999999999999460 ) ) ;
#1114 = AXIS2_PLACEMENT_3D ( 'NONE', #2538, #604, #2060 ) ;
#1115 = ORIENTED_EDGE ( 'NONE', *, *, #996, .F. ) ;
#1116 = VECTOR ( 'NONE', #366, 1000.000000000000000 ) ;
#1117 = CARTESIAN_POINT ( 'NONE',  ( 101.9000000000000341, 7.000000000000001776, -136.3999999999999773 ) ) ;
#1118 = VERTEX_POINT ( 'NONE', #1968 ) ;
#1119 = LINE ( 'NONE', #2089, #643 ) ;
#1120 = EDGE_LOOP ( 'NONE', ( #1603, #1115, #837, #1965 ) ) ;
#1121 = CARTESIAN_POINT ( 'NONE',  ( 51.99999999999999289, 0.000000000000000000, -108.6999999999999744 ) ) ;
#1122 = ORIENTED_EDGE ( 'NONE', *, *, #2308, .T. ) ;
#1123 = LINE ( 'NONE', #1852, #81 ) ;
#1124 = CARTESIAN_POINT ( 'NONE',  ( 185.8000000000000114, 28.00000000000000000, -123.6999999999999460 ) ) ;
#1125 = ADVANCED_FACE ( 'NONE', ( #2962 ), #2417, .F. ) ;
#1126 = FACE_BOUND ( 'NONE', #572, .T. ) ;
#1127 = SHAPE_DEFINITION_REPRESENTATION ( #744, #2629 ) ;
#1128 = ORIENTED_EDGE ( 'NONE', *, *, #3121, .F. ) ;
#1129 = LINE ( 'NONE', #2098, #829 ) ;
#1130 = CARTESIAN_POINT ( 'NONE',  ( 13.00000000000003908, 0.000000000000000000, -11.50000000000000533 ) ) ;
#1131 = CIRCLE ( 'NONE', #2934, 1.699999999999979305 ) ;
#1132 = EDGE_LOOP ( 'NONE', ( #2871, #2138, #2223, #740, #812, #784, #1717, #1526 ) ) ;
#1133 = FACE_OUTER_BOUND ( 'NONE', #1309, .T. ) ;
#1134 = EDGE_LOOP ( 'NONE', ( #1589, #920 ) ) ;
#1135 = ADVANCED_FACE ( 'NONE', ( #2875 ), #1165, .F. ) ;
#1136 = VERTEX_POINT ( 'NONE', #1848 ) ;
#1137 = CIRCLE ( 'NONE', #2355, 1.499999999999973577 ) ;
#1138 = CARTESIAN_POINT ( 'NONE',  ( 55.99999999999999289, 19.99999999999999289, -123.6999999999999460 ) ) ;
#1139 = LINE ( 'NONE', #3091, #2243 ) ;
#1140 = LINE ( 'NONE', #2861, #1116 ) ;
#1141 = CARTESIAN_POINT ( 'NONE',  ( 185.8000000000000114, 28.00000000000000000, -37.99999999999999289 ) ) ;
#1142 = CARTESIAN_POINT ( 'NONE',  ( 135.8000000000000398, 0.000000000000000000, -11.49999999999999822 ) ) ;
#1143 = DIRECTION ( 'NONE',  ( 0.000000000000000000, 0.000000000000000000, 1.000000000000000000 ) ) ;
#1144 = DIRECTION ( 'NONE',  ( 0.000000000000000000, -1.000000000000000000, 0.000000000000000000 ) ) ;
#1145 = LINE ( 'NONE', #692, #1720 ) ;
#1146 = EDGE_LOOP ( 'NONE', ( #2825, #260, #1311, #1026 ) ) ;
#1147 = LINE ( 'NONE', #2151, #1061 ) ;
#1148 = CIRCLE ( 'NONE', #999, 1.500000000000001332 ) ;
#1149 = ORIENTED_EDGE ( 'NONE', *, *, #2110, .T. ) ;
#1150 = DIRECTION ( 'NONE',  ( 0.000000000000000000, 0.000000000000000000, 1.000000000000000000 ) ) ;
#1151 = DIRECTION ( 'NONE',  ( 0.000000000000000000, 0.000000000000000000, -1.000000000000000000 ) ) ;
#1152 = DIRECTION ( 'NONE',  ( 0.000000000000000000, 0.000000000000000000, 1.000000000000000000 ) ) ;
#1153 = CARTESIAN_POINT ( 'NONE',  ( 17.00000000000000000, 3.000000000000000000, -137.6999999999999886 ) ) ;
#1154 = DIRECTION ( 'NONE',  ( 0.000000000000000000, 0.000000000000000000, 1.000000000000000000 ) ) ;
#1155 = VERTEX_POINT ( 'NONE', #1663 ) ;
#1156 = VECTOR ( 'NONE', #2642, 1000.000000000000000 ) ;
#1157 = DIRECTION ( 'NONE',  ( -2.962174558765093412E-16, -0.000000000000000000, -1.000000000000000000 ) ) ;
#1158 = FACE_OUTER_BOUND ( 'NONE', #2645, .T. ) ;
#1159 = VECTOR ( 'NONE', #2091, 1000.000000000000000 ) ;
#1160 = DIRECTION ( 'NONE',  ( 0.000000000000000000, -1.000000000000000000, 0.000000000000000000 ) ) ;
#1161 = EDGE_LOOP ( 'NONE', ( #1429, #1229, #3154, #496 ) ) ;
#1162 = VERTEX_POINT ( 'NONE', #2842 ) ;
#1163 = AXIS2_PLACEMENT_3D ( 'NONE', #2315, #404, #1152 ) ;
#1164 = CARTESIAN_POINT ( 'NONE',  ( 0.000000000000000000, 3.000000000000000000, -146.6999999999999602 ) ) ;
#1165 = PLANE ( 'NONE',  #959 ) ;
#1166 = DIRECTION ( 'NONE',  ( -0.000000000000000000, -0.000000000000000000, -1.000000000000000000 ) ) ;
#1167 = DIRECTION ( 'NONE',  ( -0.000000000000000000, 1.000000000000000000, -0.000000000000000000 ) ) ;
#1168 = LINE ( 'NONE', #2436, #2718 ) ;
#1169 = DIRECTION ( 'NONE',  ( -0.000000000000000000, 1.000000000000000000, -0.000000000000000000 ) ) ;
#1170 = CARTESIAN_POINT ( 'NONE',  ( 135.8000000000000114, 0.000000000000000000, -143.1999999999999602 ) ) ;
#1171 = ORIENTED_EDGE ( 'NONE', *, *, #592, .F. ) ;
#1172 = LINE ( 'NONE', #2146, #625 ) ;
#1173 = CIRCLE ( 'NONE', #2979, 1.699999999999986189 ) ;
#1174 = LINE ( 'NONE', #1896, #2164 ) ;
#1175 = ADVANCED_FACE ( 'NONE', ( #1380 ), #1903, .F. ) ;
#1176 = VERTEX_POINT ( 'NONE', #1609 ) ;
#1177 = EDGE_CURVE ( 'NONE', #1655, #538, #383, .T. ) ;
#1178 = CARTESIAN_POINT ( 'NONE',  ( 54.99999999999999289, 0.000000000000000000, -66.00000000000000000 ) ) ;
#1179 = ORIENTED_EDGE ( 'NONE', *, *, #887, .T. ) ;
#1180 = VERTEX_POINT ( 'NONE', #957 ) ;
#1181 = EDGE_LOOP ( 'NONE', ( #2530, #1017 ) ) ;
#1182 = EDGE_CURVE ( 'NONE', #3053, #1047, #327, .T. ) ;
#1183 = CARTESIAN_POINT ( 'NONE',  ( 52.00000000000000000, 0.000000000000000000, -64.00000000000000000 ) ) ;
#1184 = CARTESIAN_POINT ( 'NONE',  ( 140.9000000000000341, 22.50000000000000000, -127.6999999999999460 ) ) ;
#1185 = LINE ( 'NONE', #3191, #1008 ) ;
#1186 = CARTESIAN_POINT ( 'NONE',  ( 225.8000000000000114, 1.000000000000000000, -143.1999999999999602 ) ) ;
#1187 = DIRECTION ( 'NONE',  ( 0.000000000000000000, -1.000000000000000000, 0.000000000000000000 ) ) ;
#1188 = CYLINDRICAL_SURFACE ( 'NONE', #964, 1.500000000000001332 ) ;
#1189 = ORIENTED_EDGE ( 'NONE', *, *, #1075, .F. ) ;
#1190 = CARTESIAN_POINT ( 'NONE',  ( 60.00000000000000000, 28.00000000000000000, -37.00000000000000000 ) ) ;
#1191 = FACE_BOUND ( 'NONE', #2904, .T. ) ;
#1192 = EDGE_CURVE ( 'NONE', #1094, #2340, #1950, .T. ) ;
#1193 = VERTEX_POINT ( 'NONE', #2205 ) ;
#1194 = DIRECTION ( 'NONE',  ( 0.000000000000000000, -1.000000000000000000, 0.000000000000000000 ) ) ;
#1195 = ORIENTED_EDGE ( 'NONE', *, *, #550, .F. ) ;
#1196 = CONICAL_SURFACE ( 'NONE', #2997, 1.699999999999979305, 1.029744258676652757 ) ;
#1197 = CIRCLE ( 'NONE', #1394, 1.699999999999979305 ) ;
#1198 = ORIENTED_EDGE ( 'NONE', *, *, #1790, .F. ) ;
#1199 = VECTOR ( 'NONE', #2884, 1000.000000000000000 ) ;
#1200 = FACE_OUTER_BOUND ( 'NONE', #126, .T. ) ;
#1201 = AXIS2_PLACEMENT_3D ( 'NONE', #2531, #87, #97 ) ;
#1202 = ADVANCED_FACE ( 'NONE', ( #1983 ), #2987, .F. ) ;
#1203 = DIRECTION ( 'NONE',  ( 0.000000000000000000, 0.000000000000000000, 1.000000000000000000 ) ) ;
#1204 = PLANE ( 'NONE',  #2167 ) ;
#1205 = DIRECTION ( 'NONE',  ( -1.000000000000000000, 0.000000000000000000, 0.000000000000000000 ) ) ;
#1206 = CARTESIAN_POINT ( 'NONE',  ( 13.00000000000003908, 1.000000000000001332, -13.00000000000000000 ) ) ;
#1207 = VERTEX_POINT ( 'NONE', #750 ) ;
#1208 = LINE ( 'NONE', #2952, #2847 ) ;
#1209 = ORIENTED_EDGE ( 'NONE', *, *, #629, .F. ) ;
#1210 = DIRECTION ( 'NONE',  ( 0.000000000000000000, 0.000000000000000000, 1.000000000000000000 ) ) ;
#1211 = ORIENTED_EDGE ( 'NONE', *, *, #3113, .T. ) ;
#1212 = VECTOR ( 'NONE', #42, 1000.000000000000000 ) ;
#1213 = AXIS2_PLACEMENT_3D ( 'NONE', #1930, #2905, #189 ) ;
#1214 = CARTESIAN_POINT ( 'NONE',  ( 0.000000000000000000, 0.000000000000000000, -154.6999999999999886 ) ) ;
#1215 = ORIENTED_EDGE ( 'NONE', *, *, #599, .T. ) ;
#1216 = VECTOR ( 'NONE', #3145, 1000.000000000000000 ) ;
#1217 = EDGE_CURVE ( 'NONE', #3063, #3190, #1932, .T. ) ;
#1218 = VECTOR ( 'NONE', #2204, 1000.000000000000000 ) ;
#1219 = LINE ( 'NONE', #1952, #699 ) ;
#1220 = LINE ( 'NONE', #2192, #1314 ) ;
#1221 = CARTESIAN_POINT ( 'NONE',  ( 181.8000000000000114, 18.00000000000003197, -37.00000000000000000 ) ) ;
#1222 = EDGE_LOOP ( 'NONE', ( #3008, #2201, #1786, #1845 ) ) ;
#1223 = ADVANCED_FACE ( 'NONE', ( #1013 ), #2974, .F. ) ;
#1224 = CARTESIAN_POINT ( 'NONE',  ( 140.9000000000000341, 22.50000000000000000, -127.6999999999999460 ) ) ;
#1225 = ORIENTED_EDGE ( 'NONE', *, *, #2072, .F. ) ;
#1226 = PLANE ( 'NONE',  #422 ) ;
#1227 = EDGE_CURVE ( 'NONE', #2297, #1180, #1558, .T. ) ;
#1228 = CARTESIAN_POINT ( 'NONE',  ( 230.8000000000000114, 1.000000000000000000, -8.000000000000000000 ) ) ;
#1229 = ORIENTED_EDGE ( 'NONE', *, *, #2994, .F. ) ;
#1230 = CARTESIAN_POINT ( 'NONE',  ( 225.8000000000000114, 1.000000000000001332, -11.49999999999999822 ) ) ;
#1231 = ADVANCED_FACE ( 'NONE', ( #2052 ), #860, .F. ) ;
#1232 = VERTEX_POINT ( 'NONE', #1085 ) ;
#1233 = PRODUCT ( 'Geh\X2\00e4\X0\use_Guition_R\X2\00fc\X0\ckwand_Haupt', 'Geh\X2\00e4\X0\use_Guition_R\X2\00fc\X0\ckwand_Haupt', '', ( #1838 ) ) ;
#1234 = EDGE_CURVE ( 'NONE', #1327, #1031, #408, .T. ) ;
#1235 = CARTESIAN_POINT ( 'NONE',  ( 136.9000000000000341, 1.000000000000000000, -134.6999999999999886 ) ) ;
#1236 = CARTESIAN_POINT ( 'NONE',  ( 181.7999999999999829, 18.00000000000003197, -124.6999999999999602 ) ) ;
#1237 = LINE ( 'NONE', #1186, #370 ) ;
#1238 = ORIENTED_EDGE ( 'NONE', *, *, #769, .F. ) ;
#1239 = DIRECTION ( 'NONE',  ( 0.000000000000000000, 0.000000000000000000, -1.000000000000000000 ) ) ;
#1240 = VERTEX_POINT ( 'NONE', #2545 ) ;
#1241 = DIRECTION ( 'NONE',  ( 0.000000000000000000, 0.000000000000000000, 1.000000000000000000 ) ) ;
#1242 = VECTOR ( 'NONE', #297, 1000.000000000000000 ) ;
#1243 = VERTEX_POINT ( 'NONE', #527 ) ;
#1244 = DIRECTION ( 'NONE',  ( 0.000000000000000000, 1.000000000000000000, 0.000000000000000000 ) ) ;
#1245 = ORIENTED_EDGE ( 'NONE', *, *, #729, .F. ) ;
#1246 = DIRECTION ( 'NONE',  ( 1.000000000000000000, 0.000000000000000000, -0.000000000000000000 ) ) ;
#1247 = AXIS2_PLACEMENT_3D ( 'NONE', #1271, #541, #1718 ) ;
#1248 = ORIENTED_EDGE ( 'NONE', *, *, #2168, .T. ) ;
#1249 = CARTESIAN_POINT ( 'NONE',  ( 55.99999999999999289, 19.99999999999999289, -36.30000000000000426 ) ) ;
#1250 = DIRECTION ( 'NONE',  ( -0.000000000000000000, -1.000000000000000000, -0.000000000000000000 ) ) ;
#1251 = VERTEX_POINT ( 'NONE', #1498 ) ;
#1252 = DIRECTION ( 'NONE',  ( 0.7071067811865472397, 0.7071067811865479058, -7.445430854911676291E-17 ) ) ;
#1253 = ORIENTED_EDGE ( 'NONE', *, *, #2975, .F. ) ;
#1254 = CARTESIAN_POINT ( 'NONE',  ( 97.90000000000003411, 3.000000000000000000, -127.6999999999999460 ) ) ;
#1255 = ORIENTED_EDGE ( 'NONE', *, *, #1416, .T. ) ;
#1256 = DIRECTION ( 'NONE',  ( 1.481087279382546706E-16, 0.000000000000000000, 1.000000000000000000 ) ) ;
#1257 = CARTESIAN_POINT ( 'NONE',  ( 185.8000000000000114, 19.99999999999999289, -123.6999999999999460 ) ) ;
#1258 = EDGE_CURVE ( 'NONE', #2295, #2505, #2038, .T. ) ;
#1259 = CIRCLE ( 'NONE', #1867, 1.699999999999993072 ) ;
#1260 = EDGE_LOOP ( 'NONE', ( #2951, #3033, #2272, #1958 ) ) ;
#1261 = VECTOR ( 'NONE', #1102, 1000.000000000000000 ) ;
#1262 = DIRECTION ( 'NONE',  ( -0.000000000000000000, 1.000000000000000000, -0.000000000000000000 ) ) ;
#1263 = CARTESIAN_POINT ( 'NONE',  ( 136.9000000000000341, 7.000000000000001776, -133.0000000000000000 ) ) ;
#1264 = VECTOR ( 'NONE', #384, 1000.000000000000000 ) ;
#1265 = EDGE_LOOP ( 'NONE', ( #1452, #1057, #597, #1779, #1474, #2279, #1862 ) ) ;
#1266 = LINE ( 'NONE', #537, #3021 ) ;
#1267 = VERTEX_POINT ( 'NONE', #1576 ) ;
#1268 = AXIS2_PLACEMENT_3D ( 'NONE', #2633, #365, #2812 ) ;
#1269 = CARTESIAN_POINT ( 'NONE',  ( 101.9000000000000341, 3.000000000000000000, -120.6999999999999886 ) ) ;
#1270 = ORIENTED_EDGE ( 'NONE', *, *, #1304, .T. ) ;
#1271 = CARTESIAN_POINT ( 'NONE',  ( 0.000000000000000000, 3.000000000000000000, 0.000000000000000000 ) ) ;
#1272 = CARTESIAN_POINT ( 'NONE',  ( 52.00000000000000711, 28.00000000000000000, -36.99999999999999289 ) ) ;
#1273 = EDGE_CURVE ( 'NONE', #1118, #693, #2516, .T. ) ;
#1274 = ORIENTED_EDGE ( 'NONE', *, *, #262, .F. ) ;
#1275 = PRODUCT_RELATED_PRODUCT_CATEGORY ( 'part', '', ( #1233 ) ) ;
#1276 = ORIENTED_EDGE ( 'NONE', *, *, #1549, .F. ) ;
#1277 = ORIENTED_EDGE ( 'NONE', *, *, #1905, .F. ) ;
#1278 = DIRECTION ( 'NONE',  ( -0.000000000000000000, 1.000000000000000000, -0.000000000000000000 ) ) ;
#1279 = VERTEX_POINT ( 'NONE', #2589 ) ;
#1280 = FACE_OUTER_BOUND ( 'NONE', #285, .T. ) ;
#1281 = ORIENTED_EDGE ( 'NONE', *, *, #3034, .F. ) ;
#1282 = DIRECTION ( 'NONE',  ( 1.000000000000000000, 0.000000000000000000, 0.000000000000000000 ) ) ;
#1283 = AXIS2_PLACEMENT_3D ( 'NONE', #2996, #2200, #774 ) ;
#1284 = AXIS2_PLACEMENT_3D ( 'NONE', #462, #29, #1669 ) ;
#1285 = CARTESIAN_POINT ( 'NONE',  ( 225.8000000000000114, 1.000000000000000000, -14.50000000000000000 ) ) ;
#1286 = EDGE_CURVE ( 'NONE', #2300, #793, #2099, .T. ) ;
#1287 = EDGE_CURVE ( 'NONE', #2745, #538, #116, .T. ) ;
#1288 = EDGE_LOOP ( 'NONE', ( #1091, #554, #120, #2891 ) ) ;
#1289 = ORIENTED_EDGE ( 'NONE', *, *, #1335, .T. ) ;
#1290 = ORIENTED_EDGE ( 'NONE', *, *, #3132, .F. ) ;
#1291 = EDGE_CURVE ( 'NONE', #1828, #381, #876, .T. ) ;
#1292 = ORIENTED_EDGE ( 'NONE', *, *, #2896, .F. ) ;
#1293 = VECTOR ( 'NONE', #332, 1000.000000000000000 ) ;
#1294 = CARTESIAN_POINT ( 'NONE',  ( 186.8000000000000114, 13.00000000000000178, -37.00000000000000000 ) ) ;
#1295 = VERTEX_POINT ( 'NONE', #1130 ) ;
#1296 = LINE ( 'NONE', #2830, #2513 ) ;
#1297 = CONICAL_SURFACE ( 'NONE', #2698, 1.700000000000007061, 1.029744258676656310 ) ;
#1298 = ADVANCED_FACE ( 'NONE', ( #3096 ), #3038, .F. ) ;
#1299 = CARTESIAN_POINT ( 'NONE',  ( 13.00000000000003908, 1.000000000000000000, -13.00000000000000000 ) ) ;
#1300 = ORIENTED_EDGE ( 'NONE', *, *, #1386, .T. ) ;
#1301 = ADVANCED_FACE ( 'NONE', ( #1600 ), #851, .F. ) ;
#1302 = ORIENTED_EDGE ( 'NONE', *, *, #258, .T. ) ;
#1303 = VECTOR ( 'NONE', #2705, 1000.000000000000000 ) ;
#1304 = EDGE_CURVE ( 'NONE', #2030, #1910, #1344, .T. ) ;
#1305 = DIRECTION ( 'NONE',  ( 1.000000000000000000, 0.000000000000000000, 0.000000000000000000 ) ) ;
#1306 = ORIENTED_EDGE ( 'NONE', *, *, #1177, .T. ) ;
#1307 = EDGE_CURVE ( 'NONE', #3184, #463, #868, .T. ) ;
#1308 = DIRECTION ( 'NONE',  ( -0.000000000000000000, 1.000000000000000000, -0.000000000000000000 ) ) ;
#1309 = EDGE_LOOP ( 'NONE', ( #3167, #2774, #2255, #501 ) ) ;
#1310 = CARTESIAN_POINT ( 'NONE',  ( 97.90000000000003411, 28.00000000000000000, -127.6999999999999460 ) ) ;
#1311 = ORIENTED_EDGE ( 'NONE', *, *, #3142, .F. ) ;
#1312 = DIRECTION ( 'NONE',  ( 0.000000000000000000, -0.000000000000000000, -1.000000000000000000 ) ) ;
#1313 = EDGE_CURVE ( 'NONE', #1982, #2273, #337, .T. ) ;
#1314 = VECTOR ( 'NONE', #2401, 1000.000000000000000 ) ;
#1315 = CARTESIAN_POINT ( 'NONE',  ( 186.8000000000000114, 0.000000000000000000, -37.00000000000000000 ) ) ;
#1316 = PLANE ( 'NONE',  #2176 ) ;
#1317 = ORIENTED_EDGE ( 'NONE', *, *, #2772, .F. ) ;
#1318 = CARTESIAN_POINT ( 'NONE',  ( 135.8000000000000398, 1.000000000000000000, -11.49999999999999822 ) ) ;
#1319 = EDGE_CURVE ( 'NONE', #738, #2939, #1346, .T. ) ;
#1320 = ORIENTED_EDGE ( 'NONE', *, *, #1192, .F. ) ;
#1321 = CARTESIAN_POINT ( 'NONE',  ( 140.9000000000000341, 7.000000000000000000, -137.6999999999999886 ) ) ;
#1322 = ADVANCED_FACE ( 'NONE', ( #2819 ), #3081, .T. ) ;
#1323 = EDGE_LOOP ( 'NONE', ( #2261, #16, #2067, #2039 ) ) ;
#1324 = CARTESIAN_POINT ( 'NONE',  ( 97.90000000000003411, 7.000000000000000000, -137.6999999999999886 ) ) ;
#1325 = ORIENTED_EDGE ( 'NONE', *, *, #2820, .F. ) ;
#1326 = LINE ( 'NONE', #2571, #2095 ) ;
#1327 = VERTEX_POINT ( 'NONE', #869 ) ;
#1328 = LINE ( 'NONE', #827, #736 ) ;
#1329 = EDGE_CURVE ( 'NONE', #1882, #613, #517, .T. ) ;
#1330 = CARTESIAN_POINT ( 'NONE',  ( 186.7999999999999829, 28.00000000000000000, -127.6999999999999460 ) ) ;
#1331 = EDGE_LOOP ( 'NONE', ( #1652, #1431, #3006, #2392 ) ) ;
#1332 = CARTESIAN_POINT ( 'NONE',  ( 186.8000000000000114, 13.00000000000000178, -37.00000000000000000 ) ) ;
#1333 = ORIENTED_EDGE ( 'NONE', *, *, #621, .T. ) ;
#1334 = LINE ( 'NONE', #1814, #2240 ) ;
#1335 = EDGE_CURVE ( 'NONE', #727, #1949, #2304, .T. ) ;
#1336 = VERTEX_POINT ( 'NONE', #3061 ) ;
#1337 = DIRECTION ( 'NONE',  ( 0.000000000000000000, 0.000000000000000000, 1.000000000000000000 ) ) ;
#1338 = AXIS2_PLACEMENT_3D ( 'NONE', #1367, #141, #1381 ) ;
#1339 = CARTESIAN_POINT ( 'NONE',  ( 97.90000000000003411, 7.000000000000000000, -137.6999999999999886 ) ) ;
#1340 = EDGE_CURVE ( 'NONE', #983, #771, #2839, .T. ) ;
#1341 = ORIENTED_EDGE ( 'NONE', *, *, #954, .T. ) ;
#1342 = DIRECTION ( 'NONE',  ( 0.000000000000000000, 1.000000000000000000, 0.000000000000000000 ) ) ;
#1343 = CARTESIAN_POINT ( 'NONE',  ( 97.90000000000003411, 3.000000000000000000, -124.6999999999999602 ) ) ;
#1344 = LINE ( 'NONE', #2083, #1644 ) ;
#1345 = VECTOR ( 'NONE', #3160, 1000.000000000000000 ) ;
#1346 = LINE ( 'NONE', #1841, #1037 ) ;
#1347 = DIRECTION ( 'NONE',  ( 1.000000000000000000, 0.000000000000000000, 0.000000000000000000 ) ) ;
#1348 = ORIENTED_EDGE ( 'NONE', *, *, #832, .T. ) ;
#1349 = EDGE_CURVE ( 'NONE', #2233, #2160, #3070, .T. ) ;
#1350 = CARTESIAN_POINT ( 'NONE',  ( 17.00000000000000000, 3.000000000000000000, -108.6999999999999744 ) ) ;
#1351 = ORIENTED_EDGE ( 'NONE', *, *, #3158, .F. ) ;
#1352 = VECTOR ( 'NONE', #2559, 1000.000000000000000 ) ;
#1353 = DIRECTION ( 'NONE',  ( 0.000000000000000000, 0.000000000000000000, 1.000000000000000000 ) ) ;
#1354 = PLANE ( 'NONE',  #2844 ) ;
#1355 = AXIS2_PLACEMENT_3D ( 'NONE', #283, #21, #2431 ) ;
#1356 = DIRECTION ( 'NONE',  ( -0.000000000000000000, 1.000000000000000000, -0.000000000000000000 ) ) ;
#1357 = EDGE_CURVE ( 'NONE', #613, #1882, #1137, .T. ) ;
#1358 = CIRCLE ( 'NONE', #797, 3.000000000000002665 ) ;
#1359 = LINE ( 'NONE', #392, #1547 ) ;
#1360 = DIRECTION ( 'NONE',  ( 0.000000000000000000, 0.000000000000000000, 1.000000000000000000 ) ) ;
#1361 = VECTOR ( 'NONE', #3139, 1000.000000000000000 ) ;
#1362 = CARTESIAN_POINT ( 'NONE',  ( 186.8000000000000114, 0.000000000000000000, -124.6999999999999744 ) ) ;
#1363 = ORIENTED_EDGE ( 'NONE', *, *, #2394, .F. ) ;
#1364 = VECTOR ( 'NONE', #274, 1000.000000000000000 ) ;
#1365 = DIRECTION ( 'NONE',  ( -1.000000000000000000, 0.000000000000000000, 0.000000000000000000 ) ) ;
#1366 = EDGE_LOOP ( 'NONE', ( #69, #3137, #2396, #188 ) ) ;
#1367 = CARTESIAN_POINT ( 'NONE',  ( 135.8000000000000398, 1.000000000000000000, -13.00000000000000000 ) ) ;
#1368 = CARTESIAN_POINT ( 'NONE',  ( 52.00000000000000000, 3.000000000000000000, -64.00000000000000000 ) ) ;
#1369 = CARTESIAN_POINT ( 'NONE',  ( 54.99999999999999289, 28.00000000000000000, -124.6999999999999602 ) ) ;
#1370 = LINE ( 'NONE', #2348, #1878 ) ;
#1371 = PLANE ( 'NONE',  #1659 ) ;
#1372 = CARTESIAN_POINT ( 'NONE',  ( 185.8000000000000114, 28.00000000000000000, -39.69999999999997442 ) ) ;
#1373 = LINE ( 'NONE', #2144, #2438 ) ;
#1374 = ORIENTED_EDGE ( 'NONE', *, *, #2088, .F. ) ;
#1375 = CARTESIAN_POINT ( 'NONE',  ( 136.9000000000000341, 1.000000000000000000, -134.6999999999999886 ) ) ;
#1376 = FACE_BOUND ( 'NONE', #795, .T. ) ;
#1377 = VERTEX_POINT ( 'NONE', #1368 ) ;
#1378 = EDGE_LOOP ( 'NONE', ( #1456, #221, #1638, #1568 ) ) ;
#1379 = AXIS2_PLACEMENT_3D ( 'NONE', #1699, #1714, #2674 ) ;
#1380 = FACE_OUTER_BOUND ( 'NONE', #2310, .T. ) ;
#1381 = DIRECTION ( 'NONE',  ( 0.000000000000000000, 0.000000000000000000, 1.000000000000000000 ) ) ;
#1382 = AXIS2_PLACEMENT_3D ( 'NONE', #2445, #187, #3150 ) ;
#1383 = LINE ( 'NONE', #2366, #281 ) ;
#1384 = CARTESIAN_POINT ( 'NONE',  ( 185.8000000000000114, 18.97853694765314359, -123.6999999999999460 ) ) ;
#1385 = CYLINDRICAL_SURFACE ( 'NONE', #530, 1.699999999999979305 ) ;
#1386 = EDGE_CURVE ( 'NONE', #2027, #2505, #2259, .T. ) ;
#1387 = CARTESIAN_POINT ( 'NONE',  ( 136.9000000000000341, 1.000000000000000000, -134.6999999999999886 ) ) ;
#1388 = ORIENTED_EDGE ( 'NONE', *, *, #1307, .F. ) ;
#1389 = FACE_OUTER_BOUND ( 'NONE', #376, .T. ) ;
#1390 = LINE ( 'NONE', #1945, #2625 ) ;
#1391 = EDGE_CURVE ( 'NONE', #2644, #1377, #2632, .T. ) ;
#1392 = LINE ( 'NONE', #3133, #1156 ) ;
#1393 = ORIENTED_EDGE ( 'NONE', *, *, #887, .F. ) ;
#1394 = AXIS2_PLACEMENT_3D ( 'NONE', #2920, #739, #947 ) ;
#1395 = ORIENTED_EDGE ( 'NONE', *, *, #3174, .F. ) ;
#1396 = CARTESIAN_POINT ( 'NONE',  ( 60.00000000000000000, 28.00000000000000000, -41.99999999999998579 ) ) ;
#1397 = CARTESIAN_POINT ( 'NONE',  ( 52.00000000000000000, 0.000000000000000000, -64.00000000000000000 ) ) ;
#1398 = DIRECTION ( 'NONE',  ( 0.000000000000000000, 0.000000000000000000, 1.000000000000000000 ) ) ;
#1399 = CARTESIAN_POINT ( 'NONE',  ( 17.00000000000002132, 3.000000000000000000, -64.00000000000000000 ) ) ;
#1400 = ADVANCED_FACE ( 'NONE', ( #409 ), #1891, .T. ) ;
#1401 = EDGE_CURVE ( 'NONE', #801, #727, #1780, .T. ) ;
#1402 = AXIS2_PLACEMENT_3D ( 'NONE', #1078, #3032, #1794 ) ;
#1403 = CARTESIAN_POINT ( 'NONE',  ( 181.8000000000000114, 28.00000000000000000, -37.00000000000000000 ) ) ;
#1404 = CIRCLE ( 'NONE', #2536, 1.500000000000001332 ) ;
#1405 = EDGE_LOOP ( 'NONE', ( #607, #112, #2152, #2048 ) ) ;
#1406 = VECTOR ( 'NONE', #2769, 1000.000000000000000 ) ;
#1407 = LINE ( 'NONE', #2406, #313 ) ;
#1408 = PLANE ( 'NONE',  #359 ) ;
#1409 = VECTOR ( 'NONE', #1797, 1000.000000000000000 ) ;
#1410 = ORIENTED_EDGE ( 'NONE', *, *, #1995, .T. ) ;
#1411 = DIRECTION ( 'NONE',  ( -0.000000000000000000, 1.000000000000000000, -0.000000000000000000 ) ) ;
#1412 = EDGE_LOOP ( 'NONE', ( #901, #875 ) ) ;
#1413 = ADVANCED_FACE ( 'NONE', ( #721 ), #686, .T. ) ;
#1414 = CONICAL_SURFACE ( 'NONE', #2662, 1.699999999999979305, 1.029744258676652757 ) ;
#1415 = ORIENTED_EDGE ( 'NONE', *, *, #2547, .T. ) ;
#1416 = EDGE_CURVE ( 'NONE', #1243, #340, #2044, .T. ) ;
#1417 = DIRECTION ( 'NONE',  ( 0.000000000000000000, 0.000000000000000000, 1.000000000000000000 ) ) ;
#1418 = DIRECTION ( 'NONE',  ( -1.704887937077944188E-16, 0.000000000000000000, -1.000000000000000000 ) ) ;
#1419 = DIRECTION ( 'NONE',  ( -0.000000000000000000, 1.000000000000000000, -0.000000000000000000 ) ) ;
#1420 = CARTESIAN_POINT ( 'NONE',  ( 59.99999999999999289, 13.00000000000000178, -124.6999999999999602 ) ) ;
#1421 = ADVANCED_FACE ( 'NONE', ( #1957 ), #2195, .F. ) ;
#1422 = CARTESIAN_POINT ( 'NONE',  ( 13.00000000000001066, 1.000000000000001332, -140.1999999999999886 ) ) ;
#1423 = DIRECTION ( 'NONE',  ( -0.000000000000000000, 1.000000000000000000, -0.000000000000000000 ) ) ;
#1424 = VERTEX_POINT ( 'NONE', #1 ) ;
#1425 = PLANE ( 'NONE',  #214 ) ;
#1426 = LINE ( 'NONE', #467, #817 ) ;
#1427 = VERTEX_POINT ( 'NONE', #15 ) ;
#1428 = CARTESIAN_POINT ( 'NONE',  ( 17.00000000000000000, 1.000000000000000000, -137.6999999999999886 ) ) ;
#1429 = ORIENTED_EDGE ( 'NONE', *, *, #647, .F. ) ;
#1430 = ADVANCED_FACE ( 'NONE', ( #982 ), #737, .F. ) ;
#1431 = ORIENTED_EDGE ( 'NONE', *, *, #1981, .T. ) ;
#1432 = CYLINDRICAL_SURFACE ( 'NONE', #3068, 1.499999999999973577 ) ;
#1433 = CIRCLE ( 'NONE', #1842, 8.000000000000000000 ) ;
#1434 = AXIS2_PLACEMENT_3D ( 'NONE', #2346, #1868, #2127 ) ;
#1435 = FACE_OUTER_BOUND ( 'NONE', #2203, .T. ) ;
#1436 = DIRECTION ( 'NONE',  ( 0.000000000000000000, 0.000000000000000000, -1.000000000000000000 ) ) ;
#1437 = CARTESIAN_POINT ( 'NONE',  ( 59.99999999999999289, 28.00000000000000000, -124.6999999999999602 ) ) ;
#1438 = PLANE ( 'NONE',  #704 ) ;
#1439 = VERTEX_POINT ( 'NONE', #2709 ) ;
#1440 = DIRECTION ( 'NONE',  ( 0.000000000000000000, 1.000000000000000000, 0.000000000000000000 ) ) ;
#1441 = ORIENTED_EDGE ( 'NONE', *, *, #1737, .F. ) ;
#1442 = CARTESIAN_POINT ( 'NONE',  ( 185.8000000000000114, 19.99999999999999289, -39.69999999999997442 ) ) ;
#1443 = ORIENTED_EDGE ( 'NONE', *, *, #38, .F. ) ;
#1444 = DIRECTION ( 'NONE',  ( -0.000000000000000000, 1.000000000000000000, -0.000000000000000000 ) ) ;
#1445 = EDGE_CURVE ( 'NONE', #1108, #88, #2441, .T. ) ;
#1446 = VECTOR ( 'NONE', #1593, 1000.000000000000000 ) ;
#1447 = ORIENTED_EDGE ( 'NONE', *, *, #498, .F. ) ;
#1448 = EDGE_CURVE ( 'NONE', #2375, #273, #259, .T. ) ;
#1449 = CARTESIAN_POINT ( 'NONE',  ( 181.8000000000000114, 28.00000000000000000, -37.00000000000000000 ) ) ;
#1450 = DIRECTION ( 'NONE',  ( 0.000000000000000000, 0.000000000000000000, 1.000000000000000000 ) ) ;
#1451 = LINE ( 'NONE', #1712, #2955 ) ;
#1452 = ORIENTED_EDGE ( 'NONE', *, *, #36, .F. ) ;
#1453 = CARTESIAN_POINT ( 'NONE',  ( 181.7999999999999829, 18.00000000000003197, -119.6999999999999602 ) ) ;
#1454 = ORIENTED_EDGE ( 'NONE', *, *, #1286, .T. ) ;
#1455 = CARTESIAN_POINT ( 'NONE',  ( 0.000000000000000000, 3.000000000000000000, 0.000000000000000000 ) ) ;
#1456 = ORIENTED_EDGE ( 'NONE', *, *, #40, .T. ) ;
#1457 = CARTESIAN_POINT ( 'NONE',  ( 140.9000000000000341, 7.000000000000000000, -124.6999999999999744 ) ) ;
#1458 = ADVANCED_FACE ( 'NONE', ( #1923 ), #1000, .F. ) ;
#1459 = VERTEX_POINT ( 'NONE', #2724 ) ;
#1460 = AXIS2_PLACEMENT_3D ( 'NONE', #767, #1490, #1030 ) ;
#1461 = AXIS2_PLACEMENT_3D ( 'NONE', #2669, #492, #1203 ) ;
#1462 = DIRECTION ( 'NONE',  ( 0.000000000000000000, -1.000000000000000000, 0.000000000000000000 ) ) ;
#1463 = ORIENTED_EDGE ( 'NONE', *, *, #2258, .F. ) ;
#1464 = AXIS2_PLACEMENT_3D ( 'NONE', #1613, #1106, #2616 ) ;
#1465 = FACE_OUTER_BOUND ( 'NONE', #3152, .T. ) ;
#1466 = DIRECTION ( 'NONE',  ( 0.7071067811865475727, 0.7071067811865475727, -0.000000000000000000 ) ) ;
#1467 = DIRECTION ( 'NONE',  ( -0.000000000000000000, 1.000000000000000000, -0.000000000000000000 ) ) ;
#1468 = MECHANICAL_DESIGN_GEOMETRIC_PRESENTATION_REPRESENTATION (  '', ( #284 ), #1984 ) ;
#1469 = VERTEX_POINT ( 'NONE', #199 ) ;
#1470 = DIRECTION ( 'NONE',  ( 0.000000000000000000, 0.000000000000000000, -1.000000000000000000 ) ) ;
#1471 = EDGE_LOOP ( 'NONE', ( #1989, #1735, #43, #1292 ) ) ;
#1472 = DIRECTION ( 'NONE',  ( 1.000000000000000000, 0.000000000000000000, -1.704887937077944188E-16 ) ) ;
#1473 = DIRECTION ( 'NONE',  ( -0.000000000000000000, 1.000000000000000000, -0.000000000000000000 ) ) ;
#1474 = ORIENTED_EDGE ( 'NONE', *, *, #298, .F. ) ;
#1475 = CARTESIAN_POINT ( 'NONE',  ( 140.9000000000000341, 22.50000000000000000, 0.001000000000001000089 ) ) ;
#1476 = ORIENTED_EDGE ( 'NONE', *, *, #1595, .T. ) ;
#1477 = CARTESIAN_POINT ( 'NONE',  ( 55.00000000000000711, 28.00000000000000000, -33.99999999999998579 ) ) ;
#1478 = DIRECTION ( 'NONE',  ( -0.000000000000000000, 1.000000000000000000, -0.000000000000000000 ) ) ;
#1479 = EDGE_LOOP ( 'NONE', ( #1320, #1415, #92 ) ) ;
#1480 = DIRECTION ( 'NONE',  ( -0.000000000000000000, 1.000000000000000000, -0.000000000000000000 ) ) ;
#1481 = EDGE_LOOP ( 'NONE', ( #743, #1929 ) ) ;
#1482 = DIRECTION ( 'NONE',  ( 0.000000000000000000, 0.000000000000000000, -1.000000000000000000 ) ) ;
#1483 = ADVANCED_FACE ( 'NONE', ( #2658 ), #2966, .T. ) ;
#1484 = VECTOR ( 'NONE', #2556, 1000.000000000000114 ) ;
#1485 = ORIENTED_EDGE ( 'NONE', *, *, #1979, .T. ) ;
#1486 = DIRECTION ( 'NONE',  ( -0.000000000000000000, 1.000000000000000000, -0.000000000000000000 ) ) ;
#1487 = CARTESIAN_POINT ( 'NONE',  ( 13.00000000000003908, 1.000000000000001332, -13.00000000000000000 ) ) ;
#1488 = ORIENTED_EDGE ( 'NONE', *, *, #2605, .T. ) ;
#1489 = LINE ( 'NONE', #255, #1554 ) ;
#1490 = DIRECTION ( 'NONE',  ( -0.000000000000000000, 1.000000000000000000, 0.000000000000000000 ) ) ;
#1491 = VECTOR ( 'NONE', #1169, 1000.000000000000000 ) ;
#1492 = ORIENTED_EDGE ( 'NONE', *, *, #1574, .F. ) ;
#1493 = EDGE_CURVE ( 'NONE', #149, #65, #2900, .T. ) ;
#1494 = LINE ( 'NONE', #794, #3186 ) ;
#1495 = ORIENTED_EDGE ( 'NONE', *, *, #1850, .T. ) ;
#1496 = PLANE ( 'NONE',  #2999 ) ;
#1497 = EDGE_CURVE ( 'NONE', #528, #1883, #1791, .T. ) ;
#1498 = CARTESIAN_POINT ( 'NONE',  ( 181.8000000000000114, 28.00000000000000000, -42.00000000000000000 ) ) ;
#1499 = DIRECTION ( 'NONE',  ( 0.000000000000000000, 0.000000000000000000, 1.000000000000000000 ) ) ;
#1500 = DIRECTION ( 'NONE',  ( 0.000000000000000000, 0.000000000000000000, 1.000000000000000000 ) ) ;
#1501 = ADVANCED_FACE ( 'NONE', ( #2159 ), #1188, .F. ) ;
#1502 = VECTOR ( 'NONE', #226, 1000.000000000000000 ) ;
#1503 = VERTEX_POINT ( 'NONE', #706 ) ;
#1504 = VECTOR ( 'NONE', #1444, 1000.000000000000000 ) ;
#1505 = CARTESIAN_POINT ( 'NONE',  ( 136.9000000000000341, 7.000000000000000000, -119.0000000000000000 ) ) ;
#1506 = CARTESIAN_POINT ( 'NONE',  ( 8.000000000000000000, 1.000000000000000000, -146.6999999999999602 ) ) ;
#1507 = AXIS2_PLACEMENT_3D ( 'NONE', #3108, #720, #3127 ) ;
#1508 = ORIENTED_EDGE ( 'NONE', *, *, #2626, .T. ) ;
#1509 = ORIENTED_EDGE ( 'NONE', *, *, #80, .F. ) ;
#1510 = AXIS2_PLACEMENT_3D ( 'NONE', #1028, #1709, #490 ) ;
#1511 = CARTESIAN_POINT ( 'NONE',  ( 17.00000000000001421, 3.000000000000000000, -17.00000000000000000 ) ) ;
#1512 = EDGE_CURVE ( 'NONE', #627, #2011, #587, .T. ) ;
#1513 = EDGE_LOOP ( 'NONE', ( #279, #2061, #503, #200 ) ) ;
#1514 = VECTOR ( 'NONE', #614, 1000.000000000000000 ) ;
#1515 = CARTESIAN_POINT ( 'NONE',  ( 114.4000000000000057, 72.40000000000001990, -124.6999999999999602 ) ) ;
#1516 = ORIENTED_EDGE ( 'NONE', *, *, #2117, .F. ) ;
#1517 = DIRECTION ( 'NONE',  ( 0.000000000000000000, -0.000000000000000000, -1.000000000000000000 ) ) ;
#1518 = CARTESIAN_POINT ( 'NONE',  ( 55.99999999999999289, 19.99999999999999289, -123.6999999999999460 ) ) ;
#1519 = ORIENTED_EDGE ( 'NONE', *, *, #83, .T. ) ;
#1520 = ADVANCED_FACE ( 'NONE', ( #1686 ), #1438, .F. ) ;
#1521 = EDGE_LOOP ( 'NONE', ( #1388, #1245, #2562, #564 ) ) ;
#1522 = VERTEX_POINT ( 'NONE', #1453 ) ;
#1523 = AXIS2_PLACEMENT_3D ( 'NONE', #1789, #1342, #1074 ) ;
#1524 = EDGE_CURVE ( 'NONE', #1469, #4, #231, .T. ) ;
#1525 = LINE ( 'NONE', #289, #1623 ) ;
#1526 = ORIENTED_EDGE ( 'NONE', *, *, #1912, .F. ) ;
#1527 = DIRECTION ( 'NONE',  ( -1.000000000000000000, -0.000000000000000000, -0.000000000000000000 ) ) ;
#1528 = VERTEX_POINT ( 'NONE', #1942 ) ;
#1529 = PLANE ( 'NONE',  #1084 ) ;
#1530 = VECTOR ( 'NONE', #1097, 1000.000000000000000 ) ;
#1531 = DIRECTION ( 'NONE',  ( 0.000000000000000000, -1.000000000000000000, 0.000000000000000000 ) ) ;
#1532 = ADVANCED_FACE ( 'NONE', ( #2549 ), #96, .F. ) ;
#1533 = VERTEX_POINT ( 'NONE', #3007 ) ;
#1534 = EDGE_CURVE ( 'NONE', #1035, #679, #1494, .T. ) ;
#1535 = EDGE_CURVE ( 'NONE', #2188, #1943, #57, .T. ) ;
#1536 = CARTESIAN_POINT ( 'NONE',  ( 221.8000000000000114, 3.000000000000000000, -137.6999999999999886 ) ) ;
#1537 = ORIENTED_EDGE ( 'NONE', *, *, #760, .T. ) ;
#1538 = EDGE_CURVE ( 'NONE', #3066, #1162, #1561, .T. ) ;
#1539 = ORIENTED_EDGE ( 'NONE', *, *, #2785, .F. ) ;
#1540 = EDGE_CURVE ( 'NONE', #2160, #371, #1266, .T. ) ;
#1541 = DIRECTION ( 'NONE',  ( 0.000000000000000000, 0.000000000000000000, 1.000000000000000000 ) ) ;
#1542 = EDGE_LOOP ( 'NONE', ( #1289, #773, #2560, #1270, #1215, #889 ) ) ;
#1543 = VECTOR ( 'NONE', #2766, 1000.000000000000000 ) ;
#1544 = CARTESIAN_POINT ( 'NONE',  ( 136.9000000000000341, 1.000000000000000000, -132.9999999999999716 ) ) ;
#1545 = ORIENTED_EDGE ( 'NONE', *, *, #315, .T. ) ;
#1546 = DIRECTION ( 'NONE',  ( -0.000000000000000000, 1.000000000000000000, -0.000000000000000000 ) ) ;
#1547 = VECTOR ( 'NONE', #2354, 1000.000000000000000 ) ;
#1548 = CARTESIAN_POINT ( 'NONE',  ( 186.7999999999999829, 28.00000000000000000, -127.6999999999999460 ) ) ;
#1549 = EDGE_CURVE ( 'NONE', #2888, #1832, #770, .T. ) ;
#1550 = CARTESIAN_POINT ( 'NONE',  ( 135.8000000000000398, 1.000000000000001332, -11.49999999999999822 ) ) ;
#1551 = ORIENTED_EDGE ( 'NONE', *, *, #394, .F. ) ;
#1552 = EDGE_CURVE ( 'NONE', #301, #2027, #1525, .T. ) ;
#1553 = MANIFOLD_SOLID_BREP ( 'Verrundung4', #712 ) ;
#1554 = VECTOR ( 'NONE', #571, 1000.000000000000000 ) ;
#1555 = ORIENTED_EDGE ( 'NONE', *, *, #2468, .T. ) ;
#1556 = AXIS2_PLACEMENT_3D ( 'NONE', #1947, #252, #1246 ) ;
#1557 = DIRECTION ( 'NONE',  ( 0.000000000000000000, 0.000000000000000000, 1.000000000000000000 ) ) ;
#1558 = LINE ( 'NONE', #2282, #2886 ) ;
#1559 = VERTEX_POINT ( 'NONE', #2248 ) ;
#1560 = AXIS2_PLACEMENT_3D ( 'NONE', #3179, #378, #2280 ) ;
#1561 = LINE ( 'NONE', #1058, #182 ) ;
#1562 = CARTESIAN_POINT ( 'NONE',  ( 186.8000000000000114, 28.00000000000000000, -33.99999999999998579 ) ) ;
#1563 = ORIENTED_EDGE ( 'NONE', *, *, #1540, .F. ) ;
#1564 = FACE_BOUND ( 'NONE', #2, .T. ) ;
#1565 = ORIENTED_EDGE ( 'NONE', *, *, #1287, .F. ) ;
#1566 = CIRCLE ( 'NONE', #2921, 0.03572051764949568664 ) ;
#1567 = CYLINDRICAL_SURFACE ( 'NONE', #2271, 1.499999999999992673 ) ;
#1568 = ORIENTED_EDGE ( 'NONE', *, *, #973, .F. ) ;
#1569 = ADVANCED_FACE ( 'NONE', ( #2980 ), #1414, .F. ) ;
#1570 = LINE ( 'NONE', #2577, #372 ) ;
#1571 = ORIENTED_EDGE ( 'NONE', *, *, #832, .F. ) ;
#1572 = VERTEX_POINT ( 'NONE', #2529 ) ;
#1573 = VECTOR ( 'NONE', #923, 1000.000000000000000 ) ;
#1574 = EDGE_CURVE ( 'NONE', #1035, #2983, #3040, .T. ) ;
#1575 = DIRECTION ( 'NONE',  ( -0.000000000000000000, -0.000000000000000000, -1.000000000000000000 ) ) ;
#1576 = CARTESIAN_POINT ( 'NONE',  ( 186.8000000000000114, 3.000000000000000000, -33.99999999999998579 ) ) ;
#1577 = VERTEX_POINT ( 'NONE', #2517 ) ;
#1578 = FACE_OUTER_BOUND ( 'NONE', #2557, .T. ) ;
#1579 = CARTESIAN_POINT ( 'NONE',  ( 54.99999999999999289, 0.000000000000000000, -124.6999999999999602 ) ) ;
#1580 = CARTESIAN_POINT ( 'NONE',  ( 136.9000000000000341, 7.000000000000000000, -134.6999999999999886 ) ) ;
#1581 = VERTEX_POINT ( 'NONE', #85 ) ;
#1582 = LINE ( 'NONE', #2276, #556 ) ;
#1583 = DIRECTION ( 'NONE',  ( 0.7071067811865475727, -0.7071067811865475727, 0.000000000000000000 ) ) ;
#1584 = DIRECTION ( 'NONE',  ( 0.000000000000000000, 0.000000000000000000, 1.000000000000000000 ) ) ;
#1585 = DIRECTION ( 'NONE',  ( -1.387778780781444492E-15, 0.000000000000000000, -1.000000000000000000 ) ) ;
#1586 = CARTESIAN_POINT ( 'NONE',  ( 225.8000000000000114, 1.000000000000001332, -141.6999999999999602 ) ) ;
#1587 = EDGE_LOOP ( 'NONE', ( #246, #710, #2909, #2710 ) ) ;
#1588 = EDGE_LOOP ( 'NONE', ( #756, #2924, #952, #2684 ) ) ;
#1589 = ORIENTED_EDGE ( 'NONE', *, *, #196, .F. ) ;
#1590 = DIRECTION ( 'NONE',  ( 0.000000000000000000, -1.000000000000000000, 0.000000000000000000 ) ) ;
#1591 = CYLINDRICAL_SURFACE ( 'NONE', #2548, 1.699999999999993072 ) ;
#1592 = VECTOR ( 'NONE', #1664, 1000.000000000000000 ) ;
#1593 = DIRECTION ( 'NONE',  ( 0.000000000000000000, 0.000000000000000000, 1.000000000000000000 ) ) ;
#1594 = CARTESIAN_POINT ( 'NONE',  ( 140.9000000000000341, 3.000000000000000000, -137.6999999999999886 ) ) ;
#1595 = EDGE_CURVE ( 'NONE', #174, #627, #45, .T. ) ;
#1596 = AXIS2_PLACEMENT_3D ( 'NONE', #2443, #2198, #1241 ) ;
#1597 = ORIENTED_EDGE ( 'NONE', *, *, #2714, .T. ) ;
#1598 = DIRECTION ( 'NONE',  ( -0.000000000000000000, 1.000000000000000000, -0.000000000000000000 ) ) ;
#1599 = AXIS2_PLACEMENT_3D ( 'NONE', #2661, #3166, #931 ) ;
#1600 = FACE_OUTER_BOUND ( 'NONE', #1323, .T. ) ;
#1601 = AXIS2_PLACEMENT_3D ( 'NONE', #582, #1531, #353 ) ;
#1602 = CARTESIAN_POINT ( 'NONE',  ( 97.90000000000003411, 7.000000000000000000, -114.7000000000000028 ) ) ;
#1603 = ORIENTED_EDGE ( 'NONE', *, *, #1552, .F. ) ;
#1604 = EDGE_CURVE ( 'NONE', #1946, #1882, #823, .T. ) ;
#1605 = ORIENTED_EDGE ( 'NONE', *, *, #1872, .F. ) ;
#1606 = ORIENTED_EDGE ( 'NONE', *, *, #1661, .F. ) ;
#1607 = DIRECTION ( 'NONE',  ( 0.000000000000000000, 0.000000000000000000, 1.000000000000000000 ) ) ;
#1608 = DIRECTION ( 'NONE',  ( 0.000000000000000000, 0.000000000000000000, 1.000000000000000000 ) ) ;
#1609 = CARTESIAN_POINT ( 'NONE',  ( 55.99999999999999289, 19.99999999999999289, -36.30000000000000426 ) ) ;
#1610 = CARTESIAN_POINT ( 'NONE',  ( 13.00000000000001066, 0.000000000000000000, -141.6999999999999602 ) ) ;
#1611 = CIRCLE ( 'NONE', #1056, 1.500000000000001332 ) ;
#1612 = FACE_OUTER_BOUND ( 'NONE', #2042, .T. ) ;
#1613 = CARTESIAN_POINT ( 'NONE',  ( 13.00000000000003908, 0.000000000000000000, -13.00000000000000000 ) ) ;
#1614 = CARTESIAN_POINT ( 'NONE',  ( 60.00000000000000000, 18.00000000000003197, -41.99999999999998579 ) ) ;
#1615 = FACE_BOUND ( 'NONE', #2085, .T. ) ;
#1616 = EDGE_CURVE ( 'NONE', #88, #2583, #2991, .T. ) ;
#1617 = VECTOR ( 'NONE', #198, 1000.000000000000000 ) ;
#1618 = DIRECTION ( 'NONE',  ( 1.000000000000000000, 0.000000000000000000, 0.000000000000000000 ) ) ;
#1619 = DIRECTION ( 'NONE',  ( 0.000000000000000000, 0.000000000000000000, 1.000000000000000000 ) ) ;
#1620 = VERTEX_POINT ( 'NONE', #780 ) ;
#1621 = FACE_BOUND ( 'NONE', #3082, .T. ) ;
#1622 = ORIENTED_EDGE ( 'NONE', *, *, #938, .F. ) ;
#1623 = VECTOR ( 'NONE', #1278, 1000.000000000000000 ) ;
#1624 = DIRECTION ( 'NONE',  ( -0.000000000000000000, 1.000000000000000000, -0.000000000000000000 ) ) ;
#1625 = ORIENTED_EDGE ( 'NONE', *, *, #396, .F. ) ;
#1626 = EDGE_CURVE ( 'NONE', #174, #1759, #651, .T. ) ;
#1627 = ORIENTED_EDGE ( 'NONE', *, *, #491, .T. ) ;
#1628 = DIRECTION ( 'NONE',  ( -1.387778780781444492E-15, 0.000000000000000000, -1.000000000000000000 ) ) ;
#1629 = DIRECTION ( 'NONE',  ( 0.000000000000000000, 0.000000000000000000, -1.000000000000000000 ) ) ;
#1630 = CARTESIAN_POINT ( 'NONE',  ( 97.90000000000003411, 6.999999999999999112, 0.001000000000001000089 ) ) ;
#1631 = CARTESIAN_POINT ( 'NONE',  ( 136.9000000000000341, 0.000000000000000000, -134.6999999999999886 ) ) ;
#1632 = DIRECTION ( 'NONE',  ( -0.000000000000000000, -1.000000000000000000, 0.000000000000000000 ) ) ;
#1633 = ADVANCED_FACE ( 'NONE', ( #3054 ), #2128, .T. ) ;
#1634 = LINE ( 'NONE', #2864, #1014 ) ;
#1635 = CARTESIAN_POINT ( 'NONE',  ( 60.00000000000000711, 18.00000000000003197, -36.99999999999998579 ) ) ;
#1636 = LINE ( 'NONE', #2621, #989 ) ;
#1637 = DIRECTION ( 'NONE',  ( 0.000000000000000000, 1.000000000000000000, 0.000000000000000000 ) ) ;
#1638 = ORIENTED_EDGE ( 'NONE', *, *, #515, .T. ) ;
#1639 = ADVANCED_FACE ( 'NONE', ( #142 ), #2347, .F. ) ;
#1640 = ORIENTED_EDGE ( 'NONE', *, *, #2217, .F. ) ;
#1641 = EDGE_LOOP ( 'NONE', ( #1796, #2357, #3120, #3002 ) ) ;
#1642 = APPLICATION_CONTEXT ( 'automotive_design' ) ;
#1643 = ADVANCED_FACE ( 'NONE', ( #1578 ), #423, .F. ) ;
#1644 = VECTOR ( 'NONE', #3080, 1000.000000000000000 ) ;
#1645 = LINE ( 'NONE', #2630, #1361 ) ;
#1646 = CARTESIAN_POINT ( 'NONE',  ( 51.99999999999999289, 28.00000000000000000, -127.6999999999999460 ) ) ;
#1647 = CARTESIAN_POINT ( 'NONE',  ( 230.8000000000000114, 3.000000000000000000, -146.6999999999999602 ) ) ;
#1648 = AXIS2_PLACEMENT_3D ( 'NONE', #785, #1775, #759 ) ;
#1649 = DIRECTION ( 'NONE',  ( -1.552325258144794333E-16, 0.000000000000000000, -1.000000000000000000 ) ) ;
#1650 = EDGE_CURVE ( 'NONE', #1377, #1982, #1123, .T. ) ;
#1651 = DIRECTION ( 'NONE',  ( 0.000000000000000000, 1.000000000000000000, 0.000000000000000000 ) ) ;
#1652 = ORIENTED_EDGE ( 'NONE', *, *, #2072, .T. ) ;
#1653 = FACE_OUTER_BOUND ( 'NONE', #1288, .T. ) ;
#1654 = DIRECTION ( 'NONE',  ( 0.000000000000000000, 1.000000000000000000, 0.000000000000000000 ) ) ;
#1655 = VERTEX_POINT ( 'NONE', #632 ) ;
#1656 = CARTESIAN_POINT ( 'NONE',  ( 97.90000000000003411, 7.000000000000000000, -137.6999999999999886 ) ) ;
#1657 = VERTEX_POINT ( 'NONE', #386 ) ;
#1658 = EDGE_CURVE ( 'NONE', #1279, #1698, #1139, .T. ) ;
#1659 = AXIS2_PLACEMENT_3D ( 'NONE', #2385, #2130, #1649 ) ;
#1660 = DIRECTION ( 'NONE',  ( -1.000000000000000000, -0.000000000000000000, 1.704887937077944188E-16 ) ) ;
#1661 = EDGE_CURVE ( 'NONE', #249, #2596, #2054, .T. ) ;
#1662 = EDGE_LOOP ( 'NONE', ( #1068, #2102, #338, #540 ) ) ;
#1663 = CARTESIAN_POINT ( 'NONE',  ( 55.00000000000000711, 3.000000000000000000, -33.99999999999998579 ) ) ;
#1664 = DIRECTION ( 'NONE',  ( -0.000000000000000000, -1.000000000000000000, -0.000000000000000000 ) ) ;
#1665 = LINE ( 'NONE', #2721, #1502 ) ;
#1666 = DIRECTION ( 'NONE',  ( 0.000000000000000000, 0.000000000000000000, 1.000000000000000000 ) ) ;
#1667 = VECTOR ( 'NONE', #1262, 1000.000000000000000 ) ;
#1668 = DIRECTION ( 'NONE',  ( 0.000000000000000000, 0.000000000000000000, 1.000000000000000000 ) ) ;
#1669 = DIRECTION ( 'NONE',  ( 0.000000000000000000, 0.000000000000000000, -1.000000000000000000 ) ) ;
#1670 = ORIENTED_EDGE ( 'NONE', *, *, #855, .F. ) ;
#1671 = VECTOR ( 'NONE', #1748, 1000.000000000000000 ) ;
#1672 = EDGE_CURVE ( 'NONE', #748, #525, #2079, .T. ) ;
#1673 = DIRECTION ( 'NONE',  ( -1.000000000000000000, 0.000000000000000000, -0.000000000000000000 ) ) ;
#1674 = LINE ( 'NONE', #1875, #2012 ) ;
#1675 = AXIS2_PLACEMENT_3D ( 'NONE', #965, #705, #1668 ) ;
#1676 = ORIENTED_EDGE ( 'NONE', *, *, #168, .F. ) ;
#1677 = DIRECTION ( 'NONE',  ( -0.000000000000000000, 1.000000000000000000, -0.000000000000000000 ) ) ;
#1678 = VERTEX_POINT ( 'NONE', #3123 ) ;
#1679 = CIRCLE ( 'NONE', #2807, 0.03572051764946793107 ) ;
#1680 = VECTOR ( 'NONE', #862, 1000.000000000000000 ) ;
#1681 = ORIENTED_EDGE ( 'NONE', *, *, #2942, .T. ) ;
#1682 = DIRECTION ( 'NONE',  ( -0.000000000000000000, 1.000000000000000000, -0.000000000000000000 ) ) ;
#1683 = DIRECTION ( 'NONE',  ( 0.000000000000000000, 0.000000000000000000, 1.000000000000000000 ) ) ;
#1684 = CARTESIAN_POINT ( 'NONE',  ( 189.7999999999999829, 28.00000000000000000, -127.6999999999999460 ) ) ;
#1685 = DIRECTION ( 'NONE',  ( -0.000000000000000000, -0.000000000000000000, -1.000000000000000000 ) ) ;
#1686 = FACE_OUTER_BOUND ( 'NONE', #2246, .T. ) ;
#1687 = ORIENTED_EDGE ( 'NONE', *, *, #661, .F. ) ;
#1688 = DIRECTION ( 'NONE',  ( 0.000000000000000000, 0.000000000000000000, 1.000000000000000000 ) ) ;
#1689 = DIRECTION ( 'NONE',  ( 1.000000000000000000, 0.000000000000000000, 0.000000000000000000 ) ) ;
#1690 = ORIENTED_EDGE ( 'NONE', *, *, #2534, .T. ) ;
#1691 = LINE ( 'NONE', #2495, #272 ) ;
#1692 = AXIS2_PLACEMENT_3D ( 'NONE', #334, #1109, #2078 ) ;
#1693 = ADVANCED_FACE ( 'NONE', ( #2877 ), #1818, .F. ) ;
#1694 = ORIENTED_EDGE ( 'NONE', *, *, #2653, .F. ) ;
#1695 = DIRECTION ( 'NONE',  ( -1.000000000000000000, 0.000000000000000000, 1.704887937077944188E-16 ) ) ;
#1696 = DIRECTION ( 'NONE',  ( -2.962174558765093412E-16, -0.000000000000000000, -1.000000000000000000 ) ) ;
#1697 = ADVANCED_FACE ( 'NONE', ( #345 ), #913, .F. ) ;
#1698 = VERTEX_POINT ( 'NONE', #2108 ) ;
#1699 = CARTESIAN_POINT ( 'NONE',  ( 101.9000000000000341, 7.000000000000000000, -134.6999999999999886 ) ) ;
#1700 = ORIENTED_EDGE ( 'NONE', *, *, #358, .T. ) ;
#1701 = LINE ( 'NONE', #261, #477 ) ;
#1702 = ORIENTED_EDGE ( 'NONE', *, *, #515, .F. ) ;
#1703 = DIRECTION ( 'NONE',  ( 0.000000000000000000, -0.000000000000000000, 1.000000000000000000 ) ) ;
#1704 = EDGE_LOOP ( 'NONE', ( #3099, #2791 ) ) ;
#1705 = DIRECTION ( 'NONE',  ( -1.000000000000000000, -0.000000000000000000, -0.000000000000000000 ) ) ;
#1706 = VECTOR ( 'NONE', #2586, 1000.000000000000000 ) ;
#1707 = EDGE_LOOP ( 'NONE', ( #2795, #590 ) ) ;
#1708 = CARTESIAN_POINT ( 'NONE',  ( 140.9000000000000341, 22.50000000000000000, -124.6999999999999744 ) ) ;
#1709 = DIRECTION ( 'NONE',  ( -0.000000000000000000, 1.000000000000000000, -0.000000000000000000 ) ) ;
#1710 = VECTOR ( 'NONE', #1144, 1000.000000000000000 ) ;
#1711 = CARTESIAN_POINT ( 'NONE',  ( 230.8000000000000114, 0.000000000000000000, -8.000000000000000000 ) ) ;
#1712 = CARTESIAN_POINT ( 'NONE',  ( 0.000000000000000000, 0.000000000000000000, 0.000000000000000000 ) ) ;
#1713 = EDGE_LOOP ( 'NONE', ( #2851, #1563, #251, #1880 ) ) ;
#1714 = DIRECTION ( 'NONE',  ( -0.000000000000000000, 1.000000000000000000, -0.000000000000000000 ) ) ;
#1715 = ORIENTED_EDGE ( 'NONE', *, *, #760, .F. ) ;
#1716 = CYLINDRICAL_SURFACE ( 'NONE', #312, 1.500000000000001332 ) ;
#1717 = ORIENTED_EDGE ( 'NONE', *, *, #2096, .F. ) ;
#1718 = DIRECTION ( 'NONE',  ( 0.000000000000000000, 0.000000000000000000, -1.000000000000000000 ) ) ;
#1719 = ORIENTED_EDGE ( 'NONE', *, *, #1912, .T. ) ;
#1720 = VECTOR ( 'NONE', #3114, 1000.000000000000000 ) ;
#1721 = PLANE ( 'NONE',  #1556 ) ;
#1722 = ORIENTED_EDGE ( 'NONE', *, *, #1040, .T. ) ;
#1723 = LINE ( 'NONE', #1751, #1218 ) ;
#1724 = AXIS2_PLACEMENT_3D ( 'NONE', #1183, #697, #456 ) ;
#1725 = PLANE ( 'NONE',  #71 ) ;
#1726 = CYLINDRICAL_SURFACE ( 'NONE', #2800, 1.699999999999993072 ) ;
#1727 = EDGE_LOOP ( 'NONE', ( #803, #735 ) ) ;
#1728 = DIRECTION ( 'NONE',  ( -0.000000000000000000, 1.000000000000000000, -0.000000000000000000 ) ) ;
#1729 = ORIENTED_EDGE ( 'NONE', *, *, #2001, .T. ) ;
#1730 = DIRECTION ( 'NONE',  ( -0.000000000000000000, 1.000000000000000000, -0.000000000000000000 ) ) ;
#1731 = DIRECTION ( 'NONE',  ( 0.000000000000000000, -1.000000000000000000, 0.000000000000000000 ) ) ;
#1732 = VERTEX_POINT ( 'NONE', #2845 ) ;
#1733 = LINE ( 'NONE', #1005, #1956 ) ;
#1734 = LINE ( 'NONE', #2728, #1504 ) ;
#1735 = ORIENTED_EDGE ( 'NONE', *, *, #2785, .T. ) ;
#1736 = DIRECTION ( 'NONE',  ( -2.299550589530150753E-16, -0.000000000000000000, -1.000000000000000000 ) ) ;
#1737 = EDGE_CURVE ( 'NONE', #1041, #1427, #595, .T. ) ;
#1738 = EDGE_CURVE ( 'NONE', #1782, #3097, #2073, .T. ) ;
#1739 = CARTESIAN_POINT ( 'NONE',  ( 186.8000000000000114, 0.000000000000000000, -124.6999999999999744 ) ) ;
#1740 = CARTESIAN_POINT ( 'NONE',  ( 55.99999999999999289, 19.99999999999999289, -37.99999999999999289 ) ) ;
#1741 = ORIENTED_EDGE ( 'NONE', *, *, #2815, .T. ) ;
#1742 = DIRECTION ( 'NONE',  ( -0.000000000000000000, 1.000000000000000000, -0.000000000000000000 ) ) ;
#1743 = ORIENTED_EDGE ( 'NONE', *, *, #985, .F. ) ;
#1744 = DIRECTION ( 'NONE',  ( 0.000000000000000000, 1.000000000000000000, 0.000000000000000000 ) ) ;
#1745 = ADVANCED_FACE ( 'NONE', ( #1612 ), #1934, .F. ) ;
#1746 = CARTESIAN_POINT ( 'NONE',  ( 185.8000000000000114, 19.99999999999999289, -123.6999999999999460 ) ) ;
#1747 = EDGE_CURVE ( 'NONE', #1207, #1240, #1888, .T. ) ;
#1748 = DIRECTION ( 'NONE',  ( -0.000000000000000000, 1.000000000000000000, -0.000000000000000000 ) ) ;
#1749 = CIRCLE ( 'NONE', #2158, 1.499999999999973577 ) ;
#1750 = VERTEX_POINT ( 'NONE', #2330 ) ;
#1751 = CARTESIAN_POINT ( 'NONE',  ( 101.9000000000000341, 1.000000000000000000, -133.0000000000000000 ) ) ;
#1752 = DIRECTION ( 'NONE',  ( 0.000000000000000000, 0.5150380749100560429, 0.8571673007021112234 ) ) ;
#1753 = EDGE_CURVE ( 'NONE', #1193, #1041, #2860, .T. ) ;
#1754 = VECTOR ( 'NONE', #942, 1000.000000000000000 ) ;
#1755 = ORIENTED_EDGE ( 'NONE', *, *, #1897, .T. ) ;
#1756 = FILL_AREA_STYLE_COLOUR ( '', #1021 ) ;
#1757 = ORIENTED_EDGE ( 'NONE', *, *, #855, .T. ) ;
#1758 = CARTESIAN_POINT ( 'NONE',  ( 189.7999999999999829, 28.00000000000000000, -124.6999999999999460 ) ) ;
#1759 = VERTEX_POINT ( 'NONE', #2600 ) ;
#1760 = DIRECTION ( 'NONE',  ( -0.000000000000000000, 1.000000000000000000, -0.000000000000000000 ) ) ;
#1761 = EDGE_CURVE ( 'NONE', #1055, #381, #1383, .T. ) ;
#1762 = DIRECTION ( 'NONE',  ( 1.000000000000000000, 0.000000000000000000, -1.052942929272720237E-16 ) ) ;
#1763 = CIRCLE ( 'NONE', #431, 3.000000000000002665 ) ;
#1764 = ORIENTED_EDGE ( 'NONE', *, *, #1329, .F. ) ;
#1765 = AXIS2_PLACEMENT_3D ( 'NONE', #2818, #336, #2059 ) ;
#1766 = AXIS2_PLACEMENT_3D ( 'NONE', #2294, #2051, #1608 ) ;
#1767 = ORIENTED_EDGE ( 'NONE', *, *, #1626, .F. ) ;
#1768 = EDGE_LOOP ( 'NONE', ( #328, #909, #2057, #937 ) ) ;
#1769 = VECTOR ( 'NONE', #1885, 1000.000000000000000 ) ;
#1770 = CARTESIAN_POINT ( 'NONE',  ( 193.3000000000000398, 6.500000000000000888, -124.6999999999999744 ) ) ;
#1771 = ORIENTED_EDGE ( 'NONE', *, *, #979, .F. ) ;
#1772 = VECTOR ( 'NONE', #1799, 1000.000000000000000 ) ;
#1773 = LINE ( 'NONE', #553, #2787 ) ;
#1774 = ORIENTED_EDGE ( 'NONE', *, *, #2088, .T. ) ;
#1775 = DIRECTION ( 'NONE',  ( 0.000000000000000000, -1.000000000000000000, 0.000000000000000000 ) ) ;
#1776 = ADVANCED_FACE ( 'NONE', ( #1967 ), #2075, .F. ) ;
#1777 = DIRECTION ( 'NONE',  ( -1.000000000000000000, -0.000000000000000000, 1.704887937077944188E-16 ) ) ;
#1778 = EDGE_CURVE ( 'NONE', #2233, #2518, #225, .T. ) ;
#1779 = ORIENTED_EDGE ( 'NONE', *, *, #599, .F. ) ;
#1780 = LINE ( 'NONE', #2771, #1242 ) ;
#1781 = ADVANCED_FACE ( 'NONE', ( #1435 ), #941, .T. ) ;
#1782 = VERTEX_POINT ( 'NONE', #2400 ) ;
#1783 = ORIENTED_EDGE ( 'NONE', *, *, #2815, .F. ) ;
#1784 = EDGE_CURVE ( 'NONE', #1009, #873, #2379, .T. ) ;
#1785 = CARTESIAN_POINT ( 'NONE',  ( 101.9000000000000341, 1.000000000000000000, -134.6999999999999886 ) ) ;
#1786 = ORIENTED_EDGE ( 'NONE', *, *, #2511, .T. ) ;
#1787 = CARTESIAN_POINT ( 'NONE',  ( 59.99999999999999289, 13.00000000000000178, -124.6999999999999602 ) ) ;
#1788 = VERTEX_POINT ( 'NONE', #976 ) ;
#1789 = CARTESIAN_POINT ( 'NONE',  ( 0.000000000000000000, 1.000000000000000000, 0.000000000000000000 ) ) ;
#1790 = EDGE_CURVE ( 'NONE', #679, #727, #1920, .T. ) ;
#1791 = CIRCLE ( 'NONE', #814, 1.499999999999973577 ) ;
#1792 = FACE_OUTER_BOUND ( 'NONE', #574, .T. ) ;
#1793 = VECTOR ( 'NONE', #1689, 1000.000000000000000 ) ;
#1794 = DIRECTION ( 'NONE',  ( 0.000000000000000000, 0.000000000000000000, 1.000000000000000000 ) ) ;
#1795 = ORIENTED_EDGE ( 'NONE', *, *, #2015, .T. ) ;
#1796 = ORIENTED_EDGE ( 'NONE', *, *, #1082, .F. ) ;
#1797 = DIRECTION ( 'NONE',  ( 0.000000000000000000, 0.000000000000000000, -1.000000000000000000 ) ) ;
#1798 = ORIENTED_EDGE ( 'NONE', *, *, #2565, .T. ) ;
#1799 = DIRECTION ( 'NONE',  ( -0.000000000000000000, 1.000000000000000000, -0.000000000000000000 ) ) ;
#1800 = CIRCLE ( 'NONE', #997, 1.699999999999979305 ) ;
#1801 = LINE ( 'NONE', #1310, #1293 ) ;
#1802 = ORIENTED_EDGE ( 'NONE', *, *, #2001, .F. ) ;
#1803 = DIRECTION ( 'NONE',  ( 0.000000000000000000, 0.000000000000000000, 1.000000000000000000 ) ) ;
#1804 = VECTOR ( 'NONE', #1744, 1000.000000000000000 ) ;
#1805 = FACE_OUTER_BOUND ( 'NONE', #395, .T. ) ;
#1806 = DIRECTION ( 'NONE',  ( 0.000000000000000000, 0.000000000000000000, 1.000000000000000000 ) ) ;
#1807 = LINE ( 'NONE', #2733, #1352 ) ;
#1808 = EDGE_LOOP ( 'NONE', ( #326, #680 ) ) ;
#1809 = FACE_OUTER_BOUND ( 'NONE', #992, .T. ) ;
#1810 = CIRCLE ( 'NONE', #24, 3.000000000000002665 ) ;
#1811 =( GEOMETRIC_REPRESENTATION_CONTEXT ( 3 ) GLOBAL_UNCERTAINTY_ASSIGNED_CONTEXT ( ( #3016 ) ) GLOBAL_UNIT_ASSIGNED_CONTEXT ( ( #2865, #132, #657 ) ) REPRESENTATION_CONTEXT ( 'NONE', 'WORKASPACE' ) );
#1812 = ORIENTED_EDGE ( 'NONE', *, *, #894, .F. ) ;
#1813 = VECTOR ( 'NONE', #324, 1000.000000000000000 ) ;
#1814 = CARTESIAN_POINT ( 'NONE',  ( 140.9000000000000341, 7.000000000000000000, -127.6999999999999460 ) ) ;
#1815 = VERTEX_POINT ( 'NONE', #1477 ) ;
#1816 = VECTOR ( 'NONE', #1628, 1000.000000000000000 ) ;
#1817 = EDGE_CURVE ( 'NONE', #1155, #1267, #2455, .T. ) ;
#1818 = PLANE ( 'NONE',  #1881 ) ;
#1819 = VECTOR ( 'NONE', #2418, 1000.000000000000000 ) ;
#1820 = CARTESIAN_POINT ( 'NONE',  ( 54.99999999999999289, 0.000000000000000000, -124.6999999999999602 ) ) ;
#1821 = ORIENTED_EDGE ( 'NONE', *, *, #1391, .T. ) ;
#1822 = FACE_BOUND ( 'NONE', #1134, .T. ) ;
#1823 = AXIS2_PLACEMENT_3D ( 'NONE', #2776, #2260, #551 ) ;
#1824 = CARTESIAN_POINT ( 'NONE',  ( 136.9000000000000341, 3.000000000000000000, -119.0000000000000000 ) ) ;
#1825 = CARTESIAN_POINT ( 'NONE',  ( 13.00000000000003908, 1.000000000000000000, -13.00000000000000000 ) ) ;
#1826 = VERTEX_POINT ( 'NONE', #506 ) ;
#1827 = CARTESIAN_POINT ( 'NONE',  ( -2.449293598294685707E-16, 1.000000000000000000, -108.6999999999999744 ) ) ;
#1828 = VERTEX_POINT ( 'NONE', #3159 ) ;
#1829 = ORIENTED_EDGE ( 'NONE', *, *, #156, .F. ) ;
#1830 = CARTESIAN_POINT ( 'NONE',  ( 59.99999999999999289, 18.00000000000003197, -119.6999999999999602 ) ) ;
#1831 = EDGE_CURVE ( 'NONE', #1815, #1155, #2894, .T. ) ;
#1832 = VERTEX_POINT ( 'NONE', #2913 ) ;
#1833 = CARTESIAN_POINT ( 'NONE',  ( 55.99999999999999289, 19.99999999999999289, -123.6999999999999460 ) ) ;
#1834 = CARTESIAN_POINT ( 'NONE',  ( 225.8000000000000114, 0.000000000000000000, -141.6999999999999602 ) ) ;
#1835 = LINE ( 'NONE', #634, #1491 ) ;
#1836 = LINE ( 'NONE', #1594, #294 ) ;
#1837 = ADVANCED_FACE ( 'NONE', ( #1465 ), #1725, .F. ) ;
#1838 = PRODUCT_CONTEXT ( 'NONE', #2175, 'mechanical' ) ;
#1839 = DIRECTION ( 'NONE',  ( 1.049727191138617340E-16, 0.5150380749100560429, -0.8571673007021112234 ) ) ;
#1840 = DIRECTION ( 'NONE',  ( -1.000000000000000000, -0.000000000000000000, 1.704887937077944188E-16 ) ) ;
#1841 = CARTESIAN_POINT ( 'NONE',  ( 186.8000000000000114, 0.000000000000000000, -37.00000000000000000 ) ) ;
#1842 = AXIS2_PLACEMENT_3D ( 'NONE', #1228, #1244, #2237 ) ;
#1843 = AXIS2_PLACEMENT_3D ( 'NONE', #1206, #1480, #755 ) ;
#1844 = CARTESIAN_POINT ( 'NONE',  ( 186.7999999999999829, 2.999999999999999112, -124.6999999999999460 ) ) ;
#1845 = ORIENTED_EDGE ( 'NONE', *, *, #640, .T. ) ;
#1846 = ORIENTED_EDGE ( 'NONE', *, *, #3189, .F. ) ;
#1847 = CARTESIAN_POINT ( 'NONE',  ( 60.00000000000000711, 18.00000000000003197, -36.99999999999998579 ) ) ;
#1848 = CARTESIAN_POINT ( 'NONE',  ( 186.7999999999999829, 13.00000000000000178, -119.6999999999999602 ) ) ;
#1849 = EDGE_CURVE ( 'NONE', #949, #1559, #2490, .T. ) ;
#1850 = EDGE_CURVE ( 'NONE', #2166, #738, #2207, .T. ) ;
#1851 = DIRECTION ( 'NONE',  ( -0.000000000000000000, 1.000000000000000000, -0.000000000000000000 ) ) ;
#1852 = CARTESIAN_POINT ( 'NONE',  ( 51.99999999999999289, 3.000000000000000000, -127.6999999999999460 ) ) ;
#1853 = DIRECTION ( 'NONE',  ( -0.000000000000000000, 1.000000000000000000, -0.000000000000000000 ) ) ;
#1854 = FACE_OUTER_BOUND ( 'NONE', #2576, .T. ) ;
#1855 = CARTESIAN_POINT ( 'NONE',  ( 13.00000000000001066, 0.000000000000000000, -140.1999999999999602 ) ) ;
#1856 = AXIS2_PLACEMENT_3D ( 'NONE', #1580, #277, #47 ) ;
#1857 = FACE_OUTER_BOUND ( 'NONE', #3087, .T. ) ;
#1858 = AXIS2_PLACEMENT_3D ( 'NONE', #186, #2588, #373 ) ;
#1859 = EDGE_CURVE ( 'NONE', #86, #2457, #1810, .T. ) ;
#1860 = ORIENTED_EDGE ( 'NONE', *, *, #1884, .F. ) ;
#1861 = DIRECTION ( 'NONE',  ( 0.000000000000000000, -1.000000000000000000, 0.000000000000000000 ) ) ;
#1862 = ORIENTED_EDGE ( 'NONE', *, *, #2714, .F. ) ;
#1863 = ORIENTED_EDGE ( 'NONE', *, *, #2408, .F. ) ;
#1864 = EDGE_CURVE ( 'NONE', #1155, #1982, #1763, .T. ) ;
#1865 = DIRECTION ( 'NONE',  ( -0.000000000000000000, 1.000000000000000000, -0.000000000000000000 ) ) ;
#1866 = DIRECTION ( 'NONE',  ( -0.000000000000000000, 1.000000000000000000, -0.000000000000000000 ) ) ;
#1867 = AXIS2_PLACEMENT_3D ( 'NONE', #3143, #1906, #2290 ) ;
#1868 = DIRECTION ( 'NONE',  ( -0.000000000000000000, 1.000000000000000000, -0.000000000000000000 ) ) ;
#1869 = DIRECTION ( 'NONE',  ( -0.000000000000000000, 1.000000000000000000, -0.000000000000000000 ) ) ;
#1870 = DIRECTION ( 'NONE',  ( -0.000000000000000000, -1.000000000000000000, -0.000000000000000000 ) ) ;
#1871 = LINE ( 'NONE', #2387, #581 ) ;
#1872 = EDGE_CURVE ( 'NONE', #1251, #538, #2686, .T. ) ;
#1873 = CARTESIAN_POINT ( 'NONE',  ( 51.99999999999999289, 28.00000000000000000, -127.6999999999999460 ) ) ;
#1874 = DIRECTION ( 'NONE',  ( 1.000000000000000000, -0.000000000000000000, -0.000000000000000000 ) ) ;
#1875 = CARTESIAN_POINT ( 'NONE',  ( 0.000000000000000000, 1.000000000000000000, -154.6999999999999886 ) ) ;
#1876 = EDGE_CURVE ( 'NONE', #2163, #934, #1665, .T. ) ;
#1877 = EDGE_CURVE ( 'NONE', #1232, #2644, #1219, .T. ) ;
#1878 = VECTOR ( 'NONE', #110, 1000.000000000000000 ) ;
#1879 = DIRECTION ( 'NONE',  ( 0.000000000000000000, 0.000000000000000000, 1.000000000000000000 ) ) ;
#1880 = ORIENTED_EDGE ( 'NONE', *, *, #2124, .F. ) ;
#1881 = AXIS2_PLACEMENT_3D ( 'NONE', #2615, #3074, #2093 ) ;
#1882 = VERTEX_POINT ( 'NONE', #195 ) ;
#1883 = VERTEX_POINT ( 'NONE', #2191 ) ;
#1884 = EDGE_CURVE ( 'NONE', #1577, #693, #1185, .T. ) ;
#1885 = DIRECTION ( 'NONE',  ( -0.000000000000000000, 1.000000000000000000, -0.000000000000000000 ) ) ;
#1886 = CARTESIAN_POINT ( 'NONE',  ( 13.00000000000001066, 1.000000000000000000, -141.6999999999999602 ) ) ;
#1887 = CARTESIAN_POINT ( 'NONE',  ( 185.8000000000000114, 28.00000000000000000, -36.30000000000001137 ) ) ;
#1888 = LINE ( 'NONE', #666, #1514 ) ;
#1889 = CARTESIAN_POINT ( 'NONE',  ( 140.9000000000000341, 7.000000000000000000, -114.7000000000000028 ) ) ;
#1890 = DIRECTION ( 'NONE',  ( -0.000000000000000000, 1.000000000000000000, -0.000000000000000000 ) ) ;
#1892 = EDGE_CURVE ( 'NONE', #693, #1118, #1259, .T. ) ;
#1891 = PLANE ( 'NONE',  #53 ) ;
#1893 = CARTESIAN_POINT ( 'NONE',  ( 0.000000000000000000, 0.000000000000000000, 0.000000000000000000 ) ) ;
#1894 = ORIENTED_EDGE ( 'NONE', *, *, #3024, .F. ) ;
#1895 = DIRECTION ( 'NONE',  ( -0.7071067811865479058, 0.7071067811865472397, 9.813077866773590540E-16 ) ) ;
#1896 = CARTESIAN_POINT ( 'NONE',  ( 181.7999999999999829, 28.00000000000000000, -124.6999999999999602 ) ) ;
#1897 = EDGE_CURVE ( 'NONE', #2256, #1240, #1611, .T. ) ;
#1898 = CARTESIAN_POINT ( 'NONE',  ( 225.8000000000000114, 1.000000000000001332, -141.6999999999999602 ) ) ;
#1899 = VERTEX_POINT ( 'NONE', #1550 ) ;
#1900 = DIRECTION ( 'NONE',  ( -0.000000000000000000, 1.000000000000000000, -0.000000000000000000 ) ) ;
#1901 = ORIENTED_EDGE ( 'NONE', *, *, #2111, .T. ) ;
#1902 = AXIS2_PLACEMENT_3D ( 'NONE', #815, #1731, #836 ) ;
#1903 = PLANE ( 'NONE',  #1724 ) ;
#1904 = CARTESIAN_POINT ( 'NONE',  ( 101.9000000000000341, 1.000000000000000000, -134.6999999999999886 ) ) ;
#1905 = EDGE_CURVE ( 'NONE', #2542, #2307, #1570, .T. ) ;
#1906 = DIRECTION ( 'NONE',  ( -0.000000000000000000, 1.000000000000000000, -0.000000000000000000 ) ) ;
#1907 = CARTESIAN_POINT ( 'NONE',  ( 55.99999999999999289, 28.00000000000000000, -37.99999999999999289 ) ) ;
#1908 = LINE ( 'NONE', #2403, #1617 ) ;
#1909 = DIRECTION ( 'NONE',  ( 0.000000000000000000, 0.000000000000000000, 1.000000000000000000 ) ) ;
#1910 = VERTEX_POINT ( 'NONE', #853 ) ;
#1911 = CARTESIAN_POINT ( 'NONE',  ( 238.8000000000000114, 1.000000000000000000, -8.000000000000007105 ) ) ;
#1912 = EDGE_CURVE ( 'NONE', #2939, #1193, #356, .T. ) ;
#1913 = DIRECTION ( 'NONE',  ( 1.000000000000000000, 0.000000000000000000, -0.000000000000000000 ) ) ;
#1914 = ORIENTED_EDGE ( 'NONE', *, *, #2547, .F. ) ;
#1915 = FACE_BOUND ( 'NONE', #1100, .T. ) ;
#1916 = ORIENTED_EDGE ( 'NONE', *, *, #621, .F. ) ;
#1917 = VECTOR ( 'NONE', #1046, 1000.000000000000114 ) ;
#1918 = ORIENTED_EDGE ( 'NONE', *, *, #2988, .F. ) ;
#1919 = CARTESIAN_POINT ( 'NONE',  ( 135.8000000000000114, 1.000000000000001332, -141.6999999999999602 ) ) ;
#1920 = LINE ( 'NONE', #3175, #2910 ) ;
#1921 = CARTESIAN_POINT ( 'NONE',  ( 101.9000000000000341, 7.000000000000001776, -119.0000000000000000 ) ) ;
#1922 = CARTESIAN_POINT ( 'NONE',  ( 55.99999999999999289, 28.00000000000000000, -39.69999999999998863 ) ) ;
#1923 = FACE_OUTER_BOUND ( 'NONE', #1146, .T. ) ;
#1924 = ORIENTED_EDGE ( 'NONE', *, *, #1988, .T. ) ;
#1925 = CIRCLE ( 'NONE', #2326, 1.699999999999979305 ) ;
#1926 = PLANE ( 'NONE',  #211 ) ;
#1927 = CARTESIAN_POINT ( 'NONE',  ( 0.000000000000000000, 3.000000000000000000, 0.000000000000000000 ) ) ;
#1928 = AXIS2_PLACEMENT_3D ( 'NONE', #1387, #2368, #212 ) ;
#1929 = ORIENTED_EDGE ( 'NONE', *, *, #1892, .F. ) ;
#1930 = CARTESIAN_POINT ( 'NONE',  ( 0.000000000000000000, 7.000000000000000000, 0.000000000000000000 ) ) ;
#1931 = ORIENTED_EDGE ( 'NONE', *, *, #1319, .T. ) ;
#1932 = CIRCLE ( 'NONE', #3183, 8.000000000000007105 ) ;
#1933 = EDGE_CURVE ( 'NONE', #1108, #1732, #830, .T. ) ;
#1934 = CONICAL_SURFACE ( 'NONE', #544, 1.699999999999979305, 1.029744258676652313 ) ;
#1935 = EDGE_LOOP ( 'NONE', ( #1991, #3115, #152, #566 ) ) ;
#1936 = CARTESIAN_POINT ( 'NONE',  ( 55.99999999999999289, 28.00000000000000000, -123.6999999999999460 ) ) ;
#1937 = CARTESIAN_POINT ( 'NONE',  ( 186.7999999999999829, 28.00000000000000000, -42.00000000000000000 ) ) ;
#1938 = CARTESIAN_POINT ( 'NONE',  ( 238.8010000000000161, 0.000000000000000000, -106.7000000000000028 ) ) ;
#1939 = CARTESIAN_POINT ( 'NONE',  ( 55.99999999999999289, 19.99999999999999289, -123.6999999999999460 ) ) ;
#1940 = LINE ( 'NONE', #444, #1345 ) ;
#1941 = CARTESIAN_POINT ( 'NONE',  ( 17.00000000000000711, 1.000000000000000000, -64.00000000000000000 ) ) ;
#1942 = CARTESIAN_POINT ( 'NONE',  ( 140.9000000000000341, 3.000000000000000000, -137.6999999999999886 ) ) ;
#1943 = VERTEX_POINT ( 'NONE', #2976 ) ;
#1944 = CARTESIAN_POINT ( 'NONE',  ( 52.00000000000000000, 0.000000000000000000, -64.00000000000000000 ) ) ;
#1945 = CARTESIAN_POINT ( 'NONE',  ( 181.8000000000000114, 13.00000000000000178, -42.00000000000000000 ) ) ;
#1946 = VERTEX_POINT ( 'NONE', #766 ) ;
#1947 = CARTESIAN_POINT ( 'NONE',  ( 186.7999999999999829, 13.00000000000000178, -119.6999999999999602 ) ) ;
#1948 = CIRCLE ( 'NONE', #1692, 1.699999999999979305 ) ;
#1949 = VERTEX_POINT ( 'NONE', #1827 ) ;
#1950 = LINE ( 'NONE', #765, #1985 ) ;
#1951 = AXIS2_PLACEMENT_3D ( 'NONE', #509, #1470, #1019 ) ;
#1952 = CARTESIAN_POINT ( 'NONE',  ( 52.00000000000000000, 0.000000000000000000, -64.00000000000000000 ) ) ;
#1953 = CARTESIAN_POINT ( 'NONE',  ( 186.8000000000000114, 13.00000000000001421, -119.6999999999999602 ) ) ;
#1954 = CARTESIAN_POINT ( 'NONE',  ( 13.00000000000003908, 0.000000000000000000, -13.00000000000000000 ) ) ;
#1955 = ORIENTED_EDGE ( 'NONE', *, *, #2434, .F. ) ;
#1956 = VECTOR ( 'NONE', #2508, 1000.000000000000000 ) ;
#1957 = FACE_OUTER_BOUND ( 'NONE', #2978, .T. ) ;
#1958 = ORIENTED_EDGE ( 'NONE', *, *, #3174, .T. ) ;
#1959 = CARTESIAN_POINT ( 'NONE',  ( 8.000000000000000000, 3.000000000000000000, -154.6999999999999886 ) ) ;
#1960 = VERTEX_POINT ( 'NONE', #1330 ) ;
#1961 = CARTESIAN_POINT ( 'NONE',  ( 185.8000000000000114, 19.99999999999999289, -125.3999999999999346 ) ) ;
#1962 = EDGE_LOOP ( 'NONE', ( #2948, #2937 ) ) ;
#1963 = CARTESIAN_POINT ( 'NONE',  ( 136.9000000000000341, 7.000000000000001776, -134.6999999999999886 ) ) ;
#1964 = ADVANCED_FACE ( 'NONE', ( #102 ), #585, .F. ) ;
#1965 = ORIENTED_EDGE ( 'NONE', *, *, #460, .T. ) ;
#1966 = CIRCLE ( 'NONE', #1601, 8.000000000000007105 ) ;
#1967 = FACE_OUTER_BOUND ( 'NONE', #1222, .T. ) ;
#1968 = CARTESIAN_POINT ( 'NONE',  ( 55.99999999999999289, 28.00000000000000000, -36.29999999999999716 ) ) ;
#1969 = CARTESIAN_POINT ( 'NONE',  ( 8.000000000000000000, 1.000000000000000000, -154.6999999999999886 ) ) ;
#1970 = ORIENTED_EDGE ( 'NONE', *, *, #2221, .F. ) ;
#1971 = DIRECTION ( 'NONE',  ( 0.000000000000000000, 0.000000000000000000, 1.000000000000000000 ) ) ;
#1972 = ORIENTED_EDGE ( 'NONE', *, *, #2308, .F. ) ;
#1973 = LINE ( 'NONE', #3182, #1804 ) ;
#1974 = VECTOR ( 'NONE', #2395, 1000.000000000000000 ) ;
#1975 = CARTESIAN_POINT ( 'NONE',  ( 185.8000000000000114, 28.00000000000000000, -121.9999999999999716 ) ) ;
#1976 = AXIS2_PLACEMENT_3D ( 'NONE', #1954, #459, #1436 ) ;
#1977 = CIRCLE ( 'NONE', #173, 8.000000000000000000 ) ;
#1978 = FACE_OUTER_BOUND ( 'NONE', #2263, .T. ) ;
#1979 = EDGE_CURVE ( 'NONE', #1883, #2708, #3065, .T. ) ;
#1980 = AXIS2_PLACEMENT_3D ( 'NONE', #3088, #2342, #820 ) ;
#1981 = EDGE_CURVE ( 'NONE', #2166, #2137, #1807, .T. ) ;
#1982 = VERTEX_POINT ( 'NONE', #2821 ) ;
#1983 = FACE_OUTER_BOUND ( 'NONE', #781, .T. ) ;
#1984 =( GEOMETRIC_REPRESENTATION_CONTEXT ( 3 ) GLOBAL_UNCERTAINTY_ASSIGNED_CONTEXT ( ( #2523 ) ) GLOBAL_UNIT_ASSIGNED_CONTEXT ( ( #331, #576, #1032 ) ) REPRESENTATION_CONTEXT ( 'NONE', 'WORKASPACE' ) );
#1985 = VECTOR ( 'NONE', #1752, 1000.000000000000000 ) ;
#1986 = CARTESIAN_POINT ( 'NONE',  ( 185.8000000000000114, 28.00000000000000000, -36.30000000000001137 ) ) ;
#1987 = PLANE ( 'NONE',  #2114 ) ;
#1988 = EDGE_CURVE ( 'NONE', #273, #2745, #871, .T. ) ;
#1989 = ORIENTED_EDGE ( 'NONE', *, *, #2327, .F. ) ;
#1990 = DIRECTION ( 'NONE',  ( -0.000000000000000000, 1.000000000000000000, -0.000000000000000000 ) ) ;
#1991 = ORIENTED_EDGE ( 'NONE', *, *, #3039, .T. ) ;
#1992 = LINE ( 'NONE', #2982, #2010 ) ;
#1993 = ORIENTED_EDGE ( 'NONE', *, *, #1291, .F. ) ;
#1994 = CARTESIAN_POINT ( 'NONE',  ( 140.9000000000000341, 7.000000000000000000, 0.001000000000001000089 ) ) ;
#1995 = EDGE_CURVE ( 'NONE', #1522, #223, #1489, .T. ) ;
#1996 = CYLINDRICAL_SURFACE ( 'NONE', #844, 3.000000000000002665 ) ;
#1997 = EDGE_CURVE ( 'NONE', #361, #1176, #2783, .T. ) ;
#1998 = ORIENTED_EDGE ( 'NONE', *, *, #1445, .T. ) ;
#1999 = PLANE ( 'NONE',  #1460 ) ;
#2000 = VERTEX_POINT ( 'NONE', #2803 ) ;
#2001 = EDGE_CURVE ( 'NONE', #730, #314, #2235, .T. ) ;
#2002 = CARTESIAN_POINT ( 'NONE',  ( 185.8000000000000114, 28.00000000000000000, -39.69999999999997442 ) ) ;
#2003 = ORIENTED_EDGE ( 'NONE', *, *, #1892, .T. ) ;
#2004 = LINE ( 'NONE', #1072, #2525 ) ;
#2005 = VERTEX_POINT ( 'NONE', #1098 ) ;
#2006 = CARTESIAN_POINT ( 'NONE',  ( 54.99999999999999289, 2.000000000000000000, -106.6999999999999744 ) ) ;
#2007 = DIRECTION ( 'NONE',  ( 0.000000000000000000, 0.000000000000000000, 1.000000000000000000 ) ) ;
#2008 = CIRCLE ( 'NONE', #778, 1.699999999999979305 ) ;
#2009 = ORIENTED_EDGE ( 'NONE', *, *, #1753, .T. ) ;
#2010 = VECTOR ( 'NONE', #772, 1000.000000000000000 ) ;
#2011 = VERTEX_POINT ( 'NONE', #1986 ) ;
#2012 = VECTOR ( 'NONE', #2867, 1000.000000000000000 ) ;
#2013 = VECTOR ( 'NONE', #3095, 1000.000000000000000 ) ;
#2014 = ORIENTED_EDGE ( 'NONE', *, *, #2213, .T. ) ;
#2015 = EDGE_CURVE ( 'NONE', #1207, #1459, #2497, .T. ) ;
#2016 = ORIENTED_EDGE ( 'NONE', *, *, #1876, .T. ) ;
#2017 = LINE ( 'NONE', #1787, #3001 ) ;
#2018 = FACE_OUTER_BOUND ( 'NONE', #1768, .T. ) ;
#2019 = EDGE_CURVE ( 'NONE', #2123, #1533, #119, .T. ) ;
#2020 = CARTESIAN_POINT ( 'NONE',  ( 60.00000000000000000, 13.00000000000000178, -41.99999999999998579 ) ) ;
#2021 = VECTOR ( 'NONE', #1347, 1000.000000000000000 ) ;
#2022 = ORIENTED_EDGE ( 'NONE', *, *, #504, .F. ) ;
#2023 = CARTESIAN_POINT ( 'NONE',  ( 55.99999999999999289, 28.00000000000000000, -36.29999999999999716 ) ) ;
#2024 = EDGE_CURVE ( 'NONE', #3187, #1327, #2244, .T. ) ;
#2025 = VECTOR ( 'NONE', #2064, 1000.000000000000000 ) ;
#2026 = ORIENTED_EDGE ( 'NONE', *, *, #935, .F. ) ;
#2027 = VERTEX_POINT ( 'NONE', #1117 ) ;
#2028 = AXIS2_PLACEMENT_3D ( 'NONE', #1936, #455, #2647 ) ;
#2029 = DIRECTION ( 'NONE',  ( -0.7071067811865474617, 0.7071067811865474617, 7.445430854911677523E-17 ) ) ;
#2030 = VERTEX_POINT ( 'NONE', #2086 ) ;
#2031 = DIRECTION ( 'NONE',  ( 0.000000000000000000, 0.5150380749100575972, 0.8571673007021102242 ) ) ;
#2032 = VERTEX_POINT ( 'NONE', #2835 ) ;
#2033 = DIRECTION ( 'NONE',  ( -0.000000000000000000, 1.000000000000000000, -0.000000000000000000 ) ) ;
#2034 = LINE ( 'NONE', #2289, #2432 ) ;
#2035 = DIRECTION ( 'NONE',  ( 0.000000000000000000, 0.000000000000000000, -1.000000000000000000 ) ) ;
#2036 = ORIENTED_EDGE ( 'NONE', *, *, #1386, .F. ) ;
#2037 = EDGE_LOOP ( 'NONE', ( #1044, #427, #2477, #2701 ) ) ;
#2038 = LINE ( 'NONE', #3036, #466 ) ;
#2039 = ORIENTED_EDGE ( 'NONE', *, *, #2575, .F. ) ;
#2040 = DIRECTION ( 'NONE',  ( -0.000000000000000000, 1.000000000000000000, -0.000000000000000000 ) ) ;
#2041 = DIRECTION ( 'NONE',  ( -1.000000000000000000, 0.000000000000000000, 0.000000000000000000 ) ) ;
#2042 = EDGE_LOOP ( 'NONE', ( #1914, #2995, #2090 ) ) ;
#2043 = LINE ( 'NONE', #2318, #139 ) ;
#2044 = CIRCLE ( 'NONE', #1843, 1.499999999999987566 ) ;
#2045 = LINE ( 'NONE', #1548, #27 ) ;
#2046 = CONICAL_SURFACE ( 'NONE', #819, 1.699999999999979305, 1.029744258676650537 ) ;
#2047 = DIRECTION ( 'NONE',  ( 0.000000000000000000, 1.000000000000000000, 0.000000000000000000 ) ) ;
#2048 = ORIENTED_EDGE ( 'NONE', *, *, #1658, .T. ) ;
#2049 = ADVANCED_FACE ( 'NONE', ( #622 ), #1316, .F. ) ;
#2050 = ORIENTED_EDGE ( 'NONE', *, *, #156, .T. ) ;
#2051 = DIRECTION ( 'NONE',  ( -1.000000000000000000, 0.000000000000000000, 0.000000000000000000 ) ) ;
#2052 = FACE_OUTER_BOUND ( 'NONE', #955, .T. ) ;
#2053 = EDGE_LOOP ( 'NONE', ( #586, #722, #1757, #858 ) ) ;
#2054 = LINE ( 'NONE', #1369, #2606 ) ;
#2055 = AXIS2_PLACEMENT_3D ( 'NONE', #1820, #2041, #3009 ) ;
#2056 = DIRECTION ( 'NONE',  ( 0.000000000000000000, 0.000000000000000000, 1.000000000000000000 ) ) ;
#2057 = ORIENTED_EDGE ( 'NONE', *, *, #1876, .F. ) ;
#2058 = DIRECTION ( 'NONE',  ( 0.000000000000000000, 0.000000000000000000, 1.000000000000000000 ) ) ;
#2059 = DIRECTION ( 'NONE',  ( 0.000000000000000000, 0.000000000000000000, 1.000000000000000000 ) ) ;
#2060 = DIRECTION ( 'NONE',  ( 0.000000000000000000, 0.000000000000000000, -1.000000000000000000 ) ) ;
#2061 = ORIENTED_EDGE ( 'NONE', *, *, #1445, .F. ) ;
#2062 = EDGE_CURVE ( 'NONE', #806, #2160, #2797, .T. ) ;
#2063 = EDGE_CURVE ( 'NONE', #1788, #1782, #2410, .T. ) ;
#2064 = DIRECTION ( 'NONE',  ( -5.551115123125777969E-15, 0.000000000000000000, -1.000000000000000000 ) ) ;
#2065 = CIRCLE ( 'NONE', #1104, 1.500000000000001332 ) ;
#2066 = VECTOR ( 'NONE', #1250, 1000.000000000000000 ) ;
#2067 = ORIENTED_EDGE ( 'NONE', *, *, #2299, .T. ) ;
#2068 = CIRCLE ( 'NONE', #2802, 1.699999999999979305 ) ;
#2069 = CARTESIAN_POINT ( 'NONE',  ( 101.9000000000000341, 3.000000000000000000, -119.0000000000000000 ) ) ;
#2070 = EDGE_LOOP ( 'NONE', ( #1071, #3101, #1955, #2637 ) ) ;
#2071 = AXIS2_PLACEMENT_3D ( 'NONE', #606, #1365, #2541 ) ;
#2072 = EDGE_CURVE ( 'NONE', #1424, #2166, #641, .T. ) ;
#2073 = LINE ( 'NONE', #1630, #1680 ) ;
#2074 = CARTESIAN_POINT ( 'NONE',  ( 221.8000000000000114, 3.000000000000000000, -137.6999999999999886 ) ) ;
#2075 = CONICAL_SURFACE ( 'NONE', #2856, 1.700000000000007061, 1.029744258676656310 ) ;
#2076 = VECTOR ( 'NONE', #1450, 1000.000000000000000 ) ;
#2077 = ORIENTED_EDGE ( 'NONE', *, *, #1349, .T. ) ;
#2078 = DIRECTION ( 'NONE',  ( 0.000000000000000000, 0.000000000000000000, 1.000000000000000000 ) ) ;
#2079 = CIRCLE ( 'NONE', #856, 0.03572051764949568664 ) ;
#2080 = CARTESIAN_POINT ( 'NONE',  ( 0.000000000000000000, 0.000000000000000000, -8.000000000000000000 ) ) ;
#2081 = ORIENTED_EDGE ( 'NONE', *, *, #145, .T. ) ;
#2082 = CARTESIAN_POINT ( 'NONE',  ( 136.9000000000000341, 1.000000000000000000, -132.9999999999999716 ) ) ;
#2083 = CARTESIAN_POINT ( 'NONE',  ( 51.99999999999999289, 0.000000000000000000, -108.6999999999999744 ) ) ;
#2084 = DIRECTION ( 'NONE',  ( -0.000000000000000000, 1.000000000000000000, -0.000000000000000000 ) ) ;
#2085 = EDGE_LOOP ( 'NONE', ( #1625, #2944 ) ) ;
#2086 = CARTESIAN_POINT ( 'NONE',  ( 51.99999999999999289, 0.000000000000000000, -108.6999999999999744 ) ) ;
#2087 = ORIENTED_EDGE ( 'NONE', *, *, #2805, .F. ) ;
#2088 = EDGE_CURVE ( 'NONE', #2708, #292, #792, .T. ) ;
#2089 = CARTESIAN_POINT ( 'NONE',  ( 136.9000000000000341, 1.000000000000000000, -136.4000000000000057 ) ) ;
#2090 = ORIENTED_EDGE ( 'NONE', *, *, #124, .T. ) ;
#2091 = DIRECTION ( 'NONE',  ( -0.000000000000000000, 1.000000000000000000, -0.000000000000000000 ) ) ;
#2092 = VERTEX_POINT ( 'NONE', #919 ) ;
#2093 = DIRECTION ( 'NONE',  ( -0.000000000000000000, 0.000000000000000000, -1.000000000000000000 ) ) ;
#2094 = CYLINDRICAL_SURFACE ( 'NONE', #940, 8.000000000000007105 ) ;
#2095 = VECTOR ( 'NONE', #3043, 1000.000000000000114 ) ;
#2096 = EDGE_CURVE ( 'NONE', #1193, #2188, #2149, .T. ) ;
#2097 = LINE ( 'NONE', #2533, #414 ) ;
#2098 = CARTESIAN_POINT ( 'NONE',  ( 97.90000000000003411, 22.50000000000000000, 0.001000000000001000089 ) ) ;
#2099 = LINE ( 'NONE', #374, #560 ) ;
#2100 = ADVANCED_FACE ( 'NONE', ( #1133 ), #2853, .F. ) ;
#2101 = DIRECTION ( 'NONE',  ( 1.149775294765075377E-16, 0.000000000000000000, 1.000000000000000000 ) ) ;
#2102 = ORIENTED_EDGE ( 'NONE', *, *, #1738, .T. ) ;
#2103 = ORIENTED_EDGE ( 'NONE', *, *, #1549, .T. ) ;
#2104 = CARTESIAN_POINT ( 'NONE',  ( 185.8000000000000114, 19.99999999999999289, -123.6999999999999460 ) ) ;
#2105 = ADVANCED_FACE ( 'NONE', ( #2665 ), #2591, .T. ) ;
#2106 = DIRECTION ( 'NONE',  ( 0.000000000000000000, 0.000000000000000000, 1.000000000000000000 ) ) ;
#2107 = DIRECTION ( 'NONE',  ( -0.000000000000000000, 1.000000000000000000, -0.000000000000000000 ) ) ;
#2108 = CARTESIAN_POINT ( 'NONE',  ( 97.90000000000003411, 3.000000000000000000, -137.6999999999999886 ) ) ;
#2109 = FACE_OUTER_BOUND ( 'NONE', #605, .T. ) ;
#2110 = EDGE_CURVE ( 'NONE', #1655, #2773, #2165, .T. ) ;
#2111 = EDGE_CURVE ( 'NONE', #519, #983, #2065, .T. ) ;
#2112 = CARTESIAN_POINT ( 'NONE',  ( 0.000000000000000000, 1.000000000000000000, 0.000000000000000000 ) ) ;
#2113 = DIRECTION ( 'NONE',  ( -0.000000000000000000, 1.000000000000000000, -0.000000000000000000 ) ) ;
#2114 = AXIS2_PLACEMENT_3D ( 'NONE', #1420, #210, #978 ) ;
#2115 = ORIENTED_EDGE ( 'NONE', *, *, #3158, .T. ) ;
#2116 = DIRECTION ( 'NONE',  ( -0.000000000000000000, 1.000000000000000000, -0.000000000000000000 ) ) ;
#2117 = EDGE_CURVE ( 'NONE', #1047, #3053, #691, .T. ) ;
#2118 = CARTESIAN_POINT ( 'NONE',  ( 54.99999999999999289, 13.00000000000000178, -119.6999999999999602 ) ) ;
#2119 = AXIS2_PLACEMENT_3D ( 'NONE', #757, #3, #723 ) ;
#2120 = ADVANCED_FACE ( 'NONE', ( #2374, #1621, #2925, #1915, #1376 ), #2356, .T. ) ;
#2121 = DIRECTION ( 'NONE',  ( 0.000000000000000000, 0.000000000000000000, -1.000000000000000000 ) ) ;
#2122 = EDGE_LOOP ( 'NONE', ( #20, #2267 ) ) ;
#2123 = VERTEX_POINT ( 'NONE', #151 ) ;
#2124 = EDGE_CURVE ( 'NONE', #2502, #806, #1145, .T. ) ;
#2125 = LINE ( 'NONE', #3122, #2579 ) ;
#2126 = AXIS2_PLACEMENT_3D ( 'NONE', #2337, #2610, #135 ) ;
#2127 = DIRECTION ( 'NONE',  ( 0.000000000000000000, 0.000000000000000000, 1.000000000000000000 ) ) ;
#2128 = CYLINDRICAL_SURFACE ( 'NONE', #2187, 8.000000000000007105 ) ;
#2129 = DIRECTION ( 'NONE',  ( -0.000000000000000000, 1.000000000000000000, -0.000000000000000000 ) ) ;
#2130 = DIRECTION ( 'NONE',  ( 1.000000000000000000, 0.000000000000000000, -1.552325258144794333E-16 ) ) ;
#2131 = EDGE_CURVE ( 'NONE', #1240, #2256, #321, .T. ) ;
#2132 = FACE_OUTER_BOUND ( 'NONE', #1062, .T. ) ;
#2133 = LINE ( 'NONE', #2902, #2790 ) ;
#2134 = DIRECTION ( 'NONE',  ( 0.000000000000000000, 0.000000000000000000, 1.000000000000000000 ) ) ;
#2135 = VECTOR ( 'NONE', #764, 1000.000000000000000 ) ;
#2136 = CARTESIAN_POINT ( 'NONE',  ( 54.99999999999999289, 0.000000000000000000, -66.00000000000000000 ) ) ;
#2137 = VERTEX_POINT ( 'NONE', #3168 ) ;
#2138 = ORIENTED_EDGE ( 'NONE', *, *, #729, .T. ) ;
#2139 = EDGE_LOOP ( 'NONE', ( #2729, #908, #1111, #906 ) ) ;
#2140 = DIRECTION ( 'NONE',  ( 1.000000000000000000, -0.000000000000000000, -0.000000000000000000 ) ) ;
#2141 = LINE ( 'NONE', #1953, #700 ) ;
#2142 = CARTESIAN_POINT ( 'NONE',  ( 60.00000000000000711, 28.00000000000000000, -36.99999999999998579 ) ) ;
#2143 = CARTESIAN_POINT ( 'NONE',  ( 54.99999999999999289, 13.00000000000000178, -124.6999999999999602 ) ) ;
#2144 = CARTESIAN_POINT ( 'NONE',  ( 55.99999999999999289, 28.00000000000000000, -125.3999999999999346 ) ) ;
#2145 = ORIENTED_EDGE ( 'NONE', *, *, #550, .T. ) ;
#2146 = CARTESIAN_POINT ( 'NONE',  ( 189.7999999999999829, 3.000000000000000000, -127.6999999999999460 ) ) ;
#2147 = PLANE ( 'NONE',  #10 ) ;
#2148 = ORIENTED_EDGE ( 'NONE', *, *, #1234, .T. ) ;
#2149 = LINE ( 'NONE', #1362, #1974 ) ;
#2150 = ORIENTED_EDGE ( 'NONE', *, *, #2544, .T. ) ;
#2151 = CARTESIAN_POINT ( 'NONE',  ( 186.7999999999999829, 13.00000000000000178, -124.6999999999999602 ) ) ;
#2152 = ORIENTED_EDGE ( 'NONE', *, *, #2168, .F. ) ;
#2153 = ORIENTED_EDGE ( 'NONE', *, *, #1817, .F. ) ;
#2154 = CARTESIAN_POINT ( 'NONE',  ( 54.99999999999999289, 28.00000000000000000, -119.6999999999999602 ) ) ;
#2155 = DIRECTION ( 'NONE',  ( 1.149775294765075377E-16, 0.000000000000000000, 1.000000000000000000 ) ) ;
#2156 = DIRECTION ( 'NONE',  ( -0.000000000000000000, 1.000000000000000000, -0.000000000000000000 ) ) ;
#2157 = CARTESIAN_POINT ( 'NONE',  ( 17.00000000000000000, 1.000000000000000000, -137.6999999999999886 ) ) ;
#2158 = AXIS2_PLACEMENT_3D ( 'NONE', #1919, #2911, #2365 ) ;
#2159 = FACE_OUTER_BOUND ( 'NONE', #2270, .T. ) ;
#2160 = VERTEX_POINT ( 'NONE', #951 ) ;
#2161 = CARTESIAN_POINT ( 'NONE',  ( 238.8010000000000161, 0.000000000000000000, -66.00000000000002842 ) ) ;
#2162 = DIRECTION ( 'NONE',  ( 0.000000000000000000, 0.000000000000000000, 1.000000000000000000 ) ) ;
#2163 = VERTEX_POINT ( 'NONE', #1602 ) ;
#2164 = VECTOR ( 'NONE', #3112, 1000.000000000000000 ) ;
#2165 = LINE ( 'NONE', #933, #3118 ) ;
#2166 = VERTEX_POINT ( 'NONE', #2136 ) ;
#2167 = AXIS2_PLACEMENT_3D ( 'NONE', #474, #2963, #2914 ) ;
#2168 = EDGE_CURVE ( 'NONE', #1279, #3097, #905, .T. ) ;
#2169 = ORIENTED_EDGE ( 'NONE', *, *, #2319, .F. ) ;
#2170 = FACE_OUTER_BOUND ( 'NONE', #763, .T. ) ;
#2171 = DIRECTION ( 'NONE',  ( 0.000000000000000000, -1.000000000000000000, 0.000000000000000000 ) ) ;
#2172 = CARTESIAN_POINT ( 'NONE',  ( 185.8000000000000114, 28.00000000000000000, -123.6999999999999460 ) ) ;
#2173 = AXIS2_PLACEMENT_3D ( 'NONE', #1893, #1143, #1618 ) ;
#2174 = EDGE_CURVE ( 'NONE', #2857, #1960, #2912, .T. ) ;
#2175 = APPLICATION_CONTEXT ( 'automotive_design' ) ;
#2176 = AXIS2_PLACEMENT_3D ( 'NONE', #1015, #1029, #2035 ) ;
#2177 = DIRECTION ( 'NONE',  ( 1.149775294765075377E-16, 0.000000000000000000, 1.000000000000000000 ) ) ;
#2178 = DIRECTION ( 'NONE',  ( 0.000000000000000000, 0.000000000000000000, 1.000000000000000000 ) ) ;
#2179 = ORIENTED_EDGE ( 'NONE', *, *, #1313, .T. ) ;
#2180 = FACE_OUTER_BOUND ( 'NONE', #1471, .T. ) ;
#2181 = ORIENTED_EDGE ( 'NONE', *, *, #176, .F. ) ;
#2182 = CARTESIAN_POINT ( 'NONE',  ( 181.7999999999999829, 28.00000000000000000, -119.6999999999999602 ) ) ;
#2183 = ORIENTED_EDGE ( 'NONE', *, *, #2975, .T. ) ;
#2184 = CARTESIAN_POINT ( 'NONE',  ( 55.99999999999999289, 28.00000000000000000, -121.9999999999999574 ) ) ;
#2185 = VECTOR ( 'NONE', #1736, 1000.000000000000000 ) ;
#2186 = EDGE_CURVE ( 'NONE', #2592, #174, #1392, .T. ) ;
#2187 = AXIS2_PLACEMENT_3D ( 'NONE', #1647, #1590, #1088 ) ;
#2188 = VERTEX_POINT ( 'NONE', #432 ) ;
#2189 = CARTESIAN_POINT ( 'NONE',  ( 0.000000000000000000, 1.000000000000000000, -64.00000000000000000 ) ) ;
#2190 = CARTESIAN_POINT ( 'NONE',  ( 136.9000000000000341, 7.000000000000000000, -120.6999999999999886 ) ) ;
#2191 = CARTESIAN_POINT ( 'NONE',  ( 135.8000000000000114, 0.000000000000000000, -140.1999999999999602 ) ) ;
#2192 = CARTESIAN_POINT ( 'NONE',  ( 17.00000000000000000, 1.000000000000000000, -137.6999999999999886 ) ) ;
#2193 = DIRECTION ( 'NONE',  ( 0.000000000000000000, 0.000000000000000000, -1.000000000000000000 ) ) ;
#2194 = ORIENTED_EDGE ( 'NONE', *, *, #746, .T. ) ;
#2195 = CYLINDRICAL_SURFACE ( 'NONE', #2775, 1.500000000000001332 ) ;
#2196 = ORIENTED_EDGE ( 'NONE', *, *, #191, .F. ) ;
#2197 = ADVANCED_FACE ( 'NONE', ( #532 ), #502, .F. ) ;
#2198 = DIRECTION ( 'NONE',  ( -0.000000000000000000, 1.000000000000000000, -0.000000000000000000 ) ) ;
#2199 = EDGE_LOOP ( 'NONE', ( #1916, #2885, #1998, #82 ) ) ;
#2200 = DIRECTION ( 'NONE',  ( 0.000000000000000000, 1.000000000000000000, 0.000000000000000000 ) ) ;
#2201 = ORIENTED_EDGE ( 'NONE', *, *, #1018, .T. ) ;
#2202 = CARTESIAN_POINT ( 'NONE',  ( 136.9000000000000341, 7.000000000000001776, -134.6999999999999886 ) ) ;
#2203 = EDGE_LOOP ( 'NONE', ( #2580, #1690, #1306, #1605 ) ) ;
#2204 = DIRECTION ( 'NONE',  ( 0.000000000000000000, 0.5150380749100555988, 0.8571673007021114454 ) ) ;
#2205 = CARTESIAN_POINT ( 'NONE',  ( 186.8000000000000114, 0.000000000000000000, -124.6999999999999744 ) ) ;
#2206 = VECTOR ( 'NONE', #2084, 1000.000000000000000 ) ;
#2207 = LINE ( 'NONE', #994, #2646 ) ;
#2208 = DIRECTION ( 'NONE',  ( 0.7071067811865474617, -0.7071067811865474617, -0.000000000000000000 ) ) ;
#2209 = CARTESIAN_POINT ( 'NONE',  ( 0.000000000000000000, 0.000000000000000000, -64.00000000000000000 ) ) ;
#2210 = EDGE_LOOP ( 'NONE', ( #1253, #1993, #2737, #642 ) ) ;
#2211 = CIRCLE ( 'NONE', #413, 1.699999999999993072 ) ;
#2212 = AXIS2_PLACEMENT_3D ( 'NONE', #514, #1486, #1803 ) ;
#2213 = EDGE_CURVE ( 'NONE', #2340, #1559, #1038, .T. ) ;
#2214 = DIRECTION ( 'NONE',  ( -0.000000000000000000, 1.000000000000000000, -0.000000000000000000 ) ) ;
#2215 = VERTEX_POINT ( 'NONE', #990 ) ;
#2216 = FACE_OUTER_BOUND ( 'NONE', #2447, .T. ) ;
#2217 = EDGE_CURVE ( 'NONE', #149, #1251, #1691, .T. ) ;
#2218 = CARTESIAN_POINT ( 'NONE',  ( 189.7999999999999829, 3.000000000000000000, -124.6999999999999460 ) ) ;
#2219 = ORIENTED_EDGE ( 'NONE', *, *, #56, .T. ) ;
#2220 = CARTESIAN_POINT ( 'NONE',  ( 238.8000000000000114, 0.000000000000000000, -8.000000000000000000 ) ) ;
#2221 = EDGE_CURVE ( 'NONE', #3148, #1533, #2068, .T. ) ;
#2222 = VECTOR ( 'NONE', #807, 1000.000000000000000 ) ;
#2223 = ORIENTED_EDGE ( 'NONE', *, *, #2319, .T. ) ;
#2224 = LINE ( 'NONE', #299, #3126 ) ;
#2225 = DIRECTION ( 'NONE',  ( 0.000000000000000000, 0.000000000000000000, 1.000000000000000000 ) ) ;
#2226 = CIRCLE ( 'NONE', #2119, 3.000000000000002665 ) ;
#2227 = DIRECTION ( 'NONE',  ( 0.000000000000000000, 0.000000000000000000, -1.000000000000000000 ) ) ;
#2228 = FACE_BOUND ( 'NONE', #831, .T. ) ;
#2229 = EDGE_CURVE ( 'NONE', #381, #1828, #2964, .T. ) ;
#2230 = VERTEX_POINT ( 'NONE', #2680 ) ;
#2231 = CARTESIAN_POINT ( 'NONE',  ( 0.000000000000000000, 3.000000000000000000, -154.6999999999999886 ) ) ;
#2232 = ADVANCED_FACE ( 'NONE', ( #222 ), #1721, .T. ) ;
#2233 = VERTEX_POINT ( 'NONE', #2220 ) ;
#2234 = CARTESIAN_POINT ( 'NONE',  ( 51.99999999999999289, 3.000000000000000000, -127.6999999999999460 ) ) ;
#2235 = CIRCLE ( 'NONE', #2278, 3.000000000000002665 ) ;
#2236 = ORIENTED_EDGE ( 'NONE', *, *, #1448, .F. ) ;
#2237 = DIRECTION ( 'NONE',  ( 0.000000000000000000, 0.000000000000000000, 1.000000000000000000 ) ) ;
#2238 = CIRCLE ( 'NONE', #694, 1.499999999999987566 ) ;
#2239 = DIRECTION ( 'NONE',  ( -0.000000000000000000, 1.000000000000000000, -0.000000000000000000 ) ) ;
#2240 = VECTOR ( 'NONE', #2809, 1000.000000000000000 ) ;
#2241 = ORIENTED_EDGE ( 'NONE', *, *, #703, .F. ) ;
#2242 = ADVANCED_FACE ( 'NONE', ( #2742, #2957, #711, #2941, #239, #1978 ), #265, .T. ) ;
#2243 = VECTOR ( 'NONE', #159, 1000.000000000000000 ) ;
#2244 = LINE ( 'NONE', #41, #2960 ) ;
#2245 = FACE_OUTER_BOUND ( 'NONE', #3037, .T. ) ;
#2246 = EDGE_LOOP ( 'NONE', ( #2077, #725, #2433, #1033 ) ) ;
#2247 = EDGE_CURVE ( 'NONE', #1678, #1572, #470, .T. ) ;
#2248 = CARTESIAN_POINT ( 'NONE',  ( 55.99999999999999289, 28.00000000000000000, -121.9999999999999574 ) ) ;
#2249 = ORIENTED_EDGE ( 'NONE', *, *, #1761, .T. ) ;
#2250 = DIRECTION ( 'NONE',  ( 0.000000000000000000, 1.000000000000000000, 0.000000000000000000 ) ) ;
#2251 = ORIENTED_EDGE ( 'NONE', *, *, #1784, .F. ) ;
#2252 = DIRECTION ( 'NONE',  ( -0.000000000000000000, 1.000000000000000000, -0.000000000000000000 ) ) ;
#2253 = DIRECTION ( 'NONE',  ( -1.000000000000000000, 0.000000000000000000, 0.000000000000000000 ) ) ;
#2254 = ORIENTED_EDGE ( 'NONE', *, *, #882, .F. ) ;
#2255 = ORIENTED_EDGE ( 'NONE', *, *, #979, .T. ) ;
#2256 = VERTEX_POINT ( 'NONE', #761 ) ;
#2257 = AXIS2_PLACEMENT_3D ( 'NONE', #1024, #741, #1517 ) ;
#2258 = EDGE_CURVE ( 'NONE', #1439, #86, #1734, .T. ) ;
#2259 = CIRCLE ( 'NONE', #1434, 1.699999999999979305 ) ;
#2260 = DIRECTION ( 'NONE',  ( -0.000000000000000000, 1.000000000000000000, -0.000000000000000000 ) ) ;
#2261 = ORIENTED_EDGE ( 'NONE', *, *, #3085, .T. ) ;
#2262 = CARTESIAN_POINT ( 'NONE',  ( 55.99999999999999289, 19.99999999999999289, -39.69999999999998153 ) ) ;
#2263 = EDGE_LOOP ( 'NONE', ( #2115, #533, #658, #235, #39, #754, #2735, #816 ) ) ;
#2264 = PLANE ( 'NONE',  #464 ) ;
#2265 = CARTESIAN_POINT ( 'NONE',  ( 140.9000000000000341, 22.50000000000000000, -124.6999999999999744 ) ) ;
#2266 = EDGE_CURVE ( 'NONE', #806, #936, #745, .T. ) ;
#2267 = ORIENTED_EDGE ( 'NONE', *, *, #2299, .F. ) ;
#2268 = DIRECTION ( 'NONE',  ( 1.049727191138617586E-16, 0.5150380749100555988, -0.8571673007021114454 ) ) ;
#2269 = VECTOR ( 'NONE', #1870, 1000.000000000000000 ) ;
#2270 = EDGE_LOOP ( 'NONE', ( #2784, #6, #218, #1277 ) ) ;
#2271 = AXIS2_PLACEMENT_3D ( 'NONE', #1299, #2320, #2798 ) ;
#2272 = ORIENTED_EDGE ( 'NONE', *, *, #719, .T. ) ;
#2273 = VERTEX_POINT ( 'NONE', #1272 ) ;
#2274 = LINE ( 'NONE', #3026, #1096 ) ;
#2275 = ORIENTED_EDGE ( 'NONE', *, *, #2756, .F. ) ;
#2276 = CARTESIAN_POINT ( 'NONE',  ( 97.90000000000003411, 3.000000000000000000, -137.6999999999999886 ) ) ;
#2277 = CARTESIAN_POINT ( 'NONE',  ( 51.99999999999999289, 28.00000000000000000, -124.6999999999999460 ) ) ;
#2278 = AXIS2_PLACEMENT_3D ( 'NONE', #1844, #339, #2227 ) ;
#2279 = ORIENTED_EDGE ( 'NONE', *, *, #703, .T. ) ;
#2280 = DIRECTION ( 'NONE',  ( 0.000000000000000000, 0.000000000000000000, -1.000000000000000000 ) ) ;
#2281 = ORIENTED_EDGE ( 'NONE', *, *, #1307, .T. ) ;
#2282 = CARTESIAN_POINT ( 'NONE',  ( 55.00000000000000711, 13.00000000000000178, -41.99999999999998579 ) ) ;
#2283 = ORIENTED_EDGE ( 'NONE', *, *, #1849, .F. ) ;
#2284 = CIRCLE ( 'NONE', #2499, 1.699999999999979305 ) ;
#2285 = ORIENTED_EDGE ( 'NONE', *, *, #1080, .F. ) ;
#2286 = CARTESIAN_POINT ( 'NONE',  ( 185.8000000000000114, 19.99999999999999289, -121.9999999999999716 ) ) ;
#2287 = ORIENTED_EDGE ( 'NONE', *, *, #2434, .T. ) ;
#2288 = FACE_BOUND ( 'NONE', #1704, .T. ) ;
#2289 = CARTESIAN_POINT ( 'NONE',  ( 238.8010000000000161, 2.000000000000000000, -66.00000000000002842 ) ) ;
#2290 = DIRECTION ( 'NONE',  ( 0.000000000000000000, 0.000000000000000000, 1.000000000000000000 ) ) ;
#2291 = ORIENTED_EDGE ( 'NONE', *, *, #56, .F. ) ;
#2292 = VERTEX_POINT ( 'NONE', #3188 ) ;
#2293 = DIRECTION ( 'NONE',  ( -0.000000000000000000, 1.000000000000000000, -0.000000000000000000 ) ) ;
#2294 = CARTESIAN_POINT ( 'NONE',  ( 97.90000000000003411, 6.999999999999999112, 0.001000000000001000089 ) ) ;
#2295 = VERTEX_POINT ( 'NONE', #516 ) ;
#2296 = CARTESIAN_POINT ( 'NONE',  ( 221.8000000000000114, 1.000000000000000000, -17.00000000000000000 ) ) ;
#2297 = VERTEX_POINT ( 'NONE', #972 ) ;
#2298 = FACE_BOUND ( 'NONE', #1181, .T. ) ;
#2299 = EDGE_CURVE ( 'NONE', #340, #1243, #2238, .T. ) ;
#2300 = VERTEX_POINT ( 'NONE', #2697 ) ;
#2301 = ADVANCED_FACE ( 'NONE', ( #1025 ), #1996, .T. ) ;
#2302 = AXIS2_PLACEMENT_3D ( 'NONE', #2574, #852, #1806 ) ;
#2303 = PLANE ( 'NONE',  #3106 ) ;
#2304 = LINE ( 'NONE', #101, #1530 ) ;
#2305 = ORIENTED_EDGE ( 'NONE', *, *, #394, .T. ) ;
#2306 = CARTESIAN_POINT ( 'NONE',  ( 135.8000000000000114, 1.000000000000000000, -140.1999999999999886 ) ) ;
#2307 = VERTEX_POINT ( 'NONE', #1230 ) ;
#2308 = EDGE_CURVE ( 'NONE', #451, #3187, #1977, .T. ) ;
#2309 = EDGE_CURVE ( 'NONE', #1533, #3148, #1925, .T. ) ;
#2310 = EDGE_LOOP ( 'NONE', ( #98, #1333, #1545, #140, #84, #2324 ) ) ;
#2311 = DIRECTION ( 'NONE',  ( -0.000000000000000000, 1.000000000000000000, -0.000000000000000000 ) ) ;
#2312 = CARTESIAN_POINT ( 'NONE',  ( 52.00000000000000711, 28.00000000000000000, -33.99999999999998579 ) ) ;
#2313 = ORIENTED_EDGE ( 'NONE', *, *, #922, .T. ) ;
#2314 = DIRECTION ( 'NONE',  ( 1.481087279382546706E-16, 0.000000000000000000, 1.000000000000000000 ) ) ;
#2315 = CARTESIAN_POINT ( 'NONE',  ( 135.8000000000000398, 1.000000000000000000, -13.00000000000000000 ) ) ;
#2316 = CARTESIAN_POINT ( 'NONE',  ( 51.99999999999999289, 0.000000000000000000, -66.00000000000000000 ) ) ;
#2317 = ORIENTED_EDGE ( 'NONE', *, *, #594, .F. ) ;
#2318 = CARTESIAN_POINT ( 'NONE',  ( 181.7999999999999829, 13.00000000000000178, -124.6999999999999602 ) ) ;
#2319 = EDGE_CURVE ( 'NONE', #3184, #149, #810, .T. ) ;
#2320 = DIRECTION ( 'NONE',  ( -0.000000000000000000, 1.000000000000000000, -0.000000000000000000 ) ) ;
#2321 = CARTESIAN_POINT ( 'NONE',  ( 55.00000000000000711, 28.00000000000000000, -37.00000000000000000 ) ) ;
#2322 = ORIENTED_EDGE ( 'NONE', *, *, #973, .T. ) ;
#2323 = DIRECTION ( 'NONE',  ( -0.000000000000000000, 1.000000000000000000, -0.000000000000000000 ) ) ;
#2324 = ORIENTED_EDGE ( 'NONE', *, *, #3024, .T. ) ;
#2325 = VECTOR ( 'NONE', #811, 1000.000000000000000 ) ;
#2326 = AXIS2_PLACEMENT_3D ( 'NONE', #2202, #7, #90 ) ;
#2327 = EDGE_CURVE ( 'NONE', #2981, #136, #1112, .T. ) ;
#2328 = ORIENTED_EDGE ( 'NONE', *, *, #145, .F. ) ;
#2329 = AXIS2_PLACEMENT_3D ( 'NONE', #146, #1890, #461 ) ;
#2330 = CARTESIAN_POINT ( 'NONE',  ( 185.8000000000000114, 28.00000000000000000, -125.3999999999999346 ) ) ;
#2331 = CARTESIAN_POINT ( 'NONE',  ( 55.00000000000000711, 28.00000000000000000, -36.99999999999999289 ) ) ;
#2332 = DIRECTION ( 'NONE',  ( -0.000000000000000000, 1.000000000000000000, -0.000000000000000000 ) ) ;
#2333 = FACE_BOUND ( 'NONE', #1962, .T. ) ;
#2334 = VECTOR ( 'NONE', #403, 1000.000000000000000 ) ;
#2335 = LINE ( 'NONE', #3129, #1710 ) ;
#2336 = DIRECTION ( 'NONE',  ( 0.000000000000000000, 0.000000000000000000, 1.000000000000000000 ) ) ;
#2337 = CARTESIAN_POINT ( 'NONE',  ( 136.9000000000000341, 7.000000000000000000, -120.6999999999999886 ) ) ;
#2338 = ORIENTED_EDGE ( 'NONE', *, *, #1448, .T. ) ;
#2339 = CARTESIAN_POINT ( 'NONE',  ( 186.7999999999999829, 3.000000000000000000, -127.6999999999999460 ) ) ;
#2340 = VERTEX_POINT ( 'NONE', #2510 ) ;
#2341 = ADVANCED_FACE ( 'NONE', ( #2998 ), #749, .F. ) ;
#2342 = DIRECTION ( 'NONE',  ( 0.000000000000000000, -1.000000000000000000, 0.000000000000000000 ) ) ;
#2343 = CARTESIAN_POINT ( 'NONE',  ( 181.8000000000000114, 13.00000000000000178, -37.00000000000000000 ) ) ;
#2344 = CARTESIAN_POINT ( 'NONE',  ( 101.9000000000000341, 0.000000000000000000, -134.6999999999999886 ) ) ;
#2345 = ADVANCED_FACE ( 'NONE', ( #295 ), #3014, .T. ) ;
#2346 = CARTESIAN_POINT ( 'NONE',  ( 101.9000000000000341, 7.000000000000001776, -134.6999999999999886 ) ) ;
#2347 = CYLINDRICAL_SURFACE ( 'NONE', #2811, 1.699999999999979305 ) ;
#2348 = CARTESIAN_POINT ( 'NONE',  ( 230.8000000000000114, 3.000000000000000000, 0.000000000000000000 ) ) ;
#2349 = CYLINDRICAL_SURFACE ( 'NONE', #360, 3.000000000000002665 ) ;
#2350 = VECTOR ( 'NONE', #2033, 1000.000000000000000 ) ;
#2351 = EDGE_CURVE ( 'NONE', #921, #1788, #100, .T. ) ;
#2352 = CARTESIAN_POINT ( 'NONE',  ( 186.8000000000000114, 28.00000000000000000, -36.99999999999999289 ) ) ;
#2353 = ORIENTED_EDGE ( 'NONE', *, *, #2555, .T. ) ;
#2354 = DIRECTION ( 'NONE',  ( 0.000000000000000000, -0.000000000000000000, 1.000000000000000000 ) ) ;
#2355 = AXIS2_PLACEMENT_3D ( 'NONE', #818, #2311, #1607 ) ;
#2356 = PLANE ( 'NONE',  #1213 ) ;
#2357 = ORIENTED_EDGE ( 'NONE', *, *, #3189, .T. ) ;
#2358 = EDGE_CURVE ( 'NONE', #453, #2215, #3173, .T. ) ;
#2359 = LINE ( 'NONE', #153, #1110 ) ;
#2360 = AXIS2_PLACEMENT_3D ( 'NONE', #1927, #726, #1703 ) ;
#2361 = ADVANCED_FACE ( 'NONE', ( #1792 ), #2782, .F. ) ;
#2362 = ORIENTED_EDGE ( 'NONE', *, *, #2450, .T. ) ;
#2363 = ORIENTED_EDGE ( 'NONE', *, *, #1864, .T. ) ;
#2364 = LINE ( 'NONE', #1121, #2915 ) ;
#2365 = DIRECTION ( 'NONE',  ( 0.000000000000000000, 0.000000000000000000, 1.000000000000000000 ) ) ;
#2366 = CARTESIAN_POINT ( 'NONE',  ( 185.8000000000000114, 19.99999999999999289, -125.3999999999999346 ) ) ;
#2367 = DIRECTION ( 'NONE',  ( 1.000000000000000000, 0.000000000000000000, 0.000000000000000000 ) ) ;
#2368 = DIRECTION ( 'NONE',  ( -0.000000000000000000, 1.000000000000000000, -0.000000000000000000 ) ) ;
#2369 = CIRCLE ( 'NONE', #1596, 1.699999999999986189 ) ;
#2370 = DIRECTION ( 'NONE',  ( -0.000000000000000000, 1.000000000000000000, -0.000000000000000000 ) ) ;
#2371 = LINE ( 'NONE', #2850, #2373 ) ;
#2372 = FACE_OUTER_BOUND ( 'NONE', #579, .T. ) ;
#2373 = VECTOR ( 'NONE', #1874, 1000.000000000000000 ) ;
#2374 = FACE_BOUND ( 'NONE', #1808, .T. ) ;
#2375 = VERTEX_POINT ( 'NONE', #543 ) ;
#2376 = DIRECTION ( 'NONE',  ( -0.000000000000000000, -0.000000000000000000, -1.000000000000000000 ) ) ;
#2377 = EDGE_LOOP ( 'NONE', ( #2836, #253, #1052, #2723 ) ) ;
#2378 = EDGE_LOOP ( 'NONE', ( #2459, #1764 ) ) ;
#2379 = CIRCLE ( 'NONE', #1461, 1.699999999999993072 ) ;
#2380 = FACE_OUTER_BOUND ( 'NONE', #232, .T. ) ;
#2381 = AXIS2_PLACEMENT_3D ( 'NONE', #1221, #962, #2193 ) ;
#2382 = AXIS2_PLACEMENT_3D ( 'NONE', #1257, #2239, #2464 ) ;
#2383 = CARTESIAN_POINT ( 'NONE',  ( 185.8000000000000114, 28.00000000000000000, -123.6999999999999460 ) ) ;
#2384 = CARTESIAN_POINT ( 'NONE',  ( 101.9000000000000341, 3.000000000000000000, -122.3999999999999773 ) ) ;
#2385 = CARTESIAN_POINT ( 'NONE',  ( 51.99999999999999289, 0.000000000000000000, -108.6999999999999744 ) ) ;
#2386 = VECTOR ( 'NONE', #1205, 1000.000000000000000 ) ;
#2387 = CARTESIAN_POINT ( 'NONE',  ( 185.8000000000000114, 19.99999999999999289, -36.30000000000001137 ) ) ;
#2388 = ORIENTED_EDGE ( 'NONE', *, *, #1538, .T. ) ;
#2389 = FACE_OUTER_BOUND ( 'NONE', #2472, .T. ) ;
#2390 = CARTESIAN_POINT ( 'NONE',  ( 225.8000000000000114, 1.000000000000000000, -141.6999999999999602 ) ) ;
#2391 = AXIS2_PLACEMENT_3D ( 'NONE', #966, #2214, #3163 ) ;
#2392 = ORIENTED_EDGE ( 'NONE', *, *, #2427, .F. ) ;
#2393 = VECTOR ( 'NONE', #2416, 1000.000000000000000 ) ;
#2394 = EDGE_CURVE ( 'NONE', #998, #2092, #3031, .T. ) ;
#2395 = DIRECTION ( 'NONE',  ( -0.000000000000000000, 1.000000000000000000, -0.000000000000000000 ) ) ;
#2396 = ORIENTED_EDGE ( 'NONE', *, *, #684, .T. ) ;
#2397 = ORIENTED_EDGE ( 'NONE', *, *, #2792, .T. ) ;
#2398 = DIRECTION ( 'NONE',  ( 0.000000000000000000, 0.000000000000000000, -1.000000000000000000 ) ) ;
#2399 = VECTOR ( 'NONE', #402, 1000.000000000000000 ) ;
#2400 = CARTESIAN_POINT ( 'NONE',  ( 97.90000000000003411, 6.999999999999999112, -124.6999999999999744 ) ) ;
#2401 = DIRECTION ( 'NONE',  ( -0.000000000000000000, 1.000000000000000000, -0.000000000000000000 ) ) ;
#2402 = LINE ( 'NONE', #1684, #569 ) ;
#2403 = CARTESIAN_POINT ( 'NONE',  ( 221.8000000000000114, 1.000000000000000000, -137.6999999999999886 ) ) ;
#2404 = DIRECTION ( 'NONE',  ( 0.000000000000000000, 0.000000000000000000, 1.000000000000000000 ) ) ;
#2405 = ORIENTED_EDGE ( 'NONE', *, *, #1534, .T. ) ;
#2406 = CARTESIAN_POINT ( 'NONE',  ( 51.99999999999999289, 0.000000000000000000, -108.6999999999999744 ) ) ;
#2407 = DIRECTION ( 'NONE',  ( -0.000000000000000000, -0.000000000000000000, -1.000000000000000000 ) ) ;
#2408 = EDGE_CURVE ( 'NONE', #1960, #730, #2045, .T. ) ;
#2409 = VERTEX_POINT ( 'NONE', #1824 ) ;
#2410 = LINE ( 'NONE', #2622, #839 ) ;
#2411 = ORIENTED_EDGE ( 'NONE', *, *, #1933, .F. ) ;
#2412 = VECTOR ( 'NONE', #2970, 1000.000000000000000 ) ;
#2413 = AXIS2_PLACEMENT_3D ( 'NONE', #1113, #2834, #2336 ) ;
#2414 = ORIENTED_EDGE ( 'NONE', *, *, #2453, .T. ) ;
#2415 = PRODUCT_DEFINITION ( 'UNKNOWN', '', #434, #1051 ) ;
#2416 = DIRECTION ( 'NONE',  ( 1.000000000000000000, 0.000000000000000000, 0.000000000000000000 ) ) ;
#2417 = CYLINDRICAL_SURFACE ( 'NONE', #2758, 1.500000000000001332 ) ;
#2418 = DIRECTION ( 'NONE',  ( 1.000000000000000000, 0.000000000000000000, 0.000000000000000000 ) ) ;
#2419 = DIRECTION ( 'NONE',  ( -1.000000000000000000, 0.000000000000000000, 0.000000000000000000 ) ) ;
#2420 = FACE_OUTER_BOUND ( 'NONE', #2764, .T. ) ;
#2421 = DIRECTION ( 'NONE',  ( 0.000000000000000000, 0.5150380749100575972, 0.8571673007021102242 ) ) ;
#2422 = CARTESIAN_POINT ( 'NONE',  ( 238.8000000000000114, 3.000000000000000000, 0.000000000000000000 ) ) ;
#2423 = ORIENTED_EDGE ( 'NONE', *, *, #2024, .F. ) ;
#2424 = FACE_OUTER_BOUND ( 'NONE', #448, .T. ) ;
#2425 = LINE ( 'NONE', #2693, #1199 ) ;
#2426 = EDGE_CURVE ( 'NONE', #1826, #3066, #2535, .T. ) ;
#2427 = EDGE_CURVE ( 'NONE', #1424, #2888, #2034, .T. ) ;
#2428 = AXIS2_PLACEMENT_3D ( 'NONE', #539, #842, #2056 ) ;
#2429 = ORIENTED_EDGE ( 'NONE', *, *, #833, .F. ) ;
#2430 = VECTOR ( 'NONE', #219, 1000.000000000000000 ) ;
#2431 = DIRECTION ( 'NONE',  ( 0.000000000000000000, -0.000000000000000000, 1.000000000000000000 ) ) ;
#2432 = VECTOR ( 'NONE', #1777, 1000.000000000000000 ) ;
#2433 = ORIENTED_EDGE ( 'NONE', *, *, #275, .F. ) ;
#2434 = EDGE_CURVE ( 'NONE', #934, #1826, #1328, .T. ) ;
#2435 = DIRECTION ( 'NONE',  ( -0.000000000000000000, -0.000000000000000000, 1.000000000000000000 ) ) ;
#2436 = CARTESIAN_POINT ( 'NONE',  ( 54.99999999999999289, 0.000000000000000000, -106.6999999999999744 ) ) ;
#2437 = DIRECTION ( 'NONE',  ( -0.000000000000000000, -0.000000000000000000, 1.000000000000000000 ) ) ;
#2438 = VECTOR ( 'NONE', #2832, 1000.000000000000000 ) ;
#2439 = AXIS2_PLACEMENT_3D ( 'NONE', #1711, #2171, #732 ) ;
#2440 = VERTEX_POINT ( 'NONE', #1343 ) ;
#2441 = LINE ( 'NONE', #2689, #724 ) ;
#2442 = ORIENTED_EDGE ( 'NONE', *, *, #1626, .T. ) ;
#2443 = CARTESIAN_POINT ( 'NONE',  ( 55.99999999999999289, 19.99999999999999289, -37.99999999999999289 ) ) ;
#2444 = ORIENTED_EDGE ( 'NONE', *, *, #460, .F. ) ;
#2445 = CARTESIAN_POINT ( 'NONE',  ( 230.8000000000000114, 3.000000000000000000, -8.000000000000000000 ) ) ;
#2446 = VECTOR ( 'NONE', #1685, 1000.000000000000000 ) ;
#2447 = EDGE_LOOP ( 'NONE', ( #870, #2643, #2692, #1519 ) ) ;
#2448 = DIRECTION ( 'NONE',  ( 0.000000000000000000, 0.000000000000000000, -1.000000000000000000 ) ) ;
#2449 = AXIS2_PLACEMENT_3D ( 'NONE', #863, #2813, #898 ) ;
#2450 = EDGE_CURVE ( 'NONE', #2032, #936, #1966, .T. ) ;
#2451 = VECTOR ( 'NONE', #2029, 1000.000000000000114 ) ;
#2452 = ORIENTED_EDGE ( 'NONE', *, *, #138, .F. ) ;
#2453 = EDGE_CURVE ( 'NONE', #771, #1899, #891, .T. ) ;
#2454 = ADVANCED_FACE ( 'NONE', ( #1805 ), #1567, .F. ) ;
#2455 = LINE ( 'NONE', #2961, #1303 ) ;
#2456 = LINE ( 'NONE', #26, #1754 ) ;
#2457 = VERTEX_POINT ( 'NONE', #2277 ) ;
#2458 = CARTESIAN_POINT ( 'NONE',  ( 186.7999999999999829, 28.00000000000000000, -124.6999999999999602 ) ) ;
#2459 = ORIENTED_EDGE ( 'NONE', *, *, #1357, .F. ) ;
#2460 = CARTESIAN_POINT ( 'NONE',  ( 55.00000000000000711, 13.00000000000000178, -41.99999999999998579 ) ) ;
#2461 = ADVANCED_FACE ( 'NONE', ( #601 ), #2303, .T. ) ;
#2462 = DIRECTION ( 'NONE',  ( -1.000000000000000000, 0.000000000000000000, -0.000000000000000000 ) ) ;
#2463 = ORIENTED_EDGE ( 'NONE', *, *, #1831, .F. ) ;
#2464 = DIRECTION ( 'NONE',  ( 0.000000000000000000, 0.000000000000000000, 1.000000000000000000 ) ) ;
#2465 = EDGE_CURVE ( 'NONE', #2092, #2307, #1148, .T. ) ;
#2466 = ORIENTED_EDGE ( 'NONE', *, *, #2841, .F. ) ;
#2467 = DIRECTION ( 'NONE',  ( 0.000000000000000000, 1.000000000000000000, 0.000000000000000000 ) ) ;
#2468 = EDGE_CURVE ( 'NONE', #223, #65, #2371, .T. ) ;
#2469 = AXIS2_PLACEMENT_3D ( 'NONE', #513, #32, #611 ) ;
#2470 = DIRECTION ( 'NONE',  ( -0.000000000000000000, 1.000000000000000000, -0.000000000000000000 ) ) ;
#2471 = LINE ( 'NONE', #2977, #2066 ) ;
#2472 = EDGE_LOOP ( 'NONE', ( #93, #357, #2305, #2690 ) ) ;
#2473 = VECTOR ( 'NONE', #1092, 1000.000000000000000 ) ;
#2474 = DIRECTION ( 'NONE',  ( 0.000000000000000000, 0.000000000000000000, 1.000000000000000000 ) ) ;
#2475 = VERTEX_POINT ( 'NONE', #884 ) ;
#2476 = LINE ( 'NONE', #2234, #3049 ) ;
#2477 = ORIENTED_EDGE ( 'NONE', *, *, #790, .T. ) ;
#2478 = CARTESIAN_POINT ( 'NONE',  ( 55.99999999999999289, 18.97853694765314359, -37.99999999999999289 ) ) ;
#2479 = EDGE_CURVE ( 'NONE', #2992, #88, #449, .T. ) ;
#2480 = DIRECTION ( 'NONE',  ( -0.000000000000000000, 1.000000000000000000, -0.000000000000000000 ) ) ;
#2481 = VECTOR ( 'NONE', #1440, 1000.000000000000000 ) ;
#2482 = ORIENTED_EDGE ( 'NONE', *, *, #592, .T. ) ;
#2483 = ADVANCED_FACE ( 'NONE', ( #1653 ), #2833, .F. ) ;
#2484 = DIRECTION ( 'NONE',  ( 0.000000000000000000, 0.5150380749100560429, 0.8571673007021112234 ) ) ;
#2485 = CARTESIAN_POINT ( 'NONE',  ( 0.000000000000000000, 1.000000000000000000, -154.6999999999999886 ) ) ;
#2486 = ORIENTED_EDGE ( 'NONE', *, *, #1258, .F. ) ;
#2487 = SURFACE_SIDE_STYLE ('',( #805 ) ) ;
#2488 = ORIENTED_EDGE ( 'NONE', *, *, #2131, .T. ) ;
#2489 = DIRECTION ( 'NONE',  ( -1.000000000000000000, -0.000000000000000000, -0.000000000000000000 ) ) ;
#2490 = CIRCLE ( 'NONE', #534, 1.699999999999993072 ) ;
#2491 = ORIENTED_EDGE ( 'NONE', *, *, #406, .T. ) ;
#2492 = CARTESIAN_POINT ( 'NONE',  ( -2.449293598294685707E-16, 0.000000000000000000, -108.6999999999999744 ) ) ;
#2493 = AXIS2_PLACEMENT_3D ( 'NONE', #493, #1467, #243 ) ;
#2494 = VECTOR ( 'NONE', #1879, 1000.000000000000000 ) ;
#2495 = CARTESIAN_POINT ( 'NONE',  ( 186.7999999999999829, 28.00000000000000000, -42.00000000000000000 ) ) ;
#2496 = VECTOR ( 'NONE', #2177, 1000.000000000000000 ) ;
#2497 = CIRCLE ( 'NONE', #1114, 1.500000000000001332 ) ;
#2498 = ORIENTED_EDGE ( 'NONE', *, *, #2117, .T. ) ;
#2499 = AXIS2_PLACEMENT_3D ( 'NONE', #1939, #1419, #3176 ) ;
#2500 = VECTOR ( 'NONE', #2040, 1000.000000000000000 ) ;
#2501 = ORIENTED_EDGE ( 'NONE', *, *, #1064, .F. ) ;
#2502 = VERTEX_POINT ( 'NONE', #2660 ) ;
#2503 = ADVANCED_FACE ( 'NONE', ( #1389 ), #1425, .F. ) ;
#2504 = DIRECTION ( 'NONE',  ( -1.000000000000000000, -0.000000000000000000, -0.000000000000000000 ) ) ;
#2505 = VERTEX_POINT ( 'NONE', #2638 ) ;
#2506 = CARTESIAN_POINT ( 'NONE',  ( 54.99999999999999289, 28.00000000000000000, -124.6999999999999602 ) ) ;
#2507 = ORIENTED_EDGE ( 'NONE', *, *, #2174, .F. ) ;
#2508 = DIRECTION ( 'NONE',  ( 0.000000000000000000, 1.000000000000000000, 0.000000000000000000 ) ) ;
#2509 = CIRCLE ( 'NONE', #2558, 0.03572051764946793107 ) ;
#2510 = CARTESIAN_POINT ( 'NONE',  ( 55.99999999999999289, 19.99999999999999289, -121.9999999999999716 ) ) ;
#2511 = EDGE_CURVE ( 'NONE', #748, #2869, #133, .T. ) ;
#2512 = ORIENTED_EDGE ( 'NONE', *, *, #1093, .F. ) ;
#2513 = VECTOR ( 'NONE', #2552, 1000.000000000000000 ) ;
#2514 = EDGE_LOOP ( 'NONE', ( #3084, #2777, #1002, #2619 ) ) ;
#2515 = ORIENTED_EDGE ( 'NONE', *, *, #2899, .F. ) ;
#2516 = CIRCLE ( 'NONE', #1081, 1.699999999999993072 ) ;
#2517 = CARTESIAN_POINT ( 'NONE',  ( 55.99999999999999289, 19.99999999999999289, -39.69999999999998153 ) ) ;
#2518 = VERTEX_POINT ( 'NONE', #619 ) ;
#2519 = LINE ( 'NONE', #307, #1045 ) ;
#2520 = ORIENTED_EDGE ( 'NONE', *, *, #181, .T. ) ;
#2521 = CARTESIAN_POINT ( 'NONE',  ( 97.90000000000003411, 7.000000000000000000, -114.7000000000000028 ) ) ;
#2522 = DIRECTION ( 'NONE',  ( 0.000000000000000000, 0.000000000000000000, 1.000000000000000000 ) ) ;
#2523 = UNCERTAINTY_MEASURE_WITH_UNIT (LENGTH_MEASURE( 1.000000000000000082E-05 ), #331, 'distance_accuracy_value', 'NONE');
#2524 = ORIENTED_EDGE ( 'NONE', *, *, #1512, .F. ) ;
#2525 = VECTOR ( 'NONE', #291, 1000.000000000000000 ) ;
#2526 = EDGE_LOOP ( 'NONE', ( #2022, #1209, #2770, #1571 ) ) ;
#2527 = ORIENTED_EDGE ( 'NONE', *, *, #1650, .T. ) ;
#2528 = ADVANCED_FACE ( 'NONE', ( #2389 ), #1297, .F. ) ;
#2529 = CARTESIAN_POINT ( 'NONE',  ( 189.8000000000000114, 3.000000000000000000, -36.99999999999999289 ) ) ;
#2530 = ORIENTED_EDGE ( 'NONE', *, *, #3085, .F. ) ;
#2531 = CARTESIAN_POINT ( 'NONE',  ( 225.8000000000000114, 0.000000000000000000, -13.00000000000000000 ) ) ;
#2532 = ORIENTED_EDGE ( 'NONE', *, *, #3029, .T. ) ;
#2533 = CARTESIAN_POINT ( 'NONE',  ( 13.00000000000003908, 1.000000000000000000, -14.49999999999999289 ) ) ;
#2534 = EDGE_CURVE ( 'NONE', #463, #1655, #1359, .T. ) ;
#2535 = LINE ( 'NONE', #1050, #1813 ) ;
#2536 = AXIS2_PLACEMENT_3D ( 'NONE', #148, #2370, #1909 ) ;
#2537 = AXIS2_PLACEMENT_3D ( 'NONE', #662, #1637, #416 ) ;
#2538 = CARTESIAN_POINT ( 'NONE',  ( 225.8000000000000114, 0.000000000000000000, -141.6999999999999602 ) ) ;
#2539 = ORIENTED_EDGE ( 'NONE', *, *, #1227, .F. ) ;
#2540 = CIRCLE ( 'NONE', #1560, 3.000000000000002665 ) ;
#2541 = DIRECTION ( 'NONE',  ( 0.000000000000000000, 0.000000000000000000, 1.000000000000000000 ) ) ;
#2542 = VERTEX_POINT ( 'NONE', #3079 ) ;
#2543 = DIRECTION ( 'NONE',  ( -1.000000000000000000, -0.000000000000000000, -0.000000000000000000 ) ) ;
#2544 = EDGE_CURVE ( 'NONE', #2030, #2000, #1407, .T. ) ;
#2545 = CARTESIAN_POINT ( 'NONE',  ( 225.8000000000000114, 1.000000000000001332, -140.1999999999999602 ) ) ;
#2546 = ORIENTED_EDGE ( 'NONE', *, *, #935, .T. ) ;
#2547 = EDGE_CURVE ( 'NONE', #1094, #2607, #867, .T. ) ;
#2548 = AXIS2_PLACEMENT_3D ( 'NONE', #387, #1853, #143 ) ;
#2549 = FACE_OUTER_BOUND ( 'NONE', #2514, .T. ) ;
#2550 = DIRECTION ( 'NONE',  ( -0.000000000000000000, -0.000000000000000000, 1.000000000000000000 ) ) ;
#2551 = ORIENTED_EDGE ( 'NONE', *, *, #483, .F. ) ;
#2552 = DIRECTION ( 'NONE',  ( 1.000000000000000000, 0.000000000000000000, -1.052942929272720237E-16 ) ) ;
#2553 = ADVANCED_FACE ( 'NONE', ( #1857 ), #150, .T. ) ;
#2554 = CARTESIAN_POINT ( 'NONE',  ( 17.00000000000001421, 1.000000000000000000, -17.00000000000000000 ) ) ;
#2555 = EDGE_CURVE ( 'NONE', #2457, #1503, #2335, .T. ) ;
#2556 = DIRECTION ( 'NONE',  ( -0.7071067811865474617, 0.7071067811865474617, 0.000000000000000000 ) ) ;
#2557 = EDGE_LOOP ( 'NONE', ( #2822, #2612, #1485, #1774 ) ) ;
#2558 = AXIS2_PLACEMENT_3D ( 'NONE', #3141, #2648, #2631 ) ;
#2559 = DIRECTION ( 'NONE',  ( -1.000000000000000000, -0.000000000000000000, 1.704887937077944188E-16 ) ) ;
#2560 = ORIENTED_EDGE ( 'NONE', *, *, #2544, .F. ) ;
#2561 = EDGE_CURVE ( 'NONE', #1572, #314, #1172, .T. ) ;
#2562 = ORIENTED_EDGE ( 'NONE', *, *, #2110, .F. ) ;
#2563 = DIRECTION ( 'NONE',  ( -1.552325258144794579E-16, -0.000000000000000000, -1.000000000000000000 ) ) ;
#2564 = CARTESIAN_POINT ( 'NONE',  ( 55.99999999999999289, 28.00000000000000000, -37.99999999999999289 ) ) ;
#2565 = EDGE_CURVE ( 'NONE', #1788, #1469, #1129, .T. ) ;
#2566 = VERTEX_POINT ( 'NONE', #1911 ) ;
#2567 = CARTESIAN_POINT ( 'NONE',  ( 136.9000000000000341, 0.000000000000000000, -134.6999999999999886 ) ) ;
#2568 = CARTESIAN_POINT ( 'NONE',  ( 101.9000000000000341, 7.000000000000001776, -122.3999999999999773 ) ) ;
#2569 = CYLINDRICAL_SURFACE ( 'NONE', #2898, 1.699999999999993072 ) ;
#2570 = EDGE_LOOP ( 'NONE', ( #206, #216 ) ) ;
#2571 = CARTESIAN_POINT ( 'NONE',  ( 54.99999999999997158, 13.00000000000001776, -119.6999999999999602 ) ) ;
#2572 = CARTESIAN_POINT ( 'NONE',  ( 225.8000000000000114, 1.000000000000001332, -13.00000000000000000 ) ) ;
#2573 = DIRECTION ( 'NONE',  ( -0.000000000000000000, 1.000000000000000000, -0.000000000000000000 ) ) ;
#2574 = CARTESIAN_POINT ( 'NONE',  ( 13.00000000000001066, 1.000000000000001332, -141.6999999999999602 ) ) ;
#2575 = EDGE_CURVE ( 'NONE', #1295, #1243, #2133, .T. ) ;
#2576 = EDGE_LOOP ( 'NONE', ( #2507, #1447, #1802, #1863 ) ) ;
#2577 = CARTESIAN_POINT ( 'NONE',  ( 225.8000000000000114, 1.000000000000000000, -11.49999999999999822 ) ) ;
#2578 = ORIENTED_EDGE ( 'NONE', *, *, #2872, .T. ) ;
#2579 = VECTOR ( 'NONE', #1166, 1000.000000000000000 ) ;
#2580 = ORIENTED_EDGE ( 'NONE', *, *, #258, .F. ) ;
#2581 = CARTESIAN_POINT ( 'NONE',  ( 238.8000000000000114, 0.000000000000000000, 0.000000000000000000 ) ) ;
#2582 = LINE ( 'NONE', #362, #1159 ) ;
#2583 = VERTEX_POINT ( 'NONE', #2866 ) ;
#2584 = DIRECTION ( 'NONE',  ( 0.000000000000000000, -1.000000000000000000, 0.000000000000000000 ) ) ;
#2585 = VECTOR ( 'NONE', #70, 1000.000000000000000 ) ;
#2586 = DIRECTION ( 'NONE',  ( -1.387778780781444492E-15, 0.000000000000000000, -1.000000000000000000 ) ) ;
#2587 = DIRECTION ( 'NONE',  ( -0.000000000000000000, -0.000000000000000000, -1.000000000000000000 ) ) ;
#2588 = DIRECTION ( 'NONE',  ( 0.000000000000000000, -1.000000000000000000, 0.000000000000000000 ) ) ;
#2589 = CARTESIAN_POINT ( 'NONE',  ( 97.90000000000003411, 7.000000000000000000, -137.6999999999999886 ) ) ;
#2590 = ADVANCED_FACE ( 'NONE', ( #3111 ), #903, .F. ) ;
#2591 = PLANE ( 'NONE',  #902 ) ;
#2592 = VERTEX_POINT ( 'NONE', #428 ) ;
#2593 = AXIS2_PLACEMENT_3D ( 'NONE', #2172, #2930, #702 ) ;
#2594 = AXIS2_PLACEMENT_3D ( 'NONE', #3098, #1411, #888 ) ;
#2595 = ORIENTED_EDGE ( 'NONE', *, *, #1905, .T. ) ;
#2596 = VERTEX_POINT ( 'NONE', #2676 ) ;
#2597 = ADVANCED_FACE ( 'NONE', ( #497 ), #465, .F. ) ;
#2598 = CARTESIAN_POINT ( 'NONE',  ( 97.90000000000003411, 3.000000000000000000, -137.6999999999999886 ) ) ;
#2599 = CIRCLE ( 'NONE', #1928, 1.700000000000007061 ) ;
#2600 = CARTESIAN_POINT ( 'NONE',  ( 185.8000000000000114, 19.99999999999999289, -36.30000000000001137 ) ) ;
#2601 = CYLINDRICAL_SURFACE ( 'NONE', #1163, 1.500000000000001332 ) ;
#2602 = DIRECTION ( 'NONE',  ( 0.000000000000000000, -1.000000000000000000, 0.000000000000000000 ) ) ;
#2603 = PLANE ( 'NONE',  #1507 ) ;
#2605 = EDGE_CURVE ( 'NONE', #1136, #65, #1973, .T. ) ;
#2604 = DIRECTION ( 'NONE',  ( 1.000000000000000000, 0.000000000000000000, -2.299550589530150753E-16 ) ) ;
#2606 = VECTOR ( 'NONE', #840, 1000.000000000000000 ) ;
#2607 = VERTEX_POINT ( 'NONE', #984 ) ;
#2608 = CARTESIAN_POINT ( 'NONE',  ( 17.00000000000000000, 3.000000000000000000, -137.6999999999999886 ) ) ;
#2609 = ORIENTED_EDGE ( 'NONE', *, *, #2351, .F. ) ;
#2610 = DIRECTION ( 'NONE',  ( -0.000000000000000000, 1.000000000000000000, -0.000000000000000000 ) ) ;
#2611 = VERTEX_POINT ( 'NONE', #1254 ) ;
#2612 = ORIENTED_EDGE ( 'NONE', *, *, #1497, .T. ) ;
#2613 = CARTESIAN_POINT ( 'NONE',  ( 230.8000000000000114, 0.000000000000000000, -154.6999999999999886 ) ) ;
#2614 = CARTESIAN_POINT ( 'NONE',  ( 8.000000000000000000, 3.000000000000000000, 0.000000000000000000 ) ) ;
#2615 = CARTESIAN_POINT ( 'NONE',  ( 186.8000000000000114, 0.000000000000000000, -124.6999999999999744 ) ) ;
#2616 = DIRECTION ( 'NONE',  ( 0.000000000000000000, 0.000000000000000000, -1.000000000000000000 ) ) ;
#2617 = DIRECTION ( 'NONE',  ( 0.000000000000000000, 0.000000000000000000, -1.000000000000000000 ) ) ;
#2618 = LINE ( 'NONE', #1437, #2446 ) ;
#2619 = ORIENTED_EDGE ( 'NONE', *, *, #985, .T. ) ;
#2620 = DIRECTION ( 'NONE',  ( 0.000000000000000000, 0.000000000000000000, 1.000000000000000000 ) ) ;
#2621 = CARTESIAN_POINT ( 'NONE',  ( 238.8000000000000114, 1.000000000000000000, -154.6999999999999886 ) ) ;
#2622 = CARTESIAN_POINT ( 'NONE',  ( 97.90000000000003411, 6.999999999999999112, -124.6999999999999602 ) ) ;
#2623 = ORIENTED_EDGE ( 'NONE', *, *, #1217, .T. ) ;
#2624 = CARTESIAN_POINT ( 'NONE',  ( 136.9000000000000341, 0.000000000000000000, -134.6642794823504801 ) ) ;
#2625 = VECTOR ( 'NONE', #1654, 1000.000000000000000 ) ;
#2626 = EDGE_CURVE ( 'NONE', #1572, #1267, #2226, .T. ) ;
#2627 = CIRCLE ( 'NONE', #3044, 1.700000000000007061 ) ;
#2628 = ORIENTED_EDGE ( 'NONE', *, *, #1534, .F. ) ;
#2629 = ADVANCED_BREP_SHAPE_REPRESENTATION ( 'Geh\X2\00e4\X0\use_Guition_R\X2\00fc\X0\ckwand_Haupt', ( #1553, #2173 ), #1811 ) ;
#2630 = CARTESIAN_POINT ( 'NONE',  ( 0.000000000000000000, 1.000000000000000000, -154.6999999999999886 ) ) ;
#2631 = DIRECTION ( 'NONE',  ( 0.000000000000000000, 0.000000000000000000, -1.000000000000000000 ) ) ;
#2632 = LINE ( 'NONE', #1397, #2683 ) ;
#2633 = CARTESIAN_POINT ( 'NONE',  ( 51.99999999999999289, 0.000000000000000000, -108.6999999999999744 ) ) ;
#2634 = DIRECTION ( 'NONE',  ( 0.000000000000000000, 1.000000000000000000, 0.000000000000000000 ) ) ;
#2635 = DIRECTION ( 'NONE',  ( -1.552325258144794579E-16, -0.000000000000000000, -1.000000000000000000 ) ) ;
#2636 = CIRCLE ( 'NONE', #1201, 1.500000000000001332 ) ;
#2637 = ORIENTED_EDGE ( 'NONE', *, *, #2989, .T. ) ;
#2638 = CARTESIAN_POINT ( 'NONE',  ( 101.9000000000000341, 7.000000000000001776, -133.0000000000000000 ) ) ;
#2639 = DIRECTION ( 'NONE',  ( 0.000000000000000000, 0.000000000000000000, 1.000000000000000000 ) ) ;
#2640 = AXIS2_PLACEMENT_3D ( 'NONE', #917, #2883, #674 ) ;
#2641 = ORIENTED_EDGE ( 'NONE', *, *, #1616, .T. ) ;
#2642 = DIRECTION ( 'NONE',  ( 1.049727191138616107E-16, 0.5150380749100575972, -0.8571673007021102242 ) ) ;
#2643 = ORIENTED_EDGE ( 'NONE', *, *, #991, .T. ) ;
#2644 = VERTEX_POINT ( 'NONE', #1944 ) ;
#2645 = EDGE_LOOP ( 'NONE', ( #60, #1681, #1410, #1676 ) ) ;
#2646 = VECTOR ( 'NONE', #752, 1000.000000000000000 ) ;
#2647 = DIRECTION ( 'NONE',  ( 0.000000000000000000, 0.000000000000000000, 1.000000000000000000 ) ) ;
#2648 = DIRECTION ( 'NONE',  ( 0.000000000000000000, -1.000000000000000000, 0.000000000000000000 ) ) ;
#2649 = VECTOR ( 'NONE', #728, 1000.000000000000000 ) ;
#2650 = CARTESIAN_POINT ( 'NONE',  ( 54.99999999999999289, 28.00000000000000000, -124.6999999999999460 ) ) ;
#2651 = PLANE ( 'NONE',  #799 ) ;
#2652 = LINE ( 'NONE', #2209, #2743 ) ;
#2653 = EDGE_CURVE ( 'NONE', #936, #3063, #217, .T. ) ;
#2654 = CIRCLE ( 'NONE', #377, 1.500000000000001332 ) ;
#2655 = EDGE_CURVE ( 'NONE', #845, #1336, #1208, .T. ) ;
#2656 = CARTESIAN_POINT ( 'NONE',  ( 135.8000000000000398, 0.000000000000000000, -13.00000000000000000 ) ) ;
#2657 = CIRCLE ( 'NONE', #441, 1.500000000000001332 ) ;
#2658 = FACE_OUTER_BOUND ( 'NONE', #822, .T. ) ;
#2659 = ORIENTED_EDGE ( 'NONE', *, *, #121, .F. ) ;
#2660 = CARTESIAN_POINT ( 'NONE',  ( 230.8000000000000114, 1.000000000000000000, -154.6999999999999886 ) ) ;
#2661 = CARTESIAN_POINT ( 'NONE',  ( 225.8000000000000114, 0.000000000000000000, -13.00000000000000000 ) ) ;
#2662 = AXIS2_PLACEMENT_3D ( 'NONE', #1785, #1742, #1541 ) ;
#2663 = EDGE_LOOP ( 'NONE', ( #1551, #2918, #257, #1281 ) ) ;
#2664 = EDGE_CURVE ( 'NONE', #2566, #2233, #1701, .T. ) ;
#2665 = FACE_OUTER_BOUND ( 'NONE', #3050, .T. ) ;
#2666 = ORIENTED_EDGE ( 'NONE', *, *, #1177, .F. ) ;
#2667 = ORIENTED_EDGE ( 'NONE', *, *, #1995, .F. ) ;
#2668 = CARTESIAN_POINT ( 'NONE',  ( 230.8000000000000114, 1.000000000000000000, 0.000000000000000000 ) ) ;
#2669 = CARTESIAN_POINT ( 'NONE',  ( 101.9000000000000341, 3.000000000000000000, -120.6999999999999886 ) ) ;
#2670 = FACE_OUTER_BOUND ( 'NONE', #677, .T. ) ;
#2671 = FACE_OUTER_BOUND ( 'NONE', #1521, .T. ) ;
#2672 = EDGE_CURVE ( 'NONE', #2215, #453, #1197, .T. ) ;
#2673 = FACE_OUTER_BOUND ( 'NONE', #2199, .T. ) ;
#2674 = DIRECTION ( 'NONE',  ( 0.000000000000000000, 0.000000000000000000, 1.000000000000000000 ) ) ;
#2675 = ORIENTED_EDGE ( 'NONE', *, *, #843, .T. ) ;
#2676 = CARTESIAN_POINT ( 'NONE',  ( 59.99999999999999289, 28.00000000000000000, -124.6999999999999602 ) ) ;
#2677 = ORIENTED_EDGE ( 'NONE', *, *, #2186, .F. ) ;
#2678 = CARTESIAN_POINT ( 'NONE',  ( 135.8000000000000114, 1.000000000000001332, -143.1999999999999318 ) ) ;
#2679 = EDGE_LOOP ( 'NONE', ( #1783, #2249, #3025 ) ) ;
#2680 = CARTESIAN_POINT ( 'NONE',  ( 140.9000000000000341, 7.000000000000000000, -137.6999999999999886 ) ) ;
#2681 = AXIS2_PLACEMENT_3D ( 'NONE', #293, #1760, #1499 ) ;
#2682 = ADVANCED_FACE ( 'NONE', ( #2424 ), #1716, .F. ) ;
#2683 = VECTOR ( 'NONE', #2113, 1000.000000000000000 ) ;
#2684 = ORIENTED_EDGE ( 'NONE', *, *, #2247, .T. ) ;
#2685 = CARTESIAN_POINT ( 'NONE',  ( 101.9000000000000341, 7.000000000000000000, -119.0000000000000000 ) ) ;
#2686 = LINE ( 'NONE', #1449, #950 ) ;
#2687 = DIRECTION ( 'NONE',  ( -0.000000000000000000, 1.000000000000000000, -0.000000000000000000 ) ) ;
#2688 = ORIENTED_EDGE ( 'NONE', *, *, #1981, .F. ) ;
#2689 = CARTESIAN_POINT ( 'NONE',  ( 17.00000000000001421, 1.000000000000000000, -17.00000000000000000 ) ) ;
#2690 = ORIENTED_EDGE ( 'NONE', *, *, #2511, .F. ) ;
#2691 = DIRECTION ( 'NONE',  ( 0.000000000000000000, 0.000000000000000000, 1.000000000000000000 ) ) ;
#2692 = ORIENTED_EDGE ( 'NONE', *, *, #546, .F. ) ;
#2693 = CARTESIAN_POINT ( 'NONE',  ( 51.99999999999999289, 28.00000000000000000, -127.6999999999999460 ) ) ;
#2694 = ADVANCED_FACE ( 'NONE', ( #511 ), #1496, .F. ) ;
#2695 = VECTOR ( 'NONE', #2332, 1000.000000000000000 ) ;
#2696 = ORIENTED_EDGE ( 'NONE', *, *, #531, .T. ) ;
#2697 = CARTESIAN_POINT ( 'NONE',  ( 54.99999999999999289, 0.000000000000000000, -106.7000000000000028 ) ) ;
#2698 = AXIS2_PLACEMENT_3D ( 'NONE', #1375, #1598, #2620 ) ;
#2699 = EDGE_CURVE ( 'NONE', #713, #2292, #2968, .T. ) ;
#2700 = EDGE_CURVE ( 'NONE', #1577, #1176, #2369, .T. ) ;
#2701 = ORIENTED_EDGE ( 'NONE', *, *, #1357, .T. ) ;
#2702 = ADVANCED_FACE ( 'NONE', ( #2180 ), #1226, .T. ) ;
#2703 = LINE ( 'NONE', #440, #1769 ) ;
#2704 = ADVANCED_FACE ( 'NONE', ( #2216 ), #1926, .F. ) ;
#2705 = DIRECTION ( 'NONE',  ( 1.000000000000000000, 0.000000000000000000, 0.000000000000000000 ) ) ;
#2706 = CARTESIAN_POINT ( 'NONE',  ( 97.90000000000003411, 6.999999999999999112, -127.6999999999999460 ) ) ;
#2707 = CARTESIAN_POINT ( 'NONE',  ( 185.8000000000000114, 19.99999999999999289, -37.99999999999999289 ) ) ;
#2708 = VERTEX_POINT ( 'NONE', #1003 ) ;
#2709 = CARTESIAN_POINT ( 'NONE',  ( 54.99999999999999289, 3.000000000000000000, -127.6999999999999460 ) ) ;
#2710 = ORIENTED_EDGE ( 'NONE', *, *, #75, .F. ) ;
#2711 = DIRECTION ( 'NONE',  ( -0.000000000000000000, 1.000000000000000000, -0.000000000000000000 ) ) ;
#2712 = ORIENTED_EDGE ( 'NONE', *, *, #2217, .T. ) ;
#2713 = FACE_OUTER_BOUND ( 'NONE', #417, .T. ) ;
#2714 = EDGE_CURVE ( 'NONE', #2611, #1439, #2476, .T. ) ;
#2715 = ORIENTED_EDGE ( 'NONE', *, *, #719, .F. ) ;
#2716 = DIRECTION ( 'NONE',  ( -0.000000000000000000, 1.000000000000000000, -0.000000000000000000 ) ) ;
#2717 = EDGE_CURVE ( 'NONE', #317, #1750, #1800, .T. ) ;
#2718 = VECTOR ( 'NONE', #227, 1000.000000000000000 ) ;
#2719 = ORIENTED_EDGE ( 'NONE', *, *, #1753, .F. ) ;
#2720 = DIRECTION ( 'NONE',  ( -0.000000000000000000, 1.000000000000000000, -0.000000000000000000 ) ) ;
#2721 = CARTESIAN_POINT ( 'NONE',  ( 97.90000000000003411, 7.000000000000000000, -114.7000000000000028 ) ) ;
#2722 = CARTESIAN_POINT ( 'NONE',  ( 101.9000000000000341, 7.000000000000000000, -120.6999999999999886 ) ) ;
#2723 = ORIENTED_EDGE ( 'NONE', *, *, #3013, .F. ) ;
#2724 = CARTESIAN_POINT ( 'NONE',  ( 225.8000000000000114, 0.000000000000000000, -143.1999999999999602 ) ) ;
#2725 = ORIENTED_EDGE ( 'NONE', *, *, #2555, .F. ) ;
#2726 = CARTESIAN_POINT ( 'NONE',  ( 225.8000000000000114, 1.000000000000000000, -13.00000000000000000 ) ) ;
#2727 = FACE_OUTER_BOUND ( 'NONE', #3136, .T. ) ;
#2728 = CARTESIAN_POINT ( 'NONE',  ( 54.99999999999999289, 28.00000000000000000, -127.6999999999999460 ) ) ;
#2729 = ORIENTED_EDGE ( 'NONE', *, *, #80, .T. ) ;
#2730 = LINE ( 'NONE', #1505, #910 ) ;
#2731 = DIRECTION ( 'NONE',  ( 0.000000000000000000, 0.000000000000000000, 1.000000000000000000 ) ) ;
#2732 = AXIS2_PLACEMENT_3D ( 'NONE', #1825, #2573, #1584 ) ;
#2733 = CARTESIAN_POINT ( 'NONE',  ( 238.8010000000000161, 0.000000000000000000, -66.00000000000002842 ) ) ;
#2734 = LINE ( 'NONE', #2485, #1212 ) ;
#2735 = ORIENTED_EDGE ( 'NONE', *, *, #3051, .T. ) ;
#2736 = CARTESIAN_POINT ( 'NONE',  ( 13.00000000000001066, 1.000000000000000000, -143.1999999999999602 ) ) ;
#2737 = ORIENTED_EDGE ( 'NONE', *, *, #335, .T. ) ;
#2738 = DIRECTION ( 'NONE',  ( 0.000000000000000000, 0.000000000000000000, 1.000000000000000000 ) ) ;
#2739 = EDGE_CURVE ( 'NONE', #2983, #1528, #1992, .T. ) ;
#2740 = EDGE_LOOP ( 'NONE', ( #2873, #2501 ) ) ;
#2741 = DIRECTION ( 'NONE',  ( 0.000000000000000000, 0.000000000000000000, 1.000000000000000000 ) ) ;
#2742 = FACE_BOUND ( 'NONE', #2837, .T. ) ;
#2743 = VECTOR ( 'NONE', #2687, 1000.000000000000000 ) ;
#2744 = EDGE_LOOP ( 'NONE', ( #2748, #2808, #2003, #2906 ) ) ;
#2745 = VERTEX_POINT ( 'NONE', #1190 ) ;
#2746 = ADVANCED_FACE ( 'NONE', ( #1280 ), #824, .F. ) ;
#2747 = CARTESIAN_POINT ( 'NONE',  ( 185.8000000000000114, 19.99999999999999289, -37.99999999999999289 ) ) ;
#2748 = ORIENTED_EDGE ( 'NONE', *, *, #2700, .F. ) ;
#2749 = LINE ( 'NONE', #2296, #786 ) ;
#2750 = AXIS2_PLACEMENT_3D ( 'NONE', #443, #2419, #682 ) ;
#2751 = ORIENTED_EDGE ( 'NONE', *, *, #1672, .F. ) ;
#2752 = DIRECTION ( 'NONE',  ( -0.000000000000000000, 1.000000000000000000, -0.000000000000000000 ) ) ;
#2753 = AXIS2_PLACEMENT_3D ( 'NONE', #2554, #788, #310 ) ;
#2754 = DIRECTION ( 'NONE',  ( 0.000000000000000000, 0.000000000000000000, 1.000000000000000000 ) ) ;
#2755 = AXIS2_PLACEMENT_3D ( 'NONE', #2707, #963, #1557 ) ;
#2756 = EDGE_CURVE ( 'NONE', #2611, #3097, #1801, .T. ) ;
#2757 = EDGE_LOOP ( 'NONE', ( #67, #1463, #2241, #2725 ) ) ;
#2758 = AXIS2_PLACEMENT_3D ( 'NONE', #1886, #878, #2106 ) ;
#2759 = LINE ( 'NONE', #1027, #648 ) ;
#2760 = VECTOR ( 'NONE', #1990, 1000.000000000000000 ) ;
#2761 = ORIENTED_EDGE ( 'NONE', *, *, #885, .T. ) ;
#2762 = ORIENTED_EDGE ( 'NONE', *, *, #1087, .F. ) ;
#2763 = CARTESIAN_POINT ( 'NONE',  ( 51.99999999999998579, 2.000000000000000000, -106.6999999999999744 ) ) ;
#2764 = EDGE_LOOP ( 'NONE', ( #932, #287, #3056, #469, #2087, #2788, #1441, #2719 ) ) ;
#2765 = EDGE_CURVE ( 'NONE', #1698, #2973, #2004, .T. ) ;
#2766 = DIRECTION ( 'NONE',  ( 1.049727191138617340E-16, 0.5150380749100560429, -0.8571673007021112234 ) ) ;
#2767 = ORIENTED_EDGE ( 'NONE', *, *, #2820, .T. ) ;
#2768 = CARTESIAN_POINT ( 'NONE',  ( 13.00000000000003908, 1.000000000000001332, -14.49999999999998757 ) ) ;
#2769 = DIRECTION ( 'NONE',  ( 0.000000000000000000, 1.000000000000000000, 0.000000000000000000 ) ) ;
#2770 = ORIENTED_EDGE ( 'NONE', *, *, #2892, .F. ) ;
#2771 = CARTESIAN_POINT ( 'NONE',  ( 17.00000000000000355, 1.000000000000000000, -108.6999999999999744 ) ) ;
#2772 = EDGE_CURVE ( 'NONE', #361, #1577, #1060, .T. ) ;
#2773 = VERTEX_POINT ( 'NONE', #1294 ) ;
#2774 = ORIENTED_EDGE ( 'NONE', *, *, #358, .F. ) ;
#2775 = AXIS2_PLACEMENT_3D ( 'NONE', #495, #2949, #2474 ) ;
#2776 = CARTESIAN_POINT ( 'NONE',  ( 185.8000000000000114, 28.00000000000000000, -37.99999999999999289 ) ) ;
#2777 = ORIENTED_EDGE ( 'NONE', *, *, #406, .F. ) ;
#2778 = DIRECTION ( 'NONE',  ( 0.000000000000000000, 1.000000000000000000, 0.000000000000000000 ) ) ;
#2779 = AXIS2_PLACEMENT_3D ( 'NONE', #2390, #3130, #918 ) ;
#2780 = ORIENTED_EDGE ( 'NONE', *, *, #3121, .T. ) ;
#2781 = DIRECTION ( 'NONE',  ( 0.000000000000000000, 0.000000000000000000, 1.000000000000000000 ) ) ;
#2782 = PLANE ( 'NONE',  #578 ) ;
#2783 = LINE ( 'NONE', #1249, #637 ) ;
#2784 = ORIENTED_EDGE ( 'NONE', *, *, #196, .T. ) ;
#2785 = EDGE_CURVE ( 'NONE', #2981, #2297, #2274, .T. ) ;
#2786 = ADVANCED_FACE ( 'NONE', ( #1034 ), #565, .F. ) ;
#2787 = VECTOR ( 'NONE', #1527, 1000.000000000000000 ) ;
#2788 = ORIENTED_EDGE ( 'NONE', *, *, #2892, .T. ) ;
#2789 = LINE ( 'NONE', #1847, #1816 ) ;
#2790 = VECTOR ( 'NONE', #2116, 1000.000000000000000 ) ;
#2791 = ORIENTED_EDGE ( 'NONE', *, *, #1897, .F. ) ;
#2792 = EDGE_CURVE ( 'NONE', #2292, #1180, #577, .T. ) ;
#2793 = DIRECTION ( 'NONE',  ( 1.000000000000000000, 0.000000000000000000, 0.000000000000000000 ) ) ;
#2794 = DIRECTION ( 'NONE',  ( -0.7071067811865472397, -0.7071067811865479058, -0.000000000000000000 ) ) ;
#2795 = ORIENTED_EDGE ( 'NONE', *, *, #2111, .F. ) ;
#2796 = CARTESIAN_POINT ( 'NONE',  ( 54.99999999999999289, 2.000000000000000000, -106.7000000000000028 ) ) ;
#2797 = CIRCLE ( 'NONE', #169, 8.000000000000007105 ) ;
#2798 = DIRECTION ( 'NONE',  ( 0.000000000000000000, 0.000000000000000000, 1.000000000000000000 ) ) ;
#2799 = EDGE_CURVE ( 'NONE', #1732, #2583, #2749, .T. ) ;
#2800 = AXIS2_PLACEMENT_3D ( 'NONE', #2722, #1478, #256 ) ;
#2801 = DIRECTION ( 'NONE',  ( 1.000000000000000000, -0.000000000000000000, -1.052942929272720360E-16 ) ) ;
#2802 = AXIS2_PLACEMENT_3D ( 'NONE', #1963, #2716, #1500 ) ;
#2803 = CARTESIAN_POINT ( 'NONE',  ( -2.449293598294685707E-16, 0.000000000000000000, -108.6999999999999744 ) ) ;
#2804 = ORIENTED_EDGE ( 'NONE', *, *, #1761, .F. ) ;
#2805 = EDGE_CURVE ( 'NONE', #1657, #2596, #2017, .T. ) ;
#2806 = AXIS2_PLACEMENT_3D ( 'NONE', #2104, #1865, #3071 ) ;
#2807 = AXIS2_PLACEMENT_3D ( 'NONE', #2344, #939, #2398 ) ;
#2808 = ORIENTED_EDGE ( 'NONE', *, *, #1884, .T. ) ;
#2809 = DIRECTION ( 'NONE',  ( -0.000000000000000000, -1.000000000000000000, -0.000000000000000000 ) ) ;
#2810 = EDGE_LOOP ( 'NONE', ( #1767, #1476, #397, #244 ) ) ;
#2811 = AXIS2_PLACEMENT_3D ( 'NONE', #2383, #1869, #1353 ) ;
#2812 = DIRECTION ( 'NONE',  ( -1.000000000000000000, 0.000000000000000000, 0.000000000000000000 ) ) ;
#2813 = DIRECTION ( 'NONE',  ( -0.000000000000000000, 1.000000000000000000, -0.000000000000000000 ) ) ;
#2814 = LINE ( 'NONE', #1515, #1917 ) ;
#2815 = EDGE_CURVE ( 'NONE', #1055, #1828, #3041, .T. ) ;
#2816 = VERTEX_POINT ( 'NONE', #1562 ) ;
#2817 = PLANE ( 'NONE',  #1523 ) ;
#2818 = CARTESIAN_POINT ( 'NONE',  ( 136.9000000000000341, 7.000000000000001776, -120.6999999999999886 ) ) ;
#2819 = FACE_OUTER_BOUND ( 'NONE', #2377, .T. ) ;
#2820 = EDGE_CURVE ( 'NONE', #2297, #2375, #59, .T. ) ;
#2821 = CARTESIAN_POINT ( 'NONE',  ( 52.00000000000000711, 3.000000000000000000, -36.99999999999999289 ) ) ;
#2822 = ORIENTED_EDGE ( 'NONE', *, *, #922, .F. ) ;
#2823 = ORIENTED_EDGE ( 'NONE', *, *, #751, .F. ) ;
#2824 = CARTESIAN_POINT ( 'NONE',  ( 135.8000000000000398, 1.000000000000001332, -14.50000000000000000 ) ) ;
#2825 = ORIENTED_EDGE ( 'NONE', *, *, #2266, .T. ) ;
#2826 = DIRECTION ( 'NONE',  ( 0.000000000000000000, 0.000000000000000000, 1.000000000000000000 ) ) ;
#2827 = DIRECTION ( 'NONE',  ( 0.000000000000000000, -1.000000000000000000, 0.000000000000000000 ) ) ;
#2828 = FACE_OUTER_BOUND ( 'NONE', #3022, .T. ) ;
#2829 = AXIS2_PLACEMENT_3D ( 'NONE', #617, #99, #2781 ) ;
#2830 = CARTESIAN_POINT ( 'NONE',  ( 186.8000000000000114, 3.000000000000000000, -124.6999999999999744 ) ) ;
#2831 = VECTOR ( 'NONE', #628, 1000.000000000000000 ) ;
#2832 = DIRECTION ( 'NONE',  ( -0.000000000000000000, 1.000000000000000000, -0.000000000000000000 ) ) ;
#2833 = PLANE ( 'NONE',  #64 ) ;
#2834 = DIRECTION ( 'NONE',  ( -0.000000000000000000, 1.000000000000000000, -0.000000000000000000 ) ) ;
#2835 = CARTESIAN_POINT ( 'NONE',  ( 0.000000000000000000, 0.000000000000000000, -146.6999999999999602 ) ) ;
#2836 = ORIENTED_EDGE ( 'NONE', *, *, #1988, .F. ) ;
#2837 = EDGE_LOOP ( 'NONE', ( #476, #2283 ) ) ;
#2838 = EDGE_LOOP ( 'NONE', ( #1829, #479, #1179, #1004 ) ) ;
#2839 = LINE ( 'NONE', #1069, #927 ) ;
#2840 = DIRECTION ( 'NONE',  ( -0.000000000000000000, -0.000000000000000000, -1.000000000000000000 ) ) ;
#2841 = EDGE_CURVE ( 'NONE', #1782, #2163, #3055, .T. ) ;
#2842 = CARTESIAN_POINT ( 'NONE',  ( 140.9000000000000341, 3.000000000000000000, -127.6999999999999460 ) ) ;
#2843 = DIRECTION ( 'NONE',  ( 0.000000000000000000, 0.000000000000000000, 1.000000000000000000 ) ) ;
#2844 = AXIS2_PLACEMENT_3D ( 'NONE', #1339, #2367, #347 ) ;
#2845 = CARTESIAN_POINT ( 'NONE',  ( 221.8000000000000114, 1.000000000000000000, -17.00000000000000000 ) ) ;
#2846 = DIRECTION ( 'NONE',  ( 0.000000000000000000, -1.000000000000000000, 0.000000000000000000 ) ) ;
#2847 = VECTOR ( 'NONE', #233, 1000.000000000000000 ) ;
#2848 = DIRECTION ( 'NONE',  ( 0.000000000000000000, 0.000000000000000000, 1.000000000000000000 ) ) ;
#2849 = FACE_OUTER_BOUND ( 'NONE', #2070, .T. ) ;
#2850 = CARTESIAN_POINT ( 'NONE',  ( 186.7999999999999829, 28.00000000000000000, -119.6999999999999602 ) ) ;
#2851 = ORIENTED_EDGE ( 'NONE', *, *, #531, .F. ) ;
#2852 = EDGE_CURVE ( 'NONE', #873, #1009, #828, .T. ) ;
#2853 = CYLINDRICAL_SURFACE ( 'NONE', #2126, 1.699999999999993072 ) ;
#2854 = ORIENTED_EDGE ( 'NONE', *, *, #396, .T. ) ;
#2855 = CARTESIAN_POINT ( 'NONE',  ( 54.99999999999999289, 13.00000000000000178, -119.6999999999999602 ) ) ;
#2856 = AXIS2_PLACEMENT_3D ( 'NONE', #1235, #209, #1683 ) ;
#2857 = VERTEX_POINT ( 'NONE', #1758 ) ;
#2858 = CARTESIAN_POINT ( 'NONE',  ( 135.8000000000000114, 1.000000000000000000, -141.6999999999999602 ) ) ;
#2859 = VECTOR ( 'NONE', #1900, 1000.000000000000000 ) ;
#2860 = LINE ( 'NONE', #652, #2334 ) ;
#2861 = CARTESIAN_POINT ( 'NONE',  ( 186.8000000000000114, 0.000000000000000000, -37.00000000000000000 ) ) ;
#2862 = CYLINDRICAL_SURFACE ( 'NONE', #63, 1.699999999999979305 ) ;
#2863 = CIRCLE ( 'NONE', #2449, 1.699999999999979305 ) ;
#2864 = CARTESIAN_POINT ( 'NONE',  ( 51.99999999999999289, 0.000000000000000000, -108.6999999999999744 ) ) ;
#2865 =( LENGTH_UNIT ( ) NAMED_UNIT ( * ) SI_UNIT ( .MILLI., .METRE. ) );
#2866 = CARTESIAN_POINT ( 'NONE',  ( 221.8000000000000114, 3.000000000000000000, -17.00000000000000000 ) ) ;
#2867 = DIRECTION ( 'NONE',  ( 0.000000000000000000, 0.000000000000000000, 1.000000000000000000 ) ) ;
#2868 = DIRECTION ( 'NONE',  ( 0.000000000000000000, -1.000000000000000000, 0.000000000000000000 ) ) ;
#2869 = VERTEX_POINT ( 'NONE', #1544 ) ;
#2870 = CARTESIAN_POINT ( 'NONE',  ( 54.99999999999999289, 0.000000000000000000, -36.99999999999998579 ) ) ;
#2871 = ORIENTED_EDGE ( 'NONE', *, *, #1001, .T. ) ;
#2872 = EDGE_CURVE ( 'NONE', #998, #2542, #2636, .T. ) ;
#2873 = ORIENTED_EDGE ( 'NONE', *, *, #2015, .F. ) ;
#2874 = CARTESIAN_POINT ( 'NONE',  ( 140.9000000000000341, 7.000000000000000000, -114.7000000000000028 ) ) ;
#2875 = FACE_OUTER_BOUND ( 'NONE', #1079, .T. ) ;
#2876 = CARTESIAN_POINT ( 'NONE',  ( 140.9000000000000341, 7.000000000000000000, -137.6999999999999886 ) ) ;
#2877 = FACE_OUTER_BOUND ( 'NONE', #1132, .T. ) ;
#2878 = CARTESIAN_POINT ( 'NONE',  ( 8.000000000000000000, 1.000000000000000000, 0.000000000000000000 ) ) ;
#2879 = LINE ( 'NONE', #2142, #1706 ) ;
#2880 = CARTESIAN_POINT ( 'NONE',  ( 55.00000000000000711, 28.00000000000000000, -36.99999999999999289 ) ) ;
#2881 = DIRECTION ( 'NONE',  ( -1.000000000000000000, 0.000000000000000000, -0.000000000000000000 ) ) ;
#2882 = ORIENTED_EDGE ( 'NONE', *, *, #1217, .F. ) ;
#2883 = DIRECTION ( 'NONE',  ( -1.000000000000000000, 0.000000000000000000, 2.962174558765093905E-16 ) ) ;
#2884 = DIRECTION ( 'NONE',  ( 1.481087279382546706E-16, 0.000000000000000000, 1.000000000000000000 ) ) ;
#2885 = ORIENTED_EDGE ( 'NONE', *, *, #661, .T. ) ;
#2886 = VECTOR ( 'NONE', #107, 1000.000000000000000 ) ;
#2887 = DIRECTION ( 'NONE',  ( 0.000000000000000000, 0.000000000000000000, -1.000000000000000000 ) ) ;
#2888 = VERTEX_POINT ( 'NONE', #596 ) ;
#2889 = ADVANCED_FACE ( 'NONE', ( #1090 ), #320, .F. ) ;
#2890 = ORIENTED_EDGE ( 'NONE', *, *, #2229, .F. ) ;
#2891 = ORIENTED_EDGE ( 'NONE', *, *, #1831, .T. ) ;
#2892 = EDGE_CURVE ( 'NONE', #1657, #1427, #2814, .T. ) ;
#2893 = DIRECTION ( 'NONE',  ( 0.000000000000000000, -1.000000000000000000, 0.000000000000000000 ) ) ;
#2894 = LINE ( 'NONE', #960, #3171 ) ;
#2895 = DIRECTION ( 'NONE',  ( -0.000000000000000000, 1.000000000000000000, -0.000000000000000000 ) ) ;
#2896 = EDGE_CURVE ( 'NONE', #136, #1180, #1773, .T. ) ;
#2897 = CYLINDRICAL_SURFACE ( 'NONE', #2329, 1.699999999999993072 ) ;
#2898 = AXIS2_PLACEMENT_3D ( 'NONE', #1907, #2895, #1666 ) ;
#2899 = EDGE_CURVE ( 'NONE', #1832, #793, #2519, .T. ) ;
#2900 = LINE ( 'NONE', #2458, #8 ) ;
#2901 = ORIENTED_EDGE ( 'NONE', *, *, #1087, .T. ) ;
#2902 = CARTESIAN_POINT ( 'NONE',  ( 13.00000000000003908, 1.000000000000000000, -11.50000000000000711 ) ) ;
#2903 = LINE ( 'NONE', #904, #1793 ) ;
#2904 = EDGE_LOOP ( 'NONE', ( #1700, #2933 ) ) ;
#2905 = DIRECTION ( 'NONE',  ( 0.000000000000000000, 1.000000000000000000, 0.000000000000000000 ) ) ;
#2906 = ORIENTED_EDGE ( 'NONE', *, *, #954, .F. ) ;
#2907 = DIRECTION ( 'NONE',  ( -0.000000000000000000, 1.000000000000000000, -0.000000000000000000 ) ) ;
#2908 = ADVANCED_FACE ( 'NONE', ( #1854 ), #2349, .T. ) ;
#2909 = ORIENTED_EDGE ( 'NONE', *, *, #2655, .T. ) ;
#2910 = VECTOR ( 'NONE', #2155, 1000.000000000000000 ) ;
#2911 = DIRECTION ( 'NONE',  ( -0.000000000000000000, 1.000000000000000000, -0.000000000000000000 ) ) ;
#2912 = CIRCLE ( 'NONE', #2537, 3.000000000000002665 ) ;
#2913 = CARTESIAN_POINT ( 'NONE',  ( 51.99999999999998579, 2.000000000000000000, -106.6999999999999744 ) ) ;
#2914 = DIRECTION ( 'NONE',  ( -1.000000000000000000, 0.000000000000000000, 1.052942929272720237E-16 ) ) ;
#2915 = VECTOR ( 'NONE', #2563, 1000.000000000000000 ) ;
#2916 = DIRECTION ( 'NONE',  ( 1.000000000000000000, 0.000000000000000000, 0.000000000000000000 ) ) ;
#2917 = CARTESIAN_POINT ( 'NONE',  ( 135.8000000000000114, 0.000000000000000000, -141.6999999999999602 ) ) ;
#2918 = ORIENTED_EDGE ( 'NONE', *, *, #2019, .T. ) ;
#2919 = ADVANCED_FACE ( 'NONE', ( #405 ), #1371, .F. ) ;
#2920 = CARTESIAN_POINT ( 'NONE',  ( 136.9000000000000341, 7.000000000000001776, -120.6999999999999886 ) ) ;
#2921 = AXIS2_PLACEMENT_3D ( 'NONE', #1631, #2846, #1089 ) ;
#2922 = CARTESIAN_POINT ( 'NONE',  ( 60.00000000000000711, 18.00000000000003197, -36.99999999999998579 ) ) ;
#2923 = AXIS2_PLACEMENT_3D ( 'NONE', #1105, #128, #1337 ) ;
#2924 = ORIENTED_EDGE ( 'NONE', *, *, #498, .T. ) ;
#2925 = FACE_OUTER_BOUND ( 'NONE', #105, .T. ) ;
#2926 = ORIENTED_EDGE ( 'NONE', *, *, #640, .F. ) ;
#2927 = ORIENTED_EDGE ( 'NONE', *, *, #298, .T. ) ;
#2928 = LINE ( 'NONE', #958, #207 ) ;
#2929 = DIRECTION ( 'NONE',  ( 0.000000000000000000, 0.000000000000000000, 1.000000000000000000 ) ) ;
#2930 = DIRECTION ( 'NONE',  ( -0.000000000000000000, 1.000000000000000000, -0.000000000000000000 ) ) ;
#2931 = LINE ( 'NONE', #900, #2386 ) ;
#2932 = DIRECTION ( 'NONE',  ( 1.000000000000000000, 0.000000000000000000, -0.000000000000000000 ) ) ;
#2933 = ORIENTED_EDGE ( 'NONE', *, *, #266, .T. ) ;
#2934 = AXIS2_PLACEMENT_3D ( 'NONE', #567, #1356, #2058 ) ;
#2935 = DIRECTION ( 'NONE',  ( 1.704887937077944188E-16, -0.000000000000000000, 1.000000000000000000 ) ) ;
#2936 = EDGE_CURVE ( 'NONE', #2137, #2888, #367, .T. ) ;
#2937 = ORIENTED_EDGE ( 'NONE', *, *, #72, .F. ) ;
#2938 = CARTESIAN_POINT ( 'NONE',  ( 136.9000000000000341, 3.000000000000000000, -120.6999999999999886 ) ) ;
#2939 = VERTEX_POINT ( 'NONE', #1107 ) ;
#2940 = ADVANCED_FACE ( 'NONE', ( #3075 ), #1354, .F. ) ;
#2941 = FACE_BOUND ( 'NONE', #1481, .T. ) ;
#2942 = EDGE_CURVE ( 'NONE', #1943, #1522, #864, .T. ) ;
#2943 = VECTOR ( 'NONE', #1252, 999.9999999999998863 ) ;
#2944 = ORIENTED_EDGE ( 'NONE', *, *, #1497, .F. ) ;
#2945 = CARTESIAN_POINT ( 'NONE',  ( 55.00000000000000711, 2.999999999999999112, -36.99999999999999289 ) ) ;
#2946 = CYLINDRICAL_SURFACE ( 'NONE', #3116, 1.699999999999993072 ) ;
#2947 = ADVANCED_FACE ( 'NONE', ( #683 ), #2862, .F. ) ;
#2948 = ORIENTED_EDGE ( 'NONE', *, *, #40, .F. ) ;
#2949 = DIRECTION ( 'NONE',  ( -0.000000000000000000, 1.000000000000000000, -0.000000000000000000 ) ) ;
#2950 = ADVANCED_FACE ( 'NONE', ( #2109 ), #1385, .F. ) ;
#2951 = ORIENTED_EDGE ( 'NONE', *, *, #1340, .F. ) ;
#2952 = CARTESIAN_POINT ( 'NONE',  ( 59.99999999999999289, 13.00000000000000178, -119.6999999999999602 ) ) ;
#2953 = ORIENTED_EDGE ( 'NONE', *, *, #1658, .F. ) ;
#2954 = FACE_OUTER_BOUND ( 'NONE', #2053, .T. ) ;
#2955 = VECTOR ( 'NONE', #2437, 1000.000000000000000 ) ;
#2956 = ORIENTED_EDGE ( 'NONE', *, *, #1273, .T. ) ;
#2957 = FACE_BOUND ( 'NONE', #1412, .T. ) ;
#2958 = VECTOR ( 'NONE', #638, 1000.000000000000000 ) ;
#2959 = ORIENTED_EDGE ( 'NONE', *, *, #2664, .F. ) ;
#2960 = VECTOR ( 'NONE', #25, 1000.000000000000000 ) ;
#2961 = CARTESIAN_POINT ( 'NONE',  ( 52.00000000000000711, 3.000000000000000000, -33.99999999999998579 ) ) ;
#2962 = FACE_OUTER_BOUND ( 'NONE', #2037, .T. ) ;
#2963 = DIRECTION ( 'NONE',  ( -1.052942929272720237E-16, 0.000000000000000000, -1.000000000000000000 ) ) ;
#2964 = CIRCLE ( 'NONE', #2382, 1.699999999999979305 ) ;
#2965 = ORIENTED_EDGE ( 'NONE', *, *, #1335, .F. ) ;
#2966 = PLANE ( 'NONE',  #1951 ) ;
#2967 = ORIENTED_EDGE ( 'NONE', *, *, #1524, .T. ) ;
#2968 = LINE ( 'NONE', #526, #2481 ) ;
#2969 = CONICAL_SURFACE ( 'NONE', #2755, 1.699999999999979305, 1.029744258676650537 ) ;
#2970 = DIRECTION ( 'NONE',  ( -0.000000000000000000, 1.000000000000000000, -0.000000000000000000 ) ) ;
#2971 = CARTESIAN_POINT ( 'NONE',  ( 189.8000000000000114, 28.00000000000000000, -36.99999999999999289 ) ) ;
#2972 = AXIS2_PLACEMENT_3D ( 'NONE', #1834, #2827, #615 ) ;
#2973 = VERTEX_POINT ( 'NONE', #1153 ) ;
#2974 = PLANE ( 'NONE',  #1902 ) ;
#2975 = EDGE_CURVE ( 'NONE', #381, #1750, #3107, .T. ) ;
#2976 = CARTESIAN_POINT ( 'NONE',  ( 181.7999999999999829, 18.00000000000003197, -124.6999999999999602 ) ) ;
#2977 = CARTESIAN_POINT ( 'NONE',  ( 97.90000000000003411, 7.000000000000000000, -114.7000000000000028 ) ) ;
#2978 = EDGE_LOOP ( 'NONE', ( #1128, #77, #55, #2488 ) ) ;
#2979 = AXIS2_PLACEMENT_3D ( 'NONE', #208, #1851, #1417 ) ;
#2980 = FACE_OUTER_BOUND ( 'NONE', #1378, .T. ) ;
#2981 = VERTEX_POINT ( 'NONE', #1614 ) ;
#2982 = CARTESIAN_POINT ( 'NONE',  ( 17.00000000000000000, 3.000000000000000000, -137.6999999999999886 ) ) ;
#2983 = VERTEX_POINT ( 'NONE', #2074 ) ;
#2984 = PLANE ( 'NONE',  #2257 ) ;
#2985 = CARTESIAN_POINT ( 'NONE',  ( 8.000000000000000000, 0.000000000000000000, -8.000000000000000000 ) ) ;
#2986 = EDGE_LOOP ( 'NONE', ( #1894, #2532, #804, #2026 ) ) ;
#2987 = CYLINDRICAL_SURFACE ( 'NONE', #125, 1.699999999999993072 ) ;
#2988 = EDGE_CURVE ( 'NONE', #451, #2518, #668, .T. ) ;
#2989 = EDGE_CURVE ( 'NONE', #934, #3023, #914, .T. ) ;
#2990 = ORIENTED_EDGE ( 'NONE', *, *, #124, .F. ) ;
#2991 = LINE ( 'NONE', #1511, #237 ) ;
#2992 = VERTEX_POINT ( 'NONE', #1399 ) ;
#2993 = CARTESIAN_POINT ( 'NONE',  ( 55.00000000000000711, 13.00000000000000178, -37.00000000000000000 ) ) ;
#2994 = EDGE_CURVE ( 'NONE', #1267, #2816, #1835, .T. ) ;
#2995 = ORIENTED_EDGE ( 'NONE', *, *, #1192, .T. ) ;
#2996 = CARTESIAN_POINT ( 'NONE',  ( 136.9000000000000341, 3.000000000000000000, -120.6999999999999886 ) ) ;
#2997 = AXIS2_PLACEMENT_3D ( 'NONE', #1904, #157, #1150 ) ;
#2998 = FACE_OUTER_BOUND ( 'NONE', #1479, .T. ) ;
#2999 = AXIS2_PLACEMENT_3D ( 'NONE', #2161, #2935, #1472 ) ;
#3000 = CIRCLE ( 'NONE', #1599, 1.500000000000001332 ) ;
#3001 = VECTOR ( 'NONE', #2778, 1000.000000000000000 ) ;
#3002 = ORIENTED_EDGE ( 'NONE', *, *, #2213, .F. ) ;
#3003 = ADVANCED_FACE ( 'NONE', ( #2828 ), #2094, .T. ) ;
#3004 = EDGE_CURVE ( 'NONE', #3097, #1469, #130, .T. ) ;
#3005 = ORIENTED_EDGE ( 'NONE', *, *, #1319, .F. ) ;
#3006 = ORIENTED_EDGE ( 'NONE', *, *, #2936, .T. ) ;
#3007 = CARTESIAN_POINT ( 'NONE',  ( 136.9000000000000341, 7.000000000000001776, -136.3999999999999773 ) ) ;
#3008 = ORIENTED_EDGE ( 'NONE', *, *, #742, .F. ) ;
#3009 = DIRECTION ( 'NONE',  ( 0.000000000000000000, 0.000000000000000000, 1.000000000000000000 ) ) ;
#3010 = AXIS2_PLACEMENT_3D ( 'NONE', #1898, #1677, #678 ) ;
#3011 = ORIENTED_EDGE ( 'NONE', *, *, #2351, .T. ) ;
#3012 = DIRECTION ( 'NONE',  ( 1.000000000000000000, -0.000000000000000000, -0.000000000000000000 ) ) ;
#3013 = EDGE_CURVE ( 'NONE', #2745, #136, #2879, .T. ) ;
#3014 = PLANE ( 'NONE',  #2753 ) ;
#3015 = AXIS2_PLACEMENT_3D ( 'NONE', #2880, #669, #944 ) ;
#3016 = UNCERTAINTY_MEASURE_WITH_UNIT (LENGTH_MEASURE( 1.000000000000000082E-05 ), #2865, 'distance_accuracy_value', 'NONE');
#3017 = ORIENTED_EDGE ( 'NONE', *, *, #1101, .F. ) ;
#3018 = DIRECTION ( 'NONE',  ( -2.299550589530150753E-16, 0.000000000000000000, -1.000000000000000000 ) ) ;
#3019 = AXIS2_PLACEMENT_3D ( 'NONE', #424, #2129, #841 ) ;
#3020 = ADVANCED_FACE ( 'NONE', ( #925 ), #2569, .F. ) ;
#3021 = VECTOR ( 'NONE', #1308, 1000.000000000000000 ) ;
#3022 = EDGE_LOOP ( 'NONE', ( #2882, #1694, #808, #1812 ) ) ;
#3023 = VERTEX_POINT ( 'NONE', #717 ) ;
#3024 = EDGE_CURVE ( 'NONE', #1232, #2005, #2652, .T. ) ;
#3025 = ORIENTED_EDGE ( 'NONE', *, *, #2229, .T. ) ;
#3026 = CARTESIAN_POINT ( 'NONE',  ( 54.99999999999998579, 13.00000000000001954, -41.99999999999998579 ) ) ;
#3027 = ORIENTED_EDGE ( 'NONE', *, *, #546, .T. ) ;
#3028 = CARTESIAN_POINT ( 'NONE',  ( 181.8000000000000114, 18.00000000000003197, -42.00000000000000000 ) ) ;
#3029 = EDGE_CURVE ( 'NONE', #1232, #3187, #1940, .T. ) ;
#3030 = ADVANCED_FACE ( 'NONE', ( #507 ), #1987, .T. ) ;
#3031 = LINE ( 'NONE', #1285, #1011 ) ;
#3032 = DIRECTION ( 'NONE',  ( -0.000000000000000000, 1.000000000000000000, -0.000000000000000000 ) ) ;
#3033 = ORIENTED_EDGE ( 'NONE', *, *, #520, .T. ) ;
#3034 = EDGE_CURVE ( 'NONE', #2869, #3148, #2456, .T. ) ;
#3035 = VERTEX_POINT ( 'NONE', #995 ) ;
#3036 = CARTESIAN_POINT ( 'NONE',  ( 101.9000000000000341, 7.000000000000000000, -133.0000000000000000 ) ) ;
#3037 = EDGE_LOOP ( 'NONE', ( #886, #664, #240 ) ) ;
#3038 = CONICAL_SURFACE ( 'NONE', #300, 1.699999999999986189, 1.029744258676652313 ) ;
#3039 = EDGE_CURVE ( 'NONE', #2032, #2000, #1451, .T. ) ;
#3040 = LINE ( 'NONE', #318, #2760 ) ;
#3041 = LINE ( 'NONE', #2286, #624 ) ;
#3042 = ORIENTED_EDGE ( 'NONE', *, *, #2765, .F. ) ;
#3043 = DIRECTION ( 'NONE',  ( 0.7071067811865474617, 0.7071067811865474617, -0.000000000000000000 ) ) ;
#3044 = AXIS2_PLACEMENT_3D ( 'NONE', #48, #1473, #500 ) ;
#3045 = ADVANCED_FACE ( 'NONE', ( #2228, #2420 ), #1204, .F. ) ;
#3046 = DIRECTION ( 'NONE',  ( 1.052942929272720237E-16, 0.000000000000000000, 1.000000000000000000 ) ) ;
#3047 = CARTESIAN_POINT ( 'NONE',  ( 17.00000000000001421, 1.000000000000000000, -17.00000000000000000 ) ) ;
#3048 = ORIENTED_EDGE ( 'NONE', *, *, #996, .T. ) ;
#3049 = VECTOR ( 'NONE', #2489, 1000.000000000000000 ) ;
#3050 = EDGE_LOOP ( 'NONE', ( #549, #1622, #2512, #848 ) ) ;
#3051 = EDGE_CURVE ( 'NONE', #1678, #2857, #2402, .T. ) ;
#3052 = CARTESIAN_POINT ( 'NONE',  ( 140.9000000000000341, 22.50000000000000000, 0.001000000000001000089 ) ) ;
#3053 = VERTEX_POINT ( 'NONE', #1921 ) ;
#3054 = FACE_OUTER_BOUND ( 'NONE', #1713, .T. ) ;
#3055 = LINE ( 'NONE', #1324, #2585 ) ;
#3056 = ORIENTED_EDGE ( 'NONE', *, *, #512, .T. ) ;
#3057 = FACE_BOUND ( 'NONE', #791, .T. ) ;
#3058 = EDGE_CURVE ( 'NONE', #1750, #317, #158, .T. ) ;
#3059 = CARTESIAN_POINT ( 'NONE',  ( 59.99999999999999289, 18.00000000000003197, -124.6999999999999602 ) ) ;
#3060 = DIRECTION ( 'NONE',  ( -0.000000000000000000, 1.000000000000000000, -0.000000000000000000 ) ) ;
#3061 = CARTESIAN_POINT ( 'NONE',  ( 59.99999999999999289, 28.00000000000000000, -119.6999999999999602 ) ) ;
#3062 = VECTOR ( 'NONE', #62, 1000.000000000000000 ) ;
#3063 = VERTEX_POINT ( 'NONE', #1969 ) ;
#3064 = ADVANCED_FACE ( 'NONE', ( #2671 ), #228, .T. ) ;
#3065 = LINE ( 'NONE', #2306, #489 ) ;
#3066 = VERTEX_POINT ( 'NONE', #3192 ) ;
#3067 = VECTOR ( 'NONE', #184, 1000.000000000000000 ) ;
#3068 = AXIS2_PLACEMENT_3D ( 'NONE', #2858, #1866, #2843 ) ;
#3069 = EDGE_LOOP ( 'NONE', ( #3170, #1492, #2405, #980, #3042, #2953, #1443, #2081 ) ) ;
#3070 = LINE ( 'NONE', #2581, #2831 ) ;
#3071 = DIRECTION ( 'NONE',  ( 0.000000000000000000, 0.000000000000000000, 1.000000000000000000 ) ) ;
#3072 = ORIENTED_EDGE ( 'NONE', *, *, #3013, .T. ) ;
#3073 = VECTOR ( 'NONE', #109, 1000.000000000000000 ) ;
#3074 = DIRECTION ( 'NONE',  ( 1.000000000000000000, 0.000000000000000000, -0.000000000000000000 ) ) ;
#3075 = FACE_OUTER_BOUND ( 'NONE', #1405, .T. ) ;
#3076 = ORIENTED_EDGE ( 'NONE', *, *, #2309, .F. ) ;
#3077 = CARTESIAN_POINT ( 'NONE',  ( 189.7999999999999829, 28.00000000000000000, -124.6999999999999460 ) ) ;
#3078 = CARTESIAN_POINT ( 'NONE',  ( 0.000000000000000000, 1.000000000000000000, -146.6999999999999602 ) ) ;
#3079 = CARTESIAN_POINT ( 'NONE',  ( 225.8000000000000114, 0.000000000000000000, -11.49999999999999822 ) ) ;
#3080 = DIRECTION ( 'NONE',  ( -0.000000000000000000, 1.000000000000000000, -0.000000000000000000 ) ) ;
#3081 = PLANE ( 'NONE',  #609 ) ;
#3082 = EDGE_LOOP ( 'NONE', ( #1086, #1516 ) ) ;
#3083 = DIRECTION ( 'NONE',  ( -0.000000000000000000, 1.000000000000000000, -0.000000000000000000 ) ) ;
#3084 = ORIENTED_EDGE ( 'NONE', *, *, #1595, .F. ) ;
#3085 = EDGE_CURVE ( 'NONE', #1295, #263, #488, .T. ) ;
#3086 = EDGE_LOOP ( 'NONE', ( #1023, #2926, #203, #276 ) ) ;
#3087 = EDGE_LOOP ( 'NONE', ( #834, #2423, #1972, #789 ) ) ;
#3088 = CARTESIAN_POINT ( 'NONE',  ( 13.00000000000001066, 0.000000000000000000, -141.6999999999999602 ) ) ;
#3089 = ADVANCED_FACE ( 'NONE', ( #197 ), #2946, .F. ) ;
#3090 = LINE ( 'NONE', #2614, #1264 ) ;
#3091 = CARTESIAN_POINT ( 'NONE',  ( 97.90000000000003411, 7.000000000000000000, -137.6999999999999886 ) ) ;
#3092 = DIRECTION ( 'NONE',  ( 0.000000000000000000, 0.000000000000000000, 1.000000000000000000 ) ) ;
#3093 = CARTESIAN_POINT ( 'NONE',  ( 97.90000000000003411, 6.999999999999999112, -127.6999999999999460 ) ) ;
#3094 = LINE ( 'NONE', #2796, #2473 ) ;
#3095 = DIRECTION ( 'NONE',  ( 0.000000000000000000, 0.5150380749100526012, 0.8571673007021132218 ) ) ;
#3096 = FACE_OUTER_BOUND ( 'NONE', #639, .T. ) ;
#3097 = VERTEX_POINT ( 'NONE', #2706 ) ;
#3098 = CARTESIAN_POINT ( 'NONE',  ( 101.9000000000000341, 7.000000000000001776, -120.6999999999999886 ) ) ;
#3099 = ORIENTED_EDGE ( 'NONE', *, *, #2131, .F. ) ;
#3100 = DIRECTION ( 'NONE',  ( 1.049727191138619805E-16, 0.5150380749100526012, -0.8571673007021132218 ) ) ;
#3101 = ORIENTED_EDGE ( 'NONE', *, *, #302, .T. ) ;
#3102 = FACE_OUTER_BOUND ( 'NONE', #1662, .T. ) ;
#3103 = LINE ( 'NONE', #1887, #3156 ) ;
#3104 = VECTOR ( 'NONE', #616, 1000.000000000000000 ) ;
#3105 = DIRECTION ( 'NONE',  ( -0.000000000000000000, 1.000000000000000000, -0.000000000000000000 ) ) ;
#3106 = AXIS2_PLACEMENT_3D ( 'NONE', #3059, #1583, #1066 ) ;
#3107 = LINE ( 'NONE', #111, #2695 ) ;
#3108 = CARTESIAN_POINT ( 'NONE',  ( 17.00000000000000000, 1.000000000000000000, -137.6999999999999886 ) ) ;
#3109 = FACE_OUTER_BOUND ( 'NONE', #3069, .T. ) ;
#3110 = ORIENTED_EDGE ( 'NONE', *, *, #2936, .F. ) ;
#3111 = FACE_OUTER_BOUND ( 'NONE', #1588, .T. ) ;
#3112 = DIRECTION ( 'NONE',  ( 0.000000000000000000, 0.000000000000000000, 1.000000000000000000 ) ) ;
#3113 = EDGE_CURVE ( 'NONE', #2307, #2092, #636, .T. ) ;
#3114 = DIRECTION ( 'NONE',  ( 0.000000000000000000, -1.000000000000000000, 0.000000000000000000 ) ) ;
#3115 = ORIENTED_EDGE ( 'NONE', *, *, #369, .T. ) ;
#3116 = AXIS2_PLACEMENT_3D ( 'NONE', #3177, #2156, #733 ) ;
#3117 = LINE ( 'NONE', #3135, #278 ) ;
#3118 = VECTOR ( 'NONE', #452, 1000.000000000000114 ) ;
#3119 = ORIENTED_EDGE ( 'NONE', *, *, #418, .F. ) ;
#3120 = ORIENTED_EDGE ( 'NONE', *, *, #1849, .T. ) ;
#3121 = EDGE_CURVE ( 'NONE', #1459, #2256, #1237, .T. ) ;
#3122 = CARTESIAN_POINT ( 'NONE',  ( 140.9000000000000341, 3.000000000000000000, -137.6999999999999886 ) ) ;
#3123 = CARTESIAN_POINT ( 'NONE',  ( 189.8000000000000114, 28.00000000000000000, -36.99999999999999289 ) ) ;
#3124 = CARTESIAN_POINT ( 'NONE',  ( 135.8000000000000398, 0.000000000000000000, -14.50000000000000000 ) ) ;
#3125 = DIRECTION ( 'NONE',  ( -0.000000000000000000, 1.000000000000000000, -0.000000000000000000 ) ) ;
#3126 = VECTOR ( 'NONE', #2268, 1000.000000000000000 ) ;
#3127 = DIRECTION ( 'NONE',  ( 1.149775294765075377E-16, 0.000000000000000000, 1.000000000000000000 ) ) ;
#3128 = DIRECTION ( 'NONE',  ( 0.000000000000000000, 0.000000000000000000, -1.000000000000000000 ) ) ;
#3129 = CARTESIAN_POINT ( 'NONE',  ( 51.99999999999999289, 0.000000000000000000, -124.6999999999999460 ) ) ;
#3130 = DIRECTION ( 'NONE',  ( -0.000000000000000000, 1.000000000000000000, -0.000000000000000000 ) ) ;
#3131 = ADVANCED_FACE ( 'NONE', ( #753 ), #1726, .F. ) ;
#3132 = EDGE_CURVE ( 'NONE', #2163, #3035, #2471, .T. ) ;
#3133 = CARTESIAN_POINT ( 'NONE',  ( 185.8000000000000114, 19.99999999999999289, -39.69999999999997442 ) ) ;
#3134 = ORIENTED_EDGE ( 'NONE', *, *, #943, .F. ) ;
#3135 = CARTESIAN_POINT ( 'NONE',  ( 238.8010000000000161, 2.000000000000000000, -106.7000000000000028 ) ) ;
#3136 = EDGE_LOOP ( 'NONE', ( #2804, #1741, #438 ) ) ;
#3137 = ORIENTED_EDGE ( 'NONE', *, *, #2799, .F. ) ;
#3138 = ADVANCED_FACE ( 'NONE', ( #1016 ), #1999, .F. ) ;
#3139 = DIRECTION ( 'NONE',  ( 0.000000000000000000, 0.000000000000000000, 1.000000000000000000 ) ) ;
#3140 = DIRECTION ( 'NONE',  ( 0.000000000000000000, 0.000000000000000000, 1.000000000000000000 ) ) ;
#3141 = CARTESIAN_POINT ( 'NONE',  ( 101.9000000000000341, 0.000000000000000000, -134.6999999999999886 ) ) ;
#3142 = EDGE_CURVE ( 'NONE', #2502, #3063, #2734, .T. ) ;
#3143 = CARTESIAN_POINT ( 'NONE',  ( 55.99999999999999289, 28.00000000000000000, -37.99999999999999289 ) ) ;
#3144 = DIRECTION ( 'NONE',  ( 0.000000000000000000, 0.000000000000000000, 1.000000000000000000 ) ) ;
#3145 = DIRECTION ( 'NONE',  ( 0.000000000000000000, 0.000000000000000000, 1.000000000000000000 ) ) ;
#3146 = ADVANCED_FACE ( 'NONE', ( #2245 ), #224, .F. ) ;
#3147 = APPLICATION_PROTOCOL_DEFINITION ( 'draft international standard', 'automotive_design', 1998, #2175 ) ;
#3148 = VERTEX_POINT ( 'NONE', #1263 ) ;
#3149 = DIRECTION ( 'NONE',  ( -1.387778780781444492E-15, 0.000000000000000000, -1.000000000000000000 ) ) ;
#3150 = DIRECTION ( 'NONE',  ( 0.000000000000000000, 0.000000000000000000, -1.000000000000000000 ) ) ;
#3151 = ADVANCED_FACE ( 'NONE', ( #3109 ), #410, .T. ) ;
#3152 = EDGE_LOOP ( 'NONE', ( #2901, #1103, #165, #30 ) ) ;
#3153 = DIRECTION ( 'NONE',  ( -0.000000000000000000, 1.000000000000000000, -0.000000000000000000 ) ) ;
#3154 = ORIENTED_EDGE ( 'NONE', *, *, #2626, .F. ) ;
#3155 = EDGE_LOOP ( 'NONE', ( #1901, #3164, #2414, #2715 ) ) ;
#3157 = CYLINDRICAL_SURFACE ( 'NONE', #1338, 1.500000000000001332 ) ;
#3156 = VECTOR ( 'NONE', #1682, 1000.000000000000000 ) ;
#3158 = EDGE_CURVE ( 'NONE', #1960, #86, #351, .T. ) ;
#3159 = CARTESIAN_POINT ( 'NONE',  ( 185.8000000000000114, 19.99999999999999289, -121.9999999999999716 ) ) ;
#3160 = DIRECTION ( 'NONE',  ( -0.000000000000000000, -0.000000000000000000, 1.000000000000000000 ) ) ;
#3161 = CARTESIAN_POINT ( 'NONE',  ( 101.9000000000000341, 0.000000000000000000, -134.7357205176494404 ) ) ;
#3162 = VECTOR ( 'NONE', #899, 1000.000000000000000 ) ;
#3163 = DIRECTION ( 'NONE',  ( 0.000000000000000000, 0.000000000000000000, 1.000000000000000000 ) ) ;
#3164 = ORIENTED_EDGE ( 'NONE', *, *, #1340, .T. ) ;
#3165 = DIRECTION ( 'NONE',  ( -1.000000000000000000, 0.000000000000000000, -0.000000000000000000 ) ) ;
#3166 = DIRECTION ( 'NONE',  ( 0.000000000000000000, -1.000000000000000000, 0.000000000000000000 ) ) ;
#3167 = ORIENTED_EDGE ( 'NONE', *, *, #746, .F. ) ;
#3168 = CARTESIAN_POINT ( 'NONE',  ( 51.99999999999999289, 0.000000000000000000, -66.00000000000000000 ) ) ;
#3169 = ORIENTED_EDGE ( 'NONE', *, *, #1493, .F. ) ;
#3170 = ORIENTED_EDGE ( 'NONE', *, *, #2739, .F. ) ;
#3171 = VECTOR ( 'NONE', #11, 1000.000000000000000 ) ;
#3172 = CARTESIAN_POINT ( 'NONE',  ( 185.8000000000000114, 19.99999999999999289, -37.99999999999999289 ) ) ;
#3173 = CIRCLE ( 'NONE', #1765, 1.699999999999979305 ) ;
#3174 = EDGE_CURVE ( 'NONE', #1899, #771, #1404, .T. ) ;
#3175 = CARTESIAN_POINT ( 'NONE',  ( 17.00000000000000000, 1.000000000000000000, -137.6999999999999886 ) ) ;
#3176 = DIRECTION ( 'NONE',  ( 0.000000000000000000, 0.000000000000000000, 1.000000000000000000 ) ) ;
#3177 = CARTESIAN_POINT ( 'NONE',  ( 55.99999999999999289, 28.00000000000000000, -123.6999999999999460 ) ) ;
#3178 = CONICAL_SURFACE ( 'NONE', #2806, 1.699999999999979305, 1.029744258676650537 ) ;
#3179 = CARTESIAN_POINT ( 'NONE',  ( 54.99999999999999289, 3.000000000000000000, -124.6999999999999460 ) ) ;
#3180 = DIRECTION ( 'NONE',  ( 1.000000000000000000, -0.000000000000000000, -0.000000000000000000 ) ) ;
#3181 = EDGE_LOOP ( 'NONE', ( #1606, #707, #1555, #3169, #2712, #103, #1565, #3072, #861, #510, #296, #2482 ) ) ;
#3182 = CARTESIAN_POINT ( 'NONE',  ( 186.7999999999999829, 13.00000000000000178, -119.6999999999999602 ) ) ;
#3183 = AXIS2_PLACEMENT_3D ( 'NONE', #1506, #2467, #2225 ) ;
#3184 = VERTEX_POINT ( 'NONE', #600 ) ;
#3185 = LINE ( 'NONE', #1457, #2430 ) ;
#3186 = VECTOR ( 'NONE', #2504, 1000.000000000000000 ) ;
#3187 = VERTEX_POINT ( 'NONE', #2080 ) ;
#3188 = CARTESIAN_POINT ( 'NONE',  ( 54.99999999999999289, 28.00000000000000000, -119.6999999999999602 ) ) ;
#3189 = EDGE_CURVE ( 'NONE', #2607, #949, #1373, .T. ) ;
#3190 = VERTEX_POINT ( 'NONE', #3078 ) ;
#3191 = CARTESIAN_POINT ( 'NONE',  ( 55.99999999999999289, 28.00000000000000000, -39.69999999999998863 ) ) ;
#3192 = CARTESIAN_POINT ( 'NONE',  ( 140.9000000000000341, 7.000000000000000000, -127.6999999999999460 ) ) ;
#3193 = ORIENTED_EDGE ( 'NONE', *, *, #302, .F. ) ;
ENDSEC;
END-ISO-10303-21;
