ISO-10303-21;
HEADER;
FILE_DESCRIPTION (( 'STEP AP214' ),
    '1' );
FILE_NAME ('Gehäuse_Waveshare_Sockel.STEP',
    '2026-09-03T05:20:13',
    ( '' ),
    ( '' ),
    'SwSTEP 2.0',
    'SolidWorks 2026',
    '' );
FILE_SCHEMA (( 'AUTOMOTIVE_DESIGN' ));
ENDSEC;

DATA;
#1 = EDGE_LOOP ( 'NONE', ( #319, #1592, #3012, #1206 ) ) ;
#2 = DIRECTION ( 'NONE',  ( -0.000000000000000000, -0.000000000000000000, 1.000000000000000000 ) ) ;
#3 = CARTESIAN_POINT ( 'NONE',  ( 8.085073234355183658, 0.000000000000000000, 17.33849550390120697 ) ) ;
#4 = LINE ( 'NONE', #988, #548 ) ;
#5 = EDGE_CURVE ( 'NONE', #844, #2911, #1859, .T. ) ;
#6 = CARTESIAN_POINT ( 'NONE',  ( 34.84357214459343055, 2.000000000000000000, -15.00000000000000000 ) ) ;
#7 = ADVANCED_FACE ( 'NONE', ( #2627, #1690 ), #1121, .F. ) ;
#8 = VECTOR ( 'NONE', #2401, 1000.000000000000000 ) ;
#9 = ORIENTED_EDGE ( 'NONE', *, *, #3022, .T. ) ;
#10 = ADVANCED_FACE ( 'NONE', ( #2872 ), #1183, .F. ) ;
#11 = ORIENTED_EDGE ( 'NONE', *, *, #3010, .T. ) ;
#12 = AXIS2_PLACEMENT_3D ( 'NONE', #468, #3140, #1714 ) ;
#13 = CARTESIAN_POINT ( 'NONE',  ( 51.14278675063117419, 21.49999999999999289, -72.32808322142889779 ) ) ;
#14 = DIRECTION ( 'NONE',  ( 1.000000000000000000, 0.000000000000000000, 0.000000000000000000 ) ) ;
#15 = CARTESIAN_POINT ( 'NONE',  ( 75.19992371635592576, 33.49999999999999289, -18.37118492763356414 ) ) ;
#16 = ORIENTED_EDGE ( 'NONE', *, *, #667, .T. ) ;
#17 = DIRECTION ( 'NONE',  ( 0.000000000000000000, 0.000000000000000000, 1.000000000000000000 ) ) ;
#18 = PLANE ( 'NONE',  #1545 ) ;
#19 = PLANE ( 'NONE',  #840 ) ;
#20 = CARTESIAN_POINT ( 'NONE',  ( 0.000000000000000000, 13.49999999999999822, -7.999999999999998224 ) ) ;
#21 = EDGE_LOOP ( 'NONE', ( #1933, #2050, #2940, #2544 ) ) ;
#22 = VERTEX_POINT ( 'NONE', #464 ) ;
#23 = ADVANCED_FACE ( 'NONE', ( #2096 ), #668, .T. ) ;
#24 = DIRECTION ( 'NONE',  ( -0.000000000000000000, -0.000000000000000000, 1.000000000000000000 ) ) ;
#25 = PLANE ( 'NONE',  #71 ) ;
#26 = DIRECTION ( 'NONE',  ( 1.000000000000000000, 0.000000000000000000, 0.000000000000000000 ) ) ;
#27 = EDGE_CURVE ( 'NONE', #3083, #2490, #637, .T. ) ;
#28 = VERTEX_POINT ( 'NONE', #427 ) ;
#29 = DIRECTION ( 'NONE',  ( -0.9063077870366494926, 0.000000000000000000, 0.4226182617407004405 ) ) ;
#30 = DIRECTION ( 'NONE',  ( -0.4226182617407015507, -0.000000000000000000, -0.9063077870366490485 ) ) ;
#31 = CARTESIAN_POINT ( 'NONE',  ( 0.000000000000000000, 43.00000000000000000, -14.99999999999999289 ) ) ;
#32 = CARTESIAN_POINT ( 'NONE',  ( 18.00000000000000000, 29.50000000000000000, -2.067405927265922205 ) ) ;
#33 = DIRECTION ( 'NONE',  ( 0.9063077870366494926, -0.000000000000000000, -0.4226182617407004405 ) ) ;
#34 = VECTOR ( 'NONE', #1554, 1000.000000000000000 ) ;
#35 = VERTEX_POINT ( 'NONE', #1412 ) ;
#36 = ORIENTED_EDGE ( 'NONE', *, *, #3032, .T. ) ;
#37 = DIRECTION ( 'NONE',  ( 0.000000000000000000, 0.000000000000000000, 1.000000000000000000 ) ) ;
#38 = EDGE_CURVE ( 'NONE', #2701, #2090, #2385, .T. ) ;
#39 = CARTESIAN_POINT ( 'NONE',  ( 70.49493215679899549, 43.00000000000000000, -42.65828138695734850 ) ) ;
#40 = AXIS2_PLACEMENT_3D ( 'NONE', #2598, #209, #2845 ) ;
#41 = VERTEX_POINT ( 'NONE', #187 ) ;
#42 = ADVANCED_FACE ( 'NONE', ( #653 ), #685, .F. ) ;
#43 = CARTESIAN_POINT ( 'NONE',  ( 50.00000000000000000, 0.000000000000000000, 0.000000000000000000 ) ) ;
#44 = AXIS2_PLACEMENT_3D ( 'NONE', #2982, #778, #1762 ) ;
#45 = CARTESIAN_POINT ( 'NONE',  ( 37.80189997677832991, 8.000000000000000000, -8.655845490743455883 ) ) ;
#46 = CARTESIAN_POINT ( 'NONE',  ( 13.34357214459343233, 33.50000000000000000, -12.49999999999999645 ) ) ;
#47 = PLANE ( 'NONE',  #2241 ) ;
#48 = ADVANCED_FACE ( 'NONE', ( #1135 ), #1905, .T. ) ;
#49 = DIRECTION ( 'NONE',  ( -0.9063077870366491595, 0.000000000000000000, 0.4226182617407011621 ) ) ;
#50 = FACE_OUTER_BOUND ( 'NONE', #2216, .T. ) ;
#51 = EDGE_CURVE ( 'NONE', #1074, #2400, #2114, .T. ) ;
#52 = ORIENTED_EDGE ( 'NONE', *, *, #2768, .F. ) ;
#53 = EDGE_LOOP ( 'NONE', ( #3132, #2129, #2789, #2115 ) ) ;
#54 = EDGE_CURVE ( 'NONE', #1919, #1375, #1427, .T. ) ;
#55 = EDGE_CURVE ( 'NONE', #2018, #1256, #205, .T. ) ;
#56 = PLANE ( 'NONE',  #2691 ) ;
#57 = DIRECTION ( 'NONE',  ( -0.000000000000000000, -0.000000000000000000, 1.000000000000000000 ) ) ;
#58 = AXIS2_PLACEMENT_3D ( 'NONE', #2751, #1540, #49 ) ;
#59 = ORIENTED_EDGE ( 'NONE', *, *, #403, .T. ) ;
#60 = LINE ( 'NONE', #2067, #555 ) ;
#61 = CARTESIAN_POINT ( 'NONE',  ( 61.90578264543638909, 37.99999999999999289, -6.655135542858397812 ) ) ;
#62 = DIRECTION ( 'NONE',  ( 0.4226182617407013842, 0.000000000000000000, 0.9063077870366491595 ) ) ;
#63 = CONICAL_SURFACE ( 'NONE', #1862, 1.700000000000000400, 1.029744258676652535 ) ;
#64 = EDGE_CURVE ( 'NONE', #135, #993, #3153, .T. ) ;
#65 = DIRECTION ( 'NONE',  ( 0.4226182617407013842, 1.612506045777501425E-16, 0.9063077870366491595 ) ) ;
#66 = AXIS2_PLACEMENT_3D ( 'NONE', #1549, #2019, #2829 ) ;
#67 = DIRECTION ( 'NONE',  ( -0.000000000000000000, -0.000000000000000000, 1.000000000000000000 ) ) ;
#68 = ORIENTED_EDGE ( 'NONE', *, *, #432, .T. ) ;
#69 = ORIENTED_EDGE ( 'NONE', *, *, #1528, .F. ) ;
#70 = ORIENTED_EDGE ( 'NONE', *, *, #1581, .F. ) ;
#71 = AXIS2_PLACEMENT_3D ( 'NONE', #1754, #14, #1012 ) ;
#72 = VERTEX_POINT ( 'NONE', #139 ) ;
#73 = ORIENTED_EDGE ( 'NONE', *, *, #2658, .F. ) ;
#74 = DIRECTION ( 'NONE',  ( -0.2988362387301202738, -0.7071067811865482389, -0.6408563820557876545 ) ) ;
#75 = LINE ( 'NONE', #2052, #2936 ) ;
#76 = ADVANCED_FACE ( 'NONE', ( #2366 ), #938, .T. ) ;
#77 = EDGE_LOOP ( 'NONE', ( #1372, #2336 ) ) ;
#78 = DIRECTION ( 'NONE',  ( 0.4226182617407013287, -0.000000000000000000, 0.9063077870366490485 ) ) ;
#79 = LINE ( 'NONE', #2655, #522 ) ;
#80 = DIRECTION ( 'NONE',  ( 0.000000000000000000, 0.000000000000000000, 1.000000000000000000 ) ) ;
#81 = CARTESIAN_POINT ( 'NONE',  ( 8.929887139574873345, 0.000000000000000000, 19.15020477018750000 ) ) ;
#82 = ORIENTED_EDGE ( 'NONE', *, *, #1763, .T. ) ;
#83 = CARTESIAN_POINT ( 'NONE',  ( 69.58081543672871305, 5.000000000000000000, -15.75095170484121887 ) ) ;
#84 = ORIENTED_EDGE ( 'NONE', *, *, #38, .F. ) ;
#85 = ORIENTED_EDGE ( 'NONE', *, *, #1387, .T. ) ;
#86 = ORIENTED_EDGE ( 'NONE', *, *, #5, .F. ) ;
#87 = AXIS2_PLACEMENT_3D ( 'NONE', #2916, #2652, #2154 ) ;
#88 = ORIENTED_EDGE ( 'NONE', *, *, #2771, .F. ) ;
#89 = DIRECTION ( 'NONE',  ( -0.4226182617407014952, -0.000000000000000000, -0.9063077870366489375 ) ) ;
#90 = FACE_OUTER_BOUND ( 'NONE', #2900, .T. ) ;
#91 = VERTEX_POINT ( 'NONE', #2907 ) ;
#92 = EDGE_CURVE ( 'NONE', #765, #855, #2594, .T. ) ;
#93 = CARTESIAN_POINT ( 'NONE',  ( 72.02784646172766259, 21.99999999999999289, -16.89202101154111446 ) ) ;
#94 = CARTESIAN_POINT ( 'NONE',  ( 72.02784646172766259, 36.99999999999999289, -16.89202101154111446 ) ) ;
#95 = DIRECTION ( 'NONE',  ( -0.4226182617407013287, -0.000000000000000000, -0.9063077870366490485 ) ) ;
#96 = VECTOR ( 'NONE', #112, 1000.000000000000114 ) ;
#97 = EDGE_CURVE ( 'NONE', #1223, #91, #2702, .T. ) ;
#98 = ADVANCED_FACE ( 'NONE', ( #929 ), #2185, .F. ) ;
#99 = CARTESIAN_POINT ( 'NONE',  ( 72.66226191265330669, 5.000000000000000000, -17.18785379475960085 ) ) ;
#100 = CARTESIAN_POINT ( 'NONE',  ( 76.89039676331873352, 11.50000000000000000, -14.74595377948696751 ) ) ;
#101 = EDGE_CURVE ( 'NONE', #2971, #3037, #2897, .T. ) ;
#102 = ORIENTED_EDGE ( 'NONE', *, *, #1774, .F. ) ;
#103 = ORIENTED_EDGE ( 'NONE', *, *, #3060, .F. ) ;
#104 = CARTESIAN_POINT ( 'NONE',  ( 50.00000000000000000, 43.00000000000000000, 0.000000000000000000 ) ) ;
#105 = EDGE_CURVE ( 'NONE', #2298, #217, #500, .T. ) ;
#106 = EDGE_CURVE ( 'NONE', #286, #184, #3176, .T. ) ;
#107 = ORIENTED_EDGE ( 'NONE', *, *, #1335, .F. ) ;
#108 = ORIENTED_EDGE ( 'NONE', *, *, #2368, .T. ) ;
#109 = DIRECTION ( 'NONE',  ( 0.4226182617407003295, 0.000000000000000000, 0.9063077870366494926 ) ) ;
#110 = ORIENTED_EDGE ( 'NONE', *, *, #413, .T. ) ;
#111 = AXIS2_PLACEMENT_3D ( 'NONE', #670, #1430, #416 ) ;
#112 = DIRECTION ( 'NONE',  ( 0.9063077870366489375, -0.000000000000000000, -0.4226182617407014952 ) ) ;
#113 = DIRECTION ( 'NONE',  ( -0.4226182617407015507, -0.000000000000000000, -0.9063077870366490485 ) ) ;
#114 = DIRECTION ( 'NONE',  ( 0.4226182617407013842, -0.000000000000000000, 0.9063077870366491595 ) ) ;
#115 = PLANE ( 'NONE',  #303 ) ;
#116 = AXIS2_PLACEMENT_3D ( 'NONE', #1619, #2587, #1371 ) ;
#117 = CARTESIAN_POINT ( 'NONE',  ( 40.52082333788828095, 38.00000000000000000, -9.923700275965552819 ) ) ;
#118 = ORIENTED_EDGE ( 'NONE', *, *, #1069, .F. ) ;
#119 = VERTEX_POINT ( 'NONE', #2392 ) ;
#120 = DIRECTION ( 'NONE',  ( -0.000000000000000000, -1.000000000000000000, -0.000000000000000000 ) ) ;
#121 = VERTEX_POINT ( 'NONE', #1930 ) ;
#122 = VERTEX_POINT ( 'NONE', #2203 ) ;
#123 = CARTESIAN_POINT ( 'NONE',  ( 72.02784646172766259, 36.99999999999999289, -16.89202101154111446 ) ) ;
#124 = VECTOR ( 'NONE', #1850, 1000.000000000000114 ) ;
#125 = EDGE_CURVE ( 'NONE', #1460, #3072, #2649, .T. ) ;
#126 = ORIENTED_EDGE ( 'NONE', *, *, #615, .F. ) ;
#127 = CARTESIAN_POINT ( 'NONE',  ( 75.19992371635592576, 25.50000000000000355, -18.37118492763356414 ) ) ;
#128 = DIRECTION ( 'NONE',  ( -0.9063077870366489375, 0.000000000000000000, 0.4226182617407015507 ) ) ;
#129 = AXIS2_PLACEMENT_3D ( 'NONE', #325, #1508, #823 ) ;
#130 = FACE_OUTER_BOUND ( 'NONE', #1495, .T. ) ;
#131 = EDGE_CURVE ( 'NONE', #1751, #2837, #968, .T. ) ;
#132 = DIRECTION ( 'NONE',  ( 0.000000000000000000, 0.000000000000000000, -1.000000000000000000 ) ) ;
#133 = ORIENTED_EDGE ( 'NONE', *, *, #2468, .T. ) ;
#134 = CARTESIAN_POINT ( 'NONE',  ( 41.12665539029472228, 34.99999999999999289, -15.72309399637090621 ) ) ;
#135 = VERTEX_POINT ( 'NONE', #470 ) ;
#136 = EDGE_LOOP ( 'NONE', ( #460, #1992, #971 ) ) ;
#137 = LINE ( 'NONE', #1857, #2326 ) ;
#138 = VECTOR ( 'NONE', #1716, 1000.000000000000114 ) ;
#139 = CARTESIAN_POINT ( 'NONE',  ( 72.35885782813546996, 11.50000000000000000, -12.63286247078345603 ) ) ;
#140 = ORIENTED_EDGE ( 'NONE', *, *, #731, .T. ) ;
#141 = FACE_OUTER_BOUND ( 'NONE', #3118, .T. ) ;
#142 = EDGE_CURVE ( 'NONE', #1580, #3106, #487, .T. ) ;
#143 = DIRECTION ( 'NONE',  ( -0.9063077870366489375, 0.000000000000000000, 0.4226182617407014952 ) ) ;
#144 = DIRECTION ( 'NONE',  ( -0.4226182617407013287, -0.000000000000000000, -0.9063077870366490485 ) ) ;
#145 = CARTESIAN_POINT ( 'NONE',  ( 70.48712322376535155, 36.99999999999999289, -16.17356996658192259 ) ) ;
#146 = ADVANCED_FACE ( 'NONE', ( #745, #2931, #1896, #947, #1916 ), #1229, .F. ) ;
#147 = CARTESIAN_POINT ( 'NONE',  ( 34.84357214459343055, 43.00000000000000000, -15.00000000000000000 ) ) ;
#148 = EDGE_CURVE ( 'NONE', #869, #1934, #1160, .T. ) ;
#149 = CARTESIAN_POINT ( 'NONE',  ( 71.09588362605943246, 40.99999999999999289, -31.90473046962806336 ) ) ;
#150 = DIRECTION ( 'NONE',  ( -0.9063077870366494926, 0.000000000000000000, 0.4226182617407004405 ) ) ;
#151 = VECTOR ( 'NONE', #1800, 1000.000000000000000 ) ;
#152 = ORIENTED_EDGE ( 'NONE', *, *, #1528, .T. ) ;
#153 = EDGE_LOOP ( 'NONE', ( #1738, #1264, #1107, #2061, #3054, #328, #1249, #1829 ) ) ;
#154 = AXIS2_PLACEMENT_3D ( 'NONE', #81, #1063, #2040 ) ;
#155 = DIRECTION ( 'NONE',  ( 0.000000000000000000, -0.6715429342378185229, -0.7409656452732885645 ) ) ;
#156 = EDGE_CURVE ( 'NONE', #3186, #1014, #694, .T. ) ;
#157 = DIRECTION ( 'NONE',  ( -0.000000000000000000, -0.000000000000000000, 1.000000000000000000 ) ) ;
#158 = EDGE_LOOP ( 'NONE', ( #2764, #2760 ) ) ;
#159 = ADVANCED_FACE ( 'NONE', ( #1473 ), #1419, .F. ) ;
#160 = CARTESIAN_POINT ( 'NONE',  ( 46.66024316967936159, -31.53300858899112669, -81.94092895226573603 ) ) ;
#161 = FACE_OUTER_BOUND ( 'NONE', #479, .T. ) ;
#162 = CYLINDRICAL_SURFACE ( 'NONE', #1040, 1.700000000000005729 ) ;
#163 = FACE_OUTER_BOUND ( 'NONE', #1939, .T. ) ;
#164 = AXIS2_PLACEMENT_3D ( 'NONE', #1846, #687, #1381 ) ;
#165 = CARTESIAN_POINT ( 'NONE',  ( 39.94845526714706807, 5.000000000000000000, -15.17369025610798516 ) ) ;
#166 = CARTESIAN_POINT ( 'NONE',  ( 45.77545626944245782, 2.000000000000003553, -5.753708338967702396 ) ) ;
#167 = DIRECTION ( 'NONE',  ( -0.9063077870366489375, 0.000000000000000000, 0.4226182617407014952 ) ) ;
#168 = EDGE_CURVE ( 'NONE', #992, #2364, #2408, .T. ) ;
#169 = ORIENTED_EDGE ( 'NONE', *, *, #769, .T. ) ;
#170 = ORIENTED_EDGE ( 'NONE', *, *, #200, .T. ) ;
#171 = DIRECTION ( 'NONE',  ( -0.000000000000000000, 1.000000000000000000, -1.779203565104417868E-16 ) ) ;
#172 = CARTESIAN_POINT ( 'NONE',  ( 29.34357214459343410, 41.00000000000000000, -12.49999999999999645 ) ) ;
#173 = VERTEX_POINT ( 'NONE', #709 ) ;
#174 = CARTESIAN_POINT ( 'NONE',  ( 50.00000000000000000, 0.000000000000000000, 0.000000000000000000 ) ) ;
#175 = CIRCLE ( 'NONE', #888, 1.700000000000005729 ) ;
#176 = VECTOR ( 'NONE', #2365, 1000.000000000000227 ) ;
#177 = EDGE_CURVE ( 'NONE', #3186, #3083, #986, .T. ) ;
#178 = FACE_OUTER_BOUND ( 'NONE', #2592, .T. ) ;
#179 = CARTESIAN_POINT ( 'NONE',  ( 13.34357214459343233, 13.49999999999999822, -2.067405927265924426 ) ) ;
#180 = CARTESIAN_POINT ( 'NONE',  ( 70.54624225406217874, 2.000000000000000000, -11.78762594730205571 ) ) ;
#181 = AXIS2_PLACEMENT_3D ( 'NONE', #1937, #186, #2937 ) ;
#182 = CARTESIAN_POINT ( 'NONE',  ( 34.84357214459343055, 43.00000000000000000, -15.00000000000000000 ) ) ;
#183 = LINE ( 'NONE', #3145, #1888 ) ;
#184 = VERTEX_POINT ( 'NONE', #3161 ) ;
#185 = EDGE_LOOP ( 'NONE', ( #3062, #3124, #590, #85, #860, #2683 ) ) ;
#186 = DIRECTION ( 'NONE',  ( -0.4226182617407015507, -0.000000000000000000, -0.9063077870366490485 ) ) ;
#187 = CARTESIAN_POINT ( 'NONE',  ( 70.18957583902275132, 2.000000000000001332, -31.48211220788734721 ) ) ;
#188 = ORIENTED_EDGE ( 'NONE', *, *, #523, .F. ) ;
#189 = ADVANCED_FACE ( 'NONE', ( #2879 ), #1697, .T. ) ;
#190 = DIRECTION ( 'NONE',  ( 0.4226182617407013287, -0.000000000000000000, 0.9063077870366490485 ) ) ;
#191 = ORIENTED_EDGE ( 'NONE', *, *, #1904, .F. ) ;
#192 = CARTESIAN_POINT ( 'NONE',  ( 62.32797828891536085, 37.99999999999999289, -5.749734063608776147 ) ) ;
#193 = CARTESIAN_POINT ( 'NONE',  ( 34.84357214459343055, 2.000000000000000000, -12.49999999999999822 ) ) ;
#194 = CARTESIAN_POINT ( 'NONE',  ( 45.21505733026022966, 74.53300858899113734, -96.87114790208497084 ) ) ;
#195 = ADVANCED_FACE ( 'NONE', ( #775 ), #2718, .F. ) ;
#196 = DIRECTION ( 'NONE',  ( 0.000000000000000000, 0.000000000000000000, 1.000000000000000000 ) ) ;
#197 = CARTESIAN_POINT ( 'NONE',  ( 73.71831950869047034, 21.99999999999999289, -13.26678986339451960 ) ) ;
#198 = CARTESIAN_POINT ( 'NONE',  ( 18.00000000000000000, 29.50000000000000000, 0.000000000000000000 ) ) ;
#199 = EDGE_CURVE ( 'NONE', #1233, #2558, #1241, .T. ) ;
#200 = EDGE_CURVE ( 'NONE', #1014, #443, #2008, .T. ) ;
#201 = ORIENTED_EDGE ( 'NONE', *, *, #1193, .F. ) ;
#202 = VERTEX_POINT ( 'NONE', #1026 ) ;
#203 = DIRECTION ( 'NONE',  ( 0.000000000000000000, -1.000000000000000000, -1.264902534566421675E-16 ) ) ;
#204 = VECTOR ( 'NONE', #1630, 1000.000000000000227 ) ;
#205 = LINE ( 'NONE', #2611, #704 ) ;
#206 = ORIENTED_EDGE ( 'NONE', *, *, #2606, .T. ) ;
#207 = LINE ( 'NONE', #3156, #1908 ) ;
#208 = EDGE_LOOP ( 'NONE', ( #1593, #140, #2806, #1987 ) ) ;
#209 = DIRECTION ( 'NONE',  ( -0.9063077870366494926, 0.000000000000000000, 0.4226182617407004405 ) ) ;
#210 = CARTESIAN_POINT ( 'NONE',  ( 61.90578264543638198, 5.000000000000000000, -6.655135542858397812 ) ) ;
#211 = DIRECTION ( 'NONE',  ( -0.9063077870366489375, 0.000000000000000000, 0.4226182617407015507 ) ) ;
#212 = DIRECTION ( 'NONE',  ( -0.000000000000000000, 1.000000000000000000, -0.000000000000000000 ) ) ;
#213 = FACE_OUTER_BOUND ( 'NONE', #1561, .T. ) ;
#214 = CARTESIAN_POINT ( 'NONE',  ( 76.89039676331873352, 25.50000000000000355, -14.74595377948696751 ) ) ;
#215 = ORIENTED_EDGE ( 'NONE', *, *, #2861, .T. ) ;
#216 = EDGE_CURVE ( 'NONE', #651, #1551, #2476, .T. ) ;
#217 = VERTEX_POINT ( 'NONE', #1993 ) ;
#218 = LINE ( 'NONE', #2262, #2890 ) ;
#219 = DIRECTION ( 'NONE',  ( 0.000000000000000000, -1.000000000000000000, 0.000000000000000000 ) ) ;
#220 = VERTEX_POINT ( 'NONE', #2978 ) ;
#221 = VERTEX_POINT ( 'NONE', #1258 ) ;
#222 = CIRCLE ( 'NONE', #2736, 9.999999999999994671 ) ;
#223 = VECTOR ( 'NONE', #1369, 1000.000000000000000 ) ;
#224 = VECTOR ( 'NONE', #2778, 1000.000000000000000 ) ;
#225 = ORIENTED_EDGE ( 'NONE', *, *, #1152, .T. ) ;
#226 = DIRECTION ( 'NONE',  ( 0.4226182617407015507, 0.000000000000000000, 0.9063077870366490485 ) ) ;
#227 = CARTESIAN_POINT ( 'NONE',  ( 20.00000000000000000, 38.99999999999999289, 0.000000000000000000 ) ) ;
#228 = CARTESIAN_POINT ( 'NONE',  ( 70.96886051580288779, 4.999999999999997335, -10.88131816026541365 ) ) ;
#229 = DIRECTION ( 'NONE',  ( 0.000000000000000000, 1.000000000000000000, 0.000000000000000000 ) ) ;
#230 = DIRECTION ( 'NONE',  ( -0.4226182617407013287, -0.000000000000000000, -0.9063077870366490485 ) ) ;
#231 = LINE ( 'NONE', #2187, #808 ) ;
#232 = VECTOR ( 'NONE', #171, 1000.000000000000000 ) ;
#233 = ORIENTED_EDGE ( 'NONE', *, *, #623, .T. ) ;
#234 = DIRECTION ( 'NONE',  ( -0.000000000000000000, -1.000000000000000000, -0.000000000000000000 ) ) ;
#235 = CYLINDRICAL_SURFACE ( 'NONE', #2179, 1.999999999999995115 ) ;
#236 = VECTOR ( 'NONE', #2790, 1000.000000000000114 ) ;
#237 = EDGE_LOOP ( 'NONE', ( #2842, #3149, #1704, #2774, #1171 ) ) ;
#238 = VERTEX_POINT ( 'NONE', #512 ) ;
#239 = VERTEX_POINT ( 'NONE', #43 ) ;
#240 = CARTESIAN_POINT ( 'NONE',  ( 6.000000000000000000, 4.000000000000000000, -15.00000000000000000 ) ) ;
#241 = SURFACE_STYLE_USAGE ( .BOTH. , #1928 ) ;
#242 = DIRECTION ( 'NONE',  ( -0.4226182617407015507, -0.000000000000000000, -0.9063077870366490485 ) ) ;
#243 = ORIENTED_EDGE ( 'NONE', *, *, #1283, .F. ) ;
#244 = DIRECTION ( 'NONE',  ( -0.4226182617407010511, 0.000000000000000000, -0.9063077870366491595 ) ) ;
#245 = CARTESIAN_POINT ( 'NONE',  ( 73.56856969968997362, 36.99999999999999289, -17.61047205650030989 ) ) ;
#246 = DIRECTION ( 'NONE',  ( -0.4226182617407014397, -0.000000000000000000, -0.9063077870366492705 ) ) ;
#247 = EDGE_CURVE ( 'NONE', #2162, #3042, #1758, .T. ) ;
#248 = EDGE_CURVE ( 'NONE', #536, #22, #2419, .T. ) ;
#249 = VECTOR ( 'NONE', #3051, 1000.000000000000000 ) ;
#250 = EDGE_CURVE ( 'NONE', #119, #121, #1519, .T. ) ;
#251 = CARTESIAN_POINT ( 'NONE',  ( 72.35885782813546996, 13.50000000000000000, -12.63286247078345603 ) ) ;
#252 = DIRECTION ( 'NONE',  ( -0.9063077870366494926, 0.000000000000000000, 0.4226182617407004405 ) ) ;
#253 = ORIENTED_EDGE ( 'NONE', *, *, #105, .T. ) ;
#254 = ORIENTED_EDGE ( 'NONE', *, *, #2481, .T. ) ;
#255 = CARTESIAN_POINT ( 'NONE',  ( 6.000000000000000000, 38.99999999999999289, 0.000000000000000000 ) ) ;
#256 = LINE ( 'NONE', #1237, #894 ) ;
#257 = FACE_OUTER_BOUND ( 'NONE', #977, .T. ) ;
#258 = ORIENTED_EDGE ( 'NONE', *, *, #168, .T. ) ;
#259 = DIRECTION ( 'NONE',  ( 1.000000000000000000, 0.000000000000000000, 0.000000000000000000 ) ) ;
#260 = DIRECTION ( 'NONE',  ( -0.000000000000000000, -0.000000000000000000, 1.000000000000000000 ) ) ;
#261 = DIRECTION ( 'NONE',  ( -0.4226182617407011066, 0.000000000000000000, -0.9063077870366491595 ) ) ;
#262 = CARTESIAN_POINT ( 'NONE',  ( 7.500000000000000000, 38.99999999999999289, -96.87214790208498982 ) ) ;
#263 = EDGE_CURVE ( 'NONE', #1008, #1795, #1966, .T. ) ;
#264 = CIRCLE ( 'NONE', #1505, 1.499999999999999556 ) ;
#265 = EDGE_LOOP ( 'NONE', ( #3058, #2756 ) ) ;
#266 = ORIENTED_EDGE ( 'NONE', *, *, #3101, .F. ) ;
#267 = VECTOR ( 'NONE', #2894, 1000.000000000000000 ) ;
#268 = ADVANCED_FACE ( 'NONE', ( #2732 ), #2245, .T. ) ;
#269 = DIRECTION ( 'NONE',  ( 0.9063077870366484934, 0.000000000000000000, -0.4226182617407026609 ) ) ;
#270 = CARTESIAN_POINT ( 'NONE',  ( 75.19992371635592576, 40.99999999999999289, -18.37118492763356414 ) ) ;
#271 = CARTESIAN_POINT ( 'NONE',  ( 38.40773202918477836, 38.00000000000000000, -14.45523921114879862 ) ) ;
#272 = ORIENTED_EDGE ( 'NONE', *, *, #2617, .F. ) ;
#273 = CARTESIAN_POINT ( 'NONE',  ( 61.48316438369569426, 37.99999999999999289, -7.561443329895046084 ) ) ;
#274 = FACE_OUTER_BOUND ( 'NONE', #892, .T. ) ;
#275 = CARTESIAN_POINT ( 'NONE',  ( 29.34357214459343410, 2.000000000000000000, -12.49999999999999645 ) ) ;
#276 = AXIS2_PLACEMENT_3D ( 'NONE', #240, #1961, #2273 ) ;
#277 = DIRECTION ( 'NONE',  ( -0.4226182617407013287, -0.000000000000000000, -0.9063077870366490485 ) ) ;
#278 = AXIS2_PLACEMENT_3D ( 'NONE', #1880, #2120, #897 ) ;
#279 = CARTESIAN_POINT ( 'NONE',  ( 70.54624225406217874, 40.99999999999999289, -11.78762594730205571 ) ) ;
#280 = UNCERTAINTY_MEASURE_WITH_UNIT (LENGTH_MEASURE( 1.000000000000000082E-05 ), #2763, 'distance_accuracy_value', 'NONE');
#281 = EDGE_CURVE ( 'NONE', #2077, #2549, #2250, .T. ) ;
#282 = ORIENTED_EDGE ( 'NONE', *, *, #1537, .T. ) ;
#283 = ORIENTED_EDGE ( 'NONE', *, *, #2066, .T. ) ;
#284 = DIRECTION ( 'NONE',  ( 0.9063077870366494926, -0.000000000000000000, -0.4226182617407004405 ) ) ;
#285 = CARTESIAN_POINT ( 'NONE',  ( 72.35885782813546996, 35.50000000000000000, -12.63286247078345603 ) ) ;
#286 = VERTEX_POINT ( 'NONE', #1325 ) ;
#287 = DIRECTION ( 'NONE',  ( 0.000000000000000000, -1.000000000000000000, 0.000000000000000000 ) ) ;
#288 = LINE ( 'NONE', #530, #1747 ) ;
#289 = EDGE_CURVE ( 'NONE', #184, #2883, #515, .T. ) ;
#290 = CARTESIAN_POINT ( 'NONE',  ( 1.323181046503972169, 0.000000000000000000, 2.837570911314832856 ) ) ;
#291 = AXIS2_PLACEMENT_3D ( 'NONE', #172, #1924, #3121 ) ;
#292 = CARTESIAN_POINT ( 'NONE',  ( 72.81201172165381763, 5.000000000000000000, -12.84417160165381588 ) ) ;
#293 = EDGE_CURVE ( 'NONE', #1580, #1826, #1791, .T. ) ;
#294 = CARTESIAN_POINT ( 'NONE',  ( 71.98338197571490582, 40.99999999999999289, -30.00148411685110261 ) ) ;
#295 = VECTOR ( 'NONE', #901, 1000.000000000000000 ) ;
#296 = ORIENTED_EDGE ( 'NONE', *, *, #27, .F. ) ;
#297 = EDGE_LOOP ( 'NONE', ( #1413, #1316, #689, #527, #1132, #2332 ) ) ;
#298 = CARTESIAN_POINT ( 'NONE',  ( 72.66226191265330669, 5.000000000000000000, -17.18785379475960085 ) ) ;
#299 = DIRECTION ( 'NONE',  ( -0.4226182617407013287, -0.000000000000000000, -0.9063077870366490485 ) ) ;
#300 = CIRCLE ( 'NONE', #2822, 10.00000000000000355 ) ;
#301 = ORIENTED_EDGE ( 'NONE', *, *, #2804, .F. ) ;
#302 = AXIS2_PLACEMENT_3D ( 'NONE', #2351, #1655, #1876 ) ;
#303 = AXIS2_PLACEMENT_3D ( 'NONE', #2342, #1633, #2819 ) ;
#304 = CARTESIAN_POINT ( 'NONE',  ( 50.00000000000000000, 43.00000000000000000, 0.000000000000000000 ) ) ;
#305 = LINE ( 'NONE', #61, #373 ) ;
#306 = CARTESIAN_POINT ( 'NONE',  ( 75.19992371635592576, 33.49999999999999289, -18.37118492763356414 ) ) ;
#307 = DIRECTION ( 'NONE',  ( 0.4226182617407004960, 0.000000000000000000, 0.9063077870366494926 ) ) ;
#308 = CARTESIAN_POINT ( 'NONE',  ( 67.71393537881118618, -3.573304400956208182E-15, -36.79114030750455555 ) ) ;
#309 = EDGE_LOOP ( 'NONE', ( #1055, #1457, #2268, #2747, #1938, #2173, #1877, #2973, #3150, #1467, #447, #1988, #1707, #616 ) ) ;
#310 = EDGE_CURVE ( 'NONE', #3042, #998, #1748, .T. ) ;
#311 = ORIENTED_EDGE ( 'NONE', *, *, #623, .F. ) ;
#312 = EDGE_LOOP ( 'NONE', ( #243, #1596, #872, #1296, #126, #3021, #1893, #282, #86, #619, #795, #669, #2580, #2854, #954, #1228 ) ) ;
#313 = AXIS2_PLACEMENT_3D ( 'NONE', #696, #1931, #2170 ) ;
#314 = ORIENTED_EDGE ( 'NONE', *, *, #2706, .F. ) ;
#315 = VERTEX_POINT ( 'NONE', #99 ) ;
#316 = FACE_OUTER_BOUND ( 'NONE', #2525, .T. ) ;
#317 =( NAMED_UNIT ( * ) SI_UNIT ( $, .STERADIAN. ) SOLID_ANGLE_UNIT ( ) );
#318 = VECTOR ( 'NONE', #277, 1000.000000000000227 ) ;
#319 = ORIENTED_EDGE ( 'NONE', *, *, #1729, .F. ) ;
#320 = LINE ( 'NONE', #353, #2924 ) ;
#321 = CARTESIAN_POINT ( 'NONE',  ( 61.65105046041685455, 35.64213562373092259, -61.62404688901663263 ) ) ;
#322 = DIRECTION ( 'NONE',  ( -0.000000000000000000, -1.000000000000000000, -0.000000000000000000 ) ) ;
#323 = FACE_OUTER_BOUND ( 'NONE', #2031, .T. ) ;
#324 = AXIS2_PLACEMENT_3D ( 'NONE', #255, #37, #1210 ) ;
#325 = CARTESIAN_POINT ( 'NONE',  ( 20.00000000000000000, 4.000000000000000000, -15.00000000000000000 ) ) ;
#326 = ORIENTED_EDGE ( 'NONE', *, *, #1286, .T. ) ;
#327 = ORIENTED_EDGE ( 'NONE', *, *, #2000, .F. ) ;
#328 = ORIENTED_EDGE ( 'NONE', *, *, #528, .F. ) ;
#329 = EDGE_CURVE ( 'NONE', #2364, #1408, #1031, .T. ) ;
#330 = VECTOR ( 'NONE', #937, 1000.000000000000227 ) ;
#331 = VERTEX_POINT ( 'NONE', #1310 ) ;
#332 = ORIENTED_EDGE ( 'NONE', *, *, #847, .T. ) ;
#333 = PLANE ( 'NONE',  #2844 ) ;
#334 = DIRECTION ( 'NONE',  ( -0.2988362387301211620, -0.7071067811865462405, -0.6408563820557895419 ) ) ;
#335 = EDGE_CURVE ( 'NONE', #3034, #1020, #341, .T. ) ;
#336 = ORIENTED_EDGE ( 'NONE', *, *, #1864, .F. ) ;
#337 = DIRECTION ( 'NONE',  ( -0.000000000000000000, 1.000000000000000000, -0.000000000000000000 ) ) ;
#338 = CARTESIAN_POINT ( 'NONE',  ( 54.18014449216383355, -38.60407640085659153, -77.64545644041135120 ) ) ;
#339 = DIRECTION ( 'NONE',  ( -0.4226182617407011066, 0.000000000000000000, -0.9063077870366491595 ) ) ;
#340 = EDGE_CURVE ( 'NONE', #1074, #1184, #1803, .T. ) ;
#341 = LINE ( 'NONE', #2969, #879 ) ;
#342 = ORIENTED_EDGE ( 'NONE', *, *, #2903, .T. ) ;
#343 = EDGE_CURVE ( 'NONE', #3053, #221, #1298, .T. ) ;
#344 = LINE ( 'NONE', #375, #1120 ) ;
#345 = EDGE_CURVE ( 'NONE', #2400, #1751, #2265, .T. ) ;
#346 = ORIENTED_EDGE ( 'NONE', *, *, #2754, .T. ) ;
#347 = ORIENTED_EDGE ( 'NONE', *, *, #2949, .T. ) ;
#348 = VECTOR ( 'NONE', #80, 1000.000000000000000 ) ;
#349 = EDGE_LOOP ( 'NONE', ( #1220, #1639, #2240, #1954 ) ) ;
#350 = ORIENTED_EDGE ( 'NONE', *, *, #2066, .F. ) ;
#351 = DIRECTION ( 'NONE',  ( -2.358290091949594185E-16, -1.000000000000000000, 1.099688730027157458E-16 ) ) ;
#352 = EDGE_LOOP ( 'NONE', ( #2946, #1187, #519, #959 ) ) ;
#353 = CARTESIAN_POINT ( 'NONE',  ( 68.85576920709937099, 2.000000000000000000, -15.41285709544865234 ) ) ;
#354 = LINE ( 'NONE', #2103, #223 ) ;
#355 = FACE_OUTER_BOUND ( 'NONE', #3050, .T. ) ;
#356 = AXIS2_PLACEMENT_3D ( 'NONE', #3, #513, #969 ) ;
#357 = LINE ( 'NONE', #3096, #2667 ) ;
#358 = CARTESIAN_POINT ( 'NONE',  ( 72.17759627072815931, 36.99999999999999289, -12.54833881843532417 ) ) ;
#359 = ORIENTED_EDGE ( 'NONE', *, *, #2739, .T. ) ;
#360 = ORIENTED_EDGE ( 'NONE', *, *, #728, .T. ) ;
#361 = ADVANCED_FACE ( 'NONE', ( #2999 ), #1984, .F. ) ;
#362 = CARTESIAN_POINT ( 'NONE',  ( 67.62777523501924293, 21.49999999999998934, -48.80691924790092884 ) ) ;
#363 = ORIENTED_EDGE ( 'NONE', *, *, #562, .F. ) ;
#364 = ORIENTED_EDGE ( 'NONE', *, *, #329, .F. ) ;
#365 = ADVANCED_FACE ( 'NONE', ( #1275 ), #3017, .F. ) ;
#366 = CARTESIAN_POINT ( 'NONE',  ( -1.997695937189055915, 53.00000000000000000, -4.284072762375747523 ) ) ;
#367 = AXIS2_PLACEMENT_3D ( 'NONE', #271, #299, #539 ) ;
#368 = ORIENTED_EDGE ( 'NONE', *, *, #1525, .F. ) ;
#369 = DIRECTION ( 'NONE',  ( -0.9063077870366494926, -6.700788708272324954E-17, 0.4226182617407004405 ) ) ;
#370 = DIRECTION ( 'NONE',  ( -0.4226182617407015507, -0.000000000000000000, -0.9063077870366490485 ) ) ;
#371 = LINE ( 'NONE', #1602, #2638 ) ;
#372 = DIRECTION ( 'NONE',  ( 0.000000000000000000, -1.084202172485504434E-16, -1.000000000000000000 ) ) ;
#373 = VECTOR ( 'NONE', #2920, 1000.000000000000114 ) ;
#374 = VECTOR ( 'NONE', #1111, 1000.000000000000000 ) ;
#375 = CARTESIAN_POINT ( 'NONE',  ( 29.34357214459343410, 41.00000000000000000, -2.067405927265921761 ) ) ;
#376 = EDGE_LOOP ( 'NONE', ( #1736, #2283 ) ) ;
#377 = ORIENTED_EDGE ( 'NONE', *, *, #2722, .T. ) ;
#378 = DIRECTION ( 'NONE',  ( 0.4226182617407015507, 0.000000000000000000, 0.9063077870366490485 ) ) ;
#379 = EDGE_CURVE ( 'NONE', #2145, #1980, #2929, .T. ) ;
#380 = ORIENTED_EDGE ( 'NONE', *, *, #2880, .F. ) ;
#381 = ORIENTED_EDGE ( 'NONE', *, *, #5, .T. ) ;
#382 = DIRECTION ( 'NONE',  ( 0.9063077870366493816, 2.775557561562890735E-17, -0.4226182617407004405 ) ) ;
#383 = EDGE_CURVE ( 'NONE', #1980, #2741, #3033, .T. ) ;
#384 = VECTOR ( 'NONE', #1377, 1000.000000000000114 ) ;
#385 = EDGE_CURVE ( 'NONE', #3072, #1460, #2825, .T. ) ;
#386 = DIRECTION ( 'NONE',  ( -0.4226182617407015507, -0.000000000000000000, -0.9063077870366490485 ) ) ;
#387 = DIRECTION ( 'NONE',  ( -0.4226182617407015507, -0.000000000000000000, -0.9063077870366490485 ) ) ;
#388 = CIRCLE ( 'NONE', #129, 1.500000000000004885 ) ;
#389 = LINE ( 'NONE', #1587, #1572 ) ;
#390 = FACE_OUTER_BOUND ( 'NONE', #2381, .T. ) ;
#391 = ADVANCED_FACE ( 'NONE', ( #1779 ), #2523, .F. ) ;
#392 = LINE ( 'NONE', #1131, #295 ) ;
#393 = ADVANCED_FACE ( 'NONE', ( #323 ), #2279, .T. ) ;
#394 = EDGE_CURVE ( 'NONE', #2837, #826, #1573, .T. ) ;
#395 = EDGE_LOOP ( 'NONE', ( #2034, #3157, #1465, #1422 ) ) ;
#396 = ORIENTED_EDGE ( 'NONE', *, *, #2706, .T. ) ;
#397 = CARTESIAN_POINT ( 'NONE',  ( 62.32797828891536085, 37.99999999999999289, -5.749734063608776147 ) ) ;
#398 = VECTOR ( 'NONE', #1446, 1000.000000000000114 ) ;
#399 = DIRECTION ( 'NONE',  ( -0.9063077870366494926, 0.000000000000000000, 0.4226182617407004405 ) ) ;
#400 = ORIENTED_EDGE ( 'NONE', *, *, #2812, .F. ) ;
#401 = DIRECTION ( 'NONE',  ( -0.9063077870366500477, 0.000000000000000000, 0.4226182617406991637 ) ) ;
#402 = VECTOR ( 'NONE', #3178, 1000.000000000000000 ) ;
#403 = EDGE_CURVE ( 'NONE', #2837, #1043, #2601, .T. ) ;
#404 = FACE_BOUND ( 'NONE', #2823, .T. ) ;
#405 = CARTESIAN_POINT ( 'NONE',  ( 61.90578264543638909, 37.99999999999999289, -6.655135542858397812 ) ) ;
#406 = DIRECTION ( 'NONE',  ( -0.000000000000000000, -0.000000000000000000, 1.000000000000000000 ) ) ;
#407 = CARTESIAN_POINT ( 'NONE',  ( 73.71831950869047034, 21.99999999999999289, -13.26678986339451960 ) ) ;
#408 = LINE ( 'NONE', #182, #2158 ) ;
#409 = DIRECTION ( 'NONE',  ( 0.4226182617407008291, 0.000000000000000000, 0.9063077870366493816 ) ) ;
#410 = ORIENTED_EDGE ( 'NONE', *, *, #2427, .T. ) ;
#411 = ORIENTED_EDGE ( 'NONE', *, *, #335, .F. ) ;
#412 = FACE_OUTER_BOUND ( 'NONE', #185, .T. ) ;
#413 = EDGE_CURVE ( 'NONE', #1533, #1751, #899, .T. ) ;
#414 = DIRECTION ( 'NONE',  ( -1.000000000000000000, 0.000000000000000000, 3.154042683594196107E-16 ) ) ;
#415 = ORIENTED_EDGE ( 'NONE', *, *, #441, .T. ) ;
#416 = DIRECTION ( 'NONE',  ( 1.000000000000000000, 0.000000000000000000, 0.000000000000000000 ) ) ;
#417 = VECTOR ( 'NONE', #2375, 1000.000000000000000 ) ;
#418 = CARTESIAN_POINT ( 'NONE',  ( 6.000000000000000000, 4.000000000000000000, 0.000000000000000000 ) ) ;
#419 = VECTOR ( 'NONE', #382, 1000.000000000000227 ) ;
#420 = DIRECTION ( 'NONE',  ( -1.991441599360792004E-16, 0.000000000000000000, -1.000000000000000000 ) ) ;
#421 =( GEOMETRIC_REPRESENTATION_CONTEXT ( 3 ) GLOBAL_UNCERTAINTY_ASSIGNED_CONTEXT ( ( #2853 ) ) GLOBAL_UNIT_ASSIGNED_CONTEXT ( ( #965, #2665, #1647 ) ) REPRESENTATION_CONTEXT ( 'NONE', 'WORKASPACE' ) );
#422 = CARTESIAN_POINT ( 'NONE',  ( 72.81201172165381763, 14.09999999999999964, -12.84417160165381588 ) ) ;
#423 = DIRECTION ( 'NONE',  ( 0.9063077870366489375, -0.000000000000000000, -0.4226182617407014952 ) ) ;
#424 = VERTEX_POINT ( 'NONE', #1341 ) ;
#425 = EDGE_LOOP ( 'NONE', ( #2562, #11, #2109, #169 ) ) ;
#426 = CARTESIAN_POINT ( 'NONE',  ( 72.02784646172766259, 21.99999999999999289, -16.89202101154111446 ) ) ;
#427 = CARTESIAN_POINT ( 'NONE',  ( 29.34357214459343410, 2.000000000000000000, -2.067405927265921761 ) ) ;
#428 = EDGE_LOOP ( 'NONE', ( #2441, #2177, #2063, #400 ) ) ;
#429 = ADVANCED_FACE ( 'NONE', ( #2105 ), #1589, .F. ) ;
#430 = CARTESIAN_POINT ( 'NONE',  ( 4.500000000000000888, 38.99999999999999289, -96.87214790208498982 ) ) ;
#431 = AXIS2_PLACEMENT_3D ( 'NONE', #13, #284, #1497 ) ;
#432 = EDGE_CURVE ( 'NONE', #2287, #1972, #2253, .T. ) ;
#433 = VERTEX_POINT ( 'NONE', #1402 ) ;
#434 = VECTOR ( 'NONE', #322, 1000.000000000000000 ) ;
#436 = EDGE_CURVE ( 'NONE', #1709, #2148, #557, .T. ) ;
#435 = LINE ( 'NONE', #2862, #2402 ) ;
#437 = CARTESIAN_POINT ( 'NONE',  ( 0.000000000000000000, 43.00000000000000000, 0.000000000000000000 ) ) ;
#438 = DIRECTION ( 'NONE',  ( 0.4226182617407004960, 0.000000000000000000, 0.9063077870366494926 ) ) ;
#439 = DIRECTION ( 'NONE',  ( -1.000000000000000000, 0.000000000000000000, -0.000000000000000000 ) ) ;
#440 = LINE ( 'NONE', #166, #2678 ) ;
#441 = EDGE_CURVE ( 'NONE', #1845, #1769, #357, .T. ) ;
#442 = CARTESIAN_POINT ( 'NONE',  ( 75.25904274665278137, 36.99999999999999289, -13.98524090835371503 ) ) ;
#443 = VERTEX_POINT ( 'NONE', #2358 ) ;
#444 = VERTEX_POINT ( 'NONE', #2310 ) ;
#445 = LINE ( 'NONE', #684, #586 ) ;
#446 = DIRECTION ( 'NONE',  ( 0.000000000000000000, -1.000000000000000000, -1.264902534566421675E-16 ) ) ;
#447 = ORIENTED_EDGE ( 'NONE', *, *, #1149, .T. ) ;
#448 = LINE ( 'NONE', #1891, #1085 ) ;
#449 = EDGE_LOOP ( 'NONE', ( #1295, #1234, #1796, #2892 ) ) ;
#450 = CARTESIAN_POINT ( 'NONE',  ( 38.40773202918477125, 5.000000000000000000, -14.45523921114879506 ) ) ;
#451 = DIRECTION ( 'NONE',  ( 1.000000000000000000, 0.000000000000000000, 0.000000000000000000 ) ) ;
#452 = DIRECTION ( 'NONE',  ( 0.000000000000000000, 1.000000000000000000, 0.000000000000000000 ) ) ;
#453 = VECTOR ( 'NONE', #1684, 1000.000000000000114 ) ;
#454 = CARTESIAN_POINT ( 'NONE',  ( 73.56856969968997362, 21.99999999999999289, -17.61047205650030634 ) ) ;
#455 = DIRECTION ( 'NONE',  ( -0.9063077870366490485, -0.000000000000000000, 0.4226182617407013287 ) ) ;
#456 = FACE_OUTER_BOUND ( 'NONE', #935, .T. ) ;
#457 = ORIENTED_EDGE ( 'NONE', *, *, #2761, .F. ) ;
#458 = DIRECTION ( 'NONE',  ( 0.000000000000000000, -1.662792076335610605E-16, -1.000000000000000000 ) ) ;
#459 = CARTESIAN_POINT ( 'NONE',  ( 36.86700879122247443, 5.000000000000000000, -13.73678816618960674 ) ) ;
#460 = ORIENTED_EDGE ( 'NONE', *, *, #1478, .F. ) ;
#461 = VECTOR ( 'NONE', #260, 1000.000000000000000 ) ;
#462 = EDGE_CURVE ( 'NONE', #1466, #2858, #2374, .T. ) ;
#463 = AXIS2_PLACEMENT_3D ( 'NONE', #407, #1358, #2072 ) ;
#464 = CARTESIAN_POINT ( 'NONE',  ( 18.49999999999999645, 4.000000000000000000, 0.000000000000000000 ) ) ;
#465 = VERTEX_POINT ( 'NONE', #165 ) ;
#466 = ORIENTED_EDGE ( 'NONE', *, *, #666, .F. ) ;
#467 = CARTESIAN_POINT ( 'NONE',  ( 70.17076640164161461, 40.99999999999999289, -29.15624759336969873 ) ) ;
#468 = CARTESIAN_POINT ( 'NONE',  ( 8.507691496095898032, 0.000000000000000000, 18.24480329093787034 ) ) ;
#469 = CARTESIAN_POINT ( 'NONE',  ( 51.19178210486263936, -31.53300858899112669, -84.05402026096922441 ) ) ;
#470 = CARTESIAN_POINT ( 'NONE',  ( 68.85576920709937099, 13.49999999999999822, -15.41285709544865057 ) ) ;
#471 = CARTESIAN_POINT ( 'NONE',  ( 74.35273495961611445, 14.09999999999999964, -13.56262264661300421 ) ) ;
#472 = CARTESIAN_POINT ( 'NONE',  ( 41.12665539029471518, 2.000000000000000000, -15.72309399637090266 ) ) ;
#473 = ORIENTED_EDGE ( 'NONE', *, *, #64, .F. ) ;
#474 = ORIENTED_EDGE ( 'NONE', *, *, #263, .F. ) ;
#475 = DIRECTION ( 'NONE',  ( -9.912705577010324563E-16, 1.000000000000000000, 4.956352788505162282E-16 ) ) ;
#476 = LINE ( 'NONE', #2694, #330 ) ;
#477 = VECTOR ( 'NONE', #546, 1000.000000000000227 ) ;
#478 = ORIENTED_EDGE ( 'NONE', *, *, #2668, .T. ) ;
#479 = EDGE_LOOP ( 'NONE', ( #2731, #107, #2869, #82, #1313, #2707 ) ) ;
#480 = AXIS2_PLACEMENT_3D ( 'NONE', #2084, #2584, #2068 ) ;
#481 = VECTOR ( 'NONE', #1726, 1000.000000000000000 ) ;
#482 = ORIENTED_EDGE ( 'NONE', *, *, #1955, .T. ) ;
#483 = ADVANCED_FACE ( 'NONE', ( #390 ), #115, .F. ) ;
#484 = CARTESIAN_POINT ( 'NONE',  ( 29.34357214459343410, 41.00000000000000000, -2.067405927265921761 ) ) ;
#485 = LINE ( 'NONE', #3111, #2887 ) ;
#486 = FACE_OUTER_BOUND ( 'NONE', #549, .T. ) ;
#487 = LINE ( 'NONE', #180, #1687 ) ;
#488 = FACE_OUTER_BOUND ( 'NONE', #2609, .T. ) ;
#489 = CARTESIAN_POINT ( 'NONE',  ( 70.48712322376535155, 21.99999999999999289, -16.17356996658192259 ) ) ;
#490 = CIRCLE ( 'NONE', #181, 1.699999999999993072 ) ;
#491 = DIRECTION ( 'NONE',  ( 0.9063077870366491595, -0.000000000000000000, -0.4226182617407011621 ) ) ;
#492 = DIRECTION ( 'NONE',  ( -0.4226182617407013842, 0.000000000000000000, -0.9063077870366491595 ) ) ;
#493 = EDGE_CURVE ( 'NONE', #444, #22, #1095, .T. ) ;
#494 = ORIENTED_EDGE ( 'NONE', *, *, #394, .T. ) ;
#495 = ORIENTED_EDGE ( 'NONE', *, *, #813, .F. ) ;
#496 = DIRECTION ( 'NONE',  ( -0.9063077870366489375, 0.000000000000000000, 0.4226182617407014952 ) ) ;
#497 = CARTESIAN_POINT ( 'NONE',  ( 70.18957583902275132, 43.00000000000000000, -31.48211220788733300 ) ) ;
#498 = PLANE ( 'NONE',  #2987 ) ;
#499 = ORIENTED_EDGE ( 'NONE', *, *, #569, .F. ) ;
#500 = LINE ( 'NONE', #454, #1221 ) ;
#501 = ADVANCED_FACE ( 'NONE', ( #1113 ), #2122, .F. ) ;
#502 = FACE_OUTER_BOUND ( 'NONE', #349, .T. ) ;
#503 = DIRECTION ( 'NONE',  ( 0.4226182617407013287, 0.000000000000000000, 0.9063077870366490485 ) ) ;
#504 = VECTOR ( 'NONE', #2835, 1000.000000000000000 ) ;
#505 = DIRECTION ( 'NONE',  ( -0.2988362387301200518, 0.7071067811865485719, -0.6408563820557872104 ) ) ;
#506 = ORIENTED_EDGE ( 'NONE', *, *, #248, .F. ) ;
#507 = VERTEX_POINT ( 'NONE', #147 ) ;
#508 = VECTOR ( 'NONE', #2550, 1000.000000000000227 ) ;
#509 = CARTESIAN_POINT ( 'NONE',  ( 73.71831950869047034, 36.99999999999999289, -13.26678986339451960 ) ) ;
#510 = DIRECTION ( 'NONE',  ( 0.9063077870366491595, 0.000000000000000000, -0.4226182617407009401 ) ) ;
#511 = ORIENTED_EDGE ( 'NONE', *, *, #769, .F. ) ;
#512 = CARTESIAN_POINT ( 'NONE',  ( 13.34357214459343233, 9.500000000000001776, -12.49999999999999645 ) ) ;
#513 = DIRECTION ( 'NONE',  ( -0.4226182617407011621, 0.000000000000000000, -0.9063077870366491595 ) ) ;
#514 = CARTESIAN_POINT ( 'NONE',  ( 50.00000000000000000, 43.00000000000000000, 0.000000000000000000 ) ) ;
#515 = LINE ( 'NONE', #1523, #318 ) ;
#516 = CARTESIAN_POINT ( 'NONE',  ( 43.23974669899822487, 8.000000000000000000, -11.19155506118765864 ) ) ;
#517 = EDGE_CURVE ( 'NONE', #614, #1390, #1823, .T. ) ;
#518 = AXIS2_PLACEMENT_3D ( 'NONE', #1897, #1882, #1403 ) ;
#519 = ORIENTED_EDGE ( 'NONE', *, *, #931, .T. ) ;
#520 = ORIENTED_EDGE ( 'NONE', *, *, #131, .T. ) ;
#521 = VECTOR ( 'NONE', #2975, 1000.000000000000000 ) ;
#522 = VECTOR ( 'NONE', #234, 1000.000000000000000 ) ;
#523 = EDGE_CURVE ( 'NONE', #1223, #2558, #658, .T. ) ;
#524 = ORIENTED_EDGE ( 'NONE', *, *, #1957, .F. ) ;
#525 = FACE_OUTER_BOUND ( 'NONE', #158, .T. ) ;
#526 = DIRECTION ( 'NONE',  ( -0.9063077870366494926, 0.000000000000000000, 0.4226182617407004405 ) ) ;
#527 = ORIENTED_EDGE ( 'NONE', *, *, #952, .T. ) ;
#528 = EDGE_CURVE ( 'NONE', #1180, #1150, #2571, .T. ) ;
#529 = CARTESIAN_POINT ( 'NONE',  ( 20.00000000000000000, 4.000000000000000000, 0.000000000000000000 ) ) ;
#530 = CARTESIAN_POINT ( 'NONE',  ( 68.85576920709937099, 35.50000000000000000, -15.41285709544865234 ) ) ;
#531 = LINE ( 'NONE', #1003, #434 ) ;
#532 = DIRECTION ( 'NONE',  ( -0.9063077870366489375, 0.000000000000000000, 0.4226182617407014952 ) ) ;
#533 = VECTOR ( 'NONE', #628, 1000.000000000000114 ) ;
#534 = DIRECTION ( 'NONE',  ( -0.4226182617407011066, 0.000000000000000000, -0.9063077870366491595 ) ) ;
#535 = VERTEX_POINT ( 'NONE', #1078 ) ;
#536 = VERTEX_POINT ( 'NONE', #2057 ) ;
#537 = CIRCLE ( 'NONE', #2746, 9.999999999999994671 ) ;
#538 = FACE_OUTER_BOUND ( 'NONE', #3122, .T. ) ;
#539 = DIRECTION ( 'NONE',  ( -0.9063077870366489375, 0.000000000000000000, 0.4226182617407014952 ) ) ;
#540 = ORIENTED_EDGE ( 'NONE', *, *, #768, .T. ) ;
#541 = ADVANCED_FACE ( 'NONE', ( #2618 ), #3048, .F. ) ;
#542 = CARTESIAN_POINT ( 'NONE',  ( 29.34357214459343410, 41.00000000000000000, -12.49999999999999645 ) ) ;
#543 = LINE ( 'NONE', #1553, #1352 ) ;
#544 = CARTESIAN_POINT ( 'NONE',  ( 68.85576920709937099, 40.99999999999999289, -15.41285709544865234 ) ) ;
#545 = AXIS2_PLACEMENT_3D ( 'NONE', #3087, #3135, #922 ) ;
#546 = DIRECTION ( 'NONE',  ( -0.4226182617407013287, -0.000000000000000000, -0.9063077870366490485 ) ) ;
#547 = DIRECTION ( 'NONE',  ( -0.4226182617407013287, -0.000000000000000000, -0.9063077870366490485 ) ) ;
#548 = VECTOR ( 'NONE', #1650, 1000.000000000000114 ) ;
#549 = EDGE_LOOP ( 'NONE', ( #2064, #1035, #963, #2695 ) ) ;
#550 = ORIENTED_EDGE ( 'NONE', *, *, #2721, .F. ) ;
#551 = ORIENTED_EDGE ( 'NONE', *, *, #1817, .F. ) ;
#552 = VERTEX_POINT ( 'NONE', #868 ) ;
#553 = DIRECTION ( 'NONE',  ( 0.2988362387301198853, -0.7071067811865487940, 0.6408563820557869883 ) ) ;
#554 = PLANE ( 'NONE',  #3041 ) ;
#555 = VECTOR ( 'NONE', #337, 1000.000000000000000 ) ;
#556 = VERTEX_POINT ( 'NONE', #630 ) ;
#557 = CIRCLE ( 'NONE', #1949, 1.699999999999993072 ) ;
#558 = CARTESIAN_POINT ( 'NONE',  ( 71.12153867469100987, 5.000000000000000000, -16.46940274980040897 ) ) ;
#559 = LINE ( 'NONE', #1688, #934 ) ;
#560 = FACE_OUTER_BOUND ( 'NONE', #936, .T. ) ;
#561 = CARTESIAN_POINT ( 'NONE',  ( 36.86700879122247443, 5.000000000000000000, -13.73678816618960496 ) ) ;
#562 = EDGE_CURVE ( 'NONE', #2679, #2782, #2993, .T. ) ;
#563 = DIRECTION ( 'NONE',  ( -1.991441599360792004E-16, 0.000000000000000000, -1.000000000000000000 ) ) ;
#564 = ORIENTED_EDGE ( 'NONE', *, *, #1265, .T. ) ;
#565 =( GEOMETRIC_REPRESENTATION_CONTEXT ( 3 ) GLOBAL_UNCERTAINTY_ASSIGNED_CONTEXT ( ( #280 ) ) GLOBAL_UNIT_ASSIGNED_CONTEXT ( ( #2763, #3027, #317 ) ) REPRESENTATION_CONTEXT ( 'NONE', 'WORKASPACE' ) );
#566 = VERTEX_POINT ( 'NONE', #321 ) ;
#567 = VERTEX_POINT ( 'NONE', #2433 ) ;
#568 = ORIENTED_EDGE ( 'NONE', *, *, #216, .T. ) ;
#569 = EDGE_CURVE ( 'NONE', #855, #1551, #305, .T. ) ;
#570 = CARTESIAN_POINT ( 'NONE',  ( 71.12153867469100987, 14.09999999999999964, -16.46940274980040897 ) ) ;
#571 = CARTESIAN_POINT ( 'NONE',  ( 37.80189997677833702, 40.99999999999999289, -8.655845490743455883 ) ) ;
#572 = VECTOR ( 'NONE', #287, 1000.000000000000000 ) ;
#573 = ORIENTED_EDGE ( 'NONE', *, *, #2003, .T. ) ;
#574 = ADVANCED_FACE ( 'NONE', ( #2766 ), #2413, .F. ) ;
#575 = EDGE_CURVE ( 'NONE', #2623, #1353, #2450, .T. ) ;
#576 = DIRECTION ( 'NONE',  ( -0.4226182617407015507, -0.000000000000000000, -0.9063077870366490485 ) ) ;
#577 = DIRECTION ( 'NONE',  ( -0.9063077870366491595, 1.905688963191592481E-16, 0.4226182617407013842 ) ) ;
#578 = DIRECTION ( 'NONE',  ( 1.000000000000000000, 0.000000000000000000, 0.000000000000000000 ) ) ;
#579 = DIRECTION ( 'NONE',  ( 0.9063077870366490485, 0.000000000000000000, -0.4226182617407013287 ) ) ;
#580 = EDGE_LOOP ( 'NONE', ( #1304, #1443, #957, #2546, #2595, #2828 ) ) ;
#581 = VECTOR ( 'NONE', #2212, 1000.000000000000114 ) ;
#582 = PLANE ( 'NONE',  #1536 ) ;
#583 = ORIENTED_EDGE ( 'NONE', *, *, #2321, .F. ) ;
#584 = VECTOR ( 'NONE', #230, 1000.000000000000227 ) ;
#585 = ORIENTED_EDGE ( 'NONE', *, *, #2804, .T. ) ;
#586 = VECTOR ( 'NONE', #219, 1000.000000000000000 ) ;
#587 = EDGE_LOOP ( 'NONE', ( #258, #52, #1517, #801 ) ) ;
#588 = ORIENTED_EDGE ( 'NONE', *, *, #3060, .T. ) ;
#589 = DIRECTION ( 'NONE',  ( -0.4226182617407015507, -0.000000000000000000, -0.9063077870366490485 ) ) ;
#590 = ORIENTED_EDGE ( 'NONE', *, *, #413, .F. ) ;
#591 = CARTESIAN_POINT ( 'NONE',  ( 21.50000000000000355, 4.000000000000000000, -96.87214790208498982 ) ) ;
#592 = CARTESIAN_POINT ( 'NONE',  ( 83.17348000902001104, 0.000000000000000000, -15.46904777585785595 ) ) ;
#593 = CARTESIAN_POINT ( 'NONE',  ( 70.66838478117266220, 35.50000000000000000, -16.25809361893005445 ) ) ;
#594 = EDGE_CURVE ( 'NONE', #1480, #217, #631, .T. ) ;
#595 = CARTESIAN_POINT ( 'NONE',  ( 18.00000000000000000, 29.50000000000000000, -8.000000000000000000 ) ) ;
#596 = EDGE_LOOP ( 'NONE', ( #88, #495 ) ) ;
#597 = CARTESIAN_POINT ( 'NONE',  ( 71.09588362605943246, 40.99999999999999289, -31.90473046962806336 ) ) ;
#598 = ADVANCED_FACE ( 'NONE', ( #2023 ), #1720, .F. ) ;
#599 = ORIENTED_EDGE ( 'NONE', *, *, #1996, .T. ) ;
#600 = ORIENTED_EDGE ( 'NONE', *, *, #289, .T. ) ;
#601 = DIRECTION ( 'NONE',  ( -0.9063077870366491595, 0.000000000000000000, 0.4226182617407013842 ) ) ;
#602 = VERTEX_POINT ( 'NONE', #2037 ) ;
#603 = VERTEX_POINT ( 'NONE', #3030 ) ;
#604 = CARTESIAN_POINT ( 'NONE',  ( 46.66024316967937580, -45.67514421272208835, -81.94092895226573603 ) ) ;
#605 = ORIENTED_EDGE ( 'NONE', *, *, #436, .T. ) ;
#606 = FACE_OUTER_BOUND ( 'NONE', #798, .T. ) ;
#607 = DIRECTION ( 'NONE',  ( 0.4226182617407013287, 0.000000000000000000, 0.9063077870366490485 ) ) ;
#608 = CARTESIAN_POINT ( 'NONE',  ( 1.323181046503970393, 0.000000000000000000, 2.837570911314829303 ) ) ;
#609 = AXIS2_PLACEMENT_3D ( 'NONE', #880, #3109, #1679 ) ;
#610 = CARTESIAN_POINT ( 'NONE',  ( 43.23974669899822487, 8.000000000000000000, -11.19155506118765864 ) ) ;
#611 = ORIENTED_EDGE ( 'NONE', *, *, #2328, .F. ) ;
#612 = CARTESIAN_POINT ( 'NONE',  ( 13.34357214459343233, 33.50000000000000000, -12.49999999999999645 ) ) ;
#613 = EDGE_CURVE ( 'NONE', #3007, #765, #559, .T. ) ;
#614 = VERTEX_POINT ( 'NONE', #1061 ) ;
#615 = EDGE_CURVE ( 'NONE', #135, #887, #543, .T. ) ;
#616 = ORIENTED_EDGE ( 'NONE', *, *, #2303, .T. ) ;
#617 = CARTESIAN_POINT ( 'NONE',  ( 72.81201172165381763, 14.09999999999999787, -12.84417160165381588 ) ) ;
#618 = EDGE_CURVE ( 'NONE', #721, #1008, #2995, .T. ) ;
#619 = ORIENTED_EDGE ( 'NONE', *, *, #2236, .T. ) ;
#620 = VERTEX_POINT ( 'NONE', #1936 ) ;
#621 = LINE ( 'NONE', #174, #1568 ) ;
#622 = AXIS2_PLACEMENT_3D ( 'NONE', #773, #2006, #1755 ) ;
#623 = EDGE_CURVE ( 'NONE', #993, #72, #3155, .T. ) ;
#624 = VECTOR ( 'NONE', #2992, 1000.000000000000114 ) ;
#626 = EDGE_CURVE ( 'NONE', #1379, #1448, #1198, .T. ) ;
#625 = DIRECTION ( 'NONE',  ( -0.4226182617407014952, -0.000000000000000000, -0.9063077870366489375 ) ) ;
#627 = DIRECTION ( 'NONE',  ( 0.000000000000000000, 1.000000000000000000, -0.000000000000000000 ) ) ;
#628 = DIRECTION ( 'NONE',  ( -0.4226182617407014952, -0.000000000000000000, -0.9063077870366489375 ) ) ;
#629 = ADVANCED_FACE ( 'NONE', ( #714 ), #1458, .F. ) ;
#630 = CARTESIAN_POINT ( 'NONE',  ( 69.58081543672871305, 5.000000000000000000, -15.75095170484121887 ) ) ;
#631 = CIRCLE ( 'NONE', #2425, 1.700000000000005729 ) ;
#632 = DIRECTION ( 'NONE',  ( 0.000000000000000000, -1.000000000000000000, 0.000000000000000000 ) ) ;
#633 = VERTEX_POINT ( 'NONE', #2191 ) ;
#634 = AXIS2_PLACEMENT_3D ( 'NONE', #509, #226, #740 ) ;
#635 = ORIENTED_EDGE ( 'NONE', *, *, #910, .F. ) ;
#636 = DIRECTION ( 'NONE',  ( 0.4226182617407013287, -0.000000000000000000, 0.9063077870366490485 ) ) ;
#637 = LINE ( 'NONE', #1626, #2098 ) ;
#638 = ORIENTED_EDGE ( 'NONE', *, *, #148, .T. ) ;
#639 = DIRECTION ( 'NONE',  ( -0.9063077870366489375, 0.000000000000000000, 0.4226182617407015507 ) ) ;
#640 = AXIS2_PLACEMENT_3D ( 'NONE', #608, #1062, #835 ) ;
#641 = CIRCLE ( 'NONE', #1730, 9.999999999999994671 ) ;
#642 = DIRECTION ( 'NONE',  ( 1.000000000000000000, 0.000000000000000000, 0.000000000000000000 ) ) ;
#643 = LINE ( 'NONE', #1801, #2168 ) ;
#644 = VECTOR ( 'NONE', #67, 1000.000000000000000 ) ;
#645 = DIRECTION ( 'NONE',  ( 0.2988362387301202183, 0.7071067811865482389, 0.6408563820557875435 ) ) ;
#646 = DIRECTION ( 'NONE',  ( 0.4226182617407013287, 0.000000000000000000, 0.9063077870366490485 ) ) ;
#647 = CARTESIAN_POINT ( 'NONE',  ( 40.33760954722257708, 40.99999999999999289, -3.217998768523487652 ) ) ;
#648 = DIRECTION ( 'NONE',  ( 1.000000000000000000, 0.000000000000000000, 0.000000000000000000 ) ) ;
#649 = EDGE_CURVE ( 'NONE', #1208, #2527, #2675, .T. ) ;
#650 = ORIENTED_EDGE ( 'NONE', *, *, #1636, .F. ) ;
#651 = VERTEX_POINT ( 'NONE', #2504 ) ;
#652 = LINE ( 'NONE', #2610, #1411 ) ;
#653 = FACE_OUTER_BOUND ( 'NONE', #449, .T. ) ;
#654 = ORIENTED_EDGE ( 'NONE', *, *, #1027, .T. ) ;
#655 = LINE ( 'NONE', #2130, #2469 ) ;
#656 = CIRCLE ( 'NONE', #2499, 10.00000000000000355 ) ;
#657 = CARTESIAN_POINT ( 'NONE',  ( 71.39147877754359683, 37.99999999999999289, -9.975010373228755611 ) ) ;
#658 = LINE ( 'NONE', #1648, #2773 ) ;
#659 = CIRCLE ( 'NONE', #2661, 1.999999999999995115 ) ;
#660 = DIRECTION ( 'NONE',  ( -0.4226182617407011066, 0.000000000000000000, -0.9063077870366491595 ) ) ;
#661 = LINE ( 'NONE', #711, #2865 ) ;
#662 = EDGE_CURVE ( 'NONE', #3186, #2959, #218, .T. ) ;
#663 = EDGE_LOOP ( 'NONE', ( #2379, #511, #301, #2965 ) ) ;
#664 = ORIENTED_EDGE ( 'NONE', *, *, #1513, .F. ) ;
#665 = LINE ( 'NONE', #2559, #690 ) ;
#666 = EDGE_CURVE ( 'NONE', #2274, #2959, #79, .T. ) ;
#667 = EDGE_CURVE ( 'NONE', #814, #238, #1476, .T. ) ;
#668 = PLANE ( 'NONE',  #302 ) ;
#669 = ORIENTED_EDGE ( 'NONE', *, *, #3032, .F. ) ;
#670 = CARTESIAN_POINT ( 'NONE',  ( 20.00000000000000000, 38.99999999999999289, 0.000000000000000000 ) ) ;
#671 = EDGE_CURVE ( 'NONE', #2741, #1328, #222, .T. ) ;
#672 = ORIENTED_EDGE ( 'NONE', *, *, #1235, .F. ) ;
#673 = CARTESIAN_POINT ( 'NONE',  ( 21.50000000000000355, 38.99999999999999289, -15.00000000000000000 ) ) ;
#674 = LINE ( 'NONE', #437, #267 ) ;
#675 = ADVANCED_FACE ( 'NONE', ( #972 ), #1202, .F. ) ;
#676 = CIRCLE ( 'NONE', #2110, 1.699999999999993072 ) ;
#677 = CARTESIAN_POINT ( 'NONE',  ( 38.98010009992598413, 38.00000000000000000, -9.205249231006360944 ) ) ;
#678 = ADVANCED_FACE ( 'NONE', ( #2831 ), #1586, .F. ) ;
#679 = CIRCLE ( 'NONE', #2473, 1.500000000000004885 ) ;
#680 = CARTESIAN_POINT ( 'NONE',  ( 29.34357214459343410, 9.500000000000001776, -12.49999999999999645 ) ) ;
#681 = CARTESIAN_POINT ( 'NONE',  ( 74.35273495961611445, 5.000000000000000000, -13.56262264661300421 ) ) ;
#682 = EDGE_LOOP ( 'NONE', ( #3170, #1059, #3028, #2305, #2743, #2925, #2314, #2445, #1973, #336, #635, #1579 ) ) ;
#683 = VERTEX_POINT ( 'NONE', #2567 ) ;
#684 = CARTESIAN_POINT ( 'NONE',  ( 29.34357214459343410, 41.00000000000000000, -12.49999999999999645 ) ) ;
#685 = CYLINDRICAL_SURFACE ( 'NONE', #545, 1.499999999999999556 ) ;
#686 = ORIENTED_EDGE ( 'NONE', *, *, #1188, .F. ) ;
#687 = DIRECTION ( 'NONE',  ( 0.4226182617407012176, 0.000000000000000000, 0.9063077870366492705 ) ) ;
#688 = AXIS2_PLACEMENT_3D ( 'NONE', #2685, #1694, #2926 ) ;
#689 = ORIENTED_EDGE ( 'NONE', *, *, #2436, .F. ) ;
#690 = VECTOR ( 'NONE', #636, 1000.000000000000114 ) ;
#691 = CYLINDRICAL_SURFACE ( 'NONE', #1252, 1.699999999999992406 ) ;
#692 = SURFACE_STYLE_FILL_AREA ( #1695 ) ;
#693 = CARTESIAN_POINT ( 'NONE',  ( 75.19992371635592576, 11.50000000000000000, -18.37118492763356414 ) ) ;
#694 = LINE ( 'NONE', #2650, #1115 ) ;
#695 = AXIS2_PLACEMENT_3D ( 'NONE', #2252, #1764, #763 ) ;
#696 = CARTESIAN_POINT ( 'NONE',  ( 51.19178210486262515, -31.53300858899112669, -84.05402026096923862 ) ) ;
#697 = DIRECTION ( 'NONE',  ( 0.4226182617407013842, -0.000000000000000000, 0.9063077870366491595 ) ) ;
#698 = ADVANCED_FACE ( 'NONE', ( #1820 ), #63, .F. ) ;
#699 = ORIENTED_EDGE ( 'NONE', *, *, #1193, .T. ) ;
#700 = CARTESIAN_POINT ( 'NONE',  ( 72.24547431399443553, -3.573304400956208182E-15, -38.90423161620805814 ) ) ;
#701 = ADVANCED_FACE ( 'NONE', ( #1865 ), #1833, .F. ) ;
#702 = CARTESIAN_POINT ( 'NONE',  ( 61.90578264543638909, 37.99999999999999289, -6.655135542858397812 ) ) ;
#703 = ORIENTED_EDGE ( 'NONE', *, *, #2376, .T. ) ;
#704 = VECTOR ( 'NONE', #2159, 1000.000000000000227 ) ;
#705 = ORIENTED_EDGE ( 'NONE', *, *, #2903, .F. ) ;
#706 = PLANE ( 'NONE',  #688 ) ;
#707 = CARTESIAN_POINT ( 'NONE',  ( 71.12153867469100987, 5.000000000000000000, -16.46940274980040897 ) ) ;
#708 = AXIS2_PLACEMENT_3D ( 'NONE', #1852, #632, #1620 ) ;
#709 = CARTESIAN_POINT ( 'NONE',  ( 70.96886051580288779, 37.99999999999999289, -10.88131816026541365 ) ) ;
#710 = DIRECTION ( 'NONE',  ( 0.000000000000000000, -1.000000000000000000, 0.000000000000000000 ) ) ;
#711 = CARTESIAN_POINT ( 'NONE',  ( 75.19992371635592576, 7.500000000000000000, -18.37118492763356414 ) ) ;
#712 = ORIENTED_EDGE ( 'NONE', *, *, #1091, .T. ) ;
#713 = ORIENTED_EDGE ( 'NONE', *, *, #2421, .F. ) ;
#714 = FACE_OUTER_BOUND ( 'NONE', #136, .T. ) ;
#715 = EDGE_CURVE ( 'NONE', #2386, #1480, #2846, .T. ) ;
#716 = DIRECTION ( 'NONE',  ( 0.000000000000000000, -1.662792076335610605E-16, -1.000000000000000000 ) ) ;
#717 = AXIS2_PLACEMENT_3D ( 'NONE', #1912, #2131, #2164 ) ;
#718 = ADVANCED_FACE ( 'NONE', ( #820 ), #162, .F. ) ;
#719 = VECTOR ( 'NONE', #3066, 1000.000000000000000 ) ;
#720 = ORIENTED_EDGE ( 'NONE', *, *, #3090, .F. ) ;
#721 = VERTEX_POINT ( 'NONE', #592 ) ;
#722 = ADVANCED_FACE ( 'NONE', ( #1076, #1849 ), #2292, .F. ) ;
#723 = ORIENTED_EDGE ( 'NONE', *, *, #2608, .F. ) ;
#724 = CARTESIAN_POINT ( 'NONE',  ( 70.66838478117266220, 5.500000000000000000, -16.25809361893005089 ) ) ;
#725 = DIRECTION ( 'NONE',  ( 0.9063077870366489375, -0.000000000000000000, -0.4226182617407014952 ) ) ;
#726 = CARTESIAN_POINT ( 'NONE',  ( 0.000000000000000000, 0.000000000000000000, 0.000000000000000000 ) ) ;
#727 = CARTESIAN_POINT ( 'NONE',  ( 71.98338197571490582, 2.000000000000000000, -30.00148411685109551 ) ) ;
#728 = EDGE_CURVE ( 'NONE', #1163, #925, #354, .T. ) ;
#729 = CARTESIAN_POINT ( 'NONE',  ( 18.49999999999999645, 38.99999999999999289, 0.000000000000000000 ) ) ;
#730 = CARTESIAN_POINT ( 'NONE',  ( 40.52082333788828095, 38.00000000000000000, -9.923700275965552819 ) ) ;
#731 = EDGE_CURVE ( 'NONE', #633, #2623, #1141, .T. ) ;
#732 = CIRCLE ( 'NONE', #2211, 1.699999999999993072 ) ;
#733 = DIRECTION ( 'NONE',  ( -0.9063077870366482713, 0.000000000000000000, 0.4226182617407031605 ) ) ;
#734 = CARTESIAN_POINT ( 'NONE',  ( 46.66024316967939001, 74.53300858899112313, -81.94092895226567919 ) ) ;
#735 = VECTOR ( 'NONE', #17, 1000.000000000000000 ) ;
#736 = ORIENTED_EDGE ( 'NONE', *, *, #1385, .F. ) ;
#737 = ORIENTED_EDGE ( 'NONE', *, *, #2133, .T. ) ;
#738 = EDGE_CURVE ( 'NONE', #925, #1021, #1616, .T. ) ;
#739 = AXIS2_PLACEMENT_3D ( 'NONE', #724, #980, #269 ) ;
#740 = DIRECTION ( 'NONE',  ( 0.9063077870366489375, 0.000000000000000000, -0.4226182617407014952 ) ) ;
#741 = DIRECTION ( 'NONE',  ( 0.4226182617407009956, -0.000000000000000000, 0.9063077870366492705 ) ) ;
#742 = CARTESIAN_POINT ( 'NONE',  ( 71.27128848369152081, 5.000000000000000000, -12.12572055669462401 ) ) ;
#743 = ORIENTED_EDGE ( 'NONE', *, *, #2188, .T. ) ;
#744 = AXIS2_PLACEMENT_3D ( 'NONE', #617, #378, #1873 ) ;
#745 = FACE_OUTER_BOUND ( 'NONE', #828, .T. ) ;
#746 = CARTESIAN_POINT ( 'NONE',  ( 13.34357214459343233, 9.500000000000001776, -12.49999999999999645 ) ) ;
#747 = DIRECTION ( 'NONE',  ( 0.9063077870366491595, 0.000000000000000000, -0.4226182617407009401 ) ) ;
#748 = VECTOR ( 'NONE', #2175, 1000.000000000000000 ) ;
#749 = ADVANCED_FACE ( 'NONE', ( #1125 ), #2055, .F. ) ;
#750 = LINE ( 'NONE', #1165, #1312 ) ;
#751 = ORIENTED_EDGE ( 'NONE', *, *, #1069, .T. ) ;
#752 = ORIENTED_EDGE ( 'NONE', *, *, #1242, .T. ) ;
#753 = ORIENTED_EDGE ( 'NONE', *, *, #385, .T. ) ;
#754 = DIRECTION ( 'NONE',  ( 1.991441599360792004E-16, -0.000000000000000000, 1.000000000000000000 ) ) ;
#755 = LINE ( 'NONE', #1254, #2278 ) ;
#756 = DIRECTION ( 'NONE',  ( -0.000000000000000000, 1.000000000000000000, -1.260655995395723336E-16 ) ) ;
#757 = EDGE_LOOP ( 'NONE', ( #1332, #1660, #2630, #2028 ) ) ;
#758 = CARTESIAN_POINT ( 'NONE',  ( 72.24547431399442132, -10.00000000000000178, -38.90423161620805104 ) ) ;
#759 = PLANE ( 'NONE',  #866 ) ;
#760 = PLANE ( 'NONE',  #2330 ) ;
#761 = EDGE_CURVE ( 'NONE', #1021, #239, #643, .T. ) ;
#762 = DIRECTION ( 'NONE',  ( -0.9063077870366491595, 0.000000000000000000, 0.4226182617407011621 ) ) ;
#763 = DIRECTION ( 'NONE',  ( 0.4226182617407008291, -6.938893903907226405E-16, 0.9063077870366493816 ) ) ;
#764 = ADVANCED_FACE ( 'NONE', ( #3093 ), #881, .T. ) ;
#765 = VERTEX_POINT ( 'NONE', #3064 ) ;
#766 = ORIENTED_EDGE ( 'NONE', *, *, #168, .F. ) ;
#767 = VECTOR ( 'NONE', #1661, 1000.000000000000000 ) ;
#768 = EDGE_CURVE ( 'NONE', #603, #2091, #2578, .T. ) ;
#769 = EDGE_CURVE ( 'NONE', #3088, #1737, #2817, .T. ) ;
#770 = VERTEX_POINT ( 'NONE', #3045 ) ;
#771 = LINE ( 'NONE', #1011, #481 ) ;
#772 = DIRECTION ( 'NONE',  ( 1.000000000000000000, 0.000000000000000000, 0.000000000000000000 ) ) ;
#773 = CARTESIAN_POINT ( 'NONE',  ( 0.000000000000000000, 0.000000000000000000, 0.000000000000000000 ) ) ;
#774 = ORIENTED_EDGE ( 'NONE', *, *, #3052, .T. ) ;
#775 = FACE_OUTER_BOUND ( 'NONE', #2160, .T. ) ;
#776 = CARTESIAN_POINT ( 'NONE',  ( 70.18957583902275132, 0.000000000000000000, -31.48211220788733300 ) ) ;
#777 = CARTESIAN_POINT ( 'NONE',  ( 69.58081543672871305, 14.09999999999999964, -15.75095170484121887 ) ) ;
#778 = DIRECTION ( 'NONE',  ( -0.2988362387301193857, 0.7071067811865519026, -0.6408563820557839907 ) ) ;
#779 = CARTESIAN_POINT ( 'NONE',  ( 51.19178210486263936, 74.53300858899110892, -84.05402026096919599 ) ) ;
#780 = VERTEX_POINT ( 'NONE', #1323 ) ;
#781 = ORIENTED_EDGE ( 'NONE', *, *, #2455, .F. ) ;
#782 = AXIS2_PLACEMENT_3D ( 'NONE', #3015, #1217, #2935 ) ;
#783 = ORIENTED_EDGE ( 'NONE', *, *, #2508, .T. ) ;
#784 = AXIS2_PLACEMENT_3D ( 'NONE', #1601, #627, #1093 ) ;
#785 = CARTESIAN_POINT ( 'NONE',  ( 0.000000000000000000, 43.00000000000000000, 0.000000000000000000 ) ) ;
#786 = DIRECTION ( 'NONE',  ( -0.9063077870366491595, 0.000000000000000000, 0.4226182617407011066 ) ) ;
#787 = ORIENTED_EDGE ( 'NONE', *, *, #1199, .T. ) ;
#788 = VECTOR ( 'NONE', #3158, 1000.000000000000227 ) ;
#789 = DIRECTION ( 'NONE',  ( 0.9063077870366494926, -0.000000000000000000, -0.4226182617407004405 ) ) ;
#790 = CARTESIAN_POINT ( 'NONE',  ( 72.02784646172766259, 21.99999999999999289, -16.89202101154111446 ) ) ;
#791 = MANIFOLD_SOLID_BREP ( '\X2\00d8\X0\3.4 (3.4) Durchmesser Bohrung2', #2251 ) ;
#792 = PLANE ( 'NONE',  #1257 ) ;
#793 = CARTESIAN_POINT ( 'NONE',  ( 48.20341971756141675, -38.60407640085661285, -90.46258408152711183 ) ) ;
#794 = CARTESIAN_POINT ( 'NONE',  ( 0.000000000000000000, 43.00000000000000000, 0.000000000000000000 ) ) ;
#795 = ORIENTED_EDGE ( 'NONE', *, *, #142, .T. ) ;
#796 = ORIENTED_EDGE ( 'NONE', *, *, #1957, .T. ) ;
#797 = AXIS2_PLACEMENT_3D ( 'NONE', #2984, #1005, #2042 ) ;
#798 = EDGE_LOOP ( 'NONE', ( #2239, #2411, #1678, #2512, #2111, #1007, #585, #2125, #1674, #1263, #2272, #583, #466, #1053, #752, #73 ) ) ;
#799 = PLANE ( 'NONE',  #1044 ) ;
#800 = APPLICATION_PROTOCOL_DEFINITION ( 'draft international standard', 'automotive_design', 1998, #2821 ) ;
#801 = ORIENTED_EDGE ( 'NONE', *, *, #2901, .T. ) ;
#802 = DIRECTION ( 'NONE',  ( 0.4226182617407009956, -0.000000000000000000, 0.9063077870366492705 ) ) ;
#803 = DIRECTION ( 'NONE',  ( -0.4226182617407001629, -1.381902367867470391E-16, -0.9063077870366497146 ) ) ;
#804 = DIRECTION ( 'NONE',  ( 0.000000000000000000, 1.000000000000000000, 0.000000000000000000 ) ) ;
#805 = VECTOR ( 'NONE', #2169, 1000.000000000000000 ) ;
#806 = DIRECTION ( 'NONE',  ( 0.000000000000000000, 0.000000000000000000, 1.000000000000000000 ) ) ;
#807 = CARTESIAN_POINT ( 'NONE',  ( 35.68880866807483443, 40.99999999999999289, -13.18738442592669990 ) ) ;
#808 = VECTOR ( 'NONE', #1215, 1000.000000000000114 ) ;
#809 = VERTEX_POINT ( 'NONE', #2324 ) ;
#810 = ORIENTED_EDGE ( 'NONE', *, *, #1979, .T. ) ;
#811 = EDGE_LOOP ( 'NONE', ( #2534, #1567, #1638, #751, #2126, #2628, #2178, #1900 ) ) ;
#812 = EDGE_CURVE ( 'NONE', #567, #1233, #2423, .T. ) ;
#813 = EDGE_CURVE ( 'NONE', #2078, #433, #679, .T. ) ;
#814 = VERTEX_POINT ( 'NONE', #1401 ) ;
#815 = VERTEX_POINT ( 'NONE', #2372 ) ;
#816 = EDGE_CURVE ( 'NONE', #2971, #633, #1451, .T. ) ;
#817 = CARTESIAN_POINT ( 'NONE',  ( 34.84357214459343055, 41.00000000000000000, -15.00000000000000000 ) ) ;
#818 = ORIENTED_EDGE ( 'NONE', *, *, #2349, .F. ) ;
#819 = DIRECTION ( 'NONE',  ( -0.4226182617407015507, -0.000000000000000000, -0.9063077870366490485 ) ) ;
#820 = FACE_OUTER_BOUND ( 'NONE', #1207, .T. ) ;
#821 = DIRECTION ( 'NONE',  ( -0.4226182617407014952, -0.000000000000000000, -0.9063077870366489375 ) ) ;
#822 = DIRECTION ( 'NONE',  ( 0.9063077870366494926, -0.000000000000000000, -0.4226182617407004405 ) ) ;
#823 = DIRECTION ( 'NONE',  ( 1.000000000000000000, 0.000000000000000000, 0.000000000000000000 ) ) ;
#824 = EDGE_LOOP ( 'NONE', ( #2855, #551, #342, #2986 ) ) ;
#825 = AXIS2_PLACEMENT_3D ( 'NONE', #1438, #1161, #2409 ) ;
#826 = VERTEX_POINT ( 'NONE', #179 ) ;
#827 = CIRCLE ( 'NONE', #1659, 1.999999999999995115 ) ;
#828 = EDGE_LOOP ( 'NONE', ( #2572, #108, #2516, #2155, #2776, #2919, #1181, #1526 ) ) ;
#829 = ORIENTED_EDGE ( 'NONE', *, *, #2236, .F. ) ;
#830 = PLANE ( 'NONE',  #2271 ) ;
#831 = EDGE_CURVE ( 'NONE', #765, #651, #2863, .T. ) ;
#832 = ORIENTED_EDGE ( 'NONE', *, *, #1099, .F. ) ;
#833 = DIRECTION ( 'NONE',  ( -0.9063077870366500477, 0.000000000000000000, 0.4226182617406991637 ) ) ;
#834 = DIRECTION ( 'NONE',  ( -0.4226182617407014952, -0.000000000000000000, -0.9063077870366489375 ) ) ;
#835 = DIRECTION ( 'NONE',  ( -0.9063077870366490485, 0.000000000000000000, 0.4226182617407012732 ) ) ;
#836 = ADVANCED_FACE ( 'NONE', ( #1662 ), #1433, .T. ) ;
#837 = DIRECTION ( 'NONE',  ( -0.000000000000000000, 1.000000000000000000, -0.000000000000000000 ) ) ;
#838 = DIRECTION ( 'NONE',  ( -0.4226182617407011066, 0.000000000000000000, -0.9063077870366491595 ) ) ;
#839 = VERTEX_POINT ( 'NONE', #2406 ) ;
#840 = AXIS2_PLACEMENT_3D ( 'NONE', #290, #62, #1030 ) ;
#841 = ORIENTED_EDGE ( 'NONE', *, *, #2722, .F. ) ;
#842 = LINE ( 'NONE', #1624, #1361 ) ;
#843 = ORIENTED_EDGE ( 'NONE', *, *, #2608, .T. ) ;
#844 = VERTEX_POINT ( 'NONE', #2927 ) ;
#845 = DIRECTION ( 'NONE',  ( 1.000000000000000000, 0.000000000000000000, -0.000000000000000000 ) ) ;
#846 = ORIENTED_EDGE ( 'NONE', *, *, #858, .F. ) ;
#847 = EDGE_CURVE ( 'NONE', #1769, #2549, #2878, .T. ) ;
#848 = CARTESIAN_POINT ( 'NONE',  ( 40.95251227750345890, 4.999999999999998224, -8.997940357453371618 ) ) ;
#849 = CARTESIAN_POINT ( 'NONE',  ( 72.02784646172766259, 36.99999999999999289, -16.89202101154111446 ) ) ;
#850 = LINE ( 'NONE', #1834, #1518 ) ;
#851 = CARTESIAN_POINT ( 'NONE',  ( 75.19992371635592576, 7.500000000000000000, -18.37118492763356414 ) ) ;
#852 = PRODUCT_RELATED_PRODUCT_CATEGORY ( 'part', '', ( #2684 ) ) ;
#853 = DIRECTION ( 'NONE',  ( -0.4226182617407015507, 0.000000000000000000, -0.9063077870366490485 ) ) ;
#854 = ORIENTED_EDGE ( 'NONE', *, *, #54, .T. ) ;
#855 = VERTEX_POINT ( 'NONE', #1469 ) ;
#856 = CARTESIAN_POINT ( 'NONE',  ( 71.98338197571490582, 40.99999999999999289, -30.00148411685110261 ) ) ;
#857 = VECTOR ( 'NONE', #1456, 1000.000000000000114 ) ;
#858 = EDGE_CURVE ( 'NONE', #887, #424, #827, .T. ) ;
#859 = ORIENTED_EDGE ( 'NONE', *, *, #974, .T. ) ;
#860 = ORIENTED_EDGE ( 'NONE', *, *, #1677, .T. ) ;
#861 = ADVANCED_FACE ( 'NONE', ( #2165 ), #2390, .T. ) ;
#862 = CARTESIAN_POINT ( 'NONE',  ( 71.39105615928184534, 37.99999999999999289, -9.975916681015792875 ) ) ;
#863 = CARTESIAN_POINT ( 'NONE',  ( 0.000000000000000000, 0.000000000000000000, -14.99999999999999289 ) ) ;
#864 = DIRECTION ( 'NONE',  ( -0.9063077870366500477, 0.000000000000000000, 0.4226182617406991637 ) ) ;
#865 = LINE ( 'NONE', #1094, #2952 ) ;
#866 = AXIS2_PLACEMENT_3D ( 'NONE', #1214, #2994, #2186 ) ;
#867 = VECTOR ( 'NONE', #3113, 1000.000000000000000 ) ;
#868 = CARTESIAN_POINT ( 'NONE',  ( 72.24547431399442132, 43.00000000000000000, -38.90423161620806525 ) ) ;
#869 = VERTEX_POINT ( 'NONE', #2686 ) ;
#870 = PLANE ( 'NONE',  #708 ) ;
#871 = ORIENTED_EDGE ( 'NONE', *, *, #1199, .F. ) ;
#872 = ORIENTED_EDGE ( 'NONE', *, *, #878, .T. ) ;
#873 = DIRECTION ( 'NONE',  ( 0.000000000000000000, -1.000000000000000000, 0.000000000000000000 ) ) ;
#874 = DIRECTION ( 'NONE',  ( -0.4226182617407006070, -0.000000000000000000, -0.9063077870366493816 ) ) ;
#875 = ORIENTED_EDGE ( 'NONE', *, *, #2468, .F. ) ;
#876 = CARTESIAN_POINT ( 'NONE',  ( 0.000000000000000000, 43.00000000000000000, 0.000000000000000000 ) ) ;
#877 = AXIS2_PLACEMENT_3D ( 'NONE', #2915, #710, #1699 ) ;
#878 = EDGE_CURVE ( 'NONE', #2045, #2172, #485, .T. ) ;
#879 = VECTOR ( 'NONE', #532, 1000.000000000000114 ) ;
#880 = CARTESIAN_POINT ( 'NONE',  ( 8.085073234355183658, 0.000000000000000000, 17.33849550390120697 ) ) ;
#881 = PLANE ( 'NONE',  #2267 ) ;
#882 = CYLINDRICAL_SURFACE ( 'NONE', #2902, 1.500000000000004885 ) ;
#883 = CARTESIAN_POINT ( 'NONE',  ( 18.00000000000000000, 29.50000000000000000, -8.000000000000000000 ) ) ;
#884 = AXIS2_PLACEMENT_3D ( 'NONE', #849, #2599, #1570 ) ;
#885 = DIRECTION ( 'NONE',  ( -0.9063077870366489375, 0.000000000000000000, 0.4226182617407014952 ) ) ;
#886 = DIRECTION ( 'NONE',  ( -1.000000000000000000, -0.000000000000000000, -0.000000000000000000 ) ) ;
#887 = VERTEX_POINT ( 'NONE', #896 ) ;
#888 = AXIS2_PLACEMENT_3D ( 'NONE', #123, #1367, #401 ) ;
#889 = ORIENTED_EDGE ( 'NONE', *, *, #961, .F. ) ;
#890 = CARTESIAN_POINT ( 'NONE',  ( 18.49999999999999645, 38.99999999999999289, -15.00000000000000000 ) ) ;
#891 = DIRECTION ( 'NONE',  ( 0.4226182617407004405, 0.000000000000000000, 0.9063077870366494926 ) ) ;
#892 = EDGE_LOOP ( 'NONE', ( #191, #233, #3117, #2777, #2775, #1686 ) ) ;
#893 = DIRECTION ( 'NONE',  ( 0.9063077870366491595, 0.000000000000000000, -0.4226182617407009401 ) ) ;
#894 = VECTOR ( 'NONE', #1483, 1000.000000000000227 ) ;
#895 = CARTESIAN_POINT ( 'NONE',  ( 70.18957583902275132, 43.00000000000000000, -31.48211220788733300 ) ) ;
#896 = CARTESIAN_POINT ( 'NONE',  ( 68.85576920709935678, 23.49999999999999645, -15.41285709544864702 ) ) ;
#897 = DIRECTION ( 'NONE',  ( -0.9063077870366482713, 0.000000000000000000, 0.4226182617407031605 ) ) ;
#898 = EDGE_CURVE ( 'NONE', #2793, #2189, #674, .T. ) ;
#899 = LINE ( 'NONE', #1836, #2101 ) ;
#900 = CARTESIAN_POINT ( 'NONE',  ( 36.86700879122248153, 38.00000000000000000, -13.73678816618961029 ) ) ;
#901 = DIRECTION ( 'NONE',  ( -0.000000000000000000, -1.000000000000000000, -0.000000000000000000 ) ) ;
#902 = ORIENTED_EDGE ( 'NONE', *, *, #101, .T. ) ;
#903 = ORIENTED_EDGE ( 'NONE', *, *, #2768, .T. ) ;
#904 = FACE_OUTER_BOUND ( 'NONE', #3075, .T. ) ;
#905 = EDGE_CURVE ( 'NONE', #443, #620, #1417, .T. ) ;
#906 = CARTESIAN_POINT ( 'NONE',  ( 68.85576920709937099, 2.000000000000000000, -15.41285709544865234 ) ) ;
#907 = ORIENTED_EDGE ( 'NONE', *, *, #1049, .F. ) ;
#908 = DIRECTION ( 'NONE',  ( -1.991441599360792004E-16, 0.000000000000000000, -1.000000000000000000 ) ) ;
#909 = ADVANCED_FACE ( 'NONE', ( #2150 ), #2944, .F. ) ;
#910 = EDGE_CURVE ( 'NONE', #220, #3005, #1498, .T. ) ;
#911 = VECTOR ( 'NONE', #2345, 1000.000000000000000 ) ;
#912 = ORIENTED_EDGE ( 'NONE', *, *, #666, .T. ) ;
#913 = CARTESIAN_POINT ( 'NONE',  ( 34.84357214459343055, 43.00000000000000000, -15.00000000000000000 ) ) ;
#914 = FILL_AREA_STYLE_COLOUR ( '', #1200 ) ;
#915 = CARTESIAN_POINT ( 'NONE',  ( 0.000000000000000000, 43.00000000000000000, 0.000000000000000000 ) ) ;
#916 = AXIS2_PLACEMENT_3D ( 'NONE', #1172, #386, #1432 ) ;
#917 = CARTESIAN_POINT ( 'NONE',  ( 0.000000000000000000, 29.50000000000000000, -8.000000000000000000 ) ) ;
#918 = DIRECTION ( 'NONE',  ( 1.000000000000000000, 0.000000000000000000, 0.000000000000000000 ) ) ;
#919 = ORIENTED_EDGE ( 'NONE', *, *, #1240, .F. ) ;
#920 = ORIENTED_EDGE ( 'NONE', *, *, #1340, .F. ) ;
#921 = CARTESIAN_POINT ( 'NONE',  ( 78.64194107383676169, 43.00000000000000000, -13.35595646715435514 ) ) ;
#922 = DIRECTION ( 'NONE',  ( 1.000000000000000000, 0.000000000000000000, 0.000000000000000000 ) ) ;
#923 = EDGE_LOOP ( 'NONE', ( #846, #2991, #1010, #1885 ) ) ;
#924 = LINE ( 'NONE', #2387, #2938 ) ;
#925 = VERTEX_POINT ( 'NONE', #1962 ) ;
#926 = EDGE_CURVE ( 'NONE', #3184, #1511, #2714, .T. ) ;
#927 = CARTESIAN_POINT ( 'NONE',  ( 71.09588362605943246, 2.000000000000001332, -31.90473046962806336 ) ) ;
#928 = PLANE ( 'NONE',  #2467 ) ;
#929 = FACE_OUTER_BOUND ( 'NONE', #682, .T. ) ;
#930 = AXIS2_PLACEMENT_3D ( 'NONE', #497, #741, #510 ) ;
#931 = EDGE_CURVE ( 'NONE', #22, #536, #2730, .T. ) ;
#932 = DIRECTION ( 'NONE',  ( -0.9063077870366486044, 0.000000000000000000, 0.4226182617407023279 ) ) ;
#933 = DIRECTION ( 'NONE',  ( -0.000000000000000000, -0.000000000000000000, 1.000000000000000000 ) ) ;
#934 = VECTOR ( 'NONE', #2010, 1000.000000000000227 ) ;
#935 = EDGE_LOOP ( 'NONE', ( #2889, #2644, #311, #473 ) ) ;
#936 = EDGE_LOOP ( 'NONE', ( #1956, #2319, #2654, #1441 ) ) ;
#937 = DIRECTION ( 'NONE',  ( -0.9063077870366490485, -0.000000000000000000, 0.4226182617407013287 ) ) ;
#938 = PLANE ( 'NONE',  #291 ) ;
#939 = ORIENTED_EDGE ( 'NONE', *, *, #2958, .T. ) ;
#940 = DIRECTION ( 'NONE',  ( -0.4226182617407013287, -0.000000000000000000, -0.9063077870366490485 ) ) ;
#941 = ORIENTED_EDGE ( 'NONE', *, *, #2617, .T. ) ;
#942 = AXIS2_PLACEMENT_3D ( 'NONE', #426, #1609, #2112 ) ;
#943 = CARTESIAN_POINT ( 'NONE',  ( 69.58081543672871305, 14.09999999999999964, -15.75095170484121887 ) ) ;
#944 = DIRECTION ( 'NONE',  ( -0.4226182617407015507, -0.000000000000000000, -0.9063077870366490485 ) ) ;
#945 = CARTESIAN_POINT ( 'NONE',  ( 29.34357214459343410, 9.500000000000003553, -2.067405927265924870 ) ) ;
#946 = EDGE_CURVE ( 'NONE', #1472, #2875, #256, .T. ) ;
#947 = FACE_BOUND ( 'NONE', #1347, .T. ) ;
#948 = CONICAL_SURFACE ( 'NONE', #1692, 1.700000000000000400, 1.029744258676654534 ) ;
#949 = FACE_OUTER_BOUND ( 'NONE', #663, .T. ) ;
#950 = DIRECTION ( 'NONE',  ( 0.5591929034707435742, 1.049727191138617463E-16, -0.8290375725550438446 ) ) ;
#951 = ORIENTED_EDGE ( 'NONE', *, *, #289, .F. ) ;
#952 = EDGE_CURVE ( 'NONE', #2417, #1511, #2457, .T. ) ;
#953 = EDGE_CURVE ( 'NONE', #3020, #28, #755, .T. ) ;
#954 = ORIENTED_EDGE ( 'NONE', *, *, #528, .T. ) ;
#955 = CARTESIAN_POINT ( 'NONE',  ( 41.12665539029472228, 40.99999999999999289, -15.72309399637090621 ) ) ;
#956 = CARTESIAN_POINT ( 'NONE',  ( 70.54624225406217874, 13.49999999999999822, -11.78762594730206281 ) ) ;
#957 = ORIENTED_EDGE ( 'NONE', *, *, #615, .T. ) ;
#958 = ORIENTED_EDGE ( 'NONE', *, *, #1979, .F. ) ;
#959 = ORIENTED_EDGE ( 'NONE', *, *, #2207, .F. ) ;
#960 = ADVANCED_FACE ( 'NONE', ( #2471 ), #25, .F. ) ;
#961 = EDGE_CURVE ( 'NONE', #2827, #2148, #996, .T. ) ;
#962 = ADVANCED_FACE ( 'NONE', ( #2200 ), #3188, .F. ) ;
#963 = ORIENTED_EDGE ( 'NONE', *, *, #2711, .F. ) ;
#964 = CARTESIAN_POINT ( 'NONE',  ( 0.000000000000000000, 29.50000000000000000, 0.000000000000000000 ) ) ;
#965 =( LENGTH_UNIT ( ) NAMED_UNIT ( * ) SI_UNIT ( .MILLI., .METRE. ) );
#966 = CARTESIAN_POINT ( 'NONE',  ( 20.00000000000000000, 38.99999999999999289, -15.00000000000000000 ) ) ;
#967 = VECTOR ( 'NONE', #747, 1000.000000000000114 ) ;
#968 = LINE ( 'NONE', #3143, #3071 ) ;
#969 = DIRECTION ( 'NONE',  ( -0.9063077870366491595, 0.000000000000000000, 0.4226182617407011621 ) ) ;
#970 = LINE ( 'NONE', #2377, #2709 ) ;
#971 = ORIENTED_EDGE ( 'NONE', *, *, #2710, .T. ) ;
#972 = FACE_OUTER_BOUND ( 'NONE', #2049, .T. ) ;
#973 = DIRECTION ( 'NONE',  ( 0.4226182617407013842, 0.000000000000000000, 0.9063077870366491595 ) ) ;
#974 = EDGE_CURVE ( 'NONE', #2274, #507, #1735, .T. ) ;
#975 = VECTOR ( 'NONE', #1259, 1000.000000000000000 ) ;
#976 = AXIS2_PLACEMENT_3D ( 'NONE', #2788, #65, #579 ) ;
#977 = EDGE_LOOP ( 'NONE', ( #2923, #1563, #1950, #2579, #3068, #2934, #1825, #2007 ) ) ;
#978 = ORIENTED_EDGE ( 'NONE', *, *, #1394, .T. ) ;
#979 = EDGE_LOOP ( 'NONE', ( #568, #499, #2885, #2547 ) ) ;
#980 = DIRECTION ( 'NONE',  ( -0.4226182617407015507, 0.000000000000000000, -0.9063077870366490485 ) ) ;
#981 = CARTESIAN_POINT ( 'NONE',  ( 71.09588362605943246, 40.99999999999999289, -31.90473046962806336 ) ) ;
#982 = LINE ( 'NONE', #1944, #1032 ) ;
#983 = EDGE_LOOP ( 'NONE', ( #2193, #1342, #2541, #638 ) ) ;
#984 = CIRCLE ( 'NONE', #1346, 1.500000000000004885 ) ;
#985 = EDGE_CURVE ( 'NONE', #826, #814, #1218, .T. ) ;
#986 = LINE ( 'NONE', #2947, #1139 ) ;
#987 = DIRECTION ( 'NONE',  ( -0.9063077870366484934, 0.000000000000000000, 0.4226182617407026609 ) ) ;
#988 = CARTESIAN_POINT ( 'NONE',  ( 40.68351839507698742, 74.53300858899113734, -94.75805659338146825 ) ) ;
#989 = AXIS2_PLACEMENT_3D ( 'NONE', #160, #2116, #3107 ) ;
#990 = MECHANICAL_DESIGN_GEOMETRIC_PRESENTATION_REPRESENTATION (  '', ( #2997 ), #421 ) ;
#991 = DIRECTION ( 'NONE',  ( 0.4226182617407004405, -0.000000000000000000, 0.9063077870366494926 ) ) ;
#992 = VERTEX_POINT ( 'NONE', #3168 ) ;
#993 = VERTEX_POINT ( 'NONE', #956 ) ;
#994 = VECTOR ( 'NONE', #3040, 1000.000000000000000 ) ;
#995 = LINE ( 'NONE', #1739, #581 ) ;
#996 = LINE ( 'NONE', #1990, #2697 ) ;
#997 = PLANE ( 'NONE',  #1501 ) ;
#998 = VERTEX_POINT ( 'NONE', #459 ) ;
#999 = VECTOR ( 'NONE', #821, 1000.000000000000114 ) ;
#1000 = CARTESIAN_POINT ( 'NONE',  ( 72.02784646172766259, 21.99999999999999289, -16.89202101154111446 ) ) ;
#1001 = DIRECTION ( 'NONE',  ( 0.000000000000000000, -1.000000000000000000, 0.000000000000000000 ) ) ;
#1002 = ADVANCED_FACE ( 'NONE', ( #2397 ), #3133, .F. ) ;
#1003 = CARTESIAN_POINT ( 'NONE',  ( 75.19992371635592576, 2.000000000000000000, -18.37118492763356414 ) ) ;
#1004 = EDGE_CURVE ( 'NONE', #1256, #1008, #2382, .T. ) ;
#1005 = DIRECTION ( 'NONE',  ( 1.000000000000000000, 0.000000000000000000, 0.000000000000000000 ) ) ;
#1006 = EDGE_CURVE ( 'NONE', #3083, #443, #1477, .T. ) ;
#1007 = ORIENTED_EDGE ( 'NONE', *, *, #379, .T. ) ;
#1008 = VERTEX_POINT ( 'NONE', #700 ) ;
#1009 = EDGE_CURVE ( 'NONE', #3020, #2956, #1182, .T. ) ;
#1010 = ORIENTED_EDGE ( 'NONE', *, *, #1749, .F. ) ;
#1011 = CARTESIAN_POINT ( 'NONE',  ( 62.32797828891536085, 37.99999999999999289, -5.749734063608776147 ) ) ;
#1012 = DIRECTION ( 'NONE',  ( 0.000000000000000000, 0.000000000000000000, -1.000000000000000000 ) ) ;
#1013 = FACE_OUTER_BOUND ( 'NONE', #1415, .T. ) ;
#1014 = VERTEX_POINT ( 'NONE', #6 ) ;
#1015 = DIRECTION ( 'NONE',  ( 0.4226182617407008291, 0.000000000000000000, 0.9063077870366493816 ) ) ;
#1016 = CARTESIAN_POINT ( 'NONE',  ( 37.80189997677833702, 34.99999999999999289, -8.655845490743455883 ) ) ;
#1017 = CARTESIAN_POINT ( 'NONE',  ( 70.54624225406217874, 2.000000000000000000, -11.78762594730205571 ) ) ;
#1018 = DIRECTION ( 'NONE',  ( 1.000000000000000000, 0.000000000000000000, 0.000000000000000000 ) ) ;
#1019 = CARTESIAN_POINT ( 'NONE',  ( 51.19178210486261804, -31.53300858899112669, -84.05402026096923862 ) ) ;
#1020 = VERTEX_POINT ( 'NONE', #1922 ) ;
#1021 = VERTEX_POINT ( 'NONE', #2921 ) ;
#1022 = VECTOR ( 'NONE', #2355, 1000.000000000000000 ) ;
#1023 = AXIS2_PLACEMENT_3D ( 'NONE', #2026, #1998, #806 ) ;
#1024 = CARTESIAN_POINT ( 'NONE',  ( 29.34357214459343410, 41.00000000000000000, -2.067405927265921761 ) ) ;
#1025 = EDGE_LOOP ( 'NONE', ( #829, #841, #703, #1269, #2640, #810, #410, #170, #2362, #1742, #564, #1079 ) ) ;
#1026 = CARTESIAN_POINT ( 'NONE',  ( 4.500000000000000888, 38.99999999999999289, -15.00000000000000000 ) ) ;
#1027 = EDGE_CURVE ( 'NONE', #331, #2274, #1721, .T. ) ;
#1028 = DIRECTION ( 'NONE',  ( -0.9063077870366489375, 0.000000000000000000, 0.4226182617407014952 ) ) ;
#1029 = DIRECTION ( 'NONE',  ( -0.9063077870366500477, 0.000000000000000000, 0.4226182617406991637 ) ) ;
#1030 = DIRECTION ( 'NONE',  ( 0.9063077870366490485, 0.000000000000000000, -0.4226182617407013287 ) ) ;
#1031 = LINE ( 'NONE', #2507, #2264 ) ;
#1032 = VECTOR ( 'NONE', #2895, 1000.000000000000114 ) ;
#1033 = DIRECTION ( 'NONE',  ( -0.000000000000000000, 1.000000000000000000, -0.000000000000000000 ) ) ;
#1034 = EDGE_LOOP ( 'NONE', ( #1752, #1964, #919, #736, #1366, #296, #1155, #1345, #1376, #2873, #478, #2497 ) ) ;
#1035 = ORIENTED_EDGE ( 'NONE', *, *, #1537, .F. ) ;
#1036 = AXIS2_PLACEMENT_3D ( 'NONE', #1436, #2, #2446 ) ;
#1037 = AXIS2_PLACEMENT_3D ( 'NONE', #2520, #1461, #733 ) ;
#1038 = ORIENTED_EDGE ( 'NONE', *, *, #2238, .F. ) ;
#1039 = ORIENTED_EDGE ( 'NONE', *, *, #1675, .T. ) ;
#1040 = AXIS2_PLACEMENT_3D ( 'NONE', #94, #370, #2551 ) ;
#1041 = CYLINDRICAL_SURFACE ( 'NONE', #66, 20.00000000000000711 ) ;
#1042 = DIRECTION ( 'NONE',  ( -1.000000000000000000, -0.000000000000000000, -0.000000000000000000 ) ) ;
#1043 = VERTEX_POINT ( 'NONE', #1970 ) ;
#1044 = AXIS2_PLACEMENT_3D ( 'NONE', #2032, #3026, #2005 ) ;
#1045 = DIRECTION ( 'NONE',  ( 0.9063077870366491595, 0.000000000000000000, -0.4226182617407009401 ) ) ;
#1046 = DIRECTION ( 'NONE',  ( -0.4226182617407015507, -0.000000000000000000, -0.9063077870366490485 ) ) ;
#1047 = DIRECTION ( 'NONE',  ( 0.000000000000000000, 0.000000000000000000, 1.000000000000000000 ) ) ;
#1048 = CARTESIAN_POINT ( 'NONE',  ( 13.34357214459343233, 33.50000000000000000, -2.067405927265921761 ) ) ;
#1049 = EDGE_CURVE ( 'NONE', #2827, #1901, #490, .T. ) ;
#1050 = VECTOR ( 'NONE', #120, 1000.000000000000000 ) ;
#1051 = LINE ( 'NONE', #807, #3169 ) ;
#1052 = CIRCLE ( 'NONE', #2850, 9.999999999999994671 ) ;
#1053 = ORIENTED_EDGE ( 'NONE', *, *, #1027, .F. ) ;
#1054 = EDGE_LOOP ( 'NONE', ( #1828, #1068, #1321, #2290, #1543, #1856, #1768, #3136 ) ) ;
#1055 = ORIENTED_EDGE ( 'NONE', *, *, #1096, .T. ) ;
#1056 = VERTEX_POINT ( 'NONE', #2953 ) ;
#1057 = DIRECTION ( 'NONE',  ( -0.000000000000000000, 0.000000000000000000, 1.000000000000000000 ) ) ;
#1058 = EDGE_CURVE ( 'NONE', #2875, #2971, #2414, .T. ) ;
#1059 = ORIENTED_EDGE ( 'NONE', *, *, #2376, .F. ) ;
#1060 = DIRECTION ( 'NONE',  ( -0.9063077870366494926, 0.000000000000000000, 0.4226182617407004405 ) ) ;
#1061 = CARTESIAN_POINT ( 'NONE',  ( 37.80189997677832991, 8.000000000000000000, -8.655845490743455883 ) ) ;
#1062 = DIRECTION ( 'NONE',  ( -0.4226182617407013287, 0.000000000000000000, -0.9063077870366491595 ) ) ;
#1063 = DIRECTION ( 'NONE',  ( 0.4226182617407016062, 0.000000000000000000, 0.9063077870366489375 ) ) ;
#1064 = DIRECTION ( 'NONE',  ( 0.4226182617407004960, 1.387778780781446464E-15, 0.9063077870366494926 ) ) ;
#1065 = VECTOR ( 'NONE', #1838, 1000.000000000000000 ) ;
#1066 = ORIENTED_EDGE ( 'NONE', *, *, #1152, .F. ) ;
#1067 = ORIENTED_EDGE ( 'NONE', *, *, #2861, .F. ) ;
#1068 = ORIENTED_EDGE ( 'NONE', *, *, #1204, .F. ) ;
#1069 = EDGE_CURVE ( 'NONE', #2490, #2527, #445, .T. ) ;
#1070 = ORIENTED_EDGE ( 'NONE', *, *, #1578, .T. ) ;
#1071 = ORIENTED_EDGE ( 'NONE', *, *, #1744, .F. ) ;
#1072 = CYLINDRICAL_SURFACE ( 'NONE', #2373, 10.00000000000000178 ) ;
#1073 = DIRECTION ( 'NONE',  ( 0.9063077870366489375, -0.000000000000000000, -0.4226182617407016062 ) ) ;
#1074 = VERTEX_POINT ( 'NONE', #2642 ) ;
#1075 = DIRECTION ( 'NONE',  ( 0.4226182617407013287, -0.000000000000000000, 0.9063077870366490485 ) ) ;
#1076 = FACE_BOUND ( 'NONE', #208, .T. ) ;
#1077 = DIRECTION ( 'NONE',  ( 0.000000000000000000, -1.000000000000000000, 1.662792076335610851E-16 ) ) ;
#1078 = CARTESIAN_POINT ( 'NONE',  ( 71.39105615928184534, 4.999999999999997335, -9.975916681015792875 ) ) ;
#1079 = ORIENTED_EDGE ( 'NONE', *, *, #293, .F. ) ;
#1080 = CARTESIAN_POINT ( 'NONE',  ( 43.23974669899822487, 8.000000000000000000, -11.19155506118765864 ) ) ;
#1081 = ORIENTED_EDGE ( 'NONE', *, *, #2528, .F. ) ;
#1082 = VECTOR ( 'NONE', #1963, 1000.000000000000227 ) ;
#1083 = ORIENTED_EDGE ( 'NONE', *, *, #1804, .T. ) ;
#1084 = LINE ( 'NONE', #2062, #2848 ) ;
#1085 = VECTOR ( 'NONE', #2629, 1000.000000000000114 ) ;
#1086 = AXIS2_PLACEMENT_3D ( 'NONE', #2443, #2182, #1159 ) ;
#1087 = ORIENTED_EDGE ( 'NONE', *, *, #813, .T. ) ;
#1088 = EDGE_LOOP ( 'NONE', ( #664, #118, #1920, #3059 ) ) ;
#1089 = PLANE ( 'NONE',  #1816 ) ;
#1090 = ORIENTED_EDGE ( 'NONE', *, *, #1654, .T. ) ;
#1091 = EDGE_CURVE ( 'NONE', #507, #770, #2705, .T. ) ;
#1092 = LINE ( 'NONE', #542, #1698 ) ;
#1093 = DIRECTION ( 'NONE',  ( 0.000000000000000000, 0.000000000000000000, 1.000000000000000000 ) ) ;
#1094 = CARTESIAN_POINT ( 'NONE',  ( 34.84357214459343055, 43.00000000000000000, -15.00000000000000000 ) ) ;
#1095 = LINE ( 'NONE', #1143, #719 ) ;
#1096 = EDGE_CURVE ( 'NONE', #566, #1102, #750, .T. ) ;
#1097 = CIRCLE ( 'NONE', #1464, 1.699999999999993072 ) ;
#1098 = CARTESIAN_POINT ( 'NONE',  ( 61.65105046041685455, 7.357864376269064977, -61.62404688901663974 ) ) ;
#1099 = EDGE_CURVE ( 'NONE', #839, #2302, #641, .T. ) ;
#1100 = ORIENTED_EDGE ( 'NONE', *, *, #2670, .F. ) ;
#1101 = VECTOR ( 'NONE', #3112, 1000.000000000000000 ) ;
#1102 = VERTEX_POINT ( 'NONE', #1952 ) ;
#1103 = EDGE_CURVE ( 'NONE', #1315, #839, #1052, .T. ) ;
#1104 = PLANE ( 'NONE',  #744 ) ;
#1105 = AXIS2_PLACEMENT_3D ( 'NONE', #516, #2738, #534 ) ;
#1106 = EDGE_LOOP ( 'NONE', ( #2004, #2815, #1133, #1297 ) ) ;
#1107 = ORIENTED_EDGE ( 'NONE', *, *, #293, .T. ) ;
#1108 = CYLINDRICAL_SURFACE ( 'NONE', #1805, 1.699999999999993072 ) ;
#1109 = ORIENTED_EDGE ( 'NONE', *, *, #1339, .F. ) ;
#1110 = CARTESIAN_POINT ( 'NONE',  ( 20.00000000000000000, 38.99999999999999289, -96.87214790208498982 ) ) ;
#1111 = DIRECTION ( 'NONE',  ( -0.000000000000000000, -1.000000000000000000, -0.000000000000000000 ) ) ;
#1112 = DIRECTION ( 'NONE',  ( -0.000000000000000000, -1.000000000000000000, -0.000000000000000000 ) ) ;
#1113 = FACE_OUTER_BOUND ( 'NONE', #3036, .T. ) ;
#1114 = FACE_BOUND ( 'NONE', #1406, .T. ) ;
#1115 = VECTOR ( 'NONE', #2914, 1000.000000000000000 ) ;
#1116 = ORIENTED_EDGE ( 'NONE', *, *, #105, .F. ) ;
#1117 = ORIENTED_EDGE ( 'NONE', *, *, #345, .F. ) ;
#1118 = EDGE_CURVE ( 'NONE', #1353, #1860, #476, .T. ) ;
#1119 = DIRECTION ( 'NONE',  ( 0.000000000000000000, -1.000000000000000000, 0.000000000000000000 ) ) ;
#1120 = VECTOR ( 'NONE', #648, 1000.000000000000000 ) ;
#1121 = PLANE ( 'NONE',  #1280 ) ;
#1122 = EDGE_LOOP ( 'NONE', ( #2460, #573, #654, #859, #712, #1070, #1773, #2663 ) ) ;
#1123 = DIRECTION ( 'NONE',  ( -0.000000000000000000, -0.000000000000000000, 1.000000000000000000 ) ) ;
#1124 = CARTESIAN_POINT ( 'NONE',  ( 0.000000000000000000, 0.000000000000000000, -14.99999999999999289 ) ) ;
#1125 = FACE_OUTER_BOUND ( 'NONE', #2202, .T. ) ;
#1126 = CYLINDRICAL_SURFACE ( 'NONE', #1822, 1.999999999999995115 ) ;
#1127 = AXIS2_PLACEMENT_3D ( 'NONE', #2535, #1060, #2503 ) ;
#1128 = AXIS2_PLACEMENT_3D ( 'NONE', #2834, #420, #1386 ) ;
#1129 = CARTESIAN_POINT ( 'NONE',  ( 18.00000000000000000, 13.49999999999999822, 2.017049592633157337E-15 ) ) ;
#1130 = FACE_OUTER_BOUND ( 'NONE', #237, .T. ) ;
#1131 = CARTESIAN_POINT ( 'NONE',  ( 0.000000000000000000, 43.00000000000000000, -14.99999999999999289 ) ) ;
#1132 = ORIENTED_EDGE ( 'NONE', *, *, #926, .F. ) ;
#1133 = ORIENTED_EDGE ( 'NONE', *, *, #2757, .T. ) ;
#1134 = FACE_OUTER_BOUND ( 'NONE', #1921, .T. ) ;
#1135 = FACE_OUTER_BOUND ( 'NONE', #395, .T. ) ;
#1136 = ORIENTED_EDGE ( 'NONE', *, *, #569, .T. ) ;
#1137 = DIRECTION ( 'NONE',  ( -1.991441599360792004E-16, 0.000000000000000000, -1.000000000000000000 ) ) ;
#1138 = VECTOR ( 'NONE', #2651, 1000.000000000000114 ) ;
#1139 = VECTOR ( 'NONE', #196, 1000.000000000000000 ) ;
#1140 = PLANE ( 'NONE',  #3000 ) ;
#1141 = LINE ( 'NONE', #1337, #1767 ) ;
#1142 = CARTESIAN_POINT ( 'NONE',  ( 70.66838478117266220, 7.500000000000000000, -16.25809361893005089 ) ) ;
#1143 = CARTESIAN_POINT ( 'NONE',  ( 18.49999999999999645, 4.000000000000000000, -96.87214790208498982 ) ) ;
#1144 = DIRECTION ( 'NONE',  ( 0.2988362387301226608, -0.7071067811865436870, 0.6408563820557915403 ) ) ;
#1145 = ADVANCED_FACE ( 'NONE', ( #1462 ), #235, .T. ) ;
#1146 = FACE_BOUND ( 'NONE', #376, .T. ) ;
#1147 = EDGE_LOOP ( 'NONE', ( #1783, #2285, #2255, #1584 ) ) ;
#1148 = AXIS2_PLACEMENT_3D ( 'NONE', #2470, #1267, #1989 ) ;
#1149 = EDGE_CURVE ( 'NONE', #1737, #2741, #3011, .T. ) ;
#1150 = VERTEX_POINT ( 'NONE', #279 ) ;
#1151 = LINE ( 'NONE', #3119, #384 ) ;
#1152 = EDGE_CURVE ( 'NONE', #1860, #3037, #1051, .T. ) ;
#1153 = AXIS2_PLACEMENT_3D ( 'NONE', #2767, #1047, #2277 ) ;
#1154 = EDGE_LOOP ( 'NONE', ( #611, #1527 ) ) ;
#1155 = ORIENTED_EDGE ( 'NONE', *, *, #177, .F. ) ;
#1156 = DIRECTION ( 'NONE',  ( -0.4226182617407015507, -0.000000000000000000, -0.9063077870366490485 ) ) ;
#1157 = VECTOR ( 'NONE', #716, 1000.000000000000000 ) ;
#1158 = CARTESIAN_POINT ( 'NONE',  ( 72.17759627072815931, 21.99999999999999289, -12.54833881843532417 ) ) ;
#1159 = DIRECTION ( 'NONE',  ( 0.4226182617406999409, 0.000000000000000000, 0.9063077870366497146 ) ) ;
#1160 = LINE ( 'NONE', #727, #138 ) ;
#1161 = DIRECTION ( 'NONE',  ( -0.4226182617407014397, -0.000000000000000000, -0.9063077870366492705 ) ) ;
#1162 = CARTESIAN_POINT ( 'NONE',  ( 70.54624225406217874, 4.999999999999997335, -11.78762594730206281 ) ) ;
#1163 = VERTEX_POINT ( 'NONE', #20 ) ;
#1164 = ORIENTED_EDGE ( 'NONE', *, *, #2238, .T. ) ;
#1165 = CARTESIAN_POINT ( 'NONE',  ( 45.21505733026022966, 74.53300858899113734, -96.87114790208497084 ) ) ;
#1166 = EDGE_CURVE ( 'NONE', #444, #2726, #388, .T. ) ;
#1167 = DIRECTION ( 'NONE',  ( 0.9063077870366489375, 0.000000000000000000, -0.4226182617407014952 ) ) ;
#1168 = EDGE_LOOP ( 'NONE', ( #2530, #1277, #283, #1811 ) ) ;
#1169 = LINE ( 'NONE', #2146, #419 ) ;
#1170 = ADVANCED_FACE ( 'NONE', ( #1999 ), #1557, .F. ) ;
#1171 = ORIENTED_EDGE ( 'NONE', *, *, #910, .T. ) ;
#1172 = CARTESIAN_POINT ( 'NONE',  ( 73.71831950869047034, 21.99999999999999289, -13.26678986339451960 ) ) ;
#1173 = DIRECTION ( 'NONE',  ( -1.000000000000000000, 0.000000000000000000, 3.154042683594196107E-16 ) ) ;
#1174 = DIRECTION ( 'NONE',  ( -0.9063077870366494926, 2.775557561562888270E-17, 0.4226182617407003850 ) ) ;
#1175 = DIRECTION ( 'NONE',  ( -0.9945218953682736229, 0.000000000000000000, -0.1045284632676512365 ) ) ;
#1176 = VECTOR ( 'NONE', #369, 1000.000000000000000 ) ;
#1177 = DIRECTION ( 'NONE',  ( -0.4226182617407015507, -0.000000000000000000, -0.9063077870366490485 ) ) ;
#1178 = CARTESIAN_POINT ( 'NONE',  ( 70.66838478117264799, 25.50000000000000355, -16.25809361893004734 ) ) ;
#1179 = EDGE_LOOP ( 'NONE', ( #1431, #2643, #2641, #1652 ) ) ;
#1180 = VERTEX_POINT ( 'NONE', #1247 ) ;
#1181 = ORIENTED_EDGE ( 'NONE', *, *, #1204, .T. ) ;
#1182 = LINE ( 'NONE', #1232, #1157 ) ;
#1183 = PLANE ( 'NONE',  #1700 ) ;
#1184 = VERTEX_POINT ( 'NONE', #2482 ) ;
#1185 = CARTESIAN_POINT ( 'NONE',  ( 29.34357214459343410, 41.00000000000000000, -12.49999999999999645 ) ) ;
#1186 = EDGE_CURVE ( 'NONE', #2438, #2795, #2281, .T. ) ;
#1187 = ORIENTED_EDGE ( 'NONE', *, *, #493, .T. ) ;
#1188 = EDGE_CURVE ( 'NONE', #1102, #3053, #537, .T. ) ;
#1189 = VECTOR ( 'NONE', #1042, 1000.000000000000000 ) ;
#1190 = FACE_OUTER_BOUND ( 'NONE', #1147, .T. ) ;
#1191 = DIRECTION ( 'NONE',  ( -0.4226182617407013287, -0.000000000000000000, -0.9063077870366490485 ) ) ;
#1192 = CARTESIAN_POINT ( 'NONE',  ( 35.68880866807483443, 40.99999999999999289, -13.18738442592669635 ) ) ;
#1193 = EDGE_CURVE ( 'NONE', #2299, #683, #1294, .T. ) ;
#1194 = DIRECTION ( 'NONE',  ( 0.000000000000000000, 0.000000000000000000, -1.000000000000000000 ) ) ;
#1195 = LINE ( 'NONE', #149, #2624 ) ;
#1196 = LINE ( 'NONE', #2672, #857 ) ;
#1197 = VERTEX_POINT ( 'NONE', #2772 ) ;
#1198 = CIRCLE ( 'NONE', #1037, 1.699999999999993738 ) ;
#1199 = EDGE_CURVE ( 'NONE', #202, #2438, #1364, .T. ) ;
#1200 = COLOUR_RGB ( '',0.7921568627450980005, 0.8196078431372548767, 0.9333333333333333481 ) ;
#1201 = EDGE_LOOP ( 'NONE', ( #2318, #3073, #1872, #1668 ) ) ;
#1202 = CYLINDRICAL_SURFACE ( 'NONE', #1459, 1.699999999999993072 ) ;
#1203 = CARTESIAN_POINT ( 'NONE',  ( 6.000000000000000000, 4.000000000000000000, -96.87214790208498982 ) ) ;
#1204 = EDGE_CURVE ( 'NONE', #2793, #2498, #3002, .T. ) ;
#1205 = VECTOR ( 'NONE', #74, 1000.000000000000000 ) ;
#1206 = ORIENTED_EDGE ( 'NONE', *, *, #1761, .F. ) ;
#1207 = EDGE_LOOP ( 'NONE', ( #1854, #2208, #1447, #540 ) ) ;
#1208 = VERTEX_POINT ( 'NONE', #2221 ) ;
#1209 = AXIS2_PLACEMENT_3D ( 'NONE', #362, #2348, #155 ) ;
#1210 = DIRECTION ( 'NONE',  ( 1.000000000000000000, 0.000000000000000000, 0.000000000000000000 ) ) ;
#1211 = CARTESIAN_POINT ( 'NONE',  ( 13.34357214459343233, 29.50000000000000000, -8.000000000000000000 ) ) ;
#1212 = DIRECTION ( 'NONE',  ( 1.000000000000000000, 0.000000000000000000, -3.154042683594196600E-16 ) ) ;
#1213 = VECTOR ( 'NONE', #1542, 1000.000000000000000 ) ;
#1214 = CARTESIAN_POINT ( 'NONE',  ( 75.19992371635592576, 25.50000000000000355, -18.37118492763356414 ) ) ;
#1215 = DIRECTION ( 'NONE',  ( 0.2988362387301198853, -0.7071067811865487940, 0.6408563820557869883 ) ) ;
#1216 = ORIENTED_EDGE ( 'NONE', *, *, #831, .F. ) ;
#1217 = DIRECTION ( 'NONE',  ( 0.9063077870366491595, 0.000000000000000000, -0.4226182617407013842 ) ) ;
#1218 = LINE ( 'NONE', #2886, #1471 ) ;
#1219 = ORIENTED_EDGE ( 'NONE', *, *, #715, .F. ) ;
#1220 = ORIENTED_EDGE ( 'NONE', *, *, #2427, .F. ) ;
#1221 = VECTOR ( 'NONE', #2635, 1000.000000000000114 ) ;
#1222 = EDGE_CURVE ( 'NONE', #2400, #1466, #2237, .T. ) ;
#1223 = VERTEX_POINT ( 'NONE', #1985 ) ;
#1224 = CARTESIAN_POINT ( 'NONE',  ( 13.34357214459343233, 33.50000000000000000, -2.067405927265921761 ) ) ;
#1225 = DIRECTION ( 'NONE',  ( -0.9063077870366484934, 0.000000000000000000, 0.4226182617407026609 ) ) ;
#1226 = FACE_OUTER_BOUND ( 'NONE', #1088, .T. ) ;
#1227 = CIRCLE ( 'NONE', #2758, 1.699999999999991518 ) ;
#1228 = ORIENTED_EDGE ( 'NONE', *, *, #2217, .F. ) ;
#1229 = PLANE ( 'NONE',  #2496 ) ;
#1230 = DIRECTION ( 'NONE',  ( 0.4226182617407011066, 0.000000000000000000, 0.9063077870366491595 ) ) ;
#1231 = DIRECTION ( 'NONE',  ( -0.9063077870366494926, 0.000000000000000000, 0.4226182617407006625 ) ) ;
#1232 = CARTESIAN_POINT ( 'NONE',  ( 29.34357214459343410, 9.500000000000003553, -2.067405927265924870 ) ) ;
#1233 = VERTEX_POINT ( 'NONE', #1780 ) ;
#1234 = ORIENTED_EDGE ( 'NONE', *, *, #38, .T. ) ;
#1235 = EDGE_CURVE ( 'NONE', #3072, #556, #2495, .T. ) ;
#1236 = CARTESIAN_POINT ( 'NONE',  ( 76.89039676331871931, 33.49999999999999289, -14.74595377948695685 ) ) ;
#1237 = CARTESIAN_POINT ( 'NONE',  ( 37.80189997677833702, 34.99999999999999289, -8.655845490743455883 ) ) ;
#1238 = LINE ( 'NONE', #2214, #2622 ) ;
#1239 = ORIENTED_EDGE ( 'NONE', *, *, #1839, .T. ) ;
#1240 = EDGE_CURVE ( 'NONE', #602, #1150, #1494, .T. ) ;
#1241 = LINE ( 'NONE', #2218, #572 ) ;
#1242 = EDGE_CURVE ( 'NONE', #331, #35, #1625, .T. ) ;
#1243 = CARTESIAN_POINT ( 'NONE',  ( 18.49999999999999645, 38.99999999999999289, -96.87214790208498982 ) ) ;
#1244 = DIRECTION ( 'NONE',  ( 0.000000000000000000, 0.000000000000000000, 1.000000000000000000 ) ) ;
#1245 = VECTOR ( 'NONE', #1191, 1000.000000000000114 ) ;
#1246 = ADVANCED_FACE ( 'NONE', ( #1750 ), #2724, .T. ) ;
#1247 = CARTESIAN_POINT ( 'NONE',  ( 70.54624225406217874, 37.99999999999999289, -11.78762594730206281 ) ) ;
#1248 = EDGE_CURVE ( 'NONE', #869, #1919, #1524, .T. ) ;
#1249 = ORIENTED_EDGE ( 'NONE', *, *, #2739, .F. ) ;
#1250 = ADVANCED_FACE ( 'NONE', ( #50 ), #948, .F. ) ;
#1251 = EDGE_LOOP ( 'NONE', ( #1771, #457, #2942, #2796 ) ) ;
#1252 = AXIS2_PLACEMENT_3D ( 'NONE', #450, #3092, #143 ) ;
#1253 = DIRECTION ( 'NONE',  ( 0.5591929034707452395, 1.049727191138618819E-16, -0.8290375725550428454 ) ) ;
#1254 = CARTESIAN_POINT ( 'NONE',  ( 29.34357214459343410, 41.00000000000000000, -2.067405927265921761 ) ) ;
#1255 = CARTESIAN_POINT ( 'NONE',  ( 70.96886051580288779, 37.99999999999999289, -10.88131816026541365 ) ) ;
#1256 = VERTEX_POINT ( 'NONE', #308 ) ;
#1257 = AXIS2_PLACEMENT_3D ( 'NONE', #1778, #1077, #1821 ) ;
#1258 = CARTESIAN_POINT ( 'NONE',  ( 54.18014449216385486, 81.60407640085658443, -77.64545644041129435 ) ) ;
#1259 = DIRECTION ( 'NONE',  ( 1.000000000000000000, -0.000000000000000000, -0.000000000000000000 ) ) ;
#1260 = DIRECTION ( 'NONE',  ( -0.4226182617407011066, 0.000000000000000000, -0.9063077870366492705 ) ) ;
#1261 = DIRECTION ( 'NONE',  ( 1.000000000000000000, -0.000000000000000000, -0.000000000000000000 ) ) ;
#1262 = CARTESIAN_POINT ( 'NONE',  ( 6.000000000000000000, 38.99999999999999289, -15.00000000000000000 ) ) ;
#1263 = ORIENTED_EDGE ( 'NONE', *, *, #55, .F. ) ;
#1264 = ORIENTED_EDGE ( 'NONE', *, *, #142, .F. ) ;
#1265 = EDGE_CURVE ( 'NONE', #28, #1826, #2266, .T. ) ;
#1266 = AXIS2_PLACEMENT_3D ( 'NONE', #2688, #2669, #1488 ) ;
#1267 = DIRECTION ( 'NONE',  ( 0.9063077870366491595, 0.000000000000000000, -0.4226182617407013842 ) ) ;
#1268 = DIRECTION ( 'NONE',  ( -0.9063077870366484934, 0.000000000000000000, 0.4226182617407026609 ) ) ;
#1269 = ORIENTED_EDGE ( 'NONE', *, *, #148, .F. ) ;
#1270 = DIRECTION ( 'NONE',  ( -0.000000000000000000, -0.000000000000000000, 1.000000000000000000 ) ) ;
#1271 = DIRECTION ( 'NONE',  ( -0.4226182617407013287, -0.000000000000000000, -0.9063077870366490485 ) ) ;
#1272 = DIRECTION ( 'NONE',  ( 0.4226182617407012176, 0.000000000000000000, 0.9063077870366492705 ) ) ;
#1273 = VECTOR ( 'NONE', #2410, 1000.000000000000000 ) ;
#1274 = DIRECTION ( 'NONE',  ( -0.9063077870366489375, 0.000000000000000000, 0.4226182617407013287 ) ) ;
#1275 = FACE_OUTER_BOUND ( 'NONE', #21, .T. ) ;
#1276 = DIRECTION ( 'NONE',  ( -0.000000000000000000, 1.000000000000000000, -1.779203565104417868E-16 ) ) ;
#1277 = ORIENTED_EDGE ( 'NONE', *, *, #2998, .T. ) ;
#1278 = ORIENTED_EDGE ( 'NONE', *, *, #156, .F. ) ;
#1279 = CIRCLE ( 'NONE', #1595, 1.499999999999999556 ) ;
#1280 = AXIS2_PLACEMENT_3D ( 'NONE', #1889, #2144, #1167 ) ;
#1281 = AXIS2_PLACEMENT_3D ( 'NONE', #851, #1881, #2864 ) ;
#1282 = CARTESIAN_POINT ( 'NONE',  ( 71.98338197571490582, 40.99999999999999289, -30.00148411685110261 ) ) ;
#1283 = EDGE_CURVE ( 'NONE', #2782, #1605, #1574, .T. ) ;
#1284 = CYLINDRICAL_SURFACE ( 'NONE', #1449, 1.500000000000004885 ) ;
#1285 = ORIENTED_EDGE ( 'NONE', *, *, #106, .T. ) ;
#1286 = EDGE_CURVE ( 'NONE', #2020, #72, #2329, .T. ) ;
#1287 = LINE ( 'NONE', #2784, #1843 ) ;
#1288 = CARTESIAN_POINT ( 'NONE',  ( 70.49493215679900970, -4.145707103602409646E-15, -42.65828138695734140 ) ) ;
#1289 = LINE ( 'NONE', #1490, #34 ) ;
#1290 = EDGE_CURVE ( 'NONE', #2875, #1860, #1635, .T. ) ;
#1291 = CIRCLE ( 'NONE', #825, 1.699999999999984857 ) ;
#1292 = DIRECTION ( 'NONE',  ( -0.9063077870366482713, 0.000000000000000000, 0.4226182617407031605 ) ) ;
#1293 = AXIS2_PLACEMENT_3D ( 'NONE', #197, #1177, #2393 ) ;
#1294 = LINE ( 'NONE', #2027, #1522 ) ;
#1295 = ORIENTED_EDGE ( 'NONE', *, *, #2539, .T. ) ;
#1296 = ORIENTED_EDGE ( 'NONE', *, *, #1588, .T. ) ;
#1297 = ORIENTED_EDGE ( 'NONE', *, *, #1186, .F. ) ;
#1298 = CIRCLE ( 'NONE', #2113, 9.999999999999994671 ) ;
#1299 = EDGE_CURVE ( 'NONE', #1056, #552, #656, .T. ) ;
#1300 = EDGE_CURVE ( 'NONE', #238, #1208, #2059, .T. ) ;
#1301 = ORIENTED_EDGE ( 'NONE', *, *, #1478, .T. ) ;
#1302 = DIRECTION ( 'NONE',  ( -1.000000000000000000, 0.000000000000000000, -0.000000000000000000 ) ) ;
#1303 = SHAPE_DEFINITION_REPRESENTATION ( #1426, #2605 ) ;
#1304 = ORIENTED_EDGE ( 'NONE', *, *, #335, .T. ) ;
#1305 = CIRCLE ( 'NONE', #1960, 1.700000000000000400 ) ;
#1306 = CARTESIAN_POINT ( 'NONE',  ( 70.18957583902275132, 43.00000000000000000, -31.48211220788733300 ) ) ;
#1307 = DIRECTION ( 'NONE',  ( -0.9063077870366489375, 0.000000000000000000, 0.4226182617407014952 ) ) ;
#1308 = DIRECTION ( 'NONE',  ( -0.4226182617407014397, -0.000000000000000000, -0.9063077870366492705 ) ) ;
#1309 = ADVANCED_FACE ( 'NONE', ( #1146, #3116, #1389 ), #582, .T. ) ;
#1310 = CARTESIAN_POINT ( 'NONE',  ( 67.71393537881117197, 43.00000000000000000, -36.79114030750456266 ) ) ;
#1311 = DIRECTION ( 'NONE',  ( 0.9063077870366484934, 0.000000000000000000, -0.4226182617407026609 ) ) ;
#1312 = VECTOR ( 'NONE', #505, 1000.000000000000114 ) ;
#1313 = ORIENTED_EDGE ( 'NONE', *, *, #156, .T. ) ;
#1314 = ORIENTED_EDGE ( 'NONE', *, *, #432, .F. ) ;
#1315 = VERTEX_POINT ( 'NONE', #2107 ) ;
#1316 = ORIENTED_EDGE ( 'NONE', *, *, #3101, .T. ) ;
#1317 = ORIENTED_EDGE ( 'NONE', *, *, #247, .F. ) ;
#1318 = CARTESIAN_POINT ( 'NONE',  ( 29.34357214459343410, 41.00000000000000000, -2.067405927265921761 ) ) ;
#1319 = CARTESIAN_POINT ( 'NONE',  ( 72.35885782813545575, 25.50000000000000355, -12.63286247078345070 ) ) ;
#1320 = EDGE_CURVE ( 'NONE', #1472, #1353, #2555, .T. ) ;
#1321 = ORIENTED_EDGE ( 'NONE', *, *, #1578, .F. ) ;
#1322 = PLANE ( 'NONE',  #1127 ) ;
#1323 = CARTESIAN_POINT ( 'NONE',  ( 39.94845526714707518, 38.00000000000000000, -15.17369025610798872 ) ) ;
#1324 = FACE_OUTER_BOUND ( 'NONE', #2301, .T. ) ;
#1325 = CARTESIAN_POINT ( 'NONE',  ( 40.95251227750345890, 38.00000000000000000, -8.997940357453375171 ) ) ;
#1326 = LINE ( 'NONE', #3098, #2293 ) ;
#1327 = VECTOR ( 'NONE', #2136, 1000.000000000000227 ) ;
#1328 = VERTEX_POINT ( 'NONE', #1883 ) ;
#1329 = ORIENTED_EDGE ( 'NONE', *, *, #1049, .T. ) ;
#1330 = EDGE_CURVE ( 'NONE', #1826, #602, #1604, .T. ) ;
#1331 = VECTOR ( 'NONE', #2219, 1000.000000000000114 ) ;
#1332 = ORIENTED_EDGE ( 'NONE', *, *, #493, .F. ) ;
#1333 = ORIENTED_EDGE ( 'NONE', *, *, #1763, .F. ) ;
#1334 = CARTESIAN_POINT ( 'NONE',  ( 13.34357214459343233, 13.49999999999999822, 2.017049592633157337E-15 ) ) ;
#1335 = EDGE_CURVE ( 'NONE', #770, #2269, #392, .T. ) ;
#1336 = DIRECTION ( 'NONE',  ( -0.9063077870366486044, 0.000000000000000000, 0.4226182617407023279 ) ) ;
#1337 = CARTESIAN_POINT ( 'NONE',  ( 43.23974669899823198, 40.99999999999999289, -11.19155506118766219 ) ) ;
#1338 = DIRECTION ( 'NONE',  ( -0.9063077870366489375, 0.000000000000000000, 0.4226182617407015507 ) ) ;
#1339 = EDGE_CURVE ( 'NONE', #814, #3020, #2852, .T. ) ;
#1340 = EDGE_CURVE ( 'NONE', #2526, #184, #2088, .T. ) ;
#1341 = CARTESIAN_POINT ( 'NONE',  ( 70.66838478117264799, 25.50000000000000355, -16.25809361893004379 ) ) ;
#1342 = ORIENTED_EDGE ( 'NONE', *, *, #2668, .F. ) ;
#1343 = LINE ( 'NONE', #2820, #1788 ) ;
#1344 = APPLICATION_CONTEXT ( 'automotive_design' ) ;
#1345 = ORIENTED_EDGE ( 'NONE', *, *, #662, .T. ) ;
#1346 = AXIS2_PLACEMENT_3D ( 'NONE', #966, #2151, #3160 ) ;
#1347 = EDGE_LOOP ( 'NONE', ( #506, #3102 ) ) ;
#1348 = LINE ( 'NONE', #2315, #584 ) ;
#1349 = ORIENTED_EDGE ( 'NONE', *, *, #2368, .F. ) ;
#1350 = ORIENTED_EDGE ( 'NONE', *, *, #2909, .T. ) ;
#1351 = CARTESIAN_POINT ( 'NONE',  ( 37.80189997677833702, 2.000000000000000000, -8.655845490743455883 ) ) ;
#1352 = VECTOR ( 'NONE', #475, 1000.000000000000000 ) ;
#1353 = VERTEX_POINT ( 'NONE', #134 ) ;
#1354 = AXIS2_PLACEMENT_3D ( 'NONE', #405, #577, #607 ) ;
#1355 = DIRECTION ( 'NONE',  ( -0.2988362387301233269, 0.7071067811865436870, -0.6408563820557912072 ) ) ;
#1356 = DIRECTION ( 'NONE',  ( 0.9063077870366493816, -8.326672684688666658E-17, -0.4226182617407004405 ) ) ;
#1357 = LINE ( 'NONE', #2325, #1101 ) ;
#1358 = DIRECTION ( 'NONE',  ( 0.4226182617407015507, 0.000000000000000000, 0.9063077870366490485 ) ) ;
#1359 = CARTESIAN_POINT ( 'NONE',  ( 43.23974669899823198, 34.99999999999999289, -11.19155506118766219 ) ) ;
#1360 = VERTEX_POINT ( 'NONE', #3082 ) ;
#1361 = VECTOR ( 'NONE', #1594, 1000.000000000000227 ) ;
#1362 = ORIENTED_EDGE ( 'NONE', *, *, #199, .T. ) ;
#1363 = PLANE ( 'NONE',  #1923 ) ;
#1364 = CIRCLE ( 'NONE', #2590, 1.499999999999999556 ) ;
#1365 = EDGE_LOOP ( 'NONE', ( #225, #482, #1793, #2922 ) ) ;
#1366 = ORIENTED_EDGE ( 'NONE', *, *, #2280, .F. ) ;
#1367 = DIRECTION ( 'NONE',  ( -0.4226182617407015507, -0.000000000000000000, -0.9063077870366490485 ) ) ;
#1368 = CARTESIAN_POINT ( 'NONE',  ( 76.89039676331871931, 2.000000000000000000, -14.74595377948695685 ) ) ;
#1369 = DIRECTION ( 'NONE',  ( -0.000000000000000000, -0.000000000000000000, 1.000000000000000000 ) ) ;
#1370 = CYLINDRICAL_SURFACE ( 'NONE', #2798, 1.499999999999999556 ) ;
#1371 = DIRECTION ( 'NONE',  ( -0.9063077870366484934, 0.000000000000000000, 0.4226182617407026609 ) ) ;
#1372 = ORIENTED_EDGE ( 'NONE', *, *, #1487, .F. ) ;
#1373 = LINE ( 'NONE', #1719, #1641 ) ;
#1374 = VECTOR ( 'NONE', #446, 1000.000000000000000 ) ;
#1375 = VERTEX_POINT ( 'NONE', #597 ) ;
#1376 = ORIENTED_EDGE ( 'NONE', *, *, #2910, .F. ) ;
#1377 = DIRECTION ( 'NONE',  ( -0.4226182617407013287, 0.000000000000000000, -0.9063077870366490485 ) ) ;
#1378 = VECTOR ( 'NONE', #2505, 1000.000000000000114 ) ;
#1379 = VERTEX_POINT ( 'NONE', #358 ) ;
#1380 = EDGE_LOOP ( 'NONE', ( #550, #871 ) ) ;
#1381 = DIRECTION ( 'NONE',  ( -0.9063077870366484934, 2.602085213965216953E-15, 0.4226182617407026609 ) ) ;
#1382 = FACE_BOUND ( 'NONE', #1380, .T. ) ;
#1383 = DIRECTION ( 'NONE',  ( -0.9063077870366486044, 0.000000000000000000, 0.4226182617407023279 ) ) ;
#1384 = LINE ( 'NONE', #2085, #124 ) ;
#1385 = EDGE_CURVE ( 'NONE', #2612, #602, #344, .T. ) ;
#1386 = DIRECTION ( 'NONE',  ( 1.000000000000000000, 0.000000000000000000, 0.000000000000000000 ) ) ;
#1387 = EDGE_CURVE ( 'NONE', #1533, #2498, #1326, .T. ) ;
#1388 = DIRECTION ( 'NONE',  ( -0.000000000000000000, -1.000000000000000000, -0.000000000000000000 ) ) ;
#1389 = FACE_OUTER_BOUND ( 'NONE', #580, .T. ) ;
#1390 = VERTEX_POINT ( 'NONE', #1080 ) ;
#1391 = ORIENTED_EDGE ( 'NONE', *, *, #3022, .F. ) ;
#1392 = CARTESIAN_POINT ( 'NONE',  ( 76.89039676331871931, 40.99999999999999289, -14.74595377948695685 ) ) ;
#1393 = VECTOR ( 'NONE', #1977, 1000.000000000000000 ) ;
#1394 = EDGE_CURVE ( 'NONE', #72, #1020, #1343, .T. ) ;
#1395 = CARTESIAN_POINT ( 'NONE',  ( 4.500000000000000888, 4.000000000000000000, -96.87214790208498982 ) ) ;
#1396 = VERTEX_POINT ( 'NONE', #1098 ) ;
#1397 = CARTESIAN_POINT ( 'NONE',  ( 7.500000000000000000, 38.99999999999999289, 0.000000000000000000 ) ) ;
#1398 = CIRCLE ( 'NONE', #3043, 1.499999999999999556 ) ;
#1399 = AXIS2_PLACEMENT_3D ( 'NONE', #2699, #1727, #772 ) ;
#1400 = CARTESIAN_POINT ( 'NONE',  ( 70.54624225406217874, 5.499999999999998224, -11.78762594730206281 ) ) ;
#1401 = CARTESIAN_POINT ( 'NONE',  ( 13.34357214459343233, 9.500000000000003553, -2.067405927265924870 ) ) ;
#1402 = CARTESIAN_POINT ( 'NONE',  ( 21.50000000000000355, 38.99999999999999289, 0.000000000000000000 ) ) ;
#1403 = DIRECTION ( 'NONE',  ( -0.9063077870366486044, 0.000000000000000000, 0.4226182617407023279 ) ) ;
#1404 = CYLINDRICAL_SURFACE ( 'NONE', #2195, 1.999999999999995115 ) ;
#1405 = ADVANCED_FACE ( 'NONE', ( #1114, #2089 ), #870, .F. ) ;
#1406 = EDGE_LOOP ( 'NONE', ( #2224, #1558, #2680, #188 ) ) ;
#1407 = VECTOR ( 'NONE', #2442, 1000.000000000000000 ) ;
#1408 = VERTEX_POINT ( 'NONE', #2589 ) ;
#1409 = LINE ( 'NONE', #104, #1050 ) ;
#1410 = EDGE_CURVE ( 'NONE', #1197, #721, #1373, .T. ) ;
#1411 = VECTOR ( 'NONE', #873, 1000.000000000000000 ) ;
#1412 = CARTESIAN_POINT ( 'NONE',  ( 64.72557299150994936, 45.92893218813453160, -43.19970412806246429 ) ) ;
#1413 = ORIENTED_EDGE ( 'NONE', *, *, #878, .F. ) ;
#1414 = CARTESIAN_POINT ( 'NONE',  ( 4.500000000000000888, 4.000000000000000000, -15.00000000000000000 ) ) ;
#1415 = EDGE_LOOP ( 'NONE', ( #2988, #2716, #1702, #2807 ) ) ;
#1416 = DIRECTION ( 'NONE',  ( 0.000000000000000000, -1.000000000000000000, 0.000000000000000000 ) ) ;
#1417 = LINE ( 'NONE', #193, #2786 ) ;
#1418 = CYLINDRICAL_SURFACE ( 'NONE', #1757, 1.699999999999993072 ) ;
#1419 = CYLINDRICAL_SURFACE ( 'NONE', #1036, 1.500000000000004885 ) ;
#1420 = DIRECTION ( 'NONE',  ( -0.4226182617407015507, -0.000000000000000000, -0.9063077870366490485 ) ) ;
#1421 = LINE ( 'NONE', #1178, #3128 ) ;
#1422 = ORIENTED_EDGE ( 'NONE', *, *, #1103, .F. ) ;
#1423 = ORIENTED_EDGE ( 'NONE', *, *, #1853, .F. ) ;
#1424 = EDGE_CURVE ( 'NONE', #2558, #1576, #3163, .T. ) ;
#1425 = DIRECTION ( 'NONE',  ( -0.9063077870366494926, 0.000000000000000000, 0.4226182617407004405 ) ) ;
#1426 = PRODUCT_DEFINITION_SHAPE ( 'NONE', 'NONE',  #1429 ) ;
#1427 = LINE ( 'NONE', #2399, #3175 ) ;
#1428 = ORIENTED_EDGE ( 'NONE', *, *, #2717, .T. ) ;
#1429 = PRODUCT_DEFINITION ( 'UNKNOWN', '', #2415, #1766 ) ;
#1430 = DIRECTION ( 'NONE',  ( 0.000000000000000000, 0.000000000000000000, 1.000000000000000000 ) ) ;
#1431 = ORIENTED_EDGE ( 'NONE', *, *, #2133, .F. ) ;
#1432 = DIRECTION ( 'NONE',  ( -0.9063077870366482713, 0.000000000000000000, 0.4226182617407031605 ) ) ;
#1433 = CYLINDRICAL_SURFACE ( 'NONE', #1086, 10.00000000000000711 ) ;
#1434 = PLANE ( 'NONE',  #2780 ) ;
#1435 = EDGE_CURVE ( 'NONE', #1845, #2077, #661, .T. ) ;
#1436 = CARTESIAN_POINT ( 'NONE',  ( 20.00000000000000000, 38.99999999999999289, -96.87214790208498982 ) ) ;
#1437 = AXIS2_PLACEMENT_3D ( 'NONE', #1016, #1001, #1994 ) ;
#1438 = CARTESIAN_POINT ( 'NONE',  ( 38.40773202918477836, 38.00000000000000000, -14.45523921114880039 ) ) ;
#1439 = LINE ( 'NONE', #2430, #453 ) ;
#1440 = ADVANCED_FACE ( 'NONE', ( #456 ), #1404, .T. ) ;
#1441 = ORIENTED_EDGE ( 'NONE', *, *, #1320, .T. ) ;
#1442 = VECTOR ( 'NONE', #837, 1000.000000000000000 ) ;
#1443 = ORIENTED_EDGE ( 'NONE', *, *, #2108, .T. ) ;
#1444 = DIRECTION ( 'NONE',  ( 0.9063077870366494926, -0.000000000000000000, -0.4226182617407004405 ) ) ;
#1445 = DIRECTION ( 'NONE',  ( -0.000000000000000000, -0.000000000000000000, 1.000000000000000000 ) ) ;
#1446 = DIRECTION ( 'NONE',  ( 0.4226182617407013287, 0.000000000000000000, 0.9063077870366490485 ) ) ;
#1447 = ORIENTED_EDGE ( 'NONE', *, *, #1744, .T. ) ;
#1448 = VERTEX_POINT ( 'NONE', #442 ) ;
#1449 = AXIS2_PLACEMENT_3D ( 'NONE', #1532, #57, #26 ) ;
#1450 = LINE ( 'NONE', #2961, #3108 ) ;
#1451 = LINE ( 'NONE', #3159, #2215 ) ;
#1452 = DIRECTION ( 'NONE',  ( -0.000000000000000000, -1.000000000000000000, -0.000000000000000000 ) ) ;
#1453 = CARTESIAN_POINT ( 'NONE',  ( 76.89039676331871931, 40.99999999999999289, -14.74595377948695685 ) ) ;
#1454 = VECTOR ( 'NONE', #1981, 1000.000000000000000 ) ;
#1455 = DIRECTION ( 'NONE',  ( -0.9063077870366491595, -1.048128929755375741E-15, 0.4226182617407011066 ) ) ;
#1456 = DIRECTION ( 'NONE',  ( -0.4226182617407013287, -0.000000000000000000, -0.9063077870366490485 ) ) ;
#1457 = ORIENTED_EDGE ( 'NONE', *, *, #1188, .T. ) ;
#1458 = CONICAL_SURFACE ( 'NONE', #1510, 1.700000000000000400, 1.029744258676652535 ) ;
#1459 = AXIS2_PLACEMENT_3D ( 'NONE', #1951, #387, #1383 ) ;
#1460 = VERTEX_POINT ( 'NONE', #681 ) ;
#1461 = DIRECTION ( 'NONE',  ( -0.4226182617407015507, -0.000000000000000000, -0.9063077870366490485 ) ) ;
#1462 = FACE_OUTER_BOUND ( 'NONE', #923, .T. ) ;
#1463 = ORIENTED_EDGE ( 'NONE', *, *, #462, .T. ) ;
#1464 = AXIS2_PLACEMENT_3D ( 'NONE', #570, #589, #2304 ) ;
#1465 = ORIENTED_EDGE ( 'NONE', *, *, #2717, .F. ) ;
#1466 = VERTEX_POINT ( 'NONE', #1475 ) ;
#1467 = ORIENTED_EDGE ( 'NONE', *, *, #1509, .T. ) ;
#1468 = DIRECTION ( 'NONE',  ( 0.000000000000000000, -0.000000000000000000, 1.000000000000000000 ) ) ;
#1469 = CARTESIAN_POINT ( 'NONE',  ( 61.90578264543638909, 37.99999999999999289, -6.655135542858397812 ) ) ;
#1470 = CARTESIAN_POINT ( 'NONE',  ( 70.66838478117266220, 5.500000000000000000, -16.25809361893005445 ) ) ;
#1471 = VECTOR ( 'NONE', #203, 1000.000000000000000 ) ;
#1472 = VERTEX_POINT ( 'NONE', #3130 ) ;
#1473 = FACE_OUTER_BOUND ( 'NONE', #1168, .T. ) ;
#1474 = LINE ( 'NONE', #1243, #2871 ) ;
#1475 = CARTESIAN_POINT ( 'NONE',  ( 13.34357214459343233, 29.50000000000000000, -8.000000000000000000 ) ) ;
#1476 = LINE ( 'NONE', #3181, #1613 ) ;
#1477 = LINE ( 'NONE', #1689, #748 ) ;
#1478 = EDGE_CURVE ( 'NONE', #2162, #2404, #970, .T. ) ;
#1479 = EDGE_CURVE ( 'NONE', #3034, #2020, #1439, .T. ) ;
#1480 = VERTEX_POINT ( 'NONE', #489 ) ;
#1481 = EDGE_LOOP ( 'NONE', ( #1711, #2322, #2972, #1840 ) ) ;
#1482 = CARTESIAN_POINT ( 'NONE',  ( 6.000000000000000000, 38.99999999999999289, -96.87214790208498982 ) ) ;
#1483 = DIRECTION ( 'NONE',  ( -0.9063077870366490485, -0.000000000000000000, 0.4226182617407013287 ) ) ;
#1484 = LINE ( 'NONE', #2458, #1958 ) ;
#1485 = AXIS2_PLACEMENT_3D ( 'NONE', #1932, #2867, #918 ) ;
#1486 = ORIENTED_EDGE ( 'NONE', *, *, #2093, .T. ) ;
#1487 = EDGE_CURVE ( 'NONE', #2726, #444, #3179, .T. ) ;
#1488 = DIRECTION ( 'NONE',  ( -0.9063077870366482713, 0.000000000000000000, 0.4226182617407031605 ) ) ;
#1489 = CARTESIAN_POINT ( 'NONE',  ( 70.54624225406217874, 35.50000000000000000, -11.78762594730206281 ) ) ;
#1490 = CARTESIAN_POINT ( 'NONE',  ( 63.09623629983598647, 21.49999999999998934, -46.69382793919741914 ) ) ;
#1491 = ADVANCED_FACE ( 'NONE', ( #1948 ), #2205, .F. ) ;
#1492 = EDGE_CURVE ( 'NONE', #221, #1056, #231, .T. ) ;
#1493 = CIRCLE ( 'NONE', #1892, 1.700000000000005729 ) ;
#1494 = LINE ( 'NONE', #2464, #2025 ) ;
#1495 = EDGE_LOOP ( 'NONE', ( #363, #524, #266, #2485 ) ) ;
#1496 = ORIENTED_EDGE ( 'NONE', *, *, #1581, .T. ) ;
#1497 = DIRECTION ( 'NONE',  ( 0.4226182617407004405, 0.000000000000000000, 0.9063077870366493816 ) ) ;
#1498 = LINE ( 'NONE', #270, #521 ) ;
#1499 = DIRECTION ( 'NONE',  ( 0.4226182617407011066, 0.000000000000000000, 0.9063077870366491595 ) ) ;
#1500 = VERTEX_POINT ( 'NONE', #2449 ) ;
#1501 = AXIS2_PLACEMENT_3D ( 'NONE', #726, #452, #2633 ) ;
#1502 = CARTESIAN_POINT ( 'NONE',  ( 34.84357214459343055, 2.000000000000000000, -15.00000000000000000 ) ) ;
#1503 = CYLINDRICAL_SURFACE ( 'NONE', #2249, 1.699999999999992406 ) ;
#1504 = DIRECTION ( 'NONE',  ( -0.4226182617407013287, -0.000000000000000000, -0.9063077870366490485 ) ) ;
#1505 = AXIS2_PLACEMENT_3D ( 'NONE', #2891, #1137, #3089 ) ;
#1506 = VECTOR ( 'NONE', #1943, 1000.000000000000227 ) ;
#1507 = CARTESIAN_POINT ( 'NONE',  ( 76.89039676331871931, 2.000000000000000000, -14.74595377948695685 ) ) ;
#1508 = DIRECTION ( 'NONE',  ( -1.991441599360792004E-16, 0.000000000000000000, -1.000000000000000000 ) ) ;
#1509 = EDGE_CURVE ( 'NONE', #1795, #1737, #1701, .T. ) ;
#1510 = AXIS2_PLACEMENT_3D ( 'NONE', #1705, #2247, #1535 ) ;
#1511 = VERTEX_POINT ( 'NONE', #214 ) ;
#1512 = ORIENTED_EDGE ( 'NONE', *, *, #1479, .T. ) ;
#1513 = EDGE_CURVE ( 'NONE', #2527, #1184, #183, .T. ) ;
#1514 = ORIENTED_EDGE ( 'NONE', *, *, #2693, .T. ) ;
#1515 = CARTESIAN_POINT ( 'NONE',  ( 7.500000000000000000, 38.99999999999999289, -15.00000000000000000 ) ) ;
#1516 = CARTESIAN_POINT ( 'NONE',  ( 49.64860555698058420, -38.60407640085659153, -75.53236513170784860 ) ) ;
#1517 = ORIENTED_EDGE ( 'NONE', *, *, #2137, .F. ) ;
#1518 = VECTOR ( 'NONE', #2056, 1000.000000000000114 ) ;
#1519 = LINE ( 'NONE', #2966, #2012 ) ;
#1520 = CARTESIAN_POINT ( 'NONE',  ( 75.19992371635592576, 7.500000000000000000, -18.37118492763356414 ) ) ;
#1521 = CARTESIAN_POINT ( 'NONE',  ( 61.48316438369569426, 37.99999999999999289, -7.561443329895046084 ) ) ;
#1522 = VECTOR ( 'NONE', #3035, 1000.000000000000000 ) ;
#1523 = CARTESIAN_POINT ( 'NONE',  ( 36.86700879122248153, 38.00000000000000000, -13.73678816618960852 ) ) ;
#1524 = LINE ( 'NONE', #294, #2906 ) ;
#1525 = EDGE_CURVE ( 'NONE', #184, #2526, #1837, .T. ) ;
#1526 = ORIENTED_EDGE ( 'NONE', *, *, #1387, .F. ) ;
#1527 = ORIENTED_EDGE ( 'NONE', *, *, #1667, .F. ) ;
#1528 = EDGE_CURVE ( 'NONE', #998, #465, #1227, .T. ) ;
#1529 = EDGE_CURVE ( 'NONE', #2194, #3034, #1898, .T. ) ;
#1530 = VECTOR ( 'NONE', #1018, 1000.000000000000000 ) ;
#1531 = FACE_OUTER_BOUND ( 'NONE', #2452, .T. ) ;
#1532 = CARTESIAN_POINT ( 'NONE',  ( 20.00000000000000000, 4.000000000000000000, -96.87214790208498982 ) ) ;
#1533 = VERTEX_POINT ( 'NONE', #198 ) ;
#1534 = FACE_OUTER_BOUND ( 'NONE', #153, .T. ) ;
#1535 = DIRECTION ( 'NONE',  ( -0.9063077870366489375, 0.000000000000000000, 0.4226182617407015507 ) ) ;
#1536 = AXIS2_PLACEMENT_3D ( 'NONE', #2805, #853, #2124 ) ;
#1537 = EDGE_CURVE ( 'NONE', #2347, #2911, #1196, .T. ) ;
#1538 = CARTESIAN_POINT ( 'NONE',  ( 50.00000000000000000, 43.00000000000000000, 0.000000000000000000 ) ) ;
#1539 = EDGE_CURVE ( 'NONE', #2041, #2302, #4, .T. ) ;
#1540 = DIRECTION ( 'NONE',  ( -0.4226182617407011621, 0.000000000000000000, -0.9063077870366491595 ) ) ;
#1541 = EDGE_CURVE ( 'NONE', #3106, #651, #2621, .T. ) ;
#1542 = DIRECTION ( 'NONE',  ( 0.000000000000000000, 0.000000000000000000, -1.000000000000000000 ) ) ;
#1543 = ORIENTED_EDGE ( 'NONE', *, *, #2398, .T. ) ;
#1544 = ORIENTED_EDGE ( 'NONE', *, *, #1424, .T. ) ;
#1545 = AXIS2_PLACEMENT_3D ( 'NONE', #2478, #802, #1045 ) ;
#1546 = AXIS2_PLACEMENT_3D ( 'NONE', #292, #1555, #1292 ) ;
#1547 = ORIENTED_EDGE ( 'NONE', *, *, #2814, .T. ) ;
#1548 = ORIENTED_EDGE ( 'NONE', *, *, #1996, .F. ) ;
#1549 = CARTESIAN_POINT ( 'NONE',  ( 55.67432568581443064, 21.49999999999999289, -74.44117453013241459 ) ) ;
#1550 = EDGE_CURVE ( 'NONE', #424, #3184, #1421, .T. ) ;
#1551 = VERTEX_POINT ( 'NONE', #1521 ) ;
#1552 = LINE ( 'NONE', #1585, #508 ) ;
#1553 = CARTESIAN_POINT ( 'NONE',  ( 68.85576920709935678, 25.50000000000000355, -15.41285709544864524 ) ) ;
#1554 = DIRECTION ( 'NONE',  ( 0.2988362387301202183, 0.7071067811865482389, 0.6408563820557875435 ) ) ;
#1555 = DIRECTION ( 'NONE',  ( -0.4226182617407015507, -0.000000000000000000, -0.9063077870366490485 ) ) ;
#1556 = CIRCLE ( 'NONE', #164, 1.999999999999995115 ) ;
#1557 = PLANE ( 'NONE',  #797 ) ;
#1558 = ORIENTED_EDGE ( 'NONE', *, *, #2670, .T. ) ;
#1559 = ADVANCED_FACE ( 'NONE', ( #560 ), #47, .T. ) ;
#1560 = ORIENTED_EDGE ( 'NONE', *, *, #2436, .T. ) ;
#1561 = EDGE_LOOP ( 'NONE', ( #2259, #494, #723, #2696, #360, #1349 ) ) ;
#1562 = AXIS2_PLACEMENT_3D ( 'NONE', #1000, #1743, #2491 ) ;
#1563 = ORIENTED_EDGE ( 'NONE', *, *, #1004, .T. ) ;
#1564 = ORIENTED_EDGE ( 'NONE', *, *, #1675, .F. ) ;
#1565 = FACE_OUTER_BOUND ( 'NONE', #1122, .T. ) ;
#1566 = LINE ( 'NONE', #1255, #2570 ) ;
#1567 = ORIENTED_EDGE ( 'NONE', *, *, #1006, .F. ) ;
#1568 = VECTOR ( 'NONE', #893, 1000.000000000000114 ) ;
#1569 = CARTESIAN_POINT ( 'NONE',  ( 48.20341971756143096, -24.46194077712565473, -90.46258408152711183 ) ) ;
#1570 = DIRECTION ( 'NONE',  ( -0.9063077870366500477, 0.000000000000000000, 0.4226182617406991637 ) ) ;
#1571 = LINE ( 'NONE', #2104, #2021 ) ;
#1572 = VECTOR ( 'NONE', #645, 1000.000000000000000 ) ;
#1573 = LINE ( 'NONE', #2540, #3085 ) ;
#1574 = LINE ( 'NONE', #2073, #1065 ) ;
#1575 = VECTOR ( 'NONE', #991, 1000.000000000000000 ) ;
#1576 = VERTEX_POINT ( 'NONE', #2479 ) ;
#1577 = ORIENTED_EDGE ( 'NONE', *, *, #2606, .F. ) ;
#1578 = EDGE_CURVE ( 'NONE', #770, #2793, #2234, .T. ) ;
#1579 = ORIENTED_EDGE ( 'NONE', *, *, #1899, .T. ) ;
#1580 = VERTEX_POINT ( 'NONE', #1017 ) ;
#1581 = EDGE_CURVE ( 'NONE', #465, #998, #2142, .T. ) ;
#1582 = LINE ( 'NONE', #298, #2483 ) ;
#1583 = EDGE_CURVE ( 'NONE', #2145, #1500, #1289, .T. ) ;
#1584 = ORIENTED_EDGE ( 'NONE', *, *, #2233, .T. ) ;
#1585 = CARTESIAN_POINT ( 'NONE',  ( 62.32797828891536085, 4.999999999999997335, -5.749734063608776147 ) ) ;
#1586 = PLANE ( 'NONE',  #1354 ) ;
#1587 = CARTESIAN_POINT ( 'NONE',  ( 67.62777523501924293, 21.49999999999998934, -48.80691924790092884 ) ) ;
#1588 = EDGE_CURVE ( 'NONE', #2172, #887, #1995, .T. ) ;
#1589 = PLANE ( 'NONE',  #463 ) ;
#1590 = ORIENTED_EDGE ( 'NONE', *, *, #517, .T. ) ;
#1591 = DIRECTION ( 'NONE',  ( -0.9063077870366489375, 0.000000000000000000, 0.4226182617407015507 ) ) ;
#1592 = ORIENTED_EDGE ( 'NONE', *, *, #1550, .T. ) ;
#1593 = ORIENTED_EDGE ( 'NONE', *, *, #816, .T. ) ;
#1594 = DIRECTION ( 'NONE',  ( 0.9063077870366490485, 0.000000000000000000, -0.4226182617407013287 ) ) ;
#1595 = AXIS2_PLACEMENT_3D ( 'NONE', #418, #2631, #642 ) ;
#1596 = ORIENTED_EDGE ( 'NONE', *, *, #2047, .T. ) ;
#1597 = ORIENTED_EDGE ( 'NONE', *, *, #2303, .F. ) ;
#1598 = DIRECTION ( 'NONE',  ( 1.000000000000000000, -2.358290091949594185E-16, 0.000000000000000000 ) ) ;
#1599 = ORIENTED_EDGE ( 'NONE', *, *, #2710, .F. ) ;
#1600 = DIRECTION ( 'NONE',  ( -1.000000000000000000, 0.000000000000000000, 1.991441599360792004E-16 ) ) ;
#1601 = CARTESIAN_POINT ( 'NONE',  ( 76.89039676331871931, 40.99999999999999289, -14.74595377948695685 ) ) ;
#1602 = CARTESIAN_POINT ( 'NONE',  ( 45.77545626944246493, 40.99999999999998579, -5.753708338967695290 ) ) ;
#1603 = DIRECTION ( 'NONE',  ( 0.9063077870366492705, -0.000000000000000000, -0.4226182617407008291 ) ) ;
#1604 = LINE ( 'NONE', #1871, #911 ) ;
#1605 = VERTEX_POINT ( 'NONE', #544 ) ;
#1606 = CIRCLE ( 'NONE', #3091, 1.999999999999995115 ) ;
#1607 = ORIENTED_EDGE ( 'NONE', *, *, #2163, .F. ) ;
#1608 = EDGE_CURVE ( 'NONE', #620, #28, #2463, .T. ) ;
#1609 = DIRECTION ( 'NONE',  ( -0.4226182617407015507, -0.000000000000000000, -0.9063077870366490485 ) ) ;
#1610 = ORIENTED_EDGE ( 'NONE', *, *, #1186, .T. ) ;
#1611 = ORIENTED_EDGE ( 'NONE', *, *, #394, .F. ) ;
#1612 = DIRECTION ( 'NONE',  ( -0.9063077870366493816, 1.294224922628222493E-31, 0.4226182617407004405 ) ) ;
#1613 = VECTOR ( 'NONE', #458, 1000.000000000000000 ) ;
#1614 = AXIS2_PLACEMENT_3D ( 'NONE', #2801, #113, #864 ) ;
#1615 = LINE ( 'NONE', #895, #2556 ) ;
#1616 = LINE ( 'NONE', #2340, #374 ) ;
#1617 = CARTESIAN_POINT ( 'NONE',  ( 18.00000000000000000, 29.50000000000000000, -2.067405927265922205 ) ) ;
#1618 = VECTOR ( 'NONE', #1057, 1000.000000000000000 ) ;
#1619 = CARTESIAN_POINT ( 'NONE',  ( 70.66838478117266220, 35.50000000000000000, -16.25809361893005089 ) ) ;
#1620 = DIRECTION ( 'NONE',  ( 0.000000000000000000, -0.000000000000000000, -1.000000000000000000 ) ) ;
#1621 = ORIENTED_EDGE ( 'NONE', *, *, #1118, .F. ) ;
#1622 = CONICAL_SURFACE ( 'NONE', #2533, 1.700000000000000400, 1.029744258676654534 ) ;
#1623 = EDGE_LOOP ( 'NONE', ( #2075, #2001, #1109, #3138, #1611, #3024, #1117, #1781, #1656, #1081, #2977, #2755 ) ) ;
#1624 = CARTESIAN_POINT ( 'NONE',  ( 35.68880866807483443, 40.99999999999999289, -13.18738442592669990 ) ) ;
#1625 = CIRCLE ( 'NONE', #695, 10.00000000000000355 ) ;
#1626 = CARTESIAN_POINT ( 'NONE',  ( 34.84357214459343055, 41.00000000000000000, -12.49999999999999822 ) ) ;
#1627 = ORIENTED_EDGE ( 'NONE', *, *, #3120, .F. ) ;
#1628 = CARTESIAN_POINT ( 'NONE',  ( 21.50000000000000355, 4.000000000000000000, -15.00000000000000000 ) ) ;
#1629 = EDGE_CURVE ( 'NONE', #2189, #1197, #2981, .T. ) ;
#1630 = DIRECTION ( 'NONE',  ( 0.9063077870366493816, -2.775557561562899363E-17, -0.4226182617407005515 ) ) ;
#1631 = DIRECTION ( 'NONE',  ( 0.000000000000000000, 1.000000000000000000, 0.000000000000000000 ) ) ;
#1632 = PLANE ( 'NONE',  #640 ) ;
#1633 = DIRECTION ( 'NONE',  ( 0.4226182617407015507, 0.000000000000000000, 0.9063077870366490485 ) ) ;
#1634 = LINE ( 'NONE', #2344, #1138 ) ;
#1635 = LINE ( 'NONE', #2604, #2602 ) ;
#1636 = EDGE_CURVE ( 'NONE', #3005, #2679, #3016, .T. ) ;
#1637 = ADVANCED_FACE ( 'NONE', ( #2024 ), #760, .F. ) ;
#1638 = ORIENTED_EDGE ( 'NONE', *, *, #27, .T. ) ;
#1639 = ORIENTED_EDGE ( 'NONE', *, *, #2983, .T. ) ;
#1640 = DIRECTION ( 'NONE',  ( 0.2988362387301194967, 0.7071067811865513475, 0.6408563820557844348 ) ) ;
#1641 = VECTOR ( 'NONE', #2899, 1000.000000000000000 ) ;
#1642 = CARTESIAN_POINT ( 'NONE',  ( 13.34357214459343233, 33.50000000000000000, -2.067405927265921761 ) ) ;
#1643 = ORIENTED_EDGE ( 'NONE', *, *, #2809, .F. ) ;
#1644 = CARTESIAN_POINT ( 'NONE',  ( 40.52082333788827384, 5.000000000000000000, -9.923700275965549267 ) ) ;
#1645 = ADVANCED_FACE ( 'NONE', ( #2248, #2220 ), #19, .F. ) ;
#1646 = LINE ( 'NONE', #943, #2529 ) ;
#1647 =( NAMED_UNIT ( * ) SI_UNIT ( $, .STERADIAN. ) SOLID_ANGLE_UNIT ( ) );
#1648 = CARTESIAN_POINT ( 'NONE',  ( 43.23974669899822487, 2.000000000000000000, -11.19155506118765864 ) ) ;
#1649 = CARTESIAN_POINT ( 'NONE',  ( 13.34357214459343233, 33.50000000000000000, -2.067405927265921761 ) ) ;
#1650 = DIRECTION ( 'NONE',  ( -0.2988362387301200518, 0.7071067811865485719, -0.6408563820557872104 ) ) ;
#1651 = ORIENTED_EDGE ( 'NONE', *, *, #2860, .F. ) ;
#1652 = ORIENTED_EDGE ( 'NONE', *, *, #379, .F. ) ;
#1653 = PLANE ( 'NONE',  #1209 ) ;
#1654 = EDGE_CURVE ( 'NONE', #2077, #122, #531, .T. ) ;
#1655 = DIRECTION ( 'NONE',  ( -0.9063077870366500477, 0.000000000000000000, 0.4226182617406992748 ) ) ;
#1656 = ORIENTED_EDGE ( 'NONE', *, *, #340, .T. ) ;
#1657 = CARTESIAN_POINT ( 'NONE',  ( 75.19992371635592576, 2.000000000000000000, -18.37118492763356414 ) ) ;
#1658 = CIRCLE ( 'NONE', #989, 9.999999999999994671 ) ;
#1659 = AXIS2_PLACEMENT_3D ( 'NONE', #2132, #944, #1225 ) ;
#1660 = ORIENTED_EDGE ( 'NONE', *, *, #1166, .T. ) ;
#1661 = DIRECTION ( 'NONE',  ( 0.4226182617407004405, -0.000000000000000000, 0.9063077870366494926 ) ) ;
#1662 = FACE_OUTER_BOUND ( 'NONE', #1959, .T. ) ;
#1663 = FACE_OUTER_BOUND ( 'NONE', #1179, .T. ) ;
#1664 = DIRECTION ( 'NONE',  ( 0.9063077870366492705, 0.000000000000000000, -0.4226182617407011066 ) ) ;
#1665 = CARTESIAN_POINT ( 'NONE',  ( 18.00000000000000000, 13.49999999999999822, -2.067405927265923538 ) ) ;
#1666 = DIRECTION ( 'NONE',  ( 0.9063077870366484934, 0.000000000000000000, -0.4226182617407026609 ) ) ;
#1667 = EDGE_CURVE ( 'NONE', #2090, #121, #2225, .T. ) ;
#1668 = ORIENTED_EDGE ( 'NONE', *, *, #649, .T. ) ;
#1669 = CIRCLE ( 'NONE', #324, 1.499999999999999556 ) ;
#1670 = ORIENTED_EDGE ( 'NONE', *, *, #1539, .T. ) ;
#1671 = DIRECTION ( 'NONE',  ( -0.9063077870366492705, 0.000000000000000000, 0.4226182617407009401 ) ) ;
#1672 = CIRCLE ( 'NONE', #278, 1.699999999999993738 ) ;
#1673 = ORIENTED_EDGE ( 'NONE', *, *, #2300, .T. ) ;
#1674 = ORIENTED_EDGE ( 'NONE', *, *, #2070, .T. ) ;
#1675 = EDGE_CURVE ( 'NONE', #780, #2883, #3165, .T. ) ;
#1676 = CARTESIAN_POINT ( 'NONE',  ( 6.000000000000000000, 4.000000000000000000, -15.00000000000000000 ) ) ;
#1677 = EDGE_CURVE ( 'NONE', #2498, #2858, #2996, .T. ) ;
#1678 = ORIENTED_EDGE ( 'NONE', *, *, #1539, .F. ) ;
#1680 = ADVANCED_FACE ( 'NONE', ( #2704, #1746 ), #1760, .F. ) ;
#1679 = DIRECTION ( 'NONE',  ( -0.9063077870366491595, 0.000000000000000000, 0.4226182617407011621 ) ) ;
#1681 = DIRECTION ( 'NONE',  ( -0.4226182617407014397, -0.000000000000000000, -0.9063077870366492705 ) ) ;
#1682 = DIRECTION ( 'NONE',  ( 2.102695122396130163E-16, 1.000000000000000000, -0.000000000000000000 ) ) ;
#1683 = CARTESIAN_POINT ( 'NONE',  ( 71.39105615928184534, 4.999999999999997335, -9.975916681015792875 ) ) ;
#1684 = DIRECTION ( 'NONE',  ( 0.4226182617407013287, -0.000000000000000000, 0.9063077870366490485 ) ) ;
#1685 = ORIENTED_EDGE ( 'NONE', *, *, #2860, .T. ) ;
#1686 = ORIENTED_EDGE ( 'NONE', *, *, #2711, .T. ) ;
#1687 = VECTOR ( 'NONE', #229, 1000.000000000000000 ) ;
#1688 = CARTESIAN_POINT ( 'NONE',  ( 70.96886051580288779, 4.999999999999997335, -10.88131816026541365 ) ) ;
#1689 = CARTESIAN_POINT ( 'NONE',  ( 34.84357214459343055, 41.00000000000000000, -12.49999999999999822 ) ) ;
#1690 = FACE_BOUND ( 'NONE', #2156, .T. ) ;
#1691 = ORIENTED_EDGE ( 'NONE', *, *, #946, .T. ) ;
#1692 = AXIS2_PLACEMENT_3D ( 'NONE', #2752, #547, #2509 ) ;
#1693 = EDGE_LOOP ( 'NONE', ( #69, #70 ) ) ;
#1694 = DIRECTION ( 'NONE',  ( 1.000000000000000000, 0.000000000000000000, 0.000000000000000000 ) ) ;
#1695 = FILL_AREA_STYLE ('',( #914 ) ) ;
#1696 = CARTESIAN_POINT ( 'NONE',  ( 29.34357214459343410, 41.00000000000000000, -12.49999999999999645 ) ) ;
#1697 = PLANE ( 'NONE',  #2941 ) ;
#1698 = VECTOR ( 'NONE', #2275, 1000.000000000000000 ) ;
#1699 = DIRECTION ( 'NONE',  ( 0.000000000000000000, -0.000000000000000000, -1.000000000000000000 ) ) ;
#1700 = AXIS2_PLACEMENT_3D ( 'NONE', #2857, #399, #891 ) ;
#1701 = LINE ( 'NONE', #2882, #1273 ) ;
#1702 = ORIENTED_EDGE ( 'NONE', *, *, #1492, .F. ) ;
#1703 = VECTOR ( 'NONE', #1869, 1000.000000000000000 ) ;
#1704 = ORIENTED_EDGE ( 'NONE', *, *, #1283, .T. ) ;
#1705 = CARTESIAN_POINT ( 'NONE',  ( 40.52082333788827384, 5.000000000000000000, -9.923700275965549267 ) ) ;
#1706 = CARTESIAN_POINT ( 'NONE',  ( 40.33760954722257708, 40.99999999999998579, -3.217998768523487652 ) ) ;
#1707 = ORIENTED_EDGE ( 'NONE', *, *, #1774, .T. ) ;
#1708 = ORIENTED_EDGE ( 'NONE', *, *, #1096, .F. ) ;
#1709 = VERTEX_POINT ( 'NONE', #777 ) ;
#1710 = VECTOR ( 'NONE', #660, 1000.000000000000000 ) ;
#1711 = ORIENTED_EDGE ( 'NONE', *, *, #1009, .T. ) ;
#1712 = CIRCLE ( 'NONE', #111, 1.500000000000004885 ) ;
#1713 = FACE_OUTER_BOUND ( 'NONE', #312, .T. ) ;
#1714 = DIRECTION ( 'NONE',  ( -0.9063077870366490485, 0.000000000000000000, 0.4226182617407013287 ) ) ;
#1715 = FACE_OUTER_BOUND ( 'NONE', #425, .T. ) ;
#1716 = DIRECTION ( 'NONE',  ( -0.9063077870366490485, -0.000000000000000000, 0.4226182617407013287 ) ) ;
#1717 = VECTOR ( 'NONE', #762, 1000.000000000000114 ) ;
#1718 = LINE ( 'NONE', #2246, #2095 ) ;
#1719 = CARTESIAN_POINT ( 'NONE',  ( 83.17348000902001104, 0.000000000000000000, -15.46904777585785595 ) ) ;
#1720 = PLANE ( 'NONE',  #782 ) ;
#1721 = LINE ( 'NONE', #921, #1575 ) ;
#1722 = AXIS2_PLACEMENT_3D ( 'NONE', #1482, #24, #2422 ) ;
#1723 = ORIENTED_EDGE ( 'NONE', *, *, #2693, .F. ) ;
#1724 = ORIENTED_EDGE ( 'NONE', *, *, #385, .F. ) ;
#1725 = ADVANCED_FACE ( 'NONE', ( #2011 ), #792, .F. ) ;
#1726 = DIRECTION ( 'NONE',  ( -0.9063077870366489375, -0.000000000000000000, 0.4226182617407016062 ) ) ;
#1727 = DIRECTION ( 'NONE',  ( 0.000000000000000000, 0.000000000000000000, 1.000000000000000000 ) ) ;
#1728 = CYLINDRICAL_SURFACE ( 'NONE', #2833, 9.999999999999994671 ) ;
#1729 = EDGE_CURVE ( 'NONE', #424, #2194, #1384, .T. ) ;
#1730 = AXIS2_PLACEMENT_3D ( 'NONE', #3151, #1425, #2434 ) ;
#1731 = EDGE_LOOP ( 'NONE', ( #1391, #1463, #743, #1627 ) ) ;
#1732 = CARTESIAN_POINT ( 'NONE',  ( 34.84357214459343055, 41.00000000000000000, -12.49999999999999822 ) ) ;
#1733 = DIRECTION ( 'NONE',  ( 0.4226182617407013287, -0.000000000000000000, 0.9063077870366490485 ) ) ;
#1734 = CARTESIAN_POINT ( 'NONE',  ( 75.19992371635592576, 11.50000000000000000, -18.37118492763356414 ) ) ;
#1735 = LINE ( 'NONE', #2657, #2538 ) ;
#1736 = ORIENTED_EDGE ( 'NONE', *, *, #594, .F. ) ;
#1737 = VERTEX_POINT ( 'NONE', #2069 ) ;
#1738 = ORIENTED_EDGE ( 'NONE', *, *, #1541, .F. ) ;
#1739 = CARTESIAN_POINT ( 'NONE',  ( 69.28326805198608440, 2.000000000000000000, -31.05949394614664172 ) ) ;
#1740 = DIRECTION ( 'NONE',  ( 0.9063077870366489375, -0.000000000000000000, -0.4226182617407016062 ) ) ;
#1741 = AXIS2_PLACEMENT_3D ( 'NONE', #117, #2542, #1591 ) ;
#1742 = ORIENTED_EDGE ( 'NONE', *, *, #1608, .T. ) ;
#1743 = DIRECTION ( 'NONE',  ( -0.4226182617407015507, -0.000000000000000000, -0.9063077870366490485 ) ) ;
#1744 = EDGE_CURVE ( 'NONE', #1379, #603, #3079, .T. ) ;
#1745 = PLANE ( 'NONE',  #356 ) ;
#1746 = FACE_OUTER_BOUND ( 'NONE', #2046, .T. ) ;
#1747 = VECTOR ( 'NONE', #1733, 1000.000000000000114 ) ;
#1748 = LINE ( 'NONE', #561, #477 ) ;
#1749 = EDGE_CURVE ( 'NONE', #3184, #2172, #2486, .T. ) ;
#1750 = FACE_OUTER_BOUND ( 'NONE', #824, .T. ) ;
#1751 = VERTEX_POINT ( 'NONE', #1617 ) ;
#1752 = ORIENTED_EDGE ( 'NONE', *, *, #2226, .F. ) ;
#1753 = DIRECTION ( 'NONE',  ( -0.9063077870366492705, 0.000000000000000000, 0.4226182617407009401 ) ) ;
#1754 = CARTESIAN_POINT ( 'NONE',  ( 0.000000000000000000, 43.00000000000000000, -14.99999999999999289 ) ) ;
#1755 = DIRECTION ( 'NONE',  ( 1.000000000000000000, 0.000000000000000000, 0.000000000000000000 ) ) ;
#1756 = ORIENTED_EDGE ( 'NONE', *, *, #2421, .T. ) ;
#1757 = AXIS2_PLACEMENT_3D ( 'NONE', #707, #242, #2407 ) ;
#1758 = LINE ( 'NONE', #2231, #624 ) ;
#1759 = CARTESIAN_POINT ( 'NONE',  ( 70.96886051580288779, 37.99999999999999289, -10.88131816026541365 ) ) ;
#1760 = PLANE ( 'NONE',  #3006 ) ;
#1761 = EDGE_CURVE ( 'NONE', #2194, #1511, #850, .T. ) ;
#1762 = DIRECTION ( 'NONE',  ( 0.9063077870366490485, -0.000000000000000000, -0.4226182617407013287 ) ) ;
#1763 = EDGE_CURVE ( 'NONE', #507, #3186, #865, .T. ) ;
#1764 = DIRECTION ( 'NONE',  ( 0.9063077870366494926, -0.000000000000000000, -0.4226182617407004405 ) ) ;
#1765 = VECTOR ( 'NONE', #1777, 1000.000000000000000 ) ;
#1766 = PRODUCT_DEFINITION_CONTEXT ( 'detailed design', #2821, 'design' ) ;
#1767 = VECTOR ( 'NONE', #2307, 1000.000000000000000 ) ;
#1768 = ORIENTED_EDGE ( 'NONE', *, *, #728, .F. ) ;
#1769 = VERTEX_POINT ( 'NONE', #2341 ) ;
#1770 = ADVANCED_FACE ( 'NONE', ( #130 ), #1126, .T. ) ;
#1771 = ORIENTED_EDGE ( 'NONE', *, *, #1299, .F. ) ;
#1772 = FACE_OUTER_BOUND ( 'NONE', #2016, .T. ) ;
#1773 = ORIENTED_EDGE ( 'NONE', *, *, #898, .T. ) ;
#1774 = EDGE_CURVE ( 'NONE', #1328, #1396, #389, .T. ) ;
#1775 = VECTOR ( 'NONE', #339, 1000.000000000000000 ) ;
#1776 = DIRECTION ( 'NONE',  ( 0.9063077870366489375, 0.000000000000000000, -0.4226182617407016062 ) ) ;
#1777 = DIRECTION ( 'NONE',  ( 1.000000000000000000, -0.000000000000000000, -0.000000000000000000 ) ) ;
#1778 = CARTESIAN_POINT ( 'NONE',  ( 13.34357214459343233, 9.500000000000003553, -2.067405927265924870 ) ) ;
#1779 = FACE_OUTER_BOUND ( 'NONE', #983, .T. ) ;
#1780 = CARTESIAN_POINT ( 'NONE',  ( 41.12665539029471518, 8.000000000000000000, -15.72309399637090266 ) ) ;
#1781 = ORIENTED_EDGE ( 'NONE', *, *, #51, .F. ) ;
#1782 = ORIENTED_EDGE ( 'NONE', *, *, #812, .T. ) ;
#1783 = ORIENTED_EDGE ( 'NONE', *, *, #2000, .T. ) ;
#1784 = FACE_OUTER_BOUND ( 'NONE', #1623, .T. ) ;
#1785 = ORIENTED_EDGE ( 'NONE', *, *, #2328, .T. ) ;
#1786 = DIRECTION ( 'NONE',  ( 0.4226182617407013287, -0.000000000000000000, 0.9063077870366490485 ) ) ;
#1787 = DIRECTION ( 'NONE',  ( 0.4226182617407004960, 0.000000000000000000, 0.9063077870366494926 ) ) ;
#1788 = VECTOR ( 'NONE', #2311, 1000.000000000000114 ) ;
#1789 = DIRECTION ( 'NONE',  ( 0.000000000000000000, -0.000000000000000000, 1.000000000000000000 ) ) ;
#1790 = ADVANCED_FACE ( 'NONE', ( #355 ), #1370, .F. ) ;
#1791 = LINE ( 'NONE', #1507, #1717 ) ;
#1792 = DIRECTION ( 'NONE',  ( 0.9063077870366494926, -0.000000000000000000, -0.4226182617407004405 ) ) ;
#1793 = ORIENTED_EDGE ( 'NONE', *, *, #575, .T. ) ;
#1794 = ORIENTED_EDGE ( 'NONE', *, *, #2754, .F. ) ;
#1795 = VERTEX_POINT ( 'NONE', #3094 ) ;
#1796 = ORIENTED_EDGE ( 'NONE', *, *, #1667, .T. ) ;
#1797 = CARTESIAN_POINT ( 'NONE',  ( 41.12665539029470807, 2.000000000000000000, -15.72309399637090266 ) ) ;
#1798 = CARTESIAN_POINT ( 'NONE',  ( 70.54624225406217874, 4.999999999999997335, -11.78762594730206281 ) ) ;
#1799 = EDGE_LOOP ( 'NONE', ( #1673, #1685 ) ) ;
#1800 = DIRECTION ( 'NONE',  ( -0.000000000000000000, -0.000000000000000000, 1.000000000000000000 ) ) ;
#1801 = CARTESIAN_POINT ( 'NONE',  ( 0.000000000000000000, 0.000000000000000000, 0.000000000000000000 ) ) ;
#1802 = LINE ( 'NONE', #2787, #1775 ) ;
#1803 = LINE ( 'NONE', #1048, #2681 ) ;
#1804 = EDGE_CURVE ( 'NONE', #1375, #2284, #1571, .T. ) ;
#1805 = AXIS2_PLACEMENT_3D ( 'NONE', #3074, #1156, #2100 ) ;
#1806 = CARTESIAN_POINT ( 'NONE',  ( 13.34357214459343233, 29.50000000000000000, 0.000000000000000000 ) ) ;
#1807 = ADVANCED_FACE ( 'NONE', ( #2552 ), #882, .F. ) ;
#1808 = EDGE_LOOP ( 'NONE', ( #843, #2198, #16, #2352, #347, #2029, #2313, #9 ) ) ;
#1809 = ORIENTED_EDGE ( 'NONE', *, *, #1839, .F. ) ;
#1810 = ADVANCED_FACE ( 'NONE', ( #2847, #3047 ), #1632, .T. ) ;
#1811 = ORIENTED_EDGE ( 'NONE', *, *, #2771, .T. ) ;
#1812 = ORIENTED_EDGE ( 'NONE', *, *, #3052, .F. ) ;
#1813 = EDGE_CURVE ( 'NONE', #1448, #2091, #2039, .T. ) ;
#1814 = CARTESIAN_POINT ( 'NONE',  ( 70.96886051580288779, 4.999999999999997335, -10.88131816026541365 ) ) ;
#1815 = ORIENTED_EDGE ( 'NONE', *, *, #594, .T. ) ;
#1816 = AXIS2_PLACEMENT_3D ( 'NONE', #785, #2762, #1830 ) ;
#1817 = EDGE_CURVE ( 'NONE', #1390, #1233, #1802, .T. ) ;
#1818 = ADVANCED_FACE ( 'NONE', ( #1324 ), #1622, .F. ) ;
#1819 = LINE ( 'NONE', #3063, #1997 ) ;
#1820 = FACE_OUTER_BOUND ( 'NONE', #3004, .T. ) ;
#1821 = DIRECTION ( 'NONE',  ( 0.000000000000000000, -1.662792076335610851E-16, -1.000000000000000000 ) ) ;
#1822 = AXIS2_PLACEMENT_3D ( 'NONE', #593, #114, #2585 ) ;
#1823 = LINE ( 'NONE', #610, #2510 ) ;
#1824 = CARTESIAN_POINT ( 'NONE',  ( 72.24547431399439290, 53.00000000000000000, -38.90423161620805104 ) ) ;
#1825 = ORIENTED_EDGE ( 'NONE', *, *, #2143, .F. ) ;
#1826 = VERTEX_POINT ( 'NONE', #3065 ) ;
#1827 = DIRECTION ( 'NONE',  ( -0.9063077870366490485, -0.000000000000000000, 0.4226182617407013287 ) ) ;
#1828 = ORIENTED_EDGE ( 'NONE', *, *, #1677, .F. ) ;
#1829 = ORIENTED_EDGE ( 'NONE', *, *, #216, .F. ) ;
#1830 = DIRECTION ( 'NONE',  ( 0.000000000000000000, -0.000000000000000000, 1.000000000000000000 ) ) ;
#1831 = EDGE_LOOP ( 'NONE', ( #381, #783, #2060, #1090, #377 ) ) ;
#1832 = CARTESIAN_POINT ( 'NONE',  ( 72.66226191265330669, 14.09999999999999964, -17.18785379475960085 ) ) ;
#1833 = CYLINDRICAL_SURFACE ( 'NONE', #1614, 1.700000000000005729 ) ;
#1834 = CARTESIAN_POINT ( 'NONE',  ( 75.19992371635592576, 25.50000000000000355, -18.37118492763356414 ) ) ;
#1835 = EDGE_CURVE ( 'NONE', #633, #1472, #371, .T. ) ;
#1836 = CARTESIAN_POINT ( 'NONE',  ( 18.00000000000000000, 29.50000000000000000, 0.000000000000000000 ) ) ;
#1837 = CIRCLE ( 'NONE', #1940, 1.700000000000000400 ) ;
#1838 = DIRECTION ( 'NONE',  ( -0.000000000000000000, 1.000000000000000000, -0.000000000000000000 ) ) ;
#1839 = EDGE_CURVE ( 'NONE', #1576, #567, #1357, .T. ) ;
#1840 = ORIENTED_EDGE ( 'NONE', *, *, #1339, .T. ) ;
#1841 = ORIENTED_EDGE ( 'NONE', *, *, #1410, .F. ) ;
#1842 = CARTESIAN_POINT ( 'NONE',  ( 74.77730545461523093, 2.000000000000000000, -19.27749271467014225 ) ) ;
#1843 = VECTOR ( 'NONE', #1786, 1000.000000000000114 ) ;
#1844 = ORIENTED_EDGE ( 'NONE', *, *, #3010, .F. ) ;
#1845 = VERTEX_POINT ( 'NONE', #1142 ) ;
#1846 = CARTESIAN_POINT ( 'NONE',  ( 72.35885782813546996, 5.500000000000000000, -12.63286247078345603 ) ) ;
#1847 = AXIS2_PLACEMENT_3D ( 'NONE', #2770, #2737, #307 ) ;
#1848 = FACE_OUTER_BOUND ( 'NONE', #2465, .T. ) ;
#1849 = FACE_OUTER_BOUND ( 'NONE', #1034, .T. ) ;
#1850 = DIRECTION ( 'NONE',  ( 0.9063077870366489375, -0.000000000000000000, -0.4226182617407016062 ) ) ;
#1851 = DIRECTION ( 'NONE',  ( -1.000000000000000000, 0.000000000000000000, 0.000000000000000000 ) ) ;
#1852 = CARTESIAN_POINT ( 'NONE',  ( 76.89039676331871931, 2.000000000000000000, -14.74595377948695685 ) ) ;
#1853 = EDGE_CURVE ( 'NONE', #1448, #1379, #1672, .T. ) ;
#1854 = ORIENTED_EDGE ( 'NONE', *, *, #1813, .F. ) ;
#1855 = ADVANCED_FACE ( 'NONE', ( #163 ), #2826, .T. ) ;
#1856 = ORIENTED_EDGE ( 'NONE', *, *, #738, .F. ) ;
#1857 = CARTESIAN_POINT ( 'NONE',  ( 70.54624225406217874, 37.99999999999999289, -11.78762594730206281 ) ) ;
#1858 = VECTOR ( 'NONE', #2295, 1000.000000000000114 ) ;
#1859 = LINE ( 'NONE', #906, #2662 ) ;
#1860 = VERTEX_POINT ( 'NONE', #2593 ) ;
#1861 = CARTESIAN_POINT ( 'NONE',  ( 70.66838478117266220, 33.49999999999999289, -16.25809361893005089 ) ) ;
#1862 = AXIS2_PLACEMENT_3D ( 'NONE', #3078, #144, #128 ) ;
#1864 = EDGE_CURVE ( 'NONE', #3005, #2417, #665, .T. ) ;
#1863 = FACE_BOUND ( 'NONE', #2139, .T. ) ;
#1865 = FACE_OUTER_BOUND ( 'NONE', #2564, .T. ) ;
#1866 = DIRECTION ( 'NONE',  ( 1.000000000000000000, 0.000000000000000000, 0.000000000000000000 ) ) ;
#1867 = EDGE_CURVE ( 'NONE', #2020, #2549, #652, .T. ) ;
#1868 = AXIS2_PLACEMENT_3D ( 'NONE', #1676, #908, #3123 ) ;
#1869 = DIRECTION ( 'NONE',  ( -1.000000000000000000, -0.000000000000000000, -0.000000000000000000 ) ) ;
#1870 = CARTESIAN_POINT ( 'NONE',  ( 6.394600187392398105, 0.000000000000000000, 13.71326435575463520 ) ) ;
#1871 = CARTESIAN_POINT ( 'NONE',  ( 49.70116315221923031, 40.99999999999999289, -2.067405927265921761 ) ) ;
#1872 = ORIENTED_EDGE ( 'NONE', *, *, #2949, .F. ) ;
#1873 = DIRECTION ( 'NONE',  ( 0.9063077870366489375, 0.000000000000000000, -0.4226182617407014952 ) ) ;
#1874 = VECTOR ( 'NONE', #2141, 1000.000000000000000 ) ;
#1875 = ADVANCED_FACE ( 'NONE', ( #412 ), #1363, .F. ) ;
#1876 = DIRECTION ( 'NONE',  ( 0.4226182617406992748, 0.000000000000000000, 0.9063077870366500477 ) ) ;
#1877 = ORIENTED_EDGE ( 'NONE', *, *, #1410, .T. ) ;
#1878 = LINE ( 'NONE', #2613, #2783 ) ;
#1879 = CARTESIAN_POINT ( 'NONE',  ( 64.72557299150996357, -2.928932188134544923, -43.19970412806245719 ) ) ;
#1880 = CARTESIAN_POINT ( 'NONE',  ( 73.71831950869047034, 36.99999999999999289, -13.26678986339451960 ) ) ;
#1881 = DIRECTION ( 'NONE',  ( 0.000000000000000000, -1.000000000000000000, 0.000000000000000000 ) ) ;
#1882 = DIRECTION ( 'NONE',  ( -0.4226182617407015507, -0.000000000000000000, -0.9063077870366490485 ) ) ;
#1883 = CARTESIAN_POINT ( 'NONE',  ( 48.20341971756142385, -24.46194077712564763, -90.46258408152711183 ) ) ;
#1884 = ADVANCED_FACE ( 'NONE', ( #2076 ), #1104, .F. ) ;
#1885 = ORIENTED_EDGE ( 'NONE', *, *, #1550, .F. ) ;
#1886 = ORIENTED_EDGE ( 'NONE', *, *, #1864, .T. ) ;
#1887 = DIRECTION ( 'NONE',  ( 0.000000000000000000, -0.000000000000000000, 1.000000000000000000 ) ) ;
#1888 = VECTOR ( 'NONE', #933, 1000.000000000000000 ) ;
#1889 = CARTESIAN_POINT ( 'NONE',  ( 6.394600187392398105, 0.000000000000000000, 13.71326435575463520 ) ) ;
#1890 = EDGE_LOOP ( 'NONE', ( #2230, #206, #215, #672 ) ) ;
#1891 = CARTESIAN_POINT ( 'NONE',  ( 69.25711192669319871, 45.92893218813453160, -45.31279543676595978 ) ) ;
#1892 = AXIS2_PLACEMENT_3D ( 'NONE', #93, #819, #833 ) ;
#1893 = ORIENTED_EDGE ( 'NONE', *, *, #1904, .T. ) ;
#1894 = LINE ( 'NONE', #2877, #767 ) ;
#1895 = DIRECTION ( 'NONE',  ( 0.000000000000000000, 0.000000000000000000, 1.000000000000000000 ) ) ;
#1896 = FACE_BOUND ( 'NONE', #1154, .T. ) ;
#1897 = CARTESIAN_POINT ( 'NONE',  ( 71.12153867469100987, 5.000000000000000000, -16.46940274980040897 ) ) ;
#1898 = LINE ( 'NONE', #2637, #402 ) ;
#1899 = EDGE_CURVE ( 'NONE', #220, #2437, #2334, .T. ) ;
#1900 = ORIENTED_EDGE ( 'NONE', *, *, #2812, .T. ) ;
#1901 = VERTEX_POINT ( 'NONE', #2127 ) ;
#1902 = DIRECTION ( 'NONE',  ( 0.2988362387301227718, 0.7071067811865432429, 0.6408563820557918733 ) ) ;
#1903 = ADVANCED_FACE ( 'NONE', ( #1134 ), #2576, .F. ) ;
#1904 = EDGE_CURVE ( 'NONE', #993, #2347, #137, .T. ) ;
#1905 = CYLINDRICAL_SURFACE ( 'NONE', #2753, 9.999999999999994671 ) ;
#1906 = ORIENTED_EDGE ( 'NONE', *, *, #1058, .T. ) ;
#1907 = LINE ( 'NONE', #2369, #2058 ) ;
#1908 = VECTOR ( 'NONE', #2135, 1000.000000000000000 ) ;
#1909 = VECTOR ( 'NONE', #725, 1000.000000000000114 ) ;
#1910 = EDGE_CURVE ( 'NONE', #1934, #2437, #3103, .T. ) ;
#1911 = EDGE_LOOP ( 'NONE', ( #1643, #1599, #2396, #152 ) ) ;
#1912 = CARTESIAN_POINT ( 'NONE',  ( 62.32797828891536085, 4.999999999999997335, -5.749734063608776147 ) ) ;
#1913 = DIRECTION ( 'NONE',  ( 0.000000000000000000, -1.000000000000000000, 0.000000000000000000 ) ) ;
#1914 = DIRECTION ( 'NONE',  ( -0.9063077870366494926, -2.775557561562899979E-17, 0.4226182617407003295 ) ) ;
#1915 = VECTOR ( 'NONE', #2749, 1000.000000000000000 ) ;
#1916 = FACE_BOUND ( 'NONE', #265, .T. ) ;
#1917 = CYLINDRICAL_SURFACE ( 'NONE', #518, 1.699999999999993072 ) ;
#1918 = DIRECTION ( 'NONE',  ( -0.9063077870366489375, 0.000000000000000000, 0.4226182617407015507 ) ) ;
#1919 = VERTEX_POINT ( 'NONE', #856 ) ;
#1920 = ORIENTED_EDGE ( 'NONE', *, *, #2280, .T. ) ;
#1921 = EDGE_LOOP ( 'NONE', ( #1651, #253, #2180, #1219 ) ) ;
#1922 = CARTESIAN_POINT ( 'NONE',  ( 70.66838478117266220, 11.50000000000000000, -16.25809361893005089 ) ) ;
#1923 = AXIS2_PLACEMENT_3D ( 'NONE', #2856, #3056, #1887 ) ;
#1924 = DIRECTION ( 'NONE',  ( 1.000000000000000000, 0.000000000000000000, -0.000000000000000000 ) ) ;
#1925 = EDGE_LOOP ( 'NONE', ( #920, #599, #1039, #951 ) ) ;
#1926 = EDGE_LOOP ( 'NONE', ( #359, #2725, #720, #1136 ) ) ;
#1927 = FACE_OUTER_BOUND ( 'NONE', #1808, .T. ) ;
#1928 = SURFACE_SIDE_STYLE ('',( #692 ) ) ;
#1929 = DIRECTION ( 'NONE',  ( 0.4226182617407013842, 0.000000000000000000, 0.9063077870366491595 ) ) ;
#1930 = CARTESIAN_POINT ( 'NONE',  ( 7.500000000000000000, 4.000000000000000000, 0.000000000000000000 ) ) ;
#1931 = DIRECTION ( 'NONE',  ( -0.9063077870366496036, 6.700788708272329884E-17, 0.4226182617407005515 ) ) ;
#1932 = CARTESIAN_POINT ( 'NONE',  ( 20.00000000000000000, 4.000000000000000000, -15.00000000000000000 ) ) ;
#1933 = ORIENTED_EDGE ( 'NONE', *, *, #1058, .F. ) ;
#1934 = VERTEX_POINT ( 'NONE', #2092 ) ;
#1935 = VECTOR ( 'NONE', #2152, 1000.000000000000000 ) ;
#1936 = CARTESIAN_POINT ( 'NONE',  ( 29.34357214459343410, 2.000000000000000000, -12.49999999999999645 ) ) ;
#1937 = CARTESIAN_POINT ( 'NONE',  ( 72.81201172165381763, 14.09999999999999964, -12.84417160165381588 ) ) ;
#1938 = ORIENTED_EDGE ( 'NONE', *, *, #1299, .T. ) ;
#1939 = EDGE_LOOP ( 'NONE', ( #705, #3164, #1607, #2712 ) ) ;
#1940 = AXIS2_PLACEMENT_3D ( 'NONE', #730, #2690, #1918 ) ;
#1941 = ORIENTED_EDGE ( 'NONE', *, *, #613, .F. ) ;
#1942 = CARTESIAN_POINT ( 'NONE',  ( 29.34357214459343410, 33.50000000000000000, -12.49999999999999645 ) ) ;
#1943 = DIRECTION ( 'NONE',  ( 0.9063077870366492705, -0.000000000000000000, -0.4226182617407008291 ) ) ;
#1944 = CARTESIAN_POINT ( 'NONE',  ( 70.96886051580288779, 4.999999999999997335, -10.88131816026541365 ) ) ;
#1945 = DIRECTION ( 'NONE',  ( 0.000000000000000000, -1.000000000000000000, -1.264902534566421675E-16 ) ) ;
#1946 = CIRCLE ( 'NONE', #2147, 1.699999999999993072 ) ;
#1947 = CARTESIAN_POINT ( 'NONE',  ( 70.66838478117266220, 13.50000000000000000, -16.25809361893005089 ) ) ;
#1948 = FACE_OUTER_BOUND ( 'NONE', #2053, .T. ) ;
#1949 = AXIS2_PLACEMENT_3D ( 'NONE', #2553, #2327, #2849 ) ;
#1950 = ORIENTED_EDGE ( 'NONE', *, *, #618, .F. ) ;
#1951 = CARTESIAN_POINT ( 'NONE',  ( 71.12153867469100987, 14.09999999999999964, -16.46940274980040897 ) ) ;
#1952 = CARTESIAN_POINT ( 'NONE',  ( 48.20341971756143806, 67.46194077712563342, -90.46258408152708341 ) ) ;
#1953 = ADVANCED_FACE ( 'NONE', ( #3070 ), #3086, .F. ) ;
#1954 = ORIENTED_EDGE ( 'NONE', *, *, #2954, .F. ) ;
#1955 = EDGE_CURVE ( 'NONE', #3037, #2623, #842, .T. ) ;
#1956 = ORIENTED_EDGE ( 'NONE', *, *, #575, .F. ) ;
#1957 = EDGE_CURVE ( 'NONE', #2254, #2679, #1151, .T. ) ;
#1958 = VECTOR ( 'NONE', #1914, 1000.000000000000114 ) ;
#1959 = EDGE_LOOP ( 'NONE', ( #686, #103, #832, #1428 ) ) ;
#1960 = AXIS2_PLACEMENT_3D ( 'NONE', #1644, #2843, #639 ) ;
#1961 = DIRECTION ( 'NONE',  ( -1.991441599360792004E-16, 0.000000000000000000, -1.000000000000000000 ) ) ;
#1962 = CARTESIAN_POINT ( 'NONE',  ( 0.000000000000000000, 13.49999999999999822, 2.017049592633157337E-15 ) ) ;
#1963 = DIRECTION ( 'NONE',  ( 0.9063077870366493816, -3.925231146709444080E-17, -0.4226182617407004960 ) ) ;
#1964 = ORIENTED_EDGE ( 'NONE', *, *, #2217, .T. ) ;
#1965 = CARTESIAN_POINT ( 'NONE',  ( 37.80189997677833702, 40.99999999999999289, -8.655845490743455883 ) ) ;
#1966 = CIRCLE ( 'NONE', #2836, 10.00000000000000355 ) ;
#1967 = ADVANCED_FACE ( 'NONE', ( #904 ), #1653, .F. ) ;
#1968 = CARTESIAN_POINT ( 'NONE',  ( 57.11951152523360520, 35.64213562373092259, -59.51095558031313004 ) ) ;
#1969 = CARTESIAN_POINT ( 'NONE',  ( 0.000000000000000000, 29.50000000000000000, 0.000000000000000000 ) ) ;
#1970 = CARTESIAN_POINT ( 'NONE',  ( 18.00000000000000000, 13.49999999999999822, 0.000000000000000000 ) ) ;
#1971 = VECTOR ( 'NONE', #1253, 1000.000000000000114 ) ;
#1972 = VERTEX_POINT ( 'NONE', #890 ) ;
#1973 = ORIENTED_EDGE ( 'NONE', *, *, #952, .F. ) ;
#1974 = EDGE_CURVE ( 'NONE', #2189, #239, #1409, .T. ) ;
#1975 = DIRECTION ( 'NONE',  ( 1.000000000000000000, 0.000000000000000000, -1.991441599360792004E-16 ) ) ;
#1976 = CARTESIAN_POINT ( 'NONE',  ( 76.89039676331873352, 25.50000000000000355, -14.74595377948696751 ) ) ;
#1977 = DIRECTION ( 'NONE',  ( 0.000000000000000000, -1.000000000000000000, 1.084202172485504434E-16 ) ) ;
#1978 = VECTOR ( 'NONE', #1902, 1000.000000000000114 ) ;
#1979 = EDGE_CURVE ( 'NONE', #2284, #41, #1084, .T. ) ;
#1980 = VERTEX_POINT ( 'NONE', #2808 ) ;
#1981 = DIRECTION ( 'NONE',  ( 2.102695122396130163E-16, 1.000000000000000000, -0.000000000000000000 ) ) ;
#1982 = LINE ( 'NONE', #2462, #3134 ) ;
#1983 = CARTESIAN_POINT ( 'NONE',  ( 38.40773202918477836, 38.00000000000000000, -14.45523921114880039 ) ) ;
#1984 = PLANE ( 'NONE',  #1023 ) ;
#1985 = CARTESIAN_POINT ( 'NONE',  ( 45.77545626944245782, 2.000000000000000000, -5.753708338967697067 ) ) ;
#1986 = ORIENTED_EDGE ( 'NONE', *, *, #1525, .T. ) ;
#1987 = ORIENTED_EDGE ( 'NONE', *, *, #101, .F. ) ;
#1988 = ORIENTED_EDGE ( 'NONE', *, *, #671, .T. ) ;
#1989 = DIRECTION ( 'NONE',  ( -0.4226182617407013287, 0.000000000000000000, -0.9063077870366490485 ) ) ;
#1990 = CARTESIAN_POINT ( 'NONE',  ( 72.66226191265330669, 14.09999999999999964, -17.18785379475960085 ) ) ;
#1991 = CARTESIAN_POINT ( 'NONE',  ( 54.18014449216386197, 81.60407640085658443, -77.64545644041129435 ) ) ;
#1992 = ORIENTED_EDGE ( 'NONE', *, *, #247, .T. ) ;
#1993 = CARTESIAN_POINT ( 'NONE',  ( 73.56856969968997362, 21.99999999999999289, -17.61047205650030989 ) ) ;
#1994 = DIRECTION ( 'NONE',  ( 0.000000000000000000, 0.000000000000000000, -1.000000000000000000 ) ) ;
#1995 = LINE ( 'NONE', #2521, #2653 ) ;
#1996 = EDGE_CURVE ( 'NONE', #2526, #780, #1348, .T. ) ;
#1997 = VECTOR ( 'NONE', #1600, 1000.000000000000000 ) ;
#1998 = DIRECTION ( 'NONE',  ( 0.000000000000000000, 1.000000000000000000, -0.000000000000000000 ) ) ;
#1999 = FACE_OUTER_BOUND ( 'NONE', #2708, .T. ) ;
#2000 = EDGE_CURVE ( 'NONE', #2574, #992, #1718, .T. ) ;
#2001 = ORIENTED_EDGE ( 'NONE', *, *, #953, .F. ) ;
#2002 = ORIENTED_EDGE ( 'NONE', *, *, #1006, .T. ) ;
#2003 = EDGE_CURVE ( 'NONE', #552, #331, #1982, .T. ) ;
#2004 = ORIENTED_EDGE ( 'NONE', *, *, #2721, .T. ) ;
#2005 = DIRECTION ( 'NONE',  ( 0.000000000000000000, -0.000000000000000000, 1.000000000000000000 ) ) ;
#2006 = DIRECTION ( 'NONE',  ( 0.000000000000000000, 0.000000000000000000, 1.000000000000000000 ) ) ;
#2007 = ORIENTED_EDGE ( 'NONE', *, *, #2475, .F. ) ;
#2008 = LINE ( 'NONE', #1502, #735 ) ;
#2009 = FACE_OUTER_BOUND ( 'NONE', #1, .T. ) ;
#2010 = DIRECTION ( 'NONE',  ( -0.9063077870366490485, 2.602085213965208669E-16, 0.4226182617407013287 ) ) ;
#2011 = FACE_OUTER_BOUND ( 'NONE', #1481, .T. ) ;
#2012 = VECTOR ( 'NONE', #1270, 1000.000000000000000 ) ;
#2013 = CARTESIAN_POINT ( 'NONE',  ( 51.19178210486264646, 74.53300858899112313, -84.05402026096918178 ) ) ;
#2014 = DIRECTION ( 'NONE',  ( 1.000000000000000000, 0.000000000000000000, 0.000000000000000000 ) ) ;
#2015 = ORIENTED_EDGE ( 'NONE', *, *, #200, .F. ) ;
#2016 = EDGE_LOOP ( 'NONE', ( #2513, #1216, #1941, #36 ) ) ;
#2017 = CIRCLE ( 'NONE', #1868, 1.499999999999999556 ) ;
#2018 = VERTEX_POINT ( 'NONE', #776 ) ;
#2019 = DIRECTION ( 'NONE',  ( 0.9063077870366496036, -1.625883976416349408E-17, -0.4226182617407005515 ) ) ;
#2020 = VERTEX_POINT ( 'NONE', #2204 ) ;
#2021 = VECTOR ( 'NONE', #2818, 1000.000000000000000 ) ;
#2022 = LINE ( 'NONE', #2816, #2350 ) ;
#2023 = FACE_OUTER_BOUND ( 'NONE', #587, .T. ) ;
#2024 = FACE_OUTER_BOUND ( 'NONE', #2511, .T. ) ;
#2025 = VECTOR ( 'NONE', #2970, 1000.000000000000114 ) ;
#2026 = CARTESIAN_POINT ( 'NONE',  ( 70.96886051580288779, 37.99999999999999289, -10.88131816026541365 ) ) ;
#2027 = CARTESIAN_POINT ( 'NONE',  ( 62.32797828891536085, 37.99999999999999289, -5.749734063608776147 ) ) ;
#2028 = ORIENTED_EDGE ( 'NONE', *, *, #248, .T. ) ;
#2029 = ORIENTED_EDGE ( 'NONE', *, *, #51, .T. ) ;
#2030 = ORIENTED_EDGE ( 'NONE', *, *, #2383, .T. ) ;
#2031 = EDGE_LOOP ( 'NONE', ( #699, #1547, #3183, #133 ) ) ;
#2032 = CARTESIAN_POINT ( 'NONE',  ( 62.32797828891536085, 37.99999999999999289, -5.749734063608776147 ) ) ;
#2033 = FACE_OUTER_BOUND ( 'NONE', #3008, .T. ) ;
#2034 = ORIENTED_EDGE ( 'NONE', *, *, #3185, .F. ) ;
#2035 = ADVANCED_FACE ( 'NONE', ( #2719 ), #3177, .T. ) ;
#2036 = CARTESIAN_POINT ( 'NONE',  ( 70.54624225406217874, 23.50000000000000000, -11.78762594730206281 ) ) ;
#2037 = CARTESIAN_POINT ( 'NONE',  ( 49.70116315221923031, 41.00000000000000000, -2.067405927265921761 ) ) ;
#2038 = VECTOR ( 'NONE', #2171, 1000.000000000000114 ) ;
#2039 = LINE ( 'NONE', #3031, #999 ) ;
#2040 = DIRECTION ( 'NONE',  ( 0.9063077870366489375, 0.000000000000000000, -0.4226182617407016062 ) ) ;
#2041 = VERTEX_POINT ( 'NONE', #1968 ) ;
#2042 = DIRECTION ( 'NONE',  ( 0.000000000000000000, 0.000000000000000000, -1.000000000000000000 ) ) ;
#2043 = EDGE_CURVE ( 'NONE', #238, #2956, #2932, .T. ) ;
#2044 = ORIENTED_EDGE ( 'NONE', *, *, #2682, .T. ) ;
#2045 = VERTEX_POINT ( 'NONE', #1489 ) ;
#2046 = EDGE_LOOP ( 'NONE', ( #2044, #1841, #2080, #2557 ) ) ;
#2047 = EDGE_CURVE ( 'NONE', #2782, #2045, #288, .T. ) ;
#2048 = EDGE_CURVE ( 'NONE', #173, #1180, #2980, .T. ) ;
#2049 = EDGE_LOOP ( 'NONE', ( #889, #380, #2030, #605 ) ) ;
#2050 = ORIENTED_EDGE ( 'NONE', *, *, #946, .F. ) ;
#2051 = LINE ( 'NONE', #1351, #994 ) ;
#2052 = CARTESIAN_POINT ( 'NONE',  ( 18.00000000000000000, 29.50000000000000000, 0.000000000000000000 ) ) ;
#2053 = EDGE_LOOP ( 'NONE', ( #1560, #796, #650, #1886 ) ) ;
#2054 = DIRECTION ( 'NONE',  ( -0.000000000000000000, -0.000000000000000000, 1.000000000000000000 ) ) ;
#2055 = CYLINDRICAL_SURFACE ( 'NONE', #480, 10.00000000000000355 ) ;
#2056 = DIRECTION ( 'NONE',  ( 0.4226182617407013287, -0.000000000000000000, 0.9063077870366490485 ) ) ;
#2057 = CARTESIAN_POINT ( 'NONE',  ( 21.50000000000000355, 4.000000000000000000, 0.000000000000000000 ) ) ;
#2058 = VECTOR ( 'NONE', #1612, 1000.000000000000227 ) ;
#2059 = LINE ( 'NONE', #612, #504 ) ;
#2060 = ORIENTED_EDGE ( 'NONE', *, *, #1435, .T. ) ;
#2061 = ORIENTED_EDGE ( 'NONE', *, *, #1330, .T. ) ;
#2062 = CARTESIAN_POINT ( 'NONE',  ( 71.09588362605943246, 2.000000000000001332, -31.90473046962806336 ) ) ;
#2063 = ORIENTED_EDGE ( 'NONE', *, *, #1608, .F. ) ;
#2064 = ORIENTED_EDGE ( 'NONE', *, *, #2508, .F. ) ;
#2065 = DIRECTION ( 'NONE',  ( -0.9063077870366496036, 0.000000000000000000, 0.4226182617407004405 ) ) ;
#2066 = EDGE_CURVE ( 'NONE', #2287, #433, #2734, .T. ) ;
#2067 = CARTESIAN_POINT ( 'NONE',  ( 71.39105615928184534, 37.99999999999999289, -9.975916681015792875 ) ) ;
#2068 = DIRECTION ( 'NONE',  ( -0.4226182617407008291, 0.000000000000000000, -0.9063077870366493816 ) ) ;
#2069 = CARTESIAN_POINT ( 'NONE',  ( 54.18014449216383355, -38.60407640085659153, -77.64545644041135120 ) ) ;
#2070 = EDGE_CURVE ( 'NONE', #2335, #1256, #300, .T. ) ;
#2071 = AXIS2_PLACEMENT_3D ( 'NONE', #1842, #1640, #2870 ) ;
#2072 = DIRECTION ( 'NONE',  ( 0.9063077870366489375, 0.000000000000000000, -0.4226182617407014952 ) ) ;
#2073 = CARTESIAN_POINT ( 'NONE',  ( 68.85576920709937099, 40.99999999999999289, -15.41285709544865234 ) ) ;
#2074 = ORIENTED_EDGE ( 'NONE', *, *, #2163, .T. ) ;
#2075 = ORIENTED_EDGE ( 'NONE', *, *, #1265, .F. ) ;
#2076 = FACE_OUTER_BOUND ( 'NONE', #2097, .T. ) ;
#2077 = VERTEX_POINT ( 'NONE', #1520 ) ;
#2078 = VERTEX_POINT ( 'NONE', #729 ) ;
#2079 = CARTESIAN_POINT ( 'NONE',  ( 48.20341971756141675, -38.60407640085661285, -90.46258408152711183 ) ) ;
#2080 = ORIENTED_EDGE ( 'NONE', *, *, #1629, .F. ) ;
#2081 = VECTOR ( 'NONE', #1175, 999.9999999999998863 ) ;
#2082 = ADVANCED_FACE ( 'NONE', ( #488 ), #2492, .T. ) ;
#2083 = LINE ( 'NONE', #2765, #96 ) ;
#2084 = CARTESIAN_POINT ( 'NONE',  ( 72.24547431399442132, -10.00000000000000178, -38.90423161620805104 ) ) ;
#2085 = CARTESIAN_POINT ( 'NONE',  ( 75.19992371635592576, 25.50000000000000355, -18.37118492763356414 ) ) ;
#2086 = ADVANCED_FACE ( 'NONE', ( #2948 ), #1503, .F. ) ;
#2087 = DIRECTION ( 'NONE',  ( -0.4226182617407011066, 0.000000000000000000, -0.9063077870366491595 ) ) ;
#2088 = CIRCLE ( 'NONE', #1741, 1.700000000000000400 ) ;
#2089 = FACE_OUTER_BOUND ( 'NONE', #1025, .T. ) ;
#2090 = VERTEX_POINT ( 'NONE', #2967 ) ;
#2091 = VERTEX_POINT ( 'NONE', #245 ) ;
#2092 = CARTESIAN_POINT ( 'NONE',  ( 70.17076640164157197, 2.000000000000000000, -29.15624759336967387 ) ) ;
#2093 = EDGE_CURVE ( 'NONE', #1972, #2078, #1474, .T. ) ;
#2094 = ADVANCED_FACE ( 'NONE', ( #2009 ), #759, .F. ) ;
#2095 = VECTOR ( 'NONE', #1776, 1000.000000000000000 ) ;
#2096 = FACE_OUTER_BOUND ( 'NONE', #2388, .T. ) ;
#2097 = EDGE_LOOP ( 'NONE', ( #2420, #1329 ) ) ;
#2098 = VECTOR ( 'NONE', #414, 1000.000000000000000 ) ;
#2099 = ADVANCED_FACE ( 'NONE', ( #274 ), #1745, .T. ) ;
#2100 = DIRECTION ( 'NONE',  ( -0.9063077870366486044, 0.000000000000000000, 0.4226182617407023279 ) ) ;
#2101 = VECTOR ( 'NONE', #132, 1000.000000000000000 ) ;
#2102 = CARTESIAN_POINT ( 'NONE',  ( 13.34357214459343233, 29.50000000000000000, -2.067405927265922205 ) ) ;
#2103 = CARTESIAN_POINT ( 'NONE',  ( 0.000000000000000000, 13.49999999999999822, 2.017049592633157337E-15 ) ) ;
#2104 = CARTESIAN_POINT ( 'NONE',  ( 71.09588362605943246, 40.99999999999999289, -31.90473046962806336 ) ) ;
#2105 = FACE_OUTER_BOUND ( 'NONE', #1799, .T. ) ;
#2106 = PLANE ( 'NONE',  #3147 ) ;
#2107 = CARTESIAN_POINT ( 'NONE',  ( 49.64860555698060551, 81.60407640085658443, -75.53236513170780597 ) ) ;
#2108 = EDGE_CURVE ( 'NONE', #1020, #135, #659, .T. ) ;
#2109 = ORIENTED_EDGE ( 'NONE', *, *, #2560, .T. ) ;
#2110 = AXIS2_PLACEMENT_3D ( 'NONE', #422, #1420, #932 ) ;
#2111 = ORIENTED_EDGE ( 'NONE', *, *, #1583, .F. ) ;
#2112 = DIRECTION ( 'NONE',  ( -0.9063077870366500477, 0.000000000000000000, 0.4226182617406991637 ) ) ;
#2113 = AXIS2_PLACEMENT_3D ( 'NONE', #2013, #822, #2235 ) ;
#2114 = LINE ( 'NONE', #1642, #1374 ) ;
#2115 = ORIENTED_EDGE ( 'NONE', *, *, #3090, .T. ) ;
#2116 = DIRECTION ( 'NONE',  ( -0.9063077870366494926, 0.000000000000000000, 0.4226182617407004405 ) ) ;
#2117 = ADVANCED_FACE ( 'NONE', ( #502 ), #18, .F. ) ;
#2118 = FACE_BOUND ( 'NONE', #77, .T. ) ;
#2119 = DIRECTION ( 'NONE',  ( 1.000000000000000000, 0.000000000000000000, 0.000000000000000000 ) ) ;
#2120 = DIRECTION ( 'NONE',  ( -0.4226182617407015507, -0.000000000000000000, -0.9063077870366490485 ) ) ;
#2121 = CIRCLE ( 'NONE', #739, 1.999999999999995115 ) ;
#2122 = PLANE ( 'NONE',  #1281 ) ;
#2123 = CARTESIAN_POINT ( 'NONE',  ( 68.85576920709937099, 5.500000000000000000, -15.41285709544865234 ) ) ;
#2124 = DIRECTION ( 'NONE',  ( -0.9063077870366489375, 0.000000000000000000, 0.4226182617407014952 ) ) ;
#2125 = ORIENTED_EDGE ( 'NONE', *, *, #2560, .F. ) ;
#2126 = ORIENTED_EDGE ( 'NONE', *, *, #649, .F. ) ;
#2127 = CARTESIAN_POINT ( 'NONE',  ( 71.27128848369152081, 14.09999999999999964, -12.12572055669462401 ) ) ;
#2128 = DIRECTION ( 'NONE',  ( 0.000000000000000000, 1.000000000000000000, 0.000000000000000000 ) ) ;
#2129 = ORIENTED_EDGE ( 'NONE', *, *, #613, .T. ) ;
#2130 = CARTESIAN_POINT ( 'NONE',  ( 39.94845526714706807, 5.000000000000000000, -15.17369025610798339 ) ) ;
#2131 = DIRECTION ( 'NONE',  ( 0.000000000000000000, -1.000000000000000000, 0.000000000000000000 ) ) ;
#2132 = CARTESIAN_POINT ( 'NONE',  ( 70.66838478117264799, 23.50000000000000000, -16.25809361893004734 ) ) ;
#2133 = EDGE_CURVE ( 'NONE', #1328, #2145, #3044, .T. ) ;
#2134 = CARTESIAN_POINT ( 'NONE',  ( 71.39147877754359683, 37.99999999999999289, -9.975010373228755611 ) ) ;
#2135 = DIRECTION ( 'NONE',  ( 0.9063077870366489375, 0.000000000000000000, -0.4226182617407016062 ) ) ;
#2136 = DIRECTION ( 'NONE',  ( -0.9063077870366490485, 2.602085213965208669E-16, 0.4226182617407013287 ) ) ;
#2137 = EDGE_CURVE ( 'NONE', #535, #2799, #60, .T. ) ;
#2138 = ADVANCED_FACE ( 'NONE', ( #606 ), #1322, .T. ) ;
#2139 = EDGE_LOOP ( 'NONE', ( #2939, #1723 ) ) ;
#2140 = ORIENTED_EDGE ( 'NONE', *, *, #2639, .T. ) ;
#2141 = DIRECTION ( 'NONE',  ( 0.9063077870366494926, -0.000000000000000000, -0.4226182617407003850 ) ) ;
#2142 = CIRCLE ( 'NONE', #2343, 1.699999999999991518 ) ;
#2143 = EDGE_CURVE ( 'NONE', #1360, #2269, #1819, .T. ) ;
#2144 = DIRECTION ( 'NONE',  ( 0.4226182617407015507, -0.000000000000000000, 0.9063077870366490485 ) ) ;
#2145 = VERTEX_POINT ( 'NONE', #2261 ) ;
#2146 = CARTESIAN_POINT ( 'NONE',  ( 48.20341971756144517, 81.60407640085661285, -90.46258408152704078 ) ) ;
#2147 = AXIS2_PLACEMENT_3D ( 'NONE', #558, #576, #1336 ) ;
#2148 = VERTEX_POINT ( 'NONE', #1832 ) ;
#2149 = LINE ( 'NONE', #2646, #1022 ) ;
#2150 = FACE_OUTER_BOUND ( 'NONE', #2270, .T. ) ;
#2151 = DIRECTION ( 'NONE',  ( -1.991441599360792004E-16, 0.000000000000000000, -1.000000000000000000 ) ) ;
#2152 = DIRECTION ( 'NONE',  ( -0.4226182617407011066, 0.000000000000000000, -0.9063077870366491595 ) ) ;
#2153 = DIRECTION ( 'NONE',  ( -0.4226182617407015507, -0.000000000000000000, -0.9063077870366490485 ) ) ;
#2154 = DIRECTION ( 'NONE',  ( 0.000000000000000000, -0.000000000000000000, 1.000000000000000000 ) ) ;
#2155 = ORIENTED_EDGE ( 'NONE', *, *, #761, .T. ) ;
#2156 = EDGE_LOOP ( 'NONE', ( #1038, #1067 ) ) ;
#2157 = CARTESIAN_POINT ( 'NONE',  ( 34.84357214459343055, 43.00000000000000000, -15.00000000000000000 ) ) ;
#2158 = VECTOR ( 'NONE', #1388, 1000.000000000000000 ) ;
#2159 = DIRECTION ( 'NONE',  ( -0.4226182617407001629, -1.381902367867470391E-16, -0.9063077870366497146 ) ) ;
#2160 = EDGE_LOOP ( 'NONE', ( #1116, #2502, #2416, #1815 ) ) ;
#2161 = LINE ( 'NONE', #1185, #8 ) ;
#2162 = VERTEX_POINT ( 'NONE', #848 ) ;
#2163 = EDGE_CURVE ( 'NONE', #91, #614, #2519, .T. ) ;
#2164 = DIRECTION ( 'NONE',  ( 0.000000000000000000, 0.000000000000000000, -1.000000000000000000 ) ) ;
#2165 = FACE_OUTER_BOUND ( 'NONE', #53, .T. ) ;
#2166 = CARTESIAN_POINT ( 'NONE',  ( 48.20341971756143806, 67.46194077712563342, -90.46258408152708341 ) ) ;
#2167 = AXIS2_PLACEMENT_3D ( 'NONE', #595, #372, #3081 ) ;
#2168 = VECTOR ( 'NONE', #2119, 1000.000000000000000 ) ;
#2169 = DIRECTION ( 'NONE',  ( -0.9063077870366490485, 0.000000000000000000, 0.4226182617407013287 ) ) ;
#2170 = DIRECTION ( 'NONE',  ( 0.4226182617407010511, 0.000000000000000000, 0.9063077870366491595 ) ) ;
#2171 = DIRECTION ( 'NONE',  ( -0.9063077870366490485, 0.000000000000000000, 0.4226182617407012732 ) ) ;
#2172 = VERTEX_POINT ( 'NONE', #2036 ) ;
#2173 = ORIENTED_EDGE ( 'NONE', *, *, #2317, .T. ) ;
#2174 = CARTESIAN_POINT ( 'NONE',  ( 51.19178210486262515, -31.53300858899112669, -84.05402026096921020 ) ) ;
#2175 = DIRECTION ( 'NONE',  ( 0.000000000000000000, -1.000000000000000000, 0.000000000000000000 ) ) ;
#2176 = AXIS2_PLACEMENT_3D ( 'NONE', #1983, #1308, #1274 ) ;
#2177 = ORIENTED_EDGE ( 'NONE', *, *, #953, .T. ) ;
#2178 = ORIENTED_EDGE ( 'NONE', *, *, #2043, .T. ) ;
#2179 = AXIS2_PLACEMENT_3D ( 'NONE', #2192, #973, #1311 ) ;
#2180 = ORIENTED_EDGE ( 'NONE', *, *, #2197, .T. ) ;
#2181 = LINE ( 'NONE', #2728, #1971 ) ;
#2182 = DIRECTION ( 'NONE',  ( -0.9063077870366496036, 2.775557561562891967E-17, 0.4226182617407005515 ) ) ;
#2183 = CARTESIAN_POINT ( 'NONE',  ( 38.98010009992597702, 5.000000000000000000, -9.205249231006357391 ) ) ;
#2184 = EDGE_CURVE ( 'NONE', #2299, #1408, #2022, .T. ) ;
#2185 = PLANE ( 'NONE',  #2597 ) ;
#2186 = DIRECTION ( 'NONE',  ( 0.000000000000000000, -0.000000000000000000, -1.000000000000000000 ) ) ;
#2187 = CARTESIAN_POINT ( 'NONE',  ( 70.49493215679899549, 43.00000000000000000, -42.65828138695734850 ) ) ;
#2188 = EDGE_CURVE ( 'NONE', #2858, #1163, #2291, .T. ) ;
#2189 = VERTEX_POINT ( 'NONE', #304 ) ;
#2190 = VECTOR ( 'NONE', #1682, 1000.000000000000000 ) ;
#2191 = CARTESIAN_POINT ( 'NONE',  ( 45.77545626944246493, 40.99999999999999289, -5.753708338967692626 ) ) ;
#2192 = CARTESIAN_POINT ( 'NONE',  ( 70.66838478117264799, 23.50000000000000000, -16.25809361893004734 ) ) ;
#2193 = ORIENTED_EDGE ( 'NONE', *, *, #1910, .T. ) ;
#2194 = VERTEX_POINT ( 'NONE', #127 ) ;
#2195 = AXIS2_PLACEMENT_3D ( 'NONE', #2394, #697, #1666 ) ;
#2196 = ADVANCED_FACE ( 'NONE', ( #1848 ), #3014, .F. ) ;
#2197 = EDGE_CURVE ( 'NONE', #217, #1480, #1493, .T. ) ;
#2198 = ORIENTED_EDGE ( 'NONE', *, *, #985, .T. ) ;
#2199 = CARTESIAN_POINT ( 'NONE',  ( 70.18957583902275132, 0.000000000000000000, -31.48211220788733300 ) ) ;
#2200 = FACE_OUTER_BOUND ( 'NONE', #3025, .T. ) ;
#2201 = DIRECTION ( 'NONE',  ( -0.000000000000000000, 0.000000000000000000, -1.000000000000000000 ) ) ;
#2202 = EDGE_LOOP ( 'NONE', ( #474, #2810, #2917, #1844 ) ) ;
#2203 = CARTESIAN_POINT ( 'NONE',  ( 75.19992371635591155, 2.000000000000000000, -18.37118492763355704 ) ) ;
#2204 = CARTESIAN_POINT ( 'NONE',  ( 76.89039676331873352, 11.50000000000000000, -14.74595377948696751 ) ) ;
#2205 = PLANE ( 'NONE',  #87 ) ;
#2206 = DIRECTION ( 'NONE',  ( -0.9063077870366490485, 0.000000000000000000, 0.4226182617407013287 ) ) ;
#2207 = EDGE_CURVE ( 'NONE', #2726, #536, #2800, .T. ) ;
#2208 = ORIENTED_EDGE ( 'NONE', *, *, #626, .F. ) ;
#2209 = ORIENTED_EDGE ( 'NONE', *, *, #2809, .T. ) ;
#2210 = AXIS2_PLACEMENT_3D ( 'NONE', #2963, #1681, #211 ) ;
#2211 = AXIS2_PLACEMENT_3D ( 'NONE', #3129, #2153, #2620 ) ;
#2212 = DIRECTION ( 'NONE',  ( -0.9063077870366491595, 0.000000000000000000, 0.4226182617407011621 ) ) ;
#2213 = DIRECTION ( 'NONE',  ( 0.000000000000000000, -1.000000000000000000, 0.000000000000000000 ) ) ;
#2214 = CARTESIAN_POINT ( 'NONE',  ( 70.18957583902275132, 43.00000000000000000, -31.48211220788733300 ) ) ;
#2215 = VECTOR ( 'NONE', #2647, 1000.000000000000000 ) ;
#2216 = EDGE_LOOP ( 'NONE', ( #3084, #1756, #2346 ) ) ;
#2217 = EDGE_CURVE ( 'NONE', #1605, #1150, #1287, .T. ) ;
#2218 = CARTESIAN_POINT ( 'NONE',  ( 41.12665539029471518, 8.000000000000000000, -15.72309399637090266 ) ) ;
#2219 = DIRECTION ( 'NONE',  ( -0.4226182617407013287, -0.000000000000000000, -0.9063077870366490485 ) ) ;
#2220 = FACE_OUTER_BOUND ( 'NONE', #1365, .T. ) ;
#2221 = CARTESIAN_POINT ( 'NONE',  ( 13.34357214459343233, 33.50000000000000000, -12.49999999999999645 ) ) ;
#2222 = CIRCLE ( 'NONE', #276, 1.499999999999999556 ) ;
#2223 = EDGE_LOOP ( 'NONE', ( #1362, #1544, #1239, #1782 ) ) ;
#2224 = ORIENTED_EDGE ( 'NONE', *, *, #97, .T. ) ;
#2225 = CIRCLE ( 'NONE', #1153, 1.499999999999999556 ) ;
#2226 = EDGE_CURVE ( 'NONE', #1605, #220, #2083, .T. ) ;
#2227 = CARTESIAN_POINT ( 'NONE',  ( 42.06154657585058487, 38.00000000000000000, -10.64215132092474647 ) ) ;
#2228 = DIRECTION ( 'NONE',  ( 0.000000000000000000, -1.000000000000000000, 0.000000000000000000 ) ) ;
#2229 = CARTESIAN_POINT ( 'NONE',  ( 34.84357214459343055, 41.00000000000000000, -12.49999999999999822 ) ) ;
#2230 = ORIENTED_EDGE ( 'NONE', *, *, #125, .F. ) ;
#2231 = CARTESIAN_POINT ( 'NONE',  ( 38.98010009992597702, 5.000000000000000000, -9.205249231006357391 ) ) ;
#2232 = DIRECTION ( 'NONE',  ( 0.4226182617407008291, 0.000000000000000000, 0.9063077870366493816 ) ) ;
#2233 = EDGE_CURVE ( 'NONE', #683, #2574, #1552, .T. ) ;
#2234 = LINE ( 'NONE', #31, #348 ) ;
#2235 = DIRECTION ( 'NONE',  ( 0.4226182617407004960, 0.000000000000000000, 0.9063077870366494926 ) ) ;
#2236 = EDGE_CURVE ( 'NONE', #844, #1580, #320, .T. ) ;
#2237 = LINE ( 'NONE', #1806, #1213 ) ;
#2238 = EDGE_CURVE ( 'NONE', #556, #315, #1946, .T. ) ;
#2239 = ORIENTED_EDGE ( 'NONE', *, *, #1103, .T. ) ;
#2240 = ORIENTED_EDGE ( 'NONE', *, *, #2475, .T. ) ;
#2241 = AXIS2_PLACEMENT_3D ( 'NONE', #2263, #2493, #261 ) ;
#2242 = DIRECTION ( 'NONE',  ( 0.000000000000000000, 1.000000000000000000, 0.000000000000000000 ) ) ;
#2243 = CYLINDRICAL_SURFACE ( 'NONE', #367, 1.699999999999992406 ) ;
#2244 = EDGE_LOOP ( 'NONE', ( #1670, #588, #1708, #346 ) ) ;
#2245 = PLANE ( 'NONE',  #58 ) ;
#2246 = CARTESIAN_POINT ( 'NONE',  ( 62.32840090717710524, 4.999999999999997335, -5.748827755821739771 ) ) ;
#2247 = DIRECTION ( 'NONE',  ( -0.4226182617407013287, -0.000000000000000000, -0.9063077870366490485 ) ) ;
#2248 = FACE_BOUND ( 'NONE', #2474, .T. ) ;
#2249 = AXIS2_PLACEMENT_3D ( 'NONE', #2429, #1271, #1028 ) ;
#2250 = LINE ( 'NONE', #2723, #1858 ) ;
#2251 = CLOSED_SHELL ( 'NONE', ( #2086, #1250, #2380, #698, #701, #1903, #2781, #2896, #2196, #42, #1807, #2447, #2117, #98, #76, #541, #909, #268, #2099, #7, #722, #1405, #960, #146, #1680, #2403, #2656, #3013, #2138, #2979, #1967, #3001, #3148, #10, #1790, #3142, #1002, #159, #2960, #1875, #1170, #2282, #1637, #2094, #1309, #501, #1491, #2477, #2964, #3003, #1440, #1145, #1770, #483, #3049, #1884, #675, #429, #195, #2418, #718, #361, #678, #2569, #861, #1953, #2614, #598, #2371, #393, #2565, #2619, #189, #3055, #2517, #2435, #1725, #962, #391, #23, #2673, #2543, #749, #48, #836, #3080, #2876, #1246, #764, #2082, #1810, #3110, #2035, #1559, #1645, #1855, #365, #629, #574, #1818, #3104 ) ) ;
#2252 = CARTESIAN_POINT ( 'NONE',  ( 67.71393537881115776, 53.00000000000000000, -36.79114030750455555 ) ) ;
#2253 = CIRCLE ( 'NONE', #1128, 1.500000000000004885 ) ;
#2254 = VERTEX_POINT ( 'NONE', #3077 ) ;
#2255 = ORIENTED_EDGE ( 'NONE', *, *, #2814, .F. ) ;
#2256 = DIRECTION ( 'NONE',  ( 0.000000000000000000, 0.000000000000000000, -1.000000000000000000 ) ) ;
#2257 = DIRECTION ( 'NONE',  ( 0.000000000000000000, 0.6715429342378191890, -0.7409656452732878984 ) ) ;
#2258 = VECTOR ( 'NONE', #526, 1000.000000000000114 ) ;
#2259 = ORIENTED_EDGE ( 'NONE', *, *, #403, .F. ) ;
#2260 = AXIS2_PLACEMENT_3D ( 'NONE', #1470, #1929, #2444 ) ;
#2261 = CARTESIAN_POINT ( 'NONE',  ( 43.67188078237818161, -24.46194077712564052, -88.34949277282360924 ) ) ;
#2262 = CARTESIAN_POINT ( 'NONE',  ( 69.28326805198608440, 40.99999999999999289, -31.05949394614664172 ) ) ;
#2263 = CARTESIAN_POINT ( 'NONE',  ( 43.23974669899823198, 40.99999999999999289, -11.19155506118766219 ) ) ;
#2264 = VECTOR ( 'NONE', #2480, 1000.000000000000000 ) ;
#2265 = LINE ( 'NONE', #32, #1530 ) ;
#2266 = LINE ( 'NONE', #2296, #2454 ) ;
#2267 = AXIS2_PLACEMENT_3D ( 'NONE', #2536, #1631, #2785 ) ;
#2268 = ORIENTED_EDGE ( 'NONE', *, *, #343, .T. ) ;
#2269 = VERTEX_POINT ( 'NONE', #863 ) ;
#2270 = EDGE_LOOP ( 'NONE', ( #912, #2453, #1333, #2432 ) ) ;
#2271 = AXIS2_PLACEMENT_3D ( 'NONE', #1814, #351, #1598 ) ;
#2272 = ORIENTED_EDGE ( 'NONE', *, *, #2983, .F. ) ;
#2273 = DIRECTION ( 'NONE',  ( 1.000000000000000000, 0.000000000000000000, 0.000000000000000000 ) ) ;
#2274 = VERTEX_POINT ( 'NONE', #1306 ) ;
#2275 = DIRECTION ( 'NONE',  ( 0.000000000000000000, 0.000000000000000000, 1.000000000000000000 ) ) ;
#2276 = DIRECTION ( 'NONE',  ( -0.9063077870366484934, -8.673617379884056180E-16, 0.4226182617407026609 ) ) ;
#2277 = DIRECTION ( 'NONE',  ( 1.000000000000000000, 0.000000000000000000, 0.000000000000000000 ) ) ;
#2278 = VECTOR ( 'NONE', #2228, 1000.000000000000000 ) ;
#2279 = PLANE ( 'NONE',  #154 ) ;
#2280 = EDGE_CURVE ( 'NONE', #2490, #2612, #1092, .T. ) ;
#2281 = LINE ( 'NONE', #262, #644 ) ;
#2282 = ADVANCED_FACE ( 'NONE', ( #1534 ), #2830, .T. ) ;
#2283 = ORIENTED_EDGE ( 'NONE', *, *, #2197, .F. ) ;
#2284 = VERTEX_POINT ( 'NONE', #927 ) ;
#2285 = ORIENTED_EDGE ( 'NONE', *, *, #2901, .F. ) ;
#2286 = ORIENTED_EDGE ( 'NONE', *, *, #2930, .F. ) ;
#2287 = VERTEX_POINT ( 'NONE', #673 ) ;
#2288 = DIRECTION ( 'NONE',  ( -0.9063077870366490485, -0.000000000000000000, 0.4226182617407013287 ) ) ;
#2289 = LINE ( 'NONE', #1991, #2258 ) ;
#2290 = ORIENTED_EDGE ( 'NONE', *, *, #1335, .T. ) ;
#2291 = LINE ( 'NONE', #2323, #2459 ) ;
#2292 = PLANE ( 'NONE',  #784 ) ;
#2293 = VECTOR ( 'NONE', #886, 1000.000000000000000 ) ;
#2294 = CARTESIAN_POINT ( 'NONE',  ( 40.52082333788828095, 38.00000000000000000, -9.923700275965552819 ) ) ;
#2295 = DIRECTION ( 'NONE',  ( 0.4226182617407013287, -0.000000000000000000, 0.9063077870366490485 ) ) ;
#2296 = CARTESIAN_POINT ( 'NONE',  ( 29.34357214459343410, 2.000000000000000000, -2.067405927265921761 ) ) ;
#2297 = CIRCLE ( 'NONE', #916, 1.699999999999993738 ) ;
#2298 = VERTEX_POINT ( 'NONE', #2389 ) ;
#2299 = VERTEX_POINT ( 'NONE', #192 ) ;
#2300 = EDGE_CURVE ( 'NONE', #2386, #2298, #2297, .T. ) ;
#2301 = EDGE_LOOP ( 'NONE', ( #713, #1285, #1986 ) ) ;
#2302 = VERTEX_POINT ( 'NONE', #2405 ) ;
#2303 = EDGE_CURVE ( 'NONE', #1396, #566, #2715, .T. ) ;
#2304 = DIRECTION ( 'NONE',  ( -0.9063077870366486044, 0.000000000000000000, 0.4226182617407023279 ) ) ;
#2305 = ORIENTED_EDGE ( 'NONE', *, *, #281, .T. ) ;
#2306 = DIRECTION ( 'NONE',  ( 1.000000000000000000, 0.000000000000000000, 0.000000000000000000 ) ) ;
#2307 = DIRECTION ( 'NONE',  ( -0.4226182617407011066, 0.000000000000000000, -0.9063077870366491595 ) ) ;
#2308 = DIRECTION ( 'NONE',  ( -0.9063077870366484934, 1.734723475976811236E-15, 0.4226182617407026609 ) ) ;
#2309 = AXIS2_PLACEMENT_3D ( 'NONE', #571, #786, #1499 ) ;
#2310 = CARTESIAN_POINT ( 'NONE',  ( 18.49999999999999645, 4.000000000000000000, -15.00000000000000000 ) ) ;
#2311 = DIRECTION ( 'NONE',  ( -0.4226182617407013287, 0.000000000000000000, -0.9063077870366490485 ) ) ;
#2312 = VECTOR ( 'NONE', #1740, 1000.000000000000114 ) ;
#2313 = ORIENTED_EDGE ( 'NONE', *, *, #1222, .T. ) ;
#2314 = ORIENTED_EDGE ( 'NONE', *, *, #1529, .F. ) ;
#2315 = CARTESIAN_POINT ( 'NONE',  ( 39.94845526714707518, 38.00000000000000000, -15.17369025610798694 ) ) ;
#2316 = VECTOR ( 'NONE', #1356, 1000.000000000000227 ) ;
#2317 = EDGE_CURVE ( 'NONE', #552, #1197, #1894, .T. ) ;
#2318 = ORIENTED_EDGE ( 'NONE', *, *, #1513, .T. ) ;
#2319 = ORIENTED_EDGE ( 'NONE', *, *, #731, .F. ) ;
#2320 = DIRECTION ( 'NONE',  ( -0.000000000000000000, 0.000000000000000000, -1.000000000000000000 ) ) ;
#2321 = EDGE_CURVE ( 'NONE', #2959, #41, #1615, .T. ) ;
#2322 = ORIENTED_EDGE ( 'NONE', *, *, #2043, .F. ) ;
#2323 = CARTESIAN_POINT ( 'NONE',  ( 0.000000000000000000, 29.50000000000000000, -8.000000000000000000 ) ) ;
#2324 = CARTESIAN_POINT ( 'NONE',  ( 13.34357214459343233, 13.49999999999999822, -7.999999999999998224 ) ) ;
#2325 = CARTESIAN_POINT ( 'NONE',  ( 35.68880866807482732, 8.000000000000000000, -13.18738442592669990 ) ) ;
#2326 = VECTOR ( 'NONE', #1119, 1000.000000000000000 ) ;
#2327 = DIRECTION ( 'NONE',  ( -0.4226182617407015507, -0.000000000000000000, -0.9063077870366490485 ) ) ;
#2328 = EDGE_CURVE ( 'NONE', #121, #2090, #1279, .T. ) ;
#2329 = LINE ( 'NONE', #100, #2918 ) ;
#2330 = AXIS2_PLACEMENT_3D ( 'NONE', #1734, #804, #1789 ) ;
#2331 = EDGE_CURVE ( 'NONE', #173, #3007, #435, .T. ) ;
#2332 = ORIENTED_EDGE ( 'NONE', *, *, #1749, .T. ) ;
#2333 = ORIENTED_EDGE ( 'NONE', *, *, #2792, .F. ) ;
#2334 = LINE ( 'NONE', #1392, #176 ) ;
#2335 = VERTEX_POINT ( 'NONE', #1879 ) ;
#2336 = ORIENTED_EDGE ( 'NONE', *, *, #1166, .F. ) ;
#2337 = CARTESIAN_POINT ( 'NONE',  ( 68.85576920709937099, 35.50000000000000000, -15.41285709544865234 ) ) ;
#2338 = VECTOR ( 'NONE', #157, 1000.000000000000000 ) ;
#2339 = LINE ( 'NONE', #1124, #2582 ) ;
#2340 = CARTESIAN_POINT ( 'NONE',  ( 0.000000000000000000, 43.00000000000000000, 0.000000000000000000 ) ) ;
#2341 = CARTESIAN_POINT ( 'NONE',  ( 72.35885782813546996, 7.500000000000000000, -12.63286247078345603 ) ) ;
#2342 = CARTESIAN_POINT ( 'NONE',  ( 72.81201172165381763, 4.999999999999999112, -12.84417160165381588 ) ) ;
#2343 = AXIS2_PLACEMENT_3D ( 'NONE', #2968, #2735, #2950 ) ;
#2344 = CARTESIAN_POINT ( 'NONE',  ( 71.09588362605943246, 2.000000000000001332, -31.90473046962806336 ) ) ;
#2345 = DIRECTION ( 'NONE',  ( -0.000000000000000000, 1.000000000000000000, -0.000000000000000000 ) ) ;
#2346 = ORIENTED_EDGE ( 'NONE', *, *, #1340, .T. ) ;
#2347 = VERTEX_POINT ( 'NONE', #1400 ) ;
#2348 = DIRECTION ( 'NONE',  ( 0.2988362387301208289, -0.7071067811865469066, 0.6408563820557888757 ) ) ;
#2349 = EDGE_CURVE ( 'NONE', #1500, #1396, #2583, .T. ) ;
#2350 = VECTOR ( 'NONE', #1075, 1000.000000000000227 ) ;
#2351 = CARTESIAN_POINT ( 'NONE',  ( 70.61793910303694588, 0.000000000000000000, -32.92968580686945756 ) ) ;
#2352 = ORIENTED_EDGE ( 'NONE', *, *, #1300, .T. ) ;
#2353 = DIRECTION ( 'NONE',  ( 0.9063077870366489375, -0.000000000000000000, -0.4226182617407016062 ) ) ;
#2354 = VECTOR ( 'NONE', #2494, 1000.000000000000227 ) ;
#2355 = DIRECTION ( 'NONE',  ( -1.000000000000000000, -0.000000000000000000, -0.000000000000000000 ) ) ;
#2356 = CARTESIAN_POINT ( 'NONE',  ( 70.48712322376535155, 21.99999999999999289, -16.17356996658192259 ) ) ;
#2357 = CARTESIAN_POINT ( 'NONE',  ( 20.00000000000000000, 4.000000000000000000, -96.87214790208498982 ) ) ;
#2358 = CARTESIAN_POINT ( 'NONE',  ( 34.84357214459343055, 2.000000000000000000, -12.49999999999999822 ) ) ;
#2359 = FACE_OUTER_BOUND ( 'NONE', #1890, .T. ) ;
#2360 = DIRECTION ( 'NONE',  ( 1.000000000000000000, 0.000000000000000000, 0.000000000000000000 ) ) ;
#2361 = CIRCLE ( 'NONE', #2210, 1.700000000000000400 ) ;
#2362 = ORIENTED_EDGE ( 'NONE', *, *, #905, .T. ) ;
#2363 = VECTOR ( 'NONE', #1123, 1000.000000000000000 ) ;
#2364 = VERTEX_POINT ( 'NONE', #657 ) ;
#2365 = DIRECTION ( 'NONE',  ( -0.4226182617407010511, -0.000000000000000000, -0.9063077870366491595 ) ) ;
#2366 = FACE_OUTER_BOUND ( 'NONE', #428, .T. ) ;
#2367 = ORIENTED_EDGE ( 'NONE', *, *, #1804, .F. ) ;
#2368 = EDGE_CURVE ( 'NONE', #1043, #925, #2149, .T. ) ;
#2369 = CARTESIAN_POINT ( 'NONE',  ( 57.11951152523361230, 35.64213562373091548, -59.51095558031313004 ) ) ;
#2371 = ADVANCED_FACE ( 'NONE', ( #1190 ), #2370, .F. ) ;
#2370 = PLANE ( 'NONE',  #717 ) ;
#2372 = CARTESIAN_POINT ( 'NONE',  ( 4.500000000000000888, 38.99999999999999289, 0.000000000000000000 ) ) ;
#2373 = AXIS2_PLACEMENT_3D ( 'NONE', #366, #2065, #109 ) ;
#2374 = LINE ( 'NONE', #883, #1703 ) ;
#2375 = DIRECTION ( 'NONE',  ( -0.000000000000000000, -0.000000000000000000, 1.000000000000000000 ) ) ;
#2376 = EDGE_CURVE ( 'NONE', #122, #1934, #2893, .T. ) ;
#2377 = CARTESIAN_POINT ( 'NONE',  ( 42.06154657585057777, 5.000000000000000000, -10.64215132092474292 ) ) ;
#2378 = AXIS2_PLACEMENT_3D ( 'NONE', #2832, #2537, #2308 ) ;
#2379 = ORIENTED_EDGE ( 'NONE', *, *, #1149, .F. ) ;
#2380 = ADVANCED_FACE ( 'NONE', ( #178 ), #691, .F. ) ;
#2381 = EDGE_LOOP ( 'NONE', ( #753, #2824 ) ) ;
#2382 = LINE ( 'NONE', #3182, #1874 ) ;
#2383 = EDGE_CURVE ( 'NONE', #1901, #1709, #1646, .T. ) ;
#2384 = AXIS2_PLACEMENT_3D ( 'NONE', #1203, #1445, #2451 ) ;
#2385 = LINE ( 'NONE', #1395, #2338 ) ;
#2386 = VERTEX_POINT ( 'NONE', #1158 ) ;
#2387 = CARTESIAN_POINT ( 'NONE',  ( 70.54624225406217874, 37.99999999999999289, -11.78762594730206281 ) ) ;
#2388 = EDGE_LOOP ( 'NONE', ( #1083, #1350, #2985, #854 ) ) ;
#2389 = CARTESIAN_POINT ( 'NONE',  ( 75.25904274665278137, 21.99999999999999289, -13.98524090835371503 ) ) ;
#2390 = PLANE ( 'NONE',  #12 ) ;
#2391 = FACE_OUTER_BOUND ( 'NONE', #2244, .T. ) ;
#2392 = CARTESIAN_POINT ( 'NONE',  ( 7.500000000000000000, 4.000000000000000000, -15.00000000000000000 ) ) ;
#2393 = DIRECTION ( 'NONE',  ( -0.9063077870366482713, 0.000000000000000000, 0.4226182617407031605 ) ) ;
#2394 = CARTESIAN_POINT ( 'NONE',  ( 70.66838478117266220, 13.50000000000000000, -16.25809361893005445 ) ) ;
#2395 = ORIENTED_EDGE ( 'NONE', *, *, #250, .T. ) ;
#2396 = ORIENTED_EDGE ( 'NONE', *, *, #310, .T. ) ;
#2397 = FACE_OUTER_BOUND ( 'NONE', #2904, .T. ) ;
#2398 = EDGE_CURVE ( 'NONE', #2269, #1021, #2339, .T. ) ;
#2399 = CARTESIAN_POINT ( 'NONE',  ( 71.09588362605943246, 40.99999999999999289, -31.90473046962806336 ) ) ;
#2400 = VERTEX_POINT ( 'NONE', #2102 ) ;
#2401 = DIRECTION ( 'NONE',  ( 0.000000000000000000, -1.000000000000000000, 0.000000000000000000 ) ) ;
#2402 = VECTOR ( 'NONE', #1416, 1000.000000000000000 ) ;
#2403 = ADVANCED_FACE ( 'NONE', ( #404, #1863, #2118, #1382, #161 ), #1140, .F. ) ;
#2404 = VERTEX_POINT ( 'NONE', #2943 ) ;
#2405 = CARTESIAN_POINT ( 'NONE',  ( 43.67188078237819582, 67.46194077712563342, -88.34949277282358082 ) ) ;
#2406 = CARTESIAN_POINT ( 'NONE',  ( 43.67188078237821003, 81.60407640085661285, -88.34949277282353819 ) ) ;
#2407 = DIRECTION ( 'NONE',  ( -0.9063077870366486044, 0.000000000000000000, 0.4226182617407023279 ) ) ;
#2408 = LINE ( 'NONE', #2134, #2522 ) ;
#2409 = DIRECTION ( 'NONE',  ( -0.9063077870366489375, 0.000000000000000000, 0.4226182617407013287 ) ) ;
#2410 = DIRECTION ( 'NONE',  ( -0.2988362387301202738, -0.7071067811865482389, -0.6408563820557876545 ) ) ;
#2411 = ORIENTED_EDGE ( 'NONE', *, *, #1099, .T. ) ;
#2412 = ORIENTED_EDGE ( 'NONE', *, *, #2383, .F. ) ;
#2413 = CYLINDRICAL_SURFACE ( 'NONE', #2733, 1.699999999999992406 ) ;
#2414 = LINE ( 'NONE', #1706, #1978 ) ;
#2415 = PRODUCT_DEFINITION_FORMATION_WITH_SPECIFIED_SOURCE ( 'ANY', '', #2684, .NOT_KNOWN. ) ;
#2416 = ORIENTED_EDGE ( 'NONE', *, *, #715, .T. ) ;
#2417 = VERTEX_POINT ( 'NONE', #1236 ) ;
#2418 = ADVANCED_FACE ( 'NONE', ( #525 ), #2698, .F. ) ;
#2419 = CIRCLE ( 'NONE', #3099, 1.500000000000004885 ) ;
#2420 = ORIENTED_EDGE ( 'NONE', *, *, #2880, .T. ) ;
#2421 = EDGE_CURVE ( 'NONE', #286, #2526, #2181, .T. ) ;
#2422 = DIRECTION ( 'NONE',  ( 1.000000000000000000, 0.000000000000000000, 0.000000000000000000 ) ) ;
#2423 = LINE ( 'NONE', #2616, #1506 ) ;
#2424 = CYLINDRICAL_SURFACE ( 'NONE', #2260, 1.999999999999995115 ) ;
#2425 = AXIS2_PLACEMENT_3D ( 'NONE', #790, #1046, #1029 ) ;
#2426 = VECTOR ( 'NONE', #834, 1000.000000000000114 ) ;
#2427 = EDGE_CURVE ( 'NONE', #41, #1014, #995, .T. ) ;
#2428 = CARTESIAN_POINT ( 'NONE',  ( 40.33760954722258418, 2.000000000000000000, -3.217998768523497422 ) ) ;
#2429 = CARTESIAN_POINT ( 'NONE',  ( 38.40773202918477836, 38.00000000000000000, -14.45523921114879862 ) ) ;
#2430 = CARTESIAN_POINT ( 'NONE',  ( 75.19992371635592576, 11.50000000000000000, -18.37118492763356414 ) ) ;
#2431 = AXIS2_PLACEMENT_3D ( 'NONE', #1224, #2242, #1468 ) ;
#2432 = ORIENTED_EDGE ( 'NONE', *, *, #974, .F. ) ;
#2433 = CARTESIAN_POINT ( 'NONE',  ( 35.68880866807482732, 8.000000000000000000, -13.18738442592669990 ) ) ;
#2434 = DIRECTION ( 'NONE',  ( 0.4226182617407004960, 0.000000000000000000, 0.9063077870366494926 ) ) ;
#2435 = ADVANCED_FACE ( 'NONE', ( #2974 ), #2912, .F. ) ;
#2436 = EDGE_CURVE ( 'NONE', #2417, #2254, #1450, .T. ) ;
#2437 = VERTEX_POINT ( 'NONE', #467 ) ;
#2438 = VERTEX_POINT ( 'NONE', #1515 ) ;
#2439 = VECTOR ( 'NONE', #2676, 1000.000000000000000 ) ;
#2440 = VECTOR ( 'NONE', #2524, 1000.000000000000000 ) ;
#2441 = ORIENTED_EDGE ( 'NONE', *, *, #1009, .F. ) ;
#2442 = DIRECTION ( 'NONE',  ( 0.000000000000000000, -1.000000000000000000, 0.000000000000000000 ) ) ;
#2443 = CARTESIAN_POINT ( 'NONE',  ( 51.19178210486264646, 74.53300858899110892, -84.05402026096919599 ) ) ;
#2444 = DIRECTION ( 'NONE',  ( 0.9063077870366484934, 0.000000000000000000, -0.4226182617407026609 ) ) ;
#2445 = ORIENTED_EDGE ( 'NONE', *, *, #1761, .T. ) ;
#2446 = DIRECTION ( 'NONE',  ( 1.000000000000000000, 0.000000000000000000, 0.000000000000000000 ) ) ;
#2447 = ADVANCED_FACE ( 'NONE', ( #2713 ), #2487, .F. ) ;
#2448 = DIRECTION ( 'NONE',  ( -0.000000000000000000, -0.000000000000000000, 1.000000000000000000 ) ) ;
#2449 = CARTESIAN_POINT ( 'NONE',  ( 57.11951152523360520, 7.357864376269064977, -59.51095558031313715 ) ) ;
#2450 = LINE ( 'NONE', #955, #1915 ) ;
#2451 = DIRECTION ( 'NONE',  ( 1.000000000000000000, 0.000000000000000000, 0.000000000000000000 ) ) ;
#2452 = EDGE_LOOP ( 'NONE', ( #2588, #2811, #875, #903 ) ) ;
#2453 = ORIENTED_EDGE ( 'NONE', *, *, #662, .F. ) ;
#2454 = VECTOR ( 'NONE', #2360, 1000.000000000000000 ) ;
#2455 = EDGE_CURVE ( 'NONE', #2041, #1500, #3057, .T. ) ;
#2456 = PLANE ( 'NONE',  #1148 ) ;
#2457 = LINE ( 'NONE', #2962, #2957 ) ;
#2458 = CARTESIAN_POINT ( 'NONE',  ( 64.72557299150996357, -2.928932188134532488, -43.19970412806244298 ) ) ;
#2459 = VECTOR ( 'NONE', #3029, 1000.000000000000000 ) ;
#2460 = ORIENTED_EDGE ( 'NONE', *, *, #2317, .F. ) ;
#2461 = DIRECTION ( 'NONE',  ( 0.000000000000000000, 0.000000000000000000, 1.000000000000000000 ) ) ;
#2462 = CARTESIAN_POINT ( 'NONE',  ( -1.997695937189056581, 43.00000000000000000, -4.284072762375749299 ) ) ;
#2463 = LINE ( 'NONE', #275, #3076 ) ;
#2464 = CARTESIAN_POINT ( 'NONE',  ( 76.89039676331871931, 40.99999999999999289, -14.74595377948695685 ) ) ;
#2465 = EDGE_LOOP ( 'NONE', ( #68, #1486, #1087, #350 ) ) ;
#2466 = ORIENTED_EDGE ( 'NONE', *, *, #1290, .T. ) ;
#2467 = AXIS2_PLACEMENT_3D ( 'NONE', #2687, #2700, #2945 ) ;
#2468 = EDGE_CURVE ( 'NONE', #2799, #2299, #771, .T. ) ;
#2469 = VECTOR ( 'NONE', #940, 1000.000000000000227 ) ;
#2470 = CARTESIAN_POINT ( 'NONE',  ( 68.85576920709937099, 40.99999999999999289, -15.41285709544865234 ) ) ;
#2471 = FACE_OUTER_BOUND ( 'NONE', #1054, .T. ) ;
#2472 = CARTESIAN_POINT ( 'NONE',  ( 34.84357214459343055, 41.00000000000000000, -15.00000000000000000 ) ) ;
#2473 = AXIS2_PLACEMENT_3D ( 'NONE', #227, #1895, #451 ) ;
#2474 = EDGE_LOOP ( 'NONE', ( #2727, #1564 ) ) ;
#2475 = EDGE_CURVE ( 'NONE', #2018, #1360, #3173, .T. ) ;
#2476 = LINE ( 'NONE', #273, #1454 ) ;
#2477 = ADVANCED_FACE ( 'NONE', ( #1713 ), #2456, .F. ) ;
#2478 = CARTESIAN_POINT ( 'NONE',  ( 70.18957583902275132, 43.00000000000000000, -31.48211220788733300 ) ) ;
#2479 = CARTESIAN_POINT ( 'NONE',  ( 35.68880866807483443, 2.000000000000000000, -13.18738442592669990 ) ) ;
#2480 = DIRECTION ( 'NONE',  ( -0.9063077870366489375, -0.000000000000000000, 0.4226182617407016062 ) ) ;
#2481 = EDGE_CURVE ( 'NONE', #2795, #815, #1669, .T. ) ;
#2482 = CARTESIAN_POINT ( 'NONE',  ( 29.34357214459343410, 33.50000000000000000, -2.067405927265921761 ) ) ;
#2483 = VECTOR ( 'NONE', #89, 1000.000000000000114 ) ;
#2484 = ORIENTED_EDGE ( 'NONE', *, *, #1813, .T. ) ;
#2485 = ORIENTED_EDGE ( 'NONE', *, *, #2047, .F. ) ;
#2486 = CIRCLE ( 'NONE', #2378, 1.999999999999995115 ) ;
#2487 = CYLINDRICAL_SURFACE ( 'NONE', #1722, 1.499999999999999556 ) ;
#2488 = DIRECTION ( 'NONE',  ( 0.4226182617407012176, 0.000000000000000000, 0.9063077870366492705 ) ) ;
#2489 = AXIS2_PLACEMENT_3D ( 'NONE', #1019, #33, #3018 ) ;
#2490 = VERTEX_POINT ( 'NONE', #3187 ) ;
#2491 = DIRECTION ( 'NONE',  ( -0.9063077870366500477, 0.000000000000000000, 0.4226182617406991637 ) ) ;
#2492 = PLANE ( 'NONE',  #2769 ) ;
#2493 = DIRECTION ( 'NONE',  ( 0.9063077870366491595, 0.000000000000000000, -0.4226182617407011066 ) ) ;
#2494 = DIRECTION ( 'NONE',  ( 0.9063077870366493816, -5.551115123125781470E-17, -0.4226182617407004405 ) ) ;
#2495 = LINE ( 'NONE', #83, #236 ) ;
#2496 = AXIS2_PLACEMENT_3D ( 'NONE', #915, #1194, #439 ) ;
#2497 = ORIENTED_EDGE ( 'NONE', *, *, #1899, .F. ) ;
#2498 = VERTEX_POINT ( 'NONE', #964 ) ;
#2499 = AXIS2_PLACEMENT_3D ( 'NONE', #1824, #150, #409 ) ;
#2500 = LINE ( 'NONE', #3009, #224 ) ;
#2501 = FACE_OUTER_BOUND ( 'NONE', #757, .T. ) ;
#2502 = ORIENTED_EDGE ( 'NONE', *, *, #2300, .F. ) ;
#2503 = DIRECTION ( 'NONE',  ( 0.4226182617407004405, 0.000000000000000000, 0.9063077870366494926 ) ) ;
#2504 = CARTESIAN_POINT ( 'NONE',  ( 61.48316438369568004, 5.000000000000000000, -7.561443329895038978 ) ) ;
#2505 = DIRECTION ( 'NONE',  ( -0.9063077870366489375, 0.000000000000000000, 0.4226182617407014952 ) ) ;
#2506 = AXIS2_PLACEMENT_3D ( 'NONE', #1110, #2054, #2306 ) ;
#2507 = CARTESIAN_POINT ( 'NONE',  ( 62.32840090717710524, 37.99999999999999289, -5.748827755821739771 ) ) ;
#2508 = EDGE_CURVE ( 'NONE', #2911, #1845, #2121, .T. ) ;
#2509 = DIRECTION ( 'NONE',  ( -0.9063077870366489375, 0.000000000000000000, 0.4226182617407015507 ) ) ;
#2510 = VECTOR ( 'NONE', #1603, 1000.000000000000227 ) ;
#2511 = EDGE_LOOP ( 'NONE', ( #326, #978, #411, #1512 ) ) ;
#2512 = ORIENTED_EDGE ( 'NONE', *, *, #2455, .T. ) ;
#2513 = ORIENTED_EDGE ( 'NONE', *, *, #1541, .T. ) ;
#2514 = FACE_OUTER_BOUND ( 'NONE', #1251, .T. ) ;
#2515 = LINE ( 'NONE', #2532, #1189 ) ;
#2516 = ORIENTED_EDGE ( 'NONE', *, *, #738, .T. ) ;
#2517 = ADVANCED_FACE ( 'NONE', ( #1927 ), #706, .T. ) ;
#2518 = VECTOR ( 'NONE', #2866, 1000.000000000000227 ) ;
#2519 = LINE ( 'NONE', #2566, #2976 ) ;
#2520 = CARTESIAN_POINT ( 'NONE',  ( 73.71831950869047034, 36.99999999999999289, -13.26678986339451960 ) ) ;
#2521 = CARTESIAN_POINT ( 'NONE',  ( 68.85576920709935678, 23.49999999999999645, -15.41285709544864702 ) ) ;
#2522 = VECTOR ( 'NONE', #212, 1000.000000000000000 ) ;
#2523 = PLANE ( 'NONE',  #976 ) ;
#2524 = DIRECTION ( 'NONE',  ( -0.000000000000000000, -1.000000000000000000, -0.000000000000000000 ) ) ;
#2525 = EDGE_LOOP ( 'NONE', ( #2015, #1278, #3019, #2002 ) ) ;
#2526 = VERTEX_POINT ( 'NONE', #2227 ) ;
#2527 = VERTEX_POINT ( 'NONE', #1942 ) ;
#2528 = EDGE_CURVE ( 'NONE', #2612, #1184, #2664, .T. ) ;
#2529 = VECTOR ( 'NONE', #625, 1000.000000000000114 ) ;
#2530 = ORIENTED_EDGE ( 'NONE', *, *, #2093, .F. ) ;
#2531 = LINE ( 'NONE', #2813, #2634 ) ;
#2532 = CARTESIAN_POINT ( 'NONE',  ( 18.00000000000000000, 13.49999999999999822, -7.999999999999998224 ) ) ;
#2533 = AXIS2_PLACEMENT_3D ( 'NONE', #2294, #95, #1338 ) ;
#2534 = ORIENTED_EDGE ( 'NONE', *, *, #905, .F. ) ;
#2535 = CARTESIAN_POINT ( 'NONE',  ( 69.71163131600020790, 0.000000000000000000, -32.50706754512881957 ) ) ;
#2536 = CARTESIAN_POINT ( 'NONE',  ( 43.23974669899822487, 8.000000000000000000, -11.19155506118765864 ) ) ;
#2537 = DIRECTION ( 'NONE',  ( 0.4226182617407012176, 0.000000000000000000, 0.9063077870366492705 ) ) ;
#2538 = VECTOR ( 'NONE', #1671, 1000.000000000000000 ) ;
#2539 = EDGE_CURVE ( 'NONE', #119, #2701, #2222, .T. ) ;
#2540 = CARTESIAN_POINT ( 'NONE',  ( 18.00000000000000000, 13.49999999999999822, -2.067405927265924426 ) ) ;
#2541 = ORIENTED_EDGE ( 'NONE', *, *, #1248, .F. ) ;
#2542 = DIRECTION ( 'NONE',  ( -0.4226182617407014397, -0.000000000000000000, -0.9063077870366492705 ) ) ;
#2543 = ADVANCED_FACE ( 'NONE', ( #2514 ), #1072, .F. ) ;
#2544 = ORIENTED_EDGE ( 'NONE', *, *, #816, .F. ) ;
#2545 = ORIENTED_EDGE ( 'NONE', *, *, #1235, .T. ) ;
#2546 = ORIENTED_EDGE ( 'NONE', *, *, #858, .T. ) ;
#2547 = ORIENTED_EDGE ( 'NONE', *, *, #831, .T. ) ;
#2548 = CARTESIAN_POINT ( 'NONE',  ( 76.89039676331871931, 7.500000000000000000, -14.74595377948695685 ) ) ;
#2549 = VERTEX_POINT ( 'NONE', #2548 ) ;
#2550 = DIRECTION ( 'NONE',  ( 0.4226182617407013287, -0.000000000000000000, 0.9063077870366490485 ) ) ;
#2551 = DIRECTION ( 'NONE',  ( -0.9063077870366500477, 0.000000000000000000, 0.4226182617406991637 ) ) ;
#2552 = FACE_OUTER_BOUND ( 'NONE', #352, .T. ) ;
#2553 = CARTESIAN_POINT ( 'NONE',  ( 71.12153867469100987, 14.09999999999999964, -16.46940274980040897 ) ) ;
#2554 = EDGE_LOOP ( 'NONE', ( #941, #3154, #201, #2838 ) ) ;
#2555 = LINE ( 'NONE', #1359, #249 ) ;
#2556 = VECTOR ( 'NONE', #2615, 1000.000000000000000 ) ;
#2557 = ORIENTED_EDGE ( 'NONE', *, *, #1974, .T. ) ;
#2558 = VERTEX_POINT ( 'NONE', #1797 ) ;
#2559 = CARTESIAN_POINT ( 'NONE',  ( 75.19992371635592576, 33.49999999999999289, -18.37118492763356414 ) ) ;
#2560 = EDGE_CURVE ( 'NONE', #2335, #3088, #2744, .T. ) ;
#2561 = ORIENTED_EDGE ( 'NONE', *, *, #812, .F. ) ;
#2562 = ORIENTED_EDGE ( 'NONE', *, *, #1509, .F. ) ;
#2563 = LINE ( 'NONE', #1282, #2951 ) ;
#2564 = EDGE_LOOP ( 'NONE', ( #1423, #2484, #396, #1071 ) ) ;
#2565 = ADVANCED_FACE ( 'NONE', ( #1784 ), #333, .T. ) ;
#2566 = CARTESIAN_POINT ( 'NONE',  ( 40.33760954722258418, 1.999999999999983125, -3.217998768523484099 ) ) ;
#2567 = CARTESIAN_POINT ( 'NONE',  ( 62.32797828891536085, 4.999999999999997335, -5.749734063608776147 ) ) ;
#2568 = DIRECTION ( 'NONE',  ( -0.2988362387301227718, -0.7071067811865432429, -0.6408563820557918733 ) ) ;
#2569 = ADVANCED_FACE ( 'NONE', ( #1772 ), #830, .F. ) ;
#2570 = VECTOR ( 'NONE', #1073, 1000.000000000000000 ) ;
#2571 = LINE ( 'NONE', #2803, #1442 ) ;
#2572 = ORIENTED_EDGE ( 'NONE', *, *, #3152, .F. ) ;
#2573 = DIRECTION ( 'NONE',  ( 1.000000000000000000, -0.000000000000000000, -0.000000000000000000 ) ) ;
#2574 = VERTEX_POINT ( 'NONE', #2989 ) ;
#2575 = ORIENTED_EDGE ( 'NONE', *, *, #1435, .F. ) ;
#2576 = CYLINDRICAL_SURFACE ( 'NONE', #942, 1.700000000000005729 ) ;
#2577 = AXIS2_PLACEMENT_3D ( 'NONE', #251, #1272, #2276 ) ;
#2578 = CIRCLE ( 'NONE', #884, 1.700000000000005729 ) ;
#2579 = ORIENTED_EDGE ( 'NONE', *, *, #2682, .F. ) ;
#2580 = ORIENTED_EDGE ( 'NONE', *, *, #2331, .F. ) ;
#2581 = DIRECTION ( 'NONE',  ( 0.000000000000000000, 0.000000000000000000, 1.000000000000000000 ) ) ;
#2582 = VECTOR ( 'NONE', #3125, 1000.000000000000000 ) ;
#2583 = LINE ( 'NONE', #3139, #204 ) ;
#2584 = DIRECTION ( 'NONE',  ( 0.9063077870366494926, 0.000000000000000000, -0.4226182617407003850 ) ) ;
#2585 = DIRECTION ( 'NONE',  ( 0.9063077870366484934, 0.000000000000000000, -0.4226182617407026609 ) ) ;
#2586 = AXIS2_PLACEMENT_3D ( 'NONE', #397, #601, #2839 ) ;
#2587 = DIRECTION ( 'NONE',  ( -0.4226182617407015507, -0.000000000000000000, -0.9063077870366490485 ) ) ;
#2588 = ORIENTED_EDGE ( 'NONE', *, *, #329, .T. ) ;
#2589 = CARTESIAN_POINT ( 'NONE',  ( 62.32840090717710524, 37.99999999999999289, -5.748827755821739771 ) ) ;
#2590 = AXIS2_PLACEMENT_3D ( 'NONE', #1262, #563, #2014 ) ;
#2591 = ORIENTED_EDGE ( 'NONE', *, *, #2930, .T. ) ;
#2592 = EDGE_LOOP ( 'NONE', ( #1812, #2209, #1496, #3146 ) ) ;
#2593 = CARTESIAN_POINT ( 'NONE',  ( 35.68880866807483443, 34.99999999999999289, -13.18738442592669990 ) ) ;
#2594 = LINE ( 'NONE', #702, #2190 ) ;
#2595 = ORIENTED_EDGE ( 'NONE', *, *, #1729, .T. ) ;
#2596 = CARTESIAN_POINT ( 'NONE',  ( 6.000000000000000000, 38.99999999999999289, 0.000000000000000000 ) ) ;
#2597 = AXIS2_PLACEMENT_3D ( 'NONE', #1453, #1664, #244 ) ;
#2598 = CARTESIAN_POINT ( 'NONE',  ( 55.67432568581443064, 21.49999999999999289, -74.44117453013241459 ) ) ;
#2599 = DIRECTION ( 'NONE',  ( -0.4226182617407015507, -0.000000000000000000, -0.9063077870366490485 ) ) ;
#2600 = CARTESIAN_POINT ( 'NONE',  ( 6.000000000000000000, 38.99999999999999289, -96.87214790208498982 ) ) ;
#2601 = LINE ( 'NONE', #1129, #867 ) ;
#2602 = VECTOR ( 'NONE', #838, 1000.000000000000000 ) ;
#2603 = LINE ( 'NONE', #1649, #417 ) ;
#2604 = CARTESIAN_POINT ( 'NONE',  ( 37.80189997677833702, 34.99999999999999289, -8.655845490743455883 ) ) ;
#2605 = ADVANCED_BREP_SHAPE_REPRESENTATION ( 'Geh\X2\00e4\X0\use_Waveshare_Sockel', ( #791, #622 ), #565 ) ;
#2606 = EDGE_CURVE ( 'NONE', #1460, #315, #1582, .T. ) ;
#2607 = ORIENTED_EDGE ( 'NONE', *, *, #1817, .T. ) ;
#2608 = EDGE_CURVE ( 'NONE', #809, #826, #3061, .T. ) ;
#2609 = EDGE_LOOP ( 'NONE', ( #1809, #1100, #2074, #2591 ) ) ;
#2610 = CARTESIAN_POINT ( 'NONE',  ( 76.89039676331871931, 40.99999999999999289, -14.74595377948695685 ) ) ;
#2611 = CARTESIAN_POINT ( 'NONE',  ( 65.96339322161576035, -4.145707103602409646E-15, -40.54519007825383881 ) ) ;
#2612 = VERTEX_POINT ( 'NONE', #1318 ) ;
#2613 = CARTESIAN_POINT ( 'NONE',  ( 71.39105615928184534, 37.99999999999999289, -9.975916681015792875 ) ) ;
#2614 = ADVANCED_FACE ( 'NONE', ( #1531 ), #799, .F. ) ;
#2615 = DIRECTION ( 'NONE',  ( -0.000000000000000000, -1.000000000000000000, -0.000000000000000000 ) ) ;
#2616 = CARTESIAN_POINT ( 'NONE',  ( 41.12665539029471518, 8.000000000000000000, -15.72309399637090266 ) ) ;
#2617 = EDGE_CURVE ( 'NONE', #1408, #2574, #2500, .T. ) ;
#2618 = FACE_OUTER_BOUND ( 'NONE', #1731, .T. ) ;
#2619 = ADVANCED_FACE ( 'NONE', ( #316 ), #56, .T. ) ;
#2620 = DIRECTION ( 'NONE',  ( -0.9063077870366486044, 0.000000000000000000, 0.4226182617407023279 ) ) ;
#2621 = LINE ( 'NONE', #1162, #1327 ) ;
#2622 = VECTOR ( 'NONE', #1452, 1000.000000000000000 ) ;
#2623 = VERTEX_POINT ( 'NONE', #2797 ) ;
#2624 = VECTOR ( 'NONE', #455, 1000.000000000000114 ) ;
#2625 = EDGE_LOOP ( 'NONE', ( #3172, #2674 ) ) ;
#2626 = CARTESIAN_POINT ( 'NONE',  ( 70.17076640164161461, 40.99999999999999289, -29.15624759336969873 ) ) ;
#2627 = FACE_OUTER_BOUND ( 'NONE', #1831, .T. ) ;
#2628 = ORIENTED_EDGE ( 'NONE', *, *, #1300, .F. ) ;
#2629 = DIRECTION ( 'NONE',  ( 0.9063077870366494926, -0.000000000000000000, -0.4226182617407004405 ) ) ;
#2630 = ORIENTED_EDGE ( 'NONE', *, *, #2207, .T. ) ;
#2631 = DIRECTION ( 'NONE',  ( 0.000000000000000000, 0.000000000000000000, 1.000000000000000000 ) ) ;
#2632 = PRESENTATION_STYLE_ASSIGNMENT (( #241 ) ) ;
#2633 = DIRECTION ( 'NONE',  ( 0.000000000000000000, -0.000000000000000000, 1.000000000000000000 ) ) ;
#2634 = VECTOR ( 'NONE', #553, 1000.000000000000114 ) ;
#2635 = DIRECTION ( 'NONE',  ( -0.4226182617407014952, -0.000000000000000000, -0.9063077870366489375 ) ) ;
#2636 = LINE ( 'NONE', #2881, #1710 ) ;
#2637 = CARTESIAN_POINT ( 'NONE',  ( 75.19992371635592576, 25.50000000000000355, -18.37118492763356414 ) ) ;
#2638 = VECTOR ( 'NONE', #2568, 1000.000000000000114 ) ;
#2639 = EDGE_CURVE ( 'NONE', #2148, #1709, #1097, .T. ) ;
#2640 = ORIENTED_EDGE ( 'NONE', *, *, #2909, .F. ) ;
#2641 = ORIENTED_EDGE ( 'NONE', *, *, #383, .F. ) ;
#2642 = CARTESIAN_POINT ( 'NONE',  ( 13.34357214459343233, 33.50000000000000000, -2.067405927265921761 ) ) ;
#2643 = ORIENTED_EDGE ( 'NONE', *, *, #671, .F. ) ;
#2644 = ORIENTED_EDGE ( 'NONE', *, *, #1394, .F. ) ;
#2645 = DIRECTION ( 'NONE',  ( 1.000000000000000000, 0.000000000000000000, 0.000000000000000000 ) ) ;
#2646 = CARTESIAN_POINT ( 'NONE',  ( 18.00000000000000000, 13.49999999999999822, 2.017049592633157337E-15 ) ) ;
#2647 = DIRECTION ( 'NONE',  ( 0.9063077870366490485, 0.000000000000000000, -0.4226182617407013287 ) ) ;
#2648 = CARTESIAN_POINT ( 'NONE',  ( 48.20341971756145227, 81.60407640085661285, -90.46258408152704078 ) ) ;
#2649 = CIRCLE ( 'NONE', #1266, 1.699999999999993738 ) ;
#2650 = CARTESIAN_POINT ( 'NONE',  ( 34.84357214459343055, 41.00000000000000000, -15.00000000000000000 ) ) ;
#2651 = DIRECTION ( 'NONE',  ( 0.4226182617406992748, -6.195440985631432638E-16, 0.9063077870366500477 ) ) ;
#2652 = DIRECTION ( 'NONE',  ( 0.000000000000000000, 1.000000000000000000, 0.000000000000000000 ) ) ;
#2653 = VECTOR ( 'NONE', #1504, 1000.000000000000114 ) ;
#2654 = ORIENTED_EDGE ( 'NONE', *, *, #1835, .T. ) ;
#2655 = CARTESIAN_POINT ( 'NONE',  ( 70.18957583902275132, 43.00000000000000000, -31.48211220788733300 ) ) ;
#2656 = ADVANCED_FACE ( 'NONE', ( #1565 ), #1089, .T. ) ;
#2657 = CARTESIAN_POINT ( 'NONE',  ( 70.18957583902275132, 43.00000000000000000, -31.48211220788733300 ) ) ;
#2658 = EDGE_CURVE ( 'NONE', #1315, #35, #2531, .T. ) ;
#2659 = DIRECTION ( 'NONE',  ( 0.4226182617407004960, 0.000000000000000000, 0.9063077870366494926 ) ) ;
#2660 = ORIENTED_EDGE ( 'NONE', *, *, #2349, .T. ) ;
#2661 = AXIS2_PLACEMENT_3D ( 'NONE', #1947, #30, #987 ) ;
#2662 = VECTOR ( 'NONE', #2128, 1000.000000000000000 ) ;
#2663 = ORIENTED_EDGE ( 'NONE', *, *, #1629, .T. ) ;
#2664 = LINE ( 'NONE', #484, #1407 ) ;
#2665 =( NAMED_UNIT ( * ) PLANE_ANGLE_UNIT ( ) SI_UNIT ( $, .RADIAN. ) );
#2666 = DIRECTION ( 'NONE',  ( 0.2988362387301209955, 0.7071067811865465735, 0.6408563820557890978 ) ) ;
#2667 = VECTOR ( 'NONE', #646, 1000.000000000000114 ) ;
#2668 = EDGE_CURVE ( 'NONE', #1919, #2437, #2563, .T. ) ;
#2669 = DIRECTION ( 'NONE',  ( -0.4226182617407015507, -0.000000000000000000, -0.9063077870366490485 ) ) ;
#2670 = EDGE_CURVE ( 'NONE', #91, #1576, #2051, .T. ) ;
#2671 = FACE_BOUND ( 'NONE', #3100, .T. ) ;
#2672 = CARTESIAN_POINT ( 'NONE',  ( 68.85576920709937099, 5.500000000000000000, -15.41285709544865234 ) ) ;
#2673 = ADVANCED_FACE ( 'NONE', ( #538 ), #1041, .F. ) ;
#2674 = ORIENTED_EDGE ( 'NONE', *, *, #2639, .F. ) ;
#2675 = LINE ( 'NONE', #46, #1765 ) ;
#2676 = DIRECTION ( 'NONE',  ( -1.000000000000000000, 0.000000000000000000, 1.991441599360792004E-16 ) ) ;
#2677 = ORIENTED_EDGE ( 'NONE', *, *, #768, .F. ) ;
#2678 = VECTOR ( 'NONE', #1144, 1000.000000000000000 ) ;
#2679 = VERTEX_POINT ( 'NONE', #1861 ) ;
#2680 = ORIENTED_EDGE ( 'NONE', *, *, #1424, .F. ) ;
#2681 = VECTOR ( 'NONE', #1261, 1000.000000000000000 ) ;
#2682 = EDGE_CURVE ( 'NONE', #239, #721, #621, .T. ) ;
#2683 = ORIENTED_EDGE ( 'NONE', *, *, #462, .F. ) ;
#2684 = PRODUCT ( 'Geh\X2\00e4\X0\use_Waveshare_Sockel', 'Geh\X2\00e4\X0\use_Waveshare_Sockel', '', ( #2745 ) ) ;
#2685 = CARTESIAN_POINT ( 'NONE',  ( 13.34357214459343233, 0.000000000000000000, 0.000000000000000000 ) ) ;
#2686 = CARTESIAN_POINT ( 'NONE',  ( 71.98338197571490582, 2.000000000000000000, -30.00148411685109551 ) ) ;
#2687 = CARTESIAN_POINT ( 'NONE',  ( 51.19178210486262515, -45.67514421272208835, -84.05402026096923862 ) ) ;
#2688 = CARTESIAN_POINT ( 'NONE',  ( 72.81201172165381763, 5.000000000000000000, -12.84417160165381588 ) ) ;
#2689 = DIRECTION ( 'NONE',  ( -0.9063077870366494926, 0.000000000000000000, 0.4226182617407004405 ) ) ;
#2690 = DIRECTION ( 'NONE',  ( -0.4226182617407014397, -0.000000000000000000, -0.9063077870366492705 ) ) ;
#2691 = AXIS2_PLACEMENT_3D ( 'NONE', #817, #845, #2320 ) ;
#2692 = CARTESIAN_POINT ( 'NONE',  ( 38.40773202918477125, 5.000000000000000000, -14.45523921114879506 ) ) ;
#2693 = EDGE_CURVE ( 'NONE', #2701, #119, #2017, .T. ) ;
#2694 = CARTESIAN_POINT ( 'NONE',  ( 35.68880866807483443, 34.99999999999999289, -13.18738442592669990 ) ) ;
#2695 = ORIENTED_EDGE ( 'NONE', *, *, #441, .F. ) ;
#2696 = ORIENTED_EDGE ( 'NONE', *, *, #3120, .T. ) ;
#2697 = VECTOR ( 'NONE', #2729, 1000.000000000000114 ) ;
#2698 = PLANE ( 'NONE',  #634 ) ;
#2699 = CARTESIAN_POINT ( 'NONE',  ( 20.00000000000000000, 4.000000000000000000, 0.000000000000000000 ) ) ;
#2700 = DIRECTION ( 'NONE',  ( -0.2988362387301207734, 0.7071067811865469066, -0.6408563820557888757 ) ) ;
#2701 = VERTEX_POINT ( 'NONE', #1414 ) ;
#2702 = LINE ( 'NONE', #2428, #805 ) ;
#2703 = CARTESIAN_POINT ( 'NONE',  ( 21.50000000000000355, 38.99999999999999289, -96.87214790208498982 ) ) ;
#2704 = FACE_BOUND ( 'NONE', #3131, .T. ) ;
#2705 = LINE ( 'NONE', #2157, #2439 ) ;
#2706 = EDGE_CURVE ( 'NONE', #2091, #603, #175, .T. ) ;
#2707 = ORIENTED_EDGE ( 'NONE', *, *, #2954, .T. ) ;
#2708 = EDGE_LOOP ( 'NONE', ( #110, #520, #59, #2908 ) ) ;
#2709 = VECTOR ( 'NONE', #950, 1000.000000000000000 ) ;
#2710 = EDGE_CURVE ( 'NONE', #3042, #2404, #1305, .T. ) ;
#2711 = EDGE_CURVE ( 'NONE', #1769, #2347, #1556, .T. ) ;
#2712 = ORIENTED_EDGE ( 'NONE', *, *, #97, .F. ) ;
#2713 = FACE_OUTER_BOUND ( 'NONE', #1106, .T. ) ;
#2714 = LINE ( 'NONE', #1976, #2312 ) ;
#2715 = CIRCLE ( 'NONE', #40, 20.00000000000000355 ) ;
#2716 = ORIENTED_EDGE ( 'NONE', *, *, #2761, .T. ) ;
#2717 = EDGE_CURVE ( 'NONE', #839, #3053, #1169, .T. ) ;
#2718 = CYLINDRICAL_SURFACE ( 'NONE', #1562, 1.700000000000005729 ) ;
#2719 = FACE_OUTER_BOUND ( 'NONE', #2791, .T. ) ;
#2720 = DIRECTION ( 'NONE',  ( 0.000000000000000000, 0.000000000000000000, -1.000000000000000000 ) ) ;
#2721 = EDGE_CURVE ( 'NONE', #2438, #202, #264, .T. ) ;
#2722 = EDGE_CURVE ( 'NONE', #122, #844, #3137, .T. ) ;
#2723 = CARTESIAN_POINT ( 'NONE',  ( 75.19992371635592576, 7.500000000000000000, -18.37118492763356414 ) ) ;
#2724 = PLANE ( 'NONE',  #1105 ) ;
#2725 = ORIENTED_EDGE ( 'NONE', *, *, #2048, .F. ) ;
#2726 = VERTEX_POINT ( 'NONE', #1628 ) ;
#2727 = ORIENTED_EDGE ( 'NONE', *, *, #2958, .F. ) ;
#2728 = CARTESIAN_POINT ( 'NONE',  ( 42.06154657585058487, 38.00000000000000000, -10.64215132092474647 ) ) ;
#2729 = DIRECTION ( 'NONE',  ( -0.4226182617407014952, -0.000000000000000000, -0.9063077870366489375 ) ) ;
#2730 = CIRCLE ( 'NONE', #1399, 1.500000000000004885 ) ;
#2731 = ORIENTED_EDGE ( 'NONE', *, *, #2143, .T. ) ;
#2732 = FACE_OUTER_BOUND ( 'NONE', #297, .T. ) ;
#2733 = AXIS2_PLACEMENT_3D ( 'NONE', #2692, #3167, #1307 ) ;
#2734 = LINE ( 'NONE', #2703, #461 ) ;
#2735 = DIRECTION ( 'NONE',  ( -0.4226182617407014397, -0.000000000000000000, -0.9063077870366492705 ) ) ;
#2736 = AXIS2_PLACEMENT_3D ( 'NONE', #2174, #1444, #1787 ) ;
#2737 = DIRECTION ( 'NONE',  ( -0.9063077870366494926, 0.000000000000000000, 0.4226182617407004405 ) ) ;
#2738 = DIRECTION ( 'NONE',  ( 0.9063077870366491595, 0.000000000000000000, -0.4226182617407011066 ) ) ;
#2739 = EDGE_CURVE ( 'NONE', #1551, #1180, #924, .T. ) ;
#2740 = ORIENTED_EDGE ( 'NONE', *, *, #1320, .F. ) ;
#2741 = VERTEX_POINT ( 'NONE', #2079 ) ;
#2742 = VECTOR ( 'NONE', #2720, 1000.000000000000000 ) ;
#2743 = ORIENTED_EDGE ( 'NONE', *, *, #1867, .F. ) ;
#2744 = LINE ( 'NONE', #604, #1205 ) ;
#2745 = PRODUCT_CONTEXT ( 'NONE', #1344, 'mechanical' ) ;
#2746 = AXIS2_PLACEMENT_3D ( 'NONE', #779, #1792, #1064 ) ;
#2747 = ORIENTED_EDGE ( 'NONE', *, *, #1492, .T. ) ;
#2748 = CARTESIAN_POINT ( 'NONE',  ( 67.71393537881117197, -10.00000000000000178, -36.79114030750454845 ) ) ;
#2749 = DIRECTION ( 'NONE',  ( 0.000000000000000000, -1.000000000000000000, 0.000000000000000000 ) ) ;
#2750 = DIRECTION ( 'NONE',  ( -0.9063077870366491595, 0.000000000000000000, 0.4226182617407010511 ) ) ;
#2751 = CARTESIAN_POINT ( 'NONE',  ( 8.085073234355183658, 0.000000000000000000, 17.33849550390120697 ) ) ;
#2752 = CARTESIAN_POINT ( 'NONE',  ( 40.52082333788828095, 38.00000000000000000, -9.923700275965552819 ) ) ;
#2753 = AXIS2_PLACEMENT_3D ( 'NONE', #2888, #3105, #2659 ) ;
#2754 = EDGE_CURVE ( 'NONE', #566, #2041, #1907, .T. ) ;
#2755 = ORIENTED_EDGE ( 'NONE', *, *, #1330, .F. ) ;
#2756 = ORIENTED_EDGE ( 'NONE', *, *, #2757, .F. ) ;
#2757 = EDGE_CURVE ( 'NONE', #815, #2795, #1398, .T. ) ;
#2758 = AXIS2_PLACEMENT_3D ( 'NONE', #2933, #246, #1231 ) ;
#2759 = ORIENTED_EDGE ( 'NONE', *, *, #961, .T. ) ;
#2760 = ORIENTED_EDGE ( 'NONE', *, *, #1853, .T. ) ;
#2761 = EDGE_CURVE ( 'NONE', #35, #1056, #448, .T. ) ;
#2762 = DIRECTION ( 'NONE',  ( 0.000000000000000000, 1.000000000000000000, 0.000000000000000000 ) ) ;
#2763 =( LENGTH_UNIT ( ) NAMED_UNIT ( * ) SI_UNIT ( .MILLI., .METRE. ) );
#2764 = ORIENTED_EDGE ( 'NONE', *, *, #626, .T. ) ;
#2765 = CARTESIAN_POINT ( 'NONE',  ( 75.19992371635592576, 40.99999999999999289, -18.37118492763356414 ) ) ;
#2766 = FACE_OUTER_BOUND ( 'NONE', #1911, .T. ) ;
#2767 = CARTESIAN_POINT ( 'NONE',  ( 6.000000000000000000, 4.000000000000000000, 0.000000000000000000 ) ) ;
#2768 = EDGE_CURVE ( 'NONE', #2799, #2364, #1878, .T. ) ;
#2769 = AXIS2_PLACEMENT_3D ( 'NONE', #45, #1455, #1230 ) ;
#2770 = CARTESIAN_POINT ( 'NONE',  ( 46.66024316967936869, -31.53300858899112669, -81.94092895226572182 ) ) ;
#2771 = EDGE_CURVE ( 'NONE', #433, #2078, #1712, .T. ) ;
#2772 = CARTESIAN_POINT ( 'NONE',  ( 83.17348000902001104, 43.00000000000000000, -15.46904777585785595 ) ) ;
#2773 = VECTOR ( 'NONE', #2087, 1000.000000000000000 ) ;
#2774 = ORIENTED_EDGE ( 'NONE', *, *, #2226, .T. ) ;
#2775 = ORIENTED_EDGE ( 'NONE', *, *, #847, .F. ) ;
#2776 = ORIENTED_EDGE ( 'NONE', *, *, #1974, .F. ) ;
#2777 = ORIENTED_EDGE ( 'NONE', *, *, #1867, .T. ) ;
#2778 = DIRECTION ( 'NONE',  ( 0.000000000000000000, -1.000000000000000000, 0.000000000000000000 ) ) ;
#2779 = PLANE ( 'NONE',  #2309 ) ;
#2780 = AXIS2_PLACEMENT_3D ( 'NONE', #1696, #3174, #2201 ) ;
#2781 = ADVANCED_FACE ( 'NONE', ( #141 ), #1108, .F. ) ;
#2782 = VERTEX_POINT ( 'NONE', #2337 ) ;
#2783 = VECTOR ( 'NONE', #190, 1000.000000000000227 ) ;
#2784 = CARTESIAN_POINT ( 'NONE',  ( 68.85576920709937099, 40.99999999999999289, -15.41285709544865234 ) ) ;
#2785 = DIRECTION ( 'NONE',  ( 0.000000000000000000, -0.000000000000000000, 1.000000000000000000 ) ) ;
#2786 = VECTOR ( 'NONE', #1173, 1000.000000000000000 ) ;
#2787 = CARTESIAN_POINT ( 'NONE',  ( 43.23974669899822487, 8.000000000000000000, -11.19155506118765864 ) ) ;
#2788 = CARTESIAN_POINT ( 'NONE',  ( 71.98338197571490582, 40.99999999999999289, -30.00148411685110261 ) ) ;
#2789 = ORIENTED_EDGE ( 'NONE', *, *, #92, .T. ) ;
#2790 = DIRECTION ( 'NONE',  ( -0.4226182617407014952, -0.000000000000000000, -0.9063077870366489375 ) ) ;
#2791 = EDGE_LOOP ( 'NONE', ( #1621, #2740, #1691, #2466 ) ) ;
#2792 = EDGE_CURVE ( 'NONE', #202, #815, #2859, .T. ) ;
#2793 = VERTEX_POINT ( 'NONE', #876 ) ;
#2794 = VECTOR ( 'NONE', #1753, 1000.000000000000000 ) ;
#2795 = VERTEX_POINT ( 'NONE', #1397 ) ;
#2796 = ORIENTED_EDGE ( 'NONE', *, *, #2003, .F. ) ;
#2797 = CARTESIAN_POINT ( 'NONE',  ( 41.12665539029472228, 40.99999999999999289, -15.72309399637090621 ) ) ;
#2798 = AXIS2_PLACEMENT_3D ( 'NONE', #2600, #2802, #578 ) ;
#2799 = VERTEX_POINT ( 'NONE', #862 ) ;
#2800 = LINE ( 'NONE', #591, #151 ) ;
#2801 = CARTESIAN_POINT ( 'NONE',  ( 72.02784646172766259, 36.99999999999999289, -16.89202101154111446 ) ) ;
#2802 = DIRECTION ( 'NONE',  ( -0.000000000000000000, -0.000000000000000000, 1.000000000000000000 ) ) ;
#2803 = CARTESIAN_POINT ( 'NONE',  ( 70.54624225406217874, 40.99999999999999289, -11.78762594730205571 ) ) ;
#2804 = EDGE_CURVE ( 'NONE', #1980, #3088, #1658, .T. ) ;
#2805 = CARTESIAN_POINT ( 'NONE',  ( 6.394600187392398105, 0.000000000000000000, 13.71326435575463520 ) ) ;
#2806 = ORIENTED_EDGE ( 'NONE', *, *, #1955, .F. ) ;
#2807 = ORIENTED_EDGE ( 'NONE', *, *, #3185, .T. ) ;
#2808 = CARTESIAN_POINT ( 'NONE',  ( 43.67188078237817450, -38.60407640085661285, -88.34949277282360924 ) ) ;
#2809 = EDGE_CURVE ( 'NONE', #2404, #465, #655, .T. ) ;
#2810 = ORIENTED_EDGE ( 'NONE', *, *, #1004, .F. ) ;
#2811 = ORIENTED_EDGE ( 'NONE', *, *, #2184, .F. ) ;
#2812 = EDGE_CURVE ( 'NONE', #2956, #620, #2161, .T. ) ;
#2813 = CARTESIAN_POINT ( 'NONE',  ( 65.96339322161574614, 43.00000000000000000, -40.54519007825384591 ) ) ;
#2814 = EDGE_CURVE ( 'NONE', #683, #535, #207, .T. ) ;
#2815 = ORIENTED_EDGE ( 'NONE', *, *, #2792, .T. ) ;
#2816 = CARTESIAN_POINT ( 'NONE',  ( 62.32797828891536085, 37.99999999999999289, -5.749734063608776147 ) ) ;
#2817 = LINE ( 'NONE', #338, #2316 ) ;
#2818 = DIRECTION ( 'NONE',  ( 0.000000000000000000, -1.000000000000000000, 0.000000000000000000 ) ) ;
#2819 = DIRECTION ( 'NONE',  ( 0.9063077870366489375, 0.000000000000000000, -0.4226182617407014952 ) ) ;
#2820 = CARTESIAN_POINT ( 'NONE',  ( 70.66838478117266220, 11.50000000000000000, -16.25809361893005445 ) ) ;
#2821 = APPLICATION_CONTEXT ( 'automotive_design' ) ;
#2822 = AXIS2_PLACEMENT_3D ( 'NONE', #2748, #789, #2232 ) ;
#2823 = EDGE_LOOP ( 'NONE', ( #1314, #2868 ) ) ;
#2824 = ORIENTED_EDGE ( 'NONE', *, *, #125, .T. ) ;
#2825 = CIRCLE ( 'NONE', #1546, 1.699999999999993738 ) ;
#2826 = PLANE ( 'NONE',  #2071 ) ;
#2827 = VERTEX_POINT ( 'NONE', #471 ) ;
#2828 = ORIENTED_EDGE ( 'NONE', *, *, #1529, .T. ) ;
#2829 = DIRECTION ( 'NONE',  ( -0.4226182617407004405, 0.000000000000000000, -0.9063077870366493816 ) ) ;
#2830 = PLANE ( 'NONE',  #609 ) ;
#2831 = FACE_OUTER_BOUND ( 'NONE', #979, .T. ) ;
#2832 = CARTESIAN_POINT ( 'NONE',  ( 72.35885782813545575, 23.50000000000000000, -12.63286247078344893 ) ) ;
#2833 = AXIS2_PLACEMENT_3D ( 'NONE', #469, #1174, #438 ) ;
#2834 = CARTESIAN_POINT ( 'NONE',  ( 20.00000000000000000, 38.99999999999999289, -15.00000000000000000 ) ) ;
#2835 = DIRECTION ( 'NONE',  ( -0.000000000000000000, 1.000000000000000000, -0.000000000000000000 ) ) ;
#2836 = AXIS2_PLACEMENT_3D ( 'NONE', #758, #29, #1015 ) ;
#2837 = VERTEX_POINT ( 'NONE', #1665 ) ;
#2838 = ORIENTED_EDGE ( 'NONE', *, *, #2184, .T. ) ;
#2839 = DIRECTION ( 'NONE',  ( 0.4226182617407013287, 0.000000000000000000, 0.9063077870366490485 ) ) ;
#2840 = VECTOR ( 'NONE', #803, 1000.000000000000227 ) ;
#2841 = CARTESIAN_POINT ( 'NONE',  ( 68.85576920709937099, 13.49999999999999822, -15.41285709544865057 ) ) ;
#2842 = ORIENTED_EDGE ( 'NONE', *, *, #1636, .T. ) ;
#2843 = DIRECTION ( 'NONE',  ( -0.4226182617407014397, -0.000000000000000000, -0.9063077870366492705 ) ) ;
#2844 = AXIS2_PLACEMENT_3D ( 'NONE', #1024, #2256, #1302 ) ;
#2845 = DIRECTION ( 'NONE',  ( 0.4226182617407001629, 0.000000000000000000, 0.9063077870366494926 ) ) ;
#2846 = LINE ( 'NONE', #2356, #2426 ) ;
#2847 = FACE_BOUND ( 'NONE', #1693, .T. ) ;
#2848 = VECTOR ( 'NONE', #1827, 1000.000000000000114 ) ;
#2849 = DIRECTION ( 'NONE',  ( -0.9063077870366486044, 0.000000000000000000, 0.4226182617407023279 ) ) ;
#2850 = AXIS2_PLACEMENT_3D ( 'NONE', #734, #252, #2905 ) ;
#2851 = CARTESIAN_POINT ( 'NONE',  ( 37.80189997677833702, 34.99999999999999289, -8.655845490743455883 ) ) ;
#2852 = LINE ( 'NONE', #3067, #3023 ) ;
#2853 = UNCERTAINTY_MEASURE_WITH_UNIT (LENGTH_MEASURE( 1.000000000000000082E-05 ), #965, 'distance_accuracy_value', 'NONE');
#2854 = ORIENTED_EDGE ( 'NONE', *, *, #2048, .T. ) ;
#2855 = ORIENTED_EDGE ( 'NONE', *, *, #199, .F. ) ;
#2856 = CARTESIAN_POINT ( 'NONE',  ( 18.00000000000000000, 29.50000000000000000, 0.000000000000000000 ) ) ;
#2857 = CARTESIAN_POINT ( 'NONE',  ( 74.24317025118345725, 0.000000000000000000, -34.62015885383232217 ) ) ;
#2858 = VERTEX_POINT ( 'NONE', #917 ) ;
#2859 = LINE ( 'NONE', #430, #2363 ) ;
#2860 = EDGE_CURVE ( 'NONE', #2298, #2386, #2884, .T. ) ;
#2861 = EDGE_CURVE ( 'NONE', #315, #556, #732, .T. ) ;
#2862 = CARTESIAN_POINT ( 'NONE',  ( 70.96886051580288779, 37.99999999999999289, -10.88131816026541365 ) ) ;
#2863 = LINE ( 'NONE', #210, #1245 ) ;
#2864 = DIRECTION ( 'NONE',  ( 0.000000000000000000, -0.000000000000000000, -1.000000000000000000 ) ) ;
#2865 = VECTOR ( 'NONE', #423, 1000.000000000000114 ) ;
#2866 = DIRECTION ( 'NONE',  ( 0.4226182617407013287, -0.000000000000000000, 0.9063077870366490485 ) ) ;
#2867 = DIRECTION ( 'NONE',  ( -1.991441599360792004E-16, 0.000000000000000000, -1.000000000000000000 ) ) ;
#2868 = ORIENTED_EDGE ( 'NONE', *, *, #2998, .F. ) ;
#2869 = ORIENTED_EDGE ( 'NONE', *, *, #1091, .F. ) ;
#2870 = DIRECTION ( 'NONE',  ( 0.9063077870366490485, 0.000000000000000000, -0.4226182617407012732 ) ) ;
#2871 = VECTOR ( 'NONE', #2448, 1000.000000000000000 ) ;
#2872 = FACE_OUTER_BOUND ( 'NONE', #309, .T. ) ;
#2873 = ORIENTED_EDGE ( 'NONE', *, *, #54, .F. ) ;
#2874 = DIRECTION ( 'NONE',  ( -0.9063077870366489375, 0.000000000000000000, 0.4226182617407014952 ) ) ;
#2875 = VERTEX_POINT ( 'NONE', #2851 ) ;
#2876 = ADVANCED_FACE ( 'NONE', ( #949 ), #3144, .T. ) ;
#2877 = CARTESIAN_POINT ( 'NONE',  ( 83.17348000902001104, 43.00000000000000000, -15.46904777585785595 ) ) ;
#2878 = LINE ( 'NONE', #3126, #1909 ) ;
#2879 = FACE_OUTER_BOUND ( 'NONE', #811, .T. ) ;
#2880 = EDGE_CURVE ( 'NONE', #1901, #2827, #676, .T. ) ;
#2881 = CARTESIAN_POINT ( 'NONE',  ( 37.80189997677832991, 8.000000000000000000, -8.655845490743455883 ) ) ;
#2882 = CARTESIAN_POINT ( 'NONE',  ( 51.19178210486262515, -45.67514421272208835, -84.05402026096923862 ) ) ;
#2883 = VERTEX_POINT ( 'NONE', #900 ) ;
#2884 = CIRCLE ( 'NONE', #1293, 1.699999999999993738 ) ;
#2885 = ORIENTED_EDGE ( 'NONE', *, *, #92, .F. ) ;
#2886 = CARTESIAN_POINT ( 'NONE',  ( 13.34357214459343233, 33.50000000000000000, -2.067405927265921761 ) ) ;
#2887 = VECTOR ( 'NONE', #1913, 1000.000000000000000 ) ;
#2888 = CARTESIAN_POINT ( 'NONE',  ( 51.19178210486265357, 74.53300858899112313, -84.05402026096918178 ) ) ;
#2889 = ORIENTED_EDGE ( 'NONE', *, *, #2108, .F. ) ;
#2890 = VECTOR ( 'NONE', #491, 1000.000000000000114 ) ;
#2891 = CARTESIAN_POINT ( 'NONE',  ( 6.000000000000000000, 38.99999999999999289, -15.00000000000000000 ) ) ;
#2892 = ORIENTED_EDGE ( 'NONE', *, *, #250, .F. ) ;
#2893 = LINE ( 'NONE', #1368, #788 ) ;
#2894 = DIRECTION ( 'NONE',  ( 1.000000000000000000, 0.000000000000000000, 0.000000000000000000 ) ) ;
#2895 = DIRECTION ( 'NONE',  ( -0.4226182617407013287, -0.000000000000000000, -0.9063077870366490485 ) ) ;
#2896 = ADVANCED_FACE ( 'NONE', ( #2359 ), #1917, .F. ) ;
#2897 = LINE ( 'NONE', #1965, #1935 ) ;
#2898 = LINE ( 'NONE', #1683, #2518 ) ;
#2899 = DIRECTION ( 'NONE',  ( -0.000000000000000000, -1.000000000000000000, -0.000000000000000000 ) ) ;
#2900 = EDGE_LOOP ( 'NONE', ( #1548, #368, #600, #939 ) ) ;
#2901 = EDGE_CURVE ( 'NONE', #535, #992, #2898, .T. ) ;
#2902 = AXIS2_PLACEMENT_3D ( 'NONE', #2357, #406, #1866 ) ;
#2903 = EDGE_CURVE ( 'NONE', #1390, #1223, #440, .T. ) ;
#2904 = EDGE_LOOP ( 'NONE', ( #84, #1514, #2395, #1785 ) ) ;
#2905 = DIRECTION ( 'NONE',  ( 0.4226182617407004960, 0.000000000000000000, 0.9063077870366494926 ) ) ;
#2906 = VECTOR ( 'NONE', #1276, 1000.000000000000000 ) ;
#2907 = CARTESIAN_POINT ( 'NONE',  ( 40.33760954722257708, 2.000000000000000000, -3.217998768523494313 ) ) ;
#2908 = ORIENTED_EDGE ( 'NONE', *, *, #3152, .T. ) ;
#2909 = EDGE_CURVE ( 'NONE', #2284, #869, #1634, .T. ) ;
#2910 = EDGE_CURVE ( 'NONE', #1375, #2959, #1195, .T. ) ;
#2911 = VERTEX_POINT ( 'NONE', #2123 ) ;
#2912 = PLANE ( 'NONE',  #2431 ) ;
#2913 = LINE ( 'NONE', #1211, #1393 ) ;
#2914 = DIRECTION ( 'NONE',  ( 0.000000000000000000, -1.000000000000000000, 0.000000000000000000 ) ) ;
#2915 = CARTESIAN_POINT ( 'NONE',  ( 18.00000000000000000, 13.49999999999999822, 2.017049592633157337E-15 ) ) ;
#2916 = CARTESIAN_POINT ( 'NONE',  ( 75.19992371635592576, 33.49999999999999289, -18.37118492763356414 ) ) ;
#2917 = ORIENTED_EDGE ( 'NONE', *, *, #2070, .F. ) ;
#2918 = VECTOR ( 'NONE', #167, 1000.000000000000114 ) ;
#2919 = ORIENTED_EDGE ( 'NONE', *, *, #898, .F. ) ;
#2920 = DIRECTION ( 'NONE',  ( -0.4226182617407013287, -0.000000000000000000, -0.9063077870366490485 ) ) ;
#2921 = CARTESIAN_POINT ( 'NONE',  ( 0.000000000000000000, 0.000000000000000000, 0.000000000000000000 ) ) ;
#2922 = ORIENTED_EDGE ( 'NONE', *, *, #1118, .T. ) ;
#2923 = ORIENTED_EDGE ( 'NONE', *, *, #55, .T. ) ;
#2924 = VECTOR ( 'NONE', #78, 1000.000000000000114 ) ;
#2925 = ORIENTED_EDGE ( 'NONE', *, *, #1479, .F. ) ;
#2926 = DIRECTION ( 'NONE',  ( 0.000000000000000000, 0.000000000000000000, -1.000000000000000000 ) ) ;
#2927 = CARTESIAN_POINT ( 'NONE',  ( 68.85576920709937099, 2.000000000000000000, -15.41285709544865234 ) ) ;
#2928 = FACE_OUTER_BOUND ( 'NONE', #3038, .T. ) ;
#2929 = CIRCLE ( 'NONE', #1847, 9.999999999999994671 ) ;
#2930 = EDGE_CURVE ( 'NONE', #614, #567, #2636, .T. ) ;
#2931 = FACE_BOUND ( 'NONE', #596, .T. ) ;
#2932 = LINE ( 'NONE', #746, #975 ) ;
#2933 = CARTESIAN_POINT ( 'NONE',  ( 38.40773202918477125, 5.000000000000000000, -14.45523921114879684 ) ) ;
#2934 = ORIENTED_EDGE ( 'NONE', *, *, #2398, .F. ) ;
#2935 = DIRECTION ( 'NONE',  ( -0.4226182617407013287, 0.000000000000000000, -0.9063077870366490485 ) ) ;
#2936 = VECTOR ( 'NONE', #756, 1000.000000000000000 ) ;
#2937 = DIRECTION ( 'NONE',  ( -0.9063077870366486044, 0.000000000000000000, 0.4226182617407023279 ) ) ;
#2938 = VECTOR ( 'NONE', #2353, 1000.000000000000000 ) ;
#2939 = ORIENTED_EDGE ( 'NONE', *, *, #2539, .F. ) ;
#2940 = ORIENTED_EDGE ( 'NONE', *, *, #1835, .F. ) ;
#2941 = AXIS2_PLACEMENT_3D ( 'NONE', #1732, #3127, #1212 ) ;
#2942 = ORIENTED_EDGE ( 'NONE', *, *, #1242, .F. ) ;
#2943 = CARTESIAN_POINT ( 'NONE',  ( 42.06154657585057777, 5.000000000000000000, -10.64215132092474292 ) ) ;
#2944 = PLANE ( 'NONE',  #930 ) ;
#2945 = DIRECTION ( 'NONE',  ( 0.000000000000000000, 0.6715429342378185229, 0.7409656452732885645 ) ) ;
#2946 = ORIENTED_EDGE ( 'NONE', *, *, #1487, .T. ) ;
#2947 = CARTESIAN_POINT ( 'NONE',  ( 34.84357214459343055, 41.00000000000000000, -15.00000000000000000 ) ) ;
#2948 = FACE_OUTER_BOUND ( 'NONE', #1925, .T. ) ;
#2949 = EDGE_CURVE ( 'NONE', #1208, #1074, #2603, .T. ) ;
#2950 = DIRECTION ( 'NONE',  ( -0.9063077870366494926, 0.000000000000000000, 0.4226182617407006625 ) ) ;
#2951 = VECTOR ( 'NONE', #2288, 1000.000000000000114 ) ;
#2952 = VECTOR ( 'NONE', #1112, 1000.000000000000000 ) ;
#2953 = CARTESIAN_POINT ( 'NONE',  ( 69.25711192669319871, 45.92893218813453160, -45.31279543676596688 ) ) ;
#2954 = EDGE_CURVE ( 'NONE', #1014, #1360, #408, .T. ) ;
#2955 = ORIENTED_EDGE ( 'NONE', *, *, #2321, .T. ) ;
#2956 = VERTEX_POINT ( 'NONE', #680 ) ;
#2957 = VECTOR ( 'NONE', #2213, 1000.000000000000000 ) ;
#2958 = EDGE_CURVE ( 'NONE', #2883, #780, #1291, .T. ) ;
#2959 = VERTEX_POINT ( 'NONE', #3115 ) ;
#2960 = ADVANCED_FACE ( 'NONE', ( #213 ), #3162, .F. ) ;
#2961 = CARTESIAN_POINT ( 'NONE',  ( 76.89039676331873352, 33.49999999999999289, -14.74595377948696751 ) ) ;
#2962 = CARTESIAN_POINT ( 'NONE',  ( 76.89039676331871931, 40.99999999999999289, -14.74595377948695685 ) ) ;
#2963 = CARTESIAN_POINT ( 'NONE',  ( 40.52082333788827384, 5.000000000000000000, -9.923700275965549267 ) ) ;
#2964 = ADVANCED_FACE ( 'NONE', ( #2671, #1130 ), #2106, .T. ) ;
#2965 = ORIENTED_EDGE ( 'NONE', *, *, #383, .T. ) ;
#2966 = CARTESIAN_POINT ( 'NONE',  ( 7.500000000000000000, 4.000000000000000000, -96.87214790208498982 ) ) ;
#2967 = CARTESIAN_POINT ( 'NONE',  ( 4.500000000000000888, 4.000000000000000000, 0.000000000000000000 ) ) ;
#2968 = CARTESIAN_POINT ( 'NONE',  ( 38.40773202918477125, 5.000000000000000000, -14.45523921114879684 ) ) ;
#2969 = CARTESIAN_POINT ( 'NONE',  ( 75.19992371635592576, 11.50000000000000000, -18.37118492763356414 ) ) ;
#2970 = DIRECTION ( 'NONE',  ( 0.9063077870366491595, -0.000000000000000000, -0.4226182617407011621 ) ) ;
#2971 = VERTEX_POINT ( 'NONE', #647 ) ;
#2972 = ORIENTED_EDGE ( 'NONE', *, *, #667, .F. ) ;
#2973 = ORIENTED_EDGE ( 'NONE', *, *, #618, .T. ) ;
#2974 = FACE_OUTER_BOUND ( 'NONE', #1201, .T. ) ;
#2975 = DIRECTION ( 'NONE',  ( 0.000000000000000000, -1.000000000000000000, 0.000000000000000000 ) ) ;
#2976 = VECTOR ( 'NONE', #1355, 1000.000000000000000 ) ;
#2977 = ORIENTED_EDGE ( 'NONE', *, *, #1385, .T. ) ;
#2978 = CARTESIAN_POINT ( 'NONE',  ( 75.19992371635591155, 40.99999999999999289, -18.37118492763355704 ) ) ;
#2979 = ADVANCED_FACE ( 'NONE', ( #1715 ), #928, .F. ) ;
#2980 = LINE ( 'NONE', #1759, #1331 ) ;
#2981 = LINE ( 'NONE', #1538, #967 ) ;
#2982 = CARTESIAN_POINT ( 'NONE',  ( 74.77730545461523093, 40.99999999999999289, -19.27749271467013159 ) ) ;
#2983 = EDGE_CURVE ( 'NONE', #41, #2018, #1238, .T. ) ;
#2984 = CARTESIAN_POINT ( 'NONE',  ( 18.00000000000000000, 0.000000000000000000, 0.000000000000000000 ) ) ;
#2985 = ORIENTED_EDGE ( 'NONE', *, *, #1248, .T. ) ;
#2986 = ORIENTED_EDGE ( 'NONE', *, *, #523, .T. ) ;
#2987 = AXIS2_PLACEMENT_3D ( 'NONE', #194, #2666, #3141 ) ;
#2988 = ORIENTED_EDGE ( 'NONE', *, *, #2658, .T. ) ;
#2989 = CARTESIAN_POINT ( 'NONE',  ( 62.32840090717710524, 4.999999999999997335, -5.748827755821739771 ) ) ;
#2990 = APPLICATION_PROTOCOL_DEFINITION ( 'draft international standard', 'automotive_design', 1998, #1344 ) ;
#2991 = ORIENTED_EDGE ( 'NONE', *, *, #1588, .F. ) ;
#2992 = DIRECTION ( 'NONE',  ( -0.9945218953682734009, 0.000000000000000000, -0.1045284632676531239 ) ) ;
#2993 = CIRCLE ( 'NONE', #116, 1.999999999999995115 ) ;
#2994 = DIRECTION ( 'NONE',  ( 0.000000000000000000, -1.000000000000000000, 0.000000000000000000 ) ) ;
#2995 = LINE ( 'NONE', #1288, #2840 ) ;
#2996 = LINE ( 'NONE', #1969, #2742 ) ;
#2997 = STYLED_ITEM ( 'NONE', ( #2632 ), #791 ) ;
#2998 = EDGE_CURVE ( 'NONE', #1972, #2287, #984, .T. ) ;
#2999 = FACE_OUTER_BOUND ( 'NONE', #1926, .T. ) ;
#3000 = AXIS2_PLACEMENT_3D ( 'NONE', #913, #754, #1975 ) ;
#3001 = ADVANCED_FACE ( 'NONE', ( #2391 ), #498, .F. ) ;
#3002 = LINE ( 'NONE', #794, #2440 ) ;
#3003 = ADVANCED_FACE ( 'NONE', ( #486 ), #2424, .T. ) ;
#3004 = EDGE_LOOP ( 'NONE', ( #1317, #1301, #774 ) ) ;
#3005 = VERTEX_POINT ( 'NONE', #15 ) ;
#3006 = AXIS2_PLACEMENT_3D ( 'NONE', #514, #1260, #2750 ) ;
#3007 = VERTEX_POINT ( 'NONE', #228 ) ;
#3008 = EDGE_LOOP ( 'NONE', ( #1066, #3171, #1906, #902 ) ) ;
#3009 = CARTESIAN_POINT ( 'NONE',  ( 62.32840090717710524, 37.99999999999999289, -5.748827755821739771 ) ) ;
#3010 = EDGE_CURVE ( 'NONE', #1795, #2335, #1484, .T. ) ;
#3011 = CIRCLE ( 'NONE', #2489, 9.999999999999994671 ) ;
#3012 = ORIENTED_EDGE ( 'NONE', *, *, #926, .T. ) ;
#3013 = ADVANCED_FACE ( 'NONE', ( #257 ), #997, .F. ) ;
#3014 = CYLINDRICAL_SURFACE ( 'NONE', #2506, 1.500000000000004885 ) ;
#3015 = CARTESIAN_POINT ( 'NONE',  ( 71.39105615928184534, 37.99999999999999289, -9.975916681015792875 ) ) ;
#3016 = LINE ( 'NONE', #306, #1378 ) ;
#3017 = PLANE ( 'NONE',  #44 ) ;
#3018 = DIRECTION ( 'NONE',  ( 0.4226182617407004960, 0.000000000000000000, 0.9063077870366494926 ) ) ;
#3019 = ORIENTED_EDGE ( 'NONE', *, *, #177, .T. ) ;
#3020 = VERTEX_POINT ( 'NONE', #945 ) ;
#3021 = ORIENTED_EDGE ( 'NONE', *, *, #64, .T. ) ;
#3022 = EDGE_CURVE ( 'NONE', #1466, #809, #2913, .T. ) ;
#3023 = VECTOR ( 'NONE', #2573, 1000.000000000000000 ) ;
#3024 = ORIENTED_EDGE ( 'NONE', *, *, #131, .F. ) ;
#3025 = EDGE_LOOP ( 'NONE', ( #2955, #958, #2367, #3166 ) ) ;
#3026 = DIRECTION ( 'NONE',  ( 0.000000000000000000, 1.000000000000000000, 0.000000000000000000 ) ) ;
#3027 =( NAMED_UNIT ( * ) PLANE_ANGLE_UNIT ( ) SI_UNIT ( $, .RADIAN. ) );
#3028 = ORIENTED_EDGE ( 'NONE', *, *, #1654, .F. ) ;
#3029 = DIRECTION ( 'NONE',  ( 0.000000000000000000, -1.000000000000000000, 1.084202172485504434E-16 ) ) ;
#3030 = CARTESIAN_POINT ( 'NONE',  ( 70.48712322376535155, 36.99999999999999289, -16.17356996658192259 ) ) ;
#3031 = CARTESIAN_POINT ( 'NONE',  ( 73.56856969968997362, 36.99999999999999289, -17.61047205650030634 ) ) ;
#3032 = EDGE_CURVE ( 'NONE', #3007, #3106, #982, .T. ) ;
#3033 = LINE ( 'NONE', #793, #2354 ) ;
#3034 = VERTEX_POINT ( 'NONE', #693 ) ;
#3035 = DIRECTION ( 'NONE',  ( 0.000000000000000000, -1.000000000000000000, 0.000000000000000000 ) ) ;
#3036 = EDGE_LOOP ( 'NONE', ( #2575, #415, #332, #3180 ) ) ;
#3037 = VERTEX_POINT ( 'NONE', #1192 ) ;
#3038 = EDGE_LOOP ( 'NONE', ( #1577, #1724, #2545, #1164 ) ) ;
#3039 = ORIENTED_EDGE ( 'NONE', *, *, #1583, .T. ) ;
#3040 = DIRECTION ( 'NONE',  ( -0.4226182617407011066, 0.000000000000000000, -0.9063077870366491595 ) ) ;
#3041 = AXIS2_PLACEMENT_3D ( 'NONE', #39, #334, #2257 ) ;
#3042 = VERTEX_POINT ( 'NONE', #2183 ) ;
#3043 = AXIS2_PLACEMENT_3D ( 'NONE', #2596, #2581, #2645 ) ;
#3044 = LINE ( 'NONE', #1569, #1176 ) ;
#3045 = CARTESIAN_POINT ( 'NONE',  ( 0.000000000000000000, 43.00000000000000000, -14.99999999999999289 ) ) ;
#3046 = PRESENTATION_LAYER_ASSIGNMENT (  '', '', ( #2997 ) ) ;
#3047 = FACE_OUTER_BOUND ( 'NONE', #2223, .T. ) ;
#3048 = PLANE ( 'NONE',  #2167 ) ;
#3049 = ADVANCED_FACE ( 'NONE', ( #2928 ), #1418, .F. ) ;
#3050 = EDGE_LOOP ( 'NONE', ( #2333, #787, #1610, #254 ) ) ;
#3051 = DIRECTION ( 'NONE',  ( -0.4226182617407011066, 0.000000000000000000, -0.9063077870366491595 ) ) ;
#3052 = EDGE_CURVE ( 'NONE', #2404, #3042, #2361, .T. ) ;
#3053 = VERTEX_POINT ( 'NONE', #2648 ) ;
#3054 = ORIENTED_EDGE ( 'NONE', *, *, #1240, .T. ) ;
#3055 = ADVANCED_FACE ( 'NONE', ( #1226 ), #1434, .T. ) ;
#3056 = DIRECTION ( 'NONE',  ( -0.000000000000000000, 1.000000000000000000, 0.000000000000000000 ) ) ;
#3057 = CIRCLE ( 'NONE', #431, 20.00000000000000711 ) ;
#3058 = ORIENTED_EDGE ( 'NONE', *, *, #2481, .F. ) ;
#3059 = ORIENTED_EDGE ( 'NONE', *, *, #2528, .T. ) ;
#3060 = EDGE_CURVE ( 'NONE', #2302, #1102, #3189, .T. ) ;
#3061 = LINE ( 'NONE', #1334, #1618 ) ;
#3062 = ORIENTED_EDGE ( 'NONE', *, *, #1222, .F. ) ;
#3063 = CARTESIAN_POINT ( 'NONE',  ( 34.84357214459343055, 0.000000000000000000, -15.00000000000000000 ) ) ;
#3064 = CARTESIAN_POINT ( 'NONE',  ( 61.90578264543638198, 5.000000000000000000, -6.655135542858397812 ) ) ;
#3065 = CARTESIAN_POINT ( 'NONE',  ( 49.70116315221923031, 2.000000000000000000, -2.067405927265921761 ) ) ;
#3066 = DIRECTION ( 'NONE',  ( -0.000000000000000000, -0.000000000000000000, 1.000000000000000000 ) ) ;
#3067 = CARTESIAN_POINT ( 'NONE',  ( 13.34357214459343233, 9.500000000000003553, -2.067405927265924870 ) ) ;
#3068 = ORIENTED_EDGE ( 'NONE', *, *, #761, .F. ) ;
#3069 = EDGE_LOOP ( 'NONE', ( #2561, #2286, #1590, #2607 ) ) ;
#3070 = FACE_OUTER_BOUND ( 'NONE', #2554, .T. ) ;
#3071 = VECTOR ( 'NONE', #1945, 1000.000000000000000 ) ;
#3072 = VERTEX_POINT ( 'NONE', #742 ) ;
#3073 = ORIENTED_EDGE ( 'NONE', *, *, #340, .F. ) ;
#3074 = CARTESIAN_POINT ( 'NONE',  ( 71.12153867469100987, 14.09999999999999964, -16.46940274980040897 ) ) ;
#3075 = EDGE_LOOP ( 'NONE', ( #102, #737, #3039, #2660 ) ) ;
#3076 = VECTOR ( 'NONE', #1244, 1000.000000000000000 ) ;
#3077 = CARTESIAN_POINT ( 'NONE',  ( 72.35885782813546996, 33.49999999999999289, -12.63286247078345603 ) ) ;
#3078 = CARTESIAN_POINT ( 'NONE',  ( 40.52082333788827384, 5.000000000000000000, -9.923700275965549267 ) ) ;
#3079 = LINE ( 'NONE', #145, #533 ) ;
#3080 = ADVANCED_FACE ( 'NONE', ( #1663 ), #1728, .T. ) ;
#3081 = DIRECTION ( 'NONE',  ( 0.000000000000000000, 1.000000000000000000, -1.084202172485504434E-16 ) ) ;
#3082 = CARTESIAN_POINT ( 'NONE',  ( 34.84357214459343055, 0.000000000000000000, -15.00000000000000000 ) ) ;
#3083 = VERTEX_POINT ( 'NONE', #2229 ) ;
#3084 = ORIENTED_EDGE ( 'NONE', *, *, #106, .F. ) ;
#3085 = VECTOR ( 'NONE', #1851, 1000.000000000000000 ) ;
#3086 = PLANE ( 'NONE',  #2586 ) ;
#3087 = CARTESIAN_POINT ( 'NONE',  ( 6.000000000000000000, 4.000000000000000000, -96.87214790208498982 ) ) ;
#3088 = VERTEX_POINT ( 'NONE', #1516 ) ;
#3089 = DIRECTION ( 'NONE',  ( 1.000000000000000000, 0.000000000000000000, 0.000000000000000000 ) ) ;
#3090 = EDGE_CURVE ( 'NONE', #855, #173, #1566, .T. ) ;
#3091 = AXIS2_PLACEMENT_3D ( 'NONE', #285, #2488, #1268 ) ;
#3092 = DIRECTION ( 'NONE',  ( -0.4226182617407013287, -0.000000000000000000, -0.9063077870366490485 ) ) ;
#3093 = FACE_OUTER_BOUND ( 'NONE', #3069, .T. ) ;
#3094 = CARTESIAN_POINT ( 'NONE',  ( 69.25711192669319871, -2.928932188134544923, -45.31279543676595978 ) ) ;
#3095 = VECTOR ( 'NONE', #2874, 1000.000000000000114 ) ;
#3096 = CARTESIAN_POINT ( 'NONE',  ( 70.66838478117266220, 7.500000000000000000, -16.25809361893005445 ) ) ;
#3097 = DIRECTION ( 'NONE',  ( -0.4226182617407015507, 0.000000000000000000, -0.9063077870366490485 ) ) ;
#3098 = CARTESIAN_POINT ( 'NONE',  ( 18.00000000000000000, 29.50000000000000000, 0.000000000000000000 ) ) ;
#3099 = AXIS2_PLACEMENT_3D ( 'NONE', #529, #2461, #259 ) ;
#3100 = EDGE_LOOP ( 'NONE', ( #2677, #314 ) ) ;
#3101 = EDGE_CURVE ( 'NONE', #2045, #2254, #1606, .T. ) ;
#3102 = ORIENTED_EDGE ( 'NONE', *, *, #931, .F. ) ;
#3103 = LINE ( 'NONE', #2626, #232 ) ;
#3104 = ADVANCED_FACE ( 'NONE', ( #90 ), #2243, .F. ) ;
#3105 = DIRECTION ( 'NONE',  ( -0.9063077870366496036, -1.625883976416334925E-17, 0.4226182617407004405 ) ) ;
#3106 = VERTEX_POINT ( 'NONE', #1798 ) ;
#3107 = DIRECTION ( 'NONE',  ( 0.4226182617407004960, 0.000000000000000000, 0.9063077870366494926 ) ) ;
#3108 = VECTOR ( 'NONE', #496, 1000.000000000000114 ) ;
#3110 = ADVANCED_FACE ( 'NONE', ( #2033 ), #2779, .T. ) ;
#3109 = DIRECTION ( 'NONE',  ( -0.4226182617407011621, 0.000000000000000000, -0.9063077870366491595 ) ) ;
#3111 = CARTESIAN_POINT ( 'NONE',  ( 70.54624225406217874, 37.99999999999999289, -11.78762594730206281 ) ) ;
#3112 = DIRECTION ( 'NONE',  ( -1.156482317317871331E-15, 1.000000000000000000, -0.000000000000000000 ) ) ;
#3113 = DIRECTION ( 'NONE',  ( -0.000000000000000000, -0.000000000000000000, 1.000000000000000000 ) ) ;
#3114 = AXIS2_PLACEMENT_3D ( 'NONE', #981, #492, #2206 ) ;
#3115 = CARTESIAN_POINT ( 'NONE',  ( 70.18957583902275132, 40.99999999999999289, -31.48211220788734721 ) ) ;
#3116 = FACE_BOUND ( 'NONE', #2625, .T. ) ;
#3117 = ORIENTED_EDGE ( 'NONE', *, *, #1286, .F. ) ;
#3118 = EDGE_LOOP ( 'NONE', ( #907, #2759, #2140, #2412 ) ) ;
#3119 = CARTESIAN_POINT ( 'NONE',  ( 70.66838478117266220, 33.49999999999999289, -16.25809361893005445 ) ) ;
#3120 = EDGE_CURVE ( 'NONE', #809, #1163, #2515, .T. ) ;
#3121 = DIRECTION ( 'NONE',  ( -0.000000000000000000, 0.000000000000000000, -1.000000000000000000 ) ) ;
#3122 = EDGE_LOOP ( 'NONE', ( #1597, #818, #781, #1794 ) ) ;
#3123 = DIRECTION ( 'NONE',  ( 1.000000000000000000, 0.000000000000000000, 0.000000000000000000 ) ) ;
#3124 = ORIENTED_EDGE ( 'NONE', *, *, #345, .T. ) ;
#3125 = DIRECTION ( 'NONE',  ( 0.000000000000000000, 0.000000000000000000, 1.000000000000000000 ) ) ;
#3126 = CARTESIAN_POINT ( 'NONE',  ( 76.89039676331873352, 7.500000000000000000, -14.74595377948696751 ) ) ;
#3127 = DIRECTION ( 'NONE',  ( 3.154042683594196600E-16, 0.000000000000000000, 1.000000000000000000 ) ) ;
#3128 = VECTOR ( 'NONE', #503, 1000.000000000000114 ) ;
#3129 = CARTESIAN_POINT ( 'NONE',  ( 71.12153867469100987, 5.000000000000000000, -16.46940274980040897 ) ) ;
#3130 = CARTESIAN_POINT ( 'NONE',  ( 43.23974669899823198, 34.99999999999999289, -11.19155506118766219 ) ) ;
#3131 = EDGE_LOOP ( 'NONE', ( #327, #272, #364, #766 ) ) ;
#3132 = ORIENTED_EDGE ( 'NONE', *, *, #2331, .T. ) ;
#3133 = CYLINDRICAL_SURFACE ( 'NONE', #2384, 1.499999999999999556 ) ;
#3134 = VECTOR ( 'NONE', #2689, 1000.000000000000114 ) ;
#3135 = DIRECTION ( 'NONE',  ( -0.000000000000000000, -0.000000000000000000, 1.000000000000000000 ) ) ;
#3136 = ORIENTED_EDGE ( 'NONE', *, *, #2188, .F. ) ;
#3137 = LINE ( 'NONE', #1657, #3095 ) ;
#3138 = ORIENTED_EDGE ( 'NONE', *, *, #985, .F. ) ;
#3139 = CARTESIAN_POINT ( 'NONE',  ( 61.65105046041684744, 7.357864376269062312, -61.62404688901663974 ) ) ;
#3140 = DIRECTION ( 'NONE',  ( -0.4226182617407013842, 0.000000000000000000, -0.9063077870366491595 ) ) ;
#3141 = DIRECTION ( 'NONE',  ( 0.000000000000000000, -0.6715429342378188560, 0.7409656452732883425 ) ) ;
#3142 = ADVANCED_FACE ( 'NONE', ( #2501 ), #1284, .F. ) ;
#3143 = CARTESIAN_POINT ( 'NONE',  ( 18.00000000000000000, 2.615066997376313078E-16, -2.067405927265925758 ) ) ;
#3144 = CYLINDRICAL_SURFACE ( 'NONE', #313, 9.999999999999998224 ) ;
#3145 = CARTESIAN_POINT ( 'NONE',  ( 29.34357214459343410, 33.50000000000000000, -2.067405927265921761 ) ) ;
#3146 = ORIENTED_EDGE ( 'NONE', *, *, #310, .F. ) ;
#3147 = AXIS2_PLACEMENT_3D ( 'NONE', #1870, #3097, #885 ) ;
#3148 = ADVANCED_FACE ( 'NONE', ( #1013 ), #554, .F. ) ;
#3149 = ORIENTED_EDGE ( 'NONE', *, *, #562, .T. ) ;
#3150 = ORIENTED_EDGE ( 'NONE', *, *, #263, .T. ) ;
#3151 = CARTESIAN_POINT ( 'NONE',  ( 46.66024316967938290, 74.53300858899110892, -81.94092895226569340 ) ) ;
#3152 = EDGE_CURVE ( 'NONE', #1043, #1533, #75, .T. ) ;
#3153 = LINE ( 'NONE', #2841, #398 ) ;
#3154 = ORIENTED_EDGE ( 'NONE', *, *, #2233, .F. ) ;
#3155 = CIRCLE ( 'NONE', #2577, 1.999999999999995115 ) ;
#3156 = CARTESIAN_POINT ( 'NONE',  ( 62.32797828891536085, 4.999999999999997335, -5.749734063608776147 ) ) ;
#3157 = ORIENTED_EDGE ( 'NONE', *, *, #343, .F. ) ;
#3158 = DIRECTION ( 'NONE',  ( -0.4226182617407010511, -0.000000000000000000, -0.9063077870366491595 ) ) ;
#3159 = CARTESIAN_POINT ( 'NONE',  ( 74.77730545461523093, 40.99999999999999289, -19.27749271467013514 ) ) ;
#3160 = DIRECTION ( 'NONE',  ( 1.000000000000000000, 0.000000000000000000, 0.000000000000000000 ) ) ;
#3161 = CARTESIAN_POINT ( 'NONE',  ( 38.98010009992598413, 38.00000000000000000, -9.205249231006360944 ) ) ;
#3162 = PLANE ( 'NONE',  #877 ) ;
#3163 = LINE ( 'NONE', #472, #2038 ) ;
#3164 = ORIENTED_EDGE ( 'NONE', *, *, #517, .F. ) ;
#3165 = CIRCLE ( 'NONE', #2176, 1.699999999999984857 ) ;
#3166 = ORIENTED_EDGE ( 'NONE', *, *, #2910, .T. ) ;
#3167 = DIRECTION ( 'NONE',  ( -0.4226182617407013287, -0.000000000000000000, -0.9063077870366490485 ) ) ;
#3168 = CARTESIAN_POINT ( 'NONE',  ( 71.39147877754359683, 4.999999999999997335, -9.975010373228755611 ) ) ;
#3169 = VECTOR ( 'NONE', #1033, 1000.000000000000000 ) ;
#3170 = ORIENTED_EDGE ( 'NONE', *, *, #1910, .F. ) ;
#3171 = ORIENTED_EDGE ( 'NONE', *, *, #1290, .F. ) ;
#3172 = ORIENTED_EDGE ( 'NONE', *, *, #436, .F. ) ;
#3173 = LINE ( 'NONE', #2199, #2794 ) ;
#3174 = DIRECTION ( 'NONE',  ( 1.000000000000000000, 0.000000000000000000, -0.000000000000000000 ) ) ;
#3175 = VECTOR ( 'NONE', #874, 1000.000000000000227 ) ;
#3176 = LINE ( 'NONE', #677, #2081 ) ;
#3177 = PLANE ( 'NONE',  #1437 ) ;
#3178 = DIRECTION ( 'NONE',  ( 0.000000000000000000, -1.000000000000000000, 0.000000000000000000 ) ) ;
#3179 = CIRCLE ( 'NONE', #1485, 1.500000000000004885 ) ;
#3180 = ORIENTED_EDGE ( 'NONE', *, *, #281, .F. ) ;
#3181 = CARTESIAN_POINT ( 'NONE',  ( 13.34357214459343233, 9.500000000000003553, -2.067405927265924870 ) ) ;
#3182 = CARTESIAN_POINT ( 'NONE',  ( 72.24547431399443553, 0.000000000000000000, -38.90423161620805814 ) ) ;
#3183 = ORIENTED_EDGE ( 'NONE', *, *, #2137, .T. ) ;
#3184 = VERTEX_POINT ( 'NONE', #1319 ) ;
#3185 = EDGE_CURVE ( 'NONE', #221, #1315, #2289, .T. ) ;
#3186 = VERTEX_POINT ( 'NONE', #2472 ) ;
#3187 = CARTESIAN_POINT ( 'NONE',  ( 29.34357214459343410, 41.00000000000000000, -12.49999999999999645 ) ) ;
#3188 = PLANE ( 'NONE',  #3114 ) ;
#3189 = LINE ( 'NONE', #2166, #1082 ) ;
ENDSEC;
END-ISO-10303-21;
