ISO-10303-21;
HEADER;
FILE_DESCRIPTION (( 'STEP AP214' ),
    '1' );
FILE_NAME ('Gehäuse_Waveshare_Rückwand_Haupt.STEP',
    '2026-09-03T05:20:33',
    ( '' ),
    ( '' ),
    'SwSTEP 2.0',
    'SolidWorks 2026',
    '' );
FILE_SCHEMA (( 'AUTOMOTIVE_DESIGN' ));
ENDSEC;

DATA;
#1 = DIRECTION ( 'NONE',  ( -0.000000000000000000, 1.000000000000000000, -0.000000000000000000 ) ) ;
#2 = EDGE_CURVE ( 'NONE', #6678, #5388, #7291, .T. ) ;
#3 = VECTOR ( 'NONE', #2317, 1000.000000000000000 ) ;
#4 = DIRECTION ( 'NONE',  ( -0.000000000000000000, 1.000000000000000000, -0.000000000000000000 ) ) ;
#5 = ORIENTED_EDGE ( 'NONE', *, *, #764, .F. ) ;
#6 = EDGE_LOOP ( 'NONE', ( #1714, #1534, #7195, #747 ) ) ;
#7 = AXIS2_PLACEMENT_3D ( 'NONE', #2949, #6590, #2849 ) ;
#8 = CARTESIAN_POINT ( 'NONE',  ( 215.9999999999999716, 0.000000000000000000, -44.00000000000000711 ) ) ;
#9 = CARTESIAN_POINT ( 'NONE',  ( 162.9999999999999432, -0.001000000000000132727, -33.00000000000000000 ) ) ;
#10 = FACE_OUTER_BOUND ( 'NONE', #370, .T. ) ;
#11 = EDGE_LOOP ( 'NONE', ( #1021, #158, #3220, #114 ) ) ;
#12 = ORIENTED_EDGE ( 'NONE', *, *, #1318, .F. ) ;
#13 = DIRECTION ( 'NONE',  ( -0.000000000000000000, 0.000000000000000000, 1.000000000000000000 ) ) ;
#14 = VECTOR ( 'NONE', #9072, 1000.000000000000000 ) ;
#15 = CIRCLE ( 'NONE', #5668, 2.000000000000000000 ) ;
#16 = CIRCLE ( 'NONE', #3166, 2.999999999999988898 ) ;
#17 = LINE ( 'NONE', #3795, #9280 ) ;
#18 = VERTEX_POINT ( 'NONE', #9357 ) ;
#20 = ORIENTED_EDGE ( 'NONE', *, *, #8899, .F. ) ;
#19 = AXIS2_PLACEMENT_3D ( 'NONE', #7969, #7371, #2803 ) ;
#21 = CARTESIAN_POINT ( 'NONE',  ( 90.00000000000000000, -0.001000000000000132727, -133.9999999999999716 ) ) ;
#22 = VECTOR ( 'NONE', #1206, 1000.000000000000000 ) ;
#23 = FACE_OUTER_BOUND ( 'NONE', #6274, .T. ) ;
#24 = LINE ( 'NONE', #3023, #9315 ) ;
#25 = ORIENTED_EDGE ( 'NONE', *, *, #2739, .F. ) ;
#26 = ORIENTED_EDGE ( 'NONE', *, *, #8775, .F. ) ;
#27 = VECTOR ( 'NONE', #770, 1000.000000000000000 ) ;
#28 = VECTOR ( 'NONE', #7918, 1000.000000000000000 ) ;
#29 = AXIS2_PLACEMENT_3D ( 'NONE', #8465, #4682, #3263 ) ;
#30 = VECTOR ( 'NONE', #1451, 1000.000000000000000 ) ;
#31 = ORIENTED_EDGE ( 'NONE', *, *, #2503, .T. ) ;
#32 = ORIENTED_EDGE ( 'NONE', *, *, #781, .F. ) ;
#33 = AXIS2_PLACEMENT_3D ( 'NONE', #3920, #2556, #2457 ) ;
#34 = DIRECTION ( 'NONE',  ( 0.000000000000000000, 0.000000000000000000, 1.000000000000000000 ) ) ;
#35 = DIRECTION ( 'NONE',  ( 1.000000000000000000, 0.000000000000000000, 0.000000000000000000 ) ) ;
#36 = EDGE_CURVE ( 'NONE', #5942, #7993, #567, .T. ) ;
#37 = CARTESIAN_POINT ( 'NONE',  ( 27.99999999999999645, 9.000000000000001776, -106.9999999999999858 ) ) ;
#38 = ADVANCED_FACE ( 'NONE', ( #4896 ), #4987, .F. ) ;
#39 = VERTEX_POINT ( 'NONE', #8672 ) ;
#40 = DIRECTION ( 'NONE',  ( 0.000000000000000000, -1.000000000000000000, 0.000000000000000000 ) ) ;
#41 = EDGE_LOOP ( 'NONE', ( #2153, #2994, #3807, #2135, #716, #3672 ) ) ;
#42 = DIRECTION ( 'NONE',  ( 0.000000000000000000, -0.000000000000000000, 1.000000000000000000 ) ) ;
#43 = VECTOR ( 'NONE', #1204, 1000.000000000000000 ) ;
#44 = VECTOR ( 'NONE', #7869, 1000.000000000000000 ) ;
#45 = ORIENTED_EDGE ( 'NONE', *, *, #882, .F. ) ;
#46 = VERTEX_POINT ( 'NONE', #9538 ) ;
#47 = CARTESIAN_POINT ( 'NONE',  ( 78.00000000000000000, 14.00000000000000000, -41.00000000000000000 ) ) ;
#48 = EDGE_CURVE ( 'NONE', #4677, #9317, #1944, .T. ) ;
#49 = LINE ( 'NONE', #9069, #3165 ) ;
#50 = CARTESIAN_POINT ( 'NONE',  ( 44.00000000000000000, 4.000000000000000000, -117.9999999999999858 ) ) ;
#51 = DIRECTION ( 'NONE',  ( -1.000000000000000000, 0.000000000000000000, 0.000000000000000000 ) ) ;
#52 = DIRECTION ( 'NONE',  ( -0.000000000000000000, 1.000000000000000000, -0.000000000000000000 ) ) ;
#53 = PLANE ( 'NONE',  #9018 ) ;
#54 = DIRECTION ( 'NONE',  ( -0.000000000000000000, 1.000000000000000000, -0.000000000000000000 ) ) ;
#55 = ORIENTED_EDGE ( 'NONE', *, *, #1474, .T. ) ;
#56 = CARTESIAN_POINT ( 'NONE',  ( 225.7699999999999818, 4.000000000000000000, -5.249999999999998224 ) ) ;
#57 = CIRCLE ( 'NONE', #3765, 3.000000000000002665 ) ;
#58 = CARTESIAN_POINT ( 'NONE',  ( 174.0000000000000000, -0.001000000000000132727, -133.9999999999999716 ) ) ;
#59 = EDGE_CURVE ( 'NONE', #2180, #6048, #8075, .T. ) ;
#60 = VERTEX_POINT ( 'NONE', #4197 ) ;
#61 = CONICAL_SURFACE ( 'NONE', #1151, 1.700000000000007061, 1.029744258676656310 ) ;
#62 = ORIENTED_EDGE ( 'NONE', *, *, #305, .T. ) ;
#63 = PLANE ( 'NONE',  #9430 ) ;
#64 = VERTEX_POINT ( 'NONE', #7888 ) ;
#65 = CARTESIAN_POINT ( 'NONE',  ( 195.0000000000000000, -0.001000000000000132727, -133.9999999999999716 ) ) ;
#66 = CARTESIAN_POINT ( 'NONE',  ( 188.0000000000000000, 4.000000000000000000, -117.9999999999999716 ) ) ;
#67 = ORIENTED_EDGE ( 'NONE', *, *, #1603, .T. ) ;
#68 = VERTEX_POINT ( 'NONE', #5638 ) ;
#69 = VECTOR ( 'NONE', #3128, 1000.000000000000000 ) ;
#70 = LINE ( 'NONE', #7380, #8356 ) ;
#71 = AXIS2_PLACEMENT_3D ( 'NONE', #9070, #2351, #5352 ) ;
#72 = EDGE_CURVE ( 'NONE', #6226, #9455, #8622, .T. ) ;
#73 = CARTESIAN_POINT ( 'NONE',  ( 127.4999999999999432, 4.000000000000000000, -44.00000000000000000 ) ) ;
#74 = ORIENTED_EDGE ( 'NONE', *, *, #4932, .F. ) ;
#75 = ORIENTED_EDGE ( 'NONE', *, *, #1189, .T. ) ;
#76 = CARTESIAN_POINT ( 'NONE',  ( 208.9999999999999716, 4.000000000000000000, -17.00000000000000000 ) ) ;
#77 = CARTESIAN_POINT ( 'NONE',  ( 167.0000000000000000, 4.000000000000000000, -133.9999999999999716 ) ) ;
#78 = FACE_BOUND ( 'NONE', #2593, .T. ) ;
#79 = FACE_OUTER_BOUND ( 'NONE', #8140, .T. ) ;
#80 = ORIENTED_EDGE ( 'NONE', *, *, #7295, .F. ) ;
#81 = VERTEX_POINT ( 'NONE', #1891 ) ;
#82 = PRODUCT_DEFINITION_CONTEXT ( 'detailed design', #6043, 'design' ) ;
#83 = ORIENTED_EDGE ( 'NONE', *, *, #5717, .T. ) ;
#84 = VERTEX_POINT ( 'NONE', #1154 ) ;
#85 = LINE ( 'NONE', #7447, #4556 ) ;
#86 = CARTESIAN_POINT ( 'NONE',  ( 27.00000000000000355, 4.000000000000000000, -17.00000000000000000 ) ) ;
#87 = EDGE_CURVE ( 'NONE', #8429, #7670, #4157, .T. ) ;
#88 = CARTESIAN_POINT ( 'NONE',  ( 209.0000000000000000, -0.001000000000000132727, -133.9999999999999716 ) ) ;
#89 = VERTEX_POINT ( 'NONE', #6418 ) ;
#90 = DIRECTION ( 'NONE',  ( 0.000000000000000000, 0.000000000000000000, 1.000000000000000000 ) ) ;
#91 = EDGE_LOOP ( 'NONE', ( #5865, #6414 ) ) ;
#92 = CARTESIAN_POINT ( 'NONE',  ( 72.00000000000001421, -0.001000000000000132727, -33.00000000000000000 ) ) ;
#93 = EDGE_CURVE ( 'NONE', #8613, #5557, #4943, .T. ) ;
#94 = VERTEX_POINT ( 'NONE', #9445 ) ;
#95 = VERTEX_POINT ( 'NONE', #2725 ) ;
#96 = DIRECTION ( 'NONE',  ( 1.110223024625156787E-16, 0.000000000000000000, 1.000000000000000000 ) ) ;
#97 = VECTOR ( 'NONE', #7566, 1000.000000000000000 ) ;
#98 = DIRECTION ( 'NONE',  ( 2.168404344971008128E-16, 0.000000000000000000, 1.000000000000000000 ) ) ;
#99 = CARTESIAN_POINT ( 'NONE',  ( 20.00000000000000000, 29.00000000000000000, -108.9999999999999858 ) ) ;
#100 = CARTESIAN_POINT ( 'NONE',  ( 69.00000000000000000, 4.000000000000000000, -33.00000000000000711 ) ) ;
#101 = DIRECTION ( 'NONE',  ( -0.000000000000000000, 1.000000000000000000, -0.000000000000000000 ) ) ;
#102 = LINE ( 'NONE', #9023, #6055 ) ;
#103 = CARTESIAN_POINT ( 'NONE',  ( 83.00000000000000000, -0.001000000000000132727, -133.9999999999999716 ) ) ;
#104 = ORIENTED_EDGE ( 'NONE', *, *, #4196, .T. ) ;
#105 = DIRECTION ( 'NONE',  ( 1.000000000000000000, 0.000000000000000000, -4.625929269271487689E-15 ) ) ;
#106 = EDGE_CURVE ( 'NONE', #7358, #6705, #8714, .T. ) ;
#107 = CARTESIAN_POINT ( 'NONE',  ( 23.00000000000000000, 29.00000000000000000, -108.9999999999999858 ) ) ;
#108 = ADVANCED_FACE ( 'NONE', ( #6512 ), #4531, .F. ) ;
#109 = ORIENTED_EDGE ( 'NONE', *, *, #4622, .T. ) ;
#110 = AXIS2_PLACEMENT_3D ( 'NONE', #6393, #7992, #541 ) ;
#111 = ORIENTED_EDGE ( 'NONE', *, *, #5037, .F. ) ;
#112 = DIRECTION ( 'NONE',  ( 1.000000000000000000, 0.000000000000000000, -2.168404344971008868E-16 ) ) ;
#113 = CARTESIAN_POINT ( 'NONE',  ( 136.9999999999999432, 8.000000000000001776, -35.00000000000000000 ) ) ;
#114 = ORIENTED_EDGE ( 'NONE', *, *, #9006, .F. ) ;
#115 = DIRECTION ( 'NONE',  ( -0.000000000000000000, 1.000000000000000000, -0.000000000000000000 ) ) ;
#116 = ORIENTED_EDGE ( 'NONE', *, *, #8799, .T. ) ;
#117 = ORIENTED_EDGE ( 'NONE', *, *, #1898, .T. ) ;
#118 = LINE ( 'NONE', #9088, #8656 ) ;
#119 = LINE ( 'NONE', #1047, #813 ) ;
#120 = EDGE_LOOP ( 'NONE', ( #6721, #7117, #9102, #1779 ) ) ;
#121 = ADVANCED_FACE ( 'NONE', ( #5868 ), #6063, .F. ) ;
#122 = ORIENTED_EDGE ( 'NONE', *, *, #5687, .F. ) ;
#123 = DIRECTION ( 'NONE',  ( 0.000000000000000000, 1.000000000000000000, 0.000000000000000000 ) ) ;
#124 = CARTESIAN_POINT ( 'NONE',  ( 23.00000000000000000, 29.00000000000000000, -103.9999999999999858 ) ) ;
#125 = ADVANCED_FACE ( 'NONE', ( #3020 ), #7483, .F. ) ;
#126 = DIRECTION ( 'NONE',  ( -1.000000000000000000, 0.000000000000000000, 0.000000000000000000 ) ) ;
#127 = FACE_BOUND ( 'NONE', #4799, .T. ) ;
#128 = VECTOR ( 'NONE', #8393, 1000.000000000000000 ) ;
#129 = DIRECTION ( 'NONE',  ( -1.000000000000000000, 0.000000000000000000, -0.000000000000000000 ) ) ;
#130 = VERTEX_POINT ( 'NONE', #805 ) ;
#131 = EDGE_LOOP ( 'NONE', ( #3886, #4479, #3683, #4408 ) ) ;
#132 = EDGE_CURVE ( 'NONE', #2489, #1054, #6015, .T. ) ;
#133 = VERTEX_POINT ( 'NONE', #5327 ) ;
#134 = ORIENTED_EDGE ( 'NONE', *, *, #4826, .T. ) ;
#135 = CARTESIAN_POINT ( 'NONE',  ( 44.00000000000000000, 4.000000000000000000, -33.00000000000000000 ) ) ;
#136 = DIRECTION ( 'NONE',  ( 1.000000000000000000, -0.000000000000000000, 0.000000000000000000 ) ) ;
#137 = CARTESIAN_POINT ( 'NONE',  ( 102.0000000000000142, 2.000000000000000000, -35.00000000000000000 ) ) ;
#138 = ORIENTED_EDGE ( 'NONE', *, *, #8372, .T. ) ;
#139 = ORIENTED_EDGE ( 'NONE', *, *, #4336, .T. ) ;
#140 = LINE ( 'NONE', #1761, #7334 ) ;
#141 = VERTEX_POINT ( 'NONE', #1344 ) ;
#142 = AXIS2_PLACEMENT_3D ( 'NONE', #3300, #1925, #9425 ) ;
#143 = CARTESIAN_POINT ( 'NONE',  ( 34.00000000000000000, 4.000000000000000000, -17.00000000000000000 ) ) ;
#144 = EDGE_CURVE ( 'NONE', #6978, #5320, #5130, .T. ) ;
#145 = VECTOR ( 'NONE', #9337, 1000.000000000000000 ) ;
#146 = ORIENTED_EDGE ( 'NONE', *, *, #7760, .T. ) ;
#147 = VERTEX_POINT ( 'NONE', #4337 ) ;
#148 = DIRECTION ( 'NONE',  ( -0.000000000000000000, 1.000000000000000000, -0.000000000000000000 ) ) ;
#149 = CARTESIAN_POINT ( 'NONE',  ( 79.00000000000000000, 0.000000000000000000, -117.9999999999999858 ) ) ;
#150 = FACE_OUTER_BOUND ( 'NONE', #7661, .T. ) ;
#151 = FACE_OUTER_BOUND ( 'NONE', #6754, .T. ) ;
#152 = CARTESIAN_POINT ( 'NONE',  ( 27.99999999999999645, 9.000000000000014211, -109.0000000000000000 ) ) ;
#153 = CARTESIAN_POINT ( 'NONE',  ( 18.00000000000000355, 4.000000000000000000, -136.9999999999999716 ) ) ;
#154 = PLANE ( 'NONE',  #7644 ) ;
#155 = EDGE_LOOP ( 'NONE', ( #7162, #9498, #7981, #5740 ) ) ;
#156 = LINE ( 'NONE', #7622, #2830 ) ;
#157 = ORIENTED_EDGE ( 'NONE', *, *, #4050, .T. ) ;
#158 = ORIENTED_EDGE ( 'NONE', *, *, #8235, .F. ) ;
#159 = CARTESIAN_POINT ( 'NONE',  ( 136.9999999999999432, 2.000000000000000000, -36.70000000000000995 ) ) ;
#160 = ORIENTED_EDGE ( 'NONE', *, *, #2335, .F. ) ;
#161 = DIRECTION ( 'NONE',  ( -1.000000000000000000, 0.000000000000000000, -0.000000000000000000 ) ) ;
#162 = EDGE_CURVE ( 'NONE', #815, #2134, #5279, .T. ) ;
#163 = LINE ( 'NONE', #6996, #8038 ) ;
#164 = ORIENTED_EDGE ( 'NONE', *, *, #1449, .F. ) ;
#165 = EDGE_CURVE ( 'NONE', #5853, #7912, #9000, .T. ) ;
#166 = ADVANCED_FACE ( 'NONE', ( #6749 ), #1490, .F. ) ;
#167 = CARTESIAN_POINT ( 'NONE',  ( 168.9999999999999716, 18.00000000000000355, -111.9999999999999858 ) ) ;
#168 = DIRECTION ( 'NONE',  ( -1.000000000000000000, 0.000000000000000000, 0.000000000000000000 ) ) ;
#169 = VECTOR ( 'NONE', #3686, 1000.000000000000000 ) ;
#170 = EDGE_LOOP ( 'NONE', ( #7649, #6379, #2347, #8255 ) ) ;
#171 = ORIENTED_EDGE ( 'NONE', *, *, #359, .T. ) ;
#172 = CARTESIAN_POINT ( 'NONE',  ( 25.00000000000000355, 29.00000000000000000, -48.99999999999997868 ) ) ;
#173 = LINE ( 'NONE', #3174, #5906 ) ;
#174 = EDGE_CURVE ( 'NONE', #5614, #9173, #668, .T. ) ;
#175 = CARTESIAN_POINT ( 'NONE',  ( 20.00000000000000000, 29.00000000000000000, -41.00000000000000000 ) ) ;
#176 = CARTESIAN_POINT ( 'NONE',  ( 23.00000000000000000, 9.000000000000001776, -108.9999999999999858 ) ) ;
#177 = CIRCLE ( 'NONE', #5667, 1.750000000000001554 ) ;
#178 = LINE ( 'NONE', #3179, #7759 ) ;
#179 = ORIENTED_EDGE ( 'NONE', *, *, #7053, .F. ) ;
#180 = ORIENTED_EDGE ( 'NONE', *, *, #9278, .T. ) ;
#181 = ADVANCED_FACE ( 'NONE', ( #3798 ), #7436, .F. ) ;
#182 = VECTOR ( 'NONE', #1858, 1000.000000000000000 ) ;
#183 = AXIS2_PLACEMENT_3D ( 'NONE', #6437, #1171, #1868 ) ;
#184 = EDGE_LOOP ( 'NONE', ( #6646, #4730, #9265, #7175 ) ) ;
#185 = VERTEX_POINT ( 'NONE', #76 ) ;
#186 = CARTESIAN_POINT ( 'NONE',  ( 195.0000000000000000, -0.001000000000000132727, -133.9999999999999716 ) ) ;
#187 = CARTESIAN_POINT ( 'NONE',  ( 238.9999999999999716, 2.000000000000000000, -147.0000000000000000 ) ) ;
#188 = VECTOR ( 'NONE', #8825, 1000.000000000000000 ) ;
#189 = AXIS2_PLACEMENT_3D ( 'NONE', #3159, #112, #2424 ) ;
#190 = CARTESIAN_POINT ( 'NONE',  ( 139.0000000000000000, -0.001000000000000132727, -133.9999999999999716 ) ) ;
#191 = ORIENTED_EDGE ( 'NONE', *, *, #9237, .F. ) ;
#192 = ORIENTED_EDGE ( 'NONE', *, *, #8188, .F. ) ;
#193 = CARTESIAN_POINT ( 'NONE',  ( 149.0000000000000000, 4.000000000000000000, -133.9999999999999716 ) ) ;
#194 = VECTOR ( 'NONE', #7249, 1000.000000000000000 ) ;
#195 = DIRECTION ( 'NONE',  ( 0.000000000000000000, 0.5150380749100555988, 0.8571673007021114454 ) ) ;
#196 = ADVANCED_FACE ( 'NONE', ( #5915, #4382, #3071, #713, #4485 ), #759, .T. ) ;
#197 = ADVANCED_FACE ( 'NONE', ( #614 ), #3653, .F. ) ;
#198 = AXIS2_PLACEMENT_3D ( 'NONE', #6979, #201, #8546 ) ;
#199 = ORIENTED_EDGE ( 'NONE', *, *, #3091, .T. ) ;
#200 = ORIENTED_EDGE ( 'NONE', *, *, #4466, .F. ) ;
#201 = DIRECTION ( 'NONE',  ( -0.000000000000000000, 1.000000000000000000, -0.000000000000000000 ) ) ;
#202 = FACE_OUTER_BOUND ( 'NONE', #6853, .T. ) ;
#203 = DIRECTION ( 'NONE',  ( -0.000000000000000000, 1.000000000000000000, -0.000000000000000000 ) ) ;
#204 = LINE ( 'NONE', #3247, #5055 ) ;
#205 = DIRECTION ( 'NONE',  ( 0.000000000000000000, 0.000000000000000000, 1.000000000000000000 ) ) ;
#206 = CARTESIAN_POINT ( 'NONE',  ( 136.9999999999999432, 8.000000000000000000, -33.30000000000001137 ) ) ;
#207 = DIRECTION ( 'NONE',  ( -2.168404344971008868E-16, 0.000000000000000000, -1.000000000000000000 ) ) ;
#208 = ORIENTED_EDGE ( 'NONE', *, *, #5443, .T. ) ;
#209 = VECTOR ( 'NONE', #5719, 1000.000000000000000 ) ;
#210 = AXIS2_PLACEMENT_3D ( 'NONE', #3552, #4237, #7153 ) ;
#211 = LINE ( 'NONE', #1566, #2373 ) ;
#212 = VERTEX_POINT ( 'NONE', #8165 ) ;
#213 = EDGE_LOOP ( 'NONE', ( #6006, #4528, #1630, #6106 ) ) ;
#214 = FACE_OUTER_BOUND ( 'NONE', #7543, .T. ) ;
#215 = ORIENTED_EDGE ( 'NONE', *, *, #624, .F. ) ;
#216 = CARTESIAN_POINT ( 'NONE',  ( 125.0000000000000000, 4.000000000000000000, -117.9999999999999716 ) ) ;
#217 = EDGE_CURVE ( 'NONE', #8544, #8273, #3700, .T. ) ;
#218 = VECTOR ( 'NONE', #6531, 1000.000000000000000 ) ;
#219 = CARTESIAN_POINT ( 'NONE',  ( 169.9999999999999432, 4.000000000000000000, -33.00000000000000000 ) ) ;
#220 = ORIENTED_EDGE ( 'NONE', *, *, #1934, .T. ) ;
#221 = DIRECTION ( 'NONE',  ( 0.000000000000000000, 0.000000000000000000, 1.000000000000000000 ) ) ;
#222 = FACE_OUTER_BOUND ( 'NONE', #2434, .T. ) ;
#223 = AXIS2_PLACEMENT_3D ( 'NONE', #5291, #4856, #8537 ) ;
#224 = EDGE_LOOP ( 'NONE', ( #7593, #6489, #1506, #4482 ) ) ;
#225 = EDGE_CURVE ( 'NONE', #8872, #4357, #5454, .T. ) ;
#226 = ADVANCED_FACE ( 'NONE', ( #2483 ), #9356, .F. ) ;
#227 = DIRECTION ( 'NONE',  ( 0.000000000000000000, 1.000000000000000000, 0.000000000000000000 ) ) ;
#228 = DIRECTION ( 'NONE',  ( -1.000000000000000000, -0.000000000000000000, -0.000000000000000000 ) ) ;
#229 = CARTESIAN_POINT ( 'NONE',  ( 69.00000000000000000, 0.000000000000000000, -133.9999999999999716 ) ) ;
#230 = CIRCLE ( 'NONE', #8382, 1.749999999999998890 ) ;
#231 = CARTESIAN_POINT ( 'NONE',  ( 73.00000000000001421, 0.000000000000000000, -44.00000000000000711 ) ) ;
#232 = LINE ( 'NONE', #1747, #2585 ) ;
#233 = ORIENTED_EDGE ( 'NONE', *, *, #8350, .T. ) ;
#234 = ORIENTED_EDGE ( 'NONE', *, *, #4040, .T. ) ;
#235 = EDGE_CURVE ( 'NONE', #8691, #6783, #7828, .T. ) ;
#236 = ADVANCED_FACE ( 'NONE', ( #8424 ), #4587, .F. ) ;
#237 = ORIENTED_EDGE ( 'NONE', *, *, #5920, .T. ) ;
#238 = CARTESIAN_POINT ( 'NONE',  ( 69.00000000000000000, 0.000000000000000000, -17.00000000000000000 ) ) ;
#239 = DIRECTION ( 'NONE',  ( 0.000000000000000000, 0.000000000000000000, 1.000000000000000000 ) ) ;
#240 = DIRECTION ( 'NONE',  ( -1.000000000000000000, -0.000000000000000000, -0.000000000000000000 ) ) ;
#241 = ORIENTED_EDGE ( 'NONE', *, *, #1538, .F. ) ;
#242 = ORIENTED_EDGE ( 'NONE', *, *, #4812, .T. ) ;
#243 = DIRECTION ( 'NONE',  ( -1.000000000000000000, 0.000000000000000000, 0.000000000000000000 ) ) ;
#244 = DIRECTION ( 'NONE',  ( -0.000000000000000000, -0.000000000000000000, -1.000000000000000000 ) ) ;
#245 = VECTOR ( 'NONE', #5815, 1000.000000000000000 ) ;
#246 = VERTEX_POINT ( 'NONE', #1923 ) ;
#247 = ORIENTED_EDGE ( 'NONE', *, *, #3421, .T. ) ;
#248 = LINE ( 'NONE', #4862, #5370 ) ;
#249 = PLANE ( 'NONE',  #6456 ) ;
#250 = CARTESIAN_POINT ( 'NONE',  ( 173.9999999999999716, 0.000000000000000000, -17.00000000000000000 ) ) ;
#251 = DIRECTION ( 'NONE',  ( -0.000000000000000000, -1.000000000000000000, 0.000000000000000000 ) ) ;
#252 = EDGE_CURVE ( 'NONE', #6872, #7647, #9152, .T. ) ;
#253 = DIRECTION ( 'NONE',  ( 0.000000000000000000, 0.000000000000000000, 1.000000000000000000 ) ) ;
#254 = DIRECTION ( 'NONE',  ( -1.000000000000000000, 0.000000000000000000, -0.000000000000000000 ) ) ;
#255 = LINE ( 'NONE', #5358, #8101 ) ;
#256 = VERTEX_POINT ( 'NONE', #6855 ) ;
#257 = PRODUCT ( 'Geh\X2\00e4\X0\use_Waveshare_R\X2\00fc\X0\ckwand_Haupt', 'Geh\X2\00e4\X0\use_Waveshare_R\X2\00fc\X0\ckwand_Haupt', '', ( #589 ) ) ;
#258 = CARTESIAN_POINT ( 'NONE',  ( 236.9999999999999716, 4.000000000000000000, 0.000000000000000000 ) ) ;
#259 = EDGE_CURVE ( 'NONE', #8859, #8421, #5658, .T. ) ;
#260 = VERTEX_POINT ( 'NONE', #6958 ) ;
#261 = VERTEX_POINT ( 'NONE', #2658 ) ;
#262 = LINE ( 'NONE', #4875, #28 ) ;
#263 = ORIENTED_EDGE ( 'NONE', *, *, #666, .F. ) ;
#264 = CARTESIAN_POINT ( 'NONE',  ( 7.669999999999999929, 4.000000000000000000, -139.9999999999999716 ) ) ;
#265 = DIRECTION ( 'NONE',  ( -1.000000000000000000, 0.000000000000000000, 0.000000000000000000 ) ) ;
#266 = ORIENTED_EDGE ( 'NONE', *, *, #5876, .T. ) ;
#267 = VECTOR ( 'NONE', #7906, 1000.000000000000000 ) ;
#268 = CARTESIAN_POINT ( 'NONE',  ( 181.0000000000000000, 0.000000000000000000, -117.9999999999999716 ) ) ;
#269 = DIRECTION ( 'NONE',  ( -0.000000000000000000, 1.000000000000000000, -0.000000000000000000 ) ) ;
#270 = VECTOR ( 'NONE', #6150, 1000.000000000000000 ) ;
#271 = EDGE_CURVE ( 'NONE', #9405, #1377, #3950, .T. ) ;
#272 = EDGE_LOOP ( 'NONE', ( #4501, #480, #8109, #596 ) ) ;
#273 = LINE ( 'NONE', #7098, #4753 ) ;
#274 = LINE ( 'NONE', #5385, #4576 ) ;
#275 = PLANE ( 'NONE',  #4231 ) ;
#276 = FACE_OUTER_BOUND ( 'NONE', #5467, .T. ) ;
#277 = ORIENTED_EDGE ( 'NONE', *, *, #417, .F. ) ;
#278 = ORIENTED_EDGE ( 'NONE', *, *, #5152, .T. ) ;
#279 = EDGE_CURVE ( 'NONE', #5841, #763, #7689, .T. ) ;
#280 = ORIENTED_EDGE ( 'NONE', *, *, #867, .T. ) ;
#281 = VECTOR ( 'NONE', #1811, 1000.000000000000000 ) ;
#282 = DIRECTION ( 'NONE',  ( -0.000000000000000000, 1.000000000000000000, -0.000000000000000000 ) ) ;
#283 = CARTESIAN_POINT ( 'NONE',  ( 174.0000000000000000, 0.000000000000000000, -117.9999999999999716 ) ) ;
#284 = EDGE_CURVE ( 'NONE', #4627, #7972, #3441, .T. ) ;
#285 = CARTESIAN_POINT ( 'NONE',  ( 135.7199999999999704, 4.000000000000000000, -97.99999999999998579 ) ) ;
#286 = VERTEX_POINT ( 'NONE', #910 ) ;
#287 = VECTOR ( 'NONE', #9711, 1000.000000000000000 ) ;
#288 = VERTEX_POINT ( 'NONE', #124 ) ;
#289 = FACE_OUTER_BOUND ( 'NONE', #7997, .T. ) ;
#290 = EDGE_CURVE ( 'NONE', #46, #5977, #6118, .T. ) ;
#291 = EDGE_CURVE ( 'NONE', #9137, #2268, #451, .T. ) ;
#292 = PLANE ( 'NONE',  #999 ) ;
#293 = EDGE_LOOP ( 'NONE', ( #5259, #171, #192, #6733 ) ) ;
#294 = ORIENTED_EDGE ( 'NONE', *, *, #1660, .F. ) ;
#295 = CARTESIAN_POINT ( 'NONE',  ( 72.00000000000001421, 4.000000000000000000, -33.00000000000000000 ) ) ;
#296 = LINE ( 'NONE', #4710, #1424 ) ;
#297 = DIRECTION ( 'NONE',  ( -2.168404344971008868E-16, 0.000000000000000000, -1.000000000000000000 ) ) ;
#298 = DIRECTION ( 'NONE',  ( 0.000000000000000000, 0.000000000000000000, 1.000000000000000000 ) ) ;
#299 = LINE ( 'NONE', #2648, #8942 ) ;
#300 = DIRECTION ( 'NONE',  ( 0.000000000000000000, -1.000000000000000000, 0.000000000000000000 ) ) ;
#301 = VECTOR ( 'NONE', #4540, 1000.000000000000000 ) ;
#302 = CARTESIAN_POINT ( 'NONE',  ( 205.0000000000000284, -0.001000000000000132727, -133.9999999999999716 ) ) ;
#303 = ORIENTED_EDGE ( 'NONE', *, *, #7734, .F. ) ;
#304 = CARTESIAN_POINT ( 'NONE',  ( 156.0000000000000000, 4.000000000000000000, -117.9999999999999858 ) ) ;
#305 = EDGE_CURVE ( 'NONE', #365, #1529, #7137, .T. ) ;
#306 = EDGE_LOOP ( 'NONE', ( #1788, #5550, #7438, #7045 ) ) ;
#307 = ORIENTED_EDGE ( 'NONE', *, *, #6702, .F. ) ;
#308 = ORIENTED_EDGE ( 'NONE', *, *, #1115, .T. ) ;
#309 = CARTESIAN_POINT ( 'NONE',  ( 211.9999999999999716, 4.000000000000000000, -17.00000000000000000 ) ) ;
#310 = FACE_OUTER_BOUND ( 'NONE', #5252, .T. ) ;
#311 = EDGE_LOOP ( 'NONE', ( #9203, #5066, #2576, #9149 ) ) ;
#312 = LINE ( 'NONE', #4970, #9697 ) ;
#313 = DIRECTION ( 'NONE',  ( -0.000000000000000000, 1.000000000000000000, -0.000000000000000000 ) ) ;
#314 = ORIENTED_EDGE ( 'NONE', *, *, #4407, .T. ) ;
#315 = EDGE_CURVE ( 'NONE', #9613, #2336, #173, .T. ) ;
#316 = CARTESIAN_POINT ( 'NONE',  ( 73.00000000000001421, 0.000000000000000000, -108.9999999999999858 ) ) ;
#317 = LINE ( 'NONE', #1835, #1276 ) ;
#318 = EDGE_CURVE ( 'NONE', #4527, #9003, #4178, .T. ) ;
#319 = EDGE_CURVE ( 'NONE', #5451, #8199, #8375, .T. ) ;
#320 = ORIENTED_EDGE ( 'NONE', *, *, #6547, .F. ) ;
#321 = PLANE ( 'NONE',  #6329 ) ;
#322 = DIRECTION ( 'NONE',  ( 0.000000000000000000, 0.000000000000000000, 1.000000000000000000 ) ) ;
#323 = ORIENTED_EDGE ( 'NONE', *, *, #1064, .F. ) ;
#324 = LINE ( 'NONE', #4639, #8633 ) ;
#325 = CARTESIAN_POINT ( 'NONE',  ( 166.9999999999999432, -0.001000000000000132727, -17.00000000000000000 ) ) ;
#326 = ORIENTED_EDGE ( 'NONE', *, *, #8409, .F. ) ;
#327 = EDGE_CURVE ( 'NONE', #9015, #8137, #6440, .T. ) ;
#328 = VERTEX_POINT ( 'NONE', #8468 ) ;
#329 = VECTOR ( 'NONE', #9370, 1000.000000000000000 ) ;
#330 = VECTOR ( 'NONE', #459, 1000.000000000000000 ) ;
#331 = DIRECTION ( 'NONE',  ( 0.000000000000000000, 0.000000000000000000, -1.000000000000000000 ) ) ;
#332 = FACE_OUTER_BOUND ( 'NONE', #3704, .T. ) ;
#333 = CARTESIAN_POINT ( 'NONE',  ( 135.7199999999999704, 6.000000000000000000, -46.00000000000000000 ) ) ;
#334 = VERTEX_POINT ( 'NONE', #9423 ) ;
#335 = ADVANCED_FACE ( 'NONE', ( #2436 ), #5436, .T. ) ;
#336 = ORIENTED_EDGE ( 'NONE', *, *, #2261, .F. ) ;
#337 = DIRECTION ( 'NONE',  ( -0.000000000000000000, 1.000000000000000000, -0.000000000000000000 ) ) ;
#338 = LINE ( 'NONE', #9261, #7269 ) ;
#339 = VECTOR ( 'NONE', #2971, 1000.000000000000000 ) ;
#340 = VECTOR ( 'NONE', #554, 1000.000000000000000 ) ;
#341 = VERTEX_POINT ( 'NONE', #3490 ) ;
#342 = ORIENTED_EDGE ( 'NONE', *, *, #4763, .T. ) ;
#343 = PLANE ( 'NONE',  #3958 ) ;
#344 = EDGE_CURVE ( 'NONE', #6797, #8288, #4219, .T. ) ;
#345 = VECTOR ( 'NONE', #8251, 1000.000000000000000 ) ;
#346 = ADVANCED_FACE ( 'NONE', ( #9471 ), #5706, .F. ) ;
#347 = LINE ( 'NONE', #5559, #2684 ) ;
#348 = LINE ( 'NONE', #3428, #3565 ) ;
#349 = AXIS2_PLACEMENT_3D ( 'NONE', #6704, #3748, #6016 ) ;
#350 = DIRECTION ( 'NONE',  ( 4.625929269271487689E-15, 0.000000000000000000, 1.000000000000000000 ) ) ;
#351 = PLANE ( 'NONE',  #6303 ) ;
#352 = LINE ( 'NONE', #2649, #267 ) ;
#353 = CARTESIAN_POINT ( 'NONE',  ( 215.9999999999999716, 29.00000000000000000, -44.00000000000000711 ) ) ;
#354 = ORIENTED_EDGE ( 'NONE', *, *, #7312, .F. ) ;
#355 = CARTESIAN_POINT ( 'NONE',  ( 212.2426406871192341, 13.99999999999997513, -49.00000000000001421 ) ) ;
#356 = VECTOR ( 'NONE', #8923, 1000.000000000000000 ) ;
#357 = CONICAL_SURFACE ( 'NONE', #4112, 1.699999999999993072, 1.029744258676652757 ) ;
#358 = VECTOR ( 'NONE', #3126, 1000.000000000000000 ) ;
#359 = EDGE_CURVE ( 'NONE', #7607, #4483, #1218, .T. ) ;
#360 = ORIENTED_EDGE ( 'NONE', *, *, #4530, .T. ) ;
#361 = ORIENTED_EDGE ( 'NONE', *, *, #1184, .T. ) ;
#362 = EDGE_LOOP ( 'NONE', ( #468, #4314 ) ) ;
#363 = DIRECTION ( 'NONE',  ( 1.000000000000000000, 0.000000000000000000, -4.625929269271487689E-15 ) ) ;
#364 = CYLINDRICAL_SURFACE ( 'NONE', #9385, 1.699999999999993072 ) ;
#365 = VERTEX_POINT ( 'NONE', #7220 ) ;
#366 = CIRCLE ( 'NONE', #3186, 3.000000000000009770 ) ;
#367 = DIRECTION ( 'NONE',  ( -0.000000000000000000, 1.000000000000000000, -0.000000000000000000 ) ) ;
#368 = VECTOR ( 'NONE', #4912, 1000.000000000000000 ) ;
#369 = CARTESIAN_POINT ( 'NONE',  ( 111.4999999999999289, 14.00000000000000000, -44.00000000000000711 ) ) ;
#370 = EDGE_LOOP ( 'NONE', ( #8877, #4011, #8779, #1236 ) ) ;
#371 = EDGE_CURVE ( 'NONE', #3550, #4353, #4925, .T. ) ;
#372 = DIRECTION ( 'NONE',  ( 0.000000000000000000, 0.000000000000000000, -1.000000000000000000 ) ) ;
#373 = DIRECTION ( 'NONE',  ( -0.000000000000000000, -0.000000000000000000, -1.000000000000000000 ) ) ;
#374 = ORIENTED_EDGE ( 'NONE', *, *, #3027, .F. ) ;
#375 = VECTOR ( 'NONE', #6949, 1000.000000000000000 ) ;
#376 = LINE ( 'NONE', #7786, #4904 ) ;
#377 = ADVANCED_FACE ( 'NONE', ( #310 ), #1874, .F. ) ;
#378 = CARTESIAN_POINT ( 'NONE',  ( 111.0000000000000000, 0.000000000000000000, -133.9999999999999716 ) ) ;
#379 = EDGE_LOOP ( 'NONE', ( #2469, #233, #3471, #3462 ) ) ;
#380 = LINE ( 'NONE', #4000, #3305 ) ;
#381 = CYLINDRICAL_SURFACE ( 'NONE', #1798, 1.699999999999993072 ) ;
#382 = ADVANCED_FACE ( 'NONE', ( #1134 ), #2618, .F. ) ;
#383 = ORIENTED_EDGE ( 'NONE', *, *, #4058, .F. ) ;
#384 = CARTESIAN_POINT ( 'NONE',  ( 76.00000000000001421, 0.000000000000000000, -33.00000000000000711 ) ) ;
#385 = VECTOR ( 'NONE', #8858, 1000.000000000000000 ) ;
#386 = VERTEX_POINT ( 'NONE', #1220 ) ;
#387 = DIRECTION ( 'NONE',  ( -1.000000000000000000, 0.000000000000000000, -0.000000000000000000 ) ) ;
#388 = CARTESIAN_POINT ( 'NONE',  ( 18.00000000000001421, 4.000000000000000000, -12.00000000000000000 ) ) ;
#389 = LINE ( 'NONE', #3377, #1941 ) ;
#390 = ORIENTED_EDGE ( 'NONE', *, *, #2845, .T. ) ;
#391 = DIRECTION ( 'NONE',  ( 0.000000000000000000, 0.000000000000000000, -1.000000000000000000 ) ) ;
#392 = AXIS2_PLACEMENT_3D ( 'NONE', #1191, #5633, #7286 ) ;
#393 = VECTOR ( 'NONE', #203, 1000.000000000000000 ) ;
#394 = ORIENTED_EDGE ( 'NONE', *, *, #9709, .T. ) ;
#395 = ADVANCED_FACE ( 'NONE', ( #6356 ), #1041, .F. ) ;
#396 = CIRCLE ( 'NONE', #7141, 1.699999999999993072 ) ;
#397 = ORIENTED_EDGE ( 'NONE', *, *, #1196, .T. ) ;
#398 = CARTESIAN_POINT ( 'NONE',  ( 204.9999999999999716, 4.000000000000000000, -17.00000000000000000 ) ) ;
#399 = CARTESIAN_POINT ( 'NONE',  ( 93.00000000000000000, 4.000000000000000000, -44.00000000000001421 ) ) ;
#400 = CARTESIAN_POINT ( 'NONE',  ( 18.00000000000001421, 2.000000000000000000, -12.00000000000000000 ) ) ;
#401 = CARTESIAN_POINT ( 'NONE',  ( 23.00000000000000000, 29.00000000000000000, -44.00000000000000711 ) ) ;
#402 = CARTESIAN_POINT ( 'NONE',  ( 73.00000000000001421, 4.000000000000000000, -108.9999999999999858 ) ) ;
#403 = PLANE ( 'NONE',  #7633 ) ;
#404 = DIRECTION ( 'NONE',  ( 0.000000000000000000, 0.000000000000000000, 1.000000000000000000 ) ) ;
#405 = EDGE_LOOP ( 'NONE', ( #6054, #2606, #3885, #7973 ) ) ;
#406 = LINE ( 'NONE', #3390, #4435 ) ;
#407 = EDGE_CURVE ( 'NONE', #8896, #5515, #7180, .T. ) ;
#408 = ORIENTED_EDGE ( 'NONE', *, *, #5492, .F. ) ;
#409 = VERTEX_POINT ( 'NONE', #453 ) ;
#410 = ORIENTED_EDGE ( 'NONE', *, *, #7603, .F. ) ;
#411 = DIRECTION ( 'NONE',  ( -2.168404344971008868E-16, 0.000000000000000000, -1.000000000000000000 ) ) ;
#412 = LINE ( 'NONE', #6257, #4740 ) ;
#413 = DIRECTION ( 'NONE',  ( -0.000000000000000000, 1.000000000000000000, -0.000000000000000000 ) ) ;
#414 = CARTESIAN_POINT ( 'NONE',  ( 111.4999999999999432, 29.00000000000000000, -41.00000000000000000 ) ) ;
#415 = DIRECTION ( 'NONE',  ( -2.168404344971008868E-16, -0.000000000000000000, -1.000000000000000000 ) ) ;
#416 = ORIENTED_EDGE ( 'NONE', *, *, #7976, .F. ) ;
#417 = EDGE_CURVE ( 'NONE', #3320, #2514, #4359, .T. ) ;
#418 = FACE_OUTER_BOUND ( 'NONE', #3837, .T. ) ;
#419 = ADVANCED_FACE ( 'NONE', ( #7037 ), #1828, .F. ) ;
#420 = DIRECTION ( 'NONE',  ( 0.000000000000000000, 0.000000000000000000, 1.000000000000000000 ) ) ;
#421 = EDGE_LOOP ( 'NONE', ( #8700, #9683, #2090, #7267 ) ) ;
#422 = CARTESIAN_POINT ( 'NONE',  ( 136.9999999999999432, 8.000000000000001776, -19.30000000000001847 ) ) ;
#423 = VECTOR ( 'NONE', #739, 1000.000000000000000 ) ;
#424 = CARTESIAN_POINT ( 'NONE',  ( 44.00000000000000000, 0.000000000000000000, -33.00000000000000000 ) ) ;
#425 = CARTESIAN_POINT ( 'NONE',  ( 37.00000000000000000, 0.000000000000000000, -33.00000000000000000 ) ) ;
#426 = ORIENTED_EDGE ( 'NONE', *, *, #6913, .F. ) ;
#427 = CARTESIAN_POINT ( 'NONE',  ( 55.00000000000000711, -0.001000000000000132727, -133.9999999999999716 ) ) ;
#428 = EDGE_CURVE ( 'NONE', #690, #6790, #8907, .T. ) ;
#429 = EDGE_CURVE ( 'NONE', #7344, #4371, #8697, .T. ) ;
#430 = VERTEX_POINT ( 'NONE', #9234 ) ;
#431 = VECTOR ( 'NONE', #8552, 1000.000000000000000 ) ;
#432 = DIRECTION ( 'NONE',  ( -2.168404344971008868E-16, 0.000000000000000000, -1.000000000000000000 ) ) ;
#433 = CARTESIAN_POINT ( 'NONE',  ( 174.0000000000000000, 4.000000000000000000, -117.9999999999999716 ) ) ;
#434 = VERTEX_POINT ( 'NONE', #5619 ) ;
#435 = LINE ( 'NONE', #7895, #7397 ) ;
#436 = EDGE_CURVE ( 'NONE', #1101, #6718, #2516, .T. ) ;
#437 = AXIS2_PLACEMENT_3D ( 'NONE', #1853, #1158, #1992 ) ;
#438 = ORIENTED_EDGE ( 'NONE', *, *, #5084, .T. ) ;
#439 = VERTEX_POINT ( 'NONE', #5660 ) ;
#440 = DIRECTION ( 'NONE',  ( -0.000000000000000000, -1.000000000000000000, -0.000000000000000000 ) ) ;
#441 = DIRECTION ( 'NONE',  ( 0.000000000000000000, 0.000000000000000000, 1.000000000000000000 ) ) ;
#442 = PLANE ( 'NONE',  #9627 ) ;
#443 = FACE_OUTER_BOUND ( 'NONE', #421, .T. ) ;
#444 = DIRECTION ( 'NONE',  ( 1.000000000000000000, 0.000000000000000000, -0.000000000000000000 ) ) ;
#445 = PLANE ( 'NONE',  #3078 ) ;
#446 = DIRECTION ( 'NONE',  ( 0.000000000000000000, 0.000000000000000000, 1.000000000000000000 ) ) ;
#447 = ORIENTED_EDGE ( 'NONE', *, *, #3411, .F. ) ;
#448 = CARTESIAN_POINT ( 'NONE',  ( 98.00000000000000000, 8.000000000000000000, -41.00000000000000000 ) ) ;
#449 = ORIENTED_EDGE ( 'NONE', *, *, #7623, .F. ) ;
#450 = ORIENTED_EDGE ( 'NONE', *, *, #5108, .F. ) ;
#451 = LINE ( 'NONE', #6907, #4652 ) ;
#452 = LINE ( 'NONE', #8052, #5362 ) ;
#453 = CARTESIAN_POINT ( 'NONE',  ( 98.00000000000000000, 4.000000000000000000, -41.00000000000000000 ) ) ;
#454 = CARTESIAN_POINT ( 'NONE',  ( 23.00000000000000000, 14.00000000000003375, -103.9999999999999858 ) ) ;
#455 = CARTESIAN_POINT ( 'NONE',  ( 23.00000000000000711, 13.99999999999997691, -48.99999999999997868 ) ) ;
#456 = ORIENTED_EDGE ( 'NONE', *, *, #6938, .F. ) ;
#457 = PLANE ( 'NONE',  #1428 ) ;
#458 = AXIS2_PLACEMENT_3D ( 'NONE', #1741, #7740, #1132 ) ;
#459 = DIRECTION ( 'NONE',  ( -1.000000000000000000, 0.000000000000000000, 0.000000000000000000 ) ) ;
#460 = VERTEX_POINT ( 'NONE', #1972 ) ;
#461 = VECTOR ( 'NONE', #3787, 1000.000000000000000 ) ;
#462 = EDGE_CURVE ( 'NONE', #9285, #6843, #5574, .T. ) ;
#463 = DIRECTION ( 'NONE',  ( -0.000000000000000000, 1.000000000000000000, -0.000000000000000000 ) ) ;
#464 = EDGE_CURVE ( 'NONE', #7708, #4623, #1783, .T. ) ;
#465 = ADVANCED_FACE ( 'NONE', ( #1084 ), #4832, .F. ) ;
#466 = DIRECTION ( 'NONE',  ( 1.000000000000000000, 0.000000000000000000, -0.000000000000000000 ) ) ;
#467 = LINE ( 'NONE', #5023, #8689 ) ;
#468 = ORIENTED_EDGE ( 'NONE', *, *, #1365, .T. ) ;
#469 = CARTESIAN_POINT ( 'NONE',  ( 127.4999999999999432, 8.000000000000000000, -41.00000000000000000 ) ) ;
#470 = ADVANCED_FACE ( 'NONE', ( #7084 ), #364, .F. ) ;
#471 = CARTESIAN_POINT ( 'NONE',  ( 34.00000000000000000, -0.001000000000000132727, -133.9999999999999716 ) ) ;
#472 = CARTESIAN_POINT ( 'NONE',  ( 160.9999999999999716, 0.000000000000000000, -108.9999999999999858 ) ) ;
#473 = DIRECTION ( 'NONE',  ( 0.000000000000000000, 0.000000000000000000, 1.000000000000000000 ) ) ;
#474 = ORIENTED_EDGE ( 'NONE', *, *, #5579, .T. ) ;
#475 = CARTESIAN_POINT ( 'NONE',  ( 194.9999999999999432, -0.001000000000000132727, -33.00000000000000000 ) ) ;
#476 = VECTOR ( 'NONE', #795, 1000.000000000000000 ) ;
#477 = EDGE_CURVE ( 'NONE', #1186, #4803, #3396, .T. ) ;
#478 = AXIS2_PLACEMENT_3D ( 'NONE', #7875, #4145, #420 ) ;
#479 = ORIENTED_EDGE ( 'NONE', *, *, #3717, .F. ) ;
#480 = ORIENTED_EDGE ( 'NONE', *, *, #1288, .T. ) ;
#481 = LINE ( 'NONE', #2821, #1135 ) ;
#482 = CARTESIAN_POINT ( 'NONE',  ( 24.00000000000000000, 29.00000000000000000, -45.00000000000000000 ) ) ;
#483 = CARTESIAN_POINT ( 'NONE',  ( 98.00000000000000000, 8.000000000000000000, -15.00000000000000000 ) ) ;
#484 = CARTESIAN_POINT ( 'NONE',  ( 225.7699999999999818, 0.000000000000000000, -139.9999999999999716 ) ) ;
#485 = FACE_OUTER_BOUND ( 'NONE', #6532, .T. ) ;
#486 = DIRECTION ( 'NONE',  ( 0.000000000000000000, 0.000000000000000000, 1.000000000000000000 ) ) ;
#487 = CARTESIAN_POINT ( 'NONE',  ( 225.7699999999999818, 4.000000000000000000, -139.9999999999999716 ) ) ;
#488 = ORIENTED_EDGE ( 'NONE', *, *, #7733, .F. ) ;
#489 = CIRCLE ( 'NONE', #2988, 1.699999999999979305 ) ;
#490 = AXIS2_PLACEMENT_3D ( 'NONE', #1335, #4473, #6693 ) ;
#491 = ADVANCED_FACE ( 'NONE', ( #9617 ), #5791, .F. ) ;
#492 = EDGE_CURVE ( 'NONE', #4840, #2811, #2158, .T. ) ;
#493 = DIRECTION ( 'NONE',  ( 1.000000000000000000, 0.000000000000000000, -4.625929269271487689E-15 ) ) ;
#494 = VECTOR ( 'NONE', #7327, 1000.000000000000000 ) ;
#495 = ORIENTED_EDGE ( 'NONE', *, *, #2138, .F. ) ;
#496 = ORIENTED_EDGE ( 'NONE', *, *, #2757, .T. ) ;
#497 = VECTOR ( 'NONE', #3611, 1000.000000000000000 ) ;
#498 = CARTESIAN_POINT ( 'NONE',  ( 121.0000000000000000, -0.001000000000000132727, -133.9999999999999716 ) ) ;
#499 = LINE ( 'NONE', #638, #5532 ) ;
#500 = DIRECTION ( 'NONE',  ( 0.000000000000000000, 0.000000000000000000, 1.000000000000000000 ) ) ;
#501 = DIRECTION ( 'NONE',  ( 0.000000000000000000, -1.000000000000000000, 0.000000000000000000 ) ) ;
#502 = LINE ( 'NONE', #8005, #5551 ) ;
#503 = VERTEX_POINT ( 'NONE', #2894 ) ;
#504 = VECTOR ( 'NONE', #5477, 1000.000000000000000 ) ;
#505 = AXIS2_PLACEMENT_3D ( 'NONE', #5220, #9033, #6002 ) ;
#506 = DIRECTION ( 'NONE',  ( 1.000000000000000000, 0.000000000000000000, -4.625929269271486900E-15 ) ) ;
#507 = AXIS2_PLACEMENT_3D ( 'NONE', #6232, #6128, #6917 ) ;
#508 = LINE ( 'NONE', #3500, #2673 ) ;
#509 = VERTEX_POINT ( 'NONE', #1369 ) ;
#510 = AXIS2_PLACEMENT_3D ( 'NONE', #5303, #1561, #6832 ) ;
#511 = DIRECTION ( 'NONE',  ( -1.000000000000000000, 0.000000000000000000, -0.000000000000000000 ) ) ;
#512 = EDGE_CURVE ( 'NONE', #7835, #1575, #6710, .T. ) ;
#513 = DIRECTION ( 'NONE',  ( -0.000000000000000000, 0.000000000000000000, -1.000000000000000000 ) ) ;
#514 = DIRECTION ( 'NONE',  ( 0.000000000000000000, 0.000000000000000000, 1.000000000000000000 ) ) ;
#515 = VERTEX_POINT ( 'NONE', #9473 ) ;
#516 = ORIENTED_EDGE ( 'NONE', *, *, #884, .F. ) ;
#517 = DIRECTION ( 'NONE',  ( 1.000000000000000000, 0.000000000000000000, 0.000000000000000000 ) ) ;
#518 = VECTOR ( 'NONE', #3382, 1000.000000000000000 ) ;
#519 = AXIS2_PLACEMENT_3D ( 'NONE', #3015, #13, #5175 ) ;
#520 = FACE_OUTER_BOUND ( 'NONE', #1647, .T. ) ;
#521 = EDGE_CURVE ( 'NONE', #4332, #6626, #7963, .T. ) ;
#522 = AXIS2_PLACEMENT_3D ( 'NONE', #5429, #1639, #3992 ) ;
#523 = ORIENTED_EDGE ( 'NONE', *, *, #6554, .F. ) ;
#524 = DIRECTION ( 'NONE',  ( 0.000000000000000000, 0.000000000000000000, 1.000000000000000000 ) ) ;
#525 = LINE ( 'NONE', #1990, #5079 ) ;
#526 = VERTEX_POINT ( 'NONE', #2941 ) ;
#527 = AXIS2_PLACEMENT_3D ( 'NONE', #6975, #2345, #42 ) ;
#528 = LINE ( 'NONE', #3517, #1281 ) ;
#529 = EDGE_CURVE ( 'NONE', #2688, #334, #4362, .T. ) ;
#530 = EDGE_CURVE ( 'NONE', #802, #5675, #1415, .T. ) ;
#531 = VECTOR ( 'NONE', #3325, 1000.000000000000000 ) ;
#532 = ORIENTED_EDGE ( 'NONE', *, *, #8444, .T. ) ;
#533 = ORIENTED_EDGE ( 'NONE', *, *, #6664, .T. ) ;
#534 = LINE ( 'NONE', #8037, #43 ) ;
#535 = FACE_OUTER_BOUND ( 'NONE', #2520, .T. ) ;
#536 = DIRECTION ( 'NONE',  ( -0.000000000000000000, 1.000000000000000000, -0.000000000000000000 ) ) ;
#537 = LINE ( 'NONE', #2099, #3155 ) ;
#538 = CARTESIAN_POINT ( 'NONE',  ( 220.9999999999999716, 4.000000000000000000, -12.00000000000000000 ) ) ;
#539 = CARTESIAN_POINT ( 'NONE',  ( 169.9999999999999432, 0.000000000000000000, -33.00000000000000000 ) ) ;
#540 = AXIS2_PLACEMENT_3D ( 'NONE', #3657, #1595, #8267 ) ;
#541 = DIRECTION ( 'NONE',  ( 0.000000000000000000, 0.000000000000000000, 1.000000000000000000 ) ) ;
#542 = ORIENTED_EDGE ( 'NONE', *, *, #6173, .F. ) ;
#543 = DIRECTION ( 'NONE',  ( -0.000000000000000000, 1.000000000000000000, -0.000000000000000000 ) ) ;
#544 = ORIENTED_EDGE ( 'NONE', *, *, #3160, .F. ) ;
#545 = VERTEX_POINT ( 'NONE', #5107 ) ;
#546 = EDGE_LOOP ( 'NONE', ( #2776, #8456, #570, #7417 ) ) ;
#547 = EDGE_CURVE ( 'NONE', #2134, #9231, #4413, .T. ) ;
#548 = FACE_OUTER_BOUND ( 'NONE', #4809, .T. ) ;
#549 = CARTESIAN_POINT ( 'NONE',  ( 23.00000000000000000, 29.00000000000000000, -44.00000000000000711 ) ) ;
#550 = CARTESIAN_POINT ( 'NONE',  ( 128.0000000000000000, -0.001000000000000132727, -133.9999999999999716 ) ) ;
#551 = CARTESIAN_POINT ( 'NONE',  ( 213.9999999999999716, 9.000000000000001776, -46.00000000000000711 ) ) ;
#552 = CARTESIAN_POINT ( 'NONE',  ( 106.9999999999999858, 4.000000000000000000, -133.9999999999999716 ) ) ;
#553 = ORIENTED_EDGE ( 'NONE', *, *, #5579, .F. ) ;
#554 = DIRECTION ( 'NONE',  ( -0.000000000000000000, 1.000000000000000000, -0.000000000000000000 ) ) ;
#555 = DIRECTION ( 'NONE',  ( -1.000000000000000000, 0.000000000000000000, 0.000000000000000000 ) ) ;
#556 = ORIENTED_EDGE ( 'NONE', *, *, #8204, .F. ) ;
#557 = CARTESIAN_POINT ( 'NONE',  ( 90.00000000000000000, -0.001000000000000132727, -133.9999999999999716 ) ) ;
#558 = LINE ( 'NONE', #1807, #8943 ) ;
#559 = DIRECTION ( 'NONE',  ( -0.000000000000000000, 1.000000000000000000, -0.000000000000000000 ) ) ;
#560 = DIRECTION ( 'NONE',  ( -1.000000000000000000, 0.000000000000000000, 0.000000000000000000 ) ) ;
#561 = EDGE_LOOP ( 'NONE', ( #1487, #242, #3751, #1476 ) ) ;
#562 = VERTEX_POINT ( 'NONE', #9558 ) ;
#563 = CARTESIAN_POINT ( 'NONE',  ( 62.00000000000000711, 0.000000000000000000, -133.9999999999999716 ) ) ;
#564 = DIRECTION ( 'NONE',  ( 0.000000000000000000, 0.000000000000000000, 1.000000000000000000 ) ) ;
#565 = EDGE_CURVE ( 'NONE', #2370, #8755, #8100, .T. ) ;
#566 = AXIS2_PLACEMENT_3D ( 'NONE', #5699, #300, #5651 ) ;
#567 = LINE ( 'NONE', #6558, #1170 ) ;
#568 = DIRECTION ( 'NONE',  ( 1.000000000000000000, 0.000000000000000000, -4.625929269271486900E-15 ) ) ;
#569 = DIRECTION ( 'NONE',  ( -0.000000000000000000, 1.000000000000000000, -0.000000000000000000 ) ) ;
#570 = ORIENTED_EDGE ( 'NONE', *, *, #6381, .F. ) ;
#571 = EDGE_CURVE ( 'NONE', #8069, #6797, #6582, .T. ) ;
#572 = VECTOR ( 'NONE', #1469, 1000.000000000000000 ) ;
#573 = ORIENTED_EDGE ( 'NONE', *, *, #9381, .T. ) ;
#574 = ORIENTED_EDGE ( 'NONE', *, *, #2980, .T. ) ;
#575 = FACE_OUTER_BOUND ( 'NONE', #766, .T. ) ;
#576 = EDGE_CURVE ( 'NONE', #1396, #8411, #639, .T. ) ;
#577 = LINE ( 'NONE', #1999, #22 ) ;
#578 = DIRECTION ( 'NONE',  ( -0.000000000000000000, 1.000000000000000000, -0.000000000000000000 ) ) ;
#579 = EDGE_CURVE ( 'NONE', #260, #6676, #8738, .T. ) ;
#580 = CARTESIAN_POINT ( 'NONE',  ( 77.71999999999998465, 0.000000000000000000, -50.74999999999999289 ) ) ;
#581 = CARTESIAN_POINT ( 'NONE',  ( 77.71999999999999886, 6.000000000000001776, -99.74999999999997158 ) ) ;
#582 = ADVANCED_FACE ( 'NONE', ( #5938 ), #6682, .T. ) ;
#583 = FACE_OUTER_BOUND ( 'NONE', #9599, .T. ) ;
#584 = CARTESIAN_POINT ( 'NONE',  ( 209.0000000000000000, 4.000000000000000000, -133.9999999999999716 ) ) ;
#585 = EDGE_LOOP ( 'NONE', ( #6615, #7271, #7594, #5071 ) ) ;
#586 = LINE ( 'NONE', #3573, #3197 ) ;
#587 = VERTEX_POINT ( 'NONE', #3492 ) ;
#588 = VERTEX_POINT ( 'NONE', #2200 ) ;
#589 = PRODUCT_CONTEXT ( 'NONE', #7545, 'mechanical' ) ;
#590 = CARTESIAN_POINT ( 'NONE',  ( 159.9999999999999432, 0.000000000000000000, -33.00000000000000000 ) ) ;
#591 = DIRECTION ( 'NONE',  ( 1.000000000000000000, 0.000000000000000000, -4.625929269271486900E-15 ) ) ;
#592 = AXIS2_PLACEMENT_3D ( 'NONE', #2343, #1022, #5495 ) ;
#593 = LINE ( 'NONE', #3582, #1892 ) ;
#594 = DIRECTION ( 'NONE',  ( 0.000000000000000000, 0.000000000000000000, 1.000000000000000000 ) ) ;
#595 = LINE ( 'NONE', #3776, #7317 ) ;
#596 = ORIENTED_EDGE ( 'NONE', *, *, #1899, .F. ) ;
#597 = CARTESIAN_POINT ( 'NONE',  ( 215.9999999999999716, 29.00000000000000000, -44.00000000000000711 ) ) ;
#598 = EDGE_CURVE ( 'NONE', #6230, #1445, #3536, .T. ) ;
#599 = DIRECTION ( 'NONE',  ( -0.000000000000000000, 1.000000000000000000, -0.000000000000000000 ) ) ;
#600 = ORIENTED_EDGE ( 'NONE', *, *, #9264, .F. ) ;
#601 = LINE ( 'NONE', #3591, #2543 ) ;
#602 = CARTESIAN_POINT ( 'NONE',  ( 72.00000000000001421, 0.000000000000000000, -117.9999999999999858 ) ) ;
#603 = DIRECTION ( 'NONE',  ( 1.000000000000000000, 0.000000000000000000, 0.000000000000000000 ) ) ;
#604 = AXIS2_PLACEMENT_3D ( 'NONE', #2660, #9335, #3443 ) ;
#605 = CARTESIAN_POINT ( 'NONE',  ( 160.0000000000000000, 0.000000000000000000, -133.9999999999999716 ) ) ;
#606 = EDGE_LOOP ( 'NONE', ( #1319, #1458, #790, #8269, #5417, #7332, #3058, #1143 ) ) ;
#607 = AXIS2_PLACEMENT_3D ( 'NONE', #7494, #1609, #9009 ) ;
#608 = ORIENTED_EDGE ( 'NONE', *, *, #4690, .T. ) ;
#609 = CARTESIAN_POINT ( 'NONE',  ( 214.9999999999999716, 21.00000000000000000, -45.00000000000000000 ) ) ;
#610 = EDGE_CURVE ( 'NONE', #1445, #8777, #5009, .T. ) ;
#611 = PLANE ( 'NONE',  #1786 ) ;
#612 = AXIS2_PLACEMENT_3D ( 'NONE', #264, #6794, #5522 ) ;
#613 = ORIENTED_EDGE ( 'NONE', *, *, #5005, .T. ) ;
#614 = FACE_OUTER_BOUND ( 'NONE', #9486, .T. ) ;
#615 = PLANE ( 'NONE',  #5206 ) ;
#616 = DIRECTION ( 'NONE',  ( -2.168404344971008868E-16, 0.000000000000000000, -1.000000000000000000 ) ) ;
#617 = EDGE_LOOP ( 'NONE', ( #1131, #8949, #6022, #3896 ) ) ;
#618 = ORIENTED_EDGE ( 'NONE', *, *, #4704, .T. ) ;
#619 = EDGE_CURVE ( 'NONE', #2125, #7770, #7460, .T. ) ;
#620 = ORIENTED_EDGE ( 'NONE', *, *, #3292, .F. ) ;
#621 = FACE_OUTER_BOUND ( 'NONE', #6820, .T. ) ;
#622 = CARTESIAN_POINT ( 'NONE',  ( 187.9999999999999432, -0.001000000000000132727, -17.00000000000000000 ) ) ;
#623 = CARTESIAN_POINT ( 'NONE',  ( 2.000000000000000000, 0.000000000000000000, -145.0000000000000000 ) ) ;
#624 = EDGE_CURVE ( 'NONE', #286, #3362, #5749, .T. ) ;
#625 = FACE_BOUND ( 'NONE', #2762, .T. ) ;
#626 = FACE_OUTER_BOUND ( 'NONE', #8921, .T. ) ;
#627 = DIRECTION ( 'NONE',  ( 0.000000000000000000, 0.000000000000000000, -1.000000000000000000 ) ) ;
#628 = VERTEX_POINT ( 'NONE', #2061 ) ;
#629 = LINE ( 'NONE', #5148, #6555 ) ;
#630 = VERTEX_POINT ( 'NONE', #5844 ) ;
#631 = LINE ( 'NONE', #3620, #2408 ) ;
#632 = EDGE_CURVE ( 'NONE', #3004, #6394, #8833, .T. ) ;
#633 = VECTOR ( 'NONE', #6455, 1000.000000000000000 ) ;
#634 = EDGE_CURVE ( 'NONE', #7912, #2597, #4663, .T. ) ;
#635 = ORIENTED_EDGE ( 'NONE', *, *, #3805, .F. ) ;
#636 = ORIENTED_EDGE ( 'NONE', *, *, #619, .F. ) ;
#637 = ORIENTED_EDGE ( 'NONE', *, *, #1692, .T. ) ;
#638 = CARTESIAN_POINT ( 'NONE',  ( 102.0000000000000142, 2.000000000000000000, -19.30000000000000426 ) ) ;
#639 = LINE ( 'NONE', #6634, #5768 ) ;
#640 = VECTOR ( 'NONE', #7618, 1000.000000000000000 ) ;
#641 = CARTESIAN_POINT ( 'NONE',  ( 136.9999999999999432, 0.9785369476531472488, -35.00000000000000000 ) ) ;
#642 = FACE_OUTER_BOUND ( 'NONE', #4696, .T. ) ;
#643 = CARTESIAN_POINT ( 'NONE',  ( 190.9999999999999432, 4.000000000000000000, -17.00000000000000000 ) ) ;
#644 = ORIENTED_EDGE ( 'NONE', *, *, #4293, .T. ) ;
#645 = VERTEX_POINT ( 'NONE', #1674 ) ;
#646 = FACE_BOUND ( 'NONE', #1984, .T. ) ;
#647 = EDGE_CURVE ( 'NONE', #895, #5514, #2460, .T. ) ;
#648 = DIRECTION ( 'NONE',  ( -1.000000000000000000, 0.000000000000000000, 0.000000000000000000 ) ) ;
#649 = AXIS2_PLACEMENT_3D ( 'NONE', #832, #7562, #5351 ) ;
#650 = AXIS2_PLACEMENT_3D ( 'NONE', #991, #2420, #9077 ) ;
#651 = ORIENTED_EDGE ( 'NONE', *, *, #8504, .F. ) ;
#652 = CARTESIAN_POINT ( 'NONE',  ( 202.0000000000000000, 4.000000000000000000, -117.9999999999999716 ) ) ;
#653 = AXIS2_PLACEMENT_3D ( 'NONE', #4263, #9608, #5884 ) ;
#654 = VECTOR ( 'NONE', #9424, 1000.000000000000000 ) ;
#655 = DIRECTION ( 'NONE',  ( 0.000000000000000000, 0.000000000000000000, 1.000000000000000000 ) ) ;
#656 = EDGE_CURVE ( 'NONE', #8175, #2868, #7563, .T. ) ;
#657 = CARTESIAN_POINT ( 'NONE',  ( 69.00000000000000000, -0.001000000000000132727, -17.00000000000000000 ) ) ;
#658 = VECTOR ( 'NONE', #5329, 1000.000000000000000 ) ;
#659 = PLANE ( 'NONE',  #4934 ) ;
#660 = ORIENTED_EDGE ( 'NONE', *, *, #2702, .T. ) ;
#661 = VERTEX_POINT ( 'NONE', #1623 ) ;
#662 = DIRECTION ( 'NONE',  ( 0.000000000000000000, 0.000000000000000000, 1.000000000000000000 ) ) ;
#663 = CYLINDRICAL_SURFACE ( 'NONE', #2215, 3.000000000000002665 ) ;
#664 = VECTOR ( 'NONE', #3923, 1000.000000000000000 ) ;
#665 = EDGE_LOOP ( 'NONE', ( #9647, #852, #2819, #824 ) ) ;
#666 = EDGE_CURVE ( 'NONE', #7282, #1239, #9128, .T. ) ;
#667 = VECTOR ( 'NONE', #6011, 1000.000000000000000 ) ;
#668 = LINE ( 'NONE', #2915, #8704 ) ;
#669 = EDGE_CURVE ( 'NONE', #7953, #8509, #6879, .T. ) ;
#670 = DIRECTION ( 'NONE',  ( 1.000000000000000000, 0.000000000000000000, -0.000000000000000000 ) ) ;
#671 = AXIS2_PLACEMENT_3D ( 'NONE', #6318, #1936, #4936 ) ;
#672 = LINE ( 'NONE', #7487, #2724 ) ;
#673 = ORIENTED_EDGE ( 'NONE', *, *, #2630, .F. ) ;
#674 = AXIS2_PLACEMENT_3D ( 'NONE', #484, #7070, #3339 ) ;
#675 = ORIENTED_EDGE ( 'NONE', *, *, #5823, .T. ) ;
#676 = VERTEX_POINT ( 'NONE', #7665 ) ;
#677 = ORIENTED_EDGE ( 'NONE', *, *, #8682, .T. ) ;
#678 = DIRECTION ( 'NONE',  ( -1.000000000000000000, -0.000000000000000000, -0.000000000000000000 ) ) ;
#679 = DIRECTION ( 'NONE',  ( -0.000000000000000000, -0.000000000000000000, -1.000000000000000000 ) ) ;
#680 = CARTESIAN_POINT ( 'NONE',  ( 190.9999999999999432, 4.000000000000000000, -33.00000000000000000 ) ) ;
#681 = VECTOR ( 'NONE', #8439, 1000.000000000000000 ) ;
#682 = DIRECTION ( 'NONE',  ( -1.000000000000000000, 0.000000000000000000, 0.000000000000000000 ) ) ;
#683 = CARTESIAN_POINT ( 'NONE',  ( 24.99999999999999645, 14.00000000000003375, -103.9999999999999858 ) ) ;
#684 = CARTESIAN_POINT ( 'NONE',  ( 210.9999999999999716, 29.00000000000000000, -108.9999999999999858 ) ) ;
#685 = DIRECTION ( 'NONE',  ( 0.000000000000000000, 0.000000000000000000, 1.000000000000000000 ) ) ;
#686 = EDGE_LOOP ( 'NONE', ( #553, #2219, #1014, #449 ) ) ;
#687 = DIRECTION ( 'NONE',  ( -0.000000000000000000, 1.000000000000000000, -0.000000000000000000 ) ) ;
#688 = AXIS2_PLACEMENT_3D ( 'NONE', #4497, #1661, #2929 ) ;
#689 = EDGE_CURVE ( 'NONE', #8508, #4627, #6144, .T. ) ;
#690 = VERTEX_POINT ( 'NONE', #3876 ) ;
#691 = EDGE_LOOP ( 'NONE', ( #6125, #1884, #3907 ) ) ;
#692 = CARTESIAN_POINT ( 'NONE',  ( 191.0000000000000000, 4.000000000000000000, -133.9999999999999716 ) ) ;
#693 = CARTESIAN_POINT ( 'NONE',  ( 181.0000000000000000, 4.000000000000000000, -117.9999999999999716 ) ) ;
#694 = CARTESIAN_POINT ( 'NONE',  ( 24.99999999999999645, 29.00000000000000000, -106.9999999999999858 ) ) ;
#695 = VECTOR ( 'NONE', #5960, 1000.000000000000000 ) ;
#696 = CARTESIAN_POINT ( 'NONE',  ( 195.0000000000000000, 0.000000000000000000, -133.9999999999999716 ) ) ;
#697 = CARTESIAN_POINT ( 'NONE',  ( 34.00000000000000000, -0.001000000000000132727, -33.00000000000000711 ) ) ;
#698 = LINE ( 'NONE', #5163, #6392 ) ;
#699 = VERTEX_POINT ( 'NONE', #4612 ) ;
#700 = ADVANCED_FACE ( 'NONE', ( #150 ), #4508, .F. ) ;
#701 = FACE_BOUND ( 'NONE', #4748, .T. ) ;
#702 = LINE ( 'NONE', #5901, #169 ) ;
#703 = VERTEX_POINT ( 'NONE', #5989 ) ;
#704 = CARTESIAN_POINT ( 'NONE',  ( 139.0000000000000000, -0.001000000000000132727, -117.9999999999999716 ) ) ;
#705 = EDGE_CURVE ( 'NONE', #5332, #1802, #8977, .T. ) ;
#706 = LINE ( 'NONE', #5905, #1417 ) ;
#707 = CARTESIAN_POINT ( 'NONE',  ( 188.0000000000000000, 0.000000000000000000, -133.9999999999999716 ) ) ;
#708 = EDGE_CURVE ( 'NONE', #5030, #8874, #6831, .T. ) ;
#709 = EDGE_LOOP ( 'NONE', ( #6151, #8998, #3915, #9707 ) ) ;
#710 = PLANE ( 'NONE',  #1776 ) ;
#711 = CARTESIAN_POINT ( 'NONE',  ( 181.0000000000000000, -0.001000000000000132727, -133.9999999999999716 ) ) ;
#712 = VECTOR ( 'NONE', #2131, 1000.000000000000000 ) ;
#713 = FACE_BOUND ( 'NONE', #3001, .T. ) ;
#714 = LINE ( 'NONE', #8901, #9432 ) ;
#715 = DIRECTION ( 'NONE',  ( 0.000000000000000000, 0.000000000000000000, 1.000000000000000000 ) ) ;
#716 = ORIENTED_EDGE ( 'NONE', *, *, #1518, .F. ) ;
#717 = ORIENTED_EDGE ( 'NONE', *, *, #8205, .F. ) ;
#718 = EDGE_CURVE ( 'NONE', #4930, #9387, #2412, .T. ) ;
#719 = EDGE_LOOP ( 'NONE', ( #3450, #3265, #6889 ) ) ;
#720 = ORIENTED_EDGE ( 'NONE', *, *, #290, .T. ) ;
#721 = CARTESIAN_POINT ( 'NONE',  ( 113.9999999999999858, 4.000000000000000000, -117.9999999999999858 ) ) ;
#722 = DIRECTION ( 'NONE',  ( 0.000000000000000000, 0.000000000000000000, -1.000000000000000000 ) ) ;
#723 = EDGE_CURVE ( 'NONE', #4358, #8273, #4555, .T. ) ;
#724 = AXIS2_PLACEMENT_3D ( 'NONE', #8405, #1515, #3980 ) ;
#725 = CARTESIAN_POINT ( 'NONE',  ( 98.00000000000000000, 8.000000000000000000, -15.00000000000000000 ) ) ;
#726 = DIRECTION ( 'NONE',  ( 0.000000000000000000, 0.000000000000000000, -1.000000000000000000 ) ) ;
#727 = VERTEX_POINT ( 'NONE', #3095 ) ;
#728 = ORIENTED_EDGE ( 'NONE', *, *, #6451, .F. ) ;
#729 = DIRECTION ( 'NONE',  ( 0.000000000000000000, 0.000000000000000000, 1.000000000000000000 ) ) ;
#730 = VERTEX_POINT ( 'NONE', #6200 ) ;
#731 = CARTESIAN_POINT ( 'NONE',  ( 128.0000000000000000, -0.001000000000000132727, -133.9999999999999716 ) ) ;
#732 = VECTOR ( 'NONE', #4957, 1000.000000000000000 ) ;
#733 = VERTEX_POINT ( 'NONE', #3922 ) ;
#734 = EDGE_LOOP ( 'NONE', ( #6276, #7703 ) ) ;
#735 = PLANE ( 'NONE',  #817 ) ;
#736 = DIRECTION ( 'NONE',  ( -1.000000000000000000, 0.000000000000000000, 0.000000000000000000 ) ) ;
#737 = DIRECTION ( 'NONE',  ( 0.000000000000000000, -1.000000000000000000, 0.000000000000000000 ) ) ;
#738 = CARTESIAN_POINT ( 'NONE',  ( 93.00000000000000000, 0.000000000000000000, -117.9999999999999858 ) ) ;
#739 = DIRECTION ( 'NONE',  ( 1.049727191138619805E-16, 0.5150380749100526012, -0.8571673007021132218 ) ) ;
#740 = FACE_OUTER_BOUND ( 'NONE', #9594, .T. ) ;
#741 = ORIENTED_EDGE ( 'NONE', *, *, #8687, .F. ) ;
#742 = FACE_BOUND ( 'NONE', #2065, .T. ) ;
#743 = CARTESIAN_POINT ( 'NONE',  ( 41.00000000000000000, -0.001000000000000132727, -133.9999999999999716 ) ) ;
#744 = ORIENTED_EDGE ( 'NONE', *, *, #2503, .F. ) ;
#745 = VECTOR ( 'NONE', #3193, 1000.000000000000000 ) ;
#746 = DIRECTION ( 'NONE',  ( 1.000000000000000000, 0.000000000000000000, -2.168404344971008868E-16 ) ) ;
#747 = ORIENTED_EDGE ( 'NONE', *, *, #5368, .F. ) ;
#748 = CARTESIAN_POINT ( 'NONE',  ( 44.00000000000000000, 0.000000000000000000, -133.9999999999999716 ) ) ;
#749 = VECTOR ( 'NONE', #7316, 1000.000000000000000 ) ;
#750 = LINE ( 'NONE', #3737, #8820 ) ;
#751 = VERTEX_POINT ( 'NONE', #1513 ) ;
#752 = CARTESIAN_POINT ( 'NONE',  ( 76.00000000000001421, -0.001000000000000132727, -117.9999999999999716 ) ) ;
#753 = EDGE_LOOP ( 'NONE', ( #7922, #8843, #7272, #8838 ) ) ;
#754 = CARTESIAN_POINT ( 'NONE',  ( 184.0000000000000000, 4.000000000000000000, -117.9999999999999858 ) ) ;
#755 = CARTESIAN_POINT ( 'NONE',  ( 23.99999999999999289, 21.00000000000000000, -107.9999999999999858 ) ) ;
#756 = VERTEX_POINT ( 'NONE', #6930 ) ;
#757 = EDGE_CURVE ( 'NONE', #3597, #5430, #3202, .T. ) ;
#758 = EDGE_CURVE ( 'NONE', #4601, #2924, #1560, .T. ) ;
#759 = PLANE ( 'NONE',  #2137 ) ;
#760 = DIRECTION ( 'NONE',  ( -0.000000000000000000, 1.000000000000000000, -0.000000000000000000 ) ) ;
#761 = DIRECTION ( 'NONE',  ( 0.000000000000000000, 0.000000000000000000, 1.000000000000000000 ) ) ;
#762 = ORIENTED_EDGE ( 'NONE', *, *, #3391, .F. ) ;
#763 = VERTEX_POINT ( 'NONE', #50 ) ;
#764 = EDGE_CURVE ( 'NONE', #763, #2280, #3048, .T. ) ;
#765 = ORIENTED_EDGE ( 'NONE', *, *, #9355, .F. ) ;
#766 = EDGE_LOOP ( 'NONE', ( #1657, #2172, #6241, #1903 ) ) ;
#767 = DIRECTION ( 'NONE',  ( 1.000000000000000000, 0.000000000000000000, -2.168404344971008868E-16 ) ) ;
#768 = DIRECTION ( 'NONE',  ( -2.168404344971008868E-16, 0.000000000000000000, -1.000000000000000000 ) ) ;
#769 = DIRECTION ( 'NONE',  ( 0.000000000000000000, 0.000000000000000000, 1.000000000000000000 ) ) ;
#770 = DIRECTION ( 'NONE',  ( -0.000000000000000000, 1.000000000000000000, -0.000000000000000000 ) ) ;
#771 = ORIENTED_EDGE ( 'NONE', *, *, #4680, .T. ) ;
#772 = ADVANCED_FACE ( 'NONE', ( #2299 ), #5302, .F. ) ;
#773 = CARTESIAN_POINT ( 'NONE',  ( 135.7199999999999704, 4.000000000000000000, -95.00000000000000000 ) ) ;
#774 = ORIENTED_EDGE ( 'NONE', *, *, #8295, .F. ) ;
#775 = DIRECTION ( 'NONE',  ( 1.000000000000000000, 0.000000000000000000, -2.168404344971008868E-16 ) ) ;
#776 = ORIENTED_EDGE ( 'NONE', *, *, #7422, .T. ) ;
#777 = ORIENTED_EDGE ( 'NONE', *, *, #6267, .T. ) ;
#778 = DIRECTION ( 'NONE',  ( -0.000000000000000000, -1.000000000000000000, -0.000000000000000000 ) ) ;
#779 = DIRECTION ( 'NONE',  ( 1.000000000000000000, 0.000000000000000000, -4.625929269271486900E-15 ) ) ;
#780 = DIRECTION ( 'NONE',  ( -0.000000000000000000, -1.000000000000000000, 0.000000000000000000 ) ) ;
#781 = EDGE_CURVE ( 'NONE', #6394, #3326, #7616, .T. ) ;
#782 = CARTESIAN_POINT ( 'NONE',  ( 213.9999999999999716, 29.00000000000000000, -49.00000000000000711 ) ) ;
#783 = CARTESIAN_POINT ( 'NONE',  ( 34.00000000000000000, 0.000000000000000000, -33.00000000000000711 ) ) ;
#784 = CARTESIAN_POINT ( 'NONE',  ( 2.000000000000000000, 0.000000000000000000, 0.000000000000000000 ) ) ;
#785 = ORIENTED_EDGE ( 'NONE', *, *, #8256, .T. ) ;
#786 = FACE_BOUND ( 'NONE', #4116, .T. ) ;
#787 = AXIS2_PLACEMENT_3D ( 'NONE', #1336, #8665, #3505 ) ;
#788 = PLANE ( 'NONE',  #9253 ) ;
#789 = ORIENTED_EDGE ( 'NONE', *, *, #2030, .F. ) ;
#790 = ORIENTED_EDGE ( 'NONE', *, *, #530, .T. ) ;
#791 = AXIS2_PLACEMENT_3D ( 'NONE', #5010, #2062, #6538 ) ;
#792 = DIRECTION ( 'NONE',  ( 1.000000000000000000, 0.000000000000000000, 0.000000000000000000 ) ) ;
#793 = EDGE_LOOP ( 'NONE', ( #8095, #6085, #8971, #1669 ) ) ;
#794 = DIRECTION ( 'NONE',  ( -0.000000000000000000, 1.000000000000000000, -0.000000000000000000 ) ) ;
#795 = DIRECTION ( 'NONE',  ( 0.000000000000000000, 1.000000000000000000, 0.000000000000000000 ) ) ;
#796 = ORIENTED_EDGE ( 'NONE', *, *, #5546, .T. ) ;
#797 = ORIENTED_EDGE ( 'NONE', *, *, #6275, .F. ) ;
#798 = CARTESIAN_POINT ( 'NONE',  ( 65.00000000000000000, 0.000000000000000000, -33.00000000000000000 ) ) ;
#799 = VECTOR ( 'NONE', #8293, 1000.000000000000000 ) ;
#800 = AXIS2_PLACEMENT_3D ( 'NONE', #1917, #8644, #1213 ) ;
#801 = DIRECTION ( 'NONE',  ( 0.000000000000000000, 0.000000000000000000, 1.000000000000000000 ) ) ;
#802 = VERTEX_POINT ( 'NONE', #4070 ) ;
#803 = EDGE_CURVE ( 'NONE', #6895, #4976, #1818, .T. ) ;
#804 = ORIENTED_EDGE ( 'NONE', *, *, #7057, .F. ) ;
#805 = CARTESIAN_POINT ( 'NONE',  ( 136.9999999999999432, 2.000000000000000000, -33.29999999999999716 ) ) ;
#806 = CIRCLE ( 'NONE', #8326, 1.750000000000001554 ) ;
#807 = FACE_OUTER_BOUND ( 'NONE', #6564, .T. ) ;
#808 = CARTESIAN_POINT ( 'NONE',  ( 188.0000000000000000, 4.000000000000000000, -117.9999999999999716 ) ) ;
#809 = ORIENTED_EDGE ( 'NONE', *, *, #8305, .T. ) ;
#810 = VERTEX_POINT ( 'NONE', #1118 ) ;
#811 = EDGE_CURVE ( 'NONE', #7122, #3508, #5606, .T. ) ;
#812 = AXIS2_PLACEMENT_3D ( 'NONE', #1924, #4031, #1178 ) ;
#813 = VECTOR ( 'NONE', #5528, 1000.000000000000000 ) ;
#814 = AXIS2_PLACEMENT_3D ( 'NONE', #3556, #6559, #9539 ) ;
#815 = VERTEX_POINT ( 'NONE', #7712 ) ;
#816 = ORIENTED_EDGE ( 'NONE', *, *, #87, .T. ) ;
#817 = AXIS2_PLACEMENT_3D ( 'NONE', #3093, #6086, #5253 ) ;
#818 = CARTESIAN_POINT ( 'NONE',  ( 160.0000000000000000, 0.000000000000000000, -133.9999999999999716 ) ) ;
#819 = DIRECTION ( 'NONE',  ( 0.000000000000000000, 0.5150380749100555988, 0.8571673007021114454 ) ) ;
#820 = ADVANCED_FACE ( 'NONE', ( #5647, #6291, #7903, #1859, #982, #9368 ), #442, .T. ) ;
#821 = LINE ( 'NONE', #4542, #7750 ) ;
#822 = ORIENTED_EDGE ( 'NONE', *, *, #2973, .F. ) ;
#823 = DIRECTION ( 'NONE',  ( 0.000000000000000000, 0.000000000000000000, -1.000000000000000000 ) ) ;
#824 = ORIENTED_EDGE ( 'NONE', *, *, #1846, .T. ) ;
#825 = EDGE_CURVE ( 'NONE', #5977, #7931, #3977, .T. ) ;
#826 = DIRECTION ( 'NONE',  ( -0.000000000000000000, 1.000000000000000000, -0.000000000000000000 ) ) ;
#827 = VECTOR ( 'NONE', #909, 1000.000000000000000 ) ;
#828 = VECTOR ( 'NONE', #1877, 1000.000000000000000 ) ;
#829 = EDGE_LOOP ( 'NONE', ( #8324, #1169, #1804, #2465 ) ) ;
#830 = ORIENTED_EDGE ( 'NONE', *, *, #9631, .F. ) ;
#831 = DIRECTION ( 'NONE',  ( -0.000000000000000000, 1.000000000000000000, -0.000000000000000000 ) ) ;
#832 = CARTESIAN_POINT ( 'NONE',  ( 209.0000000000000000, -0.001000000000000132727, -133.9999999999999716 ) ) ;
#833 = DIRECTION ( 'NONE',  ( -1.000000000000000000, 0.000000000000000000, 0.000000000000000000 ) ) ;
#834 = DIRECTION ( 'NONE',  ( 0.000000000000000000, 0.000000000000000000, -1.000000000000000000 ) ) ;
#835 = DIRECTION ( 'NONE',  ( 0.000000000000000000, 1.000000000000000000, 0.000000000000000000 ) ) ;
#836 = FACE_OUTER_BOUND ( 'NONE', #224, .T. ) ;
#837 = DIRECTION ( 'NONE',  ( -0.000000000000000000, 1.000000000000000000, -0.000000000000000000 ) ) ;
#838 = ORIENTED_EDGE ( 'NONE', *, *, #7270, .T. ) ;
#839 = EDGE_CURVE ( 'NONE', #4901, #1366, #8548, .T. ) ;
#840 = CARTESIAN_POINT ( 'NONE',  ( 41.00000000000000000, 0.000000000000000000, -117.9999999999999716 ) ) ;
#841 = CARTESIAN_POINT ( 'NONE',  ( 37.00000000000000000, 4.000000000000000000, -133.9999999999999716 ) ) ;
#842 = EDGE_CURVE ( 'NONE', #6676, #2015, #1908, .T. ) ;
#843 = ORIENTED_EDGE ( 'NONE', *, *, #6769, .F. ) ;
#844 = VECTOR ( 'NONE', #1298, 1000.000000000000000 ) ;
#845 = ORIENTED_EDGE ( 'NONE', *, *, #2346, .F. ) ;
#846 = CARTESIAN_POINT ( 'NONE',  ( 113.9999999999999858, 0.000000000000000000, -133.9999999999999716 ) ) ;
#847 = ORIENTED_EDGE ( 'NONE', *, *, #3401, .T. ) ;
#848 = CARTESIAN_POINT ( 'NONE',  ( 0.000000000000000000, 8.000000000000000000, -23.00000000000000000 ) ) ;
#849 = VERTEX_POINT ( 'NONE', #4122 ) ;
#850 = LINE ( 'NONE', #2123, #4709 ) ;
#851 = ORIENTED_EDGE ( 'NONE', *, *, #8073, .F. ) ;
#852 = ORIENTED_EDGE ( 'NONE', *, *, #3160, .T. ) ;
#853 = VECTOR ( 'NONE', #560, 1000.000000000000000 ) ;
#854 = CARTESIAN_POINT ( 'NONE',  ( 168.9999999999999716, 18.00000000000000355, -108.9999999999999858 ) ) ;
#855 = DIRECTION ( 'NONE',  ( -1.000000000000000000, -0.000000000000000000, -0.000000000000000000 ) ) ;
#856 =( BOUNDED_CURVE ( )  B_SPLINE_CURVE ( 3, ( #9374, #2654, #355, #3345 ),
 .UNSPECIFIED., .F., .F. ) 
 B_SPLINE_CURVE_WITH_KNOTS ( ( 4, 4 ),
 ( 4.712388980384689674, 6.283185307179586232 ),
 .UNSPECIFIED. ) 
 CURVE ( )  GEOMETRIC_REPRESENTATION_ITEM ( )  RATIONAL_B_SPLINE_CURVE ( ( 1.000000000000000000, 0.8047378541243649375, 0.8047378541243649375, 1.000000000000000000 ) ) 
 REPRESENTATION_ITEM ( '' )  );
#857 = ORIENTED_EDGE ( 'NONE', *, *, #9537, .T. ) ;
#858 = AXIS2_PLACEMENT_3D ( 'NONE', #1307, #578, #3567 ) ;
#859 = ORIENTED_EDGE ( 'NONE', *, *, #5904, .F. ) ;
#860 = DIRECTION ( 'NONE',  ( -0.000000000000000000, 1.000000000000000000, -0.000000000000000000 ) ) ;
#861 = CARTESIAN_POINT ( 'NONE',  ( 79.00000000000000000, 4.000000000000000000, -33.00000000000000000 ) ) ;
#862 = LINE ( 'NONE', #5483, #6621 ) ;
#863 = FACE_BOUND ( 'NONE', #11, .T. ) ;
#864 = CARTESIAN_POINT ( 'NONE',  ( 139.0000000000000000, -0.001000000000000132727, -117.9999999999999716 ) ) ;
#865 = ORIENTED_EDGE ( 'NONE', *, *, #5747, .T. ) ;
#866 = ORIENTED_EDGE ( 'NONE', *, *, #7442, .F. ) ;
#867 = EDGE_CURVE ( 'NONE', #9034, #6048, #1164, .T. ) ;
#868 = EDGE_LOOP ( 'NONE', ( #4872, #2494, #6255, #7033 ) ) ;
#869 = EDGE_LOOP ( 'NONE', ( #4270, #5420, #7143, #3424 ) ) ;
#870 = DIRECTION ( 'NONE',  ( -0.000000000000000000, -1.000000000000000000, -0.000000000000000000 ) ) ;
#871 = DIRECTION ( 'NONE',  ( -1.000000000000000000, 0.000000000000000000, 0.000000000000000000 ) ) ;
#872 = DIRECTION ( 'NONE',  ( 1.000000000000000000, 0.000000000000000000, -4.625929269271487689E-15 ) ) ;
#873 = EDGE_LOOP ( 'NONE', ( #3722, #8442, #7625, #4099 ) ) ;
#874 = EDGE_LOOP ( 'NONE', ( #728, #8105, #1645, #5092 ) ) ;
#875 = DIRECTION ( 'NONE',  ( -0.000000000000000000, 1.000000000000000000, -0.000000000000000000 ) ) ;
#876 = ORIENTED_EDGE ( 'NONE', *, *, #4735, .F. ) ;
#877 = CARTESIAN_POINT ( 'NONE',  ( 225.7699999999999818, 2.000000000000000000, -141.7500000000000000 ) ) ;
#878 = ADVANCED_FACE ( 'NONE', ( #7807 ), #6387, .F. ) ;
#879 = ORIENTED_EDGE ( 'NONE', *, *, #2914, .T. ) ;
#880 = ORIENTED_EDGE ( 'NONE', *, *, #4422, .F. ) ;
#881 = CARTESIAN_POINT ( 'NONE',  ( 165.7499999999999716, 18.00000000000000355, -111.9999999999999858 ) ) ;
#882 = EDGE_CURVE ( 'NONE', #2597, #7395, #348, .T. ) ;
#883 = VECTOR ( 'NONE', #3538, 1000.000000000000000 ) ;
#884 = EDGE_CURVE ( 'NONE', #3550, #4677, #9408, .T. ) ;
#885 = DIRECTION ( 'NONE',  ( -0.000000000000000000, 1.000000000000000000, -0.000000000000000000 ) ) ;
#886 = CARTESIAN_POINT ( 'NONE',  ( 139.0000000000000000, 4.000000000000000000, -133.9999999999999716 ) ) ;
#887 = DIRECTION ( 'NONE',  ( -1.000000000000000000, -0.000000000000000000, -2.312964634635743450E-15 ) ) ;
#888 = CARTESIAN_POINT ( 'NONE',  ( 30.00000000000000000, -0.001000000000000132727, -33.00000000000000000 ) ) ;
#889 = DIRECTION ( 'NONE',  ( -0.000000000000000000, 1.000000000000000000, -0.000000000000000000 ) ) ;
#890 = DIRECTION ( 'NONE',  ( -1.000000000000000000, 0.000000000000000000, 0.000000000000000000 ) ) ;
#891 = EDGE_LOOP ( 'NONE', ( #4342, #7745, #3156, #8773 ) ) ;
#892 = CARTESIAN_POINT ( 'NONE',  ( 238.9999999999999716, 0.000000000000000000, -2.000000000000000000 ) ) ;
#893 = AXIS2_PLACEMENT_3D ( 'NONE', #2706, #4686, #6399 ) ;
#894 = EDGE_CURVE ( 'NONE', #1585, #5030, #5695, .T. ) ;
#895 = VERTEX_POINT ( 'NONE', #250 ) ;
#896 = VECTOR ( 'NONE', #9074, 1000.000000000000000 ) ;
#897 = ORIENTED_EDGE ( 'NONE', *, *, #8599, .F. ) ;
#898 = CARTESIAN_POINT ( 'NONE',  ( 134.9999999999999716, -0.001000000000000132727, -133.9999999999999716 ) ) ;
#899 = ORIENTED_EDGE ( 'NONE', *, *, #634, .F. ) ;
#900 = LINE ( 'NONE', #3215, #461 ) ;
#901 = ORIENTED_EDGE ( 'NONE', *, *, #4240, .T. ) ;
#902 = DIRECTION ( 'NONE',  ( 1.110223024625156787E-16, 0.000000000000000000, 1.000000000000000000 ) ) ;
#903 = EDGE_LOOP ( 'NONE', ( #5887, #9435, #5276, #2109 ) ) ;
#904 = EDGE_CURVE ( 'NONE', #3114, #1215, #3384, .T. ) ;
#905 = DIRECTION ( 'NONE',  ( 0.000000000000000000, 0.000000000000000000, 1.000000000000000000 ) ) ;
#906 = DIRECTION ( 'NONE',  ( 0.000000000000000000, 0.7071067811865455743, -0.7071067811865493491 ) ) ;
#907 = ORIENTED_EDGE ( 'NONE', *, *, #5543, .T. ) ;
#908 = VERTEX_POINT ( 'NONE', #3245 ) ;
#909 = DIRECTION ( 'NONE',  ( -2.168404344971008868E-16, -0.000000000000000000, -1.000000000000000000 ) ) ;
#910 = CARTESIAN_POINT ( 'NONE',  ( 160.0000000000000000, 4.000000000000000000, -117.9999999999999716 ) ) ;
#911 = LINE ( 'NONE', #175, #3772 ) ;
#912 = LINE ( 'NONE', #231, #5804 ) ;
#913 = EDGE_CURVE ( 'NONE', #7298, #1731, #2467, .T. ) ;
#914 = FACE_BOUND ( 'NONE', #1975, .T. ) ;
#915 = EDGE_CURVE ( 'NONE', #5982, #9373, #6245, .T. ) ;
#916 = VERTEX_POINT ( 'NONE', #8496 ) ;
#917 = ORIENTED_EDGE ( 'NONE', *, *, #6651, .T. ) ;
#918 = EDGE_LOOP ( 'NONE', ( #3783, #6132, #2393, #5480 ) ) ;
#919 = ORIENTED_EDGE ( 'NONE', *, *, #8316, .F. ) ;
#920 = LINE ( 'NONE', #6187, #1277 ) ;
#921 = DIRECTION ( 'NONE',  ( -2.168404344971008868E-16, 0.000000000000000000, -1.000000000000000000 ) ) ;
#922 = LINE ( 'NONE', #4758, #9148 ) ;
#923 = ORIENTED_EDGE ( 'NONE', *, *, #1726, .T. ) ;
#924 = EDGE_LOOP ( 'NONE', ( #9393, #8313, #7029, #2908, #1688, #8174, #7085, #2295 ) ) ;
#925 = CARTESIAN_POINT ( 'NONE',  ( 212.2426406871192341, 14.00000000000003197, -103.9999999999999858 ) ) ;
#926 = ORIENTED_EDGE ( 'NONE', *, *, #7696, .T. ) ;
#927 = LINE ( 'NONE', #2405, #8531 ) ;
#928 = AXIS2_PLACEMENT_3D ( 'NONE', #2518, #8413, #5427 ) ;
#929 = ORIENTED_EDGE ( 'NONE', *, *, #3564, .F. ) ;
#930 = ADVANCED_FACE ( 'NONE', ( #1769 ), #4770, .F. ) ;
#931 = EDGE_LOOP ( 'NONE', ( #3890, #2080, #1393, #7038 ) ) ;
#932 = DIRECTION ( 'NONE',  ( 1.000000000000000000, 0.000000000000000000, -2.168404344971008868E-16 ) ) ;
#933 = DIRECTION ( 'NONE',  ( 0.000000000000000000, 0.000000000000000000, 1.000000000000000000 ) ) ;
#934 = DIRECTION ( 'NONE',  ( 1.000000000000000000, 0.000000000000000000, -2.168404344971008868E-16 ) ) ;
#935 = LINE ( 'NONE', #6202, #2389 ) ;
#936 = DIRECTION ( 'NONE',  ( -1.000000000000000000, -0.000000000000000000, -0.000000000000000000 ) ) ;
#937 = LINE ( 'NONE', #5465, #9194 ) ;
#938 = DIRECTION ( 'NONE',  ( 0.000000000000000000, 0.000000000000000000, -1.000000000000000000 ) ) ;
#939 = VERTEX_POINT ( 'NONE', #5881 ) ;
#940 = DIRECTION ( 'NONE',  ( -0.000000000000000000, 1.000000000000000000, -0.000000000000000000 ) ) ;
#941 = EDGE_CURVE ( 'NONE', #9615, #7780, #1646, .T. ) ;
#942 = EDGE_CURVE ( 'NONE', #4601, #2545, #9502, .T. ) ;
#943 = EDGE_LOOP ( 'NONE', ( #847, #2589, #3697, #3467 ) ) ;
#944 = ORIENTED_EDGE ( 'NONE', *, *, #2498, .T. ) ;
#945 = CARTESIAN_POINT ( 'NONE',  ( 181.0000000000000000, 4.000000000000000000, -133.9999999999999716 ) ) ;
#946 = CARTESIAN_POINT ( 'NONE',  ( 7.670000000000010587, 2.000000000000000000, -5.250000000000000888 ) ) ;
#947 = DIRECTION ( 'NONE',  ( -2.168404344971008868E-16, 0.000000000000000000, -1.000000000000000000 ) ) ;
#948 = ORIENTED_EDGE ( 'NONE', *, *, #7994, .T. ) ;
#949 = EDGE_CURVE ( 'NONE', #4673, #9150, #1251, .T. ) ;
#950 = EDGE_CURVE ( 'NONE', #6476, #587, #7399, .T. ) ;
#951 = DIRECTION ( 'NONE',  ( 0.000000000000000000, 0.000000000000000000, 1.000000000000000000 ) ) ;
#952 = EDGE_CURVE ( 'NONE', #8646, #4694, #5780, .T. ) ;
#953 = PLANE ( 'NONE',  #4743 ) ;
#954 = VECTOR ( 'NONE', #2672, 1000.000000000000000 ) ;
#955 = EDGE_LOOP ( 'NONE', ( #8603, #573, #8274, #4534 ) ) ;
#956 = CARTESIAN_POINT ( 'NONE',  ( 51.00000000000000711, 4.000000000000000000, -133.9999999999999716 ) ) ;
#957 = DIRECTION ( 'NONE',  ( -0.000000000000000000, 1.000000000000000000, -0.000000000000000000 ) ) ;
#958 = CARTESIAN_POINT ( 'NONE',  ( 23.99999999999999289, 21.00000000000000000, -109.6999999999999744 ) ) ;
#959 = CARTESIAN_POINT ( 'NONE',  ( 78.00000000000000000, 11.00000000000000000, -44.00000000000001421 ) ) ;
#960 = CIRCLE ( 'NONE', #6297, 1.699999999999993072 ) ;
#961 = VECTOR ( 'NONE', #4427, 1000.000000000000000 ) ;
#962 = CARTESIAN_POINT ( 'NONE',  ( 135.7199999999999704, 6.000000000000000000, -50.75000000000000000 ) ) ;
#963 = ORIENTED_EDGE ( 'NONE', *, *, #781, .T. ) ;
#964 = ORIENTED_EDGE ( 'NONE', *, *, #7733, .T. ) ;
#965 = VECTOR ( 'NONE', #7711, 1000.000000000000000 ) ;
#966 = ADVANCED_FACE ( 'NONE', ( #7261 ), #8040, .F. ) ;
#967 = VERTEX_POINT ( 'NONE', #3667 ) ;
#968 = PLANE ( 'NONE',  #507 ) ;
#969 = LINE ( 'NONE', #4806, #6450 ) ;
#970 = VECTOR ( 'NONE', #2477, 1000.000000000000114 ) ;
#971 = VECTOR ( 'NONE', #4674, 1000.000000000000000 ) ;
#972 = LINE ( 'NONE', #3235, #1793 ) ;
#973 = ORIENTED_EDGE ( 'NONE', *, *, #2630, .T. ) ;
#974 = EDGE_LOOP ( 'NONE', ( #9185, #8778, #1695, #5486 ) ) ;
#975 = DIRECTION ( 'NONE',  ( 0.000000000000000000, 0.000000000000000000, 1.000000000000000000 ) ) ;
#976 = DIRECTION ( 'NONE',  ( 0.000000000000000000, 0.000000000000000000, 1.000000000000000000 ) ) ;
#977 = VECTOR ( 'NONE', #8498, 1000.000000000000000 ) ;
#978 = VERTEX_POINT ( 'NONE', #6568 ) ;
#979 = ORIENTED_EDGE ( 'NONE', *, *, #252, .T. ) ;
#980 = LINE ( 'NONE', #1857, #4107 ) ;
#981 = LINE ( 'NONE', #7664, #6768 ) ;
#982 = FACE_BOUND ( 'NONE', #3755, .T. ) ;
#983 = DIRECTION ( 'NONE',  ( 0.000000000000000000, 0.000000000000000000, -1.000000000000000000 ) ) ;
#984 = DIRECTION ( 'NONE',  ( 0.000000000000000000, 0.000000000000000000, 1.000000000000000000 ) ) ;
#985 = DIRECTION ( 'NONE',  ( -0.000000000000000000, 1.000000000000000000, -0.000000000000000000 ) ) ;
#986 = CARTESIAN_POINT ( 'NONE',  ( 29.99999999999999645, 4.000000000000000000, -133.9999999999999716 ) ) ;
#987 = EDGE_LOOP ( 'NONE', ( #134, #4642, #1088, #179 ) ) ;
#988 = CIRCLE ( 'NONE', #2083, 1.699999999999979305 ) ;
#989 = VECTOR ( 'NONE', #5227, 1000.000000000000000 ) ;
#990 = EDGE_CURVE ( 'NONE', #2885, #8474, #6523, .T. ) ;
#991 = CARTESIAN_POINT ( 'NONE',  ( 170.0000000000000000, -0.001000000000000132727, -133.9999999999999716 ) ) ;
#992 = VECTOR ( 'NONE', #1480, 1000.000000000000000 ) ;
#993 = EDGE_LOOP ( 'NONE', ( #3939, #2572, #1780, #390 ) ) ;
#994 = EDGE_LOOP ( 'NONE', ( #5182, #7501, #8849, #2797 ) ) ;
#995 = LINE ( 'NONE', #2570, #3786 ) ;
#996 = ORIENTED_EDGE ( 'NONE', *, *, #1082, .F. ) ;
#997 = EDGE_CURVE ( 'NONE', #8509, #94, #2823, .T. ) ;
#998 = FACE_OUTER_BOUND ( 'NONE', #4847, .T. ) ;
#999 = AXIS2_PLACEMENT_3D ( 'NONE', #6603, #5813, #3554 ) ;
#1000 = CARTESIAN_POINT ( 'NONE',  ( 76.00000000000001421, -0.001000000000000132727, -17.00000000000000000 ) ) ;
#1001 = VERTEX_POINT ( 'NONE', #5095 ) ;
#1002 = CARTESIAN_POINT ( 'NONE',  ( 55.00000000000000711, 0.000000000000000000, -133.9999999999999716 ) ) ;
#1003 = DIRECTION ( 'NONE',  ( -0.000000000000000000, 1.000000000000000000, -0.000000000000000000 ) ) ;
#1004 = VECTOR ( 'NONE', #9113, 1000.000000000000000 ) ;
#1005 = VERTEX_POINT ( 'NONE', #8912 ) ;
#1006 = EDGE_CURVE ( 'NONE', #147, #2126, #8726, .T. ) ;
#1007 = LINE ( 'NONE', #8615, #5689 ) ;
#1008 = EDGE_CURVE ( 'NONE', #6790, #690, #396, .T. ) ;
#1009 = ADVANCED_FACE ( 'NONE', ( #5046 ), #2000, .F. ) ;
#1010 = LINE ( 'NONE', #3999, #5831 ) ;
#1011 = VECTOR ( 'NONE', #4691, 1000.000000000000000 ) ;
#1012 = DIRECTION ( 'NONE',  ( 1.000000000000000000, 0.000000000000000000, -4.625929269271487689E-15 ) ) ;
#1013 = CARTESIAN_POINT ( 'NONE',  ( 79.00000000000000000, 4.000000000000000000, -117.9999999999999858 ) ) ;
#1014 = ORIENTED_EDGE ( 'NONE', *, *, #7690, .F. ) ;
#1015 = ORIENTED_EDGE ( 'NONE', *, *, #4196, .F. ) ;
#1016 = ORIENTED_EDGE ( 'NONE', *, *, #8187, .T. ) ;
#1017 = CARTESIAN_POINT ( 'NONE',  ( 181.0000000000000000, 0.000000000000000000, -133.9999999999999716 ) ) ;
#1018 = LINE ( 'NONE', #4008, #9416 ) ;
#1019 = DIRECTION ( 'NONE',  ( 2.312964634635743844E-15, 0.000000000000000000, -1.000000000000000000 ) ) ;
#1020 = ORIENTED_EDGE ( 'NONE', *, *, #4476, .T. ) ;
#1021 = ORIENTED_EDGE ( 'NONE', *, *, #7749, .F. ) ;
#1022 = DIRECTION ( 'NONE',  ( 1.000000000000000000, 0.000000000000000000, 0.000000000000000000 ) ) ;
#1023 = ADVANCED_FACE ( 'NONE', ( #7988 ), #3612, .F. ) ;
#1024 = LINE ( 'NONE', #8586, #8664 ) ;
#1025 = VERTEX_POINT ( 'NONE', #1207 ) ;
#1026 = EDGE_LOOP ( 'NONE', ( #6077, #1760 ) ) ;
#1027 = CARTESIAN_POINT ( 'NONE',  ( 27.00000000000000000, 4.000000000000000000, -117.9999999999999716 ) ) ;
#1028 = EDGE_CURVE ( 'NONE', #6927, #7931, #2780, .T. ) ;
#1029 = LINE ( 'NONE', #7022, #4734 ) ;
#1030 = DIRECTION ( 'NONE',  ( -0.000000000000000000, 1.000000000000000000, -0.000000000000000000 ) ) ;
#1031 = CARTESIAN_POINT ( 'NONE',  ( 132.0000000000000000, -0.001000000000000132727, -133.9999999999999716 ) ) ;
#1032 = CARTESIAN_POINT ( 'NONE',  ( 34.00000000000000000, -0.001000000000000132727, -133.9999999999999716 ) ) ;
#1033 = LINE ( 'NONE', #9412, #8086 ) ;
#1034 = CARTESIAN_POINT ( 'NONE',  ( 100.0000000000000000, 0.000000000000000000, -133.9999999999999716 ) ) ;
#1035 = ORIENTED_EDGE ( 'NONE', *, *, #8409, .T. ) ;
#1036 = EDGE_CURVE ( 'NONE', #4082, #9167, #7301, .T. ) ;
#1037 = DIRECTION ( 'NONE',  ( -0.000000000000000000, -0.000000000000000000, -1.000000000000000000 ) ) ;
#1038 = ORIENTED_EDGE ( 'NONE', *, *, #3041, .F. ) ;
#1039 = ORIENTED_EDGE ( 'NONE', *, *, #9500, .T. ) ;
#1040 = DIRECTION ( 'NONE',  ( 0.000000000000000000, 0.000000000000000000, 1.000000000000000000 ) ) ;
#1041 = PLANE ( 'NONE',  #7673 ) ;
#1042 = ORIENTED_EDGE ( 'NONE', *, *, #1105, .T. ) ;
#1043 = FACE_OUTER_BOUND ( 'NONE', #2947, .T. ) ;
#1044 = CARTESIAN_POINT ( 'NONE',  ( 197.9999999999999432, 0.000000000000000000, -17.00000000000000000 ) ) ;
#1045 = ORIENTED_EDGE ( 'NONE', *, *, #7203, .T. ) ;
#1046 = CARTESIAN_POINT ( 'NONE',  ( 213.9999999999999716, 29.00000000000000000, -103.9999999999999858 ) ) ;
#1047 = CARTESIAN_POINT ( 'NONE',  ( 23.00000000000000000, 29.00000000000000000, -44.00000000000000711 ) ) ;
#1048 = VECTOR ( 'NONE', #54, 1000.000000000000000 ) ;
#1049 = EDGE_LOOP ( 'NONE', ( #6397, #1085, #5788, #1412 ) ) ;
#1050 = DIRECTION ( 'NONE',  ( 0.000000000000000000, 0.000000000000000000, 1.000000000000000000 ) ) ;
#1051 = LINE ( 'NONE', #1743, #4113 ) ;
#1052 = FACE_BOUND ( 'NONE', #4569, .T. ) ;
#1053 = FACE_BOUND ( 'NONE', #8121, .T. ) ;
#1054 = VERTEX_POINT ( 'NONE', #4207 ) ;
#1055 = ADVANCED_FACE ( 'NONE', ( #8768 ), #8085, .F. ) ;
#1056 = EDGE_CURVE ( 'NONE', #6971, #4082, #6663, .T. ) ;
#1057 = ORIENTED_EDGE ( 'NONE', *, *, #9341, .F. ) ;
#1058 = VECTOR ( 'NONE', #8772, 1000.000000000000000 ) ;
#1059 = DIRECTION ( 'NONE',  ( 0.000000000000000000, 1.000000000000000000, 0.000000000000000000 ) ) ;
#1060 = LINE ( 'NONE', #3322, #2328 ) ;
#1061 = ORIENTED_EDGE ( 'NONE', *, *, #9159, .F. ) ;
#1062 = ORIENTED_EDGE ( 'NONE', *, *, #9526, .F. ) ;
#1063 = DIRECTION ( 'NONE',  ( -2.168404344971008868E-16, 0.000000000000000000, -1.000000000000000000 ) ) ;
#1064 = EDGE_CURVE ( 'NONE', #5430, #7972, #6359, .T. ) ;
#1065 = DIRECTION ( 'NONE',  ( -0.000000000000000000, 1.000000000000000000, -0.000000000000000000 ) ) ;
#1066 = ORIENTED_EDGE ( 'NONE', *, *, #1280, .T. ) ;
#1067 = ORIENTED_EDGE ( 'NONE', *, *, #5967, .T. ) ;
#1068 = DIRECTION ( 'NONE',  ( -0.000000000000000000, 0.000000000000000000, 1.000000000000000000 ) ) ;
#1069 = PLANE ( 'NONE',  #1109 ) ;
#1070 = CARTESIAN_POINT ( 'NONE',  ( 27.99999999999999645, 9.000000000000001776, -108.9999999999999858 ) ) ;
#1071 = EDGE_CURVE ( 'NONE', #1263, #8874, #6817, .T. ) ;
#1072 = LINE ( 'NONE', #1120, #5381 ) ;
#1073 = CARTESIAN_POINT ( 'NONE',  ( 28.00000000000000000, 14.00000000000003375, -103.9999999999999858 ) ) ;
#1074 = CARTESIAN_POINT ( 'NONE',  ( 146.0000000000000284, -0.001000000000000132727, -117.9999999999999716 ) ) ;
#1075 = CIRCLE ( 'NONE', #4051, 3.000000000000002665 ) ;
#1076 = PLANE ( 'NONE',  #5911 ) ;
#1077 = ORIENTED_EDGE ( 'NONE', *, *, #6408, .T. ) ;
#1078 = DIRECTION ( 'NONE',  ( -0.000000000000000000, 1.000000000000000000, -0.000000000000000000 ) ) ;
#1079 = CONICAL_SURFACE ( 'NONE', #9065, 1.700000000000007061, 1.029744258676656310 ) ;
#1080 = ORIENTED_EDGE ( 'NONE', *, *, #6417, .F. ) ;
#1081 = ORIENTED_EDGE ( 'NONE', *, *, #3578, .T. ) ;
#1082 = EDGE_CURVE ( 'NONE', #1445, #8006, #6867, .T. ) ;
#1083 = DIRECTION ( 'NONE',  ( 0.000000000000000000, 0.000000000000000000, 1.000000000000000000 ) ) ;
#1084 = FACE_OUTER_BOUND ( 'NONE', #1470, .T. ) ;
#1085 = ORIENTED_EDGE ( 'NONE', *, *, #8674, .T. ) ;
#1086 = DIRECTION ( 'NONE',  ( 0.000000000000000000, -1.000000000000000000, 0.000000000000000000 ) ) ;
#1087 = FACE_OUTER_BOUND ( 'NONE', #6133, .T. ) ;
#1088 = ORIENTED_EDGE ( 'NONE', *, *, #8793, .F. ) ;
#1089 = LINE ( 'NONE', #4087, #9422 ) ;
#1090 = CARTESIAN_POINT ( 'NONE',  ( 149.0000000000000000, 4.000000000000000000, -117.9999999999999858 ) ) ;
#1091 = ORIENTED_EDGE ( 'NONE', *, *, #7421, .T. ) ;
#1092 = CARTESIAN_POINT ( 'NONE',  ( 215.9999999999999716, 29.00000000000000000, -44.00000000000000711 ) ) ;
#1093 = CARTESIAN_POINT ( 'NONE',  ( 181.0000000000000000, 4.000000000000000000, -133.9999999999999716 ) ) ;
#1094 = VERTEX_POINT ( 'NONE', #3910 ) ;
#1095 = CARTESIAN_POINT ( 'NONE',  ( 160.0000000000000000, 0.000000000000000000, -117.9999999999999716 ) ) ;
#1096 = DIRECTION ( 'NONE',  ( -1.000000000000000000, 0.000000000000000000, 0.000000000000000000 ) ) ;
#1097 = VERTEX_POINT ( 'NONE', #9057 ) ;
#1098 = CARTESIAN_POINT ( 'NONE',  ( 51.00000000000000711, 4.000000000000000000, -17.00000000000000000 ) ) ;
#1099 = EDGE_CURVE ( 'NONE', #5514, #2775, #4495, .T. ) ;
#1100 = AXIS2_PLACEMENT_3D ( 'NONE', #9099, #682, #6120 ) ;
#1101 = VERTEX_POINT ( 'NONE', #8331 ) ;
#1102 = CIRCLE ( 'NONE', #791, 1.750000000000001554 ) ;
#1103 = FACE_OUTER_BOUND ( 'NONE', #3275, .T. ) ;
#1104 = CARTESIAN_POINT ( 'NONE',  ( 62.00000000000000711, 0.000000000000000000, -33.00000000000000711 ) ) ;
#1105 = EDGE_CURVE ( 'NONE', #8609, #5434, #1075, .T. ) ;
#1106 = PLANE ( 'NONE',  #3817 ) ;
#1107 = ORIENTED_EDGE ( 'NONE', *, *, #7185, .F. ) ;
#1108 = CARTESIAN_POINT ( 'NONE',  ( 169.9999999999999432, -0.001000000000000132727, -17.00000000000000000 ) ) ;
#1109 = AXIS2_PLACEMENT_3D ( 'NONE', #4069, #6199, #1717 ) ;
#1110 = VECTOR ( 'NONE', #4837, 1000.000000000000000 ) ;
#1111 = ORIENTED_EDGE ( 'NONE', *, *, #4777, .F. ) ;
#1112 = EDGE_LOOP ( 'NONE', ( #4204, #3521, #1175, #294 ) ) ;
#1113 = PLANE ( 'NONE',  #6617 ) ;
#1114 = VECTOR ( 'NONE', #221, 1000.000000000000000 ) ;
#1115 = EDGE_CURVE ( 'NONE', #4154, #8530, #4598, .T. ) ;
#1116 = VECTOR ( 'NONE', #1573, 1000.000000000000000 ) ;
#1117 = LINE ( 'NONE', #7806, #3618 ) ;
#1118 = CARTESIAN_POINT ( 'NONE',  ( 176.9999999999999716, 4.000000000000000000, -17.00000000000000000 ) ) ;
#1119 = AXIS2_PLACEMENT_3D ( 'NONE', #8167, #3602, #5916 ) ;
#1120 = CARTESIAN_POINT ( 'NONE',  ( 90.00000000000000000, 4.000000000000000000, -133.9999999999999716 ) ) ;
#1121 = DIRECTION ( 'NONE',  ( -1.000000000000000000, 0.000000000000000000, -2.312964634635743844E-15 ) ) ;
#1122 = ADVANCED_FACE ( 'NONE', ( #3083 ), #2972, .F. ) ;
#1123 = DIRECTION ( 'NONE',  ( -0.000000000000000000, 1.000000000000000000, -0.000000000000000000 ) ) ;
#1124 = LINE ( 'NONE', #1256, #3719 ) ;
#1125 = ORIENTED_EDGE ( 'NONE', *, *, #1036, .T. ) ;
#1126 = DIRECTION ( 'NONE',  ( 0.000000000000000000, -1.000000000000000000, 0.000000000000000000 ) ) ;
#1127 = CIRCLE ( 'NONE', #6620, 1.750000000000001554 ) ;
#1128 = VECTOR ( 'NONE', #1840, 1000.000000000000000 ) ;
#1129 = ORIENTED_EDGE ( 'NONE', *, *, #284, .T. ) ;
#1130 = ORIENTED_EDGE ( 'NONE', *, *, #6374, .T. ) ;
#1131 = ORIENTED_EDGE ( 'NONE', *, *, #7246, .T. ) ;
#1132 = DIRECTION ( 'NONE',  ( 0.000000000000000000, 0.000000000000000000, -1.000000000000000000 ) ) ;
#1133 = LINE ( 'NONE', #6992, #8953 ) ;
#1134 = FACE_OUTER_BOUND ( 'NONE', #5861, .T. ) ;
#1135 = VECTOR ( 'NONE', #5778, 1000.000000000000000 ) ;
#1136 = CARTESIAN_POINT ( 'NONE',  ( 160.9999999999999716, 0.000000000000000000, -44.00000000000000000 ) ) ;
#1137 = AXIS2_PLACEMENT_3D ( 'NONE', #401, #9461, #9323 ) ;
#1138 = DIRECTION ( 'NONE',  ( -0.000000000000000000, 1.000000000000000000, -0.000000000000000000 ) ) ;
#1139 = ORIENTED_EDGE ( 'NONE', *, *, #3120, .F. ) ;
#1140 = CYLINDRICAL_SURFACE ( 'NONE', #9572, 1.699999999999993072 ) ;
#1141 = ADVANCED_FACE ( 'NONE', ( #6075 ), #2397, .F. ) ;
#1142 = CARTESIAN_POINT ( 'NONE',  ( 169.9999999999999432, 0.000000000000000000, -33.00000000000000000 ) ) ;
#1143 = ORIENTED_EDGE ( 'NONE', *, *, #3533, .T. ) ;
#1144 = AXIS2_PLACEMENT_3D ( 'NONE', #7277, #4971, #1974 ) ;
#1145 = LINE ( 'NONE', #7926, #1775 ) ;
#1146 = VECTOR ( 'NONE', #687, 1000.000000000000000 ) ;
#1147 = EDGE_CURVE ( 'NONE', #7082, #9285, #3809, .T. ) ;
#1148 = DIRECTION ( 'NONE',  ( 0.000000000000000000, 0.000000000000000000, 1.000000000000000000 ) ) ;
#1149 = CARTESIAN_POINT ( 'NONE',  ( 194.9999999999999432, 4.000000000000000000, -33.00000000000000000 ) ) ;
#1150 = VERTEX_POINT ( 'NONE', #6760 ) ;
#1151 = AXIS2_PLACEMENT_3D ( 'NONE', #2825, #7401, #3481 ) ;
#1152 = CARTESIAN_POINT ( 'NONE',  ( 181.0000000000000000, -0.001000000000000132727, -133.9999999999999716 ) ) ;
#1153 = AXIS2_PLACEMENT_3D ( 'NONE', #3801, #3703, #715 ) ;
#1154 = CARTESIAN_POINT ( 'NONE',  ( 90.00000000000000000, 0.000000000000000000, -117.9999999999999716 ) ) ;
#1155 = LINE ( 'NONE', #9359, #3790 ) ;
#1156 = FACE_OUTER_BOUND ( 'NONE', #5179, .T. ) ;
#1157 = ORIENTED_EDGE ( 'NONE', *, *, #8906, .F. ) ;
#1158 = DIRECTION ( 'NONE',  ( 0.000000000000000000, -1.000000000000000000, 0.000000000000000000 ) ) ;
#1159 = ORIENTED_EDGE ( 'NONE', *, *, #9283, .T. ) ;
#1160 = VECTOR ( 'NONE', #5735, 1000.000000000000000 ) ;
#1161 = ORIENTED_EDGE ( 'NONE', *, *, #8992, .T. ) ;
#1162 = LINE ( 'NONE', #4165, #7406 ) ;
#1163 = LINE ( 'NONE', #622, #6605 ) ;
#1164 = LINE ( 'NONE', #7853, #2778 ) ;
#1165 = CARTESIAN_POINT ( 'NONE',  ( 23.99999999999999289, 29.00000000000000000, -107.9999999999999858 ) ) ;
#1166 = CARTESIAN_POINT ( 'NONE',  ( 24.00000000000000000, 21.00000000000000000, -46.69999999999998863 ) ) ;
#1167 = LINE ( 'NONE', #7211, #4101 ) ;
#1168 = CARTESIAN_POINT ( 'NONE',  ( 210.9999999999999716, 29.00000000000000000, -106.9999999999999858 ) ) ;
#1169 = ORIENTED_EDGE ( 'NONE', *, *, #3423, .F. ) ;
#1170 = VECTOR ( 'NONE', #4104, 1000.000000000000000 ) ;
#1171 = DIRECTION ( 'NONE',  ( 0.000000000000000000, 0.000000000000000000, -1.000000000000000000 ) ) ;
#1172 = EDGE_CURVE ( 'NONE', #2553, #3597, #9532, .T. ) ;
#1173 = EDGE_CURVE ( 'NONE', #4609, #3210, #7601, .T. ) ;
#1174 = ADVANCED_FACE ( 'NONE', ( #3710 ), #5290, .F. ) ;
#1175 = ORIENTED_EDGE ( 'NONE', *, *, #1234, .F. ) ;
#1176 = ORIENTED_EDGE ( 'NONE', *, *, #9692, .F. ) ;
#1177 = DIRECTION ( 'NONE',  ( -1.000000000000000000, -0.000000000000000000, -0.000000000000000000 ) ) ;
#1178 = DIRECTION ( 'NONE',  ( 1.000000000000000000, 0.000000000000000000, -4.625929269271487689E-15 ) ) ;
#1179 = CARTESIAN_POINT ( 'NONE',  ( 77.71999999999999886, 6.000000000000000000, -97.99999999999998579 ) ) ;
#1180 = CARTESIAN_POINT ( 'NONE',  ( 62.00000000000000711, 0.000000000000000000, -33.00000000000000711 ) ) ;
#1181 = DIRECTION ( 'NONE',  ( -2.168404344971008868E-16, 0.000000000000000000, -1.000000000000000000 ) ) ;
#1182 = ORIENTED_EDGE ( 'NONE', *, *, #3608, .F. ) ;
#1183 = FACE_BOUND ( 'NONE', #3609, .T. ) ;
#1184 = EDGE_CURVE ( 'NONE', #5993, #2280, #3135, .T. ) ;
#1185 = CARTESIAN_POINT ( 'NONE',  ( 23.00000000000000000, 29.00000000000000000, -44.00000000000000711 ) ) ;
#1186 = VERTEX_POINT ( 'NONE', #2185 ) ;
#1187 = CYLINDRICAL_SURFACE ( 'NONE', #1606, 1.749999999999998890 ) ;
#1188 = VECTOR ( 'NONE', #2416, 1000.000000000000000 ) ;
#1189 = EDGE_CURVE ( 'NONE', #4371, #4527, #4515, .T. ) ;
#1190 = CARTESIAN_POINT ( 'NONE',  ( 236.9999999999999716, 4.000000000000000000, -145.0000000000000000 ) ) ;
#1191 = CARTESIAN_POINT ( 'NONE',  ( 139.0000000000000000, -0.001000000000000132727, -133.9999999999999716 ) ) ;
#1192 = ORIENTED_EDGE ( 'NONE', *, *, #6373, .T. ) ;
#1193 = DIRECTION ( 'NONE',  ( -1.000000000000000000, 0.000000000000000000, -0.000000000000000000 ) ) ;
#1194 = VECTOR ( 'NONE', #228, 1000.000000000000000 ) ;
#1195 = CARTESIAN_POINT ( 'NONE',  ( 20.00000000000000000, 4.000000000000000000, -41.00000000000000000 ) ) ;
#1196 = EDGE_CURVE ( 'NONE', #9614, #8250, #8276, .T. ) ;
#1197 = EDGE_CURVE ( 'NONE', #7298, #1097, #6188, .T. ) ;
#1198 = CARTESIAN_POINT ( 'NONE',  ( 76.00000000000001421, -0.001000000000000132727, -133.9999999999999716 ) ) ;
#1199 = DIRECTION ( 'NONE',  ( 0.000000000000000000, 0.000000000000000000, 1.000000000000000000 ) ) ;
#1200 = EDGE_LOOP ( 'NONE', ( #1882, #8385, #9361, #7331 ) ) ;
#1201 = CARTESIAN_POINT ( 'NONE',  ( 153.0000000000000000, 4.000000000000000000, -133.9999999999999716 ) ) ;
#1202 = ORIENTED_EDGE ( 'NONE', *, *, #1348, .F. ) ;
#1203 = ORIENTED_EDGE ( 'NONE', *, *, #9693, .T. ) ;
#1204 = DIRECTION ( 'NONE',  ( -0.000000000000000000, 1.000000000000000000, -0.000000000000000000 ) ) ;
#1205 = AXIS2_PLACEMENT_3D ( 'NONE', #694, #7274, #5894 ) ;
#1206 = DIRECTION ( 'NONE',  ( -0.000000000000000000, 1.000000000000000000, -0.000000000000000000 ) ) ;
#1207 = CARTESIAN_POINT ( 'NONE',  ( 77.71999999999999886, 6.000000000000000000, -100.9999999999999858 ) ) ;
#1208 = LINE ( 'NONE', #8727, #5839 ) ;
#1209 = CARTESIAN_POINT ( 'NONE',  ( 190.9999999999999432, 0.000000000000000000, -33.00000000000000000 ) ) ;
#1210 = LINE ( 'NONE', #9325, #7938 ) ;
#1211 = CARTESIAN_POINT ( 'NONE',  ( 69.00000000000000000, 4.000000000000000000, -133.9999999999999716 ) ) ;
#1212 = ORIENTED_EDGE ( 'NONE', *, *, #7422, .F. ) ;
#1213 = DIRECTION ( 'NONE',  ( 0.000000000000000000, 0.000000000000000000, 1.000000000000000000 ) ) ;
#1214 = EDGE_CURVE ( 'NONE', #4668, #1488, #7547, .T. ) ;
#1215 = VERTEX_POINT ( 'NONE', #4647 ) ;
#1216 = EDGE_LOOP ( 'NONE', ( #180, #8312, #4679, #5612 ) ) ;
#1217 = VERTEX_POINT ( 'NONE', #5191 ) ;
#1218 = LINE ( 'NONE', #4966, #4850 ) ;
#1219 = CARTESIAN_POINT ( 'NONE',  ( 55.00000000000000711, 0.000000000000000000, -33.00000000000000711 ) ) ;
#1220 = CARTESIAN_POINT ( 'NONE',  ( 198.0000000000000000, 0.000000000000000000, -133.9999999999999716 ) ) ;
#1221 = CARTESIAN_POINT ( 'NONE',  ( 24.00000000000000000, 29.00000000000000000, -43.30000000000000426 ) ) ;
#1222 = LINE ( 'NONE', #2796, #9444 ) ;
#1223 = ORIENTED_EDGE ( 'NONE', *, *, #1280, .F. ) ;
#1224 = EDGE_CURVE ( 'NONE', #4873, #365, #8177, .T. ) ;
#1225 = EDGE_CURVE ( 'NONE', #6048, #2027, #1060, .T. ) ;
#1226 = LINE ( 'NONE', #4225, #1110 ) ;
#1227 = DIRECTION ( 'NONE',  ( 1.000000000000000000, 0.000000000000000000, -4.625929269271487689E-15 ) ) ;
#1228 = ORIENTED_EDGE ( 'NONE', *, *, #7465, .F. ) ;
#1229 = VECTOR ( 'NONE', #8304, 1000.000000000000000 ) ;
#1230 = FACE_OUTER_BOUND ( 'NONE', #3011, .T. ) ;
#1231 = ADVANCED_FACE ( 'NONE', ( #7841 ), #1539, .F. ) ;
#1232 = DIRECTION ( 'NONE',  ( -1.000000000000000000, 0.000000000000000000, -2.312964634635743844E-15 ) ) ;
#1233 = DIRECTION ( 'NONE',  ( -0.000000000000000000, -1.000000000000000000, -0.000000000000000000 ) ) ;
#1234 = EDGE_CURVE ( 'NONE', #1878, #1753, #4285, .T. ) ;
#1235 = ORIENTED_EDGE ( 'NONE', *, *, #6451, .T. ) ;
#1236 = ORIENTED_EDGE ( 'NONE', *, *, #1006, .F. ) ;
#1237 = LINE ( 'NONE', #563, #4905 ) ;
#1238 = LINE ( 'NONE', #7240, #8805 ) ;
#1239 = VERTEX_POINT ( 'NONE', #5595 ) ;
#1240 = CARTESIAN_POINT ( 'NONE',  ( 162.9999999999999432, 4.000000000000000000, -17.00000000000000000 ) ) ;
#1241 = FACE_OUTER_BOUND ( 'NONE', #8169, .T. ) ;
#1242 = VERTEX_POINT ( 'NONE', #8536 ) ;
#1243 = DIRECTION ( 'NONE',  ( 0.000000000000000000, 0.000000000000000000, -1.000000000000000000 ) ) ;
#1244 = VECTOR ( 'NONE', #4746, 1000.000000000000000 ) ;
#1245 = EDGE_CURVE ( 'NONE', #68, #9352, #5491, .T. ) ;
#1246 = VECTOR ( 'NONE', #5363, 1000.000000000000000 ) ;
#1247 = ORIENTED_EDGE ( 'NONE', *, *, #7830, .T. ) ;
#1248 = VERTEX_POINT ( 'NONE', #7110 ) ;
#1249 = CARTESIAN_POINT ( 'NONE',  ( 214.9999999999999716, 29.00000000000000000, -107.9999999999999858 ) ) ;
#1250 = DIRECTION ( 'NONE',  ( 0.000000000000000000, 0.000000000000000000, 1.000000000000000000 ) ) ;
#1251 = LINE ( 'NONE', #4953, #3832 ) ;
#1252 = EDGE_CURVE ( 'NONE', #5251, #6452, #9309, .T. ) ;
#1253 = DIRECTION ( 'NONE',  ( 0.000000000000000000, 1.000000000000000000, 0.000000000000000000 ) ) ;
#1254 = FACE_OUTER_BOUND ( 'NONE', #5394, .T. ) ;
#1255 = PLANE ( 'NONE',  #653 ) ;
#1256 = CARTESIAN_POINT ( 'NONE',  ( 160.9999999999999716, 0.000000000000000000, -44.00000000000000000 ) ) ;
#1257 = ORIENTED_EDGE ( 'NONE', *, *, #579, .T. ) ;
#1258 = VECTOR ( 'NONE', #4913, 1000.000000000000000 ) ;
#1259 = VECTOR ( 'NONE', #3007, 1000.000000000000000 ) ;
#1260 = VECTOR ( 'NONE', #9417, 1000.000000000000000 ) ;
#1261 = CARTESIAN_POINT ( 'NONE',  ( 201.9999999999999432, 4.000000000000000000, -17.00000000000000000 ) ) ;
#1262 = ORIENTED_EDGE ( 'NONE', *, *, #9329, .F. ) ;
#1263 = VERTEX_POINT ( 'NONE', #388 ) ;
#1264 = VECTOR ( 'NONE', #1250, 1000.000000000000000 ) ;
#1265 = VERTEX_POINT ( 'NONE', #283 ) ;
#1266 = DIRECTION ( 'NONE',  ( -2.168404344971008868E-16, -0.000000000000000000, -1.000000000000000000 ) ) ;
#1267 = CARTESIAN_POINT ( 'NONE',  ( 160.9999999999999716, 0.000000000000000000, -108.9999999999999858 ) ) ;
#1268 = CARTESIAN_POINT ( 'NONE',  ( 65.00000000000000000, -0.001000000000000132727, -133.9999999999999716 ) ) ;
#1269 = CARTESIAN_POINT ( 'NONE',  ( 135.7199999999999704, 6.000000000000000000, -48.99999999999999289 ) ) ;
#1270 = EDGE_CURVE ( 'NONE', #2651, #4053, #558, .T. ) ;
#1271 = CARTESIAN_POINT ( 'NONE',  ( 2.000000000000000000, 4.000000000000000000, -147.0000000000000000 ) ) ;
#1272 = ORIENTED_EDGE ( 'NONE', *, *, #1471, .T. ) ;
#1273 = AXIS2_PLACEMENT_3D ( 'NONE', #1502, #9701, #4498 ) ;
#1274 = VECTOR ( 'NONE', #6101, 1000.000000000000114 ) ;
#1275 = CARTESIAN_POINT ( 'NONE',  ( 136.9999999999999432, 8.000000000000000000, -35.00000000000000000 ) ) ;
#1276 = VECTOR ( 'NONE', #269, 1000.000000000000000 ) ;
#1277 = VECTOR ( 'NONE', #7753, 1000.000000000000000 ) ;
#1278 = DIRECTION ( 'NONE',  ( -0.000000000000000000, 1.000000000000000000, -0.000000000000000000 ) ) ;
#1279 = ORIENTED_EDGE ( 'NONE', *, *, #7247, .F. ) ;
#1280 = EDGE_CURVE ( 'NONE', #5400, #8985, #2447, .T. ) ;
#1281 = VECTOR ( 'NONE', #2773, 1000.000000000000000 ) ;
#1282 = DIRECTION ( 'NONE',  ( 0.000000000000000000, 0.000000000000000000, 1.000000000000000000 ) ) ;
#1283 = DIRECTION ( 'NONE',  ( 0.000000000000000000, 0.000000000000000000, 1.000000000000000000 ) ) ;
#1284 = DIRECTION ( 'NONE',  ( -1.000000000000000000, 0.000000000000000000, 0.000000000000000000 ) ) ;
#1285 = CARTESIAN_POINT ( 'NONE',  ( 37.00000000000000000, 4.000000000000000000, -33.00000000000000000 ) ) ;
#1286 = ORIENTED_EDGE ( 'NONE', *, *, #3533, .F. ) ;
#1287 = ORIENTED_EDGE ( 'NONE', *, *, #9642, .T. ) ;
#1288 = EDGE_CURVE ( 'NONE', #1911, #7708, #969, .T. ) ;
#1289 = DIRECTION ( 'NONE',  ( -0.000000000000000000, 1.000000000000000000, -0.000000000000000000 ) ) ;
#1290 = VECTOR ( 'NONE', #2142, 1000.000000000000000 ) ;
#1291 = DIRECTION ( 'NONE',  ( 1.000000000000000000, 0.000000000000000000, -0.000000000000000000 ) ) ;
#1292 = EDGE_CURVE ( 'NONE', #4053, #5977, #2595, .T. ) ;
#1293 = VECTOR ( 'NONE', #4575, 1000.000000000000000 ) ;
#1294 = EDGE_CURVE ( 'NONE', #8544, #4453, #7797, .T. ) ;
#1295 = EDGE_CURVE ( 'NONE', #509, #6469, #5759, .T. ) ;
#1296 = ORIENTED_EDGE ( 'NONE', *, *, #9299, .F. ) ;
#1297 = PLANE ( 'NONE',  #5679 ) ;
#1298 = DIRECTION ( 'NONE',  ( 0.000000000000000000, 1.000000000000000000, -0.000000000000000000 ) ) ;
#1299 = EDGE_LOOP ( 'NONE', ( #3930, #7628 ) ) ;
#1300 = VECTOR ( 'NONE', #1667, 1000.000000000000000 ) ;
#1301 = CARTESIAN_POINT ( 'NONE',  ( 198.0000000000000000, -0.001000000000000132727, -117.9999999999999858 ) ) ;
#1302 = AXIS2_PLACEMENT_3D ( 'NONE', #2782, #8133, #7264 ) ;
#1303 = ORIENTED_EDGE ( 'NONE', *, *, #6139, .T. ) ;
#1304 = ORIENTED_EDGE ( 'NONE', *, *, #4928, .F. ) ;
#1305 = CARTESIAN_POINT ( 'NONE',  ( 204.9999999999999716, 0.000000000000000000, -17.00000000000000000 ) ) ;
#1306 = CARTESIAN_POINT ( 'NONE',  ( 77.71999999999999886, 6.000000000000000000, -97.99999999999998579 ) ) ;
#1307 = CARTESIAN_POINT ( 'NONE',  ( 214.9999999999999716, 21.00000000000000000, -107.9999999999999858 ) ) ;
#1308 = FACE_BOUND ( 'NONE', #1774, .T. ) ;
#1309 = ADVANCED_FACE ( 'NONE', ( #332 ), #3963, .F. ) ;
#1310 = DIRECTION ( 'NONE',  ( 0.000000000000000000, 0.000000000000000000, 1.000000000000000000 ) ) ;
#1311 = DIRECTION ( 'NONE',  ( 0.000000000000000000, 0.000000000000000000, 1.000000000000000000 ) ) ;
#1312 = CIRCLE ( 'NONE', #8377, 1.699999999999993072 ) ;
#1313 = DIRECTION ( 'NONE',  ( -2.168404344971008868E-16, 0.000000000000000000, -1.000000000000000000 ) ) ;
#1314 = ORIENTED_EDGE ( 'NONE', *, *, #1376, .F. ) ;
#1315 = VECTOR ( 'NONE', #737, 1000.000000000000000 ) ;
#1316 = LINE ( 'NONE', #2887, #9143 ) ;
#1317 = VECTOR ( 'NONE', #7944, 1000.000000000000000 ) ;
#1318 = EDGE_CURVE ( 'NONE', #2903, #7366, #9166, .T. ) ;
#1319 = ORIENTED_EDGE ( 'NONE', *, *, #144, .F. ) ;
#1320 = ORIENTED_EDGE ( 'NONE', *, *, #235, .F. ) ;
#1321 = ORIENTED_EDGE ( 'NONE', *, *, #3080, .F. ) ;
#1322 = DIRECTION ( 'NONE',  ( 1.000000000000000000, -0.000000000000000000, -0.000000000000000000 ) ) ;
#1323 = DIRECTION ( 'NONE',  ( -1.000000000000000000, -0.000000000000000000, -0.000000000000000000 ) ) ;
#1324 = EDGE_CURVE ( 'NONE', #2050, #4609, #15, .T. ) ;
#1325 = CARTESIAN_POINT ( 'NONE',  ( 215.9999999999999716, 29.00000000000000000, -41.00000000000000000 ) ) ;
#1326 = DIRECTION ( 'NONE',  ( -0.000000000000000000, -1.000000000000000000, -0.000000000000000000 ) ) ;
#1327 = CARTESIAN_POINT ( 'NONE',  ( 28.00000000000000355, 9.000000000000001776, -44.00000000000000711 ) ) ;
#1328 = EDGE_LOOP ( 'NONE', ( #5247, #7709, #651, #1962 ) ) ;
#1329 = ORIENTED_EDGE ( 'NONE', *, *, #7876, .T. ) ;
#1330 = DIRECTION ( 'NONE',  ( -0.000000000000000000, 1.000000000000000000, -0.000000000000000000 ) ) ;
#1331 = LINE ( 'NONE', #5755, #3928 ) ;
#1332 = EDGE_CURVE ( 'NONE', #5704, #5515, #7229, .T. ) ;
#1333 = VERTEX_POINT ( 'NONE', #7700 ) ;
#1334 = FACE_OUTER_BOUND ( 'NONE', #7977, .T. ) ;
#1335 = CARTESIAN_POINT ( 'NONE',  ( 77.71999999999998465, 6.000000000000000000, -48.99999999999998579 ) ) ;
#1336 = CARTESIAN_POINT ( 'NONE',  ( 225.7699999999999818, 4.000000000000000000, -139.9999999999999716 ) ) ;
#1337 = LINE ( 'NONE', #8018, #3512 ) ;
#1338 = ORIENTED_EDGE ( 'NONE', *, *, #7191, .F. ) ;
#1339 = EDGE_LOOP ( 'NONE', ( #4582, #3024, #7326, #7019 ) ) ;
#1340 = CARTESIAN_POINT ( 'NONE',  ( 27.00000000000000355, 4.000000000000000000, -17.00000000000000000 ) ) ;
#1341 = DIRECTION ( 'NONE',  ( -0.000000000000000000, 1.000000000000000000, -0.000000000000000000 ) ) ;
#1342 = ADVANCED_FACE ( 'NONE', ( #6969 ), #2491, .F. ) ;
#1343 = VECTOR ( 'NONE', #4364, 1000.000000000000000 ) ;
#1344 = CARTESIAN_POINT ( 'NONE',  ( 34.00000000000000000, 0.000000000000000000, -117.9999999999999716 ) ) ;
#1345 = FACE_OUTER_BOUND ( 'NONE', #3036, .T. ) ;
#1346 = DIRECTION ( 'NONE',  ( 1.000000000000000000, 0.000000000000000000, -2.168404344971008868E-16 ) ) ;
#1347 = VERTEX_POINT ( 'NONE', #5548 ) ;
#1348 = EDGE_CURVE ( 'NONE', #4235, #6561, #1018, .T. ) ;
#1349 = ADVANCED_FACE ( 'NONE', ( #9633 ), #8209, .F. ) ;
#1350 = VECTOR ( 'NONE', #8928, 1000.000000000000000 ) ;
#1351 = ORIENTED_EDGE ( 'NONE', *, *, #8162, .T. ) ;
#1352 = ORIENTED_EDGE ( 'NONE', *, *, #6395, .T. ) ;
#1353 = CARTESIAN_POINT ( 'NONE',  ( 55.00000000000000711, -0.001000000000000132727, -17.00000000000000000 ) ) ;
#1354 = CARTESIAN_POINT ( 'NONE',  ( 51.00000000000000711, 0.000000000000000000, -33.00000000000000000 ) ) ;
#1355 = CARTESIAN_POINT ( 'NONE',  ( 180.9999999999999716, -0.001000000000000132727, -33.00000000000000000 ) ) ;
#1356 = EDGE_CURVE ( 'NONE', #9013, #4551, #6740, .T. ) ;
#1357 = FACE_BOUND ( 'NONE', #2969, .T. ) ;
#1358 = CARTESIAN_POINT ( 'NONE',  ( 214.9999999999999716, 29.00000000000000000, -107.9999999999999858 ) ) ;
#1359 = CARTESIAN_POINT ( 'NONE',  ( 93.00000000000000000, 11.00000000000000000, -44.00000000000001421 ) ) ;
#1360 = CARTESIAN_POINT ( 'NONE',  ( 169.9999999999999432, 4.000000000000000000, -33.00000000000000000 ) ) ;
#1361 = ORIENTED_EDGE ( 'NONE', *, *, #9119, .F. ) ;
#1362 = LINE ( 'NONE', #7309, #4130 ) ;
#1363 = EDGE_CURVE ( 'NONE', #4857, #3550, #1430, .T. ) ;
#1364 = ORIENTED_EDGE ( 'NONE', *, *, #2018, .T. ) ;
#1365 = EDGE_CURVE ( 'NONE', #6191, #6809, #2989, .T. ) ;
#1366 = VERTEX_POINT ( 'NONE', #2905 ) ;
#1367 = EDGE_LOOP ( 'NONE', ( #1781, #2140, #5153, #7176 ) ) ;
#1368 = CARTESIAN_POINT ( 'NONE',  ( 113.9999999999999858, 4.000000000000000000, -133.9999999999999716 ) ) ;
#1369 = CARTESIAN_POINT ( 'NONE',  ( 159.9999999999999432, 4.000000000000000000, -33.00000000000000000 ) ) ;
#1370 = CYLINDRICAL_SURFACE ( 'NONE', #2362, 1.699999999999993072 ) ;
#1371 = DIRECTION ( 'NONE',  ( 0.000000000000000000, 1.000000000000000000, 0.000000000000000000 ) ) ;
#1372 = LINE ( 'NONE', #4416, #572 ) ;
#1373 = EDGE_LOOP ( 'NONE', ( #1653, #1833, #1192, #8765 ) ) ;
#1374 = DIRECTION ( 'NONE',  ( -0.000000000000000000, 1.000000000000000000, -0.000000000000000000 ) ) ;
#1375 = DIRECTION ( 'NONE',  ( -1.000000000000000000, 0.000000000000000000, -0.000000000000000000 ) ) ;
#1376 = EDGE_CURVE ( 'NONE', #6452, #4053, #9680, .T. ) ;
#1377 = VERTEX_POINT ( 'NONE', #1379 ) ;
#1378 = CARTESIAN_POINT ( 'NONE',  ( 102.0000000000000142, 2.000000000000000000, -20.99999999999999645 ) ) ;
#1379 = CARTESIAN_POINT ( 'NONE',  ( 102.0000000000000142, 2.000000000000000000, -33.30000000000001137 ) ) ;
#1380 = PLANE ( 'NONE',  #3348 ) ;
#1381 = VECTOR ( 'NONE', #8652, 1000.000000000000000 ) ;
#1382 =( LENGTH_UNIT ( ) NAMED_UNIT ( * ) SI_UNIT ( .MILLI., .METRE. ) );
#1383 = ORIENTED_EDGE ( 'NONE', *, *, #5688, .F. ) ;
#1384 = EDGE_LOOP ( 'NONE', ( #4828, #1202, #7492, #5283 ) ) ;
#1385 = FACE_OUTER_BOUND ( 'NONE', #7941, .T. ) ;
#1386 = LINE ( 'NONE', #7526, #3788 ) ;
#1387 = AXIS2_PLACEMENT_3D ( 'NONE', #1637, #3161, #3259 ) ;
#1388 = DIRECTION ( 'NONE',  ( 4.625929269271487689E-15, 0.000000000000000000, 1.000000000000000000 ) ) ;
#1389 = CARTESIAN_POINT ( 'NONE',  ( 162.9999999999999432, 4.000000000000000000, -33.00000000000000000 ) ) ;
#1390 = ORIENTED_EDGE ( 'NONE', *, *, #2277, .T. ) ;
#1391 = DIRECTION ( 'NONE',  ( 1.000000000000000000, 0.000000000000000000, -4.625929269271487689E-15 ) ) ;
#1392 = EDGE_LOOP ( 'NONE', ( #3081, #5138, #5007, #1614 ) ) ;
#1393 = ORIENTED_EDGE ( 'NONE', *, *, #1633, .F. ) ;
#1394 = EDGE_CURVE ( 'NONE', #7386, #2152, #5073, .T. ) ;
#1395 = EDGE_LOOP ( 'NONE', ( #6310, #8556, #6516, #7772 ) ) ;
#1396 = VERTEX_POINT ( 'NONE', #6649 ) ;
#1397 = LINE ( 'NONE', #6174, #2564 ) ;
#1398 = EDGE_CURVE ( 'NONE', #2917, #6839, #706, .T. ) ;
#1399 = DIRECTION ( 'NONE',  ( -1.000000000000000000, -0.000000000000000000, -0.000000000000000000 ) ) ;
#1400 = DIRECTION ( 'NONE',  ( -0.000000000000000000, 1.000000000000000000, -0.000000000000000000 ) ) ;
#1401 = FACE_BOUND ( 'NONE', #5407, .T. ) ;
#1402 = CARTESIAN_POINT ( 'NONE',  ( 195.0000000000000000, -0.001000000000000132727, -117.9999999999999716 ) ) ;
#1403 = CARTESIAN_POINT ( 'NONE',  ( 28.00000000000000355, 9.000000000000001776, -45.99999999999997868 ) ) ;
#1404 = EDGE_LOOP ( 'NONE', ( #3674, #1872, #5118, #8287 ) ) ;
#1405 = CARTESIAN_POINT ( 'NONE',  ( 7.669999999999999929, 0.000000000000000000, -138.2499999999999716 ) ) ;
#1406 = ORIENTED_EDGE ( 'NONE', *, *, #217, .F. ) ;
#1407 = LINE ( 'NONE', #4267, #1146 ) ;
#1408 = ADVANCED_FACE ( 'NONE', ( #5950 ), #3643, .F. ) ;
#1409 = ORIENTED_EDGE ( 'NONE', *, *, #5592, .T. ) ;
#1410 = ORIENTED_EDGE ( 'NONE', *, *, #5345, .F. ) ;
#1411 = CARTESIAN_POINT ( 'NONE',  ( 41.00000000000000000, 4.000000000000000000, -17.00000000000000000 ) ) ;
#1412 = ORIENTED_EDGE ( 'NONE', *, *, #8336, .T. ) ;
#1413 = EDGE_CURVE ( 'NONE', #9490, #2744, #4328, .T. ) ;
#1414 = LINE ( 'NONE', #590, #8172 ) ;
#1415 = LINE ( 'NONE', #549, #7490 ) ;
#1416 = VECTOR ( 'NONE', #5210, 1000.000000000000114 ) ;
#1417 = VECTOR ( 'NONE', #2266, 1000.000000000000000 ) ;
#1418 = CARTESIAN_POINT ( 'NONE',  ( 214.9999999999999716, 21.00000000000000000, -46.70000000000000284 ) ) ;
#1419 = DIRECTION ( 'NONE',  ( -2.168404344971008868E-16, -0.000000000000000000, -1.000000000000000000 ) ) ;
#1420 = CARTESIAN_POINT ( 'NONE',  ( 79.00000000000000000, -0.001000000000000132727, -33.00000000000000000 ) ) ;
#1421 = EDGE_LOOP ( 'NONE', ( #2472, #3237, #7939, #9555 ) ) ;
#1422 = FACE_BOUND ( 'NONE', #5525, .T. ) ;
#1423 = FACE_OUTER_BOUND ( 'NONE', #5493, .T. ) ;
#1424 = VECTOR ( 'NONE', #7852, 1000.000000000000000 ) ;
#1425 = VECTOR ( 'NONE', #4918, 1000.000000000000000 ) ;
#1426 = ORIENTED_EDGE ( 'NONE', *, *, #811, .F. ) ;
#1427 = DIRECTION ( 'NONE',  ( 0.000000000000000000, 0.000000000000000000, 1.000000000000000000 ) ) ;
#1428 = AXIS2_PLACEMENT_3D ( 'NONE', #7187, #9477, #8745 ) ;
#1429 = VECTOR ( 'NONE', #2060, 1000.000000000000000 ) ;
#1430 = LINE ( 'NONE', #8846, #1259 ) ;
#1431 = CARTESIAN_POINT ( 'NONE',  ( 37.00000000000000000, 4.000000000000000000, -33.00000000000000000 ) ) ;
#1432 = VECTOR ( 'NONE', #7532, 1000.000000000000000 ) ;
#1433 = LINE ( 'NONE', #3646, #3670 ) ;
#1434 = EDGE_CURVE ( 'NONE', #5982, #8545, #5171, .T. ) ;
#1435 = ORIENTED_EDGE ( 'NONE', *, *, #9304, .T. ) ;
#1436 = CARTESIAN_POINT ( 'NONE',  ( 215.9999999999999716, 29.00000000000000000, -103.9999999999999858 ) ) ;
#1437 = DIRECTION ( 'NONE',  ( 1.000000000000000000, -0.000000000000000000, -1.261617073437677999E-16 ) ) ;
#1438 = VECTOR ( 'NONE', #3820, 1000.000000000000000 ) ;
#1439 = ADVANCED_FACE ( 'NONE', ( #7427, #3691 ), #7328, .T. ) ;
#1440 = DIRECTION ( 'NONE',  ( -0.000000000000000000, 0.000000000000000000, -1.000000000000000000 ) ) ;
#1441 = CARTESIAN_POINT ( 'NONE',  ( 20.00000000000000000, 29.00000000000000000, -111.9999999999999858 ) ) ;
#1442 = ORIENTED_EDGE ( 'NONE', *, *, #3940, .F. ) ;
#1443 = VECTOR ( 'NONE', #7047, 1000.000000000000000 ) ;
#1444 = PLANE ( 'NONE',  #9464 ) ;
#1445 = VERTEX_POINT ( 'NONE', #602 ) ;
#1446 = VECTOR ( 'NONE', #1485, 1000.000000000000000 ) ;
#1447 = ORIENTED_EDGE ( 'NONE', *, *, #3662, .T. ) ;
#1448 = VERTEX_POINT ( 'NONE', #3593 ) ;
#1449 = EDGE_CURVE ( 'NONE', #5841, #5993, #6003, .T. ) ;
#1450 = ORIENTED_EDGE ( 'NONE', *, *, #4988, .T. ) ;
#1451 = DIRECTION ( 'NONE',  ( -0.000000000000000000, 1.000000000000000000, -0.000000000000000000 ) ) ;
#1452 = DIRECTION ( 'NONE',  ( 1.000000000000000000, 0.000000000000000000, 0.000000000000000000 ) ) ;
#1453 = VECTOR ( 'NONE', #2496, 1000.000000000000000 ) ;
#1454 = LINE ( 'NONE', #3811, #4290 ) ;
#1455 = DIRECTION ( 'NONE',  ( 0.000000000000000000, 0.000000000000000000, 1.000000000000000000 ) ) ;
#1456 = ORIENTED_EDGE ( 'NONE', *, *, #9283, .F. ) ;
#1457 = CARTESIAN_POINT ( 'NONE',  ( 58.00000000000000711, 0.000000000000000000, -17.00000000000000000 ) ) ;
#1458 = ORIENTED_EDGE ( 'NONE', *, *, #6887, .T. ) ;
#1459 = CARTESIAN_POINT ( 'NONE',  ( 135.7199999999999704, 0.000000000000000000, -50.75000000000000000 ) ) ;
#1460 = CIRCLE ( 'NONE', #8206, 1.700000000000007061 ) ;
#1461 = VERTEX_POINT ( 'NONE', #4373 ) ;
#1462 = EDGE_LOOP ( 'NONE', ( #3185, #394, #3381, #4504 ) ) ;
#1463 = CARTESIAN_POINT ( 'NONE',  ( 135.7199999999999704, 6.000000000000000000, -47.24999999999999289 ) ) ;
#1464 = DIRECTION ( 'NONE',  ( -1.000000000000000000, 0.000000000000000000, 0.000000000000000000 ) ) ;
#1465 = DIRECTION ( 'NONE',  ( 1.000000000000000000, 0.000000000000000000, -4.625929269271487689E-15 ) ) ;
#1466 = VECTOR ( 'NONE', #7387, 1000.000000000000000 ) ;
#1467 = CARTESIAN_POINT ( 'NONE',  ( 160.0000000000000000, 0.000000000000000000, -117.9999999999999716 ) ) ;
#1468 = PLANE ( 'NONE',  #3699 ) ;
#1469 = DIRECTION ( 'NONE',  ( -1.000000000000000000, -0.000000000000000000, -0.000000000000000000 ) ) ;
#1470 = EDGE_LOOP ( 'NONE', ( #5508, #3897, #8583, #4675 ) ) ;
#1471 = EDGE_CURVE ( 'NONE', #341, #256, #8988, .T. ) ;
#1472 = FACE_BOUND ( 'NONE', #3623, .T. ) ;
#1473 = ADVANCED_FACE ( 'NONE', ( #1526 ), #1079, .F. ) ;
#1474 = EDGE_CURVE ( 'NONE', #2336, #6259, #6548, .T. ) ;
#1475 = PLANE ( 'NONE',  #5028 ) ;
#1476 = ORIENTED_EDGE ( 'NONE', *, *, #8682, .F. ) ;
#1477 = DIRECTION ( 'NONE',  ( 0.000000000000000000, 0.000000000000000000, 1.000000000000000000 ) ) ;
#1478 = ORIENTED_EDGE ( 'NONE', *, *, #1099, .T. ) ;
#1479 = DIRECTION ( 'NONE',  ( 0.000000000000000000, 0.000000000000000000, 1.000000000000000000 ) ) ;
#1480 = DIRECTION ( 'NONE',  ( 0.000000000000000000, 0.000000000000000000, 1.000000000000000000 ) ) ;
#1481 = ORIENTED_EDGE ( 'NONE', *, *, #8252, .F. ) ;
#1482 = EDGE_CURVE ( 'NONE', #7912, #9375, #6594, .T. ) ;
#1483 = CARTESIAN_POINT ( 'NONE',  ( 135.7199999999999704, 4.000000000000000000, -51.99999999999999289 ) ) ;
#1484 = ORIENTED_EDGE ( 'NONE', *, *, #7966, .T. ) ;
#1485 = DIRECTION ( 'NONE',  ( 0.000000000000000000, -1.000000000000000000, 0.000000000000000000 ) ) ;
#1486 = DIRECTION ( 'NONE',  ( -1.000000000000000000, 0.000000000000000000, 0.000000000000000000 ) ) ;
#1487 = ORIENTED_EDGE ( 'NONE', *, *, #4974, .T. ) ;
#1488 = VERTEX_POINT ( 'NONE', #5857 ) ;
#1489 = ADVANCED_FACE ( 'NONE', ( #7577 ), #6160, .F. ) ;
#1490 = PLANE ( 'NONE',  #1963 ) ;
#1491 = FACE_OUTER_BOUND ( 'NONE', #155, .T. ) ;
#1492 = DIRECTION ( 'NONE',  ( 1.000000000000000000, 0.000000000000000000, -0.000000000000000000 ) ) ;
#1493 = ORIENTED_EDGE ( 'NONE', *, *, #6639, .F. ) ;
#1494 = EDGE_LOOP ( 'NONE', ( #9704, #450, #1304, #3129 ) ) ;
#1495 = ADVANCED_FACE ( 'NONE', ( #1576 ), #3109, .F. ) ;
#1496 = EDGE_CURVE ( 'NONE', #515, #246, #7199, .T. ) ;
#1497 = EDGE_LOOP ( 'NONE', ( #4781, #9364, #8538, #4941 ) ) ;
#1498 = ORIENTED_EDGE ( 'NONE', *, *, #3045, .T. ) ;
#1499 = CARTESIAN_POINT ( 'NONE',  ( 98.00000000000000000, 8.000000000000000000, -41.00000000000000000 ) ) ;
#1500 = DIRECTION ( 'NONE',  ( -0.000000000000000000, 1.000000000000000000, -0.000000000000000000 ) ) ;
#1501 = CARTESIAN_POINT ( 'NONE',  ( 76.00000000000001421, 0.000000000000000000, -17.00000000000000000 ) ) ;
#1502 = CARTESIAN_POINT ( 'NONE',  ( 23.00000000000000000, 14.00000000000003375, -103.9999999999999858 ) ) ;
#1503 = ORIENTED_EDGE ( 'NONE', *, *, #6700, .T. ) ;
#1504 = EDGE_LOOP ( 'NONE', ( #8680, #660, #6579, #9448 ) ) ;
#1505 = DIRECTION ( 'NONE',  ( -1.000000000000000000, 0.000000000000000000, 0.000000000000000000 ) ) ;
#1506 = ORIENTED_EDGE ( 'NONE', *, *, #6104, .F. ) ;
#1507 = CARTESIAN_POINT ( 'NONE',  ( 167.0000000000000000, 0.000000000000000000, -133.9999999999999716 ) ) ;
#1508 = VECTOR ( 'NONE', #2698, 1000.000000000000000 ) ;
#1509 = VERTEX_POINT ( 'NONE', #2315 ) ;
#1510 = VERTEX_POINT ( 'NONE', #1687 ) ;
#1511 = PLANE ( 'NONE',  #4268 ) ;
#1512 = LINE ( 'NONE', #4459, #2058 ) ;
#1513 = CARTESIAN_POINT ( 'NONE',  ( 128.0000000000000000, 4.000000000000000000, -133.9999999999999716 ) ) ;
#1514 = CARTESIAN_POINT ( 'NONE',  ( 188.0000000000000000, 0.000000000000000000, -117.9999999999999716 ) ) ;
#1515 = DIRECTION ( 'NONE',  ( -0.000000000000000000, 1.000000000000000000, -0.000000000000000000 ) ) ;
#1516 = LINE ( 'NONE', #643, #1350 ) ;
#1517 = VERTEX_POINT ( 'NONE', #216 ) ;
#1518 = EDGE_CURVE ( 'NONE', #6545, #676, #900, .T. ) ;
#1519 = CARTESIAN_POINT ( 'NONE',  ( 183.9999999999999716, 0.000000000000000000, -17.00000000000000000 ) ) ;
#1520 = CARTESIAN_POINT ( 'NONE',  ( 97.00000000000000000, 0.000000000000000000, -117.9999999999999716 ) ) ;
#1521 = ORIENTED_EDGE ( 'NONE', *, *, #3064, .T. ) ;
#1522 = ORIENTED_EDGE ( 'NONE', *, *, #666, .T. ) ;
#1523 = VECTOR ( 'NONE', #5886, 1000.000000000000000 ) ;
#1524 = LINE ( 'NONE', #8302, #1116 ) ;
#1525 = EDGE_CURVE ( 'NONE', #68, #8801, #4626, .T. ) ;
#1526 = FACE_OUTER_BOUND ( 'NONE', #5909, .T. ) ;
#1527 = VECTOR ( 'NONE', #9223, 1000.000000000000000 ) ;
#1528 = CARTESIAN_POINT ( 'NONE',  ( 197.9999999999999432, 4.000000000000000000, -33.00000000000000000 ) ) ;
#1529 = VERTEX_POINT ( 'NONE', #5317 ) ;
#1530 = DIRECTION ( 'NONE',  ( -0.000000000000000000, 1.000000000000000000, -0.000000000000000000 ) ) ;
#1531 = ORIENTED_EDGE ( 'NONE', *, *, #4466, .T. ) ;
#1532 = CARTESIAN_POINT ( 'NONE',  ( 214.9999999999999716, 21.00000000000000000, -106.2999999999999829 ) ) ;
#1533 = DIRECTION ( 'NONE',  ( -0.000000000000000000, 1.000000000000000000, -0.000000000000000000 ) ) ;
#1534 = ORIENTED_EDGE ( 'NONE', *, *, #1862, .T. ) ;
#1535 = ORIENTED_EDGE ( 'NONE', *, *, #8620, .F. ) ;
#1536 = ADVANCED_FACE ( 'NONE', ( #6214 ), #4572, .F. ) ;
#1537 = DIRECTION ( 'NONE',  ( -1.000000000000000000, 0.000000000000000000, 0.000000000000000000 ) ) ;
#1538 = EDGE_CURVE ( 'NONE', #2538, #8896, #8614, .T. ) ;
#1539 = CONICAL_SURFACE ( 'NONE', #2791, 1.699999999999993072, 1.029744258676652757 ) ;
#1540 = DIRECTION ( 'NONE',  ( 0.000000000000000000, 0.000000000000000000, 1.000000000000000000 ) ) ;
#1541 = CARTESIAN_POINT ( 'NONE',  ( 214.9999999999999716, 21.00000000000000000, -43.29999999999999005 ) ) ;
#1542 = VERTEX_POINT ( 'NONE', #9083 ) ;
#1543 = ORIENTED_EDGE ( 'NONE', *, *, #9170, .F. ) ;
#1544 = ORIENTED_EDGE ( 'NONE', *, *, #5971, .F. ) ;
#1545 = ORIENTED_EDGE ( 'NONE', *, *, #7672, .F. ) ;
#1546 = CARTESIAN_POINT ( 'NONE',  ( 23.00000000000000000, 29.00000000000000000, -44.00000000000000711 ) ) ;
#1547 = CARTESIAN_POINT ( 'NONE',  ( 172.2500000000000000, 18.00000000000000355, 0.001000000000001000089 ) ) ;
#1548 = ADVANCED_FACE ( 'NONE', ( #3889 ), #1732, .F. ) ;
#1549 = CARTESIAN_POINT ( 'NONE',  ( 69.00000000000000000, 4.000000000000000000, -133.9999999999999716 ) ) ;
#1550 = ORIENTED_EDGE ( 'NONE', *, *, #7816, .T. ) ;
#1551 = ORIENTED_EDGE ( 'NONE', *, *, #6196, .F. ) ;
#1552 = DIRECTION ( 'NONE',  ( -1.000000000000000000, 0.000000000000000000, -0.000000000000000000 ) ) ;
#1553 = ORIENTED_EDGE ( 'NONE', *, *, #9449, .F. ) ;
#1554 = EDGE_CURVE ( 'NONE', #4930, #9400, #2426, .T. ) ;
#1555 = CARTESIAN_POINT ( 'NONE',  ( 225.7699999999999818, 0.000000000000000000, -7.000000000000000000 ) ) ;
#1556 = ORIENTED_EDGE ( 'NONE', *, *, #6904, .F. ) ;
#1557 = ORIENTED_EDGE ( 'NONE', *, *, #3970, .F. ) ;
#1558 = DIRECTION ( 'NONE',  ( -0.000000000000000000, 0.000000000000000000, 1.000000000000000000 ) ) ;
#1559 = PLANE ( 'NONE',  #8647 ) ;
#1560 = LINE ( 'NONE', #9178, #8383 ) ;
#1561 = DIRECTION ( 'NONE',  ( -0.000000000000000000, 1.000000000000000000, -0.000000000000000000 ) ) ;
#1562 = DIRECTION ( 'NONE',  ( 1.000000000000000000, 0.000000000000000000, -4.625929269271487689E-15 ) ) ;
#1563 = CARTESIAN_POINT ( 'NONE',  ( 125.0000000000000000, -0.001000000000000132727, -133.9999999999999716 ) ) ;
#1564 = DIRECTION ( 'NONE',  ( -1.000000000000000000, -0.000000000000000000, -0.000000000000000000 ) ) ;
#1565 = EDGE_LOOP ( 'NONE', ( #3858, #5292, #8981 ) ) ;
#1566 = CARTESIAN_POINT ( 'NONE',  ( 37.00000000000000000, 4.000000000000000000, -133.9999999999999716 ) ) ;
#1567 = VECTOR ( 'NONE', #5538, 1000.000000000000000 ) ;
#1568 = FACE_OUTER_BOUND ( 'NONE', #8035, .T. ) ;
#1569 = ORIENTED_EDGE ( 'NONE', *, *, #7302, .F. ) ;
#1570 = ORIENTED_EDGE ( 'NONE', *, *, #7185, .T. ) ;
#1571 = VECTOR ( 'NONE', #2631, 1000.000000000000000 ) ;
#1572 = AXIS2_PLACEMENT_3D ( 'NONE', #6167, #9147, #2432 ) ;
#1573 = DIRECTION ( 'NONE',  ( -0.000000000000000000, 1.000000000000000000, -0.000000000000000000 ) ) ;
#1574 = ADVANCED_FACE ( 'NONE', ( #998 ), #3990, .F. ) ;
#1575 = VERTEX_POINT ( 'NONE', #4676 ) ;
#1576 = FACE_OUTER_BOUND ( 'NONE', #8359, .T. ) ;
#1577 = CARTESIAN_POINT ( 'NONE',  ( 160.9999999999999716, 0.000000000000000000, -44.00000000000000000 ) ) ;
#1578 = ORIENTED_EDGE ( 'NONE', *, *, #2319, .F. ) ;
#1579 = ORIENTED_EDGE ( 'NONE', *, *, #6436, .T. ) ;
#1580 = DIRECTION ( 'NONE',  ( -1.000000000000000000, -0.000000000000000000, -0.000000000000000000 ) ) ;
#1581 = VECTOR ( 'NONE', #736, 1000.000000000000000 ) ;
#1582 = AXIS2_PLACEMENT_3D ( 'NONE', #8701, #2714, #372 ) ;
#1583 = FACE_OUTER_BOUND ( 'NONE', #4218, .T. ) ;
#1584 = VERTEX_POINT ( 'NONE', #6842 ) ;
#1585 = VERTEX_POINT ( 'NONE', #6995 ) ;
#1586 = EDGE_LOOP ( 'NONE', ( #2225, #9007, #6438, #8212 ) ) ;
#1587 = VECTOR ( 'NONE', #2431, 1000.000000000000000 ) ;
#1588 = CONICAL_SURFACE ( 'NONE', #4894, 1.699999999999993072, 1.029744258676652757 ) ;
#1589 = CARTESIAN_POINT ( 'NONE',  ( 102.0000000000000142, 8.000000000000001776, -35.00000000000000000 ) ) ;
#1590 = CARTESIAN_POINT ( 'NONE',  ( 78.00000000000000000, 11.00000000000000000, -41.00000000000000711 ) ) ;
#1591 = CIRCLE ( 'NONE', #5535, 3.000000000000002665 ) ;
#1592 = DIRECTION ( 'NONE',  ( 1.000000000000000000, 0.000000000000000000, 0.000000000000000000 ) ) ;
#1593 = ADVANCED_FACE ( 'NONE', ( #5371 ), #4787, .F. ) ;
#1594 = FACE_OUTER_BOUND ( 'NONE', #1497, .T. ) ;
#1595 = DIRECTION ( 'NONE',  ( 2.312964634635743844E-15, 0.000000000000000000, -1.000000000000000000 ) ) ;
#1596 = ORIENTED_EDGE ( 'NONE', *, *, #8463, .T. ) ;
#1597 = ORIENTED_EDGE ( 'NONE', *, *, #5142, .F. ) ;
#1598 = EDGE_CURVE ( 'NONE', #4992, #7481, #8514, .T. ) ;
#1599 = VECTOR ( 'NONE', #8238, 1000.000000000000000 ) ;
#1600 = VECTOR ( 'NONE', #801, 1000.000000000000000 ) ;
#1601 = VECTOR ( 'NONE', #4688, 1000.000000000000000 ) ;
#1602 = EDGE_CURVE ( 'NONE', #1814, #4475, #7832, .T. ) ;
#1603 = EDGE_CURVE ( 'NONE', #6545, #1242, #7680, .T. ) ;
#1604 = VERTEX_POINT ( 'NONE', #946 ) ;
#1605 = ORIENTED_EDGE ( 'NONE', *, *, #462, .F. ) ;
#1606 = AXIS2_PLACEMENT_3D ( 'NONE', #7190, #4886, #4795 ) ;
#1607 = AXIS2_PLACEMENT_3D ( 'NONE', #7989, #4208, #5697 ) ;
#1608 = CARTESIAN_POINT ( 'NONE',  ( 134.9999999999999716, 4.000000000000000000, -133.9999999999999716 ) ) ;
#1609 = DIRECTION ( 'NONE',  ( 4.625929269271487689E-15, 0.000000000000000000, 1.000000000000000000 ) ) ;
#1610 = CARTESIAN_POINT ( 'NONE',  ( 100.0000000000000000, 4.000000000000000000, -117.9999999999999858 ) ) ;
#1611 = VERTEX_POINT ( 'NONE', #8362 ) ;
#1612 = ORIENTED_EDGE ( 'NONE', *, *, #1598, .F. ) ;
#1613 = CARTESIAN_POINT ( 'NONE',  ( 210.9999999999999716, 12.75735931288074454, -105.2426406871192626 ) ) ;
#1614 = ORIENTED_EDGE ( 'NONE', *, *, #3421, .F. ) ;
#1615 = LINE ( 'NONE', #6193, #1300 ) ;
#1616 = VECTOR ( 'NONE', #415, 1000.000000000000000 ) ;
#1617 = ORIENTED_EDGE ( 'NONE', *, *, #6577, .T. ) ;
#1618 = AXIS2_PLACEMENT_3D ( 'NONE', #7504, #775, #3039 ) ;
#1619 = ORIENTED_EDGE ( 'NONE', *, *, #7778, .T. ) ;
#1620 = DIRECTION ( 'NONE',  ( 1.000000000000000000, 0.000000000000000000, 0.000000000000000000 ) ) ;
#1621 = EDGE_CURVE ( 'NONE', #5953, #5557, #5710, .T. ) ;
#1622 = LINE ( 'NONE', #2411, #7235 ) ;
#1623 = CARTESIAN_POINT ( 'NONE',  ( 142.0000000000000000, 0.000000000000000000, -117.9999999999999858 ) ) ;
#1624 = CARTESIAN_POINT ( 'NONE',  ( 37.00000000000000000, -0.001000000000000132727, -117.9999999999999858 ) ) ;
#1625 = PLANE ( 'NONE',  #7228 ) ;
#1626 = CARTESIAN_POINT ( 'NONE',  ( 55.00000000000000711, 4.000000000000000000, -33.00000000000000711 ) ) ;
#1627 = CARTESIAN_POINT ( 'NONE',  ( 135.7199999999999704, 4.000000000000000000, -48.99999999999999289 ) ) ;
#1628 = ORIENTED_EDGE ( 'NONE', *, *, #1692, .F. ) ;
#1629 = CARTESIAN_POINT ( 'NONE',  ( 165.7499999999999716, 18.00000000000000355, 0.001000000000001000089 ) ) ;
#1630 = ORIENTED_EDGE ( 'NONE', *, *, #7482, .F. ) ;
#1631 = AXIS2_PLACEMENT_3D ( 'NONE', #2002, #5782, #9700 ) ;
#1632 = VERTEX_POINT ( 'NONE', #6444 ) ;
#1633 = EDGE_CURVE ( 'NONE', #4573, #2811, #9474, .T. ) ;
#1634 = EDGE_CURVE ( 'NONE', #18, #9013, #5011, .T. ) ;
#1635 = DIRECTION ( 'NONE',  ( 1.000000000000000000, 0.000000000000000000, -4.625929269271486900E-15 ) ) ;
#1636 = ORIENTED_EDGE ( 'NONE', *, *, #9623, .T. ) ;
#1637 = CARTESIAN_POINT ( 'NONE',  ( 62.00000000000000711, -0.001000000000000132727, -17.00000000000000000 ) ) ;
#1638 = EDGE_LOOP ( 'NONE', ( #5664, #4568, #6190, #3974 ) ) ;
#1639 = DIRECTION ( 'NONE',  ( 0.000000000000000000, -1.000000000000000000, 0.000000000000000000 ) ) ;
#1640 = EDGE_LOOP ( 'NONE', ( #9470, #2500, #1223, #2526 ) ) ;
#1641 = VECTOR ( 'NONE', #6370, 1000.000000000000000 ) ;
#1642 = LINE ( 'NONE', #3942, #8171 ) ;
#1643 = VECTOR ( 'NONE', #8447, 1000.000000000000000 ) ;
#1644 = CARTESIAN_POINT ( 'NONE',  ( 225.7699999999999818, 0.000000000000000000, -138.2499999999999716 ) ) ;
#1645 = ORIENTED_EDGE ( 'NONE', *, *, #9662, .T. ) ;
#1646 = CIRCLE ( 'NONE', #2888, 2.000000000000001776 ) ;
#1647 = EDGE_LOOP ( 'NONE', ( #1016, #7288, #1107, #8122 ) ) ;
#1648 = CARTESIAN_POINT ( 'NONE',  ( 57.99999999999999289, 4.000000000000000000, -33.00000000000000000 ) ) ;
#1649 = CARTESIAN_POINT ( 'NONE',  ( 198.0000000000000000, 4.000000000000000000, -133.9999999999999716 ) ) ;
#1650 = CARTESIAN_POINT ( 'NONE',  ( 215.9999999999999716, 0.000000000000000000, -108.9999999999999858 ) ) ;
#1651 = LINE ( 'NONE', #7789, #1567 ) ;
#1652 = CARTESIAN_POINT ( 'NONE',  ( 190.9999999999999432, -0.001000000000000132727, -33.00000000000000000 ) ) ;
#1653 = ORIENTED_EDGE ( 'NONE', *, *, #3835, .F. ) ;
#1654 = ORIENTED_EDGE ( 'NONE', *, *, #2928, .F. ) ;
#1655 = EDGE_CURVE ( 'NONE', #2134, #7761, #7039, .T. ) ;
#1656 = EDGE_LOOP ( 'NONE', ( #2042, #963, #3694, #1296 ) ) ;
#1657 = ORIENTED_EDGE ( 'NONE', *, *, #1324, .F. ) ;
#1658 = CARTESIAN_POINT ( 'NONE',  ( 213.9999999999999716, 29.00000000000000000, -106.9999999999999858 ) ) ;
#1659 = CARTESIAN_POINT ( 'NONE',  ( 44.00000000000000000, -0.001000000000000132727, -133.9999999999999716 ) ) ;
#1660 = EDGE_CURVE ( 'NONE', #2713, #1878, #8653, .T. ) ;
#1661 = DIRECTION ( 'NONE',  ( -1.000000000000000000, 0.000000000000000000, 2.168404344971008128E-16 ) ) ;
#1662 = ADVANCED_FACE ( 'NONE', ( #1043 ), #4834, .F. ) ;
#1663 = ORIENTED_EDGE ( 'NONE', *, *, #8073, .T. ) ;
#1664 = EDGE_LOOP ( 'NONE', ( #8929, #7621, #5878, #4761 ) ) ;
#1665 = FACE_OUTER_BOUND ( 'NONE', #4592, .T. ) ;
#1666 = ORIENTED_EDGE ( 'NONE', *, *, #291, .F. ) ;
#1667 = DIRECTION ( 'NONE',  ( -1.000000000000000000, 0.000000000000000000, -2.312964634635743844E-15 ) ) ;
#1668 = EDGE_LOOP ( 'NONE', ( #2534, #8057, #636, #1870 ) ) ;
#1669 = ORIENTED_EDGE ( 'NONE', *, *, #8444, .F. ) ;
#1670 = CARTESIAN_POINT ( 'NONE',  ( 69.00000000000000000, 0.000000000000000000, -117.9999999999999716 ) ) ;
#1671 = ADVANCED_FACE ( 'NONE', ( #4034 ), #4083, .F. ) ;
#1672 = AXIS2_PLACEMENT_3D ( 'NONE', #8146, #5846, #5991 ) ;
#1673 = DIRECTION ( 'NONE',  ( -0.000000000000000000, 1.000000000000000000, -0.000000000000000000 ) ) ;
#1674 = CARTESIAN_POINT ( 'NONE',  ( 173.9999999999999716, 4.000000000000000000, -17.00000000000000000 ) ) ;
#1675 = DIRECTION ( 'NONE',  ( 0.000000000000000000, 0.000000000000000000, 1.000000000000000000 ) ) ;
#1676 = DIRECTION ( 'NONE',  ( 0.000000000000000000, 0.000000000000000000, 1.000000000000000000 ) ) ;
#1677 = ADVANCED_FACE ( 'NONE', ( #1973 ), #7140, .F. ) ;
#1678 = LINE ( 'NONE', #7668, #8418 ) ;
#1679 = FACE_OUTER_BOUND ( 'NONE', #272, .T. ) ;
#1680 = EDGE_LOOP ( 'NONE', ( #2790, #6696, #6599, #7225 ) ) ;
#1681 = DIRECTION ( 'NONE',  ( -0.000000000000000000, 1.000000000000000000, -0.000000000000000000 ) ) ;
#1682 = EDGE_CURVE ( 'NONE', #5124, #5727, #312, .T. ) ;
#1683 = VECTOR ( 'NONE', #4742, 1000.000000000000000 ) ;
#1684 = ORIENTED_EDGE ( 'NONE', *, *, #1105, .F. ) ;
#1685 = VERTEX_POINT ( 'NONE', #9426 ) ;
#1686 = CYLINDRICAL_SURFACE ( 'NONE', #5678, 1.699999999999993072 ) ;
#1687 = CARTESIAN_POINT ( 'NONE',  ( 153.0000000000000000, 4.000000000000000000, -133.9999999999999716 ) ) ;
#1688 = ORIENTED_EDGE ( 'NONE', *, *, #6110, .T. ) ;
#1689 = PLANE ( 'NONE',  #3651 ) ;
#1690 = EDGE_LOOP ( 'NONE', ( #1522, #1077, #2977, #851 ) ) ;
#1691 = CARTESIAN_POINT ( 'NONE',  ( 18.00000000000000355, 2.000000000000000000, -136.9999999999999716 ) ) ;
#1692 = EDGE_CURVE ( 'NONE', #9215, #5319, #6497, .T. ) ;
#1693 = FACE_OUTER_BOUND ( 'NONE', #5342, .T. ) ;
#1694 = VECTOR ( 'NONE', #729, 1000.000000000000000 ) ;
#1695 = ORIENTED_EDGE ( 'NONE', *, *, #2674, .F. ) ;
#1696 = EDGE_LOOP ( 'NONE', ( #8311, #3551, #45, #899 ) ) ;
#1697 = FACE_OUTER_BOUND ( 'NONE', #5860, .T. ) ;
#1698 = CARTESIAN_POINT ( 'NONE',  ( 28.00000000000000355, 10.99999999999999289, -45.99999999999997868 ) ) ;
#1699 = CARTESIAN_POINT ( 'NONE',  ( 69.00000000000000000, 4.000000000000000000, -133.9999999999999716 ) ) ;
#1700 = CARTESIAN_POINT ( 'NONE',  ( 34.00000000000000000, 4.000000000000000000, -117.9999999999999716 ) ) ;
#1701 = FACE_BOUND ( 'NONE', #1299, .T. ) ;
#1702 = ORIENTED_EDGE ( 'NONE', *, *, #4315, .F. ) ;
#1703 = ORIENTED_EDGE ( 'NONE', *, *, #4874, .F. ) ;
#1704 = ORIENTED_EDGE ( 'NONE', *, *, #2641, .T. ) ;
#1705 = LINE ( 'NONE', #2396, #9579 ) ;
#1706 = DIRECTION ( 'NONE',  ( 0.000000000000000000, 1.000000000000000000, 0.000000000000000000 ) ) ;
#1707 = EDGE_CURVE ( 'NONE', #1510, #4840, #7086, .T. ) ;
#1708 = ORIENTED_EDGE ( 'NONE', *, *, #9568, .T. ) ;
#1709 = EDGE_LOOP ( 'NONE', ( #9658, #7252, #1303, #1978 ) ) ;
#1710 = CARTESIAN_POINT ( 'NONE',  ( 100.0000000000000000, -0.001000000000000132727, -117.9999999999999858 ) ) ;
#1711 = FACE_OUTER_BOUND ( 'NONE', #2970, .T. ) ;
#1712 = EDGE_CURVE ( 'NONE', #7675, #8373, #7959, .T. ) ;
#1713 = AXIS2_PLACEMENT_3D ( 'NONE', #9035, #4727, #6948 ) ;
#1714 = ORIENTED_EDGE ( 'NONE', *, *, #6747, .T. ) ;
#1715 = ORIENTED_EDGE ( 'NONE', *, *, #6824, .F. ) ;
#1716 = CARTESIAN_POINT ( 'NONE',  ( 77.71999999999998465, 6.000000000000000000, -52.00000000000000000 ) ) ;
#1717 = DIRECTION ( 'NONE',  ( -1.000000000000000000, 0.000000000000000000, -0.000000000000000000 ) ) ;
#1718 = CARTESIAN_POINT ( 'NONE',  ( 215.9999999999999716, 29.00000000000000000, -111.9999999999999858 ) ) ;
#1719 = CYLINDRICAL_SURFACE ( 'NONE', #6159, 2.000000000000001776 ) ;
#1720 = CARTESIAN_POINT ( 'NONE',  ( 177.0000000000000000, 0.000000000000000000, -117.9999999999999858 ) ) ;
#1721 = CARTESIAN_POINT ( 'NONE',  ( 218.9999999999999716, 4.000000000000000000, -44.00000000000000711 ) ) ;
#1722 = DIRECTION ( 'NONE',  ( -0.000000000000000000, 1.000000000000000000, -0.000000000000000000 ) ) ;
#1723 = ORIENTED_EDGE ( 'NONE', *, *, #8417, .F. ) ;
#1724 = DIRECTION ( 'NONE',  ( 0.000000000000000000, 1.000000000000000000, 0.000000000000000000 ) ) ;
#1725 = EDGE_CURVE ( 'NONE', #5369, #4873, #5751, .T. ) ;
#1726 = EDGE_CURVE ( 'NONE', #1488, #6790, #7182, .T. ) ;
#1727 = EDGE_CURVE ( 'NONE', #5914, #5789, #2798, .T. ) ;
#1728 = ORIENTED_EDGE ( 'NONE', *, *, #9210, .T. ) ;
#1729 = EDGE_LOOP ( 'NONE', ( #7580, #7456, #6366, #6210 ) ) ;
#1730 = CARTESIAN_POINT ( 'NONE',  ( 23.00000000000000000, 29.00000000000000000, -41.00000000000000000 ) ) ;
#1731 = VERTEX_POINT ( 'NONE', #5621 ) ;
#1732 = PLANE ( 'NONE',  #8286 ) ;
#1733 = LINE ( 'NONE', #3891, #5390 ) ;
#1734 = ORIENTED_EDGE ( 'NONE', *, *, #3102, .F. ) ;
#1735 = VECTOR ( 'NONE', #3479, 1000.000000000000000 ) ;
#1736 = DIRECTION ( 'NONE',  ( -0.000000000000000000, -0.000000000000000000, -1.000000000000000000 ) ) ;
#1737 = DIRECTION ( 'NONE',  ( 0.000000000000000000, 0.000000000000000000, 1.000000000000000000 ) ) ;
#1738 = AXIS2_PLACEMENT_3D ( 'NONE', #743, #8203, #1375 ) ;
#1739 = ORIENTED_EDGE ( 'NONE', *, *, #6010, .T. ) ;
#1740 = DIRECTION ( 'NONE',  ( 1.000000000000000000, 0.000000000000000000, -2.168404344971008868E-16 ) ) ;
#1741 = CARTESIAN_POINT ( 'NONE',  ( 135.7199999999999704, 6.000000000000000000, -97.99999999999998579 ) ) ;
#1742 = EDGE_CURVE ( 'NONE', #6705, #3358, #8607, .T. ) ;
#1743 = CARTESIAN_POINT ( 'NONE',  ( 72.00000000000001421, 4.000000000000000000, -133.9999999999999716 ) ) ;
#1744 = CARTESIAN_POINT ( 'NONE',  ( 140.9999999999999716, 4.000000000000000000, -41.00000000000000000 ) ) ;
#1745 = AXIS2_PLACEMENT_3D ( 'NONE', #550, #8054, #9619 ) ;
#1746 = VECTOR ( 'NONE', #8015, 1000.000000000000000 ) ;
#1747 = CARTESIAN_POINT ( 'NONE',  ( 162.9999999999999432, 0.000000000000000000, -33.00000000000000000 ) ) ;
#1748 = VERTEX_POINT ( 'NONE', #454 ) ;
#1749 = VERTEX_POINT ( 'NONE', #1136 ) ;
#1750 = CIRCLE ( 'NONE', #7233, 1.699999999999979305 ) ;
#1751 = EDGE_CURVE ( 'NONE', #9003, #5557, #4139, .T. ) ;
#1752 = CIRCLE ( 'NONE', #4251, 1.699999999999979305 ) ;
#1753 = VERTEX_POINT ( 'NONE', #9380 ) ;
#1754 = ORIENTED_EDGE ( 'NONE', *, *, #579, .F. ) ;
#1755 = FACE_OUTER_BOUND ( 'NONE', #3520, .T. ) ;
#1756 = DIRECTION ( 'NONE',  ( 1.000000000000000000, 0.000000000000000000, -0.000000000000000000 ) ) ;
#1757 = VECTOR ( 'NONE', #2976, 1000.000000000000000 ) ;
#1758 = AXIS2_PLACEMENT_3D ( 'NONE', #4570, #7576, #6841 ) ;
#1759 = ORIENTED_EDGE ( 'NONE', *, *, #7778, .F. ) ;
#1760 = ORIENTED_EDGE ( 'NONE', *, *, #1602, .F. ) ;
#1761 = CARTESIAN_POINT ( 'NONE',  ( 34.00000000000000000, 0.000000000000000000, -117.9999999999999716 ) ) ;
#1762 = CONICAL_SURFACE ( 'NONE', #7244, 1.700000000000007061, 1.029744258676656310 ) ;
#1763 = CYLINDRICAL_SURFACE ( 'NONE', #5830, 1.699999999999993072 ) ;
#1764 = CIRCLE ( 'NONE', #198, 1.750000000000001554 ) ;
#1765 = ORIENTED_EDGE ( 'NONE', *, *, #8519, .T. ) ;
#1766 = ORIENTED_EDGE ( 'NONE', *, *, #4559, .F. ) ;
#1767 = DIRECTION ( 'NONE',  ( -0.000000000000000000, 0.000000000000000000, -1.000000000000000000 ) ) ;
#1768 = DIRECTION ( 'NONE',  ( -2.168404344971008868E-16, 0.000000000000000000, -1.000000000000000000 ) ) ;
#1769 = FACE_OUTER_BOUND ( 'NONE', #7049, .T. ) ;
#1770 = FACE_OUTER_BOUND ( 'NONE', #2337, .T. ) ;
#1771 = CARTESIAN_POINT ( 'NONE',  ( 30.00000000000000000, -0.001000000000000132727, -33.00000000000000000 ) ) ;
#1772 = CARTESIAN_POINT ( 'NONE',  ( 236.9999999999999716, 2.000000000000000000, 0.000000000000000000 ) ) ;
#1773 = DIRECTION ( 'NONE',  ( 0.000000000000000000, -1.000000000000000000, 0.000000000000000000 ) ) ;
#1774 = EDGE_LOOP ( 'NONE', ( #2563, #8279, #6236, #866 ) ) ;
#1775 = VECTOR ( 'NONE', #3267, 1000.000000000000000 ) ;
#1776 = AXIS2_PLACEMENT_3D ( 'NONE', #7855, #2695, #8685 ) ;
#1777 = CARTESIAN_POINT ( 'NONE',  ( 0.000000000000000000, 2.000000000000000000, -147.0000000000000000 ) ) ;
#1778 = AXIS2_PLACEMENT_3D ( 'NONE', #2368, #5374, #7631 ) ;
#1779 = ORIENTED_EDGE ( 'NONE', *, *, #4692, .T. ) ;
#1780 = ORIENTED_EDGE ( 'NONE', *, *, #5733, .T. ) ;
#1781 = ORIENTED_EDGE ( 'NONE', *, *, #4369, .T. ) ;
#1782 = CARTESIAN_POINT ( 'NONE',  ( 177.0000000000000000, 4.000000000000000000, -133.9999999999999716 ) ) ;
#1783 = LINE ( 'NONE', #4784, #8611 ) ;
#1784 = EDGE_LOOP ( 'NONE', ( #7724, #4079, #2952, #4972 ) ) ;
#1785 = DIRECTION ( 'NONE',  ( -1.000000000000000000, 0.000000000000000000, 2.168404344971008128E-16 ) ) ;
#1786 = AXIS2_PLACEMENT_3D ( 'NONE', #9584, #7062, #6510 ) ;
#1787 = LINE ( 'NONE', #5577, #4594 ) ;
#1788 = ORIENTED_EDGE ( 'NONE', *, *, #1995, .F. ) ;
#1789 = ADVANCED_FACE ( 'NONE', ( #3444 ), #2795, .T. ) ;
#1790 = ADVANCED_FACE ( 'NONE', ( #9713 ), #3629, .T. ) ;
#1791 = CARTESIAN_POINT ( 'NONE',  ( 111.0000000000000000, 4.000000000000000000, -133.9999999999999716 ) ) ;
#1792 = CARTESIAN_POINT ( 'NONE',  ( 197.9999999999999432, 0.000000000000000000, -33.00000000000000000 ) ) ;
#1793 = VECTOR ( 'NONE', #9360, 1000.000000000000000 ) ;
#1794 = ORIENTED_EDGE ( 'NONE', *, *, #7595, .F. ) ;
#1795 = DIRECTION ( 'NONE',  ( -0.000000000000000000, 0.000000000000000000, 1.000000000000000000 ) ) ;
#1796 = ADVANCED_FACE ( 'NONE', ( #642 ), #6731, .F. ) ;
#1797 = LINE ( 'NONE', #8376, #5347 ) ;
#1798 = AXIS2_PLACEMENT_3D ( 'NONE', #2532, #8576, #7744 ) ;
#1799 = FACE_BOUND ( 'NONE', #8384, .T. ) ;
#1800 = CARTESIAN_POINT ( 'NONE',  ( 23.00000000000000000, 4.000000000000000000, -44.00000000000000711 ) ) ;
#1801 = EDGE_LOOP ( 'NONE', ( #7854, #4519, #8458, #7102 ) ) ;
#1802 = VERTEX_POINT ( 'NONE', #3583 ) ;
#1803 = EDGE_CURVE ( 'NONE', #9117, #261, #1980, .T. ) ;
#1804 = ORIENTED_EDGE ( 'NONE', *, *, #1356, .F. ) ;
#1805 = EDGE_LOOP ( 'NONE', ( #4203, #438, #9168, #8323 ) ) ;
#1806 = CARTESIAN_POINT ( 'NONE',  ( 48.00000000000000000, 4.000000000000000000, -33.00000000000000711 ) ) ;
#1807 = CARTESIAN_POINT ( 'NONE',  ( 183.9999999999999716, -0.001000000000000132727, -17.00000000000000000 ) ) ;
#1808 = EDGE_LOOP ( 'NONE', ( #3470, #1544, #1825, #9651, #1619, #816, #5999, #1723, #4982, #8191, #8561, #9084, #3813, #3868, #5158, #2210, #2325, #6758 ) ) ;
#1809 = EDGE_CURVE ( 'NONE', #503, #6179, #6539, .T. ) ;
#1810 = ORIENTED_EDGE ( 'NONE', *, *, #723, .T. ) ;
#1811 = DIRECTION ( 'NONE',  ( -1.000000000000000000, -0.000000000000000000, -0.000000000000000000 ) ) ;
#1812 = LINE ( 'NONE', #1854, #7099 ) ;
#1813 = ADVANCED_FACE ( 'NONE', ( #4415 ), #5162, .F. ) ;
#1814 = VERTEX_POINT ( 'NONE', #8783 ) ;
#1815 = ORIENTED_EDGE ( 'NONE', *, *, #2737, .T. ) ;
#1816 = LINE ( 'NONE', #6928, #5542 ) ;
#1817 = DIRECTION ( 'NONE',  ( -0.000000000000000000, 1.000000000000000000, -0.000000000000000000 ) ) ;
#1818 = LINE ( 'NONE', #2605, #4151 ) ;
#1819 = DIRECTION ( 'NONE',  ( 1.000000000000000000, 0.000000000000000000, -4.625929269271486900E-15 ) ) ;
#1820 = PLANE ( 'NONE',  #8487 ) ;
#1821 = DIRECTION ( 'NONE',  ( 1.000000000000000000, 0.000000000000000000, -4.625929269271487689E-15 ) ) ;
#1822 = CARTESIAN_POINT ( 'NONE',  ( 139.0000000000000000, 0.000000000000000000, -117.9999999999999716 ) ) ;
#1823 = ORIENTED_EDGE ( 'NONE', *, *, #5799, .F. ) ;
#1824 = DIRECTION ( 'NONE',  ( -1.000000000000000000, 0.000000000000000000, 0.000000000000000000 ) ) ;
#1825 = ORIENTED_EDGE ( 'NONE', *, *, #7962, .F. ) ;
#1826 = ORIENTED_EDGE ( 'NONE', *, *, #6463, .F. ) ;
#1827 = CARTESIAN_POINT ( 'NONE',  ( 93.00000000000000000, 4.000000000000000000, -147.0010000000000048 ) ) ;
#1828 = PLANE ( 'NONE',  #142 ) ;
#1829 = ORIENTED_EDGE ( 'NONE', *, *, #5464, .F. ) ;
#1830 = DIRECTION ( 'NONE',  ( 1.000000000000000000, 0.000000000000000000, -4.625929269271487689E-15 ) ) ;
#1831 = ADVANCED_FACE ( 'NONE', ( #3680 ), #9671, .F. ) ;
#1832 = LINE ( 'NONE', #1000, #3028 ) ;
#1833 = ORIENTED_EDGE ( 'NONE', *, *, #9537, .F. ) ;
#1834 = DIRECTION ( 'NONE',  ( 0.000000000000000000, 0.000000000000000000, 1.000000000000000000 ) ) ;
#1835 = CARTESIAN_POINT ( 'NONE',  ( 214.9999999999999716, 29.00000000000000000, -43.30000000000000426 ) ) ;
#1836 = VECTOR ( 'NONE', #9024, 1000.000000000000000 ) ;
#1837 = ORIENTED_EDGE ( 'NONE', *, *, #7760, .F. ) ;
#1838 = EDGE_CURVE ( 'NONE', #1005, #6870, #9518, .T. ) ;
#1839 = DIRECTION ( 'NONE',  ( 0.000000000000000000, 0.5150380749100526012, 0.8571673007021132218 ) ) ;
#1840 = DIRECTION ( 'NONE',  ( -1.000000000000000000, 0.000000000000000000, 0.000000000000000000 ) ) ;
#1841 = ORIENTED_EDGE ( 'NONE', *, *, #6203, .T. ) ;
#1842 = CARTESIAN_POINT ( 'NONE',  ( 18.00000000000000355, 2.000000000000000000, -136.9999999999999716 ) ) ;
#1843 = CARTESIAN_POINT ( 'NONE',  ( 34.00000000000000000, 4.000000000000000000, -133.9999999999999716 ) ) ;
#1844 = ORIENTED_EDGE ( 'NONE', *, *, #9221, .T. ) ;
#1845 = EDGE_CURVE ( 'NONE', #3210, #7122, #7161, .T. ) ;
#1846 = EDGE_CURVE ( 'NONE', #5332, #2885, #5940, .T. ) ;
#1847 = EDGE_LOOP ( 'NONE', ( #7544, #3133, #9103, #215 ) ) ;
#1848 = VECTOR ( 'NONE', #2933, 1000.000000000000000 ) ;
#1849 = CARTESIAN_POINT ( 'NONE',  ( 180.9999999999999716, 4.000000000000000000, -33.00000000000000000 ) ) ;
#1850 = DIRECTION ( 'NONE',  ( -1.000000000000000000, -0.000000000000000000, -0.000000000000000000 ) ) ;
#1851 = CARTESIAN_POINT ( 'NONE',  ( 97.00000000000000000, -0.001000000000000132727, -117.9999999999999716 ) ) ;
#1852 = ORIENTED_EDGE ( 'NONE', *, *, #3906, .F. ) ;
#1853 = CARTESIAN_POINT ( 'NONE',  ( 23.00000000000000000, 4.000000000000000000, -44.00000000000000711 ) ) ;
#1854 = CARTESIAN_POINT ( 'NONE',  ( 187.9999999999999432, 0.000000000000000000, -33.00000000000000000 ) ) ;
#1855 = ORIENTED_EDGE ( 'NONE', *, *, #7809, .T. ) ;
#1856 = ORIENTED_EDGE ( 'NONE', *, *, #428, .F. ) ;
#1857 = CARTESIAN_POINT ( 'NONE',  ( 121.0000000000000000, -0.001000000000000132727, -133.9999999999999716 ) ) ;
#1858 = DIRECTION ( 'NONE',  ( -0.000000000000000000, 1.000000000000000000, -0.000000000000000000 ) ) ;
#1859 = FACE_BOUND ( 'NONE', #8862, .T. ) ;
#1860 = AXIS2_PLACEMENT_3D ( 'NONE', #1179, #4180, #7775 ) ;
#1861 = DIRECTION ( 'NONE',  ( -0.000000000000000000, 1.000000000000000000, -0.000000000000000000 ) ) ;
#1862 = EDGE_CURVE ( 'NONE', #3326, #6059, #2204, .T. ) ;
#1863 = DIRECTION ( 'NONE',  ( -0.000000000000000000, 1.000000000000000000, -0.000000000000000000 ) ) ;
#1864 = DIRECTION ( 'NONE',  ( 4.625929269271487689E-15, 0.000000000000000000, 1.000000000000000000 ) ) ;
#1865 = AXIS2_PLACEMENT_3D ( 'NONE', #9699, #2237, #3189 ) ;
#1866 = DIRECTION ( 'NONE',  ( -0.000000000000000000, 1.000000000000000000, -0.000000000000000000 ) ) ;
#1867 = ORIENTED_EDGE ( 'NONE', *, *, #5685, .T. ) ;
#1868 = DIRECTION ( 'NONE',  ( -1.000000000000000000, 0.000000000000000000, -0.000000000000000000 ) ) ;
#1869 = VECTOR ( 'NONE', #6402, 1000.000000000000000 ) ;
#1870 = ORIENTED_EDGE ( 'NONE', *, *, #5261, .F. ) ;
#1871 = VERTEX_POINT ( 'NONE', #9562 ) ;
#1872 = ORIENTED_EDGE ( 'NONE', *, *, #3636, .T. ) ;
#1873 = CARTESIAN_POINT ( 'NONE',  ( 18.00000000000000355, 4.000000000000000000, -136.9999999999999716 ) ) ;
#1874 = CYLINDRICAL_SURFACE ( 'NONE', #1860, 1.749999999999987566 ) ;
#1875 = ORIENTED_EDGE ( 'NONE', *, *, #3578, .F. ) ;
#1876 = DIRECTION ( 'NONE',  ( 0.000000000000000000, 0.000000000000000000, 1.000000000000000000 ) ) ;
#1877 = DIRECTION ( 'NONE',  ( 1.000000000000000000, 0.000000000000000000, -4.625929269271486900E-15 ) ) ;
#1878 = VERTEX_POINT ( 'NONE', #7363 ) ;
#1879 = FACE_BOUND ( 'NONE', #2421, .T. ) ;
#1880 = FACE_OUTER_BOUND ( 'NONE', #2021, .T. ) ;
#1881 = ADVANCED_FACE ( 'NONE', ( #8196 ), #1468, .F. ) ;
#1882 = ORIENTED_EDGE ( 'NONE', *, *, #803, .T. ) ;
#1883 = CARTESIAN_POINT ( 'NONE',  ( 65.00000000000000000, 0.000000000000000000, -117.9999999999999858 ) ) ;
#1884 = ORIENTED_EDGE ( 'NONE', *, *, #3012, .T. ) ;
#1885 = DIRECTION ( 'NONE',  ( 0.000000000000000000, 0.000000000000000000, -1.000000000000000000 ) ) ;
#1886 = PLANE ( 'NONE',  #3211 ) ;
#1887 = ORIENTED_EDGE ( 'NONE', *, *, #9188, .T. ) ;
#1888 = CARTESIAN_POINT ( 'NONE',  ( 190.9999999999999432, -0.001000000000000132727, -17.00000000000000000 ) ) ;
#1889 = AXIS2_PLACEMENT_3D ( 'NONE', #2998, #4421, #7515 ) ;
#1890 = VECTOR ( 'NONE', #603, 1000.000000000000000 ) ;
#1891 = CARTESIAN_POINT ( 'NONE',  ( 77.71999999999998465, 4.000000000000000000, -52.00000000000000000 ) ) ;
#1892 = VECTOR ( 'NONE', #6583, 1000.000000000000000 ) ;
#1893 = FACE_OUTER_BOUND ( 'NONE', #5540, .T. ) ;
#1894 = SURFACE_STYLE_FILL_AREA ( #9257 ) ;
#1895 = ORIENTED_EDGE ( 'NONE', *, *, #2007, .T. ) ;
#1896 = EDGE_CURVE ( 'NONE', #8492, #6892, #7462, .T. ) ;
#1897 = DIRECTION ( 'NONE',  ( 0.000000000000000000, 0.000000000000000000, 1.000000000000000000 ) ) ;
#1898 = EDGE_CURVE ( 'NONE', #587, #1217, #6636, .T. ) ;
#1899 = EDGE_CURVE ( 'NONE', #1871, #6773, #6584, .T. ) ;
#1900 = VECTOR ( 'NONE', #3094, 1000.000000000000000 ) ;
#1901 = VECTOR ( 'NONE', #1330, 1000.000000000000000 ) ;
#1902 = ORIENTED_EDGE ( 'NONE', *, *, #5150, .F. ) ;
#1903 = ORIENTED_EDGE ( 'NONE', *, *, #2259, .F. ) ;
#1904 = DIRECTION ( 'NONE',  ( -0.000000000000000000, 1.000000000000000000, -0.000000000000000000 ) ) ;
#1905 = VECTOR ( 'NONE', #6899, 1000.000000000000000 ) ;
#1906 = AXIS2_PLACEMENT_3D ( 'NONE', #9557, #2792, #7956 ) ;
#1907 = CARTESIAN_POINT ( 'NONE',  ( 77.71999999999998465, 4.000000000000000000, -45.99999999999997868 ) ) ;
#1908 = LINE ( 'NONE', #5560, #1527 ) ;
#1909 = VECTOR ( 'NONE', #2132, 1000.000000000000000 ) ;
#1910 = EDGE_CURVE ( 'NONE', #9003, #8358, #6382, .T. ) ;
#1911 = VERTEX_POINT ( 'NONE', #2114 ) ;
#1912 = DIRECTION ( 'NONE',  ( -0.000000000000000000, 1.000000000000000000, -0.000000000000000000 ) ) ;
#1913 = LINE ( 'NONE', #9225, #1258 ) ;
#1914 = CARTESIAN_POINT ( 'NONE',  ( 204.9999999999999716, -0.001000000000000132727, -33.00000000000000000 ) ) ;
#1915 = CARTESIAN_POINT ( 'NONE',  ( 198.0000000000000000, 4.000000000000000000, -117.9999999999999858 ) ) ;
#1916 = ORIENTED_EDGE ( 'NONE', *, *, #3518, .T. ) ;
#1917 = CARTESIAN_POINT ( 'NONE',  ( 140.9999999999999716, 8.000000000000000000, -41.00000000000000000 ) ) ;
#1918 = VECTOR ( 'NONE', #7564, 1000.000000000000000 ) ;
#1919 = AXIS2_PLACEMENT_3D ( 'NONE', #2084, #2600, #5081 ) ;
#1920 = EDGE_CURVE ( 'NONE', #4177, #434, #1678, .T. ) ;
#1921 = EDGE_LOOP ( 'NONE', ( #6122, #843, #4808, #9339 ) ) ;
#1922 = ORIENTED_EDGE ( 'NONE', *, *, #8734, .F. ) ;
#1923 = CARTESIAN_POINT ( 'NONE',  ( 214.9999999999999716, 29.00000000000000000, -43.30000000000001847 ) ) ;
#1924 = CARTESIAN_POINT ( 'NONE',  ( 202.0000000000000000, -0.001000000000000132727, -117.9999999999999716 ) ) ;
#1925 = DIRECTION ( 'NONE',  ( 1.000000000000000000, 0.000000000000000000, -2.168404344971008868E-16 ) ) ;
#1926 = AXIS2_PLACEMENT_3D ( 'NONE', #8819, #2096, #5093 ) ;
#1927 = CARTESIAN_POINT ( 'NONE',  ( 55.00000000000000711, 0.000000000000000000, -117.9999999999999716 ) ) ;
#1928 = VECTOR ( 'NONE', #2271, 1000.000000000000000 ) ;
#1929 = CARTESIAN_POINT ( 'NONE',  ( 132.0000000000000000, 0.000000000000000000, -117.9999999999999716 ) ) ;
#1930 = VERTEX_POINT ( 'NONE', #4561 ) ;
#1931 = CARTESIAN_POINT ( 'NONE',  ( 23.00000000000000000, 29.00000000000000000, -111.9999999999999858 ) ) ;
#1932 = DIRECTION ( 'NONE',  ( -0.000000000000000000, 1.000000000000000000, -0.000000000000000000 ) ) ;
#1933 = ADVANCED_FACE ( 'NONE', ( #3098 ), #4714, .F. ) ;
#1934 = EDGE_CURVE ( 'NONE', #7082, #5284, #3249, .T. ) ;
#1935 = ORIENTED_EDGE ( 'NONE', *, *, #7270, .F. ) ;
#1936 = DIRECTION ( 'NONE',  ( 1.000000000000000000, 0.000000000000000000, -2.168404344971008868E-16 ) ) ;
#1937 = AXIS2_PLACEMENT_3D ( 'NONE', #4454, #2193, #5932 ) ;
#1938 = FACE_OUTER_BOUND ( 'NONE', #6653, .T. ) ;
#1939 = PLANE ( 'NONE',  #3660 ) ;
#1940 = VERTEX_POINT ( 'NONE', #9073 ) ;
#1941 = VECTOR ( 'NONE', #7701, 1000.000000000000000 ) ;
#1942 = CARTESIAN_POINT ( 'NONE',  ( 188.0000000000000000, 0.000000000000000000, -133.9999999999999716 ) ) ;
#1943 = CIRCLE ( 'NONE', #3366, 1.700000000000007061 ) ;
#1944 = LINE ( 'NONE', #2812, #245 ) ;
#1945 = CARTESIAN_POINT ( 'NONE',  ( 202.0000000000000000, -0.001000000000000132727, -133.9999999999999716 ) ) ;
#1946 = LINE ( 'NONE', #7935, #6976 ) ;
#1947 = VERTEX_POINT ( 'NONE', #1721 ) ;
#1948 = EDGE_CURVE ( 'NONE', #1611, #6580, #7303, .T. ) ;
#1949 = DIRECTION ( 'NONE',  ( -1.000000000000000000, 0.000000000000000000, -0.000000000000000000 ) ) ;
#1950 = VECTOR ( 'NONE', #2955, 1000.000000000000000 ) ;
#1951 = EDGE_LOOP ( 'NONE', ( #5544, #6280, #1823, #6712 ) ) ;
#1952 = VERTEX_POINT ( 'NONE', #8352 ) ;
#1953 = DIRECTION ( 'NONE',  ( -1.000000000000000000, -0.000000000000000000, -0.000000000000000000 ) ) ;
#1954 = EDGE_CURVE ( 'NONE', #1509, #4381, #6935, .T. ) ;
#1955 = EDGE_CURVE ( 'NONE', #130, #4475, #6040, .T. ) ;
#1956 = CARTESIAN_POINT ( 'NONE',  ( 86.00000000000000000, 4.000000000000000000, -117.9999999999999858 ) ) ;
#1957 = DIRECTION ( 'NONE',  ( 1.000000000000000000, 0.000000000000000000, 0.000000000000000000 ) ) ;
#1958 = DIRECTION ( 'NONE',  ( 0.000000000000000000, 0.000000000000000000, 1.000000000000000000 ) ) ;
#1959 = CARTESIAN_POINT ( 'NONE',  ( 127.4999999999999432, 8.000000000000000000, 0.000000000000000000 ) ) ;
#1960 = DIRECTION ( 'NONE',  ( 1.000000000000000000, 0.000000000000000000, -2.168404344971008868E-16 ) ) ;
#1961 = DIRECTION ( 'NONE',  ( -1.000000000000000000, 0.000000000000000000, -0.000000000000000000 ) ) ;
#1962 = ORIENTED_EDGE ( 'NONE', *, *, #2853, .T. ) ;
#1963 = AXIS2_PLACEMENT_3D ( 'NONE', #7336, #1440, #8264 ) ;
#1964 = DIRECTION ( 'NONE',  ( 2.168404344971008128E-16, 0.000000000000000000, 1.000000000000000000 ) ) ;
#1965 = ADVANCED_FACE ( 'NONE', ( #6248 ), #53, .F. ) ;
#1966 = VERTEX_POINT ( 'NONE', #9181 ) ;
#1967 = VERTEX_POINT ( 'NONE', #7619 ) ;
#1968 = ORIENTED_EDGE ( 'NONE', *, *, #2259, .T. ) ;
#1969 = ADVANCED_FACE ( 'NONE', ( #5305 ), #4811, .F. ) ;
#1970 = DIRECTION ( 'NONE',  ( 1.000000000000000000, 0.000000000000000000, -2.168404344971008868E-16 ) ) ;
#1971 = CARTESIAN_POINT ( 'NONE',  ( 93.00000000000000000, 4.000000000000000000, -133.9999999999999716 ) ) ;
#1972 = CARTESIAN_POINT ( 'NONE',  ( 69.00000000000000000, 0.000000000000000000, -133.9999999999999716 ) ) ;
#1973 = FACE_OUTER_BOUND ( 'NONE', #1784, .T. ) ;
#1974 = DIRECTION ( 'NONE',  ( 0.000000000000000000, 0.000000000000000000, -1.000000000000000000 ) ) ;
#1975 = EDGE_LOOP ( 'NONE', ( #9086, #1578 ) ) ;
#1976 = DIRECTION ( 'NONE',  ( -0.000000000000000000, 1.000000000000000000, -0.000000000000000000 ) ) ;
#1977 = DIRECTION ( 'NONE',  ( 0.000000000000000000, 1.000000000000000000, 0.000000000000000000 ) ) ;
#1978 = ORIENTED_EDGE ( 'NONE', *, *, #7295, .T. ) ;
#1979 = DIRECTION ( 'NONE',  ( -2.168404344971008868E-16, 0.000000000000000000, -1.000000000000000000 ) ) ;
#1980 = CIRCLE ( 'NONE', #5900, 2.999999999999995559 ) ;
#1981 = CARTESIAN_POINT ( 'NONE',  ( 79.00000000000000000, 4.000000000000000000, -133.9999999999999716 ) ) ;
#1982 = CARTESIAN_POINT ( 'NONE',  ( 204.9999999999999716, 4.000000000000000000, -33.00000000000000000 ) ) ;
#1983 = EDGE_CURVE ( 'NONE', #3043, #3320, #102, .T. ) ;
#1984 = EDGE_LOOP ( 'NONE', ( #8785, #4029 ) ) ;
#1985 = VERTEX_POINT ( 'NONE', #4666 ) ;
#1986 = FACE_OUTER_BOUND ( 'NONE', #9043, .T. ) ;
#1987 = VECTOR ( 'NONE', #2946, 1000.000000000000000 ) ;
#1988 = ORIENTED_EDGE ( 'NONE', *, *, #4228, .F. ) ;
#1989 = PLANE ( 'NONE',  #3330 ) ;
#1990 = CARTESIAN_POINT ( 'NONE',  ( 162.9999999999999432, 0.000000000000000000, -17.00000000000000000 ) ) ;
#1991 = ORIENTED_EDGE ( 'NONE', *, *, #5082, .F. ) ;
#1992 = DIRECTION ( 'NONE',  ( 0.000000000000000000, 0.000000000000000000, -1.000000000000000000 ) ) ;
#1993 = VECTOR ( 'NONE', #975, 1000.000000000000000 ) ;
#1994 = ORIENTED_EDGE ( 'NONE', *, *, #8628, .T. ) ;
#1995 = EDGE_CURVE ( 'NONE', #5164, #1263, #2463, .T. ) ;
#1996 = EDGE_LOOP ( 'NONE', ( #3284, #1257, #4921, #7237 ) ) ;
#1997 = DIRECTION ( 'NONE',  ( -0.000000000000000000, 1.000000000000000000, -0.000000000000000000 ) ) ;
#1998 = AXIS2_PLACEMENT_3D ( 'NONE', #2840, #9669, #2011 ) ;
#1999 = CARTESIAN_POINT ( 'NONE',  ( 106.9999999999999858, -0.001000000000000132727, -133.9999999999999716 ) ) ;
#2000 = PLANE ( 'NONE',  #4156 ) ;
#2001 = DIRECTION ( 'NONE',  ( 0.000000000000000000, 0.000000000000000000, 1.000000000000000000 ) ) ;
#2002 = CARTESIAN_POINT ( 'NONE',  ( 198.0000000000000000, -0.001000000000000132727, -133.9999999999999716 ) ) ;
#2003 = DIRECTION ( 'NONE',  ( -0.000000000000000000, 1.000000000000000000, -0.000000000000000000 ) ) ;
#2004 = CARTESIAN_POINT ( 'NONE',  ( 51.00000000000000711, 0.000000000000000000, -33.00000000000000000 ) ) ;
#2005 = ORIENTED_EDGE ( 'NONE', *, *, #8958, .T. ) ;
#2006 = CARTESIAN_POINT ( 'NONE',  ( 125.0000000000000000, 0.000000000000000000, -133.9999999999999716 ) ) ;
#2007 = EDGE_CURVE ( 'NONE', #4366, #1575, #7511, .T. ) ;
#2008 = ORIENTED_EDGE ( 'NONE', *, *, #5888, .F. ) ;
#2009 = ORIENTED_EDGE ( 'NONE', *, *, #3120, .T. ) ;
#2010 = DIRECTION ( 'NONE',  ( 1.000000000000000000, 0.000000000000000000, 0.000000000000000000 ) ) ;
#2011 = DIRECTION ( 'NONE',  ( 0.000000000000000000, 0.000000000000000000, -1.000000000000000000 ) ) ;
#2012 = DIRECTION ( 'NONE',  ( -2.168404344971008868E-16, 0.000000000000000000, -1.000000000000000000 ) ) ;
#2013 = CARTESIAN_POINT ( 'NONE',  ( 97.00000000000000000, 4.000000000000000000, -117.9999999999999716 ) ) ;
#2014 = CARTESIAN_POINT ( 'NONE',  ( 142.0000000000000000, 0.000000000000000000, -133.9999999999999716 ) ) ;
#2015 = VERTEX_POINT ( 'NONE', #2302 ) ;
#2016 = EDGE_CURVE ( 'NONE', #3060, #6049, #937, .T. ) ;
#2017 = LINE ( 'NONE', #6447, #4097 ) ;
#2018 = EDGE_CURVE ( 'NONE', #6561, #7607, #9227, .T. ) ;
#2019 = EDGE_CURVE ( 'NONE', #3119, #8888, #4510, .T. ) ;
#2020 = LINE ( 'NONE', #7967, #7698 ) ;
#2021 = EDGE_LOOP ( 'NONE', ( #3545, #5086, #7378, #600 ) ) ;
#2022 = CARTESIAN_POINT ( 'NONE',  ( 160.9999999999999716, 4.000000000000000000, -108.9999999999999858 ) ) ;
#2023 = DIRECTION ( 'NONE',  ( -1.000000000000000000, 0.000000000000000000, 0.000000000000000000 ) ) ;
#2024 = CARTESIAN_POINT ( 'NONE',  ( 76.00000000000001421, 4.000000000000000000, -33.00000000000000711 ) ) ;
#2025 = PLANE ( 'NONE',  #2882 ) ;
#2026 = VERTEX_POINT ( 'NONE', #1626 ) ;
#2027 = VERTEX_POINT ( 'NONE', #3775 ) ;
#2028 = CARTESIAN_POINT ( 'NONE',  ( 86.00000000000000000, 4.000000000000000000, -133.9999999999999716 ) ) ;
#2029 = CARTESIAN_POINT ( 'NONE',  ( 83.00000000000000000, -0.001000000000000132727, -117.9999999999999716 ) ) ;
#2030 = EDGE_CURVE ( 'NONE', #2868, #7803, #8294, .T. ) ;
#2031 = CARTESIAN_POINT ( 'NONE',  ( 93.00000000000000000, -0.001000000000000132727, -133.9999999999999716 ) ) ;
#2032 = LINE ( 'NONE', #2726, #8806 ) ;
#2033 = DIRECTION ( 'NONE',  ( 0.000000000000000000, 0.000000000000000000, 1.000000000000000000 ) ) ;
#2034 = ORIENTED_EDGE ( 'NONE', *, *, #6719, .T. ) ;
#2035 = CARTESIAN_POINT ( 'NONE',  ( 7.669999999999999929, 0.000000000000000000, -139.9999999999999716 ) ) ;
#2036 = ADVANCED_FACE ( 'NONE', ( #836 ), #6834, .F. ) ;
#2037 = VECTOR ( 'NONE', #3073, 1000.000000000000000 ) ;
#2038 = VECTOR ( 'NONE', #7643, 1000.000000000000000 ) ;
#2039 = EDGE_CURVE ( 'NONE', #7738, #1001, #4170, .T. ) ;
#2040 = VECTOR ( 'NONE', #599, 1000.000000000000000 ) ;
#2041 = ORIENTED_EDGE ( 'NONE', *, *, #2787, .T. ) ;
#2042 = ORIENTED_EDGE ( 'NONE', *, *, #9237, .T. ) ;
#2043 = CARTESIAN_POINT ( 'NONE',  ( 135.7199999999999704, 0.000000000000000000, -99.74999999999998579 ) ) ;
#2044 = CARTESIAN_POINT ( 'NONE',  ( 183.9999999999999716, -0.001000000000000132727, -17.00000000000000000 ) ) ;
#2045 = DIRECTION ( 'NONE',  ( 1.000000000000000000, 0.000000000000000000, -2.168404344971008868E-16 ) ) ;
#2046 = FACE_BOUND ( 'NONE', #9235, .T. ) ;
#2047 = LINE ( 'NONE', #9549, #3361 ) ;
#2048 = FACE_OUTER_BOUND ( 'NONE', #5359, .T. ) ;
#2049 = CARTESIAN_POINT ( 'NONE',  ( 163.0000000000000000, 4.000000000000000000, -133.9999999999999716 ) ) ;
#2050 = VERTEX_POINT ( 'NONE', #1772 ) ;
#2051 = AXIS2_PLACEMENT_3D ( 'NONE', #2044, #7300, #8039 ) ;
#2052 = AXIS2_PLACEMENT_3D ( 'NONE', #4871, #6299, #2700 ) ;
#2053 = ADVANCED_FACE ( 'NONE', ( #6484 ), #7170, .T. ) ;
#2054 = CARTESIAN_POINT ( 'NONE',  ( 210.9999999999999716, 9.000000000000001776, -44.00000000000000711 ) ) ;
#2055 = VECTOR ( 'NONE', #2010, 1000.000000000000000 ) ;
#2056 = EDGE_LOOP ( 'NONE', ( #6897, #5239, #9252, #3301 ) ) ;
#2057 = ORIENTED_EDGE ( 'NONE', *, *, #5747, .F. ) ;
#2058 = VECTOR ( 'NONE', #3822, 1000.000000000000000 ) ;
#2059 = ORIENTED_EDGE ( 'NONE', *, *, #8504, .T. ) ;
#2060 = DIRECTION ( 'NONE',  ( 0.000000000000000000, 0.000000000000000000, 1.000000000000000000 ) ) ;
#2061 = CARTESIAN_POINT ( 'NONE',  ( 100.0000000000000000, 0.000000000000000000, -117.9999999999999858 ) ) ;
#2062 = DIRECTION ( 'NONE',  ( -0.000000000000000000, 1.000000000000000000, -0.000000000000000000 ) ) ;
#2063 = CARTESIAN_POINT ( 'NONE',  ( 93.00000000000000000, 4.000000000000000000, -147.0010000000000048 ) ) ;
#2064 = CARTESIAN_POINT ( 'NONE',  ( 51.00000000000000711, 4.000000000000000000, -33.00000000000000000 ) ) ;
#2065 = EDGE_LOOP ( 'NONE', ( #6296, #7697, #3782, #5965 ) ) ;
#2066 = VECTOR ( 'NONE', #8737, 1000.000000000000000 ) ;
#2067 = ADVANCED_FACE ( 'NONE', ( #2609 ), #445, .F. ) ;
#2068 = CARTESIAN_POINT ( 'NONE',  ( 146.0000000000000284, -0.001000000000000132727, -133.9999999999999716 ) ) ;
#2069 = VECTOR ( 'NONE', #5582, 1000.000000000000000 ) ;
#2070 = AXIS2_PLACEMENT_3D ( 'NONE', #186, #4853, #387 ) ;
#2071 = DIRECTION ( 'NONE',  ( 0.000000000000000000, 1.000000000000000000, 0.000000000000000000 ) ) ;
#2072 = EDGE_LOOP ( 'NONE', ( #3555, #3389, #8436, #4658 ) ) ;
#2073 = VECTOR ( 'NONE', #778, 1000.000000000000000 ) ;
#2074 = LINE ( 'NONE', #704, #2536 ) ;
#2075 = EDGE_CURVE ( 'NONE', #3631, #4716, #4773, .T. ) ;
#2076 = ADVANCED_FACE ( 'NONE', ( #5609 ), #403, .F. ) ;
#2077 = CARTESIAN_POINT ( 'NONE',  ( 183.9999999999999716, 4.000000000000000000, -17.00000000000000000 ) ) ;
#2078 = CARTESIAN_POINT ( 'NONE',  ( 163.0000000000000000, 0.000000000000000000, -133.9999999999999716 ) ) ;
#2079 = CARTESIAN_POINT ( 'NONE',  ( 167.0000000000000000, -0.001000000000000132727, -133.9999999999999716 ) ) ;
#2080 = ORIENTED_EDGE ( 'NONE', *, *, #492, .T. ) ;
#2081 = ORIENTED_EDGE ( 'NONE', *, *, #7263, .T. ) ;
#2082 = CARTESIAN_POINT ( 'NONE',  ( 220.9999999999999716, 2.000000000000000000, -136.9999999999999716 ) ) ;
#2083 = AXIS2_PLACEMENT_3D ( 'NONE', #1249, #1997, #6520 ) ;
#2084 = CARTESIAN_POINT ( 'NONE',  ( 236.9999999999999716, 0.000000000000000000, -145.0000000000000000 ) ) ;
#2085 = AXIS2_PLACEMENT_3D ( 'NONE', #7731, #3938, #2474 ) ;
#2086 = EDGE_CURVE ( 'NONE', #7481, #9259, #8551, .T. ) ;
#2087 = ORIENTED_EDGE ( 'NONE', *, *, #6956, .T. ) ;
#2088 = DIRECTION ( 'NONE',  ( 0.000000000000000000, 0.000000000000000000, 1.000000000000000000 ) ) ;
#2089 = FACE_OUTER_BOUND ( 'NONE', #2984, .T. ) ;
#2090 = ORIENTED_EDGE ( 'NONE', *, *, #2222, .F. ) ;
#2091 = ADVANCED_FACE ( 'NONE', ( #7125 ), #3432, .F. ) ;
#2092 = EDGE_CURVE ( 'NONE', #6519, #8691, #4956, .T. ) ;
#2093 = AXIS2_PLACEMENT_3D ( 'NONE', #9058, #2187, #2340 ) ;
#2094 = ORIENTED_EDGE ( 'NONE', *, *, #8884, .T. ) ;
#2095 = ORIENTED_EDGE ( 'NONE', *, *, #529, .T. ) ;
#2096 = DIRECTION ( 'NONE',  ( 0.000000000000000000, -1.000000000000000000, 0.000000000000000000 ) ) ;
#2097 = DIRECTION ( 'NONE',  ( 1.000000000000000000, 0.000000000000000000, -4.625929269271487689E-15 ) ) ;
#2098 = DIRECTION ( 'NONE',  ( -0.000000000000000000, 1.000000000000000000, -0.000000000000000000 ) ) ;
#2099 = CARTESIAN_POINT ( 'NONE',  ( 57.99999999999999289, 4.000000000000000000, -133.9999999999999716 ) ) ;
#2100 = LINE ( 'NONE', #5737, #6645 ) ;
#2101 = FACE_OUTER_BOUND ( 'NONE', #2681, .T. ) ;
#2102 = AXIS2_PLACEMENT_3D ( 'NONE', #7971, #1233, #4234 ) ;
#2103 = CARTESIAN_POINT ( 'NONE',  ( 121.0000000000000000, 0.000000000000000000, -117.9999999999999858 ) ) ;
#2104 = ORIENTED_EDGE ( 'NONE', *, *, #7660, .T. ) ;
#2105 = VECTOR ( 'NONE', #833, 1000.000000000000000 ) ;
#2106 = EDGE_CURVE ( 'NONE', #2859, #6971, #1210, .T. ) ;
#2107 = CARTESIAN_POINT ( 'NONE',  ( 214.9999999999999716, 29.00000000000000000, -45.00000000000000000 ) ) ;
#2108 = AXIS2_PLACEMENT_3D ( 'NONE', #7348, #3861, #5337 ) ;
#2109 = ORIENTED_EDGE ( 'NONE', *, *, #1954, .F. ) ;
#2110 = ORIENTED_EDGE ( 'NONE', *, *, #7418, .T. ) ;
#2111 = LINE ( 'NONE', #1368, #7091 ) ;
#2112 = CARTESIAN_POINT ( 'NONE',  ( 139.0000000000000000, 4.000000000000000000, -133.9999999999999716 ) ) ;
#2113 = CARTESIAN_POINT ( 'NONE',  ( 93.00000000000000000, 4.000000000000000000, -117.9999999999999858 ) ) ;
#2114 = CARTESIAN_POINT ( 'NONE',  ( 51.00000000000000711, 4.000000000000000000, -133.9999999999999716 ) ) ;
#2115 = CARTESIAN_POINT ( 'NONE',  ( 113.9999999999999858, -0.001000000000000132727, -133.9999999999999716 ) ) ;
#2116 = ORIENTED_EDGE ( 'NONE', *, *, #1995, .T. ) ;
#2117 = FACE_BOUND ( 'NONE', #4814, .T. ) ;
#2118 = LINE ( 'NONE', #6095, #1246 ) ;
#2119 = ORIENTED_EDGE ( 'NONE', *, *, #8671, .T. ) ;
#2120 = FACE_OUTER_BOUND ( 'NONE', #4657, .T. ) ;
#2121 = EDGE_CURVE ( 'NONE', #2950, #7553, #352, .T. ) ;
#2122 = DIRECTION ( 'NONE',  ( 1.000000000000000000, -0.000000000000000000, -0.000000000000000000 ) ) ;
#2123 = CARTESIAN_POINT ( 'NONE',  ( 210.9999999999999716, 29.00000000000000000, -44.00000000000000711 ) ) ;
#2124 = APPLICATION_PROTOCOL_DEFINITION ( 'draft international standard', 'automotive_design', 1998, #7545 ) ;
#2125 = VERTEX_POINT ( 'NONE', #8594 ) ;
#2126 = VERTEX_POINT ( 'NONE', #7811 ) ;
#2127 = LINE ( 'NONE', #3648, #4115 ) ;
#2128 = DIRECTION ( 'NONE',  ( -0.000000000000000000, 1.000000000000000000, -0.000000000000000000 ) ) ;
#2129 = EDGE_CURVE ( 'NONE', #5284, #6843, #3482, .T. ) ;
#2130 = VECTOR ( 'NONE', #3341, 1000.000000000000000 ) ;
#2131 = DIRECTION ( 'NONE',  ( 0.000000000000000000, 0.000000000000000000, 1.000000000000000000 ) ) ;
#2132 = DIRECTION ( 'NONE',  ( 1.000000000000000000, 0.000000000000000000, -0.000000000000000000 ) ) ;
#2133 = DIRECTION ( 'NONE',  ( -0.000000000000000000, 1.000000000000000000, -0.000000000000000000 ) ) ;
#2134 = VERTEX_POINT ( 'NONE', #6432 ) ;
#2135 = ORIENTED_EDGE ( 'NONE', *, *, #7017, .F. ) ;
#2136 = EDGE_CURVE ( 'NONE', #3705, #939, #1033, .T. ) ;
#2137 = AXIS2_PLACEMENT_3D ( 'NONE', #7383, #2327, #9590 ) ;
#2138 = EDGE_CURVE ( 'NONE', #2336, #730, #7857, .T. ) ;
#2139 = VECTOR ( 'NONE', #8198, 1000.000000000000000 ) ;
#2140 = ORIENTED_EDGE ( 'NONE', *, *, #8974, .T. ) ;
#2141 = EDGE_LOOP ( 'NONE', ( #3497, #2729, #2816, #3327 ) ) ;
#2142 = DIRECTION ( 'NONE',  ( 1.000000000000000000, 0.000000000000000000, -0.000000000000000000 ) ) ;
#2143 = CARTESIAN_POINT ( 'NONE',  ( 125.0000000000000000, 4.000000000000000000, -133.9999999999999716 ) ) ;
#2144 = CARTESIAN_POINT ( 'NONE',  ( 41.00000000000000000, 0.000000000000000000, -133.9999999999999716 ) ) ;
#2145 = FACE_BOUND ( 'NONE', #8221, .T. ) ;
#2146 = CARTESIAN_POINT ( 'NONE',  ( 27.00000000000000000, 0.000000000000000000, -33.00000000000000711 ) ) ;
#2147 = CARTESIAN_POINT ( 'NONE',  ( 238.9999999999999716, 4.000000000000000000, -2.000000000000000000 ) ) ;
#2148 = EDGE_LOOP ( 'NONE', ( #796, #6184, #2364, #6084, #9292, #2820, #9051, #8300 ) ) ;
#2149 = DIRECTION ( 'NONE',  ( -0.000000000000000000, 0.000000000000000000, 1.000000000000000000 ) ) ;
#2150 = ORIENTED_EDGE ( 'NONE', *, *, #1621, .T. ) ;
#2151 = FACE_OUTER_BOUND ( 'NONE', #7727, .T. ) ;
#2152 = VERTEX_POINT ( 'NONE', #9273 ) ;
#2153 = ORIENTED_EDGE ( 'NONE', *, *, #7962, .T. ) ;
#2154 = PLANE ( 'NONE',  #7097 ) ;
#2155 = ORIENTED_EDGE ( 'NONE', *, *, #7473, .F. ) ;
#2156 = EDGE_CURVE ( 'NONE', #2656, #9232, #2697, .T. ) ;
#2157 = DIRECTION ( 'NONE',  ( 0.000000000000000000, 0.000000000000000000, 1.000000000000000000 ) ) ;
#2158 = LINE ( 'NONE', #3627, #4986 ) ;
#2159 = DIRECTION ( 'NONE',  ( 1.000000000000000000, 0.000000000000000000, 0.000000000000000000 ) ) ;
#2160 = DIRECTION ( 'NONE',  ( 0.000000000000000000, 1.000000000000000000, 0.000000000000000000 ) ) ;
#2161 = LINE ( 'NONE', #8147, #5750 ) ;
#2162 = VERTEX_POINT ( 'NONE', #4915 ) ;
#2163 = FACE_OUTER_BOUND ( 'NONE', #3343, .T. ) ;
#2164 = EDGE_CURVE ( 'NONE', #3946, #7738, #1167, .T. ) ;
#2165 = CARTESIAN_POINT ( 'NONE',  ( 167.0000000000000000, -0.001000000000000132727, -133.9999999999999716 ) ) ;
#2166 = ORIENTED_EDGE ( 'NONE', *, *, #1252, .F. ) ;
#2167 = FACE_OUTER_BOUND ( 'NONE', #3803, .T. ) ;
#2168 = CARTESIAN_POINT ( 'NONE',  ( 83.00000000000000000, 4.000000000000000000, -133.9999999999999716 ) ) ;
#2169 = CYLINDRICAL_SURFACE ( 'NONE', #5223, 2.000000000000000000 ) ;
#2170 = AXIS2_PLACEMENT_3D ( 'NONE', #3354, #6442, #500 ) ;
#2171 = DIRECTION ( 'NONE',  ( 0.000000000000000000, 0.000000000000000000, 1.000000000000000000 ) ) ;
#2172 = ORIENTED_EDGE ( 'NONE', *, *, #2675, .F. ) ;
#2173 = FACE_OUTER_BOUND ( 'NONE', #5380, .T. ) ;
#2174 = DIRECTION ( 'NONE',  ( -1.000000000000000000, -0.000000000000000000, -0.000000000000000000 ) ) ;
#2175 = ADVANCED_FACE ( 'NONE', ( #5506 ), #5563, .F. ) ;
#2176 = CARTESIAN_POINT ( 'NONE',  ( 218.9999999999999716, 29.00000000000000000, -41.00000000000000000 ) ) ;
#2177 = CYLINDRICAL_SURFACE ( 'NONE', #349, 3.000000000000002665 ) ;
#2178 = DIRECTION ( 'NONE',  ( 1.000000000000000000, 0.000000000000000000, 0.000000000000000000 ) ) ;
#2179 = ORIENTED_EDGE ( 'NONE', *, *, #7495, .F. ) ;
#2180 = VERTEX_POINT ( 'NONE', #4398 ) ;
#2181 = VERTEX_POINT ( 'NONE', #1359 ) ;
#2182 = ORIENTED_EDGE ( 'NONE', *, *, #610, .F. ) ;
#2183 = ADVANCED_FACE ( 'NONE', ( #8043 ), #4352, .F. ) ;
#2184 = CARTESIAN_POINT ( 'NONE',  ( 220.9999999999999716, 2.000000000000000000, -136.9999999999999716 ) ) ;
#2185 = CARTESIAN_POINT ( 'NONE',  ( 169.9999999999999432, 0.000000000000000000, -33.00000000000000000 ) ) ;
#2186 = ADVANCED_FACE ( 'NONE', ( #2048 ), #8871, .T. ) ;
#2187 = DIRECTION ( 'NONE',  ( -0.000000000000000000, 1.000000000000000000, -0.000000000000000000 ) ) ;
#2188 = EDGE_CURVE ( 'NONE', #849, #7343, #5001, .T. ) ;
#2189 = DIRECTION ( 'NONE',  ( 1.000000000000000000, 0.000000000000000000, -4.625929269271487689E-15 ) ) ;
#2190 = VERTEX_POINT ( 'NONE', #3570 ) ;
#2191 = CARTESIAN_POINT ( 'NONE',  ( 215.9999999999999716, 14.00000000000003375, -103.9999999999999858 ) ) ;
#2192 = ORIENTED_EDGE ( 'NONE', *, *, #1910, .F. ) ;
#2193 = DIRECTION ( 'NONE',  ( -1.000000000000000000, 0.000000000000000000, 0.000000000000000000 ) ) ;
#2194 = VECTOR ( 'NONE', #1977, 1000.000000000000000 ) ;
#2195 = ORIENTED_EDGE ( 'NONE', *, *, #1028, .T. ) ;
#2196 = ORIENTED_EDGE ( 'NONE', *, *, #3229, .F. ) ;
#2197 = CARTESIAN_POINT ( 'NONE',  ( 212.0000000000000000, -0.001000000000000132727, -133.9999999999999716 ) ) ;
#2198 = EDGE_CURVE ( 'NONE', #6783, #5440, #5834, .T. ) ;
#2199 = DIRECTION ( 'NONE',  ( 0.000000000000000000, 0.000000000000000000, 1.000000000000000000 ) ) ;
#2200 = CARTESIAN_POINT ( 'NONE',  ( 62.00000000000000711, 4.000000000000000000, -117.9999999999999716 ) ) ;
#2201 = AXIS2_PLACEMENT_3D ( 'NONE', #5463, #2507, #6984 ) ;
#2202 = VECTOR ( 'NONE', #3376, 1000.000000000000000 ) ;
#2203 = DIRECTION ( 'NONE',  ( -0.000000000000000000, 1.000000000000000000, -0.000000000000000000 ) ) ;
#2204 = LINE ( 'NONE', #5211, #8867 ) ;
#2205 = CARTESIAN_POINT ( 'NONE',  ( 102.0000000000000142, 2.000000000000000000, -19.30000000000000426 ) ) ;
#2206 = ORIENTED_EDGE ( 'NONE', *, *, #8142, .T. ) ;
#2207 = FACE_BOUND ( 'NONE', #6404, .T. ) ;
#2208 = CARTESIAN_POINT ( 'NONE',  ( 37.00000000000000000, 4.000000000000000000, -117.9999999999999858 ) ) ;
#2209 = VECTOR ( 'NONE', #1464, 1000.000000000000000 ) ;
#2210 = ORIENTED_EDGE ( 'NONE', *, *, #4660, .T. ) ;
#2211 = CARTESIAN_POINT ( 'NONE',  ( 136.9999999999999432, 8.000000000000000000, -20.99999999999999645 ) ) ;
#2212 = CIRCLE ( 'NONE', #5677, 3.250000000000002665 ) ;
#2213 = VECTOR ( 'NONE', #7083, 1000.000000000000000 ) ;
#2214 = CARTESIAN_POINT ( 'NONE',  ( 100.0000000000000000, 4.000000000000000000, -133.9999999999999716 ) ) ;
#2215 = AXIS2_PLACEMENT_3D ( 'NONE', #6656, #9639, #5176 ) ;
#2216 = LINE ( 'NONE', #707, #992 ) ;
#2217 = AXIS2_PLACEMENT_3D ( 'NONE', #3909, #6968, #9208 ) ;
#2218 = DIRECTION ( 'NONE',  ( 4.625929269271487689E-15, 0.000000000000000000, 1.000000000000000000 ) ) ;
#2219 = ORIENTED_EDGE ( 'NONE', *, *, #5109, .F. ) ;
#2220 = CARTESIAN_POINT ( 'NONE',  ( 97.00000000000000000, -0.001000000000000132727, -117.9999999999999716 ) ) ;
#2221 = EDGE_CURVE ( 'NONE', #3251, #7891, #2881, .T. ) ;
#2222 = EDGE_CURVE ( 'NONE', #1509, #4623, #3615, .T. ) ;
#2223 = CARTESIAN_POINT ( 'NONE',  ( 136.9999999999999432, 2.000000000000000000, -20.99999999999999645 ) ) ;
#2224 = VECTOR ( 'NONE', #6142, 1000.000000000000000 ) ;
#2225 = ORIENTED_EDGE ( 'NONE', *, *, #3408, .F. ) ;
#2226 = CARTESIAN_POINT ( 'NONE',  ( 77.71999999999999886, 6.000000000000001776, -97.99999999999998579 ) ) ;
#2227 = DIRECTION ( 'NONE',  ( -2.168404344971008868E-16, 0.000000000000000000, -1.000000000000000000 ) ) ;
#2228 = AXIS2_PLACEMENT_3D ( 'NONE', #9678, #9574, #5803 ) ;
#2229 = CARTESIAN_POINT ( 'NONE',  ( 187.9999999999999432, -0.001000000000000132727, -33.00000000000000000 ) ) ;
#2230 = ORIENTED_EDGE ( 'NONE', *, *, #2121, .T. ) ;
#2231 = AXIS2_PLACEMENT_3D ( 'NONE', #1152, #6553, #1193 ) ;
#2232 = EDGE_LOOP ( 'NONE', ( #2273, #6434, #1321, #4176 ) ) ;
#2233 = VECTOR ( 'NONE', #5795, 1000.000000000000000 ) ;
#2234 = EDGE_LOOP ( 'NONE', ( #5230, #2513, #2008, #2615 ) ) ;
#2235 = ORIENTED_EDGE ( 'NONE', *, *, #5762, .F. ) ;
#2236 = CARTESIAN_POINT ( 'NONE',  ( 23.00000000000000000, 29.00000000000000000, -108.9999999999999858 ) ) ;
#2237 = DIRECTION ( 'NONE',  ( -0.000000000000000000, -0.000000000000000000, 1.000000000000000000 ) ) ;
#2238 = EDGE_CURVE ( 'NONE', #5785, #9706, #3947, .T. ) ;
#2239 = VECTOR ( 'NONE', #7268, 1000.000000000000000 ) ;
#2240 = DIRECTION ( 'NONE',  ( 1.000000000000000000, 0.000000000000000000, -4.625929269271487689E-15 ) ) ;
#2241 = CARTESIAN_POINT ( 'NONE',  ( 69.00000000000000000, -0.001000000000000132727, -117.9999999999999716 ) ) ;
#2242 = ORIENTED_EDGE ( 'NONE', *, *, #1189, .F. ) ;
#2243 = LINE ( 'NONE', #2884, #7958 ) ;
#2244 = ORIENTED_EDGE ( 'NONE', *, *, #5286, .T. ) ;
#2245 = CARTESIAN_POINT ( 'NONE',  ( 209.0000000000000000, 4.000000000000000000, -133.9999999999999716 ) ) ;
#2246 = VECTOR ( 'NONE', #9504, 1000.000000000000000 ) ;
#2247 = ADVANCED_FACE ( 'NONE', ( #5927 ), #1255, .F. ) ;
#2248 = ORIENTED_EDGE ( 'NONE', *, *, #8649, .F. ) ;
#2249 = ORIENTED_EDGE ( 'NONE', *, *, #8395, .T. ) ;
#2250 = CARTESIAN_POINT ( 'NONE',  ( 225.7699999999999818, 0.000000000000000000, -5.249999999999998224 ) ) ;
#2251 = DIRECTION ( 'NONE',  ( -0.000000000000000000, 0.000000000000000000, -1.000000000000000000 ) ) ;
#2252 = CARTESIAN_POINT ( 'NONE',  ( 57.99999999999999289, -0.001000000000000132727, -33.00000000000000000 ) ) ;
#2253 = AXIS2_PLACEMENT_3D ( 'NONE', #1652, #4640, #6910 ) ;
#2254 = DIRECTION ( 'NONE',  ( 0.000000000000000000, 0.000000000000000000, 1.000000000000000000 ) ) ;
#2255 = CARTESIAN_POINT ( 'NONE',  ( 48.00000000000000000, 0.000000000000000000, -133.9999999999999716 ) ) ;
#2256 = DIRECTION ( 'NONE',  ( 1.000000000000000000, 0.000000000000000000, -2.168404344971008868E-16 ) ) ;
#2257 = EDGE_LOOP ( 'NONE', ( #4493, #3014, #4252, #8082 ) ) ;
#2258 = FACE_BOUND ( 'NONE', #1421, .T. ) ;
#2259 = EDGE_CURVE ( 'NONE', #4609, #2688, #8915, .T. ) ;
#2260 = FACE_OUTER_BOUND ( 'NONE', #8367, .T. ) ;
#2261 = EDGE_CURVE ( 'NONE', #5929, #5401, #8180, .T. ) ;
#2262 = ORIENTED_EDGE ( 'NONE', *, *, #6083, .T. ) ;
#2263 = ORIENTED_EDGE ( 'NONE', *, *, #7482, .T. ) ;
#2264 = CARTESIAN_POINT ( 'NONE',  ( 79.00000000000001421, 4.000000000000000000, -17.00000000000000000 ) ) ;
#2265 = EDGE_LOOP ( 'NONE', ( #109, #4296, #5017, #416 ) ) ;
#2266 = DIRECTION ( 'NONE',  ( -0.000000000000000000, 1.000000000000000000, -0.000000000000000000 ) ) ;
#2267 = DIRECTION ( 'NONE',  ( -0.000000000000000000, -0.000000000000000000, 1.000000000000000000 ) ) ;
#2268 = VERTEX_POINT ( 'NONE', #5145 ) ;
#2269 = CARTESIAN_POINT ( 'NONE',  ( 77.71999999999998465, 6.000000000000000000, -52.00000000000000000 ) ) ;
#2270 = ORIENTED_EDGE ( 'NONE', *, *, #1920, .T. ) ;
#2271 = DIRECTION ( 'NONE',  ( -1.000000000000000000, 0.000000000000000000, 0.000000000000000000 ) ) ;
#2272 = LINE ( 'NONE', #5275, #1600 ) ;
#2273 = ORIENTED_EDGE ( 'NONE', *, *, #2030, .T. ) ;
#2274 = EDGE_CURVE ( 'NONE', #1097, #6171, #2542, .T. ) ;
#2275 = ORIENTED_EDGE ( 'NONE', *, *, #271, .F. ) ;
#2276 = CARTESIAN_POINT ( 'NONE',  ( 208.9999999999999716, 0.000000000000000000, -33.00000000000000000 ) ) ;
#2277 = EDGE_CURVE ( 'NONE', #6610, #1186, #4309, .T. ) ;
#2278 = CARTESIAN_POINT ( 'NONE',  ( 106.9999999999999858, -0.001000000000000132727, -117.9999999999999858 ) ) ;
#2279 = CARTESIAN_POINT ( 'NONE',  ( 69.00000000000000000, 4.000000000000000000, -17.00000000000000000 ) ) ;
#2280 = VERTEX_POINT ( 'NONE', #3712 ) ;
#2281 = ORIENTED_EDGE ( 'NONE', *, *, #4584, .T. ) ;
#2282 = ADVANCED_FACE ( 'NONE', ( #583 ), #7402, .F. ) ;
#2283 = EDGE_LOOP ( 'NONE', ( #4684, #5890, #2235, #8215 ) ) ;
#2284 = EDGE_LOOP ( 'NONE', ( #8343, #7451, #838, #608 ) ) ;
#2285 = LINE ( 'NONE', #2236, #5039 ) ;
#2286 = DIRECTION ( 'NONE',  ( -0.000000000000000000, -0.000000000000000000, -1.000000000000000000 ) ) ;
#2287 = PLANE ( 'NONE',  #3509 ) ;
#2288 = EDGE_LOOP ( 'NONE', ( #5307, #5433, #6744, #7321 ) ) ;
#2289 = ORIENTED_EDGE ( 'NONE', *, *, #6521, .T. ) ;
#2290 = DIRECTION ( 'NONE',  ( -0.000000000000000000, -1.000000000000000000, -0.000000000000000000 ) ) ;
#2291 = EDGE_LOOP ( 'NONE', ( #2324, #3745, #3438, #277 ) ) ;
#2292 = PLANE ( 'NONE',  #9450 ) ;
#2293 = AXIS2_PLACEMENT_3D ( 'NONE', #7669, #938, #3926 ) ;
#2294 = ADVANCED_FACE ( 'NONE', ( #2930 ), #2740, .F. ) ;
#2295 = ORIENTED_EDGE ( 'NONE', *, *, #1845, .T. ) ;
#2296 = VERTEX_POINT ( 'NONE', #6528 ) ;
#2297 = CARTESIAN_POINT ( 'NONE',  ( 55.00000000000000711, 4.000000000000000000, -133.9999999999999716 ) ) ;
#2298 = DIRECTION ( 'NONE',  ( -0.000000000000000000, -0.000000000000000000, 1.000000000000000000 ) ) ;
#2299 = FACE_OUTER_BOUND ( 'NONE', #3989, .T. ) ;
#2300 = CARTESIAN_POINT ( 'NONE',  ( 2.000000000000000000, 4.000000000000000000, -145.0000000000000000 ) ) ;
#2301 = DIRECTION ( 'NONE',  ( 0.000000000000000000, 0.000000000000000000, 1.000000000000000000 ) ) ;
#2302 = CARTESIAN_POINT ( 'NONE',  ( 65.00000000000000000, 4.000000000000000000, -117.9999999999999858 ) ) ;
#2303 = DIRECTION ( 'NONE',  ( 4.625929269271487689E-15, 0.000000000000000000, 1.000000000000000000 ) ) ;
#2304 = ORIENTED_EDGE ( 'NONE', *, *, #4848, .T. ) ;
#2305 = CARTESIAN_POINT ( 'NONE',  ( 177.0000000000000000, -0.001000000000000132727, -117.9999999999999858 ) ) ;
#2306 = DIRECTION ( 'NONE',  ( 0.000000000000000000, 0.000000000000000000, -1.000000000000000000 ) ) ;
#2307 = EDGE_CURVE ( 'NONE', #4815, #6034, #9505, .T. ) ;
#2308 = ORIENTED_EDGE ( 'NONE', *, *, #529, .F. ) ;
#2309 = ORIENTED_EDGE ( 'NONE', *, *, #5084, .F. ) ;
#2310 = AXIS2_PLACEMENT_3D ( 'NONE', #6821, #2452, #6922 ) ;
#2311 = FACE_OUTER_BOUND ( 'NONE', #6030, .T. ) ;
#2312 = ORIENTED_EDGE ( 'NONE', *, *, #2, .T. ) ;
#2313 = ADVANCED_FACE ( 'NONE', ( #2101 ), #5099, .T. ) ;
#2314 = EDGE_CURVE ( 'NONE', #6230, #5802, #6717, .T. ) ;
#2315 = CARTESIAN_POINT ( 'NONE',  ( 48.00000000000000000, 0.000000000000000000, -117.9999999999999716 ) ) ;
#2316 = VECTOR ( 'NONE', #6982, 1000.000000000000000 ) ;
#2317 = DIRECTION ( 'NONE',  ( 1.000000000000000000, 0.000000000000000000, 0.000000000000000000 ) ) ;
#2318 = ORIENTED_EDGE ( 'NONE', *, *, #2995, .F. ) ;
#2319 = EDGE_CURVE ( 'NONE', #5335, #9167, #8505, .T. ) ;
#2320 = EDGE_CURVE ( 'NONE', #4907, #8509, #8963, .T. ) ;
#2321 = VERTEX_POINT ( 'NONE', #6951 ) ;
#2322 = LINE ( 'NONE', #4377, #3495 ) ;
#2323 = CARTESIAN_POINT ( 'NONE',  ( 163.0000000000000000, 4.000000000000000000, -117.9999999999999858 ) ) ;
#2324 = ORIENTED_EDGE ( 'NONE', *, *, #1983, .F. ) ;
#2325 = ORIENTED_EDGE ( 'NONE', *, *, #7877, .F. ) ;
#2326 = CARTESIAN_POINT ( 'NONE',  ( 160.0000000000000000, -0.001000000000000132727, -117.9999999999999716 ) ) ;
#2327 = DIRECTION ( 'NONE',  ( 0.000000000000000000, 1.000000000000000000, 0.000000000000000000 ) ) ;
#2328 = VECTOR ( 'NONE', #1283, 1000.000000000000000 ) ;
#2329 = DIRECTION ( 'NONE',  ( -0.000000000000000000, 1.000000000000000000, -0.000000000000000000 ) ) ;
#2330 = CARTESIAN_POINT ( 'NONE',  ( 194.9999999999999432, 0.000000000000000000, -33.00000000000000000 ) ) ;
#2331 = FACE_OUTER_BOUND ( 'NONE', #9349, .T. ) ;
#2332 = EDGE_LOOP ( 'NONE', ( #6425, #4212, #7163, #5498 ) ) ;
#2333 = EDGE_LOOP ( 'NONE', ( #5476, #4935, #3192, #3241 ) ) ;
#2334 = VECTOR ( 'NONE', #4181, 1000.000000000000000 ) ;
#2335 = EDGE_CURVE ( 'NONE', #409, #6814, #4790, .T. ) ;
#2336 = VERTEX_POINT ( 'NONE', #3262 ) ;
#2337 = EDGE_LOOP ( 'NONE', ( #6353, #5555, #496, #8484 ) ) ;
#2338 = CARTESIAN_POINT ( 'NONE',  ( 132.0000000000000000, -0.001000000000000132727, -133.9999999999999716 ) ) ;
#2339 = CARTESIAN_POINT ( 'NONE',  ( 23.00000000000000000, 29.00000000000000000, -108.9999999999999858 ) ) ;
#2340 = DIRECTION ( 'NONE',  ( 0.000000000000000000, 0.000000000000000000, 1.000000000000000000 ) ) ;
#2341 = ORIENTED_EDGE ( 'NONE', *, *, #7359, .T. ) ;
#2342 = EDGE_LOOP ( 'NONE', ( #901, #1447, #9123, #3157 ) ) ;
#2343 = CARTESIAN_POINT ( 'NONE',  ( 98.00000000000000000, 8.000000000000000000, -41.00000000000000000 ) ) ;
#2344 = VERTEX_POINT ( 'NONE', #8464 ) ;
#2345 = DIRECTION ( 'NONE',  ( 0.000000000000000000, 1.000000000000000000, 0.000000000000000000 ) ) ;
#2346 = EDGE_CURVE ( 'NONE', #802, #5041, #6166, .T. ) ;
#2347 = ORIENTED_EDGE ( 'NONE', *, *, #5585, .T. ) ;
#2348 = ORIENTED_EDGE ( 'NONE', *, *, #6182, .F. ) ;
#2349 = FACE_OUTER_BOUND ( 'NONE', #306, .T. ) ;
#2350 = CARTESIAN_POINT ( 'NONE',  ( 23.99999999999999289, 29.00000000000000000, -107.9999999999999858 ) ) ;
#2351 = DIRECTION ( 'NONE',  ( 0.000000000000000000, 0.000000000000000000, -1.000000000000000000 ) ) ;
#2352 = CARTESIAN_POINT ( 'NONE',  ( 173.9999999999999716, 0.000000000000000000, -33.00000000000000000 ) ) ;
#2353 = LINE ( 'NONE', #6090, #5185 ) ;
#2354 = CARTESIAN_POINT ( 'NONE',  ( 48.00000000000000000, 0.000000000000000000, -117.9999999999999716 ) ) ;
#2355 = PLANE ( 'NONE',  #3405 ) ;
#2356 = ORIENTED_EDGE ( 'NONE', *, *, #7382, .F. ) ;
#2357 = DIRECTION ( 'NONE',  ( 0.000000000000000000, -1.000000000000000000, 0.000000000000000000 ) ) ;
#2358 = VECTOR ( 'NONE', #5588, 1000.000000000000000 ) ;
#2359 = LINE ( 'NONE', #4942, #7534 ) ;
#2360 = ORIENTED_EDGE ( 'NONE', *, *, #4978, .T. ) ;
#2361 = ORIENTED_EDGE ( 'NONE', *, *, #1147, .T. ) ;
#2362 = AXIS2_PLACEMENT_3D ( 'NONE', #3365, #7362, #7414 ) ;
#2363 = FACE_OUTER_BOUND ( 'NONE', #3785, .T. ) ;
#2364 = ORIENTED_EDGE ( 'NONE', *, *, #3608, .T. ) ;
#2365 = CARTESIAN_POINT ( 'NONE',  ( 153.0000000000000000, -0.001000000000000132727, -133.9999999999999716 ) ) ;
#2366 = ORIENTED_EDGE ( 'NONE', *, *, #9278, .F. ) ;
#2367 = ADVANCED_FACE ( 'NONE', ( #5526 ), #9240, .T. ) ;
#2368 = CARTESIAN_POINT ( 'NONE',  ( 24.99999999999999645, 9.000000000000001776, -106.9999999999999858 ) ) ;
#2369 = ORIENTED_EDGE ( 'NONE', *, *, #5855, .F. ) ;
#2370 = VERTEX_POINT ( 'NONE', #4579 ) ;
#2371 = CARTESIAN_POINT ( 'NONE',  ( 208.9999999999999716, 0.000000000000000000, -33.00000000000000000 ) ) ;
#2372 = AXIS2_PLACEMENT_3D ( 'NONE', #4910, #5694, #8683 ) ;
#2373 = VECTOR ( 'NONE', #9230, 1000.000000000000000 ) ;
#2374 = LINE ( 'NONE', #9242, #2069 ) ;
#2375 = ORIENTED_EDGE ( 'NONE', *, *, #8532, .F. ) ;
#2376 = ORIENTED_EDGE ( 'NONE', *, *, #7340, .T. ) ;
#2377 = VERTEX_POINT ( 'NONE', #268 ) ;
#2378 = EDGE_CURVE ( 'NONE', #9034, #2713, #6264, .T. ) ;
#2379 = VECTOR ( 'NONE', #2251, 1000.000000000000000 ) ;
#2380 = EDGE_CURVE ( 'NONE', #95, #286, #6217, .T. ) ;
#2381 = DIRECTION ( 'NONE',  ( -0.000000000000000000, 1.000000000000000000, -0.000000000000000000 ) ) ;
#2382 = CARTESIAN_POINT ( 'NONE',  ( 183.9999999999999716, -0.001000000000000132727, -33.00000000000000000 ) ) ;
#2383 = VECTOR ( 'NONE', #5639, 1000.000000000000000 ) ;
#2384 = CARTESIAN_POINT ( 'NONE',  ( 81.00000000000000000, 14.00000000000000000, -41.00000000000000000 ) ) ;
#2385 = DIRECTION ( 'NONE',  ( 0.000000000000000000, 0.000000000000000000, 1.000000000000000000 ) ) ;
#2386 = CARTESIAN_POINT ( 'NONE',  ( 27.00000000000000000, -0.001000000000000132727, -33.00000000000000711 ) ) ;
#2387 = EDGE_LOOP ( 'NONE', ( #4160, #2802, #574, #9544 ) ) ;
#2388 = ORIENTED_EDGE ( 'NONE', *, *, #1099, .F. ) ;
#2389 = VECTOR ( 'NONE', #51, 1000.000000000000000 ) ;
#2390 = VECTOR ( 'NONE', #5554, 1000.000000000000000 ) ;
#2391 = EDGE_CURVE ( 'NONE', #4873, #3502, #4037, .T. ) ;
#2392 = ORIENTED_EDGE ( 'NONE', *, *, #4143, .T. ) ;
#2393 = ORIENTED_EDGE ( 'NONE', *, *, #4826, .F. ) ;
#2394 = CIRCLE ( 'NONE', #9295, 2.000000000000001776 ) ;
#2395 = CIRCLE ( 'NONE', #674, 1.750000000000001554 ) ;
#2396 = CARTESIAN_POINT ( 'NONE',  ( 127.4999999999999432, 29.00000000000000000, -41.00000000000000000 ) ) ;
#2397 = PLANE ( 'NONE',  #4851 ) ;
#2398 = CARTESIAN_POINT ( 'NONE',  ( 197.9999999999999432, 4.000000000000000000, -33.00000000000000000 ) ) ;
#2399 = EDGE_CURVE ( 'NONE', #8273, #8676, #4681, .T. ) ;
#2400 = ORIENTED_EDGE ( 'NONE', *, *, #2039, .F. ) ;
#2401 = EDGE_CURVE ( 'NONE', #5552, #95, #7042, .T. ) ;
#2402 = VERTEX_POINT ( 'NONE', #8419 ) ;
#2403 = DIRECTION ( 'NONE',  ( -0.000000000000000000, 1.000000000000000000, -0.000000000000000000 ) ) ;
#2404 = ORIENTED_EDGE ( 'NONE', *, *, #1838, .F. ) ;
#2405 = CARTESIAN_POINT ( 'NONE',  ( 23.99999999999999289, 21.00000000000000000, -106.2999999999999972 ) ) ;
#2406 = VECTOR ( 'NONE', #5172, 1000.000000000000000 ) ;
#2407 = ORIENTED_EDGE ( 'NONE', *, *, #1602, .T. ) ;
#2408 = VECTOR ( 'NONE', #6627, 1000.000000000000000 ) ;
#2409 = VERTEX_POINT ( 'NONE', #1046 ) ;
#2410 = LINE ( 'NONE', #5500, #8513 ) ;
#2411 = CARTESIAN_POINT ( 'NONE',  ( 83.00000000000000000, 0.000000000000000000, -133.9999999999999716 ) ) ;
#2412 = LINE ( 'NONE', #2252, #5869 ) ;
#2413 = CARTESIAN_POINT ( 'NONE',  ( 211.9999999999999716, 4.000000000000000000, -33.00000000000000000 ) ) ;
#2414 = EDGE_CURVE ( 'NONE', #9376, #2370, #9195, .T. ) ;
#2415 = LINE ( 'NONE', #6934, #640 ) ;
#2416 = DIRECTION ( 'NONE',  ( 0.000000000000000000, 0.000000000000000000, 1.000000000000000000 ) ) ;
#2417 = VECTOR ( 'NONE', #1310, 1000.000000000000000 ) ;
#2418 = CARTESIAN_POINT ( 'NONE',  ( 44.00000000000000000, -0.001000000000000132727, -33.00000000000000000 ) ) ;
#2419 = ORIENTED_EDGE ( 'NONE', *, *, #950, .T. ) ;
#2420 = DIRECTION ( 'NONE',  ( 1.000000000000000000, 0.000000000000000000, -2.168404344971008868E-16 ) ) ;
#2421 = EDGE_LOOP ( 'NONE', ( #9039, #1521 ) ) ;
#2422 = AXIS2_PLACEMENT_3D ( 'NONE', #4980, #3506, #514 ) ;
#2423 = ORIENTED_EDGE ( 'NONE', *, *, #4005, .T. ) ;
#2424 = DIRECTION ( 'NONE',  ( -2.168404344971008868E-16, 0.000000000000000000, -1.000000000000000000 ) ) ;
#2425 = ORIENTED_EDGE ( 'NONE', *, *, #93, .F. ) ;
#2426 = LINE ( 'NONE', #7729, #1229 ) ;
#2427 = EDGE_LOOP ( 'NONE', ( #5824, #1314, #8113, #5056 ) ) ;
#2428 = LINE ( 'NONE', #7681, #375 ) ;
#2429 = ORIENTED_EDGE ( 'NONE', *, *, #3176, .T. ) ;
#2430 = VECTOR ( 'NONE', #3693, 1000.000000000000000 ) ;
#2431 = DIRECTION ( 'NONE',  ( 0.000000000000000000, 0.000000000000000000, 1.000000000000000000 ) ) ;
#2432 = DIRECTION ( 'NONE',  ( 0.000000000000000000, 0.000000000000000000, -1.000000000000000000 ) ) ;
#2433 = EDGE_CURVE ( 'NONE', #9137, #4134, #3306, .T. ) ;
#2434 = EDGE_LOOP ( 'NONE', ( #6250, #4793, #3434 ) ) ;
#2435 = LINE ( 'NONE', #2326, #5838 ) ;
#2436 = FACE_OUTER_BOUND ( 'NONE', #5237, .T. ) ;
#2437 = DIRECTION ( 'NONE',  ( -1.000000000000000000, 0.000000000000000000, 0.000000000000000000 ) ) ;
#2438 = DIRECTION ( 'NONE',  ( -0.000000000000000000, 1.000000000000000000, -0.000000000000000000 ) ) ;
#2439 = DIRECTION ( 'NONE',  ( 0.000000000000000000, -0.000000000000000000, -1.000000000000000000 ) ) ;
#2440 = ORIENTED_EDGE ( 'NONE', *, *, #3574, .F. ) ;
#2441 = ORIENTED_EDGE ( 'NONE', *, *, #7575, .T. ) ;
#2442 = AXIS2_PLACEMENT_3D ( 'NONE', #2176, #1537, #5232 ) ;
#2443 = EDGE_CURVE ( 'NONE', #8199, #7481, #8309, .T. ) ;
#2444 = ORIENTED_EDGE ( 'NONE', *, *, #4240, .F. ) ;
#2445 = ORIENTED_EDGE ( 'NONE', *, *, #5936, .T. ) ;
#2446 = CARTESIAN_POINT ( 'NONE',  ( 210.9999999999999716, 9.000000000000001776, -44.00000000000000711 ) ) ;
#2447 = LINE ( 'NONE', #8581, #2202 ) ;
#2448 = EDGE_CURVE ( 'NONE', #1940, #3208, #5431, .T. ) ;
#2449 = DIRECTION ( 'NONE',  ( 0.000000000000000000, 1.000000000000000000, 0.000000000000000000 ) ) ;
#2450 = ORIENTED_EDGE ( 'NONE', *, *, #757, .F. ) ;
#2451 = ORIENTED_EDGE ( 'NONE', *, *, #5368, .T. ) ;
#2452 = DIRECTION ( 'NONE',  ( -0.000000000000000000, 1.000000000000000000, -0.000000000000000000 ) ) ;
#2453 = EDGE_CURVE ( 'NONE', #1731, #7298, #4893, .T. ) ;
#2454 = CARTESIAN_POINT ( 'NONE',  ( 211.9999999999999716, 4.000000000000000000, -17.00000000000000000 ) ) ;
#2455 = ORIENTED_EDGE ( 'NONE', *, *, #4230, .F. ) ;
#2456 = ORIENTED_EDGE ( 'NONE', *, *, #9006, .T. ) ;
#2457 = DIRECTION ( 'NONE',  ( 0.000000000000000000, 0.000000000000000000, 1.000000000000000000 ) ) ;
#2458 = VECTOR ( 'NONE', #4822, 1000.000000000000000 ) ;
#2459 = CARTESIAN_POINT ( 'NONE',  ( 215.9999999999999716, 9.000000000000001776, -44.00000000000000711 ) ) ;
#2460 = LINE ( 'NONE', #8348, #9316 ) ;
#2461 = DIRECTION ( 'NONE',  ( -1.000000000000000000, -0.000000000000000000, -0.000000000000000000 ) ) ;
#2462 = FACE_OUTER_BOUND ( 'NONE', #1392, .T. ) ;
#2463 = LINE ( 'NONE', #153, #6229 ) ;
#2464 = LINE ( 'NONE', #1034, #8249 ) ;
#2465 = ORIENTED_EDGE ( 'NONE', *, *, #1634, .F. ) ;
#2466 = CARTESIAN_POINT ( 'NONE',  ( 2.000000000000000000, 0.000000000000000000, -2.000000000000000000 ) ) ;
#2467 = CIRCLE ( 'NONE', #9318, 3.250000000000002665 ) ;
#2468 = EDGE_CURVE ( 'NONE', #7052, #4471, #3844, .T. ) ;
#2469 = ORIENTED_EDGE ( 'NONE', *, *, #2653, .T. ) ;
#2470 = ORIENTED_EDGE ( 'NONE', *, *, #8395, .F. ) ;
#2471 = CARTESIAN_POINT ( 'NONE',  ( 214.9999999999999716, 21.00000000000000000, -109.6999999999999886 ) ) ;
#2472 = ORIENTED_EDGE ( 'NONE', *, *, #8554, .T. ) ;
#2473 = CARTESIAN_POINT ( 'NONE',  ( 167.0000000000000000, -0.001000000000000132727, -117.9999999999999716 ) ) ;
#2474 = DIRECTION ( 'NONE',  ( 0.000000000000000000, 0.000000000000000000, 1.000000000000000000 ) ) ;
#2475 = ORIENTED_EDGE ( 'NONE', *, *, #8969, .F. ) ;
#2476 = EDGE_CURVE ( 'NONE', #4453, #1005, #118, .T. ) ;
#2477 = DIRECTION ( 'NONE',  ( -0.000000000000000000, 0.7071067811865474617, 0.7071067811865474617 ) ) ;
#2478 = DIRECTION ( 'NONE',  ( 0.000000000000000000, 0.000000000000000000, 1.000000000000000000 ) ) ;
#2479 = VECTOR ( 'NONE', #8641, 1000.000000000000114 ) ;
#2480 = ORIENTED_EDGE ( 'NONE', *, *, #6524, .F. ) ;
#2481 = VECTOR ( 'NONE', #4272, 1000.000000000000000 ) ;
#2482 = DIRECTION ( 'NONE',  ( 0.000000000000000000, 0.000000000000000000, 1.000000000000000000 ) ) ;
#2483 = FACE_OUTER_BOUND ( 'NONE', #3590, .T. ) ;
#2484 = CARTESIAN_POINT ( 'NONE',  ( 160.9999999999999716, 4.000000000000000000, -44.00000000000000000 ) ) ;
#2485 = FACE_BOUND ( 'NONE', #5376, .T. ) ;
#2486 = CARTESIAN_POINT ( 'NONE',  ( 65.00000000000000000, 4.000000000000000000, -33.00000000000000000 ) ) ;
#2487 = ORIENTED_EDGE ( 'NONE', *, *, #2702, .F. ) ;
#2488 = ORIENTED_EDGE ( 'NONE', *, *, #5733, .F. ) ;
#2489 = VERTEX_POINT ( 'NONE', #2371 ) ;
#2490 = PLANE ( 'NONE',  #7245 ) ;
#2491 = PLANE ( 'NONE',  #5517 ) ;
#2492 = CARTESIAN_POINT ( 'NONE',  ( 24.99999999999999645, 9.000000000000001776, -103.9999999999999858 ) ) ;
#2493 = ORIENTED_EDGE ( 'NONE', *, *, #5799, .T. ) ;
#2494 = ORIENTED_EDGE ( 'NONE', *, *, #1318, .T. ) ;
#2495 = CARTESIAN_POINT ( 'NONE',  ( 236.9999999999999716, 0.000000000000000000, 0.000000000000000000 ) ) ;
#2496 = DIRECTION ( 'NONE',  ( 1.000000000000000000, 0.000000000000000000, 0.000000000000000000 ) ) ;
#2497 = VECTOR ( 'NONE', #1086, 1000.000000000000000 ) ;
#2498 = EDGE_CURVE ( 'NONE', #6171, #1097, #2212, .T. ) ;
#2499 = EDGE_LOOP ( 'NONE', ( #3018, #488 ) ) ;
#2500 = ORIENTED_EDGE ( 'NONE', *, *, #4932, .T. ) ;
#2501 = CARTESIAN_POINT ( 'NONE',  ( 204.9999999999999716, -0.001000000000000132727, -33.00000000000000000 ) ) ;
#2502 = EDGE_CURVE ( 'NONE', #1150, #6508, #1642, .T. ) ;
#2503 = EDGE_CURVE ( 'NONE', #9215, #6014, #4631, .T. ) ;
#2504 = LINE ( 'NONE', #5460, #182 ) ;
#2505 = CARTESIAN_POINT ( 'NONE',  ( 197.9999999999999432, -0.001000000000000132727, -33.00000000000000000 ) ) ;
#2506 = CARTESIAN_POINT ( 'NONE',  ( 136.9999999999999432, 8.000000000000000000, -19.30000000000000426 ) ) ;
#2507 = DIRECTION ( 'NONE',  ( -0.000000000000000000, 1.000000000000000000, 0.000000000000000000 ) ) ;
#2508 = CARTESIAN_POINT ( 'NONE',  ( 195.0000000000000000, 4.000000000000000000, -133.9999999999999716 ) ) ;
#2509 = CARTESIAN_POINT ( 'NONE',  ( 2.000000000000000000, 4.000000000000000000, 0.000000000000000000 ) ) ;
#2510 = VERTEX_POINT ( 'NONE', #9431 ) ;
#2511 = DIRECTION ( 'NONE',  ( -0.000000000000000000, 1.000000000000000000, -0.000000000000000000 ) ) ;
#2512 = ADVANCED_FACE ( 'NONE', ( #418 ), #457, .T. ) ;
#2513 = ORIENTED_EDGE ( 'NONE', *, *, #2590, .T. ) ;
#2514 = VERTEX_POINT ( 'NONE', #7964 ) ;
#2515 = CARTESIAN_POINT ( 'NONE',  ( 236.9999999999999716, 2.000000000000000000, -147.0000000000000000 ) ) ;
#2516 = LINE ( 'NONE', #2571, #6096 ) ;
#2517 = EDGE_LOOP ( 'NONE', ( #4253, #1569, #12, #8462 ) ) ;
#2518 = CARTESIAN_POINT ( 'NONE',  ( 79.00000000000000000, -0.001000000000000132727, -133.9999999999999716 ) ) ;
#2519 = DIRECTION ( 'NONE',  ( 0.000000000000000000, 0.000000000000000000, 1.000000000000000000 ) ) ;
#2520 = EDGE_LOOP ( 'NONE', ( #3295, #1579, #5452, #2487 ) ) ;
#2521 = VECTOR ( 'NONE', #1232, 1000.000000000000000 ) ;
#2522 = ADVANCED_FACE ( 'NONE', ( #3402 ), #7092, .F. ) ;
#2523 = CARTESIAN_POINT ( 'NONE',  ( 160.0000000000000000, 4.000000000000000000, -133.9999999999999716 ) ) ;
#2524 = LINE ( 'NONE', #4838, #7722 ) ;
#2525 = VECTOR ( 'NONE', #648, 1000.000000000000000 ) ;
#2526 = ORIENTED_EDGE ( 'NONE', *, *, #8554, .F. ) ;
#2527 = LINE ( 'NONE', #6409, #8809 ) ;
#2528 = DIRECTION ( 'NONE',  ( 1.049727191138617586E-16, 0.5150380749100555988, -0.8571673007021114454 ) ) ;
#2529 = LINE ( 'NONE', #4095, #7373 ) ;
#2530 = VECTOR ( 'NONE', #936, 1000.000000000000000 ) ;
#2531 = VECTOR ( 'NONE', #1681, 1000.000000000000000 ) ;
#2532 = CARTESIAN_POINT ( 'NONE',  ( 23.99999999999999289, 29.00000000000000000, -107.9999999999999858 ) ) ;
#2533 = EDGE_CURVE ( 'NONE', #9405, #7105, #2017, .T. ) ;
#2534 = ORIENTED_EDGE ( 'NONE', *, *, #2016, .F. ) ;
#2535 = ORIENTED_EDGE ( 'NONE', *, *, #913, .T. ) ;
#2536 = VECTOR ( 'NONE', #3546, 1000.000000000000000 ) ;
#2537 = CIRCLE ( 'NONE', #3781, 1.750000000000001554 ) ;
#2538 = VERTEX_POINT ( 'NONE', #7826 ) ;
#2539 = ORIENTED_EDGE ( 'NONE', *, *, #3350, .T. ) ;
#2540 = DIRECTION ( 'NONE',  ( 0.000000000000000000, 0.000000000000000000, 1.000000000000000000 ) ) ;
#2541 = CARTESIAN_POINT ( 'NONE',  ( 135.7199999999999704, 4.000000000000000000, -97.99999999999998579 ) ) ;
#2542 = CIRCLE ( 'NONE', #5531, 3.250000000000002665 ) ;
#2543 = VECTOR ( 'NONE', #792, 1000.000000000000000 ) ;
#2544 = FILL_AREA_STYLE_COLOUR ( '', #6966 ) ;
#2545 = VERTEX_POINT ( 'NONE', #7226 ) ;
#2546 = ORIENTED_EDGE ( 'NONE', *, *, #7951, .F. ) ;
#2547 = CARTESIAN_POINT ( 'NONE',  ( 177.0000000000000000, 0.000000000000000000, -133.9999999999999716 ) ) ;
#2548 = VECTOR ( 'NONE', #3649, 1000.000000000000000 ) ;
#2549 = CONICAL_SURFACE ( 'NONE', #2217, 1.700000000000007061, 1.029744258676656310 ) ;
#2550 = CARTESIAN_POINT ( 'NONE',  ( 205.0000000000000284, 4.000000000000000000, -133.9999999999999716 ) ) ;
#2551 =( BOUNDED_CURVE ( )  B_SPLINE_CURVE ( 3, ( #4262, #4350, #3614, #683 ),
 .UNSPECIFIED., .F., .F. ) 
 B_SPLINE_CURVE_WITH_KNOTS ( ( 4, 4 ),
 ( 4.712388980384689674, 6.283185307179586232 ),
 .UNSPECIFIED. ) 
 CURVE ( )  GEOMETRIC_REPRESENTATION_ITEM ( )  RATIONAL_B_SPLINE_CURVE ( ( 1.000000000000000000, 0.8047378541243649375, 0.8047378541243649375, 1.000000000000000000 ) ) 
 REPRESENTATION_ITEM ( '' )  );
#2552 = AXIS2_PLACEMENT_3D ( 'NONE', #5642, #8626, #1897 ) ;
#2553 = VERTEX_POINT ( 'NONE', #1931 ) ;
#2554 = EDGE_CURVE ( 'NONE', #7831, #6226, #7873, .T. ) ;
#2555 = ORIENTED_EDGE ( 'NONE', *, *, #2391, .T. ) ;
#2556 = DIRECTION ( 'NONE',  ( 0.000000000000000000, 1.000000000000000000, 0.000000000000000000 ) ) ;
#2557 = CARTESIAN_POINT ( 'NONE',  ( 183.9999999999999716, 0.000000000000000000, -33.00000000000000000 ) ) ;
#2558 = CARTESIAN_POINT ( 'NONE',  ( 214.9999999999999716, 21.00000000000000000, -43.29999999999999005 ) ) ;
#2559 = DIRECTION ( 'NONE',  ( 0.000000000000000000, 0.7071067811865474617, 0.7071067811865474617 ) ) ;
#2560 = CARTESIAN_POINT ( 'NONE',  ( 202.0000000000000000, 0.000000000000000000, -133.9999999999999716 ) ) ;
#2561 = DIRECTION ( 'NONE',  ( -1.000000000000000000, 0.000000000000000000, 0.000000000000000000 ) ) ;
#2562 = CARTESIAN_POINT ( 'NONE',  ( 135.7199999999999704, 0.000000000000000000, -97.99999999999998579 ) ) ;
#2563 = ORIENTED_EDGE ( 'NONE', *, *, #5850, .F. ) ;
#2564 = VECTOR ( 'NONE', #678, 1000.000000000000000 ) ;
#2565 = FACE_OUTER_BOUND ( 'NONE', #9511, .T. ) ;
#2566 = ADVANCED_FACE ( 'NONE', ( #3359 ), #5015, .T. ) ;
#2567 = AXIS2_PLACEMENT_3D ( 'NONE', #5623, #7960, #4277 ) ;
#2568 = ORIENTED_EDGE ( 'NONE', *, *, #2138, .T. ) ;
#2569 = EDGE_LOOP ( 'NONE', ( #6963, #266 ) ) ;
#2570 = CARTESIAN_POINT ( 'NONE',  ( 62.00000000000000711, 4.000000000000000000, -117.9999999999999716 ) ) ;
#2571 = CARTESIAN_POINT ( 'NONE',  ( 30.00000000000000000, -0.001000000000000132727, -117.9999999999999858 ) ) ;
#2572 = ORIENTED_EDGE ( 'NONE', *, *, #371, .T. ) ;
#2573 = CARTESIAN_POINT ( 'NONE',  ( 7.669999999999999929, 4.000000000000000000, -139.9999999999999716 ) ) ;
#2574 = VECTOR ( 'NONE', #5837, 1000.000000000000000 ) ;
#2575 = CARTESIAN_POINT ( 'NONE',  ( 212.0000000000000000, 0.000000000000000000, -117.9999999999999858 ) ) ;
#2576 = ORIENTED_EDGE ( 'NONE', *, *, #7686, .F. ) ;
#2577 = ADVANCED_FACE ( 'NONE', ( #4973 ), #1140, .F. ) ;
#2578 = FACE_BOUND ( 'NONE', #6551, .T. ) ;
#2579 = EDGE_CURVE ( 'NONE', #3119, #4705, #1226, .T. ) ;
#2580 = DIRECTION ( 'NONE',  ( 4.625929269271487689E-15, 0.000000000000000000, 1.000000000000000000 ) ) ;
#2581 = PRESENTATION_LAYER_ASSIGNMENT (  '', '', ( #4138 ) ) ;
#2582 = ORIENTED_EDGE ( 'NONE', *, *, #2914, .F. ) ;
#2583 = LINE ( 'NONE', #1092, #6474 ) ;
#2584 = LINE ( 'NONE', #5586, #2038 ) ;
#2585 = VECTOR ( 'NONE', #9202, 1000.000000000000000 ) ;
#2586 = DIRECTION ( 'NONE',  ( -1.000000000000000000, -0.000000000000000000, -0.000000000000000000 ) ) ;
#2587 = VECTOR ( 'NONE', #7166, 1000.000000000000000 ) ;
#2588 = LINE ( 'NONE', #2386, #1011 ) ;
#2589 = ORIENTED_EDGE ( 'NONE', *, *, #8325, .T. ) ;
#2590 = EDGE_CURVE ( 'NONE', #9259, #5451, #1089, .T. ) ;
#2591 = VECTOR ( 'NONE', #4998, 1000.000000000000000 ) ;
#2592 = EDGE_CURVE ( 'NONE', #4381, #9428, #3499, .T. ) ;
#2593 = EDGE_LOOP ( 'NONE', ( #3054, #3106, #9087, #8909 ) ) ;
#2594 = CARTESIAN_POINT ( 'NONE',  ( 97.00000000000000000, -0.001000000000000132727, -133.9999999999999716 ) ) ;
#2595 = LINE ( 'NONE', #6278, #8488 ) ;
#2596 = PLANE ( 'NONE',  #4607 ) ;
#2597 = VERTEX_POINT ( 'NONE', #6405 ) ;
#2598 = ORIENTED_EDGE ( 'NONE', *, *, #3031, .T. ) ;
#2599 = CARTESIAN_POINT ( 'NONE',  ( 44.00000000000000000, 0.000000000000000000, -117.9999999999999858 ) ) ;
#2600 = DIRECTION ( 'NONE',  ( 0.000000000000000000, -1.000000000000000000, 0.000000000000000000 ) ) ;
#2601 = ORIENTED_EDGE ( 'NONE', *, *, #36, .F. ) ;
#2602 = VERTEX_POINT ( 'NONE', #8007 ) ;
#2603 = DIRECTION ( 'NONE',  ( -1.000000000000000000, 0.000000000000000000, -2.312964634635743844E-15 ) ) ;
#2604 = PLANE ( 'NONE',  #8166 ) ;
#2605 = CARTESIAN_POINT ( 'NONE',  ( 215.9999999999999716, 0.000000000000000000, -44.00000000000000711 ) ) ;
#2606 = ORIENTED_EDGE ( 'NONE', *, *, #59, .F. ) ;
#2607 = FACE_OUTER_BOUND ( 'NONE', #8237, .T. ) ;
#2608 = FACE_OUTER_BOUND ( 'NONE', #8539, .T. ) ;
#2609 = FACE_OUTER_BOUND ( 'NONE', #6354, .T. ) ;
#2610 = LINE ( 'NONE', #5700, #4334 ) ;
#2611 = ORIENTED_EDGE ( 'NONE', *, *, #6664, .F. ) ;
#2612 = ADVANCED_FACE ( 'NONE', ( #6363 ), #2664, .F. ) ;
#2613 = CARTESIAN_POINT ( 'NONE',  ( 225.7699999999999818, 4.000000000000000000, -138.2499999999999716 ) ) ;
#2614 = VECTOR ( 'NONE', #4868, 1000.000000000000000 ) ;
#2615 = ORIENTED_EDGE ( 'NONE', *, *, #9226, .F. ) ;
#2616 = ORIENTED_EDGE ( 'NONE', *, *, #941, .F. ) ;
#2617 = LINE ( 'NONE', #6212, #8333 ) ;
#2618 = PLANE ( 'NONE',  #2170 ) ;
#2619 = ORIENTED_EDGE ( 'NONE', *, *, #2878, .T. ) ;
#2620 = CARTESIAN_POINT ( 'NONE',  ( 134.9999999999999716, -0.001000000000000132727, -133.9999999999999716 ) ) ;
#2621 = FACE_OUTER_BOUND ( 'NONE', #931, .T. ) ;
#2622 = VERTEX_POINT ( 'NONE', #3542 ) ;
#2623 = FACE_BOUND ( 'NONE', #7248, .T. ) ;
#2624 = CARTESIAN_POINT ( 'NONE',  ( 188.0000000000000000, 0.000000000000000000, -117.9999999999999716 ) ) ;
#2625 = AXIS2_PLACEMENT_3D ( 'NONE', #9132, #1722, #4715 ) ;
#2626 = ORIENTED_EDGE ( 'NONE', *, *, #7502, .F. ) ;
#2627 = ADVANCED_FACE ( 'NONE', ( #9384, #6542, #2578, #5581, #2623, #8565, #9342, #5625, #4882, #8610, #1879, #7144, #5665, #4931, #1183, #4185, #646, #4419, #1422, #8982, #8200, #7419, #7466, #701, #2996, #5851, #3634, #2901, #5260, #786, #3685, #4467, #6687, #6735, #2846, #3778, #9674, #6642, #2948, #2117, #5944, #3588, #4323, #2258, #8930, #2207, #5798, #9567, #8787, #5069, #5215, #1472, #8839, #742 ), #9624, .T. ) ;
#2628 = DIRECTION ( 'NONE',  ( -0.000000000000000000, 1.000000000000000000, -0.000000000000000000 ) ) ;
#2629 = EDGE_CURVE ( 'NONE', #6169, #8411, #9522, .T. ) ;
#2630 = EDGE_CURVE ( 'NONE', #3502, #1529, #8106, .T. ) ;
#2631 = DIRECTION ( 'NONE',  ( 1.000000000000000000, 0.000000000000000000, 0.000000000000000000 ) ) ;
#2632 = FACE_BOUND ( 'NONE', #2517, .T. ) ;
#2633 = DIRECTION ( 'NONE',  ( 0.000000000000000000, 0.000000000000000000, 1.000000000000000000 ) ) ;
#2634 = ORIENTED_EDGE ( 'NONE', *, *, #6521, .F. ) ;
#2635 = LINE ( 'NONE', #5635, #5690 ) ;
#2636 = DIRECTION ( 'NONE',  ( 0.000000000000000000, 0.000000000000000000, 1.000000000000000000 ) ) ;
#2637 = DIRECTION ( 'NONE',  ( 0.000000000000000000, 0.000000000000000000, 1.000000000000000000 ) ) ;
#2638 = LINE ( 'NONE', #8624, #9305 ) ;
#2639 = EDGE_LOOP ( 'NONE', ( #9524, #6942, #6439, #1338 ) ) ;
#2640 = PLANE ( 'NONE',  #2552 ) ;
#2641 = EDGE_CURVE ( 'NONE', #8762, #690, #8149, .T. ) ;
#2642 = ORIENTED_EDGE ( 'NONE', *, *, #6228, .T. ) ;
#2643 = ORIENTED_EDGE ( 'NONE', *, *, #9559, .F. ) ;
#2644 = DIRECTION ( 'NONE',  ( -0.000000000000000000, 1.000000000000000000, -0.000000000000000000 ) ) ;
#2645 = LINE ( 'NONE', #2557, #9104 ) ;
#2646 = DIRECTION ( 'NONE',  ( 0.000000000000000000, 0.000000000000000000, -1.000000000000000000 ) ) ;
#2647 = CARTESIAN_POINT ( 'NONE',  ( 24.99999999999999645, 29.00000000000000000, -103.9999999999999858 ) ) ;
#2648 = CARTESIAN_POINT ( 'NONE',  ( 76.00000000000001421, 4.000000000000000000, -33.00000000000000711 ) ) ;
#2649 = CARTESIAN_POINT ( 'NONE',  ( 215.9999999999999716, 9.000000000000001776, -44.00000000000000711 ) ) ;
#2650 = LINE ( 'NONE', #4171, #2479 ) ;
#2651 = VERTEX_POINT ( 'NONE', #1519 ) ;
#2652 = EDGE_CURVE ( 'NONE', #2931, #545, #5354, .T. ) ;
#2653 = EDGE_CURVE ( 'NONE', #9352, #4127, #5899, .T. ) ;
#2654 = CARTESIAN_POINT ( 'NONE',  ( 210.9999999999999716, 12.75735931288069835, -47.75735931288071612 ) ) ;
#2655 = VECTOR ( 'NONE', #2710, 1000.000000000000000 ) ;
#2656 = VERTEX_POINT ( 'NONE', #8889 ) ;
#2657 = ORIENTED_EDGE ( 'NONE', *, *, #913, .F. ) ;
#2658 = CARTESIAN_POINT ( 'NONE',  ( 135.7199999999999704, 6.000000000000000000, -51.99999999999999289 ) ) ;
#2659 = CARTESIAN_POINT ( 'NONE',  ( 90.00000000000000000, -0.001000000000000132727, -133.9999999999999716 ) ) ;
#2660 = CARTESIAN_POINT ( 'NONE',  ( 7.669999999999999929, 2.000000000000000000, -139.9999999999999716 ) ) ;
#2661 = DIRECTION ( 'NONE',  ( 0.000000000000000000, 0.000000000000000000, 1.000000000000000000 ) ) ;
#2662 = DIRECTION ( 'NONE',  ( -1.000000000000000000, 0.000000000000000000, -0.000000000000000000 ) ) ;
#2663 = ORIENTED_EDGE ( 'NONE', *, *, #1954, .T. ) ;
#2664 = CYLINDRICAL_SURFACE ( 'NONE', #5033, 1.699999999999993072 ) ;
#2665 = CARTESIAN_POINT ( 'NONE',  ( 34.00000000000000000, 4.000000000000000000, -117.9999999999999716 ) ) ;
#2666 = ORIENTED_EDGE ( 'NONE', *, *, #6234, .F. ) ;
#2667 = CARTESIAN_POINT ( 'NONE',  ( 169.9999999999999432, 0.000000000000000000, -17.00000000000000000 ) ) ;
#2668 = ADVANCED_FACE ( 'NONE', ( #2163 ), #7323, .T. ) ;
#2669 = LINE ( 'NONE', #9438, #2521 ) ;
#2670 = LINE ( 'NONE', #7236, #4780 ) ;
#2671 = EDGE_LOOP ( 'NONE', ( #7322, #3112, #6912, #8301 ) ) ;
#2672 = DIRECTION ( 'NONE',  ( -2.168404344971008868E-16, -0.000000000000000000, -1.000000000000000000 ) ) ;
#2673 = VECTOR ( 'NONE', #1932, 1000.000000000000000 ) ;
#2674 = EDGE_CURVE ( 'NONE', #5124, #1542, #3315, .T. ) ;
#2675 = EDGE_CURVE ( 'NONE', #5727, #2050, #4778, .T. ) ;
#2676 = ORIENTED_EDGE ( 'NONE', *, *, #2414, .F. ) ;
#2677 = VECTOR ( 'NONE', #3537, 1000.000000000000000 ) ;
#2678 = VECTOR ( 'NONE', #2122, 1000.000000000000000 ) ;
#2679 = DIRECTION ( 'NONE',  ( 0.000000000000000000, 0.000000000000000000, 1.000000000000000000 ) ) ;
#2680 = LINE ( 'NONE', #7338, #3655 ) ;
#2681 = EDGE_LOOP ( 'NONE', ( #3355, #6302, #7859, #5808, #7838 ) ) ;
#2682 = CARTESIAN_POINT ( 'NONE',  ( 225.7699999999999818, 2.000000000000000000, -5.249999999999998224 ) ) ;
#2683 = ADVANCED_FACE ( 'NONE', ( #3209 ), #7771, .F. ) ;
#2684 = VECTOR ( 'NONE', #933, 1000.000000000000000 ) ;
#2685 = AXIS2_PLACEMENT_3D ( 'NONE', #3731, #5115, #8058 ) ;
#2686 = EDGE_CURVE ( 'NONE', #1731, #6171, #6988, .T. ) ;
#2687 = ORIENTED_EDGE ( 'NONE', *, *, #4378, .F. ) ;
#2688 = VERTEX_POINT ( 'NONE', #892 ) ;
#2689 = CARTESIAN_POINT ( 'NONE',  ( 51.00000000000000711, -0.001000000000000132727, -33.00000000000000000 ) ) ;
#2690 = VECTOR ( 'NONE', #905, 1000.000000000000000 ) ;
#2691 = AXIS2_PLACEMENT_3D ( 'NONE', #2350, #885, #5208 ) ;
#2692 = CARTESIAN_POINT ( 'NONE',  ( 132.0000000000000000, 0.000000000000000000, -117.9999999999999716 ) ) ;
#2693 = DIRECTION ( 'NONE',  ( 0.000000000000000000, 0.000000000000000000, -1.000000000000000000 ) ) ;
#2694 = VECTOR ( 'NONE', #2637, 1000.000000000000000 ) ;
#2695 = DIRECTION ( 'NONE',  ( 4.625929269271487689E-15, 0.000000000000000000, 1.000000000000000000 ) ) ;
#2696 = PLANE ( 'NONE',  #6185 ) ;
#2697 = LINE ( 'NONE', #9371, #9575 ) ;
#2698 = DIRECTION ( 'NONE',  ( 1.000000000000000000, 0.000000000000000000, -4.625929269271487689E-15 ) ) ;
#2699 = ORIENTED_EDGE ( 'NONE', *, *, #2652, .T. ) ;
#2700 = DIRECTION ( 'NONE',  ( 0.000000000000000000, 0.000000000000000000, 1.000000000000000000 ) ) ;
#2701 = CIRCLE ( 'NONE', #4571, 1.700000000000007061 ) ;
#2702 = EDGE_CURVE ( 'NONE', #2126, #5841, #5469, .T. ) ;
#2703 = ORIENTED_EDGE ( 'NONE', *, *, #3031, .F. ) ;
#2704 = ORIENTED_EDGE ( 'NONE', *, *, #6395, .F. ) ;
#2705 = EDGE_CURVE ( 'NONE', #7529, #2920, #156, .T. ) ;
#2706 = CARTESIAN_POINT ( 'NONE',  ( 111.0000000000000000, -0.001000000000000132727, -133.9999999999999716 ) ) ;
#2707 = DIRECTION ( 'NONE',  ( 0.000000000000000000, 0.000000000000000000, -1.000000000000000000 ) ) ;
#2708 = CARTESIAN_POINT ( 'NONE',  ( 24.00000000000000000, 29.00000000000000000, -45.00000000000000000 ) ) ;
#2709 = VECTOR ( 'NONE', #4741, 1000.000000000000000 ) ;
#2710 = DIRECTION ( 'NONE',  ( -0.000000000000000000, 1.000000000000000000, -0.000000000000000000 ) ) ;
#2711 = AXIS2_PLACEMENT_3D ( 'NONE', #7932, #8021, #6415 ) ;
#2712 = CARTESIAN_POINT ( 'NONE',  ( 190.9999999999999432, 0.000000000000000000, -33.00000000000000000 ) ) ;
#2713 = VERTEX_POINT ( 'NONE', #3929 ) ;
#2714 = DIRECTION ( 'NONE',  ( 1.000000000000000000, -0.000000000000000000, 0.000000000000000000 ) ) ;
#2715 = DIRECTION ( 'NONE',  ( 1.000000000000000000, 0.000000000000000000, 0.000000000000000000 ) ) ;
#2716 = EDGE_LOOP ( 'NONE', ( #7278, #7694, #1111, #6989 ) ) ;
#2717 = CARTESIAN_POINT ( 'NONE',  ( 27.99999999999999645, 29.00000000000000000, -106.9999999999999858 ) ) ;
#2718 = CARTESIAN_POINT ( 'NONE',  ( 215.9999999999999716, 4.000000000000000000, -111.9999999999999858 ) ) ;
#2719 = DIRECTION ( 'NONE',  ( -0.000000000000000000, 1.000000000000000000, -0.000000000000000000 ) ) ;
#2720 = ORIENTED_EDGE ( 'NONE', *, *, #1525, .F. ) ;
#2721 = MECHANICAL_DESIGN_GEOMETRIC_PRESENTATION_REPRESENTATION (  '', ( #4138 ), #4774 ) ;
#2722 = CARTESIAN_POINT ( 'NONE',  ( 83.00000000000000000, 4.000000000000000000, -117.9999999999999716 ) ) ;
#2723 = EDGE_CURVE ( 'NONE', #8545, #515, #8453, .T. ) ;
#2724 = VECTOR ( 'NONE', #761, 1000.000000000000000 ) ;
#2725 = CARTESIAN_POINT ( 'NONE',  ( 160.0000000000000000, 4.000000000000000000, -133.9999999999999716 ) ) ;
#2726 = CARTESIAN_POINT ( 'NONE',  ( 128.0000000000000000, 0.000000000000000000, -133.9999999999999716 ) ) ;
#2727 = EDGE_CURVE ( 'NONE', #2321, #9011, #3252, .T. ) ;
#2728 = CARTESIAN_POINT ( 'NONE',  ( 195.0000000000000000, 0.000000000000000000, -117.9999999999999716 ) ) ;
#2729 = ORIENTED_EDGE ( 'NONE', *, *, #8786, .F. ) ;
#2730 = DIRECTION ( 'NONE',  ( 0.000000000000000000, 0.000000000000000000, 1.000000000000000000 ) ) ;
#2731 = ORIENTED_EDGE ( 'NONE', *, *, #4369, .F. ) ;
#2732 = ORIENTED_EDGE ( 'NONE', *, *, #407, .F. ) ;
#2733 = LINE ( 'NONE', #2689, #3493 ) ;
#2734 = EDGE_CURVE ( 'NONE', #3763, #3888, #211, .T. ) ;
#2735 = DIRECTION ( 'NONE',  ( -0.000000000000000000, 1.000000000000000000, -0.000000000000000000 ) ) ;
#2736 = DIRECTION ( 'NONE',  ( -2.168404344971008868E-16, -0.000000000000000000, -1.000000000000000000 ) ) ;
#2737 = EDGE_CURVE ( 'NONE', #8800, #8081, #3882, .T. ) ;
#2738 = LINE ( 'NONE', #9369, #7570 ) ;
#2739 = EDGE_CURVE ( 'NONE', #6486, #4551, #4564, .T. ) ;
#2740 = PLANE ( 'NONE',  #8952 ) ;
#2741 = CARTESIAN_POINT ( 'NONE',  ( 210.9999999999999716, 29.00000000000000000, -46.00000000000000711 ) ) ;
#2742 = EDGE_LOOP ( 'NONE', ( #1994, #7365, #7201, #5312 ) ) ;
#2743 = DIRECTION ( 'NONE',  ( -0.000000000000000000, -0.000000000000000000, -1.000000000000000000 ) ) ;
#2744 = VERTEX_POINT ( 'NONE', #7719 ) ;
#2745 = ORIENTED_EDGE ( 'NONE', *, *, #2942, .T. ) ;
#2746 = ORIENTED_EDGE ( 'NONE', *, *, #279, .T. ) ;
#2747 = CARTESIAN_POINT ( 'NONE',  ( 215.9999999999999716, 14.00000000000003375, -103.9999999999999858 ) ) ;
#2748 = DIRECTION ( 'NONE',  ( -2.168404344971008868E-16, -0.000000000000000000, -1.000000000000000000 ) ) ;
#2749 = DIRECTION ( 'NONE',  ( -0.000000000000000000, 1.000000000000000000, -0.000000000000000000 ) ) ;
#2750 = CARTESIAN_POINT ( 'NONE',  ( 118.0000000000000000, -0.001000000000000132727, -117.9999999999999716 ) ) ;
#2751 = ORIENTED_EDGE ( 'NONE', *, *, #8702, .F. ) ;
#2752 = CARTESIAN_POINT ( 'NONE',  ( 51.00000000000000711, -0.001000000000000132727, -117.9999999999999858 ) ) ;
#2753 = ADVANCED_FACE ( 'NONE', ( #7571 ), #6885, .F. ) ;
#2754 = LINE ( 'NONE', #4975, #2194 ) ;
#2755 = ORIENTED_EDGE ( 'NONE', *, *, #530, .F. ) ;
#2756 = LINE ( 'NONE', #5757, #2834 ) ;
#2757 = EDGE_CURVE ( 'NONE', #6156, #5789, #3154, .T. ) ;
#2758 = DIRECTION ( 'NONE',  ( 0.000000000000000000, 0.000000000000000000, 1.000000000000000000 ) ) ;
#2759 = DIRECTION ( 'NONE',  ( 2.168404344971007882E-16, 0.000000000000000000, 1.000000000000000000 ) ) ;
#2760 = DIRECTION ( 'NONE',  ( -2.168404344971008868E-16, -0.000000000000000000, -1.000000000000000000 ) ) ;
#2761 = ORIENTED_EDGE ( 'NONE', *, *, #6828, .F. ) ;
#2762 = EDGE_LOOP ( 'NONE', ( #673, #4326, #8587, #7431 ) ) ;
#2763 = PLANE ( 'NONE',  #3333 ) ;
#2764 = CIRCLE ( 'NONE', #5610, 1.699999999999993072 ) ;
#2765 = EDGE_CURVE ( 'NONE', #8950, #6561, #6208, .T. ) ;
#2766 = CARTESIAN_POINT ( 'NONE',  ( 7.669999999999999929, 2.000000000000000000, -141.7500000000000000 ) ) ;
#2767 = VERTEX_POINT ( 'NONE', #5309 ) ;
#2768 = ORIENTED_EDGE ( 'NONE', *, *, #5758, .T. ) ;
#2769 = LINE ( 'NONE', #5770, #3319 ) ;
#2770 = EDGE_CURVE ( 'NONE', #2828, #5470, #6152, .T. ) ;
#2771 = CARTESIAN_POINT ( 'NONE',  ( 195.0000000000000000, 4.000000000000000000, -117.9999999999999716 ) ) ;
#2772 = ORIENTED_EDGE ( 'NONE', *, *, #2198, .F. ) ;
#2773 = DIRECTION ( 'NONE',  ( -2.168404344971008868E-16, -0.000000000000000000, -1.000000000000000000 ) ) ;
#2774 = AXIS2_PLACEMENT_3D ( 'NONE', #9362, #4858, #3328 ) ;
#2775 = VERTEX_POINT ( 'NONE', #9184 ) ;
#2776 = ORIENTED_EDGE ( 'NONE', *, *, #2943, .T. ) ;
#2777 = LINE ( 'NONE', #7299, #7886 ) ;
#2778 = VECTOR ( 'NONE', #7121, 1000.000000000000000 ) ;
#2779 = DIRECTION ( 'NONE',  ( 4.625929269271487689E-15, 0.000000000000000000, 1.000000000000000000 ) ) ;
#2780 = LINE ( 'NONE', #1355, #3371 ) ;
#2781 = FACE_BOUND ( 'NONE', #4499, .T. ) ;
#2782 = CARTESIAN_POINT ( 'NONE',  ( 215.9999999999999716, 13.99999999999997691, -49.00000000000000711 ) ) ;
#2783 = DIRECTION ( 'NONE',  ( 0.000000000000000000, 1.000000000000000000, 0.000000000000000000 ) ) ;
#2784 = CARTESIAN_POINT ( 'NONE',  ( 93.00000000000000000, 4.000000000000000000, -44.00000000000001421 ) ) ;
#2785 = ORIENTED_EDGE ( 'NONE', *, *, #5136, .T. ) ;
#2786 = DIRECTION ( 'NONE',  ( -0.000000000000000000, 1.000000000000000000, -0.000000000000000000 ) ) ;
#2787 = EDGE_CURVE ( 'NONE', #8896, #2538, #16, .T. ) ;
#2788 = ADVANCED_FACE ( 'NONE', ( #3101 ), #6094, .F. ) ;
#2789 = EDGE_LOOP ( 'NONE', ( #5155, #6789, #5836, #8231 ) ) ;
#2790 = ORIENTED_EDGE ( 'NONE', *, *, #6514, .T. ) ;
#2791 = AXIS2_PLACEMENT_3D ( 'NONE', #6331, #7012, #7284 ) ;
#2792 = DIRECTION ( 'NONE',  ( 4.625929269271487689E-15, 0.000000000000000000, 1.000000000000000000 ) ) ;
#2793 = CARTESIAN_POINT ( 'NONE',  ( 77.71999999999998465, 6.000000000000001776, -48.99999999999998579 ) ) ;
#2794 = PLANE ( 'NONE',  #1745 ) ;
#2795 = CYLINDRICAL_SURFACE ( 'NONE', #4367, 3.000000000000002665 ) ;
#2796 = CARTESIAN_POINT ( 'NONE',  ( 173.9999999999999716, 4.000000000000000000, -33.00000000000000000 ) ) ;
#2797 = ORIENTED_EDGE ( 'NONE', *, *, #3752, .F. ) ;
#2798 = CIRCLE ( 'NONE', #4057, 1.750000000000001554 ) ;
#2799 = DIRECTION ( 'NONE',  ( 2.168404344971007882E-16, 0.000000000000000000, 1.000000000000000000 ) ) ;
#2800 = ADVANCED_FACE ( 'NONE', ( #3984 ), #5418, .F. ) ;
#2801 = LINE ( 'NONE', #6544, #7221 ) ;
#2802 = ORIENTED_EDGE ( 'NONE', *, *, #4120, .T. ) ;
#2803 = DIRECTION ( 'NONE',  ( 1.000000000000000000, 0.000000000000000000, -4.625929269271487689E-15 ) ) ;
#2804 = CARTESIAN_POINT ( 'NONE',  ( 205.0000000000000284, -0.001000000000000132727, -117.9999999999999858 ) ) ;
#2805 = ADVANCED_FACE ( 'NONE', ( #6396 ), #8555, .F. ) ;
#2806 = DIRECTION ( 'NONE',  ( -2.168404344971008868E-16, 0.000000000000000000, -1.000000000000000000 ) ) ;
#2807 = LINE ( 'NONE', #1982, #6654 ) ;
#2808 = EDGE_LOOP ( 'NONE', ( #6915, #9054, #2889, #5530 ) ) ;
#2809 = DIRECTION ( 'NONE',  ( -0.000000000000000000, 1.000000000000000000, -0.000000000000000000 ) ) ;
#2810 = LINE ( 'NONE', #4985, #2390 ) ;
#2811 = VERTEX_POINT ( 'NONE', #304 ) ;
#2812 = CARTESIAN_POINT ( 'NONE',  ( 197.9999999999999432, 4.000000000000000000, -33.00000000000000000 ) ) ;
#2813 = EDGE_CURVE ( 'NONE', #8490, #5753, #4827, .T. ) ;
#2814 = FACE_OUTER_BOUND ( 'NONE', #2333, .T. ) ;
#2815 = PLANE ( 'NONE',  #9154 ) ;
#2816 = ORIENTED_EDGE ( 'NONE', *, *, #252, .F. ) ;
#2817 = CIRCLE ( 'NONE', #9554, 2.000000000000000000 ) ;
#2818 = AXIS2_PLACEMENT_3D ( 'NONE', #1358, #4397, #6571 ) ;
#2819 = ORIENTED_EDGE ( 'NONE', *, *, #7443, .F. ) ;
#2820 = ORIENTED_EDGE ( 'NONE', *, *, #5410, .T. ) ;
#2821 = CARTESIAN_POINT ( 'NONE',  ( 27.00000000000000000, 0.000000000000000000, -133.9999999999999716 ) ) ;
#2822 = DIRECTION ( 'NONE',  ( 0.000000000000000000, 0.000000000000000000, 1.000000000000000000 ) ) ;
#2823 = LINE ( 'NONE', #6670, #4621 ) ;
#2824 = FACE_BOUND ( 'NONE', #686, .T. ) ;
#2825 = CARTESIAN_POINT ( 'NONE',  ( 136.9999999999999432, 2.000000000000000000, -35.00000000000000000 ) ) ;
#2826 = DIRECTION ( 'NONE',  ( 1.000000000000000000, 0.000000000000000000, -0.000000000000000000 ) ) ;
#2827 = DIRECTION ( 'NONE',  ( -1.000000000000000000, 0.000000000000000000, -0.000000000000000000 ) ) ;
#2828 = VERTEX_POINT ( 'NONE', #5654 ) ;
#2829 = AXIS2_PLACEMENT_3D ( 'NONE', #6567, #2779, #6618 ) ;
#2830 = VECTOR ( 'NONE', #9026, 1000.000000000000000 ) ;
#2831 = LINE ( 'NONE', #5786, #2574 ) ;
#2832 = ADVANCED_FACE ( 'NONE', ( #9277 ), #4076, .T. ) ;
#2833 = VECTOR ( 'NONE', #5783, 1000.000000000000000 ) ;
#2834 = VECTOR ( 'NONE', #8749, 1000.000000000000000 ) ;
#2835 = ORIENTED_EDGE ( 'NONE', *, *, #7842, .F. ) ;
#2836 = ORIENTED_EDGE ( 'NONE', *, *, #7066, .T. ) ;
#2837 = VECTOR ( 'NONE', #1399, 1000.000000000000000 ) ;
#2838 = ORIENTED_EDGE ( 'NONE', *, *, #3883, .F. ) ;
#2839 = CARTESIAN_POINT ( 'NONE',  ( 156.0000000000000000, 4.000000000000000000, -133.9999999999999716 ) ) ;
#2840 = CARTESIAN_POINT ( 'NONE',  ( 135.7199999999999704, 6.000000000000000000, -48.99999999999999289 ) ) ;
#2841 = DIRECTION ( 'NONE',  ( -0.000000000000000000, 1.000000000000000000, -0.000000000000000000 ) ) ;
#2842 = DIRECTION ( 'NONE',  ( 0.000000000000000000, 0.000000000000000000, -1.000000000000000000 ) ) ;
#2843 = FACE_OUTER_BOUND ( 'NONE', #8502, .T. ) ;
#2844 = EDGE_LOOP ( 'NONE', ( #8667, #2087 ) ) ;
#2845 = EDGE_CURVE ( 'NONE', #9665, #4857, #4026, .T. ) ;
#2846 = FACE_BOUND ( 'NONE', #8441, .T. ) ;
#2847 = CIRCLE ( 'NONE', #8344, 1.699999999999993072 ) ;
#2848 = CIRCLE ( 'NONE', #7100, 1.749999999999987566 ) ;
#2849 = DIRECTION ( 'NONE',  ( -2.168404344971008868E-16, 0.000000000000000000, -1.000000000000000000 ) ) ;
#2850 = ORIENTED_EDGE ( 'NONE', *, *, #2943, .F. ) ;
#2851 = VECTOR ( 'NONE', #517, 1000.000000000000000 ) ;
#2852 = CARTESIAN_POINT ( 'NONE',  ( 77.71999999999998465, 6.000000000000000000, -45.99999999999997868 ) ) ;
#2853 = EDGE_CURVE ( 'NONE', #9016, #6814, #7214, .T. ) ;
#2854 = DIRECTION ( 'NONE',  ( -0.000000000000000000, 1.000000000000000000, -0.000000000000000000 ) ) ;
#2855 = CARTESIAN_POINT ( 'NONE',  ( 79.00000000000000000, 0.000000000000000000, -33.00000000000000000 ) ) ;
#2856 = PLANE ( 'NONE',  #7913 ) ;
#2857 = ADVANCED_FACE ( 'NONE', ( #7173 ), #4959, .F. ) ;
#2858 = ORIENTED_EDGE ( 'NONE', *, *, #8620, .T. ) ;
#2859 = VERTEX_POINT ( 'NONE', #3296 ) ;
#2860 = DIRECTION ( 'NONE',  ( 1.000000000000000000, 0.000000000000000000, -4.625929269271487689E-15 ) ) ;
#2861 = DIRECTION ( 'NONE',  ( 0.000000000000000000, 0.000000000000000000, 1.000000000000000000 ) ) ;
#2862 = VECTOR ( 'NONE', #1181, 1000.000000000000000 ) ;
#2863 = VECTOR ( 'NONE', #2786, 1000.000000000000000 ) ;
#2864 = CARTESIAN_POINT ( 'NONE',  ( 62.00000000000000711, -0.001000000000000132727, -133.9999999999999716 ) ) ;
#2865 = DIRECTION ( 'NONE',  ( -0.000000000000000000, -1.000000000000000000, -0.000000000000000000 ) ) ;
#2866 = VECTOR ( 'NONE', #6027, 1000.000000000000000 ) ;
#2867 = DIRECTION ( 'NONE',  ( -2.168404344971008868E-16, 0.000000000000000000, -1.000000000000000000 ) ) ;
#2868 = VERTEX_POINT ( 'NONE', #2006 ) ;
#2869 = ORIENTED_EDGE ( 'NONE', *, *, #3350, .F. ) ;
#2870 = EDGE_CURVE ( 'NONE', #3561, #9520, #6351, .T. ) ;
#2871 = ADVANCED_FACE ( 'NONE', ( #3485 ), #5741, .F. ) ;
#2872 = AXIS2_PLACEMENT_3D ( 'NONE', #137, #9010, #8914 ) ;
#2873 = EDGE_LOOP ( 'NONE', ( #6266, #1176, #2676, #8078 ) ) ;
#2874 = VERTEX_POINT ( 'NONE', #5702 ) ;
#2875 = CARTESIAN_POINT ( 'NONE',  ( 159.9999999999999432, 4.000000000000000000, -17.00000000000000000 ) ) ;
#2876 = CARTESIAN_POINT ( 'NONE',  ( 111.4999999999999432, 14.00000000000000000, -41.00000000000000000 ) ) ;
#2877 = DIRECTION ( 'NONE',  ( -0.000000000000000000, -0.000000000000000000, -1.000000000000000000 ) ) ;
#2878 = EDGE_CURVE ( 'NONE', #2545, #3985, #6487, .T. ) ;
#2879 = DIRECTION ( 'NONE',  ( 0.000000000000000000, 1.000000000000000000, 0.000000000000000000 ) ) ;
#2880 = DIRECTION ( 'NONE',  ( -0.000000000000000000, 1.000000000000000000, -0.000000000000000000 ) ) ;
#2881 = LINE ( 'NONE', #6673, #3005 ) ;
#2882 = AXIS2_PLACEMENT_3D ( 'NONE', #2079, #8068, #6550 ) ;
#2883 = ORIENTED_EDGE ( 'NONE', *, *, #1394, .F. ) ;
#2884 = CARTESIAN_POINT ( 'NONE',  ( 29.99999999999999645, 0.000000000000000000, -133.9999999999999716 ) ) ;
#2885 = VERTEX_POINT ( 'NONE', #8692 ) ;
#2886 = VECTOR ( 'NONE', #780, 1000.000000000000000 ) ;
#2887 = CARTESIAN_POINT ( 'NONE',  ( 102.0000000000000142, 8.000000000000000000, -36.69999999999999574 ) ) ;
#2888 = AXIS2_PLACEMENT_3D ( 'NONE', #623, #4394, #9547 ) ;
#2889 = ORIENTED_EDGE ( 'NONE', *, *, #6473, .T. ) ;
#2890 = ORIENTED_EDGE ( 'NONE', *, *, #7830, .F. ) ;
#2891 = CARTESIAN_POINT ( 'NONE',  ( 48.00000000000000000, -0.001000000000000132727, -17.00000000000000000 ) ) ;
#2892 = ORIENTED_EDGE ( 'NONE', *, *, #7793, .F. ) ;
#2893 = CARTESIAN_POINT ( 'NONE',  ( 69.00000000000000000, 4.000000000000000000, -17.00000000000000000 ) ) ;
#2894 = CARTESIAN_POINT ( 'NONE',  ( 191.0000000000000000, 4.000000000000000000, -117.9999999999999858 ) ) ;
#2895 = CARTESIAN_POINT ( 'NONE',  ( 215.9999999999999716, 29.00000000000000000, -111.9999999999999858 ) ) ;
#2896 = DIRECTION ( 'NONE',  ( -1.000000000000000000, 0.000000000000000000, 0.000000000000000000 ) ) ;
#2897 = VECTOR ( 'NONE', #3513, 1000.000000000000000 ) ;
#2898 = ADVANCED_FACE ( 'NONE', ( #5613 ), #3435, .F. ) ;
#2899 = CARTESIAN_POINT ( 'NONE',  ( 23.00000000000000000, 4.000000000000000000, -44.00000000000000711 ) ) ;
#2900 = ORIENTED_EDGE ( 'NONE', *, *, #9028, .T. ) ;
#2901 = FACE_BOUND ( 'NONE', #4303, .T. ) ;
#2902 = LINE ( 'NONE', #8299, #6916 ) ;
#2903 = VERTEX_POINT ( 'NONE', #7860 ) ;
#2904 = CARTESIAN_POINT ( 'NONE',  ( 28.00000000000000355, 10.99999999999999289, -45.99999999999997868 ) ) ;
#2905 = CARTESIAN_POINT ( 'NONE',  ( 27.99999999999999645, 29.00000000000000000, -108.9999999999999858 ) ) ;
#2906 = LINE ( 'NONE', #5951, #2406 ) ;
#2907 = ORIENTED_EDGE ( 'NONE', *, *, #8975, .F. ) ;
#2908 = ORIENTED_EDGE ( 'NONE', *, *, #4404, .T. ) ;
#2909 = CARTESIAN_POINT ( 'NONE',  ( 41.00000000000000000, 0.000000000000000000, -133.9999999999999716 ) ) ;
#2910 = DIRECTION ( 'NONE',  ( -0.000000000000000000, 1.000000000000000000, -0.000000000000000000 ) ) ;
#2911 = ADVANCED_FACE ( 'NONE', ( #2565 ), #8600, .F. ) ;
#2912 = EDGE_CURVE ( 'NONE', #8874, #6699, #406, .T. ) ;
#2913 = AXIS2_PLACEMENT_3D ( 'NONE', #5794, #5896, #8886 ) ;
#2914 = EDGE_CURVE ( 'NONE', #3558, #9556, #856, .T. ) ;
#2915 = CARTESIAN_POINT ( 'NONE',  ( 132.0000000000000000, 4.000000000000000000, -117.9999999999999716 ) ) ;
#2916 = CYLINDRICAL_SURFACE ( 'NONE', #5364, 1.749999999999994671 ) ;
#2917 = VERTEX_POINT ( 'NONE', #7077 ) ;
#2918 = DIRECTION ( 'NONE',  ( -0.000000000000000000, -0.000000000000000000, 1.000000000000000000 ) ) ;
#2919 = ORIENTED_EDGE ( 'NONE', *, *, #5936, .F. ) ;
#2920 = VERTEX_POINT ( 'NONE', #1261 ) ;
#2921 = AXIS2_PLACEMENT_3D ( 'NONE', #21, #6657, #9641 ) ;
#2922 = EDGE_CURVE ( 'NONE', #260, #588, #2831, .T. ) ;
#2923 = ORIENTED_EDGE ( 'NONE', *, *, #2554, .F. ) ;
#2924 = VERTEX_POINT ( 'NONE', #9705 ) ;
#2925 = DIRECTION ( 'NONE',  ( 0.000000000000000000, 0.000000000000000000, 1.000000000000000000 ) ) ;
#2926 = CARTESIAN_POINT ( 'NONE',  ( 34.00000000000000000, 4.000000000000000000, -33.00000000000000711 ) ) ;
#2927 = DIRECTION ( 'NONE',  ( 1.000000000000000000, 0.000000000000000000, -4.625929269271487689E-15 ) ) ;
#2928 = EDGE_CURVE ( 'NONE', #439, #5614, #5889, .T. ) ;
#2929 = DIRECTION ( 'NONE',  ( 2.168404344971008128E-16, 0.000000000000000000, 1.000000000000000000 ) ) ;
#2930 = FACE_OUTER_BOUND ( 'NONE', #7408, .T. ) ;
#2931 = VERTEX_POINT ( 'NONE', #1459 ) ;
#2932 = ORIENTED_EDGE ( 'NONE', *, *, #3544, .F. ) ;
#2933 = DIRECTION ( 'NONE',  ( -0.000000000000000000, 1.000000000000000000, -0.000000000000000000 ) ) ;
#2934 = ORIENTED_EDGE ( 'NONE', *, *, #5308, .T. ) ;
#2935 = CARTESIAN_POINT ( 'NONE',  ( 24.00000000000000000, 21.00000000000000000, -45.00000000000000000 ) ) ;
#2936 = AXIS2_PLACEMENT_3D ( 'NONE', #6237, #7552, #823 ) ;
#2937 = VERTEX_POINT ( 'NONE', #2245 ) ;
#2938 = ORIENTED_EDGE ( 'NONE', *, *, #8314, .F. ) ;
#2939 = LINE ( 'NONE', #5935, #356 ) ;
#2940 = CARTESIAN_POINT ( 'NONE',  ( 97.00000000000000000, 0.000000000000000000, -133.9999999999999716 ) ) ;
#2941 = CARTESIAN_POINT ( 'NONE',  ( 28.00000000000000355, 29.00000000000000000, -44.00000000000000711 ) ) ;
#2942 = EDGE_CURVE ( 'NONE', #661, #6059, #5151, .T. ) ;
#2943 = EDGE_CURVE ( 'NONE', #9400, #2026, #8920, .T. ) ;
#2944 = CARTESIAN_POINT ( 'NONE',  ( 65.00000000000000000, 4.000000000000000000, -133.9999999999999716 ) ) ;
#2945 = CARTESIAN_POINT ( 'NONE',  ( 113.9999999999999858, 0.000000000000000000, -133.9999999999999716 ) ) ;
#2946 = DIRECTION ( 'NONE',  ( 1.000000000000000000, 0.000000000000000000, 0.000000000000000000 ) ) ;
#2947 = EDGE_LOOP ( 'NONE', ( #8303, #1895, #964, #1715 ) ) ;
#2948 = FACE_BOUND ( 'NONE', #6614, .T. ) ;
#2949 = CARTESIAN_POINT ( 'NONE',  ( 93.00000000000000000, -0.001000000000000132727, -133.9999999999999716 ) ) ;
#2950 = VERTEX_POINT ( 'NONE', #2054 ) ;
#2951 = LINE ( 'NONE', #6592, #2997 ) ;
#2952 = ORIENTED_EDGE ( 'NONE', *, *, #6411, .F. ) ;
#2953 = DIRECTION ( 'NONE',  ( 2.168404344971008128E-16, 0.000000000000000000, 1.000000000000000000 ) ) ;
#2954 = LINE ( 'NONE', #2855, #6795 ) ;
#2955 = DIRECTION ( 'NONE',  ( -1.000000000000000000, -0.000000000000000000, -2.312964634635743450E-15 ) ) ;
#2956 = ORIENTED_EDGE ( 'NONE', *, *, #4792, .F. ) ;
#2957 = LINE ( 'NONE', #4525, #7255 ) ;
#2958 = CARTESIAN_POINT ( 'NONE',  ( 197.9999999999999432, -0.001000000000000132727, -33.00000000000000000 ) ) ;
#2959 = EDGE_CURVE ( 'NONE', #2775, #5389, #3531, .T. ) ;
#2960 = AXIS2_PLACEMENT_3D ( 'NONE', #5120, #1479, #7474 ) ;
#2961 = EDGE_CURVE ( 'NONE', #7105, #8170, #1316, .T. ) ;
#2962 = CARTESIAN_POINT ( 'NONE',  ( 44.00000000000000000, -0.001000000000000132727, -133.9999999999999716 ) ) ;
#2963 = CARTESIAN_POINT ( 'NONE',  ( 79.00000000000000000, 4.000000000000000000, -133.9999999999999716 ) ) ;
#2964 = LINE ( 'NONE', #808, #69 ) ;
#2965 = ORIENTED_EDGE ( 'NONE', *, *, #7394, .T. ) ;
#2966 = EDGE_LOOP ( 'NONE', ( #5036, #6638, #8860, #9542 ) ) ;
#2967 = ADVANCED_FACE ( 'NONE', ( #2151 ), #8774, .F. ) ;
#2968 = EDGE_CURVE ( 'NONE', #6845, #2602, #4312, .T. ) ;
#2969 = EDGE_LOOP ( 'NONE', ( #4030, #8398, #3143, #3625 ) ) ;
#2970 = EDGE_LOOP ( 'NONE', ( #7006, #533, #1435 ) ) ;
#2971 = DIRECTION ( 'NONE',  ( -1.000000000000000000, -0.000000000000000000, -0.000000000000000000 ) ) ;
#2972 = PLANE ( 'NONE',  #607 ) ;
#2973 = EDGE_CURVE ( 'NONE', #7831, #3888, #1407, .T. ) ;
#2974 = AXIS2_PLACEMENT_3D ( 'NONE', #1420, #2256, #5258 ) ;
#2975 = LINE ( 'NONE', #3136, #1004 ) ;
#2976 = DIRECTION ( 'NONE',  ( -0.000000000000000000, 1.000000000000000000, -0.000000000000000000 ) ) ;
#2977 = ORIENTED_EDGE ( 'NONE', *, *, #3518, .F. ) ;
#2978 = CARTESIAN_POINT ( 'NONE',  ( 176.9999999999999716, 0.000000000000000000, -17.00000000000000000 ) ) ;
#2979 = ORIENTED_EDGE ( 'NONE', *, *, #4692, .F. ) ;
#2980 = EDGE_CURVE ( 'NONE', #7353, #9614, #3673, .T. ) ;
#2981 = CARTESIAN_POINT ( 'NONE',  ( 79.00000000000000000, 0.000000000000000000, -133.9999999999999716 ) ) ;
#2982 = VECTOR ( 'NONE', #7423, 1000.000000000000000 ) ;
#2983 = ORIENTED_EDGE ( 'NONE', *, *, #9053, .T. ) ;
#2984 = EDGE_LOOP ( 'NONE', ( #55, #5718, #7204, #495 ) ) ;
#2985 = DIRECTION ( 'NONE',  ( 1.000000000000000000, 0.000000000000000000, 0.000000000000000000 ) ) ;
#2986 = DIRECTION ( 'NONE',  ( 1.000000000000000000, -0.000000000000000000, -0.000000000000000000 ) ) ;
#2987 = DIRECTION ( 'NONE',  ( -0.000000000000000000, 1.000000000000000000, -0.000000000000000000 ) ) ;
#2988 = AXIS2_PLACEMENT_3D ( 'NONE', #6780, #52, #2301 ) ;
#2989 = CIRCLE ( 'NONE', #490, 3.000000000000009770 ) ;
#2990 = AXIS2_PLACEMENT_3D ( 'NONE', #597, #5166, #6588 ) ;
#2991 = LINE ( 'NONE', #6881, #5032 ) ;
#2992 = DIRECTION ( 'NONE',  ( 0.000000000000000000, 0.000000000000000000, 1.000000000000000000 ) ) ;
#2993 = PLANE ( 'NONE',  #2974 ) ;
#2994 = ORIENTED_EDGE ( 'NONE', *, *, #106, .T. ) ;
#2995 = EDGE_CURVE ( 'NONE', #1488, #8762, #5703, .T. ) ;
#2996 = FACE_BOUND ( 'NONE', #6586, .T. ) ;
#2997 = VECTOR ( 'NONE', #1979, 1000.000000000000000 ) ;
#2998 = CARTESIAN_POINT ( 'NONE',  ( 209.0000000000000000, -0.001000000000000132727, -133.9999999999999716 ) ) ;
#2999 = VECTOR ( 'NONE', #1673, 1000.000000000000000 ) ;
#3000 = ADVANCED_FACE ( 'NONE', ( #5979 ), #5250, .F. ) ;
#3001 = EDGE_LOOP ( 'NONE', ( #741, #3819 ) ) ;
#3002 = ORIENTED_EDGE ( 'NONE', *, *, #2346, .T. ) ;
#3003 = CARTESIAN_POINT ( 'NONE',  ( 180.9999999999999716, 0.000000000000000000, -33.00000000000000000 ) ) ;
#3004 = VERTEX_POINT ( 'NONE', #7455 ) ;
#3005 = VECTOR ( 'NONE', #7265, 1000.000000000000000 ) ;
#3006 = VECTOR ( 'NONE', #1266, 1000.000000000000000 ) ;
#3007 = DIRECTION ( 'NONE',  ( 0.000000000000000000, 0.000000000000000000, -1.000000000000000000 ) ) ;
#3008 = VECTOR ( 'NONE', #8420, 1000.000000000000000 ) ;
#3009 = CARTESIAN_POINT ( 'NONE',  ( 111.4999999999999432, 4.000000000000000000, -23.00000000000000000 ) ) ;
#3010 = AXIS2_PLACEMENT_3D ( 'NONE', #6270, #126, #8526 ) ;
#3011 = EDGE_LOOP ( 'NONE', ( #8070, #8558, #6679, #6660 ) ) ;
#3012 = EDGE_CURVE ( 'NONE', #2162, #3029, #8047, .T. ) ;
#3013 = LINE ( 'NONE', #4477, #1950 ) ;
#3014 = ORIENTED_EDGE ( 'NONE', *, *, #5225, .T. ) ;
#3015 = CARTESIAN_POINT ( 'NONE',  ( 34.00000000000000000, -0.001000000000000132727, -17.00000000000000000 ) ) ;
#3016 = LINE ( 'NONE', #8898, #3183 ) ;
#3017 = VECTOR ( 'NONE', #5038, 1000.000000000000000 ) ;
#3018 = ORIENTED_EDGE ( 'NONE', *, *, #512, .F. ) ;
#3019 = EDGE_LOOP ( 'NONE', ( #7550, #5058, #9661, #2923 ) ) ;
#3020 = FACE_OUTER_BOUND ( 'NONE', #2639, .T. ) ;
#3021 = CARTESIAN_POINT ( 'NONE',  ( 201.9999999999999432, -0.001000000000000132727, -33.00000000000000000 ) ) ;
#3022 = AXIS2_PLACEMENT_3D ( 'NONE', #9366, #7206, #7164 ) ;
#3023 = CARTESIAN_POINT ( 'NONE',  ( 202.0000000000000000, 4.000000000000000000, -133.9999999999999716 ) ) ;
#3024 = ORIENTED_EDGE ( 'NONE', *, *, #5973, .T. ) ;
#3025 = AXIS2_PLACEMENT_3D ( 'NONE', #3741, #9040, #7525 ) ;
#3026 = ORIENTED_EDGE ( 'NONE', *, *, #9694, .F. ) ;
#3027 = EDGE_CURVE ( 'NONE', #8175, #751, #4356, .T. ) ;
#3028 = VECTOR ( 'NONE', #5475, 1000.000000000000000 ) ;
#3029 = VERTEX_POINT ( 'NONE', #8967 ) ;
#3030 = ORIENTED_EDGE ( 'NONE', *, *, #4928, .T. ) ;
#3031 = EDGE_CURVE ( 'NONE', #6927, #5251, #1362, .T. ) ;
#3032 = DIRECTION ( 'NONE',  ( -0.000000000000000000, 1.000000000000000000, -0.000000000000000000 ) ) ;
#3033 = DIRECTION ( 'NONE',  ( -0.000000000000000000, 1.000000000000000000, -0.000000000000000000 ) ) ;
#3034 = AXIS2_PLACEMENT_3D ( 'NONE', #7290, #8486, #1291 ) ;
#3035 = LINE ( 'NONE', #2398, #9612 ) ;
#3036 = EDGE_LOOP ( 'NONE', ( #7648, #5421, #8335, #7558 ) ) ;
#3037 = DIRECTION ( 'NONE',  ( -0.000000000000000000, 1.000000000000000000, -0.000000000000000000 ) ) ;
#3038 = EDGE_LOOP ( 'NONE', ( #6869, #2419, #1794, #6350 ) ) ;
#3039 = DIRECTION ( 'NONE',  ( -2.168404344971008868E-16, 0.000000000000000000, -1.000000000000000000 ) ) ;
#3040 = VECTOR ( 'NONE', #8824, 1000.000000000000000 ) ;
#3041 = EDGE_CURVE ( 'NONE', #4958, #5949, #586, .T. ) ;
#3042 = ORIENTED_EDGE ( 'NONE', *, *, #6436, .F. ) ;
#3043 = VERTEX_POINT ( 'NONE', #7354 ) ;
#3044 = CARTESIAN_POINT ( 'NONE',  ( 142.0000000000000000, 4.000000000000000000, -117.9999999999999858 ) ) ;
#3045 = EDGE_CURVE ( 'NONE', #5041, #526, #631, .T. ) ;
#3046 = EDGE_CURVE ( 'NONE', #3558, #2950, #9611, .T. ) ;
#3047 = CARTESIAN_POINT ( 'NONE',  ( 72.00000000000001421, 4.000000000000000000, -17.00000000000000000 ) ) ;
#3048 = LINE ( 'NONE', #6037, #6813 ) ;
#3049 = AXIS2_PLACEMENT_3D ( 'NONE', #9050, #6707, #2178 ) ;
#3050 = LINE ( 'NONE', #2352, #664 ) ;
#3051 = CARTESIAN_POINT ( 'NONE',  ( 69.00000000000000000, 0.000000000000000000, -133.9999999999999716 ) ) ;
#3052 = CARTESIAN_POINT ( 'NONE',  ( 136.9999999999999432, 8.000000000000001776, -20.99999999999999645 ) ) ;
#3053 = CARTESIAN_POINT ( 'NONE',  ( 34.00000000000000000, -0.001000000000000132727, -117.9999999999999716 ) ) ;
#3054 = ORIENTED_EDGE ( 'NONE', *, *, #2086, .F. ) ;
#3055 = CARTESIAN_POINT ( 'NONE',  ( 104.0000000000000000, -0.001000000000000132727, -133.9999999999999716 ) ) ;
#3056 = FACE_BOUND ( 'NONE', #8152, .T. ) ;
#3057 = ORIENTED_EDGE ( 'NONE', *, *, #6719, .F. ) ;
#3058 = ORIENTED_EDGE ( 'NONE', *, *, #3592, .T. ) ;
#3059 = DIRECTION ( 'NONE',  ( -2.168404344971008868E-16, 0.000000000000000000, -1.000000000000000000 ) ) ;
#3060 = VERTEX_POINT ( 'NONE', #8340 ) ;
#3061 = DIRECTION ( 'NONE',  ( -0.000000000000000000, 1.000000000000000000, -0.000000000000000000 ) ) ;
#3062 = DIRECTION ( 'NONE',  ( -0.000000000000000000, -0.000000000000000000, 1.000000000000000000 ) ) ;
#3063 = ORIENTED_EDGE ( 'NONE', *, *, #3937, .F. ) ;
#3064 = EDGE_CURVE ( 'NONE', #630, #6156, #7747, .T. ) ;
#3065 = VERTEX_POINT ( 'NONE', #3195 ) ;
#3066 = CARTESIAN_POINT ( 'NONE',  ( 198.0000000000000000, -0.001000000000000132727, -133.9999999999999716 ) ) ;
#3067 = DIRECTION ( 'NONE',  ( -0.000000000000000000, 1.000000000000000000, -0.000000000000000000 ) ) ;
#3068 = ORIENTED_EDGE ( 'NONE', *, *, #5511, .F. ) ;
#3069 = VERTEX_POINT ( 'NONE', #7610 ) ;
#3070 = EDGE_CURVE ( 'NONE', #2767, #8723, #3816, .T. ) ;
#3071 = FACE_BOUND ( 'NONE', #3425, .T. ) ;
#3072 = FACE_OUTER_BOUND ( 'NONE', #955, .T. ) ;
#3073 = DIRECTION ( 'NONE',  ( -0.000000000000000000, 1.000000000000000000, -0.000000000000000000 ) ) ;
#3074 = EDGE_CURVE ( 'NONE', #5213, #8630, #1615, .T. ) ;
#3075 = FACE_OUTER_BOUND ( 'NONE', #6815, .T. ) ;
#3076 = ORIENTED_EDGE ( 'NONE', *, *, #5082, .T. ) ;
#3077 = EDGE_LOOP ( 'NONE', ( #8097, #3092, #6826, #1837 ) ) ;
#3078 = AXIS2_PLACEMENT_3D ( 'NONE', #6347, #1864, #1821 ) ;
#3079 = ORIENTED_EDGE ( 'NONE', *, *, #610, .T. ) ;
#3080 = EDGE_CURVE ( 'NONE', #8646, #1517, #5455, .T. ) ;
#3081 = ORIENTED_EDGE ( 'NONE', *, *, #1270, .T. ) ;
#3082 = CARTESIAN_POINT ( 'NONE',  ( 118.0000000000000000, 4.000000000000000000, -133.9999999999999716 ) ) ;
#3083 = FACE_OUTER_BOUND ( 'NONE', #9066, .T. ) ;
#3084 = CARTESIAN_POINT ( 'NONE',  ( 104.0000000000000000, 0.000000000000000000, -133.9999999999999716 ) ) ;
#3085 = EDGE_LOOP ( 'NONE', ( #6738, #3198, #4331, #6852 ) ) ;
#3086 = CARTESIAN_POINT ( 'NONE',  ( 97.00000000000000000, 4.000000000000000000, -133.9999999999999716 ) ) ;
#3087 = EDGE_LOOP ( 'NONE', ( #4109, #4442, #929, #845, #3285 ) ) ;
#3088 = CARTESIAN_POINT ( 'NONE',  ( 125.0000000000000000, -0.001000000000000132727, -117.9999999999999716 ) ) ;
#3089 = AXIS2_PLACEMENT_3D ( 'NONE', #7212, #5739, #7171 ) ;
#3090 = ORIENTED_EDGE ( 'NONE', *, *, #6064, .T. ) ;
#3091 = EDGE_CURVE ( 'NONE', #212, #2510, #927, .T. ) ;
#3092 = ORIENTED_EDGE ( 'NONE', *, *, #5513, .T. ) ;
#3093 = CARTESIAN_POINT ( 'NONE',  ( 176.9999999999999716, -0.001000000000000132727, -33.00000000000000000 ) ) ;
#3094 = DIRECTION ( 'NONE',  ( -0.000000000000000000, 1.000000000000000000, -0.000000000000000000 ) ) ;
#3095 = CARTESIAN_POINT ( 'NONE',  ( 20.00000000000000000, 4.000000000000000000, -44.00000000000000711 ) ) ;
#3096 = LINE ( 'NONE', #6089, #3324 ) ;
#3097 = DIRECTION ( 'NONE',  ( 0.000000000000000000, 0.000000000000000000, -1.000000000000000000 ) ) ;
#3098 = FACE_OUTER_BOUND ( 'NONE', #6994, .T. ) ;
#3099 = DIRECTION ( 'NONE',  ( 0.000000000000000000, 0.000000000000000000, 1.000000000000000000 ) ) ;
#3100 = ORIENTED_EDGE ( 'NONE', *, *, #7690, .T. ) ;
#3101 = FACE_OUTER_BOUND ( 'NONE', #6810, .T. ) ;
#3102 = EDGE_CURVE ( 'NONE', #6839, #4321, #6081, .T. ) ;
#3103 = ADVANCED_FACE ( 'NONE', ( #9171, #8234 ), #8283, .T. ) ;
#3104 = DIRECTION ( 'NONE',  ( -0.000000000000000000, -1.000000000000000000, 0.000000000000000000 ) ) ;
#3105 = ORIENTED_EDGE ( 'NONE', *, *, #1294, .T. ) ;
#3106 = ORIENTED_EDGE ( 'NONE', *, *, #2443, .F. ) ;
#3107 = CIRCLE ( 'NONE', #8266, 3.000000000000002665 ) ;
#3108 = LINE ( 'NONE', #5266, #345 ) ;
#3109 = PLANE ( 'NONE',  #1387 ) ;
#3110 = ORIENTED_EDGE ( 'NONE', *, *, #3501, .F. ) ;
#3111 = DIRECTION ( 'NONE',  ( 0.000000000000000000, 0.000000000000000000, 1.000000000000000000 ) ) ;
#3112 = ORIENTED_EDGE ( 'NONE', *, *, #6287, .T. ) ;
#3113 = EDGE_CURVE ( 'NONE', #8888, #7849, #6136, .T. ) ;
#3114 = VERTEX_POINT ( 'NONE', #1507 ) ;
#3115 = DIRECTION ( 'NONE',  ( -0.000000000000000000, -0.000000000000000000, -1.000000000000000000 ) ) ;
#3116 = DIRECTION ( 'NONE',  ( -0.000000000000000000, -1.000000000000000000, 0.000000000000000000 ) ) ;
#3117 = EDGE_LOOP ( 'NONE', ( #4061, #3604, #5891, #1091 ) ) ;
#3118 = ORIENTED_EDGE ( 'NONE', *, *, #284, .F. ) ;
#3119 = VERTEX_POINT ( 'NONE', #5346 ) ;
#3120 = EDGE_CURVE ( 'NONE', #261, #9117, #7420, .T. ) ;
#3121 = PLANE ( 'NONE',  #9134 ) ;
#3122 = ADVANCED_FACE ( 'NONE', ( #1711 ), #3973, .F. ) ;
#3123 = CARTESIAN_POINT ( 'NONE',  ( 24.00000000000000000, 21.00000000000000000, -45.00000000000000000 ) ) ;
#3124 = VECTOR ( 'NONE', #9287, 1000.000000000000000 ) ;
#3125 = AXIS2_PLACEMENT_3D ( 'NONE', #2339, #3033, #7448 ) ;
#3126 = DIRECTION ( 'NONE',  ( 0.000000000000000000, 0.000000000000000000, 1.000000000000000000 ) ) ;
#3127 = CARTESIAN_POINT ( 'NONE',  ( 81.00000000000000000, 14.00000000000000000, -44.00000000000001421 ) ) ;
#3128 = DIRECTION ( 'NONE',  ( 1.000000000000000000, 0.000000000000000000, -4.625929269271486900E-15 ) ) ;
#3129 = ORIENTED_EDGE ( 'NONE', *, *, #1898, .F. ) ;
#3130 = ORIENTED_EDGE ( 'NONE', *, *, #6702, .T. ) ;
#3131 = EDGE_CURVE ( 'NONE', #185, #7034, #9120, .T. ) ;
#3132 = ORIENTED_EDGE ( 'NONE', *, *, #8187, .F. ) ;
#3133 = ORIENTED_EDGE ( 'NONE', *, *, #2401, .F. ) ;
#3134 = LINE ( 'NONE', #8275, #3314 ) ;
#3135 = LINE ( 'NONE', #1659, #6562 ) ;
#3136 = CARTESIAN_POINT ( 'NONE',  ( 55.00000000000000711, 0.000000000000000000, -17.00000000000000000 ) ) ;
#3137 = EDGE_LOOP ( 'NONE', ( #1556, #5077, #3026, #2356 ) ) ;
#3138 = VERTEX_POINT ( 'NONE', #4703 ) ;
#3139 = FACE_OUTER_BOUND ( 'NONE', #2332, .T. ) ;
#3140 = ORIENTED_EDGE ( 'NONE', *, *, #1225, .T. ) ;
#3141 = FACE_OUTER_BOUND ( 'NONE', #6115, .T. ) ;
#3142 = ORIENTED_EDGE ( 'NONE', *, *, #7465, .T. ) ;
#3143 = ORIENTED_EDGE ( 'NONE', *, *, #7194, .F. ) ;
#3144 = DIRECTION ( 'NONE',  ( 1.000000000000000000, 0.000000000000000000, 0.000000000000000000 ) ) ;
#3145 = CARTESIAN_POINT ( 'NONE',  ( 81.00000000000000000, 14.00000000000000000, -44.00000000000001421 ) ) ;
#3146 = CARTESIAN_POINT ( 'NONE',  ( 209.0000000000000000, 4.000000000000000000, -117.9999999999999716 ) ) ;
#3147 = LINE ( 'NONE', #3978, #7569 ) ;
#3148 = PLANE ( 'NONE',  #7533 ) ;
#3149 = DIRECTION ( 'NONE',  ( -0.000000000000000000, 1.000000000000000000, -0.000000000000000000 ) ) ;
#3150 = CARTESIAN_POINT ( 'NONE',  ( 118.0000000000000000, 0.000000000000000000, -133.9999999999999716 ) ) ;
#3151 = ORIENTED_EDGE ( 'NONE', *, *, #1474, .F. ) ;
#3152 = AXIS2_PLACEMENT_3D ( 'NONE', #4933, #373, #555 ) ;
#3153 = ADVANCED_FACE ( 'NONE', ( #3764 ), #4502, .F. ) ;
#3154 = LINE ( 'NONE', #56, #7384 ) ;
#3155 = VECTOR ( 'NONE', #7400, 1000.000000000000000 ) ;
#3156 = ORIENTED_EDGE ( 'NONE', *, *, #4605, .F. ) ;
#3157 = ORIENTED_EDGE ( 'NONE', *, *, #6527, .F. ) ;
#3158 = VECTOR ( 'NONE', #8351, 1000.000000000000000 ) ;
#3159 = CARTESIAN_POINT ( 'NONE',  ( 72.00000000000001421, -0.001000000000000132727, -133.9999999999999716 ) ) ;
#3160 = EDGE_CURVE ( 'NONE', #8474, #2181, #6031, .T. ) ;
#3161 = DIRECTION ( 'NONE',  ( -0.000000000000000000, 0.000000000000000000, 1.000000000000000000 ) ) ;
#3162 = CARTESIAN_POINT ( 'NONE',  ( 153.0000000000000000, -0.001000000000000132727, -133.9999999999999716 ) ) ;
#3163 = ORIENTED_EDGE ( 'NONE', *, *, #9410, .F. ) ;
#3164 = DIRECTION ( 'NONE',  ( -0.000000000000000000, 1.000000000000000000, -0.000000000000000000 ) ) ;
#3165 = VECTOR ( 'NONE', #7615, 1000.000000000000000 ) ;
#3166 = AXIS2_PLACEMENT_3D ( 'NONE', #6044, #1724, #3831 ) ;
#3167 = CARTESIAN_POINT ( 'NONE',  ( 2.000000000000000000, 2.000000000000000000, -147.0000000000000000 ) ) ;
#3168 = ORIENTED_EDGE ( 'NONE', *, *, #3821, .T. ) ;
#3169 = ORIENTED_EDGE ( 'NONE', *, *, #5762, .T. ) ;
#3170 = ORIENTED_EDGE ( 'NONE', *, *, #7965, .T. ) ;
#3171 = ADVANCED_FACE ( 'NONE', ( #9064 ), #2292, .F. ) ;
#3172 = AXIS2_PLACEMENT_3D ( 'NONE', #6158, #746, #5425 ) ;
#3173 = LINE ( 'NONE', #3610, #1290 ) ;
#3174 = CARTESIAN_POINT ( 'NONE',  ( 202.0000000000000000, 0.000000000000000000, -117.9999999999999716 ) ) ;
#3175 = AXIS2_PLACEMENT_3D ( 'NONE', #8176, #767, #8129 ) ;
#3176 = EDGE_CURVE ( 'NONE', #916, #4815, #6823, .T. ) ;
#3177 = FACE_OUTER_BOUND ( 'NONE', #3983, .T. ) ;
#3178 = DIRECTION ( 'NONE',  ( 0.000000000000000000, 0.000000000000000000, -1.000000000000000000 ) ) ;
#3179 = CARTESIAN_POINT ( 'NONE',  ( 111.4999999999999432, 14.00000000000000000, -44.00000000000000000 ) ) ;
#3180 = ORIENTED_EDGE ( 'NONE', *, *, #1803, .T. ) ;
#3181 = ORIENTED_EDGE ( 'NONE', *, *, #9092, .F. ) ;
#3182 = VECTOR ( 'NONE', #7061, 1000.000000000000000 ) ;
#3183 = VECTOR ( 'NONE', #2174, 1000.000000000000000 ) ;
#3184 = ORIENTED_EDGE ( 'NONE', *, *, #2380, .T. ) ;
#3185 = ORIENTED_EDGE ( 'NONE', *, *, #1803, .F. ) ;
#3186 = AXIS2_PLACEMENT_3D ( 'NONE', #3949, #6957, #2482 ) ;
#3187 = CIRCLE ( 'NONE', #8670, 1.699999999999993072 ) ;
#3188 = LINE ( 'NONE', #5446, #9281 ) ;
#3189 = DIRECTION ( 'NONE',  ( -1.000000000000000000, 0.000000000000000000, 0.000000000000000000 ) ) ;
#3190 = CARTESIAN_POINT ( 'NONE',  ( 214.9999999999999716, 29.00000000000000000, -106.3000000000000114 ) ) ;
#3191 = VERTEX_POINT ( 'NONE', #877 ) ;
#3192 = ORIENTED_EDGE ( 'NONE', *, *, #6454, .F. ) ;
#3193 = DIRECTION ( 'NONE',  ( -0.000000000000000000, 1.000000000000000000, -0.000000000000000000 ) ) ;
#3194 = ADVANCED_FACE ( 'NONE', ( #3141 ), #5405, .F. ) ;
#3195 = CARTESIAN_POINT ( 'NONE',  ( 136.9999999999999432, 0.9785369476531472488, -20.99999999999999645 ) ) ;
#3196 = ORIENTED_EDGE ( 'NONE', *, *, #2188, .F. ) ;
#3197 = VECTOR ( 'NONE', #6575, 1000.000000000000000 ) ;
#3198 = ORIENTED_EDGE ( 'NONE', *, *, #7156, .T. ) ;
#3199 = FACE_OUTER_BOUND ( 'NONE', #7702, .T. ) ;
#3200 = ADVANCED_FACE ( 'NONE', ( #4764 ), #292, .F. ) ;
#3201 = LINE ( 'NONE', #3288, #965 ) ;
#3202 = LINE ( 'NONE', #99, #2886 ) ;
#3203 = CARTESIAN_POINT ( 'NONE',  ( 187.9999999999999432, 0.000000000000000000, -33.00000000000000000 ) ) ;
#3204 = FACE_OUTER_BOUND ( 'NONE', #9284, .T. ) ;
#3205 = DIRECTION ( 'NONE',  ( -0.000000000000000000, 1.000000000000000000, -0.000000000000000000 ) ) ;
#3206 = VECTOR ( 'NONE', #3466, 1000.000000000000000 ) ;
#3207 = FACE_OUTER_BOUND ( 'NONE', #3587, .T. ) ;
#3208 = VERTEX_POINT ( 'NONE', #5600 ) ;
#3209 = FACE_OUTER_BOUND ( 'NONE', #8564, .T. ) ;
#3210 = VERTEX_POINT ( 'NONE', #4335 ) ;
#3211 = AXIS2_PLACEMENT_3D ( 'NONE', #4889, #7883, #4152 ) ;
#3212 = ORIENTED_EDGE ( 'NONE', *, *, #1008, .T. ) ;
#3213 = CARTESIAN_POINT ( 'NONE',  ( 127.4999999999999432, 4.000000000000000000, -23.00000000000000000 ) ) ;
#3214 = ADVANCED_FACE ( 'NONE', ( #9314 ), #3600, .F. ) ;
#3215 = CARTESIAN_POINT ( 'NONE',  ( 127.4999999999999432, 14.00000000000000000, -23.00000000000000000 ) ) ;
#3216 = CARTESIAN_POINT ( 'NONE',  ( 57.99999999999999289, 0.000000000000000000, -33.00000000000000000 ) ) ;
#3217 = EDGE_LOOP ( 'NONE', ( #7825, #6652, #7425, #447 ) ) ;
#3218 = DIRECTION ( 'NONE',  ( 0.000000000000000000, 0.000000000000000000, 1.000000000000000000 ) ) ;
#3219 = LINE ( 'NONE', #6218, #5984 ) ;
#3220 = ORIENTED_EDGE ( 'NONE', *, *, #2129, .F. ) ;
#3221 = CARTESIAN_POINT ( 'NONE',  ( 127.4999999999999432, 8.000000000000000000, -23.00000000000000000 ) ) ;
#3222 = CARTESIAN_POINT ( 'NONE',  ( 28.00000000000000355, 12.75735931288069835, -47.75735931288069480 ) ) ;
#3223 = CARTESIAN_POINT ( 'NONE',  ( 77.71999999999999886, 6.000000000000001776, -97.99999999999998579 ) ) ;
#3224 = CARTESIAN_POINT ( 'NONE',  ( 167.0000000000000000, -0.001000000000000132727, -133.9999999999999716 ) ) ;
#3225 = PLANE ( 'NONE',  #5570 ) ;
#3226 = ORIENTED_EDGE ( 'NONE', *, *, #2912, .T. ) ;
#3227 = EDGE_LOOP ( 'NONE', ( #6591, #4409, #26, #1666 ) ) ;
#3228 = VECTOR ( 'NONE', #8216, 1000.000000000000000 ) ;
#3229 = EDGE_CURVE ( 'NONE', #4573, #1248, #338, .T. ) ;
#3230 = ADVANCED_FACE ( 'NONE', ( #8757 ), #611, .F. ) ;
#3231 = ADVANCED_FACE ( 'NONE', ( #4239 ), #5496, .T. ) ;
#3232 = ORIENTED_EDGE ( 'NONE', *, *, #6946, .T. ) ;
#3233 = CARTESIAN_POINT ( 'NONE',  ( 23.99999999999999289, 29.00000000000000000, -109.6999999999999744 ) ) ;
#3234 = CARTESIAN_POINT ( 'NONE',  ( 146.0000000000000284, 0.000000000000000000, -133.9999999999999716 ) ) ;
#3235 = CARTESIAN_POINT ( 'NONE',  ( 173.9999999999999716, -0.001000000000000132727, -33.00000000000000000 ) ) ;
#3236 = ORIENTED_EDGE ( 'NONE', *, *, #8599, .T. ) ;
#3237 = ORIENTED_EDGE ( 'NONE', *, *, #6829, .T. ) ;
#3238 = DIRECTION ( 'NONE',  ( 0.000000000000000000, 0.000000000000000000, -1.000000000000000000 ) ) ;
#3239 = ADVANCED_FACE ( 'NONE', ( #3331 ), #1763, .F. ) ;
#3240 = DIRECTION ( 'NONE',  ( -0.000000000000000000, 1.000000000000000000, -0.000000000000000000 ) ) ;
#3241 = ORIENTED_EDGE ( 'NONE', *, *, #5404, .F. ) ;
#3242 = VERTEX_POINT ( 'NONE', #6557 ) ;
#3243 = CARTESIAN_POINT ( 'NONE',  ( 205.0000000000000284, 4.000000000000000000, -117.9999999999999858 ) ) ;
#3244 = CARTESIAN_POINT ( 'NONE',  ( 23.99999999999999289, 29.00000000000000000, -109.6999999999999744 ) ) ;
#3245 = CARTESIAN_POINT ( 'NONE',  ( 121.0000000000000000, 4.000000000000000000, -133.9999999999999716 ) ) ;
#3246 = EDGE_CURVE ( 'NONE', #341, #3987, #9489, .T. ) ;
#3247 = CARTESIAN_POINT ( 'NONE',  ( 209.0000000000000000, 4.000000000000000000, -133.9999999999999716 ) ) ;
#3248 = DIRECTION ( 'NONE',  ( 0.000000000000000000, 0.000000000000000000, 1.000000000000000000 ) ) ;
#3249 = LINE ( 'NONE', #8450, #8572 ) ;
#3250 = CARTESIAN_POINT ( 'NONE',  ( 37.00000000000000711, -0.000000000000000000, -17.00000000000000000 ) ) ;
#3251 = VERTEX_POINT ( 'NONE', #5029 ) ;
#3252 = LINE ( 'NONE', #1777, #8327 ) ;
#3253 = VERTEX_POINT ( 'NONE', #2550 ) ;
#3254 = ORIENTED_EDGE ( 'NONE', *, *, #5687, .T. ) ;
#3255 = EDGE_CURVE ( 'NONE', #2377, #4545, #1024, .T. ) ;
#3256 = EDGE_CURVE ( 'NONE', #2280, #7060, #2810, .T. ) ;
#3257 = LINE ( 'NONE', #3395, #6612 ) ;
#3258 = EDGE_LOOP ( 'NONE', ( #2116, #5731, #3226, #4880 ) ) ;
#3259 = DIRECTION ( 'NONE',  ( 1.000000000000000000, 0.000000000000000000, 0.000000000000000000 ) ) ;
#3260 = DIRECTION ( 'NONE',  ( 0.000000000000000000, 0.000000000000000000, 1.000000000000000000 ) ) ;
#3261 = ORIENTED_EDGE ( 'NONE', *, *, #5450, .T. ) ;
#3262 = CARTESIAN_POINT ( 'NONE',  ( 205.0000000000000284, 0.000000000000000000, -117.9999999999999858 ) ) ;
#3263 = DIRECTION ( 'NONE',  ( 0.000000000000000000, 0.000000000000000000, 1.000000000000000000 ) ) ;
#3264 = AXIS2_PLACEMENT_3D ( 'NONE', #3914, #3379, #6336 ) ;
#3265 = ORIENTED_EDGE ( 'NONE', *, *, #8899, .T. ) ;
#3266 = VECTOR ( 'NONE', #4460, 1000.000000000000000 ) ;
#3267 = DIRECTION ( 'NONE',  ( -0.000000000000000000, 1.000000000000000000, -0.000000000000000000 ) ) ;
#3268 = CARTESIAN_POINT ( 'NONE',  ( 187.9999999999999432, -0.001000000000000132727, -33.00000000000000000 ) ) ;
#3269 = CARTESIAN_POINT ( 'NONE',  ( 135.7199999999999704, 6.000000000000001776, -50.75000000000000000 ) ) ;
#3270 = FACE_OUTER_BOUND ( 'NONE', #2283, .T. ) ;
#3271 = ORIENTED_EDGE ( 'NONE', *, *, #8026, .T. ) ;
#3272 = ORIENTED_EDGE ( 'NONE', *, *, #9341, .T. ) ;
#3273 = EDGE_CURVE ( 'NONE', #5949, #5724, #1812, .T. ) ;
#3274 = VECTOR ( 'NONE', #8227, 1000.000000000000000 ) ;
#3275 = EDGE_LOOP ( 'NONE', ( #4400, #4543, #1612, #9059 ) ) ;
#3276 = DIRECTION ( 'NONE',  ( 0.000000000000000000, 1.000000000000000000, 0.000000000000000000 ) ) ;
#3277 = DIRECTION ( 'NONE',  ( 0.000000000000000000, 1.000000000000000000, 0.000000000000000000 ) ) ;
#3278 = ADVANCED_FACE ( 'NONE', ( #520 ), #7018, .F. ) ;
#3279 = DIRECTION ( 'NONE',  ( 0.000000000000000000, 1.000000000000000000, 0.000000000000000000 ) ) ;
#3280 = ORIENTED_EDGE ( 'NONE', *, *, #1726, .F. ) ;
#3281 = ORIENTED_EDGE ( 'NONE', *, *, #4056, .T. ) ;
#3282 = PLANE ( 'NONE',  #9289 ) ;
#3283 = DIRECTION ( 'NONE',  ( 0.000000000000000000, 0.000000000000000000, 1.000000000000000000 ) ) ;
#3284 = ORIENTED_EDGE ( 'NONE', *, *, #7191, .T. ) ;
#3285 = ORIENTED_EDGE ( 'NONE', *, *, #6887, .F. ) ;
#3286 = DIRECTION ( 'NONE',  ( -2.168404344971008868E-16, 0.000000000000000000, -1.000000000000000000 ) ) ;
#3287 = EDGE_CURVE ( 'NONE', #8762, #1488, #2847, .T. ) ;
#3288 = CARTESIAN_POINT ( 'NONE',  ( 37.00000000000000000, 0.000000000000000000, -133.9999999999999716 ) ) ;
#3289 = CARTESIAN_POINT ( 'NONE',  ( 191.0000000000000000, -0.001000000000000132727, -133.9999999999999716 ) ) ;
#3290 = FACE_OUTER_BOUND ( 'NONE', #5918, .T. ) ;
#3291 = DIRECTION ( 'NONE',  ( -0.000000000000000000, 1.000000000000000000, -0.000000000000000000 ) ) ;
#3292 = EDGE_CURVE ( 'NONE', #133, #334, #3329, .T. ) ;
#3293 = DIRECTION ( 'NONE',  ( -1.000000000000000000, 0.000000000000000000, 0.000000000000000000 ) ) ;
#3294 = CYLINDRICAL_SURFACE ( 'NONE', #2625, 1.699999999999993072 ) ;
#3295 = ORIENTED_EDGE ( 'NONE', *, *, #5591, .T. ) ;
#3296 = CARTESIAN_POINT ( 'NONE',  ( 214.9999999999999716, 19.97853694765314714, -107.9999999999999858 ) ) ;
#3297 = ORIENTED_EDGE ( 'NONE', *, *, #2319, .T. ) ;
#3298 = ORIENTED_EDGE ( 'NONE', *, *, #428, .T. ) ;
#3299 = CARTESIAN_POINT ( 'NONE',  ( 153.0000000000000000, 0.000000000000000000, -133.9999999999999716 ) ) ;
#3300 = CARTESIAN_POINT ( 'NONE',  ( 37.00000000000000000, -0.001000000000000132727, -33.00000000000000000 ) ) ;
#3301 = ORIENTED_EDGE ( 'NONE', *, *, #4153, .F. ) ;
#3302 = DIRECTION ( 'NONE',  ( 1.000000000000000000, 0.000000000000000000, 0.000000000000000000 ) ) ;
#3303 = CARTESIAN_POINT ( 'NONE',  ( 18.00000000000000355, 2.000000000000000000, -136.9999999999999716 ) ) ;
#3304 = ORIENTED_EDGE ( 'NONE', *, *, #8571, .F. ) ;
#3305 = VECTOR ( 'NONE', #6224, 1000.000000000000000 ) ;
#3306 = LINE ( 'NONE', #6313, #3621 ) ;
#3307 = EDGE_CURVE ( 'NONE', #7005, #3191, #1238, .T. ) ;
#3308 = FACE_OUTER_BOUND ( 'NONE', #4457, .T. ) ;
#3309 = VECTOR ( 'NONE', #3543, 1000.000000000000000 ) ;
#3310 = EDGE_LOOP ( 'NONE', ( #280, #3140, #3957, #5656 ) ) ;
#3311 = CARTESIAN_POINT ( 'NONE',  ( 121.0000000000000000, 4.000000000000000000, -133.9999999999999716 ) ) ;
#3312 = DIRECTION ( 'NONE',  ( 1.000000000000000000, 0.000000000000000000, -4.625929269271487689E-15 ) ) ;
#3313 = FACE_BOUND ( 'NONE', #3733, .T. ) ;
#3314 = VECTOR ( 'NONE', #870, 1000.000000000000000 ) ;
#3315 = CIRCLE ( 'NONE', #8489, 2.000000000000000000 ) ;
#3316 = DIRECTION ( 'NONE',  ( 0.000000000000000000, 0.000000000000000000, 1.000000000000000000 ) ) ;
#3317 = ORIENTED_EDGE ( 'NONE', *, *, #5135, .F. ) ;
#3318 = VECTOR ( 'NONE', #5988, 1000.000000000000000 ) ;
#3319 = VECTOR ( 'NONE', #8760, 1000.000000000000000 ) ;
#3320 = VERTEX_POINT ( 'NONE', #2766 ) ;
#3321 = FACE_OUTER_BOUND ( 'NONE', #6446, .T. ) ;
#3322 = CARTESIAN_POINT ( 'NONE',  ( 55.00000000000000711, 4.000000000000000000, -133.9999999999999716 ) ) ;
#3323 = EDGE_CURVE ( 'NONE', #5457, #5174, #5767, .T. ) ;
#3324 = VECTOR ( 'NONE', #8403, 1000.000000000000000 ) ;
#3325 = DIRECTION ( 'NONE',  ( -0.000000000000000000, 1.000000000000000000, 0.000000000000000000 ) ) ;
#3326 = VERTEX_POINT ( 'NONE', #8996 ) ;
#3327 = ORIENTED_EDGE ( 'NONE', *, *, #3991, .F. ) ;
#3328 = DIRECTION ( 'NONE',  ( 0.000000000000000000, 0.000000000000000000, 1.000000000000000000 ) ) ;
#3329 = CIRCLE ( 'NONE', #1919, 2.000000000000001776 ) ;
#3330 = AXIS2_PLACEMENT_3D ( 'NONE', #1945, #7157, #2088 ) ;
#3331 = FACE_OUTER_BOUND ( 'NONE', #4041, .T. ) ;
#3332 = VECTOR ( 'NONE', #6983, 1000.000000000000000 ) ;
#3333 = AXIS2_PLACEMENT_3D ( 'NONE', #8668, #4194, #7196 ) ;
#3334 = ORIENTED_EDGE ( 'NONE', *, *, #8637, .F. ) ;
#3335 = ORIENTED_EDGE ( 'NONE', *, *, #225, .T. ) ;
#3336 = CARTESIAN_POINT ( 'NONE',  ( 41.00000000000000000, -0.001000000000000132727, -17.00000000000000000 ) ) ;
#3337 = DIRECTION ( 'NONE',  ( 0.000000000000000000, 0.000000000000000000, 1.000000000000000000 ) ) ;
#3338 = DIRECTION ( 'NONE',  ( 1.000000000000000000, 0.000000000000000000, 0.000000000000000000 ) ) ;
#3339 = DIRECTION ( 'NONE',  ( 0.000000000000000000, 0.000000000000000000, 1.000000000000000000 ) ) ;
#3340 = PLANE ( 'NONE',  #5516 ) ;
#3341 = DIRECTION ( 'NONE',  ( -0.000000000000000000, 1.000000000000000000, -0.000000000000000000 ) ) ;
#3342 = DIRECTION ( 'NONE',  ( -0.000000000000000000, 1.000000000000000000, -0.000000000000000000 ) ) ;
#3343 = EDGE_LOOP ( 'NONE', ( #6825, #9531, #8827, #7118, #307, #3261, #9174, #9644 ) ) ;
#3344 = VECTOR ( 'NONE', #2381, 1000.000000000000000 ) ;
#3345 = CARTESIAN_POINT ( 'NONE',  ( 213.9999999999999716, 13.99999999999997691, -49.00000000000000711 ) ) ;
#3346 = EDGE_CURVE ( 'NONE', #8399, #8421, #5128, .T. ) ;
#3347 = EDGE_CURVE ( 'NONE', #8230, #4716, #2272, .T. ) ;
#3348 = AXIS2_PLACEMENT_3D ( 'NONE', #657, #8847, #9634 ) ;
#3349 = ADVANCED_FACE ( 'NONE', ( #4580 ), #3696, .F. ) ;
#3350 = EDGE_CURVE ( 'NONE', #4949, #5614, #8261, .T. ) ;
#3351 = ORIENTED_EDGE ( 'NONE', *, *, #8188, .T. ) ;
#3352 = ORIENTED_EDGE ( 'NONE', *, *, #6596, .F. ) ;
#3353 = CARTESIAN_POINT ( 'NONE',  ( 220.9999999999999716, 2.000000000000000000, -136.9999999999999716 ) ) ;
#3354 = CARTESIAN_POINT ( 'NONE',  ( 174.0000000000000000, -0.001000000000000132727, -133.9999999999999716 ) ) ;
#3355 = ORIENTED_EDGE ( 'NONE', *, *, #8573, .F. ) ;
#3356 = DIRECTION ( 'NONE',  ( 1.000000000000000000, 0.000000000000000000, -4.625929269271486900E-15 ) ) ;
#3357 = LINE ( 'NONE', #7142, #828 ) ;
#3358 = VERTEX_POINT ( 'NONE', #73 ) ;
#3359 = FACE_OUTER_BOUND ( 'NONE', #606, .T. ) ;
#3360 = CARTESIAN_POINT ( 'NONE',  ( 162.9999999999999432, 0.000000000000000000, -33.00000000000000000 ) ) ;
#3361 = VECTOR ( 'NONE', #7305, 1000.000000000000000 ) ;
#3362 = VERTEX_POINT ( 'NONE', #2323 ) ;
#3363 = CARTESIAN_POINT ( 'NONE',  ( 191.0000000000000000, -0.001000000000000132727, -133.9999999999999716 ) ) ;
#3364 = EDGE_CURVE ( 'NONE', #8801, #4127, #6800, .T. ) ;
#3365 = CARTESIAN_POINT ( 'NONE',  ( 136.9999999999999432, 8.000000000000000000, -35.00000000000000000 ) ) ;
#3366 = AXIS2_PLACEMENT_3D ( 'NONE', #4199, #7200, #473 ) ;
#3367 = CARTESIAN_POINT ( 'NONE',  ( 167.0000000000000000, 4.000000000000000000, -133.9999999999999716 ) ) ;
#3368 = DIRECTION ( 'NONE',  ( -0.000000000000000000, 1.000000000000000000, -0.000000000000000000 ) ) ;
#3369 = ORIENTED_EDGE ( 'NONE', *, *, #3255, .F. ) ;
#3370 = DIRECTION ( 'NONE',  ( 2.168404344971008128E-16, 0.000000000000000000, 1.000000000000000000 ) ) ;
#3371 = VECTOR ( 'NONE', #536, 1000.000000000000000 ) ;
#3372 = DIRECTION ( 'NONE',  ( -1.000000000000000000, -0.000000000000000000, -0.000000000000000000 ) ) ;
#3373 = ADVANCED_FACE ( 'NONE', ( #8116 ), #357, .F. ) ;
#3374 = EDGE_CURVE ( 'NONE', #5583, #3043, #1127, .T. ) ;
#3375 = LINE ( 'NONE', #1240, #4411 ) ;
#3376 = DIRECTION ( 'NONE',  ( -0.000000000000000000, 1.000000000000000000, -0.000000000000000000 ) ) ;
#3377 = CARTESIAN_POINT ( 'NONE',  ( 183.9999999999999716, 0.000000000000000000, -17.00000000000000000 ) ) ;
#3378 = ORIENTED_EDGE ( 'NONE', *, *, #132, .T. ) ;
#3379 = DIRECTION ( 'NONE',  ( -0.000000000000000000, 0.000000000000000000, 1.000000000000000000 ) ) ;
#3380 = ORIENTED_EDGE ( 'NONE', *, *, #5758, .F. ) ;
#3381 = ORIENTED_EDGE ( 'NONE', *, *, #2238, .T. ) ;
#3382 = DIRECTION ( 'NONE',  ( -0.000000000000000000, -1.000000000000000000, -0.000000000000000000 ) ) ;
#3383 = FACE_OUTER_BOUND ( 'NONE', #1808, .T. ) ;
#3384 = LINE ( 'NONE', #9322, #5297 ) ;
#3385 = CARTESIAN_POINT ( 'NONE',  ( 135.7199999999999704, 6.000000000000000000, -97.99999999999998579 ) ) ;
#3386 = CARTESIAN_POINT ( 'NONE',  ( 118.0000000000000000, 4.000000000000000000, -133.9999999999999716 ) ) ;
#3387 = DIRECTION ( 'NONE',  ( 1.049727191138619805E-16, 0.5150380749100526012, -0.8571673007021132218 ) ) ;
#3388 = DIRECTION ( 'NONE',  ( 0.000000000000000000, 0.000000000000000000, -1.000000000000000000 ) ) ;
#3389 = ORIENTED_EDGE ( 'NONE', *, *, #3041, .T. ) ;
#3390 = CARTESIAN_POINT ( 'NONE',  ( 220.9999999999999716, 4.000000000000000000, -136.9999999999999716 ) ) ;
#3391 = EDGE_CURVE ( 'NONE', #1749, #6895, #6698, .T. ) ;
#3392 = AXIS2_PLACEMENT_3D ( 'NONE', #697, #3728, #7276 ) ;
#3393 = ORIENTED_EDGE ( 'NONE', *, *, #4751, .F. ) ;
#3394 = ORIENTED_EDGE ( 'NONE', *, *, #3046, .F. ) ;
#3395 = CARTESIAN_POINT ( 'NONE',  ( 48.00000000000000000, 0.000000000000000000, -133.9999999999999716 ) ) ;
#3396 = LINE ( 'NONE', #9379, #1381 ) ;
#3397 = CARTESIAN_POINT ( 'NONE',  ( 78.00000000000000000, 4.000000000000000000, -41.00000000000000000 ) ) ;
#3398 = PLANE ( 'NONE',  #6334 ) ;
#3399 = ORIENTED_EDGE ( 'NONE', *, *, #1846, .F. ) ;
#3400 = ADVANCED_FACE ( 'NONE', ( #8164 ), #5864, .F. ) ;
#3401 = EDGE_CURVE ( 'NONE', #460, #8993, #17, .T. ) ;
#3402 = FACE_OUTER_BOUND ( 'NONE', #8207, .T. ) ;
#3403 = VECTOR ( 'NONE', #9199, 1000.000000000000000 ) ;
#3404 = CARTESIAN_POINT ( 'NONE',  ( 236.9999999999999716, 0.000000000000000000, -2.000000000000000000 ) ) ;
#3405 = AXIS2_PLACEMENT_3D ( 'NONE', #7620, #890, #6883 ) ;
#3406 = ORIENTED_EDGE ( 'NONE', *, *, #3480, .T. ) ;
#3407 = FACE_OUTER_BOUND ( 'NONE', #6099, .T. ) ;
#3408 = EDGE_CURVE ( 'NONE', #6690, #5067, #4903, .T. ) ;
#3409 = CARTESIAN_POINT ( 'NONE',  ( 210.9999999999999716, 9.000000000000001776, -106.9999999999999858 ) ) ;
#3410 = DIRECTION ( 'NONE',  ( 0.000000000000000000, 0.000000000000000000, 1.000000000000000000 ) ) ;
#3411 = EDGE_CURVE ( 'NONE', #5753, #509, #8944, .T. ) ;
#3412 = EDGE_LOOP ( 'NONE', ( #3406, #4981, #4635, #919 ) ) ;
#3413 = DIRECTION ( 'NONE',  ( 1.000000000000000000, 0.000000000000000000, 0.000000000000000000 ) ) ;
#3414 = VECTOR ( 'NONE', #4161, 1000.000000000000000 ) ;
#3415 = EDGE_CURVE ( 'NONE', #430, #8872, #5912, .T. ) ;
#3416 = EDGE_CURVE ( 'NONE', #1265, #9702, #1386, .T. ) ;
#3417 = ORIENTED_EDGE ( 'NONE', *, *, #6648, .T. ) ;
#3418 = CARTESIAN_POINT ( 'NONE',  ( 102.0000000000000142, 8.000000000000000000, -35.00000000000000000 ) ) ;
#3419 = LINE ( 'NONE', #7980, #385 ) ;
#3420 = ORIENTED_EDGE ( 'NONE', *, *, #867, .F. ) ;
#3421 = EDGE_CURVE ( 'NONE', #2651, #46, #3742, .T. ) ;
#3422 = LINE ( 'NONE', #1201, #281 ) ;
#3423 = EDGE_CURVE ( 'NONE', #4551, #699, #3016, .T. ) ;
#3424 = ORIENTED_EDGE ( 'NONE', *, *, #5271, .T. ) ;
#3425 = EDGE_LOOP ( 'NONE', ( #6674, #6111 ) ) ;
#3426 = CARTESIAN_POINT ( 'NONE',  ( 7.670000000000010587, 0.000000000000000000, -7.000000000000000000 ) ) ;
#3427 = DIRECTION ( 'NONE',  ( -0.000000000000000000, 1.000000000000000000, -0.000000000000000000 ) ) ;
#3428 = CARTESIAN_POINT ( 'NONE',  ( 72.00000000000001421, -0.001000000000000132727, -17.00000000000000000 ) ) ;
#3429 = AXIS2_PLACEMENT_3D ( 'NONE', #498, #1970, #7955 ) ;
#3430 = DIRECTION ( 'NONE',  ( -0.000000000000000000, 1.000000000000000000, -0.000000000000000000 ) ) ;
#3431 = DIRECTION ( 'NONE',  ( -0.000000000000000000, 1.000000000000000000, -0.000000000000000000 ) ) ;
#3432 = PLANE ( 'NONE',  #4962 ) ;
#3433 = CARTESIAN_POINT ( 'NONE',  ( 76.00000000000001421, 4.000000000000000000, -33.00000000000000711 ) ) ;
#3434 = ORIENTED_EDGE ( 'NONE', *, *, #4230, .T. ) ;
#3435 = PLANE ( 'NONE',  #4557 ) ;
#3436 = VECTOR ( 'NONE', #8460, 1000.000000000000000 ) ;
#3437 = EDGE_LOOP ( 'NONE', ( #3181, #8850, #3842, #7574 ) ) ;
#3438 = ORIENTED_EDGE ( 'NONE', *, *, #7035, .T. ) ;
#3439 = SHAPE_DEFINITION_REPRESENTATION ( #8479, #7467 ) ;
#3440 = VERTEX_POINT ( 'NONE', #8310 ) ;
#3441 = LINE ( 'NONE', #7588, #9667 ) ;
#3442 = CARTESIAN_POINT ( 'NONE',  ( 201.9999999999999432, -0.001000000000000132727, -17.00000000000000000 ) ) ;
#3443 = DIRECTION ( 'NONE',  ( 0.000000000000000000, 0.000000000000000000, 1.000000000000000000 ) ) ;
#3444 = FACE_OUTER_BOUND ( 'NONE', #9468, .T. ) ;
#3445 = ADVANCED_FACE ( 'NONE', ( #1583 ), #663, .T. ) ;
#3446 = CARTESIAN_POINT ( 'NONE',  ( 146.0000000000000284, -0.001000000000000132727, -117.9999999999999716 ) ) ;
#3447 = ORIENTED_EDGE ( 'NONE', *, *, #6974, .T. ) ;
#3448 = CARTESIAN_POINT ( 'NONE',  ( 168.9999999999999716, 18.00000000000000355, 0.001000000000001000089 ) ) ;
#3449 = FACE_OUTER_BOUND ( 'NONE', #3815, .T. ) ;
#3450 = ORIENTED_EDGE ( 'NONE', *, *, #1214, .F. ) ;
#3451 = EDGE_CURVE ( 'NONE', #133, #7780, #2524, .T. ) ;
#3452 = LINE ( 'NONE', #7880, #2709 ) ;
#3453 = AXIS2_PLACEMENT_3D ( 'NONE', #8112, #3692, #8989 ) ;
#3454 = CARTESIAN_POINT ( 'NONE',  ( 140.9999999999999716, 8.000000000000000000, -15.00000000000000000 ) ) ;
#3455 = LINE ( 'NONE', #1149, #9618 ) ;
#3456 = ORIENTED_EDGE ( 'NONE', *, *, #619, .T. ) ;
#3457 = CARTESIAN_POINT ( 'NONE',  ( 76.00000000000001421, 0.000000000000000000, -133.9999999999999716 ) ) ;
#3458 = VECTOR ( 'NONE', #4281, 1000.000000000000000 ) ;
#3459 = ADVANCED_FACE ( 'NONE', ( #3308 ), #953, .F. ) ;
#3460 = ADVANCED_FACE ( 'NONE', ( #222 ), #1762, .F. ) ;
#3461 = EDGE_CURVE ( 'NONE', #8694, #1001, #3219, .T. ) ;
#3462 = ORIENTED_EDGE ( 'NONE', *, *, #7484, .F. ) ;
#3463 = VECTOR ( 'NONE', #5562, 1000.000000000000000 ) ;
#3464 = AXIS2_PLACEMENT_3D ( 'NONE', #8750, #2023, #3547 ) ;
#3465 = CARTESIAN_POINT ( 'NONE',  ( 174.0000000000000000, 0.000000000000000000, -133.9999999999999716 ) ) ;
#3466 = DIRECTION ( 'NONE',  ( -1.000000000000000000, -0.000000000000000000, -0.000000000000000000 ) ) ;
#3467 = ORIENTED_EDGE ( 'NONE', *, *, #8628, .F. ) ;
#3468 = FACE_OUTER_BOUND ( 'NONE', #7524, .T. ) ;
#3469 = AXIS2_PLACEMENT_3D ( 'NONE', #482, #3427, #2822 ) ;
#3470 = ORIENTED_EDGE ( 'NONE', *, *, #1712, .F. ) ;
#3471 = ORIENTED_EDGE ( 'NONE', *, *, #4989, .F. ) ;
#3472 = CARTESIAN_POINT ( 'NONE',  ( 125.0000000000000000, -0.001000000000000132727, -133.9999999999999716 ) ) ;
#3473 = AXIS2_PLACEMENT_3D ( 'NONE', #9550, #3669, #9463 ) ;
#3474 = VECTOR ( 'NONE', #5618, 1000.000000000000000 ) ;
#3475 = LINE ( 'NONE', #4166, #8946 ) ;
#3476 = DIRECTION ( 'NONE',  ( 0.000000000000000000, 0.000000000000000000, -1.000000000000000000 ) ) ;
#3477 = AXIS2_PLACEMENT_3D ( 'NONE', #6337, #8803, #3511 ) ;
#3478 = AXIS2_PLACEMENT_3D ( 'NONE', #3418, #6376, #2679 ) ;
#3479 = DIRECTION ( 'NONE',  ( -2.168404344971008868E-16, 0.000000000000000000, -1.000000000000000000 ) ) ;
#3480 = EDGE_CURVE ( 'NONE', #8006, #1094, #9196, .T. ) ;
#3481 = DIRECTION ( 'NONE',  ( 0.000000000000000000, 0.000000000000000000, 1.000000000000000000 ) ) ;
#3482 = LINE ( 'NONE', #7768, #5743 ) ;
#3483 = CARTESIAN_POINT ( 'NONE',  ( 162.9999999999999432, -0.001000000000000132727, -17.00000000000000000 ) ) ;
#3484 = ORIENTED_EDGE ( 'NONE', *, *, #2274, .T. ) ;
#3485 = FACE_OUTER_BOUND ( 'NONE', #1586, .T. ) ;
#3486 = VECTOR ( 'NONE', #5355, 1000.000000000000000 ) ;
#3487 = ADVANCED_FACE ( 'NONE', ( #1693 ), #4038, .T. ) ;
#3488 = EDGE_LOOP ( 'NONE', ( #3169, #474, #6020, #9145 ) ) ;
#3489 = ORIENTED_EDGE ( 'NONE', *, *, #8649, .T. ) ;
#3490 = CARTESIAN_POINT ( 'NONE',  ( 83.00000000000000000, 0.000000000000000000, -117.9999999999999716 ) ) ;
#3491 = DIRECTION ( 'NONE',  ( -0.000000000000000000, 1.000000000000000000, -0.000000000000000000 ) ) ;
#3492 = CARTESIAN_POINT ( 'NONE',  ( 190.9999999999999432, 4.000000000000000000, -33.00000000000000000 ) ) ;
#3493 = VECTOR ( 'NONE', #5435, 1000.000000000000000 ) ;
#3494 = DIRECTION ( 'NONE',  ( 0.000000000000000000, 0.000000000000000000, 1.000000000000000000 ) ) ;
#3495 = VECTOR ( 'NONE', #5910, 1000.000000000000000 ) ;
#3496 = DIRECTION ( 'NONE',  ( 2.168404344971007882E-16, 0.000000000000000000, 1.000000000000000000 ) ) ;
#3497 = ORIENTED_EDGE ( 'NONE', *, *, #4599, .F. ) ;
#3498 = VECTOR ( 'NONE', #4628, 1000.000000000000000 ) ;
#3499 = LINE ( 'NONE', #2752, #340 ) ;
#3500 = CARTESIAN_POINT ( 'NONE',  ( 34.00000000000000000, -0.001000000000000132727, -117.9999999999999716 ) ) ;
#3501 = EDGE_CURVE ( 'NONE', #3029, #5113, #4259, .T. ) ;
#3502 = VERTEX_POINT ( 'NONE', #6113 ) ;
#3503 = FACE_OUTER_BOUND ( 'NONE', #8918, .T. ) ;
#3504 = AXIS2_PLACEMENT_3D ( 'NONE', #1555, #3240, #9217 ) ;
#3505 = DIRECTION ( 'NONE',  ( 0.000000000000000000, 0.000000000000000000, 1.000000000000000000 ) ) ;
#3506 = DIRECTION ( 'NONE',  ( -1.000000000000000000, 0.000000000000000000, 0.000000000000000000 ) ) ;
#3507 = EDGE_LOOP ( 'NONE', ( #677, #5872, #2568, #6890 ) ) ;
#3508 = VERTEX_POINT ( 'NONE', #3167 ) ;
#3509 = AXIS2_PLACEMENT_3D ( 'NONE', #6672, #8962, #2240 ) ;
#3510 = CARTESIAN_POINT ( 'NONE',  ( 163.0000000000000000, 0.000000000000000000, -117.9999999999999858 ) ) ;
#3511 = DIRECTION ( 'NONE',  ( 0.000000000000000000, 0.000000000000000000, 1.000000000000000000 ) ) ;
#3512 = VECTOR ( 'NONE', #9485, 1000.000000000000000 ) ;
#3513 = DIRECTION ( 'NONE',  ( 0.000000000000000000, 0.000000000000000000, -1.000000000000000000 ) ) ;
#3514 = CARTESIAN_POINT ( 'NONE',  ( 139.0000000000000000, 0.000000000000000000, -117.9999999999999716 ) ) ;
#3515 = DIRECTION ( 'NONE',  ( 1.000000000000000000, 0.000000000000000000, -6.938893903907223447E-16 ) ) ;
#3516 = ORIENTED_EDGE ( 'NONE', *, *, #7916, .T. ) ;
#3517 = CARTESIAN_POINT ( 'NONE',  ( 205.0000000000000284, 4.000000000000000000, -133.9999999999999716 ) ) ;
#3518 = EDGE_CURVE ( 'NONE', #6197, #967, #7043, .T. ) ;
#3519 = EDGE_CURVE ( 'NONE', #9373, #246, #317, .T. ) ;
#3520 = EDGE_LOOP ( 'NONE', ( #7356, #8125, #6578, #777 ) ) ;
#3521 = ORIENTED_EDGE ( 'NONE', *, *, #5048, .T. ) ;
#3522 = CARTESIAN_POINT ( 'NONE',  ( 210.9999999999999716, 9.000000000000001776, -46.00000000000000711 ) ) ;
#3523 = PLANE ( 'NONE',  #2829 ) ;
#3524 = CARTESIAN_POINT ( 'NONE',  ( 214.9999999999999716, 29.00000000000000000, -106.2999999999999972 ) ) ;
#3525 = ADVANCED_FACE ( 'NONE', ( #8520 ), #6999, .F. ) ;
#3526 = FACE_BOUND ( 'NONE', #8577, .T. ) ;
#3527 = DIRECTION ( 'NONE',  ( -0.000000000000000000, 0.000000000000000000, -1.000000000000000000 ) ) ;
#3528 = DIRECTION ( 'NONE',  ( 0.000000000000000000, 0.000000000000000000, 1.000000000000000000 ) ) ;
#3529 = CARTESIAN_POINT ( 'NONE',  ( 97.00000000000000000, -0.001000000000000132727, -133.9999999999999716 ) ) ;
#3530 = ORIENTED_EDGE ( 'NONE', *, *, #7372, .T. ) ;
#3531 = LINE ( 'NONE', #9663, #9605 ) ;
#3532 = VERTEX_POINT ( 'NONE', #1090 ) ;
#3533 = EDGE_CURVE ( 'NONE', #288, #5320, #119, .T. ) ;
#3534 = ORIENTED_EDGE ( 'NONE', *, *, #3347, .T. ) ;
#3535 = DIRECTION ( 'NONE',  ( 0.000000000000000000, 0.5150380749100526012, 0.8571673007021132218 ) ) ;
#3536 = LINE ( 'NONE', #3581, #6253 ) ;
#3537 = DIRECTION ( 'NONE',  ( 0.000000000000000000, 0.000000000000000000, 1.000000000000000000 ) ) ;
#3538 = DIRECTION ( 'NONE',  ( -2.168404344971008868E-16, 0.000000000000000000, -1.000000000000000000 ) ) ;
#3539 = LINE ( 'NONE', #2014, #2862 ) ;
#3540 = ORIENTED_EDGE ( 'NONE', *, *, #436, .F. ) ;
#3541 = EDGE_CURVE ( 'NONE', #7931, #6452, #2374, .T. ) ;
#3542 = CARTESIAN_POINT ( 'NONE',  ( 215.9999999999999716, 29.00000000000000000, -103.9999999999999858 ) ) ;
#3543 = DIRECTION ( 'NONE',  ( -1.000000000000000000, 0.000000000000000000, -2.312964634635743844E-15 ) ) ;
#3544 = EDGE_CURVE ( 'NONE', #2321, #9615, #8566, .T. ) ;
#3545 = ORIENTED_EDGE ( 'NONE', *, *, #2156, .F. ) ;
#3546 = DIRECTION ( 'NONE',  ( -0.000000000000000000, 1.000000000000000000, -0.000000000000000000 ) ) ;
#3547 = DIRECTION ( 'NONE',  ( 0.000000000000000000, 0.000000000000000000, 1.000000000000000000 ) ) ;
#3548 = DIRECTION ( 'NONE',  ( -1.000000000000000000, 0.000000000000000000, -0.000000000000000000 ) ) ;
#3549 = FACE_OUTER_BOUND ( 'NONE', #8190, .T. ) ;
#3550 = VERTEX_POINT ( 'NONE', #1792 ) ;
#3551 = ORIENTED_EDGE ( 'NONE', *, *, #7186, .T. ) ;
#3552 = CARTESIAN_POINT ( 'NONE',  ( 135.7199999999999704, 6.000000000000001776, -48.99999999999999289 ) ) ;
#3553 = AXIS2_PLACEMENT_3D ( 'NONE', #2115, #8501, #207 ) ;
#3554 = DIRECTION ( 'NONE',  ( -1.000000000000000000, 0.000000000000000000, -2.312964634635743844E-15 ) ) ;
#3555 = ORIENTED_EDGE ( 'NONE', *, *, #8919, .T. ) ;
#3556 = CARTESIAN_POINT ( 'NONE',  ( 238.9999999999999716, 4.000000000000000000, 0.000000000000000000 ) ) ;
#3557 = LINE ( 'NONE', #5683, #6348 ) ;
#3558 = VERTEX_POINT ( 'NONE', #4791 ) ;
#3559 = EDGE_CURVE ( 'NONE', #2402, #8474, #57, .T. ) ;
#3560 = VECTOR ( 'NONE', #875, 1000.000000000000000 ) ;
#3561 = VERTEX_POINT ( 'NONE', #1644 ) ;
#3562 = VERTEX_POINT ( 'NONE', #4632 ) ;
#3563 = LINE ( 'NONE', #4304, #6791 ) ;
#3564 = EDGE_CURVE ( 'NONE', #5041, #6783, #3894, .T. ) ;
#3565 = VECTOR ( 'NONE', #7069, 1000.000000000000000 ) ;
#3566 = CARTESIAN_POINT ( 'NONE',  ( 48.00000000000000000, 4.000000000000000000, -133.9999999999999716 ) ) ;
#3567 = DIRECTION ( 'NONE',  ( 0.000000000000000000, 0.000000000000000000, 1.000000000000000000 ) ) ;
#3568 = DIRECTION ( 'NONE',  ( 0.000000000000000000, 0.000000000000000000, 1.000000000000000000 ) ) ;
#3569 = FACE_OUTER_BOUND ( 'NONE', #2234, .T. ) ;
#3570 = CARTESIAN_POINT ( 'NONE',  ( 77.71999999999998465, 0.000000000000000000, -47.24999999999998579 ) ) ;
#3571 = DIRECTION ( 'NONE',  ( 0.000000000000000000, 0.000000000000000000, -1.000000000000000000 ) ) ;
#3572 = VERTEX_POINT ( 'NONE', #6901 ) ;
#3573 = CARTESIAN_POINT ( 'NONE',  ( 190.9999999999999432, 0.000000000000000000, -33.00000000000000000 ) ) ;
#3574 = EDGE_CURVE ( 'NONE', #5440, #6519, #6443, .T. ) ;
#3575 = EDGE_LOOP ( 'NONE', ( #1570, #776, #2366, #765 ) ) ;
#3576 = ORIENTED_EDGE ( 'NONE', *, *, #3415, .F. ) ;
#3577 = EDGE_LOOP ( 'NONE', ( #7357, #3516, #6798, #1829 ) ) ;
#3578 = EDGE_CURVE ( 'NONE', #916, #5853, #5432, .T. ) ;
#3579 = VECTOR ( 'NONE', #819, 1000.000000000000000 ) ;
#3580 = CARTESIAN_POINT ( 'NONE',  ( 27.00000000000000000, 0.000000000000000000, -33.00000000000000711 ) ) ;
#3581 = CARTESIAN_POINT ( 'NONE',  ( 69.00000000000000000, 0.000000000000000000, -117.9999999999999716 ) ) ;
#3582 = CARTESIAN_POINT ( 'NONE',  ( 18.00000000000001421, 2.000000000000000000, -12.00000000000000000 ) ) ;
#3583 = CARTESIAN_POINT ( 'NONE',  ( 111.4999999999999432, 4.000000000000000000, -44.00000000000000000 ) ) ;
#3584 = CARTESIAN_POINT ( 'NONE',  ( 27.00000000000000355, 0.000000000000000000, -17.00000000000000000 ) ) ;
#3585 = ORIENTED_EDGE ( 'NONE', *, *, #2468, .T. ) ;
#3586 = VECTOR ( 'NONE', #5222, 1000.000000000000000 ) ;
#3587 = EDGE_LOOP ( 'NONE', ( #4700, #4091, #4644, #3905 ) ) ;
#3588 = FACE_BOUND ( 'NONE', #617, .T. ) ;
#3589 = CARTESIAN_POINT ( 'NONE',  ( 44.00000000000000711, 0.000000000000000000, -17.00000000000000000 ) ) ;
#3590 = EDGE_LOOP ( 'NONE', ( #20, #4804, #7096 ) ) ;
#3591 = CARTESIAN_POINT ( 'NONE',  ( 48.00000000000000000, 0.000000000000000000, -17.00000000000000000 ) ) ;
#3592 = EDGE_CURVE ( 'NONE', #1748, #288, #2754, .T. ) ;
#3593 = CARTESIAN_POINT ( 'NONE',  ( 209.0000000000000000, 0.000000000000000000, -117.9999999999999716 ) ) ;
#3594 = CARTESIAN_POINT ( 'NONE',  ( 34.00000000000000000, 4.000000000000000000, -133.9999999999999716 ) ) ;
#3595 = DIRECTION ( 'NONE',  ( -1.000000000000000000, 0.000000000000000000, 0.000000000000000000 ) ) ;
#3596 = EDGE_CURVE ( 'NONE', #6384, #1967, #2801, .T. ) ;
#3597 = VERTEX_POINT ( 'NONE', #5714 ) ;
#3598 = ORIENTED_EDGE ( 'NONE', *, *, #5875, .F. ) ;
#3599 = DIRECTION ( 'NONE',  ( 0.000000000000000000, 0.000000000000000000, 1.000000000000000000 ) ) ;
#3600 = PLANE ( 'NONE',  #6013 ) ;
#3601 = CARTESIAN_POINT ( 'NONE',  ( 209.0000000000000000, -0.001000000000000132727, -117.9999999999999716 ) ) ;
#3602 = DIRECTION ( 'NONE',  ( 4.625929269271487689E-15, 0.000000000000000000, 1.000000000000000000 ) ) ;
#3603 = DIRECTION ( 'NONE',  ( -1.000000000000000000, 0.000000000000000000, 0.000000000000000000 ) ) ;
#3604 = ORIENTED_EDGE ( 'NONE', *, *, #1660, .T. ) ;
#3605 = CIRCLE ( 'NONE', #7530, 1.700000000000007061 ) ;
#3606 = CONICAL_SURFACE ( 'NONE', #4389, 1.700000000000007061, 1.029744258676656310 ) ;
#3607 = ORIENTED_EDGE ( 'NONE', *, *, #1376, .T. ) ;
#3608 = EDGE_CURVE ( 'NONE', #3597, #4782, #1331, .T. ) ;
#3609 = EDGE_LOOP ( 'NONE', ( #4417, #2699 ) ) ;
#3610 = CARTESIAN_POINT ( 'NONE',  ( 169.9999999999999432, 0.000000000000000000, -17.00000000000000000 ) ) ;
#3611 = DIRECTION ( 'NONE',  ( -1.000000000000000000, 0.000000000000000000, 0.000000000000000000 ) ) ;
#3612 = PLANE ( 'NONE',  #6818 ) ;
#3613 = FACE_BOUND ( 'NONE', #7557, .T. ) ;
#3614 = CARTESIAN_POINT ( 'NONE',  ( 26.75735931288071257, 14.00000000000003197, -103.9999999999999858 ) ) ;
#3615 = LINE ( 'NONE', #6624, #9429 ) ;
#3616 = CARTESIAN_POINT ( 'NONE',  ( 121.0000000000000000, 4.000000000000000000, -117.9999999999999858 ) ) ;
#3617 = ORIENTED_EDGE ( 'NONE', *, *, #1071, .F. ) ;
#3618 = VECTOR ( 'NONE', #8446, 1000.000000000000000 ) ;
#3619 = AXIS2_PLACEMENT_3D ( 'NONE', #3448, #8658, #5754 ) ;
#3620 = CARTESIAN_POINT ( 'NONE',  ( 28.00000000000000355, 9.000000000000001776, -44.00000000000000711 ) ) ;
#3621 = VECTOR ( 'NONE', #9293, 1000.000000000000000 ) ;
#3622 = ORIENTED_EDGE ( 'NONE', *, *, #2770, .F. ) ;
#3623 = EDGE_LOOP ( 'NONE', ( #1478, #4844, #237, #7752 ) ) ;
#3624 = VECTOR ( 'NONE', #6513, 1000.000000000000000 ) ;
#3625 = ORIENTED_EDGE ( 'NONE', *, *, #492, .F. ) ;
#3626 = LINE ( 'NONE', #3442, #9112 ) ;
#3627 = CARTESIAN_POINT ( 'NONE',  ( 153.0000000000000000, 4.000000000000000000, -117.9999999999999716 ) ) ;
#3628 = FACE_OUTER_BOUND ( 'NONE', #8328, .T. ) ;
#3629 = CYLINDRICAL_SURFACE ( 'NONE', #4643, 2.999999999999995559 ) ;
#3630 = CARTESIAN_POINT ( 'NONE',  ( 218.9999999999999716, 4.000000000000000000, -41.00000000000000000 ) ) ;
#3631 = VERTEX_POINT ( 'NONE', #2624 ) ;
#3632 = ORIENTED_EDGE ( 'NONE', *, *, #3292, .T. ) ;
#3633 = CIRCLE ( 'NONE', #33, 3.000000000000002665 ) ;
#3634 = FACE_BOUND ( 'NONE', #7784, .T. ) ;
#3635 = AXIS2_PLACEMENT_3D ( 'NONE', #6746, #9685, #1486 ) ;
#3636 = EDGE_CURVE ( 'NONE', #2344, #1685, #2020, .T. ) ;
#3637 = ADVANCED_FACE ( 'NONE', ( #8788 ), #4226, .T. ) ;
#3638 = CARTESIAN_POINT ( 'NONE',  ( 214.9999999999999716, 21.00000000000000000, -107.9999999999999858 ) ) ;
#3639 = EDGE_LOOP ( 'NONE', ( #234, #4355, #342, #7189 ) ) ;
#3640 = AXIS2_PLACEMENT_3D ( 'NONE', #1589, #860, #9044 ) ;
#3641 = AXIS2_PLACEMENT_3D ( 'NONE', #8213, #9583, #5863 ) ;
#3642 = CARTESIAN_POINT ( 'NONE',  ( 48.00000000000000000, 0.000000000000000000, -133.9999999999999716 ) ) ;
#3643 = PLANE ( 'NONE',  #5186 ) ;
#3644 = DIRECTION ( 'NONE',  ( -0.000000000000000000, -0.000000000000000000, 1.000000000000000000 ) ) ;
#3645 = EDGE_CURVE ( 'NONE', #562, #7389, #7095, .T. ) ;
#3646 = CARTESIAN_POINT ( 'NONE',  ( 73.00000000000001421, 0.000000000000000000, -108.9999999999999858 ) ) ;
#3647 = ORIENTED_EDGE ( 'NONE', *, *, #8064, .T. ) ;
#3648 = CARTESIAN_POINT ( 'NONE',  ( 176.9999999999999716, 4.000000000000000000, -33.00000000000000000 ) ) ;
#3649 = DIRECTION ( 'NONE',  ( -0.000000000000000000, 1.000000000000000000, -0.000000000000000000 ) ) ;
#3650 = ORIENTED_EDGE ( 'NONE', *, *, #8314, .T. ) ;
#3651 = AXIS2_PLACEMENT_3D ( 'NONE', #6215, #265, #8515 ) ;
#3652 = EDGE_CURVE ( 'NONE', #2688, #5727, #5959, .T. ) ;
#3653 = PLANE ( 'NONE',  #2921 ) ;
#3654 = LINE ( 'NONE', #2278, #8339 ) ;
#3655 = VECTOR ( 'NONE', #2133, 1000.000000000000000 ) ;
#3656 = ORIENTED_EDGE ( 'NONE', *, *, #6938, .T. ) ;
#3657 = CARTESIAN_POINT ( 'NONE',  ( 34.00000000000000000, -0.001000000000000132727, -33.00000000000000711 ) ) ;
#3658 = ORIENTED_EDGE ( 'NONE', *, *, #48, .F. ) ;
#3659 = ORIENTED_EDGE ( 'NONE', *, *, #429, .T. ) ;
#3660 = AXIS2_PLACEMENT_3D ( 'NONE', #4940, #6007, #7376 ) ;
#3661 = EDGE_CURVE ( 'NONE', #9455, #4512, #8008, .T. ) ;
#3662 = EDGE_CURVE ( 'NONE', #9556, #8609, #8059, .T. ) ;
#3663 = VERTEX_POINT ( 'NONE', #7146 ) ;
#3664 = ORIENTED_EDGE ( 'NONE', *, *, #4963, .T. ) ;
#3665 = LINE ( 'NONE', #4636, #6000 ) ;
#3666 = CARTESIAN_POINT ( 'NONE',  ( 77.71999999999998465, 0.000000000000000000, -48.99999999999998579 ) ) ;
#3667 = CARTESIAN_POINT ( 'NONE',  ( 174.0000000000000000, 4.000000000000000000, -133.9999999999999716 ) ) ;
#3668 = CARTESIAN_POINT ( 'NONE',  ( 55.00000000000000711, -0.001000000000000132727, -117.9999999999999716 ) ) ;
#3669 = DIRECTION ( 'NONE',  ( -0.000000000000000000, 1.000000000000000000, -0.000000000000000000 ) ) ;
#3670 = VECTOR ( 'NONE', #1530, 1000.000000000000000 ) ;
#3671 = CARTESIAN_POINT ( 'NONE',  ( 204.9999999999999716, 0.000000000000000000, -33.00000000000000000 ) ) ;
#3672 = ORIENTED_EDGE ( 'NONE', *, *, #8884, .F. ) ;
#3673 = LINE ( 'NONE', #2981, #218 ) ;
#3674 = ORIENTED_EDGE ( 'NONE', *, *, #7484, .T. ) ;
#3675 = ORIENTED_EDGE ( 'NONE', *, *, #1252, .T. ) ;
#3676 = LINE ( 'NONE', #7560, #2073 ) ;
#3677 = CARTESIAN_POINT ( 'NONE',  ( 41.00000000000000000, 0.000000000000000000, -33.00000000000000711 ) ) ;
#3678 = DIRECTION ( 'NONE',  ( 0.000000000000000000, 0.000000000000000000, 1.000000000000000000 ) ) ;
#3679 = CARTESIAN_POINT ( 'NONE',  ( 97.00000000000000000, -0.001000000000000132727, -133.9999999999999716 ) ) ;
#3680 = FACE_OUTER_BOUND ( 'NONE', #6108, .T. ) ;
#3681 = VECTOR ( 'NONE', #6465, 1000.000000000000000 ) ;
#3682 = LINE ( 'NONE', #6041, #8579 ) ;
#3683 = ORIENTED_EDGE ( 'NONE', *, *, #3684, .F. ) ;
#3684 = EDGE_CURVE ( 'NONE', #141, #4512, #508, .T. ) ;
#3685 = FACE_BOUND ( 'NONE', #6012, .T. ) ;
#3686 = DIRECTION ( 'NONE',  ( -0.000000000000000000, 1.000000000000000000, -0.000000000000000000 ) ) ;
#3687 = ORIENTED_EDGE ( 'NONE', *, *, #7296, .F. ) ;
#3688 = CARTESIAN_POINT ( 'NONE',  ( 111.4999999999999432, 14.00000000000000000, -23.00000000000000000 ) ) ;
#3689 = ADVANCED_FACE ( 'NONE', ( #7227 ), #9478, .F. ) ;
#3690 = EDGE_CURVE ( 'NONE', #8490, #3927, #7188, .T. ) ;
#3691 = FACE_OUTER_BOUND ( 'NONE', #8475, .T. ) ;
#3692 = DIRECTION ( 'NONE',  ( 4.625929269271487689E-15, 0.000000000000000000, 1.000000000000000000 ) ) ;
#3693 = DIRECTION ( 'NONE',  ( -1.000000000000000000, -0.000000000000000000, -0.000000000000000000 ) ) ;
#3694 = ORIENTED_EDGE ( 'NONE', *, *, #6747, .F. ) ;
#3695 = CARTESIAN_POINT ( 'NONE',  ( 156.0000000000000000, -0.001000000000000132727, -133.9999999999999716 ) ) ;
#3696 = PLANE ( 'NONE',  #4574 ) ;
#3697 = ORIENTED_EDGE ( 'NONE', *, *, #2314, .F. ) ;
#3698 = ADVANCED_FACE ( 'NONE', ( #3449 ), #6448, .F. ) ;
#3699 = AXIS2_PLACEMENT_3D ( 'NONE', #4319, #7319, #7415 ) ;
#3700 = LINE ( 'NONE', #6703, #5121 ) ;
#3701 = EDGE_CURVE ( 'NONE', #5514, #810, #7280, .T. ) ;
#3702 = DIRECTION ( 'NONE',  ( 0.000000000000000000, 0.000000000000000000, 1.000000000000000000 ) ) ;
#3703 = DIRECTION ( 'NONE',  ( -0.000000000000000000, 1.000000000000000000, -0.000000000000000000 ) ) ;
#3704 = EDGE_LOOP ( 'NONE', ( #6903, #4441, #4650, #3856 ) ) ;
#3705 = VERTEX_POINT ( 'NONE', #8703 ) ;
#3706 = VECTOR ( 'NONE', #7641, 1000.000000000000000 ) ;
#3707 = ORIENTED_EDGE ( 'NONE', *, *, #5823, .F. ) ;
#3708 = ORIENTED_EDGE ( 'NONE', *, *, #2765, .F. ) ;
#3709 = FACE_OUTER_BOUND ( 'NONE', #5947, .T. ) ;
#3710 = FACE_OUTER_BOUND ( 'NONE', #8588, .T. ) ;
#3711 = DIRECTION ( 'NONE',  ( 4.625929269271487689E-15, 0.000000000000000000, 1.000000000000000000 ) ) ;
#3712 = CARTESIAN_POINT ( 'NONE',  ( 44.00000000000000000, 4.000000000000000000, -133.9999999999999716 ) ) ;
#3713 = EDGE_LOOP ( 'NONE', ( #3232, #2445, #4649, #3196 ) ) ;
#3714 = ORIENTED_EDGE ( 'NONE', *, *, #632, .T. ) ;
#3715 = CYLINDRICAL_SURFACE ( 'NONE', #4039, 3.000000000000002665 ) ;
#3716 = EDGE_LOOP ( 'NONE', ( #2289, #7516 ) ) ;
#3717 = EDGE_CURVE ( 'NONE', #1186, #9215, #5626, .T. ) ;
#3718 = DIRECTION ( 'NONE',  ( -0.000000000000000000, 1.000000000000000000, -0.000000000000000000 ) ) ;
#3719 = VECTOR ( 'NONE', #4126, 1000.000000000000000 ) ;
#3720 = VECTOR ( 'NONE', #1323, 1000.000000000000000 ) ;
#3721 = ORIENTED_EDGE ( 'NONE', *, *, #3769, .F. ) ;
#3722 = ORIENTED_EDGE ( 'NONE', *, *, #1398, .T. ) ;
#3723 = CARTESIAN_POINT ( 'NONE',  ( 0.000000000000000000, 2.000000000000000000, 0.000000000000000000 ) ) ;
#3724 = ADVANCED_FACE ( 'NONE', ( #1880 ), #4883, .F. ) ;
#3725 = CARTESIAN_POINT ( 'NONE',  ( 27.00000000000000000, 4.000000000000000000, -33.00000000000000711 ) ) ;
#3726 = CARTESIAN_POINT ( 'NONE',  ( 111.0000000000000000, 4.000000000000000000, -133.9999999999999716 ) ) ;
#3727 = CARTESIAN_POINT ( 'NONE',  ( 44.00000000000000000, -0.001000000000000132727, -33.00000000000000000 ) ) ;
#3728 = DIRECTION ( 'NONE',  ( -1.000000000000000000, 0.000000000000000000, 2.168404344971008128E-16 ) ) ;
#3729 = CARTESIAN_POINT ( 'NONE',  ( 136.9999999999999432, 2.000000000000000000, -19.29999999999999005 ) ) ;
#3730 = ORIENTED_EDGE ( 'NONE', *, *, #2922, .T. ) ;
#3731 = CARTESIAN_POINT ( 'NONE',  ( 0.000000000000000000, 0.000000000000000000, 0.000000000000000000 ) ) ;
#3732 = FACE_OUTER_BOUND ( 'NONE', #1690, .T. ) ;
#3733 = EDGE_LOOP ( 'NONE', ( #5820, #2919, #5873, #4162 ) ) ;
#3734 = CARTESIAN_POINT ( 'NONE',  ( 76.00000000000001421, 4.000000000000000000, -117.9999999999999716 ) ) ;
#3735 = EDGE_CURVE ( 'NONE', #4512, #3763, #6406, .T. ) ;
#3736 = DIRECTION ( 'NONE',  ( -2.168404344971008868E-16, 0.000000000000000000, -1.000000000000000000 ) ) ;
#3737 = CARTESIAN_POINT ( 'NONE',  ( 215.9999999999999716, 29.00000000000000000, -44.00000000000000711 ) ) ;
#3738 = ORIENTED_EDGE ( 'NONE', *, *, #8098, .T. ) ;
#3739 = LINE ( 'NONE', #2269, #4443 ) ;
#3740 = ORIENTED_EDGE ( 'NONE', *, *, #1598, .T. ) ;
#3741 = CARTESIAN_POINT ( 'NONE',  ( 135.7199999999999704, 6.000000000000000000, -97.99999999999998579 ) ) ;
#3742 = LINE ( 'NONE', #4380, #6319 ) ;
#3743 = ADVANCED_FACE ( 'NONE', ( #2260 ), #1475, .F. ) ;
#3744 = VECTOR ( 'NONE', #9527, 1000.000000000000000 ) ;
#3745 = ORIENTED_EDGE ( 'NONE', *, *, #3374, .F. ) ;
#3746 = ORIENTED_EDGE ( 'NONE', *, *, #7072, .F. ) ;
#3747 = DIRECTION ( 'NONE',  ( -0.000000000000000000, 1.000000000000000000, -0.000000000000000000 ) ) ;
#3748 = DIRECTION ( 'NONE',  ( 0.000000000000000000, -1.000000000000000000, 0.000000000000000000 ) ) ;
#3749 = CARTESIAN_POINT ( 'NONE',  ( 102.0000000000000142, 0.9785369476531472488, -35.00000000000000000 ) ) ;
#3750 = EDGE_LOOP ( 'NONE', ( #8380, #979, #6028, #4311 ) ) ;
#3751 = ORIENTED_EDGE ( 'NONE', *, *, #9388, .F. ) ;
#3752 = EDGE_CURVE ( 'NONE', #5566, #628, #6644, .T. ) ;
#3753 = ADVANCED_FACE ( 'NONE', ( #3732 ), #788, .F. ) ;
#3754 = EDGE_CURVE ( 'NONE', #9614, #3946, #5996, .T. ) ;
#3755 = EDGE_LOOP ( 'NONE', ( #8114, #7788 ) ) ;
#3756 = VERTEX_POINT ( 'NONE', #3589 ) ;
#3757 = DIRECTION ( 'NONE',  ( -2.168404344971008868E-16, -0.000000000000000000, -1.000000000000000000 ) ) ;
#3758 = CARTESIAN_POINT ( 'NONE',  ( 170.0000000000000000, 0.000000000000000000, -133.9999999999999716 ) ) ;
#3759 = AXIS2_PLACEMENT_3D ( 'NONE', #1190, #6597, #1885 ) ;
#3760 = PLANE ( 'NONE',  #688 ) ;
#3761 = ORIENTED_EDGE ( 'NONE', *, *, #4812, .F. ) ;
#3762 = LINE ( 'NONE', #8965, #1848 ) ;
#3763 = VERTEX_POINT ( 'NONE', #2208 ) ;
#3764 = FACE_OUTER_BOUND ( 'NONE', #1395, .T. ) ;
#3765 = AXIS2_PLACEMENT_3D ( 'NONE', #9089, #8369, #168 ) ;
#3766 = EDGE_LOOP ( 'NONE', ( #6157, #3881, #3151, #9650 ) ) ;
#3767 = ORIENTED_EDGE ( 'NONE', *, *, #8905, .T. ) ;
#3768 = CARTESIAN_POINT ( 'NONE',  ( 27.00000000000000000, 0.000000000000000000, -133.9999999999999716 ) ) ;
#3769 = EDGE_CURVE ( 'NONE', #4469, #84, #2902, .T. ) ;
#3770 = LINE ( 'NONE', #2940, #2209 ) ;
#3771 = DIRECTION ( 'NONE',  ( -0.000000000000000000, -1.000000000000000000, -0.000000000000000000 ) ) ;
#3772 = VECTOR ( 'NONE', #6223, 1000.000000000000000 ) ;
#3773 = VECTOR ( 'NONE', #6252, 1000.000000000000000 ) ;
#3774 = CARTESIAN_POINT ( 'NONE',  ( 23.99999999999999289, 21.00000000000000000, -107.9999999999999858 ) ) ;
#3775 = CARTESIAN_POINT ( 'NONE',  ( 55.00000000000000711, 4.000000000000000000, -117.9999999999999716 ) ) ;
#3776 = CARTESIAN_POINT ( 'NONE',  ( 83.00000000000000000, 4.000000000000000000, -133.9999999999999716 ) ) ;
#3777 = ORIENTED_EDGE ( 'NONE', *, *, #5792, .F. ) ;
#3778 = FACE_BOUND ( 'NONE', #3793, .T. ) ;
#3779 = ADVANCED_FACE ( 'NONE', ( #8932 ), #8108, .F. ) ;
#3780 = CARTESIAN_POINT ( 'NONE',  ( 102.0000000000000142, 8.000000000000000000, -22.69999999999999218 ) ) ;
#3781 = AXIS2_PLACEMENT_3D ( 'NONE', #6428, #9407, #4257 ) ;
#3782 = ORIENTED_EDGE ( 'NONE', *, *, #7145, .T. ) ;
#3783 = ORIENTED_EDGE ( 'NONE', *, *, #4119, .T. ) ;
#3784 = PLANE ( 'NONE',  #9279 ) ;
#3785 = EDGE_LOOP ( 'NONE', ( #3079, #7054, #7075, #996 ) ) ;
#3786 = VECTOR ( 'NONE', #9233, 1000.000000000000000 ) ;
#3787 = DIRECTION ( 'NONE',  ( 0.000000000000000000, -1.000000000000000000, 0.000000000000000000 ) ) ;
#3788 = VECTOR ( 'NONE', #2910, 1000.000000000000000 ) ;
#3789 = DIRECTION ( 'NONE',  ( -0.000000000000000000, 1.000000000000000000, -0.000000000000000000 ) ) ;
#3790 = VECTOR ( 'NONE', #4990, 1000.000000000000000 ) ;
#3791 = ORIENTED_EDGE ( 'NONE', *, *, #7792, .F. ) ;
#3792 =( NAMED_UNIT ( * ) PLANE_ANGLE_UNIT ( ) SI_UNIT ( $, .RADIAN. ) );
#3793 = EDGE_LOOP ( 'NONE', ( #4552, #675, #2361, #1484 ) ) ;
#3794 = LINE ( 'NONE', #3695, #6954 ) ;
#3795 = CARTESIAN_POINT ( 'NONE',  ( 69.00000000000000000, -0.001000000000000132727, -133.9999999999999716 ) ) ;
#3796 = ORIENTED_EDGE ( 'NONE', *, *, #5040, .F. ) ;
#3797 = ORIENTED_EDGE ( 'NONE', *, *, #7429, .T. ) ;
#3798 = FACE_OUTER_BOUND ( 'NONE', #2265, .T. ) ;
#3799 = CARTESIAN_POINT ( 'NONE',  ( 188.0000000000000000, 4.000000000000000000, -133.9999999999999716 ) ) ;
#3800 = FACE_BOUND ( 'NONE', #5265, .T. ) ;
#3801 = CARTESIAN_POINT ( 'NONE',  ( 102.0000000000000142, 8.000000000000001776, -35.00000000000000000 ) ) ;
#3802 = ORIENTED_EDGE ( 'NONE', *, *, #6263, .T. ) ;
#3803 = EDGE_LOOP ( 'NONE', ( #9622, #8758, #857 ) ) ;
#3804 = AXIS2_PLACEMENT_3D ( 'NONE', #4084, #115, #3111 ) ;
#3805 = EDGE_CURVE ( 'NONE', #6059, #3004, #5263, .T. ) ;
#3806 = ORIENTED_EDGE ( 'NONE', *, *, #4348, .F. ) ;
#3807 = ORIENTED_EDGE ( 'NONE', *, *, #1742, .T. ) ;
#3808 = DIRECTION ( 'NONE',  ( 0.000000000000000000, 0.000000000000000000, 1.000000000000000000 ) ) ;
#3809 = LINE ( 'NONE', #3758, #7503 ) ;
#3810 = ADVANCED_FACE ( 'NONE', ( #1423 ), #4514, .F. ) ;
#3811 = CARTESIAN_POINT ( 'NONE',  ( 208.9999999999999716, -0.001000000000000132727, -17.00000000000000000 ) ) ;
#3812 = EDGE_CURVE ( 'NONE', #6209, #5552, #6787, .T. ) ;
#3813 = ORIENTED_EDGE ( 'NONE', *, *, #6139, .F. ) ;
#3814 = CARTESIAN_POINT ( 'NONE',  ( 173.9999999999999716, -0.001000000000000132727, -17.00000000000000000 ) ) ;
#3815 = EDGE_LOOP ( 'NONE', ( #1935, #9107, #8937, #2761, #3919 ) ) ;
#3816 = LINE ( 'NONE', #3869, #4766 ) ;
#3817 = AXIS2_PLACEMENT_3D ( 'NONE', #190, #4108, #7112 ) ;
#3818 = ORIENTED_EDGE ( 'NONE', *, *, #7072, .T. ) ;
#3819 = ORIENTED_EDGE ( 'NONE', *, *, #5443, .F. ) ;
#3820 = DIRECTION ( 'NONE',  ( 1.000000000000000000, 0.000000000000000000, 0.000000000000000000 ) ) ;
#3821 = EDGE_CURVE ( 'NONE', #261, #9706, #4325, .T. ) ;
#3822 = DIRECTION ( 'NONE',  ( -1.000000000000000000, 0.000000000000000000, 0.000000000000000000 ) ) ;
#3823 = DIRECTION ( 'NONE',  ( 1.000000000000000000, 0.000000000000000000, 0.000000000000000000 ) ) ;
#3824 = VECTOR ( 'NONE', #2918, 1000.000000000000000 ) ;
#3825 = VECTOR ( 'NONE', #7023, 1000.000000000000000 ) ;
#3826 = CARTESIAN_POINT ( 'NONE',  ( 183.9999999999999716, 4.000000000000000000, -33.00000000000000000 ) ) ;
#3827 = LINE ( 'NONE', #8241, #9560 ) ;
#3828 = DIRECTION ( 'NONE',  ( -0.000000000000000000, 1.000000000000000000, -0.000000000000000000 ) ) ;
#3829 = LINE ( 'NONE', #2509, #5281 ) ;
#3830 = ORIENTED_EDGE ( 'NONE', *, *, #8350, .F. ) ;
#3831 = DIRECTION ( 'NONE',  ( 0.000000000000000000, 0.000000000000000000, 1.000000000000000000 ) ) ;
#3832 = VECTOR ( 'NONE', #4258, 1000.000000000000000 ) ;
#3833 = EDGE_CURVE ( 'NONE', #5457, #5961, #702, .T. ) ;
#3834 = CARTESIAN_POINT ( 'NONE',  ( 55.00000000000000711, 4.000000000000000000, -33.00000000000000711 ) ) ;
#3835 = EDGE_CURVE ( 'NONE', #3029, #2296, #6736, .T. ) ;
#3836 = EDGE_LOOP ( 'NONE', ( #247, #3142, #2598, #5722 ) ) ;
#3837 = EDGE_LOOP ( 'NONE', ( #8011, #6709, #7216, #7393 ) ) ;
#3838 = LINE ( 'NONE', #4470, #1274 ) ;
#3839 = DIRECTION ( 'NONE',  ( -1.000000000000000000, 0.000000000000000000, 0.000000000000000000 ) ) ;
#3840 = ORIENTED_EDGE ( 'NONE', *, *, #4630, .T. ) ;
#3841 = DIRECTION ( 'NONE',  ( 0.000000000000000000, -1.000000000000000000, 0.000000000000000000 ) ) ;
#3842 = ORIENTED_EDGE ( 'NONE', *, *, #4797, .F. ) ;
#3843 = ORIENTED_EDGE ( 'NONE', *, *, #305, .F. ) ;
#3844 = LINE ( 'NONE', #1691, #1905 ) ;
#3845 = ADVANCED_FACE ( 'NONE', ( #3056, #6046 ), #7324, .T. ) ;
#3846 = CARTESIAN_POINT ( 'NONE',  ( 7.669999999999999929, 0.000000000000000000, -139.9999999999999716 ) ) ;
#3847 = ORIENTED_EDGE ( 'NONE', *, *, #1838, .T. ) ;
#3848 = EDGE_LOOP ( 'NONE', ( #6518, #8338, #7756, #5521 ) ) ;
#3849 = ORIENTED_EDGE ( 'NONE', *, *, #3416, .T. ) ;
#3850 = CARTESIAN_POINT ( 'NONE',  ( 159.9999999999999432, -0.001000000000000132727, -17.00000000000000000 ) ) ;
#3851 = CARTESIAN_POINT ( 'NONE',  ( 25.00000000000000355, 13.99999999999997691, -48.99999999999997868 ) ) ;
#3852 = DIRECTION ( 'NONE',  ( 1.000000000000000000, -0.000000000000000000, -0.000000000000000000 ) ) ;
#3853 = FACE_BOUND ( 'NONE', #4994, .T. ) ;
#3854 = CARTESIAN_POINT ( 'NONE',  ( 48.00000000000000000, -0.001000000000000132727, -33.00000000000000711 ) ) ;
#3855 = ORIENTED_EDGE ( 'NONE', *, *, #7421, .F. ) ;
#3856 = ORIENTED_EDGE ( 'NONE', *, *, #6374, .F. ) ;
#3857 = VECTOR ( 'NONE', #1419, 1000.000000000000000 ) ;
#3858 = ORIENTED_EDGE ( 'NONE', *, *, #3091, .F. ) ;
#3859 = EDGE_LOOP ( 'NONE', ( #4537, #8263, #1125, #5188 ) ) ;
#3860 = CARTESIAN_POINT ( 'NONE',  ( 218.9999999999999716, 4.000000000000000000, -108.9999999999999858 ) ) ;
#3861 = DIRECTION ( 'NONE',  ( 0.000000000000000000, -1.000000000000000000, 0.000000000000000000 ) ) ;
#3862 = ADVANCED_FACE ( 'NONE', ( #9675 ), #6298, .F. ) ;
#3863 = CARTESIAN_POINT ( 'NONE',  ( 136.9999999999999432, 2.000000000000000000, -35.00000000000000000 ) ) ;
#3864 = ORIENTED_EDGE ( 'NONE', *, *, #5920, .F. ) ;
#3865 = ORIENTED_EDGE ( 'NONE', *, *, #8751, .T. ) ;
#3866 = CARTESIAN_POINT ( 'NONE',  ( 23.00000000000000000, 0.000000000000000000, -44.00000000000000711 ) ) ;
#3867 = AXIS2_PLACEMENT_3D ( 'NONE', #2226, #3747, #8650 ) ;
#3868 = ORIENTED_EDGE ( 'NONE', *, *, #3559, .T. ) ;
#3869 = CARTESIAN_POINT ( 'NONE',  ( 73.00000000000001421, 4.000000000000000000, -108.9999999999999858 ) ) ;
#3870 = AXIS2_PLACEMENT_3D ( 'NONE', #3053, #2303, #6585 ) ;
#3871 = ADVANCED_FACE ( 'NONE', ( #9570 ), #5310, .F. ) ;
#3872 = EDGE_LOOP ( 'NONE', ( #6281, #7612, #556, #2979 ) ) ;
#3873 = VERTEX_POINT ( 'NONE', #8840 ) ;
#3874 = CARTESIAN_POINT ( 'NONE',  ( 214.9999999999999716, 21.00000000000000000, -107.9999999999999858 ) ) ;
#3875 = CARTESIAN_POINT ( 'NONE',  ( 211.9999999999999716, 0.000000000000000000, -33.00000000000000000 ) ) ;
#3876 = CARTESIAN_POINT ( 'NONE',  ( 24.00000000000000000, 29.00000000000000000, -46.69999999999998863 ) ) ;
#3877 = CARTESIAN_POINT ( 'NONE',  ( 44.00000000000000000, 0.000000000000000000, -133.9999999999999716 ) ) ;
#3878 = CARTESIAN_POINT ( 'NONE',  ( 77.71999999999999886, 6.000000000000000000, -94.99999999999998579 ) ) ;
#3879 = DIRECTION ( 'NONE',  ( -1.000000000000000000, 0.000000000000000000, 2.168404344971008128E-16 ) ) ;
#3880 = CARTESIAN_POINT ( 'NONE',  ( 27.00000000000000000, 0.000000000000000000, -33.00000000000000711 ) ) ;
#3881 = ORIENTED_EDGE ( 'NONE', *, *, #7940, .T. ) ;
#3882 = LINE ( 'NONE', #2305, #6304 ) ;
#3883 = EDGE_CURVE ( 'NONE', #6165, #9259, #2118, .T. ) ;
#3884 = EDGE_CURVE ( 'NONE', #2026, #978, #4566, .T. ) ;
#3885 = ORIENTED_EDGE ( 'NONE', *, *, #4395, .F. ) ;
#3886 = ORIENTED_EDGE ( 'NONE', *, *, #72, .T. ) ;
#3887 = DIRECTION ( 'NONE',  ( -0.000000000000000000, -0.7071067811865455743, 0.7071067811865493491 ) ) ;
#3888 = VERTEX_POINT ( 'NONE', #841 ) ;
#3889 = FACE_OUTER_BOUND ( 'NONE', #918, .T. ) ;
#3890 = ORIENTED_EDGE ( 'NONE', *, *, #8793, .T. ) ;
#3891 = CARTESIAN_POINT ( 'NONE',  ( 195.0000000000000000, 0.000000000000000000, -133.9999999999999716 ) ) ;
#3892 = EDGE_LOOP ( 'NONE', ( #2539, #9042, #3352, #9581 ) ) ;
#3893 = CARTESIAN_POINT ( 'NONE',  ( 195.0000000000000000, 4.000000000000000000, -133.9999999999999716 ) ) ;
#3894 = LINE ( 'NONE', #7636, #5812 ) ;
#3895 = ORIENTED_EDGE ( 'NONE', *, *, #5189, .T. ) ;
#3896 = ORIENTED_EDGE ( 'NONE', *, *, #4052, .T. ) ;
#3897 = ORIENTED_EDGE ( 'NONE', *, *, #4163, .F. ) ;
#3898 = LINE ( 'NONE', #1648, #8185 ) ;
#3899 = DIRECTION ( 'NONE',  ( -0.000000000000000000, 1.000000000000000000, -0.000000000000000000 ) ) ;
#3900 = ADVANCED_FACE ( 'NONE', ( #1568 ), #6838, .T. ) ;
#3901 = LINE ( 'NONE', #958, #4884 ) ;
#3902 = PLANE ( 'NONE',  #8315 ) ;
#3903 = LINE ( 'NONE', #325, #6194 ) ;
#3904 = ORIENTED_EDGE ( 'NONE', *, *, #6026, .T. ) ;
#3905 = ORIENTED_EDGE ( 'NONE', *, *, #7346, .F. ) ;
#3906 = EDGE_CURVE ( 'NONE', #8137, #6872, #2359, .T. ) ;
#3907 = ORIENTED_EDGE ( 'NONE', *, *, #3501, .T. ) ;
#3908 = VERTEX_POINT ( 'NONE', #8619 ) ;
#3909 = CARTESIAN_POINT ( 'NONE',  ( 136.9999999999999432, 2.000000000000000000, -35.00000000000000000 ) ) ;
#3910 = CARTESIAN_POINT ( 'NONE',  ( 72.00000000000001421, 4.000000000000000000, -133.9999999999999716 ) ) ;
#3911 = FACE_OUTER_BOUND ( 'NONE', #994, .T. ) ;
#3912 = ORIENTED_EDGE ( 'NONE', *, *, #634, .T. ) ;
#3913 = ORIENTED_EDGE ( 'NONE', *, *, #1036, .F. ) ;
#3914 = CARTESIAN_POINT ( 'NONE',  ( 18.00000000000001421, 2.000000000000000000, -12.00000000000000000 ) ) ;
#3915 = ORIENTED_EDGE ( 'NONE', *, *, #291, .T. ) ;
#3916 = CARTESIAN_POINT ( 'NONE',  ( 136.9999999999999432, 2.000000000000000000, -20.99999999999999645 ) ) ;
#3917 = ADVANCED_FACE ( 'NONE', ( #9488 ), #4891, .F. ) ;
#3918 = ORIENTED_EDGE ( 'NONE', *, *, #5083, .T. ) ;
#3919 = ORIENTED_EDGE ( 'NONE', *, *, #6875, .F. ) ;
#3920 = CARTESIAN_POINT ( 'NONE',  ( 77.71999999999999886, 6.000000000000000000, -97.99999999999998579 ) ) ;
#3921 = DIRECTION ( 'NONE',  ( 1.000000000000000000, 0.000000000000000000, -4.625929269271486900E-15 ) ) ;
#3922 = CARTESIAN_POINT ( 'NONE',  ( 106.9999999999999858, 0.000000000000000000, -117.9999999999999858 ) ) ;
#3923 = DIRECTION ( 'NONE',  ( 0.000000000000000000, 0.000000000000000000, 1.000000000000000000 ) ) ;
#3924 = LINE ( 'NONE', #888, #3158 ) ;
#3925 = DIRECTION ( 'NONE',  ( 1.000000000000000000, 0.000000000000000000, -4.625929269271487689E-15 ) ) ;
#3926 = DIRECTION ( 'NONE',  ( -1.000000000000000000, 0.000000000000000000, -0.000000000000000000 ) ) ;
#3927 = VERTEX_POINT ( 'NONE', #5810 ) ;
#3928 = VECTOR ( 'NONE', #7924, 1000.000000000000000 ) ;
#3929 = CARTESIAN_POINT ( 'NONE',  ( 55.00000000000000711, 0.000000000000000000, -117.9999999999999716 ) ) ;
#3930 = ORIENTED_EDGE ( 'NONE', *, *, #7310, .F. ) ;
#3931 = ORIENTED_EDGE ( 'NONE', *, *, #8128, .F. ) ;
#3932 = VECTOR ( 'NONE', #3312, 1000.000000000000000 ) ;
#3933 = VECTOR ( 'NONE', #9255, 1000.000000000000000 ) ;
#3934 = LINE ( 'NONE', #3734, #6311 ) ;
#3935 = ORIENTED_EDGE ( 'NONE', *, *, #9176, .F. ) ;
#3936 = CARTESIAN_POINT ( 'NONE',  ( 55.00000000000000711, -0.001000000000000132727, -33.00000000000000711 ) ) ;
#3937 = EDGE_CURVE ( 'NONE', #8399, #2377, #9353, .T. ) ;
#3938 = DIRECTION ( 'NONE',  ( -0.000000000000000000, 1.000000000000000000, -0.000000000000000000 ) ) ;
#3939 = ORIENTED_EDGE ( 'NONE', *, *, #1363, .T. ) ;
#3940 = EDGE_CURVE ( 'NONE', #7609, #9490, #7289, .T. ) ;
#3941 = EDGE_CURVE ( 'NONE', #7052, #6699, #8802, .T. ) ;
#3942 = CARTESIAN_POINT ( 'NONE',  ( 62.00000000000000711, -0.001000000000000132727, -133.9999999999999716 ) ) ;
#3943 = CIRCLE ( 'NONE', #5198, 1.750000000000001554 ) ;
#3944 = VECTOR ( 'NONE', #1, 1000.000000000000000 ) ;
#3945 = DIRECTION ( 'NONE',  ( -1.000000000000000000, 0.000000000000000000, 0.000000000000000000 ) ) ;
#3946 = VERTEX_POINT ( 'NONE', #3457 ) ;
#3947 = CIRCLE ( 'NONE', #4255, 2.999999999999995559 ) ;
#3948 = CIRCLE ( 'NONE', #5202, 3.000000000000009770 ) ;
#3949 = CARTESIAN_POINT ( 'NONE',  ( 77.71999999999998465, 4.000000000000000000, -48.99999999999998579 ) ) ;
#3950 = LINE ( 'NONE', #6222, #4186 ) ;
#3951 = AXIS2_PLACEMENT_3D ( 'NONE', #9108, #331, #8480 ) ;
#3952 = ADVANCED_FACE ( 'NONE', ( #5676 ), #2763, .F. ) ;
#3953 = CARTESIAN_POINT ( 'NONE',  ( 27.00000000000000000, 4.000000000000000000, -117.9999999999999716 ) ) ;
#3954 = LINE ( 'NONE', #176, #7996 ) ;
#3955 = DIRECTION ( 'NONE',  ( -0.000000000000000000, 1.000000000000000000, -0.000000000000000000 ) ) ;
#3956 = ORIENTED_EDGE ( 'NONE', *, *, #547, .F. ) ;
#3957 = ORIENTED_EDGE ( 'NONE', *, *, #4706, .F. ) ;
#3958 = AXIS2_PLACEMENT_3D ( 'NONE', #3336, #1068, #3144 ) ;
#3959 = VERTEX_POINT ( 'NONE', #1942 ) ;
#3960 = AXIS2_PLACEMENT_3D ( 'NONE', #8570, #1795, #4092 ) ;
#3961 = VECTOR ( 'NONE', #8071, 1000.000000000000000 ) ;
#3962 = CARTESIAN_POINT ( 'NONE',  ( 76.00000000000001421, -0.001000000000000132727, -133.9999999999999716 ) ) ;
#3963 = PLANE ( 'NONE',  #3464 ) ;
#3964 = FACE_OUTER_BOUND ( 'NONE', #4779, .T. ) ;
#3965 = ORIENTED_EDGE ( 'NONE', *, *, #4472, .T. ) ;
#3966 = VECTOR ( 'NONE', #8654, 1000.000000000000000 ) ;
#3967 = ORIENTED_EDGE ( 'NONE', *, *, #3423, .T. ) ;
#3968 = LINE ( 'NONE', #7757, #9049 ) ;
#3969 = DIRECTION ( 'NONE',  ( 0.000000000000000000, -0.7071067811865455743, 0.7071067811865493491 ) ) ;
#3970 = EDGE_CURVE ( 'NONE', #3873, #6476, #5027, .T. ) ;
#3971 = ADVANCED_FACE ( 'NONE', ( #6509 ), #8712, .F. ) ;
#3972 = EDGE_LOOP ( 'NONE', ( #7528, #7848, #8940, #5692 ) ) ;
#3973 = CONICAL_SURFACE ( 'NONE', #8048, 1.700000000000007061, 1.029744258676656310 ) ;
#3974 = ORIENTED_EDGE ( 'NONE', *, *, #952, .F. ) ;
#3975 = LINE ( 'NONE', #4659, #9585 ) ;
#3976 = CARTESIAN_POINT ( 'NONE',  ( 90.00000000000000000, 4.000000000000000000, -117.9999999999999716 ) ) ;
#3977 = LINE ( 'NONE', #8636, #2316 ) ;
#3978 = CARTESIAN_POINT ( 'NONE',  ( 34.00000000000000000, 4.000000000000000000, -33.00000000000000711 ) ) ;
#3979 = DIRECTION ( 'NONE',  ( 0.000000000000000000, 0.000000000000000000, 1.000000000000000000 ) ) ;
#3980 = DIRECTION ( 'NONE',  ( 0.000000000000000000, 0.000000000000000000, 1.000000000000000000 ) ) ;
#3981 = AXIS2_PLACEMENT_3D ( 'NONE', #7058, #2449, #8435 ) ;
#3982 = CARTESIAN_POINT ( 'NONE',  ( 170.0000000000000000, 4.000000000000000000, -117.9999999999999858 ) ) ;
#3983 = EDGE_LOOP ( 'NONE', ( #2376, #3184, #7445, #830 ) ) ;
#3984 = FACE_OUTER_BOUND ( 'NONE', #3872, .T. ) ;
#3985 = VERTEX_POINT ( 'NONE', #469 ) ;
#3986 = CIRCLE ( 'NONE', #5715, 3.000000000000009770 ) ;
#3987 = VERTEX_POINT ( 'NONE', #2722 ) ;
#3988 = LINE ( 'NONE', #1873, #4256 ) ;
#3989 = EDGE_LOOP ( 'NONE', ( #4025, #4752, #5125, #7578 ) ) ;
#3990 = PLANE ( 'NONE',  #928 ) ;
#3991 = EDGE_CURVE ( 'NONE', #3138, #6872, #4291, .T. ) ;
#3992 = DIRECTION ( 'NONE',  ( 0.000000000000000000, 0.000000000000000000, -1.000000000000000000 ) ) ;
#3993 = ORIENTED_EDGE ( 'NONE', *, *, #2705, .F. ) ;
#3994 = CARTESIAN_POINT ( 'NONE',  ( 25.00000000000000355, 9.000000000000001776, -45.99999999999997868 ) ) ;
#3995 = DIRECTION ( 'NONE',  ( 0.000000000000000000, 0.000000000000000000, 1.000000000000000000 ) ) ;
#3996 = ORIENTED_EDGE ( 'NONE', *, *, #6514, .F. ) ;
#3997 = EDGE_CURVE ( 'NONE', #6773, #7708, #9441, .T. ) ;
#3998 = CARTESIAN_POINT ( 'NONE',  ( 93.00000000000000000, 0.000000000000000000, -133.9999999999999716 ) ) ;
#3999 = CARTESIAN_POINT ( 'NONE',  ( 202.0000000000000000, 0.000000000000000000, -133.9999999999999716 ) ) ;
#4000 = CARTESIAN_POINT ( 'NONE',  ( 194.9999999999999432, -0.001000000000000132727, -17.00000000000000000 ) ) ;
#4001 = CARTESIAN_POINT ( 'NONE',  ( 191.0000000000000000, 0.000000000000000000, -133.9999999999999716 ) ) ;
#4002 = ORIENTED_EDGE ( 'NONE', *, *, #1197, .T. ) ;
#4003 = ORIENTED_EDGE ( 'NONE', *, *, #3064, .F. ) ;
#4004 = EDGE_CURVE ( 'NONE', #6845, #1150, #1237, .T. ) ;
#4005 = EDGE_CURVE ( 'NONE', #2874, #4492, #7737, .T. ) ;
#4006 = EDGE_LOOP ( 'NONE', ( #1844, #2456, #6322, #3707 ) ) ;
#4007 = DIRECTION ( 'NONE',  ( 0.000000000000000000, 0.000000000000000000, 1.000000000000000000 ) ) ;
#4008 = CARTESIAN_POINT ( 'NONE',  ( 104.0000000000000000, 4.000000000000000000, -133.9999999999999716 ) ) ;
#4009 = SURFACE_STYLE_USAGE ( .BOTH. , #6279 ) ;
#4010 = VERTEX_POINT ( 'NONE', #3510 ) ;
#4011 = ORIENTED_EDGE ( 'NONE', *, *, #6959, .T. ) ;
#4012 = LINE ( 'NONE', #3814, #6082 ) ;
#4013 = DIRECTION ( 'NONE',  ( -0.000000000000000000, 1.000000000000000000, -0.000000000000000000 ) ) ;
#4014 = VERTEX_POINT ( 'NONE', #7239 ) ;
#4015 = ORIENTED_EDGE ( 'NONE', *, *, #942, .F. ) ;
#4016 = CARTESIAN_POINT ( 'NONE',  ( 34.00000000000000000, 0.000000000000000000, -17.00000000000000000 ) ) ;
#4017 = LINE ( 'NONE', #7120, #6145 ) ;
#4018 = DIRECTION ( 'NONE',  ( 1.000000000000000000, 0.000000000000000000, -2.168404344971008868E-16 ) ) ;
#4019 = DIRECTION ( 'NONE',  ( -0.000000000000000000, 1.000000000000000000, -0.000000000000000000 ) ) ;
#4020 = ADVANCED_FACE ( 'NONE', ( #1986 ), #6459, .F. ) ;
#4021 = DIRECTION ( 'NONE',  ( -2.168404344971008868E-16, 0.000000000000000000, -1.000000000000000000 ) ) ;
#4022 = DIRECTION ( 'NONE',  ( 2.168404344971008128E-16, 0.000000000000000000, 1.000000000000000000 ) ) ;
#4023 = CONICAL_SURFACE ( 'NONE', #110, 1.699999999999993072, 1.029744258676652757 ) ;
#4024 = DIRECTION ( 'NONE',  ( -2.168404344971008868E-16, 0.000000000000000000, -1.000000000000000000 ) ) ;
#4025 = ORIENTED_EDGE ( 'NONE', *, *, #3812, .T. ) ;
#4026 = LINE ( 'NONE', #4173, #1425 ) ;
#4027 = EDGE_CURVE ( 'NONE', #1584, #430, #6475, .T. ) ;
#4028 = EDGE_LOOP ( 'NONE', ( #6748, #5294, #4538, #944 ) ) ;
#4029 = ORIENTED_EDGE ( 'NONE', *, *, #7502, .T. ) ;
#4030 = ORIENTED_EDGE ( 'NONE', *, *, #1707, .F. ) ;
#4031 = DIRECTION ( 'NONE',  ( 4.625929269271487689E-15, 0.000000000000000000, 1.000000000000000000 ) ) ;
#4032 = CARTESIAN_POINT ( 'NONE',  ( 78.00000000000000000, 4.000000000000000000, -147.0010000000000048 ) ) ;
#4033 = EDGE_LOOP ( 'NONE', ( #6235, #5499, #6180, #6692 ) ) ;
#4034 = FACE_OUTER_BOUND ( 'NONE', #4376, .T. ) ;
#4035 = CARTESIAN_POINT ( 'NONE',  ( 65.00000000000000000, 0.000000000000000000, -133.9999999999999716 ) ) ;
#4036 = VERTEX_POINT ( 'NONE', #1098 ) ;
#4037 = LINE ( 'NONE', #8518, #7390 ) ;
#4038 = PLANE ( 'NONE',  #8507 ) ;
#4039 = AXIS2_PLACEMENT_3D ( 'NONE', #8232, #40, #6720 ) ;
#4040 = EDGE_CURVE ( 'NONE', #8630, #9015, #4100, .T. ) ;
#4041 = EDGE_LOOP ( 'NONE', ( #3110, #4269, #208, #8431 ) ) ;
#4042 = AXIS2_PLACEMENT_3D ( 'NONE', #8925, #7413, #5160 ) ;
#4043 = VECTOR ( 'NONE', #3338, 1000.000000000000000 ) ;
#4044 = CARTESIAN_POINT ( 'NONE',  ( 23.00000000000000000, 29.00000000000000000, -103.9999999999999858 ) ) ;
#4045 = DIRECTION ( 'NONE',  ( 0.000000000000000000, 0.000000000000000000, 1.000000000000000000 ) ) ;
#4046 = ORIENTED_EDGE ( 'NONE', *, *, #598, .F. ) ;
#4047 = FACE_BOUND ( 'NONE', #8990, .T. ) ;
#4048 = FACE_OUTER_BOUND ( 'NONE', #2148, .T. ) ;
#4049 = ORIENTED_EDGE ( 'NONE', *, *, #3045, .F. ) ;
#4050 = EDGE_CURVE ( 'NONE', #1529, #7389, #2635, .T. ) ;
#4051 = AXIS2_PLACEMENT_3D ( 'NONE', #4447, #1500, #722 ) ;
#4052 = EDGE_CURVE ( 'NONE', #1632, #4524, #4333, .T. ) ;
#4053 = VERTEX_POINT ( 'NONE', #8897 ) ;
#4054 = FACE_OUTER_BOUND ( 'NONE', #7804, .T. ) ;
#4055 = DIRECTION ( 'NONE',  ( -0.000000000000000000, 1.000000000000000000, -0.000000000000000000 ) ) ;
#4056 = EDGE_CURVE ( 'NONE', #703, #1947, #7433, .T. ) ;
#4057 = AXIS2_PLACEMENT_3D ( 'NONE', #7222, #6358, #1876 ) ;
#4058 = EDGE_CURVE ( 'NONE', #2538, #5704, #2322, .T. ) ;
#4059 = FACE_BOUND ( 'NONE', #5745, .T. ) ;
#4060 = ORIENTED_EDGE ( 'NONE', *, *, #2579, .T. ) ;
#4061 = ORIENTED_EDGE ( 'NONE', *, *, #2378, .T. ) ;
#4062 = CARTESIAN_POINT ( 'NONE',  ( 113.9999999999999858, -0.001000000000000132727, -117.9999999999999858 ) ) ;
#4063 = ADVANCED_FACE ( 'NONE', ( #6745 ), #9684, .F. ) ;
#4064 = EDGE_CURVE ( 'NONE', #2409, #2622, #6799, .T. ) ;
#4065 = DIRECTION ( 'NONE',  ( -2.168404344971008868E-16, 0.000000000000000000, -1.000000000000000000 ) ) ;
#4066 = ORIENTED_EDGE ( 'NONE', *, *, #8621, .T. ) ;
#4067 = ORIENTED_EDGE ( 'NONE', *, *, #6959, .F. ) ;
#4068 = DIRECTION ( 'NONE',  ( 0.000000000000000000, 1.000000000000000000, 0.000000000000000000 ) ) ;
#4069 = CARTESIAN_POINT ( 'NONE',  ( 62.00000000000000711, -0.001000000000000132727, -133.9999999999999716 ) ) ;
#4070 = CARTESIAN_POINT ( 'NONE',  ( 23.00000000000000000, 9.000000000000001776, -44.00000000000000711 ) ) ;
#4071 = CYLINDRICAL_SURFACE ( 'NONE', #7407, 2.999999999999988898 ) ;
#4072 = CARTESIAN_POINT ( 'NONE',  ( 76.00000000000001421, 4.000000000000000000, -133.9999999999999716 ) ) ;
#4073 = DIRECTION ( 'NONE',  ( 4.625929269271487689E-15, 0.000000000000000000, 1.000000000000000000 ) ) ;
#4074 = LINE ( 'NONE', #7812, #732 ) ;
#4075 = ORIENTED_EDGE ( 'NONE', *, *, #4163, .T. ) ;
#4076 = PLANE ( 'NONE',  #5673 ) ;
#4077 = ADVANCED_FACE ( 'NONE', ( #1385 ), #6009, .T. ) ;
#4078 = EDGE_LOOP ( 'NONE', ( #4852, #5634, #4707, #5114 ) ) ;
#4079 = ORIENTED_EDGE ( 'NONE', *, *, #1983, .T. ) ;
#4080 = DIRECTION ( 'NONE',  ( 0.000000000000000000, 0.000000000000000000, -1.000000000000000000 ) ) ;
#4081 = CARTESIAN_POINT ( 'NONE',  ( 214.9999999999999716, 29.00000000000000000, -45.00000000000000000 ) ) ;
#4082 = VERTEX_POINT ( 'NONE', #1532 ) ;
#4083 = PLANE ( 'NONE',  #8910 ) ;
#4084 = CARTESIAN_POINT ( 'NONE',  ( 102.0000000000000142, 2.000000000000000000, -35.00000000000000000 ) ) ;
#4085 = ORIENTED_EDGE ( 'NONE', *, *, #407, .T. ) ;
#4086 = VECTOR ( 'NONE', #2806, 1000.000000000000000 ) ;
#4087 = CARTESIAN_POINT ( 'NONE',  ( 195.0000000000000000, 4.000000000000000000, -117.9999999999999716 ) ) ;
#4088 = CARTESIAN_POINT ( 'NONE',  ( 0.000000000000000000, 4.000000000000000000, -145.0000000000000000 ) ) ;
#4089 = VECTOR ( 'NONE', #101, 1000.000000000000000 ) ;
#4090 = EDGE_CURVE ( 'NONE', #6226, #141, #2957, .T. ) ;
#4091 = ORIENTED_EDGE ( 'NONE', *, *, #5150, .T. ) ;
#4092 = DIRECTION ( 'NONE',  ( 1.000000000000000000, 0.000000000000000000, 0.000000000000000000 ) ) ;
#4093 = LINE ( 'NONE', #6368, #8321 ) ;
#4094 = ORIENTED_EDGE ( 'NONE', *, *, #6010, .F. ) ;
#4095 = CARTESIAN_POINT ( 'NONE',  ( 163.0000000000000000, -0.001000000000000132727, -117.9999999999999858 ) ) ;
#4096 = VECTOR ( 'NONE', #679, 1000.000000000000000 ) ;
#4097 = VECTOR ( 'NONE', #5713, 1000.000000000000000 ) ;
#4098 = FACE_BOUND ( 'NONE', #8601, .T. ) ;
#4099 = ORIENTED_EDGE ( 'NONE', *, *, #6203, .F. ) ;
#4100 = LINE ( 'NONE', #384, #9595 ) ;
#4101 = VECTOR ( 'NONE', #486, 1000.000000000000000 ) ;
#4102 = VECTOR ( 'NONE', #4080, 1000.000000000000000 ) ;
#4103 = VECTOR ( 'NONE', #1592, 1000.000000000000000 ) ;
#4104 = DIRECTION ( 'NONE',  ( -1.000000000000000000, -0.000000000000000000, -2.312964634635743450E-15 ) ) ;
#4105 = DIRECTION ( 'NONE',  ( -1.000000000000000000, 0.000000000000000000, 0.000000000000000000 ) ) ;
#4106 = DIRECTION ( 'NONE',  ( -0.000000000000000000, 1.000000000000000000, -0.000000000000000000 ) ) ;
#4107 = VECTOR ( 'NONE', #5458, 1000.000000000000000 ) ;
#4108 = DIRECTION ( 'NONE',  ( -1.000000000000000000, 0.000000000000000000, 0.000000000000000000 ) ) ;
#4109 = ORIENTED_EDGE ( 'NONE', *, *, #4988, .F. ) ;
#4110 = EDGE_CURVE ( 'NONE', #386, #8199, #6655, .T. ) ;
#4111 = CARTESIAN_POINT ( 'NONE',  ( 69.00000000000000000, 4.000000000000000000, -117.9999999999999716 ) ) ;
#4112 = AXIS2_PLACEMENT_3D ( 'NONE', #755, #3067, #5322 ) ;
#4113 = VECTOR ( 'NONE', #8426, 1000.000000000000000 ) ;
#4114 = VECTOR ( 'NONE', #1904, 1000.000000000000000 ) ;
#4115 = VECTOR ( 'NONE', #4431, 1000.000000000000000 ) ;
#4116 = EDGE_LOOP ( 'NONE', ( #6884, #8329, #9062, #5842 ) ) ;
#4117 = VERTEX_POINT ( 'NONE', #7479 ) ;
#4118 = CARTESIAN_POINT ( 'NONE',  ( 24.00000000000000000, 29.00000000000000000, -45.00000000000000000 ) ) ;
#4119 = EDGE_CURVE ( 'NONE', #1248, #328, #3794, .T. ) ;
#4120 = EDGE_CURVE ( 'NONE', #7738, #7353, #70, .T. ) ;
#4121 = CARTESIAN_POINT ( 'NONE',  ( 77.71999999999999886, 4.000000000000000000, -94.99999999999998579 ) ) ;
#4122 = CARTESIAN_POINT ( 'NONE',  ( 211.9999999999999716, 0.000000000000000000, -17.00000000000000000 ) ) ;
#4123 = LINE ( 'NONE', #8549, #6629 ) ;
#4124 = DIRECTION ( 'NONE',  ( 0.000000000000000000, 0.000000000000000000, 1.000000000000000000 ) ) ;
#4125 = DIRECTION ( 'NONE',  ( -2.168404344971008868E-16, 0.000000000000000000, -1.000000000000000000 ) ) ;
#4126 = DIRECTION ( 'NONE',  ( -0.000000000000000000, 1.000000000000000000, -0.000000000000000000 ) ) ;
#4127 = VERTEX_POINT ( 'NONE', #8995 ) ;
#4128 = DIRECTION ( 'NONE',  ( 0.000000000000000000, 0.000000000000000000, -1.000000000000000000 ) ) ;
#4129 = VECTOR ( 'NONE', #6445, 1000.000000000000000 ) ;
#4130 = VECTOR ( 'NONE', #9553, 1000.000000000000000 ) ;
#4131 = EDGE_CURVE ( 'NONE', #5993, #147, #7333, .T. ) ;
#4132 = ORIENTED_EDGE ( 'NONE', *, *, #2770, .T. ) ;
#4133 = ORIENTED_EDGE ( 'NONE', *, *, #4315, .T. ) ;
#4134 = VERTEX_POINT ( 'NONE', #754 ) ;
#4135 = DIRECTION ( 'NONE',  ( 1.000000000000000000, 0.000000000000000000, -4.625929269271487689E-15 ) ) ;
#4136 = LINE ( 'NONE', #1782, #7872 ) ;
#4137 = DIRECTION ( 'NONE',  ( 0.000000000000000000, 0.000000000000000000, 1.000000000000000000 ) ) ;
#4138 = STYLED_ITEM ( 'NONE', ( #5549 ), #9095 ) ;
#4139 = LINE ( 'NONE', #3397, #1869 ) ;
#4140 = CYLINDRICAL_SURFACE ( 'NONE', #1144, 3.000000000000009770 ) ;
#4141 = VERTEX_POINT ( 'NONE', #6057 ) ;
#4142 = ADVANCED_FACE ( 'NONE', ( #6697 ), #8941, .F. ) ;
#4143 = EDGE_CURVE ( 'NONE', #810, #4673, #2127, .T. ) ;
#4144 = DIRECTION ( 'NONE',  ( -0.000000000000000000, 1.000000000000000000, -0.000000000000000000 ) ) ;
#4145 = DIRECTION ( 'NONE',  ( -0.000000000000000000, 1.000000000000000000, -0.000000000000000000 ) ) ;
#4146 = AXIS2_PLACEMENT_3D ( 'NONE', #5674, #2719, #8709 ) ;
#4147 = ORIENTED_EDGE ( 'NONE', *, *, #3991, .T. ) ;
#4148 = FACE_OUTER_BOUND ( 'NONE', #5287, .T. ) ;
#4149 = VECTOR ( 'NONE', #9101, 1000.000000000000000 ) ;
#4150 = LINE ( 'NONE', #1981, #4388 ) ;
#4151 = VECTOR ( 'NONE', #2693, 1000.000000000000000 ) ;
#4152 = DIRECTION ( 'NONE',  ( -1.000000000000000000, 0.000000000000000000, -2.312964634635743844E-15 ) ) ;
#4153 = EDGE_CURVE ( 'NONE', #562, #5369, #8159, .T. ) ;
#4154 = VERTEX_POINT ( 'NONE', #1340 ) ;
#4155 = DIRECTION ( 'NONE',  ( 0.000000000000000000, 0.000000000000000000, 1.000000000000000000 ) ) ;
#4156 = AXIS2_PLACEMENT_3D ( 'NONE', #5829, #8822, #2927 ) ;
#4157 = LINE ( 'NONE', #9397, #6665 ) ;
#4158 = DIRECTION ( 'NONE',  ( 1.000000000000000000, 0.000000000000000000, -2.168404344971008868E-16 ) ) ;
#4159 = DIRECTION ( 'NONE',  ( 1.000000000000000000, 0.000000000000000000, -4.625929269271486900E-15 ) ) ;
#4160 = ORIENTED_EDGE ( 'NONE', *, *, #2164, .T. ) ;
#4161 = DIRECTION ( 'NONE',  ( -0.000000000000000000, 1.000000000000000000, -0.000000000000000000 ) ) ;
#4162 = ORIENTED_EDGE ( 'NONE', *, *, #7575, .F. ) ;
#4163 = EDGE_CURVE ( 'NONE', #9373, #8545, #6001, .T. ) ;
#4164 = ORIENTED_EDGE ( 'NONE', *, *, #8517, .F. ) ;
#4165 = CARTESIAN_POINT ( 'NONE',  ( 77.71999999999998465, 6.000000000000000000, -45.99999999999997868 ) ) ;
#4166 = CARTESIAN_POINT ( 'NONE',  ( 69.00000000000000000, -0.001000000000000132727, -33.00000000000000711 ) ) ;
#4167 = DIRECTION ( 'NONE',  ( -1.000000000000000000, 0.000000000000000000, -0.000000000000000000 ) ) ;
#4168 = CARTESIAN_POINT ( 'NONE',  ( 57.99999999999999289, 0.000000000000000000, -33.00000000000000000 ) ) ;
#4169 = CARTESIAN_POINT ( 'NONE',  ( 86.00000000000000000, -0.001000000000000132727, -117.9999999999999858 ) ) ;
#4170 = LINE ( 'NONE', #8688, #4484 ) ;
#4171 = CARTESIAN_POINT ( 'NONE',  ( 215.9999999999999716, 13.99999999999997691, -49.00000000000000711 ) ) ;
#4172 = ORIENTED_EDGE ( 'NONE', *, *, #3652, .T. ) ;
#4173 = CARTESIAN_POINT ( 'NONE',  ( 197.9999999999999432, 0.000000000000000000, -17.00000000000000000 ) ) ;
#4174 = EDGE_CURVE ( 'NONE', #5566, #18, #5126, .T. ) ;
#4175 = AXIS2_PLACEMENT_3D ( 'NONE', #6882, #9131, #254 ) ;
#4176 = ORIENTED_EDGE ( 'NONE', *, *, #5580, .F. ) ;
#4177 = VERTEX_POINT ( 'NONE', #8115 ) ;
#4178 = LINE ( 'NONE', #1590, #8879 ) ;
#4179 = CARTESIAN_POINT ( 'NONE',  ( 225.7699999999999818, 0.000000000000000000, -141.7500000000000000 ) ) ;
#4180 = DIRECTION ( 'NONE',  ( -0.000000000000000000, 1.000000000000000000, -0.000000000000000000 ) ) ;
#4181 = DIRECTION ( 'NONE',  ( -1.000000000000000000, 0.000000000000000000, -2.312964634635743844E-15 ) ) ;
#4182 = CARTESIAN_POINT ( 'NONE',  ( 118.0000000000000000, 0.000000000000000000, -117.9999999999999716 ) ) ;
#4183 = ORIENTED_EDGE ( 'NONE', *, *, #7539, .T. ) ;
#4184 = ADVANCED_FACE ( 'NONE', ( #2173 ), #710, .F. ) ;
#4185 = FACE_BOUND ( 'NONE', #7089, .T. ) ;
#4186 = VECTOR ( 'NONE', #7917, 1000.000000000000000 ) ;
#4187 = EDGE_CURVE ( 'NONE', #3440, #1748, #4866, .T. ) ;
#4188 = CARTESIAN_POINT ( 'NONE',  ( 34.00000000000000000, 4.000000000000000000, -133.9999999999999716 ) ) ;
#4189 = ORIENTED_EDGE ( 'NONE', *, *, #2019, .T. ) ;
#4190 = DIRECTION ( 'NONE',  ( -0.000000000000000000, 1.000000000000000000, -0.000000000000000000 ) ) ;
#4191 = LINE ( 'NONE', #5671, #5020 ) ;
#4192 = CARTESIAN_POINT ( 'NONE',  ( 90.00000000000000000, 0.000000000000000000, -133.9999999999999716 ) ) ;
#4193 = ORIENTED_EDGE ( 'NONE', *, *, #6980, .F. ) ;
#4194 = DIRECTION ( 'NONE',  ( 4.625929269271487689E-15, 0.000000000000000000, 1.000000000000000000 ) ) ;
#4195 = VECTOR ( 'NONE', #7202, 1000.000000000000000 ) ;
#4196 = EDGE_CURVE ( 'NONE', #5388, #9336, #1072, .T. ) ;
#4197 = CARTESIAN_POINT ( 'NONE',  ( 2.000000000000000000, 2.000000000000000000, 0.000000000000000000 ) ) ;
#4198 = CYLINDRICAL_SURFACE ( 'NONE', #5986, 1.750000000000001554 ) ;
#4199 = CARTESIAN_POINT ( 'NONE',  ( 136.9999999999999432, 2.000000000000000000, -20.99999999999999645 ) ) ;
#4200 = ORIENTED_EDGE ( 'NONE', *, *, #5888, .T. ) ;
#4201 = LINE ( 'NONE', #4062, #4195 ) ;
#4202 = EDGE_CURVE ( 'NONE', #4782, #9075, #9135, .T. ) ;
#4203 = ORIENTED_EDGE ( 'NONE', *, *, #2968, .T. ) ;
#4204 = ORIENTED_EDGE ( 'NONE', *, *, #4706, .T. ) ;
#4205 = PLANE ( 'NONE',  #3022 ) ;
#4206 = CARTESIAN_POINT ( 'NONE',  ( 136.9999999999999432, 8.000000000000001776, -20.99999999999999645 ) ) ;
#4207 = CARTESIAN_POINT ( 'NONE',  ( 208.9999999999999716, 0.000000000000000000, -17.00000000000000000 ) ) ;
#4208 = DIRECTION ( 'NONE',  ( -1.000000000000000000, 0.000000000000000000, 0.000000000000000000 ) ) ;
#4209 = DIRECTION ( 'NONE',  ( 0.000000000000000000, 0.000000000000000000, -1.000000000000000000 ) ) ;
#4210 = DIRECTION ( 'NONE',  ( -2.168404344971008868E-16, 0.000000000000000000, -1.000000000000000000 ) ) ;
#4211 = PLANE ( 'NONE',  #3089 ) ;
#4212 = ORIENTED_EDGE ( 'NONE', *, *, #2853, .F. ) ;
#4213 = PRODUCT_DEFINITION ( 'UNKNOWN', '', #6201, #82 ) ;
#4214 = DIRECTION ( 'NONE',  ( -1.000000000000000000, 0.000000000000000000, 2.168404344971008128E-16 ) ) ;
#4215 = VECTOR ( 'NONE', #1830, 1000.000000000000000 ) ;
#4216 = ORIENTED_EDGE ( 'NONE', *, *, #7603, .T. ) ;
#4217 = EDGE_LOOP ( 'NONE', ( #7984, #1139, #3168, #5902 ) ) ;
#4218 = EDGE_LOOP ( 'NONE', ( #6530, #797, #4278, #8557 ) ) ;
#4219 = LINE ( 'NONE', #7218, #6416 ) ;
#4220 = LINE ( 'NONE', #5748, #9576 ) ;
#4221 = DIRECTION ( 'NONE',  ( 0.000000000000000000, 0.000000000000000000, 1.000000000000000000 ) ) ;
#4222 = DIRECTION ( 'NONE',  ( -0.000000000000000000, 1.000000000000000000, -0.000000000000000000 ) ) ;
#4223 = CARTESIAN_POINT ( 'NONE',  ( 220.9999999999999716, 2.000000000000000000, -12.00000000000000000 ) ) ;
#4224 = ORIENTED_EDGE ( 'NONE', *, *, #1056, .F. ) ;
#4225 = CARTESIAN_POINT ( 'NONE',  ( 37.00000000000000000, -0.001000000000000132727, -33.00000000000000000 ) ) ;
#4226 = PLANE ( 'NONE',  #4717 ) ;
#4227 = ORIENTED_EDGE ( 'NONE', *, *, #1899, .T. ) ;
#4228 = EDGE_CURVE ( 'NONE', #4489, #5756, #2738, .T. ) ;
#4229 = CARTESIAN_POINT ( 'NONE',  ( 176.9999999999999716, -0.001000000000000132727, -17.00000000000000000 ) ) ;
#4230 = EDGE_CURVE ( 'NONE', #8545, #9373, #8811, .T. ) ;
#4231 = AXIS2_PLACEMENT_3D ( 'NONE', #8470, #4689, #6323 ) ;
#4232 = EDGE_CURVE ( 'NONE', #8748, #2828, #4123, .T. ) ;
#4233 = DIRECTION ( 'NONE',  ( 1.000000000000000000, 0.000000000000000000, 0.000000000000000000 ) ) ;
#4234 = DIRECTION ( 'NONE',  ( 0.000000000000000000, 0.000000000000000000, -1.000000000000000000 ) ) ;
#4235 = VERTEX_POINT ( 'NONE', #4954 ) ;
#4236 = ORIENTED_EDGE ( 'NONE', *, *, #2533, .T. ) ;
#4237 = DIRECTION ( 'NONE',  ( -0.000000000000000000, 1.000000000000000000, -0.000000000000000000 ) ) ;
#4238 = AXIS2_PLACEMENT_3D ( 'NONE', #5117, #9029, #5216 ) ;
#4239 = FACE_OUTER_BOUND ( 'NONE', #2284, .T. ) ;
#4240 = EDGE_CURVE ( 'NONE', #8036, #9556, #4820, .T. ) ;
#4241 = CARTESIAN_POINT ( 'NONE',  ( 127.4999999999999432, 14.00000000000000000, -23.00000000000000000 ) ) ;
#4242 = AXIS2_PLACEMENT_3D ( 'NONE', #8593, #3291, #984 ) ;
#4243 = VECTOR ( 'NONE', #5021, 1000.000000000000000 ) ;
#4244 = VECTOR ( 'NONE', #1037, 1000.000000000000000 ) ;
#4245 = DIRECTION ( 'NONE',  ( -0.000000000000000000, 1.000000000000000000, -0.000000000000000000 ) ) ;
#4246 = CARTESIAN_POINT ( 'NONE',  ( 98.00000000000000000, 8.000000000000000000, -41.00000000000000000 ) ) ;
#4247 = ORIENTED_EDGE ( 'NONE', *, *, #5285, .F. ) ;
#4248 = LINE ( 'NONE', #9313, #5468 ) ;
#4249 = VECTOR ( 'NONE', #9482, 1000.000000000000000 ) ;
#4250 = EDGE_CURVE ( 'NONE', #967, #9702, #1208, .T. ) ;
#4251 = AXIS2_PLACEMENT_3D ( 'NONE', #4206, #7260, #8767 ) ;
#4252 = ORIENTED_EDGE ( 'NONE', *, *, #9256, .F. ) ;
#4253 = ORIENTED_EDGE ( 'NONE', *, *, #1115, .F. ) ;
#4254 = CYLINDRICAL_SURFACE ( 'NONE', #1926, 2.000000000000000000 ) ;
#4255 = AXIS2_PLACEMENT_3D ( 'NONE', #6572, #7991, #7450 ) ;
#4256 = VECTOR ( 'NONE', #4924, 1000.000000000000000 ) ;
#4257 = DIRECTION ( 'NONE',  ( 0.000000000000000000, 0.000000000000000000, 1.000000000000000000 ) ) ;
#4258 = DIRECTION ( 'NONE',  ( -1.000000000000000000, 0.000000000000000000, 0.000000000000000000 ) ) ;
#4259 = CIRCLE ( 'NONE', #29, 1.699999999999993072 ) ;
#4260 = AXIS2_PLACEMENT_3D ( 'NONE', #2446, #4105, #8580 ) ;
#4261 = FACE_BOUND ( 'NONE', #1847, .T. ) ;
#4262 = CARTESIAN_POINT ( 'NONE',  ( 27.99999999999999645, 11.00000000000003020, -106.9999999999999858 ) ) ;
#4263 = CARTESIAN_POINT ( 'NONE',  ( 23.00000000000000711, 13.99999999999997691, -48.99999999999997868 ) ) ;
#4264 = CARTESIAN_POINT ( 'NONE',  ( 65.00000000000000000, 0.000000000000000000, -33.00000000000000000 ) ) ;
#4265 = ORIENTED_EDGE ( 'NONE', *, *, #1295, .T. ) ;
#4266 = ADVANCED_FACE ( 'NONE', ( #443 ), #6345, .F. ) ;
#4267 = CARTESIAN_POINT ( 'NONE',  ( 37.00000000000000000, -0.001000000000000132727, -133.9999999999999716 ) ) ;
#4268 = AXIS2_PLACEMENT_3D ( 'NONE', #2891, #1558, #2985 ) ;
#4269 = ORIENTED_EDGE ( 'NONE', *, *, #3835, .T. ) ;
#4270 = ORIENTED_EDGE ( 'NONE', *, *, #1682, .T. ) ;
#4271 = LINE ( 'NONE', #4316, #8506 ) ;
#4272 = DIRECTION ( 'NONE',  ( 0.000000000000000000, 0.000000000000000000, -1.000000000000000000 ) ) ;
#4273 = VECTOR ( 'NONE', #9457, 1000.000000000000000 ) ;
#4274 = CARTESIAN_POINT ( 'NONE',  ( 48.00000000000000000, 4.000000000000000000, -17.00000000000000000 ) ) ;
#4275 = CARTESIAN_POINT ( 'NONE',  ( 81.00000000000000000, 11.00000000000000000, -41.00000000000000711 ) ) ;
#4276 = VECTOR ( 'NONE', #2559, 1000.000000000000114 ) ;
#4277 = DIRECTION ( 'NONE',  ( 1.000000000000000000, 0.000000000000000000, -4.625929269271487689E-15 ) ) ;
#4278 = ORIENTED_EDGE ( 'NONE', *, *, #6060, .T. ) ;
#4279 = VECTOR ( 'NONE', #9338, 1000.000000000000000 ) ;
#4280 = DIRECTION ( 'NONE',  ( -1.000000000000000000, 0.000000000000000000, 0.000000000000000000 ) ) ;
#4281 = DIRECTION ( 'NONE',  ( -0.000000000000000000, 1.000000000000000000, -0.000000000000000000 ) ) ;
#4282 = ORIENTED_EDGE ( 'NONE', *, *, #5601, .T. ) ;
#4283 = DIRECTION ( 'NONE',  ( 1.000000000000000000, 0.000000000000000000, -0.000000000000000000 ) ) ;
#4284 = ADVANCED_FACE ( 'NONE', ( #3290 ), #4071, .T. ) ;
#4285 = LINE ( 'NONE', #4757, #7829 ) ;
#4286 = CARTESIAN_POINT ( 'NONE',  ( 7.670000000000010587, 0.000000000000000000, -5.250000000000001776 ) ) ;
#4287 = CYLINDRICAL_SURFACE ( 'NONE', #2102, 3.000000000000009770 ) ;
#4288 = ORIENTED_EDGE ( 'NONE', *, *, #165, .F. ) ;
#4289 = EDGE_LOOP ( 'NONE', ( #4216, #7606, #1557, #717 ) ) ;
#4290 = VECTOR ( 'NONE', #6763, 1000.000000000000000 ) ;
#4291 = LINE ( 'NONE', #7974, #2851 ) ;
#4292 = DIRECTION ( 'NONE',  ( -1.000000000000000000, 0.000000000000000000, 0.000000000000000000 ) ) ;
#4293 = EDGE_CURVE ( 'NONE', #7005, #3561, #2395, .T. ) ;
#4294 = ORIENTED_EDGE ( 'NONE', *, *, #4345, .F. ) ;
#4295 = AXIS2_PLACEMENT_3D ( 'NONE', #8675, #1346, #2867 ) ;
#4296 = ORIENTED_EDGE ( 'NONE', *, *, #669, .T. ) ;
#4297 = CARTESIAN_POINT ( 'NONE',  ( 48.00000000000000000, 4.000000000000000000, -117.9999999999999716 ) ) ;
#4298 = CARTESIAN_POINT ( 'NONE',  ( 132.0000000000000000, 0.000000000000000000, -133.9999999999999716 ) ) ;
#4299 = EDGE_LOOP ( 'NONE', ( #6552, #618, #5744, #3840 ) ) ;
#4300 = EDGE_CURVE ( 'NONE', #7513, #1966, #3187, .T. ) ;
#4301 = ADVANCED_FACE ( 'NONE', ( #2607 ), #8638, .F. ) ;
#4302 = ORIENTED_EDGE ( 'NONE', *, *, #4960, .T. ) ;
#4303 = EDGE_LOOP ( 'NONE', ( #3105, #8090, #3847, #2110 ) ) ;
#4304 = CARTESIAN_POINT ( 'NONE',  ( 174.0000000000000000, 4.000000000000000000, -133.9999999999999716 ) ) ;
#4305 = DIRECTION ( 'NONE',  ( -0.000000000000000000, 1.000000000000000000, -0.000000000000000000 ) ) ;
#4306 = DIRECTION ( 'NONE',  ( -2.168404344971008868E-16, 0.000000000000000000, -1.000000000000000000 ) ) ;
#4307 = FACE_BOUND ( 'NONE', #1494, .T. ) ;
#4308 = CARTESIAN_POINT ( 'NONE',  ( 34.00000000000000000, 0.000000000000000000, -33.00000000000000711 ) ) ;
#4309 = LINE ( 'NONE', #539, #7090 ) ;
#4310 = CARTESIAN_POINT ( 'NONE',  ( 127.4999999999999432, 14.00000000000000000, -23.00000000000000000 ) ) ;
#4311 = ORIENTED_EDGE ( 'NONE', *, *, #4763, .F. ) ;
#4312 = LINE ( 'NONE', #6677, #8365 ) ;
#4313 = ORIENTED_EDGE ( 'NONE', *, *, #5728, .F. ) ;
#4314 = ORIENTED_EDGE ( 'NONE', *, *, #9363, .T. ) ;
#4315 = EDGE_CURVE ( 'NONE', #5802, #8777, #5607, .T. ) ;
#4316 = CARTESIAN_POINT ( 'NONE',  ( 62.00000000000000711, 0.000000000000000000, -133.9999999999999716 ) ) ;
#4317 = DIRECTION ( 'NONE',  ( -0.000000000000000000, 1.000000000000000000, -0.000000000000000000 ) ) ;
#4318 = FACE_OUTER_BOUND ( 'NONE', #3972, .T. ) ;
#4319 = CARTESIAN_POINT ( 'NONE',  ( 184.0000000000000000, -0.001000000000000132727, -133.9999999999999716 ) ) ;
#4320 = CARTESIAN_POINT ( 'NONE',  ( 90.00000000000000000, 4.000000000000000000, -117.9999999999999716 ) ) ;
#4321 = VERTEX_POINT ( 'NONE', #8592 ) ;
#4322 = ORIENTED_EDGE ( 'NONE', *, *, #87, .F. ) ;
#4323 = FACE_BOUND ( 'NONE', #4299, .T. ) ;
#4324 = VECTOR ( 'NONE', #8004, 1000.000000000000000 ) ;
#4325 = LINE ( 'NONE', #6689, #2982 ) ;
#4326 = ORIENTED_EDGE ( 'NONE', *, *, #4720, .F. ) ;
#4327 = LINE ( 'NONE', #3688, #494 ) ;
#4328 = LINE ( 'NONE', #2168, #961 ) ;
#4329 = CARTESIAN_POINT ( 'NONE',  ( 20.00000000000000000, 4.000000000000000000, -41.00000000000000000 ) ) ;
#4330 = DIRECTION ( 'NONE',  ( -1.000000000000000000, -0.000000000000000000, -2.312964634635743450E-15 ) ) ;
#4331 = ORIENTED_EDGE ( 'NONE', *, *, #4898, .F. ) ;
#4332 = VERTEX_POINT ( 'NONE', #2647 ) ;
#4333 = LINE ( 'NONE', #9638, #4425 ) ;
#4334 = VECTOR ( 'NONE', #5611, 1000.000000000000000 ) ;
#4335 = CARTESIAN_POINT ( 'NONE',  ( 238.9999999999999716, 2.000000000000000000, -145.0000000000000000 ) ) ;
#4336 = EDGE_CURVE ( 'NONE', #5494, #4930, #5648, .T. ) ;
#4337 = CARTESIAN_POINT ( 'NONE',  ( 41.00000000000000000, 0.000000000000000000, -133.9999999999999716 ) ) ;
#4338 = DIRECTION ( 'NONE',  ( -2.168404344971008868E-16, 0.000000000000000000, -1.000000000000000000 ) ) ;
#4339 = LINE ( 'NONE', #4991, #5862 ) ;
#4340 = ORIENTED_EDGE ( 'NONE', *, *, #2136, .F. ) ;
#4341 = CIRCLE ( 'NONE', #5766, 1.750000000000001554 ) ;
#4342 = ORIENTED_EDGE ( 'NONE', *, *, #3735, .F. ) ;
#4343 = ORIENTED_EDGE ( 'NONE', *, *, #6239, .F. ) ;
#4344 = DIRECTION ( 'NONE',  ( -1.000000000000000000, 0.000000000000000000, -0.000000000000000000 ) ) ;
#4345 = EDGE_CURVE ( 'NONE', #7656, #2180, #6482, .T. ) ;
#4346 = LINE ( 'NONE', #9603, #1264 ) ;
#4347 = CARTESIAN_POINT ( 'NONE',  ( 51.00000000000000711, -0.001000000000000132727, -133.9999999999999716 ) ) ;
#4348 = EDGE_CURVE ( 'NONE', #6892, #130, #3605, .T. ) ;
#4349 = FACE_BOUND ( 'NONE', #2141, .T. ) ;
#4350 = CARTESIAN_POINT ( 'NONE',  ( 27.99999999999999289, 12.75735931288074454, -105.2426406871192626 ) ) ;
#4351 = ADVANCED_FACE ( 'NONE', ( #9409 ), #4396, .F. ) ;
#4352 = PLANE ( 'NONE',  #5980 ) ;
#4353 = VERTEX_POINT ( 'NONE', #2330 ) ;
#4354 = DIRECTION ( 'NONE',  ( -0.000000000000000000, -0.000000000000000000, -1.000000000000000000 ) ) ;
#4355 = ORIENTED_EDGE ( 'NONE', *, *, #327, .T. ) ;
#4356 = LINE ( 'NONE', #731, #6643 ) ;
#4357 = VERTEX_POINT ( 'NONE', #5386 ) ;
#4358 = VERTEX_POINT ( 'NONE', #6858 ) ;
#4360 = ORIENTED_EDGE ( 'NONE', *, *, #9176, .T. ) ;
#4359 = CIRCLE ( 'NONE', #604, 1.750000000000001554 ) ;
#4361 = DIRECTION ( 'NONE',  ( -2.168404344971008868E-16, -0.000000000000000000, -1.000000000000000000 ) ) ;
#4362 = LINE ( 'NONE', #7361, #2481 ) ;
#4363 = DIRECTION ( 'NONE',  ( 1.000000000000000000, 0.000000000000000000, -2.168404344971008868E-16 ) ) ;
#4364 = DIRECTION ( 'NONE',  ( -0.000000000000000000, -0.000000000000000000, 1.000000000000000000 ) ) ;
#4365 = FACE_OUTER_BOUND ( 'NONE', #3750, .T. ) ;
#4366 = VERTEX_POINT ( 'NONE', #580 ) ;
#4367 = AXIS2_PLACEMENT_3D ( 'NONE', #551, #1371, #594 ) ;
#4368 = CARTESIAN_POINT ( 'NONE',  ( 27.00000000000000000, -0.001000000000000132727, -117.9999999999999716 ) ) ;
#4369 = EDGE_CURVE ( 'NONE', #4917, #8530, #5882, .T. ) ;
#4370 = DIRECTION ( 'NONE',  ( -0.000000000000000000, 1.000000000000000000, -0.000000000000000000 ) ) ;
#4371 = VERTEX_POINT ( 'NONE', #3127 ) ;
#4372 = CARTESIAN_POINT ( 'NONE',  ( 127.4999999999999432, 14.00000000000000000, -44.00000000000000000 ) ) ;
#4373 = CARTESIAN_POINT ( 'NONE',  ( 37.00000000000000000, -0.000000000000000000, -117.9999999999999858 ) ) ;
#4374 = DIRECTION ( 'NONE',  ( -1.000000000000000000, 0.000000000000000000, 0.000000000000000000 ) ) ;
#4375 = ORIENTED_EDGE ( 'NONE', *, *, #7057, .T. ) ;
#4376 = EDGE_LOOP ( 'NONE', ( #2270, #5169, #8693, #1062 ) ) ;
#4377 = CARTESIAN_POINT ( 'NONE',  ( 135.7199999999999704, 6.000000000000000000, -100.9999999999999716 ) ) ;
#4378 = EDGE_CURVE ( 'NONE', #1940, #5929, #8041, .T. ) ;
#4379 = ADVANCED_FACE ( 'NONE', ( #1594 ), #7304, .F. ) ;
#4380 = CARTESIAN_POINT ( 'NONE',  ( 183.9999999999999716, 0.000000000000000000, -33.00000000000000000 ) ) ;
#4381 = VERTEX_POINT ( 'NONE', #4589 ) ;
#4382 = FACE_BOUND ( 'NONE', #1026, .T. ) ;
#4383 = CARTESIAN_POINT ( 'NONE',  ( 102.0000000000000142, 8.000000000000001776, -36.69999999999999574 ) ) ;
#4384 = AXIS2_PLACEMENT_3D ( 'NONE', #107, #3104, #9078 ) ;
#4385 = CARTESIAN_POINT ( 'NONE',  ( 57.99999999999999289, 4.000000000000000000, -33.00000000000000000 ) ) ;
#4386 = ORIENTED_EDGE ( 'NONE', *, *, #5146, .F. ) ;
#4387 = ORIENTED_EDGE ( 'NONE', *, *, #547, .T. ) ;
#4388 = VECTOR ( 'NONE', #7234, 1000.000000000000000 ) ;
#4389 = AXIS2_PLACEMENT_3D ( 'NONE', #6204, #2203, #2254 ) ;
#4390 = VERTEX_POINT ( 'NONE', #8087 ) ;
#4391 = ORIENTED_EDGE ( 'NONE', *, *, #9299, .T. ) ;
#4392 = DIRECTION ( 'NONE',  ( -0.000000000000000000, 1.000000000000000000, -0.000000000000000000 ) ) ;
#4393 = LINE ( 'NONE', #1546, #8789 ) ;
#4394 = DIRECTION ( 'NONE',  ( 0.000000000000000000, -1.000000000000000000, 0.000000000000000000 ) ) ;
#4395 = EDGE_CURVE ( 'NONE', #1753, #2180, #537, .T. ) ;
#4396 = PLANE ( 'NONE',  #1100 ) ;
#4397 = DIRECTION ( 'NONE',  ( -0.000000000000000000, 1.000000000000000000, -0.000000000000000000 ) ) ;
#4398 = CARTESIAN_POINT ( 'NONE',  ( 57.99999999999999289, 4.000000000000000000, -133.9999999999999716 ) ) ;
#4399 = LINE ( 'NONE', #7403, #5296 ) ;
#4400 = ORIENTED_EDGE ( 'NONE', *, *, #4110, .T. ) ;
#4401 = CIRCLE ( 'NONE', #8497, 1.750000000000001554 ) ;
#4402 = AXIS2_PLACEMENT_3D ( 'NONE', #4513, #1374, #7514 ) ;
#4403 = CARTESIAN_POINT ( 'NONE',  ( 132.0000000000000000, 4.000000000000000000, -133.9999999999999716 ) ) ;
#4404 = EDGE_CURVE ( 'NONE', #9011, #60, #2817, .T. ) ;
#4405 = VECTOR ( 'NONE', #2783, 1000.000000000000000 ) ;
#4406 = AXIS2_PLACEMENT_3D ( 'NONE', #6494, #6535, #8143 ) ;
#4407 = EDGE_CURVE ( 'NONE', #8630, #5441, #7262, .T. ) ;
#4408 = ORIENTED_EDGE ( 'NONE', *, *, #4090, .F. ) ;
#4409 = ORIENTED_EDGE ( 'NONE', *, *, #9694, .T. ) ;
#4410 = DIRECTION ( 'NONE',  ( 0.000000000000000000, 1.000000000000000000, -0.000000000000000000 ) ) ;
#4411 = VECTOR ( 'NONE', #8715, 1000.000000000000000 ) ;
#4412 = CARTESIAN_POINT ( 'NONE',  ( 136.9999999999999432, 2.000000000000000000, -22.70000000000000639 ) ) ;
#4413 = LINE ( 'NONE', #5060, #7032 ) ;
#4414 = LINE ( 'NONE', #9670, #8009 ) ;
#4415 = FACE_OUTER_BOUND ( 'NONE', #3077, .T. ) ;
#4416 = CARTESIAN_POINT ( 'NONE',  ( 62.00000000000000711, 4.000000000000000000, -133.9999999999999716 ) ) ;
#4417 = ORIENTED_EDGE ( 'NONE', *, *, #8702, .T. ) ;
#4418 = VECTOR ( 'NONE', #7253, 1000.000000000000000 ) ;
#4419 = FACE_BOUND ( 'NONE', #1504, .T. ) ;
#4420 = ADVANCED_FACE ( 'NONE', ( #6622, #2824, #2046, #5330, #4307, #3853, #4349, #8769, #625, #9048, #3800, #6807, #2145, #6570, #78, #5143, #5832, #6067, #863, #4261, #1357, #3613, #1401, #9606, #1308, #8823, #3526, #6525, #8320, #127, #9503, #2781, #5781, #2485, #7103, #6961, #4047, #1052, #4800, #9201, #7743, #1799, #9350, #6271, #2632, #5484, #3313, #4845, #7836 ), #275, .F. ) ;
#4421 = DIRECTION ( 'NONE',  ( -1.000000000000000000, 0.000000000000000000, 0.000000000000000000 ) ) ;
#4422 = EDGE_CURVE ( 'NONE', #9376, #2767, #912, .T. ) ;
#4423 = VERTEX_POINT ( 'NONE', #1095 ) ;
#4424 = CIRCLE ( 'NONE', #4729, 1.749999999999998002 ) ;
#4425 = VECTOR ( 'NONE', #8260, 1000.000000000000000 ) ;
#4426 = CARTESIAN_POINT ( 'NONE',  ( 98.00000000000000000, 4.000000000000000000, -15.00000000000000000 ) ) ;
#4427 = DIRECTION ( 'NONE',  ( -1.000000000000000000, -0.000000000000000000, -0.000000000000000000 ) ) ;
#4428 = FACE_OUTER_BOUND ( 'NONE', #974, .T. ) ;
#4429 = DIRECTION ( 'NONE',  ( 1.000000000000000000, 0.000000000000000000, -4.625929269271487689E-15 ) ) ;
#4430 = ORIENTED_EDGE ( 'NONE', *, *, #1224, .F. ) ;
#4431 = DIRECTION ( 'NONE',  ( -0.000000000000000000, -0.000000000000000000, -1.000000000000000000 ) ) ;
#4432 = DIRECTION ( 'NONE',  ( -0.000000000000000000, 1.000000000000000000, -0.000000000000000000 ) ) ;
#4433 = ORIENTED_EDGE ( 'NONE', *, *, #2016, .T. ) ;
#4434 = EDGE_CURVE ( 'NONE', #4901, #3440, #3954, .T. ) ;
#4435 = VECTOR ( 'NONE', #2743, 1000.000000000000000 ) ;
#4436 = CARTESIAN_POINT ( 'NONE',  ( 23.00000000000000711, 9.000000000000001776, -48.99999999999997868 ) ) ;
#4437 = EDGE_CURVE ( 'NONE', #3114, #4445, #8378, .T. ) ;
#4438 = LINE ( 'NONE', #8857, #9118 ) ;
#4439 = AXIS2_PLACEMENT_3D ( 'NONE', #3668, #3711, #872 ) ;
#4440 = PLANE ( 'NONE',  #540 ) ;
#4441 = ORIENTED_EDGE ( 'NONE', *, *, #576, .T. ) ;
#4442 = ORIENTED_EDGE ( 'NONE', *, *, #235, .T. ) ;
#4443 = VECTOR ( 'NONE', #7523, 1000.000000000000000 ) ;
#4444 = ORIENTED_EDGE ( 'NONE', *, *, #2092, .T. ) ;
#4445 = VERTEX_POINT ( 'NONE', #3367 ) ;
#4446 = DIRECTION ( 'NONE',  ( -1.000000000000000000, -0.000000000000000000, -0.000000000000000000 ) ) ;
#4447 = CARTESIAN_POINT ( 'NONE',  ( 213.9999999999999716, 29.00000000000000000, -46.00000000000000711 ) ) ;
#4448 = CARTESIAN_POINT ( 'NONE',  ( 78.00000000000000000, 11.00000000000000000, -41.00000000000000000 ) ) ;
#4449 = CARTESIAN_POINT ( 'NONE',  ( 220.9999999999999716, 2.000000000000000000, -136.9999999999999716 ) ) ;
#4450 = ORIENTED_EDGE ( 'NONE', *, *, #6701, .T. ) ;
#4451 = ORIENTED_EDGE ( 'NONE', *, *, #5649, .F. ) ;
#4452 = CARTESIAN_POINT ( 'NONE',  ( 77.71999999999999886, 4.000000000000000000, -97.99999999999998579 ) ) ;
#4453 = VERTEX_POINT ( 'NONE', #7050 ) ;
#4454 = CARTESIAN_POINT ( 'NONE',  ( 146.0000000000000284, -0.001000000000000132727, -133.9999999999999716 ) ) ;
#4455 = EDGE_CURVE ( 'NONE', #5137, #3959, #1651, .T. ) ;
#4456 = EDGE_LOOP ( 'NONE', ( #4200, #7217, #7256, #9493 ) ) ;
#4457 = EDGE_LOOP ( 'NONE', ( #2195, #6135, #2166, #2703 ) ) ;
#4458 = DIRECTION ( 'NONE',  ( 0.000000000000000000, -1.000000000000000000, 0.000000000000000000 ) ) ;
#4459 = CARTESIAN_POINT ( 'NONE',  ( 111.0000000000000000, 0.000000000000000000, -133.9999999999999716 ) ) ;
#4460 = DIRECTION ( 'NONE',  ( -0.000000000000000000, 1.000000000000000000, -0.000000000000000000 ) ) ;
#4461 = LINE ( 'NONE', #1514, #799 ) ;
#4462 = CARTESIAN_POINT ( 'NONE',  ( 136.9999999999999432, 2.000000000000000000, -36.70000000000000995 ) ) ;
#4463 = CLOSED_SHELL ( 'NONE', ( #8107, #8913, #8471, #8836, #2871, #1969, #3239, #6662, #2577, #3373, #8814, #3862, #2967, #3460, #6300, #5442, #2522, #377, #6886, #4379, #1662, #4284, #9566, #582, #6124, #1677, #5422, #6569, #6630, #1141, #4491, #8131, #2183, #4420, #3724, #6032, #4544, #1593, #1408, #4849, #5393, #1671, #3971, #4536, #9453, #4593, #8597, #5921, #6788, #6162, #166, #3459, #7624, #8716, #3400, #8272, #9648, #9509, #3349, #2294, #1349, #1342, #6576, #5078, #6492, #2805, #4786, #7846, #3171, #6898, #1495, #8454, #8707, #7325, #6364, #3153, #9640, #1489, #6098, #8134, #9110, #9330, #6183, #5201, #6289, #9076, #181, #700, #7355, #3810, #7094, #9282, #6728, #8014, #8883, #8933, #7911, #9460, #8245, #930, #878, #1174, #4301, #1881, #4020, #3214, #3952, #6671, #3753, #382, #1536, #2788, #3743, #9598, #3194, #6254, #772, #8258, #5014, #7519, #1548, #3230, #2175, #1796, #1933, #3000, #9396, #1831, #9597, #9161, #3525, #6847, #5945, #5866, #6755, #8473, #9354, #6410, #2898, #346, #2800, #9530, #1122, #5184, #7900, #236, #1009, #6607, #9649, #2683, #9160, #2076, #5328, #8440, #7231, #3871, #6729, #197, #9045, #9274, #6556, #5231, #9679, #1574, #5064, #7983, #4184, #6859, #1023, #7008, #2067, #8491, #7538, #125, #9027, #8094, #1965, #3917, #4671, #1055, #5325, #4266, #7730, #108, #3779, #4796, #7527, #196, #3637, #2566, #2668, #1439, #2627, #9469, #5814, #121, #8222, #9097, #3845, #8616, #3103, #3445, #1790, #5019, #335, #2753, #491, #8217, #8013, #4142, #7674, #395, #8746, #7130, #5478, #2911, #3689, #9241, #6711, #3231, #3487, #7927, #4656, #7242, #4077, #2247, #8854, #3698, #2313, #226, #7605, #8634, #465, #1473, #5207, #1231, #9434, #3900, #5536, #2053, #8163, #1789, #2367, #4914, #5797, #5716, #966, #2857, #6811, #470, #3122, #6861, #7901, #2612, #4909, #2282, #2832, #5097, #5568, #2512, #1309, #5696, #6900, #7223, #4351, #8759, #5392, #5168, #2036, #3200, #8813, #9346, #1813, #9307, #419, #4063, #7930, #8178, #5315, #8861, #6312, #38, #3278, #2091, #820, #6138, #5800, #2186, #5742, #5997, #4661, #6435, #4719 ) ) ;
#4464 = CARTESIAN_POINT ( 'NONE',  ( 18.00000000000000355, 4.000000000000000000, -136.9999999999999716 ) ) ;
#4465 = ORIENTED_EDGE ( 'NONE', *, *, #4622, .F. ) ;
#4466 = EDGE_CURVE ( 'NONE', #2924, #8429, #5438, .T. ) ;
#4467 = FACE_BOUND ( 'NONE', #5102, .T. ) ;
#4468 = DIRECTION ( 'NONE',  ( 0.000000000000000000, 0.000000000000000000, 1.000000000000000000 ) ) ;
#4469 = VERTEX_POINT ( 'NONE', #8575 ) ;
#4470 = CARTESIAN_POINT ( 'NONE',  ( 215.9999999999999716, 14.00000000000003375, -103.9999999999999858 ) ) ;
#4471 = VERTEX_POINT ( 'NONE', #1842 ) ;
#4472 = EDGE_CURVE ( 'NONE', #4010, #3362, #2529, .T. ) ;
#4473 = DIRECTION ( 'NONE',  ( 0.000000000000000000, 1.000000000000000000, 0.000000000000000000 ) ) ;
#4474 = CARTESIAN_POINT ( 'NONE',  ( 58.00000000000000711, -0.001000000000000132727, -17.00000000000000000 ) ) ;
#4475 = VERTEX_POINT ( 'NONE', #8527 ) ;
#4476 = EDGE_CURVE ( 'NONE', #6169, #1101, #324, .T. ) ;
#4477 = CARTESIAN_POINT ( 'NONE',  ( 55.00000000000000711, 4.000000000000000000, -33.00000000000000711 ) ) ;
#4478 = EDGE_CURVE ( 'NONE', #9665, #8829, #380, .T. ) ;
#4479 = ORIENTED_EDGE ( 'NONE', *, *, #3661, .T. ) ;
#4480 = DIRECTION ( 'NONE',  ( -0.000000000000000000, 1.000000000000000000, -0.000000000000000000 ) ) ;
#4481 = DIRECTION ( 'NONE',  ( 0.000000000000000000, 0.000000000000000000, 1.000000000000000000 ) ) ;
#4482 = ORIENTED_EDGE ( 'NONE', *, *, #8855, .F. ) ;
#4483 = VERTEX_POINT ( 'NONE', #8427 ) ;
#4484 = VECTOR ( 'NONE', #1123, 1000.000000000000000 ) ;
#4485 = FACE_OUTER_BOUND ( 'NONE', #7147, .T. ) ;
#4486 = CARTESIAN_POINT ( 'NONE',  ( 198.0000000000000000, 4.000000000000000000, -133.9999999999999716 ) ) ;
#4487 = AXIS2_PLACEMENT_3D ( 'NONE', #487, #6349, #446 ) ;
#4488 = DIRECTION ( 'NONE',  ( 4.625929269271487689E-15, 0.000000000000000000, 1.000000000000000000 ) ) ;
#4489 = VERTEX_POINT ( 'NONE', #6369 ) ;
#4490 = ORIENTED_EDGE ( 'NONE', *, *, #3940, .T. ) ;
#4491 = ADVANCED_FACE ( 'NONE', ( #7645 ), #3902, .F. ) ;
#4492 = VERTEX_POINT ( 'NONE', #3269 ) ;
#4493 = ORIENTED_EDGE ( 'NONE', *, *, #7495, .T. ) ;
#4494 = DIRECTION ( 'NONE',  ( -0.000000000000000000, -1.000000000000000000, -0.000000000000000000 ) ) ;
#4495 = LINE ( 'NONE', #9109, #6097 ) ;
#4496 = EDGE_CURVE ( 'NONE', #6814, #2924, #7003, .T. ) ;
#4497 = CARTESIAN_POINT ( 'NONE',  ( 41.00000000000000000, -0.001000000000000132727, -33.00000000000000711 ) ) ;
#4498 = DIRECTION ( 'NONE',  ( -1.000000000000000000, 0.000000000000000000, 0.000000000000000000 ) ) ;
#4499 = EDGE_LOOP ( 'NONE', ( #5382, #5025, #1766, #426 ) ) ;
#4500 = DIRECTION ( 'NONE',  ( 0.000000000000000000, 1.000000000000000000, 0.000000000000000000 ) ) ;
#4501 = ORIENTED_EDGE ( 'NONE', *, *, #5913, .T. ) ;
#4502 = PLANE ( 'NONE',  #1618 ) ;
#4503 = VECTOR ( 'NONE', #8781, 1000.000000000000000 ) ;
#4504 = ORIENTED_EDGE ( 'NONE', *, *, #3821, .F. ) ;
#4505 = ORIENTED_EDGE ( 'NONE', *, *, #1862, .F. ) ;
#4506 = DIRECTION ( 'NONE',  ( 0.000000000000000000, 0.000000000000000000, 1.000000000000000000 ) ) ;
#4507 = FACE_OUTER_BOUND ( 'NONE', #5428, .T. ) ;
#4508 = PLANE ( 'NONE',  #8061 ) ;
#4509 = LINE ( 'NONE', #5304, #9100 ) ;
#4510 = LINE ( 'NONE', #783, #8720 ) ;
#4511 = DIRECTION ( 'NONE',  ( 0.000000000000000000, 0.000000000000000000, -1.000000000000000000 ) ) ;
#4512 = VERTEX_POINT ( 'NONE', #1700 ) ;
#4513 = CARTESIAN_POINT ( 'NONE',  ( 135.7199999999999704, 0.000000000000000000, -48.99999999999999289 ) ) ;
#4514 = PLANE ( 'NONE',  #1889 ) ;
#4515 = CIRCLE ( 'NONE', #1865, 3.000000000000002665 ) ;
#4516 = ORIENTED_EDGE ( 'NONE', *, *, #162, .F. ) ;
#4517 = ORIENTED_EDGE ( 'NONE', *, *, #1496, .F. ) ;
#4518 = PLANE ( 'NONE',  #3172 ) ;
#4519 = ORIENTED_EDGE ( 'NONE', *, *, #6109, .T. ) ;
#4520 = CARTESIAN_POINT ( 'NONE',  ( 214.9999999999999716, 21.00000000000000000, -107.9999999999999858 ) ) ;
#4521 = LINE ( 'NONE', #7428, #1293 ) ;
#4522 = ORIENTED_EDGE ( 'NONE', *, *, #8621, .F. ) ;
#4523 = LINE ( 'NONE', #7477, #9626 ) ;
#4524 = VERTEX_POINT ( 'NONE', #7692 ) ;
#4525 = CARTESIAN_POINT ( 'NONE',  ( 34.00000000000000000, 0.000000000000000000, -133.9999999999999716 ) ) ;
#4526 = CARTESIAN_POINT ( 'NONE',  ( 77.71999999999999886, 6.000000000000000000, -99.74999999999997158 ) ) ;
#4527 = VERTEX_POINT ( 'NONE', #959 ) ;
#4528 = ORIENTED_EDGE ( 'NONE', *, *, #5135, .T. ) ;
#4529 = EDGE_CURVE ( 'NONE', #7626, #676, #4191, .T. ) ;
#4530 = EDGE_CURVE ( 'NONE', #3208, #5401, #6549, .T. ) ;
#4531 = PLANE ( 'NONE',  #8397 ) ;
#4532 = FACE_OUTER_BOUND ( 'NONE', #8830, .T. ) ;
#4533 = CARTESIAN_POINT ( 'NONE',  ( 73.00000000000001421, -0.000000000000000000, -44.00000000000000711 ) ) ;
#4534 = ORIENTED_EDGE ( 'NONE', *, *, #8671, .F. ) ;
#4535 = ORIENTED_EDGE ( 'NONE', *, *, #9449, .T. ) ;
#4536 = ADVANCED_FACE ( 'NONE', ( #1938 ), #7285, .F. ) ;
#4537 = ORIENTED_EDGE ( 'NONE', *, *, #8905, .F. ) ;
#4538 = ORIENTED_EDGE ( 'NONE', *, *, #2686, .T. ) ;
#4539 = LINE ( 'NONE', #3082, #339 ) ;
#4540 = DIRECTION ( 'NONE',  ( -0.000000000000000000, -0.000000000000000000, -1.000000000000000000 ) ) ;
#4541 = AXIS2_PLACEMENT_3D ( 'NONE', #5049, #7591, #2385 ) ;
#4542 = CARTESIAN_POINT ( 'NONE',  ( 104.0000000000000000, -0.001000000000000132727, -117.9999999999999716 ) ) ;
#4543 = ORIENTED_EDGE ( 'NONE', *, *, #2443, .T. ) ;
#4544 = ADVANCED_FACE ( 'NONE', ( #8752 ), #6412, .F. ) ;
#4545 = VERTEX_POINT ( 'NONE', #5806 ) ;
#4546 = PLANE ( 'NONE',  #592 ) ;
#4547 = ORIENTED_EDGE ( 'NONE', *, *, #8999, .T. ) ;
#4548 = DIRECTION ( 'NONE',  ( 2.312964634635743844E-15, 0.000000000000000000, -1.000000000000000000 ) ) ;
#4549 = CIRCLE ( 'NONE', #7706, 3.000000000000002665 ) ;
#4550 = VECTOR ( 'NONE', #2071, 1000.000000000000000 ) ;
#4551 = VERTEX_POINT ( 'NONE', #7192 ) ;
#4552 = ORIENTED_EDGE ( 'NONE', *, *, #904, .T. ) ;
#4553 = FACE_OUTER_BOUND ( 'NONE', #6070, .T. ) ;
#4554 = CARTESIAN_POINT ( 'NONE',  ( 90.00000000000000000, 14.00000000000000000, -44.00000000000001421 ) ) ;
#4555 = LINE ( 'NONE', #3726, #7135 ) ;
#4556 = VECTOR ( 'NONE', #8865, 1000.000000000000000 ) ;
#4557 = AXIS2_PLACEMENT_3D ( 'NONE', #7950, #9467, #493 ) ;
#4558 = FACE_OUTER_BOUND ( 'NONE', #8711, .T. ) ;
#4559 = EDGE_CURVE ( 'NONE', #9497, #8250, #4150, .T. ) ;
#4560 = CARTESIAN_POINT ( 'NONE',  ( 111.0000000000000000, 4.000000000000000000, -117.9999999999999716 ) ) ;
#4561 = CARTESIAN_POINT ( 'NONE',  ( 160.0000000000000000, 0.000000000000000000, -133.9999999999999716 ) ) ;
#4562 = LINE ( 'NONE', #7567, #896 ) ;
#4563 = ORIENTED_EDGE ( 'NONE', *, *, #8775, .T. ) ;
#4564 = LINE ( 'NONE', #4718, #2531 ) ;
#4565 = VECTOR ( 'NONE', #7866, 1000.000000000000000 ) ;
#4566 = LINE ( 'NONE', #3834, #6751 ) ;
#4567 = VECTOR ( 'NONE', #6065, 1000.000000000000000 ) ;
#4568 = ORIENTED_EDGE ( 'NONE', *, *, #7442, .T. ) ;
#4569 = EDGE_LOOP ( 'NONE', ( #160, #7586, #3399, #8361, #8483, #7059, #8655, #5076, #9311, #7863, #6140, #5334, #2150, #2425, #2768, #1057, #4759, #3118, #7505, #5631, #83, #4322, #200, #9079 ) ) ;
#4570 = CARTESIAN_POINT ( 'NONE',  ( 7.670000000000010587, 0.000000000000000000, -7.000000000000000000 ) ) ;
#4571 = AXIS2_PLACEMENT_3D ( 'NONE', #3874, #9708, #4506 ) ;
#4572 = PLANE ( 'NONE',  #5165 ) ;
#4573 = VERTEX_POINT ( 'NONE', #8067 ) ;
#4574 = AXIS2_PLACEMENT_3D ( 'NONE', #2958, #6850, #5228 ) ;
#4575 = DIRECTION ( 'NONE',  ( -1.000000000000000000, -0.000000000000000000, -2.312964634635743450E-15 ) ) ;
#4576 = VECTOR ( 'NONE', #6960, 1000.000000000000000 ) ;
#4577 = ORIENTED_EDGE ( 'NONE', *, *, #3574, .T. ) ;
#4578 = EDGE_LOOP ( 'NONE', ( #6051, #5680, #8031, #1361 ) ) ;
#4579 = CARTESIAN_POINT ( 'NONE',  ( 73.00000000000001421, 0.000000000000000000, -108.9999999999999858 ) ) ;
#4580 = FACE_OUTER_BOUND ( 'NONE', #1951, .T. ) ;
#4581 = CIRCLE ( 'NONE', #9442, 1.749999999999998890 ) ;
#4582 = ORIENTED_EDGE ( 'NONE', *, *, #6173, .T. ) ;
#4583 = AXIS2_PLACEMENT_3D ( 'NONE', #5736, #4019, #2001 ) ;
#4584 = EDGE_CURVE ( 'NONE', #4010, #6209, #7150, .T. ) ;
#4585 = ORIENTED_EDGE ( 'NONE', *, *, #7296, .T. ) ;
#4586 = CARTESIAN_POINT ( 'NONE',  ( 2.000000000000000000, 2.000000000000000000, -145.0000000000000000 ) ) ;
#4587 = PLANE ( 'NONE',  #893 ) ;
#4588 = PLANE ( 'NONE',  #1119 ) ;
#4589 = CARTESIAN_POINT ( 'NONE',  ( 51.00000000000000711, 0.000000000000000000, -117.9999999999999858 ) ) ;
#4590 = LINE ( 'NONE', #2229, #1466 ) ;
#4591 = EDGE_LOOP ( 'NONE', ( #6534, #6972, #7081, #5616 ) ) ;
#4592 = EDGE_LOOP ( 'NONE', ( #3617, #4721, #8045, #9333 ) ) ;
#4593 = ADVANCED_FACE ( 'NONE', ( #9528 ), #8796, .F. ) ;
#4594 = VECTOR ( 'NONE', #2519, 1000.000000000000000 ) ;
#4595 = VERTEX_POINT ( 'NONE', #7329 ) ;
#4596 = VERTEX_POINT ( 'NONE', #4286 ) ;
#4597 = LINE ( 'NONE', #5242, #2837 ) ;
#4598 = LINE ( 'NONE', #86, #9063 ) ;
#4599 = EDGE_CURVE ( 'NONE', #5441, #3138, #5632, .T. ) ;
#4600 = PLANE ( 'NONE',  #4439 ) ;
#4601 = VERTEX_POINT ( 'NONE', #3454 ) ;
#4602 = EDGE_LOOP ( 'NONE', ( #4360, #7800, #4313, #3864 ) ) ;
#4603 = CARTESIAN_POINT ( 'NONE',  ( 27.00000000000000000, -0.001000000000000132727, -133.9999999999999716 ) ) ;
#4604 = ORIENTED_EDGE ( 'NONE', *, *, #2723, .T. ) ;
#4605 = EDGE_CURVE ( 'NONE', #3888, #9455, #4939, .T. ) ;
#4606 = CARTESIAN_POINT ( 'NONE',  ( 135.7199999999999704, 6.000000000000000000, -48.99999999999999289 ) ) ;
#4607 = AXIS2_PLACEMENT_3D ( 'NONE', #1851, #4699, #7843 ) ;
#4608 = ORIENTED_EDGE ( 'NONE', *, *, #8372, .F. ) ;
#4609 = VERTEX_POINT ( 'NONE', #5022 ) ;
#4610 = CYLINDRICAL_SURFACE ( 'NONE', #5682, 3.000000000000002665 ) ;
#4611 = LINE ( 'NONE', #9127, #1900 ) ;
#4612 = CARTESIAN_POINT ( 'NONE',  ( 97.00000000000000000, 4.000000000000000000, -133.9999999999999716 ) ) ;
#4613 = AXIS2_PLACEMENT_3D ( 'NONE', #864, #4488, #1391 ) ;
#4614 = VECTOR ( 'NONE', #8402, 1000.000000000000000 ) ;
#4615 = CARTESIAN_POINT ( 'NONE',  ( 146.0000000000000284, 4.000000000000000000, -117.9999999999999716 ) ) ;
#4616 = CARTESIAN_POINT ( 'NONE',  ( 176.9999999999999716, -0.001000000000000132727, -33.00000000000000000 ) ) ;
#4617 = CARTESIAN_POINT ( 'NONE',  ( 27.00000000000000000, -0.001000000000000132727, -33.00000000000000711 ) ) ;
#4618 = DIRECTION ( 'NONE',  ( -1.000000000000000000, 0.000000000000000000, 0.000000000000000000 ) ) ;
#4619 = ORIENTED_EDGE ( 'NONE', *, *, #7359, .F. ) ;
#4620 = DIRECTION ( 'NONE',  ( -1.000000000000000000, 0.000000000000000000, -0.000000000000000000 ) ) ;
#4621 = VECTOR ( 'NONE', #2736, 1000.000000000000000 ) ;
#4622 = EDGE_CURVE ( 'NONE', #1448, #7953, #8708, .T. ) ;
#4623 = VERTEX_POINT ( 'NONE', #7970 ) ;
#4624 = ORIENTED_EDGE ( 'NONE', *, *, #6408, .F. ) ;
#4625 = FACE_OUTER_BOUND ( 'NONE', #8964, .T. ) ;
#4626 = LINE ( 'NONE', #7629, #3436 ) ;
#4627 = VERTEX_POINT ( 'NONE', #2718 ) ;
#4628 = DIRECTION ( 'NONE',  ( -0.000000000000000000, 1.000000000000000000, -0.000000000000000000 ) ) ;
#4629 = VERTEX_POINT ( 'NONE', #424 ) ;
#4630 = EDGE_CURVE ( 'NONE', #4629, #7386, #2669, .T. ) ;
#4631 = LINE ( 'NONE', #7634, #2690 ) ;
#4632 = CARTESIAN_POINT ( 'NONE',  ( 41.00000000000000000, 4.000000000000000000, -117.9999999999999716 ) ) ;
#4633 = ORIENTED_EDGE ( 'NONE', *, *, #6828, .T. ) ;
#4634 = ORIENTED_EDGE ( 'NONE', *, *, #3645, .F. ) ;
#4635 = ORIENTED_EDGE ( 'NONE', *, *, #3401, .F. ) ;
#4636 = CARTESIAN_POINT ( 'NONE',  ( 215.9999999999999716, 9.000000000000001776, -49.00000000000000711 ) ) ;
#4637 = DIRECTION ( 'NONE',  ( 0.000000000000000000, 0.000000000000000000, 1.000000000000000000 ) ) ;
#4638 = DIRECTION ( 'NONE',  ( -2.168404344971008868E-16, 0.000000000000000000, -1.000000000000000000 ) ) ;
#4639 = CARTESIAN_POINT ( 'NONE',  ( 27.00000000000000000, 0.000000000000000000, -117.9999999999999716 ) ) ;
#4640 = DIRECTION ( 'NONE',  ( 1.000000000000000000, 0.000000000000000000, -0.000000000000000000 ) ) ;
#4641 = EDGE_LOOP ( 'NONE', ( #6753, #644 ) ) ;
#4642 = ORIENTED_EDGE ( 'NONE', *, *, #1707, .T. ) ;
#4643 = AXIS2_PLACEMENT_3D ( 'NONE', #1269, #1326, #8927 ) ;
#4644 = ORIENTED_EDGE ( 'NONE', *, *, #3246, .F. ) ;
#4645 = ORIENTED_EDGE ( 'NONE', *, *, #4478, .F. ) ;
#4646 = DIRECTION ( 'NONE',  ( -0.000000000000000000, 1.000000000000000000, -0.000000000000000000 ) ) ;
#4647 = CARTESIAN_POINT ( 'NONE',  ( 167.0000000000000000, 0.000000000000000000, -117.9999999999999716 ) ) ;
#4648 = CARTESIAN_POINT ( 'NONE',  ( 55.00000000000000711, 0.000000000000000000, -133.9999999999999716 ) ) ;
#4649 = ORIENTED_EDGE ( 'NONE', *, *, #8142, .F. ) ;
#4650 = ORIENTED_EDGE ( 'NONE', *, *, #2629, .F. ) ;
#4651 = LINE ( 'NONE', #5343, #128 ) ;
#4652 = VECTOR ( 'NONE', #411, 1000.000000000000000 ) ;
#4653 = EDGE_LOOP ( 'NONE', ( #2429, #7079, #5587, #1875 ) ) ;
#4654 = DIRECTION ( 'NONE',  ( 0.000000000000000000, 1.000000000000000000, 0.000000000000000000 ) ) ;
#4655 = AXIS2_PLACEMENT_3D ( 'NONE', #3529, #8730, #1961 ) ;
#4656 = ADVANCED_FACE ( 'NONE', ( #5074 ), #6505, .T. ) ;
#4657 = EDGE_LOOP ( 'NONE', ( #2244, #7409, #5840, #774 ) ) ;
#4658 = ORIENTED_EDGE ( 'NONE', *, *, #8205, .T. ) ;
#4659 = CARTESIAN_POINT ( 'NONE',  ( 28.00000000000000355, 29.00000000000000000, -44.00000000000000711 ) ) ;
#4660 = EDGE_CURVE ( 'NONE', #2885, #409, #9391, .T. ) ;
#4661 = ADVANCED_FACE ( 'NONE', ( #8016 ), #7928, .T. ) ;
#4662 = DIRECTION ( 'NONE',  ( -1.000000000000000000, 0.000000000000000000, 0.000000000000000000 ) ) ;
#4663 = LINE ( 'NONE', #5461, #1643 ) ;
#4664 = DIRECTION ( 'NONE',  ( -1.000000000000000000, 0.000000000000000000, 0.000000000000000000 ) ) ;
#4665 = CARTESIAN_POINT ( 'NONE',  ( 132.0000000000000000, 4.000000000000000000, -133.9999999999999716 ) ) ;
#4666 = CARTESIAN_POINT ( 'NONE',  ( 58.00000000000000711, 4.000000000000000000, -17.00000000000000000 ) ) ;
#4667 = PLANE ( 'NONE',  #2293 ) ;
#4668 = VERTEX_POINT ( 'NONE', #4887 ) ;
#4669 = AXIS2_PLACEMENT_3D ( 'NONE', #7307, #3571, #1505 ) ;
#4670 = DIRECTION ( 'NONE',  ( -0.000000000000000000, 0.000000000000000000, 1.000000000000000000 ) ) ;
#4671 = ADVANCED_FACE ( 'NONE', ( #7882 ), #8254, .F. ) ;
#4672 = ORIENTED_EDGE ( 'NONE', *, *, #6956, .F. ) ;
#4673 = VERTEX_POINT ( 'NONE', #9036 ) ;
#4674 = DIRECTION ( 'NONE',  ( -0.000000000000000000, 1.000000000000000000, -0.000000000000000000 ) ) ;
#4675 = ORIENTED_EDGE ( 'NONE', *, *, #8637, .T. ) ;
#4676 = CARTESIAN_POINT ( 'NONE',  ( 77.71999999999998465, 6.000000000000001776, -50.74999999999997868 ) ) ;
#4677 = VERTEX_POINT ( 'NONE', #1528 ) ;
#4678 = CYLINDRICAL_SURFACE ( 'NONE', #1778, 3.000000000000002665 ) ;
#4679 = ORIENTED_EDGE ( 'NONE', *, *, #3833, .F. ) ;
#4680 = EDGE_CURVE ( 'NONE', #5434, #3069, #850, .T. ) ;
#4681 = LINE ( 'NONE', #1791, #6461 ) ;
#4682 = DIRECTION ( 'NONE',  ( -0.000000000000000000, 1.000000000000000000, -0.000000000000000000 ) ) ;
#4683 = ORIENTED_EDGE ( 'NONE', *, *, #2961, .F. ) ;
#4684 = ORIENTED_EDGE ( 'NONE', *, *, #9480, .T. ) ;
#4685 = CARTESIAN_POINT ( 'NONE',  ( 62.00000000000000711, 4.000000000000000000, -133.9999999999999716 ) ) ;
#4686 = DIRECTION ( 'NONE',  ( -1.000000000000000000, 0.000000000000000000, 0.000000000000000000 ) ) ;
#4687 = AXIS2_PLACEMENT_3D ( 'NONE', #2708, #5708, #4137 ) ;
#4688 = DIRECTION ( 'NONE',  ( -1.000000000000000000, 0.000000000000000000, 0.000000000000000000 ) ) ;
#4689 = DIRECTION ( 'NONE',  ( 0.000000000000000000, -1.000000000000000000, 0.000000000000000000 ) ) ;
#4690 = EDGE_CURVE ( 'NONE', #5456, #2622, #7521, .T. ) ;
#4691 = DIRECTION ( 'NONE',  ( -0.000000000000000000, 1.000000000000000000, -0.000000000000000000 ) ) ;
#4692 = EDGE_CURVE ( 'NONE', #6713, #5226, #5269, .T. ) ;
#4693 = ORIENTED_EDGE ( 'NONE', *, *, #8734, .T. ) ;
#4694 = VERTEX_POINT ( 'NONE', #5122 ) ;
#4695 = VECTOR ( 'NONE', #3494, 1000.000000000000000 ) ;
#4696 = EDGE_LOOP ( 'NONE', ( #7452, #3254, #2720, #9090 ) ) ;
#4697 = PLANE ( 'NONE',  #2070 ) ;
#4698 = CARTESIAN_POINT ( 'NONE',  ( 111.0000000000000000, 0.000000000000000000, -133.9999999999999716 ) ) ;
#4699 = DIRECTION ( 'NONE',  ( 4.625929269271487689E-15, 0.000000000000000000, 1.000000000000000000 ) ) ;
#4700 = ORIENTED_EDGE ( 'NONE', *, *, #9543, .T. ) ;
#4701 = ORIENTED_EDGE ( 'NONE', *, *, #9513, .T. ) ;
#4702 = CARTESIAN_POINT ( 'NONE',  ( 225.7699999999999818, 2.000000000000000000, -139.9999999999999716 ) ) ;
#4703 = CARTESIAN_POINT ( 'NONE',  ( 76.00000000000001421, 4.000000000000000000, -17.00000000000000000 ) ) ;
#4704 = EDGE_CURVE ( 'NONE', #2152, #3756, #8895, .T. ) ;
#4705 = VERTEX_POINT ( 'NONE', #1431 ) ;
#4706 = EDGE_CURVE ( 'NONE', #2713, #2027, #6695, .T. ) ;
#4707 = ORIENTED_EDGE ( 'NONE', *, *, #2579, .F. ) ;
#4708 = CARTESIAN_POINT ( 'NONE',  ( 174.0000000000000000, 0.000000000000000000, -133.9999999999999716 ) ) ;
#4709 = VECTOR ( 'NONE', #2267, 1000.000000000000000 ) ;
#4710 = CARTESIAN_POINT ( 'NONE',  ( 29.99999999999999645, -0.001000000000000132727, -133.9999999999999716 ) ) ;
#4711 = CARTESIAN_POINT ( 'NONE',  ( 23.00000000000000000, 4.000000000000000000, -44.00000000000000711 ) ) ;
#4712 = CARTESIAN_POINT ( 'NONE',  ( 173.9999999999999716, -0.001000000000000132727, -33.00000000000000000 ) ) ;
#4713 = CARTESIAN_POINT ( 'NONE',  ( 149.0000000000000000, 4.000000000000000000, -133.9999999999999716 ) ) ;
#4714 = PLANE ( 'NONE',  #4175 ) ;
#4715 = DIRECTION ( 'NONE',  ( 0.000000000000000000, 0.000000000000000000, 1.000000000000000000 ) ) ;
#4716 = VERTEX_POINT ( 'NONE', #66 ) ;
#4717 = AXIS2_PLACEMENT_3D ( 'NONE', #1185, #9433, #6501 ) ;
#4718 = CARTESIAN_POINT ( 'NONE',  ( 100.0000000000000000, -0.001000000000000132727, -133.9999999999999716 ) ) ;
#4719 = ADVANCED_FACE ( 'NONE', ( #4428 ), #2169, .T. ) ;
#4720 = EDGE_CURVE ( 'NONE', #4117, #3502, #4521, .T. ) ;
#4721 = ORIENTED_EDGE ( 'NONE', *, *, #8541, .F. ) ;
#4722 = ORIENTED_EDGE ( 'NONE', *, *, #6238, .F. ) ;
#4723 = VECTOR ( 'NONE', #2159, 1000.000000000000000 ) ;
#4724 = AXIS2_PLACEMENT_3D ( 'NONE', #5805, #8111, #8155 ) ;
#4725 = DIRECTION ( 'NONE',  ( -1.000000000000000000, 0.000000000000000000, 0.000000000000000000 ) ) ;
#4726 = ORIENTED_EDGE ( 'NONE', *, *, #6946, .F. ) ;
#4727 = DIRECTION ( 'NONE',  ( -0.000000000000000000, 1.000000000000000000, -0.000000000000000000 ) ) ;
#4728 = CARTESIAN_POINT ( 'NONE',  ( 153.0000000000000000, 4.000000000000000000, -117.9999999999999716 ) ) ;
#4729 = AXIS2_PLACEMENT_3D ( 'NONE', #3426, #5043, #7258 ) ;
#4730 = ORIENTED_EDGE ( 'NONE', *, *, #5497, .T. ) ;
#4731 = EDGE_CURVE ( 'NONE', #3959, #3631, #2216, .T. ) ;
#4732 = EDGE_CURVE ( 'NONE', #3572, #751, #6005, .T. ) ;
#4733 = DIRECTION ( 'NONE',  ( 1.000000000000000000, 0.000000000000000000, 0.000000000000000000 ) ) ;
#4734 = VECTOR ( 'NONE', #9177, 1000.000000000000000 ) ;
#4735 = EDGE_CURVE ( 'NONE', #1802, #7626, #9681, .T. ) ;
#4736 = DIRECTION ( 'NONE',  ( 0.000000000000000000, 0.000000000000000000, 1.000000000000000000 ) ) ;
#4737 = ORIENTED_EDGE ( 'NONE', *, *, #9589, .T. ) ;
#4738 = ORIENTED_EDGE ( 'NONE', *, *, #8325, .F. ) ;
#4739 = AXIS2_PLACEMENT_3D ( 'NONE', #3994, #6998, #3218 ) ;
#4740 = VECTOR ( 'NONE', #363, 1000.000000000000000 ) ;
#4741 = DIRECTION ( 'NONE',  ( -1.000000000000000000, 0.000000000000000000, 0.000000000000000000 ) ) ;
#4742 = DIRECTION ( 'NONE',  ( -2.168404344971008868E-16, -0.000000000000000000, -1.000000000000000000 ) ) ;
#4743 = AXIS2_PLACEMENT_3D ( 'NONE', #6952, #3945, #1737 ) ;
#4744 = VECTOR ( 'NONE', #4646, 1000.000000000000000 ) ;
#4745 = DIRECTION ( 'NONE',  ( 0.000000000000000000, 0.000000000000000000, 1.000000000000000000 ) ) ;
#4746 = DIRECTION ( 'NONE',  ( -0.000000000000000000, -0.000000000000000000, -1.000000000000000000 ) ) ;
#4747 = DIRECTION ( 'NONE',  ( 1.000000000000000000, 0.000000000000000000, -0.000000000000000000 ) ) ;
#4748 = EDGE_LOOP ( 'NONE', ( #6765, #1272, #4375, #6335 ) ) ;
#4749 = EDGE_LOOP ( 'NONE', ( #1066, #1765, #4802, #8092 ) ) ;
#4750 = VECTOR ( 'NONE', #9666, 1000.000000000000000 ) ;
#4751 = EDGE_CURVE ( 'NONE', #1878, #7656, #2906, .T. ) ;
#4752 = ORIENTED_EDGE ( 'NONE', *, *, #2401, .T. ) ;
#4753 = VECTOR ( 'NONE', #4190, 1000.000000000000000 ) ;
#4754 = ORIENTED_EDGE ( 'NONE', *, *, #9662, .F. ) ;
#4755 = VECTOR ( 'NONE', #1289, 1000.000000000000000 ) ;
#4756 = DIRECTION ( 'NONE',  ( -1.000000000000000000, 0.000000000000000000, 0.000000000000000000 ) ) ;
#4757 = CARTESIAN_POINT ( 'NONE',  ( 57.99999999999999289, -0.001000000000000132727, -117.9999999999999858 ) ) ;
#4758 = CARTESIAN_POINT ( 'NONE',  ( 23.00000000000000711, 29.00000000000000000, -48.99999999999997868 ) ) ;
#4759 = ORIENTED_EDGE ( 'NONE', *, *, #1064, .T. ) ;
#4760 = AXIS2_PLACEMENT_3D ( 'NONE', #9085, #8461, #3260 ) ;
#4761 = ORIENTED_EDGE ( 'NONE', *, *, #5637, .F. ) ;
#4762 = LINE ( 'NONE', #1710, #745 ) ;
#4763 = EDGE_CURVE ( 'NONE', #8137, #5213, #2954, .T. ) ;
#4764 = FACE_OUTER_BOUND ( 'NONE', #868, .T. ) ;
#4765 = VERTEX_POINT ( 'NONE', #5224 ) ;
#4766 = VECTOR ( 'NONE', #244, 1000.000000000000000 ) ;
#4767 = ORIENTED_EDGE ( 'NONE', *, *, #3941, .F. ) ;
#4768 = LINE ( 'NONE', #3522, #518 ) ;
#4769 = CARTESIAN_POINT ( 'NONE',  ( 201.9999999999999432, 0.000000000000000000, -17.00000000000000000 ) ) ;
#4770 = PLANE ( 'NONE',  #5419 ) ;
#4771 = CARTESIAN_POINT ( 'NONE',  ( 51.00000000000000711, -0.001000000000000132727, -133.9999999999999716 ) ) ;
#4772 = DIRECTION ( 'NONE',  ( 1.000000000000000000, 0.000000000000000000, -2.168404344971008868E-16 ) ) ;
#4773 = LINE ( 'NONE', #7027, #2130 ) ;
#4774 =( GEOMETRIC_REPRESENTATION_CONTEXT ( 3 ) GLOBAL_UNCERTAINTY_ASSIGNED_CONTEXT ( ( #8713 ) ) GLOBAL_UNIT_ASSIGNED_CONTEXT ( ( #7798, #6970, #9310 ) ) REPRESENTATION_CONTEXT ( 'NONE', 'WORKASPACE' ) );
#4775 = DIRECTION ( 'NONE',  ( 0.000000000000000000, 1.000000000000000000, 0.000000000000000000 ) ) ;
#4776 = ORIENTED_EDGE ( 'NONE', *, *, #7131, .T. ) ;
#4777 = EDGE_CURVE ( 'NONE', #8069, #1749, #8306, .T. ) ;
#4778 = LINE ( 'NONE', #258, #3773 ) ;
#4779 = EDGE_LOOP ( 'NONE', ( #9541, #4693 ) ) ;
#4780 = VECTOR ( 'NONE', #4330, 1000.000000000000000 ) ;
#4781 = ORIENTED_EDGE ( 'NONE', *, *, #2652, .F. ) ;
#4782 = VERTEX_POINT ( 'NONE', #7579 ) ;
#4783 = DIRECTION ( 'NONE',  ( 0.000000000000000000, 0.000000000000000000, 1.000000000000000000 ) ) ;
#4784 = CARTESIAN_POINT ( 'NONE',  ( 48.00000000000000000, 4.000000000000000000, -133.9999999999999716 ) ) ;
#4785 = ORIENTED_EDGE ( 'NONE', *, *, #9210, .F. ) ;
#4786 = ADVANCED_FACE ( 'NONE', ( #5858 ), #1380, .F. ) ;
#4787 = CYLINDRICAL_SURFACE ( 'NONE', #612, 1.750000000000001554 ) ;
#4788 = DIRECTION ( 'NONE',  ( -1.000000000000000000, 0.000000000000000000, 0.000000000000000000 ) ) ;
#4789 = ORIENTED_EDGE ( 'NONE', *, *, #5913, .F. ) ;
#4790 = LINE ( 'NONE', #9146, #1114 ) ;
#4791 = CARTESIAN_POINT ( 'NONE',  ( 210.9999999999999716, 10.99999999999999289, -46.00000000000000711 ) ) ;
#4792 = EDGE_CURVE ( 'NONE', #5494, #1985, #8210, .T. ) ;
#4793 = ORIENTED_EDGE ( 'NONE', *, *, #1434, .T. ) ;
#4794 = EDGE_CURVE ( 'NONE', #4595, #2622, #750, .T. ) ;
#4795 = DIRECTION ( 'NONE',  ( 0.000000000000000000, 0.000000000000000000, 1.000000000000000000 ) ) ;
#4796 = ADVANCED_FACE ( 'NONE', ( #10 ), #8415, .F. ) ;
#4797 = EDGE_CURVE ( 'NONE', #4627, #7870, #7892, .T. ) ;
#4798 = LINE ( 'NONE', #5437, #3932 ) ;
#4799 = EDGE_LOOP ( 'NONE', ( #326, #1015, #9266, #3317 ) ) ;
#4800 = FACE_BOUND ( 'NONE', #5615, .T. ) ;
#4801 = DIRECTION ( 'NONE',  ( 1.000000000000000000, 0.000000000000000000, 0.000000000000000000 ) ) ;
#4802 = ORIENTED_EDGE ( 'NONE', *, *, #6589, .F. ) ;
#4803 = VERTEX_POINT ( 'NONE', #219 ) ;
#4804 = ORIENTED_EDGE ( 'NONE', *, *, #1214, .T. ) ;
#4805 = CARTESIAN_POINT ( 'NONE',  ( 72.00000000000001421, 0.000000000000000000, -133.9999999999999716 ) ) ;
#4806 = CARTESIAN_POINT ( 'NONE',  ( 48.00000000000000000, 4.000000000000000000, -133.9999999999999716 ) ) ;
#4807 = CARTESIAN_POINT ( 'NONE',  ( 48.00000000000000000, -0.001000000000000132727, -33.00000000000000711 ) ) ;
#4808 = ORIENTED_EDGE ( 'NONE', *, *, #9513, .F. ) ;
#4809 = EDGE_LOOP ( 'NONE', ( #8437, #7230, #3540, #6056 ) ) ;
#4810 = CARTESIAN_POINT ( 'NONE',  ( 20.00000000000000000, 29.00000000000000000, -41.00000000000000000 ) ) ;
#4811 = CONICAL_SURFACE ( 'NONE', #724, 1.700000000000007061, 1.029744258676656310 ) ;
#4812 = EDGE_CURVE ( 'NONE', #5288, #6757, #1787, .T. ) ;
#4813 = CARTESIAN_POINT ( 'NONE',  ( 24.00000000000000000, 21.00000000000000000, -45.00000000000000000 ) ) ;
#4814 = EDGE_LOOP ( 'NONE', ( #5249, #9138, #785, #2304 ) ) ;
#4815 = VERTEX_POINT ( 'NONE', #6261 ) ;
#4816 = DIRECTION ( 'NONE',  ( 0.000000000000000000, 0.000000000000000000, -1.000000000000000000 ) ) ;
#4817 = EDGE_CURVE ( 'NONE', #4907, #1632, #163, .T. ) ;
#4818 = CARTESIAN_POINT ( 'NONE',  ( 149.0000000000000000, -0.001000000000000132727, -117.9999999999999858 ) ) ;
#4819 = CARTESIAN_POINT ( 'NONE',  ( 0.000000000000000000, 2.000000000000000000, -147.0000000000000000 ) ) ;
#4820 = LINE ( 'NONE', #7945, #368 ) ;
#4821 = CARTESIAN_POINT ( 'NONE',  ( 183.9999999999999716, -0.001000000000000132727, -33.00000000000000000 ) ) ;
#4822 = DIRECTION ( 'NONE',  ( 0.000000000000000000, 0.000000000000000000, 1.000000000000000000 ) ) ;
#4823 = AXIS2_PLACEMENT_3D ( 'NONE', #353, #3342, #3388 ) ;
#4824 = FACE_OUTER_BOUND ( 'NONE', #1680, .T. ) ;
#4825 = ORIENTED_EDGE ( 'NONE', *, *, #4434, .T. ) ;
#4826 = EDGE_CURVE ( 'NONE', #9218, #1510, #8563, .T. ) ;
#4827 = LINE ( 'NONE', #9328, #4888 ) ;
#4828 = ORIENTED_EDGE ( 'NONE', *, *, #2018, .F. ) ;
#4829 = ORIENTED_EDGE ( 'NONE', *, *, #3662, .F. ) ;
#4830 = ORIENTED_EDGE ( 'NONE', *, *, #7893, .F. ) ;
#4831 = DIRECTION ( 'NONE',  ( 1.000000000000000000, -0.000000000000000000, 0.000000000000000000 ) ) ;
#4832 = CYLINDRICAL_SURFACE ( 'NONE', #8123, 1.699999999999993072 ) ;
#4833 = EDGE_LOOP ( 'NONE', ( #4738, #5396, #9204, #1702 ) ) ;
#4834 = CYLINDRICAL_SURFACE ( 'NONE', #7679, 1.749999999999994671 ) ;
#4835 = LINE ( 'NONE', #4035, #4919 ) ;
#4836 = ORIENTED_EDGE ( 'NONE', *, *, #6381, .T. ) ;
#4837 = DIRECTION ( 'NONE',  ( -0.000000000000000000, 1.000000000000000000, -0.000000000000000000 ) ) ;
#4838 = CARTESIAN_POINT ( 'NONE',  ( 0.000000000000000000, 0.000000000000000000, -147.0000000000000000 ) ) ;
#4839 = AXIS2_PLACEMENT_3D ( 'NONE', #4603, #3238, #1552 ) ;
#4840 = VERTEX_POINT ( 'NONE', #4728 ) ;
#4841 = PLANE ( 'NONE',  #671 ) ;
#4842 = EDGE_CURVE ( 'NONE', #2152, #6049, #9238, .T. ) ;
#4843 = LINE ( 'NONE', #7834, #1571 ) ;
#4844 = ORIENTED_EDGE ( 'NONE', *, *, #2959, .T. ) ;
#4845 = FACE_BOUND ( 'NONE', #8183, .T. ) ;
#4846 = CARTESIAN_POINT ( 'NONE',  ( 86.00000000000000000, 4.000000000000000000, -133.9999999999999716 ) ) ;
#4847 = EDGE_LOOP ( 'NONE', ( #3236, #9163, #7238, #6507 ) ) ;
#4848 = EDGE_CURVE ( 'NONE', #386, #4992, #1733, .T. ) ;
#4849 = ADVANCED_FACE ( 'NONE', ( #7779 ), #1689, .F. ) ;
#4850 = VECTOR ( 'NONE', #6493, 1000.000000000000000 ) ;
#4851 = AXIS2_PLACEMENT_3D ( 'NONE', #6918, #136, #5398 ) ;
#4852 = ORIENTED_EDGE ( 'NONE', *, *, #5628, .T. ) ;
#4853 = DIRECTION ( 'NONE',  ( 0.000000000000000000, 0.000000000000000000, -1.000000000000000000 ) ) ;
#4854 = DIRECTION ( 'NONE',  ( -0.000000000000000000, -0.000000000000000000, -1.000000000000000000 ) ) ;
#4855 = VECTOR ( 'NONE', #8253, 1000.000000000000000 ) ;
#4856 = DIRECTION ( 'NONE',  ( -0.000000000000000000, 1.000000000000000000, -0.000000000000000000 ) ) ;
#4857 = VERTEX_POINT ( 'NONE', #1044 ) ;
#4858 = DIRECTION ( 'NONE',  ( 0.000000000000000000, 1.000000000000000000, 0.000000000000000000 ) ) ;
#4859 = EDGE_CURVE ( 'NONE', #4492, #2874, #6004, .T. ) ;
#4860 = ORIENTED_EDGE ( 'NONE', *, *, #4005, .F. ) ;
#4861 = ORIENTED_EDGE ( 'NONE', *, *, #165, .T. ) ;
#4862 = CARTESIAN_POINT ( 'NONE',  ( 208.9999999999999716, -0.001000000000000132727, -33.00000000000000000 ) ) ;
#4863 = CARTESIAN_POINT ( 'NONE',  ( 156.0000000000000000, -0.001000000000000132727, -133.9999999999999716 ) ) ;
#4864 = DIRECTION ( 'NONE',  ( 0.000000000000000000, 1.000000000000000000, 0.000000000000000000 ) ) ;
#4865 = EDGE_CURVE ( 'NONE', #4471, #1585, #7824, .T. ) ;
#4866 = LINE ( 'NONE', #7808, #4276 ) ;
#4867 = DIRECTION ( 'NONE',  ( 0.000000000000000000, 1.000000000000000000, 0.000000000000000000 ) ) ;
#4868 = DIRECTION ( 'NONE',  ( -0.000000000000000000, -1.000000000000000000, -0.000000000000000000 ) ) ;
#4869 = FACE_OUTER_BOUND ( 'NONE', #4033, .T. ) ;
#4870 = ORIENTED_EDGE ( 'NONE', *, *, #2156, .T. ) ;
#4871 = CARTESIAN_POINT ( 'NONE',  ( 136.9999999999999432, 8.000000000000000000, -20.99999999999999645 ) ) ;
#4872 = ORIENTED_EDGE ( 'NONE', *, *, #8585, .T. ) ;
#4873 = VERTEX_POINT ( 'NONE', #8366 ) ;
#4874 = EDGE_CURVE ( 'NONE', #9015, #3138, #1832, .T. ) ;
#4875 = CARTESIAN_POINT ( 'NONE',  ( 86.00000000000000000, 0.000000000000000000, -133.9999999999999716 ) ) ;
#4876 = DIRECTION ( 'NONE',  ( -0.000000000000000000, 1.000000000000000000, -0.000000000000000000 ) ) ;
#4877 = AXIS2_PLACEMENT_3D ( 'NONE', #3404, #5801, #9523 ) ;
#4878 = CARTESIAN_POINT ( 'NONE',  ( 127.4999999999999432, 14.00000000000000000, -44.00000000000000000 ) ) ;
#4879 = FACE_OUTER_BOUND ( 'NONE', #5593, .T. ) ;
#4880 = ORIENTED_EDGE ( 'NONE', *, *, #6980, .T. ) ;
#4881 = AXIS2_PLACEMENT_3D ( 'NONE', #6389, #350, #6292 ) ;
#4882 = FACE_BOUND ( 'NONE', #1801, .T. ) ;
#4883 = CYLINDRICAL_SURFACE ( 'NONE', #478, 1.749999999999998890 ) ;
#4884 = VECTOR ( 'NONE', #2528, 1000.000000000000000 ) ;
#4885 = ORIENTED_EDGE ( 'NONE', *, *, #3027, .T. ) ;
#4886 = DIRECTION ( 'NONE',  ( -0.000000000000000000, 1.000000000000000000, -0.000000000000000000 ) ) ;
#4887 = CARTESIAN_POINT ( 'NONE',  ( 23.99999999999999645, 19.97853694765314714, -45.00000000000000000 ) ) ;
#4888 = VECTOR ( 'NONE', #1078, 1000.000000000000000 ) ;
#4889 = CARTESIAN_POINT ( 'NONE',  ( 55.00000000000000711, -0.001000000000000132727, -33.00000000000000711 ) ) ;
#4890 = ORIENTED_EDGE ( 'NONE', *, *, #2121, .F. ) ;
#4891 = PLANE ( 'NONE',  #8153 ) ;
#4892 = EDGE_CURVE ( 'NONE', #6676, #6845, #4835, .T. ) ;
#4893 = CIRCLE ( 'NONE', #6153, 3.250000000000002665 ) ;
#4894 = AXIS2_PLACEMENT_3D ( 'NONE', #1378, #5854, #1427 ) ;
#4895 = AXIS2_PLACEMENT_3D ( 'NONE', #1441, #3702, #9643 ) ;
#4896 = FACE_OUTER_BOUND ( 'NONE', #3575, .T. ) ;
#4897 = CARTESIAN_POINT ( 'NONE',  ( 30.00000000000000000, 0.000000000000000000, -33.00000000000000000 ) ) ;
#4898 = EDGE_CURVE ( 'NONE', #4857, #6477, #6164, .T. ) ;
#4899 = AXIS2_PLACEMENT_3D ( 'NONE', #1031, #834, #7617 ) ;
#4900 = PLANE ( 'NONE',  #9454 ) ;
#4901 = VERTEX_POINT ( 'NONE', #9291 ) ;
#4902 = LINE ( 'NONE', #6517, #3017 ) ;
#4903 = CIRCLE ( 'NONE', #5047, 1.700000000000007061 ) ;
#4904 = VECTOR ( 'NONE', #463, 1000.000000000000000 ) ;
#4905 = VECTOR ( 'NONE', #5080, 1000.000000000000000 ) ;
#4906 = ORIENTED_EDGE ( 'NONE', *, *, #3256, .F. ) ;
#4907 = VERTEX_POINT ( 'NONE', #2575 ) ;
#4908 = CARTESIAN_POINT ( 'NONE',  ( 136.9999999999999432, 8.000000000000000000, -22.69999999999999218 ) ) ;
#4909 = ADVANCED_FACE ( 'NONE', ( #1087 ), #8363, .F. ) ;
#4910 = CARTESIAN_POINT ( 'NONE',  ( 77.71999999999998465, 6.000000000000001776, -48.99999999999998579 ) ) ;
#4911 = CARTESIAN_POINT ( 'NONE',  ( 188.0000000000000000, -0.001000000000000132727, -133.9999999999999716 ) ) ;
#4912 = DIRECTION ( 'NONE',  ( -1.000000000000000000, 0.000000000000000000, 0.000000000000000000 ) ) ;
#4913 = DIRECTION ( 'NONE',  ( -0.000000000000000000, 1.000000000000000000, -0.000000000000000000 ) ) ;
#4914 = ADVANCED_FACE ( 'NONE', ( #6107 ), #4678, .T. ) ;
#4915 = CARTESIAN_POINT ( 'NONE',  ( 102.0000000000000142, 0.9785369476531472488, -20.99999999999999645 ) ) ;
#4916 = FACE_OUTER_BOUND ( 'NONE', #8049, .T. ) ;
#4917 = VERTEX_POINT ( 'NONE', #9144 ) ;
#4918 = DIRECTION ( 'NONE',  ( 1.000000000000000000, 0.000000000000000000, -0.000000000000000000 ) ) ;
#4919 = VECTOR ( 'NONE', #6896, 1000.000000000000000 ) ;
#4920 = AXIS2_PLACEMENT_3D ( 'NONE', #4606, #4654, #7659 ) ;
#4921 = ORIENTED_EDGE ( 'NONE', *, *, #4892, .T. ) ;
#4922 = ORIENTED_EDGE ( 'NONE', *, *, #2554, .T. ) ;
#4923 = CARTESIAN_POINT ( 'NONE',  ( 181.0000000000000000, 4.000000000000000000, -133.9999999999999716 ) ) ;
#4924 = DIRECTION ( 'NONE',  ( -1.000000000000000000, -0.000000000000000000, -0.000000000000000000 ) ) ;
#4925 = LINE ( 'NONE', #6258, #5157 ) ;
#4926 = VECTOR ( 'NONE', #7496, 1000.000000000000000 ) ;
#4927 = CARTESIAN_POINT ( 'NONE',  ( 162.9999999999999432, -0.001000000000000132727, -33.00000000000000000 ) ) ;
#4928 = EDGE_CURVE ( 'NONE', #1217, #5473, #2428, .T. ) ;
#4929 = LINE ( 'NONE', #4182, #4279 ) ;
#4930 = VERTEX_POINT ( 'NONE', #3216 ) ;
#4931 = FACE_BOUND ( 'NONE', #9610, .T. ) ;
#4932 = EDGE_CURVE ( 'NONE', #7993, #8985, #9192, .T. ) ;
#4933 = CARTESIAN_POINT ( 'NONE',  ( 168.9999999999999716, 18.00000000000000355, 0.001000000000001000089 ) ) ;
#4934 = AXIS2_PLACEMENT_3D ( 'NONE', #8991, #9682, #6598 ) ;
#4935 = ORIENTED_EDGE ( 'NONE', *, *, #5040, .T. ) ;
#4936 = DIRECTION ( 'NONE',  ( -2.168404344971008868E-16, 0.000000000000000000, -1.000000000000000000 ) ) ;
#4937 = EDGE_CURVE ( 'NONE', #8492, #130, #5663, .T. ) ;
#4938 =( GEOMETRIC_REPRESENTATION_CONTEXT ( 3 ) GLOBAL_UNCERTAINTY_ASSIGNED_CONTEXT ( ( #7748 ) ) GLOBAL_UNIT_ASSIGNED_CONTEXT ( ( #1382, #3792, #5123 ) ) REPRESENTATION_CONTEXT ( 'NONE', 'WORKASPACE' ) );
#4939 = LINE ( 'NONE', #3594, #633 ) ;
#4940 = CARTESIAN_POINT ( 'NONE',  ( 190.9999999999999432, -0.001000000000000132727, -17.00000000000000000 ) ) ;
#4941 = ORIENTED_EDGE ( 'NONE', *, *, #6172, .F. ) ;
#4942 = CARTESIAN_POINT ( 'NONE',  ( 79.00000000000001421, -0.001000000000000132727, -17.00000000000000000 ) ) ;
#4943 = LINE ( 'NONE', #1195, #8223 ) ;
#4944 = LINE ( 'NONE', #3465, #2383 ) ;
#4945 = AXIS2_PLACEMENT_3D ( 'NONE', #2864, #8856, #7531 ) ;
#4946 = LINE ( 'NONE', #2728, #5395 ) ;
#4947 = ORIENTED_EDGE ( 'NONE', *, *, #2106, .T. ) ;
#4948 = CARTESIAN_POINT ( 'NONE',  ( 113.9999999999999858, -0.001000000000000132727, -133.9999999999999716 ) ) ;
#4949 = VERTEX_POINT ( 'NONE', #1929 ) ;
#4950 = ORIENTED_EDGE ( 'NONE', *, *, #9623, .F. ) ;
#4951 = FACE_OUTER_BOUND ( 'NONE', #2232, .T. ) ;
#4952 = FACE_OUTER_BOUND ( 'NONE', #8718, .T. ) ;
#4953 = CARTESIAN_POINT ( 'NONE',  ( 176.9999999999999716, 4.000000000000000000, -33.00000000000000000 ) ) ;
#4954 = CARTESIAN_POINT ( 'NONE',  ( 106.9999999999999858, 4.000000000000000000, -133.9999999999999716 ) ) ;
#4955 = CARTESIAN_POINT ( 'NONE',  ( 132.0000000000000000, 0.000000000000000000, -133.9999999999999716 ) ) ;
#4956 = LINE ( 'NONE', #7947, #2614 ) ;
#4957 = DIRECTION ( 'NONE',  ( -0.000000000000000000, 1.000000000000000000, -0.000000000000000000 ) ) ;
#4958 = VERTEX_POINT ( 'NONE', #2712 ) ;
#4959 = PLANE ( 'NONE',  #800 ) ;
#4960 = EDGE_CURVE ( 'NONE', #4483, #4235, #6360, .T. ) ;
#4961 = EDGE_CURVE ( 'NONE', #1333, #5572, #4929, .T. ) ;
#4962 = AXIS2_PLACEMENT_3D ( 'NONE', #1914, #7073, #3293 ) ;
#4963 = EDGE_CURVE ( 'NONE', #661, #3705, #3539, .T. ) ;
#4964 = ORIENTED_EDGE ( 'NONE', *, *, #6172, .T. ) ;
#4965 = ORIENTED_EDGE ( 'NONE', *, *, #1356, .T. ) ;
#4966 = CARTESIAN_POINT ( 'NONE',  ( 104.0000000000000000, 4.000000000000000000, -117.9999999999999716 ) ) ;
#4967 = CARTESIAN_POINT ( 'NONE',  ( 218.9999999999999716, 29.00000000000000000, -108.9999999999999858 ) ) ;
#4968 = CARTESIAN_POINT ( 'NONE',  ( 135.7199999999999704, 6.000000000000000000, -95.00000000000000000 ) ) ;
#4969 = VECTOR ( 'NONE', #6295, 1000.000000000000000 ) ;
#4970 = CARTESIAN_POINT ( 'NONE',  ( 0.000000000000000000, 0.000000000000000000, 0.000000000000000000 ) ) ;
#4971 = DIRECTION ( 'NONE',  ( -0.000000000000000000, -1.000000000000000000, -0.000000000000000000 ) ) ;
#4972 = ORIENTED_EDGE ( 'NONE', *, *, #7035, .F. ) ;
#4973 = FACE_OUTER_BOUND ( 'NONE', #3577, .T. ) ;
#4974 = EDGE_CURVE ( 'NONE', #6333, #5288, #502, .T. ) ;
#4975 = CARTESIAN_POINT ( 'NONE',  ( 23.00000000000000000, 9.000000000000001776, -103.9999999999999858 ) ) ;
#4976 = VERTEX_POINT ( 'NONE', #7183 ) ;
#4977 = PLANE ( 'NONE',  #2228 ) ;
#4978 = EDGE_CURVE ( 'NONE', #3440, #8755, #8608, .T. ) ;
#4979 = CARTESIAN_POINT ( 'NONE',  ( 169.9999999999999432, -0.001000000000000132727, -33.00000000000000000 ) ) ;
#4980 = CARTESIAN_POINT ( 'NONE',  ( 118.0000000000000000, -0.001000000000000132727, -133.9999999999999716 ) ) ;
#4981 = ORIENTED_EDGE ( 'NONE', *, *, #5338, .T. ) ;
#4982 = ORIENTED_EDGE ( 'NONE', *, *, #7024, .T. ) ;
#4983 = DIRECTION ( 'NONE',  ( 0.000000000000000000, 0.000000000000000000, 1.000000000000000000 ) ) ;
#4984 = AXIS2_PLACEMENT_3D ( 'NONE', #4310, #2827, #2149 ) ;
#4985 = CARTESIAN_POINT ( 'NONE',  ( 41.00000000000000000, 4.000000000000000000, -133.9999999999999716 ) ) ;
#4986 = VECTOR ( 'NONE', #591, 1000.000000000000000 ) ;
#4987 = PLANE ( 'NONE',  #6991 ) ;
#4988 = EDGE_CURVE ( 'NONE', #8691, #6978, #8784, .T. ) ;
#4989 = EDGE_CURVE ( 'NONE', #2344, #5919, #7224, .T. ) ;
#4990 = DIRECTION ( 'NONE',  ( -2.168404344971008868E-16, 0.000000000000000000, -1.000000000000000000 ) ) ;
#4991 = CARTESIAN_POINT ( 'NONE',  ( 167.0000000000000000, -0.001000000000000132727, -117.9999999999999716 ) ) ;
#4992 = VERTEX_POINT ( 'NONE', #9427 ) ;
#4993 = LINE ( 'NONE', #9451, #8662 ) ;
#4994 = EDGE_LOOP ( 'NONE', ( #7313, #9419, #4950, #3658 ) ) ;
#4995 = ORIENTED_EDGE ( 'NONE', *, *, #1955, .F. ) ;
#4996 = LINE ( 'NONE', #5693, #7107 ) ;
#4997 = LINE ( 'NONE', #5880, #5527 ) ;
#4998 = DIRECTION ( 'NONE',  ( -0.000000000000000000, -0.000000000000000000, -1.000000000000000000 ) ) ;
#4999 = DIRECTION ( 'NONE',  ( 0.000000000000000000, 0.000000000000000000, 1.000000000000000000 ) ) ;
#5000 = DIRECTION ( 'NONE',  ( 0.000000000000000000, 0.000000000000000000, 1.000000000000000000 ) ) ;
#5001 = LINE ( 'NONE', #5051, #6611 ) ;
#5002 = FACE_OUTER_BOUND ( 'NONE', #719, .T. ) ;
#5003 = ORIENTED_EDGE ( 'NONE', *, *, #757, .T. ) ;
#5004 = CARTESIAN_POINT ( 'NONE',  ( 76.00000000000001421, -0.001000000000000132727, -33.00000000000000711 ) ) ;
#5005 = EDGE_CURVE ( 'NONE', #7780, #3508, #6498, .T. ) ;
#5006 = ORIENTED_EDGE ( 'NONE', *, *, #5655, .T. ) ;
#5007 = ORIENTED_EDGE ( 'NONE', *, *, #290, .F. ) ;
#5008 = LINE ( 'NONE', #1971, #3006 ) ;
#5009 = LINE ( 'NONE', #5209, #3266 ) ;
#5010 = CARTESIAN_POINT ( 'NONE',  ( 225.7699999999999818, 0.000000000000000000, -139.9999999999999716 ) ) ;
#5011 = LINE ( 'NONE', #2013, #8459 ) ;
#5012 = CARTESIAN_POINT ( 'NONE',  ( 136.9999999999999432, 2.000000000000000000, -33.29999999999999716 ) ) ;
#5013 = VERTEX_POINT ( 'NONE', #8056 ) ;
#5014 = ADVANCED_FACE ( 'NONE', ( #2621 ), #8699, .F. ) ;
#5015 = PLANE ( 'NONE',  #1582 ) ;
#5016 = DIRECTION ( 'NONE',  ( 0.000000000000000000, 0.7071067811865475727, -0.7071067811865475727 ) ) ;
#5017 = ORIENTED_EDGE ( 'NONE', *, *, #2320, .F. ) ;
#5018 = PLANE ( 'NONE',  #8494 ) ;
#5019 = ADVANCED_FACE ( 'NONE', ( #9519 ), #4140, .T. ) ;
#5020 = VECTOR ( 'NONE', #4233, 1000.000000000000000 ) ;
#5021 = DIRECTION ( 'NONE',  ( 0.000000000000000000, 0.000000000000000000, 1.000000000000000000 ) ) ;
#5022 = CARTESIAN_POINT ( 'NONE',  ( 238.9999999999999716, 2.000000000000000000, -2.000000000000001776 ) ) ;
#5023 = CARTESIAN_POINT ( 'NONE',  ( 7.670000000000010587, 4.000000000000000000, -5.250000000000000888 ) ) ;
#5024 = EDGE_CURVE ( 'NONE', #9150, #645, #1222, .T. ) ;
#5025 = ORIENTED_EDGE ( 'NONE', *, *, #9686, .F. ) ;
#5026 = ORIENTED_EDGE ( 'NONE', *, *, #8235, .T. ) ;
#5027 = LINE ( 'NONE', #1888, #9443 ) ;
#5028 = AXIS2_PLACEMENT_3D ( 'NONE', #2165, #2306, #8984 ) ;
#5029 = CARTESIAN_POINT ( 'NONE',  ( 211.9999999999999716, 4.000000000000000000, -33.00000000000000000 ) ) ;
#5030 = VERTEX_POINT ( 'NONE', #4223 ) ;
#5031 = DIRECTION ( 'NONE',  ( -0.000000000000000000, 1.000000000000000000, -0.000000000000000000 ) ) ;
#5032 = VECTOR ( 'NONE', #3097, 1000.000000000000000 ) ;
#5033 = AXIS2_PLACEMENT_3D ( 'NONE', #1275, #4144, #7279 ) ;
#5034 = LINE ( 'NONE', #8028, #2694 ) ;
#5035 = LINE ( 'NONE', #433, #7133 ) ;
#5036 = ORIENTED_EDGE ( 'NONE', *, *, #2813, .T. ) ;
#5037 = EDGE_CURVE ( 'NONE', #1333, #2828, #9475, .T. ) ;
#5038 = DIRECTION ( 'NONE',  ( -0.000000000000000000, 1.000000000000000000, -0.000000000000000000 ) ) ;
#5039 = VECTOR ( 'NONE', #4446, 1000.000000000000000 ) ;
#5040 = EDGE_CURVE ( 'NONE', #4036, #5942, #7088, .T. ) ;
#5041 = VERTEX_POINT ( 'NONE', #1327 ) ;
#5042 = VERTEX_POINT ( 'NONE', #369 ) ;
#5043 = DIRECTION ( 'NONE',  ( -0.000000000000000000, 1.000000000000000000, -0.000000000000000000 ) ) ;
#5044 = VECTOR ( 'NONE', #8412, 1000.000000000000000 ) ;
#5045 = CARTESIAN_POINT ( 'NONE',  ( 169.9999999999999432, 4.000000000000000000, -33.00000000000000000 ) ) ;
#5046 = FACE_OUTER_BOUND ( 'NONE', #293, .T. ) ;
#5047 = AXIS2_PLACEMENT_3D ( 'NONE', #2223, #4432, #4481 ) ;
#5048 = EDGE_CURVE ( 'NONE', #2027, #1753, #3357, .T. ) ;
#5049 = CARTESIAN_POINT ( 'NONE',  ( 135.7199999999999704, 6.000000000000000000, -48.99999999999999289 ) ) ;
#5050 = CARTESIAN_POINT ( 'NONE',  ( 24.00000000000000000, 21.00000000000000000, -46.69999999999998863 ) ) ;
#5051 = CARTESIAN_POINT ( 'NONE',  ( 211.9999999999999716, 0.000000000000000000, -33.00000000000000000 ) ) ;
#5052 = CARTESIAN_POINT ( 'NONE',  ( 78.00000000000000000, 4.000000000000000000, -41.00000000000000000 ) ) ;
#5053 = EDGE_LOOP ( 'NONE', ( #6042, #4701, #3076, #9114, #5730, #4585, #3659, #75, #3090, #7585, #880, #7537, #2755, #3002, #1498, #8735, #7998, #2230, #3130, #762, #5197, #1597 ) ) ;
#5054 = CARTESIAN_POINT ( 'NONE',  ( 102.0000000000000142, 2.000000000000000000, -22.69999999999999218 ) ) ;
#5055 = VECTOR ( 'NONE', #2461, 1000.000000000000000 ) ;
#5056 = ORIENTED_EDGE ( 'NONE', *, *, #825, .F. ) ;
#5057 = ORIENTED_EDGE ( 'NONE', *, *, #7145, .F. ) ;
#5058 = ORIENTED_EDGE ( 'NONE', *, *, #4605, .T. ) ;
#5059 = DIRECTION ( 'NONE',  ( 2.168404344971008128E-16, 0.000000000000000000, 1.000000000000000000 ) ) ;
#5060 = CARTESIAN_POINT ( 'NONE',  ( 132.0000000000000000, 0.000000000000000000, -133.9999999999999716 ) ) ;
#5061 = VECTOR ( 'NONE', #9437, 1000.000000000000000 ) ;
#5062 = FACE_OUTER_BOUND ( 'NONE', #5217, .T. ) ;
#5063 = DIRECTION ( 'NONE',  ( 1.000000000000000000, 0.000000000000000000, -4.625929269271486900E-15 ) ) ;
#5064 = ADVANCED_FACE ( 'NONE', ( #4879 ), #3398, .F. ) ;
#5065 = DIRECTION ( 'NONE',  ( -2.168404344971008868E-16, -0.000000000000000000, -1.000000000000000000 ) ) ;
#5066 = ORIENTED_EDGE ( 'NONE', *, *, #5261, .T. ) ;
#5067 = VERTEX_POINT ( 'NONE', #3729 ) ;
#5068 = VECTOR ( 'NONE', #5065, 1000.000000000000000 ) ;
#5069 = FACE_BOUND ( 'NONE', #2072, .T. ) ;
#5070 = CARTESIAN_POINT ( 'NONE',  ( 213.9999999999999716, 9.000000000000001776, -49.00000000000000711 ) ) ;
#5071 = ORIENTED_EDGE ( 'NONE', *, *, #1294, .F. ) ;
#5072 = CARTESIAN_POINT ( 'NONE',  ( 136.9999999999999432, 8.000000000000001776, -35.00000000000000000 ) ) ;
#5073 = LINE ( 'NONE', #8894, #5964 ) ;
#5074 = FACE_OUTER_BOUND ( 'NONE', #2342, .T. ) ;
#5075 = PLANE ( 'NONE',  #2422 ) ;
#5076 = ORIENTED_EDGE ( 'NONE', *, *, #5142, .T. ) ;
#5077 = ORIENTED_EDGE ( 'NONE', *, *, #259, .F. ) ;
#5078 = ADVANCED_FACE ( 'NONE', ( #4365 ), #2993, .F. ) ;
#5079 = VECTOR ( 'NONE', #6421, 1000.000000000000000 ) ;
#5080 = DIRECTION ( 'NONE',  ( -1.000000000000000000, 0.000000000000000000, 0.000000000000000000 ) ) ;
#5081 = DIRECTION ( 'NONE',  ( 0.000000000000000000, 0.000000000000000000, -1.000000000000000000 ) ) ;
#5082 = EDGE_CURVE ( 'NONE', #5042, #1802, #5112, .T. ) ;
#5083 = EDGE_CURVE ( 'NONE', #3362, #5552, #9621, .T. ) ;
#5084 = EDGE_CURVE ( 'NONE', #2602, #6508, #1372, .T. ) ;
#5085 = VECTOR ( 'NONE', #8528, 1000.000000000000000 ) ;
#5086 = ORIENTED_EDGE ( 'NONE', *, *, #6362, .F. ) ;
#5087 = CARTESIAN_POINT ( 'NONE',  ( 176.9999999999999716, -0.001000000000000132727, -33.00000000000000000 ) ) ;
#5088 = DIRECTION ( 'NONE',  ( -0.000000000000000000, 1.000000000000000000, -0.000000000000000000 ) ) ;
#5089 = VERTEX_POINT ( 'NONE', #7463 ) ;
#5090 = VECTOR ( 'NONE', #9459, 1000.000000000000000 ) ;
#5091 = ORIENTED_EDGE ( 'NONE', *, *, #477, .T. ) ;
#5092 = ORIENTED_EDGE ( 'NONE', *, *, #7312, .T. ) ;
#5093 = DIRECTION ( 'NONE',  ( 0.000000000000000000, 0.000000000000000000, -1.000000000000000000 ) ) ;
#5094 = CARTESIAN_POINT ( 'NONE',  ( 57.99999999999999289, 0.000000000000000000, -133.9999999999999716 ) ) ;
#5095 = CARTESIAN_POINT ( 'NONE',  ( 76.00000000000001421, 4.000000000000000000, -117.9999999999999716 ) ) ;
#5096 = DIRECTION ( 'NONE',  ( -0.000000000000000000, 1.000000000000000000, -0.000000000000000000 ) ) ;
#5097 = ADVANCED_FACE ( 'NONE', ( #740 ), #8243, .T. ) ;
#5098 = CARTESIAN_POINT ( 'NONE',  ( 211.9999999999999716, -0.001000000000000132727, -33.00000000000000000 ) ) ;
#5099 = PLANE ( 'NONE',  #1273 ) ;
#5100 = EDGE_LOOP ( 'NONE', ( #532, #5624, #8818, #2965 ) ) ;
#5101 = CARTESIAN_POINT ( 'NONE',  ( 236.9999999999999716, 4.000000000000000000, -147.0000000000000000 ) ) ;
#5102 = EDGE_LOOP ( 'NONE', ( #4391, #2451, #3664, #7457 ) ) ;
#5103 = DIRECTION ( 'NONE',  ( 0.000000000000000000, 0.000000000000000000, 1.000000000000000000 ) ) ;
#5104 = ORIENTED_EDGE ( 'NONE', *, *, #8573, .T. ) ;
#5105 = ORIENTED_EDGE ( 'NONE', *, *, #2592, .T. ) ;
#5106 = DIRECTION ( 'NONE',  ( 0.000000000000000000, 0.5150380749100555988, 0.8571673007021114454 ) ) ;
#5107 = CARTESIAN_POINT ( 'NONE',  ( 135.7199999999999704, 0.000000000000000000, -47.24999999999999289 ) ) ;
#5108 = EDGE_CURVE ( 'NONE', #5473, #6476, #1516, .T. ) ;
#5109 = EDGE_CURVE ( 'NONE', #3663, #5445, #698, .T. ) ;
#5110 = CARTESIAN_POINT ( 'NONE',  ( 140.9999999999999716, 4.000000000000000000, -41.00000000000000000 ) ) ;
#5111 = CARTESIAN_POINT ( 'NONE',  ( 149.0000000000000000, -0.001000000000000132727, -133.9999999999999716 ) ) ;
#5112 = LINE ( 'NONE', #5992, #8882 ) ;
#5113 = VERTEX_POINT ( 'NONE', #2205 ) ;
#5114 = ORIENTED_EDGE ( 'NONE', *, *, #9642, .F. ) ;
#5115 = DIRECTION ( 'NONE',  ( 0.000000000000000000, -1.000000000000000000, 0.000000000000000000 ) ) ;
#5116 = VECTOR ( 'NONE', #889, 1000.000000000000000 ) ;
#5117 = CARTESIAN_POINT ( 'NONE',  ( 135.7199999999999704, 6.000000000000000000, -48.99999999999999289 ) ) ;
#5118 = ORIENTED_EDGE ( 'NONE', *, *, #8079, .T. ) ;
#5119 = DIRECTION ( 'NONE',  ( 0.000000000000000000, 0.000000000000000000, -1.000000000000000000 ) ) ;
#5120 = CARTESIAN_POINT ( 'NONE',  ( 23.00000000000000000, 29.00000000000000000, -108.9999999999999858 ) ) ;
#5121 = VECTOR ( 'NONE', #9687, 1000.000000000000000 ) ;
#5122 = CARTESIAN_POINT ( 'NONE',  ( 128.0000000000000000, 0.000000000000000000, -117.9999999999999858 ) ) ;
#5123 =( NAMED_UNIT ( * ) SI_UNIT ( $, .STERADIAN. ) SOLID_ANGLE_UNIT ( ) );
#5124 = VERTEX_POINT ( 'NONE', #784 ) ;
#5125 = ORIENTED_EDGE ( 'NONE', *, *, #7340, .F. ) ;
#5126 = LINE ( 'NONE', #2220, #989 ) ;
#5127 = AXIS2_PLACEMENT_3D ( 'NONE', #1627, #4775, #3099 ) ;
#5128 = LINE ( 'NONE', #711, #9124 ) ;
#5129 = EDGE_CURVE ( 'NONE', #2597, #916, #3682, .T. ) ;
#5130 = LINE ( 'NONE', #4436, #3228 ) ;
#5131 = LINE ( 'NONE', #9047, #4567 ) ;
#5132 = PLANE ( 'NONE',  #4613 ) ;
#5133 = ORIENTED_EDGE ( 'NONE', *, *, #2959, .F. ) ;
#5134 = ORIENTED_EDGE ( 'NONE', *, *, #5345, .T. ) ;
#5135 = EDGE_CURVE ( 'NONE', #7536, #8430, #6685, .T. ) ;
#5136 = EDGE_CURVE ( 'NONE', #1947, #7870, #8887, .T. ) ;
#5137 = VERTEX_POINT ( 'NONE', #7512 ) ;
#5138 = ORIENTED_EDGE ( 'NONE', *, *, #1292, .T. ) ;
#5139 = LINE ( 'NONE', #9151, #3344 ) ;
#5140 = DIRECTION ( 'NONE',  ( 1.000000000000000000, 0.000000000000000000, 0.000000000000000000 ) ) ;
#5141 = CARTESIAN_POINT ( 'NONE',  ( 140.9999999999999716, 8.000000000000000000, -41.00000000000000000 ) ) ;
#5142 = EDGE_CURVE ( 'NONE', #3358, #8288, #9672, .T. ) ;
#5143 = FACE_BOUND ( 'NONE', #3848, .T. ) ;
#5144 = DIRECTION ( 'NONE',  ( 0.000000000000000000, 0.000000000000000000, 1.000000000000000000 ) ) ;
#5145 = CARTESIAN_POINT ( 'NONE',  ( 184.0000000000000000, 0.000000000000000000, -133.9999999999999716 ) ) ;
#5146 = EDGE_CURVE ( 'NONE', #4390, #4917, #6637, .T. ) ;
#5147 = ORIENTED_EDGE ( 'NONE', *, *, #5967, .F. ) ;
#5148 = CARTESIAN_POINT ( 'NONE',  ( 125.0000000000000000, 0.000000000000000000, -133.9999999999999716 ) ) ;
#5149 = ORIENTED_EDGE ( 'NONE', *, *, #5024, .F. ) ;
#5150 = EDGE_CURVE ( 'NONE', #2744, #3987, #595, .T. ) ;
#5151 = LINE ( 'NONE', #7405, #8983 ) ;
#5152 = EDGE_CURVE ( 'NONE', #4694, #3572, #5847, .T. ) ;
#5153 = ORIENTED_EDGE ( 'NONE', *, *, #8585, .F. ) ;
#5154 = EDGE_CURVE ( 'NONE', #7687, #7685, #2161, .T. ) ;
#5155 = ORIENTED_EDGE ( 'NONE', *, *, #6454, .T. ) ;
#5156 = DIRECTION ( 'NONE',  ( -0.000000000000000000, 1.000000000000000000, -0.000000000000000000 ) ) ;
#5158 = ORIENTED_EDGE ( 'NONE', *, *, #990, .F. ) ;
#5157 = VECTOR ( 'NONE', #7919, 1000.000000000000000 ) ;
#5159 = DIRECTION ( 'NONE',  ( -2.168404344971008868E-16, -0.000000000000000000, -1.000000000000000000 ) ) ;
#5160 = DIRECTION ( 'NONE',  ( -0.000000000000000000, 0.000000000000000000, -1.000000000000000000 ) ) ;
#5161 = CARTESIAN_POINT ( 'NONE',  ( 30.00000000000000355, 4.000000000000000000, -17.00000000000000000 ) ) ;
#5162 = PLANE ( 'NONE',  #3392 ) ;
#5163 = CARTESIAN_POINT ( 'NONE',  ( 169.9999999999999432, 4.000000000000000000, -17.00000000000000000 ) ) ;
#5164 = VERTEX_POINT ( 'NONE', #4464 ) ;
#5165 = AXIS2_PLACEMENT_3D ( 'NONE', #2473, #6105, #9236 ) ;
#5166 = DIRECTION ( 'NONE',  ( -1.000000000000000000, 0.000000000000000000, 0.000000000000000000 ) ) ;
#5167 = DIRECTION ( 'NONE',  ( 1.000000000000000000, 0.000000000000000000, -4.625929269271486900E-15 ) ) ;
#5168 = ADVANCED_FACE ( 'NONE', ( #6732 ), #6782, .F. ) ;
#5169 = ORIENTED_EDGE ( 'NONE', *, *, #8150, .T. ) ;
#5170 = CARTESIAN_POINT ( 'NONE',  ( 41.00000000000000000, -0.001000000000000132727, -33.00000000000000711 ) ) ;
#5171 = LINE ( 'NONE', #8938, #3586 ) ;
#5172 = DIRECTION ( 'NONE',  ( -2.168404344971008868E-16, 0.000000000000000000, -1.000000000000000000 ) ) ;
#5173 = DIRECTION ( 'NONE',  ( 1.000000000000000000, 0.000000000000000000, 0.000000000000000000 ) ) ;
#5174 = VERTEX_POINT ( 'NONE', #9563 ) ;
#5175 = DIRECTION ( 'NONE',  ( 1.000000000000000000, 0.000000000000000000, 0.000000000000000000 ) ) ;
#5176 = DIRECTION ( 'NONE',  ( 0.000000000000000000, 0.000000000000000000, -1.000000000000000000 ) ) ;
#5177 = CARTESIAN_POINT ( 'NONE',  ( 69.00000000000000000, 0.000000000000000000, -33.00000000000000711 ) ) ;
#5178 = LINE ( 'NONE', #1389, #1432 ) ;
#5179 = EDGE_LOOP ( 'NONE', ( #116, #4490, #4608, #804 ) ) ;
#5180 = VECTOR ( 'NONE', #5167, 1000.000000000000000 ) ;
#5181 = LINE ( 'NONE', #5282, #695 ) ;
#5182 = ORIENTED_EDGE ( 'NONE', *, *, #4174, .T. ) ;
#5183 = EDGE_LOOP ( 'NONE', ( #2611, #2081, #9032 ) ) ;
#5184 = ADVANCED_FACE ( 'NONE', ( #2843 ), #8837, .F. ) ;
#5185 = VECTOR ( 'NONE', #5356, 1000.000000000000000 ) ;
#5186 = AXIS2_PLACEMENT_3D ( 'NONE', #9, #7520, #8066 ) ;
#5187 = ORIENTED_EDGE ( 'NONE', *, *, #1348, .T. ) ;
#5188 = ORIENTED_EDGE ( 'NONE', *, *, #6352, .T. ) ;
#5189 = EDGE_CURVE ( 'NONE', #4489, #6384, #7010, .T. ) ;
#5190 = CARTESIAN_POINT ( 'NONE',  ( 213.9999999999999716, 14.00000000000003375, -103.9999999999999858 ) ) ;
#5191 = CARTESIAN_POINT ( 'NONE',  ( 187.9999999999999432, 4.000000000000000000, -33.00000000000000000 ) ) ;
#5192 = CARTESIAN_POINT ( 'NONE',  ( 167.0000000000000000, 4.000000000000000000, -117.9999999999999716 ) ) ;
#5193 = DIRECTION ( 'NONE',  ( 1.000000000000000000, 0.000000000000000000, -0.000000000000000000 ) ) ;
#5194 = ORIENTED_EDGE ( 'NONE', *, *, #3255, .T. ) ;
#5195 = ORIENTED_EDGE ( 'NONE', *, *, #5512, .F. ) ;
#5196 = FACE_OUTER_BOUND ( 'NONE', #5933, .T. ) ;
#5197 = ORIENTED_EDGE ( 'NONE', *, *, #5448, .T. ) ;
#5198 = AXIS2_PLACEMENT_3D ( 'NONE', #9019, #9268, #8495 ) ;
#5199 = DIRECTION ( 'NONE',  ( -1.000000000000000000, 0.000000000000000000, 0.000000000000000000 ) ) ;
#5200 = AXIS2_PLACEMENT_3D ( 'NONE', #5974, #7497, #8229 ) ;
#5201 = ADVANCED_FACE ( 'NONE', ( #6835 ), #6986, .F. ) ;
#5202 = AXIS2_PLACEMENT_3D ( 'NONE', #8401, #6143, #2199 ) ;
#5203 = ORIENTED_EDGE ( 'NONE', *, *, #6417, .T. ) ;
#5204 = ORIENTED_EDGE ( 'NONE', *, *, #6196, .T. ) ;
#5205 = FACE_OUTER_BOUND ( 'NONE', #311, .T. ) ;
#5206 = AXIS2_PLACEMENT_3D ( 'NONE', #9001, #7437, #670 ) ;
#5207 = ADVANCED_FACE ( 'NONE', ( #7769 ), #3294, .F. ) ;
#5208 = DIRECTION ( 'NONE',  ( 0.000000000000000000, 0.000000000000000000, 1.000000000000000000 ) ) ;
#5209 = CARTESIAN_POINT ( 'NONE',  ( 72.00000000000001421, -0.001000000000000132727, -117.9999999999999858 ) ) ;
#5210 = DIRECTION ( 'NONE',  ( -4.906538933386794284E-16, -0.7071067811865474617, -0.7071067811865474617 ) ) ;
#5211 = CARTESIAN_POINT ( 'NONE',  ( 139.0000000000000000, 4.000000000000000000, -117.9999999999999716 ) ) ;
#5212 = DIRECTION ( 'NONE',  ( -2.168404344971008868E-16, 0.000000000000000000, -1.000000000000000000 ) ) ;
#5213 = VERTEX_POINT ( 'NONE', #8353 ) ;
#5214 = VECTOR ( 'NONE', #831, 1000.000000000000000 ) ;
#5215 = FACE_BOUND ( 'NONE', #3836, .T. ) ;
#5216 = DIRECTION ( 'NONE',  ( 0.000000000000000000, -0.000000000000000000, 1.000000000000000000 ) ) ;
#5217 = EDGE_LOOP ( 'NONE', ( #278, #7949, #374, #8731 ) ) ;
#5218 = VECTOR ( 'NONE', #9298, 1000.000000000000000 ) ;
#5219 = AXIS2_PLACEMENT_3D ( 'NONE', #609, #6601, #662 ) ;
#5220 = CARTESIAN_POINT ( 'NONE',  ( 135.7199999999999704, 6.000000000000000000, -97.99999999999998579 ) ) ;
#5221 = EDGE_LOOP ( 'NONE', ( #7954, #5187, #3708, #1383 ) ) ;
#5222 = DIRECTION ( 'NONE',  ( 1.049727191138619805E-16, 0.5150380749100526012, -0.8571673007021132218 ) ) ;
#5223 = AXIS2_PLACEMENT_3D ( 'NONE', #8939, #3841, #6844 ) ;
#5224 = CARTESIAN_POINT ( 'NONE',  ( 23.99999999999999289, 21.00000000000000000, -109.6999999999999744 ) ) ;
#5225 = EDGE_CURVE ( 'NONE', #5273, #1396, #255, .T. ) ;
#5226 = VERTEX_POINT ( 'NONE', #3150 ) ;
#5227 = DIRECTION ( 'NONE',  ( -0.000000000000000000, 1.000000000000000000, -0.000000000000000000 ) ) ;
#5228 = DIRECTION ( 'NONE',  ( -1.000000000000000000, 0.000000000000000000, 0.000000000000000000 ) ) ;
#5229 = AXIS2_PLACEMENT_3D ( 'NONE', #6283, #8022, #7802 ) ;
#5230 = ORIENTED_EDGE ( 'NONE', *, *, #3883, .T. ) ;
#5231 = ADVANCED_FACE ( 'NONE', ( #3207 ), #154, .F. ) ;
#5232 = DIRECTION ( 'NONE',  ( 0.000000000000000000, 0.000000000000000000, 1.000000000000000000 ) ) ;
#5233 = DIRECTION ( 'NONE',  ( -0.000000000000000000, 1.000000000000000000, -0.000000000000000000 ) ) ;
#5234 = CIRCLE ( 'NONE', #6017, 2.999999999999988898 ) ;
#5235 = FACE_OUTER_BOUND ( 'NONE', #1640, .T. ) ;
#5236 = ORIENTED_EDGE ( 'NONE', *, *, #9632, .F. ) ;
#5237 = EDGE_LOOP ( 'NONE', ( #2732, #241, #7478, #9481 ) ) ;
#5238 = VECTOR ( 'NONE', #8761, 1000.000000000000000 ) ;
#5239 = ORIENTED_EDGE ( 'NONE', *, *, #9479, .T. ) ;
#5240 = PRODUCT_RELATED_PRODUCT_CATEGORY ( 'part', '', ( #257 ) ) ;
#5241 = VERTEX_POINT ( 'NONE', #6249 ) ;
#5242 = CARTESIAN_POINT ( 'NONE',  ( 125.0000000000000000, 4.000000000000000000, -133.9999999999999716 ) ) ;
#5243 = CARTESIAN_POINT ( 'NONE',  ( 79.00000000000000000, -0.001000000000000132727, -133.9999999999999716 ) ) ;
#5244 = DIRECTION ( 'NONE',  ( -0.000000000000000000, -0.000000000000000000, -1.000000000000000000 ) ) ;
#5245 = CARTESIAN_POINT ( 'NONE',  ( 212.0000000000000000, -0.001000000000000132727, -117.9999999999999858 ) ) ;
#5246 = EDGE_LOOP ( 'NONE', ( #6375, #4147, #1852, #5657 ) ) ;
#5247 = ORIENTED_EDGE ( 'NONE', *, *, #4496, .T. ) ;
#5248 = DIRECTION ( 'NONE',  ( 0.000000000000000000, -1.000000000000000000, 0.000000000000000000 ) ) ;
#5249 = ORIENTED_EDGE ( 'NONE', *, *, #8517, .T. ) ;
#5250 = PLANE ( 'NONE',  #1937 ) ;
#5251 = VERTEX_POINT ( 'NONE', #9228 ) ;
#5252 = EDGE_LOOP ( 'NONE', ( #2626, #8710, #3335, #5617 ) ) ;
#5253 = DIRECTION ( 'NONE',  ( -0.000000000000000000, 0.000000000000000000, -1.000000000000000000 ) ) ;
#5254 = FACE_OUTER_BOUND ( 'NONE', #1339, .T. ) ;
#5255 = CARTESIAN_POINT ( 'NONE',  ( 220.9999999999999716, 2.000000000000000000, -12.00000000000000000 ) ) ;
#5256 = CARTESIAN_POINT ( 'NONE',  ( 125.0000000000000000, 0.000000000000000000, -117.9999999999999716 ) ) ;
#5257 = DIRECTION ( 'NONE',  ( 0.000000000000000000, 0.000000000000000000, 1.000000000000000000 ) ) ;
#5258 = DIRECTION ( 'NONE',  ( -2.168404344971008868E-16, 0.000000000000000000, -1.000000000000000000 ) ) ;
#5259 = ORIENTED_EDGE ( 'NONE', *, *, #8975, .T. ) ;
#5260 = FACE_BOUND ( 'NONE', #120, .T. ) ;
#5261 = EDGE_CURVE ( 'NONE', #6049, #2125, #9275, .T. ) ;
#5262 = EDGE_CURVE ( 'NONE', #5241, #7134, #9182, .T. ) ;
#5263 = LINE ( 'NONE', #8151, #8629 ) ;
#5264 = ORIENTED_EDGE ( 'NONE', *, *, #3812, .F. ) ;
#5265 = EDGE_LOOP ( 'NONE', ( #74, #2601, #3796, #6426 ) ) ;
#5266 = CARTESIAN_POINT ( 'NONE',  ( 69.00000000000000000, 4.000000000000000000, -33.00000000000000711 ) ) ;
#5267 = ORIENTED_EDGE ( 'NONE', *, *, #571, .F. ) ;
#5268 = CARTESIAN_POINT ( 'NONE',  ( 83.00000000000000000, 0.000000000000000000, -117.9999999999999716 ) ) ;
#5269 = LINE ( 'NONE', #5907, #7215 ) ;
#5270 = VERTEX_POINT ( 'NONE', #3250 ) ;
#5271 = EDGE_CURVE ( 'NONE', #60, #5124, #3829, .T. ) ;
#5272 = CARTESIAN_POINT ( 'NONE',  ( 184.0000000000000000, 4.000000000000000000, -133.9999999999999716 ) ) ;
#5273 = VERTEX_POINT ( 'NONE', #986 ) ;
#5274 = CARTESIAN_POINT ( 'NONE',  ( 218.9999999999999716, 29.00000000000000000, -44.00000000000000711 ) ) ;
#5275 = CARTESIAN_POINT ( 'NONE',  ( 188.0000000000000000, 4.000000000000000000, -133.9999999999999716 ) ) ;
#5276 = ORIENTED_EDGE ( 'NONE', *, *, #2592, .F. ) ;
#5277 = ORIENTED_EDGE ( 'NONE', *, *, #839, .T. ) ;
#5278 = EDGE_CURVE ( 'NONE', #9706, #5785, #6537, .T. ) ;
#5279 = LINE ( 'NONE', #8900, #6211 ) ;
#5280 = LINE ( 'NONE', #9688, #4103 ) ;
#5281 = VECTOR ( 'NONE', #1773, 1000.000000000000000 ) ;
#5282 = CARTESIAN_POINT ( 'NONE',  ( 202.0000000000000000, -0.001000000000000132727, -117.9999999999999716 ) ) ;
#5283 = ORIENTED_EDGE ( 'NONE', *, *, #359, .F. ) ;
#5284 = VERTEX_POINT ( 'NONE', #3982 ) ;
#5285 = EDGE_CURVE ( 'NONE', #628, #6486, #2464, .T. ) ;
#5286 = EDGE_CURVE ( 'NONE', #730, #3253, #7028, .T. ) ;
#5287 = EDGE_LOOP ( 'NONE', ( #1815, #9637, #263, #7914 ) ) ;
#5288 = VERTEX_POINT ( 'NONE', #6092 ) ;
#5289 = DIRECTION ( 'NONE',  ( -0.000000000000000000, 1.000000000000000000, -0.000000000000000000 ) ) ;
#5290 = PLANE ( 'NONE',  #7044 ) ;
#5291 = CARTESIAN_POINT ( 'NONE',  ( 215.9999999999999716, 29.00000000000000000, -108.9999999999999858 ) ) ;
#5292 = ORIENTED_EDGE ( 'NONE', *, *, #8381, .T. ) ;
#5293 = FACE_OUTER_BOUND ( 'NONE', #2257, .T. ) ;
#5294 = ORIENTED_EDGE ( 'NONE', *, *, #2453, .F. ) ;
#5295 = CARTESIAN_POINT ( 'NONE',  ( 69.00000000000000000, -0.001000000000000132727, -33.00000000000000711 ) ) ;
#5296 = VECTOR ( 'NONE', #685, 1000.000000000000000 ) ;
#5297 = VECTOR ( 'NONE', #8684, 1000.000000000000000 ) ;
#5298 = ORIENTED_EDGE ( 'NONE', *, *, #5464, .T. ) ;
#5299 = EDGE_LOOP ( 'NONE', ( #3576, #9636, #7314, #809 ) ) ;
#5300 = LINE ( 'NONE', #9068, #8959 ) ;
#5301 = CARTESIAN_POINT ( 'NONE',  ( 90.00000000000000000, 11.00000000000000000, -44.00000000000001421 ) ) ;
#5302 = PLANE ( 'NONE',  #71 ) ;
#5303 = CARTESIAN_POINT ( 'NONE',  ( 225.7699999999999818, 4.000000000000000000, -7.000000000000000000 ) ) ;
#5304 = CARTESIAN_POINT ( 'NONE',  ( 153.0000000000000000, 0.000000000000000000, -117.9999999999999716 ) ) ;
#5305 = FACE_OUTER_BOUND ( 'NONE', #5183, .T. ) ;
#5306 = DIRECTION ( 'NONE',  ( 0.000000000000000000, -1.000000000000000000, 0.000000000000000000 ) ) ;
#5307 = ORIENTED_EDGE ( 'NONE', *, *, #3884, .F. ) ;
#5308 = EDGE_CURVE ( 'NONE', #6718, #5273, #4562, .T. ) ;
#5309 = CARTESIAN_POINT ( 'NONE',  ( 73.00000000000001421, 4.000000000000000000, -44.00000000000000711 ) ) ;
#5310 = PLANE ( 'NONE',  #7 ) ;
#5311 = VECTOR ( 'NONE', #2286, 1000.000000000000000 ) ;
#5312 = ORIENTED_EDGE ( 'NONE', *, *, #8316, .T. ) ;
#5313 = ORIENTED_EDGE ( 'NONE', *, *, #894, .F. ) ;
#5314 = CARTESIAN_POINT ( 'NONE',  ( 77.71999999999999886, 6.000000000000000000, -96.25000000000000000 ) ) ;
#5315 = ADVANCED_FACE ( 'NONE', ( #8451 ), #2355, .F. ) ;
#5316 = VECTOR ( 'NONE', #501, 1000.000000000000000 ) ;
#5317 = CARTESIAN_POINT ( 'NONE',  ( 62.00000000000000711, 4.000000000000000000, -17.00000000000000000 ) ) ;
#5318 = CARTESIAN_POINT ( 'NONE',  ( 128.0000000000000000, 4.000000000000000000, -133.9999999999999716 ) ) ;
#5319 = VERTEX_POINT ( 'NONE', #5416 ) ;
#5320 = VERTEX_POINT ( 'NONE', #8406 ) ;
#5321 = DIRECTION ( 'NONE',  ( -1.000000000000000000, -0.000000000000000000, -0.000000000000000000 ) ) ;
#5322 = DIRECTION ( 'NONE',  ( 0.000000000000000000, 0.000000000000000000, 1.000000000000000000 ) ) ;
#5323 = ORIENTED_EDGE ( 'NONE', *, *, #708, .F. ) ;
#5324 = ORIENTED_EDGE ( 'NONE', *, *, #259, .T. ) ;
#5325 = ADVANCED_FACE ( 'NONE', ( #1679 ), #4667, .F. ) ;
#5326 = DIRECTION ( 'NONE',  ( 2.312964634635743844E-15, 0.000000000000000000, -1.000000000000000000 ) ) ;
#5327 = CARTESIAN_POINT ( 'NONE',  ( 236.9999999999999716, 0.000000000000000000, -147.0000000000000000 ) ) ;
#5328 = ADVANCED_FACE ( 'NONE', ( #6433 ), #7948, .F. ) ;
#5329 = DIRECTION ( 'NONE',  ( -0.000000000000000000, 1.000000000000000000, -0.000000000000000000 ) ) ;
#5330 = FACE_BOUND ( 'NONE', #2427, .T. ) ;
#5331 = CARTESIAN_POINT ( 'NONE',  ( 125.0000000000000000, -0.001000000000000132727, -133.9999999999999716 ) ) ;
#5332 = VERTEX_POINT ( 'NONE', #2784 ) ;
#5333 = EDGE_LOOP ( 'NONE', ( #9060, #7063, #9344, #8371 ) ) ;
#5334 = ORIENTED_EDGE ( 'NONE', *, *, #9452, .T. ) ;
#5335 = VERTEX_POINT ( 'NONE', #9372 ) ;
#5336 = CARTESIAN_POINT ( 'NONE',  ( 77.71999999999998465, 6.000000000000001776, -47.25000000000000000 ) ) ;
#5337 = DIRECTION ( 'NONE',  ( 0.000000000000000000, 0.000000000000000000, -1.000000000000000000 ) ) ;
#5338 = EDGE_CURVE ( 'NONE', #1094, #8993, #8690, .T. ) ;
#5339 = VECTOR ( 'NONE', #2759, 1000.000000000000000 ) ;
#5340 = LINE ( 'NONE', #5192, #7590 ) ;
#5341 = ORIENTED_EDGE ( 'NONE', *, *, #3131, .T. ) ;
#5342 = EDGE_LOOP ( 'NONE', ( #6600, #360, #336, #2687 ) ) ;
#5343 = CARTESIAN_POINT ( 'NONE',  ( 194.9999999999999432, 0.000000000000000000, -33.00000000000000000 ) ) ;
#5344 = ORIENTED_EDGE ( 'NONE', *, *, #3701, .T. ) ;
#5345 = EDGE_CURVE ( 'NONE', #5572, #5470, #4074, .T. ) ;
#5346 = CARTESIAN_POINT ( 'NONE',  ( 37.00000000000000000, 0.000000000000000000, -33.00000000000000000 ) ) ;
#5347 = VECTOR ( 'NONE', #7691, 1000.000000000000000 ) ;
#5348 = ORIENTED_EDGE ( 'NONE', *, *, #3287, .F. ) ;
#5349 = ORIENTED_EDGE ( 'NONE', *, *, #7539, .F. ) ;
#5350 = CARTESIAN_POINT ( 'NONE',  ( 77.71999999999999886, 6.000000000000000000, -97.99999999999998579 ) ) ;
#5351 = DIRECTION ( 'NONE',  ( -1.000000000000000000, 0.000000000000000000, -0.000000000000000000 ) ) ;
#5352 = DIRECTION ( 'NONE',  ( -1.000000000000000000, 0.000000000000000000, -0.000000000000000000 ) ) ;
#5353 = VECTOR ( 'NONE', #3032, 1000.000000000000000 ) ;
#5354 = CIRCLE ( 'NONE', #4402, 1.750000000000001554 ) ;
#5355 = DIRECTION ( 'NONE',  ( -0.000000000000000000, 1.000000000000000000, -0.000000000000000000 ) ) ;
#5356 = DIRECTION ( 'NONE',  ( 0.000000000000000000, 0.000000000000000000, -1.000000000000000000 ) ) ;
#5357 = CARTESIAN_POINT ( 'NONE',  ( 77.71999999999998465, 6.000000000000000000, -50.74999999999998579 ) ) ;
#5358 = CARTESIAN_POINT ( 'NONE',  ( 27.00000000000000000, 4.000000000000000000, -133.9999999999999716 ) ) ;
#5359 = EDGE_LOOP ( 'NONE', ( #5898, #5323, #1855, #6862 ) ) ;
#5360 = CARTESIAN_POINT ( 'NONE',  ( 214.9999999999999716, 29.00000000000000000, -46.69999999999998863 ) ) ;
#5361 = AXIS2_PLACEMENT_3D ( 'NONE', #1074, #4073, #2189 ) ;
#5362 = VECTOR ( 'NONE', #1322, 1000.000000000000000 ) ;
#5363 = DIRECTION ( 'NONE',  ( -0.000000000000000000, 1.000000000000000000, -0.000000000000000000 ) ) ;
#5364 = AXIS2_PLACEMENT_3D ( 'NONE', #5958, #7485, #1540 ) ;
#5365 = ORIENTED_EDGE ( 'NONE', *, *, #1363, .F. ) ;
#5366 = ORIENTED_EDGE ( 'NONE', *, *, #6238, .T. ) ;
#5367 = DIRECTION ( 'NONE',  ( -0.000000000000000000, 1.000000000000000000, -0.000000000000000000 ) ) ;
#5368 = EDGE_CURVE ( 'NONE', #8019, #661, #9413, .T. ) ;
#5369 = VERTEX_POINT ( 'NONE', #4264 ) ;
#5370 = VECTOR ( 'NONE', #8443, 1000.000000000000000 ) ;
#5371 = FACE_OUTER_BOUND ( 'NONE', #2291, .T. ) ;
#5372 = ORIENTED_EDGE ( 'NONE', *, *, #5129, .T. ) ;
#5373 = VECTOR ( 'NONE', #855, 1000.000000000000000 ) ;
#5374 = DIRECTION ( 'NONE',  ( -0.000000000000000000, 1.000000000000000000, 0.000000000000000000 ) ) ;
#5375 = VECTOR ( 'NONE', #7048, 1000.000000000000000 ) ;
#5376 = EDGE_LOOP ( 'NONE', ( #9193, #2309, #2375, #6945 ) ) ;
#5377 = DIRECTION ( 'NONE',  ( 0.000000000000000000, 0.000000000000000000, -1.000000000000000000 ) ) ;
#5378 = CARTESIAN_POINT ( 'NONE',  ( 210.9999999999999716, 9.000000000000001776, -108.9999999999999858 ) ) ;
#5379 = VECTOR ( 'NONE', #2644, 1000.000000000000000 ) ;
#5380 = EDGE_LOOP ( 'NONE', ( #9106, #4133, #2182, #4046 ) ) ;
#5381 = VECTOR ( 'NONE', #7123, 1000.000000000000000 ) ;
#5382 = ORIENTED_EDGE ( 'NONE', *, *, #3461, .F. ) ;
#5383 = CARTESIAN_POINT ( 'NONE',  ( 197.9999999999999432, 4.000000000000000000, -17.00000000000000000 ) ) ;
#5384 = CARTESIAN_POINT ( 'NONE',  ( 62.00000000000000711, -0.001000000000000132727, -17.00000000000000000 ) ) ;
#5385 = CARTESIAN_POINT ( 'NONE',  ( 86.00000000000000000, -0.001000000000000132727, -133.9999999999999716 ) ) ;
#5386 = CARTESIAN_POINT ( 'NONE',  ( 77.71999999999999886, 6.000000000000001776, -96.25000000000000000 ) ) ;
#5387 = CARTESIAN_POINT ( 'NONE',  ( 169.9999999999999432, -0.001000000000000132727, -17.00000000000000000 ) ) ;
#5388 = VERTEX_POINT ( 'NONE', #6529 ) ;
#5389 = VERTEX_POINT ( 'NONE', #9506 ) ;
#5390 = VECTOR ( 'NONE', #4788, 1000.000000000000000 ) ;
#5391 = AXIS2_PLACEMENT_3D ( 'NONE', #8732, #4128, #1824 ) ;
#5392 = ADVANCED_FACE ( 'NONE', ( #4916 ), #4211, .F. ) ;
#5393 = ADVANCED_FACE ( 'NONE', ( #4824 ), #1076, .F. ) ;
#5394 = EDGE_LOOP ( 'NONE', ( #6921, #8220, #7411 ) ) ;
#5395 = VECTOR ( 'NONE', #9399, 1000.000000000000000 ) ;
#5396 = ORIENTED_EDGE ( 'NONE', *, *, #5338, .F. ) ;
#5397 = FACE_OUTER_BOUND ( 'NONE', #3713, .T. ) ;
#5398 = DIRECTION ( 'NONE',  ( 0.000000000000000000, 0.000000000000000000, -1.000000000000000000 ) ) ;
#5399 = FACE_OUTER_BOUND ( 'NONE', #8642, .T. ) ;
#5400 = VERTEX_POINT ( 'NONE', #7908 ) ;
#5401 = VERTEX_POINT ( 'NONE', #1168 ) ;
#5402 = PLANE ( 'NONE',  #4839 ) ;
#5403 = ORIENTED_EDGE ( 'NONE', *, *, #723, .F. ) ;
#5404 = EDGE_CURVE ( 'NONE', #3908, #7687, #7074, .T. ) ;
#5405 = PLANE ( 'NONE',  #5229 ) ;
#5406 = VECTOR ( 'NONE', #6457, 1000.000000000000000 ) ;
#5407 = EDGE_LOOP ( 'NONE', ( #32, #9646, #635, #4505 ) ) ;
#5408 = ORIENTED_EDGE ( 'NONE', *, *, #9692, .T. ) ;
#5409 = CARTESIAN_POINT ( 'NONE',  ( 41.00000000000000000, -0.001000000000000132727, -33.00000000000000711 ) ) ;
#5410 = EDGE_CURVE ( 'NONE', #8477, #703, #9031, .T. ) ;
#5411 = DIRECTION ( 'NONE',  ( 0.000000000000000000, 0.000000000000000000, 1.000000000000000000 ) ) ;
#5412 = DIRECTION ( 'NONE',  ( -1.000000000000000000, -0.000000000000000000, -0.000000000000000000 ) ) ;
#5413 = CARTESIAN_POINT ( 'NONE',  ( 225.7699999999999818, 2.000000000000000000, -8.750000000000000000 ) ) ;
#5414 = LINE ( 'NONE', #152, #1416 ) ;
#5415 = DIRECTION ( 'NONE',  ( 0.000000000000000000, 0.000000000000000000, -1.000000000000000000 ) ) ;
#5416 = CARTESIAN_POINT ( 'NONE',  ( 166.9999999999999432, 4.000000000000000000, -33.00000000000000000 ) ) ;
#5417 = ORIENTED_EDGE ( 'NONE', *, *, #4978, .F. ) ;
#5418 = PLANE ( 'NONE',  #183 ) ;
#5419 = AXIS2_PLACEMENT_3D ( 'NONE', #3289, #4018, #297 ) ;
#5420 = ORIENTED_EDGE ( 'NONE', *, *, #2675, .T. ) ;
#5421 = ORIENTED_EDGE ( 'NONE', *, *, #2961, .T. ) ;
#5422 = ADVANCED_FACE ( 'NONE', ( #4869 ), #7127, .F. ) ;
#5423 = EDGE_CURVE ( 'NONE', #1054, #849, #2610, .T. ) ;
#5424 = VECTOR ( 'NONE', #5031, 1000.000000000000000 ) ;
#5425 = DIRECTION ( 'NONE',  ( -2.168404344971008868E-16, 0.000000000000000000, -1.000000000000000000 ) ) ;
#5426 = ORIENTED_EDGE ( 'NONE', *, *, #2019, .F. ) ;
#5427 = DIRECTION ( 'NONE',  ( -2.168404344971008868E-16, 0.000000000000000000, -1.000000000000000000 ) ) ;
#5428 = EDGE_LOOP ( 'NONE', ( #2555, #973, #3843, #4430 ) ) ;
#5429 = CARTESIAN_POINT ( 'NONE',  ( 215.9999999999999716, 4.000000000000000000, -108.9999999999999858 ) ) ;
#5430 = VERTEX_POINT ( 'NONE', #5652 ) ;
#5431 = LINE ( 'NONE', #7683, #970 ) ;
#5432 = LINE ( 'NONE', #9386, #3309 ) ;
#5433 = ORIENTED_EDGE ( 'NONE', *, *, #9693, .F. ) ;
#5434 = VERTEX_POINT ( 'NONE', #2741 ) ;
#5435 = DIRECTION ( 'NONE',  ( -0.000000000000000000, 1.000000000000000000, -0.000000000000000000 ) ) ;
#5436 = CYLINDRICAL_SURFACE ( 'NONE', #458, 2.999999999999988898 ) ;
#5437 = CARTESIAN_POINT ( 'NONE',  ( 174.0000000000000000, 0.000000000000000000, -117.9999999999999716 ) ) ;
#5438 = LINE ( 'NONE', #1744, #1244 ) ;
#5439 = LINE ( 'NONE', #962, #6502 ) ;
#5440 = VERTEX_POINT ( 'NONE', #9465 ) ;
#5441 = VERTEX_POINT ( 'NONE', #3433 ) ;
#5442 = ADVANCED_FACE ( 'NONE', ( #5002 ), #4023, .F. ) ;
#5443 = EDGE_CURVE ( 'NONE', #2296, #1347, #2764, .T. ) ;
#5444 = AXIS2_PLACEMENT_3D ( 'NONE', #3052, #3149, #5257 ) ;
#5445 = VERTEX_POINT ( 'NONE', #7858 ) ;
#5446 = CARTESIAN_POINT ( 'NONE',  ( 202.0000000000000000, 4.000000000000000000, -117.9999999999999716 ) ) ;
#5447 = CARTESIAN_POINT ( 'NONE',  ( 236.9999999999999716, 2.000000000000000000, -2.000000000000000000 ) ) ;
#5448 = EDGE_CURVE ( 'NONE', #1749, #8288, #1124, .T. ) ;
#5449 = CARTESIAN_POINT ( 'NONE',  ( 173.9999999999999716, 4.000000000000000000, -33.00000000000000000 ) ) ;
#5450 = EDGE_CURVE ( 'NONE', #7553, #8036, #2650, .T. ) ;
#5451 = VERTEX_POINT ( 'NONE', #1915 ) ;
#5452 = ORIENTED_EDGE ( 'NONE', *, *, #279, .F. ) ;
#5453 = LINE ( 'NONE', #6079, #8598 ) ;
#5454 = CIRCLE ( 'NONE', #3867, 1.749999999999987566 ) ;
#5455 = LINE ( 'NONE', #3088, #6802 ) ;
#5456 = VERTEX_POINT ( 'NONE', #2191 ) ;
#5457 = VERTEX_POINT ( 'NONE', #3671 ) ;
#5458 = DIRECTION ( 'NONE',  ( -0.000000000000000000, 1.000000000000000000, -0.000000000000000000 ) ) ;
#5459 = EDGE_CURVE ( 'NONE', #7464, #7584, #3107, .T. ) ;
#5460 = CARTESIAN_POINT ( 'NONE',  ( 93.00000000000000000, -0.001000000000000132727, -117.9999999999999858 ) ) ;
#5461 = CARTESIAN_POINT ( 'NONE',  ( 69.00000000000000000, 0.000000000000000000, -17.00000000000000000 ) ) ;
#5462 = LINE ( 'NONE', #8448, #3332 ) ;
#5463 = CARTESIAN_POINT ( 'NONE',  ( 78.00000000000000000, 14.00000000000000000, -147.0010000000000048 ) ) ;
#5464 = EDGE_CURVE ( 'NONE', #2510, #1966, #3762, .T. ) ;
#5465 = CARTESIAN_POINT ( 'NONE',  ( 41.00000000000000000, 4.000000000000000000, -33.00000000000000711 ) ) ;
#5466 = DIRECTION ( 'NONE',  ( -2.168404344971008868E-16, 0.000000000000000000, -1.000000000000000000 ) ) ;
#5467 = EDGE_LOOP ( 'NONE', ( #8124, #6503, #111, #6666 ) ) ;
#5468 = VECTOR ( 'NONE', #7845, 1000.000000000000000 ) ;
#5469 = LINE ( 'NONE', #840, #5817 ) ;
#5470 = VERTEX_POINT ( 'NONE', #3616 ) ;
#5471 = ORIENTED_EDGE ( 'NONE', *, *, #8162, .F. ) ;
#5472 = DIRECTION ( 'NONE',  ( -0.000000000000000000, 1.000000000000000000, -0.000000000000000000 ) ) ;
#5473 = VERTEX_POINT ( 'NONE', #8917 ) ;
#5474 = DIRECTION ( 'NONE',  ( 0.000000000000000000, 0.000000000000000000, 1.000000000000000000 ) ) ;
#5475 = DIRECTION ( 'NONE',  ( -0.000000000000000000, 1.000000000000000000, -0.000000000000000000 ) ) ;
#5476 = ORIENTED_EDGE ( 'NONE', *, *, #6589, .T. ) ;
#5477 = DIRECTION ( 'NONE',  ( 0.000000000000000000, 0.000000000000000000, 1.000000000000000000 ) ) ;
#5478 = ADVANCED_FACE ( 'NONE', ( #5196 ), #5930, .F. ) ;
#5479 = CARTESIAN_POINT ( 'NONE',  ( 72.00000000000001421, -0.001000000000000132727, -133.9999999999999716 ) ) ;
#5480 = ORIENTED_EDGE ( 'NONE', *, *, #8336, .F. ) ;
#5481 = CARTESIAN_POINT ( 'NONE',  ( 83.00000000000000000, -0.001000000000000132727, -133.9999999999999716 ) ) ;
#5482 = DIRECTION ( 'NONE',  ( 1.000000000000000000, 0.000000000000000000, 0.000000000000000000 ) ) ;
#5483 = CARTESIAN_POINT ( 'NONE',  ( 146.0000000000000284, 4.000000000000000000, -133.9999999999999716 ) ) ;
#5484 = FACE_BOUND ( 'NONE', #9696, .T. ) ;
#5485 = LINE ( 'NONE', #4001, #5085 ) ;
#5486 = ORIENTED_EDGE ( 'NONE', *, *, #5271, .F. ) ;
#5487 = ORIENTED_EDGE ( 'NONE', *, *, #9212, .T. ) ;
#5488 = ORIENTED_EDGE ( 'NONE', *, *, #7734, .T. ) ;
#5489 = ORIENTED_EDGE ( 'NONE', *, *, #6424, .F. ) ;
#5490 = DIRECTION ( 'NONE',  ( -1.000000000000000000, 0.000000000000000000, 0.000000000000000000 ) ) ;
#5491 = LINE ( 'NONE', #3234, #5774 ) ;
#5492 = EDGE_CURVE ( 'NONE', #1101, #39, #2243, .T. ) ;
#5493 = EDGE_LOOP ( 'NONE', ( #1161, #6273, #4465, #7132 ) ) ;
#5494 = VERTEX_POINT ( 'NONE', #1457 ) ;
#5495 = DIRECTION ( 'NONE',  ( 0.000000000000000000, 0.000000000000000000, -1.000000000000000000 ) ) ;
#5496 = PLANE ( 'NONE',  #3034 ) ;
#5497 = EDGE_CURVE ( 'NONE', #5919, #3532, #6625, .T. ) ;
#5498 = ORIENTED_EDGE ( 'NONE', *, *, #7877, .T. ) ;
#5499 = ORIENTED_EDGE ( 'NONE', *, *, #3307, .T. ) ;
#5500 = CARTESIAN_POINT ( 'NONE',  ( 188.0000000000000000, 4.000000000000000000, -133.9999999999999716 ) ) ;
#5501 = VECTOR ( 'NONE', #3789, 1000.000000000000000 ) ;
#5502 = CARTESIAN_POINT ( 'NONE',  ( 77.71999999999999886, 0.000000000000000000, -97.99999999999998579 ) ) ;
#5503 = DIRECTION ( 'NONE',  ( 0.000000000000000000, 0.5150380749100526012, 0.8571673007021132218 ) ) ;
#5504 = LINE ( 'NONE', #6147, #1918 ) ;
#5505 = FACE_OUTER_BOUND ( 'NONE', #1367, .T. ) ;
#5506 = FACE_OUTER_BOUND ( 'NONE', #184, .T. ) ;
#5507 = DIRECTION ( 'NONE',  ( -1.000000000000000000, 0.000000000000000000, -2.312964634635743844E-15 ) ) ;
#5508 = ORIENTED_EDGE ( 'NONE', *, *, #2723, .F. ) ;
#5509 = AXIS2_PLACEMENT_3D ( 'NONE', #6365, #5016, #2715 ) ;
#5510 = CARTESIAN_POINT ( 'NONE',  ( 118.0000000000000000, 4.000000000000000000, -117.9999999999999716 ) ) ;
#5511 = EDGE_CURVE ( 'NONE', #7122, #133, #5976, .T. ) ;
#5512 = EDGE_CURVE ( 'NONE', #2937, #7953, #9609, .T. ) ;
#5513 = EDGE_CURVE ( 'NONE', #7849, #6839, #7453, .T. ) ;
#5514 = VERTEX_POINT ( 'NONE', #2978 ) ;
#5515 = VERTEX_POINT ( 'NONE', #773 ) ;
#5516 = AXIS2_PLACEMENT_3D ( 'NONE', #1032, #7124, #6390 ) ;
#5517 = AXIS2_PLACEMENT_3D ( 'NONE', #8481, #1756, #7754 ) ;
#5518 = AXIS2_PLACEMENT_3D ( 'NONE', #5004, #4214, #1964 ) ;
#5519 = LINE ( 'NONE', #1730, #2213 ) ;
#5520 = DIRECTION ( 'NONE',  ( -0.000000000000000000, -1.000000000000000000, -0.000000000000000000 ) ) ;
#5521 = ORIENTED_EDGE ( 'NONE', *, *, #9381, .F. ) ;
#5522 = DIRECTION ( 'NONE',  ( 0.000000000000000000, 0.000000000000000000, 1.000000000000000000 ) ) ;
#5523 = CARTESIAN_POINT ( 'NONE',  ( 41.00000000000000000, -0.001000000000000132727, -17.00000000000000000 ) ) ;
#5524 = AXIS2_PLACEMENT_3D ( 'NONE', #557, #7426, #8012 ) ;
#5525 = EDGE_LOOP ( 'NONE', ( #3447, #2663, #3530, #4227 ) ) ;
#5526 = FACE_OUTER_BOUND ( 'NONE', #9080, .T. ) ;
#5527 = VECTOR ( 'NONE', #8084, 1000.000000000000000 ) ;
#5528 = DIRECTION ( 'NONE',  ( -0.000000000000000000, -0.000000000000000000, 1.000000000000000000 ) ) ;
#5529 = ORIENTED_EDGE ( 'NONE', *, *, #8567, .F. ) ;
#5530 = ORIENTED_EDGE ( 'NONE', *, *, #6071, .T. ) ;
#5531 = AXIS2_PLACEMENT_3D ( 'NONE', #8135, #726, #9657 ) ;
#5532 = VECTOR ( 'NONE', #5106, 1000.000000000000000 ) ;
#5533 = DIRECTION ( 'NONE',  ( -2.168404344971008868E-16, 0.000000000000000000, -1.000000000000000000 ) ) ;
#5534 = VECTOR ( 'NONE', #6315, 1000.000000000000000 ) ;
#5535 = AXIS2_PLACEMENT_3D ( 'NONE', #1658, #282, #6277 ) ;
#5536 = ADVANCED_FACE ( 'NONE', ( #6766 ), #3715, .T. ) ;
#5537 = LINE ( 'NONE', #1699, #358 ) ;
#5538 = DIRECTION ( 'NONE',  ( -1.000000000000000000, 0.000000000000000000, 0.000000000000000000 ) ) ;
#5539 = LINE ( 'NONE', #1800, #8060 ) ;
#5540 = EDGE_LOOP ( 'NONE', ( #7184, #8743, #4294, #3393 ) ) ;
#5541 = ORIENTED_EDGE ( 'NONE', *, *, #1633, .T. ) ;
#5542 = VECTOR ( 'NONE', #9175, 1000.000000000000000 ) ;
#5543 = EDGE_CURVE ( 'NONE', #84, #8625, #8826, .T. ) ;
#5544 = ORIENTED_EDGE ( 'NONE', *, *, #884, .T. ) ;
#5545 = CIRCLE ( 'NONE', #3640, 1.699999999999993072 ) ;
#5546 = EDGE_CURVE ( 'NONE', #8508, #2553, #5784, .T. ) ;
#5547 = LINE ( 'NONE', #2594, #4744 ) ;
#5548 = CARTESIAN_POINT ( 'NONE',  ( 102.0000000000000142, 8.000000000000001776, -19.30000000000000426 ) ) ;
#5549 = PRESENTATION_STYLE_ASSIGNMENT (( #4009 ) ) ;
#5550 = ORIENTED_EDGE ( 'NONE', *, *, #6648, .F. ) ;
#5551 = VECTOR ( 'NONE', #1138, 1000.000000000000000 ) ;
#5552 = VERTEX_POINT ( 'NONE', #2049 ) ;
#5553 = LINE ( 'NONE', #4948, #3414 ) ;
#5554 = DIRECTION ( 'NONE',  ( -1.000000000000000000, -0.000000000000000000, -0.000000000000000000 ) ) ;
#5555 = ORIENTED_EDGE ( 'NONE', *, *, #8733, .F. ) ;
#5556 = VECTOR ( 'NONE', #3969, 1000.000000000000114 ) ;
#5557 = VERTEX_POINT ( 'NONE', #5052 ) ;
#5558 = DIRECTION ( 'NONE',  ( -2.168404344971008868E-16, -0.000000000000000000, -1.000000000000000000 ) ) ;
#5559 = CARTESIAN_POINT ( 'NONE',  ( 146.0000000000000284, 0.000000000000000000, -133.9999999999999716 ) ) ;
#5560 = CARTESIAN_POINT ( 'NONE',  ( 65.00000000000000000, -0.001000000000000132727, -117.9999999999999858 ) ) ;
#5561 = DIRECTION ( 'NONE',  ( -0.000000000000000000, 1.000000000000000000, -0.000000000000000000 ) ) ;
#5562 = DIRECTION ( 'NONE',  ( 1.000000000000000000, 0.000000000000000000, 0.000000000000000000 ) ) ;
#5563 = PLANE ( 'NONE',  #5361 ) ;
#5564 = CIRCLE ( 'NONE', #2093, 1.750000000000001554 ) ;
#5565 = DIRECTION ( 'NONE',  ( 0.000000000000000000, 0.000000000000000000, 1.000000000000000000 ) ) ;
#5566 = VERTEX_POINT ( 'NONE', #6573 ) ;
#5567 = DIRECTION ( 'NONE',  ( -1.000000000000000000, -0.000000000000000000, -0.000000000000000000 ) ) ;
#5568 = ADVANCED_FACE ( 'NONE', ( #9551 ), #8044, .T. ) ;
#5569 = ORIENTED_EDGE ( 'NONE', *, *, #5189, .F. ) ;
#5570 = AXIS2_PLACEMENT_3D ( 'NONE', #8472, #9248, #7004 ) ;
#5571 = EDGE_LOOP ( 'NONE', ( #6499, #4132, #1410, #7015 ) ) ;
#5572 = VERTEX_POINT ( 'NONE', #2103 ) ;
#5573 = FACE_OUTER_BOUND ( 'NONE', #665, .T. ) ;
#5574 = LINE ( 'NONE', #7821, #7341 ) ;
#5575 = ORIENTED_EDGE ( 'NONE', *, *, #8853, .T. ) ;
#5576 = CARTESIAN_POINT ( 'NONE',  ( 166.9999999999999432, -0.001000000000000132727, -33.00000000000000000 ) ) ;
#5577 = CARTESIAN_POINT ( 'NONE',  ( 202.0000000000000000, 4.000000000000000000, -133.9999999999999716 ) ) ;
#5578 = EDGE_LOOP ( 'NONE', ( #2858, #2249, #7599, #1663 ) ) ;
#5579 = EDGE_CURVE ( 'NONE', #5445, #4803, #8091, .T. ) ;
#5580 = EDGE_CURVE ( 'NONE', #2868, #8646, #629, .T. ) ;
#5581 = FACE_BOUND ( 'NONE', #7611, .T. ) ;
#5582 = DIRECTION ( 'NONE',  ( 0.000000000000000000, 0.000000000000000000, 1.000000000000000000 ) ) ;
#5583 = VERTEX_POINT ( 'NONE', #1405 ) ;
#5584 = DIRECTION ( 'NONE',  ( -0.000000000000000000, 1.000000000000000000, -0.000000000000000000 ) ) ;
#5585 = EDGE_CURVE ( 'NONE', #5174, #7489, #4399, .T. ) ;
#5586 = CARTESIAN_POINT ( 'NONE',  ( 90.00000000000000000, 4.000000000000000000, -133.9999999999999716 ) ) ;
#5587 = ORIENTED_EDGE ( 'NONE', *, *, #7614, .F. ) ;
#5588 = DIRECTION ( 'NONE',  ( -0.000000000000000000, 1.000000000000000000, -0.000000000000000000 ) ) ;
#5589 = LINE ( 'NONE', #7837, #7281 ) ;
#5590 = ORIENTED_EDGE ( 'NONE', *, *, #1172, .F. ) ;
#5591 = EDGE_CURVE ( 'NONE', #2126, #3562, #6675, .T. ) ;
#5592 = EDGE_CURVE ( 'NONE', #628, #9013, #4762, .T. ) ;
#5593 = EDGE_LOOP ( 'NONE', ( #397, #7822, #5620, #7009 ) ) ;
#5594 = CARTESIAN_POINT ( 'NONE',  ( 209.0000000000000000, 0.000000000000000000, -117.9999999999999716 ) ) ;
#5595 = CARTESIAN_POINT ( 'NONE',  ( 177.0000000000000000, 4.000000000000000000, -133.9999999999999716 ) ) ;
#5596 = ORIENTED_EDGE ( 'NONE', *, *, #2129, .T. ) ;
#5597 = ORIENTED_EDGE ( 'NONE', *, *, #4731, .T. ) ;
#5598 = FACE_OUTER_BOUND ( 'NONE', #6357, .T. ) ;
#5599 = VECTOR ( 'NONE', #2896, 1000.000000000000000 ) ;
#5600 = CARTESIAN_POINT ( 'NONE',  ( 210.9999999999999716, 11.00000000000003020, -106.9999999999999858 ) ) ;
#5601 = EDGE_CURVE ( 'NONE', #1242, #7626, #9169, .T. ) ;
#5602 = ORIENTED_EDGE ( 'NONE', *, *, #3717, .T. ) ;
#5603 = ORIENTED_EDGE ( 'NONE', *, *, #1147, .F. ) ;
#5604 = CARTESIAN_POINT ( 'NONE',  ( 163.0000000000000000, -0.001000000000000132727, -133.9999999999999716 ) ) ;
#5605 = DIRECTION ( 'NONE',  ( -2.168404344971008868E-16, 0.000000000000000000, -1.000000000000000000 ) ) ;
#5606 = LINE ( 'NONE', #4819, #3825 ) ;
#5607 = LINE ( 'NONE', #7904, #7851 ) ;
#5608 = DIRECTION ( 'NONE',  ( 2.312964634635743844E-15, 0.000000000000000000, -1.000000000000000000 ) ) ;
#5609 = FACE_OUTER_BOUND ( 'NONE', #7064, .T. ) ;
#5610 = AXIS2_PLACEMENT_3D ( 'NONE', #8595, #1866, #7266 ) ;
#5611 = DIRECTION ( 'NONE',  ( 1.000000000000000000, 0.000000000000000000, -0.000000000000000000 ) ) ;
#5612 = ORIENTED_EDGE ( 'NONE', *, *, #8569, .F. ) ;
#5613 = FACE_OUTER_BOUND ( 'NONE', #5571, .T. ) ;
#5614 = VERTEX_POINT ( 'NONE', #8280 ) ;
#5615 = EDGE_LOOP ( 'NONE', ( #7682, #1061 ) ) ;
#5616 = ORIENTED_EDGE ( 'NONE', *, *, #1621, .F. ) ;
#5617 = ORIENTED_EDGE ( 'NONE', *, *, #6906, .F. ) ;
#5618 = DIRECTION ( 'NONE',  ( 0.000000000000000000, 0.000000000000000000, 1.000000000000000000 ) ) ;
#5619 = CARTESIAN_POINT ( 'NONE',  ( 162.9999999999999432, 4.000000000000000000, -17.00000000000000000 ) ) ;
#5620 = ORIENTED_EDGE ( 'NONE', *, *, #8064, .F. ) ;
#5621 = CARTESIAN_POINT ( 'NONE',  ( 165.7499999999999716, 18.00000000000000355, -108.9999999999999858 ) ) ;
#5622 = EDGE_CURVE ( 'NONE', #4765, #2510, #9516, .T. ) ;
#5623 = CARTESIAN_POINT ( 'NONE',  ( 153.0000000000000000, -0.001000000000000132727, -117.9999999999999716 ) ) ;
#5624 = ORIENTED_EDGE ( 'NONE', *, *, #3752, .T. ) ;
#5625 = FACE_BOUND ( 'NONE', #1200, .T. ) ;
#5626 = LINE ( 'NONE', #1142, #8935 ) ;
#5627 = ORIENTED_EDGE ( 'NONE', *, *, #1655, .F. ) ;
#5628 = EDGE_CURVE ( 'NONE', #5270, #4321, #7016, .T. ) ;
#5629 = FACE_OUTER_BOUND ( 'NONE', #8957, .T. ) ;
#5630 = DIRECTION ( 'NONE',  ( -2.168404344971008868E-16, -0.000000000000000000, -1.000000000000000000 ) ) ;
#5631 = ORIENTED_EDGE ( 'NONE', *, *, #5136, .F. ) ;
#5632 = LINE ( 'NONE', #2024, #5339 ) ;
#5633 = DIRECTION ( 'NONE',  ( 0.000000000000000000, 0.000000000000000000, -1.000000000000000000 ) ) ;
#5634 = ORIENTED_EDGE ( 'NONE', *, *, #9559, .T. ) ;
#5635 = CARTESIAN_POINT ( 'NONE',  ( 62.00000000000000711, 4.000000000000000000, -17.00000000000000000 ) ) ;
#5636 = EDGE_CURVE ( 'NONE', #699, #18, #9012, .T. ) ;
#5637 = EDGE_CURVE ( 'NONE', #141, #1461, #140, .T. ) ;
#5638 = CARTESIAN_POINT ( 'NONE',  ( 149.0000000000000000, 0.000000000000000000, -133.9999999999999716 ) ) ;
#5639 = DIRECTION ( 'NONE',  ( -1.000000000000000000, 0.000000000000000000, 0.000000000000000000 ) ) ;
#5640 = CARTESIAN_POINT ( 'NONE',  ( 184.0000000000000000, 0.000000000000000000, -117.9999999999999858 ) ) ;
#5641 = ORIENTED_EDGE ( 'NONE', *, *, #1845, .F. ) ;
#5642 = CARTESIAN_POINT ( 'NONE',  ( 132.0000000000000000, -0.001000000000000132727, -133.9999999999999716 ) ) ;
#5643 = ORIENTED_EDGE ( 'NONE', *, *, #8098, .F. ) ;
#5644 = ORIENTED_EDGE ( 'NONE', *, *, #144, .T. ) ;
#5645 = PLANE ( 'NONE',  #8816 ) ;
#5646 = CARTESIAN_POINT ( 'NONE',  ( 195.0000000000000000, 4.000000000000000000, -133.9999999999999716 ) ) ;
#5647 = FACE_BOUND ( 'NONE', #8051, .T. ) ;
#5648 = LINE ( 'NONE', #4168, #1735 ) ;
#5649 = EDGE_CURVE ( 'NONE', #7776, #3208, #8815, .T. ) ;
#5650 = CARTESIAN_POINT ( 'NONE',  ( 77.71999999999999886, 6.000000000000000000, -97.99999999999998579 ) ) ;
#5651 = DIRECTION ( 'NONE',  ( 0.000000000000000000, 0.000000000000000000, -1.000000000000000000 ) ) ;
#5652 = CARTESIAN_POINT ( 'NONE',  ( 20.00000000000000000, 4.000000000000000000, -108.9999999999999858 ) ) ;
#5653 = ORIENTED_EDGE ( 'NONE', *, *, #7174, .T. ) ;
#5654 = CARTESIAN_POINT ( 'NONE',  ( 118.0000000000000000, 4.000000000000000000, -117.9999999999999716 ) ) ;
#5655 = EDGE_CURVE ( 'NONE', #4453, #8676, #5453, .T. ) ;
#5656 = ORIENTED_EDGE ( 'NONE', *, *, #2378, .F. ) ;
#5657 = ORIENTED_EDGE ( 'NONE', *, *, #327, .F. ) ;
#5658 = LINE ( 'NONE', #4923, #1194 ) ;
#5659 = CARTESIAN_POINT ( 'NONE',  ( 170.0000000000000000, 0.000000000000000000, -117.9999999999999858 ) ) ;
#5660 = CARTESIAN_POINT ( 'NONE',  ( 132.0000000000000000, 4.000000000000000000, -133.9999999999999716 ) ) ;
#5661 = AXIS2_PLACEMENT_3D ( 'NONE', #3638, #4, #4468 ) ;
#5662 = DIRECTION ( 'NONE',  ( 0.000000000000000000, 0.000000000000000000, 1.000000000000000000 ) ) ;
#5663 = LINE ( 'NONE', #5012, #3966 ) ;
#5664 = ORIENTED_EDGE ( 'NONE', *, *, #3080, .T. ) ;
#5665 = FACE_BOUND ( 'NONE', #2569, .T. ) ;
#5666 = DIRECTION ( 'NONE',  ( 0.000000000000000000, 0.000000000000000000, 1.000000000000000000 ) ) ;
#5667 = AXIS2_PLACEMENT_3D ( 'NONE', #8550, #1863, #3248 ) ;
#5668 = AXIS2_PLACEMENT_3D ( 'NONE', #5447, #3277, #8434 ) ;
#5669 = ORIENTED_EDGE ( 'NONE', *, *, #2533, .F. ) ;
#5670 = LINE ( 'NONE', #6453, #5061 ) ;
#5671 = CARTESIAN_POINT ( 'NONE',  ( 111.4999999999999432, 4.000000000000000000, -23.00000000000000000 ) ) ;
#5672 = VECTOR ( 'NONE', #6480, 1000.000000000000000 ) ;
#5673 = AXIS2_PLACEMENT_3D ( 'NONE', #7995, #1126, #7129 ) ;
#5674 = CARTESIAN_POINT ( 'NONE',  ( 102.0000000000000142, 2.000000000000000000, -35.00000000000000000 ) ) ;
#5675 = VERTEX_POINT ( 'NONE', #3866 ) ;
#5676 = FACE_OUTER_BOUND ( 'NONE', #7517, .T. ) ;
#5677 = AXIS2_PLACEMENT_3D ( 'NONE', #167, #5377, #8368 ) ;
#5678 = AXIS2_PLACEMENT_3D ( 'NONE', #2211, #5367, #1477 ) ;
#5679 = AXIS2_PLACEMENT_3D ( 'NONE', #9491, #4158, #432 ) ;
#5680 = ORIENTED_EDGE ( 'NONE', *, *, #9082, .F. ) ;
#5681 = PLANE ( 'NONE',  #814 ) ;
#5682 = AXIS2_PLACEMENT_3D ( 'NONE', #5350, #6680, #8973 ) ;
#5683 = CARTESIAN_POINT ( 'NONE',  ( 27.00000000000000000, 0.000000000000000000, -133.9999999999999716 ) ) ;
#5684 = ORIENTED_EDGE ( 'NONE', *, *, #1173, .F. ) ;
#5685 = EDGE_CURVE ( 'NONE', #9520, #3191, #4341, .T. ) ;
#5686 = PLANE ( 'NONE',  #6947 ) ;
#5687 = EDGE_CURVE ( 'NONE', #3532, #8801, #8485, .T. ) ;
#5688 = EDGE_CURVE ( 'NONE', #756, #8950, #3968, .T. ) ;
#5689 = VECTOR ( 'NONE', #1839, 1000.000000000000000 ) ;
#5690 = VECTOR ( 'NONE', #3413, 1000.000000000000000 ) ;
#5691 = EDGE_LOOP ( 'NONE', ( #6220, #6195, #3132, #6742 ) ) ;
#5692 = ORIENTED_EDGE ( 'NONE', *, *, #4892, .F. ) ;
#5693 = CARTESIAN_POINT ( 'NONE',  ( 102.0000000000000142, 8.000000000000000000, -19.30000000000000426 ) ) ;
#5694 = DIRECTION ( 'NONE',  ( -0.000000000000000000, 1.000000000000000000, -0.000000000000000000 ) ) ;
#5695 = LINE ( 'NONE', #400, #4043 ) ;
#5696 = ADVANCED_FACE ( 'NONE', ( #5293 ), #5402, .F. ) ;
#5697 = DIRECTION ( 'NONE',  ( 0.000000000000000000, 0.000000000000000000, 1.000000000000000000 ) ) ;
#5698 = FACE_OUTER_BOUND ( 'NONE', #8394, .T. ) ;
#5699 = CARTESIAN_POINT ( 'NONE',  ( 215.9999999999999716, 29.00000000000000000, -44.00000000000000711 ) ) ;
#5700 = CARTESIAN_POINT ( 'NONE',  ( 211.9999999999999716, 0.000000000000000000, -17.00000000000000000 ) ) ;
#5701 = EDGE_LOOP ( 'NONE', ( #6950, #8602, #6865, #3632, #2308, #4172, #9183, #9091 ) ) ;
#5702 = CARTESIAN_POINT ( 'NONE',  ( 135.7199999999999704, 6.000000000000001776, -47.24999999999999289 ) ) ;
#5703 = CIRCLE ( 'NONE', #7894, 1.699999999999993072 ) ;
#5704 = VERTEX_POINT ( 'NONE', #6134 ) ;
#5705 = ORIENTED_EDGE ( 'NONE', *, *, #7131, .F. ) ;
#5706 = PLANE ( 'NONE',  #3429 ) ;
#5707 = PLANE ( 'NONE',  #6317 ) ;
#5708 = DIRECTION ( 'NONE',  ( -0.000000000000000000, 1.000000000000000000, -0.000000000000000000 ) ) ;
#5709 = VECTOR ( 'NONE', #4209, 1000.000000000000000 ) ;
#5710 = LINE ( 'NONE', #8741, #6420 ) ;
#5711 = DIRECTION ( 'NONE',  ( -0.000000000000000000, 1.000000000000000000, -0.000000000000000000 ) ) ;
#5712 = ORIENTED_EDGE ( 'NONE', *, *, #7847, .T. ) ;
#5713 = DIRECTION ( 'NONE',  ( 1.049727191138617586E-16, 0.5150380749100555988, -0.8571673007021114454 ) ) ;
#5714 = CARTESIAN_POINT ( 'NONE',  ( 20.00000000000000000, 29.00000000000000000, -108.9999999999999858 ) ) ;
#5715 = AXIS2_PLACEMENT_3D ( 'NONE', #9645, #9689, #6752 ) ;
#5716 = ADVANCED_FACE ( 'NONE', ( #3139 ), #4546, .F. ) ;
#5717 = EDGE_CURVE ( 'NONE', #1947, #7670, #8739, .T. ) ;
#5718 = ORIENTED_EDGE ( 'NONE', *, *, #5904, .T. ) ;
#5719 = DIRECTION ( 'NONE',  ( -0.000000000000000000, 1.000000000000000000, -0.000000000000000000 ) ) ;
#5720 = CARTESIAN_POINT ( 'NONE',  ( 166.9999999999999432, -0.001000000000000132727, -33.00000000000000000 ) ) ;
#5721 = LINE ( 'NONE', #1285, #8994 ) ;
#5722 = ORIENTED_EDGE ( 'NONE', *, *, #9170, .T. ) ;
#5723 = DIRECTION ( 'NONE',  ( -0.000000000000000000, 1.000000000000000000, -0.000000000000000000 ) ) ;
#5724 = VERTEX_POINT ( 'NONE', #9216 ) ;
#5725 = CARTESIAN_POINT ( 'NONE',  ( 51.00000000000000711, -0.001000000000000132727, -33.00000000000000000 ) ) ;
#5726 = LINE ( 'NONE', #7251, #8543 ) ;
#5727 = VERTEX_POINT ( 'NONE', #2495 ) ;
#5728 = EDGE_CURVE ( 'NONE', #895, #645, #4012, .T. ) ;
#5729 = LINE ( 'NONE', #8719, #3182 ) ;
#5730 = ORIENTED_EDGE ( 'NONE', *, *, #7443, .T. ) ;
#5731 = ORIENTED_EDGE ( 'NONE', *, *, #1071, .T. ) ;
#5732 = FACE_OUTER_BOUND ( 'NONE', #7655, .T. ) ;
#5733 = EDGE_CURVE ( 'NONE', #4353, #9665, #4651, .T. ) ;
#5734 = CARTESIAN_POINT ( 'NONE',  ( 83.00000000000000000, 0.000000000000000000, -133.9999999999999716 ) ) ;
#5735 = DIRECTION ( 'NONE',  ( 1.000000000000000000, 0.000000000000000000, -4.625929269271487689E-15 ) ) ;
#5736 = CARTESIAN_POINT ( 'NONE',  ( 214.9999999999999716, 21.00000000000000000, -45.00000000000000000 ) ) ;
#5737 = CARTESIAN_POINT ( 'NONE',  ( 214.9999999999999716, 29.00000000000000000, -109.6999999999999744 ) ) ;
#5738 = CARTESIAN_POINT ( 'NONE',  ( 194.9999999999999432, -0.001000000000000132727, -33.00000000000000000 ) ) ;
#5739 = DIRECTION ( 'NONE',  ( 1.000000000000000000, 0.000000000000000000, -2.168404344971008868E-16 ) ) ;
#5740 = ORIENTED_EDGE ( 'NONE', *, *, #512, .T. ) ;
#5741 = CYLINDRICAL_SURFACE ( 'NONE', #2052, 1.699999999999993072 ) ;
#5742 = ADVANCED_FACE ( 'NONE', ( #1665 ), #7657, .T. ) ;
#5743 = VECTOR ( 'NONE', #6294, 1000.000000000000000 ) ;
#5744 = ORIENTED_EDGE ( 'NONE', *, *, #6785, .T. ) ;
#5745 = EDGE_LOOP ( 'NONE', ( #7551, #6256 ) ) ;
#5746 = ORIENTED_EDGE ( 'NONE', *, *, #7007, .F. ) ;
#5747 = EDGE_CURVE ( 'NONE', #6870, #4358, #5553, .T. ) ;
#5748 = CARTESIAN_POINT ( 'NONE',  ( 214.9999999999999716, 21.00000000000000000, -106.2999999999999829 ) ) ;
#5749 = LINE ( 'NONE', #9515, #4503 ) ;
#5750 = VECTOR ( 'NONE', #5941, 1000.000000000000000 ) ;
#5751 = LINE ( 'NONE', #1180, #2334 ) ;
#5752 = DIRECTION ( 'NONE',  ( 0.000000000000000000, 0.000000000000000000, 1.000000000000000000 ) ) ;
#5753 = VERTEX_POINT ( 'NONE', #9260 ) ;
#5754 = DIRECTION ( 'NONE',  ( -1.000000000000000000, 0.000000000000000000, 0.000000000000000000 ) ) ;
#5755 = CARTESIAN_POINT ( 'NONE',  ( 20.00000000000000000, 29.00000000000000000, -41.00000000000000000 ) ) ;
#5756 = VERTEX_POINT ( 'NONE', #7937 ) ;
#5757 = CARTESIAN_POINT ( 'NONE',  ( 215.9999999999999716, 9.000000000000001776, -108.9999999999999858 ) ) ;
#5758 = EDGE_CURVE ( 'NONE', #8613, #727, #8892, .T. ) ;
#5759 = LINE ( 'NONE', #7056, #4243 ) ;
#5760 = DIRECTION ( 'NONE',  ( 0.000000000000000000, 0.000000000000000000, -1.000000000000000000 ) ) ;
#5761 = DIRECTION ( 'NONE',  ( -0.000000000000000000, 1.000000000000000000, -0.000000000000000000 ) ) ;
#5762 = EDGE_CURVE ( 'NONE', #6610, #5445, #7801, .T. ) ;
#5763 = ORIENTED_EDGE ( 'NONE', *, *, #1655, .T. ) ;
#5764 = EDGE_LOOP ( 'NONE', ( #1922, #7884, #948, #7813 ) ) ;
#5765 = CARTESIAN_POINT ( 'NONE',  ( 181.0000000000000000, 0.000000000000000000, -133.9999999999999716 ) ) ;
#5766 = AXIS2_PLACEMENT_3D ( 'NONE', #4702, #2290, #90 ) ;
#5767 = LINE ( 'NONE', #9041, #667 ) ;
#5768 = VECTOR ( 'NONE', #3678, 1000.000000000000000 ) ;
#5769 = EDGE_LOOP ( 'NONE', ( #5105, #9249, #4789, #9258 ) ) ;
#5770 = CARTESIAN_POINT ( 'NONE',  ( 111.4999999999999432, 8.000000000000000000, 0.000000000000000000 ) ) ;
#5771 = DIRECTION ( 'NONE',  ( -0.000000000000000000, -1.000000000000000000, -0.000000000000000000 ) ) ;
#5772 = EDGE_LOOP ( 'NONE', ( #6836, #8422, #139, #8679 ) ) ;
#5773 = LINE ( 'NONE', #4771, #3486 ) ;
#5774 = VECTOR ( 'NONE', #9483, 1000.000000000000000 ) ;
#5775 = VERTEX_POINT ( 'NONE', #8540 ) ;
#5776 = EDGE_CURVE ( 'NONE', #328, #1510, #3422, .T. ) ;
#5777 = EDGE_LOOP ( 'NONE', ( #6078, #8262 ) ) ;
#5778 = DIRECTION ( 'NONE',  ( 0.000000000000000000, 0.000000000000000000, 1.000000000000000000 ) ) ;
#5779 = CARTESIAN_POINT ( 'NONE',  ( 111.4999999999999432, 4.000000000000000000, -23.00000000000000000 ) ) ;
#5780 = LINE ( 'NONE', #7208, #1160 ) ;
#5781 = FACE_BOUND ( 'NONE', #4833, .T. ) ;
#5782 = DIRECTION ( 'NONE',  ( 1.000000000000000000, 0.000000000000000000, -2.168404344971008868E-16 ) ) ;
#5783 = DIRECTION ( 'NONE',  ( 0.000000000000000000, -1.000000000000000000, 0.000000000000000000 ) ) ;
#5784 = LINE ( 'NONE', #5835, #1058 ) ;
#5785 = VERTEX_POINT ( 'NONE', #8677 ) ;
#5786 = CARTESIAN_POINT ( 'NONE',  ( 62.00000000000000711, -0.001000000000000132727, -117.9999999999999716 ) ) ;
#5787 = EDGE_CURVE ( 'NONE', #1005, #7817, #4201, .T. ) ;
#5788 = ORIENTED_EDGE ( 'NONE', *, *, #3229, .T. ) ;
#5789 = VERTEX_POINT ( 'NONE', #2682 ) ;
#5790 = DIRECTION ( 'NONE',  ( -1.000000000000000000, 0.000000000000000000, -0.000000000000000000 ) ) ;
#5792 = EDGE_CURVE ( 'NONE', #7344, #2402, #4248, .T. ) ;
#5791 = PLANE ( 'NONE',  #4042 ) ;
#5793 = FACE_OUTER_BOUND ( 'NONE', #793, .T. ) ;
#5794 = CARTESIAN_POINT ( 'NONE',  ( 236.9999999999999716, 2.000000000000000000, -145.0000000000000000 ) ) ;
#5795 = DIRECTION ( 'NONE',  ( -0.000000000000000000, -1.000000000000000000, -0.000000000000000000 ) ) ;
#5796 = ORIENTED_EDGE ( 'NONE', *, *, #4228, .T. ) ;
#5797 = ADVANCED_FACE ( 'NONE', ( #8584 ), #7160, .T. ) ;
#5798 = FACE_BOUND ( 'NONE', #9383, .T. ) ;
#5799 = EDGE_CURVE ( 'NONE', #4353, #9317, #6423, .T. ) ;
#5800 = ADVANCED_FACE ( 'NONE', ( #289 ), #5686, .T. ) ;
#5801 = DIRECTION ( 'NONE',  ( 0.000000000000000000, -1.000000000000000000, 0.000000000000000000 ) ) ;
#5802 = VERTEX_POINT ( 'NONE', #4111 ) ;
#5803 = DIRECTION ( 'NONE',  ( 1.000000000000000000, 0.000000000000000000, -0.000000000000000000 ) ) ;
#5804 = VECTOR ( 'NONE', #9301, 1000.000000000000000 ) ;
#5805 = CARTESIAN_POINT ( 'NONE',  ( 197.9999999999999432, -0.001000000000000132727, -17.00000000000000000 ) ) ;
#5806 = CARTESIAN_POINT ( 'NONE',  ( 181.0000000000000000, 4.000000000000000000, -117.9999999999999716 ) ) ;
#5807 = CARTESIAN_POINT ( 'NONE',  ( 213.9999999999999716, 13.99999999999997691, -49.00000000000000711 ) ) ;
#5808 = ORIENTED_EDGE ( 'NONE', *, *, #4187, .F. ) ;
#5809 = ORIENTED_EDGE ( 'NONE', *, *, #8080, .F. ) ;
#5810 = CARTESIAN_POINT ( 'NONE',  ( 159.9999999999999432, 0.000000000000000000, -33.00000000000000000 ) ) ;
#5811 = AXIS2_PLACEMENT_3D ( 'NONE', #3679, #8926, #9348 ) ;
#5812 = VECTOR ( 'NONE', #906, 1000.000000000000114 ) ;
#5813 = DIRECTION ( 'NONE',  ( 2.312964634635743844E-15, 0.000000000000000000, -1.000000000000000000 ) ) ;
#5814 = ADVANCED_FACE ( 'NONE', ( #3468 ), #3282, .F. ) ;
#5815 = DIRECTION ( 'NONE',  ( -1.000000000000000000, 0.000000000000000000, 0.000000000000000000 ) ) ;
#5816 = AXIS2_PLACEMENT_3D ( 'NONE', #1306, #4305, #441 ) ;
#5817 = VECTOR ( 'NONE', #105, 1000.000000000000000 ) ;
#5818 = DIRECTION ( 'NONE',  ( -2.168404344971008868E-16, 0.000000000000000000, -1.000000000000000000 ) ) ;
#5819 = DIRECTION ( 'NONE',  ( 1.000000000000000000, 0.000000000000000000, -2.168404344971008868E-16 ) ) ;
#5820 = ORIENTED_EDGE ( 'NONE', *, *, #2221, .F. ) ;
#5821 = CIRCLE ( 'NONE', #1758, 1.749999999999998002 ) ;
#5822 = VECTOR ( 'NONE', #5233, 1000.000000000000000 ) ;
#5823 = EDGE_CURVE ( 'NONE', #1215, #7082, #435, .T. ) ;
#5824 = ORIENTED_EDGE ( 'NONE', *, *, #1292, .F. ) ;
#5825 = ORIENTED_EDGE ( 'NONE', *, *, #1245, .F. ) ;
#5826 = CARTESIAN_POINT ( 'NONE',  ( 7.669999999999999929, 2.000000000000000000, -139.9999999999999716 ) ) ;
#5827 = AXIS2_PLACEMENT_3D ( 'NONE', #2035, #8032, #8763 ) ;
#5828 = CARTESIAN_POINT ( 'NONE',  ( 104.0000000000000000, 4.000000000000000000, -117.9999999999999716 ) ) ;
#5829 = CARTESIAN_POINT ( 'NONE',  ( 104.0000000000000000, -0.001000000000000132727, -117.9999999999999716 ) ) ;
#5830 = AXIS2_PLACEMENT_3D ( 'NONE', #7758, #8542, #564 ) ;
#5831 = VECTOR ( 'NONE', #2437, 1000.000000000000000 ) ;
#5832 = FACE_BOUND ( 'NONE', #3137, .T. ) ;
#5833 = CARTESIAN_POINT ( 'NONE',  ( 184.0000000000000000, 4.000000000000000000, -133.9999999999999716 ) ) ;
#5834 = LINE ( 'NONE', #1403, #4405 ) ;
#5835 = CARTESIAN_POINT ( 'NONE',  ( 20.00000000000000000, 29.00000000000000000, -111.9999999999999858 ) ) ;
#5836 = ORIENTED_EDGE ( 'NONE', *, *, #6339, .F. ) ;
#5837 = DIRECTION ( 'NONE',  ( -0.000000000000000000, 1.000000000000000000, -0.000000000000000000 ) ) ;
#5838 = VECTOR ( 'NONE', #5879, 1000.000000000000000 ) ;
#5839 = VECTOR ( 'NONE', #4999, 1000.000000000000000 ) ;
#5840 = ORIENTED_EDGE ( 'NONE', *, *, #4974, .F. ) ;
#5841 = VERTEX_POINT ( 'NONE', #2599 ) ;
#5842 = ORIENTED_EDGE ( 'NONE', *, *, #656, .T. ) ;
#5843 = FACE_OUTER_BOUND ( 'NONE', #213, .T. ) ;
#5844 = CARTESIAN_POINT ( 'NONE',  ( 225.7699999999999818, 0.000000000000000000, -8.750000000000000000 ) ) ;
#5845 = LINE ( 'NONE', #696, #6924 ) ;
#5846 = DIRECTION ( 'NONE',  ( 1.000000000000000000, 0.000000000000000000, -2.168404344971008868E-16 ) ) ;
#5847 = LINE ( 'NONE', #8980, #1048 ) ;
#5848 = EDGE_LOOP ( 'NONE', ( #2746, #7078, #7369, #164 ) ) ;
#5849 = VECTOR ( 'NONE', #902, 1000.000000000000000 ) ;
#5850 = EDGE_CURVE ( 'NONE', #7803, #1517, #4993, .T. ) ;
#5851 = FACE_BOUND ( 'NONE', #5100, .T. ) ;
#5852 = DIRECTION ( 'NONE',  ( -2.168404344971008868E-16, -0.000000000000000000, -1.000000000000000000 ) ) ;
#5853 = VERTEX_POINT ( 'NONE', #6380 ) ;
#5854 = DIRECTION ( 'NONE',  ( -0.000000000000000000, 1.000000000000000000, -0.000000000000000000 ) ) ;
#5855 = EDGE_CURVE ( 'NONE', #7972, #2553, #5729, .T. ) ;
#5856 = EDGE_CURVE ( 'NONE', #8800, #7282, #7982, .T. ) ;
#5857 = CARTESIAN_POINT ( 'NONE',  ( 24.00000000000000000, 21.00000000000000000, -43.30000000000000426 ) ) ;
#5858 = FACE_OUTER_BOUND ( 'NONE', #1696, .T. ) ;
#5859 = LINE ( 'NONE', #9580, #2430 ) ;
#5860 = EDGE_LOOP ( 'NONE', ( #8568, #7287, #7791, #7476 ) ) ;
#5861 = EDGE_LOOP ( 'NONE', ( #1916, #7472, #6102, #1535 ) ) ;
#5862 = VECTOR ( 'NONE', #7158, 1000.000000000000000 ) ;
#5863 = DIRECTION ( 'NONE',  ( 0.000000000000000000, 0.000000000000000000, -1.000000000000000000 ) ) ;
#5864 = PLANE ( 'NONE',  #3635 ) ;
#5865 = ORIENTED_EDGE ( 'NONE', *, *, #7696, .F. ) ;
#5866 = ADVANCED_FACE ( 'NONE', ( #5598 ), #2640, .F. ) ;
#5867 = VECTOR ( 'NONE', #1492, 1000.000000000000000 ) ;
#5868 = FACE_OUTER_BOUND ( 'NONE', #7435, .T. ) ;
#5869 = VECTOR ( 'NONE', #8240, 1000.000000000000000 ) ;
#5870 = DIRECTION ( 'NONE',  ( 0.000000000000000000, 0.000000000000000000, 1.000000000000000000 ) ) ;
#5871 = CARTESIAN_POINT ( 'NONE',  ( 170.0000000000000000, 0.000000000000000000, -133.9999999999999716 ) ) ;
#5872 = ORIENTED_EDGE ( 'NONE', *, *, #315, .T. ) ;
#5873 = ORIENTED_EDGE ( 'NONE', *, *, #3131, .F. ) ;
#5874 = AXIS2_PLACEMENT_3D ( 'NONE', #483, #3476, #6481 ) ;
#5875 = EDGE_CURVE ( 'NONE', #84, #7536, #4902, .T. ) ;
#5876 = EDGE_CURVE ( 'NONE', #3043, #5583, #6327, .T. ) ;
#5877 = ORIENTED_EDGE ( 'NONE', *, *, #3346, .T. ) ;
#5878 = ORIENTED_EDGE ( 'NONE', *, *, #6047, .F. ) ;
#5879 = DIRECTION ( 'NONE',  ( -0.000000000000000000, 1.000000000000000000, -0.000000000000000000 ) ) ;
#5880 = CARTESIAN_POINT ( 'NONE',  ( 44.00000000000000711, -0.001000000000000132727, -17.00000000000000000 ) ) ;
#5881 = CARTESIAN_POINT ( 'NONE',  ( 139.0000000000000000, 0.000000000000000000, -133.9999999999999716 ) ) ;
#5882 = LINE ( 'NONE', #8132, #9251 ) ;
#5883 = CARTESIAN_POINT ( 'NONE',  ( 102.0000000000000142, 2.000000000000000000, -35.00000000000000000 ) ) ;
#5884 = DIRECTION ( 'NONE',  ( -1.000000000000000000, 0.000000000000000000, 0.000000000000000000 ) ) ;
#5885 = ORIENTED_EDGE ( 'NONE', *, *, #656, .F. ) ;
#5886 = DIRECTION ( 'NONE',  ( 2.168404344971007882E-16, 0.000000000000000000, 1.000000000000000000 ) ) ;
#5887 = ORIENTED_EDGE ( 'NONE', *, *, #2222, .T. ) ;
#5888 = EDGE_CURVE ( 'NONE', #9157, #5451, #9495, .T. ) ;
#5889 = LINE ( 'NONE', #4403, #6488 ) ;
#5890 = ORIENTED_EDGE ( 'NONE', *, *, #5109, .T. ) ;
#5891 = ORIENTED_EDGE ( 'NONE', *, *, #4751, .T. ) ;
#5892 = LINE ( 'NONE', #2197, #5994 ) ;
#5893 = PLANE ( 'NONE',  #4406 ) ;
#5894 = DIRECTION ( 'NONE',  ( 0.000000000000000000, 0.000000000000000000, -1.000000000000000000 ) ) ;
#5895 = CARTESIAN_POINT ( 'NONE',  ( 97.00000000000000000, 0.000000000000000000, -133.9999999999999716 ) ) ;
#5896 = DIRECTION ( 'NONE',  ( 0.000000000000000000, 1.000000000000000000, 0.000000000000000000 ) ) ;
#5897 = DIRECTION ( 'NONE',  ( 0.000000000000000000, 0.000000000000000000, 1.000000000000000000 ) ) ;
#5898 = ORIENTED_EDGE ( 'NONE', *, *, #2912, .F. ) ;
#5899 = LINE ( 'NONE', #2068, #1901 ) ;
#5900 = AXIS2_PLACEMENT_3D ( 'NONE', #9620, #2160, #2992 ) ;
#5901 = CARTESIAN_POINT ( 'NONE',  ( 204.9999999999999716, -0.001000000000000132727, -33.00000000000000000 ) ) ;
#5902 = ORIENTED_EDGE ( 'NONE', *, *, #5278, .T. ) ;
#5903 = PLANE ( 'NONE',  #5970 ) ;
#5904 = EDGE_CURVE ( 'NONE', #6259, #3253, #528, .T. ) ;
#5905 = CARTESIAN_POINT ( 'NONE',  ( 34.00000000000000000, -0.001000000000000132727, -17.00000000000000000 ) ) ;
#5906 = VECTOR ( 'NONE', #4135, 1000.000000000000000 ) ;
#5907 = CARTESIAN_POINT ( 'NONE',  ( 118.0000000000000000, 0.000000000000000000, -133.9999999999999716 ) ) ;
#5908 = FACE_OUTER_BOUND ( 'NONE', #5221, .T. ) ;
#5909 = EDGE_LOOP ( 'NONE', ( #6587, #4776, #2262 ) ) ;
#5910 = DIRECTION ( 'NONE',  ( -0.000000000000000000, -1.000000000000000000, -0.000000000000000000 ) ) ;
#5911 = AXIS2_PLACEMENT_3D ( 'NONE', #3483, #404, #6485 ) ;
#5912 = LINE ( 'NONE', #4526, #8954 ) ;
#5913 = EDGE_CURVE ( 'NONE', #1871, #1911, #5773, .T. ) ;
#5914 = VERTEX_POINT ( 'NONE', #5413 ) ;
#5915 = FACE_BOUND ( 'NONE', #6737, .T. ) ;
#5916 = DIRECTION ( 'NONE',  ( 1.000000000000000000, 0.000000000000000000, -4.625929269271487689E-15 ) ) ;
#5917 = DIRECTION ( 'NONE',  ( 2.168404344971008128E-16, 0.000000000000000000, 1.000000000000000000 ) ) ;
#5918 = EDGE_LOOP ( 'NONE', ( #6902, #4085, #9037, #383 ) ) ;
#5919 = VERTEX_POINT ( 'NONE', #4615 ) ;
#5920 = EDGE_CURVE ( 'NONE', #5389, #895, #3050, .T. ) ;
#5921 = ADVANCED_FACE ( 'NONE', ( #9179 ), #7666, .F. ) ;
#5922 = ORIENTED_EDGE ( 'NONE', *, *, #5987, .F. ) ;
#5923 = ORIENTED_EDGE ( 'NONE', *, *, #1809, .T. ) ;
#5924 = CARTESIAN_POINT ( 'NONE',  ( 225.7699999999999818, 4.000000000000000000, -8.750000000000000000 ) ) ;
#5925 = CARTESIAN_POINT ( 'NONE',  ( 69.00000000000000000, -0.001000000000000132727, -133.9999999999999716 ) ) ;
#5926 = LINE ( 'NONE', #37, #2866 ) ;
#5927 = FACE_OUTER_BOUND ( 'NONE', #3087, .T. ) ;
#5928 = ORIENTED_EDGE ( 'NONE', *, *, #417, .T. ) ;
#5929 = VERTEX_POINT ( 'NONE', #9129 ) ;
#5930 = CYLINDRICAL_SURFACE ( 'NONE', #4669, 3.000000000000002665 ) ;
#5931 = ORIENTED_EDGE ( 'NONE', *, *, #7595, .T. ) ;
#5932 = DIRECTION ( 'NONE',  ( 0.000000000000000000, 0.000000000000000000, 1.000000000000000000 ) ) ;
#5933 = EDGE_LOOP ( 'NONE', ( #3687, #544, #8244, #3777 ) ) ;
#5934 = ORIENTED_EDGE ( 'NONE', *, *, #8627, .F. ) ;
#5935 = CARTESIAN_POINT ( 'NONE',  ( 188.0000000000000000, -0.001000000000000132727, -133.9999999999999716 ) ) ;
#5936 = EDGE_CURVE ( 'NONE', #7034, #3251, #8349, .T. ) ;
#5937 = DIRECTION ( 'NONE',  ( -1.000000000000000000, 0.000000000000000000, 0.000000000000000000 ) ) ;
#5938 = FACE_OUTER_BOUND ( 'NONE', #1462, .T. ) ;
#5939 = DIRECTION ( 'NONE',  ( 1.000000000000000000, 0.000000000000000000, -2.168404344971008868E-16 ) ) ;
#5940 = LINE ( 'NONE', #2063, #1343 ) ;
#5941 = DIRECTION ( 'NONE',  ( -1.000000000000000000, 0.000000000000000000, -2.312964634635743844E-15 ) ) ;
#5942 = VERTEX_POINT ( 'NONE', #8292 ) ;
#5943 = AXIS2_PLACEMENT_3D ( 'NONE', #9140, #6260, #5474 ) ;
#5944 = FACE_BOUND ( 'NONE', #3507, .T. ) ;
#5945 = ADVANCED_FACE ( 'NONE', ( #4558 ), #6933, .F. ) ;
#5946 = CARTESIAN_POINT ( 'NONE',  ( 76.00000000000001421, 0.000000000000000000, -133.9999999999999716 ) ) ;
#5947 = EDGE_LOOP ( 'NONE', ( #7718, #5204, #9004, #7522 ) ) ;
#5948 = CARTESIAN_POINT ( 'NONE',  ( 65.00000000000000000, 0.000000000000000000, -133.9999999999999716 ) ) ;
#5949 = VERTEX_POINT ( 'NONE', #3203 ) ;
#5950 = FACE_OUTER_BOUND ( 'NONE', #2966, .T. ) ;
#5951 = CARTESIAN_POINT ( 'NONE',  ( 57.99999999999999289, 0.000000000000000000, -133.9999999999999716 ) ) ;
#5952 = DIRECTION ( 'NONE',  ( -0.000000000000000000, -1.000000000000000000, -0.000000000000000000 ) ) ;
#5953 = VERTEX_POINT ( 'NONE', #6779 ) ;
#5954 = DIRECTION ( 'NONE',  ( -0.000000000000000000, 1.000000000000000000, -0.000000000000000000 ) ) ;
#5955 = CARTESIAN_POINT ( 'NONE',  ( 132.0000000000000000, -0.001000000000000132727, -117.9999999999999716 ) ) ;
#5956 = ORIENTED_EDGE ( 'NONE', *, *, #5308, .F. ) ;
#5957 = DIRECTION ( 'NONE',  ( 1.000000000000000000, 0.000000000000000000, -4.625929269271487689E-15 ) ) ;
#5958 = CARTESIAN_POINT ( 'NONE',  ( 77.71999999999998465, 6.000000000000000000, -48.99999999999998579 ) ) ;
#5959 = CIRCLE ( 'NONE', #4877, 2.000000000000000000 ) ;
#5960 = DIRECTION ( 'NONE',  ( -0.000000000000000000, 1.000000000000000000, -0.000000000000000000 ) ) ;
#5961 = VERTEX_POINT ( 'NONE', #7714 ) ;
#5962 = ORIENTED_EDGE ( 'NONE', *, *, #2075, .F. ) ;
#5963 = AXIS2_PLACEMENT_3D ( 'NONE', #1771, #4772, #4021 ) ;
#5964 = VECTOR ( 'NONE', #2953, 1000.000000000000000 ) ;
#5965 = ORIENTED_EDGE ( 'NONE', *, *, #9205, .T. ) ;
#5966 = ORIENTED_EDGE ( 'NONE', *, *, #6639, .T. ) ;
#5967 = EDGE_CURVE ( 'NONE', #4705, #7849, #3147, .T. ) ;
#5968 = LINE ( 'NONE', #9008, #7541 ) ;
#5969 = CARTESIAN_POINT ( 'NONE',  ( 72.00000000000001421, 0.000000000000000000, -133.9999999999999716 ) ) ;
#5970 = AXIS2_PLACEMENT_3D ( 'NONE', #4229, #8893, #4283 ) ;
#5971 = EDGE_CURVE ( 'NONE', #7358, #7675, #935, .T. ) ;
#5972 = FACE_OUTER_BOUND ( 'NONE', #2671, .T. ) ;
#5973 = EDGE_CURVE ( 'NONE', #94, #2937, #204, .T. ) ;
#5974 = CARTESIAN_POINT ( 'NONE',  ( 214.9999999999999716, 29.00000000000000000, -107.9999999999999858 ) ) ;
#5975 = ORIENTED_EDGE ( 'NONE', *, *, #4455, .T. ) ;
#5976 = LINE ( 'NONE', #5101, #9207 ) ;
#5977 = VERTEX_POINT ( 'NONE', #3826 ) ;
#5978 = VECTOR ( 'NONE', #2097, 1000.000000000000000 ) ;
#5979 = FACE_OUTER_BOUND ( 'NONE', #379, .T. ) ;
#5980 = AXIS2_PLACEMENT_3D ( 'NONE', #8089, #1455, #2826 ) ;
#5981 = VECTOR ( 'NONE', #5059, 1000.000000000000000 ) ;
#5982 = VERTEX_POINT ( 'NONE', #6038 ) ;
#5983 = ORIENTED_EDGE ( 'NONE', *, *, #5717, .F. ) ;
#5984 = VECTOR ( 'NONE', #2478, 1000.000000000000000 ) ;
#5985 = CARTESIAN_POINT ( 'NONE',  ( 18.00000000000000355, 2.000000000000000000, -136.9999999999999716 ) ) ;
#5986 = AXIS2_PLACEMENT_3D ( 'NONE', #6466, #4245, #524 ) ;
#5987 = EDGE_CURVE ( 'NONE', #7670, #8477, #5462, .T. ) ;
#5988 = DIRECTION ( 'NONE',  ( 2.168404344971007882E-16, 0.000000000000000000, 1.000000000000000000 ) ) ;
#5989 = CARTESIAN_POINT ( 'NONE',  ( 218.9999999999999716, 29.00000000000000000, -44.00000000000000711 ) ) ;
#5990 = FACE_OUTER_BOUND ( 'NONE', #362, .T. ) ;
#5991 = DIRECTION ( 'NONE',  ( -2.168404344971008868E-16, 0.000000000000000000, -1.000000000000000000 ) ) ;
#5992 = CARTESIAN_POINT ( 'NONE',  ( 111.4999999999999432, 14.00000000000000000, -44.00000000000000000 ) ) ;
#5993 = VERTEX_POINT ( 'NONE', #3877 ) ;
#5994 = VECTOR ( 'NONE', #5156, 1000.000000000000000 ) ;
#5995 = CARTESIAN_POINT ( 'NONE',  ( 62.00000000000000711, 4.000000000000000000, -33.00000000000000711 ) ) ;
#5996 = LINE ( 'NONE', #5946, #2525 ) ;
#5997 = ADVANCED_FACE ( 'NONE', ( #151 ), #1719, .T. ) ;
#5998 = ORIENTED_EDGE ( 'NONE', *, *, #9187, .T. ) ;
#5999 = ORIENTED_EDGE ( 'NONE', *, *, #5987, .T. ) ;
#6000 = VECTOR ( 'NONE', #227, 1000.000000000000000 ) ;
#6001 = CIRCLE ( 'NONE', #5219, 1.700000000000007061 ) ;
#6002 = DIRECTION ( 'NONE',  ( 0.000000000000000000, 0.000000000000000000, 1.000000000000000000 ) ) ;
#6003 = LINE ( 'NONE', #748, #9536 ) ;
#6004 = CIRCLE ( 'NONE', #2085, 1.750000000000001554 ) ;
#6005 = LINE ( 'NONE', #5318, #6641 ) ;
#6006 = ORIENTED_EDGE ( 'NONE', *, *, #5875, .T. ) ;
#6007 = DIRECTION ( 'NONE',  ( 0.000000000000000000, 0.000000000000000000, 1.000000000000000000 ) ) ;
#6008 = ORIENTED_EDGE ( 'NONE', *, *, #8080, .T. ) ;
#6009 = PLANE ( 'NONE',  #3641 ) ;
#6010 = EDGE_CURVE ( 'NONE', #365, #562, #5504, .T. ) ;
#6011 = DIRECTION ( 'NONE',  ( -1.000000000000000000, 0.000000000000000000, 0.000000000000000000 ) ) ;
#6012 = EDGE_LOOP ( 'NONE', ( #8908, #9690, #6822, #4387 ) ) ;
#6013 = AXIS2_PLACEMENT_3D ( 'NONE', #7335, #4292, #9535 ) ;
#6014 = VERTEX_POINT ( 'NONE', #6246 ) ;
#6015 = LINE ( 'NONE', #2276, #712 ) ;
#6016 = DIRECTION ( 'NONE',  ( 0.000000000000000000, 0.000000000000000000, -1.000000000000000000 ) ) ;
#6017 = AXIS2_PLACEMENT_3D ( 'NONE', #285, #3279, #6332 ) ;
#6018 = CARTESIAN_POINT ( 'NONE',  ( 194.9999999999999432, 4.000000000000000000, -33.00000000000000000 ) ) ;
#6019 = ORIENTED_EDGE ( 'NONE', *, *, #2765, .T. ) ;
#6020 = ORIENTED_EDGE ( 'NONE', *, *, #477, .F. ) ;
#6021 = AXIS2_PLACEMENT_3D ( 'NONE', #5331, #6860, #129 ) ;
#6022 = ORIENTED_EDGE ( 'NONE', *, *, #4817, .T. ) ;
#6023 = ORIENTED_EDGE ( 'NONE', *, *, #2468, .F. ) ;
#6024 = CARTESIAN_POINT ( 'NONE',  ( 135.7199999999999704, 6.000000000000001776, -97.99999999999998579 ) ) ;
#6025 = CARTESIAN_POINT ( 'NONE',  ( 18.00000000000001421, 4.000000000000000000, -12.00000000000000000 ) ) ;
#6026 = EDGE_CURVE ( 'NONE', #5067, #6580, #9224, .T. ) ;
#6027 = DIRECTION ( 'NONE',  ( -0.000000000000000000, -1.000000000000000000, -0.000000000000000000 ) ) ;
#6028 = ORIENTED_EDGE ( 'NONE', *, *, #7377, .F. ) ;
#6029 = CARTESIAN_POINT ( 'NONE',  ( 41.00000000000000000, -0.001000000000000132727, -117.9999999999999716 ) ) ;
#6030 = EDGE_LOOP ( 'NONE', ( #9664, #2934, #2179, #408 ) ) ;
#6031 = LINE ( 'NONE', #6873, #6965 ) ;
#6032 = ADVANCED_FACE ( 'NONE', ( #1770 ), #9021, .F. ) ;
#6033 = ORIENTED_EDGE ( 'NONE', *, *, #3113, .F. ) ;
#6034 = VERTEX_POINT ( 'NONE', #100 ) ;
#6035 = CARTESIAN_POINT ( 'NONE',  ( 27.00000000000000000, 0.000000000000000000, -117.9999999999999716 ) ) ;
#6036 = LINE ( 'NONE', #7459, #1581 ) ;
#6037 = CARTESIAN_POINT ( 'NONE',  ( 44.00000000000000000, 4.000000000000000000, -133.9999999999999716 ) ) ;
#6038 = CARTESIAN_POINT ( 'NONE',  ( 214.9999999999999716, 19.97853694765314714, -45.00000000000000000 ) ) ;
#6039 = DIRECTION ( 'NONE',  ( -0.000000000000000000, 0.000000000000000000, -1.000000000000000000 ) ) ;
#6040 = LINE ( 'NONE', #206, #9347 ) ;
#6041 = CARTESIAN_POINT ( 'NONE',  ( 72.00000000000001421, 0.000000000000000000, -33.00000000000000000 ) ) ;
#6042 = ORIENTED_EDGE ( 'NONE', *, *, #1742, .F. ) ;
#6043 = APPLICATION_CONTEXT ( 'automotive_design' ) ;
#6044 = CARTESIAN_POINT ( 'NONE',  ( 135.7199999999999704, 6.000000000000000000, -97.99999999999998579 ) ) ;
#6045 = EDGE_CURVE ( 'NONE', #4141, #9016, #3096, .T. ) ;
#6046 = FACE_OUTER_BOUND ( 'NONE', #6851, .T. ) ;
#6047 = EDGE_CURVE ( 'NONE', #1461, #3763, #9071, .T. ) ;
#6048 = VERTEX_POINT ( 'NONE', #2297 ) ;
#6049 = VERTEX_POINT ( 'NONE', #1411 ) ;
#6050 = CYLINDRICAL_SURFACE ( 'NONE', #505, 1.750000000000001554 ) ;
#6051 = ORIENTED_EDGE ( 'NONE', *, *, #8869, .F. ) ;
#6052 = DIRECTION ( 'NONE',  ( 0.000000000000000000, 0.000000000000000000, 1.000000000000000000 ) ) ;
#6053 = DIRECTION ( 'NONE',  ( -2.168404344971008868E-16, 0.000000000000000000, -1.000000000000000000 ) ) ;
#6054 = ORIENTED_EDGE ( 'NONE', *, *, #1225, .F. ) ;
#6055 = VECTOR ( 'NONE', #3828, 1000.000000000000000 ) ;
#6056 = ORIENTED_EDGE ( 'NONE', *, *, #4476, .F. ) ;
#6057 = CARTESIAN_POINT ( 'NONE',  ( 98.00000000000000000, 8.000000000000000000, -41.00000000000000000 ) ) ;
#6058 = DIRECTION ( 'NONE',  ( -1.000000000000000000, 0.000000000000000000, 0.000000000000000000 ) ) ;
#6059 = VERTEX_POINT ( 'NONE', #3044 ) ;
#6060 = EDGE_CURVE ( 'NONE', #1025, #7464, #3676, .T. ) ;
#6061 = EDGE_LOOP ( 'NONE', ( #8020, #6407, #1826, #3931 ) ) ;
#6062 = DIRECTION ( 'NONE',  ( -0.000000000000000000, 1.000000000000000000, -0.000000000000000000 ) ) ;
#6063 = PLANE ( 'NONE',  #2442 ) ;
#6064 = EDGE_CURVE ( 'NONE', #4527, #5953, #6725, .T. ) ;
#6065 = DIRECTION ( 'NONE',  ( -0.000000000000000000, 1.000000000000000000, -0.000000000000000000 ) ) ;
#6066 = AXIS2_PLACEMENT_3D ( 'NONE', #7364, #8296, #7416 ) ;
#6067 = FACE_BOUND ( 'NONE', #9303, .T. ) ;
#6068 = LINE ( 'NONE', #8902, #3824 ) ;
#6069 = ORIENTED_EDGE ( 'NONE', *, *, #9480, .F. ) ;
#6070 = EDGE_LOOP ( 'NONE', ( #5344, #2392, #5809, #2388 ) ) ;
#6071 = EDGE_CURVE ( 'NONE', #1542, #9011, #5300, .T. ) ;
#6072 = ORIENTED_EDGE ( 'NONE', *, *, #462, .T. ) ;
#6073 = VERTEX_POINT ( 'NONE', #3768 ) ;
#6074 = DIRECTION ( 'NONE',  ( -1.000000000000000000, 0.000000000000000000, 0.000000000000000000 ) ) ;
#6075 = FACE_OUTER_BOUND ( 'NONE', #2808, .T. ) ;
#6076 = LINE ( 'NONE', #6716, #7896 ) ;
#6077 = ORIENTED_EDGE ( 'NONE', *, *, #6762, .F. ) ;
#6078 = ORIENTED_EDGE ( 'NONE', *, *, #2498, .F. ) ;
#6079 = CARTESIAN_POINT ( 'NONE',  ( 111.0000000000000000, -0.001000000000000132727, -117.9999999999999716 ) ) ;
#6080 = VERTEX_POINT ( 'NONE', #8878 ) ;
#6081 = LINE ( 'NONE', #143, #1453 ) ;
#6082 = VECTOR ( 'NONE', #2403, 1000.000000000000000 ) ;
#6083 = EDGE_CURVE ( 'NONE', #4082, #6971, #2701, .T. ) ;
#6084 = ORIENTED_EDGE ( 'NONE', *, *, #4202, .T. ) ;
#6085 = ORIENTED_EDGE ( 'NONE', *, *, #5636, .T. ) ;
#6086 = DIRECTION ( 'NONE',  ( 1.000000000000000000, 0.000000000000000000, -0.000000000000000000 ) ) ;
#6087 = CARTESIAN_POINT ( 'NONE',  ( 111.0000000000000000, 4.000000000000000000, -117.9999999999999716 ) ) ;
#6088 = DIRECTION ( 'NONE',  ( 1.000000000000000000, 0.000000000000000000, -0.000000000000000000 ) ) ;
#6089 = CARTESIAN_POINT ( 'NONE',  ( 98.00000000000000000, 8.000000000000000000, -41.00000000000000000 ) ) ;
#6090 = CARTESIAN_POINT ( 'NONE',  ( 218.9999999999999716, 29.00000000000000000, -41.00000000000000000 ) ) ;
#6091 = DIRECTION ( 'NONE',  ( 1.110223024625156787E-16, 0.000000000000000000, 1.000000000000000000 ) ) ;
#6092 = CARTESIAN_POINT ( 'NONE',  ( 202.0000000000000000, 4.000000000000000000, -133.9999999999999716 ) ) ;
#6093 = EDGE_LOOP ( 'NONE', ( #354, #2480 ) ) ;
#6094 = PLANE ( 'NONE',  #650 ) ;
#6095 = CARTESIAN_POINT ( 'NONE',  ( 195.0000000000000000, -0.001000000000000132727, -117.9999999999999716 ) ) ;
#6096 = VECTOR ( 'NONE', #413, 1000.000000000000000 ) ;
#6097 = VECTOR ( 'NONE', #6129, 1000.000000000000000 ) ;
#6098 = ADVANCED_FACE ( 'NONE', ( #9017 ), #1511, .F. ) ;
#6099 = EDGE_LOOP ( 'NONE', ( #3351, #4302, #1545, #9691 ) ) ;
#6100 = ORIENTED_EDGE ( 'NONE', *, *, #174, .F. ) ;
#6101 = DIRECTION ( 'NONE',  ( -0.000000000000000000, -0.7071067811865474617, -0.7071067811865474617 ) ) ;
#6102 = ORIENTED_EDGE ( 'NONE', *, *, #3416, .F. ) ;
#6103 = VECTOR ( 'NONE', #2749, 1000.000000000000000 ) ;
#6104 = EDGE_CURVE ( 'NONE', #4390, #4154, #7507, .T. ) ;
#6105 = DIRECTION ( 'NONE',  ( 4.625929269271487689E-15, 0.000000000000000000, 1.000000000000000000 ) ) ;
#6106 = ORIENTED_EDGE ( 'NONE', *, *, #5543, .F. ) ;
#6107 = FACE_OUTER_BOUND ( 'NONE', #4578, .T. ) ;
#6108 = EDGE_LOOP ( 'NONE', ( #2745, #7783, #2704, #6268 ) ) ;
#6109 = EDGE_CURVE ( 'NONE', #5675, #9376, #8141, .T. ) ;
#6110 = EDGE_CURVE ( 'NONE', #60, #2050, #6827, .T. ) ;
#6111 = ORIENTED_EDGE ( 'NONE', *, *, #1948, .F. ) ;
#6112 = DIRECTION ( 'NONE',  ( 1.000000000000000000, 0.000000000000000000, 0.000000000000000000 ) ) ;
#6113 = CARTESIAN_POINT ( 'NONE',  ( 62.00000000000000711, 4.000000000000000000, -33.00000000000000711 ) ) ;
#6114 = ORIENTED_EDGE ( 'NONE', *, *, #5459, .F. ) ;
#6115 = EDGE_LOOP ( 'NONE', ( #9276, #8754, #8578, #2248 ) ) ;
#6116 = ORIENTED_EDGE ( 'NONE', *, *, #4720, .T. ) ;
#6117 = DIRECTION ( 'NONE',  ( 0.000000000000000000, 0.000000000000000000, -1.000000000000000000 ) ) ;
#6118 = LINE ( 'NONE', #2382, #3706 ) ;
#6119 = CARTESIAN_POINT ( 'NONE',  ( 111.0000000000000000, 4.000000000000000000, -133.9999999999999716 ) ) ;
#6120 = DIRECTION ( 'NONE',  ( 0.000000000000000000, 0.000000000000000000, 1.000000000000000000 ) ) ;
#6121 = CARTESIAN_POINT ( 'NONE',  ( 55.00000000000000711, 0.000000000000000000, -33.00000000000000711 ) ) ;
#6122 = ORIENTED_EDGE ( 'NONE', *, *, #5971, .T. ) ;
#6123 = ORIENTED_EDGE ( 'NONE', *, *, #9631, .T. ) ;
#6124 = ADVANCED_FACE ( 'NONE', ( #7410 ), #4610, .T. ) ;
#6125 = ORIENTED_EDGE ( 'NONE', *, *, #7155, .F. ) ;
#6126 = EDGE_LOOP ( 'NONE', ( #5134, #4450, #7213, #2155 ) ) ;
#6127 = VECTOR ( 'NONE', #8247, 1000.000000000000000 ) ;
#6128 = DIRECTION ( 'NONE',  ( 1.000000000000000000, 0.000000000000000000, -0.000000000000000000 ) ) ;
#6129 = DIRECTION ( 'NONE',  ( 0.000000000000000000, 0.000000000000000000, -1.000000000000000000 ) ) ;
#6130 = AXIS2_PLACEMENT_3D ( 'NONE', #9484, #5760, #3548 ) ;
#6131 = LINE ( 'NONE', #7604, #4926 ) ;
#6132 = ORIENTED_EDGE ( 'NONE', *, *, #5776, .T. ) ;
#6133 = EDGE_LOOP ( 'NONE', ( #5669, #9440, #4737 ) ) ;
#6134 = CARTESIAN_POINT ( 'NONE',  ( 135.7199999999999704, 4.000000000000000000, -100.9999999999999716 ) ) ;
#6135 = ORIENTED_EDGE ( 'NONE', *, *, #3541, .T. ) ;
#6136 = LINE ( 'NONE', #7705, #8201 ) ;
#6137 = VECTOR ( 'NONE', #253, 1000.000000000000000 ) ;
#6138 = ADVANCED_FACE ( 'NONE', ( #2349 ), #2154, .T. ) ;
#6139 = EDGE_CURVE ( 'NONE', #2402, #8358, #8289, .T. ) ;
#6140 = ORIENTED_EDGE ( 'NONE', *, *, #3070, .F. ) ;
#6141 = ORIENTED_EDGE ( 'NONE', *, *, #4250, .F. ) ;
#6142 = DIRECTION ( 'NONE',  ( 1.000000000000000000, 0.000000000000000000, -4.625929269271486900E-15 ) ) ;
#6143 = DIRECTION ( 'NONE',  ( 0.000000000000000000, 1.000000000000000000, 0.000000000000000000 ) ) ;
#6144 = LINE ( 'NONE', #1718, #1315 ) ;
#6145 = VECTOR ( 'NONE', #3921, 1000.000000000000000 ) ;
#6146 = VECTOR ( 'NONE', #4280, 1000.000000000000000 ) ;
#6147 = CARTESIAN_POINT ( 'NONE',  ( 62.00000000000000711, 0.000000000000000000, -17.00000000000000000 ) ) ;
#6148 = LINE ( 'NONE', #4665, #2530 ) ;
#6149 = DIRECTION ( 'NONE',  ( -1.000000000000000000, 0.000000000000000000, -2.312964634635743844E-15 ) ) ;
#6150 = DIRECTION ( 'NONE',  ( 1.000000000000000000, 0.000000000000000000, 0.000000000000000000 ) ) ;
#6151 = ORIENTED_EDGE ( 'NONE', *, *, #3937, .T. ) ;
#6152 = LINE ( 'NONE', #5510, #8648 ) ;
#6153 = AXIS2_PLACEMENT_3D ( 'NONE', #854, #3115, #4733 ) ;
#6154 = VECTOR ( 'NONE', #5159, 1000.000000000000000 ) ;
#6155 = AXIS2_PLACEMENT_3D ( 'NONE', #3268, #6908, #322 ) ;
#6156 = VERTEX_POINT ( 'NONE', #2250 ) ;
#6157 = ORIENTED_EDGE ( 'NONE', *, *, #9388, .T. ) ;
#6158 = CARTESIAN_POINT ( 'NONE',  ( 29.99999999999999645, -0.001000000000000132727, -133.9999999999999716 ) ) ;
#6159 = AXIS2_PLACEMENT_3D ( 'NONE', #2300, #251, #983 ) ;
#6160 = PLANE ( 'NONE',  #7046 ) ;
#6161 = ORIENTED_EDGE ( 'NONE', *, *, #1056, .T. ) ;
#6162 = ADVANCED_FACE ( 'NONE', ( #4553 ), #735, .F. ) ;
#6163 = VECTOR ( 'NONE', #6058, 1000.000000000000000 ) ;
#6164 = LINE ( 'NONE', #7040, #8189 ) ;
#6165 = VERTEX_POINT ( 'NONE', #7613 ) ;
#6166 = LINE ( 'NONE', #7582, #8023 ) ;
#6167 = CARTESIAN_POINT ( 'NONE',  ( 25.00000000000000355, 29.00000000000000000, -45.99999999999997868 ) ) ;
#6168 = AXIS2_PLACEMENT_3D ( 'NONE', #4118, #148, #8400 ) ;
#6169 = VERTEX_POINT ( 'NONE', #6035 ) ;
#6170 = VECTOR ( 'NONE', #8756, 1000.000000000000000 ) ;
#6171 = VERTEX_POINT ( 'NONE', #881 ) ;
#6172 = EDGE_CURVE ( 'NONE', #545, #2874, #6877, .T. ) ;
#6173 = EDGE_CURVE ( 'NONE', #1632, #94, #5892, .T. ) ;
#6174 = CARTESIAN_POINT ( 'NONE',  ( 23.00000000000000000, 4.000000000000000000, -108.9999999999999858 ) ) ;
#6175 = CARTESIAN_POINT ( 'NONE',  ( 76.00000000000001421, 0.000000000000000000, -17.00000000000000000 ) ) ;
#6176 = PLANE ( 'NONE',  #3010 ) ;
#6177 = DIRECTION ( 'NONE',  ( -1.000000000000000000, 0.000000000000000000, -0.000000000000000000 ) ) ;
#6178 = CARTESIAN_POINT ( 'NONE',  ( 0.000000000000000000, 29.00000000000000000, 0.000000000000000000 ) ) ;
#6179 = VERTEX_POINT ( 'NONE', #692 ) ;
#6180 = ORIENTED_EDGE ( 'NONE', *, *, #5685, .F. ) ;
#6181 = VECTOR ( 'NONE', #8396, 1000.000000000000000 ) ;
#6182 = EDGE_CURVE ( 'NONE', #3959, #8230, #2939, .T. ) ;
#6183 = ADVANCED_FACE ( 'NONE', ( #5205 ), #343, .F. ) ;
#6184 = ORIENTED_EDGE ( 'NONE', *, *, #1172, .T. ) ;
#6185 = AXIS2_PLACEMENT_3D ( 'NONE', #1402, #8686, #7350 ) ;
#6186 = ORIENTED_EDGE ( 'NONE', *, *, #2039, .T. ) ;
#6187 = CARTESIAN_POINT ( 'NONE',  ( 167.0000000000000000, 0.000000000000000000, -133.9999999999999716 ) ) ;
#6188 = LINE ( 'NONE', #1547, #301 ) ;
#6189 = CARTESIAN_POINT ( 'NONE',  ( 198.0000000000000000, 0.000000000000000000, -117.9999999999999858 ) ) ;
#6190 = ORIENTED_EDGE ( 'NONE', *, *, #5152, .F. ) ;
#6191 = VERTEX_POINT ( 'NONE', #1716 ) ;
#6192 = DIRECTION ( 'NONE',  ( 0.000000000000000000, -1.000000000000000000, 0.000000000000000000 ) ) ;
#6193 = CARTESIAN_POINT ( 'NONE',  ( 76.00000000000001421, 0.000000000000000000, -33.00000000000000711 ) ) ;
#6194 = VECTOR ( 'NONE', #3955, 1000.000000000000000 ) ;
#6195 = ORIENTED_EDGE ( 'NONE', *, *, #9632, .T. ) ;
#6196 = EDGE_CURVE ( 'NONE', #7395, #4815, #7763, .T. ) ;
#6197 = VERTEX_POINT ( 'NONE', #4708 ) ;
#6198 = DIRECTION ( 'NONE',  ( -1.000000000000000000, -0.000000000000000000, -0.000000000000000000 ) ) ;
#6199 = DIRECTION ( 'NONE',  ( 0.000000000000000000, 0.000000000000000000, -1.000000000000000000 ) ) ;
#6200 = CARTESIAN_POINT ( 'NONE',  ( 205.0000000000000284, 0.000000000000000000, -133.9999999999999716 ) ) ;
#6201 = PRODUCT_DEFINITION_FORMATION_WITH_SPECIFIED_SOURCE ( 'ANY', '', #257, .NOT_KNOWN. ) ;
#6202 = CARTESIAN_POINT ( 'NONE',  ( 20.00000000000000000, 14.00000000000000000, -41.00000000000000000 ) ) ;
#6203 = EDGE_CURVE ( 'NONE', #2917, #5270, #6341, .T. ) ;
#6204 = CARTESIAN_POINT ( 'NONE',  ( 214.9999999999999716, 21.00000000000000000, -45.00000000000000000 ) ) ;
#6205 = CARTESIAN_POINT ( 'NONE',  ( 55.00000000000000711, -0.001000000000000132727, -133.9999999999999716 ) ) ;
#6206 = DIRECTION ( 'NONE',  ( 0.000000000000000000, 0.000000000000000000, 1.000000000000000000 ) ) ;
#6207 = EDGE_LOOP ( 'NONE', ( #1352, #3714, #191, #4340 ) ) ;
#6208 = LINE ( 'NONE', #3055, #8010 ) ;
#6209 = VERTEX_POINT ( 'NONE', #9125 ) ;
#6210 = ORIENTED_EDGE ( 'NONE', *, *, #904, .F. ) ;
#6211 = VECTOR ( 'NONE', #9046, 1000.000000000000000 ) ;
#6212 = CARTESIAN_POINT ( 'NONE',  ( 106.9999999999999858, 0.000000000000000000, -133.9999999999999716 ) ) ;
#6213 = ORIENTED_EDGE ( 'NONE', *, *, #2433, .F. ) ;
#6214 = FACE_OUTER_BOUND ( 'NONE', #4006, .T. ) ;
#6215 = CARTESIAN_POINT ( 'NONE',  ( 159.9999999999999432, -0.001000000000000132727, -33.00000000000000000 ) ) ;
#6216 = ORIENTED_EDGE ( 'NONE', *, *, #6411, .T. ) ;
#6217 = LINE ( 'NONE', #2523, #504 ) ;
#6218 = CARTESIAN_POINT ( 'NONE',  ( 76.00000000000001421, 4.000000000000000000, -133.9999999999999716 ) ) ;
#6219 = EDGE_CURVE ( 'NONE', #6713, #908, #980, .T. ) ;
#6220 = ORIENTED_EDGE ( 'NONE', *, *, #3833, .T. ) ;
#6221 = DIRECTION ( 'NONE',  ( 0.000000000000000000, 0.000000000000000000, 1.000000000000000000 ) ) ;
#6222 = CARTESIAN_POINT ( 'NONE',  ( 102.0000000000000142, 2.000000000000000000, -33.30000000000001137 ) ) ;
#6223 = DIRECTION ( 'NONE',  ( 1.000000000000000000, 0.000000000000000000, 0.000000000000000000 ) ) ;
#6224 = DIRECTION ( 'NONE',  ( -0.000000000000000000, 1.000000000000000000, -0.000000000000000000 ) ) ;
#6225 = PLANE ( 'NONE',  #6812 ) ;
#6226 = VERTEX_POINT ( 'NONE', #7663 ) ;
#6227 = ORIENTED_EDGE ( 'NONE', *, *, #4153, .T. ) ;
#6228 = EDGE_CURVE ( 'NONE', #4366, #2190, #1764, .T. ) ;
#6229 = VECTOR ( 'NONE', #6091, 1000.000000000000000 ) ;
#6230 = VERTEX_POINT ( 'NONE', #1670 ) ;
#6231 = VECTOR ( 'NONE', #9326, 1000.000000000000000 ) ;
#6232 = CARTESIAN_POINT ( 'NONE',  ( 211.9999999999999716, -0.001000000000000132727, -33.00000000000000000 ) ) ;
#6233 = CARTESIAN_POINT ( 'NONE',  ( 27.00000000000000000, 4.000000000000000000, -33.00000000000000711 ) ) ;
#6234 = EDGE_CURVE ( 'NONE', #526, #5440, #3975, .T. ) ;
#6235 = ORIENTED_EDGE ( 'NONE', *, *, #4293, .F. ) ;
#6236 = ORIENTED_EDGE ( 'NONE', *, *, #4732, .F. ) ;
#6237 = CARTESIAN_POINT ( 'NONE',  ( 215.9999999999999716, 4.000000000000000000, -44.00000000000000711 ) ) ;
#6238 = EDGE_CURVE ( 'NONE', #2489, #7891, #248, .T. ) ;
#6239 = EDGE_CURVE ( 'NONE', #8411, #6718, #7021, .T. ) ;
#6240 = CARTESIAN_POINT ( 'NONE',  ( 210.9999999999999716, 9.000000000000001776, -44.00000000000000711 ) ) ;
#6241 = ORIENTED_EDGE ( 'NONE', *, *, #3652, .F. ) ;
#6242 = ORIENTED_EDGE ( 'NONE', *, *, #8627, .T. ) ;
#6243 = FACE_OUTER_BOUND ( 'NONE', #1216, .T. ) ;
#6244 = CARTESIAN_POINT ( 'NONE',  ( 201.9999999999999432, 4.000000000000000000, -33.00000000000000000 ) ) ;
#6245 = LINE ( 'NONE', #2558, #8845 ) ;
#6246 = CARTESIAN_POINT ( 'NONE',  ( 166.9999999999999432, 0.000000000000000000, -17.00000000000000000 ) ) ;
#6247 = CARTESIAN_POINT ( 'NONE',  ( 102.0000000000000142, 8.000000000000001776, -20.99999999999999645 ) ) ;
#6248 = FACE_OUTER_BOUND ( 'NONE', #9403, .T. ) ;
#6249 = CARTESIAN_POINT ( 'NONE',  ( 30.00000000000000000, 0.000000000000000000, -33.00000000000000000 ) ) ;
#6250 = ORIENTED_EDGE ( 'NONE', *, *, #915, .F. ) ;
#6251 = VECTOR ( 'NONE', #6192, 1000.000000000000000 ) ;
#6252 = DIRECTION ( 'NONE',  ( -0.000000000000000000, 1.000000000000000000, -0.000000000000000000 ) ) ;
#6253 = VECTOR ( 'NONE', #1465, 1000.000000000000000 ) ;
#6254 = ADVANCED_FACE ( 'NONE', ( #3199 ), #1113, .F. ) ;
#6255 = ORIENTED_EDGE ( 'NONE', *, *, #9494, .F. ) ;
#6256 = ORIENTED_EDGE ( 'NONE', *, *, #225, .F. ) ;
#6257 = CARTESIAN_POINT ( 'NONE',  ( 104.0000000000000000, 0.000000000000000000, -117.9999999999999716 ) ) ;
#6258 = CARTESIAN_POINT ( 'NONE',  ( 197.9999999999999432, 0.000000000000000000, -33.00000000000000000 ) ) ;
#6259 = VERTEX_POINT ( 'NONE', #3243 ) ;
#6260 = DIRECTION ( 'NONE',  ( 0.000000000000000000, 1.000000000000000000, 0.000000000000000000 ) ) ;
#6261 = CARTESIAN_POINT ( 'NONE',  ( 72.00000000000001421, 4.000000000000000000, -33.00000000000000000 ) ) ;
#6262 = ORIENTED_EDGE ( 'NONE', *, *, #2653, .F. ) ;
#6263 = EDGE_CURVE ( 'NONE', #6179, #8230, #2410, .T. ) ;
#6264 = LINE ( 'NONE', #1002, #1587 ) ;
#6265 = DIRECTION ( 'NONE',  ( 1.000000000000000000, 0.000000000000000000, -4.625929269271487689E-15 ) ) ;
#6266 = ORIENTED_EDGE ( 'NONE', *, *, #3070, .T. ) ;
#6267 = EDGE_CURVE ( 'NONE', #2950, #3069, #9267, .T. ) ;
#6268 = ORIENTED_EDGE ( 'NONE', *, *, #4963, .F. ) ;
#6269 = FACE_OUTER_BOUND ( 'NONE', #691, .T. ) ;
#6270 = CARTESIAN_POINT ( 'NONE',  ( 160.0000000000000000, -0.001000000000000132727, -133.9999999999999716 ) ) ;
#6271 = FACE_BOUND ( 'NONE', #891, .T. ) ;
#6272 = PLANE ( 'NONE',  #8841 ) ;
#6273 = ORIENTED_EDGE ( 'NONE', *, *, #5512, .T. ) ;
#6274 = EDGE_LOOP ( 'NONE', ( #8986, #5341, #4726, #7678 ) ) ;
#6275 = EDGE_CURVE ( 'NONE', #1025, #8596, #3633, .T. ) ;
#6276 = ORIENTED_EDGE ( 'NONE', *, *, #5278, .F. ) ;
#6277 = DIRECTION ( 'NONE',  ( 0.000000000000000000, 0.000000000000000000, -1.000000000000000000 ) ) ;
#6278 = CARTESIAN_POINT ( 'NONE',  ( 183.9999999999999716, 4.000000000000000000, -33.00000000000000000 ) ) ;
#6279 = SURFACE_SIDE_STYLE ('',( #1894 ) ) ;
#6280 = ORIENTED_EDGE ( 'NONE', *, *, #48, .T. ) ;
#6281 = ORIENTED_EDGE ( 'NONE', *, *, #6219, .T. ) ;
#6282 = CARTESIAN_POINT ( 'NONE',  ( 18.00000000000000355, 2.000000000000000000, -136.9999999999999716 ) ) ;
#6283 = CARTESIAN_POINT ( 'NONE',  ( 160.0000000000000000, -0.001000000000000132727, -117.9999999999999716 ) ) ;
#6284 = ORIENTED_EDGE ( 'NONE', *, *, #1482, .F. ) ;
#6285 = ORIENTED_EDGE ( 'NONE', *, *, #6524, .T. ) ;
#6286 = DIRECTION ( 'NONE',  ( 1.000000000000000000, 0.000000000000000000, 0.000000000000000000 ) ) ;
#6287 = EDGE_CURVE ( 'NONE', #3987, #7609, #1816, .T. ) ;
#6288 = AXIS2_PLACEMENT_3D ( 'NONE', #4979, #466, #513 ) ;
#6289 = ADVANCED_FACE ( 'NONE', ( #7065 ), #7710, .F. ) ;
#6290 = LINE ( 'NONE', #4818, #8017 ) ;
#6291 = FACE_OUTER_BOUND ( 'NONE', #924, .T. ) ;
#6292 = DIRECTION ( 'NONE',  ( 1.000000000000000000, 0.000000000000000000, -4.625929269271487689E-15 ) ) ;
#6293 = DIRECTION ( 'NONE',  ( -0.000000000000000000, 0.000000000000000000, -1.000000000000000000 ) ) ;
#6294 = DIRECTION ( 'NONE',  ( -2.168404344971008868E-16, -0.000000000000000000, -1.000000000000000000 ) ) ;
#6295 = DIRECTION ( 'NONE',  ( -0.000000000000000000, 1.000000000000000000, -0.000000000000000000 ) ) ;
#6296 = ORIENTED_EDGE ( 'NONE', *, *, #9526, .T. ) ;
#6297 = AXIS2_PLACEMENT_3D ( 'NONE', #6247, #3431, #3979 ) ;
#6298 = CONICAL_SURFACE ( 'NONE', #5661, 1.700000000000007061, 1.029744258676656310 ) ;
#6299 = DIRECTION ( 'NONE',  ( -0.000000000000000000, 1.000000000000000000, -0.000000000000000000 ) ) ;
#6300 = ADVANCED_FACE ( 'NONE', ( #8589 ), #7850, .F. ) ;
#6301 = ORIENTED_EDGE ( 'NONE', *, *, #7024, .F. ) ;
#6302 = ORIENTED_EDGE ( 'NONE', *, *, #8869, .T. ) ;
#6303 = AXIS2_PLACEMENT_3D ( 'NONE', #4821, #444, #6293 ) ;
#6304 = VECTOR ( 'NONE', #8408, 1000.000000000000000 ) ;
#6305 = LINE ( 'NONE', #7138, #7721 ) ;
#6306 = CARTESIAN_POINT ( 'NONE',  ( 78.00000000000000000, 14.00000000000000000, -44.00000000000001421 ) ) ;
#6307 = ORIENTED_EDGE ( 'NONE', *, *, #3596, .F. ) ;
#6308 = DIRECTION ( 'NONE',  ( -0.000000000000000000, 1.000000000000000000, -0.000000000000000000 ) ) ;
#6309 = DIRECTION ( 'NONE',  ( -0.000000000000000000, 1.000000000000000000, -0.000000000000000000 ) ) ;
#6310 = ORIENTED_EDGE ( 'NONE', *, *, #4792, .T. ) ;
#6311 = VECTOR ( 'NONE', #1635, 1000.000000000000000 ) ;
#6312 = ADVANCED_FACE ( 'NONE', ( #6243 ), #9220, .F. ) ;
#6313 = CARTESIAN_POINT ( 'NONE',  ( 184.0000000000000000, -0.001000000000000132727, -117.9999999999999858 ) ) ;
#6314 = VECTOR ( 'NONE', #3808, 1000.000000000000000 ) ;
#6315 = DIRECTION ( 'NONE',  ( -0.000000000000000000, 1.000000000000000000, -0.000000000000000000 ) ) ;
#6316 = EDGE_LOOP ( 'NONE', ( #8997, #1708, #3057, #9476 ) ) ;
#6317 = AXIS2_PLACEMENT_3D ( 'NONE', #9472, #2707, #5790 ) ;
#6318 = CARTESIAN_POINT ( 'NONE',  ( 177.0000000000000000, -0.001000000000000132727, -133.9999999999999716 ) ) ;
#6319 = VECTOR ( 'NONE', #7381, 1000.000000000000000 ) ;
#6320 = VECTOR ( 'NONE', #4494, 1000.000000000000000 ) ;
#6321 = CARTESIAN_POINT ( 'NONE',  ( 181.0000000000000000, 0.000000000000000000, -133.9999999999999716 ) ) ;
#6322 = ORIENTED_EDGE ( 'NONE', *, *, #1934, .F. ) ;
#6323 = DIRECTION ( 'NONE',  ( 0.000000000000000000, -0.000000000000000000, -1.000000000000000000 ) ) ;
#6324 = CARTESIAN_POINT ( 'NONE',  ( 51.00000000000000711, 4.000000000000000000, -117.9999999999999858 ) ) ;
#6325 = EDGE_CURVE ( 'NONE', #5434, #3558, #4768, .T. ) ;
#6326 = EDGE_LOOP ( 'NONE', ( #6186, #8416, #897, #6723 ) ) ;
#6327 = CIRCLE ( 'NONE', #5827, 1.750000000000001554 ) ;
#6328 = ORIENTED_EDGE ( 'NONE', *, *, #9245, .T. ) ;
#6329 = AXIS2_PLACEMENT_3D ( 'NONE', #7001, #1740, #5533 ) ;
#6330 = DIRECTION ( 'NONE',  ( 1.000000000000000000, 0.000000000000000000, -4.625929269271487689E-15 ) ) ;
#6331 = CARTESIAN_POINT ( 'NONE',  ( 23.99999999999999289, 21.00000000000000000, -107.9999999999999858 ) ) ;
#6332 = DIRECTION ( 'NONE',  ( 0.000000000000000000, 0.000000000000000000, 1.000000000000000000 ) ) ;
#6333 = VERTEX_POINT ( 'NONE', #6385 ) ;
#6334 = AXIS2_PLACEMENT_3D ( 'NONE', #6403, #9382, #2662 ) ;
#6335 = ORIENTED_EDGE ( 'NONE', *, *, #7635, .T. ) ;
#6336 = DIRECTION ( 'NONE',  ( 1.000000000000000000, 0.000000000000000000, 0.000000000000000000 ) ) ;
#6337 = CARTESIAN_POINT ( 'NONE',  ( 201.9999999999999432, -0.001000000000000132727, -33.00000000000000000 ) ) ;
#6338 = ORIENTED_EDGE ( 'NONE', *, *, #4378, .T. ) ;
#6339 = EDGE_CURVE ( 'NONE', #7685, #7993, #6565, .T. ) ;
#6340 = ORIENTED_EDGE ( 'NONE', *, *, #1413, .F. ) ;
#6341 = LINE ( 'NONE', #4016, #8029 ) ;
#6342 = DIRECTION ( 'NONE',  ( -1.000000000000000000, 0.000000000000000000, -0.000000000000000000 ) ) ;
#6343 = CARTESIAN_POINT ( 'NONE',  ( 168.9999999999999716, 18.00000000000000355, -108.9999999999999858 ) ) ;
#6344 = ORIENTED_EDGE ( 'NONE', *, *, #4898, .T. ) ;
#6345 = PLANE ( 'NONE',  #1607 ) ;
#6346 = CARTESIAN_POINT ( 'NONE',  ( 72.00000000000001421, 4.000000000000000000, -117.9999999999999858 ) ) ;
#6347 = CARTESIAN_POINT ( 'NONE',  ( 62.00000000000000711, -0.001000000000000132727, -117.9999999999999716 ) ) ;
#6348 = VECTOR ( 'NONE', #3603, 1000.000000000000000 ) ;
#6349 = DIRECTION ( 'NONE',  ( -0.000000000000000000, 1.000000000000000000, -0.000000000000000000 ) ) ;
#6350 = ORIENTED_EDGE ( 'NONE', *, *, #8919, .F. ) ;
#6351 = LINE ( 'NONE', #2613, #1260 ) ;
#6352 = EDGE_CURVE ( 'NONE', #9167, #5335, #988, .T. ) ;
#6353 = ORIENTED_EDGE ( 'NONE', *, *, #7876, .F. ) ;
#6354 = EDGE_LOOP ( 'NONE', ( #3730, #7159, #8259, #1754 ) ) ;
#6355 = PLANE ( 'NONE',  #7243 ) ;
#6356 = FACE_OUTER_BOUND ( 'NONE', #4591, .T. ) ;
#6357 = EDGE_LOOP ( 'NONE', ( #1247, #9565, #2869, #1157 ) ) ;
#6358 = DIRECTION ( 'NONE',  ( -0.000000000000000000, -1.000000000000000000, -0.000000000000000000 ) ) ;
#6359 = CIRCLE ( 'NONE', #2108, 3.000000000000002665 ) ;
#6360 = LINE ( 'NONE', #552, #1616 ) ;
#6361 = ORIENTED_EDGE ( 'NONE', *, *, #3596, .T. ) ;
#6362 = EDGE_CURVE ( 'NONE', #4596, #2656, #4424, .T. ) ;
#6363 = FACE_OUTER_BOUND ( 'NONE', #753, .T. ) ;
#6364 = ADVANCED_FACE ( 'NONE', ( #5732 ), #4205, .F. ) ;
#6365 = CARTESIAN_POINT ( 'NONE',  ( 215.9999999999999716, 14.00000000000003375, -103.9999999999999858 ) ) ;
#6366 = ORIENTED_EDGE ( 'NONE', *, *, #9221, .F. ) ;
#6367 = CARTESIAN_POINT ( 'NONE',  ( 102.0000000000000142, 2.000000000000000000, -20.99999999999999645 ) ) ;
#6368 = CARTESIAN_POINT ( 'NONE',  ( 191.0000000000000000, -0.001000000000000132727, -117.9999999999999858 ) ) ;
#6369 = CARTESIAN_POINT ( 'NONE',  ( 135.7199999999999704, 0.000000000000000000, -96.24999999999998579 ) ) ;
#6370 = DIRECTION ( 'NONE',  ( -2.168404344971008868E-16, -0.000000000000000000, -1.000000000000000000 ) ) ;
#6371 = VERTEX_POINT ( 'NONE', #1305 ) ;
#6372 = DIRECTION ( 'NONE',  ( -1.000000000000000000, 0.000000000000000000, 0.000000000000000000 ) ) ;
#6373 = EDGE_CURVE ( 'NONE', #5113, #1347, #4996, .T. ) ;
#6374 = EDGE_CURVE ( 'NONE', #6073, #6169, #481, .T. ) ;
#6375 = ORIENTED_EDGE ( 'NONE', *, *, #4874, .T. ) ;
#6376 = DIRECTION ( 'NONE',  ( -0.000000000000000000, 1.000000000000000000, -0.000000000000000000 ) ) ;
#6377 = DIRECTION ( 'NONE',  ( 2.168404344971008128E-16, 0.000000000000000000, 1.000000000000000000 ) ) ;
#6378 = CARTESIAN_POINT ( 'NONE',  ( 134.9999999999999716, 4.000000000000000000, -117.9999999999999858 ) ) ;
#6379 = ORIENTED_EDGE ( 'NONE', *, *, #3323, .T. ) ;
#6380 = CARTESIAN_POINT ( 'NONE',  ( 69.00000000000000000, 0.000000000000000000, -33.00000000000000711 ) ) ;
#6381 = EDGE_CURVE ( 'NONE', #5013, #978, #8083, .T. ) ;
#6382 = CIRCLE ( 'NONE', #9655, 3.000000000000002665 ) ;
#6383 = ORIENTED_EDGE ( 'NONE', *, *, #9589, .F. ) ;
#6384 = VERTEX_POINT ( 'NONE', #2043 ) ;
#6385 = CARTESIAN_POINT ( 'NONE',  ( 202.0000000000000000, 0.000000000000000000, -133.9999999999999716 ) ) ;
#6386 = CARTESIAN_POINT ( 'NONE',  ( 190.9999999999999432, -0.001000000000000132727, -33.00000000000000000 ) ) ;
#6387 = PLANE ( 'NONE',  #8271 ) ;
#6388 = VECTOR ( 'NONE', #9096, 1000.000000000000000 ) ;
#6389 = CARTESIAN_POINT ( 'NONE',  ( 181.0000000000000000, -0.001000000000000132727, -117.9999999999999716 ) ) ;
#6390 = DIRECTION ( 'NONE',  ( -1.000000000000000000, 0.000000000000000000, -0.000000000000000000 ) ) ;
#6391 = CARTESIAN_POINT ( 'NONE',  ( 205.0000000000000284, 0.000000000000000000, -133.9999999999999716 ) ) ;
#6392 = VECTOR ( 'NONE', #7320, 1000.000000000000000 ) ;
#6393 = CARTESIAN_POINT ( 'NONE',  ( 24.00000000000000000, 21.00000000000000000, -45.00000000000000000 ) ) ;
#6394 = VERTEX_POINT ( 'NONE', #8681 ) ;
#6395 = EDGE_CURVE ( 'NONE', #3705, #3004, #534, .T. ) ;
#6396 = FACE_OUTER_BOUND ( 'NONE', #7136, .T. ) ;
#6397 = ORIENTED_EDGE ( 'NONE', *, *, #7053, .T. ) ;
#6398 = VERTEX_POINT ( 'NONE', #398 ) ;
#6399 = DIRECTION ( 'NONE',  ( 0.000000000000000000, 0.000000000000000000, 1.000000000000000000 ) ) ;
#6400 = CARTESIAN_POINT ( 'NONE',  ( 23.00000000000000711, 13.99999999999997691, -48.99999999999997868 ) ) ;
#6401 = DIRECTION ( 'NONE',  ( 0.000000000000000000, 0.000000000000000000, 1.000000000000000000 ) ) ;
#6402 = DIRECTION ( 'NONE',  ( -0.000000000000000000, -1.000000000000000000, -0.000000000000000000 ) ) ;
#6403 = CARTESIAN_POINT ( 'NONE',  ( 76.00000000000001421, -0.001000000000000132727, -133.9999999999999716 ) ) ;
#6404 = EDGE_LOOP ( 'NONE', ( #7379, #1739, #6227, #9250 ) ) ;
#6405 = CARTESIAN_POINT ( 'NONE',  ( 72.00000000000001421, 0.000000000000000000, -17.00000000000000000 ) ) ;
#6406 = LINE ( 'NONE', #2665, #5180 ) ;
#6407 = ORIENTED_EDGE ( 'NONE', *, *, #1288, .F. ) ;
#6408 = EDGE_CURVE ( 'NONE', #1239, #967, #3563, .T. ) ;
#6409 = CARTESIAN_POINT ( 'NONE',  ( 51.00000000000000711, -0.001000000000000132727, -17.00000000000000000 ) ) ;
#6410 = ADVANCED_FACE ( 'NONE', ( #4951 ), #5645, .F. ) ;
#6411 = EDGE_CURVE ( 'NONE', #2514, #3320, #8521, .T. ) ;
#6412 = CYLINDRICAL_SURFACE ( 'NONE', #787, 1.750000000000001554 ) ;
#6413 = DIRECTION ( 'NONE',  ( -2.168404344971008868E-16, 0.000000000000000000, -1.000000000000000000 ) ) ;
#6414 = ORIENTED_EDGE ( 'NONE', *, *, #7861, .F. ) ;
#6415 = DIRECTION ( 'NONE',  ( -1.000000000000000000, 0.000000000000000000, 0.000000000000000000 ) ) ;
#6416 = VECTOR ( 'NONE', #8695, 1000.000000000000000 ) ;
#6417 = EDGE_CURVE ( 'NONE', #8950, #6574, #2777, .T. ) ;
#6418 = CARTESIAN_POINT ( 'NONE',  ( 159.9999999999999432, 0.000000000000000000, -17.00000000000000000 ) ) ;
#6419 = LINE ( 'NONE', #4297, #8797 ) ;
#6420 = VECTOR ( 'NONE', #8562, 1000.000000000000000 ) ;
#6421 = DIRECTION ( 'NONE',  ( 1.000000000000000000, 0.000000000000000000, -0.000000000000000000 ) ) ;
#6422 = ORIENTED_EDGE ( 'NONE', *, *, #2198, .T. ) ;
#6423 = LINE ( 'NONE', #475, #6706 ) ;
#6424 = EDGE_CURVE ( 'NONE', #6690, #1611, #8632, .T. ) ;
#6425 = ORIENTED_EDGE ( 'NONE', *, *, #2335, .T. ) ;
#6426 = ORIENTED_EDGE ( 'NONE', *, *, #8519, .F. ) ;
#6427 = LINE ( 'NONE', #7899, #4273 ) ;
#6428 = CARTESIAN_POINT ( 'NONE',  ( 135.7199999999999704, 6.000000000000001776, -97.99999999999998579 ) ) ;
#6429 = CARTESIAN_POINT ( 'NONE',  ( 0.000000000000000000, 2.000000000000000000, 0.000000000000000000 ) ) ;
#6430 = DIRECTION ( 'NONE',  ( 0.000000000000000000, 0.000000000000000000, 1.000000000000000000 ) ) ;
#6431 = CARTESIAN_POINT ( 'NONE',  ( 194.9999999999999432, 4.000000000000000000, -17.00000000000000000 ) ) ;
#6432 = CARTESIAN_POINT ( 'NONE',  ( 134.9999999999999716, 0.000000000000000000, -133.9999999999999716 ) ) ;
#6433 = FACE_OUTER_BOUND ( 'NONE', #7751, .T. ) ;
#6434 = ORIENTED_EDGE ( 'NONE', *, *, #5850, .T. ) ;
#6435 = ADVANCED_FACE ( 'NONE', ( #575 ), #4254, .T. ) ;
#6436 = EDGE_CURVE ( 'NONE', #3562, #763, #6427, .T. ) ;
#6437 = CARTESIAN_POINT ( 'NONE',  ( 118.0000000000000000, -0.001000000000000132727, -133.9999999999999716 ) ) ;
#6438 = ORIENTED_EDGE ( 'NONE', *, *, #1948, .T. ) ;
#6439 = ORIENTED_EDGE ( 'NONE', *, *, #2922, .F. ) ;
#6440 = LINE ( 'NONE', #6175, #6694 ) ;
#6441 = DIRECTION ( 'NONE',  ( 0.000000000000000000, 0.000000000000000000, -1.000000000000000000 ) ) ;
#6442 = DIRECTION ( 'NONE',  ( -1.000000000000000000, 0.000000000000000000, 0.000000000000000000 ) ) ;
#6443 = CIRCLE ( 'NONE', #1572, 3.000000000000002665 ) ;
#6444 = CARTESIAN_POINT ( 'NONE',  ( 212.0000000000000000, 0.000000000000000000, -133.9999999999999716 ) ) ;
#6445 = DIRECTION ( 'NONE',  ( -0.000000000000000000, 1.000000000000000000, -0.000000000000000000 ) ) ;
#6446 = EDGE_LOOP ( 'NONE', ( #7308, #6990, #2900 ) ) ;
#6447 = CARTESIAN_POINT ( 'NONE',  ( 102.0000000000000142, 2.000000000000000000, -36.69999999999999574 ) ) ;
#6448 = PLANE ( 'NONE',  #5509 ) ;
#6449 = CIRCLE ( 'NONE', #4242, 1.750000000000001554 ) ;
#6450 = VECTOR ( 'NONE', #1850, 1000.000000000000000 ) ;
#6451 = EDGE_CURVE ( 'NONE', #6809, #7732, #1162, .T. ) ;
#6452 = VERTEX_POINT ( 'NONE', #9406 ) ;
#6453 = CARTESIAN_POINT ( 'NONE',  ( 181.0000000000000000, 0.000000000000000000, -117.9999999999999716 ) ) ;
#6454 = EDGE_CURVE ( 'NONE', #7687, #5942, #2733, .T. ) ;
#6455 = DIRECTION ( 'NONE',  ( -1.000000000000000000, -0.000000000000000000, -0.000000000000000000 ) ) ;
#6456 = AXIS2_PLACEMENT_3D ( 'NONE', #8547, #7764, #6342 ) ;
#6457 = DIRECTION ( 'NONE',  ( 0.000000000000000000, 0.000000000000000000, 1.000000000000000000 ) ) ;
#6458 = ORIENTED_EDGE ( 'NONE', *, *, #1554, .F. ) ;
#6459 = PLANE ( 'NONE',  #2231 ) ;
#6460 = EDGE_CURVE ( 'NONE', #1985, #9387, #3898, .T. ) ;
#6461 = VECTOR ( 'NONE', #951, 1000.000000000000000 ) ;
#6462 = VECTOR ( 'NONE', #4783, 1000.000000000000000 ) ;
#6463 = EDGE_CURVE ( 'NONE', #9428, #1911, #7640, .T. ) ;
#6464 = VECTOR ( 'NONE', #8119, 1000.000000000000000 ) ;
#6465 = DIRECTION ( 'NONE',  ( -0.000000000000000000, 1.000000000000000000, -0.000000000000000000 ) ) ;
#6466 = CARTESIAN_POINT ( 'NONE',  ( 135.7199999999999704, 6.000000000000000000, -48.99999999999999289 ) ) ;
#6467 = VECTOR ( 'NONE', #1620, 1000.000000000000000 ) ;
#6468 = DIRECTION ( 'NONE',  ( -6.938893903907223447E-16, 0.000000000000000000, -1.000000000000000000 ) ) ;
#6469 = VERTEX_POINT ( 'NONE', #2875 ) ;
#6470 = DIRECTION ( 'NONE',  ( 1.000000000000000000, 0.000000000000000000, -4.625929269271487689E-15 ) ) ;
#6471 = EDGE_CURVE ( 'NONE', #4423, #286, #2435, .T. ) ;
#6472 = EDGE_CURVE ( 'NONE', #147, #7060, #5139, .T. ) ;
#6473 = EDGE_CURVE ( 'NONE', #9615, #1542, #9601, .T. ) ;
#6474 = VECTOR ( 'NONE', #8844, 1000.000000000000000 ) ;
#6475 = CIRCLE ( 'NONE', #8186, 1.750000000000001554 ) ;
#6476 = VERTEX_POINT ( 'NONE', #9094 ) ;
#6477 = VERTEX_POINT ( 'NONE', #5383 ) ;
#6478 = DIRECTION ( 'NONE',  ( -0.000000000000000000, 1.000000000000000000, -0.000000000000000000 ) ) ;
#6479 = VECTOR ( 'NONE', #3062, 1000.000000000000000 ) ;
#6480 = DIRECTION ( 'NONE',  ( -1.000000000000000000, 0.000000000000000000, 0.000000000000000000 ) ) ;
#6481 = DIRECTION ( 'NONE',  ( -1.000000000000000000, 0.000000000000000000, -0.000000000000000000 ) ) ;
#6482 = LINE ( 'NONE', #9271, #6593 ) ;
#6483 = DIRECTION ( 'NONE',  ( -1.000000000000000000, 0.000000000000000000, 0.000000000000000000 ) ) ;
#6484 = FACE_OUTER_BOUND ( 'NONE', #7915, .T. ) ;
#6485 = DIRECTION ( 'NONE',  ( 1.000000000000000000, 0.000000000000000000, -0.000000000000000000 ) ) ;
#6486 = VERTEX_POINT ( 'NONE', #8864 ) ;
#6487 = LINE ( 'NONE', #448, #9263 ) ;
#6488 = VECTOR ( 'NONE', #8875, 1000.000000000000000 ) ;
#6489 = ORIENTED_EDGE ( 'NONE', *, *, #7302, .T. ) ;
#6490 = ORIENTED_EDGE ( 'NONE', *, *, #3564, .T. ) ;
#6491 = ORIENTED_EDGE ( 'NONE', *, *, #6182, .T. ) ;
#6492 = ADVANCED_FACE ( 'NONE', ( #1697 ), #8467, .F. ) ;
#6493 = DIRECTION ( 'NONE',  ( 1.000000000000000000, 0.000000000000000000, -4.625929269271486900E-15 ) ) ;
#6494 = CARTESIAN_POINT ( 'NONE',  ( 90.00000000000000000, -0.001000000000000132727, -117.9999999999999716 ) ) ;
#6495 = DIRECTION ( 'NONE',  ( -0.000000000000000000, -1.000000000000000000, -0.000000000000000000 ) ) ;
#6496 = AXIS2_PLACEMENT_3D ( 'NONE', #5098, #3527, #6483 ) ;
#6497 = LINE ( 'NONE', #5576, #6103 ) ;
#6498 = LINE ( 'NONE', #1271, #9602 ) ;
#6499 = ORIENTED_EDGE ( 'NONE', *, *, #5037, .T. ) ;
#6500 = CARTESIAN_POINT ( 'NONE',  ( 23.99999999999999289, 29.00000000000000000, -107.9999999999999858 ) ) ;
#6501 = DIRECTION ( 'NONE',  ( -1.000000000000000000, 0.000000000000000000, -0.000000000000000000 ) ) ;
#6502 = VECTOR ( 'NONE', #3368, 1000.000000000000000 ) ;
#6503 = ORIENTED_EDGE ( 'NONE', *, *, #4232, .T. ) ;
#6504 = CARTESIAN_POINT ( 'NONE',  ( 77.71999999999998465, 6.000000000000000000, -47.24999999999999289 ) ) ;
#6505 = PLANE ( 'NONE',  #6130 ) ;
#6506 = DIRECTION ( 'NONE',  ( -0.000000000000000000, 1.000000000000000000, -0.000000000000000000 ) ) ;
#6507 = ORIENTED_EDGE ( 'NONE', *, *, #2980, .F. ) ;
#6508 = VERTEX_POINT ( 'NONE', #4685 ) ;
#6509 = FACE_OUTER_BOUND ( 'NONE', #6667, .T. ) ;
#6510 = DIRECTION ( 'NONE',  ( 0.000000000000000000, 0.000000000000000000, 1.000000000000000000 ) ) ;
#6511 = EDGE_CURVE ( 'NONE', #8170, #6080, #5545, .T. ) ;
#6512 = FACE_OUTER_BOUND ( 'NONE', #5848, .T. ) ;
#6513 = DIRECTION ( 'NONE',  ( -0.000000000000000000, 1.000000000000000000, -0.000000000000000000 ) ) ;
#6514 = EDGE_CURVE ( 'NONE', #89, #6469, #9198, .T. ) ;
#6515 = LINE ( 'NONE', #9492, #5238 ) ;
#6516 = ORIENTED_EDGE ( 'NONE', *, *, #718, .F. ) ;
#6517 = CARTESIAN_POINT ( 'NONE',  ( 90.00000000000000000, -0.001000000000000132727, -117.9999999999999716 ) ) ;
#6518 = ORIENTED_EDGE ( 'NONE', *, *, #3347, .F. ) ;
#6519 = VERTEX_POINT ( 'NONE', #172 ) ;
#6520 = DIRECTION ( 'NONE',  ( 0.000000000000000000, 0.000000000000000000, 1.000000000000000000 ) ) ;
#6521 = EDGE_CURVE ( 'NONE', #1604, #9232, #4581, .T. ) ;
#6522 = CYLINDRICAL_SURFACE ( 'NONE', #5816, 1.749999999999987566 ) ;
#6523 = LINE ( 'NONE', #8866, #5090 ) ;
#6524 = EDGE_CURVE ( 'NONE', #7732, #81, #366, .T. ) ;
#6525 = FACE_BOUND ( 'NONE', #1384, .T. ) ;
#6526 = FACE_OUTER_BOUND ( 'NONE', #9219, .T. ) ;
#6527 = EDGE_CURVE ( 'NONE', #8036, #4595, #3665, .T. ) ;
#6528 = CARTESIAN_POINT ( 'NONE',  ( 102.0000000000000142, 8.000000000000001776, -22.69999999999999218 ) ) ;
#6529 = CARTESIAN_POINT ( 'NONE',  ( 93.00000000000000000, 4.000000000000000000, -133.9999999999999716 ) ) ;
#6530 = ORIENTED_EDGE ( 'NONE', *, *, #8951, .F. ) ;
#6531 = DIRECTION ( 'NONE',  ( -2.168404344971008868E-16, 0.000000000000000000, -1.000000000000000000 ) ) ;
#6532 = EDGE_LOOP ( 'NONE', ( #3394, #879, #2444, #7794, #4890 ) ) ;
#6533 = ORIENTED_EDGE ( 'NONE', *, *, #2399, .F. ) ;
#6534 = ORIENTED_EDGE ( 'NONE', *, *, #6064, .F. ) ;
#6535 = DIRECTION ( 'NONE',  ( 4.625929269271487689E-15, 0.000000000000000000, 1.000000000000000000 ) ) ;
#6536 = CARTESIAN_POINT ( 'NONE',  ( 44.00000000000000000, 4.000000000000000000, -33.00000000000000000 ) ) ;
#6537 = CIRCLE ( 'NONE', #5127, 2.999999999999995559 ) ;
#6538 = DIRECTION ( 'NONE',  ( 0.000000000000000000, 0.000000000000000000, 1.000000000000000000 ) ) ;
#6539 = LINE ( 'NONE', #8055, #3857 ) ;
#6540 = CARTESIAN_POINT ( 'NONE',  ( 23.00000000000000000, 29.00000000000000000, -108.9999999999999858 ) ) ;
#6541 = VERTEX_POINT ( 'NONE', #6905 ) ;
#6542 = FACE_BOUND ( 'NONE', #8248, .T. ) ;
#6543 = EDGE_CURVE ( 'NONE', #6014, #6610, #3173, .T. ) ;
#6544 = CARTESIAN_POINT ( 'NONE',  ( 135.7199999999999704, 6.000000000000000000, -99.74999999999998579 ) ) ;
#6545 = VERTEX_POINT ( 'NONE', #3221 ) ;
#6546 = FACE_OUTER_BOUND ( 'NONE', #1638, .T. ) ;
#6547 = EDGE_CURVE ( 'NONE', #3508, #2321, #2394, .T. ) ;
#6548 = LINE ( 'NONE', #2804, #3744 ) ;
#6549 = LINE ( 'NONE', #3409, #8776 ) ;
#6550 = DIRECTION ( 'NONE',  ( 0.000000000000000000, 0.000000000000000000, 1.000000000000000000 ) ) ;
#6551 = EDGE_LOOP ( 'NONE', ( #146, #1841, #1287, #4189 ) ) ;
#6552 = ORIENTED_EDGE ( 'NONE', *, *, #1394, .T. ) ;
#6553 = DIRECTION ( 'NONE',  ( 0.000000000000000000, 0.000000000000000000, -1.000000000000000000 ) ) ;
#6554 = EDGE_CURVE ( 'NONE', #6797, #8723, #1397, .T. ) ;
#6555 = VECTOR ( 'NONE', #8136, 1000.000000000000000 ) ;
#6556 = ADVANCED_FACE ( 'NONE', ( #6668 ), #3121, .F. ) ;
#6557 = CARTESIAN_POINT ( 'NONE',  ( 167.0000000000000000, 4.000000000000000000, -117.9999999999999716 ) ) ;
#6558 = CARTESIAN_POINT ( 'NONE',  ( 48.00000000000000000, 4.000000000000000000, -33.00000000000000711 ) ) ;
#6559 = DIRECTION ( 'NONE',  ( -1.000000000000000000, 0.000000000000000000, 0.000000000000000000 ) ) ;
#6560 = CARTESIAN_POINT ( 'NONE',  ( 166.9999999999999432, 0.000000000000000000, -33.00000000000000000 ) ) ;
#6561 = VERTEX_POINT ( 'NONE', #7345 ) ;
#6562 = VECTOR ( 'NONE', #6715, 1000.000000000000000 ) ;
#6563 = ORIENTED_EDGE ( 'NONE', *, *, #2320, .T. ) ;
#6564 = EDGE_LOOP ( 'NONE', ( #1129, #7755, #9628, #7573 ) ) ;
#6565 = LINE ( 'NONE', #7119, #5379 ) ;
#6566 = AXIS2_PLACEMENT_3D ( 'NONE', #113, #3061, #6052 ) ;
#6567 = CARTESIAN_POINT ( 'NONE',  ( 41.00000000000000000, -0.001000000000000132727, -117.9999999999999716 ) ) ;
#6568 = CARTESIAN_POINT ( 'NONE',  ( 55.00000000000000711, 4.000000000000000000, -17.00000000000000000 ) ) ;
#6569 = ADVANCED_FACE ( 'NONE', ( #621 ), #7396, .F. ) ;
#6570 = FACE_BOUND ( 'NONE', #8922, .T. ) ;
#6571 = DIRECTION ( 'NONE',  ( 0.000000000000000000, 0.000000000000000000, 1.000000000000000000 ) ) ;
#6572 = CARTESIAN_POINT ( 'NONE',  ( 135.7199999999999704, 4.000000000000000000, -48.99999999999999289 ) ) ;
#6573 = CARTESIAN_POINT ( 'NONE',  ( 97.00000000000000000, 0.000000000000000000, -117.9999999999999716 ) ) ;
#6574 = VERTEX_POINT ( 'NONE', #9390 ) ;
#6575 = DIRECTION ( 'NONE',  ( -1.000000000000000000, 0.000000000000000000, 0.000000000000000000 ) ) ;
#6576 = ADVANCED_FACE ( 'NONE', ( #9345 ), #7739, .F. ) ;
#6577 = EDGE_CURVE ( 'NONE', #5369, #4117, #273, .T. ) ;
#6578 = ORIENTED_EDGE ( 'NONE', *, *, #3046, .T. ) ;
#6579 = ORIENTED_EDGE ( 'NONE', *, *, #1449, .T. ) ;
#6580 = VERTEX_POINT ( 'NONE', #422 ) ;
#6581 = LINE ( 'NONE', #2839, #6154 ) ;
#6582 = LINE ( 'NONE', #1267, #9214 ) ;
#6583 = DIRECTION ( 'NONE',  ( -0.000000000000000000, 1.000000000000000000, -0.000000000000000000 ) ) ;
#6584 = LINE ( 'NONE', #2255, #4324 ) ;
#6585 = DIRECTION ( 'NONE',  ( 1.000000000000000000, 0.000000000000000000, -4.625929269271487689E-15 ) ) ;
#6586 = EDGE_LOOP ( 'NONE', ( #6911, #907, #3650, #9456 ) ) ;
#6587 = ORIENTED_EDGE ( 'NONE', *, *, #2106, .F. ) ;
#6588 = DIRECTION ( 'NONE',  ( 0.000000000000000000, 0.000000000000000000, 1.000000000000000000 ) ) ;
#6589 = EDGE_CURVE ( 'NONE', #3908, #4036, #2527, .T. ) ;
#6590 = DIRECTION ( 'NONE',  ( 1.000000000000000000, 0.000000000000000000, -2.168404344971008868E-16 ) ) ;
#6591 = ORIENTED_EDGE ( 'NONE', *, *, #2433, .T. ) ;
#6592 = CARTESIAN_POINT ( 'NONE',  ( 44.00000000000000000, 0.000000000000000000, -33.00000000000000000 ) ) ;
#6593 = VECTOR ( 'NONE', #5561, 1000.000000000000000 ) ;
#6594 = LINE ( 'NONE', #9577, #9389 ) ;
#6595 = EDGE_CURVE ( 'NONE', #2377, #9137, #5670, .T. ) ;
#6596 = EDGE_CURVE ( 'NONE', #815, #9173, #1145, .T. ) ;
#6597 = DIRECTION ( 'NONE',  ( 0.000000000000000000, -1.000000000000000000, 0.000000000000000000 ) ) ;
#6598 = DIRECTION ( 'NONE',  ( -1.000000000000000000, 0.000000000000000000, -0.000000000000000000 ) ) ;
#6599 = ORIENTED_EDGE ( 'NONE', *, *, #1920, .F. ) ;
#6600 = ORIENTED_EDGE ( 'NONE', *, *, #2448, .T. ) ;
#6601 = DIRECTION ( 'NONE',  ( -0.000000000000000000, 1.000000000000000000, -0.000000000000000000 ) ) ;
#6602 = AXIS2_PLACEMENT_3D ( 'NONE', #9561, #4363, #8102 ) ;
#6603 = CARTESIAN_POINT ( 'NONE',  ( 27.00000000000000000, -0.001000000000000132727, -33.00000000000000711 ) ) ;
#6604 = DIRECTION ( 'NONE',  ( 1.000000000000000000, 0.000000000000000000, -2.168404344971008868E-16 ) ) ;
#6605 = VECTOR ( 'NONE', #7207, 1000.000000000000000 ) ;
#6606 = VECTOR ( 'NONE', #6786, 1000.000000000000000 ) ;
#6607 = ADVANCED_FACE ( 'NONE', ( #3407 ), #321, .F. ) ;
#6608 = CARTESIAN_POINT ( 'NONE',  ( 225.7699999999999818, 2.000000000000000000, -7.000000000000000000 ) ) ;
#6609 = CARTESIAN_POINT ( 'NONE',  ( 86.00000000000000000, -0.001000000000000132727, -133.9999999999999716 ) ) ;
#6610 = VERTEX_POINT ( 'NONE', #2667 ) ;
#6611 = VECTOR ( 'NONE', #627, 1000.000000000000000 ) ;
#6612 = VECTOR ( 'NONE', #1083, 1000.000000000000000 ) ;
#6613 = VECTOR ( 'NONE', #8386, 1000.000000000000000 ) ;
#6614 = EDGE_LOOP ( 'NONE', ( #5597, #2119, #4535, #5975 ) ) ;
#6615 = ORIENTED_EDGE ( 'NONE', *, *, #217, .T. ) ;
#6616 = CARTESIAN_POINT ( 'NONE',  ( 225.7699999999999818, 4.000000000000000000, -7.000000000000000000 ) ) ;
#6617 = AXIS2_PLACEMENT_3D ( 'NONE', #5604, #932, #3286 ) ;
#6618 = DIRECTION ( 'NONE',  ( 1.000000000000000000, 0.000000000000000000, -4.625929269271487689E-15 ) ) ;
#6619 = DIRECTION ( 'NONE',  ( 0.000000000000000000, 0.000000000000000000, -1.000000000000000000 ) ) ;
#6620 = AXIS2_PLACEMENT_3D ( 'NONE', #3846, #1533, #2861 ) ;
#6621 = VECTOR ( 'NONE', #4745, 1000.000000000000000 ) ;
#6622 = FACE_BOUND ( 'NONE', #3217, .T. ) ;
#6623 = LINE ( 'NONE', #1959, #6806 ) ;
#6624 = CARTESIAN_POINT ( 'NONE',  ( 48.00000000000000000, -0.001000000000000132727, -117.9999999999999716 ) ) ;
#6625 = LINE ( 'NONE', #7500, #9677 ) ;
#6626 = VERTEX_POINT ( 'NONE', #2717 ) ;
#6627 = DIRECTION ( 'NONE',  ( 0.000000000000000000, 1.000000000000000000, 0.000000000000000000 ) ) ;
#6628 = AXIS2_PLACEMENT_3D ( 'NONE', #6367, #5584, #1050 ) ;
#6629 = VECTOR ( 'NONE', #1958, 1000.000000000000000 ) ;
#6630 = ADVANCED_FACE ( 'NONE', ( #5629 ), #1187, .F. ) ;
#6631 = ORIENTED_EDGE ( 'NONE', *, *, #6993, .T. ) ;
#6632 = EDGE_LOOP ( 'NONE', ( #1039, #1042, #771, #7839, #8452, #4577, #7878, #1286, #1503, #9197, #1887, #303, #6803, #3170, #8342, #7746 ) ) ;
#6633 = LINE ( 'NONE', #2747, #2055 ) ;
#6634 = CARTESIAN_POINT ( 'NONE',  ( 27.00000000000000000, 4.000000000000000000, -133.9999999999999716 ) ) ;
#6635 = CARTESIAN_POINT ( 'NONE',  ( 162.9999999999999432, 0.000000000000000000, -33.00000000000000000 ) ) ;
#6636 = LINE ( 'NONE', #8979, #5599 ) ;
#6637 = LINE ( 'NONE', #3584, #1836 ) ;
#6638 = ORIENTED_EDGE ( 'NONE', *, *, #3411, .T. ) ;
#6639 = EDGE_CURVE ( 'NONE', #5137, #6179, #8663, .T. ) ;
#6640 = ORIENTED_EDGE ( 'NONE', *, *, #4584, .F. ) ;
#6641 = VECTOR ( 'NONE', #6796, 1000.000000000000000 ) ;
#6642 = FACE_BOUND ( 'NONE', #709, .T. ) ;
#6643 = VECTOR ( 'NONE', #3718, 1000.000000000000000 ) ;
#6644 = LINE ( 'NONE', #1520, #6127 ) ;
#6645 = VECTOR ( 'NONE', #2880, 1000.000000000000000 ) ;
#6646 = ORIENTED_EDGE ( 'NONE', *, *, #4989, .T. ) ;
#6647 = CARTESIAN_POINT ( 'NONE',  ( 121.0000000000000000, 0.000000000000000000, -133.9999999999999716 ) ) ;
#6648 = EDGE_CURVE ( 'NONE', #4471, #5164, #376, .T. ) ;
#6649 = CARTESIAN_POINT ( 'NONE',  ( 27.00000000000000000, 4.000000000000000000, -133.9999999999999716 ) ) ;
#6650 = CARTESIAN_POINT ( 'NONE',  ( 215.9999999999999716, 9.000000000000001776, -103.9999999999999858 ) ) ;
#6651 = EDGE_CURVE ( 'NONE', #7343, #2489, #3452, .T. ) ;
#6652 = ORIENTED_EDGE ( 'NONE', *, *, #8033, .F. ) ;
#6653 = EDGE_LOOP ( 'NONE', ( #637, #3100, #6069, #744 ) ) ;
#6654 = VECTOR ( 'NONE', #3595, 1000.000000000000000 ) ;
#6655 = LINE ( 'NONE', #3066, #8522 ) ;
#6656 = CARTESIAN_POINT ( 'NONE',  ( 77.71999999999999886, 6.000000000000000000, -97.99999999999998579 ) ) ;
#6657 = DIRECTION ( 'NONE',  ( -1.000000000000000000, 0.000000000000000000, 0.000000000000000000 ) ) ;
#6658 = PLANE ( 'NONE',  #4895 ) ;
#6659 = PLANE ( 'NONE',  #3049 ) ;
#6660 = ORIENTED_EDGE ( 'NONE', *, *, #647, .F. ) ;
#6661 = ORIENTED_EDGE ( 'NONE', *, *, #2734, .T. ) ;
#6662 = ADVANCED_FACE ( 'NONE', ( #6269 ), #8355, .F. ) ;
#6663 = CIRCLE ( 'NONE', #858, 1.700000000000007061 ) ;
#6664 = EDGE_CURVE ( 'NONE', #3065, #5067, #1007, .T. ) ;
#6665 = VECTOR ( 'NONE', #7154, 1000.000000000000000 ) ;
#6666 = ORIENTED_EDGE ( 'NONE', *, *, #8389, .F. ) ;
#6667 = EDGE_LOOP ( 'NONE', ( #5091, #8414, #1628, #479 ) ) ;
#6668 = FACE_OUTER_BOUND ( 'NONE', #7925, .T. ) ;
#6669 = LINE ( 'NONE', #2338, #5353 ) ;
#6670 = CARTESIAN_POINT ( 'NONE',  ( 212.0000000000000000, 4.000000000000000000, -133.9999999999999716 ) ) ;
#6671 = ADVANCED_FACE ( 'NONE', ( #4148 ), #4841, .F. ) ;
#6672 = CARTESIAN_POINT ( 'NONE',  ( 83.00000000000000000, -0.001000000000000132727, -117.9999999999999716 ) ) ;
#6673 = CARTESIAN_POINT ( 'NONE',  ( 211.9999999999999716, 4.000000000000000000, -33.00000000000000000 ) ) ;
#6674 = ORIENTED_EDGE ( 'NONE', *, *, #7660, .F. ) ;
#6675 = LINE ( 'NONE', #6029, #7814 ) ;
#6676 = VERTEX_POINT ( 'NONE', #1883 ) ;
#6677 = CARTESIAN_POINT ( 'NONE',  ( 65.00000000000000000, -0.001000000000000132727, -133.9999999999999716 ) ) ;
#6678 = VERTEX_POINT ( 'NONE', #3998 ) ;
#6679 = ORIENTED_EDGE ( 'NONE', *, *, #3701, .F. ) ;
#6680 = DIRECTION ( 'NONE',  ( -0.000000000000000000, -1.000000000000000000, -0.000000000000000000 ) ) ;
#6681 = CARTESIAN_POINT ( 'NONE',  ( 127.4999999999999432, 14.00000000000000000, -41.00000000000000000 ) ) ;
#6682 = CYLINDRICAL_SURFACE ( 'NONE', #1998, 2.999999999999995559 ) ;
#6683 = PLANE ( 'NONE',  #6756 ) ;
#6684 = DIRECTION ( 'NONE',  ( 1.000000000000000000, 0.000000000000000000, -2.168404344971008868E-16 ) ) ;
#6685 = LINE ( 'NONE', #4320, #9496 ) ;
#6686 = ORIENTED_EDGE ( 'NONE', *, *, #576, .F. ) ;
#6687 = FACE_BOUND ( 'NONE', #1404, .T. ) ;
#6688 = AXIS2_PLACEMENT_3D ( 'NONE', #4617, #3879, #4022 ) ;
#6689 = CARTESIAN_POINT ( 'NONE',  ( 135.7199999999999704, 6.000000000000000000, -51.99999999999999289 ) ) ;
#6690 = VERTEX_POINT ( 'NONE', #7148 ) ;
#6691 = CARTESIAN_POINT ( 'NONE',  ( 30.00000000000000000, 4.000000000000000000, -117.9999999999999858 ) ) ;
#6692 = ORIENTED_EDGE ( 'NONE', *, *, #2870, .F. ) ;
#6693 = DIRECTION ( 'NONE',  ( 0.000000000000000000, 0.000000000000000000, 1.000000000000000000 ) ) ;
#6694 = VECTOR ( 'NONE', #5482, 1000.000000000000000 ) ;
#6695 = LINE ( 'NONE', #7375, #5501 ) ;
#6696 = ORIENTED_EDGE ( 'NONE', *, *, #8033, .T. ) ;
#6697 = FACE_OUTER_BOUND ( 'NONE', #7968, .T. ) ;
#6698 = LINE ( 'NONE', #8214, #7881 ) ;
#6699 = VERTEX_POINT ( 'NONE', #9244 ) ;
#6700 = EDGE_CURVE ( 'NONE', #288, #4332, #8525, .T. ) ;
#6701 = EDGE_CURVE ( 'NONE', #5470, #908, #7833, .T. ) ;
#6702 = EDGE_CURVE ( 'NONE', #7553, #6895, #2583, .T. ) ;
#6703 = CARTESIAN_POINT ( 'NONE',  ( 111.0000000000000000, -0.001000000000000132727, -133.9999999999999716 ) ) ;
#6704 = CARTESIAN_POINT ( 'NONE',  ( 23.00000000000000000, 29.00000000000000000, -44.00000000000000711 ) ) ;
#6705 = VERTEX_POINT ( 'NONE', #4372 ) ;
#6706 = VECTOR ( 'NONE', #9401, 1000.000000000000000 ) ;
#6707 = DIRECTION ( 'NONE',  ( -0.000000000000000000, 0.000000000000000000, 1.000000000000000000 ) ) ;
#6708 = ORIENTED_EDGE ( 'NONE', *, *, #5787, .T. ) ;
#6709 = ORIENTED_EDGE ( 'NONE', *, *, #4529, .F. ) ;
#6710 = CIRCLE ( 'NONE', #8270, 1.749999999999987566 ) ;
#6711 = ADVANCED_FACE ( 'NONE', ( #3503 ), #4977, .T. ) ;
#6712 = ORIENTED_EDGE ( 'NONE', *, *, #371, .F. ) ;
#6713 = VERTEX_POINT ( 'NONE', #6647 ) ;
#6714 = CARTESIAN_POINT ( 'NONE',  ( 37.00000000000000000, 0.000000000000000000, -133.9999999999999716 ) ) ;
#6715 = DIRECTION ( 'NONE',  ( -0.000000000000000000, 1.000000000000000000, -0.000000000000000000 ) ) ;
#6716 = CARTESIAN_POINT ( 'NONE',  ( 30.00000000000000000, 4.000000000000000000, -33.00000000000000000 ) ) ;
#6717 = LINE ( 'NONE', #2241, #1757 ) ;
#6718 = VERTEX_POINT ( 'NONE', #6691 ) ;
#6719 = EDGE_CURVE ( 'NONE', #7386, #3060, #7283, .T. ) ;
#6720 = DIRECTION ( 'NONE',  ( 0.000000000000000000, 0.000000000000000000, -1.000000000000000000 ) ) ;
#6721 = ORIENTED_EDGE ( 'NONE', *, *, #8389, .T. ) ;
#6722 = DIRECTION ( 'NONE',  ( -0.000000000000000000, 1.000000000000000000, -0.000000000000000000 ) ) ;
#6723 = ORIENTED_EDGE ( 'NONE', *, *, #4120, .F. ) ;
#6724 = ORIENTED_EDGE ( 'NONE', *, *, #3461, .T. ) ;
#6725 = LINE ( 'NONE', #8192, #8804 ) ;
#6726 = LINE ( 'NONE', #9710, #9421 ) ;
#6727 = CARTESIAN_POINT ( 'NONE',  ( 177.0000000000000000, -0.001000000000000132727, -133.9999999999999716 ) ) ;
#6728 = ADVANCED_FACE ( 'NONE', ( #2120 ), #5018, .F. ) ;
#6729 = ADVANCED_FACE ( 'NONE', ( #1334 ), #8792, .F. ) ;
#6730 = DIRECTION ( 'NONE',  ( -1.000000000000000000, 0.000000000000000000, 0.000000000000000000 ) ) ;
#6731 = PLANE ( 'NONE',  #6846 ) ;
#6732 = FACE_OUTER_BOUND ( 'NONE', #1664, .T. ) ;
#6733 = ORIENTED_EDGE ( 'NONE', *, *, #7066, .F. ) ;
#6734 = AXIS2_PLACEMENT_3D ( 'NONE', #2573, #367, #5662 ) ;
#6735 = FACE_BOUND ( 'NONE', #1049, .T. ) ;
#6736 = LINE ( 'NONE', #3780, #8478 ) ;
#6737 = EDGE_LOOP ( 'NONE', ( #1262, #7311 ) ) ;
#6738 = ORIENTED_EDGE ( 'NONE', *, *, #4478, .T. ) ;
#6739 = DIRECTION ( 'NONE',  ( -1.000000000000000000, 0.000000000000000000, 2.168404344971008128E-16 ) ) ;
#6740 = LINE ( 'NONE', #2214, #6925 ) ;
#6741 = DIRECTION ( 'NONE',  ( 0.000000000000000000, 0.000000000000000000, -1.000000000000000000 ) ) ;
#6742 = ORIENTED_EDGE ( 'NONE', *, *, #3323, .F. ) ;
#6743 = FACE_OUTER_BOUND ( 'NONE', #6326, .T. ) ;
#6744 = ORIENTED_EDGE ( 'NONE', *, *, #6460, .F. ) ;
#6745 = FACE_OUTER_BOUND ( 'NONE', #873, .T. ) ;
#6746 = CARTESIAN_POINT ( 'NONE',  ( 190.9999999999999432, -0.001000000000000132727, -33.00000000000000000 ) ) ;
#6747 = EDGE_CURVE ( 'NONE', #8019, #3326, #2074, .T. ) ;
#6748 = ORIENTED_EDGE ( 'NONE', *, *, #1197, .F. ) ;
#6749 = FACE_OUTER_BOUND ( 'NONE', #9331, .T. ) ;
#6750 = CARTESIAN_POINT ( 'NONE',  ( 128.0000000000000000, 0.000000000000000000, -133.9999999999999716 ) ) ;
#6751 = VECTOR ( 'NONE', #7572, 1000.000000000000000 ) ;
#6752 = DIRECTION ( 'NONE',  ( 0.000000000000000000, 0.000000000000000000, 1.000000000000000000 ) ) ;
#6753 = ORIENTED_EDGE ( 'NONE', *, *, #8445, .T. ) ;
#6754 = EDGE_LOOP ( 'NONE', ( #320, #8645, #2616, #2932 ) ) ;
#6755 = ADVANCED_FACE ( 'NONE', ( #6546 ), #9525, .F. ) ;
#6756 = AXIS2_PLACEMENT_3D ( 'NONE', #1268, #5939, #2012 ) ;
#6757 = VERTEX_POINT ( 'NONE', #652 ) ;
#6758 = ORIENTED_EDGE ( 'NONE', *, *, #9245, .F. ) ;
#6759 = DIRECTION ( 'NONE',  ( 0.000000000000000000, 0.000000000000000000, 1.000000000000000000 ) ) ;
#6760 = CARTESIAN_POINT ( 'NONE',  ( 62.00000000000000711, 0.000000000000000000, -133.9999999999999716 ) ) ;
#6761 = VECTOR ( 'NONE', #8706, 1000.000000000000000 ) ;
#6762 = EDGE_CURVE ( 'NONE', #4475, #1814, #1750, .T. ) ;
#6763 = DIRECTION ( 'NONE',  ( -0.000000000000000000, 1.000000000000000000, -0.000000000000000000 ) ) ;
#6764 = VERTEX_POINT ( 'NONE', #8110 ) ;
#6765 = ORIENTED_EDGE ( 'NONE', *, *, #7346, .T. ) ;
#6766 = FACE_OUTER_BOUND ( 'NONE', #3437, .T. ) ;
#6767 = ORIENTED_EDGE ( 'NONE', *, *, #3451, .T. ) ;
#6768 = VECTOR ( 'NONE', #1768, 1000.000000000000000 ) ;
#6769 = EDGE_CURVE ( 'NONE', #5042, #7675, #4327, .T. ) ;
#6770 = DIRECTION ( 'NONE',  ( -0.000000000000000000, 1.000000000000000000, -0.000000000000000000 ) ) ;
#6771 = VECTOR ( 'NONE', #4210, 1000.000000000000000 ) ;
#6772 = VECTOR ( 'NONE', #7273, 1000.000000000000000 ) ;
#6773 = VERTEX_POINT ( 'NONE', #3642 ) ;
#6774 = ORIENTED_EDGE ( 'NONE', *, *, #5497, .F. ) ;
#6775 = DIRECTION ( 'NONE',  ( -1.000000000000000000, 0.000000000000000000, 1.110223024625156787E-16 ) ) ;
#6776 = CIRCLE ( 'NONE', #7392, 3.000000000000002665 ) ;
#6777 = DIRECTION ( 'NONE',  ( -1.000000000000000000, 0.000000000000000000, 2.168404344971008128E-16 ) ) ;
#6778 = CARTESIAN_POINT ( 'NONE',  ( 212.0000000000000000, -0.001000000000000132727, -133.9999999999999716 ) ) ;
#6779 = CARTESIAN_POINT ( 'NONE',  ( 78.00000000000000000, 4.000000000000000000, -44.00000000000000711 ) ) ;
#6780 = CARTESIAN_POINT ( 'NONE',  ( 214.9999999999999716, 29.00000000000000000, -45.00000000000000000 ) ) ;
#6781 = DIRECTION ( 'NONE',  ( -1.000000000000000000, 0.000000000000000000, -0.000000000000000000 ) ) ;
#6782 = PLANE ( 'NONE',  #3870 ) ;
#6783 = VERTEX_POINT ( 'NONE', #2904 ) ;
#6784 = AXIS2_PLACEMENT_3D ( 'NONE', #2501, #8493, #1767 ) ;
#6785 = EDGE_CURVE ( 'NONE', #3756, #4629, #2951, .T. ) ;
#6786 = DIRECTION ( 'NONE',  ( -0.000000000000000000, 1.000000000000000000, -0.000000000000000000 ) ) ;
#6787 = LINE ( 'NONE', #8890, #2040 ) ;
#6788 = ADVANCED_FACE ( 'NONE', ( #1230 ), #5903, .F. ) ;
#6789 = ORIENTED_EDGE ( 'NONE', *, *, #36, .T. ) ;
#6790 = VERTEX_POINT ( 'NONE', #8154 ) ;
#6791 = VECTOR ( 'NONE', #1953, 1000.000000000000000 ) ;
#6792 = LINE ( 'NONE', #945, #5044 ) ;
#6793 = ORIENTED_EDGE ( 'NONE', *, *, #565, .F. ) ;
#6794 = DIRECTION ( 'NONE',  ( -0.000000000000000000, 1.000000000000000000, -0.000000000000000000 ) ) ;
#6795 = VECTOR ( 'NONE', #6053, 1000.000000000000000 ) ;
#6796 = DIRECTION ( 'NONE',  ( -2.168404344971008868E-16, -0.000000000000000000, -1.000000000000000000 ) ) ;
#6797 = VERTEX_POINT ( 'NONE', #2022 ) ;
#6798 = ORIENTED_EDGE ( 'NONE', *, *, #4300, .T. ) ;
#6799 = LINE ( 'NONE', #1436, #7887 ) ;
#6800 = LINE ( 'NONE', #7583, #5373 ) ;
#6801 = ORIENTED_EDGE ( 'NONE', *, *, #4530, .F. ) ;
#6802 = VECTOR ( 'NONE', #826, 1000.000000000000000 ) ;
#6803 = ORIENTED_EDGE ( 'NONE', *, *, #2261, .T. ) ;
#6804 = DIRECTION ( 'NONE',  ( 1.000000000000000000, 0.000000000000000000, -4.625929269271486900E-15 ) ) ;
#6805 = LINE ( 'NONE', #77, #6464 ) ;
#6806 = VECTOR ( 'NONE', #5000, 1000.000000000000000 ) ;
#6807 = FACE_BOUND ( 'NONE', #1668, .T. ) ;
#6808 = CARTESIAN_POINT ( 'NONE',  ( 90.00000000000000000, 4.000000000000000000, -133.9999999999999716 ) ) ;
#6809 = VERTEX_POINT ( 'NONE', #2852 ) ;
#6810 = EDGE_LOOP ( 'NONE', ( #220, #5596, #1605, #5603 ) ) ;
#6811 = ADVANCED_FACE ( 'NONE', ( #2167 ), #1588, .F. ) ;
#6812 = AXIS2_PLACEMENT_3D ( 'NONE', #6178, #7051, #2439 ) ;
#6813 = VECTOR ( 'NONE', #9020, 1000.000000000000000 ) ;
#6814 = VERTEX_POINT ( 'NONE', #4426 ) ;
#6815 = EDGE_LOOP ( 'NONE', ( #8392, #308, #2731, #4386 ) ) ;
#6816 = DIRECTION ( 'NONE',  ( 2.168404344971008128E-16, 0.000000000000000000, 1.000000000000000000 ) ) ;
#6817 = LINE ( 'NONE', #6025, #7602 ) ;
#6818 = AXIS2_PLACEMENT_3D ( 'NONE', #5925, #6619, #9604 ) ;
#6819 = CARTESIAN_POINT ( 'NONE',  ( 48.00000000000000000, 4.000000000000000000, -17.00000000000000000 ) ) ;
#6820 = EDGE_LOOP ( 'NONE', ( #4003, #1329, #1481, #7799 ) ) ;
#6821 = CARTESIAN_POINT ( 'NONE',  ( 23.99999999999999289, 21.00000000000000000, -107.9999999999999858 ) ) ;
#6822 = ORIENTED_EDGE ( 'NONE', *, *, #162, .T. ) ;
#6823 = LINE ( 'NONE', #92, #6181 ) ;
#6824 = EDGE_CURVE ( 'NONE', #2190, #7835, #7232, .T. ) ;
#6825 = ORIENTED_EDGE ( 'NONE', *, *, #4690, .F. ) ;
#6826 = ORIENTED_EDGE ( 'NONE', *, *, #1398, .F. ) ;
#6827 = LINE ( 'NONE', #3723, #6467 ) ;
#6828 = EDGE_CURVE ( 'NONE', #6764, #1940, #2756, .T. ) ;
#6829 = EDGE_CURVE ( 'NONE', #5400, #3908, #601, .T. ) ;
#6830 = LINE ( 'NONE', #693, #7713 ) ;
#6831 = LINE ( 'NONE', #5255, #393 ) ;
#6832 = DIRECTION ( 'NONE',  ( 0.000000000000000000, 0.000000000000000000, 1.000000000000000000 ) ) ;
#6833 = DIRECTION ( 'NONE',  ( 0.000000000000000000, 0.000000000000000000, 1.000000000000000000 ) ) ;
#6834 = PLANE ( 'NONE',  #6688 ) ;
#6835 = FACE_OUTER_BOUND ( 'NONE', #9158, .T. ) ;
#6836 = ORIENTED_EDGE ( 'NONE', *, *, #7149, .T. ) ;
#6837 = DIRECTION ( 'NONE',  ( 0.000000000000000000, 0.000000000000000000, -1.000000000000000000 ) ) ;
#6838 = CYLINDRICAL_SURFACE ( 'NONE', #4384, 3.000000000000002665 ) ;
#6839 = VERTEX_POINT ( 'NONE', #6944 ) ;
#6840 = ORIENTED_EDGE ( 'NONE', *, *, #9395, .T. ) ;
#6841 = DIRECTION ( 'NONE',  ( 0.000000000000000000, 0.000000000000000000, 1.000000000000000000 ) ) ;
#6842 = CARTESIAN_POINT ( 'NONE',  ( 77.71999999999999886, 0.000000000000000000, -96.24999999999998579 ) ) ;
#6843 = VERTEX_POINT ( 'NONE', #9139 ) ;
#6844 = DIRECTION ( 'NONE',  ( 0.000000000000000000, 0.000000000000000000, -1.000000000000000000 ) ) ;
#6845 = VERTEX_POINT ( 'NONE', #5948 ) ;
#6846 = AXIS2_PLACEMENT_3D ( 'NONE', #5111, #6684, #8103 ) ;
#6847 = ADVANCED_FACE ( 'NONE', ( #4625 ), #3784, .F. ) ;
#6848 = EDGE_LOOP ( 'NONE', ( #8661, #2041 ) ) ;
#6849 = DIRECTION ( 'NONE',  ( -0.000000000000000000, 1.000000000000000000, -0.000000000000000000 ) ) ;
#6850 = DIRECTION ( 'NONE',  ( -0.000000000000000000, 0.000000000000000000, -1.000000000000000000 ) ) ;
#6851 = EDGE_LOOP ( 'NONE', ( #2009, #3180 ) ) ;
#6852 = ORIENTED_EDGE ( 'NONE', *, *, #2845, .F. ) ;
#6853 = EDGE_LOOP ( 'NONE', ( #5541, #6926, #8606, #2196 ) ) ;
#6854 = DIRECTION ( 'NONE',  ( -0.000000000000000000, -1.000000000000000000, -0.000000000000000000 ) ) ;
#6855 = CARTESIAN_POINT ( 'NONE',  ( 86.00000000000000000, 0.000000000000000000, -117.9999999999999858 ) ) ;
#6856 = CARTESIAN_POINT ( 'NONE',  ( 93.00000000000000000, 0.000000000000000000, -133.9999999999999716 ) ) ;
#6857 = AXIS2_PLACEMENT_3D ( 'NONE', #2562, #837, #5565 ) ;
#6858 = CARTESIAN_POINT ( 'NONE',  ( 113.9999999999999858, 4.000000000000000000, -133.9999999999999716 ) ) ;
#6859 = ADVANCED_FACE ( 'NONE', ( #2363 ), #6891, .F. ) ;
#6860 = DIRECTION ( 'NONE',  ( 0.000000000000000000, 0.000000000000000000, -1.000000000000000000 ) ) ;
#6861 = ADVANCED_FACE ( 'NONE', ( #7677 ), #1686, .F. ) ;
#6862 = ORIENTED_EDGE ( 'NONE', *, *, #3941, .T. ) ;
#6863 = EDGE_LOOP ( 'NONE', ( #5641, #5471, #620, #3068 ) ) ;
#6864 = ORIENTED_EDGE ( 'NONE', *, *, #3273, .F. ) ;
#6865 = ORIENTED_EDGE ( 'NONE', *, *, #3451, .F. ) ;
#6866 = LINE ( 'NONE', #5924, #30 ) ;
#6867 = LINE ( 'NONE', #5969, #8282 ) ;
#6868 = DIRECTION ( 'NONE',  ( -0.000000000000000000, 1.000000000000000000, -0.000000000000000000 ) ) ;
#6869 = ORIENTED_EDGE ( 'NONE', *, *, #3970, .T. ) ;
#6870 = VERTEX_POINT ( 'NONE', #846 ) ;
#6871 = DIRECTION ( 'NONE',  ( -2.168404344971008868E-16, -0.000000000000000000, -1.000000000000000000 ) ) ;
#6872 = VERTEX_POINT ( 'NONE', #2264 ) ;
#6873 = CARTESIAN_POINT ( 'NONE',  ( 93.00000000000000000, 11.00000000000000000, -44.00000000000001421 ) ) ;
#6874 = ORIENTED_EDGE ( 'NONE', *, *, #2686, .F. ) ;
#6875 = EDGE_CURVE ( 'NONE', #5456, #6764, #3838, .T. ) ;
#6876 = EDGE_LOOP ( 'NONE', ( #3675, #3607, #7470, #1543 ) ) ;
#6877 = LINE ( 'NONE', #1463, #4750 ) ;
#6878 = LINE ( 'NONE', #8239, #2999 ) ;
#6879 = LINE ( 'NONE', #3146, #4614 ) ;
#6880 = DIRECTION ( 'NONE',  ( -0.000000000000000000, 1.000000000000000000, -0.000000000000000000 ) ) ;
#6881 = CARTESIAN_POINT ( 'NONE',  ( 204.9999999999999716, 0.000000000000000000, -33.00000000000000000 ) ) ;
#6882 = CARTESIAN_POINT ( 'NONE',  ( 146.0000000000000284, -0.001000000000000132727, -133.9999999999999716 ) ) ;
#6883 = DIRECTION ( 'NONE',  ( 0.000000000000000000, 0.000000000000000000, 1.000000000000000000 ) ) ;
#6884 = ORIENTED_EDGE ( 'NONE', *, *, #5580, .T. ) ;
#6885 = PLANE ( 'NONE',  #8790 ) ;
#6886 = ADVANCED_FACE ( 'NONE', ( #214 ), #6050, .F. ) ;
#6887 = EDGE_CURVE ( 'NONE', #6978, #802, #8936, .T. ) ;
#6888 = VECTOR ( 'NONE', #5520, 1000.000000000000000 ) ;
#6889 = ORIENTED_EDGE ( 'NONE', *, *, #3287, .T. ) ;
#6890 = ORIENTED_EDGE ( 'NONE', *, *, #8295, .T. ) ;
#6891 = PLANE ( 'NONE',  #189 ) ;
#6892 = VERTEX_POINT ( 'NONE', #159 ) ;
#6893 = VECTOR ( 'NONE', #7777, 1000.000000000000000 ) ;
#6894 = DIRECTION ( 'NONE',  ( 0.000000000000000000, 0.000000000000000000, -1.000000000000000000 ) ) ;
#6895 = VERTEX_POINT ( 'NONE', #8 ) ;
#6896 = DIRECTION ( 'NONE',  ( -2.168404344971008868E-16, 0.000000000000000000, -1.000000000000000000 ) ) ;
#6897 = ORIENTED_EDGE ( 'NONE', *, *, #3645, .T. ) ;
#6898 = ADVANCED_FACE ( 'NONE', ( #8208 ), #63, .F. ) ;
#6899 = DIRECTION ( 'NONE',  ( -1.000000000000000000, -0.000000000000000000, -0.000000000000000000 ) ) ;
#6900 = ADVANCED_FACE ( 'NONE', ( #2311 ), #4518, .F. ) ;
#6901 = CARTESIAN_POINT ( 'NONE',  ( 128.0000000000000000, 4.000000000000000000, -117.9999999999999858 ) ) ;
#6902 = ORIENTED_EDGE ( 'NONE', *, *, #2787, .F. ) ;
#6903 = ORIENTED_EDGE ( 'NONE', *, *, #9256, .T. ) ;
#6904 = EDGE_CURVE ( 'NONE', #8421, #4545, #6792, .T. ) ;
#6905 = CARTESIAN_POINT ( 'NONE',  ( 218.9999999999999716, 29.00000000000000000, -108.9999999999999858 ) ) ;
#6906 = EDGE_CURVE ( 'NONE', #1584, #4357, #7518, .T. ) ;
#6907 = CARTESIAN_POINT ( 'NONE',  ( 184.0000000000000000, 0.000000000000000000, -133.9999999999999716 ) ) ;
#6908 = DIRECTION ( 'NONE',  ( -1.000000000000000000, 0.000000000000000000, 0.000000000000000000 ) ) ;
#6909 = CARTESIAN_POINT ( 'NONE',  ( 0.000000000000000000, 4.000000000000000000, 0.000000000000000000 ) ) ;
#6910 = DIRECTION ( 'NONE',  ( -0.000000000000000000, 0.000000000000000000, -1.000000000000000000 ) ) ;
#6911 = ORIENTED_EDGE ( 'NONE', *, *, #3769, .T. ) ;
#6912 = ORIENTED_EDGE ( 'NONE', *, *, #8799, .F. ) ;
#6913 = EDGE_CURVE ( 'NONE', #1001, #9497, #3934, .T. ) ;
#6914 = ORIENTED_EDGE ( 'NONE', *, *, #2391, .F. ) ;
#6915 = ORIENTED_EDGE ( 'NONE', *, *, #2727, .F. ) ;
#6916 = VECTOR ( 'NONE', #9625, 1000.000000000000000 ) ;
#6917 = DIRECTION ( 'NONE',  ( -0.000000000000000000, 0.000000000000000000, -1.000000000000000000 ) ) ;
#6918 = CARTESIAN_POINT ( 'NONE',  ( 0.000000000000000000, 4.000000000000000000, 0.000000000000000000 ) ) ;
#6919 = DIRECTION ( 'NONE',  ( -1.000000000000000000, 0.000000000000000000, -2.312964634635743844E-15 ) ) ;
#6920 = EDGE_LOOP ( 'NONE', ( #361, #8523, #9659, #8516 ) ) ;
#6921 = ORIENTED_EDGE ( 'NONE', *, *, #4937, .F. ) ;
#6922 = DIRECTION ( 'NONE',  ( 0.000000000000000000, 0.000000000000000000, 1.000000000000000000 ) ) ;
#6923 = DIRECTION ( 'NONE',  ( -0.000000000000000000, 1.000000000000000000, -0.000000000000000000 ) ) ;
#6924 = VECTOR ( 'NONE', #8003, 1000.000000000000000 ) ;
#6925 = VECTOR ( 'NONE', #8795, 1000.000000000000000 ) ;
#6926 = ORIENTED_EDGE ( 'NONE', *, *, #7194, .T. ) ;
#6927 = VERTEX_POINT ( 'NONE', #3003 ) ;
#6928 = CARTESIAN_POINT ( 'NONE',  ( 83.00000000000000000, 4.000000000000000000, -117.9999999999999716 ) ) ;
#6929 = DIRECTION ( 'NONE',  ( -0.000000000000000000, 1.000000000000000000, -0.000000000000000000 ) ) ;
#6930 = CARTESIAN_POINT ( 'NONE',  ( 106.9999999999999858, 0.000000000000000000, -133.9999999999999716 ) ) ;
#6931 = VECTOR ( 'NONE', #779, 1000.000000000000000 ) ;
#6932 = VECTOR ( 'NONE', #7031, 1000.000000000000000 ) ;
#6933 = PLANE ( 'NONE',  #4899 ) ;
#6934 = CARTESIAN_POINT ( 'NONE',  ( 79.00000000000000000, -0.001000000000000132727, -117.9999999999999858 ) ) ;
#6935 = LINE ( 'NONE', #2354, #7468 ) ;
#6936 = DIRECTION ( 'NONE',  ( 1.000000000000000000, 0.000000000000000000, -2.168404344971008868E-16 ) ) ;
#6937 = EDGE_LOOP ( 'NONE', ( #5348, #1704, #3298, #3280 ) ) ;
#6938 = EDGE_CURVE ( 'NONE', #6034, #9375, #3108, .T. ) ;
#6939 = DIRECTION ( 'NONE',  ( 0.000000000000000000, 0.000000000000000000, 1.000000000000000000 ) ) ;
#6940 = AXIS2_PLACEMENT_3D ( 'NONE', #5301, #2298, #5937 ) ;
#6941 = VECTOR ( 'NONE', #6330, 1000.000000000000000 ) ;
#6942 = ORIENTED_EDGE ( 'NONE', *, *, #8117, .T. ) ;
#6943 = ORIENTED_EDGE ( 'NONE', *, *, #1413, .T. ) ;
#6944 = CARTESIAN_POINT ( 'NONE',  ( 34.00000000000000000, 4.000000000000000000, -17.00000000000000000 ) ) ;
#6945 = ORIENTED_EDGE ( 'NONE', *, *, #7111, .F. ) ;
#6946 = EDGE_CURVE ( 'NONE', #849, #7034, #1524, .T. ) ;
#6947 = AXIS2_PLACEMENT_3D ( 'NONE', #6282, #1243, #1949 ) ;
#6948 = DIRECTION ( 'NONE',  ( 0.000000000000000000, 0.000000000000000000, 1.000000000000000000 ) ) ;
#6949 = DIRECTION ( 'NONE',  ( 0.000000000000000000, 0.000000000000000000, 1.000000000000000000 ) ) ;
#6950 = ORIENTED_EDGE ( 'NONE', *, *, #6473, .F. ) ;
#6951 = CARTESIAN_POINT ( 'NONE',  ( 0.000000000000000000, 2.000000000000000000, -145.0000000000000000 ) ) ;
#6952 = CARTESIAN_POINT ( 'NONE',  ( 180.9999999999999716, -0.001000000000000132727, -33.00000000000000000 ) ) ;
#6953 = AXIS2_PLACEMENT_3D ( 'NONE', #5826, #9499, #7986 ) ;
#6954 = VECTOR ( 'NONE', #5954, 1000.000000000000000 ) ;
#6955 = EDGE_LOOP ( 'NONE', ( #6344, #2983, #516, #5365 ) ) ;
#6956 = EDGE_CURVE ( 'NONE', #2656, #4596, #5821, .T. ) ;
#6957 = DIRECTION ( 'NONE',  ( 0.000000000000000000, 1.000000000000000000, 0.000000000000000000 ) ) ;
#6958 = CARTESIAN_POINT ( 'NONE',  ( 62.00000000000000711, 0.000000000000000000, -117.9999999999999716 ) ) ;
#6959 = EDGE_CURVE ( 'NONE', #7060, #3562, #9081, .T. ) ;
#6960 = DIRECTION ( 'NONE',  ( -0.000000000000000000, 1.000000000000000000, -0.000000000000000000 ) ) ;
#6961 = FACE_BOUND ( 'NONE', #6061, .T. ) ;
#6962 = CARTESIAN_POINT ( 'NONE',  ( 225.7699999999999818, 2.000000000000000000, -138.2499999999999716 ) ) ;
#6963 = ORIENTED_EDGE ( 'NONE', *, *, #3374, .T. ) ;
#6964 = ORIENTED_EDGE ( 'NONE', *, *, #132, .F. ) ;
#6965 = VECTOR ( 'NONE', #9014, 1000.000000000000000 ) ;
#6966 = COLOUR_RGB ( '',0.7921568627450980005, 0.8196078431372548767, 0.9333333333333333481 ) ;
#6967 = ORIENTED_EDGE ( 'NONE', *, *, #1725, .F. ) ;
#6968 = DIRECTION ( 'NONE',  ( -0.000000000000000000, 1.000000000000000000, -0.000000000000000000 ) ) ;
#6969 = FACE_OUTER_BOUND ( 'NONE', #6955, .T. ) ;
#6970 =( NAMED_UNIT ( * ) PLANE_ANGLE_UNIT ( ) SI_UNIT ( $, .RADIAN. ) );
#6971 = VERTEX_POINT ( 'NONE', #2471 ) ;
#6972 = ORIENTED_EDGE ( 'NONE', *, *, #318, .T. ) ;
#6973 = CARTESIAN_POINT ( 'NONE',  ( 213.9999999999999716, 14.00000000000003375, -103.9999999999999858 ) ) ;
#6974 = EDGE_CURVE ( 'NONE', #6773, #1509, #3257, .T. ) ;
#6975 = CARTESIAN_POINT ( 'NONE',  ( 135.7199999999999704, 6.000000000000000000, -97.99999999999998579 ) ) ;
#6976 = VECTOR ( 'NONE', #1199, 1000.000000000000000 ) ;
#6977 = ORIENTED_EDGE ( 'NONE', *, *, #8277, .F. ) ;
#6978 = VERTEX_POINT ( 'NONE', #6400 ) ;
#6979 = CARTESIAN_POINT ( 'NONE',  ( 77.71999999999998465, 0.000000000000000000, -48.99999999999998579 ) ) ;
#6980 = EDGE_CURVE ( 'NONE', #6699, #5164, #3988, .T. ) ;
#6981 = DIRECTION ( 'NONE',  ( -0.000000000000000000, 1.000000000000000000, -0.000000000000000000 ) ) ;
#6982 = DIRECTION ( 'NONE',  ( -1.000000000000000000, 0.000000000000000000, 0.000000000000000000 ) ) ;
#6983 = DIRECTION ( 'NONE',  ( -0.000000000000000000, 1.000000000000000000, -0.000000000000000000 ) ) ;
#6984 = DIRECTION ( 'NONE',  ( 0.000000000000000000, -0.000000000000000000, 1.000000000000000000 ) ) ;
#6985 = DIRECTION ( 'NONE',  ( 2.168404344971007882E-16, 0.000000000000000000, 1.000000000000000000 ) ) ;
#6986 = PLANE ( 'NONE',  #8721 ) ;
#6987 = ORIENTED_EDGE ( 'NONE', *, *, #6651, .F. ) ;
#6988 = LINE ( 'NONE', #1629, #4244 ) ;
#6989 = ORIENTED_EDGE ( 'NONE', *, *, #571, .T. ) ;
#6990 = ORIENTED_EDGE ( 'NONE', *, *, #4937, .T. ) ;
#6991 = AXIS2_PLACEMENT_3D ( 'NONE', #7933, #2636, #8807 ) ;
#6992 = CARTESIAN_POINT ( 'NONE',  ( 159.9999999999999432, -0.001000000000000132727, -33.00000000000000000 ) ) ;
#6993 = EDGE_CURVE ( 'NONE', #3927, #509, #1133, .T. ) ;
#6994 = EDGE_LOOP ( 'NONE', ( #6997, #7897, #6262, #5825 ) ) ;
#6995 = CARTESIAN_POINT ( 'NONE',  ( 18.00000000000001421, 2.000000000000000000, -12.00000000000000000 ) ) ;
#6996 = CARTESIAN_POINT ( 'NONE',  ( 212.0000000000000000, 0.000000000000000000, -133.9999999999999716 ) ) ;
#6997 = ORIENTED_EDGE ( 'NONE', *, *, #1525, .T. ) ;
#6998 = DIRECTION ( 'NONE',  ( 0.000000000000000000, 1.000000000000000000, 0.000000000000000000 ) ) ;
#6999 = PLANE ( 'NONE',  #8024 ) ;
#7000 = ORIENTED_EDGE ( 'NONE', *, *, #5146, .T. ) ;
#7001 = CARTESIAN_POINT ( 'NONE',  ( 106.9999999999999858, -0.001000000000000132727, -133.9999999999999716 ) ) ;
#7002 = LINE ( 'NONE', #6856, #8346 ) ;
#7003 = LINE ( 'NONE', #9155, #8931 ) ;
#7004 = DIRECTION ( 'NONE',  ( 0.000000000000000000, 0.000000000000000000, 1.000000000000000000 ) ) ;
#7005 = VERTEX_POINT ( 'NONE', #4179 ) ;
#7006 = ORIENTED_EDGE ( 'NONE', *, *, #7263, .F. ) ;
#7007 = EDGE_CURVE ( 'NONE', #8081, #1239, #4136, .T. ) ;
#7008 = ADVANCED_FACE ( 'NONE', ( #7774 ), #6355, .F. ) ;
#7009 = ORIENTED_EDGE ( 'NONE', *, *, #3754, .F. ) ;
#7010 = CIRCLE ( 'NONE', #6857, 1.750000000000001554 ) ;
#7011 = FACE_OUTER_BOUND ( 'NONE', #7819, .T. ) ;
#7012 = DIRECTION ( 'NONE',  ( -0.000000000000000000, 1.000000000000000000, -0.000000000000000000 ) ) ;
#7013 = LINE ( 'NONE', #2492, #531 ) ;
#7014 = EDGE_LOOP ( 'NONE', ( #1130, #1020, #7152, #5487 ) ) ;
#7015 = ORIENTED_EDGE ( 'NONE', *, *, #4961, .F. ) ;
#7016 = LINE ( 'NONE', #9061, #3560 ) ;
#7017 = EDGE_CURVE ( 'NONE', #676, #3358, #8510, .T. ) ;
#7018 = PLANE ( 'NONE',  #3477 ) ;
#7019 = ORIENTED_EDGE ( 'NONE', *, *, #4052, .F. ) ;
#7020 = EDGE_LOOP ( 'NONE', ( #1902, #6340, #1442, #9332 ) ) ;
#7021 = LINE ( 'NONE', #1027, #2224 ) ;
#7022 = CARTESIAN_POINT ( 'NONE',  ( 213.9999999999999716, 9.000000000000001776, -103.9999999999999858 ) ) ;
#7023 = DIRECTION ( 'NONE',  ( -1.000000000000000000, -0.000000000000000000, -0.000000000000000000 ) ) ;
#7024 = EDGE_CURVE ( 'NONE', #9075, #8613, #5519, .T. ) ;
#7025 = DIRECTION ( 'NONE',  ( -0.000000000000000000, -1.000000000000000000, -0.000000000000000000 ) ) ;
#7026 = LINE ( 'NONE', #9324, #329 ) ;
#7027 = CARTESIAN_POINT ( 'NONE',  ( 188.0000000000000000, -0.001000000000000132727, -117.9999999999999716 ) ) ;
#7028 = LINE ( 'NONE', #302, #4969 ) ;
#7029 = ORIENTED_EDGE ( 'NONE', *, *, #2727, .T. ) ;
#7030 = VECTOR ( 'NONE', #4354, 1000.000000000000000 ) ;
#7031 = DIRECTION ( 'NONE',  ( -0.000000000000000000, -1.000000000000000000, -0.000000000000000000 ) ) ;
#7032 = VECTOR ( 'NONE', #8053, 1000.000000000000000 ) ;
#7033 = ORIENTED_EDGE ( 'NONE', *, *, #5262, .F. ) ;
#7034 = VERTEX_POINT ( 'NONE', #309 ) ;
#7035 = EDGE_CURVE ( 'NONE', #5583, #2514, #6305, .T. ) ;
#7036 = CARTESIAN_POINT ( 'NONE',  ( 69.00000000000000000, -0.001000000000000132727, -133.9999999999999716 ) ) ;
#7037 = FACE_OUTER_BOUND ( 'NONE', #4078, .T. ) ;
#7038 = ORIENTED_EDGE ( 'NONE', *, *, #8674, .F. ) ;
#7039 = LINE ( 'NONE', #2620, #2655 ) ;
#7040 = CARTESIAN_POINT ( 'NONE',  ( 197.9999999999999432, -0.001000000000000132727, -17.00000000000000000 ) ) ;
#7041 = ORIENTED_EDGE ( 'NONE', *, *, #9304, .F. ) ;
#7042 = LINE ( 'NONE', #7781, #7871 ) ;
#7043 = LINE ( 'NONE', #7684, #5534 ) ;
#7044 = AXIS2_PLACEMENT_3D ( 'NONE', #8961, #871, #8387 ) ;
#7045 = ORIENTED_EDGE ( 'NONE', *, *, #8541, .T. ) ;
#7046 = AXIS2_PLACEMENT_3D ( 'NONE', #3936, #1785, #9191 ) ;
#7047 = DIRECTION ( 'NONE',  ( 1.000000000000000000, 0.000000000000000000, 0.000000000000000000 ) ) ;
#7048 = DIRECTION ( 'NONE',  ( -1.000000000000000000, 0.000000000000000000, 0.000000000000000000 ) ) ;
#7049 = EDGE_LOOP ( 'NONE', ( #1596, #5923, #1493, #1553 ) ) ;
#7050 = CARTESIAN_POINT ( 'NONE',  ( 111.0000000000000000, 0.000000000000000000, -117.9999999999999716 ) ) ;
#7051 = DIRECTION ( 'NONE',  ( 0.000000000000000000, -1.000000000000000000, 0.000000000000000000 ) ) ;
#7052 = VERTEX_POINT ( 'NONE', #3353 ) ;
#7053 = EDGE_CURVE ( 'NONE', #9218, #8972, #8457, .T. ) ;
#7054 = ORIENTED_EDGE ( 'NONE', *, *, #8285, .T. ) ;
#7055 = PLANE ( 'NONE',  #3951 ) ;
#7056 = CARTESIAN_POINT ( 'NONE',  ( 159.9999999999999432, 4.000000000000000000, -33.00000000000000000 ) ) ;
#7057 = EDGE_CURVE ( 'NONE', #256, #64, #262, .T. ) ;
#7058 = CARTESIAN_POINT ( 'NONE',  ( 77.71999999999999886, 6.000000000000000000, -97.99999999999998579 ) ) ;
#7059 = ORIENTED_EDGE ( 'NONE', *, *, #4529, .T. ) ;
#7060 = VERTEX_POINT ( 'NONE', #9334 ) ;
#7061 = DIRECTION ( 'NONE',  ( -0.000000000000000000, 1.000000000000000000, -0.000000000000000000 ) ) ;
#7062 = DIRECTION ( 'NONE',  ( -1.000000000000000000, 0.000000000000000000, 0.000000000000000000 ) ) ;
#7063 = ORIENTED_EDGE ( 'NONE', *, *, #8445, .F. ) ;
#7064 = EDGE_LOOP ( 'NONE', ( #1409, #4965, #25, #4247 ) ) ;
#7065 = FACE_OUTER_BOUND ( 'NONE', #6316, .T. ) ;
#7066 = EDGE_CURVE ( 'NONE', #6574, #733, #412, .T. ) ;
#7067 = AXIS2_PLACEMENT_3D ( 'NONE', #5720, #1284, #1148 ) ;
#7068 = LINE ( 'NONE', #6386, #7554 ) ;
#7069 = DIRECTION ( 'NONE',  ( -0.000000000000000000, 1.000000000000000000, -0.000000000000000000 ) ) ;
#7070 = DIRECTION ( 'NONE',  ( -0.000000000000000000, 1.000000000000000000, -0.000000000000000000 ) ) ;
#7071 = CARTESIAN_POINT ( 'NONE',  ( 23.00000000000000000, 0.000000000000000000, -108.9999999999999858 ) ) ;
#7072 = EDGE_CURVE ( 'NONE', #4469, #9336, #9378, .T. ) ;
#7073 = DIRECTION ( 'NONE',  ( -0.000000000000000000, 0.000000000000000000, -1.000000000000000000 ) ) ;
#7074 = LINE ( 'NONE', #2004, #6231 ) ;
#7075 = ORIENTED_EDGE ( 'NONE', *, *, #3480, .F. ) ;
#7076 = VECTOR ( 'NONE', #7169, 1000.000000000000000 ) ;
#7077 = CARTESIAN_POINT ( 'NONE',  ( 34.00000000000000000, 0.000000000000000000, -17.00000000000000000 ) ) ;
#7078 = ORIENTED_EDGE ( 'NONE', *, *, #764, .T. ) ;
#7079 = ORIENTED_EDGE ( 'NONE', *, *, #2307, .T. ) ;
#7080 = VECTOR ( 'NONE', #9222, 1000.000000000000000 ) ;
#7081 = ORIENTED_EDGE ( 'NONE', *, *, #1751, .T. ) ;
#7082 = VERTEX_POINT ( 'NONE', #5659 ) ;
#7083 = DIRECTION ( 'NONE',  ( 0.000000000000000000, -1.000000000000000000, 0.000000000000000000 ) ) ;
#7084 = FACE_OUTER_BOUND ( 'NONE', #1373, .T. ) ;
#7085 = ORIENTED_EDGE ( 'NONE', *, *, #1173, .T. ) ;
#7086 = LINE ( 'NONE', #7868, #4695 ) ;
#7087 = EDGE_CURVE ( 'NONE', #733, #756, #2617, .T. ) ;
#7088 = LINE ( 'NONE', #2064, #5068 ) ;
#7089 = EDGE_LOOP ( 'NONE', ( #3895, #4547 ) ) ;
#7090 = VECTOR ( 'NONE', #7306, 1000.000000000000000 ) ;
#7091 = VECTOR ( 'NONE', #4361, 1000.000000000000000 ) ;
#7092 = CYLINDRICAL_SURFACE ( 'NONE', #3619, 3.250000000000002665 ) ;
#7093 = VECTOR ( 'NONE', #4756, 1000.000000000000000 ) ;
#7094 = ADVANCED_FACE ( 'NONE', ( #7726 ), #8651, .F. ) ;
#7095 = LINE ( 'NONE', #8660, #8002 ) ;
#7096 = ORIENTED_EDGE ( 'NONE', *, *, #2995, .T. ) ;
#7097 = AXIS2_PLACEMENT_3D ( 'NONE', #5985, #6775, #96 ) ;
#7098 = CARTESIAN_POINT ( 'NONE',  ( 65.00000000000000000, -0.001000000000000132727, -33.00000000000000000 ) ) ;
#7099 = VECTOR ( 'NONE', #3283, 1000.000000000000000 ) ;
#7100 = AXIS2_PLACEMENT_3D ( 'NONE', #3223, #7787, #4045 ) ;
#7101 = CARTESIAN_POINT ( 'NONE',  ( 93.00000000000000000, 11.00000000000000000, -41.00000000000000000 ) ) ;
#7102 = ORIENTED_EDGE ( 'NONE', *, *, #565, .T. ) ;
#7103 = FACE_BOUND ( 'NONE', #405, .T. ) ;
#7104 = FACE_OUTER_BOUND ( 'NONE', #3038, .T. ) ;
#7105 = VERTEX_POINT ( 'NONE', #9189 ) ;
#7106 = DIRECTION ( 'NONE',  ( 0.000000000000000000, 0.000000000000000000, 1.000000000000000000 ) ) ;
#7107 = VECTOR ( 'NONE', #9545, 1000.000000000000000 ) ;
#7108 = CARTESIAN_POINT ( 'NONE',  ( 55.00000000000000711, 4.000000000000000000, -133.9999999999999716 ) ) ;
#7109 = CARTESIAN_POINT ( 'NONE',  ( 209.0000000000000000, 4.000000000000000000, -117.9999999999999716 ) ) ;
#7110 = CARTESIAN_POINT ( 'NONE',  ( 156.0000000000000000, 0.000000000000000000, -133.9999999999999716 ) ) ;
#7111 = EDGE_CURVE ( 'NONE', #588, #2015, #995, .T. ) ;
#7112 = DIRECTION ( 'NONE',  ( 0.000000000000000000, 0.000000000000000000, 1.000000000000000000 ) ) ;
#7113 = ORIENTED_EDGE ( 'NONE', *, *, #7966, .F. ) ;
#7114 = AXIS2_PLACEMENT_3D ( 'NONE', #2107, #8138, #8184 ) ;
#7115 = DIRECTION ( 'NONE',  ( 1.000000000000000000, -0.000000000000000000, 0.000000000000000000 ) ) ;
#7116 = VECTOR ( 'NONE', #8278, 1000.000000000000000 ) ;
#7117 = ORIENTED_EDGE ( 'NONE', *, *, #4961, .T. ) ;
#7118 = ORIENTED_EDGE ( 'NONE', *, *, #803, .F. ) ;
#7119 = CARTESIAN_POINT ( 'NONE',  ( 48.00000000000000000, -0.001000000000000132727, -33.00000000000000711 ) ) ;
#7120 = CARTESIAN_POINT ( 'NONE',  ( 125.0000000000000000, 4.000000000000000000, -117.9999999999999716 ) ) ;
#7121 = DIRECTION ( 'NONE',  ( -0.000000000000000000, 1.000000000000000000, -0.000000000000000000 ) ) ;
#7122 = VERTEX_POINT ( 'NONE', #2515 ) ;
#7123 = DIRECTION ( 'NONE',  ( -1.000000000000000000, -0.000000000000000000, -0.000000000000000000 ) ) ;
#7124 = DIRECTION ( 'NONE',  ( 0.000000000000000000, 0.000000000000000000, -1.000000000000000000 ) ) ;
#7125 = FACE_OUTER_BOUND ( 'NONE', #5691, .T. ) ;
#7126 = AXIS2_PLACEMENT_3D ( 'NONE', #5883, #8870, #5144 ) ;
#7127 = CYLINDRICAL_SURFACE ( 'NONE', #4487, 1.750000000000001554 ) ;
#7128 = EDGE_LOOP ( 'NONE', ( #2095, #1351, #5684, #1968 ) ) ;
#7129 = DIRECTION ( 'NONE',  ( 0.000000000000000000, -0.000000000000000000, -1.000000000000000000 ) ) ;
#7130 = ADVANCED_FACE ( 'NONE', ( #5573 ), #8559, .F. ) ;
#7131 = EDGE_CURVE ( 'NONE', #2859, #4082, #4220, .T. ) ;
#7132 = ORIENTED_EDGE ( 'NONE', *, *, #7246, .F. ) ;
#7133 = VECTOR ( 'NONE', #4159, 1000.000000000000000 ) ;
#7134 = VERTEX_POINT ( 'NONE', #3580 ) ;
#7135 = VECTOR ( 'NONE', #5412, 1000.000000000000000 ) ;
#7136 = EDGE_LOOP ( 'NONE', ( #314, #9186, #1703, #7662 ) ) ;
#7137 = LINE ( 'NONE', #5384, #3403 ) ;
#7138 = CARTESIAN_POINT ( 'NONE',  ( 7.669999999999999929, 4.000000000000000000, -138.2499999999999716 ) ) ;
#7139 = DIRECTION ( 'NONE',  ( -0.000000000000000000, 1.000000000000000000, -0.000000000000000000 ) ) ;
#7140 = CYLINDRICAL_SURFACE ( 'NONE', #6734, 1.750000000000001554 ) ;
#7141 = AXIS2_PLACEMENT_3D ( 'NONE', #8130, #1400, #9654 ) ;
#7142 = CARTESIAN_POINT ( 'NONE',  ( 55.00000000000000711, 4.000000000000000000, -117.9999999999999716 ) ) ;
#7143 = ORIENTED_EDGE ( 'NONE', *, *, #6110, .F. ) ;
#7144 = FACE_BOUND ( 'NONE', #4641, .T. ) ;
#7145 = EDGE_CURVE ( 'NONE', #3927, #89, #1414, .T. ) ;
#7146 = CARTESIAN_POINT ( 'NONE',  ( 166.9999999999999432, 4.000000000000000000, -17.00000000000000000 ) ) ;
#7147 = EDGE_LOOP ( 'NONE', ( #67, #3738, #6328, #8224, #2059, #8297, #2619, #2094 ) ) ;
#7148 = CARTESIAN_POINT ( 'NONE',  ( 136.9999999999999432, 2.000000000000000000, -22.70000000000000639 ) ) ;
#7149 = EDGE_CURVE ( 'NONE', #9400, #5013, #8099, .T. ) ;
#7150 = LINE ( 'NONE', #2078, #4086 ) ;
#7151 = LINE ( 'NONE', #425, #7907 ) ;
#7152 = ORIENTED_EDGE ( 'NONE', *, *, #5492, .T. ) ;
#7153 = DIRECTION ( 'NONE',  ( 0.000000000000000000, 0.000000000000000000, 1.000000000000000000 ) ) ;
#7154 = DIRECTION ( 'NONE',  ( 1.000000000000000000, 0.000000000000000000, 0.000000000000000000 ) ) ;
#7155 = EDGE_CURVE ( 'NONE', #2162, #5113, #499, .T. ) ;
#7156 = EDGE_CURVE ( 'NONE', #8829, #6477, #452, .T. ) ;
#7157 = DIRECTION ( 'NONE',  ( -1.000000000000000000, 0.000000000000000000, 0.000000000000000000 ) ) ;
#7158 = DIRECTION ( 'NONE',  ( -0.000000000000000000, 1.000000000000000000, -0.000000000000000000 ) ) ;
#7159 = ORIENTED_EDGE ( 'NONE', *, *, #7111, .T. ) ;
#7160 = CYLINDRICAL_SURFACE ( 'NONE', #2774, 3.000000000000002665 ) ;
#7161 = CIRCLE ( 'NONE', #2913, 2.000000000000001776 ) ;
#7162 = ORIENTED_EDGE ( 'NONE', *, *, #2007, .F. ) ;
#7163 = ORIENTED_EDGE ( 'NONE', *, *, #6045, .F. ) ;
#7164 = DIRECTION ( 'NONE',  ( 1.000000000000000000, 0.000000000000000000, 0.000000000000000000 ) ) ;
#7165 = FACE_OUTER_BOUND ( 'NONE', #5299, .T. ) ;
#7166 = DIRECTION ( 'NONE',  ( 0.000000000000000000, 0.000000000000000000, 1.000000000000000000 ) ) ;
#7167 = AXIS2_PLACEMENT_3D ( 'NONE', #3123, #957, #4637 ) ;
#7168 = CARTESIAN_POINT ( 'NONE',  ( 136.9999999999999432, 2.000000000000000000, -35.00000000000000000 ) ) ;
#7169 = DIRECTION ( 'NONE',  ( -0.000000000000000000, 1.000000000000000000, -0.000000000000000000 ) ) ;
#7170 = CYLINDRICAL_SURFACE ( 'NONE', #566, 3.000000000000002665 ) ;
#7171 = DIRECTION ( 'NONE',  ( -2.168404344971008868E-16, 0.000000000000000000, -1.000000000000000000 ) ) ;
#7172 = ORIENTED_EDGE ( 'NONE', *, *, #718, .T. ) ;
#7173 = FACE_OUTER_BOUND ( 'NONE', #7294, .T. ) ;
#7174 = EDGE_CURVE ( 'NONE', #8430, #5388, #5008, .T. ) ;
#7175 = ORIENTED_EDGE ( 'NONE', *, *, #3636, .F. ) ;
#7176 = ORIENTED_EDGE ( 'NONE', *, *, #8026, .F. ) ;
#7177 = APPLICATION_PROTOCOL_DEFINITION ( 'draft international standard', 'automotive_design', 1998, #6043 ) ;
#7178 = DIRECTION ( 'NONE',  ( 0.000000000000000000, -0.000000000000000000, 1.000000000000000000 ) ) ;
#7179 = DIRECTION ( 'NONE',  ( -2.168404344971008868E-16, -0.000000000000000000, -1.000000000000000000 ) ) ;
#7180 = LINE ( 'NONE', #4968, #6888 ) ;
#7181 = VECTOR ( 'NONE', #8873, 1000.000000000000000 ) ;
#7182 = LINE ( 'NONE', #1221, #7979 ) ;
#7183 = CARTESIAN_POINT ( 'NONE',  ( 215.9999999999999716, 0.000000000000000000, -108.9999999999999858 ) ) ;
#7184 = ORIENTED_EDGE ( 'NONE', *, *, #1234, .T. ) ;
#7185 = EDGE_CURVE ( 'NONE', #7489, #2920, #3626, .T. ) ;
#7186 = EDGE_CURVE ( 'NONE', #9375, #7395, #9514, .T. ) ;
#7187 = CARTESIAN_POINT ( 'NONE',  ( 111.4999999999999432, 14.00000000000000000, -23.00000000000000000 ) ) ;
#7188 = LINE ( 'NONE', #3360, #330 ) ;
#7189 = ORIENTED_EDGE ( 'NONE', *, *, #3074, .T. ) ;
#7190 = CARTESIAN_POINT ( 'NONE',  ( 7.670000000000010587, 4.000000000000000000, -7.000000000000000000 ) ) ;
#7191 = EDGE_CURVE ( 'NONE', #1150, #260, #4271, .T. ) ;
#7192 = CARTESIAN_POINT ( 'NONE',  ( 100.0000000000000000, 4.000000000000000000, -133.9999999999999716 ) ) ;
#7193 = CARTESIAN_POINT ( 'NONE',  ( 202.0000000000000000, 0.000000000000000000, -117.9999999999999716 ) ) ;
#7194 = EDGE_CURVE ( 'NONE', #2811, #328, #6581, .T. ) ;
#7195 = ORIENTED_EDGE ( 'NONE', *, *, #2942, .F. ) ;
#7196 = DIRECTION ( 'NONE',  ( 1.000000000000000000, 0.000000000000000000, -4.625929269271487689E-15 ) ) ;
#7197 = DIRECTION ( 'NONE',  ( 1.000000000000000000, 0.000000000000000000, 0.000000000000000000 ) ) ;
#7198 = DIRECTION ( 'NONE',  ( -2.168404344971008868E-16, 0.000000000000000000, -1.000000000000000000 ) ) ;
#7199 = CIRCLE ( 'NONE', #1713, 1.699999999999979305 ) ;
#7200 = DIRECTION ( 'NONE',  ( -0.000000000000000000, 1.000000000000000000, -0.000000000000000000 ) ) ;
#7201 = ORIENTED_EDGE ( 'NONE', *, *, #1082, .T. ) ;
#7202 = DIRECTION ( 'NONE',  ( -0.000000000000000000, 1.000000000000000000, -0.000000000000000000 ) ) ;
#7203 = EDGE_CURVE ( 'NONE', #7870, #6541, #8000, .T. ) ;
#7204 = ORIENTED_EDGE ( 'NONE', *, *, #5286, .F. ) ;
#7205 = ORIENTED_EDGE ( 'NONE', *, *, #9038, .F. ) ;
#7206 = DIRECTION ( 'NONE',  ( -0.000000000000000000, 0.000000000000000000, 1.000000000000000000 ) ) ;
#7207 = DIRECTION ( 'NONE',  ( -0.000000000000000000, 1.000000000000000000, -0.000000000000000000 ) ) ;
#7208 = CARTESIAN_POINT ( 'NONE',  ( 125.0000000000000000, 0.000000000000000000, -117.9999999999999716 ) ) ;
#7209 = DIRECTION ( 'NONE',  ( 0.000000000000000000, 0.000000000000000000, -1.000000000000000000 ) ) ;
#7210 = PLANE ( 'NONE',  #1302 ) ;
#7211 = CARTESIAN_POINT ( 'NONE',  ( 76.00000000000001421, 0.000000000000000000, -133.9999999999999716 ) ) ;
#7212 = CARTESIAN_POINT ( 'NONE',  ( 37.00000000000000000, -0.001000000000000132727, -133.9999999999999716 ) ) ;
#7213 = ORIENTED_EDGE ( 'NONE', *, *, #6219, .F. ) ;
#7214 = LINE ( 'NONE', #7910, #6932 ) ;
#7215 = VECTOR ( 'NONE', #4374, 1000.000000000000000 ) ;
#7216 = ORIENTED_EDGE ( 'NONE', *, *, #5601, .F. ) ;
#7217 = ORIENTED_EDGE ( 'NONE', *, *, #319, .T. ) ;
#7218 = CARTESIAN_POINT ( 'NONE',  ( 160.9999999999999716, 4.000000000000000000, -44.00000000000000000 ) ) ;
#7219 = DIRECTION ( 'NONE',  ( 0.000000000000000000, 0.000000000000000000, 1.000000000000000000 ) ) ;
#7220 = CARTESIAN_POINT ( 'NONE',  ( 62.00000000000000711, 0.000000000000000000, -17.00000000000000000 ) ) ;
#7221 = VECTOR ( 'NONE', #8747, 1000.000000000000000 ) ;
#7222 = CARTESIAN_POINT ( 'NONE',  ( 225.7699999999999818, 2.000000000000000000, -7.000000000000000000 ) ) ;
#7223 = ADVANCED_FACE ( 'NONE', ( #548 ), #7315, .F. ) ;
#7224 = LINE ( 'NONE', #3446, #4129 ) ;
#7225 = ORIENTED_EDGE ( 'NONE', *, *, #9205, .F. ) ;
#7226 = CARTESIAN_POINT ( 'NONE',  ( 140.9999999999999716, 8.000000000000000000, -41.00000000000000000 ) ) ;
#7227 = FACE_OUTER_BOUND ( 'NONE', #4028, .T. ) ;
#7228 = AXIS2_PLACEMENT_3D ( 'NONE', #4616, #6039, #6730 ) ;
#7229 = CIRCLE ( 'NONE', #8161, 2.999999999999988898 ) ;
#7230 = ORIENTED_EDGE ( 'NONE', *, *, #6239, .T. ) ;
#7231 = ADVANCED_FACE ( 'NONE', ( #5843 ), #5893, .F. ) ;
#7232 = LINE ( 'NONE', #6504, #4249 ) ;
#7233 = AXIS2_PLACEMENT_3D ( 'NONE', #5072, #8063, #1282 ) ;
#7234 = DIRECTION ( 'NONE',  ( -2.168404344971008868E-16, -0.000000000000000000, -1.000000000000000000 ) ) ;
#7235 = VECTOR ( 'NONE', #5411, 1000.000000000000000 ) ;
#7236 = CARTESIAN_POINT ( 'NONE',  ( 41.00000000000000000, 4.000000000000000000, -33.00000000000000711 ) ) ;
#7237 = ORIENTED_EDGE ( 'NONE', *, *, #4004, .T. ) ;
#7238 = ORIENTED_EDGE ( 'NONE', *, *, #1196, .F. ) ;
#7239 = CARTESIAN_POINT ( 'NONE',  ( 24.99999999999999645, 14.00000000000003375, -103.9999999999999858 ) ) ;
#7240 = CARTESIAN_POINT ( 'NONE',  ( 225.7699999999999818, 4.000000000000000000, -141.7500000000000000 ) ) ;
#7241 = VECTOR ( 'NONE', #1311, 1000.000000000000000 ) ;
#7242 = ADVANCED_FACE ( 'NONE', ( #8696 ), #5707, .T. ) ;
#7243 = AXIS2_PLACEMENT_3D ( 'NONE', #7036, #4725, #1040 ) ;
#7244 = AXIS2_PLACEMENT_3D ( 'NONE', #7782, #1003, #4736 ) ;
#7245 = AXIS2_PLACEMENT_3D ( 'NONE', #3962, #5490, #4007 ) ;
#7246 = EDGE_CURVE ( 'NONE', #4524, #1448, #8780, .T. ) ;
#7247 = EDGE_CURVE ( 'NONE', #7817, #4358, #2111, .T. ) ;
#7248 = EDGE_LOOP ( 'NONE', ( #9319, #7695, #4183, #4922 ) ) ;
#7249 = DIRECTION ( 'NONE',  ( -0.000000000000000000, 1.000000000000000000, -0.000000000000000000 ) ) ;
#7250 = VECTOR ( 'NONE', #7766, 1000.000000000000000 ) ;
#7251 = CARTESIAN_POINT ( 'NONE',  ( 27.00000000000000000, -0.001000000000000132727, -133.9999999999999716 ) ) ;
#7252 = ORIENTED_EDGE ( 'NONE', *, *, #5792, .T. ) ;
#7253 = DIRECTION ( 'NONE',  ( -0.000000000000000000, 1.000000000000000000, -0.000000000000000000 ) ) ;
#7254 = AXIS2_PLACEMENT_3D ( 'NONE', #8126, #5326, #7587 ) ;
#7255 = VECTOR ( 'NONE', #3599, 1000.000000000000000 ) ;
#7256 = ORIENTED_EDGE ( 'NONE', *, *, #4110, .F. ) ;
#7257 = ORIENTED_EDGE ( 'NONE', *, *, #6047, .T. ) ;
#7258 = DIRECTION ( 'NONE',  ( 0.000000000000000000, 0.000000000000000000, 1.000000000000000000 ) ) ;
#7259 = VECTOR ( 'NONE', #3644, 1000.000000000000000 ) ;
#7260 = DIRECTION ( 'NONE',  ( -0.000000000000000000, 1.000000000000000000, -0.000000000000000000 ) ) ;
#7261 = FACE_OUTER_BOUND ( 'NONE', #1328, .T. ) ;
#7262 = LINE ( 'NONE', #9548, #2037 ) ;
#7263 = EDGE_CURVE ( 'NONE', #3065, #6690, #7360, .T. ) ;
#7264 = DIRECTION ( 'NONE',  ( 1.000000000000000000, -0.000000000000000000, 0.000000000000000000 ) ) ;
#7265 = DIRECTION ( 'NONE',  ( -1.000000000000000000, 0.000000000000000000, 0.000000000000000000 ) ) ;
#7266 = DIRECTION ( 'NONE',  ( 0.000000000000000000, 0.000000000000000000, 1.000000000000000000 ) ) ;
#7267 = ORIENTED_EDGE ( 'NONE', *, *, #6974, .F. ) ;
#7268 = DIRECTION ( 'NONE',  ( 1.049727191138617586E-16, 0.5150380749100555988, -0.8571673007021114454 ) ) ;
#7269 = VECTOR ( 'NONE', #4065, 1000.000000000000000 ) ;
#7270 = EDGE_CURVE ( 'NONE', #7776, #5456, #6633, .T. ) ;
#7271 = ORIENTED_EDGE ( 'NONE', *, *, #2399, .T. ) ;
#7272 = ORIENTED_EDGE ( 'NONE', *, *, #1955, .T. ) ;
#7273 = DIRECTION ( 'NONE',  ( -0.000000000000000000, 1.000000000000000000, -0.000000000000000000 ) ) ;
#7274 = DIRECTION ( 'NONE',  ( -0.000000000000000000, 1.000000000000000000, -0.000000000000000000 ) ) ;
#7275 = DIRECTION ( 'NONE',  ( 2.168404344971008128E-16, 0.000000000000000000, 1.000000000000000000 ) ) ;
#7276 = DIRECTION ( 'NONE',  ( 2.168404344971008128E-16, 0.000000000000000000, 1.000000000000000000 ) ) ;
#7277 = CARTESIAN_POINT ( 'NONE',  ( 77.71999999999998465, 6.000000000000000000, -48.99999999999998579 ) ) ;
#7278 = ORIENTED_EDGE ( 'NONE', *, *, #344, .T. ) ;
#7279 = DIRECTION ( 'NONE',  ( 0.000000000000000000, 0.000000000000000000, 1.000000000000000000 ) ) ;
#7280 = LINE ( 'NONE', #9343, #3458 ) ;
#7281 = VECTOR ( 'NONE', #1096, 1000.000000000000000 ) ;
#7282 = VERTEX_POINT ( 'NONE', #9616 ) ;
#7283 = LINE ( 'NONE', #5170, #6761 ) ;
#7284 = DIRECTION ( 'NONE',  ( 0.000000000000000000, 0.000000000000000000, 1.000000000000000000 ) ) ;
#7285 = PLANE ( 'NONE',  #7067 ) ;
#7286 = DIRECTION ( 'NONE',  ( -1.000000000000000000, 0.000000000000000000, -0.000000000000000000 ) ) ;
#7287 = ORIENTED_EDGE ( 'NONE', *, *, #8786, .T. ) ;
#7288 = ORIENTED_EDGE ( 'NONE', *, *, #2705, .T. ) ;
#7289 = LINE ( 'NONE', #2028, #954 ) ;
#7290 = CARTESIAN_POINT ( 'NONE',  ( 215.9999999999999716, 9.000000000000001776, -103.9999999999999858 ) ) ;
#7291 = LINE ( 'NONE', #2031, #5424 ) ;
#7292 = CARTESIAN_POINT ( 'NONE',  ( 215.9999999999999716, 13.99999999999997691, -49.00000000000000711 ) ) ;
#7293 = LINE ( 'NONE', #4246, #3206 ) ;
#7294 = EDGE_LOOP ( 'NONE', ( #1531, #1759, #4015, #9243 ) ) ;
#7295 = EDGE_CURVE ( 'NONE', #8358, #4371, #8880, .T. ) ;
#7296 = EDGE_CURVE ( 'NONE', #2181, #7344, #7548, .T. ) ;
#7297 = ORIENTED_EDGE ( 'NONE', *, *, #7394, .F. ) ;
#7298 = VERTEX_POINT ( 'NONE', #8290 ) ;
#7299 = CARTESIAN_POINT ( 'NONE',  ( 104.0000000000000000, 0.000000000000000000, -133.9999999999999716 ) ) ;
#7300 = DIRECTION ( 'NONE',  ( 0.000000000000000000, 0.000000000000000000, 1.000000000000000000 ) ) ;
#7301 = LINE ( 'NONE', #3524, #9630 ) ;
#7302 = EDGE_CURVE ( 'NONE', #7366, #4154, #8347, .T. ) ;
#7303 = CIRCLE ( 'NONE', #5444, 1.699999999999979305 ) ;
#7304 = CYLINDRICAL_SURFACE ( 'NONE', #4541, 1.750000000000001554 ) ;
#7305 = DIRECTION ( 'NONE',  ( -0.000000000000000000, 1.000000000000000000, -0.000000000000000000 ) ) ;
#7306 = DIRECTION ( 'NONE',  ( 0.000000000000000000, 0.000000000000000000, -1.000000000000000000 ) ) ;
#7307 = CARTESIAN_POINT ( 'NONE',  ( 90.00000000000000000, 11.00000000000000000, -147.0010000000000048 ) ) ;
#7308 = ORIENTED_EDGE ( 'NONE', *, *, #1896, .F. ) ;
#7309 = CARTESIAN_POINT ( 'NONE',  ( 180.9999999999999716, 0.000000000000000000, -33.00000000000000000 ) ) ;
#7310 = EDGE_CURVE ( 'NONE', #1966, #7513, #8794, .T. ) ;
#7311 = ORIENTED_EDGE ( 'NONE', *, *, #6511, .F. ) ;
#7312 = EDGE_CURVE ( 'NONE', #81, #7732, #3948, .T. ) ;
#7313 = ORIENTED_EDGE ( 'NONE', *, *, #9053, .F. ) ;
#7314 = ORIENTED_EDGE ( 'NONE', *, *, #6906, .T. ) ;
#7315 = PLANE ( 'NONE',  #1906 ) ;
#7316 = DIRECTION ( 'NONE',  ( 1.000000000000000000, 0.000000000000000000, -4.625929269271487689E-15 ) ) ;
#7317 = VECTOR ( 'NONE', #5897, 1000.000000000000000 ) ;
#7318 = CARTESIAN_POINT ( 'NONE',  ( 212.0000000000000000, 4.000000000000000000, -117.9999999999999858 ) ) ;
#7319 = DIRECTION ( 'NONE',  ( 1.000000000000000000, 0.000000000000000000, -2.168404344971008868E-16 ) ) ;
#7320 = DIRECTION ( 'NONE',  ( 1.000000000000000000, -0.000000000000000000, -0.000000000000000000 ) ) ;
#7321 = ORIENTED_EDGE ( 'NONE', *, *, #8202, .F. ) ;
#7322 = ORIENTED_EDGE ( 'NONE', *, *, #3246, .T. ) ;
#7323 = PLANE ( 'NONE',  #2990 ) ;
#7324 = PLANE ( 'NONE',  #4238 ) ;
#7325 = ADVANCED_FACE ( 'NONE', ( #4507 ), #1559, .F. ) ;
#7326 = ORIENTED_EDGE ( 'NONE', *, *, #8992, .F. ) ;
#7327 = DIRECTION ( 'NONE',  ( -0.000000000000000000, -0.000000000000000000, 1.000000000000000000 ) ) ;
#7328 = PLANE ( 'NONE',  #2960 ) ;
#7329 = CARTESIAN_POINT ( 'NONE',  ( 215.9999999999999716, 29.00000000000000000, -49.00000000000000711 ) ) ;
#7330 = CARTESIAN_POINT ( 'NONE',  ( 79.00000000000000000, 0.000000000000000000, -133.9999999999999716 ) ) ;
#7331 = ORIENTED_EDGE ( 'NONE', *, *, #3391, .T. ) ;
#7332 = ORIENTED_EDGE ( 'NONE', *, *, #4187, .T. ) ;
#7333 = LINE ( 'NONE', #2909, #1928 ) ;
#7334 = VECTOR ( 'NONE', #7608, 1000.000000000000000 ) ;
#7335 = CARTESIAN_POINT ( 'NONE',  ( 181.0000000000000000, -0.001000000000000132727, -133.9999999999999716 ) ) ;
#7336 = CARTESIAN_POINT ( 'NONE',  ( 183.9999999999999716, -0.001000000000000132727, -33.00000000000000000 ) ) ;
#7337 = CYLINDRICAL_SURFACE ( 'NONE', #3478, 1.699999999999993072 ) ;
#7338 = CARTESIAN_POINT ( 'NONE',  ( 139.0000000000000000, -0.001000000000000132727, -133.9999999999999716 ) ) ;
#7339 = ORIENTED_EDGE ( 'NONE', *, *, #4842, .F. ) ;
#7340 = EDGE_CURVE ( 'NONE', #1930, #95, #4611, .T. ) ;
#7341 = VECTOR ( 'NONE', #7957, 1000.000000000000000 ) ;
#7342 = VECTOR ( 'NONE', #6377, 1000.000000000000000 ) ;
#7343 = VERTEX_POINT ( 'NONE', #3875 ) ;
#7344 = VERTEX_POINT ( 'NONE', #4554 ) ;
#7345 = CARTESIAN_POINT ( 'NONE',  ( 104.0000000000000000, 4.000000000000000000, -133.9999999999999716 ) ) ;
#7346 = EDGE_CURVE ( 'NONE', #5775, #341, #1622, .T. ) ;
#7347 = CYLINDRICAL_SURFACE ( 'NONE', #3469, 1.699999999999993072 ) ;
#7348 = CARTESIAN_POINT ( 'NONE',  ( 23.00000000000000000, 4.000000000000000000, -108.9999999999999858 ) ) ;
#7349 = CARTESIAN_POINT ( 'NONE',  ( 2.000000000000000000, 2.000000000000000000, -2.000000000000000000 ) ) ;
#7350 = DIRECTION ( 'NONE',  ( 1.000000000000000000, 0.000000000000000000, -4.625929269271487689E-15 ) ) ;
#7351 = DIRECTION ( 'NONE',  ( -0.000000000000000000, 0.000000000000000000, -1.000000000000000000 ) ) ;
#7352 = CARTESIAN_POINT ( 'NONE',  ( 34.00000000000000000, 4.000000000000000000, -33.00000000000000711 ) ) ;
#7353 = VERTEX_POINT ( 'NONE', #149 ) ;
#7354 = CARTESIAN_POINT ( 'NONE',  ( 7.669999999999999929, 0.000000000000000000, -141.7500000000000000 ) ) ;
#7355 = ADVANCED_FACE ( 'NONE', ( #5254 ), #8193, .F. ) ;
#7356 = ORIENTED_EDGE ( 'NONE', *, *, #4680, .F. ) ;
#7357 = ORIENTED_EDGE ( 'NONE', *, *, #5622, .F. ) ;
#7358 = VERTEX_POINT ( 'NONE', #6681 ) ;
#7359 = EDGE_CURVE ( 'NONE', #8676, #7817, #7508, .T. ) ;
#7360 = LINE ( 'NONE', #4412, #2066 ) ;
#7361 = CARTESIAN_POINT ( 'NONE',  ( 238.9999999999999716, 0.000000000000000000, 0.000000000000000000 ) ) ;
#7362 = DIRECTION ( 'NONE',  ( -0.000000000000000000, 1.000000000000000000, -0.000000000000000000 ) ) ;
#7363 = CARTESIAN_POINT ( 'NONE',  ( 57.99999999999999289, 0.000000000000000000, -117.9999999999999858 ) ) ;
#7364 = CARTESIAN_POINT ( 'NONE',  ( 111.4999999999999432, 14.00000000000000000, -23.00000000000000000 ) ) ;
#7365 = ORIENTED_EDGE ( 'NONE', *, *, #598, .T. ) ;
#7366 = VERTEX_POINT ( 'NONE', #3725 ) ;
#7367 = CARTESIAN_POINT ( 'NONE',  ( 24.00000000000000000, 29.00000000000000000, -46.69999999999998863 ) ) ;
#7368 = DIRECTION ( 'NONE',  ( -1.000000000000000000, 0.000000000000000000, -0.000000000000000000 ) ) ;
#7369 = ORIENTED_EDGE ( 'NONE', *, *, #1184, .F. ) ;
#7370 = VECTOR ( 'NONE', #5666, 1000.000000000000000 ) ;
#7371 = DIRECTION ( 'NONE',  ( 4.625929269271487689E-15, 0.000000000000000000, 1.000000000000000000 ) ) ;
#7372 = EDGE_CURVE ( 'NONE', #4381, #1871, #49, .T. ) ;
#7373 = VECTOR ( 'NONE', #2438, 1000.000000000000000 ) ;
#7374 = DIRECTION ( 'NONE',  ( -1.000000000000000000, -0.000000000000000000, -0.000000000000000000 ) ) ;
#7375 = CARTESIAN_POINT ( 'NONE',  ( 55.00000000000000711, -0.001000000000000132727, -117.9999999999999716 ) ) ;
#7376 = DIRECTION ( 'NONE',  ( 1.000000000000000000, 0.000000000000000000, -0.000000000000000000 ) ) ;
#7377 = EDGE_CURVE ( 'NONE', #5213, #7647, #6878, .T. ) ;
#7378 = ORIENTED_EDGE ( 'NONE', *, *, #9569, .T. ) ;
#7379 = ORIENTED_EDGE ( 'NONE', *, *, #1224, .T. ) ;
#7380 = CARTESIAN_POINT ( 'NONE',  ( 76.00000000000001421, 0.000000000000000000, -117.9999999999999716 ) ) ;
#7381 = DIRECTION ( 'NONE',  ( 0.000000000000000000, 0.000000000000000000, -1.000000000000000000 ) ) ;
#7382 = EDGE_CURVE ( 'NONE', #4545, #4134, #6830, .T. ) ;
#7383 = CARTESIAN_POINT ( 'NONE',  ( 0.000000000000000000, 8.000000000000000000, 0.000000000000000000 ) ) ;
#7384 = VECTOR ( 'NONE', #940, 1000.000000000000000 ) ;
#7385 = LINE ( 'NONE', #3021, #5822 ) ;
#7386 = VERTEX_POINT ( 'NONE', #3677 ) ;
#7387 = DIRECTION ( 'NONE',  ( -0.000000000000000000, 1.000000000000000000, -0.000000000000000000 ) ) ;
#7388 = EDGE_LOOP ( 'NONE', ( #4343, #6686, #8281, #5956 ) ) ;
#7389 = VERTEX_POINT ( 'NONE', #9668 ) ;
#7390 = VECTOR ( 'NONE', #6849, 1000.000000000000000 ) ;
#7391 = VECTOR ( 'NONE', #3887, 1000.000000000000114 ) ;
#7392 = AXIS2_PLACEMENT_3D ( 'NONE', #9254, #3276, #2540 ) ;
#7393 = ORIENTED_EDGE ( 'NONE', *, *, #1603, .F. ) ;
#7394 = EDGE_CURVE ( 'NONE', #6486, #9466, #3770, .T. ) ;
#7395 = VERTEX_POINT ( 'NONE', #3047 ) ;
#7396 = CYLINDRICAL_SURFACE ( 'NONE', #8669, 1.750000000000001554 ) ;
#7397 = VECTOR ( 'NONE', #6470, 1000.000000000000000 ) ;
#7398 = CARTESIAN_POINT ( 'NONE',  ( 76.00000000000001421, 0.000000000000000000, -117.9999999999999716 ) ) ;
#7399 = LINE ( 'NONE', #680, #2591 ) ;
#7400 = DIRECTION ( 'NONE',  ( -2.168404344971008868E-16, -0.000000000000000000, -1.000000000000000000 ) ) ;
#7401 = DIRECTION ( 'NONE',  ( -0.000000000000000000, 1.000000000000000000, -0.000000000000000000 ) ) ;
#7402 = CYLINDRICAL_SURFACE ( 'NONE', #3473, 1.699999999999993072 ) ;
#7403 = CARTESIAN_POINT ( 'NONE',  ( 201.9999999999999432, 0.000000000000000000, -33.00000000000000000 ) ) ;
#7404 = ORIENTED_EDGE ( 'NONE', *, *, #4232, .F. ) ;
#7405 = CARTESIAN_POINT ( 'NONE',  ( 142.0000000000000000, -0.001000000000000132727, -117.9999999999999858 ) ) ;
#7406 = VECTOR ( 'NONE', #440, 1000.000000000000000 ) ;
#7407 = AXIS2_PLACEMENT_3D ( 'NONE', #3385, #7025, #7209 ) ;
#7408 = EDGE_LOOP ( 'NONE', ( #2493, #1636, #4645, #2488 ) ) ;
#7409 = ORIENTED_EDGE ( 'NONE', *, *, #9410, .T. ) ;
#7410 = FACE_OUTER_BOUND ( 'NONE', #5764, .T. ) ;
#7411 = ORIENTED_EDGE ( 'NONE', *, *, #4348, .T. ) ;
#7412 = CARTESIAN_POINT ( 'NONE',  ( 27.00000000000000000, 4.000000000000000000, -33.00000000000000711 ) ) ;
#7413 = DIRECTION ( 'NONE',  ( 1.000000000000000000, 0.000000000000000000, -0.000000000000000000 ) ) ;
#7414 = DIRECTION ( 'NONE',  ( 0.000000000000000000, 0.000000000000000000, 1.000000000000000000 ) ) ;
#7415 = DIRECTION ( 'NONE',  ( -2.168404344971008868E-16, 0.000000000000000000, -1.000000000000000000 ) ) ;
#7416 = DIRECTION ( 'NONE',  ( 0.000000000000000000, 0.000000000000000000, -1.000000000000000000 ) ) ;
#7417 = ORIENTED_EDGE ( 'NONE', *, *, #7149, .F. ) ;
#7418 = EDGE_CURVE ( 'NONE', #6870, #8544, #1512, .T. ) ;
#7419 = FACE_BOUND ( 'NONE', #2742, .T. ) ;
#7420 = CIRCLE ( 'NONE', #4920, 2.999999999999995559 ) ;
#7421 = EDGE_CURVE ( 'NONE', #7656, #9034, #6036, .T. ) ;
#7422 = EDGE_CURVE ( 'NONE', #2920, #6398, #6726, .T. ) ;
#7423 = DIRECTION ( 'NONE',  ( -0.000000000000000000, -1.000000000000000000, -0.000000000000000000 ) ) ;
#7424 = AXIS2_PLACEMENT_3D ( 'NONE', #8717, #3515, #6468 ) ;
#7425 = ORIENTED_EDGE ( 'NONE', *, *, #1295, .F. ) ;
#7426 = DIRECTION ( 'NONE',  ( 0.000000000000000000, 0.000000000000000000, -1.000000000000000000 ) ) ;
#7427 = FACE_BOUND ( 'NONE', #9213, .T. ) ;
#7428 = CARTESIAN_POINT ( 'NONE',  ( 62.00000000000000711, 4.000000000000000000, -33.00000000000000711 ) ) ;
#7429 = EDGE_CURVE ( 'NONE', #3191, #9520, #3943, .T. ) ;
#7430 = CARTESIAN_POINT ( 'NONE',  ( 174.0000000000000000, 4.000000000000000000, -117.9999999999999716 ) ) ;
#7431 = ORIENTED_EDGE ( 'NONE', *, *, #4050, .F. ) ;
#7432 = CIRCLE ( 'NONE', #1153, 1.699999999999993072 ) ;
#7433 = LINE ( 'NONE', #5274, #1446 ) ;
#7434 = CARTESIAN_POINT ( 'NONE',  ( 162.9999999999999432, 4.000000000000000000, -33.00000000000000000 ) ) ;
#7435 = EDGE_LOOP ( 'NONE', ( #2785, #1045, #3304, #3281 ) ) ;
#7436 = PLANE ( 'NONE',  #8425 ) ;
#7437 = DIRECTION ( 'NONE',  ( 0.000000000000000000, 0.000000000000000000, 1.000000000000000000 ) ) ;
#7438 = ORIENTED_EDGE ( 'NONE', *, *, #4865, .T. ) ;
#7439 = CARTESIAN_POINT ( 'NONE',  ( 204.9999999999999716, 0.000000000000000000, -17.00000000000000000 ) ) ;
#7440 = ORIENTED_EDGE ( 'NONE', *, *, #6700, .F. ) ;
#7441 = ORIENTED_EDGE ( 'NONE', *, *, #9543, .F. ) ;
#7442 = EDGE_CURVE ( 'NONE', #1517, #3572, #4017, .T. ) ;
#7443 = EDGE_CURVE ( 'NONE', #5332, #2181, #8635, .T. ) ;
#7444 = VECTOR ( 'NONE', #8118, 1000.000000000000000 ) ;
#7445 = ORIENTED_EDGE ( 'NONE', *, *, #6471, .F. ) ;
#7446 = ORIENTED_EDGE ( 'NONE', *, *, #7247, .T. ) ;
#7447 = CARTESIAN_POINT ( 'NONE',  ( 215.9999999999999716, 29.00000000000000000, -108.9999999999999858 ) ) ;
#7448 = DIRECTION ( 'NONE',  ( 0.000000000000000000, 0.000000000000000000, -1.000000000000000000 ) ) ;
#7449 = LINE ( 'NONE', #88, #7116 ) ;
#7450 = DIRECTION ( 'NONE',  ( 0.000000000000000000, 0.000000000000000000, 1.000000000000000000 ) ) ;
#7451 = ORIENTED_EDGE ( 'NONE', *, *, #7540, .T. ) ;
#7452 = ORIENTED_EDGE ( 'NONE', *, *, #7561, .T. ) ;
#7453 = LINE ( 'NONE', #7352, #1523 ) ;
#7454 = EDGE_LOOP ( 'NONE', ( #6767, #613, #1426, #7952 ) ) ;
#7455 = CARTESIAN_POINT ( 'NONE',  ( 142.0000000000000000, 4.000000000000000000, -133.9999999999999716 ) ) ;
#7456 = ORIENTED_EDGE ( 'NONE', *, *, #7749, .T. ) ;
#7457 = ORIENTED_EDGE ( 'NONE', *, *, #2136, .T. ) ;
#7458 = CARTESIAN_POINT ( 'NONE',  ( 27.00000000000000355, -0.001000000000000132727, -17.00000000000000000 ) ) ;
#7459 = CARTESIAN_POINT ( 'NONE',  ( 55.00000000000000711, 0.000000000000000000, -133.9999999999999716 ) ) ;
#7460 = LINE ( 'NONE', #6536, #8744 ) ;
#7461 = LINE ( 'NONE', #1467, #14 ) ;
#7462 = LINE ( 'NONE', #4462, #423 ) ;
#7463 = CARTESIAN_POINT ( 'NONE',  ( 27.99999999999999645, 11.00000000000003020, -106.9999999999999858 ) ) ;
#7464 = VERTEX_POINT ( 'NONE', #9321 ) ;
#7465 = EDGE_CURVE ( 'NONE', #46, #6927, #2645, .T. ) ;
#7466 = FACE_BOUND ( 'NONE', #2387, .T. ) ;
#7467 = ADVANCED_BREP_SHAPE_REPRESENTATION ( 'Geh\X2\00e4\X0\use_Waveshare_R\X2\00fc\X0\ckwand_Haupt', ( #9095, #8197 ), #4938 ) ;
#7468 = VECTOR ( 'NONE', #3925, 1000.000000000000000 ) ;
#7469 = DIRECTION ( 'NONE',  ( 0.000000000000000000, 0.000000000000000000, -1.000000000000000000 ) ) ;
#7470 = ORIENTED_EDGE ( 'NONE', *, *, #1270, .F. ) ;
#7471 = CARTESIAN_POINT ( 'NONE',  ( 69.00000000000000000, -0.001000000000000132727, -33.00000000000000711 ) ) ;
#7472 = ORIENTED_EDGE ( 'NONE', *, *, #4250, .T. ) ;
#7473 = EDGE_CURVE ( 'NONE', #5572, #6713, #981, .T. ) ;
#7474 = DIRECTION ( 'NONE',  ( 1.000000000000000000, 0.000000000000000000, -0.000000000000000000 ) ) ;
#7475 = DIRECTION ( 'NONE',  ( -0.000000000000000000, 1.000000000000000000, -0.000000000000000000 ) ) ;
#7476 = ORIENTED_EDGE ( 'NONE', *, *, #3074, .F. ) ;
#7477 = CARTESIAN_POINT ( 'NONE',  ( 135.7199999999999704, 6.000000000000000000, -46.00000000000000000 ) ) ;
#7478 = ORIENTED_EDGE ( 'NONE', *, *, #4058, .T. ) ;
#7479 = CARTESIAN_POINT ( 'NONE',  ( 65.00000000000000000, 4.000000000000000000, -33.00000000000000000 ) ) ;
#7480 = DIRECTION ( 'NONE',  ( -0.000000000000000000, 1.000000000000000000, -0.000000000000000000 ) ) ;
#7481 = VERTEX_POINT ( 'NONE', #5646 ) ;
#7482 = EDGE_CURVE ( 'NONE', #8625, #8430, #2504, .T. ) ;
#7483 = PLANE ( 'NONE',  #4945 ) ;
#7484 = EDGE_CURVE ( 'NONE', #9352, #2344, #347, .T. ) ;
#7485 = DIRECTION ( 'NONE',  ( -0.000000000000000000, 1.000000000000000000, -0.000000000000000000 ) ) ;
#7486 = VECTOR ( 'NONE', #6871, 1000.000000000000000 ) ;
#7487 = CARTESIAN_POINT ( 'NONE',  ( 23.00000000000000000, 0.000000000000000000, -108.9999999999999858 ) ) ;
#7488 = ORIENTED_EDGE ( 'NONE', *, *, #6701, .F. ) ;
#7489 = VERTEX_POINT ( 'NONE', #4769 ) ;
#7490 = VECTOR ( 'NONE', #6495, 1000.000000000000000 ) ;
#7491 = ORIENTED_EDGE ( 'NONE', *, *, #839, .F. ) ;
#7492 = ORIENTED_EDGE ( 'NONE', *, *, #4960, .F. ) ;
#7493 = CARTESIAN_POINT ( 'NONE',  ( 2.000000000000000000, 0.000000000000000000, -147.0000000000000000 ) ) ;
#7494 = CARTESIAN_POINT ( 'NONE',  ( 111.0000000000000000, -0.001000000000000132727, -117.9999999999999716 ) ) ;
#7495 = EDGE_CURVE ( 'NONE', #39, #5273, #296, .T. ) ;
#7496 = DIRECTION ( 'NONE',  ( -0.000000000000000000, -1.000000000000000000, -0.000000000000000000 ) ) ;
#7497 = DIRECTION ( 'NONE',  ( -0.000000000000000000, 1.000000000000000000, -0.000000000000000000 ) ) ;
#7498 = ORIENTED_EDGE ( 'NONE', *, *, #669, .F. ) ;
#7499 = ORIENTED_EDGE ( 'NONE', *, *, #7686, .T. ) ;
#7500 = CARTESIAN_POINT ( 'NONE',  ( 146.0000000000000284, 4.000000000000000000, -117.9999999999999716 ) ) ;
#7501 = ORIENTED_EDGE ( 'NONE', *, *, #1634, .T. ) ;
#7502 = EDGE_CURVE ( 'NONE', #430, #1584, #4401, .T. ) ;
#7503 = VECTOR ( 'NONE', #768, 1000.000000000000000 ) ;
#7504 = CARTESIAN_POINT ( 'NONE',  ( 57.99999999999999289, -0.001000000000000132727, -33.00000000000000000 ) ) ;
#7505 = ORIENTED_EDGE ( 'NONE', *, *, #4797, .T. ) ;
#7506 = ORIENTED_EDGE ( 'NONE', *, *, #6769, .T. ) ;
#7507 = LINE ( 'NONE', #7458, #5214 ) ;
#7508 = LINE ( 'NONE', #6087, #6931 ) ;
#7509 = DIRECTION ( 'NONE',  ( -2.168404344971008868E-16, 0.000000000000000000, -1.000000000000000000 ) ) ;
#7510 = LINE ( 'NONE', #3051, #8643 ) ;
#7511 = LINE ( 'NONE', #5357, #97 ) ;
#7512 = CARTESIAN_POINT ( 'NONE',  ( 191.0000000000000000, 0.000000000000000000, -133.9999999999999716 ) ) ;
#7513 = VERTEX_POINT ( 'NONE', #3244 ) ;
#7514 = DIRECTION ( 'NONE',  ( 0.000000000000000000, 0.000000000000000000, 1.000000000000000000 ) ) ;
#7515 = DIRECTION ( 'NONE',  ( 0.000000000000000000, 0.000000000000000000, 1.000000000000000000 ) ) ;
#7516 = ORIENTED_EDGE ( 'NONE', *, *, #9264, .T. ) ;
#7517 = EDGE_LOOP ( 'NONE', ( #3849, #1159, #7909, #2470 ) ) ;
#7518 = LINE ( 'NONE', #5314, #971 ) ;
#7519 = ADVANCED_FACE ( 'NONE', ( #202 ), #2604, .F. ) ;
#7520 = DIRECTION ( 'NONE',  ( -0.000000000000000000, 0.000000000000000000, -1.000000000000000000 ) ) ;
#7521 = LINE ( 'NONE', #6650, #476 ) ;
#7522 = ORIENTED_EDGE ( 'NONE', *, *, #5129, .F. ) ;
#7523 = DIRECTION ( 'NONE',  ( -0.000000000000000000, -1.000000000000000000, -0.000000000000000000 ) ) ;
#7524 = EDGE_LOOP ( 'NONE', ( #1182, #5003, #3272, #1728 ) ) ;
#7525 = DIRECTION ( 'NONE',  ( 0.000000000000000000, 0.000000000000000000, 1.000000000000000000 ) ) ;
#7526 = CARTESIAN_POINT ( 'NONE',  ( 174.0000000000000000, -0.001000000000000132727, -117.9999999999999716 ) ) ;
#7527 = ADVANCED_FACE ( 'NONE', ( #3383 ), #249, .F. ) ;
#7528 = ORIENTED_EDGE ( 'NONE', *, *, #842, .T. ) ;
#7529 = VERTEX_POINT ( 'NONE', #6244 ) ;
#7530 = AXIS2_PLACEMENT_3D ( 'NONE', #7168, #3430, #6430 ) ;
#7531 = DIRECTION ( 'NONE',  ( 0.000000000000000000, 0.000000000000000000, 1.000000000000000000 ) ) ;
#7532 = DIRECTION ( 'NONE',  ( -0.000000000000000000, -0.000000000000000000, -1.000000000000000000 ) ) ;
#7533 = AXIS2_PLACEMENT_3D ( 'NONE', #7565, #835, #8404 ) ;
#7534 = VECTOR ( 'NONE', #9394, 1000.000000000000000 ) ;
#7535 = DIRECTION ( 'NONE',  ( -1.000000000000000000, -0.000000000000000000, -0.000000000000000000 ) ) ;
#7536 = VERTEX_POINT ( 'NONE', #3976 ) ;
#7537 = ORIENTED_EDGE ( 'NONE', *, *, #6109, .F. ) ;
#7538 = ADVANCED_FACE ( 'NONE', ( #8590 ), #1069, .F. ) ;
#7539 = EDGE_CURVE ( 'NONE', #1461, #7831, #3201, .T. ) ;
#7540 = EDGE_CURVE ( 'NONE', #2409, #7776, #1029, .T. ) ;
#7541 = VECTOR ( 'NONE', #6816, 1000.000000000000000 ) ;
#7542 = VECTOR ( 'NONE', #2799, 1000.000000000000000 ) ;
#7543 = EDGE_LOOP ( 'NONE', ( #8027, #6361, #9030, #1988 ) ) ;
#7544 = ORIENTED_EDGE ( 'NONE', *, *, #2380, .F. ) ;
#7545 = APPLICATION_CONTEXT ( 'automotive_design' ) ;
#7546 = LINE ( 'NONE', #2184, #4096 ) ;
#7547 = LINE ( 'NONE', #7652, #3579 ) ;
#7548 = CIRCLE ( 'NONE', #6940, 3.000000000000002665 ) ;
#7549 = CARTESIAN_POINT ( 'NONE',  ( 153.0000000000000000, 0.000000000000000000, -117.9999999999999716 ) ) ;
#7550 = ORIENTED_EDGE ( 'NONE', *, *, #2973, .T. ) ;
#7551 = ORIENTED_EDGE ( 'NONE', *, *, #8305, .F. ) ;
#7552 = DIRECTION ( 'NONE',  ( 0.000000000000000000, -1.000000000000000000, 0.000000000000000000 ) ) ;
#7553 = VERTEX_POINT ( 'NONE', #2459 ) ;
#7554 = VECTOR ( 'NONE', #6981, 1000.000000000000000 ) ;
#7555 = DIRECTION ( 'NONE',  ( -1.000000000000000000, 0.000000000000000000, -2.312964634635743844E-15 ) ) ;
#7556 = AXIS2_PLACEMENT_3D ( 'NONE', #4712, #4664, #1675 ) ;
#7557 = EDGE_LOOP ( 'NONE', ( #3830, #8722, #122, #6774 ) ) ;
#7558 = ORIENTED_EDGE ( 'NONE', *, *, #9187, .F. ) ;
#7559 = VECTOR ( 'NONE', #3116, 1000.000000000000000 ) ;
#7560 = CARTESIAN_POINT ( 'NONE',  ( 77.71999999999999886, 6.000000000000000000, -100.9999999999999858 ) ) ;
#7561 = EDGE_CURVE ( 'NONE', #1685, #3532, #6290, .T. ) ;
#7562 = DIRECTION ( 'NONE',  ( 0.000000000000000000, 0.000000000000000000, -1.000000000000000000 ) ) ;
#7563 = LINE ( 'NONE', #8291, #2105 ) ;
#7564 = DIRECTION ( 'NONE',  ( 1.000000000000000000, 0.000000000000000000, 0.000000000000000000 ) ) ;
#7565 = CARTESIAN_POINT ( 'NONE',  ( 77.71999999999998465, 6.000000000000000000, -48.99999999999998579 ) ) ;
#7566 = DIRECTION ( 'NONE',  ( -0.000000000000000000, 1.000000000000000000, -0.000000000000000000 ) ) ;
#7567 = CARTESIAN_POINT ( 'NONE',  ( 29.99999999999999645, 4.000000000000000000, -133.9999999999999716 ) ) ;
#7568 = ORIENTED_EDGE ( 'NONE', *, *, #2739, .T. ) ;
#7569 = VECTOR ( 'NONE', #887, 1000.000000000000000 ) ;
#7570 = VECTOR ( 'NONE', #1912, 1000.000000000000000 ) ;
#7571 = FACE_OUTER_BOUND ( 'NONE', #2716, .T. ) ;
#7572 = DIRECTION ( 'NONE',  ( 2.168404344971007882E-16, 0.000000000000000000, 1.000000000000000000 ) ) ;
#7573 = ORIENTED_EDGE ( 'NONE', *, *, #689, .T. ) ;
#7574 = ORIENTED_EDGE ( 'NONE', *, *, #689, .F. ) ;
#7575 = EDGE_CURVE ( 'NONE', #7891, #185, #1117, .T. ) ;
#7576 = DIRECTION ( 'NONE',  ( -0.000000000000000000, 1.000000000000000000, -0.000000000000000000 ) ) ;
#7577 = FACE_OUTER_BOUND ( 'NONE', #546, .T. ) ;
#7578 = ORIENTED_EDGE ( 'NONE', *, *, #7816, .F. ) ;
#7579 = CARTESIAN_POINT ( 'NONE',  ( 20.00000000000000000, 29.00000000000000000, -44.00000000000000711 ) ) ;
#7580 = ORIENTED_EDGE ( 'NONE', *, *, #4437, .T. ) ;
#7581 = EDGE_LOOP ( 'NONE', ( #6216, #5928 ) ) ;
#7582 = CARTESIAN_POINT ( 'NONE',  ( 23.00000000000000000, 9.000000000000001776, -44.00000000000000711 ) ) ;
#7583 = CARTESIAN_POINT ( 'NONE',  ( 146.0000000000000284, 4.000000000000000000, -133.9999999999999716 ) ) ;
#7584 = VERTEX_POINT ( 'NONE', #4121 ) ;
#7585 = ORIENTED_EDGE ( 'NONE', *, *, #9452, .F. ) ;
#7586 = ORIENTED_EDGE ( 'NONE', *, *, #4660, .F. ) ;
#7587 = DIRECTION ( 'NONE',  ( -1.000000000000000000, 0.000000000000000000, -2.312964634635743844E-15 ) ) ;
#7588 = CARTESIAN_POINT ( 'NONE',  ( 20.00000000000000000, 4.000000000000000000, -111.9999999999999858 ) ) ;
#7589 = LINE ( 'NONE', #229, #1601 ) ;
#7590 = VECTOR ( 'NONE', #8334, 1000.000000000000000 ) ;
#7591 = DIRECTION ( 'NONE',  ( -0.000000000000000000, 1.000000000000000000, -0.000000000000000000 ) ) ;
#7592 = DIRECTION ( 'NONE',  ( -1.000000000000000000, 0.000000000000000000, 2.168404344971008128E-16 ) ) ;
#7593 = ORIENTED_EDGE ( 'NONE', *, *, #9494, .T. ) ;
#7594 = ORIENTED_EDGE ( 'NONE', *, *, #5655, .F. ) ;
#7595 = EDGE_CURVE ( 'NONE', #4958, #587, #7068, .T. ) ;
#7596 = CIRCLE ( 'NONE', #4146, 1.699999999999993072 ) ;
#7597 = VECTOR ( 'NONE', #2987, 1000.000000000000000 ) ;
#7598 = ORIENTED_EDGE ( 'NONE', *, *, #997, .F. ) ;
#7599 = ORIENTED_EDGE ( 'NONE', *, *, #5856, .T. ) ;
#7600 = DIRECTION ( 'NONE',  ( -0.000000000000000000, 1.000000000000000000, -0.000000000000000000 ) ) ;
#7601 = LINE ( 'NONE', #187, #5311 ) ;
#7602 = VECTOR ( 'NONE', #1452, 1000.000000000000000 ) ;
#7603 = EDGE_CURVE ( 'NONE', #5724, #5473, #1163, .T. ) ;
#7604 = CARTESIAN_POINT ( 'NONE',  ( 77.71999999999999886, 6.000000000000000000, -94.99999999999998579 ) ) ;
#7605 = ADVANCED_FACE ( 'NONE', ( #4952 ), #7347, .F. ) ;
#7606 = ORIENTED_EDGE ( 'NONE', *, *, #5108, .T. ) ;
#7607 = VERTEX_POINT ( 'NONE', #5828 ) ;
#7608 = DIRECTION ( 'NONE',  ( 1.000000000000000000, 0.000000000000000000, -4.625929269271487689E-15 ) ) ;
#7609 = VERTEX_POINT ( 'NONE', #1956 ) ;
#7610 = CARTESIAN_POINT ( 'NONE',  ( 210.9999999999999716, 29.00000000000000000, -44.00000000000000711 ) ) ;
#7611 = EDGE_LOOP ( 'NONE', ( #9164, #7000, #3271, #7844 ) ) ;
#7612 = ORIENTED_EDGE ( 'NONE', *, *, #7793, .T. ) ;
#7613 = CARTESIAN_POINT ( 'NONE',  ( 195.0000000000000000, 0.000000000000000000, -117.9999999999999716 ) ) ;
#7614 = EDGE_CURVE ( 'NONE', #5853, #6034, #3475, .T. ) ;
#7615 = DIRECTION ( 'NONE',  ( -2.168404344971008868E-16, 0.000000000000000000, -1.000000000000000000 ) ) ;
#7616 = LINE ( 'NONE', #886, #2587 ) ;
#7617 = DIRECTION ( 'NONE',  ( -1.000000000000000000, 0.000000000000000000, -0.000000000000000000 ) ) ;
#7618 = DIRECTION ( 'NONE',  ( -0.000000000000000000, 1.000000000000000000, -0.000000000000000000 ) ) ;
#7619 = CARTESIAN_POINT ( 'NONE',  ( 135.7199999999999704, 6.000000000000001776, -99.74999999999998579 ) ) ;
#7620 = CARTESIAN_POINT ( 'NONE',  ( 208.9999999999999716, -0.001000000000000132727, -33.00000000000000000 ) ) ;
#7621 = ORIENTED_EDGE ( 'NONE', *, *, #3735, .T. ) ;
#7622 = CARTESIAN_POINT ( 'NONE',  ( 201.9999999999999432, 4.000000000000000000, -33.00000000000000000 ) ) ;
#7623 = EDGE_CURVE ( 'NONE', #4803, #5319, #9546, .T. ) ;
#7624 = ADVANCED_FACE ( 'NONE', ( #8725 ), #7987, .F. ) ;
#7625 = ORIENTED_EDGE ( 'NONE', *, *, #5628, .F. ) ;
#7626 = VERTEX_POINT ( 'NONE', #5779 ) ;
#7627 = DIRECTION ( 'NONE',  ( 1.000000000000000000, 0.000000000000000000, -2.168404344971008868E-16 ) ) ;
#7628 = ORIENTED_EDGE ( 'NONE', *, *, #4300, .F. ) ;
#7629 = CARTESIAN_POINT ( 'NONE',  ( 149.0000000000000000, -0.001000000000000132727, -133.9999999999999716 ) ) ;
#7630 = EDGE_LOOP ( 'NONE', ( #456, #8096, #1551, #8705 ) ) ;
#7631 = DIRECTION ( 'NONE',  ( 0.000000000000000000, 0.000000000000000000, 1.000000000000000000 ) ) ;
#7632 = ORIENTED_EDGE ( 'NONE', *, *, #7916, .F. ) ;
#7633 = AXIS2_PLACEMENT_3D ( 'NONE', #8640, #1960, #4125 ) ;
#7634 = CARTESIAN_POINT ( 'NONE',  ( 166.9999999999999432, 0.000000000000000000, -33.00000000000000000 ) ) ;
#7635 = EDGE_CURVE ( 'NONE', #64, #5775, #8821, .T. ) ;
#7636 = CARTESIAN_POINT ( 'NONE',  ( 28.00000000000000355, 9.000000000000014211, -43.99999999999999289 ) ) ;
#7637 = ORIENTED_EDGE ( 'NONE', *, *, #7540, .F. ) ;
#7638 = ORIENTED_EDGE ( 'NONE', *, *, #7809, .F. ) ;
#7639 = ORIENTED_EDGE ( 'NONE', *, *, #9569, .F. ) ;
#7640 = LINE ( 'NONE', #956, #827 ) ;
#7641 = DIRECTION ( 'NONE',  ( -0.000000000000000000, 1.000000000000000000, -0.000000000000000000 ) ) ;
#7642 = VECTOR ( 'NONE', #3899, 1000.000000000000000 ) ;
#7643 = DIRECTION ( 'NONE',  ( 0.000000000000000000, 0.000000000000000000, 1.000000000000000000 ) ) ;
#7644 = AXIS2_PLACEMENT_3D ( 'NONE', #103, #4618, #6206 ) ;
#7645 = FACE_OUTER_BOUND ( 'NONE', #869, .T. ) ;
#7646 = LINE ( 'NONE', #2486, #1641 ) ;
#7647 = VERTEX_POINT ( 'NONE', #7943 ) ;
#7648 = ORIENTED_EDGE ( 'NONE', *, *, #8958, .F. ) ;
#7649 = ORIENTED_EDGE ( 'NONE', *, *, #8569, .T. ) ;
#7650 = EDGE_LOOP ( 'NONE', ( #7404, #2892, #7488, #3622 ) ) ;
#7651 = PLANE ( 'NONE',  #4260 ) ;
#7652 = CARTESIAN_POINT ( 'NONE',  ( 24.00000000000000000, 21.00000000000000000, -43.30000000000000426 ) ) ;
#7653 = EDGE_CURVE ( 'NONE', #4949, #815, #9458, .T. ) ;
#7654 = FACE_OUTER_BOUND ( 'NONE', #1112, .T. ) ;
#7655 = EDGE_LOOP ( 'NONE', ( #4836, #7773, #2956, #7205 ) ) ;
#7656 = VERTEX_POINT ( 'NONE', #5094 ) ;
#7657 = PLANE ( 'NONE',  #3264 ) ;
#7658 = ORIENTED_EDGE ( 'NONE', *, *, #7635, .F. ) ;
#7659 = DIRECTION ( 'NONE',  ( 0.000000000000000000, 0.000000000000000000, 1.000000000000000000 ) ) ;
#7660 = EDGE_CURVE ( 'NONE', #6580, #1611, #1752, .T. ) ;
#7661 = EDGE_LOOP ( 'NONE', ( #6563, #9420, #542, #8233 ) ) ;
#7662 = ORIENTED_EDGE ( 'NONE', *, *, #4040, .F. ) ;
#7663 = CARTESIAN_POINT ( 'NONE',  ( 34.00000000000000000, 0.000000000000000000, -133.9999999999999716 ) ) ;
#7664 = CARTESIAN_POINT ( 'NONE',  ( 121.0000000000000000, 0.000000000000000000, -133.9999999999999716 ) ) ;
#7665 = CARTESIAN_POINT ( 'NONE',  ( 127.4999999999999432, 4.000000000000000000, -23.00000000000000000 ) ) ;
#7666 = PLANE ( 'NONE',  #7556 ) ;
#7667 = CARTESIAN_POINT ( 'NONE',  ( 23.00000000000000000, 4.000000000000000000, -41.00000000000000000 ) ) ;
#7668 = CARTESIAN_POINT ( 'NONE',  ( 162.9999999999999432, -0.001000000000000132727, -17.00000000000000000 ) ) ;
#7669 = CARTESIAN_POINT ( 'NONE',  ( 48.00000000000000000, -0.001000000000000132727, -133.9999999999999716 ) ) ;
#7670 = VERTEX_POINT ( 'NONE', #7902 ) ;
#7671 = DIRECTION ( 'NONE',  ( -1.000000000000000000, 0.000000000000000000, 0.000000000000000000 ) ) ;
#7672 = EDGE_CURVE ( 'NONE', #756, #4235, #577, .T. ) ;
#7673 = AXIS2_PLACEMENT_3D ( 'NONE', #4032, #8511, #4221 ) ;
#7674 = ADVANCED_FACE ( 'NONE', ( #7165 ), #6522, .F. ) ;
#7675 = VERTEX_POINT ( 'NONE', #2876 ) ;
#7676 = ORIENTED_EDGE ( 'NONE', *, *, #1008, .F. ) ;
#7677 = FACE_OUTER_BOUND ( 'NONE', #8062, .T. ) ;
#7678 = ORIENTED_EDGE ( 'NONE', *, *, #5423, .F. ) ;
#7679 = AXIS2_PLACEMENT_3D ( 'NONE', #7823, #4222, #2661 ) ;
#7680 = LINE ( 'NONE', #848, #8127 ) ;
#7681 = CARTESIAN_POINT ( 'NONE',  ( 187.9999999999999432, 4.000000000000000000, -33.00000000000000000 ) ) ;
#7682 = ORIENTED_EDGE ( 'NONE', *, *, #1332, .F. ) ;
#7683 = CARTESIAN_POINT ( 'NONE',  ( 210.9999999999999716, 9.000000000000014211, -109.0000000000000000 ) ) ;
#7684 = CARTESIAN_POINT ( 'NONE',  ( 174.0000000000000000, -0.001000000000000132727, -133.9999999999999716 ) ) ;
#7685 = VERTEX_POINT ( 'NONE', #9501 ) ;
#7686 = EDGE_CURVE ( 'NONE', #3756, #2125, #4997, .T. ) ;
#7687 = VERTEX_POINT ( 'NONE', #1354 ) ;
#7688 = CARTESIAN_POINT ( 'NONE',  ( 7.670000000000010587, 2.000000000000000000, -7.000000000000000000 ) ) ;
#7689 = LINE ( 'NONE', #8318, #7642 ) ;
#7690 = EDGE_CURVE ( 'NONE', #5319, #3663, #4346, .T. ) ;
#7691 = DIRECTION ( 'NONE',  ( 0.000000000000000000, 0.000000000000000000, 1.000000000000000000 ) ) ;
#7692 = CARTESIAN_POINT ( 'NONE',  ( 209.0000000000000000, 0.000000000000000000, -133.9999999999999716 ) ) ;
#7693 = DIRECTION ( 'NONE',  ( -1.000000000000000000, -0.000000000000000000, -0.000000000000000000 ) ) ;
#7694 = ORIENTED_EDGE ( 'NONE', *, *, #5448, .F. ) ;
#7695 = ORIENTED_EDGE ( 'NONE', *, *, #5637, .T. ) ;
#7696 = EDGE_CURVE ( 'NONE', #5756, #1967, #2537, .T. ) ;
#7697 = ORIENTED_EDGE ( 'NONE', *, *, #3690, .T. ) ;
#7698 = VECTOR ( 'NONE', #1227, 1000.000000000000000 ) ;
#7699 = LINE ( 'NONE', #3233, #6613 ) ;
#7700 = CARTESIAN_POINT ( 'NONE',  ( 118.0000000000000000, 0.000000000000000000, -117.9999999999999716 ) ) ;
#7701 = DIRECTION ( 'NONE',  ( 1.000000000000000000, 0.000000000000000000, -0.000000000000000000 ) ) ;
#7702 = EDGE_LOOP ( 'NONE', ( #3965, #3918, #5264, #6640 ) ) ;
#7703 = ORIENTED_EDGE ( 'NONE', *, *, #2238, .F. ) ;
#7704 = CARTESIAN_POINT ( 'NONE',  ( 111.4999999999999432, 14.00000000000000000, -23.00000000000000000 ) ) ;
#7705 = CARTESIAN_POINT ( 'NONE',  ( 34.00000000000000000, -0.001000000000000132727, -33.00000000000000711 ) ) ;
#7706 = AXIS2_PLACEMENT_3D ( 'NONE', #5650, #4867, #4124 ) ;
#7707 = VECTOR ( 'NONE', #2758, 1000.000000000000000 ) ;
#7708 = VERTEX_POINT ( 'NONE', #3566 ) ;
#7709 = ORIENTED_EDGE ( 'NONE', *, *, #758, .F. ) ;
#7710 = PLANE ( 'NONE',  #9121 ) ;
#7711 = DIRECTION ( 'NONE',  ( -2.168404344971008868E-16, 0.000000000000000000, -1.000000000000000000 ) ) ;
#7712 = CARTESIAN_POINT ( 'NONE',  ( 134.9999999999999716, 0.000000000000000000, -117.9999999999999858 ) ) ;
#7713 = VECTOR ( 'NONE', #8924, 1000.000000000000000 ) ;
#7714 = CARTESIAN_POINT ( 'NONE',  ( 204.9999999999999716, 4.000000000000000000, -33.00000000000000000 ) ) ;
#7715 = FACE_OUTER_BOUND ( 'NONE', #1709, .T. ) ;
#7716 = DIRECTION ( 'NONE',  ( -0.000000000000000000, 1.000000000000000000, -0.000000000000000000 ) ) ;
#7717 = CARTESIAN_POINT ( 'NONE',  ( 41.00000000000000000, 4.000000000000000000, -17.00000000000000000 ) ) ;
#7718 = ORIENTED_EDGE ( 'NONE', *, *, #882, .T. ) ;
#7719 = CARTESIAN_POINT ( 'NONE',  ( 83.00000000000000000, 4.000000000000000000, -133.9999999999999716 ) ) ;
#7720 = AXIS2_PLACEMENT_3D ( 'NONE', #4449, #5193, #7351 ) ;
#7721 = VECTOR ( 'NONE', #5472, 1000.000000000000000 ) ;
#7722 = VECTOR ( 'NONE', #7736, 1000.000000000000000 ) ;
#7723 = CIRCLE ( 'NONE', #7874, 1.750000000000001554 ) ;
#7724 = ORIENTED_EDGE ( 'NONE', *, *, #5876, .F. ) ;
#7725 = EDGE_LOOP ( 'NONE', ( #2263, #5653, #9142, #2938 ) ) ;
#7726 = FACE_OUTER_BOUND ( 'NONE', #3766, .T. ) ;
#7727 = EDGE_LOOP ( 'NONE', ( #2455, #4604, #8891, #9673 ) ) ;
#7728 = VECTOR ( 'NONE', #1063, 1000.000000000000000 ) ;
#7729 = CARTESIAN_POINT ( 'NONE',  ( 55.00000000000000711, 0.000000000000000000, -33.00000000000000711 ) ) ;
#7730 = ADVANCED_FACE ( 'NONE', ( #535 ), #3523, .F. ) ;
#7731 = CARTESIAN_POINT ( 'NONE',  ( 135.7199999999999704, 6.000000000000001776, -48.99999999999999289 ) ) ;
#7732 = VERTEX_POINT ( 'NONE', #1907 ) ;
#7733 = EDGE_CURVE ( 'NONE', #1575, #7835, #9270, .T. ) ;
#7734 = EDGE_CURVE ( 'NONE', #5929, #1366, #2285, .T. ) ;
#7735 = DIRECTION ( 'NONE',  ( 1.000000000000000000, 0.000000000000000000, -4.625929269271487689E-15 ) ) ;
#7736 = DIRECTION ( 'NONE',  ( -1.000000000000000000, -0.000000000000000000, -0.000000000000000000 ) ) ;
#7737 = CIRCLE ( 'NONE', #210, 1.750000000000001554 ) ;
#7738 = VERTEX_POINT ( 'NONE', #7398 ) ;
#7739 = PLANE ( 'NONE',  #3960 ) ;
#7740 = DIRECTION ( 'NONE',  ( -0.000000000000000000, -1.000000000000000000, -0.000000000000000000 ) ) ;
#7741 = EDGE_CURVE ( 'NONE', #2190, #4366, #806, .T. ) ;
#7742 = CARTESIAN_POINT ( 'NONE',  ( 111.4999999999999432, 8.000000000000000000, -41.00000000000000000 ) ) ;
#7743 = FACE_BOUND ( 'NONE', #734, .T. ) ;
#7744 = DIRECTION ( 'NONE',  ( 0.000000000000000000, 0.000000000000000000, 1.000000000000000000 ) ) ;
#7745 = ORIENTED_EDGE ( 'NONE', *, *, #3661, .F. ) ;
#7746 = ORIENTED_EDGE ( 'NONE', *, *, #4794, .F. ) ;
#7747 = CIRCLE ( 'NONE', #3504, 1.750000000000001554 ) ;
#7748 = UNCERTAINTY_MEASURE_WITH_UNIT (LENGTH_MEASURE( 1.000000000000000082E-05 ), #1382, 'distance_accuracy_value', 'NONE');
#7749 = EDGE_CURVE ( 'NONE', #4445, #3242, #8911, .T. ) ;
#7750 = VECTOR ( 'NONE', #9656, 1000.000000000000000 ) ;
#7751 = EDGE_LOOP ( 'NONE', ( #7568, #3967, #4830, #7297 ) ) ;
#7752 = ORIENTED_EDGE ( 'NONE', *, *, #647, .T. ) ;
#7753 = DIRECTION ( 'NONE',  ( -1.000000000000000000, 0.000000000000000000, 0.000000000000000000 ) ) ;
#7754 = DIRECTION ( 'NONE',  ( -0.000000000000000000, 0.000000000000000000, -1.000000000000000000 ) ) ;
#7755 = ORIENTED_EDGE ( 'NONE', *, *, #5855, .T. ) ;
#7756 = ORIENTED_EDGE ( 'NONE', *, *, #1809, .F. ) ;
#7757 = CARTESIAN_POINT ( 'NONE',  ( 104.0000000000000000, 0.000000000000000000, -133.9999999999999716 ) ) ;
#7758 = CARTESIAN_POINT ( 'NONE',  ( 102.0000000000000142, 8.000000000000000000, -20.99999999999999645 ) ) ;
#7759 = VECTOR ( 'NONE', #7693, 1000.000000000000000 ) ;
#7760 = EDGE_CURVE ( 'NONE', #8888, #2917, #5968, .T. ) ;
#7761 = VERTEX_POINT ( 'NONE', #1608 ) ;
#7762 = EDGE_LOOP ( 'NONE', ( #5877, #9600, #3369, #3063 ) ) ;
#7763 = LINE ( 'NONE', #295, #8341 ) ;
#7764 = DIRECTION ( 'NONE',  ( 0.000000000000000000, 0.000000000000000000, -1.000000000000000000 ) ) ;
#7765 = DIRECTION ( 'NONE',  ( 0.000000000000000000, 1.000000000000000000, 0.000000000000000000 ) ) ;
#7766 = DIRECTION ( 'NONE',  ( -0.000000000000000000, -0.000000000000000000, -1.000000000000000000 ) ) ;
#7767 = CARTESIAN_POINT ( 'NONE',  ( 62.00000000000000711, -0.001000000000000132727, -33.00000000000000711 ) ) ;
#7768 = CARTESIAN_POINT ( 'NONE',  ( 170.0000000000000000, 4.000000000000000000, -133.9999999999999716 ) ) ;
#7769 = FACE_OUTER_BOUND ( 'NONE', #3859, .T. ) ;
#7770 = VERTEX_POINT ( 'NONE', #135 ) ;
#7771 = PLANE ( 'NONE',  #9105 ) ;
#7772 = ORIENTED_EDGE ( 'NONE', *, *, #4336, .F. ) ;
#7773 = ORIENTED_EDGE ( 'NONE', *, *, #8202, .T. ) ;
#7774 = FACE_OUTER_BOUND ( 'NONE', #943, .T. ) ;
#7775 = DIRECTION ( 'NONE',  ( 0.000000000000000000, 0.000000000000000000, 1.000000000000000000 ) ) ;
#7776 = VERTEX_POINT ( 'NONE', #5190 ) ;
#7777 = DIRECTION ( 'NONE',  ( -0.000000000000000000, 1.000000000000000000, -0.000000000000000000 ) ) ;
#7778 = EDGE_CURVE ( 'NONE', #2545, #8429, #3134, .T. ) ;
#7779 = FACE_OUTER_BOUND ( 'NONE', #9025, .T. ) ;
#7780 = VERTEX_POINT ( 'NONE', #7493 ) ;
#7781 = CARTESIAN_POINT ( 'NONE',  ( 160.0000000000000000, 4.000000000000000000, -133.9999999999999716 ) ) ;
#7782 = CARTESIAN_POINT ( 'NONE',  ( 214.9999999999999716, 21.00000000000000000, -45.00000000000000000 ) ) ;
#7783 = ORIENTED_EDGE ( 'NONE', *, *, #3805, .T. ) ;
#7784 = EDGE_LOOP ( 'NONE', ( #5203, #2836, #8074, #8812 ) ) ;
#7785 = EDGE_CURVE ( 'NONE', #526, #3069, #4393, .T. ) ;
#7786 = CARTESIAN_POINT ( 'NONE',  ( 18.00000000000000355, 2.000000000000000000, -136.9999999999999716 ) ) ;
#7787 = DIRECTION ( 'NONE',  ( -0.000000000000000000, 1.000000000000000000, -0.000000000000000000 ) ) ;
#7788 = ORIENTED_EDGE ( 'NONE', *, *, #1727, .T. ) ;
#7789 = CARTESIAN_POINT ( 'NONE',  ( 188.0000000000000000, 0.000000000000000000, -133.9999999999999716 ) ) ;
#7790 = CARTESIAN_POINT ( 'NONE',  ( 97.00000000000000000, 0.000000000000000000, -133.9999999999999716 ) ) ;
#7791 = ORIENTED_EDGE ( 'NONE', *, *, #4407, .F. ) ;
#7792 = EDGE_CURVE ( 'NONE', #6764, #4976, #85, .T. ) ;
#7793 = EDGE_CURVE ( 'NONE', #908, #8748, #4539, .T. ) ;
#7794 = ORIENTED_EDGE ( 'NONE', *, *, #5450, .F. ) ;
#7795 = VECTOR ( 'NONE', #4511, 1000.000000000000000 ) ;
#7796 = FACE_OUTER_BOUND ( 'NONE', #8903, .T. ) ;
#7797 = LINE ( 'NONE', #4698, #7707 ) ;
#7798 =( LENGTH_UNIT ( ) NAMED_UNIT ( * ) SI_UNIT ( .MILLI., .METRE. ) );
#7799 = ORIENTED_EDGE ( 'NONE', *, *, #2757, .F. ) ;
#7800 = ORIENTED_EDGE ( 'NONE', *, *, #5024, .T. ) ;
#7801 = LINE ( 'NONE', #1108, #8432 ) ;
#7802 = DIRECTION ( 'NONE',  ( 1.000000000000000000, 0.000000000000000000, -4.625929269271487689E-15 ) ) ;
#7803 = VERTEX_POINT ( 'NONE', #2143 ) ;
#7804 = EDGE_LOOP ( 'NONE', ( #3647, #6724, #2400, #8916 ) ) ;
#7805 = CARTESIAN_POINT ( 'NONE',  ( 210.9999999999999716, 9.000000000000001776, -44.00000000000000711 ) ) ;
#7806 = CARTESIAN_POINT ( 'NONE',  ( 208.9999999999999716, 4.000000000000000000, -33.00000000000000000 ) ) ;
#7807 = FACE_OUTER_BOUND ( 'NONE', #8391, .T. ) ;
#7808 = CARTESIAN_POINT ( 'NONE',  ( 23.00000000000000000, 14.00000000000003375, -103.9999999999999858 ) ) ;
#7809 = EDGE_CURVE ( 'NONE', #5030, #7052, #7546, .T. ) ;
#7810 = PLANE ( 'NONE',  #2201 ) ;
#7811 = CARTESIAN_POINT ( 'NONE',  ( 41.00000000000000000, 0.000000000000000000, -117.9999999999999716 ) ) ;
#7812 = CARTESIAN_POINT ( 'NONE',  ( 121.0000000000000000, -0.001000000000000132727, -117.9999999999999858 ) ) ;
#7813 = ORIENTED_EDGE ( 'NONE', *, *, #6060, .F. ) ;
#7814 = VECTOR ( 'NONE', #3037, 1000.000000000000000 ) ;
#7815 = VECTOR ( 'NONE', #4864, 1000.000000000000000 ) ;
#7816 = EDGE_CURVE ( 'NONE', #6209, #1930, #8960, .T. ) ;
#7817 = VERTEX_POINT ( 'NONE', #721 ) ;
#7818 = EDGE_LOOP ( 'NONE', ( #3740, #9512, #2838, #4164 ) ) ;
#7819 = EDGE_LOOP ( 'NONE', ( #865, #1810, #1406, #9586 ) ) ;
#7820 = DIRECTION ( 'NONE',  ( -0.000000000000000000, 1.000000000000000000, -0.000000000000000000 ) ) ;
#7821 = CARTESIAN_POINT ( 'NONE',  ( 170.0000000000000000, -0.001000000000000132727, -133.9999999999999716 ) ) ;
#7822 = ORIENTED_EDGE ( 'NONE', *, *, #9686, .T. ) ;
#7823 = CARTESIAN_POINT ( 'NONE',  ( 77.71999999999998465, 6.000000000000000000, -48.99999999999998579 ) ) ;
#7824 = LINE ( 'NONE', #3303, #5849 ) ;
#7825 = ORIENTED_EDGE ( 'NONE', *, *, #8150, .F. ) ;
#7826 = CARTESIAN_POINT ( 'NONE',  ( 135.7199999999999704, 6.000000000000000000, -100.9999999999999716 ) ) ;
#7827 = DIRECTION ( 'NONE',  ( -1.000000000000000000, 0.000000000000000000, 0.000000000000000000 ) ) ;
#7828 =( BOUNDED_CURVE ( )  B_SPLINE_CURVE ( 3, ( #3851, #9377, #3222, #1698 ),
 .UNSPECIFIED., .F., .F. ) 
 B_SPLINE_CURVE_WITH_KNOTS ( ( 4, 4 ),
 ( 0.000000000000000000, 1.570796326794896558 ),
 .UNSPECIFIED. ) 
 CURVE ( )  GEOMETRIC_REPRESENTATION_ITEM ( )  RATIONAL_B_SPLINE_CURVE ( ( 1.000000000000000000, 0.8047378541243649375, 0.8047378541243649375, 1.000000000000000000 ) ) 
 REPRESENTATION_ITEM ( '' )  );
#7829 = VECTOR ( 'NONE', #4106, 1000.000000000000000 ) ;
#7830 = EDGE_CURVE ( 'NONE', #9231, #439, #6669, .T. ) ;
#7831 = VERTEX_POINT ( 'NONE', #6714 ) ;
#7832 = CIRCLE ( 'NONE', #6566, 1.699999999999979305 ) ;
#7833 = LINE ( 'NONE', #3311, #5218 ) ;
#7834 = CARTESIAN_POINT ( 'NONE',  ( 98.00000000000000000, 8.000000000000000000, -15.00000000000000000 ) ) ;
#7835 = VERTEX_POINT ( 'NONE', #5336 ) ;
#7836 = FACE_OUTER_BOUND ( 'NONE', #3258, .T. ) ;
#7837 = CARTESIAN_POINT ( 'NONE',  ( 215.9999999999999716, 29.00000000000000000, -49.00000000000000711 ) ) ;
#7838 = ORIENTED_EDGE ( 'NONE', *, *, #4434, .F. ) ;
#7839 = ORIENTED_EDGE ( 'NONE', *, *, #7785, .F. ) ;
#7840 = CARTESIAN_POINT ( 'NONE',  ( 208.9999999999999716, 4.000000000000000000, -33.00000000000000000 ) ) ;
#7841 = FACE_OUTER_BOUND ( 'NONE', #8817, .T. ) ;
#7842 = EDGE_CURVE ( 'NONE', #9173, #7761, #8330, .T. ) ;
#7843 = DIRECTION ( 'NONE',  ( 1.000000000000000000, 0.000000000000000000, -4.625929269271487689E-15 ) ) ;
#7844 = ORIENTED_EDGE ( 'NONE', *, *, #5262, .T. ) ;
#7845 = DIRECTION ( 'NONE',  ( 0.000000000000000000, -0.000000000000000000, 1.000000000000000000 ) ) ;
#7846 = ADVANCED_FACE ( 'NONE', ( #3709 ), #9698, .F. ) ;
#7847 = EDGE_CURVE ( 'NONE', #751, #7803, #4597, .T. ) ;
#7848 = ORIENTED_EDGE ( 'NONE', *, *, #8532, .T. ) ;
#7849 = VERTEX_POINT ( 'NONE', #2926 ) ;
#7850 = CYLINDRICAL_SURFACE ( 'NONE', #6168, 1.699999999999993072 ) ;
#7851 = VECTOR ( 'NONE', #1819, 1000.000000000000000 ) ;
#7852 = DIRECTION ( 'NONE',  ( -0.000000000000000000, 1.000000000000000000, -0.000000000000000000 ) ) ;
#7853 = CARTESIAN_POINT ( 'NONE',  ( 55.00000000000000711, -0.001000000000000132727, -133.9999999999999716 ) ) ;
#7854 = ORIENTED_EDGE ( 'NONE', *, *, #9404, .T. ) ;
#7855 = CARTESIAN_POINT ( 'NONE',  ( 69.00000000000000000, -0.001000000000000132727, -117.9999999999999716 ) ) ;
#7856 = FACE_OUTER_BOUND ( 'NONE', #3019, .T. ) ;
#7857 = LINE ( 'NONE', #6391, #6771 ) ;
#7858 = CARTESIAN_POINT ( 'NONE',  ( 169.9999999999999432, 4.000000000000000000, -17.00000000000000000 ) ) ;
#7859 = ORIENTED_EDGE ( 'NONE', *, *, #8751, .F. ) ;
#7860 = CARTESIAN_POINT ( 'NONE',  ( 30.00000000000000000, 4.000000000000000000, -33.00000000000000000 ) ) ;
#7861 = EDGE_CURVE ( 'NONE', #1967, #5756, #8955, .T. ) ;
#7862 = EDGE_LOOP ( 'NONE', ( #4451, #7637, #8455, #6801 ) ) ;
#7863 = ORIENTED_EDGE ( 'NONE', *, *, #6554, .T. ) ;
#7864 = VECTOR ( 'NONE', #3757, 1000.000000000000000 ) ;
#7865 = VECTOR ( 'NONE', #8246, 1000.000000000000000 ) ;
#7866 = DIRECTION ( 'NONE',  ( -0.000000000000000000, 1.000000000000000000, -0.000000000000000000 ) ) ;
#7867 = DIRECTION ( 'NONE',  ( 0.000000000000000000, 0.000000000000000000, 1.000000000000000000 ) ) ;
#7868 = CARTESIAN_POINT ( 'NONE',  ( 153.0000000000000000, 4.000000000000000000, -133.9999999999999716 ) ) ;
#7869 = DIRECTION ( 'NONE',  ( -1.000000000000000000, 0.000000000000000000, 0.000000000000000000 ) ) ;
#7870 = VERTEX_POINT ( 'NONE', #3860 ) ;
#7871 = VECTOR ( 'NONE', #5321, 1000.000000000000000 ) ;
#7872 = VECTOR ( 'NONE', #7179, 1000.000000000000000 ) ;
#7873 = LINE ( 'NONE', #7923, #6146 ) ;
#7874 = AXIS2_PLACEMENT_3D ( 'NONE', #6608, #2865, #5870 ) ;
#7875 = CARTESIAN_POINT ( 'NONE',  ( 7.670000000000010587, 4.000000000000000000, -7.000000000000000000 ) ) ;
#7876 = EDGE_CURVE ( 'NONE', #630, #5914, #6866, .T. ) ;
#7877 = EDGE_CURVE ( 'NONE', #4141, #409, #8226, .T. ) ;
#7878 = ORIENTED_EDGE ( 'NONE', *, *, #9126, .T. ) ;
#7879 = VECTOR ( 'NONE', #4068, 1000.000000000000000 ) ;
#7880 = CARTESIAN_POINT ( 'NONE',  ( 211.9999999999999716, 0.000000000000000000, -33.00000000000000000 ) ) ;
#7881 = VECTOR ( 'NONE', #1437, 1000.000000000000000 ) ;
#7882 = FACE_OUTER_BOUND ( 'NONE', #903, .T. ) ;
#7883 = DIRECTION ( 'NONE',  ( 2.312964634635743844E-15, 0.000000000000000000, -1.000000000000000000 ) ) ;
#7884 = ORIENTED_EDGE ( 'NONE', *, *, #8951, .T. ) ;
#7885 = CARTESIAN_POINT ( 'NONE',  ( 48.00000000000000000, -0.001000000000000132727, -133.9999999999999716 ) ) ;
#7886 = VECTOR ( 'NONE', #7942, 1000.000000000000000 ) ;
#7887 = VECTOR ( 'NONE', #8851, 1000.000000000000000 ) ;
#7888 = CARTESIAN_POINT ( 'NONE',  ( 86.00000000000000000, 0.000000000000000000, -133.9999999999999716 ) ) ;
#7889 = LINE ( 'NONE', #1198, #194 ) ;
#7890 = PLANE ( 'NONE',  #7424 ) ;
#7891 = VERTEX_POINT ( 'NONE', #7840 ) ;
#7892 = CIRCLE ( 'NONE', #522, 3.000000000000002665 ) ;
#7893 = EDGE_CURVE ( 'NONE', #9466, #699, #5547, .T. ) ;
#7894 = AXIS2_PLACEMENT_3D ( 'NONE', #2935, #9508, #5103 ) ;
#7895 = CARTESIAN_POINT ( 'NONE',  ( 167.0000000000000000, 0.000000000000000000, -117.9999999999999716 ) ) ;
#7896 = VECTOR ( 'NONE', #8179, 1000.000000000000000 ) ;
#7897 = ORIENTED_EDGE ( 'NONE', *, *, #3364, .T. ) ;
#7898 = ORIENTED_EDGE ( 'NONE', *, *, #5513, .F. ) ;
#7899 = CARTESIAN_POINT ( 'NONE',  ( 41.00000000000000000, 4.000000000000000000, -117.9999999999999716 ) ) ;
#7900 = ADVANCED_FACE ( 'NONE', ( #7011 ), #7055, .F. ) ;
#7901 = ADVANCED_FACE ( 'NONE', ( #3321 ), #2549, .F. ) ;
#7902 = CARTESIAN_POINT ( 'NONE',  ( 215.9999999999999716, 4.000000000000000000, -41.00000000000000000 ) ) ;
#7903 = FACE_BOUND ( 'NONE', #7581, .T. ) ;
#7904 = CARTESIAN_POINT ( 'NONE',  ( 69.00000000000000000, 4.000000000000000000, -117.9999999999999716 ) ) ;
#7905 = LINE ( 'NONE', #2560, #6137 ) ;
#7906 = DIRECTION ( 'NONE',  ( 1.000000000000000000, -0.000000000000000000, -0.000000000000000000 ) ) ;
#7907 = VECTOR ( 'NONE', #6413, 1000.000000000000000 ) ;
#7908 = CARTESIAN_POINT ( 'NONE',  ( 48.00000000000000000, 0.000000000000000000, -17.00000000000000000 ) ) ;
#7909 = ORIENTED_EDGE ( 'NONE', *, *, #2737, .F. ) ;
#7910 = CARTESIAN_POINT ( 'NONE',  ( 98.00000000000000000, 8.000000000000000000, -15.00000000000000000 ) ) ;
#7911 = ADVANCED_FACE ( 'NONE', ( #1103 ), #4697, .F. ) ;
#7912 = VERTEX_POINT ( 'NONE', #238 ) ;
#7913 = AXIS2_PLACEMENT_3D ( 'NONE', #752, #2218, #4429 ) ;
#7914 = ORIENTED_EDGE ( 'NONE', *, *, #5856, .F. ) ;
#7915 = EDGE_LOOP ( 'NONE', ( #8364, #5922, #5983, #9695 ) ) ;
#7916 = EDGE_CURVE ( 'NONE', #4765, #7513, #7699, .T. ) ;
#7917 = DIRECTION ( 'NONE',  ( 0.000000000000000000, 0.5150380749100555988, 0.8571673007021114454 ) ) ;
#7918 = DIRECTION ( 'NONE',  ( -2.168404344971008868E-16, 0.000000000000000000, -1.000000000000000000 ) ) ;
#7919 = DIRECTION ( 'NONE',  ( -1.000000000000000000, 0.000000000000000000, 0.000000000000000000 ) ) ;
#7920 = DIRECTION ( 'NONE',  ( -0.000000000000000000, 0.000000000000000000, -1.000000000000000000 ) ) ;
#7921 = CARTESIAN_POINT ( 'NONE',  ( 48.00000000000000000, 4.000000000000000000, -33.00000000000000711 ) ) ;
#7922 = ORIENTED_EDGE ( 'NONE', *, *, #8853, .F. ) ;
#7923 = CARTESIAN_POINT ( 'NONE',  ( 34.00000000000000000, 0.000000000000000000, -133.9999999999999716 ) ) ;
#7924 = DIRECTION ( 'NONE',  ( -0.000000000000000000, -0.000000000000000000, 1.000000000000000000 ) ) ;
#7925 = EDGE_LOOP ( 'NONE', ( #138, #6943, #7441, #7658 ) ) ;
#7926 = CARTESIAN_POINT ( 'NONE',  ( 134.9999999999999716, -0.001000000000000132727, -117.9999999999999858 ) ) ;
#7927 = ADVANCED_FACE ( 'NONE', ( #1755 ), #7651, .T. ) ;
#7928 = CYLINDRICAL_SURFACE ( 'NONE', #3759, 2.000000000000001776 ) ;
#7929 = LINE ( 'NONE', #4192, #853 ) ;
#7930 = ADVANCED_FACE ( 'NONE', ( #5397 ), #968, .F. ) ;
#7931 = VERTEX_POINT ( 'NONE', #1849 ) ;
#7932 = CARTESIAN_POINT ( 'NONE',  ( 169.9999999999999432, -0.001000000000000132727, -33.00000000000000000 ) ) ;
#7933 = CARTESIAN_POINT ( 'NONE',  ( 204.9999999999999716, -0.001000000000000132727, -17.00000000000000000 ) ) ;
#7934 = LINE ( 'NONE', #4897, #8025 ) ;
#7935 = CARTESIAN_POINT ( 'NONE',  ( 139.0000000000000000, 0.000000000000000000, -133.9999999999999716 ) ) ;
#7936 = ORIENTED_EDGE ( 'NONE', *, *, #9329, .T. ) ;
#7937 = CARTESIAN_POINT ( 'NONE',  ( 135.7199999999999704, 6.000000000000001776, -96.24999999999998579 ) ) ;
#7938 = VECTOR ( 'NONE', #3387, 1000.000000000000000 ) ;
#7939 = ORIENTED_EDGE ( 'NONE', *, *, #5404, .T. ) ;
#7940 = EDGE_CURVE ( 'NONE', #6757, #6259, #3188, .T. ) ;
#7941 = EDGE_LOOP ( 'NONE', ( #6490, #6422, #2666, #4049 ) ) ;
#7942 = DIRECTION ( 'NONE',  ( 0.000000000000000000, 0.000000000000000000, 1.000000000000000000 ) ) ;
#7943 = CARTESIAN_POINT ( 'NONE',  ( 79.00000000000000000, 4.000000000000000000, -33.00000000000000000 ) ) ;
#7944 = DIRECTION ( 'NONE',  ( 0.000000000000000000, 0.000000000000000000, 1.000000000000000000 ) ) ;
#7945 = CARTESIAN_POINT ( 'NONE',  ( 210.9999999999999716, 13.99999999999997691, -49.00000000000000711 ) ) ;
#7946 = LINE ( 'NONE', #1209, #5709 ) ;
#7947 = CARTESIAN_POINT ( 'NONE',  ( 25.00000000000000355, 9.000000000000001776, -48.99999999999997868 ) ) ;
#7948 = PLANE ( 'NONE',  #4655 ) ;
#7949 = ORIENTED_EDGE ( 'NONE', *, *, #4732, .T. ) ;
#7950 = CARTESIAN_POINT ( 'NONE',  ( 118.0000000000000000, -0.001000000000000132727, -117.9999999999999716 ) ) ;
#7951 = EDGE_CURVE ( 'NONE', #2268, #8399, #8535, .T. ) ;
#7952 = ORIENTED_EDGE ( 'NONE', *, *, #5511, .T. ) ;
#7953 = VERTEX_POINT ( 'NONE', #7109 ) ;
#7954 = ORIENTED_EDGE ( 'NONE', *, *, #7672, .T. ) ;
#7955 = DIRECTION ( 'NONE',  ( -2.168404344971008868E-16, 0.000000000000000000, -1.000000000000000000 ) ) ;
#7956 = DIRECTION ( 'NONE',  ( 1.000000000000000000, 0.000000000000000000, -4.625929269271487689E-15 ) ) ;
#7957 = DIRECTION ( 'NONE',  ( -0.000000000000000000, 1.000000000000000000, -0.000000000000000000 ) ) ;
#7958 = VECTOR ( 'NONE', #1313, 1000.000000000000000 ) ;
#7959 = LINE ( 'NONE', #414, #2497 ) ;
#7960 = DIRECTION ( 'NONE',  ( 4.625929269271487689E-15, 0.000000000000000000, 1.000000000000000000 ) ) ;
#7961 = ORIENTED_EDGE ( 'NONE', *, *, #7994, .F. ) ;
#7962 = EDGE_CURVE ( 'NONE', #3985, #7358, #1705, .T. ) ;
#7963 = CIRCLE ( 'NONE', #1205, 3.000000000000002665 ) ;
#7964 = CARTESIAN_POINT ( 'NONE',  ( 7.669999999999999929, 2.000000000000000000, -138.2499999999999716 ) ) ;
#7965 = EDGE_CURVE ( 'NONE', #5401, #2409, #1591, .T. ) ;
#7966 = EDGE_CURVE ( 'NONE', #9285, #3114, #920, .T. ) ;
#7967 = CARTESIAN_POINT ( 'NONE',  ( 146.0000000000000284, 0.000000000000000000, -117.9999999999999716 ) ) ;
#7968 = EDGE_LOOP ( 'NONE', ( #6307, #5569, #5796, #926 ) ) ;
#7969 = CARTESIAN_POINT ( 'NONE',  ( 125.0000000000000000, -0.001000000000000132727, -117.9999999999999716 ) ) ;
#7970 = CARTESIAN_POINT ( 'NONE',  ( 48.00000000000000000, 4.000000000000000000, -117.9999999999999716 ) ) ;
#7971 = CARTESIAN_POINT ( 'NONE',  ( 77.71999999999998465, 6.000000000000000000, -48.99999999999998579 ) ) ;
#7972 = VERTEX_POINT ( 'NONE', #9165 ) ;
#7973 = ORIENTED_EDGE ( 'NONE', *, *, #5048, .F. ) ;
#7974 = CARTESIAN_POINT ( 'NONE',  ( 76.00000000000001421, 4.000000000000000000, -17.00000000000000000 ) ) ;
#7975 = DIRECTION ( 'NONE',  ( 0.000000000000000000, 0.000000000000000000, 1.000000000000000000 ) ) ;
#7976 = EDGE_CURVE ( 'NONE', #1448, #4907, #8433, .T. ) ;
#7977 = EDGE_LOOP ( 'NONE', ( #2312, #104, #3746, #9229 ) ) ;
#7978 = LINE ( 'NONE', #5087, #3624 ) ;
#7979 = VECTOR ( 'NONE', #6308, 1000.000000000000000 ) ;
#7980 = CARTESIAN_POINT ( 'NONE',  ( 27.99999999999999645, 29.00000000000000000, -108.9999999999999858 ) ) ;
#7981 = ORIENTED_EDGE ( 'NONE', *, *, #6824, .T. ) ;
#7982 = LINE ( 'NONE', #2547, #7728 ) ;
#7983 = ADVANCED_FACE ( 'NONE', ( #4054 ), #2490, .F. ) ;
#7984 = ORIENTED_EDGE ( 'NONE', *, *, #9709, .F. ) ;
#7985 = ORIENTED_EDGE ( 'NONE', *, *, #8284, .F. ) ;
#7986 = DIRECTION ( 'NONE',  ( 0.000000000000000000, 0.000000000000000000, 1.000000000000000000 ) ) ;
#7987 = PLANE ( 'NONE',  #2051 ) ;
#7988 = FACE_OUTER_BOUND ( 'NONE', #3412, .T. ) ;
#7989 = CARTESIAN_POINT ( 'NONE',  ( 48.00000000000000000, -0.001000000000000132727, -133.9999999999999716 ) ) ;
#7990 = CYLINDRICAL_SURFACE ( 'NONE', #2818, 1.699999999999993072 ) ;
#7991 = DIRECTION ( 'NONE',  ( 0.000000000000000000, 1.000000000000000000, 0.000000000000000000 ) ) ;
#7992 = DIRECTION ( 'NONE',  ( -0.000000000000000000, 1.000000000000000000, -0.000000000000000000 ) ) ;
#7993 = VERTEX_POINT ( 'NONE', #1806 ) ;
#7994 = EDGE_CURVE ( 'NONE', #7584, #7464, #6776, .T. ) ;
#7995 = CARTESIAN_POINT ( 'NONE',  ( 0.000000000000000000, 14.00000000000000000, 0.000000000000000000 ) ) ;
#7996 = VECTOR ( 'NONE', #2586, 1000.000000000000000 ) ;
#7997 = EDGE_LOOP ( 'NONE', ( #4193, #4767, #3585, #3417 ) ) ;
#7998 = ORIENTED_EDGE ( 'NONE', *, *, #6267, .F. ) ;
#7999 = EDGE_LOOP ( 'NONE', ( #7632, #5934, #5298, #9312 ) ) ;
#8000 = LINE ( 'NONE', #4967, #6772 ) ;
#8001 = DIRECTION ( 'NONE',  ( 0.000000000000000000, 0.000000000000000000, 1.000000000000000000 ) ) ;
#8002 = VECTOR ( 'NONE', #1278, 1000.000000000000000 ) ;
#8003 = DIRECTION ( 'NONE',  ( 0.000000000000000000, 0.000000000000000000, 1.000000000000000000 ) ) ;
#8004 = DIRECTION ( 'NONE',  ( -1.000000000000000000, 0.000000000000000000, 0.000000000000000000 ) ) ;
#8005 = CARTESIAN_POINT ( 'NONE',  ( 202.0000000000000000, -0.001000000000000132727, -133.9999999999999716 ) ) ;
#8006 = VERTEX_POINT ( 'NONE', #4805 ) ;
#8007 = CARTESIAN_POINT ( 'NONE',  ( 65.00000000000000000, 4.000000000000000000, -133.9999999999999716 ) ) ;
#8008 = LINE ( 'NONE', #4188, #7370 ) ;
#8009 = VECTOR ( 'NONE', #7275, 1000.000000000000000 ) ;
#8010 = VECTOR ( 'NONE', #2511, 1000.000000000000000 ) ;
#8011 = ORIENTED_EDGE ( 'NONE', *, *, #1518, .T. ) ;
#8012 = DIRECTION ( 'NONE',  ( -1.000000000000000000, 0.000000000000000000, -0.000000000000000000 ) ) ;
#8013 = ADVANCED_FACE ( 'NONE', ( #7796 ), #4198, .F. ) ;
#8014 = ADVANCED_FACE ( 'NONE', ( #9446 ), #1989, .F. ) ;
#8015 = DIRECTION ( 'NONE',  ( -0.000000000000000000, 1.000000000000000000, -0.000000000000000000 ) ) ;
#8016 = FACE_OUTER_BOUND ( 'NONE', #6863, .T. ) ;
#8017 = VECTOR ( 'NONE', #1817, 1000.000000000000000 ) ;
#8018 = CARTESIAN_POINT ( 'NONE',  ( 83.00000000000000000, -0.001000000000000132727, -133.9999999999999716 ) ) ;
#8019 = VERTEX_POINT ( 'NONE', #3514 ) ;
#8020 = ORIENTED_EDGE ( 'NONE', *, *, #464, .F. ) ;
#8021 = DIRECTION ( 'NONE',  ( -0.000000000000000000, 0.000000000000000000, -1.000000000000000000 ) ) ;
#8022 = DIRECTION ( 'NONE',  ( 4.625929269271487689E-15, 0.000000000000000000, 1.000000000000000000 ) ) ;
#8023 = VECTOR ( 'NONE', #6112, 1000.000000000000000 ) ;
#8024 = AXIS2_PLACEMENT_3D ( 'NONE', #9294, #2580, #6265 ) ;
#8025 = VECTOR ( 'NONE', #7198, 1000.000000000000000 ) ;
#8026 = EDGE_CURVE ( 'NONE', #4917, #5241, #7934, .T. ) ;
#8027 = ORIENTED_EDGE ( 'NONE', *, *, #8999, .F. ) ;
#8028 = CARTESIAN_POINT ( 'NONE',  ( 62.00000000000000711, 4.000000000000000000, -133.9999999999999716 ) ) ;
#8029 = VECTOR ( 'NONE', #6286, 1000.000000000000000 ) ;
#8030 = LINE ( 'NONE', #9447, #844 ) ;
#8031 = ORIENTED_EDGE ( 'NONE', *, *, #521, .F. ) ;
#8032 = DIRECTION ( 'NONE',  ( -0.000000000000000000, 1.000000000000000000, -0.000000000000000000 ) ) ;
#8033 = EDGE_CURVE ( 'NONE', #6469, #434, #3375, .T. ) ;
#8034 = VECTOR ( 'NONE', #8374, 1000.000000000000000 ) ;
#8035 = EDGE_LOOP ( 'NONE', ( #5590, #2369, #323, #2450 ) ) ;
#8036 = VERTEX_POINT ( 'NONE', #7292 ) ;
#8037 = CARTESIAN_POINT ( 'NONE',  ( 142.0000000000000000, -0.001000000000000132727, -133.9999999999999716 ) ) ;
#8038 = VECTOR ( 'NONE', #947, 1000.000000000000000 ) ;
#8039 = DIRECTION ( 'NONE',  ( 1.000000000000000000, 0.000000000000000000, -0.000000000000000000 ) ) ;
#8040 = PLANE ( 'NONE',  #5874 ) ;
#8041 = LINE ( 'NONE', #8868, #9093 ) ;
#8042 = LINE ( 'NONE', #5050, #2246 ) ;
#8043 = FACE_OUTER_BOUND ( 'NONE', #7454, .T. ) ;
#8044 = PLANE ( 'NONE',  #4984 ) ;
#8045 = ORIENTED_EDGE ( 'NONE', *, *, #894, .T. ) ;
#8046 = EDGE_CURVE ( 'NONE', #4694, #8175, #2032, .T. ) ;
#8047 = LINE ( 'NONE', #5054, #2239 ) ;
#8048 = AXIS2_PLACEMENT_3D ( 'NONE', #3916, #6923, #976 ) ;
#8049 = EDGE_LOOP ( 'NONE', ( #7257, #6661, #822, #5349 ) ) ;
#8050 = ORIENTED_EDGE ( 'NONE', *, *, #1712, .T. ) ;
#8051 = EDGE_LOOP ( 'NONE', ( #6023, #7638, #5313, #8956 ) ) ;
#8052 = CARTESIAN_POINT ( 'NONE',  ( 197.9999999999999432, 4.000000000000000000, -17.00000000000000000 ) ) ;
#8053 = DIRECTION ( 'NONE',  ( -1.000000000000000000, 0.000000000000000000, 0.000000000000000000 ) ) ;
#8054 = DIRECTION ( 'NONE',  ( 1.000000000000000000, 0.000000000000000000, -2.168404344971008868E-16 ) ) ;
#8055 = CARTESIAN_POINT ( 'NONE',  ( 191.0000000000000000, 4.000000000000000000, -133.9999999999999716 ) ) ;
#8056 = CARTESIAN_POINT ( 'NONE',  ( 55.00000000000000711, 0.000000000000000000, -17.00000000000000000 ) ) ;
#8057 = ORIENTED_EDGE ( 'NONE', *, *, #9568, .F. ) ;
#8058 = DIRECTION ( 'NONE',  ( 0.000000000000000000, -0.000000000000000000, -1.000000000000000000 ) ) ;
#8059 = LINE ( 'NONE', #5070, #4550 ) ;
#8060 = VECTOR ( 'NONE', #4801, 1000.000000000000000 ) ;
#8061 = AXIS2_PLACEMENT_3D ( 'NONE', #6778, #934, #7509 ) ;
#8062 = EDGE_LOOP ( 'NONE', ( #5489, #7041, #3904, #2104 ) ) ;
#8063 = DIRECTION ( 'NONE',  ( -0.000000000000000000, 1.000000000000000000, -0.000000000000000000 ) ) ;
#8064 = EDGE_CURVE ( 'NONE', #3946, #8694, #7889, .T. ) ;
#8065 = AXIS2_PLACEMENT_3D ( 'NONE', #4347, #2045, #4306 ) ;
#8066 = DIRECTION ( 'NONE',  ( -1.000000000000000000, 0.000000000000000000, 0.000000000000000000 ) ) ;
#8067 = CARTESIAN_POINT ( 'NONE',  ( 156.0000000000000000, 0.000000000000000000, -117.9999999999999858 ) ) ;
#8068 = DIRECTION ( 'NONE',  ( -1.000000000000000000, 0.000000000000000000, 0.000000000000000000 ) ) ;
#8069 = VERTEX_POINT ( 'NONE', #472 ) ;
#8070 = ORIENTED_EDGE ( 'NONE', *, *, #5728, .T. ) ;
#8071 = DIRECTION ( 'NONE',  ( -2.168404344971008868E-16, 0.000000000000000000, -1.000000000000000000 ) ) ;
#8072 = DIRECTION ( 'NONE',  ( -0.000000000000000000, 1.000000000000000000, -0.000000000000000000 ) ) ;
#8073 = EDGE_CURVE ( 'NONE', #7282, #6197, #4944, .T. ) ;
#8074 = ORIENTED_EDGE ( 'NONE', *, *, #7087, .T. ) ;
#8075 = LINE ( 'NONE', #7108, #9172 ) ;
#8076 = CARTESIAN_POINT ( 'NONE',  ( 177.0000000000000000, 4.000000000000000000, -117.9999999999999858 ) ) ;
#8077 = PLANE ( 'NONE',  #4295 ) ;
#8078 = ORIENTED_EDGE ( 'NONE', *, *, #4422, .T. ) ;
#8079 = EDGE_CURVE ( 'NONE', #1685, #68, #1155, .T. ) ;
#8080 = EDGE_CURVE ( 'NONE', #2775, #4673, #7978, .T. ) ;
#8081 = VERTEX_POINT ( 'NONE', #8076 ) ;
#8082 = ORIENTED_EDGE ( 'NONE', *, *, #9212, .F. ) ;
#8083 = LINE ( 'NONE', #1353, #4114 ) ;
#8084 = DIRECTION ( 'NONE',  ( -0.000000000000000000, 1.000000000000000000, -0.000000000000000000 ) ) ;
#8085 = PLANE ( 'NONE',  #8065 ) ;
#8086 = VECTOR ( 'NONE', #2561, 1000.000000000000000 ) ;
#8087 = CARTESIAN_POINT ( 'NONE',  ( 27.00000000000000355, 0.000000000000000000, -17.00000000000000000 ) ) ;
#8088 = LINE ( 'NONE', #2146, #3040 ) ;
#8089 = CARTESIAN_POINT ( 'NONE',  ( 0.000000000000000000, 4.000000000000000000, -147.0000000000000000 ) ) ;
#8090 = ORIENTED_EDGE ( 'NONE', *, *, #2476, .T. ) ;
#8091 = LINE ( 'NONE', #1360, #7030 ) ;
#8092 = ORIENTED_EDGE ( 'NONE', *, *, #6829, .F. ) ;
#8093 = DIRECTION ( 'NONE',  ( -0.000000000000000000, 1.000000000000000000, -0.000000000000000000 ) ) ;
#8094 = ADVANCED_FACE ( 'NONE', ( #1893 ), #1297, .F. ) ;
#8095 = ORIENTED_EDGE ( 'NONE', *, *, #7893, .T. ) ;
#8096 = ORIENTED_EDGE ( 'NONE', *, *, #2307, .F. ) ;
#8097 = ORIENTED_EDGE ( 'NONE', *, *, #3113, .T. ) ;
#8098 = EDGE_CURVE ( 'NONE', #1242, #8373, #2769, .T. ) ;
#8099 = LINE ( 'NONE', #1219, #5981 ) ;
#8100 = LINE ( 'NONE', #8194, #3720 ) ;
#8101 = VECTOR ( 'NONE', #1564, 1000.000000000000000 ) ;
#8102 = DIRECTION ( 'NONE',  ( -2.168404344971008868E-16, 0.000000000000000000, -1.000000000000000000 ) ) ;
#8103 = DIRECTION ( 'NONE',  ( -2.168404344971008868E-16, 0.000000000000000000, -1.000000000000000000 ) ) ;
#8104 = CARTESIAN_POINT ( 'NONE',  ( 163.0000000000000000, 4.000000000000000000, -133.9999999999999716 ) ) ;
#8105 = ORIENTED_EDGE ( 'NONE', *, *, #1365, .F. ) ;
#8106 = LINE ( 'NONE', #5995, #7542 ) ;
#8107 = ADVANCED_FACE ( 'NONE', ( #1345 ), #7337, .F. ) ;
#8108 = PLANE ( 'NONE',  #1738 ) ;
#8109 = ORIENTED_EDGE ( 'NONE', *, *, #3997, .F. ) ;
#8110 = CARTESIAN_POINT ( 'NONE',  ( 215.9999999999999716, 9.000000000000001776, -108.9999999999999858 ) ) ;
#8111 = DIRECTION ( 'NONE',  ( 0.000000000000000000, 0.000000000000000000, 1.000000000000000000 ) ) ;
#8112 = CARTESIAN_POINT ( 'NONE',  ( 48.00000000000000000, -0.001000000000000132727, -117.9999999999999716 ) ) ;
#8113 = ORIENTED_EDGE ( 'NONE', *, *, #3541, .F. ) ;
#8114 = ORIENTED_EDGE ( 'NONE', *, *, #8252, .T. ) ;
#8115 = CARTESIAN_POINT ( 'NONE',  ( 162.9999999999999432, 0.000000000000000000, -17.00000000000000000 ) ) ;
#8116 = FACE_OUTER_BOUND ( 'NONE', #1565, .T. ) ;
#8117 = EDGE_CURVE ( 'NONE', #6508, #588, #5034, .T. ) ;
#8118 = DIRECTION ( 'NONE',  ( 2.168404344971008128E-16, 0.000000000000000000, 1.000000000000000000 ) ) ;
#8119 = DIRECTION ( 'NONE',  ( -1.000000000000000000, -0.000000000000000000, -0.000000000000000000 ) ) ;
#8120 = CARTESIAN_POINT ( 'NONE',  ( 146.0000000000000284, 0.000000000000000000, -133.9999999999999716 ) ) ;
#8121 = EDGE_LOOP ( 'NONE', ( #7676, #1856 ) ) ;
#8122 = ORIENTED_EDGE ( 'NONE', *, *, #5585, .F. ) ;
#8123 = AXIS2_PLACEMENT_3D ( 'NONE', #4081, #7139, #7867 ) ;
#8124 = ORIENTED_EDGE ( 'NONE', *, *, #8204, .T. ) ;
#8125 = ORIENTED_EDGE ( 'NONE', *, *, #6325, .T. ) ;
#8126 = CARTESIAN_POINT ( 'NONE',  ( 76.00000000000001421, -0.001000000000000132727, -33.00000000000000711 ) ) ;
#8127 = VECTOR ( 'NONE', #3839, 1000.000000000000000 ) ;
#8128 = EDGE_CURVE ( 'NONE', #4623, #9428, #6419, .T. ) ;
#8129 = DIRECTION ( 'NONE',  ( -2.168404344971008868E-16, 0.000000000000000000, -1.000000000000000000 ) ) ;
#8130 = CARTESIAN_POINT ( 'NONE',  ( 24.00000000000000000, 29.00000000000000000, -45.00000000000000000 ) ) ;
#8131 = ADVANCED_FACE ( 'NONE', ( #9398 ), #5681, .F. ) ;
#8132 = CARTESIAN_POINT ( 'NONE',  ( 30.00000000000000355, -0.001000000000000132727, -17.00000000000000000 ) ) ;
#8133 = DIRECTION ( 'NONE',  ( 0.000000000000000000, -0.7071067811865494601, -0.7071067811865456854 ) ) ;
#8134 = ADVANCED_FACE ( 'NONE', ( #2814 ), #8623, .F. ) ;
#8135 = CARTESIAN_POINT ( 'NONE',  ( 168.9999999999999716, 18.00000000000000355, -111.9999999999999858 ) ) ;
#8136 = DIRECTION ( 'NONE',  ( 0.000000000000000000, 0.000000000000000000, 1.000000000000000000 ) ) ;
#8137 = VERTEX_POINT ( 'NONE', #8808 ) ;
#8138 = DIRECTION ( 'NONE',  ( -0.000000000000000000, 1.000000000000000000, -0.000000000000000000 ) ) ;
#8139 = ORIENTED_EDGE ( 'NONE', *, *, #4455, .F. ) ;
#8140 = EDGE_LOOP ( 'NONE', ( #4060, #1067, #6033, #5426 ) ) ;
#8141 = LINE ( 'NONE', #8345, #1438 ) ;
#8142 = EDGE_CURVE ( 'NONE', #7343, #3251, #714, .T. ) ;
#8143 = DIRECTION ( 'NONE',  ( 1.000000000000000000, 0.000000000000000000, -4.625929269271487689E-15 ) ) ;
#8144 = DIRECTION ( 'NONE',  ( -0.000000000000000000, 1.000000000000000000, -0.000000000000000000 ) ) ;
#8145 = LINE ( 'NONE', #2944, #9415 ) ;
#8146 = CARTESIAN_POINT ( 'NONE',  ( 142.0000000000000000, -0.001000000000000132727, -133.9999999999999716 ) ) ;
#8147 = CARTESIAN_POINT ( 'NONE',  ( 48.00000000000000000, 0.000000000000000000, -33.00000000000000711 ) ) ;
#8148 = ORIENTED_EDGE ( 'NONE', *, *, #7842, .T. ) ;
#8149 = LINE ( 'NONE', #7367, #7865 ) ;
#8150 = EDGE_CURVE ( 'NONE', #434, #5753, #5178, .T. ) ;
#8151 = CARTESIAN_POINT ( 'NONE',  ( 142.0000000000000000, 4.000000000000000000, -133.9999999999999716 ) ) ;
#8152 = EDGE_LOOP ( 'NONE', ( #4860, #9296 ) ) ;
#8153 = AXIS2_PLACEMENT_3D ( 'NONE', #427, #6372, #4155 ) ;
#8154 = CARTESIAN_POINT ( 'NONE',  ( 24.00000000000000000, 29.00000000000000000, -43.30000000000000426 ) ) ;
#8155 = DIRECTION ( 'NONE',  ( 1.000000000000000000, 0.000000000000000000, -0.000000000000000000 ) ) ;
#8156 = CARTESIAN_POINT ( 'NONE',  ( 41.00000000000000000, 0.000000000000000000, -17.00000000000000000 ) ) ;
#8157 = LINE ( 'NONE', #5272, #9162 ) ;
#8158 = ORIENTED_EDGE ( 'NONE', *, *, #9418, .F. ) ;
#8159 = LINE ( 'NONE', #798, #3961 ) ;
#8160 = AXIS2_PLACEMENT_3D ( 'NONE', #3774, #8978, #205 ) ;
#8161 = AXIS2_PLACEMENT_3D ( 'NONE', #2541, #1706, #239 ) ;
#8162 = EDGE_CURVE ( 'NONE', #334, #3210, #5131, .T. ) ;
#8163 = ADVANCED_FACE ( 'NONE', ( #4532 ), #2177, .T. ) ;
#8164 = FACE_OUTER_BOUND ( 'NONE', #8225, .T. ) ;
#8165 = CARTESIAN_POINT ( 'NONE',  ( 23.99999999999998934, 19.97853694765314714, -107.9999999999999858 ) ) ;
#8166 = AXIS2_PLACEMENT_3D ( 'NONE', #4863, #9367, #5605 ) ;
#8167 = CARTESIAN_POINT ( 'NONE',  ( 188.0000000000000000, -0.001000000000000132727, -117.9999999999999716 ) ) ;
#8168 = PLANE ( 'NONE',  #6021 ) ;
#8169 = EDGE_LOOP ( 'NONE', ( #9052, #8268, #5104, #5277 ) ) ;
#8170 = VERTEX_POINT ( 'NONE', #4383 ) ;
#8171 = VECTOR ( 'NONE', #3164, 1000.000000000000000 ) ;
#8172 = VECTOR ( 'NONE', #2157, 1000.000000000000000 ) ;
#8173 = AXIS2_PLACEMENT_3D ( 'NONE', #5725, #8673, #5818 ) ;
#8174 = ORIENTED_EDGE ( 'NONE', *, *, #1324, .T. ) ;
#8175 = VERTEX_POINT ( 'NONE', #6750 ) ;
#8176 = CARTESIAN_POINT ( 'NONE',  ( 72.00000000000001421, -0.001000000000000132727, -33.00000000000000000 ) ) ;
#8177 = LINE ( 'NONE', #1104, #7342 ) ;
#8178 = ADVANCED_FACE ( 'NONE', ( #23 ), #615, .F. ) ;
#8179 = DIRECTION ( 'NONE',  ( -2.168404344971008868E-16, -0.000000000000000000, -1.000000000000000000 ) ) ;
#8180 = LINE ( 'NONE', #684, #7241 ) ;
#8181 = ORIENTED_EDGE ( 'NONE', *, *, #2641, .F. ) ;
#8182 = DIRECTION ( 'NONE',  ( 0.000000000000000000, 0.000000000000000000, 1.000000000000000000 ) ) ;
#8183 = EDGE_LOOP ( 'NONE', ( #5236, #9414, #1212, #3993 ) ) ;
#8184 = DIRECTION ( 'NONE',  ( 0.000000000000000000, 0.000000000000000000, 1.000000000000000000 ) ) ;
#8185 = VECTOR ( 'NONE', #8317, 1000.000000000000000 ) ;
#8186 = AXIS2_PLACEMENT_3D ( 'NONE', #9534, #2809, #7106 ) ;
#8187 = EDGE_CURVE ( 'NONE', #5174, #7529, #7385, .T. ) ;
#8188 = EDGE_CURVE ( 'NONE', #733, #4483, #3654, .T. ) ;
#8189 = VECTOR ( 'NONE', #6309, 1000.000000000000000 ) ;
#8190 = EDGE_LOOP ( 'NONE', ( #8466, #1235, #6285, #4754 ) ) ;
#8191 = ORIENTED_EDGE ( 'NONE', *, *, #93, .T. ) ;
#8192 = CARTESIAN_POINT ( 'NONE',  ( 78.00000000000000000, 4.000000000000000000, -44.00000000000001421 ) ) ;
#8193 = PLANE ( 'NONE',  #649 ) ;
#8194 = CARTESIAN_POINT ( 'NONE',  ( 23.00000000000000000, 0.000000000000000000, -108.9999999999999858 ) ) ;
#8195 = LINE ( 'NONE', #3727, #4089 ) ;
#8196 = FACE_OUTER_BOUND ( 'NONE', #3227, .T. ) ;
#8197 = AXIS2_PLACEMENT_3D ( 'NONE', #9635, #2171, #5173 ) ;
#8198 = DIRECTION ( 'NONE',  ( -2.168404344971008868E-16, -0.000000000000000000, -1.000000000000000000 ) ) ;
#8199 = VERTEX_POINT ( 'NONE', #4486 ) ;
#8200 = FACE_BOUND ( 'NONE', #1996, .T. ) ;
#8201 = VECTOR ( 'NONE', #6770, 1000.000000000000000 ) ;
#8202 = EDGE_CURVE ( 'NONE', #978, #1985, #5280, .T. ) ;
#8203 = DIRECTION ( 'NONE',  ( 0.000000000000000000, 0.000000000000000000, -1.000000000000000000 ) ) ;
#8204 = EDGE_CURVE ( 'NONE', #5226, #8748, #8265, .T. ) ;
#8205 = EDGE_CURVE ( 'NONE', #5724, #3873, #8319, .T. ) ;
#8206 = AXIS2_PLACEMENT_3D ( 'NONE', #3863, #6868, #769 ) ;
#8207 = EDGE_LOOP ( 'NONE', ( #2657, #4002, #3484, #6874 ) ) ;
#8208 = FACE_OUTER_BOUND ( 'NONE', #8407, .T. ) ;
#8209 = PLANE ( 'NONE',  #4724 ) ;
#8210 = LINE ( 'NONE', #4474, #9141 ) ;
#8211 = ORIENTED_EDGE ( 'NONE', *, *, #915, .T. ) ;
#8212 = ORIENTED_EDGE ( 'NONE', *, *, #6026, .F. ) ;
#8213 = CARTESIAN_POINT ( 'NONE',  ( 28.00000000000000355, 9.000000000000001776, -44.00000000000000711 ) ) ;
#8214 = CARTESIAN_POINT ( 'NONE',  ( 215.9999999999999716, 0.000000000000000000, -44.00000000000000711 ) ) ;
#8215 = ORIENTED_EDGE ( 'NONE', *, *, #6543, .F. ) ;
#8216 = DIRECTION ( 'NONE',  ( 0.000000000000000000, 1.000000000000000000, 0.000000000000000000 ) ) ;
#8217 = ADVANCED_FACE ( 'NONE', ( #1491 ), #2916, .F. ) ;
#8218 = CARTESIAN_POINT ( 'NONE',  ( 190.9999999999999432, 0.000000000000000000, -17.00000000000000000 ) ) ;
#8219 = LINE ( 'NONE', #9002, #4149 ) ;
#8220 = ORIENTED_EDGE ( 'NONE', *, *, #1896, .T. ) ;
#8221 = EDGE_LOOP ( 'NONE', ( #5195, #9005, #7598, #7498 ) ) ;
#8222 = ADVANCED_FACE ( 'NONE', ( #9591, #807 ), #6658, .F. ) ;
#8223 = VECTOR ( 'NONE', #7197, 1000.000000000000000 ) ;
#8224 = ORIENTED_EDGE ( 'NONE', *, *, #6045, .T. ) ;
#8225 = EDGE_LOOP ( 'NONE', ( #5931, #117, #9133, #1038 ) ) ;
#8226 = LINE ( 'NONE', #1499, #6320 ) ;
#8227 = DIRECTION ( 'NONE',  ( -0.000000000000000000, 1.000000000000000000, -0.000000000000000000 ) ) ;
#8228 = CARTESIAN_POINT ( 'NONE',  ( 23.00000000000000000, 29.00000000000000000, -41.00000000000000000 ) ) ;
#8229 = DIRECTION ( 'NONE',  ( 0.000000000000000000, 0.000000000000000000, 1.000000000000000000 ) ) ;
#8230 = VERTEX_POINT ( 'NONE', #3799 ) ;
#8231 = ORIENTED_EDGE ( 'NONE', *, *, #5154, .F. ) ;
#8232 = CARTESIAN_POINT ( 'NONE',  ( 215.9999999999999716, 29.00000000000000000, -108.9999999999999858 ) ) ;
#8233 = ORIENTED_EDGE ( 'NONE', *, *, #4817, .F. ) ;
#8234 = FACE_OUTER_BOUND ( 'NONE', #6848, .T. ) ;
#8235 = EDGE_CURVE ( 'NONE', #6843, #4445, #6805, .T. ) ;
#8236 = ORIENTED_EDGE ( 'NONE', *, *, #1434, .F. ) ;
#8237 = EDGE_LOOP ( 'NONE', ( #5194, #9582, #6213, #9510 ) ) ;
#8238 = DIRECTION ( 'NONE',  ( -1.000000000000000000, -0.000000000000000000, -0.000000000000000000 ) ) ;
#8239 = CARTESIAN_POINT ( 'NONE',  ( 79.00000000000000000, -0.001000000000000132727, -33.00000000000000000 ) ) ;
#8240 = DIRECTION ( 'NONE',  ( -0.000000000000000000, 1.000000000000000000, -0.000000000000000000 ) ) ;
#8241 = CARTESIAN_POINT ( 'NONE',  ( 174.0000000000000000, 0.000000000000000000, -133.9999999999999716 ) ) ;
#8242 = CARTESIAN_POINT ( 'NONE',  ( 104.0000000000000000, 4.000000000000000000, -133.9999999999999716 ) ) ;
#8243 = PLANE ( 'NONE',  #6066 ) ;
#8244 = ORIENTED_EDGE ( 'NONE', *, *, #3559, .F. ) ;
#8245 = ADVANCED_FACE ( 'NONE', ( #3072 ), #4588, .F. ) ;
#8246 = DIRECTION ( 'NONE',  ( -0.000000000000000000, 1.000000000000000000, -0.000000000000000000 ) ) ;
#8247 = DIRECTION ( 'NONE',  ( 1.000000000000000000, 0.000000000000000000, -4.625929269271487689E-15 ) ) ;
#8248 = EDGE_LOOP ( 'NONE', ( #9365, #917, #3378, #9327 ) ) ;
#8249 = VECTOR ( 'NONE', #4024, 1000.000000000000000 ) ;
#8250 = VERTEX_POINT ( 'NONE', #2963 ) ;
#8251 = DIRECTION ( 'NONE',  ( 2.168404344971007882E-16, 0.000000000000000000, 1.000000000000000000 ) ) ;
#8252 = EDGE_CURVE ( 'NONE', #5789, #5914, #7723, .T. ) ;
#8253 = DIRECTION ( 'NONE',  ( 1.000000000000000000, 0.000000000000000000, -4.625929269271487689E-15 ) ) ;
#8254 = PLANE ( 'NONE',  #3453 ) ;
#8255 = ORIENTED_EDGE ( 'NONE', *, *, #9355, .T. ) ;
#8256 = EDGE_CURVE ( 'NONE', #9157, #386, #4438, .T. ) ;
#8257 = CARTESIAN_POINT ( 'NONE',  ( 194.9999999999999432, 0.000000000000000000, -17.00000000000000000 ) ) ;
#8258 = ADVANCED_FACE ( 'NONE', ( #3177 ), #6176, .F. ) ;
#8259 = ORIENTED_EDGE ( 'NONE', *, *, #842, .F. ) ;
#8260 = DIRECTION ( 'NONE',  ( -1.000000000000000000, 0.000000000000000000, 0.000000000000000000 ) ) ;
#8261 = LINE ( 'NONE', #5955, #2548 ) ;
#8262 = ORIENTED_EDGE ( 'NONE', *, *, #2274, .F. ) ;
#8263 = ORIENTED_EDGE ( 'NONE', *, *, #6083, .F. ) ;
#8264 = DIRECTION ( 'NONE',  ( -1.000000000000000000, 0.000000000000000000, 0.000000000000000000 ) ) ;
#8265 = LINE ( 'NONE', #8947, #658 ) ;
#8266 = AXIS2_PLACEMENT_3D ( 'NONE', #4452, #4500, #8182 ) ;
#8267 = DIRECTION ( 'NONE',  ( -1.000000000000000000, 0.000000000000000000, -2.312964634635743844E-15 ) ) ;
#8268 = ORIENTED_EDGE ( 'NONE', *, *, #9082, .T. ) ;
#8269 = ORIENTED_EDGE ( 'NONE', *, *, #9404, .F. ) ;
#8270 = AXIS2_PLACEMENT_3D ( 'NONE', #2793, #8144, #8001 ) ;
#8271 = AXIS2_PLACEMENT_3D ( 'NONE', #4911, #2646, #4167 ) ;
#8272 = ADVANCED_FACE ( 'NONE', ( #9153 ), #8574, .F. ) ;
#8273 = VERTEX_POINT ( 'NONE', #6119 ) ;
#8274 = ORIENTED_EDGE ( 'NONE', *, *, #8463, .F. ) ;
#8275 = CARTESIAN_POINT ( 'NONE',  ( 140.9999999999999716, 8.000000000000000000, -41.00000000000000000 ) ) ;
#8276 = LINE ( 'NONE', #5243, #3274 ) ;
#8277 = EDGE_CURVE ( 'NONE', #4976, #8069, #9300, .T. ) ;
#8278 = DIRECTION ( 'NONE',  ( -0.000000000000000000, 1.000000000000000000, -0.000000000000000000 ) ) ;
#8279 = ORIENTED_EDGE ( 'NONE', *, *, #7847, .F. ) ;
#8280 = CARTESIAN_POINT ( 'NONE',  ( 132.0000000000000000, 4.000000000000000000, -117.9999999999999716 ) ) ;
#8281 = ORIENTED_EDGE ( 'NONE', *, *, #5225, .F. ) ;
#8282 = VECTOR ( 'NONE', #921, 1000.000000000000000 ) ;
#8283 = PLANE ( 'NONE',  #527 ) ;
#8284 = EDGE_CURVE ( 'NONE', #645, #810, #8469, .T. ) ;
#8285 = EDGE_CURVE ( 'NONE', #8777, #1094, #1051, .T. ) ;
#8286 = AXIS2_PLACEMENT_3D ( 'NONE', #2365, #6894, #161 ) ;
#8287 = ORIENTED_EDGE ( 'NONE', *, *, #1245, .T. ) ;
#8288 = VERTEX_POINT ( 'NONE', #2484 ) ;
#8289 = LINE ( 'NONE', #47, #1599 ) ;
#8290 = CARTESIAN_POINT ( 'NONE',  ( 172.2500000000000000, 18.00000000000000355, -108.9999999999999858 ) ) ;
#8291 = CARTESIAN_POINT ( 'NONE',  ( 125.0000000000000000, 0.000000000000000000, -133.9999999999999716 ) ) ;
#8292 = CARTESIAN_POINT ( 'NONE',  ( 51.00000000000000711, 4.000000000000000000, -33.00000000000000000 ) ) ;
#8293 = DIRECTION ( 'NONE',  ( 1.000000000000000000, 0.000000000000000000, -4.625929269271487689E-15 ) ) ;
#8294 = LINE ( 'NONE', #1563, #5116 ) ;
#8295 = EDGE_CURVE ( 'NONE', #730, #6333, #1010, .T. ) ;
#8296 = DIRECTION ( 'NONE',  ( 1.000000000000000000, 0.000000000000000000, 0.000000000000000000 ) ) ;
#8297 = ORIENTED_EDGE ( 'NONE', *, *, #942, .T. ) ;
#8298 = CARTESIAN_POINT ( 'NONE',  ( 160.9999999999999716, 0.000000000000000000, -44.00000000000000000 ) ) ;
#8299 = CARTESIAN_POINT ( 'NONE',  ( 90.00000000000000000, 0.000000000000000000, -133.9999999999999716 ) ) ;
#8300 = ORIENTED_EDGE ( 'NONE', *, *, #9092, .T. ) ;
#8301 = ORIENTED_EDGE ( 'NONE', *, *, #1471, .F. ) ;
#8302 = CARTESIAN_POINT ( 'NONE',  ( 211.9999999999999716, -0.001000000000000132727, -17.00000000000000000 ) ) ;
#8303 = ORIENTED_EDGE ( 'NONE', *, *, #6228, .F. ) ;
#8304 = DIRECTION ( 'NONE',  ( -1.000000000000000000, 0.000000000000000000, -2.312964634635743844E-15 ) ) ;
#8305 = EDGE_CURVE ( 'NONE', #4357, #8872, #2848, .T. ) ;
#8306 = LINE ( 'NONE', #1577, #7259 ) ;
#8307 = ORIENTED_EDGE ( 'NONE', *, *, #4437, .F. ) ;
#8308 = ORIENTED_EDGE ( 'NONE', *, *, #3346, .F. ) ;
#8309 = LINE ( 'NONE', #3893, #9111 ) ;
#8310 = CARTESIAN_POINT ( 'NONE',  ( 23.00000000000000000, 9.000000000000001776, -108.9999999999999858 ) ) ;
#8311 = ORIENTED_EDGE ( 'NONE', *, *, #1482, .T. ) ;
#8312 = ORIENTED_EDGE ( 'NONE', *, *, #9340, .T. ) ;
#8313 = ORIENTED_EDGE ( 'NONE', *, *, #6547, .T. ) ;
#8314 = EDGE_CURVE ( 'NONE', #8625, #6678, #7002, .T. ) ;
#8315 = AXIS2_PLACEMENT_3D ( 'NONE', #6909, #3178, #6177 ) ;
#8316 = EDGE_CURVE ( 'NONE', #8006, #460, #7589, .T. ) ;
#8317 = DIRECTION ( 'NONE',  ( -2.168404344971008868E-16, -0.000000000000000000, -1.000000000000000000 ) ) ;
#8318 = CARTESIAN_POINT ( 'NONE',  ( 44.00000000000000000, -0.001000000000000132727, -117.9999999999999858 ) ) ;
#8319 = LINE ( 'NONE', #8218, #1909 ) ;
#8320 = FACE_BOUND ( 'NONE', #829, .T. ) ;
#8321 = VECTOR ( 'NONE', #2841, 1000.000000000000000 ) ;
#8322 = LINE ( 'NONE', #7439, #5867 ) ;
#8323 = ORIENTED_EDGE ( 'NONE', *, *, #4004, .F. ) ;
#8324 = ORIENTED_EDGE ( 'NONE', *, *, #5636, .F. ) ;
#8325 = EDGE_CURVE ( 'NONE', #8993, #5802, #5537, .T. ) ;
#8326 = AXIS2_PLACEMENT_3D ( 'NONE', #3666, #5289, #34 ) ;
#8327 = VECTOR ( 'NONE', #6939, 1000.000000000000000 ) ;
#8328 = EDGE_LOOP ( 'NONE', ( #3806, #5575, #2407, #4995 ) ) ;
#8329 = ORIENTED_EDGE ( 'NONE', *, *, #952, .T. ) ;
#8330 = LINE ( 'NONE', #9653, #7864 ) ;
#8331 = CARTESIAN_POINT ( 'NONE',  ( 30.00000000000000000, -0.000000000000000000, -117.9999999999999858 ) ) ;
#8332 = VECTOR ( 'NONE', #1736, 1000.000000000000000 ) ;
#8333 = VECTOR ( 'NONE', #8604, 1000.000000000000000 ) ;
#8334 = DIRECTION ( 'NONE',  ( 1.000000000000000000, 0.000000000000000000, -4.625929269271486900E-15 ) ) ;
#8335 = ORIENTED_EDGE ( 'NONE', *, *, #6511, .T. ) ;
#8336 = EDGE_CURVE ( 'NONE', #1248, #9218, #9098, .T. ) ;
#8337 = ORIENTED_EDGE ( 'NONE', *, *, #949, .T. ) ;
#8338 = ORIENTED_EDGE ( 'NONE', *, *, #6263, .F. ) ;
#8339 = VECTOR ( 'NONE', #2329, 1000.000000000000000 ) ;
#8340 = CARTESIAN_POINT ( 'NONE',  ( 41.00000000000000000, 4.000000000000000000, -33.00000000000000711 ) ) ;
#8341 = VECTOR ( 'NONE', #5558, 1000.000000000000000 ) ;
#8342 = ORIENTED_EDGE ( 'NONE', *, *, #4064, .T. ) ;
#8343 = ORIENTED_EDGE ( 'NONE', *, *, #4064, .F. ) ;
#8344 = AXIS2_PLACEMENT_3D ( 'NONE', #4813, #1065, #7975 ) ;
#8345 = CARTESIAN_POINT ( 'NONE',  ( 23.00000000000000000, 0.000000000000000000, -44.00000000000000711 ) ) ;
#8346 = VECTOR ( 'NONE', #4638, 1000.000000000000000 ) ;
#8347 = LINE ( 'NONE', #7412, #3318 ) ;
#8348 = CARTESIAN_POINT ( 'NONE',  ( 176.9999999999999716, 0.000000000000000000, -17.00000000000000000 ) ) ;
#8349 = LINE ( 'NONE', #2413, #7250 ) ;
#8350 = EDGE_CURVE ( 'NONE', #4127, #5919, #862, .T. ) ;
#8351 = DIRECTION ( 'NONE',  ( -0.000000000000000000, 1.000000000000000000, -0.000000000000000000 ) ) ;
#8352 = CARTESIAN_POINT ( 'NONE',  ( 191.0000000000000000, 0.000000000000000000, -117.9999999999999858 ) ) ;
#8353 = CARTESIAN_POINT ( 'NONE',  ( 79.00000000000000000, 0.000000000000000000, -33.00000000000000000 ) ) ;
#8354 = ORIENTED_EDGE ( 'NONE', *, *, #9119, .T. ) ;
#8355 = CONICAL_SURFACE ( 'NONE', #6628, 1.699999999999993072, 1.029744258676652757 ) ;
#8356 = VECTOR ( 'NONE', #2860, 1000.000000000000000 ) ;
#8357 = CARTESIAN_POINT ( 'NONE',  ( 104.0000000000000000, -0.001000000000000132727, -133.9999999999999716 ) ) ;
#8358 = VERTEX_POINT ( 'NONE', #2384 ) ;
#8359 = EDGE_LOOP ( 'NONE', ( #62, #157, #4634, #4094 ) ) ;
#8360 = DIRECTION ( 'NONE',  ( 2.168404344971008128E-16, 0.000000000000000000, 1.000000000000000000 ) ) ;
#8361 = ORIENTED_EDGE ( 'NONE', *, *, #705, .T. ) ;
#8362 = CARTESIAN_POINT ( 'NONE',  ( 136.9999999999999432, 8.000000000000001776, -22.69999999999997797 ) ) ;
#8363 = CONICAL_SURFACE ( 'NONE', #3804, 1.699999999999993072, 1.029744258676652757 ) ;
#8364 = ORIENTED_EDGE ( 'NONE', *, *, #5410, .F. ) ;
#8365 = VECTOR ( 'NONE', #543, 1000.000000000000000 ) ;
#8366 = CARTESIAN_POINT ( 'NONE',  ( 62.00000000000000711, 0.000000000000000000, -33.00000000000000711 ) ) ;
#8367 = EDGE_LOOP ( 'NONE', ( #6072, #5026, #8307, #7113 ) ) ;
#8368 = DIRECTION ( 'NONE',  ( -1.000000000000000000, 0.000000000000000000, 0.000000000000000000 ) ) ;
#8369 = DIRECTION ( 'NONE',  ( 0.000000000000000000, 0.000000000000000000, -1.000000000000000000 ) ) ;
#8370 = CIRCLE ( 'NONE', #223, 3.000000000000002665 ) ;
#8371 = ORIENTED_EDGE ( 'NONE', *, *, #7429, .F. ) ;
#8372 = EDGE_CURVE ( 'NONE', #64, #9490, #274, .T. ) ;
#8373 = VERTEX_POINT ( 'NONE', #7742 ) ;
#8374 = DIRECTION ( 'NONE',  ( -0.000000000000000000, -0.000000000000000000, 1.000000000000000000 ) ) ;
#8375 = LINE ( 'NONE', #1649, #1683 ) ;
#8376 = CARTESIAN_POINT ( 'NONE',  ( 118.0000000000000000, 0.000000000000000000, -133.9999999999999716 ) ) ;
#8377 = AXIS2_PLACEMENT_3D ( 'NONE', #9439, #6506, #2633 ) ;
#8378 = LINE ( 'NONE', #3224, #2358 ) ;
#8379 = PLANE ( 'NONE',  #2253 ) ;
#8380 = ORIENTED_EDGE ( 'NONE', *, *, #3906, .T. ) ;
#8381 = EDGE_CURVE ( 'NONE', #212, #4765, #3901, .T. ) ;
#8382 = AXIS2_PLACEMENT_3D ( 'NONE', #9540, #5771, #2033 ) ;
#8383 = VECTOR ( 'NONE', #3771, 1000.000000000000000 ) ;
#8384 = EDGE_LOOP ( 'NONE', ( #6114, #7961 ) ) ;
#8385 = ORIENTED_EDGE ( 'NONE', *, *, #8277, .T. ) ;
#8386 = DIRECTION ( 'NONE',  ( -0.000000000000000000, 1.000000000000000000, -0.000000000000000000 ) ) ;
#8387 = DIRECTION ( 'NONE',  ( 0.000000000000000000, 0.000000000000000000, 1.000000000000000000 ) ) ;
#8388 = VECTOR ( 'NONE', #2877, 1000.000000000000000 ) ;
#8389 = EDGE_CURVE ( 'NONE', #5226, #1333, #1797, .T. ) ;
#8390 = CARTESIAN_POINT ( 'NONE',  ( 0.000000000000000000, 2.000000000000000000, -2.000000000000001776 ) ) ;
#8391 = EDGE_LOOP ( 'NONE', ( #5966, #3802, #2348, #8139 ) ) ;
#8392 = ORIENTED_EDGE ( 'NONE', *, *, #6104, .T. ) ;
#8393 = DIRECTION ( 'NONE',  ( 0.000000000000000000, 0.000000000000000000, 1.000000000000000000 ) ) ;
#8394 = EDGE_LOOP ( 'NONE', ( #4224, #3767, #3297, #3913 ) ) ;
#8395 = EDGE_CURVE ( 'NONE', #1265, #8800, #4798, .T. ) ;
#8396 = DIRECTION ( 'NONE',  ( -0.000000000000000000, 1.000000000000000000, -0.000000000000000000 ) ) ;
#8397 = AXIS2_PLACEMENT_3D ( 'NONE', #2962, #6604, #8945 ) ;
#8398 = ORIENTED_EDGE ( 'NONE', *, *, #5776, .F. ) ;
#8399 = VERTEX_POINT ( 'NONE', #6321 ) ;
#8400 = DIRECTION ( 'NONE',  ( 0.000000000000000000, 0.000000000000000000, 1.000000000000000000 ) ) ;
#8401 = CARTESIAN_POINT ( 'NONE',  ( 77.71999999999998465, 4.000000000000000000, -48.99999999999998579 ) ) ;
#8402 = DIRECTION ( 'NONE',  ( 1.000000000000000000, 0.000000000000000000, -4.625929269271486900E-15 ) ) ;
#8403 = DIRECTION ( 'NONE',  ( 0.000000000000000000, 0.000000000000000000, 1.000000000000000000 ) ) ;
#8404 = DIRECTION ( 'NONE',  ( 0.000000000000000000, -0.000000000000000000, 1.000000000000000000 ) ) ;
#8405 = CARTESIAN_POINT ( 'NONE',  ( 136.9999999999999432, 2.000000000000000000, -20.99999999999999645 ) ) ;
#8406 = CARTESIAN_POINT ( 'NONE',  ( 23.00000000000000711, 29.00000000000000000, -48.99999999999997868 ) ) ;
#8407 = EDGE_LOOP ( 'NONE', ( #8553, #3656, #6284, #4288 ) ) ;
#8408 = DIRECTION ( 'NONE',  ( -0.000000000000000000, 1.000000000000000000, -0.000000000000000000 ) ) ;
#8409 = EDGE_CURVE ( 'NONE', #9336, #7536, #2584, .T. ) ;
#8410 = ORIENTED_EDGE ( 'NONE', *, *, #2453, .T. ) ;
#8411 = VERTEX_POINT ( 'NONE', #3953 ) ;
#8412 = DIRECTION ( 'NONE',  ( 0.000000000000000000, 0.000000000000000000, 1.000000000000000000 ) ) ;
#8413 = DIRECTION ( 'NONE',  ( 1.000000000000000000, 0.000000000000000000, -2.168404344971008868E-16 ) ) ;
#8414 = ORIENTED_EDGE ( 'NONE', *, *, #7623, .T. ) ;
#8415 = PLANE ( 'NONE',  #4760 ) ;
#8416 = ORIENTED_EDGE ( 'NONE', *, *, #6913, .T. ) ;
#8417 = EDGE_CURVE ( 'NONE', #9075, #8477, #911, .T. ) ;
#8418 = VECTOR ( 'NONE', #3205, 1000.000000000000000 ) ;
#8419 = CARTESIAN_POINT ( 'NONE',  ( 90.00000000000000000, 14.00000000000000000, -41.00000000000000000 ) ) ;
#8420 = DIRECTION ( 'NONE',  ( -0.000000000000000000, 1.000000000000000000, -0.000000000000000000 ) ) ;
#8421 = VERTEX_POINT ( 'NONE', #1093 ) ;
#8422 = ORIENTED_EDGE ( 'NONE', *, *, #9038, .T. ) ;
#8423 = CARTESIAN_POINT ( 'NONE',  ( 0.000000000000000000, 0.000000000000000000, 0.000000000000000000 ) ) ;
#8424 = FACE_OUTER_BOUND ( 'NONE', #585, .T. ) ;
#8425 = AXIS2_PLACEMENT_3D ( 'NONE', #3601, #1388, #5957 ) ;
#8426 = DIRECTION ( 'NONE',  ( -2.168404344971008868E-16, -0.000000000000000000, -1.000000000000000000 ) ) ;
#8427 = CARTESIAN_POINT ( 'NONE',  ( 106.9999999999999858, 4.000000000000000000, -117.9999999999999858 ) ) ;
#8428 = FACE_OUTER_BOUND ( 'NONE', #7818, .T. ) ;
#8429 = VERTEX_POINT ( 'NONE', #5110 ) ;
#8430 = VERTEX_POINT ( 'NONE', #2113 ) ;
#8431 = ORIENTED_EDGE ( 'NONE', *, *, #6373, .F. ) ;
#8432 = VECTOR ( 'NONE', #337, 1000.000000000000000 ) ;
#8433 = LINE ( 'NONE', #5594, #6941 ) ;
#8434 = DIRECTION ( 'NONE',  ( 0.000000000000000000, 0.000000000000000000, 1.000000000000000000 ) ) ;
#8435 = DIRECTION ( 'NONE',  ( 0.000000000000000000, -0.000000000000000000, 1.000000000000000000 ) ) ;
#8436 = ORIENTED_EDGE ( 'NONE', *, *, #3273, .T. ) ;
#8437 = ORIENTED_EDGE ( 'NONE', *, *, #2629, .T. ) ;
#8438 = CARTESIAN_POINT ( 'NONE',  ( 210.9999999999999716, 11.00000000000003020, -106.9999999999999858 ) ) ;
#8439 = DIRECTION ( 'NONE',  ( 1.000000000000000000, -0.000000000000000000, -0.000000000000000000 ) ) ;
#8440 = ADVANCED_FACE ( 'NONE', ( #5793 ), #8740, .F. ) ;
#8441 = EDGE_LOOP ( 'NONE', ( #6123, #3489, #2281, #1550 ) ) ;
#8442 = ORIENTED_EDGE ( 'NONE', *, *, #3102, .T. ) ;
#8443 = DIRECTION ( 'NONE',  ( -0.000000000000000000, 1.000000000000000000, -0.000000000000000000 ) ) ;
#8444 = EDGE_CURVE ( 'NONE', #9466, #5566, #8782, .T. ) ;
#8445 = EDGE_CURVE ( 'NONE', #3561, #7005, #1102, .T. ) ;
#8446 = DIRECTION ( 'NONE',  ( 0.000000000000000000, 0.000000000000000000, 1.000000000000000000 ) ) ;
#8447 = DIRECTION ( 'NONE',  ( 1.000000000000000000, 0.000000000000000000, 0.000000000000000000 ) ) ;
#8448 = CARTESIAN_POINT ( 'NONE',  ( 215.9999999999999716, 29.00000000000000000, -41.00000000000000000 ) ) ;
#8449 = LINE ( 'NONE', #4169, #7076 ) ;
#8450 = CARTESIAN_POINT ( 'NONE',  ( 170.0000000000000000, -0.001000000000000132727, -117.9999999999999858 ) ) ;
#8451 = FACE_OUTER_BOUND ( 'NONE', #8631, .T. ) ;
#8452 = ORIENTED_EDGE ( 'NONE', *, *, #6234, .T. ) ;
#8453 = LINE ( 'NONE', #5360, #6606 ) ;
#8454 = ADVANCED_FACE ( 'NONE', ( #9517 ), #8834, .F. ) ;
#8455 = ORIENTED_EDGE ( 'NONE', *, *, #7965, .F. ) ;
#8456 = ORIENTED_EDGE ( 'NONE', *, *, #3884, .T. ) ;
#8457 = LINE ( 'NONE', #3299, #3474 ) ;
#8458 = ORIENTED_EDGE ( 'NONE', *, *, #2414, .T. ) ;
#8459 = VECTOR ( 'NONE', #3356, 1000.000000000000000 ) ;
#8460 = DIRECTION ( 'NONE',  ( -0.000000000000000000, 1.000000000000000000, -0.000000000000000000 ) ) ;
#8461 = DIRECTION ( 'NONE',  ( -1.000000000000000000, 0.000000000000000000, 0.000000000000000000 ) ) ;
#8462 = ORIENTED_EDGE ( 'NONE', *, *, #8974, .F. ) ;
#8463 = EDGE_CURVE ( 'NONE', #1952, #503, #4093, .T. ) ;
#8464 = CARTESIAN_POINT ( 'NONE',  ( 146.0000000000000284, 0.000000000000000000, -117.9999999999999716 ) ) ;
#8465 = CARTESIAN_POINT ( 'NONE',  ( 102.0000000000000142, 2.000000000000000000, -20.99999999999999645 ) ) ;
#8466 = ORIENTED_EDGE ( 'NONE', *, *, #9363, .F. ) ;
#8467 = PLANE ( 'NONE',  #7254 ) ;
#8468 = CARTESIAN_POINT ( 'NONE',  ( 156.0000000000000000, 4.000000000000000000, -133.9999999999999716 ) ) ;
#8469 = LINE ( 'NONE', #9200, #9588 ) ;
#8470 = CARTESIAN_POINT ( 'NONE',  ( 0.000000000000000000, 4.000000000000000000, 0.000000000000000000 ) ) ;
#8471 = ADVANCED_FACE ( 'NONE', ( #3628 ), #1370, .F. ) ;
#8472 = CARTESIAN_POINT ( 'NONE',  ( 195.0000000000000000, -0.001000000000000132727, -133.9999999999999716 ) ) ;
#8473 = ADVANCED_FACE ( 'NONE', ( #5062 ), #2794, .F. ) ;
#8474 = VERTEX_POINT ( 'NONE', #7101 ) ;
#8475 = EDGE_LOOP ( 'NONE', ( #3791, #4633, #6338, #5488, #7491, #4825, #2360, #6793, #5408, #523, #5267, #6977 ) ) ;
#8476 = VECTOR ( 'NONE', #559, 1000.000000000000000 ) ;
#8477 = VERTEX_POINT ( 'NONE', #1325 ) ;
#8478 = VECTOR ( 'NONE', #4370, 1000.000000000000000 ) ;
#8479 = PRODUCT_DEFINITION_SHAPE ( 'NONE', 'NONE',  #4213 ) ;
#8480 = DIRECTION ( 'NONE',  ( -1.000000000000000000, 0.000000000000000000, -0.000000000000000000 ) ) ;
#8481 = CARTESIAN_POINT ( 'NONE',  ( 197.9999999999999432, -0.001000000000000132727, -33.00000000000000000 ) ) ;
#8482 = FACE_OUTER_BOUND ( 'NONE', #1656, .T. ) ;
#8483 = ORIENTED_EDGE ( 'NONE', *, *, #4735, .T. ) ;
#8484 = ORIENTED_EDGE ( 'NONE', *, *, #1727, .F. ) ;
#8485 = LINE ( 'NONE', #193, #7486 ) ;
#8486 = DIRECTION ( 'NONE',  ( 0.000000000000000000, -0.000000000000000000, 1.000000000000000000 ) ) ;
#8487 = AXIS2_PLACEMENT_3D ( 'NONE', #7767, #5608, #1121 ) ;
#8488 = VECTOR ( 'NONE', #4854, 1000.000000000000000 ) ;
#8489 = AXIS2_PLACEMENT_3D ( 'NONE', #2466, #2357, #6837 ) ;
#8490 = VERTEX_POINT ( 'NONE', #6635 ) ;
#8491 = ADVANCED_FACE ( 'NONE', ( #4318 ), #6683, .F. ) ;
#8492 = VERTEX_POINT ( 'NONE', #641 ) ;
#8493 = DIRECTION ( 'NONE',  ( 1.000000000000000000, 0.000000000000000000, -0.000000000000000000 ) ) ;
#8494 = AXIS2_PLACEMENT_3D ( 'NONE', #9629, #5119, #511 ) ;
#8495 = DIRECTION ( 'NONE',  ( 0.000000000000000000, 0.000000000000000000, 1.000000000000000000 ) ) ;
#8496 = CARTESIAN_POINT ( 'NONE',  ( 72.00000000000001421, 0.000000000000000000, -33.00000000000000000 ) ) ;
#8497 = AXIS2_PLACEMENT_3D ( 'NONE', #5502, #6929, #3337 ) ;
#8498 = DIRECTION ( 'NONE',  ( -0.000000000000000000, 1.000000000000000000, -0.000000000000000000 ) ) ;
#8499 = PLANE ( 'NONE',  #5963 ) ;
#8500 = DIRECTION ( 'NONE',  ( -0.000000000000000000, 1.000000000000000000, -0.000000000000000000 ) ) ;
#8501 = DIRECTION ( 'NONE',  ( 1.000000000000000000, 0.000000000000000000, -2.168404344971008868E-16 ) ) ;
#8502 = EDGE_LOOP ( 'NONE', ( #6708, #7446, #2057, #2404 ) ) ;
#8503 = DIRECTION ( 'NONE',  ( 0.000000000000000000, 0.000000000000000000, 1.000000000000000000 ) ) ;
#8504 = EDGE_CURVE ( 'NONE', #9016, #4601, #4843, .T. ) ;
#8505 = CIRCLE ( 'NONE', #5200, 1.699999999999979305 ) ;
#8506 = VECTOR ( 'NONE', #7219, 1000.000000000000000 ) ;
#8507 = AXIS2_PLACEMENT_3D ( 'NONE', #5378, #7827, #3995 ) ;
#8508 = VERTEX_POINT ( 'NONE', #2895 ) ;
#8509 = VERTEX_POINT ( 'NONE', #7318 ) ;
#8510 = LINE ( 'NONE', #3213, #4102 ) ;
#8511 = DIRECTION ( 'NONE',  ( -1.000000000000000000, 0.000000000000000000, 0.000000000000000000 ) ) ;
#8512 = ORIENTED_EDGE ( 'NONE', *, *, #825, .T. ) ;
#8513 = VECTOR ( 'NONE', #6198, 1000.000000000000000 ) ;
#8514 = LINE ( 'NONE', #65, #6893 ) ;
#8515 = DIRECTION ( 'NONE',  ( 0.000000000000000000, 0.000000000000000000, 1.000000000000000000 ) ) ;
#8516 = ORIENTED_EDGE ( 'NONE', *, *, #4131, .F. ) ;
#8517 = EDGE_CURVE ( 'NONE', #4992, #6165, #5845, .T. ) ;
#8518 = CARTESIAN_POINT ( 'NONE',  ( 62.00000000000000711, -0.001000000000000132727, -33.00000000000000711 ) ) ;
#8519 = EDGE_CURVE ( 'NONE', #8985, #4036, #8885, .T. ) ;
#8520 = FACE_OUTER_BOUND ( 'NONE', #3892, .T. ) ;
#8521 = CIRCLE ( 'NONE', #6953, 1.750000000000001554 ) ;
#8522 = VECTOR ( 'NONE', #4480, 1000.000000000000000 ) ;
#8523 = ORIENTED_EDGE ( 'NONE', *, *, #3256, .T. ) ;
#8524 = VECTOR ( 'NONE', #3496, 1000.000000000000000 ) ;
#8525 = LINE ( 'NONE', #4044, #1443 ) ;
#8526 = DIRECTION ( 'NONE',  ( 0.000000000000000000, 0.000000000000000000, 1.000000000000000000 ) ) ;
#8527 = CARTESIAN_POINT ( 'NONE',  ( 136.9999999999999432, 8.000000000000001776, -33.30000000000002558 ) ) ;
#8528 = DIRECTION ( 'NONE',  ( -2.168404344971008868E-16, 0.000000000000000000, -1.000000000000000000 ) ) ;
#8529 = ORIENTED_EDGE ( 'NONE', *, *, #6785, .F. ) ;
#8530 = VERTEX_POINT ( 'NONE', #5161 ) ;
#8531 = VECTOR ( 'NONE', #195, 1000.000000000000000 ) ;
#8532 = EDGE_CURVE ( 'NONE', #2015, #2602, #8145, .T. ) ;
#8533 = CIRCLE ( 'NONE', #2872, 1.699999999999993072 ) ;
#8534 = ORIENTED_EDGE ( 'NONE', *, *, #2092, .F. ) ;
#8535 = LINE ( 'NONE', #1017, #7093 ) ;
#8536 = CARTESIAN_POINT ( 'NONE',  ( 111.4999999999999432, 8.000000000000000000, -23.00000000000000000 ) ) ;
#8537 = DIRECTION ( 'NONE',  ( 0.000000000000000000, 0.000000000000000000, -1.000000000000000000 ) ) ;
#8538 = ORIENTED_EDGE ( 'NONE', *, *, #4859, .T. ) ;
#8539 = EDGE_LOOP ( 'NONE', ( #1617, #6116, #6914, #6967 ) ) ;
#8540 = CARTESIAN_POINT ( 'NONE',  ( 83.00000000000000000, 0.000000000000000000, -133.9999999999999716 ) ) ;
#8541 = EDGE_CURVE ( 'NONE', #1585, #1263, #593, .T. ) ;
#8542 = DIRECTION ( 'NONE',  ( -0.000000000000000000, 1.000000000000000000, -0.000000000000000000 ) ) ;
#8543 = VECTOR ( 'NONE', #569, 1000.000000000000000 ) ;
#8544 = VERTEX_POINT ( 'NONE', #378 ) ;
#8545 = VERTEX_POINT ( 'NONE', #1418 ) ;
#8546 = DIRECTION ( 'NONE',  ( 0.000000000000000000, 0.000000000000000000, 1.000000000000000000 ) ) ;
#8547 = CARTESIAN_POINT ( 'NONE',  ( 20.00000000000000000, 29.00000000000000000, -41.00000000000000000 ) ) ;
#8548 = LINE ( 'NONE', #1070, #7815 ) ;
#8549 = CARTESIAN_POINT ( 'NONE',  ( 118.0000000000000000, 4.000000000000000000, -133.9999999999999716 ) ) ;
#8550 = CARTESIAN_POINT ( 'NONE',  ( 135.7199999999999704, 0.000000000000000000, -48.99999999999999289 ) ) ;
#8551 = LINE ( 'NONE', #2508, #2458 ) ;
#8552 = DIRECTION ( 'NONE',  ( -1.000000000000000000, -0.000000000000000000, -0.000000000000000000 ) ) ;
#8553 = ORIENTED_EDGE ( 'NONE', *, *, #7614, .T. ) ;
#8554 = EDGE_CURVE ( 'NONE', #7685, #5400, #4414, .T. ) ;
#8555 = PLANE ( 'NONE',  #5518 ) ;
#8556 = ORIENTED_EDGE ( 'NONE', *, *, #6460, .T. ) ;
#8557 = ORIENTED_EDGE ( 'NONE', *, *, #5459, .T. ) ;
#8558 = ORIENTED_EDGE ( 'NONE', *, *, #8284, .T. ) ;
#8559 = PLANE ( 'NONE',  #8657 ) ;
#8560 = DIRECTION ( 'NONE',  ( 0.000000000000000000, 0.000000000000000000, 1.000000000000000000 ) ) ;
#8561 = ORIENTED_EDGE ( 'NONE', *, *, #1751, .F. ) ;
#8562 = DIRECTION ( 'NONE',  ( -0.000000000000000000, -0.000000000000000000, 1.000000000000000000 ) ) ;
#8563 = LINE ( 'NONE', #3162, #3498 ) ;
#8564 = EDGE_LOOP ( 'NONE', ( #6019, #1364, #2907, #1080 ) ) ;
#8565 = FACE_BOUND ( 'NONE', #7014, .T. ) ;
#8566 = LINE ( 'NONE', #4088, #7559 ) ;
#8567 = EDGE_CURVE ( 'NONE', #4629, #7770, #8195, .T. ) ;
#8568 = ORIENTED_EDGE ( 'NONE', *, *, #7377, .T. ) ;
#8569 = EDGE_CURVE ( 'NONE', #6371, #5457, #2991, .T. ) ;
#8570 = CARTESIAN_POINT ( 'NONE',  ( 76.00000000000001421, -0.001000000000000132727, -17.00000000000000000 ) ) ;
#8571 = EDGE_CURVE ( 'NONE', #703, #6541, #2353, .T. ) ;
#8572 = VECTOR ( 'NONE', #7716, 1000.000000000000000 ) ;
#8573 = EDGE_CURVE ( 'NONE', #5089, #4901, #5414, .T. ) ;
#8574 = PLANE ( 'NONE',  #6155 ) ;
#8575 = CARTESIAN_POINT ( 'NONE',  ( 90.00000000000000000, 0.000000000000000000, -133.9999999999999716 ) ) ;
#8576 = DIRECTION ( 'NONE',  ( -0.000000000000000000, 1.000000000000000000, -0.000000000000000000 ) ) ;
#8577 = EDGE_LOOP ( 'NONE', ( #6533, #5403, #1279, #4619 ) ) ;
#8578 = ORIENTED_EDGE ( 'NONE', *, *, #4472, .F. ) ;
#8579 = VECTOR ( 'NONE', #5212, 1000.000000000000000 ) ;
#8580 = DIRECTION ( 'NONE',  ( 0.000000000000000000, 0.000000000000000000, 1.000000000000000000 ) ) ;
#8581 = CARTESIAN_POINT ( 'NONE',  ( 48.00000000000000000, -0.001000000000000132727, -17.00000000000000000 ) ) ;
#8582 = PLANE ( 'NONE',  #3981 ) ;
#8583 = ORIENTED_EDGE ( 'NONE', *, *, #3519, .T. ) ;
#8584 = FACE_OUTER_BOUND ( 'NONE', #7862, .T. ) ;
#8585 = EDGE_CURVE ( 'NONE', #5241, #2903, #3924, .T. ) ;
#8586 = CARTESIAN_POINT ( 'NONE',  ( 181.0000000000000000, -0.001000000000000132727, -117.9999999999999716 ) ) ;
#8587 = ORIENTED_EDGE ( 'NONE', *, *, #9479, .F. ) ;
#8588 = EDGE_LOOP ( 'NONE', ( #6491, #3534, #5962, #8934 ) ) ;
#8589 = FACE_OUTER_BOUND ( 'NONE', #6937, .T. ) ;
#8590 = FACE_OUTER_BOUND ( 'NONE', #1805, .T. ) ;
#8591 = DIRECTION ( 'NONE',  ( -0.000000000000000000, -0.000000000000000000, -1.000000000000000000 ) ) ;
#8592 = CARTESIAN_POINT ( 'NONE',  ( 37.00000000000000711, 4.000000000000000000, -17.00000000000000000 ) ) ;
#8593 = CARTESIAN_POINT ( 'NONE',  ( 225.7699999999999818, 0.000000000000000000, -7.000000000000000000 ) ) ;
#8594 = CARTESIAN_POINT ( 'NONE',  ( 44.00000000000000711, 4.000000000000000000, -17.00000000000000000 ) ) ;
#8595 = CARTESIAN_POINT ( 'NONE',  ( 102.0000000000000142, 8.000000000000001776, -20.99999999999999645 ) ) ;
#8596 = VERTEX_POINT ( 'NONE', #3878 ) ;
#8597 = ADVANCED_FACE ( 'NONE', ( #9130 ), #1625, .F. ) ;
#8598 = VECTOR ( 'NONE', #9116, 1000.000000000000000 ) ;
#8599 = EDGE_CURVE ( 'NONE', #7353, #9497, #2415, .T. ) ;
#8600 = CYLINDRICAL_SURFACE ( 'NONE', #5391, 3.000000000000002665 ) ;
#8601 = EDGE_LOOP ( 'NONE', ( #3334, #4517 ) ) ;
#8602 = ORIENTED_EDGE ( 'NONE', *, *, #941, .T. ) ;
#8603 = ORIENTED_EDGE ( 'NONE', *, *, #2075, .T. ) ;
#8604 = DIRECTION ( 'NONE',  ( -2.168404344971008868E-16, 0.000000000000000000, -1.000000000000000000 ) ) ;
#8605 = CARTESIAN_POINT ( 'NONE',  ( 102.0000000000000142, 8.000000000000000000, -20.99999999999999645 ) ) ;
#8606 = ORIENTED_EDGE ( 'NONE', *, *, #4119, .F. ) ;
#8607 = LINE ( 'NONE', #4878, #5316 ) ;
#8608 = LINE ( 'NONE', #6540, #2233 ) ;
#8609 = VERTEX_POINT ( 'NONE', #782 ) ;
#8610 = FACE_BOUND ( 'NONE', #2844, .T. ) ;
#8611 = VECTOR ( 'NONE', #8560, 1000.000000000000000 ) ;
#8612 = DIRECTION ( 'NONE',  ( -1.000000000000000000, 0.000000000000000000, 0.000000000000000000 ) ) ;
#8613 = VERTEX_POINT ( 'NONE', #7667 ) ;
#8614 = CIRCLE ( 'NONE', #5943, 2.999999999999988898 ) ;
#8615 = CARTESIAN_POINT ( 'NONE',  ( 136.9999999999999432, 2.000000000000000000, -19.29999999999999005 ) ) ;
#8616 = ADVANCED_FACE ( 'NONE', ( #9712, #5990 ), #3148, .T. ) ;
#8617 = CARTESIAN_POINT ( 'NONE',  ( 209.0000000000000000, -0.001000000000000132727, -117.9999999999999716 ) ) ;
#8618 = FACE_OUTER_BOUND ( 'NONE', #8904, .T. ) ;
#8619 = CARTESIAN_POINT ( 'NONE',  ( 51.00000000000000711, 0.000000000000000000, -17.00000000000000000 ) ) ;
#8620 = EDGE_CURVE ( 'NONE', #6197, #1265, #3827, .T. ) ;
#8621 = EDGE_CURVE ( 'NONE', #7761, #439, #6148, .T. ) ;
#8622 = LINE ( 'NONE', #471, #3681 ) ;
#8623 = PLANE ( 'NONE',  #8173 ) ;
#8624 = CARTESIAN_POINT ( 'NONE',  ( 102.0000000000000142, 8.000000000000000000, -33.30000000000001137 ) ) ;
#8625 = VERTEX_POINT ( 'NONE', #738 ) ;
#8626 = DIRECTION ( 'NONE',  ( -1.000000000000000000, 0.000000000000000000, 0.000000000000000000 ) ) ;
#8627 = EDGE_CURVE ( 'NONE', #2510, #4765, #9262, .T. ) ;
#8628 = EDGE_CURVE ( 'NONE', #460, #6230, #7510, .T. ) ;
#8629 = VECTOR ( 'NONE', #5852, 1000.000000000000000 ) ;
#8630 = VERTEX_POINT ( 'NONE', #9022 ) ;
#8631 = EDGE_LOOP ( 'NONE', ( #5366, #2441, #2475, #6964 ) ) ;
#8632 = LINE ( 'NONE', #4908, #9592 ) ;
#8633 = VECTOR ( 'NONE', #1012, 1000.000000000000000 ) ;
#8634 = ADVANCED_FACE ( 'NONE', ( #3204 ), #3606, .F. ) ;
#8635 = LINE ( 'NONE', #399, #7080 ) ;
#8636 = CARTESIAN_POINT ( 'NONE',  ( 183.9999999999999716, 4.000000000000000000, -33.00000000000000000 ) ) ;
#8637 = EDGE_CURVE ( 'NONE', #246, #515, #489, .T. ) ;
#8638 = PLANE ( 'NONE',  #4881 ) ;
#8639 = DIRECTION ( 'NONE',  ( -1.000000000000000000, -0.000000000000000000, -2.312964634635743450E-15 ) ) ;
#8640 = CARTESIAN_POINT ( 'NONE',  ( 100.0000000000000000, -0.001000000000000132727, -133.9999999999999716 ) ) ;
#8641 = DIRECTION ( 'NONE',  ( 0.000000000000000000, 0.7071067811865455743, -0.7071067811865493491 ) ) ;
#8642 = EDGE_LOOP ( 'NONE', ( #2034, #4433, #7339, #2883 ) ) ;
#8643 = VECTOR ( 'NONE', #6833, 1000.000000000000000 ) ;
#8644 = DIRECTION ( 'NONE',  ( -1.000000000000000000, 0.000000000000000000, 0.000000000000000000 ) ) ;
#8645 = ORIENTED_EDGE ( 'NONE', *, *, #5005, .F. ) ;
#8646 = VERTEX_POINT ( 'NONE', #5256 ) ;
#8647 = AXIS2_PLACEMENT_3D ( 'NONE', #8976, #6777, #98 ) ;
#8648 = VECTOR ( 'NONE', #9136, 1000.000000000000000 ) ;
#8649 = EDGE_CURVE ( 'NONE', #4423, #4010, #7461, .T. ) ;
#8650 = DIRECTION ( 'NONE',  ( 0.000000000000000000, 0.000000000000000000, 1.000000000000000000 ) ) ;
#8651 = PLANE ( 'NONE',  #812 ) ;
#8652 = DIRECTION ( 'NONE',  ( -0.000000000000000000, 1.000000000000000000, -0.000000000000000000 ) ) ;
#8653 = LINE ( 'NONE', #1927, #4215 ) ;
#8654 = DIRECTION ( 'NONE',  ( 0.000000000000000000, 0.5150380749100526012, 0.8571673007021132218 ) ) ;
#8655 = ORIENTED_EDGE ( 'NONE', *, *, #7017, .T. ) ;
#8656 = VECTOR ( 'NONE', #7735, 1000.000000000000000 ) ;
#8657 = AXIS2_PLACEMENT_3D ( 'NONE', #1827, #4831, #6441 ) ;
#8658 = DIRECTION ( 'NONE',  ( -0.000000000000000000, -0.000000000000000000, -1.000000000000000000 ) ) ;
#8659 = AXIS2_PLACEMENT_3D ( 'NONE', #6024, #7600, #6759 ) ;
#8660 = CARTESIAN_POINT ( 'NONE',  ( 65.00000000000000000, -0.001000000000000132727, -17.00000000000000000 ) ) ;
#8661 = ORIENTED_EDGE ( 'NONE', *, *, #1538, .T. ) ;
#8662 = VECTOR ( 'NONE', #2730, 1000.000000000000000 ) ;
#8663 = LINE ( 'NONE', #3363, #209 ) ;
#8664 = VECTOR ( 'NONE', #4013, 1000.000000000000000 ) ;
#8665 = DIRECTION ( 'NONE',  ( -0.000000000000000000, 1.000000000000000000, -0.000000000000000000 ) ) ;
#8666 = FACE_OUTER_BOUND ( 'NONE', #4289, .T. ) ;
#8667 = ORIENTED_EDGE ( 'NONE', *, *, #6362, .T. ) ;
#8668 = CARTESIAN_POINT ( 'NONE',  ( 174.0000000000000000, -0.001000000000000132727, -117.9999999999999716 ) ) ;
#8669 = AXIS2_PLACEMENT_3D ( 'NONE', #6616, #4392, #9652 ) ;
#8670 = AXIS2_PLACEMENT_3D ( 'NONE', #1165, #1861, #298 ) ;
#8671 = EDGE_CURVE ( 'NONE', #3631, #1952, #4461, .T. ) ;
#8672 = CARTESIAN_POINT ( 'NONE',  ( 29.99999999999999645, 0.000000000000000000, -133.9999999999999716 ) ) ;
#8673 = DIRECTION ( 'NONE',  ( 1.000000000000000000, 0.000000000000000000, -2.168404344971008868E-16 ) ) ;
#8674 = EDGE_CURVE ( 'NONE', #8972, #4573, #4509, .T. ) ;
#8675 = CARTESIAN_POINT ( 'NONE',  ( 205.0000000000000284, -0.001000000000000132727, -133.9999999999999716 ) ) ;
#8676 = VERTEX_POINT ( 'NONE', #4560 ) ;
#8677 = CARTESIAN_POINT ( 'NONE',  ( 135.7199999999999704, 4.000000000000000000, -46.00000000000000000 ) ) ;
#8678 = CONICAL_SURFACE ( 'NONE', #7126, 1.699999999999993072, 1.029744258676652757 ) ;
#8679 = ORIENTED_EDGE ( 'NONE', *, *, #1554, .T. ) ;
#8680 = ORIENTED_EDGE ( 'NONE', *, *, #1006, .T. ) ;
#8681 = CARTESIAN_POINT ( 'NONE',  ( 139.0000000000000000, 4.000000000000000000, -133.9999999999999716 ) ) ;
#8682 = EDGE_CURVE ( 'NONE', #6333, #9613, #7905, .T. ) ;
#8683 = DIRECTION ( 'NONE',  ( 0.000000000000000000, 0.000000000000000000, 1.000000000000000000 ) ) ;
#8684 = DIRECTION ( 'NONE',  ( 0.000000000000000000, 0.000000000000000000, 1.000000000000000000 ) ) ;
#8685 = DIRECTION ( 'NONE',  ( 1.000000000000000000, 0.000000000000000000, -4.625929269271487689E-15 ) ) ;
#8686 = DIRECTION ( 'NONE',  ( 4.625929269271487689E-15, 0.000000000000000000, 1.000000000000000000 ) ) ;
#8687 = EDGE_CURVE ( 'NONE', #1347, #2296, #960, .T. ) ;
#8688 = CARTESIAN_POINT ( 'NONE',  ( 76.00000000000001421, -0.001000000000000132727, -117.9999999999999716 ) ) ;
#8689 = VECTOR ( 'NONE', #5761, 1000.000000000000000 ) ;
#8690 = LINE ( 'NONE', #1211, #431 ) ;
#8691 = VERTEX_POINT ( 'NONE', #9180 ) ;
#8692 = CARTESIAN_POINT ( 'NONE',  ( 93.00000000000000000, 4.000000000000000000, -41.00000000000000000 ) ) ;
#8693 = ORIENTED_EDGE ( 'NONE', *, *, #2813, .F. ) ;
#8694 = VERTEX_POINT ( 'NONE', #4072 ) ;
#8695 = DIRECTION ( 'NONE',  ( -0.000000000000000000, -0.000000000000000000, 1.000000000000000000 ) ) ;
#8696 = FACE_OUTER_BOUND ( 'NONE', #9715, .T. ) ;
#8697 = LINE ( 'NONE', #6306, #3124 ) ;
#8698 = DIRECTION ( 'NONE',  ( 1.000000000000000000, 0.000000000000000000, -0.000000000000000000 ) ) ;
#8699 = PLANE ( 'NONE',  #2567 ) ;
#8700 = ORIENTED_EDGE ( 'NONE', *, *, #3997, .T. ) ;
#8701 = CARTESIAN_POINT ( 'NONE',  ( 23.00000000000000000, 29.00000000000000000, -44.00000000000000711 ) ) ;
#8702 = EDGE_CURVE ( 'NONE', #545, #2931, #177, .T. ) ;
#8703 = CARTESIAN_POINT ( 'NONE',  ( 142.0000000000000000, 0.000000000000000000, -133.9999999999999716 ) ) ;
#8704 = VECTOR ( 'NONE', #6804, 1000.000000000000000 ) ;
#8705 = ORIENTED_EDGE ( 'NONE', *, *, #7186, .F. ) ;
#8706 = DIRECTION ( 'NONE',  ( -0.000000000000000000, 1.000000000000000000, -0.000000000000000000 ) ) ;
#8707 = ADVANCED_FACE ( 'NONE', ( #2608 ), #1820, .F. ) ;
#8708 = LINE ( 'NONE', #8617, #8476 ) ;
#8709 = DIRECTION ( 'NONE',  ( 0.000000000000000000, 0.000000000000000000, 1.000000000000000000 ) ) ;
#8710 = ORIENTED_EDGE ( 'NONE', *, *, #3415, .T. ) ;
#8711 = EDGE_LOOP ( 'NONE', ( #5763, #4066, #2890, #3956 ) ) ;
#8712 = PLANE ( 'NONE',  #2711 ) ;
#8713 = UNCERTAINTY_MEASURE_WITH_UNIT (LENGTH_MEASURE( 1.000000000000000082E-05 ), #7798, 'distance_accuracy_value', 'NONE');
#8714 = LINE ( 'NONE', #4241, #2897 ) ;
#8715 = DIRECTION ( 'NONE',  ( 1.000000000000000000, -0.000000000000000000, -0.000000000000000000 ) ) ;
#8716 = ADVANCED_FACE ( 'NONE', ( #2462 ), #351, .F. ) ;
#8717 = CARTESIAN_POINT ( 'NONE',  ( 27.99999999999999645, 9.000000000000001776, -108.9999999999999858 ) ) ;
#8718 = EDGE_LOOP ( 'NONE', ( #8181, #2318, #923, #3212 ) ) ;
#8719 = CARTESIAN_POINT ( 'NONE',  ( 23.00000000000000000, 29.00000000000000000, -111.9999999999999858 ) ) ;
#8720 = VECTOR ( 'NONE', #6149, 1000.000000000000000 ) ;
#8721 = AXIS2_PLACEMENT_3D ( 'NONE', #2418, #6936, #5466 ) ;
#8722 = ORIENTED_EDGE ( 'NONE', *, *, #3364, .F. ) ;
#8723 = VERTEX_POINT ( 'NONE', #402 ) ;
#8724 = DIRECTION ( 'NONE',  ( -1.000000000000000000, 0.000000000000000000, 0.000000000000000000 ) ) ;
#8725 = FACE_OUTER_BOUND ( 'NONE', #6876, .T. ) ;
#8726 = LINE ( 'NONE', #2144, #1317 ) ;
#8727 = CARTESIAN_POINT ( 'NONE',  ( 174.0000000000000000, 4.000000000000000000, -133.9999999999999716 ) ) ;
#8728 = PLANE ( 'NONE',  #1631 ) ;
#8729 = DIRECTION ( 'NONE',  ( -1.000000000000000000, 0.000000000000000000, 0.000000000000000000 ) ) ;
#8730 = DIRECTION ( 'NONE',  ( 0.000000000000000000, 0.000000000000000000, -1.000000000000000000 ) ) ;
#8731 = ORIENTED_EDGE ( 'NONE', *, *, #8046, .F. ) ;
#8732 = CARTESIAN_POINT ( 'NONE',  ( 81.00000000000000000, 11.00000000000000000, -147.0010000000000048 ) ) ;
#8733 = EDGE_CURVE ( 'NONE', #6156, #630, #6449, .T. ) ;
#8734 = EDGE_CURVE ( 'NONE', #8596, #1025, #4549, .T. ) ;
#8735 = ORIENTED_EDGE ( 'NONE', *, *, #7785, .T. ) ;
#8736 = ORIENTED_EDGE ( 'NONE', *, *, #4345, .T. ) ;
#8737 = DIRECTION ( 'NONE',  ( 1.049727191138619805E-16, 0.5150380749100526012, -0.8571673007021132218 ) ) ;
#8738 = LINE ( 'NONE', #8881, #749 ) ;
#8739 = CIRCLE ( 'NONE', #2936, 3.000000000000002665 ) ;
#8740 = PLANE ( 'NONE',  #5811 ) ;
#8741 = CARTESIAN_POINT ( 'NONE',  ( 78.00000000000000000, 4.000000000000000000, -147.0010000000000048 ) ) ;
#8742 = DIRECTION ( 'NONE',  ( -0.000000000000000000, 1.000000000000000000, -0.000000000000000000 ) ) ;
#8743 = ORIENTED_EDGE ( 'NONE', *, *, #4395, .T. ) ;
#8744 = VECTOR ( 'NONE', #2748, 1000.000000000000000 ) ;
#8745 = DIRECTION ( 'NONE',  ( -1.000000000000000000, 0.000000000000000000, -0.000000000000000000 ) ) ;
#8746 = ADVANCED_FACE ( 'NONE', ( #7715 ), #7810, .F. ) ;
#8747 = DIRECTION ( 'NONE',  ( -0.000000000000000000, 1.000000000000000000, -0.000000000000000000 ) ) ;
#8748 = VERTEX_POINT ( 'NONE', #3386 ) ;
#8749 = DIRECTION ( 'NONE',  ( -1.000000000000000000, 0.000000000000000000, 0.000000000000000000 ) ) ;
#8750 = CARTESIAN_POINT ( 'NONE',  ( 27.00000000000000000, -0.001000000000000132727, -133.9999999999999716 ) ) ;
#8751 = EDGE_CURVE ( 'NONE', #1748, #4014, #9272, .T. ) ;
#8752 = FACE_OUTER_BOUND ( 'NONE', #5333, .T. ) ;
#8753 = FACE_OUTER_BOUND ( 'NONE', #1729, .T. ) ;
#8754 = ORIENTED_EDGE ( 'NONE', *, *, #624, .T. ) ;
#8755 = VERTEX_POINT ( 'NONE', #7071 ) ;
#8756 = DIRECTION ( 'NONE',  ( -0.000000000000000000, 1.000000000000000000, -0.000000000000000000 ) ) ;
#8757 = FACE_OUTER_BOUND ( 'NONE', #987, .T. ) ;
#8758 = ORIENTED_EDGE ( 'NONE', *, *, #7155, .T. ) ;
#8759 = ADVANCED_FACE ( 'NONE', ( #7856 ), #3340, .F. ) ;
#8760 = DIRECTION ( 'NONE',  ( 0.000000000000000000, 0.000000000000000000, -1.000000000000000000 ) ) ;
#8761 = DIRECTION ( 'NONE',  ( -0.000000000000000000, 1.000000000000000000, -0.000000000000000000 ) ) ;
#8762 = VERTEX_POINT ( 'NONE', #1166 ) ;
#8763 = DIRECTION ( 'NONE',  ( 0.000000000000000000, 0.000000000000000000, 1.000000000000000000 ) ) ;
#8764 = ORIENTED_EDGE ( 'NONE', *, *, #59, .T. ) ;
#8765 = ORIENTED_EDGE ( 'NONE', *, *, #8687, .T. ) ;
#8766 = DIRECTION ( 'NONE',  ( 0.000000000000000000, 0.000000000000000000, 1.000000000000000000 ) ) ;
#8767 = DIRECTION ( 'NONE',  ( 0.000000000000000000, 0.000000000000000000, 1.000000000000000000 ) ) ;
#8768 = FACE_OUTER_BOUND ( 'NONE', #5769, .T. ) ;
#8769 = FACE_BOUND ( 'NONE', #7630, .T. ) ;
#8770 = LINE ( 'NONE', #4955, #2417 ) ;
#8771 = CARTESIAN_POINT ( 'NONE',  ( 69.00000000000000000, 4.000000000000000000, -33.00000000000000711 ) ) ;
#8772 = DIRECTION ( 'NONE',  ( -1.000000000000000000, -0.000000000000000000, -0.000000000000000000 ) ) ;
#8773 = ORIENTED_EDGE ( 'NONE', *, *, #2734, .F. ) ;
#8774 = CYLINDRICAL_SURFACE ( 'NONE', #7114, 1.699999999999993072 ) ;
#8775 = EDGE_CURVE ( 'NONE', #2268, #8859, #7026, .T. ) ;
#8776 = VECTOR ( 'NONE', #9578, 1000.000000000000000 ) ;
#8777 = VERTEX_POINT ( 'NONE', #6346 ) ;
#8778 = ORIENTED_EDGE ( 'NONE', *, *, #6071, .F. ) ;
#8779 = ORIENTED_EDGE ( 'NONE', *, *, #5591, .F. ) ;
#8780 = LINE ( 'NONE', #8832, #1429 ) ;
#8781 = DIRECTION ( 'NONE',  ( 1.000000000000000000, 0.000000000000000000, -4.625929269271486900E-15 ) ) ;
#8782 = LINE ( 'NONE', #5895, #2677 ) ;
#8783 = CARTESIAN_POINT ( 'NONE',  ( 136.9999999999999432, 8.000000000000001776, -36.69999999999998153 ) ) ;
#8784 = LINE ( 'NONE', #455, #44 ) ;
#8785 = ORIENTED_EDGE ( 'NONE', *, *, #4027, .T. ) ;
#8786 = EDGE_CURVE ( 'NONE', #7647, #5441, #299, .T. ) ;
#8787 = FACE_BOUND ( 'NONE', #993, .T. ) ;
#8788 = FACE_OUTER_BOUND ( 'NONE', #5053, .T. ) ;
#8789 = VECTOR ( 'NONE', #5140, 1000.000000000000000 ) ;
#8790 = AXIS2_PLACEMENT_3D ( 'NONE', #8298, #4620, #4670 ) ;
#8791 = ORIENTED_EDGE ( 'NONE', *, *, #7741, .T. ) ;
#8792 = PLANE ( 'NONE',  #5524 ) ;
#8793 = EDGE_CURVE ( 'NONE', #8972, #4840, #1913, .T. ) ;
#8794 = CIRCLE ( 'NONE', #2691, 1.699999999999993072 ) ;
#8795 = DIRECTION ( 'NONE',  ( -2.168404344971008868E-16, -0.000000000000000000, -1.000000000000000000 ) ) ;
#8796 = PLANE ( 'NONE',  #6288 ) ;
#8797 = VECTOR ( 'NONE', #568, 1000.000000000000000 ) ;
#8798 = FACE_OUTER_BOUND ( 'NONE', #6207, .T. ) ;
#8799 = EDGE_CURVE ( 'NONE', #256, #7609, #8449, .T. ) ;
#8800 = VERTEX_POINT ( 'NONE', #1720 ) ;
#8801 = VERTEX_POINT ( 'NONE', #4713 ) ;
#8802 = LINE ( 'NONE', #2082, #6170 ) ;
#8803 = DIRECTION ( 'NONE',  ( -1.000000000000000000, 0.000000000000000000, 0.000000000000000000 ) ) ;
#8804 = VECTOR ( 'NONE', #4458, 1000.000000000000000 ) ;
#8805 = VECTOR ( 'NONE', #8072, 1000.000000000000000 ) ;
#8806 = VECTOR ( 'NONE', #4338, 1000.000000000000000 ) ;
#8807 = DIRECTION ( 'NONE',  ( 1.000000000000000000, 0.000000000000000000, -0.000000000000000000 ) ) ;
#8808 = CARTESIAN_POINT ( 'NONE',  ( 79.00000000000001421, 0.000000000000000000, -17.00000000000000000 ) ) ;
#8809 = VECTOR ( 'NONE', #2628, 1000.000000000000000 ) ;
#8810 = CARTESIAN_POINT ( 'NONE',  ( 153.0000000000000000, 0.000000000000000000, -133.9999999999999716 ) ) ;
#8811 = CIRCLE ( 'NONE', #4583, 1.700000000000007061 ) ;
#8812 = ORIENTED_EDGE ( 'NONE', *, *, #5688, .T. ) ;
#8813 = ADVANCED_FACE ( 'NONE', ( #5505 ), #8499, .F. ) ;
#8814 = ADVANCED_FACE ( 'NONE', ( #5698 ), #7990, .F. ) ;
#8815 =( BOUNDED_CURVE ( )  B_SPLINE_CURVE ( 3, ( #6973, #925, #1613, #8438 ),
 .UNSPECIFIED., .F., .F. ) 
 B_SPLINE_CURVE_WITH_KNOTS ( ( 4, 4 ),
 ( 0.000000000000000000, 1.570796326794896558 ),
 .UNSPECIFIED. ) 
 CURVE ( )  GEOMETRIC_REPRESENTATION_ITEM ( )  RATIONAL_B_SPLINE_CURVE ( ( 1.000000000000000000, 0.8047378541243649375, 0.8047378541243649375, 1.000000000000000000 ) ) 
 REPRESENTATION_ITEM ( '' )  );
#8816 = AXIS2_PLACEMENT_3D ( 'NONE', #3472, #8724, #8766 ) ;
#8817 = EDGE_LOOP ( 'NONE', ( #9288, #199, #6242 ) ) ;
#8818 = ORIENTED_EDGE ( 'NONE', *, *, #5285, .T. ) ;
#8819 = CARTESIAN_POINT ( 'NONE',  ( 236.9999999999999716, 4.000000000000000000, -2.000000000000000000 ) ) ;
#8820 = VECTOR ( 'NONE', #6741, 1000.000000000000000 ) ;
#8821 = LINE ( 'NONE', #5734, #497 ) ;
#8822 = DIRECTION ( 'NONE',  ( 4.625929269271487689E-15, 0.000000000000000000, 1.000000000000000000 ) ) ;
#8823 = FACE_BOUND ( 'NONE', #7650, .T. ) ;
#8824 = DIRECTION ( 'NONE',  ( 2.168404344971008128E-16, 0.000000000000000000, 1.000000000000000000 ) ) ;
#8825 = DIRECTION ( 'NONE',  ( -1.000000000000000000, -0.000000000000000000, -2.312964634635743450E-15 ) ) ;
#8826 = LINE ( 'NONE', #9703, #7181 ) ;
#8827 = ORIENTED_EDGE ( 'NONE', *, *, #7792, .T. ) ;
#8828 = CARTESIAN_POINT ( 'NONE',  ( 55.00000000000000711, -0.001000000000000132727, -33.00000000000000711 ) ) ;
#8829 = VERTEX_POINT ( 'NONE', #6431 ) ;
#8830 = EDGE_LOOP ( 'NONE', ( #9306, #4785, #3380, #6301 ) ) ;
#8831 = EDGE_LOOP ( 'NONE', ( #6008, #8337, #3935, #5133 ) ) ;
#8832 = CARTESIAN_POINT ( 'NONE',  ( 209.0000000000000000, 0.000000000000000000, -133.9999999999999716 ) ) ;
#8833 = LINE ( 'NONE', #2112, #287 ) ;
#8834 = PLANE ( 'NONE',  #6602 ) ;
#8835 = DIRECTION ( 'NONE',  ( -1.000000000000000000, 0.000000000000000000, 0.000000000000000000 ) ) ;
#8836 = ADVANCED_FACE ( 'NONE', ( #1254 ), #61, .F. ) ;
#8837 = PLANE ( 'NONE',  #3553 ) ;
#8838 = ORIENTED_EDGE ( 'NONE', *, *, #6762, .T. ) ;
#8839 = FACE_BOUND ( 'NONE', #9507, .T. ) ;
#8840 = CARTESIAN_POINT ( 'NONE',  ( 190.9999999999999432, 0.000000000000000000, -17.00000000000000000 ) ) ;
#8841 = AXIS2_PLACEMENT_3D ( 'NONE', #5387, #3316, #4747 ) ;
#8842 = VECTOR ( 'NONE', #3823, 1000.000000000000000 ) ;
#8843 = ORIENTED_EDGE ( 'NONE', *, *, #9028, .F. ) ;
#8844 = DIRECTION ( 'NONE',  ( -0.000000000000000000, -1.000000000000000000, -0.000000000000000000 ) ) ;
#8845 = VECTOR ( 'NONE', #5503, 1000.000000000000000 ) ;
#8846 = CARTESIAN_POINT ( 'NONE',  ( 197.9999999999999432, 0.000000000000000000, -33.00000000000000000 ) ) ;
#8847 = DIRECTION ( 'NONE',  ( -0.000000000000000000, 0.000000000000000000, 1.000000000000000000 ) ) ;
#8848 = DIRECTION ( 'NONE',  ( -2.168404344971008868E-16, -0.000000000000000000, -1.000000000000000000 ) ) ;
#8849 = ORIENTED_EDGE ( 'NONE', *, *, #5592, .F. ) ;
#8850 = ORIENTED_EDGE ( 'NONE', *, *, #7203, .F. ) ;
#8851 = DIRECTION ( 'NONE',  ( 1.000000000000000000, -0.000000000000000000, -0.000000000000000000 ) ) ;
#8852 = DIRECTION ( 'NONE',  ( -0.000000000000000000, 1.000000000000000000, -0.000000000000000000 ) ) ;
#8853 = EDGE_CURVE ( 'NONE', #6892, #1814, #2047, .T. ) ;
#8854 = ADVANCED_FACE ( 'NONE', ( #485 ), #7210, .T. ) ;
#8855 = EDGE_CURVE ( 'NONE', #7134, #4390, #8088, .T. ) ;
#8856 = DIRECTION ( 'NONE',  ( -1.000000000000000000, 0.000000000000000000, 0.000000000000000000 ) ) ;
#8857 = CARTESIAN_POINT ( 'NONE',  ( 198.0000000000000000, 0.000000000000000000, -133.9999999999999716 ) ) ;
#8858 = DIRECTION ( 'NONE',  ( -6.938893903907222461E-16, -0.000000000000000000, -1.000000000000000000 ) ) ;
#8859 = VERTEX_POINT ( 'NONE', #5833 ) ;
#8860 = ORIENTED_EDGE ( 'NONE', *, *, #6993, .F. ) ;
#8861 = ADVANCED_FACE ( 'NONE', ( #626 ), #9411, .F. ) ;
#8862 = EDGE_LOOP ( 'NONE', ( #1867, #3797 ) ) ;
#8863 = ORIENTED_EDGE ( 'NONE', *, *, #318, .F. ) ;
#8864 = CARTESIAN_POINT ( 'NONE',  ( 100.0000000000000000, 0.000000000000000000, -133.9999999999999716 ) ) ;
#8865 = DIRECTION ( 'NONE',  ( -0.000000000000000000, -1.000000000000000000, -0.000000000000000000 ) ) ;
#8866 = CARTESIAN_POINT ( 'NONE',  ( 93.00000000000000000, 4.000000000000000000, -41.00000000000000000 ) ) ;
#8867 = VECTOR ( 'NONE', #5063, 1000.000000000000000 ) ;
#8868 = CARTESIAN_POINT ( 'NONE',  ( 210.9999999999999716, 9.000000000000001776, -108.9999999999999858 ) ) ;
#8869 = EDGE_CURVE ( 'NONE', #5089, #4014, #2551, .T. ) ;
#8870 = DIRECTION ( 'NONE',  ( -0.000000000000000000, 1.000000000000000000, -0.000000000000000000 ) ) ;
#8871 = PLANE ( 'NONE',  #7720 ) ;
#8872 = VERTEX_POINT ( 'NONE', #581 ) ;
#8873 = DIRECTION ( 'NONE',  ( 1.000000000000000000, 0.000000000000000000, -4.625929269271487689E-15 ) ) ;
#8874 = VERTEX_POINT ( 'NONE', #538 ) ;
#8875 = DIRECTION ( 'NONE',  ( 0.000000000000000000, 0.000000000000000000, 1.000000000000000000 ) ) ;
#8876 = ORIENTED_EDGE ( 'NONE', *, *, #3592, .F. ) ;
#8877 = ORIENTED_EDGE ( 'NONE', *, *, #6472, .T. ) ;
#8878 = CARTESIAN_POINT ( 'NONE',  ( 102.0000000000000142, 8.000000000000001776, -33.30000000000001137 ) ) ;
#8879 = VECTOR ( 'NONE', #7178, 1000.000000000000000 ) ;
#8880 = LINE ( 'NONE', #3145, #2379 ) ;
#8881 = CARTESIAN_POINT ( 'NONE',  ( 62.00000000000000711, 0.000000000000000000, -117.9999999999999716 ) ) ;
#8882 = VECTOR ( 'NONE', #5306, 1000.000000000000000 ) ;
#8883 = ADVANCED_FACE ( 'NONE', ( #3569 ), #2696, .F. ) ;
#8884 = EDGE_CURVE ( 'NONE', #3985, #6545, #6623, .T. ) ;
#8885 = LINE ( 'NONE', #4274, #4723 ) ;
#8886 = DIRECTION ( 'NONE',  ( 0.000000000000000000, 0.000000000000000000, 1.000000000000000000 ) ) ;
#8887 = LINE ( 'NONE', #3630, #7795 ) ;
#8888 = VERTEX_POINT ( 'NONE', #4308 ) ;
#8889 = CARTESIAN_POINT ( 'NONE',  ( 7.670000000000010587, 0.000000000000000000, -8.749999999999998224 ) ) ;
#8890 = CARTESIAN_POINT ( 'NONE',  ( 163.0000000000000000, -0.001000000000000132727, -133.9999999999999716 ) ) ;
#8891 = ORIENTED_EDGE ( 'NONE', *, *, #1496, .T. ) ;
#8892 = CIRCLE ( 'NONE', #437, 3.000000000000002665 ) ;
#8893 = DIRECTION ( 'NONE',  ( 0.000000000000000000, 0.000000000000000000, 1.000000000000000000 ) ) ;
#8894 = CARTESIAN_POINT ( 'NONE',  ( 41.00000000000000000, 0.000000000000000000, -33.00000000000000711 ) ) ;
#8895 = LINE ( 'NONE', #8156, #3 ) ;
#8896 = VERTEX_POINT ( 'NONE', #9607 ) ;
#8897 = CARTESIAN_POINT ( 'NONE',  ( 183.9999999999999716, 4.000000000000000000, -17.00000000000000000 ) ) ;
#8898 = CARTESIAN_POINT ( 'NONE',  ( 97.00000000000000000, 4.000000000000000000, -133.9999999999999716 ) ) ;
#8899 = EDGE_CURVE ( 'NONE', #4668, #8762, #8042, .T. ) ;
#8900 = CARTESIAN_POINT ( 'NONE',  ( 134.9999999999999716, 0.000000000000000000, -133.9999999999999716 ) ) ;
#8901 = CARTESIAN_POINT ( 'NONE',  ( 211.9999999999999716, -0.001000000000000132727, -33.00000000000000000 ) ) ;
#8902 = CARTESIAN_POINT ( 'NONE',  ( 20.00000000000000000, 4.000000000000000000, -41.00000000000000000 ) ) ;
#8903 = EDGE_LOOP ( 'NONE', ( #8158, #2751, #4964, #2423 ) ) ;
#8904 = EDGE_LOOP ( 'NONE', ( #7172, #1203, #2850, #6458 ) ) ;
#8905 = EDGE_CURVE ( 'NONE', #6971, #5335, #2100, .T. ) ;
#8906 = EDGE_CURVE ( 'NONE', #9231, #4949, #8770, .T. ) ;
#8907 = CIRCLE ( 'NONE', #4687, 1.699999999999993072 ) ;
#8908 = ORIENTED_EDGE ( 'NONE', *, *, #8906, .T. ) ;
#8909 = ORIENTED_EDGE ( 'NONE', *, *, #2590, .F. ) ;
#8910 = AXIS2_PLACEMENT_3D ( 'NONE', #4927, #8698, #7920 ) ;
#8911 = LINE ( 'NONE', #9056, #6314 ) ;
#8912 = CARTESIAN_POINT ( 'NONE',  ( 113.9999999999999858, 0.000000000000000000, -117.9999999999999858 ) ) ;
#8913 = ADVANCED_FACE ( 'NONE', ( #6526 ), #8678, .F. ) ;
#8914 = DIRECTION ( 'NONE',  ( 0.000000000000000000, 0.000000000000000000, 1.000000000000000000 ) ) ;
#8915 = LINE ( 'NONE', #2147, #2833 ) ;
#8916 = ORIENTED_EDGE ( 'NONE', *, *, #2164, .F. ) ;
#8917 = CARTESIAN_POINT ( 'NONE',  ( 187.9999999999999432, 4.000000000000000000, -17.00000000000000000 ) ) ;
#8918 = EDGE_LOOP ( 'NONE', ( #3865, #8354, #7440, #8876 ) ) ;
#8919 = EDGE_CURVE ( 'NONE', #3873, #4958, #7946, .T. ) ;
#8920 = LINE ( 'NONE', #8828, #2863 ) ;
#8921 = EDGE_LOOP ( 'NONE', ( #2206, #9190, #4722, #6987 ) ) ;
#8922 = EDGE_LOOP ( 'NONE', ( #3761, #3163, #859, #9487 ) ) ;
#8923 = DIRECTION ( 'NONE',  ( -0.000000000000000000, 1.000000000000000000, -0.000000000000000000 ) ) ;
#8924 = DIRECTION ( 'NONE',  ( 1.000000000000000000, 0.000000000000000000, -4.625929269271486900E-15 ) ) ;
#8925 = CARTESIAN_POINT ( 'NONE',  ( 73.00000000000001421, 0.000000000000000000, -108.9999999999999858 ) ) ;
#8926 = DIRECTION ( 'NONE',  ( -1.000000000000000000, 0.000000000000000000, 0.000000000000000000 ) ) ;
#8927 = DIRECTION ( 'NONE',  ( 0.000000000000000000, 0.000000000000000000, -1.000000000000000000 ) ) ;
#8928 = DIRECTION ( 'NONE',  ( 1.000000000000000000, -0.000000000000000000, -0.000000000000000000 ) ) ;
#8929 = ORIENTED_EDGE ( 'NONE', *, *, #3684, .T. ) ;
#8930 = FACE_BOUND ( 'NONE', #5772, .T. ) ;
#8931 = VECTOR ( 'NONE', #9247, 1000.000000000000000 ) ;
#8932 = FACE_OUTER_BOUND ( 'NONE', #6920, .T. ) ;
#8933 = ADVANCED_FACE ( 'NONE', ( #9462 ), #8728, .F. ) ;
#8934 = ORIENTED_EDGE ( 'NONE', *, *, #4731, .F. ) ;
#8935 = VECTOR ( 'NONE', #8612, 1000.000000000000000 ) ;
#8936 = LINE ( 'NONE', #8987, #7391 ) ;
#8937 = ORIENTED_EDGE ( 'NONE', *, *, #2448, .F. ) ;
#8938 = CARTESIAN_POINT ( 'NONE',  ( 214.9999999999999716, 21.00000000000000000, -46.70000000000000284 ) ) ;
#8939 = CARTESIAN_POINT ( 'NONE',  ( 2.000000000000000000, 4.000000000000000000, -2.000000000000000000 ) ) ;
#8940 = ORIENTED_EDGE ( 'NONE', *, *, #2968, .F. ) ;
#8941 = CYLINDRICAL_SURFACE ( 'NONE', #3025, 1.750000000000001554 ) ;
#8942 = VECTOR ( 'NONE', #8639, 1000.000000000000000 ) ;
#8943 = VECTOR ( 'NONE', #4055, 1000.000000000000000 ) ;
#8944 = LINE ( 'NONE', #7434, #6163 ) ;
#8945 = DIRECTION ( 'NONE',  ( -2.168404344971008868E-16, 0.000000000000000000, -1.000000000000000000 ) ) ;
#8946 = VECTOR ( 'NONE', #2735, 1000.000000000000000 ) ;
#8947 = CARTESIAN_POINT ( 'NONE',  ( 118.0000000000000000, -0.001000000000000132727, -133.9999999999999716 ) ) ;
#8948 = FACE_OUTER_BOUND ( 'NONE', #6, .T. ) ;
#8949 = ORIENTED_EDGE ( 'NONE', *, *, #7976, .T. ) ;
#8950 = VERTEX_POINT ( 'NONE', #3084 ) ;
#8951 = EDGE_CURVE ( 'NONE', #8596, #7584, #6131, .T. ) ;
#8952 = AXIS2_PLACEMENT_3D ( 'NONE', #5738, #8729, #3528 ) ;
#8953 = VECTOR ( 'NONE', #7820, 1000.000000000000000 ) ;
#8954 = VECTOR ( 'NONE', #2128, 1000.000000000000000 ) ;
#8955 = CIRCLE ( 'NONE', #8659, 1.750000000000001554 ) ;
#8956 = ORIENTED_EDGE ( 'NONE', *, *, #4865, .F. ) ;
#8957 = EDGE_LOOP ( 'NONE', ( #4672, #4870, #2634, #7639 ) ) ;
#8958 = EDGE_CURVE ( 'NONE', #7105, #1377, #8533, .T. ) ;
#8959 = VECTOR ( 'NONE', #4410, 1000.000000000000000 ) ;
#8960 = LINE ( 'NONE', #818, #9571 ) ;
#8961 = CARTESIAN_POINT ( 'NONE',  ( 188.0000000000000000, -0.001000000000000132727, -133.9999999999999716 ) ) ;
#8962 = DIRECTION ( 'NONE',  ( 4.625929269271487689E-15, 0.000000000000000000, 1.000000000000000000 ) ) ;
#8963 = LINE ( 'NONE', #5245, #27 ) ;
#8964 = EDGE_LOOP ( 'NONE', ( #9552, #8148, #5627, #4516 ) ) ;
#8965 = CARTESIAN_POINT ( 'NONE',  ( 23.99999999999999289, 29.00000000000000000, -106.2999999999999972 ) ) ;
#8966 = ORIENTED_EDGE ( 'NONE', *, *, #9126, .F. ) ;
#8967 = CARTESIAN_POINT ( 'NONE',  ( 102.0000000000000142, 2.000000000000000000, -22.69999999999999218 ) ) ;
#8968 = VECTOR ( 'NONE', #6062, 1000.000000000000000 ) ;
#8969 = EDGE_CURVE ( 'NONE', #1054, #185, #1454, .T. ) ;
#8970 = VECTOR ( 'NONE', #313, 1000.000000000000000 ) ;
#8971 = ORIENTED_EDGE ( 'NONE', *, *, #4174, .F. ) ;
#8972 = VERTEX_POINT ( 'NONE', #7549 ) ;
#8973 = DIRECTION ( 'NONE',  ( 0.000000000000000000, 0.000000000000000000, -1.000000000000000000 ) ) ;
#8974 = EDGE_CURVE ( 'NONE', #8530, #2903, #6076, .T. ) ;
#8975 = EDGE_CURVE ( 'NONE', #6574, #7607, #821, .T. ) ;
#8976 = CARTESIAN_POINT ( 'NONE',  ( 62.00000000000000711, -0.001000000000000132727, -33.00000000000000711 ) ) ;
#8977 = LINE ( 'NONE', #4711, #8842 ) ;
#8978 = DIRECTION ( 'NONE',  ( -0.000000000000000000, 1.000000000000000000, -0.000000000000000000 ) ) ;
#8979 = CARTESIAN_POINT ( 'NONE',  ( 190.9999999999999432, 4.000000000000000000, -33.00000000000000000 ) ) ;
#8980 = CARTESIAN_POINT ( 'NONE',  ( 128.0000000000000000, -0.001000000000000132727, -117.9999999999999858 ) ) ;
#8981 = ORIENTED_EDGE ( 'NONE', *, *, #5622, .T. ) ;
#8982 = FACE_BOUND ( 'NONE', #3117, .T. ) ;
#8983 = VECTOR ( 'NONE', #6722, 1000.000000000000000 ) ;
#8984 = DIRECTION ( 'NONE',  ( -1.000000000000000000, 0.000000000000000000, -0.000000000000000000 ) ) ;
#8985 = VERTEX_POINT ( 'NONE', #6819 ) ;
#8986 = ORIENTED_EDGE ( 'NONE', *, *, #8969, .T. ) ;
#8987 = CARTESIAN_POINT ( 'NONE',  ( 23.00000000000000000, 13.99999999999997691, -48.99999999999997868 ) ) ;
#8988 = LINE ( 'NONE', #5268, #4855 ) ;
#8989 = DIRECTION ( 'NONE',  ( 1.000000000000000000, 0.000000000000000000, -4.625929269271487689E-15 ) ) ;
#8990 = EDGE_LOOP ( 'NONE', ( #4067, #4906, #5, #3042 ) ) ;
#8991 = CARTESIAN_POINT ( 'NONE',  ( 104.0000000000000000, -0.001000000000000132727, -133.9999999999999716 ) ) ;
#8992 = EDGE_CURVE ( 'NONE', #4524, #2937, #7449, .T. ) ;
#8993 = VERTEX_POINT ( 'NONE', #1549 ) ;
#8994 = VECTOR ( 'NONE', #2760, 1000.000000000000000 ) ;
#8995 = CARTESIAN_POINT ( 'NONE',  ( 146.0000000000000284, 4.000000000000000000, -133.9999999999999716 ) ) ;
#8996 = CARTESIAN_POINT ( 'NONE',  ( 139.0000000000000000, 4.000000000000000000, -117.9999999999999716 ) ) ;
#8997 = ORIENTED_EDGE ( 'NONE', *, *, #8567, .T. ) ;
#8998 = ORIENTED_EDGE ( 'NONE', *, *, #6595, .T. ) ;
#8999 = EDGE_CURVE ( 'NONE', #6384, #4489, #5564, .T. ) ;
#9000 = LINE ( 'NONE', #5177, #7444 ) ;
#9001 = CARTESIAN_POINT ( 'NONE',  ( 211.9999999999999716, -0.001000000000000132727, -17.00000000000000000 ) ) ;
#9002 = CARTESIAN_POINT ( 'NONE',  ( 204.9999999999999716, 4.000000000000000000, -33.00000000000000000 ) ) ;
#9003 = VERTEX_POINT ( 'NONE', #4448 ) ;
#9004 = ORIENTED_EDGE ( 'NONE', *, *, #3176, .F. ) ;
#9005 = ORIENTED_EDGE ( 'NONE', *, *, #5973, .F. ) ;
#9006 = EDGE_CURVE ( 'NONE', #3242, #5284, #5340, .T. ) ;
#9007 = ORIENTED_EDGE ( 'NONE', *, *, #6424, .T. ) ;
#9008 = CARTESIAN_POINT ( 'NONE',  ( 34.00000000000000000, 0.000000000000000000, -33.00000000000000711 ) ) ;
#9009 = DIRECTION ( 'NONE',  ( 1.000000000000000000, 0.000000000000000000, -4.625929269271487689E-15 ) ) ;
#9010 = DIRECTION ( 'NONE',  ( -0.000000000000000000, 1.000000000000000000, -0.000000000000000000 ) ) ;
#9011 = VERTEX_POINT ( 'NONE', #8390 ) ;
#9012 = LINE ( 'NONE', #3086, #1993 ) ;
#9013 = VERTEX_POINT ( 'NONE', #1610 ) ;
#9014 = DIRECTION ( 'NONE',  ( 0.000000000000000000, -0.000000000000000000, -1.000000000000000000 ) ) ;
#9015 = VERTEX_POINT ( 'NONE', #1501 ) ;
#9016 = VERTEX_POINT ( 'NONE', #725 ) ;
#9017 = FACE_OUTER_BOUND ( 'NONE', #4749, .T. ) ;
#9018 = AXIS2_PLACEMENT_3D ( 'NONE', #6205, #5415, #6781 ) ;
#9019 = CARTESIAN_POINT ( 'NONE',  ( 225.7699999999999818, 2.000000000000000000, -139.9999999999999716 ) ) ;
#9020 = DIRECTION ( 'NONE',  ( -2.168404344971008868E-16, -0.000000000000000000, -1.000000000000000000 ) ) ;
#9021 = CYLINDRICAL_SURFACE ( 'NONE', #510, 1.750000000000001554 ) ;
#9022 = CARTESIAN_POINT ( 'NONE',  ( 76.00000000000001421, 0.000000000000000000, -33.00000000000000711 ) ) ;
#9023 = CARTESIAN_POINT ( 'NONE',  ( 7.669999999999999929, 4.000000000000000000, -141.7500000000000000 ) ) ;
#9024 = DIRECTION ( 'NONE',  ( 1.000000000000000000, 0.000000000000000000, 0.000000000000000000 ) ) ;
#9025 = EDGE_LOOP ( 'NONE', ( #6631, #4265, #3996, #5057 ) ) ;
#9026 = DIRECTION ( 'NONE',  ( 0.000000000000000000, 0.000000000000000000, 1.000000000000000000 ) ) ;
#9027 = ADVANCED_FACE ( 'NONE', ( #7654 ), #4600, .F. ) ;
#9028 = EDGE_CURVE ( 'NONE', #130, #6892, #1460, .T. ) ;
#9029 = DIRECTION ( 'NONE',  ( 0.000000000000000000, 1.000000000000000000, 0.000000000000000000 ) ) ;
#9030 = ORIENTED_EDGE ( 'NONE', *, *, #7861, .T. ) ;
#9031 = CIRCLE ( 'NONE', #4823, 3.000000000000002665 ) ;
#9032 = ORIENTED_EDGE ( 'NONE', *, *, #3408, .T. ) ;
#9033 = DIRECTION ( 'NONE',  ( -0.000000000000000000, 1.000000000000000000, -0.000000000000000000 ) ) ;
#9034 = VERTEX_POINT ( 'NONE', #4648 ) ;
#9035 = CARTESIAN_POINT ( 'NONE',  ( 214.9999999999999716, 29.00000000000000000, -45.00000000000000000 ) ) ;
#9036 = CARTESIAN_POINT ( 'NONE',  ( 176.9999999999999716, 4.000000000000000000, -33.00000000000000000 ) ) ;
#9037 = ORIENTED_EDGE ( 'NONE', *, *, #9159, .T. ) ;
#9038 = EDGE_CURVE ( 'NONE', #5013, #5494, #2975, .T. ) ;
#9039 = ORIENTED_EDGE ( 'NONE', *, *, #8733, .T. ) ;
#9040 = DIRECTION ( 'NONE',  ( -0.000000000000000000, 1.000000000000000000, -0.000000000000000000 ) ) ;
#9041 = CARTESIAN_POINT ( 'NONE',  ( 204.9999999999999716, 0.000000000000000000, -33.00000000000000000 ) ) ;
#9042 = ORIENTED_EDGE ( 'NONE', *, *, #174, .T. ) ;
#9043 = EDGE_LOOP ( 'NONE', ( #4563, #5324, #8308, #2546 ) ) ;
#9044 = DIRECTION ( 'NONE',  ( 0.000000000000000000, 0.000000000000000000, 1.000000000000000000 ) ) ;
#9045 = ADVANCED_FACE ( 'NONE', ( #5972 ), #2287, .F. ) ;
#9046 = DIRECTION ( 'NONE',  ( -2.168404344971008868E-16, 0.000000000000000000, -1.000000000000000000 ) ) ;
#9047 = CARTESIAN_POINT ( 'NONE',  ( 238.9999999999999716, 4.000000000000000000, -145.0000000000000000 ) ) ;
#9048 = FACE_BOUND ( 'NONE', #2288, .T. ) ;
#9049 = VECTOR ( 'NONE', #243, 1000.000000000000000 ) ;
#9050 = CARTESIAN_POINT ( 'NONE',  ( 27.00000000000000355, -0.001000000000000132727, -17.00000000000000000 ) ) ;
#9051 = ORIENTED_EDGE ( 'NONE', *, *, #8571, .T. ) ;
#9052 = ORIENTED_EDGE ( 'NONE', *, *, #9188, .F. ) ;
#9053 = EDGE_CURVE ( 'NONE', #6477, #4677, #3035, .T. ) ;
#9054 = ORIENTED_EDGE ( 'NONE', *, *, #3544, .T. ) ;
#9055 = ORIENTED_EDGE ( 'NONE', *, *, #2476, .F. ) ;
#9056 = CARTESIAN_POINT ( 'NONE',  ( 167.0000000000000000, 4.000000000000000000, -133.9999999999999716 ) ) ;
#9057 = CARTESIAN_POINT ( 'NONE',  ( 172.2500000000000000, 18.00000000000000355, -111.9999999999999858 ) ) ;
#9058 = CARTESIAN_POINT ( 'NONE',  ( 135.7199999999999704, 0.000000000000000000, -97.99999999999998579 ) ) ;
#9059 = ORIENTED_EDGE ( 'NONE', *, *, #4848, .F. ) ;
#9060 = ORIENTED_EDGE ( 'NONE', *, *, #3307, .F. ) ;
#9061 = CARTESIAN_POINT ( 'NONE',  ( 37.00000000000000711, -0.001000000000000132727, -17.00000000000000000 ) ) ;
#9062 = ORIENTED_EDGE ( 'NONE', *, *, #8046, .T. ) ;
#9063 = VECTOR ( 'NONE', #35, 1000.000000000000000 ) ;
#9064 = FACE_OUTER_BOUND ( 'NONE', #4653, .T. ) ;
#9065 = AXIS2_PLACEMENT_3D ( 'NONE', #4520, #794, #655 ) ;
#9066 = EDGE_LOOP ( 'NONE', ( #5006, #2341, #9573, #9055 ) ) ;
#9067 = EDGE_LOOP ( 'NONE', ( #6840, #3030, #410, #6864 ) ) ;
#9068 = CARTESIAN_POINT ( 'NONE',  ( 0.000000000000000000, 4.000000000000000000, -2.000000000000000000 ) ) ;
#9069 = CARTESIAN_POINT ( 'NONE',  ( 51.00000000000000711, 0.000000000000000000, -133.9999999999999716 ) ) ;
#9070 = CARTESIAN_POINT ( 'NONE',  ( 160.0000000000000000, -0.001000000000000132727, -133.9999999999999716 ) ) ;
#9071 = LINE ( 'NONE', #1624, #9436 ) ;
#9072 = DIRECTION ( 'NONE',  ( 1.000000000000000000, 0.000000000000000000, -4.625929269271487689E-15 ) ) ;
#9073 = CARTESIAN_POINT ( 'NONE',  ( 210.9999999999999716, 9.000000000000001776, -108.9999999999999858 ) ) ;
#9074 = DIRECTION ( 'NONE',  ( -2.168404344971008868E-16, -0.000000000000000000, -1.000000000000000000 ) ) ;
#9075 = VERTEX_POINT ( 'NONE', #8228 ) ;
#9076 = ADVANCED_FACE ( 'NONE', ( #5399 ), #3760, .F. ) ;
#9077 = DIRECTION ( 'NONE',  ( -2.168404344971008868E-16, 0.000000000000000000, -1.000000000000000000 ) ) ;
#9078 = DIRECTION ( 'NONE',  ( 0.000000000000000000, 0.000000000000000000, -1.000000000000000000 ) ) ;
#9079 = ORIENTED_EDGE ( 'NONE', *, *, #4496, .F. ) ;
#9080 = EDGE_LOOP ( 'NONE', ( #1320, #8534, #2440, #2772 ) ) ;
#9081 = LINE ( 'NONE', #9286, #6462 ) ;
#9082 = EDGE_CURVE ( 'NONE', #6626, #5089, #5926, .T. ) ;
#9083 = CARTESIAN_POINT ( 'NONE',  ( 0.000000000000000000, 0.000000000000000000, -2.000000000000000000 ) ) ;
#9084 = ORIENTED_EDGE ( 'NONE', *, *, #1910, .T. ) ;
#9085 = CARTESIAN_POINT ( 'NONE',  ( 41.00000000000000000, -0.001000000000000132727, -133.9999999999999716 ) ) ;
#9086 = ORIENTED_EDGE ( 'NONE', *, *, #6352, .F. ) ;
#9087 = ORIENTED_EDGE ( 'NONE', *, *, #319, .F. ) ;
#9088 = CARTESIAN_POINT ( 'NONE',  ( 111.0000000000000000, 0.000000000000000000, -117.9999999999999716 ) ) ;
#9089 = CARTESIAN_POINT ( 'NONE',  ( 90.00000000000000000, 11.00000000000000000, -41.00000000000000711 ) ) ;
#9090 = ORIENTED_EDGE ( 'NONE', *, *, #8079, .F. ) ;
#9091 = ORIENTED_EDGE ( 'NONE', *, *, #2674, .T. ) ;
#9092 = EDGE_CURVE ( 'NONE', #6541, #8508, #8370, .T. ) ;
#9093 = VECTOR ( 'NONE', #2879, 1000.000000000000000 ) ;
#9094 = CARTESIAN_POINT ( 'NONE',  ( 190.9999999999999432, 4.000000000000000000, -17.00000000000000000 ) ) ;
#9095 = MANIFOLD_SOLID_BREP ( 'Verrundung4', #4463 ) ;
#9096 = DIRECTION ( 'NONE',  ( -2.168404344971008868E-16, -0.000000000000000000, -1.000000000000000000 ) ) ;
#9097 = ADVANCED_FACE ( 'NONE', ( #4059, #3964 ), #8582, .T. ) ;
#9098 = LINE ( 'NONE', #9246, #5375 ) ;
#9099 = CARTESIAN_POINT ( 'NONE',  ( 34.00000000000000000, -0.001000000000000132727, -133.9999999999999716 ) ) ;
#9100 = VECTOR ( 'NONE', #1562, 1000.000000000000000 ) ;
#9101 = DIRECTION ( 'NONE',  ( -0.000000000000000000, -0.000000000000000000, -1.000000000000000000 ) ) ;
#9102 = ORIENTED_EDGE ( 'NONE', *, *, #7473, .T. ) ;
#9103 = ORIENTED_EDGE ( 'NONE', *, *, #5083, .F. ) ;
#9104 = VECTOR ( 'NONE', #4662, 1000.000000000000000 ) ;
#9105 = AXIS2_PLACEMENT_3D ( 'NONE', #8357, #7671, #8503 ) ;
#9106 = ORIENTED_EDGE ( 'NONE', *, *, #2314, .T. ) ;
#9107 = ORIENTED_EDGE ( 'NONE', *, *, #5649, .T. ) ;
#9108 = CARTESIAN_POINT ( 'NONE',  ( 111.0000000000000000, -0.001000000000000132727, -133.9999999999999716 ) ) ;
#9109 = CARTESIAN_POINT ( 'NONE',  ( 176.9999999999999716, 0.000000000000000000, -33.00000000000000000 ) ) ;
#9110 = ADVANCED_FACE ( 'NONE', ( #9211 ), #4900, .F. ) ;
#9111 = VECTOR ( 'NONE', #1580, 1000.000000000000000 ) ;
#9112 = VECTOR ( 'NONE', #3491, 1000.000000000000000 ) ;
#9113 = DIRECTION ( 'NONE',  ( 1.000000000000000000, 0.000000000000000000, 0.000000000000000000 ) ) ;
#9114 = ORIENTED_EDGE ( 'NONE', *, *, #705, .F. ) ;
#9115 = ORIENTED_EDGE ( 'NONE', *, *, #949, .F. ) ;
#9116 = DIRECTION ( 'NONE',  ( -0.000000000000000000, 1.000000000000000000, -0.000000000000000000 ) ) ;
#9117 = VERTEX_POINT ( 'NONE', #333 ) ;
#9118 = VECTOR ( 'NONE', #2227, 1000.000000000000000 ) ;
#9119 = EDGE_CURVE ( 'NONE', #4014, #4332, #7013, .T. ) ;
#9120 = LINE ( 'NONE', #2454, #681 ) ;
#9121 = AXIS2_PLACEMENT_3D ( 'NONE', #5409, #9320, #2603 ) ;
#9122 = ORIENTED_EDGE ( 'NONE', *, *, #1028, .F. ) ;
#9123 = ORIENTED_EDGE ( 'NONE', *, *, #9500, .F. ) ;
#9124 = VECTOR ( 'NONE', #7480, 1000.000000000000000 ) ;
#9125 = CARTESIAN_POINT ( 'NONE',  ( 163.0000000000000000, 0.000000000000000000, -133.9999999999999716 ) ) ;
#9126 = EDGE_CURVE ( 'NONE', #6519, #5320, #922, .T. ) ;
#9127 = CARTESIAN_POINT ( 'NONE',  ( 160.0000000000000000, -0.001000000000000132727, -133.9999999999999716 ) ) ;
#9128 = LINE ( 'NONE', #6727, #7597 ) ;
#9129 = CARTESIAN_POINT ( 'NONE',  ( 210.9999999999999716, 29.00000000000000000, -108.9999999999999858 ) ) ;
#9130 = FACE_OUTER_BOUND ( 'NONE', #8831, .T. ) ;
#9131 = DIRECTION ( 'NONE',  ( 0.000000000000000000, 0.000000000000000000, -1.000000000000000000 ) ) ;
#9132 = CARTESIAN_POINT ( 'NONE',  ( 214.9999999999999716, 29.00000000000000000, -107.9999999999999858 ) ) ;
#9133 = ORIENTED_EDGE ( 'NONE', *, *, #9395, .F. ) ;
#9134 = AXIS2_PLACEMENT_3D ( 'NONE', #5481, #6117, #4344 ) ;
#9135 = CIRCLE ( 'NONE', #1137, 3.000000000000002665 ) ;
#9136 = DIRECTION ( 'NONE',  ( 1.000000000000000000, 0.000000000000000000, -4.625929269271486900E-15 ) ) ;
#9137 = VERTEX_POINT ( 'NONE', #5640 ) ;
#9138 = ORIENTED_EDGE ( 'NONE', *, *, #9226, .T. ) ;
#9139 = CARTESIAN_POINT ( 'NONE',  ( 170.0000000000000000, 4.000000000000000000, -133.9999999999999716 ) ) ;
#9140 = CARTESIAN_POINT ( 'NONE',  ( 135.7199999999999704, 6.000000000000000000, -97.99999999999998579 ) ) ;
#9141 = VECTOR ( 'NONE', #7475, 1000.000000000000000 ) ;
#9142 = ORIENTED_EDGE ( 'NONE', *, *, #2, .F. ) ;
#9143 = VECTOR ( 'NONE', #8093, 1000.000000000000000 ) ;
#9144 = CARTESIAN_POINT ( 'NONE',  ( 30.00000000000000355, -0.000000000000000000, -17.00000000000000000 ) ) ;
#9145 = ORIENTED_EDGE ( 'NONE', *, *, #2277, .F. ) ;
#9146 = CARTESIAN_POINT ( 'NONE',  ( 98.00000000000000000, 4.000000000000000000, -41.00000000000000000 ) ) ;
#9147 = DIRECTION ( 'NONE',  ( -0.000000000000000000, 1.000000000000000000, -0.000000000000000000 ) ) ;
#9148 = VECTOR ( 'NONE', #240, 1000.000000000000000 ) ;
#9149 = ORIENTED_EDGE ( 'NONE', *, *, #4704, .F. ) ;
#9150 = VERTEX_POINT ( 'NONE', #5449 ) ;
#9151 = CARTESIAN_POINT ( 'NONE',  ( 41.00000000000000000, -0.001000000000000132727, -133.9999999999999716 ) ) ;
#9152 = LINE ( 'NONE', #861, #6388 ) ;
#9153 = FACE_OUTER_BOUND ( 'NONE', #9067, .T. ) ;
#9154 = AXIS2_PLACEMENT_3D ( 'NONE', #6609, #5819, #616 ) ;
#9155 = CARTESIAN_POINT ( 'NONE',  ( 98.00000000000000000, 4.000000000000000000, -15.00000000000000000 ) ) ;
#9156 = FACE_OUTER_BOUND ( 'NONE', #7999, .T. ) ;
#9157 = VERTEX_POINT ( 'NONE', #6189 ) ;
#9158 = EDGE_LOOP ( 'NONE', ( #7499, #3456, #5529, #8529 ) ) ;
#9159 = EDGE_CURVE ( 'NONE', #5515, #5704, #5234, .T. ) ;
#9160 = ADVANCED_FACE ( 'NONE', ( #3911 ), #2596, .F. ) ;
#9161 = ADVANCED_FACE ( 'NONE', ( #8482 ), #1106, .F. ) ;
#9162 = VECTOR ( 'NONE', #8848, 1000.000000000000000 ) ;
#9163 = ORIENTED_EDGE ( 'NONE', *, *, #4559, .T. ) ;
#9164 = ORIENTED_EDGE ( 'NONE', *, *, #8855, .T. ) ;
#9165 = CARTESIAN_POINT ( 'NONE',  ( 23.00000000000000000, 4.000000000000000000, -111.9999999999999858 ) ) ;
#9166 = LINE ( 'NONE', #6233, #3933 ) ;
#9167 = VERTEX_POINT ( 'NONE', #3190 ) ;
#9168 = ORIENTED_EDGE ( 'NONE', *, *, #2502, .F. ) ;
#9169 = LINE ( 'NONE', #7704, #6251 ) ;
#9170 = EDGE_CURVE ( 'NONE', #5251, #2651, #389, .T. ) ;
#9171 = FACE_BOUND ( 'NONE', #91, .T. ) ;
#9172 = VECTOR ( 'NONE', #3372, 1000.000000000000000 ) ;
#9173 = VERTEX_POINT ( 'NONE', #6378 ) ;
#9174 = ORIENTED_EDGE ( 'NONE', *, *, #6527, .T. ) ;
#9175 = DIRECTION ( 'NONE',  ( 1.000000000000000000, 0.000000000000000000, -4.625929269271486900E-15 ) ) ;
#9176 = EDGE_CURVE ( 'NONE', #5389, #9150, #972, .T. ) ;
#9177 = DIRECTION ( 'NONE',  ( -0.000000000000000000, -1.000000000000000000, -0.000000000000000000 ) ) ;
#9178 = CARTESIAN_POINT ( 'NONE',  ( 140.9999999999999716, 8.000000000000000000, -15.00000000000000000 ) ) ;
#9179 = FACE_OUTER_BOUND ( 'NONE', #4602, .T. ) ;
#9180 = CARTESIAN_POINT ( 'NONE',  ( 25.00000000000000355, 13.99999999999997691, -48.99999999999997868 ) ) ;
#9181 = CARTESIAN_POINT ( 'NONE',  ( 23.99999999999999289, 29.00000000000000000, -106.2999999999999972 ) ) ;
#9182 = LINE ( 'NONE', #3880, #9358 ) ;
#9183 = ORIENTED_EDGE ( 'NONE', *, *, #1682, .F. ) ;
#9184 = CARTESIAN_POINT ( 'NONE',  ( 176.9999999999999716, 0.000000000000000000, -33.00000000000000000 ) ) ;
#9185 = ORIENTED_EDGE ( 'NONE', *, *, #4404, .F. ) ;
#9186 = ORIENTED_EDGE ( 'NONE', *, *, #4599, .T. ) ;
#9187 = EDGE_CURVE ( 'NONE', #1377, #6080, #2638, .T. ) ;
#9188 = EDGE_CURVE ( 'NONE', #6626, #1366, #3419, .T. ) ;
#9189 = CARTESIAN_POINT ( 'NONE',  ( 102.0000000000000142, 2.000000000000000000, -36.69999999999999574 ) ) ;
#9190 = ORIENTED_EDGE ( 'NONE', *, *, #2221, .T. ) ;
#9191 = DIRECTION ( 'NONE',  ( 2.168404344971008128E-16, 0.000000000000000000, 1.000000000000000000 ) ) ;
#9192 = LINE ( 'NONE', #7921, #8524 ) ;
#9193 = ORIENTED_EDGE ( 'NONE', *, *, #8117, .F. ) ;
#9194 = VECTOR ( 'NONE', #6985, 1000.000000000000000 ) ;
#9195 = LINE ( 'NONE', #316, #8332 ) ;
#9196 = LINE ( 'NONE', #5479, #3008 ) ;
#9197 = ORIENTED_EDGE ( 'NONE', *, *, #521, .T. ) ;
#9198 = LINE ( 'NONE', #3850, #8968 ) ;
#9199 = DIRECTION ( 'NONE',  ( -0.000000000000000000, 1.000000000000000000, -0.000000000000000000 ) ) ;
#9200 = CARTESIAN_POINT ( 'NONE',  ( 176.9999999999999716, 4.000000000000000000, -17.00000000000000000 ) ) ;
#9201 = FACE_BOUND ( 'NONE', #6093, .T. ) ;
#9202 = DIRECTION ( 'NONE',  ( 0.000000000000000000, 0.000000000000000000, -1.000000000000000000 ) ) ;
#9203 = ORIENTED_EDGE ( 'NONE', *, *, #4842, .T. ) ;
#9204 = ORIENTED_EDGE ( 'NONE', *, *, #8285, .F. ) ;
#9205 = EDGE_CURVE ( 'NONE', #89, #4177, #525, .T. ) ;
#9206 = ORIENTED_EDGE ( 'NONE', *, *, #6543, .T. ) ;
#9207 = VECTOR ( 'NONE', #5248, 1000.000000000000000 ) ;
#9208 = DIRECTION ( 'NONE',  ( 0.000000000000000000, 0.000000000000000000, 1.000000000000000000 ) ) ;
#9209 = CARTESIAN_POINT ( 'NONE',  ( 180.9999999999999716, -0.001000000000000132727, -17.00000000000000000 ) ) ;
#9210 = EDGE_CURVE ( 'NONE', #727, #4782, #8030, .T. ) ;
#9211 = FACE_OUTER_BOUND ( 'NONE', #2789, .T. ) ;
#9212 = EDGE_CURVE ( 'NONE', #39, #6073, #3557, .T. ) ;
#9213 = EDGE_LOOP ( 'NONE', ( #8410, #2535 ) ) ;
#9214 = VECTOR ( 'NONE', #4317, 1000.000000000000000 ) ;
#9215 = VERTEX_POINT ( 'NONE', #6560 ) ;
#9216 = CARTESIAN_POINT ( 'NONE',  ( 187.9999999999999432, 0.000000000000000000, -17.00000000000000000 ) ) ;
#9217 = DIRECTION ( 'NONE',  ( 0.000000000000000000, 0.000000000000000000, 1.000000000000000000 ) ) ;
#9218 = VERTEX_POINT ( 'NONE', #8810 ) ;
#9219 = EDGE_LOOP ( 'NONE', ( #2275, #4236, #2005 ) ) ;
#9220 = PLANE ( 'NONE',  #6784 ) ;
#9221 = EDGE_CURVE ( 'NONE', #1215, #3242, #4339, .T. ) ;
#9222 = DIRECTION ( 'NONE',  ( 0.000000000000000000, 1.000000000000000000, 0.000000000000000000 ) ) ;
#9223 = DIRECTION ( 'NONE',  ( -0.000000000000000000, 1.000000000000000000, -0.000000000000000000 ) ) ;
#9224 = LINE ( 'NONE', #2506, #977 ) ;
#9225 = CARTESIAN_POINT ( 'NONE',  ( 153.0000000000000000, -0.001000000000000132727, -117.9999999999999716 ) ) ;
#9226 = EDGE_CURVE ( 'NONE', #6165, #9157, #4946, .T. ) ;
#9227 = LINE ( 'NONE', #8242, #1188 ) ;
#9228 = CARTESIAN_POINT ( 'NONE',  ( 180.9999999999999716, 0.000000000000000000, -17.00000000000000000 ) ) ;
#9229 = ORIENTED_EDGE ( 'NONE', *, *, #9564, .F. ) ;
#9230 = DIRECTION ( 'NONE',  ( -2.168404344971008868E-16, -0.000000000000000000, -1.000000000000000000 ) ) ;
#9231 = VERTEX_POINT ( 'NONE', #4298 ) ;
#9232 = VERTEX_POINT ( 'NONE', #9593 ) ;
#9233 = DIRECTION ( 'NONE',  ( 1.000000000000000000, 0.000000000000000000, -4.625929269271486900E-15 ) ) ;
#9234 = CARTESIAN_POINT ( 'NONE',  ( 77.71999999999999886, 0.000000000000000000, -99.74999999999998579 ) ) ;
#9235 = EDGE_LOOP ( 'NONE', ( #9596, #7985, #5149, #9115 ) ) ;
#9236 = DIRECTION ( 'NONE',  ( 1.000000000000000000, 0.000000000000000000, -4.625929269271487689E-15 ) ) ;
#9237 = EDGE_CURVE ( 'NONE', #939, #6394, #2680, .T. ) ;
#9238 = LINE ( 'NONE', #5523, #8970 ) ;
#9239 = ORIENTED_EDGE ( 'NONE', *, *, #6325, .F. ) ;
#9240 = CYLINDRICAL_SURFACE ( 'NONE', #4739, 3.000000000000002665 ) ;
#9241 = ADVANCED_FACE ( 'NONE', ( #1241 ), #7890, .T. ) ;
#9242 = CARTESIAN_POINT ( 'NONE',  ( 180.9999999999999716, 4.000000000000000000, -33.00000000000000000 ) ) ;
#9243 = ORIENTED_EDGE ( 'NONE', *, *, #758, .T. ) ;
#9244 = CARTESIAN_POINT ( 'NONE',  ( 220.9999999999999716, 4.000000000000000000, -136.9999999999999716 ) ) ;
#9245 = EDGE_CURVE ( 'NONE', #8373, #4141, #7293, .T. ) ;
#9246 = CARTESIAN_POINT ( 'NONE',  ( 153.0000000000000000, 0.000000000000000000, -133.9999999999999716 ) ) ;
#9247 = DIRECTION ( 'NONE',  ( 1.000000000000000000, 0.000000000000000000, 0.000000000000000000 ) ) ;
#9248 = DIRECTION ( 'NONE',  ( -1.000000000000000000, 0.000000000000000000, 0.000000000000000000 ) ) ;
#9249 = ORIENTED_EDGE ( 'NONE', *, *, #6463, .T. ) ;
#9250 = ORIENTED_EDGE ( 'NONE', *, *, #1725, .T. ) ;
#9251 = VECTOR ( 'NONE', #5096, 1000.000000000000000 ) ;
#9252 = ORIENTED_EDGE ( 'NONE', *, *, #6577, .F. ) ;
#9253 = AXIS2_PLACEMENT_3D ( 'NONE', #58, #7469, #7368 ) ;
#9254 = CARTESIAN_POINT ( 'NONE',  ( 77.71999999999999886, 4.000000000000000000, -97.99999999999998579 ) ) ;
#9255 = DIRECTION ( 'NONE',  ( -1.000000000000000000, -0.000000000000000000, -2.312964634635743450E-15 ) ) ;
#9256 = EDGE_CURVE ( 'NONE', #6073, #1396, #5726, .T. ) ;
#9257 = FILL_AREA_STYLE ('',( #2544 ) ) ;
#9258 = ORIENTED_EDGE ( 'NONE', *, *, #7372, .F. ) ;
#9259 = VERTEX_POINT ( 'NONE', #2771 ) ;
#9260 = CARTESIAN_POINT ( 'NONE',  ( 162.9999999999999432, 4.000000000000000000, -33.00000000000000000 ) ) ;
#9261 = CARTESIAN_POINT ( 'NONE',  ( 156.0000000000000000, 0.000000000000000000, -133.9999999999999716 ) ) ;
#9262 = CIRCLE ( 'NONE', #8160, 1.699999999999993072 ) ;
#9263 = VECTOR ( 'NONE', #5567, 1000.000000000000000 ) ;
#9264 = EDGE_CURVE ( 'NONE', #9232, #1604, #230, .T. ) ;
#9265 = ORIENTED_EDGE ( 'NONE', *, *, #7561, .F. ) ;
#9266 = ORIENTED_EDGE ( 'NONE', *, *, #7174, .F. ) ;
#9267 = LINE ( 'NONE', #7805, #7879 ) ;
#9268 = DIRECTION ( 'NONE',  ( -0.000000000000000000, -1.000000000000000000, -0.000000000000000000 ) ) ;
#9269 = DIRECTION ( 'NONE',  ( 0.000000000000000000, -0.000000000000000000, 1.000000000000000000 ) ) ;
#9270 = CIRCLE ( 'NONE', #2372, 1.749999999999987566 ) ;
#9271 = CARTESIAN_POINT ( 'NONE',  ( 57.99999999999999289, -0.001000000000000132727, -133.9999999999999716 ) ) ;
#9272 = LINE ( 'NONE', #1073, #3463 ) ;
#9273 = CARTESIAN_POINT ( 'NONE',  ( 41.00000000000000000, 0.000000000000000000, -17.00000000000000000 ) ) ;
#9274 = ADVANCED_FACE ( 'NONE', ( #1156 ), #2815, .F. ) ;
#9275 = LINE ( 'NONE', #7717, #270 ) ;
#9276 = ORIENTED_EDGE ( 'NONE', *, *, #6471, .T. ) ;
#9277 = FACE_OUTER_BOUND ( 'NONE', #1921, .T. ) ;
#9278 = EDGE_CURVE ( 'NONE', #6371, #6398, #6515, .T. ) ;
#9279 = AXIS2_PLACEMENT_3D ( 'NONE', #898, #7627, #3059 ) ;
#9280 = VECTOR ( 'NONE', #8852, 1000.000000000000000 ) ;
#9281 = VECTOR ( 'NONE', #9308, 1000.000000000000000 ) ;
#9282 = ADVANCED_FACE ( 'NONE', ( #2089 ), #8077, .F. ) ;
#9283 = EDGE_CURVE ( 'NONE', #9702, #8081, #5035, .T. ) ;
#9284 = EDGE_LOOP ( 'NONE', ( #8236, #8211, #4075 ) ) ;
#9285 = VERTEX_POINT ( 'NONE', #5871 ) ;
#9286 = CARTESIAN_POINT ( 'NONE',  ( 41.00000000000000000, 4.000000000000000000, -133.9999999999999716 ) ) ;
#9287 = DIRECTION ( 'NONE',  ( -1.000000000000000000, 0.000000000000000000, 0.000000000000000000 ) ) ;
#9288 = ORIENTED_EDGE ( 'NONE', *, *, #8381, .F. ) ;
#9289 = AXIS2_PLACEMENT_3D ( 'NONE', #4810, #7115, #391 ) ;
#9290 = CARTESIAN_POINT ( 'NONE',  ( 156.0000000000000000, -0.001000000000000132727, -117.9999999999999858 ) ) ;
#9291 = CARTESIAN_POINT ( 'NONE',  ( 27.99999999999999645, 9.000000000000001776, -108.9999999999999858 ) ) ;
#9292 = ORIENTED_EDGE ( 'NONE', *, *, #8417, .T. ) ;
#9293 = DIRECTION ( 'NONE',  ( -0.000000000000000000, 1.000000000000000000, -0.000000000000000000 ) ) ;
#9294 = CARTESIAN_POINT ( 'NONE',  ( 132.0000000000000000, -0.001000000000000132727, -117.9999999999999716 ) ) ;
#9295 = AXIS2_PLACEMENT_3D ( 'NONE', #4586, #123, #6221 ) ;
#9296 = ORIENTED_EDGE ( 'NONE', *, *, #4859, .F. ) ;
#9297 = VECTOR ( 'NONE', #8742, 1000.000000000000000 ) ;
#9298 = DIRECTION ( 'NONE',  ( -2.168404344971008868E-16, -0.000000000000000000, -1.000000000000000000 ) ) ;
#9299 = EDGE_CURVE ( 'NONE', #939, #8019, #1946, .T. ) ;
#9300 = LINE ( 'NONE', #1650, #1128 ) ;
#9301 = DIRECTION ( 'NONE',  ( -0.000000000000000000, 1.000000000000000000, -0.000000000000000000 ) ) ;
#9302 = FACE_BOUND ( 'NONE', #6632, .T. ) ;
#9303 = EDGE_LOOP ( 'NONE', ( #6141, #4624, #5746, #1456 ) ) ;
#9304 = EDGE_CURVE ( 'NONE', #5067, #6690, #1943, .T. ) ;
#9305 = VECTOR ( 'NONE', #5088, 1000.000000000000000 ) ;
#9306 = ORIENTED_EDGE ( 'NONE', *, *, #4202, .F. ) ;
#9307 = ADVANCED_FACE ( 'NONE', ( #79 ), #4440, .F. ) ;
#9308 = DIRECTION ( 'NONE',  ( 1.000000000000000000, 0.000000000000000000, -4.625929269271486900E-15 ) ) ;
#9309 = LINE ( 'NONE', #9209, #1746 ) ;
#9310 =( NAMED_UNIT ( * ) SI_UNIT ( $, .STERADIAN. ) SOLID_ANGLE_UNIT ( ) );
#9311 = ORIENTED_EDGE ( 'NONE', *, *, #344, .F. ) ;
#9312 = ORIENTED_EDGE ( 'NONE', *, *, #7310, .T. ) ;
#9313 = CARTESIAN_POINT ( 'NONE',  ( 90.00000000000000000, 14.00000000000000000, -41.00000000000000711 ) ) ;
#9314 = FACE_OUTER_BOUND ( 'NONE', #7762, .T. ) ;
#9315 = VECTOR ( 'NONE', #7535, 1000.000000000000000 ) ;
#9316 = VECTOR ( 'NONE', #6088, 1000.000000000000000 ) ;
#9317 = VERTEX_POINT ( 'NONE', #6018 ) ;
#9318 = AXIS2_PLACEMENT_3D ( 'NONE', #6343, #8591, #1957 ) ;
#9319 = ORIENTED_EDGE ( 'NONE', *, *, #4090, .T. ) ;
#9320 = DIRECTION ( 'NONE',  ( 2.312964634635743844E-15, 0.000000000000000000, -1.000000000000000000 ) ) ;
#9321 = CARTESIAN_POINT ( 'NONE',  ( 77.71999999999999886, 4.000000000000000000, -100.9999999999999858 ) ) ;
#9322 = CARTESIAN_POINT ( 'NONE',  ( 167.0000000000000000, 0.000000000000000000, -133.9999999999999716 ) ) ;
#9323 = DIRECTION ( 'NONE',  ( 0.000000000000000000, 0.000000000000000000, -1.000000000000000000 ) ) ;
#9324 = CARTESIAN_POINT ( 'NONE',  ( 184.0000000000000000, -0.001000000000000132727, -133.9999999999999716 ) ) ;
#9325 = CARTESIAN_POINT ( 'NONE',  ( 214.9999999999999716, 21.00000000000000000, -109.6999999999999886 ) ) ;
#9326 = DIRECTION ( 'NONE',  ( -2.168404344971008868E-16, 0.000000000000000000, -1.000000000000000000 ) ) ;
#9327 = ORIENTED_EDGE ( 'NONE', *, *, #5423, .T. ) ;
#9328 = CARTESIAN_POINT ( 'NONE',  ( 162.9999999999999432, -0.001000000000000132727, -33.00000000000000000 ) ) ;
#9329 = EDGE_CURVE ( 'NONE', #6080, #8170, #7432, .T. ) ;
#9330 = ADVANCED_FACE ( 'NONE', ( #5235 ), #1444, .F. ) ;
#9331 = EDGE_LOOP ( 'NONE', ( #720, #8512, #9122, #1228 ) ) ;
#9332 = ORIENTED_EDGE ( 'NONE', *, *, #6287, .F. ) ;
#9333 = ORIENTED_EDGE ( 'NONE', *, *, #708, .T. ) ;
#9334 = CARTESIAN_POINT ( 'NONE',  ( 41.00000000000000000, 4.000000000000000000, -133.9999999999999716 ) ) ;
#9335 = DIRECTION ( 'NONE',  ( -0.000000000000000000, -1.000000000000000000, -0.000000000000000000 ) ) ;
#9336 = VERTEX_POINT ( 'NONE', #6808 ) ;
#9337 = DIRECTION ( 'NONE',  ( -0.000000000000000000, 1.000000000000000000, -0.000000000000000000 ) ) ;
#9338 = DIRECTION ( 'NONE',  ( 1.000000000000000000, 0.000000000000000000, -4.625929269271487689E-15 ) ) ;
#9339 = ORIENTED_EDGE ( 'NONE', *, *, #106, .F. ) ;
#9340 = EDGE_CURVE ( 'NONE', #6398, #5961, #8219, .T. ) ;
#9341 = EDGE_CURVE ( 'NONE', #5430, #727, #6068, .T. ) ;
#9342 = FACE_OUTER_BOUND ( 'NONE', #5701, .T. ) ;
#9343 = CARTESIAN_POINT ( 'NONE',  ( 176.9999999999999716, -0.001000000000000132727, -17.00000000000000000 ) ) ;
#9344 = ORIENTED_EDGE ( 'NONE', *, *, #2870, .T. ) ;
#9345 = FACE_OUTER_BOUND ( 'NONE', #5246, .T. ) ;
#9346 = ADVANCED_FACE ( 'NONE', ( #3075 ), #6659, .F. ) ;
#9347 = VECTOR ( 'NONE', #985, 1000.000000000000000 ) ;
#9348 = DIRECTION ( 'NONE',  ( 0.000000000000000000, 0.000000000000000000, 1.000000000000000000 ) ) ;
#9349 = EDGE_LOOP ( 'NONE', ( #4885, #5712, #789, #5885 ) ) ;
#9350 = FACE_BOUND ( 'NONE', #7388, .T. ) ;
#9351 = PLANE ( 'NONE',  #392 ) ;
#9352 = VERTEX_POINT ( 'NONE', #8120 ) ;
#9353 = LINE ( 'NONE', #5765, #9402 ) ;
#9354 = ADVANCED_FACE ( 'NONE', ( #2331 ), #8168, .F. ) ;
#9355 = EDGE_CURVE ( 'NONE', #7489, #6371, #8322, .T. ) ;
#9356 = CONICAL_SURFACE ( 'NONE', #7167, 1.699999999999993072, 1.029744258676652757 ) ;
#9357 = CARTESIAN_POINT ( 'NONE',  ( 97.00000000000000000, 4.000000000000000000, -117.9999999999999716 ) ) ;
#9358 = VECTOR ( 'NONE', #5507, 1000.000000000000000 ) ;
#9359 = CARTESIAN_POINT ( 'NONE',  ( 149.0000000000000000, 0.000000000000000000, -133.9999999999999716 ) ) ;
#9360 = DIRECTION ( 'NONE',  ( -0.000000000000000000, 1.000000000000000000, -0.000000000000000000 ) ) ;
#9361 = ORIENTED_EDGE ( 'NONE', *, *, #4777, .T. ) ;
#9362 = CARTESIAN_POINT ( 'NONE',  ( 213.9999999999999716, 9.000000000000001776, -106.9999999999999858 ) ) ;
#9363 = EDGE_CURVE ( 'NONE', #6809, #6191, #3986, .T. ) ;
#9364 = ORIENTED_EDGE ( 'NONE', *, *, #9418, .T. ) ;
#9365 = ORIENTED_EDGE ( 'NONE', *, *, #2188, .T. ) ;
#9366 = CARTESIAN_POINT ( 'NONE',  ( 55.00000000000000711, -0.001000000000000132727, -17.00000000000000000 ) ) ;
#9367 = DIRECTION ( 'NONE',  ( 1.000000000000000000, 0.000000000000000000, -2.168404344971008868E-16 ) ) ;
#9368 = FACE_BOUND ( 'NONE', #3716, .T. ) ;
#9369 = CARTESIAN_POINT ( 'NONE',  ( 135.7199999999999704, 6.000000000000000000, -96.24999999999998579 ) ) ;
#9370 = DIRECTION ( 'NONE',  ( -0.000000000000000000, 1.000000000000000000, -0.000000000000000000 ) ) ;
#9371 = CARTESIAN_POINT ( 'NONE',  ( 7.670000000000010587, 4.000000000000000000, -8.749999999999998224 ) ) ;
#9372 = CARTESIAN_POINT ( 'NONE',  ( 214.9999999999999716, 29.00000000000000000, -109.6999999999999602 ) ) ;
#9373 = VERTEX_POINT ( 'NONE', #1541 ) ;
#9374 = CARTESIAN_POINT ( 'NONE',  ( 210.9999999999999716, 10.99999999999999289, -46.00000000000000711 ) ) ;
#9375 = VERTEX_POINT ( 'NONE', #2279 ) ;
#9376 = VERTEX_POINT ( 'NONE', #4533 ) ;
#9377 = CARTESIAN_POINT ( 'NONE',  ( 26.75735931288071612, 13.99999999999997513, -48.99999999999996447 ) ) ;
#9378 = LINE ( 'NONE', #2659, #4565 ) ;
#9379 = CARTESIAN_POINT ( 'NONE',  ( 169.9999999999999432, -0.001000000000000132727, -33.00000000000000000 ) ) ;
#9380 = CARTESIAN_POINT ( 'NONE',  ( 57.99999999999999289, 4.000000000000000000, -117.9999999999999858 ) ) ;
#9381 = EDGE_CURVE ( 'NONE', #4716, #503, #2964, .T. ) ;
#9382 = DIRECTION ( 'NONE',  ( 0.000000000000000000, 0.000000000000000000, -1.000000000000000000 ) ) ;
#9383 = EDGE_LOOP ( 'NONE', ( #4861, #3912, #5372, #1081 ) ) ;
#9384 = FACE_BOUND ( 'NONE', #170, .T. ) ;
#9385 = AXIS2_PLACEMENT_3D ( 'NONE', #8605, #4876, #6401 ) ;
#9386 = CARTESIAN_POINT ( 'NONE',  ( 69.00000000000000000, 0.000000000000000000, -33.00000000000000711 ) ) ;
#9387 = VERTEX_POINT ( 'NONE', #4385 ) ;
#9388 = EDGE_CURVE ( 'NONE', #9613, #6757, #5181, .T. ) ;
#9389 = VECTOR ( 'NONE', #2854, 1000.000000000000000 ) ;
#9390 = CARTESIAN_POINT ( 'NONE',  ( 104.0000000000000000, 0.000000000000000000, -117.9999999999999716 ) ) ;
#9391 = LINE ( 'NONE', #4329, #1890 ) ;
#9392 = LINE ( 'NONE', #605, #5406 ) ;
#9393 = ORIENTED_EDGE ( 'NONE', *, *, #811, .T. ) ;
#9394 = DIRECTION ( 'NONE',  ( -0.000000000000000000, 1.000000000000000000, -0.000000000000000000 ) ) ;
#9395 = EDGE_CURVE ( 'NONE', #5949, #1217, #4590, .T. ) ;
#9396 = ADVANCED_FACE ( 'NONE', ( #8948 ), #5132, .F. ) ;
#9397 = CARTESIAN_POINT ( 'NONE',  ( 20.00000000000000000, 4.000000000000000000, -41.00000000000000000 ) ) ;
#9398 = FACE_OUTER_BOUND ( 'NONE', #7128, .T. ) ;
#9399 = DIRECTION ( 'NONE',  ( 1.000000000000000000, 0.000000000000000000, -4.625929269271487689E-15 ) ) ;
#9400 = VERTEX_POINT ( 'NONE', #6121 ) ;
#9401 = DIRECTION ( 'NONE',  ( -0.000000000000000000, 1.000000000000000000, -0.000000000000000000 ) ) ;
#9402 = VECTOR ( 'NONE', #4983, 1000.000000000000000 ) ;
#9403 = EDGE_LOOP ( 'NONE', ( #8736, #8764, #3420, #3855 ) ) ;
#9404 = EDGE_CURVE ( 'NONE', #8755, #5675, #672, .T. ) ;
#9405 = VERTEX_POINT ( 'NONE', #3749 ) ;
#9406 = CARTESIAN_POINT ( 'NONE',  ( 180.9999999999999716, 4.000000000000000000, -17.00000000000000000 ) ) ;
#9407 = DIRECTION ( 'NONE',  ( -0.000000000000000000, 1.000000000000000000, -0.000000000000000000 ) ) ;
#9408 = LINE ( 'NONE', #2505, #9521 ) ;
#9409 = FACE_OUTER_BOUND ( 'NONE', #131, .T. ) ;
#9410 = EDGE_CURVE ( 'NONE', #3253, #5288, #24, .T. ) ;
#9411 = PLANE ( 'NONE',  #6496 ) ;
#9412 = CARTESIAN_POINT ( 'NONE',  ( 139.0000000000000000, 0.000000000000000000, -133.9999999999999716 ) ) ;
#9413 = LINE ( 'NONE', #1822, #1508 ) ;
#9414 = ORIENTED_EDGE ( 'NONE', *, *, #9340, .F. ) ;
#9415 = VECTOR ( 'NONE', #5630, 1000.000000000000000 ) ;
#9416 = VECTOR ( 'NONE', #7374, 1000.000000000000000 ) ;
#9417 = DIRECTION ( 'NONE',  ( -0.000000000000000000, 1.000000000000000000, -0.000000000000000000 ) ) ;
#9418 = EDGE_CURVE ( 'NONE', #2931, #4492, #5439, .T. ) ;
#9419 = ORIENTED_EDGE ( 'NONE', *, *, #7156, .F. ) ;
#9420 = ORIENTED_EDGE ( 'NONE', *, *, #997, .T. ) ;
#9421 = VECTOR ( 'NONE', #2986, 1000.000000000000000 ) ;
#9422 = VECTOR ( 'NONE', #506, 1000.000000000000000 ) ;
#9423 = CARTESIAN_POINT ( 'NONE',  ( 238.9999999999999716, 0.000000000000000000, -145.0000000000000000 ) ) ;
#9424 = DIRECTION ( 'NONE',  ( 1.000000000000000000, 0.000000000000000000, 0.000000000000000000 ) ) ;
#9425 = DIRECTION ( 'NONE',  ( -2.168404344971008868E-16, 0.000000000000000000, -1.000000000000000000 ) ) ;
#9426 = CARTESIAN_POINT ( 'NONE',  ( 149.0000000000000000, 0.000000000000000000, -117.9999999999999858 ) ) ;
#9427 = CARTESIAN_POINT ( 'NONE',  ( 195.0000000000000000, 0.000000000000000000, -133.9999999999999716 ) ) ;
#9428 = VERTEX_POINT ( 'NONE', #6324 ) ;
#9429 = VECTOR ( 'NONE', #2003, 1000.000000000000000 ) ;
#9430 = AXIS2_PLACEMENT_3D ( 'NONE', #7471, #6739, #8360 ) ;
#9431 = CARTESIAN_POINT ( 'NONE',  ( 23.99999999999999289, 21.00000000000000000, -106.2999999999999972 ) ) ;
#9432 = VECTOR ( 'NONE', #760, 1000.000000000000000 ) ;
#9433 = DIRECTION ( 'NONE',  ( 0.000000000000000000, 0.000000000000000000, -1.000000000000000000 ) ) ;
#9434 = ADVANCED_FACE ( 'NONE', ( #9156 ), #381, .F. ) ;
#9435 = ORIENTED_EDGE ( 'NONE', *, *, #8128, .T. ) ;
#9436 = VECTOR ( 'NONE', #6880, 1000.000000000000000 ) ;
#9437 = DIRECTION ( 'NONE',  ( 1.000000000000000000, 0.000000000000000000, -4.625929269271487689E-15 ) ) ;
#9438 = CARTESIAN_POINT ( 'NONE',  ( 41.00000000000000000, 0.000000000000000000, -33.00000000000000711 ) ) ;
#9439 = CARTESIAN_POINT ( 'NONE',  ( 102.0000000000000142, 2.000000000000000000, -20.99999999999999645 ) ) ;
#9440 = ORIENTED_EDGE ( 'NONE', *, *, #271, .T. ) ;
#9441 = LINE ( 'NONE', #7885, #4755 ) ;
#9442 = AXIS2_PLACEMENT_3D ( 'NONE', #7688, #6854, #2925 ) ;
#9443 = VECTOR ( 'NONE', #5723, 1000.000000000000000 ) ;
#9444 = VECTOR ( 'NONE', #5752, 1000.000000000000000 ) ;
#9445 = CARTESIAN_POINT ( 'NONE',  ( 212.0000000000000000, 4.000000000000000000, -133.9999999999999716 ) ) ;
#9446 = FACE_OUTER_BOUND ( 'NONE', #561, .T. ) ;
#9447 = CARTESIAN_POINT ( 'NONE',  ( 20.00000000000000000, 29.00000000000000000, -44.00000000000000711 ) ) ;
#9448 = ORIENTED_EDGE ( 'NONE', *, *, #4131, .T. ) ;
#9449 = EDGE_CURVE ( 'NONE', #1952, #5137, #5485, .T. ) ;
#9450 = AXIS2_PLACEMENT_3D ( 'NONE', #5295, #4548, #7555 ) ;
#9451 = CARTESIAN_POINT ( 'NONE',  ( 125.0000000000000000, 4.000000000000000000, -133.9999999999999716 ) ) ;
#9452 = EDGE_CURVE ( 'NONE', #2767, #5953, #5539, .T. ) ;
#9453 = ADVANCED_FACE ( 'NONE', ( #3270 ), #6272, .F. ) ;
#9454 = AXIS2_PLACEMENT_3D ( 'NONE', #4807, #1019, #6919 ) ;
#9455 = VERTEX_POINT ( 'NONE', #1843 ) ;
#9456 = ORIENTED_EDGE ( 'NONE', *, *, #9564, .T. ) ;
#9457 = DIRECTION ( 'NONE',  ( 1.000000000000000000, 0.000000000000000000, -4.625929269271486900E-15 ) ) ;
#9458 = LINE ( 'NONE', #2692, #5978 ) ;
#9459 = DIRECTION ( 'NONE',  ( 0.000000000000000000, 1.000000000000000000, 0.000000000000000000 ) ) ;
#9460 = ADVANCED_FACE ( 'NONE', ( #8428 ), #3225, .F. ) ;
#9461 = DIRECTION ( 'NONE',  ( -0.000000000000000000, 1.000000000000000000, -0.000000000000000000 ) ) ;
#9462 = FACE_OUTER_BOUND ( 'NONE', #4456, .T. ) ;
#9463 = DIRECTION ( 'NONE',  ( 0.000000000000000000, 0.000000000000000000, 1.000000000000000000 ) ) ;
#9464 = AXIS2_PLACEMENT_3D ( 'NONE', #3854, #7592, #5917 ) ;
#9465 = CARTESIAN_POINT ( 'NONE',  ( 28.00000000000000355, 29.00000000000000000, -45.99999999999997868 ) ) ;
#9466 = VERTEX_POINT ( 'NONE', #7790 ) ;
#9467 = DIRECTION ( 'NONE',  ( 4.625929269271487689E-15, 0.000000000000000000, 1.000000000000000000 ) ) ;
#9468 = EDGE_LOOP ( 'NONE', ( #2582, #9239, #1684, #4829 ) ) ;
#9469 = ADVANCED_FACE ( 'NONE', ( #1701, #914, #4098, #1053, #9302, #4048 ), #6225, .F. ) ;
#9470 = ORIENTED_EDGE ( 'NONE', *, *, #6339, .T. ) ;
#9471 = FACE_OUTER_BOUND ( 'NONE', #6126, .T. ) ;
#9472 = CARTESIAN_POINT ( 'NONE',  ( 23.00000000000000711, 9.000000000000001776, -48.99999999999997868 ) ) ;
#9473 = CARTESIAN_POINT ( 'NONE',  ( 214.9999999999999716, 29.00000000000000000, -46.69999999999997442 ) ) ;
#9474 = LINE ( 'NONE', #9290, #145 ) ;
#9475 = LINE ( 'NONE', #2750, #9297 ) ;
#9476 = ORIENTED_EDGE ( 'NONE', *, *, #4630, .F. ) ;
#9477 = DIRECTION ( 'NONE',  ( 0.000000000000000000, 0.000000000000000000, -1.000000000000000000 ) ) ;
#9478 = CYLINDRICAL_SURFACE ( 'NONE', #3152, 3.250000000000002665 ) ;
#9479 = EDGE_CURVE ( 'NONE', #7389, #4117, #7646, .T. ) ;
#9480 = EDGE_CURVE ( 'NONE', #6014, #3663, #3903, .T. ) ;
#9481 = ORIENTED_EDGE ( 'NONE', *, *, #1332, .T. ) ;
#9482 = DIRECTION ( 'NONE',  ( -0.000000000000000000, 1.000000000000000000, -0.000000000000000000 ) ) ;
#9483 = DIRECTION ( 'NONE',  ( -1.000000000000000000, 0.000000000000000000, 0.000000000000000000 ) ) ;
#9484 = CARTESIAN_POINT ( 'NONE',  ( 215.9999999999999716, 9.000000000000001776, -49.00000000000000711 ) ) ;
#9485 = DIRECTION ( 'NONE',  ( -0.000000000000000000, 1.000000000000000000, -0.000000000000000000 ) ) ;
#9486 = EDGE_LOOP ( 'NONE', ( #3818, #1035, #3598, #3721 ) ) ;
#9487 = ORIENTED_EDGE ( 'NONE', *, *, #7940, .F. ) ;
#9488 = FACE_OUTER_BOUND ( 'NONE', #3310, .T. ) ;
#9489 = LINE ( 'NONE', #2029, #9587 ) ;
#9490 = VERTEX_POINT ( 'NONE', #4846 ) ;
#9491 = CARTESIAN_POINT ( 'NONE',  ( 57.99999999999999289, -0.001000000000000132727, -133.9999999999999716 ) ) ;
#9492 = CARTESIAN_POINT ( 'NONE',  ( 204.9999999999999716, -0.001000000000000132727, -17.00000000000000000 ) ) ;
#9493 = ORIENTED_EDGE ( 'NONE', *, *, #8256, .F. ) ;
#9494 = EDGE_CURVE ( 'NONE', #7134, #7366, #2588, .T. ) ;
#9495 = LINE ( 'NONE', #1301, #4418 ) ;
#9496 = VECTOR ( 'NONE', #9714, 1000.000000000000000 ) ;
#9497 = VERTEX_POINT ( 'NONE', #1013 ) ;
#9498 = ORIENTED_EDGE ( 'NONE', *, *, #7741, .F. ) ;
#9499 = DIRECTION ( 'NONE',  ( -0.000000000000000000, -1.000000000000000000, -0.000000000000000000 ) ) ;
#9500 = EDGE_CURVE ( 'NONE', #4595, #8609, #5589, .T. ) ;
#9501 = CARTESIAN_POINT ( 'NONE',  ( 48.00000000000000000, 0.000000000000000000, -33.00000000000000711 ) ) ;
#9502 = LINE ( 'NONE', #5141, #8388 ) ;
#9503 = FACE_BOUND ( 'NONE', #7020, .T. ) ;
#9504 = DIRECTION ( 'NONE',  ( 1.049727191138617586E-16, 0.5150380749100555988, -0.8571673007021114454 ) ) ;
#9505 = LINE ( 'NONE', #8771, #188 ) ;
#9506 = CARTESIAN_POINT ( 'NONE',  ( 173.9999999999999716, 0.000000000000000000, -33.00000000000000000 ) ) ;
#9507 = EDGE_LOOP ( 'NONE', ( #1390, #5602, #31, #9206 ) ) ;
#9508 = DIRECTION ( 'NONE',  ( -0.000000000000000000, 1.000000000000000000, -0.000000000000000000 ) ) ;
#9509 = ADVANCED_FACE ( 'NONE', ( #7104 ), #8379, .F. ) ;
#9510 = ORIENTED_EDGE ( 'NONE', *, *, #6595, .F. ) ;
#9511 = EDGE_LOOP ( 'NONE', ( #2242, #80, #2192, #8863 ) ) ;
#9512 = ORIENTED_EDGE ( 'NONE', *, *, #2086, .T. ) ;
#9513 = EDGE_CURVE ( 'NONE', #6705, #5042, #178, .T. ) ;
#9514 = LINE ( 'NONE', #2893, #654 ) ;
#9515 = CARTESIAN_POINT ( 'NONE',  ( 160.0000000000000000, 4.000000000000000000, -117.9999999999999716 ) ) ;
#9516 = CIRCLE ( 'NONE', #2310, 1.699999999999993072 ) ;
#9517 = FACE_OUTER_BOUND ( 'NONE', #2056, .T. ) ;
#9518 = LINE ( 'NONE', #2945, #883 ) ;
#9519 = FACE_OUTER_BOUND ( 'NONE', #874, .T. ) ;
#9520 = VERTEX_POINT ( 'NONE', #6962 ) ;
#9521 = VECTOR ( 'NONE', #1030, 1000.000000000000000 ) ;
#9522 = LINE ( 'NONE', #4368, #3944 ) ;
#9523 = DIRECTION ( 'NONE',  ( 0.000000000000000000, 0.000000000000000000, -1.000000000000000000 ) ) ;
#9524 = ORIENTED_EDGE ( 'NONE', *, *, #2502, .T. ) ;
#9525 = PLANE ( 'NONE',  #19 ) ;
#9526 = EDGE_CURVE ( 'NONE', #4177, #8490, #232, .T. ) ;
#9527 = DIRECTION ( 'NONE',  ( -0.000000000000000000, 1.000000000000000000, -0.000000000000000000 ) ) ;
#9528 = FACE_OUTER_BOUND ( 'NONE', #3488, .T. ) ;
#9529 = CARTESIAN_POINT ( 'NONE',  ( 0.000000000000000000, 0.000000000000000000, -145.0000000000000000 ) ) ;
#9530 = ADVANCED_FACE ( 'NONE', ( #276 ), #5075, .F. ) ;
#9531 = ORIENTED_EDGE ( 'NONE', *, *, #6875, .T. ) ;
#9532 = CIRCLE ( 'NONE', #3125, 3.000000000000002665 ) ;
#9533 = EDGE_LOOP ( 'NONE', ( #1654, #4522, #2835, #6100 ) ) ;
#9534 = CARTESIAN_POINT ( 'NONE',  ( 77.71999999999999886, 0.000000000000000000, -97.99999999999998579 ) ) ;
#9535 = DIRECTION ( 'NONE',  ( 0.000000000000000000, 0.000000000000000000, 1.000000000000000000 ) ) ;
#9536 = VECTOR ( 'NONE', #3736, 1000.000000000000000 ) ;
#9537 = EDGE_CURVE ( 'NONE', #5113, #3029, #1312, .T. ) ;
#9538 = CARTESIAN_POINT ( 'NONE',  ( 183.9999999999999716, 0.000000000000000000, -33.00000000000000000 ) ) ;
#9539 = DIRECTION ( 'NONE',  ( 0.000000000000000000, 0.000000000000000000, 1.000000000000000000 ) ) ;
#9540 = CARTESIAN_POINT ( 'NONE',  ( 7.670000000000010587, 2.000000000000000000, -7.000000000000000000 ) ) ;
#9541 = ORIENTED_EDGE ( 'NONE', *, *, #6275, .T. ) ;
#9542 = ORIENTED_EDGE ( 'NONE', *, *, #3690, .F. ) ;
#9543 = EDGE_CURVE ( 'NONE', #5775, #2744, #1337, .T. ) ;
#9544 = ORIENTED_EDGE ( 'NONE', *, *, #3754, .T. ) ;
#9545 = DIRECTION ( 'NONE',  ( -0.000000000000000000, 1.000000000000000000, -0.000000000000000000 ) ) ;
#9546 = LINE ( 'NONE', #5045, #5672 ) ;
#9547 = DIRECTION ( 'NONE',  ( 0.000000000000000000, 0.000000000000000000, -1.000000000000000000 ) ) ;
#9548 = CARTESIAN_POINT ( 'NONE',  ( 76.00000000000001421, -0.001000000000000132727, -33.00000000000000711 ) ) ;
#9549 = CARTESIAN_POINT ( 'NONE',  ( 136.9999999999999432, 8.000000000000000000, -36.69999999999999574 ) ) ;
#9550 = CARTESIAN_POINT ( 'NONE',  ( 102.0000000000000142, 8.000000000000000000, -35.00000000000000000 ) ) ;
#9551 = FACE_OUTER_BOUND ( 'NONE', #41, .T. ) ;
#9552 = ORIENTED_EDGE ( 'NONE', *, *, #6596, .T. ) ;
#9553 = DIRECTION ( 'NONE',  ( 0.000000000000000000, 0.000000000000000000, 1.000000000000000000 ) ) ;
#9554 = AXIS2_PLACEMENT_3D ( 'NONE', #7349, #1253, #3568 ) ;
#9555 = ORIENTED_EDGE ( 'NONE', *, *, #5154, .T. ) ;
#9556 = VERTEX_POINT ( 'NONE', #5807 ) ;
#9557 = CARTESIAN_POINT ( 'NONE',  ( 27.00000000000000000, -0.001000000000000132727, -117.9999999999999716 ) ) ;
#9559 = EDGE_CURVE ( 'NONE', #4321, #4705, #5721, .T. ) ;
#9558 = CARTESIAN_POINT ( 'NONE',  ( 65.00000000000000000, 0.000000000000000000, -17.00000000000000000 ) ) ;
#9560 = VECTOR ( 'NONE', #1676, 1000.000000000000000 ) ;
#9561 = CARTESIAN_POINT ( 'NONE',  ( 65.00000000000000000, -0.001000000000000132727, -33.00000000000000000 ) ) ;
#9562 = CARTESIAN_POINT ( 'NONE',  ( 51.00000000000000711, 0.000000000000000000, -133.9999999999999716 ) ) ;
#9563 = CARTESIAN_POINT ( 'NONE',  ( 201.9999999999999432, 0.000000000000000000, -33.00000000000000000 ) ) ;
#9564 = EDGE_CURVE ( 'NONE', #6678, #4469, #7929, .T. ) ;
#9565 = ORIENTED_EDGE ( 'NONE', *, *, #2928, .T. ) ;
#9566 = ADVANCED_FACE ( 'NONE', ( #3549 ), #4287, .T. ) ;
#9567 = FACE_BOUND ( 'NONE', #3639, .T. ) ;
#9568 = EDGE_CURVE ( 'NONE', #7770, #3060, #2670, .T. ) ;
#9569 = EDGE_CURVE ( 'NONE', #4596, #1604, #467, .T. ) ;
#9570 = FACE_OUTER_BOUND ( 'NONE', #7725, .T. ) ;
#9571 = VECTOR ( 'NONE', #6074, 1000.000000000000000 ) ;
#9572 = AXIS2_PLACEMENT_3D ( 'NONE', #6500, #1976, #1834 ) ;
#9573 = ORIENTED_EDGE ( 'NONE', *, *, #5787, .F. ) ;
#9574 = DIRECTION ( 'NONE',  ( 0.000000000000000000, 0.000000000000000000, 1.000000000000000000 ) ) ;
#9575 = VECTOR ( 'NONE', #8500, 1000.000000000000000 ) ;
#9576 = VECTOR ( 'NONE', #3535, 1000.000000000000000 ) ;
#9577 = CARTESIAN_POINT ( 'NONE',  ( 69.00000000000000000, -0.001000000000000132727, -17.00000000000000000 ) ) ;
#9578 = DIRECTION ( 'NONE',  ( 0.000000000000000000, 1.000000000000000000, 0.000000000000000000 ) ) ;
#9579 = VECTOR ( 'NONE', #1059, 1000.000000000000000 ) ;
#9580 = CARTESIAN_POINT ( 'NONE',  ( 76.00000000000001421, 4.000000000000000000, -133.9999999999999716 ) ) ;
#9581 = ORIENTED_EDGE ( 'NONE', *, *, #7653, .F. ) ;
#9582 = ORIENTED_EDGE ( 'NONE', *, *, #7382, .T. ) ;
#9583 = DIRECTION ( 'NONE',  ( 1.000000000000000000, -0.000000000000000000, 0.000000000000000000 ) ) ;
#9584 = CARTESIAN_POINT ( 'NONE',  ( 153.0000000000000000, -0.001000000000000132727, -133.9999999999999716 ) ) ;
#9585 = VECTOR ( 'NONE', #4816, 1000.000000000000000 ) ;
#9586 = ORIENTED_EDGE ( 'NONE', *, *, #7418, .F. ) ;
#9587 = VECTOR ( 'NONE', #1341, 1000.000000000000000 ) ;
#9588 = VECTOR ( 'NONE', #3852, 1000.000000000000000 ) ;
#9589 = EDGE_CURVE ( 'NONE', #1377, #7105, #7596, .T. ) ;
#9590 = DIRECTION ( 'NONE',  ( 0.000000000000000000, -0.000000000000000000, 1.000000000000000000 ) ) ;
#9591 = FACE_BOUND ( 'NONE', #5777, .T. ) ;
#9592 = VECTOR ( 'NONE', #6478, 1000.000000000000000 ) ;
#9593 = CARTESIAN_POINT ( 'NONE',  ( 7.670000000000010587, 2.000000000000000000, -8.749999999999998224 ) ) ;
#9594 = EDGE_LOOP ( 'NONE', ( #8050, #5643, #4282, #876, #1991, #7506 ) ) ;
#9595 = VECTOR ( 'NONE', #3370, 1000.000000000000000 ) ;
#9596 = ORIENTED_EDGE ( 'NONE', *, *, #4143, .F. ) ;
#9597 = ADVANCED_FACE ( 'NONE', ( #8798 ), #9351, .F. ) ;
#9598 = ADVANCED_FACE ( 'NONE', ( #8753 ), #2025, .F. ) ;
#9599 = EDGE_LOOP ( 'NONE', ( #4683, #6383, #5998, #7936 ) ) ;
#9600 = ORIENTED_EDGE ( 'NONE', *, *, #6904, .T. ) ;
#9601 = LINE ( 'NONE', #8423, #8034 ) ;
#9602 = VECTOR ( 'NONE', #5711, 1000.000000000000000 ) ;
#9603 = CARTESIAN_POINT ( 'NONE',  ( 166.9999999999999432, 4.000000000000000000, -33.00000000000000000 ) ) ;
#9604 = DIRECTION ( 'NONE',  ( -1.000000000000000000, 0.000000000000000000, -0.000000000000000000 ) ) ;
#9605 = VECTOR ( 'NONE', #5199, 1000.000000000000000 ) ;
#9606 = FACE_BOUND ( 'NONE', #9533, .T. ) ;
#9607 = CARTESIAN_POINT ( 'NONE',  ( 135.7199999999999704, 6.000000000000000000, -95.00000000000000000 ) ) ;
#9608 = DIRECTION ( 'NONE',  ( 0.000000000000000000, 0.7071067811865494601, 0.7071067811865456854 ) ) ;
#9609 = LINE ( 'NONE', #584, #1694 ) ;
#9610 = EDGE_LOOP ( 'NONE', ( #8791, #2642 ) ) ;
#9611 = LINE ( 'NONE', #6240, #5556 ) ;
#9612 = VECTOR ( 'NONE', #5244, 1000.000000000000000 ) ;
#9613 = VERTEX_POINT ( 'NONE', #7193 ) ;
#9614 = VERTEX_POINT ( 'NONE', #7330 ) ;
#9615 = VERTEX_POINT ( 'NONE', #9529 ) ;
#9616 = CARTESIAN_POINT ( 'NONE',  ( 177.0000000000000000, 0.000000000000000000, -133.9999999999999716 ) ) ;
#9617 = FACE_OUTER_BOUND ( 'NONE', #2873, .T. ) ;
#9618 = VECTOR ( 'NONE', #3410, 1000.000000000000000 ) ;
#9619 = DIRECTION ( 'NONE',  ( -2.168404344971008868E-16, 0.000000000000000000, -1.000000000000000000 ) ) ;
#9620 = CARTESIAN_POINT ( 'NONE',  ( 135.7199999999999704, 6.000000000000000000, -48.99999999999999289 ) ) ;
#9621 = LINE ( 'NONE', #8104, #2139 ) ;
#9622 = ORIENTED_EDGE ( 'NONE', *, *, #3012, .F. ) ;
#9623 = EDGE_CURVE ( 'NONE', #9317, #8829, #3455, .T. ) ;
#9624 = PLANE ( 'NONE',  #2685 ) ;
#9625 = DIRECTION ( 'NONE',  ( 0.000000000000000000, 0.000000000000000000, 1.000000000000000000 ) ) ;
#9626 = VECTOR ( 'NONE', #5952, 1000.000000000000000 ) ;
#9627 = AXIS2_PLACEMENT_3D ( 'NONE', #6429, #7765, #9269 ) ;
#9628 = ORIENTED_EDGE ( 'NONE', *, *, #5546, .F. ) ;
#9629 = CARTESIAN_POINT ( 'NONE',  ( 202.0000000000000000, -0.001000000000000132727, -133.9999999999999716 ) ) ;
#9630 = VECTOR ( 'NONE', #2098, 1000.000000000000000 ) ;
#9631 = EDGE_CURVE ( 'NONE', #1930, #4423, #9392, .T. ) ;
#9632 = EDGE_CURVE ( 'NONE', #5961, #7529, #2807, .T. ) ;
#9633 = FACE_OUTER_BOUND ( 'NONE', #3085, .T. ) ;
#9634 = DIRECTION ( 'NONE',  ( 1.000000000000000000, 0.000000000000000000, 0.000000000000000000 ) ) ;
#9635 = CARTESIAN_POINT ( 'NONE',  ( 0.000000000000000000, 0.000000000000000000, 0.000000000000000000 ) ) ;
#9636 = ORIENTED_EDGE ( 'NONE', *, *, #4027, .F. ) ;
#9637 = ORIENTED_EDGE ( 'NONE', *, *, #7007, .T. ) ;
#9638 = CARTESIAN_POINT ( 'NONE',  ( 209.0000000000000000, 0.000000000000000000, -133.9999999999999716 ) ) ;
#9639 = DIRECTION ( 'NONE',  ( -0.000000000000000000, -1.000000000000000000, -0.000000000000000000 ) ) ;
#9640 = ADVANCED_FACE ( 'NONE', ( #8618 ), #1886, .F. ) ;
#9641 = DIRECTION ( 'NONE',  ( 0.000000000000000000, 0.000000000000000000, 1.000000000000000000 ) ) ;
#9642 = EDGE_CURVE ( 'NONE', #5270, #3119, #7151, .T. ) ;
#9643 = DIRECTION ( 'NONE',  ( 1.000000000000000000, 0.000000000000000000, -0.000000000000000000 ) ) ;
#9644 = ORIENTED_EDGE ( 'NONE', *, *, #4794, .T. ) ;
#9645 = CARTESIAN_POINT ( 'NONE',  ( 77.71999999999998465, 6.000000000000000000, -48.99999999999998579 ) ) ;
#9646 = ORIENTED_EDGE ( 'NONE', *, *, #632, .F. ) ;
#9647 = ORIENTED_EDGE ( 'NONE', *, *, #990, .T. ) ;
#9648 = ADVANCED_FACE ( 'NONE', ( #8666 ), #1939, .F. ) ;
#9649 = ADVANCED_FACE ( 'NONE', ( #5908 ), #659, .F. ) ;
#9650 = ORIENTED_EDGE ( 'NONE', *, *, #315, .F. ) ;
#9651 = ORIENTED_EDGE ( 'NONE', *, *, #2878, .F. ) ;
#9652 = DIRECTION ( 'NONE',  ( 0.000000000000000000, 0.000000000000000000, 1.000000000000000000 ) ) ;
#9653 = CARTESIAN_POINT ( 'NONE',  ( 134.9999999999999716, 4.000000000000000000, -133.9999999999999716 ) ) ;
#9654 = DIRECTION ( 'NONE',  ( 0.000000000000000000, 0.000000000000000000, 1.000000000000000000 ) ) ;
#9655 = AXIS2_PLACEMENT_3D ( 'NONE', #4275, #2842, #8835 ) ;
#9656 = DIRECTION ( 'NONE',  ( -0.000000000000000000, 1.000000000000000000, -0.000000000000000000 ) ) ;
#9657 = DIRECTION ( 'NONE',  ( -1.000000000000000000, 0.000000000000000000, 0.000000000000000000 ) ) ;
#9658 = ORIENTED_EDGE ( 'NONE', *, *, #429, .F. ) ;
#9659 = ORIENTED_EDGE ( 'NONE', *, *, #6472, .F. ) ;
#9660 = DIRECTION ( 'NONE',  ( 1.000000000000000000, 0.000000000000000000, -4.625929269271486900E-15 ) ) ;
#9661 = ORIENTED_EDGE ( 'NONE', *, *, #72, .F. ) ;
#9662 = EDGE_CURVE ( 'NONE', #6191, #81, #3739, .T. ) ;
#9663 = CARTESIAN_POINT ( 'NONE',  ( 176.9999999999999716, 0.000000000000000000, -33.00000000000000000 ) ) ;
#9664 = ORIENTED_EDGE ( 'NONE', *, *, #436, .T. ) ;
#9665 = VERTEX_POINT ( 'NONE', #8257 ) ;
#9666 = DIRECTION ( 'NONE',  ( -0.000000000000000000, 1.000000000000000000, -0.000000000000000000 ) ) ;
#9667 = VECTOR ( 'NONE', #1177, 1000.000000000000000 ) ;
#9668 = CARTESIAN_POINT ( 'NONE',  ( 65.00000000000000000, 4.000000000000000000, -17.00000000000000000 ) ) ;
#9669 = DIRECTION ( 'NONE',  ( -0.000000000000000000, -1.000000000000000000, -0.000000000000000000 ) ) ;
#9670 = CARTESIAN_POINT ( 'NONE',  ( 48.00000000000000000, 0.000000000000000000, -33.00000000000000711 ) ) ;
#9671 = PLANE ( 'NONE',  #1672 ) ;
#9672 = LINE ( 'NONE', #2899, #1987 ) ;
#9673 = ORIENTED_EDGE ( 'NONE', *, *, #3519, .F. ) ;
#9674 = FACE_BOUND ( 'NONE', #5578, .T. ) ;
#9675 = FACE_OUTER_BOUND ( 'NONE', #9676, .T. ) ;
#9676 = EDGE_LOOP ( 'NONE', ( #5705, #4947, #6161 ) ) ;
#9677 = VECTOR ( 'NONE', #9660, 1000.000000000000000 ) ;
#9678 = CARTESIAN_POINT ( 'NONE',  ( 23.00000000000000000, 9.000000000000001776, -103.9999999999999858 ) ) ;
#9679 = ADVANCED_FACE ( 'NONE', ( #6743 ), #2856, .F. ) ;
#9680 = LINE ( 'NONE', #2077, #2678 ) ;
#9681 = LINE ( 'NONE', #3009, #6479 ) ;
#9682 = DIRECTION ( 'NONE',  ( 0.000000000000000000, 0.000000000000000000, -1.000000000000000000 ) ) ;
#9683 = ORIENTED_EDGE ( 'NONE', *, *, #464, .T. ) ;
#9684 = PLANE ( 'NONE',  #519 ) ;
#9685 = DIRECTION ( 'NONE',  ( -0.000000000000000000, 0.000000000000000000, -1.000000000000000000 ) ) ;
#9686 = EDGE_CURVE ( 'NONE', #8250, #8694, #5859, .T. ) ;
#9687 = DIRECTION ( 'NONE',  ( -0.000000000000000000, 1.000000000000000000, -0.000000000000000000 ) ) ;
#9688 = CARTESIAN_POINT ( 'NONE',  ( 55.00000000000000711, 4.000000000000000000, -17.00000000000000000 ) ) ;
#9689 = DIRECTION ( 'NONE',  ( 0.000000000000000000, 1.000000000000000000, 0.000000000000000000 ) ) ;
#9690 = ORIENTED_EDGE ( 'NONE', *, *, #7653, .T. ) ;
#9691 = ORIENTED_EDGE ( 'NONE', *, *, #7087, .F. ) ;
#9692 = EDGE_CURVE ( 'NONE', #2370, #8723, #1433, .T. ) ;
#9693 = EDGE_CURVE ( 'NONE', #9387, #2026, #3013, .T. ) ;
#9694 = EDGE_CURVE ( 'NONE', #4134, #8859, #8157, .T. ) ;
#9695 = ORIENTED_EDGE ( 'NONE', *, *, #4056, .F. ) ;
#9696 = EDGE_LOOP ( 'NONE', ( #1734, #7898, #5147, #2643 ) ) ;
#9697 = VECTOR ( 'NONE', #3302, 1000.000000000000000 ) ;
#9698 = PLANE ( 'NONE',  #3175 ) ;
#9699 = CARTESIAN_POINT ( 'NONE',  ( 81.00000000000000000, 11.00000000000000000, -44.00000000000001421 ) ) ;
#9700 = DIRECTION ( 'NONE',  ( -2.168404344971008868E-16, 0.000000000000000000, -1.000000000000000000 ) ) ;
#9701 = DIRECTION ( 'NONE',  ( 0.000000000000000000, -0.7071067811865475727, 0.7071067811865475727 ) ) ;
#9702 = VERTEX_POINT ( 'NONE', #7430 ) ;
#9703 = CARTESIAN_POINT ( 'NONE',  ( 90.00000000000000000, 0.000000000000000000, -117.9999999999999716 ) ) ;
#9704 = ORIENTED_EDGE ( 'NONE', *, *, #950, .F. ) ;
#9705 = CARTESIAN_POINT ( 'NONE',  ( 140.9999999999999716, 4.000000000000000000, -15.00000000000000000 ) ) ;
#9706 = VERTEX_POINT ( 'NONE', #1483 ) ;
#9707 = ORIENTED_EDGE ( 'NONE', *, *, #7951, .T. ) ;
#9708 = DIRECTION ( 'NONE',  ( -0.000000000000000000, 1.000000000000000000, -0.000000000000000000 ) ) ;
#9709 = EDGE_CURVE ( 'NONE', #9117, #5785, #4523, .T. ) ;
#9710 = CARTESIAN_POINT ( 'NONE',  ( 204.9999999999999716, 4.000000000000000000, -17.00000000000000000 ) ) ;
#9711 = DIRECTION ( 'NONE',  ( -1.000000000000000000, -0.000000000000000000, -0.000000000000000000 ) ) ;
#9712 = FACE_BOUND ( 'NONE', #2499, .T. ) ;
#9713 = FACE_OUTER_BOUND ( 'NONE', #4217, .T. ) ;
#9714 = DIRECTION ( 'NONE',  ( 1.000000000000000000, 0.000000000000000000, -4.625929269271486900E-15 ) ) ;
#9715 = EDGE_LOOP ( 'NONE', ( #8966, #4444, #1450, #5644 ) ) ;
ENDSEC;
END-ISO-10303-21;
