ISO-10303-21;
HEADER;
FILE_DESCRIPTION (( 'STEP AP214' ),
    '1' );
FILE_NAME ('Gehäuse_Guition_Deckel.STEP',
    '2026-09-30T06:13:21',
    ( '' ),
    ( '' ),
    'SwSTEP 2.0',
    'SolidWorks 2026',
    '' );
FILE_SCHEMA (( 'AUTOMOTIVE_DESIGN' ));
ENDSEC;

DATA;
#1 = FACE_OUTER_BOUND ( 'NONE', #1414, .T. ) ;
#2 = LINE ( 'NONE', #9242, #8365 ) ;
#3 = LINE ( 'NONE', #3366, #6476 ) ;
#4 = EDGE_LOOP ( 'NONE', ( #9128, #982, #4094, #8321 ) ) ;
#5 = EDGE_CURVE ( 'NONE', #9141, #9262, #3280, .T. ) ;
#6 = VERTEX_POINT ( 'NONE', #5895 ) ;
#7 = ORIENTED_EDGE ( 'NONE', *, *, #1821, .F. ) ;
#8 = CARTESIAN_POINT ( 'NONE',  ( 55.19999999999999574, 6.949999999999999289, -13.00000000000000000 ) ) ;
#9 = DIRECTION ( 'NONE',  ( 0.000000000000000000, 0.000000000000000000, 1.000000000000000000 ) ) ;
#10 = ORIENTED_EDGE ( 'NONE', *, *, #389, .T. ) ;
#11 = VECTOR ( 'NONE', #2043, 1000.000000000000000 ) ;
#12 = CYLINDRICAL_SURFACE ( 'NONE', #7203, 1.549999999999999378 ) ;
#13 = CARTESIAN_POINT ( 'NONE',  ( 9.499999999999996447, -68.40000000000000568, 1.000000000000000000 ) ) ;
#14 = EDGE_CURVE ( 'NONE', #7556, #1802, #8281, .T. ) ;
#15 = LINE ( 'NONE', #10193, #1467 ) ;
#16 = LINE ( 'NONE', #2432, #9798 ) ;
#17 = VECTOR ( 'NONE', #2317, 1000.000000000000000 ) ;
#18 = PLANE ( 'NONE',  #5060 ) ;
#19 = PLANE ( 'NONE',  #300 ) ;
#20 = CARTESIAN_POINT ( 'NONE',  ( 27.50000000000000000, 0.000000000000000000, -13.00000000000000000 ) ) ;
#21 = EDGE_LOOP ( 'NONE', ( #5352, #781, #9361, #4071 ) ) ;
#22 = VERTEX_POINT ( 'NONE', #6787 ) ;
#23 = CARTESIAN_POINT ( 'NONE',  ( 28.50000000000000000, 25.39999999999999858, 1.000000000000000000 ) ) ;
#24 = CARTESIAN_POINT ( 'NONE',  ( 50.20000000000000995, -53.40000000000000568, 3.001000000000000334 ) ) ;
#25 = ORIENTED_EDGE ( 'NONE', *, *, #5006, .F. ) ;
#26 = EDGE_CURVE ( 'NONE', #7918, #5234, #3228, .T. ) ;
#27 = CARTESIAN_POINT ( 'NONE',  ( 62.20000000000000995, -68.40000000000000568, 3.000000000000000000 ) ) ;
#28 = CIRCLE ( 'NONE', #3557, 0.5000000000000000000 ) ;
#29 = DIRECTION ( 'NONE',  ( -0.8571673007021125557, 0.000000000000000000, -0.5150380749100536004 ) ) ;
#30 = CARTESIAN_POINT ( 'NONE',  ( 38.20000000000000995, -35.39999999999999858, 3.000000000000000000 ) ) ;
#31 = VECTOR ( 'NONE', #8543, 1000.000000000000000 ) ;
#32 = EDGE_LOOP ( 'NONE', ( #10486, #1935, #8716, #583 ) ) ;
#33 = DIRECTION ( 'NONE',  ( 0.000000000000000000, -1.000000000000000000, 0.000000000000000000 ) ) ;
#34 = ORIENTED_EDGE ( 'NONE', *, *, #2519, .F. ) ;
#35 = LINE ( 'NONE', #3400, #2784 ) ;
#36 = ORIENTED_EDGE ( 'NONE', *, *, #2495, .F. ) ;
#37 = CARTESIAN_POINT ( 'NONE',  ( 53.20000000000001705, -17.40000000000000213, 3.001000000000000334 ) ) ;
#38 = LINE ( 'NONE', #5227, #8906 ) ;
#39 = FACE_OUTER_BOUND ( 'NONE', #9208, .T. ) ;
#40 = CARTESIAN_POINT ( 'NONE',  ( 48.79999999999998295, -76.00000000000001421, 0.4999999999999995559 ) ) ;
#41 = ORIENTED_EDGE ( 'NONE', *, *, #8576, .F. ) ;
#42 = ORIENTED_EDGE ( 'NONE', *, *, #8656, .T. ) ;
#43 = ORIENTED_EDGE ( 'NONE', *, *, #96, .F. ) ;
#44 = DIRECTION ( 'NONE',  ( -0.000000000000000000, -0.000000000000000000, -1.000000000000000000 ) ) ;
#45 = ADVANCED_FACE ( 'NONE', ( #5785, #4067 ), #8446, .T. ) ;
#46 = DIRECTION ( 'NONE',  ( 0.000000000000000000, -1.000000000000000000, 0.000000000000000000 ) ) ;
#47 = ORIENTED_EDGE ( 'NONE', *, *, #10338, .F. ) ;
#48 = ORIENTED_EDGE ( 'NONE', *, *, #9878, .T. ) ;
#49 = CARTESIAN_POINT ( 'NONE',  ( 9.499999999999996447, -68.40000000000000568, 3.001000000000000334 ) ) ;
#50 = CARTESIAN_POINT ( 'NONE',  ( 55.89164599332850258, 10.44999999999999929, -13.00000000000000000 ) ) ;
#51 = DIRECTION ( 'NONE',  ( 0.000000000000000000, -1.000000000000000000, 0.000000000000000000 ) ) ;
#52 = EDGE_CURVE ( 'NONE', #9825, #8613, #10103, .T. ) ;
#53 = DIRECTION ( 'NONE',  ( -1.000000000000000000, 0.000000000000000000, 0.000000000000000000 ) ) ;
#54 = ORIENTED_EDGE ( 'NONE', *, *, #9026, .F. ) ;
#55 = AXIS2_PLACEMENT_3D ( 'NONE', #8127, #10661, #10775 ) ;
#56 = AXIS2_PLACEMENT_3D ( 'NONE', #8484, #5042, #3259 ) ;
#57 = VERTEX_POINT ( 'NONE', #1791 ) ;
#58 = ORIENTED_EDGE ( 'NONE', *, *, #9015, .T. ) ;
#59 = CARTESIAN_POINT ( 'NONE',  ( 60.20000000000001705, 36.39999999999999858, -4.000000000000000000 ) ) ;
#60 = LINE ( 'NONE', #3479, #7521 ) ;
#61 = EDGE_CURVE ( 'NONE', #114, #8274, #10157, .T. ) ;
#62 = ORIENTED_EDGE ( 'NONE', *, *, #10705, .T. ) ;
#63 = DIRECTION ( 'NONE',  ( 0.000000000000000000, 0.000000000000000000, -1.000000000000000000 ) ) ;
#64 = DIRECTION ( 'NONE',  ( 0.000000000000000000, -1.000000000000000000, 0.000000000000000000 ) ) ;
#65 = AXIS2_PLACEMENT_3D ( 'NONE', #7361, #5865, #1437 ) ;
#66 = VECTOR ( 'NONE', #4297, 1000.000000000000000 ) ;
#67 = DIRECTION ( 'NONE',  ( -0.000000000000000000, -0.000000000000000000, -1.000000000000000000 ) ) ;
#68 = EDGE_CURVE ( 'NONE', #6964, #5133, #9117, .T. ) ;
#69 = CARTESIAN_POINT ( 'NONE',  ( 72.20000000000001705, 24.40000000000000568, -4.000000000000000000 ) ) ;
#70 = EDGE_CURVE ( 'NONE', #7461, #9496, #748, .T. ) ;
#71 = LINE ( 'NONE', #9204, #8963 ) ;
#72 = ORIENTED_EDGE ( 'NONE', *, *, #10050, .F. ) ;
#73 = PLANE ( 'NONE',  #1968 ) ;
#74 = AXIS2_PLACEMENT_3D ( 'NONE', #5442, #3608, #241 ) ;
#75 = VERTEX_POINT ( 'NONE', #5843 ) ;
#76 = ORIENTED_EDGE ( 'NONE', *, *, #5622, .F. ) ;
#77 = CARTESIAN_POINT ( 'NONE',  ( 50.20000000000000995, -50.39999999999999858, 1.000000000000000000 ) ) ;
#78 = DIRECTION ( 'NONE',  ( 1.000000000000000000, 0.000000000000000000, 0.000000000000000000 ) ) ;
#79 = ADVANCED_FACE ( 'NONE', ( #3453 ), #1683, .F. ) ;
#80 = CARTESIAN_POINT ( 'NONE',  ( 62.20000000000000995, -53.40000000000000568, 3.000000000000000000 ) ) ;
#81 = CARTESIAN_POINT ( 'NONE',  ( -15.50000000000000711, 24.40000000000000568, 1.000000000000000000 ) ) ;
#82 = DIRECTION ( 'NONE',  ( -1.000000000000000000, 0.000000000000000000, 0.000000000000000000 ) ) ;
#83 = EDGE_CURVE ( 'NONE', #553, #3401, #2620, .T. ) ;
#84 = FACE_OUTER_BOUND ( 'NONE', #9942, .T. ) ;
#85 = EDGE_LOOP ( 'NONE', ( #9630, #2247, #9684, #2744 ) ) ;
#86 = EDGE_CURVE ( 'NONE', #5348, #6270, #4235, .T. ) ;
#87 = EDGE_LOOP ( 'NONE', ( #6381, #1915, #8923, #3572 ) ) ;
#88 = ORIENTED_EDGE ( 'NONE', *, *, #8537, .T. ) ;
#89 = LINE ( 'NONE', #3563, #5094 ) ;
#90 = ORIENTED_EDGE ( 'NONE', *, *, #2637, .T. ) ;
#91 = CARTESIAN_POINT ( 'NONE',  ( -5.612990610166999102E-15, 25.39999999999999858, 0.5000000000000000000 ) ) ;
#92 = LINE ( 'NONE', #4399, #3758 ) ;
#93 = CARTESIAN_POINT ( 'NONE',  ( 62.20000000000000995, -53.40000000000000568, 3.000000000000000000 ) ) ;
#94 = VECTOR ( 'NONE', #9455, 1000.000000000000000 ) ;
#95 = CARTESIAN_POINT ( 'NONE',  ( 6.499999999999993783, -17.40000000000000213, 3.001000000000000334 ) ) ;
#96 = EDGE_CURVE ( 'NONE', #7650, #8450, #3397, .T. ) ;
#97 = ORIENTED_EDGE ( 'NONE', *, *, #1899, .T. ) ;
#98 = ORIENTED_EDGE ( 'NONE', *, *, #2342, .F. ) ;
#99 = ORIENTED_EDGE ( 'NONE', *, *, #9919, .T. ) ;
#100 = DIRECTION ( 'NONE',  ( 2.356961244533720211E-16, -1.000000000000000000, 0.000000000000000000 ) ) ;
#101 = CARTESIAN_POINT ( 'NONE',  ( 72.75000000000001421, 35.39999999999999858, 1.000000000000000000 ) ) ;
#102 = ORIENTED_EDGE ( 'NONE', *, *, #7599, .T. ) ;
#103 = VERTEX_POINT ( 'NONE', #9331 ) ;
#104 = DIRECTION ( 'NONE',  ( 9.251858538542971828E-16, 1.000000000000000000, -0.000000000000000000 ) ) ;
#105 = DIRECTION ( 'NONE',  ( 1.000000000000000000, 0.000000000000000000, 0.000000000000000000 ) ) ;
#106 = VECTOR ( 'NONE', #6873, 1000.000000000000000 ) ;
#107 = CARTESIAN_POINT ( 'NONE',  ( 3.499999999999991118, -35.39999999999999858, 3.001000000000000334 ) ) ;
#108 = ORIENTED_EDGE ( 'NONE', *, *, #885, .F. ) ;
#109 = AXIS2_PLACEMENT_3D ( 'NONE', #6411, #1311, #1421 ) ;
#110 = ORIENTED_EDGE ( 'NONE', *, *, #8771, .F. ) ;
#111 = ORIENTED_EDGE ( 'NONE', *, *, #551, .F. ) ;
#112 = CARTESIAN_POINT ( 'NONE',  ( 9.499999999999996447, -53.40000000000000568, 3.000000000000000000 ) ) ;
#113 = LINE ( 'NONE', #7649, #1609 ) ;
#114 = VERTEX_POINT ( 'NONE', #1735 ) ;
#115 = DIRECTION ( 'NONE',  ( 9.251858538542971828E-16, 1.000000000000000000, -0.000000000000000000 ) ) ;
#116 = AXIS2_PLACEMENT_3D ( 'NONE', #4580, #1147, #6303 ) ;
#117 = LINE ( 'NONE', #1771, #10252 ) ;
#118 = CIRCLE ( 'NONE', #5773, 0.5000000000000000000 ) ;
#119 = CARTESIAN_POINT ( 'NONE',  ( 50.79999999999998295, -76.00000000000001421, -7.500000000000000888 ) ) ;
#120 = CARTESIAN_POINT ( 'NONE',  ( -2.500000000000009326, -50.39999999999999858, 1.000000000000000000 ) ) ;
#121 = CYLINDRICAL_SURFACE ( 'NONE', #6309, 1.000000000000000000 ) ;
#122 = EDGE_LOOP ( 'NONE', ( #4223, #8930, #7749, #3318 ) ) ;
#123 = CARTESIAN_POINT ( 'NONE',  ( 53.69999999999999574, 6.949999999999999289, -7.799999999999999822 ) ) ;
#124 = VERTEX_POINT ( 'NONE', #5116 ) ;
#125 = EDGE_LOOP ( 'NONE', ( #3957, #4544, #7983, #8674 ) ) ;
#126 = DIRECTION ( 'NONE',  ( 0.000000000000000000, 0.000000000000000000, 1.000000000000000000 ) ) ;
#127 = CARTESIAN_POINT ( 'NONE',  ( 18.50000000000000000, -0.2999999999999999889, -1.000000000000000000 ) ) ;
#128 = CARTESIAN_POINT ( 'NONE',  ( 53.79999999999999005, -10.00000000000000888, -7.500000000000000888 ) ) ;
#129 = ADVANCED_FACE ( 'NONE', ( #8501 ), #4342, .T. ) ;
#130 = AXIS2_PLACEMENT_3D ( 'NONE', #10744, #2164, #2274 ) ;
#131 = DIRECTION ( 'NONE',  ( -1.000000000000000000, 0.000000000000000000, 0.000000000000000000 ) ) ;
#132 = CARTESIAN_POINT ( 'NONE',  ( 55.50000000000000000, 21.60000000000000142, 0.5000000000000000000 ) ) ;
#133 = DIRECTION ( 'NONE',  ( 9.251858538542971828E-16, 1.000000000000000000, -0.000000000000000000 ) ) ;
#134 = DIRECTION ( 'NONE',  ( -1.000000000000000000, 0.000000000000000000, 0.000000000000000000 ) ) ;
#135 = EDGE_LOOP ( 'NONE', ( #7503, #7855, #4139, #5377 ) ) ;
#136 = VECTOR ( 'NONE', #10786, 1000.000000000000000 ) ;
#137 = PLANE ( 'NONE',  #10748 ) ;
#138 = ORIENTED_EDGE ( 'NONE', *, *, #3624, .T. ) ;
#139 = CARTESIAN_POINT ( 'NONE',  ( 56.64203652122210286, 6.949999999999999289, -14.97798350090092079 ) ) ;
#140 = ADVANCED_FACE ( 'NONE', ( #1183 ), #8612, .F. ) ;
#141 = CARTESIAN_POINT ( 'NONE',  ( 65.20000000000000284, -50.39999999999999858, 3.001000000000000334 ) ) ;
#142 = ADVANCED_FACE ( 'NONE', ( #4503 ), #9492, .F. ) ;
#143 = CARTESIAN_POINT ( 'NONE',  ( 49.79999999999998295, -10.00000000000000888, -7.500000000000000888 ) ) ;
#144 = DIRECTION ( 'NONE',  ( 1.000000000000000000, 0.000000000000000000, 0.000000000000000000 ) ) ;
#145 = EDGE_LOOP ( 'NONE', ( #2364, #10724, #8846, #8335 ) ) ;
#146 = ORIENTED_EDGE ( 'NONE', *, *, #10663, .T. ) ;
#147 = VECTOR ( 'NONE', #7988, 1000.000000000000000 ) ;
#148 = EDGE_LOOP ( 'NONE', ( #1962, #5378, #8941, #5909, #398, #6526, #3656, #4573 ) ) ;
#149 = CARTESIAN_POINT ( 'NONE',  ( 34.50000000000000000, -3.299999999999999822, 1.000000000000000000 ) ) ;
#150 = LINE ( 'NONE', #3627, #1672 ) ;
#151 = ORIENTED_EDGE ( 'NONE', *, *, #3390, .F. ) ;
#152 = ORIENTED_EDGE ( 'NONE', *, *, #7802, .T. ) ;
#153 = CARTESIAN_POINT ( 'NONE',  ( 49.79999999999998295, -76.00000000000001421, -7.500000000000000888 ) ) ;
#154 = CARTESIAN_POINT ( 'NONE',  ( -8.500000000000008882, -35.39999999999999858, 3.000000000000000000 ) ) ;
#155 = AXIS2_PLACEMENT_3D ( 'NONE', #396, #4604, #6379 ) ;
#156 = EDGE_CURVE ( 'NONE', #10826, #6397, #4695, .T. ) ;
#157 = AXIS2_PLACEMENT_3D ( 'NONE', #4467, #7688, #7850 ) ;
#158 = CARTESIAN_POINT ( 'NONE',  ( 60.20000000000003126, -93.39999999999999147, -4.000000000000000000 ) ) ;
#159 = EDGE_LOOP ( 'NONE', ( #306, #4811, #7005, #3989 ) ) ;
#160 = VECTOR ( 'NONE', #3079, 1000.000000000000000 ) ;
#161 = VERTEX_POINT ( 'NONE', #966 ) ;
#162 = ORIENTED_EDGE ( 'NONE', *, *, #8396, .T. ) ;
#163 = CARTESIAN_POINT ( 'NONE',  ( 54.69999999999999574, 17.44999999999999929, 1.000000000000000000 ) ) ;
#164 = DIRECTION ( 'NONE',  ( 0.000000000000000000, -1.000000000000000000, 0.000000000000000000 ) ) ;
#165 = VECTOR ( 'NONE', #7936, 1000.000000000000000 ) ;
#166 = EDGE_LOOP ( 'NONE', ( #270, #1643, #3330, #8078 ) ) ;
#167 = DIRECTION ( 'NONE',  ( 0.000000000000000000, -0.000000000000000000, 1.000000000000000000 ) ) ;
#168 = LINE ( 'NONE', #7036, #4951 ) ;
#169 = DIRECTION ( 'NONE',  ( 1.000000000000000000, -0.000000000000000000, -0.000000000000000000 ) ) ;
#170 = CARTESIAN_POINT ( 'NONE',  ( 11.50000000000001243, -85.89999999999997726, -6.499999999999999112 ) ) ;
#171 = CARTESIAN_POINT ( 'NONE',  ( 4.799999999999981171, -10.00000000000000888, 0.4999999999999995559 ) ) ;
#172 = VERTEX_POINT ( 'NONE', #357 ) ;
#173 = VECTOR ( 'NONE', #5765, 1000.000000000000000 ) ;
#174 = CARTESIAN_POINT ( 'NONE',  ( -2.500000000000009326, -35.39999999999999858, 3.000000000000000000 ) ) ;
#175 = CARTESIAN_POINT ( 'NONE',  ( 55.19999999999999574, 11.44999999999999929, -14.00000000000000000 ) ) ;
#176 = VERTEX_POINT ( 'NONE', #6890 ) ;
#177 = VERTEX_POINT ( 'NONE', #3505 ) ;
#178 = EDGE_CURVE ( 'NONE', #9223, #8347, #10483, .T. ) ;
#179 = DIRECTION ( 'NONE',  ( 6.938893903907228378E-15, 0.000000000000000000, 1.000000000000000000 ) ) ;
#180 = DIRECTION ( 'NONE',  ( 1.000000000000000000, 0.000000000000000000, -0.000000000000000000 ) ) ;
#181 = DIRECTION ( 'NONE',  ( -0.000000000000000000, -0.000000000000000000, 1.000000000000000000 ) ) ;
#182 = VECTOR ( 'NONE', #1298, 1000.000000000000000 ) ;
#183 = CARTESIAN_POINT ( 'NONE',  ( 1.199999999999999956, 10.44999999999999929, -8.300000000000000711 ) ) ;
#184 = EDGE_CURVE ( 'NONE', #6140, #5199, #6060, .T. ) ;
#185 = PLANE ( 'NONE',  #3953 ) ;
#186 = DIRECTION ( 'NONE',  ( 0.000000000000000000, 0.000000000000000000, -1.000000000000000000 ) ) ;
#187 = EDGE_CURVE ( 'NONE', #9307, #4899, #7885, .T. ) ;
#188 = FACE_OUTER_BOUND ( 'NONE', #9939, .T. ) ;
#189 = ORIENTED_EDGE ( 'NONE', *, *, #4878, .F. ) ;
#190 = VECTOR ( 'NONE', #3176, 1000.000000000000000 ) ;
#191 = CARTESIAN_POINT ( 'NONE',  ( -1.300000000000000044, 18.45000000000000284, 0.5000000000000000000 ) ) ;
#192 = VERTEX_POINT ( 'NONE', #4392 ) ;
#193 = EDGE_CURVE ( 'NONE', #6976, #4147, #8661, .T. ) ;
#194 = CARTESIAN_POINT ( 'NONE',  ( 1.199999999999999956, 10.44999999999999929, -7.799999999999999822 ) ) ;
#195 = EDGE_CURVE ( 'NONE', #9362, #9271, #9443, .T. ) ;
#196 = DIRECTION ( 'NONE',  ( 0.000000000000000000, 0.000000000000000000, -1.000000000000000000 ) ) ;
#197 = EDGE_CURVE ( 'NONE', #3041, #1066, #5221, .T. ) ;
#198 = LINE ( 'NONE', #2899, #1476 ) ;
#199 = VECTOR ( 'NONE', #5551, 1000.000000000000000 ) ;
#200 = AXIS2_PLACEMENT_3D ( 'NONE', #2930, #2052, #9039 ) ;
#201 = EDGE_CURVE ( 'NONE', #5199, #3536, #7778, .T. ) ;
#202 = CARTESIAN_POINT ( 'NONE',  ( 6.499999999999993783, -35.39999999999999858, 3.000000000000000000 ) ) ;
#203 = EDGE_CURVE ( 'NONE', #3629, #6688, #3610, .T. ) ;
#204 = ORIENTED_EDGE ( 'NONE', *, *, #9058, .T. ) ;
#205 = ORIENTED_EDGE ( 'NONE', *, *, #3387, .F. ) ;
#206 = VERTEX_POINT ( 'NONE', #6177 ) ;
#207 = CARTESIAN_POINT ( 'NONE',  ( 1.355252715606880080E-17, -0.2999999999999999889, 0.5000000000000000000 ) ) ;
#208 = ADVANCED_FACE ( 'NONE', ( #188 ), #9553, .F. ) ;
#209 = FACE_OUTER_BOUND ( 'NONE', #9025, .T. ) ;
#210 = VERTEX_POINT ( 'NONE', #5337 ) ;
#211 = EDGE_LOOP ( 'NONE', ( #7012, #5918, #4055, #7097 ) ) ;
#212 = DIRECTION ( 'NONE',  ( -1.000000000000000000, 0.000000000000000000, 0.000000000000000000 ) ) ;
#213 = FACE_OUTER_BOUND ( 'NONE', #4686, .T. ) ;
#214 = EDGE_CURVE ( 'NONE', #3660, #3884, #8714, .T. ) ;
#215 = DIRECTION ( 'NONE',  ( 1.000000000000000000, -4.357233220663877152E-16, -0.000000000000000000 ) ) ;
#216 = VERTEX_POINT ( 'NONE', #1130 ) ;
#217 = EDGE_CURVE ( 'NONE', #9566, #2163, #2384, .T. ) ;
#218 = ORIENTED_EDGE ( 'NONE', *, *, #1823, .T. ) ;
#219 = VERTEX_POINT ( 'NONE', #2839 ) ;
#220 = CARTESIAN_POINT ( 'NONE',  ( 9.499999999999996447, -53.40000000000000568, 1.000000000000000000 ) ) ;
#221 = ADVANCED_FACE ( 'NONE', ( #6231 ), #2010, .F. ) ;
#222 = FACE_OUTER_BOUND ( 'NONE', #8799, .T. ) ;
#223 = ORIENTED_EDGE ( 'NONE', *, *, #7527, .T. ) ;
#224 = CARTESIAN_POINT ( 'NONE',  ( 35.50000000000000000, 27.40000000000000213, 1.000000000000000000 ) ) ;
#225 = LINE ( 'NONE', #4595, #7253 ) ;
#226 = CARTESIAN_POINT ( 'NONE',  ( -2.500000000000009326, -35.39999999999999858, 3.000000000000000000 ) ) ;
#227 = AXIS2_PLACEMENT_3D ( 'NONE', #8147, #10575, #5592 ) ;
#228 = PLANE ( 'NONE',  #6820 ) ;
#229 = DIRECTION ( 'NONE',  ( -4.921201350288809599E-16, 1.000000000000000000, 0.000000000000000000 ) ) ;
#230 = EDGE_CURVE ( 'NONE', #3217, #2186, #3085, .T. ) ;
#231 = ORIENTED_EDGE ( 'NONE', *, *, #8474, .T. ) ;
#232 = CARTESIAN_POINT ( 'NONE',  ( 35.50000000000000000, 25.89999999999999858, 3.000000000000000000 ) ) ;
#233 = PLANE ( 'NONE',  #10810 ) ;
#234 = EDGE_LOOP ( 'NONE', ( #5558, #5732, #778, #3334 ) ) ;
#235 = EDGE_LOOP ( 'NONE', ( #8092, #3822, #4419, #7928 ) ) ;
#236 = DIRECTION ( 'NONE',  ( -1.000000000000000000, 0.000000000000000000, 0.000000000000000000 ) ) ;
#237 = DIRECTION ( 'NONE',  ( 1.000000000000000000, 1.734723475976807834E-16, -0.000000000000000000 ) ) ;
#238 = VECTOR ( 'NONE', #10940, 1000.000000000000000 ) ;
#239 = CARTESIAN_POINT ( 'NONE',  ( 18.21999999999999886, 3.875000000000000000, 3.000000000000000000 ) ) ;
#240 = CARTESIAN_POINT ( 'NONE',  ( 56.20000000000001705, -35.39999999999999858, 1.000000000000000000 ) ) ;
#241 = DIRECTION ( 'NONE',  ( -1.000000000000000000, 0.000000000000000000, 0.000000000000000000 ) ) ;
#242 = EDGE_CURVE ( 'NONE', #9580, #269, #5217, .T. ) ;
#243 = VECTOR ( 'NONE', #2171, 1000.000000000000000 ) ;
#244 = CARTESIAN_POINT ( 'NONE',  ( -15.49999999999998934, -98.40000000000000568, 1.000000000000000000 ) ) ;
#245 = DIRECTION ( 'NONE',  ( -0.000000000000000000, -0.000000000000000000, -1.000000000000000000 ) ) ;
#246 = ORIENTED_EDGE ( 'NONE', *, *, #2281, .T. ) ;
#247 = CARTESIAN_POINT ( 'NONE',  ( -2.500000000000006661, -53.40000000000000568, 3.000000000000000000 ) ) ;
#248 = ORIENTED_EDGE ( 'NONE', *, *, #8254, .T. ) ;
#249 = CARTESIAN_POINT ( 'NONE',  ( 68.20000000000001705, -32.39999999999999858, 3.001000000000000334 ) ) ;
#250 = VECTOR ( 'NONE', #2545, 1000.000000000000000 ) ;
#251 = CARTESIAN_POINT ( 'NONE',  ( 41.20000000000001705, -68.40000000000000568, 1.000000000000000000 ) ) ;
#252 = DIRECTION ( 'NONE',  ( 1.000000000000000000, 0.000000000000000000, 0.000000000000000000 ) ) ;
#253 = DIRECTION ( 'NONE',  ( 9.251858538542971828E-16, 1.000000000000000000, -0.000000000000000000 ) ) ;
#254 = ORIENTED_EDGE ( 'NONE', *, *, #5703, .F. ) ;
#255 = EDGE_LOOP ( 'NONE', ( #2243, #6754, #5518, #9080, #5733, #9476 ) ) ;
#256 = ORIENTED_EDGE ( 'NONE', *, *, #2957, .F. ) ;
#257 = PLANE ( 'NONE',  #5642 ) ;
#258 = FACE_OUTER_BOUND ( 'NONE', #10034, .T. ) ;
#259 = EDGE_LOOP ( 'NONE', ( #34, #10419, #4909, #5674 ) ) ;
#260 = ORIENTED_EDGE ( 'NONE', *, *, #2485, .T. ) ;
#261 = DIRECTION ( 'NONE',  ( -0.000000000000000000, -0.000000000000000000, -1.000000000000000000 ) ) ;
#262 = LINE ( 'NONE', #154, #3637 ) ;
#263 = ADVANCED_FACE ( 'NONE', ( #520 ), #8830, .T. ) ;
#264 = CYLINDRICAL_SURFACE ( 'NONE', #7474, 0.5000000000000000000 ) ;
#265 = VECTOR ( 'NONE', #765, 1000.000000000000000 ) ;
#266 = DIRECTION ( 'NONE',  ( -0.000000000000000000, -0.000000000000000000, -1.000000000000000000 ) ) ;
#267 = FACE_OUTER_BOUND ( 'NONE', #2120, .T. ) ;
#268 = ORIENTED_EDGE ( 'NONE', *, *, #86, .F. ) ;
#269 = VERTEX_POINT ( 'NONE', #1241 ) ;
#270 = ORIENTED_EDGE ( 'NONE', *, *, #2241, .F. ) ;
#271 = AXIS2_PLACEMENT_3D ( 'NONE', #6093, #5249, #6975 ) ;
#272 = DIRECTION ( 'NONE',  ( 0.000000000000000000, 0.000000000000000000, -1.000000000000000000 ) ) ;
#273 = AXIS2_PLACEMENT_3D ( 'NONE', #5929, #3261, #10860 ) ;
#274 = DIRECTION ( 'NONE',  ( -1.000000000000000000, 0.000000000000000000, 0.000000000000000000 ) ) ;
#275 = ORIENTED_EDGE ( 'NONE', *, *, #8087, .T. ) ;
#276 = EDGE_CURVE ( 'NONE', #5402, #8624, #2228, .T. ) ;
#277 = FACE_OUTER_BOUND ( 'NONE', #858, .T. ) ;
#278 = LINE ( 'NONE', #4484, #8497 ) ;
#279 = ADVANCED_FACE ( 'NONE', ( #7162 ), #9713, .F. ) ;
#280 = EDGE_CURVE ( 'NONE', #7576, #8673, #632, .T. ) ;
#281 = DIRECTION ( 'NONE',  ( -0.000000000000000000, -0.000000000000000000, -1.000000000000000000 ) ) ;
#282 = EDGE_CURVE ( 'NONE', #10598, #3552, #2283, .T. ) ;
#283 = VECTOR ( 'NONE', #3133, 1000.000000000000000 ) ;
#284 = DIRECTION ( 'NONE',  ( 1.000000000000000000, 0.000000000000000000, -0.000000000000000000 ) ) ;
#285 = CYLINDRICAL_SURFACE ( 'NONE', #7543, 0.5000000000000000000 ) ;
#286 = VERTEX_POINT ( 'NONE', #3944 ) ;
#287 = VERTEX_POINT ( 'NONE', #6391 ) ;
#288 = FACE_OUTER_BOUND ( 'NONE', #600, .T. ) ;
#289 = EDGE_CURVE ( 'NONE', #5886, #7461, #561, .T. ) ;
#290 = LINE ( 'NONE', #10417, #7808 ) ;
#291 = AXIS2_PLACEMENT_3D ( 'NONE', #8350, #3303, #770 ) ;
#292 = ORIENTED_EDGE ( 'NONE', *, *, #1908, .T. ) ;
#293 = ORIENTED_EDGE ( 'NONE', *, *, #810, .T. ) ;
#294 = FACE_OUTER_BOUND ( 'NONE', #1036, .T. ) ;
#295 = DIRECTION ( 'NONE',  ( 1.287364360650691604E-16, 1.000000000000000000, 0.000000000000000000 ) ) ;
#296 = VECTOR ( 'NONE', #1857, 1000.000000000000000 ) ;
#297 = DIRECTION ( 'NONE',  ( 0.000000000000000000, 0.000000000000000000, -1.000000000000000000 ) ) ;
#298 = EDGE_CURVE ( 'NONE', #4133, #1140, #5611, .T. ) ;
#299 = FACE_OUTER_BOUND ( 'NONE', #2461, .T. ) ;
#300 = AXIS2_PLACEMENT_3D ( 'NONE', #5720, #5933, #2435 ) ;
#301 = CARTESIAN_POINT ( 'NONE',  ( -15.50000000000000711, 39.40000000000000568, 1.000000000000000000 ) ) ;
#302 = CARTESIAN_POINT ( 'NONE',  ( 0.000000000000000000, 25.39999999999999858, 0.5000000000000000000 ) ) ;
#303 = CARTESIAN_POINT ( 'NONE',  ( 13.49999999999999112, -85.89999999999997726, -6.499999999999999112 ) ) ;
#304 = ORIENTED_EDGE ( 'NONE', *, *, #7725, .F. ) ;
#305 = DIRECTION ( 'NONE',  ( -1.000000000000000000, 0.000000000000000000, 0.000000000000000000 ) ) ;
#306 = ORIENTED_EDGE ( 'NONE', *, *, #3460, .T. ) ;
#307 = LINE ( 'NONE', #6288, #2451 ) ;
#308 = DIRECTION ( 'NONE',  ( -1.000000000000000000, 0.000000000000000000, 0.000000000000000000 ) ) ;
#309 = CARTESIAN_POINT ( 'NONE',  ( -3.500000000000003109, 36.39999999999999858, -2.999999999999999112 ) ) ;
#310 = DIRECTION ( 'NONE',  ( 0.000000000000000000, 0.000000000000000000, -1.000000000000000000 ) ) ;
#311 = VECTOR ( 'NONE', #4212, 1000.000000000000000 ) ;
#312 = EDGE_LOOP ( 'NONE', ( #3147, #3128, #6233, #3464 ) ) ;
#313 = ORIENTED_EDGE ( 'NONE', *, *, #6089, .T. ) ;
#314 = ADVANCED_FACE ( 'NONE', ( #3836 ), #465, .F. ) ;
#315 = ORIENTED_EDGE ( 'NONE', *, *, #10659, .F. ) ;
#316 = CARTESIAN_POINT ( 'NONE',  ( 9.499999999999992895, -50.39999999999999858, 1.000000000000000000 ) ) ;
#317 = VERTEX_POINT ( 'NONE', #3112 ) ;
#318 = EDGE_LOOP ( 'NONE', ( #2213, #10388 ) ) ;
#319 = CARTESIAN_POINT ( 'NONE',  ( 15.49999999999999289, -93.39999999999997726, 1.000000000000000000 ) ) ;
#320 = CARTESIAN_POINT ( 'NONE',  ( 38.20000000000000995, -17.40000000000000213, 1.000000000000000000 ) ) ;
#321 = CARTESIAN_POINT ( 'NONE',  ( 35.20000000000002416, -35.39999999999999858, 3.001000000000000334 ) ) ;
#322 = AXIS2_PLACEMENT_3D ( 'NONE', #5065, #3455, #9445 ) ;
#323 = EDGE_CURVE ( 'NONE', #7671, #9565, #2673, .T. ) ;
#324 = CARTESIAN_POINT ( 'NONE',  ( 28.50000000000000000, 0.2000000000000000111, 1.000000000000000000 ) ) ;
#325 = ORIENTED_EDGE ( 'NONE', *, *, #8133, .F. ) ;
#326 = ORIENTED_EDGE ( 'NONE', *, *, #8256, .T. ) ;
#327 = ORIENTED_EDGE ( 'NONE', *, *, #9088, .F. ) ;
#328 = ADVANCED_FACE ( 'NONE', ( #3003 ), #9770, .T. ) ;
#329 = FACE_BOUND ( 'NONE', #803, .T. ) ;
#330 = CARTESIAN_POINT ( 'NONE',  ( 56.20000000000001705, -68.40000000000000568, 3.001000000000000334 ) ) ;
#331 = VECTOR ( 'NONE', #4714, 1000.000000000000000 ) ;
#332 = ORIENTED_EDGE ( 'NONE', *, *, #10562, .F. ) ;
#333 = DIRECTION ( 'NONE',  ( 0.000000000000000000, -1.000000000000000000, 0.000000000000000000 ) ) ;
#334 = AXIS2_PLACEMENT_3D ( 'NONE', #3440, #5999, #793 ) ;
#335 = CARTESIAN_POINT ( 'NONE',  ( 7.799999999999986500, -10.00000000000000888, -7.500000000000000888 ) ) ;
#336 = CARTESIAN_POINT ( 'NONE',  ( 27.50000000000000000, -2.272520068876680011, 0.02826803116136170080 ) ) ;
#337 = AXIS2_PLACEMENT_3D ( 'NONE', #2309, #4910, #3137 ) ;
#338 = EDGE_CURVE ( 'NONE', #2590, #1619, #411, .T. ) ;
#339 = CARTESIAN_POINT ( 'NONE',  ( 55.00000000000000000, 5.950000000000000178, 0.5000000000000000000 ) ) ;
#340 = CARTESIAN_POINT ( 'NONE',  ( -0.2999999999999924949, 6.949999999999999289, 0.5000000000000000000 ) ) ;
#341 = ADVANCED_FACE ( 'NONE', ( #8940 ), #9930, .F. ) ;
#342 = AXIS2_PLACEMENT_3D ( 'NONE', #9276, #1081, #4451 ) ;
#343 = ORIENTED_EDGE ( 'NONE', *, *, #2236, .F. ) ;
#344 = VERTEX_POINT ( 'NONE', #6501 ) ;
#345 = CARTESIAN_POINT ( 'NONE',  ( 50.20000000000000995, -17.40000000000000213, 3.000000000000000000 ) ) ;
#346 = DIRECTION ( 'NONE',  ( 0.000000000000000000, 0.000000000000000000, 1.000000000000000000 ) ) ;
#347 = ORIENTED_EDGE ( 'NONE', *, *, #8593, .T. ) ;
#348 = EDGE_LOOP ( 'NONE', ( #10647, #9728, #7463, #5456 ) ) ;
#349 = DIRECTION ( 'NONE',  ( -1.000000000000000000, 0.000000000000000000, 0.000000000000000000 ) ) ;
#350 = CARTESIAN_POINT ( 'NONE',  ( -14.50000000000000533, -94.39999999999999147, 1.000000000000000000 ) ) ;
#351 = ADVANCED_FACE ( 'NONE', ( #8107 ), #9819, .F. ) ;
#352 = CARTESIAN_POINT ( 'NONE',  ( -0.2999999999999929945, 11.44999999999999929, -14.00000000000000000 ) ) ;
#353 = VECTOR ( 'NONE', #416, 1000.000000000000000 ) ;
#354 = CARTESIAN_POINT ( 'NONE',  ( 55.19999999999999574, 6.949999999999999289, -7.799999999999999822 ) ) ;
#355 = CARTESIAN_POINT ( 'NONE',  ( 44.20000000000000995, -17.40000000000000213, 3.000000000000000000 ) ) ;
#356 = LINE ( 'NONE', #7161, #4706 ) ;
#357 = CARTESIAN_POINT ( 'NONE',  ( 28.50000000000000000, 25.89999999999999858, -10.00000000000000000 ) ) ;
#358 = ORIENTED_EDGE ( 'NONE', *, *, #2707, .F. ) ;
#359 = EDGE_CURVE ( 'NONE', #6192, #5180, #7640, .T. ) ;
#360 = DIRECTION ( 'NONE',  ( 0.000000000000000000, -1.000000000000000000, 0.000000000000000000 ) ) ;
#361 = ORIENTED_EDGE ( 'NONE', *, *, #9573, .T. ) ;
#362 = DIRECTION ( 'NONE',  ( 0.000000000000000000, -1.000000000000000000, 0.000000000000000000 ) ) ;
#363 = VECTOR ( 'NONE', #2328, 1000.000000000000000 ) ;
#364 = CARTESIAN_POINT ( 'NONE',  ( 0.2000000000000070055, 10.44999999999999929, 1.000000000000000000 ) ) ;
#365 = CARTESIAN_POINT ( 'NONE',  ( -0.2999999999999924949, 18.45000000000000284, 3.000000000000000000 ) ) ;
#366 = CARTESIAN_POINT ( 'NONE',  ( 0.2000000000000155265, 8.626985028379989374E-17, 1.000000000000000000 ) ) ;
#367 = CIRCLE ( 'NONE', #6028, 2.999999999999999112 ) ;
#368 = EDGE_LOOP ( 'NONE', ( #1568, #2862, #6364, #6010 ) ) ;
#369 = ORIENTED_EDGE ( 'NONE', *, *, #8148, .T. ) ;
#370 = ORIENTED_EDGE ( 'NONE', *, *, #5058, .F. ) ;
#371 = DIRECTION ( 'NONE',  ( 0.000000000000000000, 1.000000000000000000, -0.000000000000000000 ) ) ;
#372 = VERTEX_POINT ( 'NONE', #8490 ) ;
#373 = ORIENTED_EDGE ( 'NONE', *, *, #10371, .T. ) ;
#374 = CARTESIAN_POINT ( 'NONE',  ( 62.20000000000000995, -50.39999999999999858, 3.001000000000000334 ) ) ;
#375 = DIRECTION ( 'NONE',  ( -0.03489949670250448027, 0.000000000000000000, 0.9993908270190955401 ) ) ;
#376 = AXIS2_PLACEMENT_3D ( 'NONE', #10425, #5386, #9601 ) ;
#377 = VECTOR ( 'NONE', #8153, 1000.000000000000000 ) ;
#378 = DIRECTION ( 'NONE',  ( -1.000000000000000000, -4.517509052022939661E-17, 0.000000000000000000 ) ) ;
#379 = DIRECTION ( 'NONE',  ( 0.000000000000000000, 1.000000000000000000, 0.000000000000000000 ) ) ;
#380 = VERTEX_POINT ( 'NONE', #8436 ) ;
#381 = EDGE_CURVE ( 'NONE', #4804, #10350, #7544, .T. ) ;
#382 = ORIENTED_EDGE ( 'NONE', *, *, #8061, .T. ) ;
#383 = ORIENTED_EDGE ( 'NONE', *, *, #7588, .F. ) ;
#384 = VECTOR ( 'NONE', #5104, 1000.000000000000000 ) ;
#385 = FACE_BOUND ( 'NONE', #6287, .T. ) ;
#386 = FACE_OUTER_BOUND ( 'NONE', #10332, .T. ) ;
#387 = EDGE_LOOP ( 'NONE', ( #5979, #10879, #7176, #2131 ) ) ;
#388 = CARTESIAN_POINT ( 'NONE',  ( 32.03000000000000114, 12.80000000000000071, 3.000000000000000000 ) ) ;
#389 = EDGE_CURVE ( 'NONE', #9755, #3582, #5721, .T. ) ;
#390 = DIRECTION ( 'NONE',  ( 1.000000000000000000, 1.219727444046193967E-16, 0.000000000000000000 ) ) ;
#391 = DIRECTION ( 'NONE',  ( -1.005636797667715272E-16, -1.000000000000000000, 0.000000000000000000 ) ) ;
#392 = DIRECTION ( 'NONE',  ( 0.000000000000000000, -1.000000000000000000, 0.000000000000000000 ) ) ;
#393 = CARTESIAN_POINT ( 'NONE',  ( 9.499999999999992895, -32.39999999999999858, 1.000000000000000000 ) ) ;
#394 = ORIENTED_EDGE ( 'NONE', *, *, #9422, .T. ) ;
#395 = ORIENTED_EDGE ( 'NONE', *, *, #10244, .F. ) ;
#396 = CARTESIAN_POINT ( 'NONE',  ( -14.50000000000000533, -94.39999999999999147, 3.000000000000000000 ) ) ;
#397 = CARTESIAN_POINT ( 'NONE',  ( 72.20000000000001705, -95.40000000000000568, 1.000000000000000000 ) ) ;
#398 = ORIENTED_EDGE ( 'NONE', *, *, #10828, .F. ) ;
#399 = VERTEX_POINT ( 'NONE', #10143 ) ;
#400 = CARTESIAN_POINT ( 'NONE',  ( 11.49999999999999112, -93.39999999999996305, -1.000000000000000888 ) ) ;
#401 = CARTESIAN_POINT ( 'NONE',  ( 0.000000000000000000, -2.299999999999999822, -14.00000000000000000 ) ) ;
#402 = DIRECTION ( 'NONE',  ( 9.251858538542971828E-16, 1.000000000000000000, -0.000000000000000000 ) ) ;
#403 = AXIS2_PLACEMENT_3D ( 'NONE', #2456, #2626, #10051 ) ;
#404 = ADVANCED_FACE ( 'NONE', ( #10029 ), #10864, .F. ) ;
#405 = ADVANCED_FACE ( 'NONE', ( #3329 ), #5880, .T. ) ;
#406 = LINE ( 'NONE', #7774, #4965 ) ;
#407 = DIRECTION ( 'NONE',  ( 0.000000000000000000, 0.000000000000000000, -1.000000000000000000 ) ) ;
#408 = DIRECTION ( 'NONE',  ( 1.000000000000000000, -0.000000000000000000, -0.000000000000000000 ) ) ;
#409 = CARTESIAN_POINT ( 'NONE',  ( 35.20000000000002416, -35.39999999999999858, 1.000000000000000000 ) ) ;
#410 = CIRCLE ( 'NONE', #6599, 1.000000000000000000 ) ;
#411 = LINE ( 'NONE', #6555, #8880 ) ;
#412 = VECTOR ( 'NONE', #7270, 1000.000000000000000 ) ;
#413 = ORIENTED_EDGE ( 'NONE', *, *, #5754, .T. ) ;
#414 = DIRECTION ( 'NONE',  ( -0.000000000000000000, -0.000000000000000000, -1.000000000000000000 ) ) ;
#415 = ORIENTED_EDGE ( 'NONE', *, *, #4470, .T. ) ;
#416 = DIRECTION ( 'NONE',  ( 1.000000000000000000, -0.000000000000000000, -0.000000000000000000 ) ) ;
#417 = CARTESIAN_POINT ( 'NONE',  ( 3.799999999999983835, -76.00000000000001421, -7.500000000000000888 ) ) ;
#418 = DIRECTION ( 'NONE',  ( 1.000000000000000000, -0.000000000000000000, 0.000000000000000000 ) ) ;
#419 = VECTOR ( 'NONE', #10602, 1000.000000000000000 ) ;
#420 = EDGE_CURVE ( 'NONE', #2955, #602, #4053, .T. ) ;
#421 = DIRECTION ( 'NONE',  ( 0.000000000000000000, 0.000000000000000000, -1.000000000000000000 ) ) ;
#422 = ADVANCED_FACE ( 'NONE', ( #1723 ), #73, .T. ) ;
#423 = ORIENTED_EDGE ( 'NONE', *, *, #8376, .F. ) ;
#424 = VERTEX_POINT ( 'NONE', #8267 ) ;
#425 = ORIENTED_EDGE ( 'NONE', *, *, #10762, .F. ) ;
#426 = CARTESIAN_POINT ( 'NONE',  ( 56.71110922711549307, 0.000000000000000000, -13.00000000000000000 ) ) ;
#427 = EDGE_CURVE ( 'NONE', #2633, #8388, #9973, .T. ) ;
#428 = ORIENTED_EDGE ( 'NONE', *, *, #6983, .T. ) ;
#429 = AXIS2_PLACEMENT_3D ( 'NONE', #7775, #4287, #1018 ) ;
#430 = ORIENTED_EDGE ( 'NONE', *, *, #528, .T. ) ;
#431 = DIRECTION ( 'NONE',  ( 0.000000000000000000, 1.000000000000000000, -0.000000000000000000 ) ) ;
#432 = CARTESIAN_POINT ( 'NONE',  ( -2.262320420926724918, 2.449999999999999734, -0.07900196993566389880 ) ) ;
#433 = DIRECTION ( 'NONE',  ( 0.000000000000000000, -1.000000000000000000, 0.000000000000000000 ) ) ;
#434 = EDGE_CURVE ( 'NONE', #4316, #9580, #1509, .T. ) ;
#435 = PLANE ( 'NONE',  #109 ) ;
#436 = VERTEX_POINT ( 'NONE', #5774 ) ;
#437 = ORIENTED_EDGE ( 'NONE', *, *, #7812, .T. ) ;
#438 = ORIENTED_EDGE ( 'NONE', *, *, #3399, .T. ) ;
#439 = FACE_BOUND ( 'NONE', #6593, .T. ) ;
#440 = CARTESIAN_POINT ( 'NONE',  ( 38.20000000000000995, -50.39999999999999858, 1.000000000000000000 ) ) ;
#441 = VERTEX_POINT ( 'NONE', #9318 ) ;
#442 = PLANE ( 'NONE',  #1193 ) ;
#443 = AXIS2_PLACEMENT_3D ( 'NONE', #5938, #2552, #909 ) ;
#444 = LINE ( 'NONE', #9797, #10083 ) ;
#445 = DIRECTION ( 'NONE',  ( 1.000000000000000000, -2.209838822900395026E-16, 0.000000000000000000 ) ) ;
#446 = CARTESIAN_POINT ( 'NONE',  ( -0.2999999999999929945, 11.44999999999999929, 0.5000000000000000000 ) ) ;
#447 = AXIS2_PLACEMENT_3D ( 'NONE', #3269, #9154, #5834 ) ;
#448 = CARTESIAN_POINT ( 'NONE',  ( 3.499999999999987566, -17.40000000000000213, 3.000000000000000000 ) ) ;
#449 = VERTEX_POINT ( 'NONE', #9151 ) ;
#450 = ORIENTED_EDGE ( 'NONE', *, *, #2774, .T. ) ;
#451 = AXIS2_PLACEMENT_3D ( 'NONE', #2119, #4837, #10699 ) ;
#452 = DIRECTION ( 'NONE',  ( 1.000000000000000000, 0.000000000000000000, 0.000000000000000000 ) ) ;
#453 = FACE_BOUND ( 'NONE', #6513, .T. ) ;
#454 = ORIENTED_EDGE ( 'NONE', *, *, #6074, .T. ) ;
#455 = ORIENTED_EDGE ( 'NONE', *, *, #5598, .T. ) ;
#456 = CARTESIAN_POINT ( 'NONE',  ( -1.300000000000000044, 2.500000000000000000, -1.000000000000000000 ) ) ;
#457 = CARTESIAN_POINT ( 'NONE',  ( -1.800000000000000044, -8.393823270855531081E-17, 1.000000000000000000 ) ) ;
#458 = AXIS2_PLACEMENT_3D ( 'NONE', #4709, #2319, #1382 ) ;
#459 = CARTESIAN_POINT ( 'NONE',  ( 65.20000000000001705, -35.39999999999999858, 3.001000000000000334 ) ) ;
#460 = CARTESIAN_POINT ( 'NONE',  ( 35.50000000000000000, 26.89999999999999858, -1.000000000000000000 ) ) ;
#461 = PLANE ( 'NONE',  #5417 ) ;
#462 = AXIS2_PLACEMENT_3D ( 'NONE', #7851, #2585, #10231 ) ;
#463 = DIRECTION ( 'NONE',  ( -1.000000000000000000, 0.000000000000000000, 0.000000000000000000 ) ) ;
#464 = VECTOR ( 'NONE', #4021, 1000.000000000000000 ) ;
#465 = PLANE ( 'NONE',  #6043 ) ;
#466 = ORIENTED_EDGE ( 'NONE', *, *, #7106, .F. ) ;
#467 = EDGE_CURVE ( 'NONE', #6688, #6685, #4993, .T. ) ;
#468 = CARTESIAN_POINT ( 'NONE',  ( 0.2000000000000070055, 10.44999999999999929, 0.5000000000000000000 ) ) ;
#469 = CARTESIAN_POINT ( 'NONE',  ( 18.50000000000000000, 25.89999999999999858, 0.5000000000000000000 ) ) ;
#470 = EDGE_LOOP ( 'NONE', ( #3331, #5064, #8255, #9804 ) ) ;
#471 = FACE_OUTER_BOUND ( 'NONE', #7473, .T. ) ;
#472 = DIRECTION ( 'NONE',  ( -4.336808689942015271E-16, 0.000000000000000000, 1.000000000000000000 ) ) ;
#473 = VECTOR ( 'NONE', #3942, 1000.000000000000000 ) ;
#474 = CARTESIAN_POINT ( 'NONE',  ( -14.50000000000000533, 35.39999999999999858, 1.000000000000000000 ) ) ;
#475 = CIRCLE ( 'NONE', #4529, 2.799999999999999822 ) ;
#476 = CARTESIAN_POINT ( 'NONE',  ( -8.500000000000008882, -50.39999999999999858, 1.000000000000000000 ) ) ;
#477 = EDGE_CURVE ( 'NONE', #2758, #8798, #4278, .T. ) ;
#478 = ORIENTED_EDGE ( 'NONE', *, *, #280, .T. ) ;
#479 = VERTEX_POINT ( 'NONE', #790 ) ;
#480 = VERTEX_POINT ( 'NONE', #7436 ) ;
#481 = DIRECTION ( 'NONE',  ( 1.000000000000000000, -0.000000000000000000, 0.000000000000000000 ) ) ;
#482 = ORIENTED_EDGE ( 'NONE', *, *, #5223, .F. ) ;
#483 = PLANE ( 'NONE',  #10054 ) ;
#484 = EDGE_CURVE ( 'NONE', #8675, #9161, #736, .T. ) ;
#485 = PLANE ( 'NONE',  #6059 ) ;
#486 = AXIS2_PLACEMENT_3D ( 'NONE', #3770, #4719, #571 ) ;
#487 = PLANE ( 'NONE',  #4348 ) ;
#488 = ORIENTED_EDGE ( 'NONE', *, *, #9429, .F. ) ;
#489 = ORIENTED_EDGE ( 'NONE', *, *, #3291, .F. ) ;
#490 = ORIENTED_EDGE ( 'NONE', *, *, #2472, .F. ) ;
#491 = FACE_BOUND ( 'NONE', #10030, .T. ) ;
#492 = DIRECTION ( 'NONE',  ( 0.000000000000000000, 0.000000000000000000, 1.000000000000000000 ) ) ;
#493 = ORIENTED_EDGE ( 'NONE', *, *, #7426, .F. ) ;
#494 = EDGE_CURVE ( 'NONE', #4246, #6502, #9260, .T. ) ;
#495 = LINE ( 'NONE', #6263, #5974 ) ;
#496 = AXIS2_PLACEMENT_3D ( 'NONE', #2564, #4344, #969 ) ;
#497 = DIRECTION ( 'NONE',  ( 0.000000000000000000, 0.000000000000000000, -1.000000000000000000 ) ) ;
#498 = CARTESIAN_POINT ( 'NONE',  ( -16.05000000000000426, 35.39999999999999858, 3.000000000000000000 ) ) ;
#499 = FACE_OUTER_BOUND ( 'NONE', #8462, .T. ) ;
#500 = VERTEX_POINT ( 'NONE', #5048 ) ;
#501 = CARTESIAN_POINT ( 'NONE',  ( 18.21999999999999886, 22.91999999999999815, 3.000000000000000000 ) ) ;
#502 = AXIS2_PLACEMENT_3D ( 'NONE', #7478, #2324, #3373 ) ;
#503 = ORIENTED_EDGE ( 'NONE', *, *, #10357, .T. ) ;
#504 = ORIENTED_EDGE ( 'NONE', *, *, #1357, .F. ) ;
#505 = DIRECTION ( 'NONE',  ( 0.000000000000000000, 0.000000000000000000, -1.000000000000000000 ) ) ;
#506 = DIRECTION ( 'NONE',  ( -0.000000000000000000, 0.000000000000000000, -1.000000000000000000 ) ) ;
#507 = AXIS2_PLACEMENT_3D ( 'NONE', #7048, #3769, #349 ) ;
#508 = ORIENTED_EDGE ( 'NONE', *, *, #7283, .T. ) ;
#509 = ORIENTED_EDGE ( 'NONE', *, *, #3646, .T. ) ;
#510 = LINE ( 'NONE', #10636, #7557 ) ;
#511 = CARTESIAN_POINT ( 'NONE',  ( 72.75000000000001421, -94.39999999999999147, 1.000000000000000000 ) ) ;
#512 = CIRCLE ( 'NONE', #155, 1.549999999999999378 ) ;
#513 = DIRECTION ( 'NONE',  ( 2.356961244533720211E-16, -1.000000000000000000, 0.000000000000000000 ) ) ;
#514 = AXIS2_PLACEMENT_3D ( 'NONE', #10504, #3019, #2193 ) ;
#515 = DIRECTION ( 'NONE',  ( 0.000000000000000000, 0.7071067811865426878, 0.7071067811865524577 ) ) ;
#516 = FACE_OUTER_BOUND ( 'NONE', #7079, .T. ) ;
#517 = FACE_OUTER_BOUND ( 'NONE', #3360, .T. ) ;
#518 = EDGE_CURVE ( 'NONE', #2285, #8946, #1615, .T. ) ;
#519 = AXIS2_PLACEMENT_3D ( 'NONE', #4576, #5519, #1143 ) ;
#520 = FACE_OUTER_BOUND ( 'NONE', #813, .T. ) ;
#521 = ORIENTED_EDGE ( 'NONE', *, *, #1816, .F. ) ;
#522 = FACE_BOUND ( 'NONE', #4515, .T. ) ;
#523 = DIRECTION ( 'NONE',  ( 0.000000000000000000, 1.000000000000000000, -0.000000000000000000 ) ) ;
#524 = ORIENTED_EDGE ( 'NONE', *, *, #9962, .T. ) ;
#525 = AXIS2_PLACEMENT_3D ( 'NONE', #4566, #2896, #9661 ) ;
#526 = LINE ( 'NONE', #7281, #7415 ) ;
#527 = EDGE_CURVE ( 'NONE', #1313, #1468, #4273, .T. ) ;
#528 = EDGE_CURVE ( 'NONE', #2013, #1244, #7606, .T. ) ;
#529 = CARTESIAN_POINT ( 'NONE',  ( 47.20000000000001705, -53.40000000000000568, 1.000000000000000000 ) ) ;
#530 = CARTESIAN_POINT ( 'NONE',  ( 13.49999999999999112, -93.39999999999996305, -13.99999999999999822 ) ) ;
#531 = ORIENTED_EDGE ( 'NONE', *, *, #3011, .F. ) ;
#532 = ORIENTED_EDGE ( 'NONE', *, *, #217, .F. ) ;
#533 = ADVANCED_FACE ( 'NONE', ( #7045 ), #233, .T. ) ;
#534 = ORIENTED_EDGE ( 'NONE', *, *, #3737, .T. ) ;
#535 = AXIS2_PLACEMENT_3D ( 'NONE', #10745, #8989, #4096 ) ;
#536 = CARTESIAN_POINT ( 'NONE',  ( 3.499999999999991118, -50.39999999999999858, 1.000000000000000000 ) ) ;
#537 = ORIENTED_EDGE ( 'NONE', *, *, #8998, .F. ) ;
#538 = ADVANCED_FACE ( 'NONE', ( #1065 ), #3550, .F. ) ;
#539 = LINE ( 'NONE', #8125, #4230 ) ;
#540 = EDGE_CURVE ( 'NONE', #5569, #4316, #7873, .T. ) ;
#541 = CARTESIAN_POINT ( 'NONE',  ( -0.2999999999999924949, 18.45000000000000284, 3.000000000000000000 ) ) ;
#542 = EDGE_CURVE ( 'NONE', #8899, #2867, #4493, .T. ) ;
#543 = AXIS2_PLACEMENT_3D ( 'NONE', #6480, #7197, #497 ) ;
#544 = ADVANCED_FACE ( 'NONE', ( #5327 ), #8597, .F. ) ;
#545 = DIRECTION ( 'NONE',  ( -0.000000000000000000, -0.000000000000000000, -1.000000000000000000 ) ) ;
#546 = EDGE_LOOP ( 'NONE', ( #7912, #1749, #6608, #4017 ) ) ;
#547 = EDGE_CURVE ( 'NONE', #2437, #6612, #290, .T. ) ;
#548 = ORIENTED_EDGE ( 'NONE', *, *, #8387, .F. ) ;
#549 = ORIENTED_EDGE ( 'NONE', *, *, #381, .F. ) ;
#550 = FACE_BOUND ( 'NONE', #5593, .T. ) ;
#551 = EDGE_CURVE ( 'NONE', #8049, #10072, #3600, .T. ) ;
#552 = CARTESIAN_POINT ( 'NONE',  ( -5.500000000000005329, -68.40000000000000568, 1.000000000000000000 ) ) ;
#553 = VERTEX_POINT ( 'NONE', #9536 ) ;
#554 = VECTOR ( 'NONE', #4336, 1000.000000000000000 ) ;
#555 = VECTOR ( 'NONE', #7930, 1000.000000000000000 ) ;
#556 = CARTESIAN_POINT ( 'NONE',  ( 72.20000000000000284, 39.40000000000000568, 1.000000000000000000 ) ) ;
#557 = FACE_OUTER_BOUND ( 'NONE', #5130, .T. ) ;
#558 = FACE_OUTER_BOUND ( 'NONE', #6382, .T. ) ;
#559 = CARTESIAN_POINT ( 'NONE',  ( 13.49999999999999112, -93.39999999999996305, -13.99999999999999822 ) ) ;
#560 = EDGE_CURVE ( 'NONE', #2162, #176, #10273, .T. ) ;
#561 = CIRCLE ( 'NONE', #1789, 0.5000000000000000000 ) ;
#562 = ORIENTED_EDGE ( 'NONE', *, *, #2482, .F. ) ;
#563 = EDGE_CURVE ( 'NONE', #7875, #8840, #6050, .T. ) ;
#564 = LINE ( 'NONE', #2155, #6250 ) ;
#565 = ORIENTED_EDGE ( 'NONE', *, *, #9203, .F. ) ;
#566 = VERTEX_POINT ( 'NONE', #123 ) ;
#567 = CARTESIAN_POINT ( 'NONE',  ( 60.20000000000003126, -93.39999999999999147, -4.000000000000000000 ) ) ;
#568 = LINE ( 'NONE', #7313, #6568 ) ;
#569 = ORIENTED_EDGE ( 'NONE', *, *, #6189, .T. ) ;
#570 = ORIENTED_EDGE ( 'NONE', *, *, #8756, .T. ) ;
#571 = DIRECTION ( 'NONE',  ( 1.000000000000000000, 0.000000000000000000, 0.000000000000000000 ) ) ;
#572 = CARTESIAN_POINT ( 'NONE',  ( 71.20000000000000284, -83.40000000000000568, -4.000000000000000000 ) ) ;
#573 = CARTESIAN_POINT ( 'NONE',  ( 35.50000000000000000, -1.300000000000000044, 0.5000000000000000000 ) ) ;
#574 = LINE ( 'NONE', #7271, #9261 ) ;
#575 = EDGE_CURVE ( 'NONE', #2793, #2409, #5380, .T. ) ;
#576 = DIRECTION ( 'NONE',  ( 0.000000000000000000, 0.000000000000000000, 1.000000000000000000 ) ) ;
#577 = DIRECTION ( 'NONE',  ( 1.000000000000000000, -4.357233220663877152E-16, 0.000000000000000000 ) ) ;
#578 = DIRECTION ( 'NONE',  ( 1.000000000000000000, 0.000000000000000000, 0.000000000000000000 ) ) ;
#579 = ORIENTED_EDGE ( 'NONE', *, *, #10954, .T. ) ;
#580 = ORIENTED_EDGE ( 'NONE', *, *, #5795, .F. ) ;
#581 = DIRECTION ( 'NONE',  ( 0.000000000000000000, 0.000000000000000000, 1.000000000000000000 ) ) ;
#582 = CARTESIAN_POINT ( 'NONE',  ( 48.79999999999998295, -10.00000000000000888, 0.4999999999999995559 ) ) ;
#583 = ORIENTED_EDGE ( 'NONE', *, *, #10357, .F. ) ;
#584 = DIRECTION ( 'NONE',  ( 1.000000000000000000, 0.000000000000000000, -0.000000000000000000 ) ) ;
#585 = DIRECTION ( 'NONE',  ( -0.000000000000000000, -0.000000000000000000, -1.000000000000000000 ) ) ;
#586 = ADVANCED_FACE ( 'NONE', ( #9430 ), #3659, .T. ) ;
#587 = DIRECTION ( 'NONE',  ( -0.000000000000000000, -0.000000000000000000, -1.000000000000000000 ) ) ;
#588 = AXIS2_PLACEMENT_3D ( 'NONE', #10507, #8740, #3854 ) ;
#589 = TOROIDAL_SURFACE ( 'NONE', #6779, 2.299999999999999822, 0.5000000000000000000 ) ;
#590 = ORIENTED_EDGE ( 'NONE', *, *, #6508, .F. ) ;
#591 = ORIENTED_EDGE ( 'NONE', *, *, #9990, .F. ) ;
#592 = EDGE_LOOP ( 'NONE', ( #1277, #7367, #162, #8269, #10564, #8221, #1837, #1312 ) ) ;
#593 = CYLINDRICAL_SURFACE ( 'NONE', #4737, 3.000000000000004441 ) ;
#594 = ORIENTED_EDGE ( 'NONE', *, *, #6172, .F. ) ;
#595 = FACE_OUTER_BOUND ( 'NONE', #10539, .T. ) ;
#596 = VECTOR ( 'NONE', #3531, 1000.000000000000000 ) ;
#597 = VECTOR ( 'NONE', #3792, 1000.000000000000000 ) ;
#598 = PLANE ( 'NONE',  #7130 ) ;
#599 = DIRECTION ( 'NONE',  ( -1.000000000000000000, 0.000000000000000000, 0.000000000000000000 ) ) ;
#600 = EDGE_LOOP ( 'NONE', ( #9451, #6284, #5075, #5964 ) ) ;
#601 = VECTOR ( 'NONE', #2447, 1000.000000000000000 ) ;
#602 = VERTEX_POINT ( 'NONE', #5264 ) ;
#603 = ORIENTED_EDGE ( 'NONE', *, *, #10341, .T. ) ;
#604 = CARTESIAN_POINT ( 'NONE',  ( 13.49999999999999112, -93.39999999999996305, -13.99999999999999822 ) ) ;
#605 = CARTESIAN_POINT ( 'NONE',  ( -8.500000000000008882, -50.39999999999999858, 3.000000000000000000 ) ) ;
#606 = VERTEX_POINT ( 'NONE', #2717 ) ;
#607 = FACE_OUTER_BOUND ( 'NONE', #3070, .T. ) ;
#608 = EDGE_CURVE ( 'NONE', #4796, #10895, #5207, .T. ) ;
#609 = DIRECTION ( 'NONE',  ( 0.000000000000000000, -1.000000000000000000, 0.000000000000000000 ) ) ;
#610 = CARTESIAN_POINT ( 'NONE',  ( 27.50000000000000000, -2.272520068876680011, 0.02826803116136170080 ) ) ;
#611 = DIRECTION ( 'NONE',  ( 0.000000000000000000, 0.000000000000000000, -1.000000000000000000 ) ) ;
#612 = CARTESIAN_POINT ( 'NONE',  ( 70.20000000000001705, 24.40000000000000568, -4.000000000000000000 ) ) ;
#613 = ORIENTED_EDGE ( 'NONE', *, *, #1031, .F. ) ;
#614 = DIRECTION ( 'NONE',  ( 0.000000000000000000, 0.000000000000000000, -1.000000000000000000 ) ) ;
#615 = ORIENTED_EDGE ( 'NONE', *, *, #9026, .T. ) ;
#616 = ORIENTED_EDGE ( 'NONE', *, *, #7582, .F. ) ;
#617 = DIRECTION ( 'NONE',  ( 0.000000000000000000, 1.000000000000000000, -0.000000000000000000 ) ) ;
#618 = DIRECTION ( 'NONE',  ( 0.000000000000000000, 1.000000000000000000, 0.000000000000000000 ) ) ;
#619 = VERTEX_POINT ( 'NONE', #4379 ) ;
#620 = EDGE_CURVE ( 'NONE', #9496, #5784, #5680, .T. ) ;
#621 = DIRECTION ( 'NONE',  ( -1.000000000000000000, 0.000000000000000000, 0.000000000000000000 ) ) ;
#622 = EDGE_CURVE ( 'NONE', #979, #8702, #1995, .T. ) ;
#623 = LINE ( 'NONE', #4045, #3353 ) ;
#624 = EDGE_CURVE ( 'NONE', #9759, #9755, #6107, .T. ) ;
#625 = DIRECTION ( 'NONE',  ( 1.000000000000000000, 0.000000000000000000, 0.000000000000000000 ) ) ;
#626 = VECTOR ( 'NONE', #8494, 1000.000000000000000 ) ;
#627 = LINE ( 'NONE', #9924, #5012 ) ;
#628 = VECTOR ( 'NONE', #10377, 1000.000000000000000 ) ;
#629 = EDGE_CURVE ( 'NONE', #8108, #9262, #1171, .T. ) ;
#630 = CARTESIAN_POINT ( 'NONE',  ( 68.20000000000001705, -35.39999999999999858, 3.001000000000000334 ) ) ;
#631 = CYLINDRICAL_SURFACE ( 'NONE', #2235, 0.5000000000000004441 ) ;
#632 = LINE ( 'NONE', #2064, #6577 ) ;
#633 = ORIENTED_EDGE ( 'NONE', *, *, #10684, .T. ) ;
#634 = LINE ( 'NONE', #4106, #10223 ) ;
#635 = DIRECTION ( 'NONE',  ( 0.000000000000000000, 1.000000000000000000, -0.000000000000000000 ) ) ;
#636 = VECTOR ( 'NONE', #3760, 1000.000000000000000 ) ;
#637 = EDGE_LOOP ( 'NONE', ( #4629, #6591 ) ) ;
#638 = LINE ( 'NONE', #4060, #7240 ) ;
#639 = CARTESIAN_POINT ( 'NONE',  ( 6.700000000000000178, 7.400000000000000355, 3.000000000000000000 ) ) ;
#640 = DIRECTION ( 'NONE',  ( 0.000000000000000000, 0.000000000000000000, 1.000000000000000000 ) ) ;
#641 = VECTOR ( 'NONE', #4527, 1000.000000000000114 ) ;
#642 = EDGE_CURVE ( 'NONE', #5742, #9020, #10101, .T. ) ;
#643 = EDGE_LOOP ( 'NONE', ( #6024, #6731, #761, #4925 ) ) ;
#644 = EDGE_LOOP ( 'NONE', ( #2242, #8080, #1121, #1822 ) ) ;
#645 = ORIENTED_EDGE ( 'NONE', *, *, #6451, .F. ) ;
#646 = CYLINDRICAL_SURFACE ( 'NONE', #7598, 3.500000000000000888 ) ;
#647 = EDGE_LOOP ( 'NONE', ( #489, #9975, #7355, #4204 ) ) ;
#648 = PLANE ( 'NONE',  #7062 ) ;
#649 = AXIS2_PLACEMENT_3D ( 'NONE', #5101, #8431, #1613 ) ;
#650 = CARTESIAN_POINT ( 'NONE',  ( 41.20000000000000995, -50.39999999999999858, 3.001000000000000334 ) ) ;
#651 = DIRECTION ( 'NONE',  ( -0.000000000000000000, -0.000000000000000000, -1.000000000000000000 ) ) ;
#652 = VERTEX_POINT ( 'NONE', #8874 ) ;
#653 = ORIENTED_EDGE ( 'NONE', *, *, #7852, .T. ) ;
#654 = EDGE_LOOP ( 'NONE', ( #4986, #3294, #99, #6720, #8006, #720, #9683, #9737 ) ) ;
#655 = DIRECTION ( 'NONE',  ( 0.000000000000000000, 0.000000000000000000, -1.000000000000000000 ) ) ;
#656 = DIRECTION ( 'NONE',  ( -1.000000000000000000, 0.000000000000000000, 0.000000000000000000 ) ) ;
#657 = ORIENTED_EDGE ( 'NONE', *, *, #9540, .F. ) ;
#658 = PLANE ( 'NONE',  #9882 ) ;
#659 = CARTESIAN_POINT ( 'NONE',  ( 68.20000000000001705, -50.39999999999999858, 3.000000000000000000 ) ) ;
#660 = DIRECTION ( 'NONE',  ( 0.000000000000000000, -1.000000000000000000, 0.000000000000000000 ) ) ;
#661 = AXIS2_PLACEMENT_3D ( 'NONE', #7373, #5547, #8931 ) ;
#662 = ADVANCED_FACE ( 'NONE', ( #6272 ), #9646, .F. ) ;
#663 = LINE ( 'NONE', #9134, #3771 ) ;
#664 = CARTESIAN_POINT ( 'NONE',  ( 62.20000000000000995, -68.40000000000000568, 1.000000000000000000 ) ) ;
#665 = EDGE_CURVE ( 'NONE', #1847, #10342, #9699, .T. ) ;
#666 = ORIENTED_EDGE ( 'NONE', *, *, #52, .F. ) ;
#667 = DIRECTION ( 'NONE',  ( 0.000000000000000000, 0.000000000000000000, 1.000000000000000000 ) ) ;
#668 = ORIENTED_EDGE ( 'NONE', *, *, #8035, .T. ) ;
#669 = VECTOR ( 'NONE', #1271, 1000.000000000000000 ) ;
#670 = CARTESIAN_POINT ( 'NONE',  ( 35.50000000000000000, 26.89999999999999858, 0.5000000000000000000 ) ) ;
#671 = DIRECTION ( 'NONE',  ( 1.000000000000000000, 0.000000000000000000, 0.000000000000000000 ) ) ;
#672 = ORIENTED_EDGE ( 'NONE', *, *, #3285, .T. ) ;
#673 = CARTESIAN_POINT ( 'NONE',  ( 41.20000000000003126, -53.40000000000000568, 3.000000000000000000 ) ) ;
#674 = DIRECTION ( 'NONE',  ( 6.285229985423258662E-17, 1.000000000000000000, 0.000000000000000000 ) ) ;
#675 = ADVANCED_FACE ( 'NONE', ( #3824 ), #9807, .T. ) ;
#676 = LINE ( 'NONE', #9099, #199 ) ;
#677 = EDGE_CURVE ( 'NONE', #1265, #6204, #2879, .T. ) ;
#678 = VECTOR ( 'NONE', #5392, 1000.000000000000000 ) ;
#679 = CARTESIAN_POINT ( 'NONE',  ( 27.50000000000000000, -0.2999999999999999889, -7.799999999999999822 ) ) ;
#680 = LINE ( 'NONE', #3996, #10192 ) ;
#681 = AXIS2_PLACEMENT_3D ( 'NONE', #959, #1010, #10867 ) ;
#682 = DIRECTION ( 'NONE',  ( -1.000000000000000000, 1.387778780781444098E-14, 0.000000000000000000 ) ) ;
#683 = ADVANCED_FACE ( 'NONE', ( #2106 ), #2269, .F. ) ;
#684 = CARTESIAN_POINT ( 'NONE',  ( 51.20000000000000284, 4.000000000000000000, -1.000000000000000000 ) ) ;
#685 = VERTEX_POINT ( 'NONE', #5490 ) ;
#686 = ORIENTED_EDGE ( 'NONE', *, *, #4120, .T. ) ;
#687 = FACE_BOUND ( 'NONE', #6146, .T. ) ;
#688 = CARTESIAN_POINT ( 'NONE',  ( 44.20000000000000995, -50.39999999999999858, 3.000000000000000000 ) ) ;
#689 = ORIENTED_EDGE ( 'NONE', *, *, #5305, .T. ) ;
#690 =( GEOMETRIC_REPRESENTATION_CONTEXT ( 3 ) GLOBAL_UNCERTAINTY_ASSIGNED_CONTEXT ( ( #10053 ) ) GLOBAL_UNIT_ASSIGNED_CONTEXT ( ( #8542, #3549, #9594 ) ) REPRESENTATION_CONTEXT ( 'NONE', 'WORKASPACE' ) );
#691 = DIRECTION ( 'NONE',  ( -1.000000000000000000, 9.251858538542971828E-16, 0.000000000000000000 ) ) ;
#692 = VECTOR ( 'NONE', #6248, 1000.000000000000000 ) ;
#693 = FACE_OUTER_BOUND ( 'NONE', #10878, .T. ) ;
#694 = LINE ( 'NONE', #2185, #2885 ) ;
#695 = VECTOR ( 'NONE', #44, 1000.000000000000000 ) ;
#696 = ADVANCED_FACE ( 'NONE', ( #453, #3883 ), #4658, .F. ) ;
#697 = ORIENTED_EDGE ( 'NONE', *, *, #1530, .F. ) ;
#698 = CARTESIAN_POINT ( 'NONE',  ( 51.20000000000000284, 25.89999999999999858, 0.5000000000000000000 ) ) ;
#699 = VECTOR ( 'NONE', #7624, 1000.000000000000000 ) ;
#700 = ORIENTED_EDGE ( 'NONE', *, *, #10529, .F. ) ;
#701 = CARTESIAN_POINT ( 'NONE',  ( 59.20000000000000284, -32.39999999999999858, 3.001000000000000334 ) ) ;
#702 = ORIENTED_EDGE ( 'NONE', *, *, #6759, .F. ) ;
#703 = CARTESIAN_POINT ( 'NONE',  ( 11.49999999999997868, -64.40000000000000568, 3.001000000000000334 ) ) ;
#704 = DIRECTION ( 'NONE',  ( 7.228014483236699514E-17, -1.000000000000000000, 0.000000000000000000 ) ) ;
#705 = VECTOR ( 'NONE', #402, 1000.000000000000000 ) ;
#706 = DIRECTION ( 'NONE',  ( 0.000000000000000000, -1.000000000000000000, 0.000000000000000000 ) ) ;
#707 = AXIS2_PLACEMENT_3D ( 'NONE', #9849, #1490, #3976 ) ;
#708 = ORIENTED_EDGE ( 'NONE', *, *, #2860, .F. ) ;
#709 = VERTEX_POINT ( 'NONE', #3932 ) ;
#710 = CARTESIAN_POINT ( 'NONE',  ( 2.500000000000035083, -1.800000000000000044, 0.5000000000000000000 ) ) ;
#711 = DIRECTION ( 'NONE',  ( 9.251858538542971828E-16, 1.000000000000000000, -0.000000000000000000 ) ) ;
#712 = EDGE_LOOP ( 'NONE', ( #5232, #292, #6823, #2244 ) ) ;
#713 = DIRECTION ( 'NONE',  ( 0.000000000000000000, 0.000000000000000000, -1.000000000000000000 ) ) ;
#714 = LINE ( 'NONE', #5749, #1547 ) ;
#715 = DIRECTION ( 'NONE',  ( -1.000000000000000000, 0.000000000000000000, 0.000000000000000000 ) ) ;
#716 = VECTOR ( 'NONE', #6184, 1000.000000000000000 ) ;
#717 = EDGE_CURVE ( 'NONE', #7712, #8519, #1433, .T. ) ;
#718 = DIRECTION ( 'NONE',  ( -1.000000000000000000, 9.251858538542971828E-16, 0.000000000000000000 ) ) ;
#719 = DIRECTION ( 'NONE',  ( 0.000000000000000000, 1.000000000000000000, 6.938893903907229955E-15 ) ) ;
#720 = ORIENTED_EDGE ( 'NONE', *, *, #874, .T. ) ;
#721 = EDGE_LOOP ( 'NONE', ( #4279, #4642 ) ) ;
#722 = CIRCLE ( 'NONE', #3369, 0.9999999999999974465 ) ;
#723 = VERTEX_POINT ( 'NONE', #7985 ) ;
#724 = CARTESIAN_POINT ( 'NONE',  ( 38.20000000000000995, -17.40000000000000213, 3.001000000000000334 ) ) ;
#725 = CARTESIAN_POINT ( 'NONE',  ( 0.000000000000000000, 30.90000000000000213, -10.00000000000000000 ) ) ;
#726 = ADVANCED_FACE ( 'NONE', ( #2215 ), #6327, .T. ) ;
#727 = EDGE_LOOP ( 'NONE', ( #5238, #7741, #3408, #6515 ) ) ;
#728 = DIRECTION ( 'NONE',  ( 1.287364360650691604E-16, 1.000000000000000000, -0.000000000000000000 ) ) ;
#729 = CARTESIAN_POINT ( 'NONE',  ( -1.300000000000000044, 2.500000000000000000, -1.000000000000000000 ) ) ;
#730 = AXIS2_PLACEMENT_3D ( 'NONE', #1286, #4831, #4666 ) ;
#731 = AXIS2_PLACEMENT_3D ( 'NONE', #10348, #8584, #4421 ) ;
#732 = DIRECTION ( 'NONE',  ( 0.000000000000000000, 0.000000000000000000, 1.000000000000000000 ) ) ;
#733 = LINE ( 'NONE', #120, #5554 ) ;
#734 = LINE ( 'NONE', #2385, #2580 ) ;
#735 = DIRECTION ( 'NONE',  ( 1.084202172485503818E-16, -1.000000000000000000, 0.000000000000000000 ) ) ;
#736 = LINE ( 'NONE', #3265, #4799 ) ;
#737 = ORIENTED_EDGE ( 'NONE', *, *, #156, .T. ) ;
#738 = LINE ( 'NONE', #1349, #1378 ) ;
#739 = PLANE ( 'NONE',  #4150 ) ;
#740 = ORIENTED_EDGE ( 'NONE', *, *, #10351, .T. ) ;
#741 = EDGE_CURVE ( 'NONE', #424, #7020, #5597, .T. ) ;
#742 = LINE ( 'NONE', #9157, #8300 ) ;
#743 = EDGE_CURVE ( 'NONE', #9332, #917, #1446, .T. ) ;
#744 = DIRECTION ( 'NONE',  ( 0.000000000000000000, -1.000000000000000000, 0.000000000000000000 ) ) ;
#745 = DIRECTION ( 'NONE',  ( 0.000000000000000000, 0.000000000000000000, 1.000000000000000000 ) ) ;
#746 = ORIENTED_EDGE ( 'NONE', *, *, #3241, .F. ) ;
#747 = FACE_OUTER_BOUND ( 'NONE', #6705, .T. ) ;
#748 = LINE ( 'NONE', #2450, #4509 ) ;
#749 = ORIENTED_EDGE ( 'NONE', *, *, #1801, .F. ) ;
#750 = LINE ( 'NONE', #3182, #9867 ) ;
#751 = ORIENTED_EDGE ( 'NONE', *, *, #7614, .T. ) ;
#752 = LINE ( 'NONE', #9943, #8121 ) ;
#753 = EDGE_CURVE ( 'NONE', #3370, #5338, #5658, .T. ) ;
#754 = EDGE_CURVE ( 'NONE', #7096, #2683, #8207, .T. ) ;
#755 = CARTESIAN_POINT ( 'NONE',  ( 41.20000000000002416, -17.40000000000000213, 3.000000000000000000 ) ) ;
#756 = ADVANCED_FACE ( 'NONE', ( #10633 ), #4715, .T. ) ;
#757 = AXIS2_PLACEMENT_3D ( 'NONE', #9512, #1099, #8074 ) ;
#758 = AXIS2_PLACEMENT_3D ( 'NONE', #10624, #3032, #4131 ) ;
#759 = CARTESIAN_POINT ( 'NONE',  ( 51.20000000000000284, 27.40000000000000213, 0.5000000000000000000 ) ) ;
#760 = DIRECTION ( 'NONE',  ( 1.000000000000000000, 0.000000000000000000, 0.000000000000000000 ) ) ;
#761 = ORIENTED_EDGE ( 'NONE', *, *, #8662, .T. ) ;
#762 = EDGE_CURVE ( 'NONE', #800, #3582, #10471, .T. ) ;
#763 = ORIENTED_EDGE ( 'NONE', *, *, #2473, .F. ) ;
#764 = DIRECTION ( 'NONE',  ( 9.251858538542971828E-16, 1.000000000000000000, -0.000000000000000000 ) ) ;
#765 = DIRECTION ( 'NONE',  ( -0.000000000000000000, -0.000000000000000000, -1.000000000000000000 ) ) ;
#766 = ORIENTED_EDGE ( 'NONE', *, *, #7360, .T. ) ;
#767 = VECTOR ( 'NONE', #6458, 1000.000000000000000 ) ;
#768 = ORIENTED_EDGE ( 'NONE', *, *, #6310, .F. ) ;
#769 = CARTESIAN_POINT ( 'NONE',  ( 0.000000000000000000, 10.44999999999999929, -7.799999999999999822 ) ) ;
#770 = DIRECTION ( 'NONE',  ( -1.000000000000000000, 0.000000000000000000, 0.000000000000000000 ) ) ;
#772 = EDGE_CURVE ( 'NONE', #177, #5639, #568, .T. ) ;
#771 = DIRECTION ( 'NONE',  ( -0.000000000000000000, -0.000000000000000000, -1.000000000000000000 ) ) ;
#773 = DIRECTION ( 'NONE',  ( 1.000000000000000000, 1.219727444046193967E-16, 0.000000000000000000 ) ) ;
#774 = VECTOR ( 'NONE', #6335, 1000.000000000000000 ) ;
#775 = CYLINDRICAL_SURFACE ( 'NONE', #3270, 0.9999999999999983347 ) ;
#776 = ORIENTED_EDGE ( 'NONE', *, *, #61, .F. ) ;
#777 = ORIENTED_EDGE ( 'NONE', *, *, #1291, .T. ) ;
#778 = ORIENTED_EDGE ( 'NONE', *, *, #7718, .F. ) ;
#779 = CARTESIAN_POINT ( 'NONE',  ( 68.20000000000001705, -35.39999999999999858, 1.000000000000000000 ) ) ;
#780 = DIRECTION ( 'NONE',  ( 1.000000000000000000, 0.000000000000000000, 0.000000000000000000 ) ) ;
#781 = ORIENTED_EDGE ( 'NONE', *, *, #7107, .T. ) ;
#782 = CARTESIAN_POINT ( 'NONE',  ( 60.20000000000001705, 34.39999999999999858, 1.000000000000000000 ) ) ;
#783 = VECTOR ( 'NONE', #6045, 1000.000000000000000 ) ;
#784 = PRODUCT_DEFINITION_SHAPE ( 'NONE', 'NONE',  #1542 ) ;
#785 = DIRECTION ( 'NONE',  ( -1.000000000000000000, 2.202823461557875190E-15, 0.000000000000000000 ) ) ;
#786 = CARTESIAN_POINT ( 'NONE',  ( 44.20000000000000995, -32.39999999999999858, 1.000000000000000000 ) ) ;
#787 = LINE ( 'NONE', #10249, #2192 ) ;
#788 = DIRECTION ( 'NONE',  ( 9.251858538542971828E-16, 1.000000000000000000, -0.000000000000000000 ) ) ;
#789 = LINE ( 'NONE', #4162, #9488 ) ;
#790 = CARTESIAN_POINT ( 'NONE',  ( 60.20000000000001705, 36.39999999999999858, -2.999999999999999112 ) ) ;
#791 = ORIENTED_EDGE ( 'NONE', *, *, #7080, .T. ) ;
#792 = ORIENTED_EDGE ( 'NONE', *, *, #2233, .T. ) ;
#793 = DIRECTION ( 'NONE',  ( -0.000000000000000000, 0.000000000000000000, -1.000000000000000000 ) ) ;
#794 = CARTESIAN_POINT ( 'NONE',  ( -1.300000000000000044, 5.950000000000000178, -1.000000000000000000 ) ) ;
#795 = ORIENTED_EDGE ( 'NONE', *, *, #923, .F. ) ;
#796 = FACE_OUTER_BOUND ( 'NONE', #6354, .T. ) ;
#797 = LINE ( 'NONE', #5112, #8326 ) ;
#798 = CARTESIAN_POINT ( 'NONE',  ( 60.20000000000003126, -95.40000000000000568, -2.999999999999985345 ) ) ;
#799 = EDGE_CURVE ( 'NONE', #7461, #3687, #3098, .T. ) ;
#800 = VERTEX_POINT ( 'NONE', #3988 ) ;
#801 = VECTOR ( 'NONE', #7141, 1000.000000000000000 ) ;
#802 = AXIS2_PLACEMENT_3D ( 'NONE', #4088, #719, #6809 ) ;
#803 = EDGE_LOOP ( 'NONE', ( #9453, #10608, #4434, #10474 ) ) ;
#804 = ORIENTED_EDGE ( 'NONE', *, *, #2950, .T. ) ;
#805 = FACE_OUTER_BOUND ( 'NONE', #1371, .T. ) ;
#806 = EDGE_LOOP ( 'NONE', ( #9263, #5182, #5161, #7082 ) ) ;
#807 = LINE ( 'NONE', #703, #9708 ) ;
#808 = CARTESIAN_POINT ( 'NONE',  ( 44.20000000000001705, -53.40000000000000568, 3.001000000000000334 ) ) ;
#809 = AXIS2_PLACEMENT_3D ( 'NONE', #3292, #706, #9229 ) ;
#810 = EDGE_CURVE ( 'NONE', #3768, #192, #28, .T. ) ;
#811 = CARTESIAN_POINT ( 'NONE',  ( 1.491641205457772035E-16, -1.800000000000000044, 0.5000000000000000000 ) ) ;
#812 = CARTESIAN_POINT ( 'NONE',  ( 38.20000000000000995, -17.40000000000000213, 3.000000000000000000 ) ) ;
#813 = EDGE_LOOP ( 'NONE', ( #1195, #8687, #3180, #1278 ) ) ;
#814 = ORIENTED_EDGE ( 'NONE', *, *, #1744, .F. ) ;
#815 = AXIS2_PLACEMENT_3D ( 'NONE', #5028, #8409, #824 ) ;
#816 = ORIENTED_EDGE ( 'NONE', *, *, #1394, .T. ) ;
#817 = CARTESIAN_POINT ( 'NONE',  ( 0.2000000000000085321, 4.713922489067640596E-17, 0.5000000000000000000 ) ) ;
#818 = EDGE_CURVE ( 'NONE', #9400, #441, #7629, .T. ) ;
#819 = VECTOR ( 'NONE', #8938, 1000.000000000000000 ) ;
#820 = CARTESIAN_POINT ( 'NONE',  ( 6.700000000000000178, 7.400000000000000355, 3.000000000000000000 ) ) ;
#821 = VERTEX_POINT ( 'NONE', #4985 ) ;
#822 = ORIENTED_EDGE ( 'NONE', *, *, #8364, .F. ) ;
#823 = CARTESIAN_POINT ( 'NONE',  ( 3.799999999999983835, -76.00000000000001421, -7.500000000000000888 ) ) ;
#824 = DIRECTION ( 'NONE',  ( 0.000000000000000000, 0.000000000000000000, -1.000000000000000000 ) ) ;
#825 = DIRECTION ( 'NONE',  ( 0.000000000000000000, 0.000000000000000000, 1.000000000000000000 ) ) ;
#826 = AXIS2_PLACEMENT_3D ( 'NONE', #8939, #4725, #8106 ) ;
#827 = DIRECTION ( 'NONE',  ( 0.000000000000000000, -1.000000000000000000, 0.000000000000000000 ) ) ;
#828 = VECTOR ( 'NONE', #229, 1000.000000000000000 ) ;
#829 = CARTESIAN_POINT ( 'NONE',  ( -18.50000000000000711, 36.39999999999999858, 1.000000000000000000 ) ) ;
#830 = VERTEX_POINT ( 'NONE', #3152 ) ;
#831 = ADVANCED_FACE ( 'NONE', ( #5921 ), #3255, .F. ) ;
#832 = ORIENTED_EDGE ( 'NONE', *, *, #338, .F. ) ;
#833 = ORIENTED_EDGE ( 'NONE', *, *, #4610, .T. ) ;
#834 = DIRECTION ( 'NONE',  ( 1.000000000000000000, -0.000000000000000000, -0.000000000000000000 ) ) ;
#835 = CARTESIAN_POINT ( 'NONE',  ( 44.20000000000000995, -35.39999999999999858, 3.001000000000000334 ) ) ;
#836 = VERTEX_POINT ( 'NONE', #1550 ) ;
#837 = LINE ( 'NONE', #4270, #4199 ) ;
#838 = DIRECTION ( 'NONE',  ( -1.000000000000000000, -0.000000000000000000, -0.000000000000000000 ) ) ;
#839 = CARTESIAN_POINT ( 'NONE',  ( -1.800000000000000044, -8.393823270855531081E-17, 0.5000000000000000000 ) ) ;
#840 = LINE ( 'NONE', #69, #7346 ) ;
#841 = VECTOR ( 'NONE', #9434, 1000.000000000000000 ) ;
#842 = DIRECTION ( 'NONE',  ( 0.000000000000000000, -1.000000000000000000, 0.000000000000000000 ) ) ;
#843 = DIRECTION ( 'NONE',  ( 0.000000000000000000, 0.000000000000000000, -1.000000000000000000 ) ) ;
#844 = CARTESIAN_POINT ( 'NONE',  ( 50.20000000000000995, -68.40000000000000568, 3.000000000000000000 ) ) ;
#845 = ORIENTED_EDGE ( 'NONE', *, *, #3580, .F. ) ;
#846 = ORIENTED_EDGE ( 'NONE', *, *, #10073, .F. ) ;
#847 = FACE_BOUND ( 'NONE', #5612, .T. ) ;
#848 = DIRECTION ( 'NONE',  ( -1.000000000000000000, 0.000000000000000000, 0.000000000000000000 ) ) ;
#849 = EDGE_LOOP ( 'NONE', ( #4858, #6455, #9862, #9668 ) ) ;
#850 = DIRECTION ( 'NONE',  ( 0.000000000000000000, 0.000000000000000000, 1.000000000000000000 ) ) ;
#851 = CIRCLE ( 'NONE', #6514, 1.000000000000000000 ) ;
#852 = CARTESIAN_POINT ( 'NONE',  ( -18.49999999999998934, -98.40000000000000568, 3.000000000000000000 ) ) ;
#853 = DIRECTION ( 'NONE',  ( -1.000000000000000000, 0.000000000000000000, 0.000000000000000000 ) ) ;
#854 = ADVANCED_FACE ( 'NONE', ( #7593 ), #2481, .T. ) ;
#855 = ORIENTED_EDGE ( 'NONE', *, *, #7180, .F. ) ;
#856 = VECTOR ( 'NONE', #10017, 1000.000000000000000 ) ;
#857 = CARTESIAN_POINT ( 'NONE',  ( -13.50000000000000711, -83.40000000000000568, -4.000000000000000000 ) ) ;
#858 = EDGE_LOOP ( 'NONE', ( #7015, #6812, #10047, #2961 ) ) ;
#859 = CARTESIAN_POINT ( 'NONE',  ( 0.2000000000000055067, 23.09999999999999787, 0.5000000000000000000 ) ) ;
#860 = ADVANCED_FACE ( 'NONE', ( #8258 ), #9094, .F. ) ;
#861 = ORIENTED_EDGE ( 'NONE', *, *, #7088, .T. ) ;
#862 = ADVANCED_FACE ( 'NONE', ( #2425 ), #1712, .T. ) ;
#863 = AXIS2_PLACEMENT_3D ( 'NONE', #7577, #1593, #8408 ) ;
#864 = CARTESIAN_POINT ( 'NONE',  ( 55.50000000000000000, 21.60000000000000142, 3.000000000000000000 ) ) ;
#865 = CARTESIAN_POINT ( 'NONE',  ( 60.20000000000001705, 34.39999999999999858, -4.000000000000000000 ) ) ;
#866 = AXIS2_PLACEMENT_3D ( 'NONE', #8732, #6353, #4687 ) ;
#867 = DIRECTION ( 'NONE',  ( 0.000000000000000000, 0.000000000000000000, -1.000000000000000000 ) ) ;
#868 = EDGE_CURVE ( 'NONE', #441, #9400, #6037, .T. ) ;
#869 = AXIS2_PLACEMENT_3D ( 'NONE', #2248, #7562, #5010 ) ;
#870 = CARTESIAN_POINT ( 'NONE',  ( 3.079999999999999627, 14.77999999999999936, 3.000000000000000000 ) ) ;
#871 = EDGE_LOOP ( 'NONE', ( #3708, #1931, #8736, #3206 ) ) ;
#872 = VERTEX_POINT ( 'NONE', #4152 ) ;
#873 = ORIENTED_EDGE ( 'NONE', *, *, #7995, .F. ) ;
#874 = EDGE_CURVE ( 'NONE', #5963, #2036, #8332, .T. ) ;
#875 = FACE_OUTER_BOUND ( 'NONE', #9843, .T. ) ;
#876 = CARTESIAN_POINT ( 'NONE',  ( 42.39999999999999858, 12.80000000000000071, 3.000000000000000000 ) ) ;
#877 = ORIENTED_EDGE ( 'NONE', *, *, #6767, .F. ) ;
#878 = VERTEX_POINT ( 'NONE', #4875 ) ;
#879 = LINE ( 'NONE', #984, #4568 ) ;
#880 = CARTESIAN_POINT ( 'NONE',  ( 3.499999999999991118, -50.39999999999999858, 3.001000000000000334 ) ) ;
#881 = ADVANCED_FACE ( 'NONE', ( #2375 ), #10796, .F. ) ;
#882 = VECTOR ( 'NONE', #7772, 1000.000000000000000 ) ;
#883 = DIRECTION ( 'NONE',  ( 1.000000000000000000, -0.000000000000000000, -0.000000000000000000 ) ) ;
#884 = ADVANCED_FACE ( 'NONE', ( #5762 ), #10075, .F. ) ;
#885 = EDGE_CURVE ( 'NONE', #2263, #1836, #3374, .T. ) ;
#886 = LINE ( 'NONE', #3420, #6068 ) ;
#887 = DIRECTION ( 'NONE',  ( 0.000000000000000000, 0.000000000000000000, -1.000000000000000000 ) ) ;
#888 = ORIENTED_EDGE ( 'NONE', *, *, #2781, .T. ) ;
#889 = EDGE_CURVE ( 'NONE', #4981, #6964, #8309, .T. ) ;
#890 = ORIENTED_EDGE ( 'NONE', *, *, #4463, .F. ) ;
#891 = EDGE_LOOP ( 'NONE', ( #633, #5842, #2079, #6959, #5539, #1733, #1229, #10820, #7207 ) ) ;
#892 = CARTESIAN_POINT ( 'NONE',  ( 3.079999999999999627, 22.91999999999999815, 3.000000000000000000 ) ) ;
#893 = FACE_OUTER_BOUND ( 'NONE', #7494, .T. ) ;
#894 = ORIENTED_EDGE ( 'NONE', *, *, #3308, .F. ) ;
#895 = AXIS2_PLACEMENT_3D ( 'NONE', #6818, #6870, #2656 ) ;
#896 = CARTESIAN_POINT ( 'NONE',  ( 38.20000000000000995, -68.40000000000000568, 3.000000000000000000 ) ) ;
#897 = DIRECTION ( 'NONE',  ( -1.000000000000000000, 0.000000000000000000, 0.000000000000000000 ) ) ;
#898 = EDGE_CURVE ( 'NONE', #6773, #1313, #9575, .T. ) ;
#899 = CARTESIAN_POINT ( 'NONE',  ( 0.000000000000000000, -94.39999999999996305, -4.000000000000000000 ) ) ;
#900 = EDGE_CURVE ( 'NONE', #4689, #4260, #6214, .T. ) ;
#901 = CARTESIAN_POINT ( 'NONE',  ( 3.499999999999992895, -68.40000000000000568, 3.000000000000000000 ) ) ;
#902 = AXIS2_PLACEMENT_3D ( 'NONE', #10545, #8724, #7785 ) ;
#903 = CARTESIAN_POINT ( 'NONE',  ( 55.19999999999999574, 17.44999999999999929, 1.000000000000000000 ) ) ;
#904 = ORIENTED_EDGE ( 'NONE', *, *, #276, .T. ) ;
#905 = CARTESIAN_POINT ( 'NONE',  ( 9.499999999999992895, -35.39999999999999858, 3.001000000000000334 ) ) ;
#906 = VERTEX_POINT ( 'NONE', #6758 ) ;
#907 = ORIENTED_EDGE ( 'NONE', *, *, #4074, .F. ) ;
#908 = PLANE ( 'NONE',  #334 ) ;
#909 = DIRECTION ( 'NONE',  ( 0.000000000000000000, 0.000000000000000000, 1.000000000000000000 ) ) ;
#910 = VERTEX_POINT ( 'NONE', #10131 ) ;
#911 = DIRECTION ( 'NONE',  ( 0.000000000000000000, 0.000000000000000000, -1.000000000000000000 ) ) ;
#912 = VECTOR ( 'NONE', #3393, 1000.000000000000000 ) ;
#913 = EDGE_CURVE ( 'NONE', #6362, #1600, #8689, .T. ) ;
#914 = CARTESIAN_POINT ( 'NONE',  ( 17.49999999999998934, -64.40000000000000568, 3.001000000000000334 ) ) ;
#915 = DIRECTION ( 'NONE',  ( 0.000000000000000000, 0.000000000000000000, -1.000000000000000000 ) ) ;
#916 = AXIS2_PLACEMENT_3D ( 'NONE', #4102, #6715, #10807 ) ;
#917 = VERTEX_POINT ( 'NONE', #8532 ) ;
#918 = DIRECTION ( 'NONE',  ( 0.000000000000000000, 0.000000000000000000, -1.000000000000000000 ) ) ;
#919 = ORIENTED_EDGE ( 'NONE', *, *, #6989, .T. ) ;
#920 = FACE_OUTER_BOUND ( 'NONE', #10521, .T. ) ;
#921 = ORIENTED_EDGE ( 'NONE', *, *, #6409, .F. ) ;
#922 = CARTESIAN_POINT ( 'NONE',  ( 3.499999999999987566, -32.39999999999999858, 3.000000000000000000 ) ) ;
#923 = EDGE_CURVE ( 'NONE', #8798, #2960, #3645, .T. ) ;
#924 = LINE ( 'NONE', #9394, #3220 ) ;
#925 = DIRECTION ( 'NONE',  ( -1.000000000000000000, 0.000000000000000000, 0.000000000000000000 ) ) ;
#926 = DIRECTION ( 'NONE',  ( -0.000000000000000000, 0.000000000000000000, -1.000000000000000000 ) ) ;
#927 = VERTEX_POINT ( 'NONE', #9468 ) ;
#928 = ORIENTED_EDGE ( 'NONE', *, *, #7852, .F. ) ;
#929 = VERTEX_POINT ( 'NONE', #1877 ) ;
#930 = LINE ( 'NONE', #5131, #2276 ) ;
#931 = DIRECTION ( 'NONE',  ( 0.000000000000000000, -0.000000000000000000, -1.000000000000000000 ) ) ;
#932 = ORIENTED_EDGE ( 'NONE', *, *, #9473, .T. ) ;
#933 = ORIENTED_EDGE ( 'NONE', *, *, #9409, .T. ) ;
#934 = DIRECTION ( 'NONE',  ( 0.000000000000000000, -1.000000000000000000, 0.000000000000000000 ) ) ;
#935 = DIRECTION ( 'NONE',  ( 1.000000000000000000, 0.000000000000000000, 0.000000000000000000 ) ) ;
#936 = CARTESIAN_POINT ( 'NONE',  ( 27.50000000000000000, 4.164757004755704983, -1.942058085672285106 ) ) ;
#937 = ORIENTED_EDGE ( 'NONE', *, *, #8756, .F. ) ;
#938 = CIRCLE ( 'NONE', #757, 3.000000000000004441 ) ;
#939 = AXIS2_PLACEMENT_3D ( 'NONE', #9472, #4540, #9528 ) ;
#940 = EDGE_LOOP ( 'NONE', ( #2123, #10850, #4969, #9900, #2323, #5026 ) ) ;
#941 = ORIENTED_EDGE ( 'NONE', *, *, #6074, .F. ) ;
#942 = EDGE_CURVE ( 'NONE', #1971, #3266, #1053, .T. ) ;
#943 = DIRECTION ( 'NONE',  ( -0.000000000000000000, -0.000000000000000000, 1.000000000000000000 ) ) ;
#944 = CARTESIAN_POINT ( 'NONE',  ( 55.19999999999999574, 11.44999999999999929, -10.00000000000000000 ) ) ;
#945 = ORIENTED_EDGE ( 'NONE', *, *, #5165, .F. ) ;
#946 = CARTESIAN_POINT ( 'NONE',  ( 49.79999999999998295, -76.00000000000001421, 0.4999999999999995559 ) ) ;
#947 = CARTESIAN_POINT ( 'NONE',  ( -8.500000000000008882, -35.39999999999999858, 1.000000000000000000 ) ) ;
#948 = CIRCLE ( 'NONE', #4307, 2.799999999999999822 ) ;
#949 = LINE ( 'NONE', #4322, #4296 ) ;
#950 = LINE ( 'NONE', #3486, #2561 ) ;
#951 = PLANE ( 'NONE',  #649 ) ;
#952 = ORIENTED_EDGE ( 'NONE', *, *, #7377, .F. ) ;
#953 = CARTESIAN_POINT ( 'NONE',  ( 27.50000000000000000, 27.43078173849590229, -13.00000000000000000 ) ) ;
#954 = DIRECTION ( 'NONE',  ( 1.000000000000000000, 0.000000000000000000, 0.000000000000000000 ) ) ;
#955 = VECTOR ( 'NONE', #1073, 1000.000000000000000 ) ;
#956 = ORIENTED_EDGE ( 'NONE', *, *, #6031, .T. ) ;
#957 = ORIENTED_EDGE ( 'NONE', *, *, #1957, .F. ) ;
#958 = ADVANCED_FACE ( 'NONE', ( #893 ), #8478, .F. ) ;
#959 = CARTESIAN_POINT ( 'NONE',  ( 57.20000000000000284, 0.000000000000000000, -14.00000000000000000 ) ) ;
#960 = CARTESIAN_POINT ( 'NONE',  ( 53.20000000000000995, -68.40000000000000568, 1.000000000000000000 ) ) ;
#961 = EDGE_CURVE ( 'NONE', #9164, #3524, #6039, .T. ) ;
#962 = DIRECTION ( 'NONE',  ( -0.000000000000000000, -0.000000000000000000, 1.000000000000000000 ) ) ;
#963 = LINE ( 'NONE', #2446, #7628 ) ;
#964 = CARTESIAN_POINT ( 'NONE',  ( 62.20000000000000995, -35.39999999999999858, 3.001000000000000334 ) ) ;
#965 = CARTESIAN_POINT ( 'NONE',  ( -13.50000000000000711, -83.40000000000000568, -4.000000000000000000 ) ) ;
#966 = CARTESIAN_POINT ( 'NONE',  ( 6.499999999999993783, -50.39999999999999858, 1.000000000000000000 ) ) ;
#967 = ORIENTED_EDGE ( 'NONE', *, *, #2985, .T. ) ;
#968 = ADVANCED_FACE ( 'NONE', ( #994 ), #3538, .T. ) ;
#969 = DIRECTION ( 'NONE',  ( 1.000000000000000000, 0.000000000000000000, 0.000000000000000000 ) ) ;
#970 = ORIENTED_EDGE ( 'NONE', *, *, #4936, .T. ) ;
#971 = CARTESIAN_POINT ( 'NONE',  ( 45.79999999999998295, -10.00000000000000888, -7.500000000000000888 ) ) ;
#972 = FACE_OUTER_BOUND ( 'NONE', #9635, .T. ) ;
#973 = FACE_OUTER_BOUND ( 'NONE', #546, .T. ) ;
#974 = VECTOR ( 'NONE', #6453, 1000.000000000000000 ) ;
#975 = CARTESIAN_POINT ( 'NONE',  ( 18.50000000000000000, -0.2999999999999999889, 3.000000000000000000 ) ) ;
#976 = ORIENTED_EDGE ( 'NONE', *, *, #7050, .T. ) ;
#977 = VECTOR ( 'NONE', #10316, 1000.000000000000000 ) ;
#978 = ORIENTED_EDGE ( 'NONE', *, *, #197, .T. ) ;
#979 = VERTEX_POINT ( 'NONE', #944 ) ;
#980 = PLANE ( 'NONE',  #2448 ) ;
#981 = DIRECTION ( 'NONE',  ( 0.000000000000000000, 0.000000000000000000, -1.000000000000000000 ) ) ;
#982 = ORIENTED_EDGE ( 'NONE', *, *, #8706, .T. ) ;
#983 = VERTEX_POINT ( 'NONE', #7032 ) ;
#984 = CARTESIAN_POINT ( 'NONE',  ( 13.49999999999999112, -93.39999999999996305, -13.99999999999999822 ) ) ;
#985 = DIRECTION ( 'NONE',  ( 0.000000000000000000, 0.000000000000000000, 1.000000000000000000 ) ) ;
#986 = CIRCLE ( 'NONE', #10706, 3.500000000000000888 ) ;
#987 =( LENGTH_UNIT ( ) NAMED_UNIT ( * ) SI_UNIT ( .MILLI., .METRE. ) );
#988 = CARTESIAN_POINT ( 'NONE',  ( 49.79999999999998295, -10.00000000000000888, -7.500000000000000888 ) ) ;
#989 = EDGE_LOOP ( 'NONE', ( #2803, #8293, #6222, #8797 ) ) ;
#990 = VECTOR ( 'NONE', #5903, 1000.000000000000000 ) ;
#991 = VERTEX_POINT ( 'NONE', #10403 ) ;
#992 = ORIENTED_EDGE ( 'NONE', *, *, #608, .T. ) ;
#993 = LINE ( 'NONE', #59, #5281 ) ;
#994 = FACE_OUTER_BOUND ( 'NONE', #6867, .T. ) ;
#995 = VERTEX_POINT ( 'NONE', #4267 ) ;
#996 = CARTESIAN_POINT ( 'NONE',  ( 50.79999999999998295, -10.00000000000000888, 0.4999999999999995559 ) ) ;
#998 = EDGE_CURVE ( 'NONE', #1140, #10456, #113, .T. ) ;
#997 = AXIS2_PLACEMENT_3D ( 'NONE', #1867, #6083, #1042 ) ;
#999 = CARTESIAN_POINT ( 'NONE',  ( 44.20000000000000995, -35.39999999999999858, 1.000000000000000000 ) ) ;
#1000 = EDGE_CURVE ( 'NONE', #1522, #5209, #60, .T. ) ;
#1001 = CARTESIAN_POINT ( 'NONE',  ( 35.20000000000002416, -53.40000000000000568, 3.001000000000000334 ) ) ;
#1002 = DIRECTION ( 'NONE',  ( 0.000000000000000000, 0.000000000000000000, -1.000000000000000000 ) ) ;
#1003 = FACE_OUTER_BOUND ( 'NONE', #6505, .T. ) ;
#1004 = ADVANCED_FACE ( 'NONE', ( #222 ), #4368, .F. ) ;
#1005 = ORIENTED_EDGE ( 'NONE', *, *, #5624, .F. ) ;
#1006 = LINE ( 'NONE', #4378, #4923 ) ;
#1007 = CARTESIAN_POINT ( 'NONE',  ( 27.50000000000000000, 1.199999999999999956, -8.300000000000000711 ) ) ;
#1008 = ORIENTED_EDGE ( 'NONE', *, *, #6423, .F. ) ;
#1009 = ORIENTED_EDGE ( 'NONE', *, *, #1950, .F. ) ;
#1010 = DIRECTION ( 'NONE',  ( 1.000000000000000000, 0.000000000000000000, 0.000000000000000000 ) ) ;
#1011 = FACE_OUTER_BOUND ( 'NONE', #8692, .T. ) ;
#1012 = ADVANCED_FACE ( 'NONE', ( #5198 ), #10186, .F. ) ;
#1013 = DIRECTION ( 'NONE',  ( 1.000000000000000000, 0.000000000000000000, 0.000000000000000000 ) ) ;
#1014 = EDGE_CURVE ( 'NONE', #7287, #9759, #4481, .T. ) ;
#1016 = EDGE_CURVE ( 'NONE', #4504, #1305, #6206, .T. ) ;
#1015 = AXIS2_PLACEMENT_3D ( 'NONE', #7699, #2812, #6978 ) ;
#1017 = PLANE ( 'NONE',  #1601 ) ;
#1018 = DIRECTION ( 'NONE',  ( 0.000000000000000000, -0.000000000000000000, -1.000000000000000000 ) ) ;
#1019 = EDGE_CURVE ( 'NONE', #7768, #4314, #1766, .T. ) ;
#1020 = LINE ( 'NONE', #6174, #3997 ) ;
#1021 = ADVANCED_FACE ( 'NONE', ( #6925, #10293 ), #2703, .T. ) ;
#1022 = CARTESIAN_POINT ( 'NONE',  ( 60.20000000000003126, -95.40000000000000568, -4.000000000000000000 ) ) ;
#1023 = ORIENTED_EDGE ( 'NONE', *, *, #4205, .T. ) ;
#1024 = CYLINDRICAL_SURFACE ( 'NONE', #10219, 2.799999999999999822 ) ;
#1025 = ORIENTED_EDGE ( 'NONE', *, *, #9577, .F. ) ;
#1026 = LINE ( 'NONE', #1740, #7954 ) ;
#1027 = LINE ( 'NONE', #5900, #8554 ) ;
#1028 = ADVANCED_FACE ( 'NONE', ( #7860 ), #6150, .F. ) ;
#1029 = DIRECTION ( 'NONE',  ( -1.000000000000000000, 1.287364360650691604E-16, 0.000000000000000000 ) ) ;
#1030 = AXIS2_PLACEMENT_3D ( 'NONE', #4448, #2066, #4622 ) ;
#1031 = EDGE_CURVE ( 'NONE', #2036, #2806, #6366, .T. ) ;
#1032 = CARTESIAN_POINT ( 'NONE',  ( 35.20000000000002416, -17.40000000000000213, 3.001000000000000334 ) ) ;
#1033 = ORIENTED_EDGE ( 'NONE', *, *, #8861, .T. ) ;
#1034 = VERTEX_POINT ( 'NONE', #10460 ) ;
#1035 = CIRCLE ( 'NONE', #10938, 0.5000000000000000000 ) ;
#1036 = EDGE_LOOP ( 'NONE', ( #4765, #8032, #6492, #4633 ) ) ;
#1037 = CARTESIAN_POINT ( 'NONE',  ( 55.50000000000000000, 18.45000000000000284, -1.000000000000000000 ) ) ;
#1038 = CARTESIAN_POINT ( 'NONE',  ( 19.50000000000000000, 16.86292439923190045, 7.863310786250720774 ) ) ;
#1039 = ORIENTED_EDGE ( 'NONE', *, *, #3419, .T. ) ;
#1040 = ORIENTED_EDGE ( 'NONE', *, *, #4117, .T. ) ;
#1041 = DIRECTION ( 'NONE',  ( -0.8571673007021113344, 0.000000000000000000, -0.5150380749100558209 ) ) ;
#1042 = DIRECTION ( 'NONE',  ( -1.000000000000000000, 0.000000000000000000, 0.000000000000000000 ) ) ;
#1043 = VECTOR ( 'NONE', #6271, 1000.000000000000000 ) ;
#1044 = VECTOR ( 'NONE', #1309, 1000.000000000000000 ) ;
#1045 = EDGE_CURVE ( 'NONE', #7918, #2229, #1316, .T. ) ;
#1046 = CARTESIAN_POINT ( 'NONE',  ( 19.50000000000000000, 1.199999999999999956, -8.300000000000000711 ) ) ;
#1047 = CARTESIAN_POINT ( 'NONE',  ( 53.69999999999999574, 10.44999999999999929, -7.799999999999999822 ) ) ;
#1048 = VERTEX_POINT ( 'NONE', #8748 ) ;
#1049 = CIRCLE ( 'NONE', #3691, 3.500000000000000888 ) ;
#1050 = VERTEX_POINT ( 'NONE', #5474 ) ;
#1051 = EDGE_LOOP ( 'NONE', ( #10306, #5775, #1334, #590 ) ) ;
#1052 = CARTESIAN_POINT ( 'NONE',  ( 47.20000000000000284, -32.39999999999999858, 3.001000000000000334 ) ) ;
#1053 = LINE ( 'NONE', #3427, #3728 ) ;
#1054 = VECTOR ( 'NONE', #4624, 1000.000000000000000 ) ;
#1055 = ORIENTED_EDGE ( 'NONE', *, *, #289, .T. ) ;
#1056 = DIRECTION ( 'NONE',  ( 0.000000000000000000, -0.000000000000000000, -1.000000000000000000 ) ) ;
#1057 = DIRECTION ( 'NONE',  ( -0.000000000000000000, -0.000000000000000000, -1.000000000000000000 ) ) ;
#1058 = EDGE_CURVE ( 'NONE', #4330, #979, #9794, .T. ) ;
#1059 = DIRECTION ( 'NONE',  ( 1.000000000000000000, 0.000000000000000000, 0.000000000000000000 ) ) ;
#1060 = LINE ( 'NONE', #5320, #5758 ) ;
#1061 = DIRECTION ( 'NONE',  ( 1.000000000000000000, -0.000000000000000000, 0.000000000000000000 ) ) ;
#1062 = ORIENTED_EDGE ( 'NONE', *, *, #10725, .F. ) ;
#1063 = AXIS2_PLACEMENT_3D ( 'NONE', #4988, #785, #5041 ) ;
#1064 = LINE ( 'NONE', #174, #6167 ) ;
#1065 = FACE_OUTER_BOUND ( 'NONE', #3885, .T. ) ;
#1066 = VERTEX_POINT ( 'NONE', #2146 ) ;
#1067 = EDGE_LOOP ( 'NONE', ( #7960, #10158, #763, #1655 ) ) ;
#1068 = CARTESIAN_POINT ( 'NONE',  ( 51.20000000000000284, -1.300000000000000044, 3.000000000000000000 ) ) ;
#1069 = PLANE ( 'NONE',  #10518 ) ;
#1070 = CARTESIAN_POINT ( 'NONE',  ( 55.50000000000000000, 5.950000000000000178, 3.000000000000000000 ) ) ;
#1071 = VECTOR ( 'NONE', #7952, 1000.000000000000000 ) ;
#1072 = LINE ( 'NONE', #6228, #4428 ) ;
#1073 = DIRECTION ( 'NONE',  ( -0.000000000000000000, -0.000000000000000000, -1.000000000000000000 ) ) ;
#1074 = LINE ( 'NONE', #5219, #10189 ) ;
#1075 = CARTESIAN_POINT ( 'NONE',  ( 35.20000000000002416, -17.40000000000000213, 3.001000000000000334 ) ) ;
#1076 = ORIENTED_EDGE ( 'NONE', *, *, #7248, .F. ) ;
#1077 = VECTOR ( 'NONE', #7158, 1000.000000000000000 ) ;
#1078 = EDGE_CURVE ( 'NONE', #9917, #8899, #7879, .T. ) ;
#1079 = CARTESIAN_POINT ( 'NONE',  ( 44.20000000000000995, -17.40000000000000213, 1.000000000000000000 ) ) ;
#1080 = ORIENTED_EDGE ( 'NONE', *, *, #6657, .F. ) ;
#1081 = DIRECTION ( 'NONE',  ( -0.000000000000000000, -0.000000000000000000, -1.000000000000000000 ) ) ;
#1082 = CARTESIAN_POINT ( 'NONE',  ( 0.2000000000000075051, 18.45000000000000284, 1.000000000000000000 ) ) ;
#1083 = CARTESIAN_POINT ( 'NONE',  ( 68.20000000000001705, -35.39999999999999858, 3.000000000000000000 ) ) ;
#1084 = DIRECTION ( 'NONE',  ( 1.219727444046193967E-16, -1.000000000000000000, 0.000000000000000000 ) ) ;
#1085 = AXIS2_PLACEMENT_3D ( 'NONE', #7370, #3316, #6544 ) ;
#1086 = EDGE_CURVE ( 'NONE', #7634, #4736, #3866, .T. ) ;
#1087 = ORIENTED_EDGE ( 'NONE', *, *, #4802, .F. ) ;
#1088 = ORIENTED_EDGE ( 'NONE', *, *, #5058, .T. ) ;
#1089 = ORIENTED_EDGE ( 'NONE', *, *, #4524, .T. ) ;
#1090 = ADVANCED_FACE ( 'NONE', ( #5368 ), #10618, .F. ) ;
#1091 = PLANE ( 'NONE',  #10410 ) ;
#1092 = DIRECTION ( 'NONE',  ( -0.000000000000000000, -0.000000000000000000, -1.000000000000000000 ) ) ;
#1093 = EDGE_LOOP ( 'NONE', ( #1859, #3125, #4818, #7869 ) ) ;
#1094 = VERTEX_POINT ( 'NONE', #1159 ) ;
#1095 = EDGE_CURVE ( 'NONE', #6574, #4948, #3080, .T. ) ;
#1096 = DIRECTION ( 'NONE',  ( 1.000000000000000000, 0.000000000000000000, 0.000000000000000000 ) ) ;
#1097 = CARTESIAN_POINT ( 'NONE',  ( -2.299999999999999822, -1.662443331144435120E-16, -14.00000000000000000 ) ) ;
#1098 = ADVANCED_FACE ( 'NONE', ( #4533 ), #1211, .F. ) ;
#1099 = DIRECTION ( 'NONE',  ( -0.000000000000000000, -0.000000000000000000, -1.000000000000000000 ) ) ;
#1100 = DIRECTION ( 'NONE',  ( 1.000000000000000000, 0.000000000000000000, 0.000000000000000000 ) ) ;
#1101 = EDGE_CURVE ( 'NONE', #10797, #5789, #7916, .T. ) ;
#1102 = DIRECTION ( 'NONE',  ( -1.000000000000000000, 0.000000000000000000, 0.000000000000000000 ) ) ;
#1103 = EDGE_LOOP ( 'NONE', ( #6788, #8081, #1813, #1266 ) ) ;
#1104 = ORIENTED_EDGE ( 'NONE', *, *, #5121, .F. ) ;
#1105 = ORIENTED_EDGE ( 'NONE', *, *, #2963, .T. ) ;
#1106 = DIRECTION ( 'NONE',  ( 0.000000000000000000, 1.000000000000000000, 1.156482317317869950E-15 ) ) ;
#1107 = CARTESIAN_POINT ( 'NONE',  ( 0.000000000000000000, 10.44999999999999929, -13.00000000000000000 ) ) ;
#1108 = ORIENTED_EDGE ( 'NONE', *, *, #518, .T. ) ;
#1109 = EDGE_CURVE ( 'NONE', #5898, #4572, #3699, .T. ) ;
#1110 = CARTESIAN_POINT ( 'NONE',  ( 49.79999999999998295, -10.00000000000000888, -7.500000000000000888 ) ) ;
#1111 = CARTESIAN_POINT ( 'NONE',  ( 1.355252715606880080E-17, -0.2999999999999999889, -14.00000000000000000 ) ) ;
#1112 = CIRCLE ( 'NONE', #8548, 1.000000000000000888 ) ;
#1113 = CIRCLE ( 'NONE', #8014, 0.5000000000000000000 ) ;
#1114 = DIRECTION ( 'NONE',  ( 0.000000000000000000, -0.7071067811865426878, -0.7071067811865524577 ) ) ;
#1115 = FACE_OUTER_BOUND ( 'NONE', #5583, .T. ) ;
#1116 = ORIENTED_EDGE ( 'NONE', *, *, #5942, .T. ) ;
#1117 = ORIENTED_EDGE ( 'NONE', *, *, #5387, .T. ) ;
#1118 = LINE ( 'NONE', #6106, #2587 ) ;
#1119 = DIRECTION ( 'NONE',  ( -1.000000000000000000, 0.000000000000000000, 0.000000000000000000 ) ) ;
#1120 = ORIENTED_EDGE ( 'NONE', *, *, #7229, .F. ) ;
#1121 = ORIENTED_EDGE ( 'NONE', *, *, #10663, .F. ) ;
#1122 = CARTESIAN_POINT ( 'NONE',  ( 41.20000000000003126, -53.40000000000000568, 3.001000000000000334 ) ) ;
#1123 = CARTESIAN_POINT ( 'NONE',  ( 71.20000000000001705, -9.166034247832926115E-15, -4.000000000000000000 ) ) ;
#1124 = AXIS2_PLACEMENT_3D ( 'NONE', #10271, #867, #4243 ) ;
#1125 = CARTESIAN_POINT ( 'NONE',  ( 38.20000000000000995, -32.39999999999999858, 3.000000000000000000 ) ) ;
#1126 = LINE ( 'NONE', #7939, #10621 ) ;
#1127 = CARTESIAN_POINT ( 'NONE',  ( 56.20000000000001705, -50.39999999999999858, 3.000000000000000000 ) ) ;
#1128 = AXIS2_PLACEMENT_3D ( 'NONE', #5500, #7109, #3777 ) ;
#1129 = CARTESIAN_POINT ( 'NONE',  ( 27.50000000000000000, 24.40000000000000213, -7.799999999999999822 ) ) ;
#1130 = CARTESIAN_POINT ( 'NONE',  ( 54.69999999999999574, 11.44999999999999929, 1.000000000000000000 ) ) ;
#1131 = ORIENTED_EDGE ( 'NONE', *, *, #10885, .T. ) ;
#1132 = DIRECTION ( 'NONE',  ( 0.4226182617406974429, 0.000000000000000000, -0.9063077870366509359 ) ) ;
#1133 = ORIENTED_EDGE ( 'NONE', *, *, #9626, .F. ) ;
#1134 = CARTESIAN_POINT ( 'NONE',  ( 6.499999999999997335, -68.40000000000000568, 3.001000000000000334 ) ) ;
#1135 = FACE_OUTER_BOUND ( 'NONE', #1348, .T. ) ;
#1136 = EDGE_CURVE ( 'NONE', #8624, #2229, #7084, .T. ) ;
#1137 = DIRECTION ( 'NONE',  ( 0.000000000000000000, -1.000000000000000000, 0.000000000000000000 ) ) ;
#1138 = PLANE ( 'NONE',  #5893 ) ;
#1139 = EDGE_CURVE ( 'NONE', #10291, #3227, #1269, .T. ) ;
#1140 = VERTEX_POINT ( 'NONE', #10670 ) ;
#1141 = EDGE_LOOP ( 'NONE', ( #9835, #2449, #4138, #454 ) ) ;
#1142 = ORIENTED_EDGE ( 'NONE', *, *, #3383, .T. ) ;
#1143 = DIRECTION ( 'NONE',  ( -9.251858538542971828E-16, -1.000000000000000000, 0.000000000000000000 ) ) ;
#1144 = EDGE_LOOP ( 'NONE', ( #42, #2541, #4353, #2973 ) ) ;
#1145 = EDGE_LOOP ( 'NONE', ( #6151, #275, #7069, #8445 ) ) ;
#1146 = FACE_OUTER_BOUND ( 'NONE', #2022, .T. ) ;
#1147 = DIRECTION ( 'NONE',  ( 0.000000000000000000, 0.000000000000000000, 1.000000000000000000 ) ) ;
#1148 = EDGE_CURVE ( 'NONE', #3827, #9933, #4158, .T. ) ;
#1149 = CARTESIAN_POINT ( 'NONE',  ( 62.20000000000000284, -17.40000000000000213, 1.000000000000000000 ) ) ;
#1150 = VECTOR ( 'NONE', #6619, 1000.000000000000000 ) ;
#1151 = DIRECTION ( 'NONE',  ( 9.251858538542971828E-16, 1.000000000000000000, -0.000000000000000000 ) ) ;
#1152 = ORIENTED_EDGE ( 'NONE', *, *, #5274, .T. ) ;
#1153 = ADVANCED_FACE ( 'NONE', ( #386 ), #5421, .F. ) ;
#1154 = ORIENTED_EDGE ( 'NONE', *, *, #282, .F. ) ;
#1155 = VERTEX_POINT ( 'NONE', #5582 ) ;
#1156 = VECTOR ( 'NONE', #3298, 1000.000000000000000 ) ;
#1157 = FACE_BOUND ( 'NONE', #8463, .T. ) ;
#1158 = AXIS2_PLACEMENT_3D ( 'NONE', #6931, #8592, #1002 ) ;
#1159 = CARTESIAN_POINT ( 'NONE',  ( -11.50000000000000711, -68.40000000000000568, 1.000000000000000000 ) ) ;
#1160 = ORIENTED_EDGE ( 'NONE', *, *, #3029, .F. ) ;
#1161 = DIRECTION ( 'NONE',  ( -0.000000000000000000, -0.000000000000000000, -1.000000000000000000 ) ) ;
#1162 = LINE ( 'NONE', #3756, #7433 ) ;
#1163 = DIRECTION ( 'NONE',  ( -0.000000000000000000, -0.000000000000000000, -1.000000000000000000 ) ) ;
#1164 = AXIS2_PLACEMENT_3D ( 'NONE', #3806, #5523, #8852 ) ;
#1165 = CYLINDRICAL_SURFACE ( 'NONE', #3620, 5.000000000000000000 ) ;
#1166 = EDGE_CURVE ( 'NONE', #3749, #10895, #1375, .T. ) ;
#1167 = DIRECTION ( 'NONE',  ( 0.000000000000000000, 0.000000000000000000, -1.000000000000000000 ) ) ;
#1168 = VERTEX_POINT ( 'NONE', #552 ) ;
#1169 = VERTEX_POINT ( 'NONE', #2918 ) ;
#1170 = CARTESIAN_POINT ( 'NONE',  ( 68.20000000000001705, -53.40000000000000568, 1.000000000000000000 ) ) ;
#1171 = LINE ( 'NONE', #4549, #555 ) ;
#1172 = VECTOR ( 'NONE', #10121, 1000.000000000000000 ) ;
#1173 = EDGE_LOOP ( 'NONE', ( #6926, #3767, #7956, #430 ) ) ;
#1174 = ORIENTED_EDGE ( 'NONE', *, *, #6968, .F. ) ;
#1175 = CARTESIAN_POINT ( 'NONE',  ( 52.76999999999999602, 12.80000000000000071, 1.000000000000000000 ) ) ;
#1176 = LINE ( 'NONE', #9599, #4015 ) ;
#1177 = VECTOR ( 'NONE', #3163, 1000.000000000000000 ) ;
#1178 = CARTESIAN_POINT ( 'NONE',  ( -0.2999999999999919398, 2.500000000000000000, 0.5000000000000000000 ) ) ;
#1179 = CARTESIAN_POINT ( 'NONE',  ( 3.799999999999981615, -76.00000000000001421, 1.100860619027559606 ) ) ;
#1180 = VECTOR ( 'NONE', #6554, 1000.000000000000000 ) ;
#1181 = CARTESIAN_POINT ( 'NONE',  ( 1.199999999999999956, 6.949999999999999289, -7.799999999999999822 ) ) ;
#1182 = LINE ( 'NONE', #4560, #6833 ) ;
#1183 = FACE_OUTER_BOUND ( 'NONE', #9446, .T. ) ;
#1184 = VERTEX_POINT ( 'NONE', #6315 ) ;
#1185 = CARTESIAN_POINT ( 'NONE',  ( -2.500000000000009326, -50.39999999999999858, 3.000000000000000000 ) ) ;
#1186 = ORIENTED_EDGE ( 'NONE', *, *, #96, .T. ) ;
#1187 = DIRECTION ( 'NONE',  ( 0.000000000000000000, 0.000000000000000000, -1.000000000000000000 ) ) ;
#1188 = AXIS2_PLACEMENT_3D ( 'NONE', #5601, #2110, #621 ) ;
#1189 = DIRECTION ( 'NONE',  ( -1.000000000000000000, 0.000000000000000000, 0.000000000000000000 ) ) ;
#1190 = DIRECTION ( 'NONE',  ( 0.000000000000000000, -1.000000000000000000, 0.000000000000000000 ) ) ;
#1191 = EDGE_CURVE ( 'NONE', #5381, #6207, #9686, .T. ) ;
#1192 = PLANE ( 'NONE',  #9959 ) ;
#1193 = AXIS2_PLACEMENT_3D ( 'NONE', #4756, #9848, #8918 ) ;
#1194 = ORIENTED_EDGE ( 'NONE', *, *, #2716, .F. ) ;
#1195 = ORIENTED_EDGE ( 'NONE', *, *, #8100, .F. ) ;
#1196 = ADVANCED_FACE ( 'NONE', ( #9235 ), #5698, .F. ) ;
#1197 = ORIENTED_EDGE ( 'NONE', *, *, #2082, .T. ) ;
#1198 = DIRECTION ( 'NONE',  ( -1.000000000000000000, 0.000000000000000000, 0.000000000000000000 ) ) ;
#1199 = EDGE_LOOP ( 'NONE', ( #7861, #746, #1257, #2497 ) ) ;
#1200 = ORIENTED_EDGE ( 'NONE', *, *, #7164, .F. ) ;
#1201 = LINE ( 'NONE', #7074, #3870 ) ;
#1202 = CARTESIAN_POINT ( 'NONE',  ( 68.20000000000001705, -53.40000000000000568, 3.000000000000000000 ) ) ;
#1203 = DIRECTION ( 'NONE',  ( 0.000000000000000000, 0.000000000000000000, -1.000000000000000000 ) ) ;
#1204 = VECTOR ( 'NONE', #1132, 999.9999999999998863 ) ;
#1205 = VECTOR ( 'NONE', #3604, 1000.000000000000000 ) ;
#1206 = LINE ( 'NONE', #9578, #9656 ) ;
#1207 = EDGE_LOOP ( 'NONE', ( #2915, #9998, #5628, #503 ) ) ;
#1208 = EDGE_LOOP ( 'NONE', ( #5471, #6262, #6677, #8974 ) ) ;
#1209 = ORIENTED_EDGE ( 'NONE', *, *, #1245, .T. ) ;
#1210 = FACE_BOUND ( 'NONE', #4578, .T. ) ;
#1211 = PLANE ( 'NONE',  #6468 ) ;
#1212 = ADVANCED_FACE ( 'NONE', ( #1591 ), #1429, .F. ) ;
#1213 = AXIS2_PLACEMENT_3D ( 'NONE', #8033, #7929, #3764 ) ;
#1214 = VERTEX_POINT ( 'NONE', #7516 ) ;
#1215 = EDGE_CURVE ( 'NONE', #4898, #7918, #6583, .T. ) ;
#1216 = LINE ( 'NONE', #556, #9333 ) ;
#1217 = CIRCLE ( 'NONE', #157, 1.549999999999999378 ) ;
#1218 = DIRECTION ( 'NONE',  ( 1.258870447007842698E-16, -1.000000000000000000, 0.000000000000000000 ) ) ;
#1219 = DIRECTION ( 'NONE',  ( 0.000000000000000000, 0.000000000000000000, 1.000000000000000000 ) ) ;
#1220 = AXIS2_PLACEMENT_3D ( 'NONE', #2190, #6245, #2133 ) ;
#1221 = DIRECTION ( 'NONE',  ( -1.000000000000000000, 0.000000000000000000, 0.000000000000000000 ) ) ;
#1222 = LINE ( 'NONE', #8868, #5602 ) ;
#1223 = VECTOR ( 'NONE', #2947, 1000.000000000000000 ) ;
#1224 = ORIENTED_EDGE ( 'NONE', *, *, #2950, .F. ) ;
#1225 = ORIENTED_EDGE ( 'NONE', *, *, #1884, .T. ) ;
#1226 = DIRECTION ( 'NONE',  ( 0.000000000000000000, 0.000000000000000000, -1.000000000000000000 ) ) ;
#1227 = DIRECTION ( 'NONE',  ( -0.000000000000000000, -0.000000000000000000, 1.000000000000000000 ) ) ;
#1228 = ORIENTED_EDGE ( 'NONE', *, *, #2149, .T. ) ;
#1229 = ORIENTED_EDGE ( 'NONE', *, *, #7566, .T. ) ;
#1230 = PLANE ( 'NONE',  #5276 ) ;
#1231 = DIRECTION ( 'NONE',  ( 0.000000000000000000, 1.000000000000000000, -0.000000000000000000 ) ) ;
#1232 = EDGE_CURVE ( 'NONE', #3278, #10129, #8189, .T. ) ;
#1233 = CARTESIAN_POINT ( 'NONE',  ( -0.9916459933285159956, 6.949999999999999289, -13.00000000000000000 ) ) ;
#1234 = EDGE_CURVE ( 'NONE', #5962, #10227, #7465, .T. ) ;
#1235 = VECTOR ( 'NONE', #4895, 1000.000000000000000 ) ;
#1236 = DIRECTION ( 'NONE',  ( 0.000000000000000000, -1.000000000000000000, 0.000000000000000000 ) ) ;
#1237 = PLANE ( 'NONE',  #4669 ) ;
#1238 = AXIS2_PLACEMENT_3D ( 'NONE', #7878, #297, #3665 ) ;
#1239 = CARTESIAN_POINT ( 'NONE',  ( 44.20000000000001705, -53.40000000000000568, 3.001000000000000334 ) ) ;
#1240 = LINE ( 'NONE', #7942, #9133 ) ;
#1241 = CARTESIAN_POINT ( 'NONE',  ( 28.50000000000000000, 27.90000000000000213, 0.000000000000000000 ) ) ;
#1242 = ORIENTED_EDGE ( 'NONE', *, *, #2506, .F. ) ;
#1243 = CARTESIAN_POINT ( 'NONE',  ( 32.49999999999998579, -18.90000000000003055, 3.000000000000000000 ) ) ;
#1244 = VERTEX_POINT ( 'NONE', #6632 ) ;
#1245 = EDGE_CURVE ( 'NONE', #1764, #2132, #5858, .T. ) ;
#1246 = CARTESIAN_POINT ( 'NONE',  ( -12.95000000000000639, -94.39999999999999147, 1.000000000000000000 ) ) ;
#1247 = VECTOR ( 'NONE', #1657, 1000.000000000000000 ) ;
#1248 = CARTESIAN_POINT ( 'NONE',  ( -3.299999999999999822, 17.44999999999999929, 0.000000000000000000 ) ) ;
#1249 = DIRECTION ( 'NONE',  ( 0.000000000000000000, -0.000000000000000000, -1.000000000000000000 ) ) ;
#1250 = CARTESIAN_POINT ( 'NONE',  ( 3.499999999999987566, -32.39999999999999858, 3.001000000000000334 ) ) ;
#1251 = VECTOR ( 'NONE', #7065, 1000.000000000000000 ) ;
#1252 = VERTEX_POINT ( 'NONE', #8404 ) ;
#1253 = ORIENTED_EDGE ( 'NONE', *, *, #1502, .T. ) ;
#1254 = ORIENTED_EDGE ( 'NONE', *, *, #7106, .T. ) ;
#1255 = CARTESIAN_POINT ( 'NONE',  ( 38.20000000000000995, -50.39999999999999858, 3.000000000000000000 ) ) ;
#1256 = VERTEX_POINT ( 'NONE', #10838 ) ;
#1257 = ORIENTED_EDGE ( 'NONE', *, *, #1078, .F. ) ;
#1258 = FACE_OUTER_BOUND ( 'NONE', #1511, .T. ) ;
#1259 = LINE ( 'NONE', #320, #10363 ) ;
#1260 = VECTOR ( 'NONE', #9439, 1000.000000000000000 ) ;
#1261 = AXIS2_PLACEMENT_3D ( 'NONE', #3712, #1227, #4605 ) ;
#1262 = CARTESIAN_POINT ( 'NONE',  ( -9.035018104045871311E-18, 0.2000000000000000111, 0.5000000000000000000 ) ) ;
#1263 = CARTESIAN_POINT ( 'NONE',  ( 56.20000000000000995, -17.40000000000000213, 3.000000000000000000 ) ) ;
#1264 = EDGE_LOOP ( 'NONE', ( #7961, #1080 ) ) ;
#1265 = VERTEX_POINT ( 'NONE', #5745 ) ;
#1266 = ORIENTED_EDGE ( 'NONE', *, *, #9090, .T. ) ;
#1267 = AXIS2_PLACEMENT_3D ( 'NONE', #7214, #3165, #10594 ) ;
#1268 = FACE_BOUND ( 'NONE', #6728, .T. ) ;
#1269 = LINE ( 'NONE', #6261, #3092 ) ;
#1270 = ORIENTED_EDGE ( 'NONE', *, *, #4213, .T. ) ;
#1271 = DIRECTION ( 'NONE',  ( -1.000000000000000000, 0.000000000000000000, 0.000000000000000000 ) ) ;
#1272 = PLANE ( 'NONE',  #9729 ) ;
#1273 = LINE ( 'NONE', #5587, #6061 ) ;
#1274 = DIRECTION ( 'NONE',  ( 0.000000000000000000, 0.000000000000000000, 1.000000000000000000 ) ) ;
#1275 = EDGE_CURVE ( 'NONE', #3859, #1406, #7410, .T. ) ;
#1276 = LINE ( 'NONE', #5323, #1882 ) ;
#1277 = ORIENTED_EDGE ( 'NONE', *, *, #4218, .F. ) ;
#1278 = ORIENTED_EDGE ( 'NONE', *, *, #4619, .F. ) ;
#1279 = FACE_OUTER_BOUND ( 'NONE', #159, .T. ) ;
#1280 = DIRECTION ( 'NONE',  ( 0.000000000000000000, -1.000000000000000000, 0.000000000000000000 ) ) ;
#1281 = ORIENTED_EDGE ( 'NONE', *, *, #3963, .F. ) ;
#1282 = ORIENTED_EDGE ( 'NONE', *, *, #1774, .F. ) ;
#1283 = CARTESIAN_POINT ( 'NONE',  ( -16.05000000000000426, -94.39999999999999147, 1.000000000000000000 ) ) ;
#1284 = DIRECTION ( 'NONE',  ( 1.000000000000000000, 0.000000000000000000, 0.000000000000000000 ) ) ;
#1285 = VECTOR ( 'NONE', #9256, 1000.000000000000000 ) ;
#1286 = CARTESIAN_POINT ( 'NONE',  ( 56.20000000000001705, -35.39999999999999858, 3.001000000000000334 ) ) ;
#1287 = LINE ( 'NONE', #1127, #6963 ) ;
#1288 = CARTESIAN_POINT ( 'NONE',  ( 6.499999999999993783, -32.39999999999999858, 3.000000000000000000 ) ) ;
#1289 = ADVANCED_FACE ( 'NONE', ( #2465 ), #2257, .F. ) ;
#1290 = CARTESIAN_POINT ( 'NONE',  ( -3.500000000000003109, 34.39999999999999858, 1.000000000000000000 ) ) ;
#1291 = EDGE_CURVE ( 'NONE', #3061, #2392, #4080, .T. ) ;
#1292 = CARTESIAN_POINT ( 'NONE',  ( 34.50000000000000000, 0.000000000000000000, -14.00000000000000000 ) ) ;
#1293 = ORIENTED_EDGE ( 'NONE', *, *, #4340, .F. ) ;
#1294 = DIRECTION ( 'NONE',  ( -1.000000000000000000, 0.000000000000000000, 0.000000000000000000 ) ) ;
#1295 = PLANE ( 'NONE',  #8398 ) ;
#1296 = ORIENTED_EDGE ( 'NONE', *, *, #8381, .T. ) ;
#1297 = PLANE ( 'NONE',  #3515 ) ;
#1298 = DIRECTION ( 'NONE',  ( -0.000000000000000000, -0.000000000000000000, -1.000000000000000000 ) ) ;
#1299 = CARTESIAN_POINT ( 'NONE',  ( 51.20000000000000284, 4.000000000000000000, 0.5000000000000000000 ) ) ;
#1300 = VECTOR ( 'NONE', #5515, 1000.000000000000000 ) ;
#1301 = DIRECTION ( 'NONE',  ( 0.000000000000000000, -1.000000000000000000, 0.000000000000000000 ) ) ;
#1302 = EDGE_CURVE ( 'NONE', #8946, #553, #9903, .T. ) ;
#1303 = ORIENTED_EDGE ( 'NONE', *, *, #1275, .T. ) ;
#1304 = ORIENTED_EDGE ( 'NONE', *, *, #203, .T. ) ;
#1305 = VERTEX_POINT ( 'NONE', #2310 ) ;
#1306 = LINE ( 'NONE', #3685, #2099 ) ;
#1307 = ORIENTED_EDGE ( 'NONE', *, *, #7499, .F. ) ;
#1308 = AXIS2_PLACEMENT_3D ( 'NONE', #6550, #10590, #8937 ) ;
#1309 = DIRECTION ( 'NONE',  ( 1.000000000000000000, -0.000000000000000000, -0.000000000000000000 ) ) ;
#1310 = CARTESIAN_POINT ( 'NONE',  ( -1.811109227115474951, 0.000000000000000000, -13.00000000000000000 ) ) ;
#1311 = DIRECTION ( 'NONE',  ( 0.000000000000000000, 0.000000000000000000, -1.000000000000000000 ) ) ;
#1312 = ORIENTED_EDGE ( 'NONE', *, *, #7893, .T. ) ;
#1313 = VERTEX_POINT ( 'NONE', #5800 ) ;
#1314 = VERTEX_POINT ( 'NONE', #3194 ) ;
#1315 = FACE_BOUND ( 'NONE', #8320, .T. ) ;
#1316 = LINE ( 'NONE', #330, #9466 ) ;
#1317 = EDGE_LOOP ( 'NONE', ( #6671, #7123, #845, #4908 ) ) ;
#1318 = CARTESIAN_POINT ( 'NONE',  ( 44.20000000000001705, -53.40000000000000568, 3.000000000000000000 ) ) ;
#1319 = AXIS2_PLACEMENT_3D ( 'NONE', #10597, #3006, #10392 ) ;
#1320 = DIRECTION ( 'NONE',  ( -1.084202172485503818E-16, 1.000000000000000000, 0.000000000000000000 ) ) ;
#1321 = DIRECTION ( 'NONE',  ( 1.000000000000000000, 0.000000000000000000, 0.000000000000000000 ) ) ;
#1322 = ADVANCED_FACE ( 'NONE', ( #3138 ), #2411, .F. ) ;
#1323 = CARTESIAN_POINT ( 'NONE',  ( -2.500000000000006661, -68.40000000000000568, 3.000000000000000000 ) ) ;
#1324 = ORIENTED_EDGE ( 'NONE', *, *, #551, .T. ) ;
#1325 = AXIS2_PLACEMENT_3D ( 'NONE', #4810, #4192, #5024 ) ;
#1326 = VECTOR ( 'NONE', #10517, 1000.000000000000000 ) ;
#1327 = FACE_OUTER_BOUND ( 'NONE', #7280, .T. ) ;
#1328 = VERTEX_POINT ( 'NONE', #605 ) ;
#1329 = VERTEX_POINT ( 'NONE', #7354 ) ;
#1330 = VECTOR ( 'NONE', #6283, 1000.000000000000000 ) ;
#1331 = CARTESIAN_POINT ( 'NONE',  ( 56.20000000000001705, -35.39999999999999858, 3.001000000000000334 ) ) ;
#1332 = DIRECTION ( 'NONE',  ( 1.000000000000000000, -0.000000000000000000, -0.000000000000000000 ) ) ;
#1333 = ADVANCED_FACE ( 'NONE', ( #1640 ), #6687, .F. ) ;
#1334 = ORIENTED_EDGE ( 'NONE', *, *, #4819, .F. ) ;
#1335 = ORIENTED_EDGE ( 'NONE', *, *, #3925, .T. ) ;
#1336 = DIRECTION ( 'NONE',  ( 1.000000000000000000, -0.000000000000000000, -0.000000000000000000 ) ) ;
#1337 = DIRECTION ( 'NONE',  ( -0.000000000000000000, -0.000000000000000000, -1.000000000000000000 ) ) ;
#1338 = EDGE_CURVE ( 'NONE', #9266, #6036, #6813, .T. ) ;
#1339 = CIRCLE ( 'NONE', #3459, 3.799999999999999822 ) ;
#1340 = CARTESIAN_POINT ( 'NONE',  ( 51.20000000000000284, -0.2999999999999999889, -1.000000000000000000 ) ) ;
#1341 = EDGE_CURVE ( 'NONE', #2928, #6461, #10000, .T. ) ;
#1342 = DIRECTION ( 'NONE',  ( 0.000000000000000000, -1.000000000000000000, 0.000000000000000000 ) ) ;
#1343 = LINE ( 'NONE', #6499, #7010 ) ;
#1344 = VECTOR ( 'NONE', #133, 1000.000000000000000 ) ;
#1345 = CARTESIAN_POINT ( 'NONE',  ( -8.500000000000007105, -68.40000000000000568, 3.001000000000000334 ) ) ;
#1346 = EDGE_CURVE ( 'NONE', #5951, #1184, #10060, .T. ) ;
#1347 = CIRCLE ( 'NONE', #7536, 4.000000000000003553 ) ;
#1348 = EDGE_LOOP ( 'NONE', ( #6414, #7191, #7513, #8790 ) ) ;
#1349 = CARTESIAN_POINT ( 'NONE',  ( 47.20000000000000284, -50.39999999999999858, 3.001000000000000334 ) ) ;
#1350 = DIRECTION ( 'NONE',  ( -6.033820786006289662E-16, -1.000000000000000000, 0.000000000000000000 ) ) ;
#1351 = ORIENTED_EDGE ( 'NONE', *, *, #7393, .F. ) ;
#1352 = ADVANCED_FACE ( 'NONE', ( #8571 ), #8518, .F. ) ;
#1353 = CARTESIAN_POINT ( 'NONE',  ( -8.500000000000010658, -32.39999999999999858, 3.000000000000000000 ) ) ;
#1354 = EDGE_CURVE ( 'NONE', #9758, #5129, #1699, .T. ) ;
#1355 = MECHANICAL_DESIGN_GEOMETRIC_PRESENTATION_REPRESENTATION (  '', ( #8076 ), #690 ) ;
#1356 = FACE_OUTER_BOUND ( 'NONE', #7904, .T. ) ;
#1357 = EDGE_CURVE ( 'NONE', #2421, #372, #150, .T. ) ;
#1358 = DIRECTION ( 'NONE',  ( 1.000000000000000000, -4.357233220663877152E-16, -0.000000000000000000 ) ) ;
#1359 = EDGE_CURVE ( 'NONE', #2253, #10717, #4305, .T. ) ;
#1360 = ORIENTED_EDGE ( 'NONE', *, *, #5648, .T. ) ;
#1361 = ORIENTED_EDGE ( 'NONE', *, *, #9577, .T. ) ;
#1362 = ORIENTED_EDGE ( 'NONE', *, *, #4120, .F. ) ;
#1363 = CARTESIAN_POINT ( 'NONE',  ( 6.499999999999997335, -68.40000000000000568, 3.000000000000000000 ) ) ;
#1364 = EDGE_LOOP ( 'NONE', ( #9743, #10031, #3081, #7294, #10604, #8956, #10400, #861 ) ) ;
#1365 = DIRECTION ( 'NONE',  ( -0.000000000000000000, 1.000000000000000000, 0.000000000000000000 ) ) ;
#1366 = EDGE_CURVE ( 'NONE', #57, #5898, #10331, .T. ) ;
#1367 = DIRECTION ( 'NONE',  ( -0.000000000000000000, -0.000000000000000000, -1.000000000000000000 ) ) ;
#1368 = ADVANCED_FACE ( 'NONE', ( #2638 ), #5079, .F. ) ;
#1369 = AXIS2_PLACEMENT_3D ( 'NONE', #1393, #1449, #8038 ) ;
#1370 = DIRECTION ( 'NONE',  ( 0.000000000000000000, 0.000000000000000000, 1.000000000000000000 ) ) ;
#1371 = EDGE_LOOP ( 'NONE', ( #10228, #6992, #9774, #4039 ) ) ;
#1372 = ORIENTED_EDGE ( 'NONE', *, *, #6585, .F. ) ;
#1373 = ORIENTED_EDGE ( 'NONE', *, *, #3861, .F. ) ;
#1374 = FACE_BOUND ( 'NONE', #8306, .T. ) ;
#1375 = LINE ( 'NONE', #4752, #801 ) ;
#1376 = ORIENTED_EDGE ( 'NONE', *, *, #7121, .F. ) ;
#1377 = DIRECTION ( 'NONE',  ( 0.000000000000000000, 1.000000000000000000, 0.000000000000000000 ) ) ;
#1378 = VECTOR ( 'NONE', #4780, 1000.000000000000000 ) ;
#1380 = EDGE_CURVE ( 'NONE', #4572, #6296, #7685, .T. ) ;
#1379 = CARTESIAN_POINT ( 'NONE',  ( 18.21999999999999886, 10.92500000000000071, 3.000000000000000000 ) ) ;
#1381 = PLANE ( 'NONE',  #9953 ) ;
#1382 = DIRECTION ( 'NONE',  ( 6.033820786006289662E-16, 1.000000000000000000, 0.000000000000000000 ) ) ;
#1383 = ORIENTED_EDGE ( 'NONE', *, *, #3961, .T. ) ;
#1384 = DIRECTION ( 'NONE',  ( 1.000000000000000000, -1.287364360650691604E-16, 0.000000000000000000 ) ) ;
#1385 = AXIS2_PLACEMENT_3D ( 'NONE', #8815, #452, #7984 ) ;
#1386 = EDGE_LOOP ( 'NONE', ( #8231, #804, #4343, #4104 ) ) ;
#1387 = ORIENTED_EDGE ( 'NONE', *, *, #8809, .F. ) ;
#1388 = DIRECTION ( 'NONE',  ( -4.921201350288809599E-16, 1.000000000000000000, 0.000000000000000000 ) ) ;
#1389 = CARTESIAN_POINT ( 'NONE',  ( 9.499999999999992895, -35.39999999999999858, 1.000000000000000000 ) ) ;
#1390 = VECTOR ( 'NONE', #8245, 1000.000000000000000 ) ;
#1391 = VERTEX_POINT ( 'NONE', #4251 ) ;
#1392 = ORIENTED_EDGE ( 'NONE', *, *, #5089, .F. ) ;
#1393 = CARTESIAN_POINT ( 'NONE',  ( 27.50000000000000000, 4.164757004755704983, -1.942058085672285106 ) ) ;
#1394 = EDGE_CURVE ( 'NONE', #9035, #6811, #10694, .T. ) ;
#1395 = LINE ( 'NONE', #4879, #173 ) ;
#1396 = TOROIDAL_SURFACE ( 'NONE', #9529, 2.299999999999999822, 0.5000000000000000000 ) ;
#1397 = CARTESIAN_POINT ( 'NONE',  ( 57.20000000000000284, 0.000000000000000000, -14.00000000000000000 ) ) ;
#1398 = VECTOR ( 'NONE', #10827, 1000.000000000000000 ) ;
#1399 = CARTESIAN_POINT ( 'NONE',  ( 56.20000000000001705, -53.40000000000000568, 1.000000000000000000 ) ) ;
#1400 = CARTESIAN_POINT ( 'NONE',  ( 41.20000000000002416, -17.40000000000000213, 3.000000000000000000 ) ) ;
#1401 = CARTESIAN_POINT ( 'NONE',  ( 28.50000000000000000, 25.89999999999999858, -14.00000000000000000 ) ) ;
#1402 = CARTESIAN_POINT ( 'NONE',  ( -2.500000000000011102, -32.39999999999999858, 3.001000000000000334 ) ) ;
#1403 = ORIENTED_EDGE ( 'NONE', *, *, #9563, .F. ) ;
#1404 = FACE_BOUND ( 'NONE', #7518, .T. ) ;
#1405 = CARTESIAN_POINT ( 'NONE',  ( 65.20000000000001705, -17.40000000000000213, 3.001000000000000334 ) ) ;
#1406 = VERTEX_POINT ( 'NONE', #101 ) ;
#1407 = VECTOR ( 'NONE', #1729, 1000.000000000000000 ) ;
#1408 = CARTESIAN_POINT ( 'NONE',  ( -0.9916459933285137751, 0.000000000000000000, -13.00000000000000000 ) ) ;
#1409 = LINE ( 'NONE', #4787, #8510 ) ;
#1410 = CYLINDRICAL_SURFACE ( 'NONE', #5536, 4.000000000000003553 ) ;
#1411 = EDGE_CURVE ( 'NONE', #4528, #5180, #7636, .T. ) ;
#1412 = EDGE_LOOP ( 'NONE', ( #945, #657, #9887, #8651 ) ) ;
#1413 = EDGE_LOOP ( 'NONE', ( #2479, #7986, #4703, #4012 ) ) ;
#1414 = EDGE_LOOP ( 'NONE', ( #1687, #8648, #7397, #8489 ) ) ;
#1415 = VECTOR ( 'NONE', #9763, 1000.000000000000000 ) ;
#1416 = CARTESIAN_POINT ( 'NONE',  ( 14.49999999999998401, -64.40000000000000568, 3.001000000000000334 ) ) ;
#1417 = ORIENTED_EDGE ( 'NONE', *, *, #1424, .T. ) ;
#1418 = DIRECTION ( 'NONE',  ( 0.000000000000000000, -0.000000000000000000, -1.000000000000000000 ) ) ;
#1419 = CARTESIAN_POINT ( 'NONE',  ( -8.500000000000007105, -68.40000000000000568, 3.001000000000000334 ) ) ;
#1420 = AXIS2_PLACEMENT_3D ( 'NONE', #1435, #4814, #1539 ) ;
#1421 = DIRECTION ( 'NONE',  ( -1.000000000000000000, 0.000000000000000000, 0.000000000000000000 ) ) ;
#1422 = EDGE_CURVE ( 'NONE', #7438, #10598, #3444, .T. ) ;
#1423 = ORIENTED_EDGE ( 'NONE', *, *, #6763, .T. ) ;
#1424 = EDGE_CURVE ( 'NONE', #6907, #6376, #10171, .T. ) ;
#1425 = ORIENTED_EDGE ( 'NONE', *, *, #4203, .F. ) ;
#1426 = ORIENTED_EDGE ( 'NONE', *, *, #5681, .F. ) ;
#1427 = FACE_OUTER_BOUND ( 'NONE', #10923, .T. ) ;
#1428 = EDGE_CURVE ( 'NONE', #8678, #10826, #3469, .T. ) ;
#1429 = PLANE ( 'NONE',  #1325 ) ;
#1430 = ORIENTED_EDGE ( 'NONE', *, *, #5708, .F. ) ;
#1431 = CARTESIAN_POINT ( 'NONE',  ( 35.50000000000000000, -0.2999999999999999889, -1.000000000000000000 ) ) ;
#1432 = VECTOR ( 'NONE', #8115, 1000.000000000000000 ) ;
#1433 = CIRCLE ( 'NONE', #5507, 1.000000000000000888 ) ;
#1434 = PLANE ( 'NONE',  #10036 ) ;
#1435 = CARTESIAN_POINT ( 'NONE',  ( 19.50000000000000000, 0.000000000000000000, -13.00000000000000000 ) ) ;
#1436 = ADVANCED_FACE ( 'NONE', ( #6801 ), #5184, .F. ) ;
#1437 = DIRECTION ( 'NONE',  ( 0.000000000000000000, 0.000000000000000000, 1.000000000000000000 ) ) ;
#1438 = LINE ( 'NONE', #3089, #9652 ) ;
#1439 = AXIS2_PLACEMENT_3D ( 'NONE', #1834, #7820, #2662 ) ;
#1440 = VERTEX_POINT ( 'NONE', #10280 ) ;
#1441 = FACE_OUTER_BOUND ( 'NONE', #4405, .T. ) ;
#1442 = EDGE_CURVE ( 'NONE', #192, #3868, #10337, .T. ) ;
#1443 = ORIENTED_EDGE ( 'NONE', *, *, #4682, .T. ) ;
#1444 = ORIENTED_EDGE ( 'NONE', *, *, #5693, .T. ) ;
#1445 = FACE_OUTER_BOUND ( 'NONE', #1386, .T. ) ;
#1446 = LINE ( 'NONE', #7264, #10627 ) ;
#1447 = ORIENTED_EDGE ( 'NONE', *, *, #6434, .F. ) ;
#1448 = ORIENTED_EDGE ( 'NONE', *, *, #3782, .F. ) ;
#1449 = DIRECTION ( 'NONE',  ( 0.000000000000000000, 0.9063077870366479383, -0.4226182617407039377 ) ) ;
#1450 = LINE ( 'NONE', #10858, #1587 ) ;
#1451 = ADVANCED_FACE ( 'NONE', ( #209 ), #5237, .T. ) ;
#1452 = CARTESIAN_POINT ( 'NONE',  ( 4.164757004755709424, 6.949999999999999289, -1.942058085672285106 ) ) ;
#1453 = CARTESIAN_POINT ( 'NONE',  ( 59.20000000000002416, -35.39999999999999858, 1.000000000000000000 ) ) ;
#1454 = CARTESIAN_POINT ( 'NONE',  ( 0.4999999999999935052, -68.40000000000000568, 3.001000000000000334 ) ) ;
#1455 = DIRECTION ( 'NONE',  ( 0.000000000000000000, 0.03349678200752206209, 0.9994388253390702470 ) ) ;
#1456 = DIRECTION ( 'NONE',  ( 0.000000000000000000, -1.000000000000000000, 0.000000000000000000 ) ) ;
#1457 = ORIENTED_EDGE ( 'NONE', *, *, #2490, .T. ) ;
#1458 = ORIENTED_EDGE ( 'NONE', *, *, #741, .F. ) ;
#1459 = LINE ( 'NONE', #9822, #10048 ) ;
#1460 = DIRECTION ( 'NONE',  ( 0.000000000000000000, 0.000000000000000000, 1.000000000000000000 ) ) ;
#1461 = EDGE_LOOP ( 'NONE', ( #4054, #7372, #1914, #2780, #6760, #1872 ) ) ;
#1462 = CARTESIAN_POINT ( 'NONE',  ( -0.2999999999999919398, 2.500000000000000000, -1.000000000000000000 ) ) ;
#1463 = ADVANCED_FACE ( 'NONE', ( #258 ), #4409, .F. ) ;
#1464 = FACE_OUTER_BOUND ( 'NONE', #806, .T. ) ;
#1465 = CARTESIAN_POINT ( 'NONE',  ( 34.50000000000000000, 27.90000000000000213, -14.00000000000000000 ) ) ;
#1466 = AXIS2_PLACEMENT_3D ( 'NONE', #9677, #7076, #8849 ) ;
#1467 = VECTOR ( 'NONE', #3322, 1000.000000000000000 ) ;
#1468 = VERTEX_POINT ( 'NONE', #9290 ) ;
#1469 = ORIENTED_EDGE ( 'NONE', *, *, #3172, .F. ) ;
#1470 = VERTEX_POINT ( 'NONE', #1751 ) ;
#1471 = DIRECTION ( 'NONE',  ( 0.000000000000000000, 1.000000000000000000, 0.000000000000000000 ) ) ;
#1472 = ORIENTED_EDGE ( 'NONE', *, *, #10354, .T. ) ;
#1473 = ADVANCED_FACE ( 'NONE', ( #10646 ), #8272, .F. ) ;
#1474 = CARTESIAN_POINT ( 'NONE',  ( 69.65000000000001990, 35.39999999999999858, 3.000000000000000000 ) ) ;
#1475 = PRODUCT_DEFINITION_FORMATION_WITH_SPECIFIED_SOURCE ( 'ANY', '', #3860, .NOT_KNOWN. ) ;
#1476 = VECTOR ( 'NONE', #8838, 1000.000000000000000 ) ;
#1477 = ADVANCED_FACE ( 'NONE', ( #10757 ), #5615, .F. ) ;
#1478 = CARTESIAN_POINT ( 'NONE',  ( 65.20000000000001705, -53.40000000000000568, 3.000000000000000000 ) ) ;
#1479 = CARTESIAN_POINT ( 'NONE',  ( -16.05000000000000426, -94.39999999999999147, 3.000000000000000000 ) ) ;
#1480 = VERTEX_POINT ( 'NONE', #9823 ) ;
#1481 = ORIENTED_EDGE ( 'NONE', *, *, #178, .F. ) ;
#1482 = EDGE_LOOP ( 'NONE', ( #1625, #7070, #9033, #8842 ) ) ;
#1483 = DIRECTION ( 'NONE',  ( 0.000000000000000000, 1.000000000000000000, -0.000000000000000000 ) ) ;
#1484 = DIRECTION ( 'NONE',  ( 0.000000000000000000, -1.000000000000000000, 0.000000000000000000 ) ) ;
#1485 = ORIENTED_EDGE ( 'NONE', *, *, #10548, .F. ) ;
#1486 = ADVANCED_FACE ( 'NONE', ( #5560 ), #9000, .F. ) ;
#1487 = CARTESIAN_POINT ( 'NONE',  ( -2.500000000000006661, -68.40000000000000568, 3.001000000000000334 ) ) ;
#1488 = DIRECTION ( 'NONE',  ( -0.03489949670250453578, 0.000000000000000000, 0.9993908270190955401 ) ) ;
#1489 = ADVANCED_FACE ( 'NONE', ( #3116 ), #7387, .F. ) ;
#1490 = DIRECTION ( 'NONE',  ( 0.000000000000000000, -0.9994388253390702470, 0.03349678200752206209 ) ) ;
#1491 = ADVANCED_FACE ( 'NONE', ( #5673 ), #7018, .F. ) ;
#1492 = CARTESIAN_POINT ( 'NONE',  ( 6.499999999999997335, -68.40000000000000568, 1.000000000000000000 ) ) ;
#1493 = DIRECTION ( 'NONE',  ( -1.000000000000000000, 0.000000000000000000, 0.000000000000000000 ) ) ;
#1494 = ORIENTED_EDGE ( 'NONE', *, *, #7797, .T. ) ;
#1495 = CARTESIAN_POINT ( 'NONE',  ( 60.20000000000001705, 36.39999999999999858, -4.000000000000000000 ) ) ;
#1496 = ORIENTED_EDGE ( 'NONE', *, *, #7225, .F. ) ;
#1497 = DIRECTION ( 'NONE',  ( 0.000000000000000000, 1.000000000000000000, 0.000000000000000000 ) ) ;
#1498 = DIRECTION ( 'NONE',  ( 0.000000000000000000, 0.000000000000000000, -1.000000000000000000 ) ) ;
#1499 = ORIENTED_EDGE ( 'NONE', *, *, #10855, .T. ) ;
#1500 = DIRECTION ( 'NONE',  ( -1.000000000000000000, 9.251858538542971828E-16, 0.000000000000000000 ) ) ;
#1501 = LINE ( 'NONE', #729, #7428 ) ;
#1502 = EDGE_CURVE ( 'NONE', #830, #10278, #4730, .T. ) ;
#1503 = DIRECTION ( 'NONE',  ( 1.000000000000000000, 0.000000000000000000, 0.000000000000000000 ) ) ;
#1504 = VECTOR ( 'NONE', #3716, 1000.000000000000000 ) ;
#1505 = CARTESIAN_POINT ( 'NONE',  ( 32.49999999999996447, -53.40000000000000568, 3.001000000000000334 ) ) ;
#1506 = VECTOR ( 'NONE', #6121, 1000.000000000000000 ) ;
#1507 = LINE ( 'NONE', #8317, #7362 ) ;
#1508 = CARTESIAN_POINT ( 'NONE',  ( 38.20000000000000995, -35.39999999999999858, 3.000000000000000000 ) ) ;
#1509 = LINE ( 'NONE', #2334, #384 ) ;
#1510 = ORIENTED_EDGE ( 'NONE', *, *, #6431, .F. ) ;
#1511 = EDGE_LOOP ( 'NONE', ( #7849, #7844, #2502, #5779 ) ) ;
#1512 = DIRECTION ( 'NONE',  ( 1.000000000000000000, -0.000000000000000000, 0.000000000000000000 ) ) ;
#1513 = DIRECTION ( 'NONE',  ( -1.000000000000000000, 0.000000000000000000, 0.000000000000000000 ) ) ;
#1514 = VECTOR ( 'NONE', #8922, 1000.000000000000000 ) ;
#1515 = ORIENTED_EDGE ( 'NONE', *, *, #3993, .F. ) ;
#1516 = DIRECTION ( 'NONE',  ( -0.000000000000000000, 0.000000000000000000, -1.000000000000000000 ) ) ;
#1517 = LINE ( 'NONE', #4009, #10800 ) ;
#1518 = LINE ( 'NONE', #4114, #6607 ) ;
#1519 = AXIS2_PLACEMENT_3D ( 'NONE', #988, #7747, #9514 ) ;
#1520 = ORIENTED_EDGE ( 'NONE', *, *, #7119, .T. ) ;
#1521 = VERTEX_POINT ( 'NONE', #582 ) ;
#1522 = VERTEX_POINT ( 'NONE', #10703 ) ;
#1523 = CARTESIAN_POINT ( 'NONE',  ( 44.20000000000001705, -53.40000000000000568, 3.001000000000000334 ) ) ;
#1524 = EDGE_LOOP ( 'NONE', ( #3072, #10927, #1076, #10773 ) ) ;
#1525 = VECTOR ( 'NONE', #1976, 1000.000000000000000 ) ;
#1526 = CYLINDRICAL_SURFACE ( 'NONE', #6704, 1.000000000000000000 ) ;
#1527 = ADVANCED_FACE ( 'NONE', ( #8110 ), #1295, .F. ) ;
#1528 = VECTOR ( 'NONE', #9531, 1000.000000000000000 ) ;
#1529 = DIRECTION ( 'NONE',  ( 9.251858538542971828E-16, 1.000000000000000000, -0.000000000000000000 ) ) ;
#1530 = EDGE_CURVE ( 'NONE', #22, #3004, #3060, .T. ) ;
#1531 = CARTESIAN_POINT ( 'NONE',  ( 28.50000000000000000, 28.89999999999999858, 1.000000000000000000 ) ) ;
#1532 = ORIENTED_EDGE ( 'NONE', *, *, #8233, .F. ) ;
#1533 = VERTEX_POINT ( 'NONE', #688 ) ;
#1534 = CARTESIAN_POINT ( 'NONE',  ( -11.50000000000000888, -50.39999999999999858, 3.000000000000000000 ) ) ;
#1535 = DIRECTION ( 'NONE',  ( 0.000000000000000000, -1.000000000000000000, 0.000000000000000000 ) ) ;
#1536 = ORIENTED_EDGE ( 'NONE', *, *, #4947, .T. ) ;
#1537 = CARTESIAN_POINT ( 'NONE',  ( 44.20000000000000995, -17.40000000000000213, 3.000000000000000000 ) ) ;
#1538 = CARTESIAN_POINT ( 'NONE',  ( 51.20000000000000284, -0.2999999999999999889, 3.000000000000000000 ) ) ;
#1539 = DIRECTION ( 'NONE',  ( 0.000000000000000000, 1.000000000000000000, 0.000000000000000000 ) ) ;
#1540 = AXIS2_PLACEMENT_3D ( 'NONE', #3649, #167, #2655 ) ;
#1541 = DIRECTION ( 'NONE',  ( -1.000000000000000000, 0.000000000000000000, 0.000000000000000000 ) ) ;
#1542 = PRODUCT_DEFINITION ( 'UNKNOWN', '', #1475, #7630 ) ;
#1543 = PLANE ( 'NONE',  #3811 ) ;
#1544 = VERTEX_POINT ( 'NONE', #469 ) ;
#1545 = EDGE_CURVE ( 'NONE', #4300, #6461, #2122, .T. ) ;
#1546 = ORIENTED_EDGE ( 'NONE', *, *, #9894, .F. ) ;
#1548 = ADVANCED_FACE ( 'NONE', ( #3896 ), #3170, .F. ) ;
#1547 = VECTOR ( 'NONE', #4864, 1000.000000000000000 ) ;
#1549 = LINE ( 'NONE', #779, #10233 ) ;
#1550 = CARTESIAN_POINT ( 'NONE',  ( 41.20000000000002416, -17.40000000000000213, 1.000000000000000000 ) ) ;
#1551 = ORIENTED_EDGE ( 'NONE', *, *, #6314, .T. ) ;
#1552 = DIRECTION ( 'NONE',  ( -1.000000000000000000, 0.000000000000000000, 0.000000000000000000 ) ) ;
#1553 = CARTESIAN_POINT ( 'NONE',  ( -2.439454888092360016E-17, 0.2000000000000000111, 1.000000000000000000 ) ) ;
#1554 = CARTESIAN_POINT ( 'NONE',  ( 53.20000000000002416, -53.40000000000000568, 1.000000000000000000 ) ) ;
#1555 = AXIS2_PLACEMENT_3D ( 'NONE', #2012, #8776, #7114 ) ;
#1556 = CARTESIAN_POINT ( 'NONE',  ( 59.20000000000001705, -17.40000000000000213, 3.000000000000000000 ) ) ;
#1557 = LINE ( 'NONE', #6658, #1177 ) ;
#1558 = AXIS2_PLACEMENT_3D ( 'NONE', #9649, #10366, #7933 ) ;
#1559 = DIRECTION ( 'NONE',  ( 1.000000000000000000, 0.000000000000000000, 0.000000000000000000 ) ) ;
#1560 = EDGE_CURVE ( 'NONE', #4961, #6701, #2945, .T. ) ;
#1561 = DIRECTION ( 'NONE',  ( -0.000000000000000000, -0.000000000000000000, -1.000000000000000000 ) ) ;
#1562 = ORIENTED_EDGE ( 'NONE', *, *, #8949, .F. ) ;
#1563 = EDGE_LOOP ( 'NONE', ( #10256, #1105, #2426, #7246 ) ) ;
#1564 = ADVANCED_FACE ( 'NONE', ( #9876 ), #6396, .F. ) ;
#1565 = LINE ( 'NONE', #2179, #5451 ) ;
#1566 = CARTESIAN_POINT ( 'NONE',  ( 47.20000000000001705, -53.40000000000000568, 3.001000000000000334 ) ) ;
#1567 = EDGE_CURVE ( 'NONE', #6221, #5517, #2288, .T. ) ;
#1568 = ORIENTED_EDGE ( 'NONE', *, *, #4819, .T. ) ;
#1569 = AXIS2_PLACEMENT_3D ( 'NONE', #6594, #8359, #1603 ) ;
#1570 = LINE ( 'NONE', #8325, #8834 ) ;
#1571 = AXIS2_PLACEMENT_3D ( 'NONE', #2301, #3232, #5687 ) ;
#1572 = LINE ( 'NONE', #8443, #7801 ) ;
#1573 = ADVANCED_FACE ( 'NONE', ( #6560 ), #5726, .F. ) ;
#1574 = LINE ( 'NONE', #2395, #10502 ) ;
#1575 = AXIS2_PLACEMENT_3D ( 'NONE', #7684, #6908, #10279 ) ;
#1576 = ORIENTED_EDGE ( 'NONE', *, *, #4936, .F. ) ;
#1577 = CARTESIAN_POINT ( 'NONE',  ( 15.49999999999999112, -93.39999999999997726, -1.000000000000000888 ) ) ;
#1578 = VECTOR ( 'NONE', #4241, 1000.000000000000000 ) ;
#1579 = ORIENTED_EDGE ( 'NONE', *, *, #4323, .T. ) ;
#1580 = EDGE_CURVE ( 'NONE', #553, #177, #4226, .T. ) ;
#1581 = DIRECTION ( 'NONE',  ( 0.000000000000000000, 0.000000000000000000, 1.000000000000000000 ) ) ;
#1582 = ORIENTED_EDGE ( 'NONE', *, *, #9186, .T. ) ;
#1583 = DIRECTION ( 'NONE',  ( 0.000000000000000000, -1.000000000000000000, 0.000000000000000000 ) ) ;
#1584 = DIRECTION ( 'NONE',  ( -1.000000000000000000, 0.000000000000000000, 0.000000000000000000 ) ) ;
#1585 = DIRECTION ( 'NONE',  ( 0.000000000000000000, 0.000000000000000000, -1.000000000000000000 ) ) ;
#1586 = FACE_OUTER_BOUND ( 'NONE', #9062, .T. ) ;
#1587 = VECTOR ( 'NONE', #3887, 1000.000000000000000 ) ;
#1588 = VERTEX_POINT ( 'NONE', #4282 ) ;
#1589 = VERTEX_POINT ( 'NONE', #6828 ) ;
#1590 = CARTESIAN_POINT ( 'NONE',  ( 65.20000000000001705, -17.40000000000000213, 3.000000000000000000 ) ) ;
#1591 = FACE_OUTER_BOUND ( 'NONE', #10912, .T. ) ;
#1592 = VERTEX_POINT ( 'NONE', #794 ) ;
#1593 = DIRECTION ( 'NONE',  ( 0.000000000000000000, -1.000000000000000000, 0.000000000000000000 ) ) ;
#1594 = CARTESIAN_POINT ( 'NONE',  ( -2.262320420926724918, 10.44999999999999929, -0.07900196993566389880 ) ) ;
#1595 = DIRECTION ( 'NONE',  ( 0.000000000000000000, 1.000000000000000000, -0.000000000000000000 ) ) ;
#1596 = AXIS2_PLACEMENT_3D ( 'NONE', #10384, #1190, #1249 ) ;
#1597 = CYLINDRICAL_SURFACE ( 'NONE', #5363, 0.5000000000000000000 ) ;
#1598 = CARTESIAN_POINT ( 'NONE',  ( 51.20000000000000284, 25.89999999999999858, -1.000000000000000000 ) ) ;
#1599 = ORIENTED_EDGE ( 'NONE', *, *, #10014, .F. ) ;
#1600 = VERTEX_POINT ( 'NONE', #8378 ) ;
#1601 = AXIS2_PLACEMENT_3D ( 'NONE', #3668, #3775, #4387 ) ;
#1602 = ORIENTED_EDGE ( 'NONE', *, *, #7559, .F. ) ;
#1603 = DIRECTION ( 'NONE',  ( -1.000000000000000000, 0.000000000000000000, 0.000000000000000000 ) ) ;
#1604 = DIRECTION ( 'NONE',  ( 1.000000000000000000, 0.000000000000000000, 0.000000000000000000 ) ) ;
#1605 = ORIENTED_EDGE ( 'NONE', *, *, #5339, .T. ) ;
#1606 = CARTESIAN_POINT ( 'NONE',  ( 68.20000000000001705, -68.40000000000000568, 3.001000000000000334 ) ) ;
#1607 = PLANE ( 'NONE',  #1063 ) ;
#1608 = AXIS2_PLACEMENT_3D ( 'NONE', #2277, #5664, #3994 ) ;
#1609 = VECTOR ( 'NONE', #4318, 1000.000000000000000 ) ;
#1610 = EDGE_CURVE ( 'NONE', #8204, #9863, #10813, .T. ) ;
#1611 = CARTESIAN_POINT ( 'NONE',  ( 59.20000000000001705, -17.40000000000000213, 3.000000000000000000 ) ) ;
#1612 = DIRECTION ( 'NONE',  ( -0.000000000000000000, -1.000000000000000000, -0.000000000000000000 ) ) ;
#1613 = DIRECTION ( 'NONE',  ( 0.000000000000000000, -0.000000000000000000, -1.000000000000000000 ) ) ;
#1614 = FACE_OUTER_BOUND ( 'NONE', #7673, .T. ) ;
#1615 = LINE ( 'NONE', #844, #4628 ) ;
#1616 = ORIENTED_EDGE ( 'NONE', *, *, #5754, .F. ) ;
#1617 = CARTESIAN_POINT ( 'NONE',  ( 3.799999999999983835, -76.00000000000001421, -7.500000000000000888 ) ) ;
#1618 = CARTESIAN_POINT ( 'NONE',  ( 6.499999999999997335, -68.40000000000000568, 1.000000000000000000 ) ) ;
#1619 = VERTEX_POINT ( 'NONE', #1618 ) ;
#1620 = ADVANCED_FACE ( 'NONE', ( #5052 ), #6611, .F. ) ;
#1621 = FACE_OUTER_BOUND ( 'NONE', #470, .T. ) ;
#1622 = DIRECTION ( 'NONE',  ( -0.000000000000000000, -0.000000000000000000, -1.000000000000000000 ) ) ;
#1623 = CARTESIAN_POINT ( 'NONE',  ( 49.79999999999998295, -10.00000000000000888, 0.4999999999999995559 ) ) ;
#1624 = ADVANCED_FACE ( 'NONE', ( #9265 ), #8440, .T. ) ;
#1625 = ORIENTED_EDGE ( 'NONE', *, *, #8807, .T. ) ;
#1626 = DIRECTION ( 'NONE',  ( -1.000000000000000000, 0.000000000000000000, 0.000000000000000000 ) ) ;
#1627 = ORIENTED_EDGE ( 'NONE', *, *, #5165, .T. ) ;
#1628 = DIRECTION ( 'NONE',  ( 1.000000000000000000, 0.000000000000000000, 0.000000000000000000 ) ) ;
#1629 = ORIENTED_EDGE ( 'NONE', *, *, #913, .T. ) ;
#1630 = CYLINDRICAL_SURFACE ( 'NONE', #2278, 1.000000000000000000 ) ;
#1631 = FACE_OUTER_BOUND ( 'NONE', #9405, .T. ) ;
#1632 = AXIS2_PLACEMENT_3D ( 'NONE', #1634, #9850, #1585 ) ;
#1633 = EDGE_CURVE ( 'NONE', #4750, #6546, #5778, .T. ) ;
#1634 = CARTESIAN_POINT ( 'NONE',  ( 18.50000000000000000, 25.89999999999999858, 3.000000000000000000 ) ) ;
#1635 = LINE ( 'NONE', #5073, #7184 ) ;
#1636 = ORIENTED_EDGE ( 'NONE', *, *, #3865, .T. ) ;
#1637 = ORIENTED_EDGE ( 'NONE', *, *, #7917, .T. ) ;
#1638 = ORIENTED_EDGE ( 'NONE', *, *, #2312, .F. ) ;
#1639 = CYLINDRICAL_SURFACE ( 'NONE', #6709, 0.5000000000000000000 ) ;
#1640 = FACE_OUTER_BOUND ( 'NONE', #9178, .T. ) ;
#1641 = VERTEX_POINT ( 'NONE', #5884 ) ;
#1642 = AXIS2_PLACEMENT_3D ( 'NONE', #7335, #7446, #4064 ) ;
#1643 = ORIENTED_EDGE ( 'NONE', *, *, #4255, .F. ) ;
#1644 = LINE ( 'NONE', #5911, #5806 ) ;
#1645 = DIRECTION ( 'NONE',  ( -0.000000000000000000, -0.000000000000000000, -1.000000000000000000 ) ) ;
#1646 = PLANE ( 'NONE',  #7788 ) ;
#1647 = DIRECTION ( 'NONE',  ( 1.000000000000000000, -0.000000000000000000, 0.000000000000000000 ) ) ;
#1648 = AXIS2_PLACEMENT_3D ( 'NONE', #2888, #2725, #10313 ) ;
#1649 = CARTESIAN_POINT ( 'NONE',  ( 27.50000000000000000, 27.86760707430824979, 0.03349678200752214535 ) ) ;
#1650 = ORIENTED_EDGE ( 'NONE', *, *, #913, .F. ) ;
#1651 = ORIENTED_EDGE ( 'NONE', *, *, #3430, .T. ) ;
#1652 = ORIENTED_EDGE ( 'NONE', *, *, #5267, .F. ) ;
#1653 = LINE ( 'NONE', #4151, #1734 ) ;
#1654 = DIRECTION ( 'NONE',  ( 5.204170427930420494E-15, -1.000000000000000000, 5.204170427930420494E-15 ) ) ;
#1655 = ORIENTED_EDGE ( 'NONE', *, *, #3489, .F. ) ;
#1656 = DIRECTION ( 'NONE',  ( -1.000000000000000000, 0.000000000000000000, 0.000000000000000000 ) ) ;
#1657 = DIRECTION ( 'NONE',  ( 0.000000000000000000, 1.000000000000000000, 0.000000000000000000 ) ) ;
#1658 = EDGE_CURVE ( 'NONE', #6270, #6685, #5108, .T. ) ;
#1659 = CARTESIAN_POINT ( 'NONE',  ( 0.4999999999999917843, -35.39999999999999858, 3.001000000000000334 ) ) ;
#1660 = CARTESIAN_POINT ( 'NONE',  ( -8.500000000000007105, -68.40000000000000568, 3.000000000000000000 ) ) ;
#1661 = EDGE_CURVE ( 'NONE', #4249, #7796, #4168, .T. ) ;
#1662 = CARTESIAN_POINT ( 'NONE',  ( 47.20000000000000284, -32.39999999999999858, 3.000000000000000000 ) ) ;
#1663 = EDGE_CURVE ( 'NONE', #872, #4796, #4107, .T. ) ;
#1664 = DIRECTION ( 'NONE',  ( 1.000000000000000000, -0.000000000000000000, 0.000000000000000000 ) ) ;
#1665 = CARTESIAN_POINT ( 'NONE',  ( 38.20000000000000995, -50.39999999999999858, 3.001000000000000334 ) ) ;
#1666 = ORIENTED_EDGE ( 'NONE', *, *, #1428, .T. ) ;
#1667 = ORIENTED_EDGE ( 'NONE', *, *, #3646, .F. ) ;
#1668 = CARTESIAN_POINT ( 'NONE',  ( -8.500000000000010658, -17.40000000000000213, 3.001000000000000334 ) ) ;
#1669 = CARTESIAN_POINT ( 'NONE',  ( 62.20000000000000995, -53.40000000000000568, 3.001000000000000334 ) ) ;
#1670 = ORIENTED_EDGE ( 'NONE', *, *, #9664, .T. ) ;
#1671 = DIRECTION ( 'NONE',  ( 0.000000000000000000, -0.000000000000000000, 1.000000000000000000 ) ) ;
#1672 = VECTOR ( 'NONE', #5132, 1000.000000000000000 ) ;
#1673 = ADVANCED_FACE ( 'NONE', ( #8323 ), #739, .F. ) ;
#1674 = PLANE ( 'NONE',  #4083 ) ;
#1675 = VECTOR ( 'NONE', #9163, 1000.000000000000000 ) ;
#1676 = EDGE_CURVE ( 'NONE', #1066, #9515, #10868, .T. ) ;
#1677 = CARTESIAN_POINT ( 'NONE',  ( 55.50000000000000000, 4.000000000000000000, 0.5000000000000000000 ) ) ;
#1678 = ADVANCED_FACE ( 'NONE', ( #2390 ), #10202, .F. ) ;
#1679 = VERTEX_POINT ( 'NONE', #8547 ) ;
#1680 = VECTOR ( 'NONE', #1484, 1000.000000000000000 ) ;
#1681 = AXIS2_PLACEMENT_3D ( 'NONE', #339, #392, #3654 ) ;
#1682 = EDGE_CURVE ( 'NONE', #1214, #4249, #5215, .T. ) ;
#1683 = PLANE ( 'NONE',  #5753 ) ;
#1684 = ORIENTED_EDGE ( 'NONE', *, *, #2953, .F. ) ;
#1685 = ADVANCED_FACE ( 'NONE', ( #9211 ), #3333, .F. ) ;
#1686 = DIRECTION ( 'NONE',  ( -4.663235150475320108E-17, 1.000000000000000000, 0.000000000000000000 ) ) ;
#1687 = ORIENTED_EDGE ( 'NONE', *, *, #7332, .T. ) ;
#1688 = LINE ( 'NONE', #9393, #10943 ) ;
#1689 = ADVANCED_FACE ( 'NONE', ( #10148 ), #4057, .F. ) ;
#1690 = DIRECTION ( 'NONE',  ( -0.000000000000000000, -0.000000000000000000, -1.000000000000000000 ) ) ;
#1691 = AXIS2_PLACEMENT_3D ( 'NONE', #10286, #7078, #9629 ) ;
#1692 = EDGE_CURVE ( 'NONE', #216, #10797, #3441, .T. ) ;
#1693 = CARTESIAN_POINT ( 'NONE',  ( 56.50000000000000000, 5.950000000000000178, 0.5000000000000000000 ) ) ;
#1694 = DIRECTION ( 'NONE',  ( 0.000000000000000000, 0.000000000000000000, 1.000000000000000000 ) ) ;
#1695 = EDGE_LOOP ( 'NONE', ( #7500, #1713, #9911, #3696, #3647, #6892 ) ) ;
#1696 = ORIENTED_EDGE ( 'NONE', *, *, #3648, .F. ) ;
#1697 = ORIENTED_EDGE ( 'NONE', *, *, #3847, .F. ) ;
#1698 = LINE ( 'NONE', #207, #3335 ) ;
#1699 = LINE ( 'NONE', #10226, #8042 ) ;
#1700 = VERTEX_POINT ( 'NONE', #2057 ) ;
#1701 = VERTEX_POINT ( 'NONE', #5438 ) ;
#1702 = ADVANCED_FACE ( 'NONE', ( #9483 ), #1999, .F. ) ;
#1703 = DIRECTION ( 'NONE',  ( -1.000000000000000000, 0.000000000000000000, 0.000000000000000000 ) ) ;
#1704 = DIRECTION ( 'NONE',  ( -0.000000000000000000, -0.000000000000000000, -1.000000000000000000 ) ) ;
#1705 = ADVANCED_FACE ( 'NONE', ( #1893 ), #3554, .T. ) ;
#1706 = LINE ( 'NONE', #4198, #2471 ) ;
#1707 = CARTESIAN_POINT ( 'NONE',  ( 59.20000000000000995, -50.39999999999999858, 3.001000000000000334 ) ) ;
#1708 = VERTEX_POINT ( 'NONE', #4497 ) ;
#1709 = ORIENTED_EDGE ( 'NONE', *, *, #2671, .T. ) ;
#1710 = VERTEX_POINT ( 'NONE', #960 ) ;
#1711 = CARTESIAN_POINT ( 'NONE',  ( 55.00000000000000000, 5.950000000000000178, 1.000000000000000000 ) ) ;
#1712 = PLANE ( 'NONE',  #4084 ) ;
#1713 = ORIENTED_EDGE ( 'NONE', *, *, #9494, .T. ) ;
#1714 = EDGE_CURVE ( 'NONE', #2285, #1805, #6111, .T. ) ;
#1715 = VECTOR ( 'NONE', #5764, 1000.000000000000000 ) ;
#1716 = PLANE ( 'NONE',  #10734 ) ;
#1717 = LINE ( 'NONE', #13, #5127 ) ;
#1718 = LINE ( 'NONE', #5098, #5358 ) ;
#1719 = LINE ( 'NONE', #5155, #10321 ) ;
#1720 = CARTESIAN_POINT ( 'NONE',  ( 53.69999999999999574, 6.949999999999999289, 0.000000000000000000 ) ) ;
#1721 = VERTEX_POINT ( 'NONE', #6224 ) ;
#1722 = ADVANCED_FACE ( 'NONE', ( #8765 ), #1069, .T. ) ;
#1723 = FACE_OUTER_BOUND ( 'NONE', #7659, .T. ) ;
#1724 = VERTEX_POINT ( 'NONE', #6940 ) ;
#1725 = ORIENTED_EDGE ( 'NONE', *, *, #10560, .T. ) ;
#1726 = PLANE ( 'NONE',  #2614 ) ;
#1727 = DIRECTION ( 'NONE',  ( 0.000000000000000000, -0.000000000000000000, -1.000000000000000000 ) ) ;
#1728 = VERTEX_POINT ( 'NONE', #8653 ) ;
#1729 = DIRECTION ( 'NONE',  ( -1.000000000000000000, 0.000000000000000000, 0.000000000000000000 ) ) ;
#1730 = VECTOR ( 'NONE', #1628, 1000.000000000000000 ) ;
#1731 = CARTESIAN_POINT ( 'NONE',  ( -8.500000000000010658, -32.39999999999999858, 3.001000000000000334 ) ) ;
#1732 = DIRECTION ( 'NONE',  ( 0.000000000000000000, -1.000000000000000000, 0.000000000000000000 ) ) ;
#1733 = ORIENTED_EDGE ( 'NONE', *, *, #6183, .F. ) ;
#1734 = VECTOR ( 'NONE', #7592, 1000.000000000000000 ) ;
#1735 = CARTESIAN_POINT ( 'NONE',  ( 27.50000000000000000, 25.89999999999999858, -7.799999999999999822 ) ) ;
#1736 = ORIENTED_EDGE ( 'NONE', *, *, #1442, .T. ) ;
#1737 = DIRECTION ( 'NONE',  ( -1.000000000000000000, 0.000000000000000000, 0.000000000000000000 ) ) ;
#1738 = ORIENTED_EDGE ( 'NONE', *, *, #10229, .F. ) ;
#1739 = VECTOR ( 'NONE', #4141, 1000.000000000000000 ) ;
#1740 = CARTESIAN_POINT ( 'NONE',  ( 55.50000000000000000, 18.45000000000000284, 3.000000000000000000 ) ) ;
#1741 = DIRECTION ( 'NONE',  ( 1.000000000000000000, 0.000000000000000000, 0.000000000000000000 ) ) ;
#1742 = VECTOR ( 'NONE', #7125, 1000.000000000000000 ) ;
#1743 = CARTESIAN_POINT ( 'NONE',  ( 2.500000000000000000, 23.09999999999999787, 3.000000000000000000 ) ) ;
#1744 = EDGE_CURVE ( 'NONE', #6, #9658, #1176, .T. ) ;
#1745 = AXIS2_PLACEMENT_3D ( 'NONE', #37, #5956, #6732 ) ;
#1746 = CARTESIAN_POINT ( 'NONE',  ( 2.500000000000000000, 0.2000000000000000111, 1.000000000000000000 ) ) ;
#1747 = ORIENTED_EDGE ( 'NONE', *, *, #1422, .T. ) ;
#1748 = VERTEX_POINT ( 'NONE', #7103 ) ;
#1749 = ORIENTED_EDGE ( 'NONE', *, *, #2860, .T. ) ;
#1750 = DIRECTION ( 'NONE',  ( -0.000000000000000000, -0.000000000000000000, -1.000000000000000000 ) ) ;
#1751 = CARTESIAN_POINT ( 'NONE',  ( 47.20000000000000284, -68.40000000000000568, 1.000000000000000000 ) ) ;
#1752 = ORIENTED_EDGE ( 'NONE', *, *, #9241, .T. ) ;
#1753 = ORIENTED_EDGE ( 'NONE', *, *, #3489, .T. ) ;
#1754 = CARTESIAN_POINT ( 'NONE',  ( 68.20000000000001705, -35.39999999999999858, 3.001000000000000334 ) ) ;
#1755 = DIRECTION ( 'NONE',  ( -0.000000000000000000, -0.000000000000000000, 1.000000000000000000 ) ) ;
#1756 = VECTOR ( 'NONE', #3222, 1000.000000000000000 ) ;
#1757 = CARTESIAN_POINT ( 'NONE',  ( 35.50000000000000000, 25.39999999999999858, 1.000000000000000000 ) ) ;
#1758 = EDGE_CURVE ( 'NONE', #8845, #2528, #7714, .T. ) ;
#1759 = CARTESIAN_POINT ( 'NONE',  ( 51.20000000000000284, 25.39999999999999858, 0.5000000000000000000 ) ) ;
#1760 = EDGE_CURVE ( 'NONE', #6088, #8845, #7049, .T. ) ;
#1761 = ORIENTED_EDGE ( 'NONE', *, *, #4100, .F. ) ;
#1762 = ADVANCED_FACE ( 'NONE', ( #10476 ), #7934, .F. ) ;
#1763 = ORIENTED_EDGE ( 'NONE', *, *, #9919, .F. ) ;
#1764 = VERTEX_POINT ( 'NONE', #4436 ) ;
#1765 = DIRECTION ( 'NONE',  ( -0.000000000000000000, -0.000000000000000000, -1.000000000000000000 ) ) ;
#1766 = LINE ( 'NONE', #7752, #2735 ) ;
#1767 = VERTEX_POINT ( 'NONE', #7824 ) ;
#1768 = AXIS2_PLACEMENT_3D ( 'NONE', #6707, #8588, #10021 ) ;
#1769 = CARTESIAN_POINT ( 'NONE',  ( 27.50000000000000000, -2.269905377680174752, -0.06419140816129449700 ) ) ;
#1770 = EDGE_CURVE ( 'NONE', #9020, #2867, #2721, .T. ) ;
#1771 = CARTESIAN_POINT ( 'NONE',  ( -18.50000000000000711, 39.40000000000000568, 1.000000000000000000 ) ) ;
#1772 = DIRECTION ( 'NONE',  ( -0.000000000000000000, 1.000000000000000000, 0.000000000000000000 ) ) ;
#1773 = PLANE ( 'NONE',  #4134 ) ;
#1774 = EDGE_CURVE ( 'NONE', #5129, #4377, #7770, .T. ) ;
#1775 = CIRCLE ( 'NONE', #8151, 1.549999999999999378 ) ;
#1776 = CARTESIAN_POINT ( 'NONE',  ( 13.49999999999999289, -78.39999999999996305, -13.99999999999999822 ) ) ;
#1777 = ORIENTED_EDGE ( 'NONE', *, *, #4163, .F. ) ;
#1778 = LINE ( 'NONE', #953, #4181 ) ;
#1779 = CARTESIAN_POINT ( 'NONE',  ( 9.499999999999992895, -35.39999999999999858, 3.001000000000000334 ) ) ;
#1780 = ORIENTED_EDGE ( 'NONE', *, *, #1760, .T. ) ;
#1781 = ORIENTED_EDGE ( 'NONE', *, *, #8823, .F. ) ;
#1782 = FACE_OUTER_BOUND ( 'NONE', #10317, .T. ) ;
#1783 = DIRECTION ( 'NONE',  ( 0.000000000000000000, 0.000000000000000000, -1.000000000000000000 ) ) ;
#1784 = DIRECTION ( 'NONE',  ( 1.000000000000000000, 0.000000000000000000, 0.000000000000000000 ) ) ;
#1785 = AXIS2_PLACEMENT_3D ( 'NONE', #4927, #10742, #7425 ) ;
#1786 = DIRECTION ( 'NONE',  ( 0.000000000000000000, 1.000000000000000000, 0.000000000000000000 ) ) ;
#1787 = CARTESIAN_POINT ( 'NONE',  ( 48.79999999999998295, -76.00000000000001421, -7.500000000000000888 ) ) ;
#1788 = DIRECTION ( 'NONE',  ( 0.000000000000000000, 1.000000000000000000, 0.000000000000000000 ) ) ;
#1789 = AXIS2_PLACEMENT_3D ( 'NONE', #6448, #5669, #2175 ) ;
#1790 = EDGE_LOOP ( 'NONE', ( #8067, #5505, #8560, #4713 ) ) ;
#1791 = CARTESIAN_POINT ( 'NONE',  ( 27.50000000000000000, 24.40000000000000213, -7.799999999999999822 ) ) ;
#1792 = ORIENTED_EDGE ( 'NONE', *, *, #900, .T. ) ;
#1793 = FACE_OUTER_BOUND ( 'NONE', #3917, .T. ) ;
#1794 = ORIENTED_EDGE ( 'NONE', *, *, #1610, .F. ) ;
#1795 = DIRECTION ( 'NONE',  ( -2.209838822900388863E-16, 1.000000000000000000, 0.000000000000000000 ) ) ;
#1796 = CARTESIAN_POINT ( 'NONE',  ( 51.20000000000000284, -1.300000000000000044, -1.000000000000000000 ) ) ;
#1797 = FACE_OUTER_BOUND ( 'NONE', #8310, .T. ) ;
#1798 = CARTESIAN_POINT ( 'NONE',  ( 9.499999999999992895, -35.39999999999999858, 3.000000000000000000 ) ) ;
#1799 = ORIENTED_EDGE ( 'NONE', *, *, #6553, .F. ) ;
#1800 = VERTEX_POINT ( 'NONE', #4333 ) ;
#1801 = EDGE_CURVE ( 'NONE', #3840, #10129, #3605, .T. ) ;
#1802 = VERTEX_POINT ( 'NONE', #6994 ) ;
#1803 = DIRECTION ( 'NONE',  ( 1.000000000000000000, -0.000000000000000000, 0.000000000000000000 ) ) ;
#1804 = DIRECTION ( 'NONE',  ( -1.000000000000000000, 0.000000000000000000, 0.000000000000000000 ) ) ;
#1805 = VERTEX_POINT ( 'NONE', #2773 ) ;
#1806 = EDGE_LOOP ( 'NONE', ( #6450, #666, #9457, #8386 ) ) ;
#1807 = CARTESIAN_POINT ( 'NONE',  ( 0.4999999999999935052, -68.40000000000000568, 1.000000000000000000 ) ) ;
#1808 = ADVANCED_FACE ( 'NONE', ( #1839 ), #5212, .F. ) ;
#1809 = FACE_OUTER_BOUND ( 'NONE', #2664, .T. ) ;
#1810 = AXIS2_PLACEMENT_3D ( 'NONE', #6898, #1741, #6067 ) ;
#1811 = ADVANCED_FACE ( 'NONE', ( #1011 ), #4383, .T. ) ;
#1812 = LINE ( 'NONE', #1979, #9302 ) ;
#1813 = ORIENTED_EDGE ( 'NONE', *, *, #2570, .T. ) ;
#1814 = VECTOR ( 'NONE', #1690, 1000.000000000000000 ) ;
#1815 = VECTOR ( 'NONE', #10465, 1000.000000000000000 ) ;
#1816 = EDGE_CURVE ( 'NONE', #1034, #3024, #3886, .T. ) ;
#1817 = VERTEX_POINT ( 'NONE', #4827 ) ;
#1818 = ORIENTED_EDGE ( 'NONE', *, *, #9992, .F. ) ;
#1819 = DIRECTION ( 'NONE',  ( 0.000000000000000000, 0.000000000000000000, -1.000000000000000000 ) ) ;
#1820 = DIRECTION ( 'NONE',  ( 0.000000000000000000, 1.000000000000000000, -0.000000000000000000 ) ) ;
#1821 = EDGE_CURVE ( 'NONE', #1034, #8987, #2218, .T. ) ;
#1822 = ORIENTED_EDGE ( 'NONE', *, *, #9607, .F. ) ;
#1823 = EDGE_CURVE ( 'NONE', #3311, #4630, #7208, .T. ) ;
#1824 = DIRECTION ( 'NONE',  ( -1.533293416683362059E-16, -0.7071067811865524577, 0.7071067811865426878 ) ) ;
#1825 = DIRECTION ( 'NONE',  ( -1.387778780781445873E-15, 0.000000000000000000, -1.000000000000000000 ) ) ;
#1826 = EDGE_CURVE ( 'NONE', #10498, #6163, #3044, .T. ) ;
#1827 = CIRCLE ( 'NONE', #8018, 0.5000000000000000000 ) ;
#1828 = CYLINDRICAL_SURFACE ( 'NONE', #9246, 4.000000000000002665 ) ;
#1829 = ADVANCED_FACE ( 'NONE', ( #4661 ), #5661, .T. ) ;
#1830 = LINE ( 'NONE', #4990, #3601 ) ;
#1831 = DIRECTION ( 'NONE',  ( -1.000000000000000000, 0.000000000000000000, 0.000000000000000000 ) ) ;
#1832 = ORIENTED_EDGE ( 'NONE', *, *, #3029, .T. ) ;
#1833 = CARTESIAN_POINT ( 'NONE',  ( 0.4999999999999917843, -35.39999999999999858, 3.000000000000000000 ) ) ;
#1834 = CARTESIAN_POINT ( 'NONE',  ( 13.49999999999999289, -78.39999999999996305, -13.99999999999999822 ) ) ;
#1835 = VECTOR ( 'NONE', #10534, 1000.000000000000000 ) ;
#1836 = VERTEX_POINT ( 'NONE', #456 ) ;
#1837 = ORIENTED_EDGE ( 'NONE', *, *, #4200, .T. ) ;
#1838 = FACE_OUTER_BOUND ( 'NONE', #8119, .T. ) ;
#1839 = FACE_OUTER_BOUND ( 'NONE', #6972, .T. ) ;
#1840 = EDGE_CURVE ( 'NONE', #10908, #8640, #9679, .T. ) ;
#1841 = CARTESIAN_POINT ( 'NONE',  ( 72.20000000000000284, -83.40000000000000568, -4.000000000000000000 ) ) ;
#1842 = EDGE_CURVE ( 'NONE', #9565, #6561, #3126, .T. ) ;
#1843 = DIRECTION ( 'NONE',  ( 0.000000000000000000, 1.000000000000000000, 0.000000000000000000 ) ) ;
#1844 = DIRECTION ( 'NONE',  ( 1.000000000000000000, 0.000000000000000000, 0.000000000000000000 ) ) ;
#1845 = DIRECTION ( 'NONE',  ( 0.000000000000000000, 0.000000000000000000, -1.000000000000000000 ) ) ;
#1846 = DIRECTION ( 'NONE',  ( -1.000000000000000000, 0.000000000000000000, 0.000000000000000000 ) ) ;
#1847 = VERTEX_POINT ( 'NONE', #8877 ) ;
#1848 = CARTESIAN_POINT ( 'NONE',  ( 27.50000000000000000, 26.59164599332849832, -13.00000000000000000 ) ) ;
#1849 = VECTOR ( 'NONE', #981, 1000.000000000000000 ) ;
#1850 = ORIENTED_EDGE ( 'NONE', *, *, #7111, .F. ) ;
#1851 = EDGE_CURVE ( 'NONE', #8450, #2476, #6383, .T. ) ;
#1852 = CARTESIAN_POINT ( 'NONE',  ( -8.500000000000008882, -50.39999999999999858, 3.001000000000000334 ) ) ;
#1853 = FACE_OUTER_BOUND ( 'NONE', #3281, .T. ) ;
#1854 = CARTESIAN_POINT ( 'NONE',  ( 72.20000000000001705, 24.40000000000000568, -4.000000000000000000 ) ) ;
#1855 = VECTOR ( 'NONE', #3812, 1000.000000000000000 ) ;
#1856 = VECTOR ( 'NONE', #10358, 1000.000000000000000 ) ;
#1857 = DIRECTION ( 'NONE',  ( -0.000000000000000000, -0.000000000000000000, -1.000000000000000000 ) ) ;
#1858 = ORIENTED_EDGE ( 'NONE', *, *, #4589, .F. ) ;
#1859 = ORIENTED_EDGE ( 'NONE', *, *, #484, .F. ) ;
#1860 = EDGE_LOOP ( 'NONE', ( #293, #358, #7738, #10088 ) ) ;
#1861 = CARTESIAN_POINT ( 'NONE',  ( 53.20000000000002416, -53.40000000000000568, 3.001000000000000334 ) ) ;
#1862 = EDGE_CURVE ( 'NONE', #10468, #6192, #3101, .T. ) ;
#1863 = DIRECTION ( 'NONE',  ( 0.000000000000000000, 0.4226182617407039377, -0.9063077870366479383 ) ) ;
#1864 = ORIENTED_EDGE ( 'NONE', *, *, #5070, .F. ) ;
#1865 = VERTEX_POINT ( 'NONE', #3990 ) ;
#1866 = CARTESIAN_POINT ( 'NONE',  ( 2.799999999999986500, -76.00000000000001421, 0.4999999999999995559 ) ) ;
#1867 = CARTESIAN_POINT ( 'NONE',  ( 3.799999999999983835, -10.00000000000000888, -7.500000000000000888 ) ) ;
#1868 = VECTOR ( 'NONE', #9800, 1000.000000000000000 ) ;
#1869 = DIRECTION ( 'NONE',  ( 1.000000000000000000, 0.000000000000000000, 0.000000000000000000 ) ) ;
#1870 = AXIS2_PLACEMENT_3D ( 'NONE', #2672, #5168, #1845 ) ;
#1871 = FACE_OUTER_BOUND ( 'NONE', #10056, .T. ) ;
#1872 = ORIENTED_EDGE ( 'NONE', *, *, #2241, .T. ) ;
#1873 = CIRCLE ( 'NONE', #1164, 0.5000000000000000000 ) ;
#1874 = ORIENTED_EDGE ( 'NONE', *, *, #5011, .T. ) ;
#1875 = ORIENTED_EDGE ( 'NONE', *, *, #8998, .T. ) ;
#1876 = DIRECTION ( 'NONE',  ( 0.000000000000000000, 0.000000000000000000, 1.000000000000000000 ) ) ;
#1877 = CARTESIAN_POINT ( 'NONE',  ( 62.20000000000000284, -17.40000000000000213, 3.000000000000000000 ) ) ;
#1878 = VERTEX_POINT ( 'NONE', #9761 ) ;
#1879 = CARTESIAN_POINT ( 'NONE',  ( 62.20000000000000995, -53.40000000000000568, 3.000000000000000000 ) ) ;
#1880 = VECTOR ( 'NONE', #1559, 1000.000000000000000 ) ;
#1881 = CARTESIAN_POINT ( 'NONE',  ( 18.21999999999999886, 3.875000000000000000, 1.000000000000000000 ) ) ;
#1882 = VECTOR ( 'NONE', #2926, 1000.000000000000000 ) ;
#1883 = LINE ( 'NONE', #1001, #3405 ) ;
#1884 = EDGE_CURVE ( 'NONE', #2928, #9963, #8156, .T. ) ;
#1885 = CARTESIAN_POINT ( 'NONE',  ( -5.299999999999999822, 11.44999999999999929, -10.00000000000000000 ) ) ;
#1886 = ADVANCED_FACE ( 'NONE', ( #8820 ), #10919, .F. ) ;
#1887 = DIRECTION ( 'NONE',  ( -1.000000000000000000, -1.239088197126291803E-16, 0.000000000000000000 ) ) ;
#1888 = VERTEX_POINT ( 'NONE', #10528 ) ;
#1889 = DIRECTION ( 'NONE',  ( 1.000000000000000000, -0.000000000000000000, 0.000000000000000000 ) ) ;
#1890 = ORIENTED_EDGE ( 'NONE', *, *, #4880, .F. ) ;
#1891 = EDGE_LOOP ( 'NONE', ( #4292, #4406, #1576, #3688 ) ) ;
#1892 = LINE ( 'NONE', #2882, #8286 ) ;
#1893 = FACE_OUTER_BOUND ( 'NONE', #5836, .T. ) ;
#1894 = LINE ( 'NONE', #1070, #6891 ) ;
#1895 = AXIS2_PLACEMENT_3D ( 'NONE', #401, #8099, #7317 ) ;
#1896 = CARTESIAN_POINT ( 'NONE',  ( -0.2999999999999924949, 6.949999999999999289, -13.00000000000000000 ) ) ;
#1897 = DIRECTION ( 'NONE',  ( 1.000000000000000000, 0.000000000000000000, 0.000000000000000000 ) ) ;
#1898 = ADVANCED_FACE ( 'NONE', ( #7156 ), #3935, .T. ) ;
#1899 = EDGE_CURVE ( 'NONE', #1921, #5516, #6507, .T. ) ;
#1900 = LINE ( 'NONE', #5389, #10544 ) ;
#1901 = ADVANCED_FACE ( 'NONE', ( #2935 ), #9042, .F. ) ;
#1902 = CARTESIAN_POINT ( 'NONE',  ( 28.50000000000000000, -0.2999999999999999889, 1.000000000000000000 ) ) ;
#1903 = ORIENTED_EDGE ( 'NONE', *, *, #1086, .F. ) ;
#1904 = LINE ( 'NONE', #247, #5804 ) ;
#1905 = ORIENTED_EDGE ( 'NONE', *, *, #8607, .T. ) ;
#1906 = AXIS2_PLACEMENT_3D ( 'NONE', #7329, #581, #8271 ) ;
#1907 = DIRECTION ( 'NONE',  ( -1.000000000000000000, 0.000000000000000000, 0.000000000000000000 ) ) ;
#1908 = EDGE_CURVE ( 'NONE', #1329, #399, #510, .T. ) ;
#1909 = LINE ( 'NONE', #8669, #10442 ) ;
#1910 = CARTESIAN_POINT ( 'NONE',  ( -3.500000000000002665, -93.39999999999996305, -4.000000000000000000 ) ) ;
#1911 = AXIS2_PLACEMENT_3D ( 'NONE', #8690, #2593, #1876 ) ;
#1912 = CARTESIAN_POINT ( 'NONE',  ( 12.49999999999999289, -18.90000000000003411, 3.001000000000000334 ) ) ;
#1913 = EDGE_CURVE ( 'NONE', #4898, #8624, #3156, .T. ) ;
#1914 = ORIENTED_EDGE ( 'NONE', *, *, #1661, .T. ) ;
#1915 = ORIENTED_EDGE ( 'NONE', *, *, #1530, .T. ) ;
#1916 = VECTOR ( 'NONE', #3268, 1000.000000000000000 ) ;
#1917 = ORIENTED_EDGE ( 'NONE', *, *, #5253, .T. ) ;
#1918 = CARTESIAN_POINT ( 'NONE',  ( 2.500000000000035083, 26.89999999999999858, 0.5000000000000000000 ) ) ;
#1919 = DIRECTION ( 'NONE',  ( 1.005636797667715272E-16, 1.000000000000000000, -0.000000000000000000 ) ) ;
#1920 = ORIENTED_EDGE ( 'NONE', *, *, #665, .F. ) ;
#1921 = VERTEX_POINT ( 'NONE', #1283 ) ;
#1922 = CARTESIAN_POINT ( 'NONE',  ( -15.50000000000000711, 36.39999999999999858, 3.000000000000000000 ) ) ;
#1923 = DIRECTION ( 'NONE',  ( 1.000000000000000000, -0.000000000000000000, 0.000000000000000000 ) ) ;
#1924 = VECTOR ( 'NONE', #7809, 1000.000000000000000 ) ;
#1925 = LINE ( 'NONE', #6144, #1988 ) ;
#1926 = VECTOR ( 'NONE', #6466, 1000.000000000000000 ) ;
#1927 = LINE ( 'NONE', #5308, #8242 ) ;
#1928 = VERTEX_POINT ( 'NONE', #6597 ) ;
#1929 = AXIS2_PLACEMENT_3D ( 'NONE', #9023, #10059, #8187 ) ;
#1930 = ORIENTED_EDGE ( 'NONE', *, *, #3086, .T. ) ;
#1931 = ORIENTED_EDGE ( 'NONE', *, *, #195, .T. ) ;
#1932 = DIRECTION ( 'NONE',  ( 1.000000000000000000, -0.000000000000000000, 0.000000000000000000 ) ) ;
#1933 = DIRECTION ( 'NONE',  ( -1.000000000000000000, 0.000000000000000000, 0.000000000000000000 ) ) ;
#1934 = VECTOR ( 'NONE', #4346, 1000.000000000000000 ) ;
#1935 = ORIENTED_EDGE ( 'NONE', *, *, #753, .T. ) ;
#1936 = FACE_OUTER_BOUND ( 'NONE', #4252, .T. ) ;
#1937 = LINE ( 'NONE', #5317, #4061 ) ;
#1938 = DIRECTION ( 'NONE',  ( 0.000000000000000000, 0.000000000000000000, -1.000000000000000000 ) ) ;
#1939 = DIRECTION ( 'NONE',  ( -1.000000000000000000, 0.000000000000000000, 0.000000000000000000 ) ) ;
#1940 = LINE ( 'NONE', #5259, #7894 ) ;
#1941 = ORIENTED_EDGE ( 'NONE', *, *, #9537, .T. ) ;
#1942 = CIRCLE ( 'NONE', #2459, 5.299999999999998934 ) ;
#1943 = DIRECTION ( 'NONE',  ( 0.000000000000000000, 0.000000000000000000, -1.000000000000000000 ) ) ;
#1944 = CARTESIAN_POINT ( 'NONE',  ( 18.21999999999999886, 3.875000000000000000, 3.000000000000000000 ) ) ;
#1945 = ORIENTED_EDGE ( 'NONE', *, *, #8609, .T. ) ;
#1946 = VERTEX_POINT ( 'NONE', #4987 ) ;
#1947 = DIRECTION ( 'NONE',  ( -2.356961244533720211E-16, 1.000000000000000000, 0.000000000000000000 ) ) ;
#1948 = DIRECTION ( 'NONE',  ( -0.000000000000000000, -0.000000000000000000, -1.000000000000000000 ) ) ;
#1949 = CARTESIAN_POINT ( 'NONE',  ( 3.079999999999999627, 22.91999999999999815, 1.000000000000000000 ) ) ;
#1950 = EDGE_CURVE ( 'NONE', #3227, #6938, #837, .T. ) ;
#1951 = VECTOR ( 'NONE', #3305, 1000.000000000000000 ) ;
#1952 = FACE_OUTER_BOUND ( 'NONE', #5594, .T. ) ;
#1953 = CARTESIAN_POINT ( 'NONE',  ( 62.20000000000000284, -32.39999999999999858, 3.000000000000000000 ) ) ;
#1954 = LINE ( 'NONE', #6836, #6306 ) ;
#1955 = ADVANCED_FACE ( 'NONE', ( #7481 ), #5096, .F. ) ;
#1956 = DIRECTION ( 'NONE',  ( 0.000000000000000000, 0.000000000000000000, 1.000000000000000000 ) ) ;
#1957 = EDGE_CURVE ( 'NONE', #9515, #1724, #7651, .T. ) ;
#1958 = ORIENTED_EDGE ( 'NONE', *, *, #9545, .T. ) ;
#1959 = AXIS2_PLACEMENT_3D ( 'NONE', #7496, #10153, #131 ) ;
#1960 = VECTOR ( 'NONE', #4767, 1000.000000000000000 ) ;
#1961 = DIRECTION ( 'NONE',  ( -0.000000000000000000, -0.000000000000000000, -1.000000000000000000 ) ) ;
#1962 = ORIENTED_EDGE ( 'NONE', *, *, #4610, .F. ) ;
#1963 = CARTESIAN_POINT ( 'NONE',  ( 34.50000000000000000, 25.39999999999999858, 1.000000000000000000 ) ) ;
#1964 = CARTESIAN_POINT ( 'NONE',  ( 1.199999999999999956, 10.44999999999999929, 5.204170427930430158E-16 ) ) ;
#1965 = DIRECTION ( 'NONE',  ( -1.000000000000000000, 0.000000000000000000, 0.000000000000000000 ) ) ;
#1966 = EDGE_CURVE ( 'NONE', #4260, #6473, #3376, .T. ) ;
#1967 = PLANE ( 'NONE',  #2002 ) ;
#1968 = AXIS2_PLACEMENT_3D ( 'NONE', #684, #3437, #7488 ) ;
#1969 = VERTEX_POINT ( 'NONE', #5820 ) ;
#1970 = ORIENTED_EDGE ( 'NONE', *, *, #276, .F. ) ;
#1971 = VERTEX_POINT ( 'NONE', #4095 ) ;
#1972 = LINE ( 'NONE', #10607, #8296 ) ;
#1973 = ORIENTED_EDGE ( 'NONE', *, *, #6496, .T. ) ;
#1974 = ORIENTED_EDGE ( 'NONE', *, *, #5292, .T. ) ;
#1975 = CARTESIAN_POINT ( 'NONE',  ( 53.20000000000000995, -68.40000000000000568, 3.000000000000000000 ) ) ;
#1976 = DIRECTION ( 'NONE',  ( 0.000000000000000000, -1.000000000000000000, 0.000000000000000000 ) ) ;
#1977 = ADVANCED_FACE ( 'NONE', ( #10856 ), #1716, .F. ) ;
#1978 = FACE_OUTER_BOUND ( 'NONE', #940, .T. ) ;
#1979 = CARTESIAN_POINT ( 'NONE',  ( 68.20000000000001705, -68.40000000000000568, 3.000000000000000000 ) ) ;
#1980 = EDGE_LOOP ( 'NONE', ( #1667, #5723, #2685, #6040 ) ) ;
#1981 = EDGE_LOOP ( 'NONE', ( #7122, #2297, #6078, #3099 ) ) ;
#1982 = ORIENTED_EDGE ( 'NONE', *, *, #3921, .F. ) ;
#1983 = FACE_BOUND ( 'NONE', #8688, .T. ) ;
#1984 = DIRECTION ( 'NONE',  ( 1.000000000000000000, 0.000000000000000000, -0.000000000000000000 ) ) ;
#1985 = EDGE_LOOP ( 'NONE', ( #6664, #48, #2606, #10434 ) ) ;
#1986 = CARTESIAN_POINT ( 'NONE',  ( 13.49999999999999112, -85.89999999999997726, -10.00000000000000000 ) ) ;
#1987 = CARTESIAN_POINT ( 'NONE',  ( 56.20000000000000995, -17.40000000000000213, 1.000000000000000000 ) ) ;
#1988 = VECTOR ( 'NONE', #5411, 1000.000000000000000 ) ;
#1989 = VECTOR ( 'NONE', #8752, 1000.000000000000000 ) ;
#1990 = CARTESIAN_POINT ( 'NONE',  ( 71.20000000000001705, -94.39999999999999147, 1.000000000000000000 ) ) ;
#1991 = PLANE ( 'NONE',  #7723 ) ;
#1992 = ORIENTED_EDGE ( 'NONE', *, *, #6691, .T. ) ;
#1993 = ORIENTED_EDGE ( 'NONE', *, *, #2893, .T. ) ;
#1994 = FILL_AREA_STYLE_COLOUR ( '', #8786 ) ;
#1995 = LINE ( 'NONE', #175, #10097 ) ;
#1996 = EDGE_LOOP ( 'NONE', ( #8084, #10418, #2978, #7310 ) ) ;
#1997 = ORIENTED_EDGE ( 'NONE', *, *, #197, .F. ) ;
#1998 = DIRECTION ( 'NONE',  ( 1.000000000000000000, 0.000000000000000000, 0.000000000000000000 ) ) ;
#1999 = PLANE ( 'NONE',  #6985 ) ;
#2000 = ADVANCED_FACE ( 'NONE', ( #9252 ), #3429, .F. ) ;
#2001 = CIRCLE ( 'NONE', #2524, 0.9999999999999974465 ) ;
#2002 = AXIS2_PLACEMENT_3D ( 'NONE', #10547, #1084, #2952 ) ;
#2003 = CARTESIAN_POINT ( 'NONE',  ( 9.499999999999991118, -93.39999999999996305, -1.000000000000000888 ) ) ;
#2004 = CARTESIAN_POINT ( 'NONE',  ( -0.2999999999999919398, 2.500000000000000000, 0.5000000000000000000 ) ) ;
#2005 = EDGE_CURVE ( 'NONE', #6688, #3640, #6817, .T. ) ;
#2006 = EDGE_CURVE ( 'NONE', #10145, #9616, #6650, .T. ) ;
#2007 = CARTESIAN_POINT ( 'NONE',  ( 48.79999999999998295, -76.00000000000001421, -7.500000000000000888 ) ) ;
#2008 = VECTOR ( 'NONE', #7603, 1000.000000000000000 ) ;
#2009 = DIRECTION ( 'NONE',  ( -1.000000000000000000, 0.000000000000000000, 0.000000000000000000 ) ) ;
#2010 = PLANE ( 'NONE',  #3805 ) ;
#2011 = ORIENTED_EDGE ( 'NONE', *, *, #6831, .T. ) ;
#2012 = CARTESIAN_POINT ( 'NONE',  ( 18.50000000000000000, 0.2000000000000000111, 0.5000000000000000000 ) ) ;
#2013 = VERTEX_POINT ( 'NONE', #9096 ) ;
#2014 = ADVANCED_FACE ( 'NONE', ( #2427 ), #8312, .F. ) ;
#2015 = DIRECTION ( 'NONE',  ( 1.000000000000000000, -1.156482317317871478E-16, -0.000000000000000000 ) ) ;
#2016 = DIRECTION ( 'NONE',  ( 0.000000000000000000, 0.000000000000000000, -1.000000000000000000 ) ) ;
#2017 = CARTESIAN_POINT ( 'NONE',  ( 62.20000000000000284, -17.40000000000000213, 3.000000000000000000 ) ) ;
#2018 = CARTESIAN_POINT ( 'NONE',  ( -8.500000000000007105, -68.40000000000000568, 1.000000000000000000 ) ) ;
#2019 = EDGE_CURVE ( 'NONE', #9648, #8124, #6761, .T. ) ;
#2020 = EDGE_CURVE ( 'NONE', #10278, #9074, #5923, .T. ) ;
#2021 = EDGE_LOOP ( 'NONE', ( #9792, #478, #9386, #6740 ) ) ;
#2022 = EDGE_LOOP ( 'NONE', ( #425, #3271, #3934, #9052 ) ) ;
#2023 = VERTEX_POINT ( 'NONE', #8362 ) ;
#2024 = DIRECTION ( 'NONE',  ( 0.000000000000000000, 1.000000000000000000, -0.000000000000000000 ) ) ;
#2025 = EDGE_LOOP ( 'NONE', ( #7218, #1510, #2267, #5266 ) ) ;
#2026 = ORIENTED_EDGE ( 'NONE', *, *, #1913, .T. ) ;
#2027 = DIRECTION ( 'NONE',  ( 1.000000000000000000, 0.000000000000000000, 0.000000000000000000 ) ) ;
#2028 = LINE ( 'NONE', #2908, #6652 ) ;
#2029 = EDGE_CURVE ( 'NONE', #7020, #2856, #7429, .T. ) ;
#2030 = CARTESIAN_POINT ( 'NONE',  ( 49.79999999999998295, -10.00000000000000888, -7.500000000000000888 ) ) ;
#2031 = AXIS2_PLACEMENT_3D ( 'NONE', #6719, #78, #10033 ) ;
#2032 = CARTESIAN_POINT ( 'NONE',  ( 56.20000000000001705, -35.39999999999999858, 1.000000000000000000 ) ) ;
#2033 = ORIENTED_EDGE ( 'NONE', *, *, #10463, .T. ) ;
#2034 = EDGE_CURVE ( 'NONE', #7003, #4002, #6706, .T. ) ;
#2035 = EDGE_LOOP ( 'NONE', ( #1993, #1752, #7206, #10167 ) ) ;
#2036 = VERTEX_POINT ( 'NONE', #3210 ) ;
#2037 = FACE_BOUND ( 'NONE', #9061, .T. ) ;
#2038 = ADVANCED_FACE ( 'NONE', ( #9967 ), #2377, .F. ) ;
#2039 = VECTOR ( 'NONE', #5203, 1000.000000000000000 ) ;
#2040 = DIRECTION ( 'NONE',  ( 1.000000000000000000, 0.000000000000000000, 0.000000000000000000 ) ) ;
#2041 = ORIENTED_EDGE ( 'NONE', *, *, #1692, .F. ) ;
#2042 = CARTESIAN_POINT ( 'NONE',  ( -2.500000000000009326, -50.39999999999999858, 3.001000000000000334 ) ) ;
#2043 = DIRECTION ( 'NONE',  ( 0.000000000000000000, -1.000000000000000000, 0.000000000000000000 ) ) ;
#2044 = DIRECTION ( 'NONE',  ( 0.000000000000000000, 0.000000000000000000, -1.000000000000000000 ) ) ;
#2045 = VECTOR ( 'NONE', #3075, 1000.000000000000000 ) ;
#2046 = PLANE ( 'NONE',  #8768 ) ;
#2047 = CARTESIAN_POINT ( 'NONE',  ( 0.2000000000000085321, 2.478176394252690164E-17, 0.5000000000000000000 ) ) ;
#2048 = ADVANCED_FACE ( 'NONE', ( #3319 ), #12, .F. ) ;
#2049 = ORIENTED_EDGE ( 'NONE', *, *, #6496, .F. ) ;
#2050 = ORIENTED_EDGE ( 'NONE', *, *, #3036, .F. ) ;
#2051 = CARTESIAN_POINT ( 'NONE',  ( 55.19999999999999574, 17.44999999999999929, 0.5000000000000000000 ) ) ;
#2052 = DIRECTION ( 'NONE',  ( -1.000000000000000000, 1.156482317317871478E-16, 0.000000000000000000 ) ) ;
#2053 = VECTOR ( 'NONE', #5863, 1000.000000000000000 ) ;
#2054 = VERTEX_POINT ( 'NONE', #7035 ) ;
#2055 = ORIENTED_EDGE ( 'NONE', *, *, #9767, .T. ) ;
#2056 = DIRECTION ( 'NONE',  ( -9.251858538542971828E-16, -1.000000000000000000, 0.000000000000000000 ) ) ;
#2057 = CARTESIAN_POINT ( 'NONE',  ( 19.50000000000000000, 0.2000000000000000111, 1.000000000000000000 ) ) ;
#2058 = VECTOR ( 'NONE', #6822, 1000.000000000000000 ) ;
#2059 = DIRECTION ( 'NONE',  ( 4.663235150475320108E-17, -1.000000000000000000, 0.000000000000000000 ) ) ;
#2060 = CARTESIAN_POINT ( 'NONE',  ( 68.20000000000001705, -17.40000000000000213, 1.000000000000000000 ) ) ;
#2061 = PLANE ( 'NONE',  #1648 ) ;
#2062 = ADVANCED_FACE ( 'NONE', ( #277 ), #4424, .T. ) ;
#2063 = DIRECTION ( 'NONE',  ( 0.000000000000000000, -1.000000000000000000, 0.000000000000000000 ) ) ;
#2064 = CARTESIAN_POINT ( 'NONE',  ( 38.20000000000000995, -53.40000000000000568, 1.000000000000000000 ) ) ;
#2065 = ORIENTED_EDGE ( 'NONE', *, *, #10620, .T. ) ;
#2066 = DIRECTION ( 'NONE',  ( -0.000000000000000000, -0.000000000000000000, -1.000000000000000000 ) ) ;
#2067 = ORIENTED_EDGE ( 'NONE', *, *, #6016, .T. ) ;
#2068 = DIRECTION ( 'NONE',  ( -1.000000000000000000, 0.000000000000000000, 0.000000000000000000 ) ) ;
#2069 = VECTOR ( 'NONE', #1656, 1000.000000000000000 ) ;
#2070 = LINE ( 'NONE', #5513, #9564 ) ;
#2071 = DIRECTION ( 'NONE',  ( -1.000000000000000000, 0.000000000000000000, 0.000000000000000000 ) ) ;
#2072 = CARTESIAN_POINT ( 'NONE',  ( 41.20000000000002416, -35.39999999999999858, 3.000000000000000000 ) ) ;
#2073 = TOROIDAL_SURFACE ( 'NONE', #10569, 4.299999999999999822, 0.5000000000000000000 ) ;
#2074 = EDGE_LOOP ( 'NONE', ( #10045, #10443, #616, #814 ) ) ;
#2075 = ORIENTED_EDGE ( 'NONE', *, *, #4805, .T. ) ;
#2076 = ORIENTED_EDGE ( 'NONE', *, *, #2005, .F. ) ;
#2077 = DIRECTION ( 'NONE',  ( 1.000000000000000000, 0.000000000000000000, 0.000000000000000000 ) ) ;
#2078 = EDGE_LOOP ( 'NONE', ( #1761, #8502 ) ) ;
#2079 = ORIENTED_EDGE ( 'NONE', *, *, #3226, .T. ) ;
#2080 = LINE ( 'NONE', #4904, #6875 ) ;
#2081 = DIRECTION ( 'NONE',  ( -1.000000000000000000, 0.000000000000000000, 0.000000000000000000 ) ) ;
#2082 = EDGE_CURVE ( 'NONE', #10350, #10797, #9325, .T. ) ;
#2083 = LINE ( 'NONE', #1149, #10830 ) ;
#2084 = VECTOR ( 'NONE', #7155, 1000.000000000000000 ) ;
#2085 = PLANE ( 'NONE',  #3992 ) ;
#2086 = ORIENTED_EDGE ( 'NONE', *, *, #6989, .F. ) ;
#2087 = ORIENTED_EDGE ( 'NONE', *, *, #6980, .T. ) ;
#2088 = ORIENTED_EDGE ( 'NONE', *, *, #9868, .T. ) ;
#2089 = FACE_BOUND ( 'NONE', #3150, .T. ) ;
#2090 = CARTESIAN_POINT ( 'NONE',  ( 58.20000000000000284, 0.000000000000000000, 1.000000000000000000 ) ) ;
#2091 = VECTOR ( 'NONE', #1388, 1000.000000000000000 ) ;
#2092 = ORIENTED_EDGE ( 'NONE', *, *, #5958, .T. ) ;
#2093 = DIRECTION ( 'NONE',  ( 0.000000000000000000, -0.000000000000000000, -1.000000000000000000 ) ) ;
#2094 = AXIS2_PLACEMENT_3D ( 'NONE', #3630, #7639, #9510 ) ;
#2095 = DIRECTION ( 'NONE',  ( -0.000000000000000000, -0.000000000000000000, -1.000000000000000000 ) ) ;
#2096 = EDGE_CURVE ( 'NONE', #2253, #7634, #2948, .T. ) ;
#2097 = DIRECTION ( 'NONE',  ( 0.000000000000000000, 0.000000000000000000, -1.000000000000000000 ) ) ;
#2098 = ADVANCED_FACE ( 'NONE', ( #8586 ), #10406, .F. ) ;
#2099 = VECTOR ( 'NONE', #481, 1000.000000000000000 ) ;
#2100 = DIRECTION ( 'NONE',  ( 0.000000000000000000, 0.000000000000000000, 1.000000000000000000 ) ) ;
#2101 = DIRECTION ( 'NONE',  ( -0.03489949670250408476, 0.000000000000000000, -0.9993908270190955401 ) ) ;
#2102 = AXIS2_PLACEMENT_3D ( 'NONE', #6225, #10423, #7157 ) ;
#2103 = EDGE_LOOP ( 'NONE', ( #1005, #8572, #6803, #7782 ) ) ;
#2104 = ORIENTED_EDGE ( 'NONE', *, *, #6280, .F. ) ;
#2105 = LINE ( 'NONE', #5489, #3504 ) ;
#2106 = FACE_OUTER_BOUND ( 'NONE', #3548, .T. ) ;
#2107 = ORIENTED_EDGE ( 'NONE', *, *, #9678, .T. ) ;
#2108 = ORIENTED_EDGE ( 'NONE', *, *, #10533, .F. ) ;
#2109 = CARTESIAN_POINT ( 'NONE',  ( 28.50000000000000000, -3.299999999999999822, 0.000000000000000000 ) ) ;
#2110 = DIRECTION ( 'NONE',  ( 0.000000000000000000, 0.000000000000000000, -1.000000000000000000 ) ) ;
#2111 = LINE ( 'NONE', #10530, #4949 ) ;
#2112 = VECTOR ( 'NONE', #7825, 1000.000000000000000 ) ;
#2113 = EDGE_CURVE ( 'NONE', #1244, #6542, #7862, .T. ) ;
#2114 = DIRECTION ( 'NONE',  ( -1.000000000000000000, 9.251858538542971828E-16, 0.000000000000000000 ) ) ;
#2115 = LINE ( 'NONE', #4667, #955 ) ;
#2116 = VECTOR ( 'NONE', #10464, 1000.000000000000000 ) ;
#2117 = FACE_OUTER_BOUND ( 'NONE', #235, .T. ) ;
#2118 = CARTESIAN_POINT ( 'NONE',  ( -3.500000000000002665, -93.39999999999996305, -4.000000000000000000 ) ) ;
#2119 = CARTESIAN_POINT ( 'NONE',  ( 28.50000000000000000, 28.89999999999999858, 0.000000000000000000 ) ) ;
#2120 = EDGE_LOOP ( 'NONE', ( #5578, #9330, #9041, #4839 ) ) ;
#2121 = LINE ( 'NONE', #5446, #8812 ) ;
#2122 = LINE ( 'NONE', #7279, #4684 ) ;
#2123 = ORIENTED_EDGE ( 'NONE', *, *, #8739, .F. ) ;
#2124 = LINE ( 'NONE', #2785, #7422 ) ;
#2125 = AXIS2_PLACEMENT_3D ( 'NONE', #6290, #6238, #7064 ) ;
#2126 = PLANE ( 'NONE',  #4959 ) ;
#2127 = LINE ( 'NONE', #1083, #9037 ) ;
#2128 = LINE ( 'NONE', #1910, #2354 ) ;
#2129 = AXIS2_PLACEMENT_3D ( 'NONE', #9777, #2237, #6564 ) ;
#2130 = ORIENTED_EDGE ( 'NONE', *, *, #2711, .F. ) ;
#2131 = ORIENTED_EDGE ( 'NONE', *, *, #10134, .F. ) ;
#2132 = VERTEX_POINT ( 'NONE', #10245 ) ;
#2133 = DIRECTION ( 'NONE',  ( 0.000000000000000000, 0.000000000000000000, 1.000000000000000000 ) ) ;
#2134 = EDGE_LOOP ( 'NONE', ( #6581, #2562, #6194, #4586 ) ) ;
#2135 = LINE ( 'NONE', #8012, #6003 ) ;
#2136 = VECTOR ( 'NONE', #3888, 1000.000000000000000 ) ;
#2137 = VECTOR ( 'NONE', #1332, 1000.000000000000000 ) ;
#2138 = CYLINDRICAL_SURFACE ( 'NONE', #7829, 0.5000000000000000000 ) ;
#2139 = EDGE_CURVE ( 'NONE', #1971, #7096, #5787, .T. ) ;
#2140 = DIRECTION ( 'NONE',  ( 0.000000000000000000, 1.000000000000000000, 0.000000000000000000 ) ) ;
#2141 = ORIENTED_EDGE ( 'NONE', *, *, #5949, .F. ) ;
#2142 = ORIENTED_EDGE ( 'NONE', *, *, #4678, .T. ) ;
#2143 = ORIENTED_EDGE ( 'NONE', *, *, #6137, .T. ) ;
#2144 = EDGE_CURVE ( 'NONE', #1544, #7126, #6153, .T. ) ;
#2145 = FACE_BOUND ( 'NONE', #1980, .T. ) ;
#2146 = CARTESIAN_POINT ( 'NONE',  ( 72.20000000000000284, -83.40000000000000568, 1.000000000000000000 ) ) ;
#2147 = EDGE_LOOP ( 'NONE', ( #9771, #4109, #5978, #5577 ) ) ;
#2148 = DIRECTION ( 'NONE',  ( -0.000000000000000000, -0.000000000000000000, -1.000000000000000000 ) ) ;
#2149 = EDGE_CURVE ( 'NONE', #5234, #4994, #7087, .T. ) ;
#2150 = DIRECTION ( 'NONE',  ( -0.000000000000000000, -0.000000000000000000, -1.000000000000000000 ) ) ;
#2151 = DIRECTION ( 'NONE',  ( -1.000000000000000000, 0.000000000000000000, 0.000000000000000000 ) ) ;
#2152 = EDGE_CURVE ( 'NONE', #9795, #10227, #6209, .T. ) ;
#2153 = DIRECTION ( 'NONE',  ( 0.000000000000000000, 0.000000000000000000, -1.000000000000000000 ) ) ;
#2154 = ORIENTED_EDGE ( 'NONE', *, *, #6558, .T. ) ;
#2155 = CARTESIAN_POINT ( 'NONE',  ( 35.50000000000000000, 26.89999999999999858, 3.000000000000000000 ) ) ;
#2156 = ADVANCED_FACE ( 'NONE', ( #9586 ), #4546, .F. ) ;
#2157 = ORIENTED_EDGE ( 'NONE', *, *, #9812, .F. ) ;
#2158 = VERTEX_POINT ( 'NONE', #6097 ) ;
#2159 = EDGE_CURVE ( 'NONE', #6987, #4958, #9523, .T. ) ;
#2160 = DIRECTION ( 'NONE',  ( -1.000000000000000000, 0.000000000000000000, 0.000000000000000000 ) ) ;
#2161 = CARTESIAN_POINT ( 'NONE',  ( 44.20000000000000995, -35.39999999999999858, 1.000000000000000000 ) ) ;
#2162 = VERTEX_POINT ( 'NONE', #224 ) ;
#2163 = VERTEX_POINT ( 'NONE', #1986 ) ;
#2164 = DIRECTION ( 'NONE',  ( -0.000000000000000000, -0.000000000000000000, 1.000000000000000000 ) ) ;
#2165 = EDGE_CURVE ( 'NONE', #9377, #7650, #5985, .T. ) ;
#2166 = LINE ( 'NONE', #6548, #5306 ) ;
#2167 = VECTOR ( 'NONE', #9169, 1000.000000000000000 ) ;
#2168 = EDGE_CURVE ( 'NONE', #4224, #7644, #10295, .T. ) ;
#2169 = VECTOR ( 'NONE', #4157, 1000.000000000000000 ) ;
#2170 = LINE ( 'NONE', #8102, #412 ) ;
#2171 = DIRECTION ( 'NONE',  ( -0.000000000000000000, -0.000000000000000000, -1.000000000000000000 ) ) ;
#2172 = LINE ( 'NONE', #95, #10368 ) ;
#2173 = DIRECTION ( 'NONE',  ( -0.000000000000000000, -0.000000000000000000, -1.000000000000000000 ) ) ;
#2174 = AXIS2_PLACEMENT_3D ( 'NONE', #9958, #1541, #4087 ) ;
#2175 = DIRECTION ( 'NONE',  ( 0.000000000000000000, 0.000000000000000000, -1.000000000000000000 ) ) ;
#2176 = AXIS2_PLACEMENT_3D ( 'NONE', #6846, #10324, #8397 ) ;
#2177 = ORIENTED_EDGE ( 'NONE', *, *, #2420, .F. ) ;
#2178 = EDGE_CURVE ( 'NONE', #1406, #7711, #7390, .T. ) ;
#2179 = CARTESIAN_POINT ( 'NONE',  ( 9.499999999999996447, -53.40000000000000568, 3.000000000000000000 ) ) ;
#2180 = CARTESIAN_POINT ( 'NONE',  ( 72.20000000000001705, 24.40000000000000568, -4.000000000000000000 ) ) ;
#2181 = VERTEX_POINT ( 'NONE', #1879 ) ;
#2182 = CARTESIAN_POINT ( 'NONE',  ( 13.49999999999999112, -85.89999999999997726, -6.499999999999999112 ) ) ;
#2183 = LINE ( 'NONE', #4733, #1432 ) ;
#2184 = CIRCLE ( 'NONE', #1308, 0.5000000000000000000 ) ;
#2185 = CARTESIAN_POINT ( 'NONE',  ( -11.50000000000000711, -68.40000000000000568, 3.001000000000000334 ) ) ;
#2186 = VERTEX_POINT ( 'NONE', #4371 ) ;
#2187 = ORIENTED_EDGE ( 'NONE', *, *, #3532, .T. ) ;
#2188 = ORIENTED_EDGE ( 'NONE', *, *, #4450, .F. ) ;
#2189 = ADVANCED_FACE ( 'NONE', ( #1936 ), #5252, .F. ) ;
#2190 = CARTESIAN_POINT ( 'NONE',  ( 34.50000000000000000, -3.299999999999999822, 0.000000000000000000 ) ) ;
#2191 = ORIENTED_EDGE ( 'NONE', *, *, #7499, .T. ) ;
#2192 = VECTOR ( 'NONE', #5045, 1000.000000000000000 ) ;
#2193 = DIRECTION ( 'NONE',  ( 1.000000000000000000, 0.000000000000000000, 0.000000000000000000 ) ) ;
#2194 = DIRECTION ( 'NONE',  ( 0.000000000000000000, -1.000000000000000000, 0.000000000000000000 ) ) ;
#2195 = LINE ( 'NONE', #8130, #5766 ) ;
#2196 = EDGE_LOOP ( 'NONE', ( #2553, #2689, #594, #10869 ) ) ;
#2197 = ADVANCED_FACE ( 'NONE', ( #7813 ), #9367, .F. ) ;
#2198 = ORIENTED_EDGE ( 'NONE', *, *, #4393, .T. ) ;
#2199 = VERTEX_POINT ( 'NONE', #2259 ) ;
#2200 = PLANE ( 'NONE',  #337 ) ;
#2201 = DIRECTION ( 'NONE',  ( 0.000000000000000000, 0.000000000000000000, -1.000000000000000000 ) ) ;
#2202 = ORIENTED_EDGE ( 'NONE', *, *, #7470, .F. ) ;
#2203 = DIRECTION ( 'NONE',  ( 1.000000000000000000, -0.000000000000000000, 0.000000000000000000 ) ) ;
#2204 = AXIS2_PLACEMENT_3D ( 'NONE', #2829, #5269, #2666 ) ;
#2205 = DIRECTION ( 'NONE',  ( 0.000000000000000000, -1.000000000000000000, 0.000000000000000000 ) ) ;
#2206 = CARTESIAN_POINT ( 'NONE',  ( -1.300000000000000044, 18.45000000000000284, -1.000000000000000000 ) ) ;
#2207 = DIRECTION ( 'NONE',  ( -0.000000000000000000, -0.000000000000000000, 1.000000000000000000 ) ) ;
#2208 = VERTEX_POINT ( 'NONE', #5645 ) ;
#2209 = VECTOR ( 'NONE', #4137, 1000.000000000000000 ) ;
#2210 = CIRCLE ( 'NONE', #8063, 5.000000000000000000 ) ;
#2211 = FACE_OUTER_BOUND ( 'NONE', #3454, .T. ) ;
#2212 = ORIENTED_EDGE ( 'NONE', *, *, #4414, .T. ) ;
#2213 = ORIENTED_EDGE ( 'NONE', *, *, #3301, .F. ) ;
#2214 = CARTESIAN_POINT ( 'NONE',  ( 0.000000000000000000, 0.000000000000000000, -4.000000000000000000 ) ) ;
#2215 = FACE_OUTER_BOUND ( 'NONE', #1199, .T. ) ;
#2216 = ORIENTED_EDGE ( 'NONE', *, *, #1014, .T. ) ;
#2217 = ORIENTED_EDGE ( 'NONE', *, *, #5946, .F. ) ;
#2218 = LINE ( 'NONE', #4609, #10204 ) ;
#2219 = CARTESIAN_POINT ( 'NONE',  ( 51.20000000000000284, 4.000000000000000000, -1.000000000000000000 ) ) ;
#2220 = AXIS2_PLACEMENT_3D ( 'NONE', #8685, #6917, #1102 ) ;
#2221 = EDGE_CURVE ( 'NONE', #917, #7190, #8194, .T. ) ;
#2222 = CARTESIAN_POINT ( 'NONE',  ( 55.50000000000000000, 5.950000000000000178, -1.000000000000000000 ) ) ;
#2223 = FACE_OUTER_BOUND ( 'NONE', #849, .T. ) ;
#2224 = CARTESIAN_POINT ( 'NONE',  ( 19.50000000000000000, 0.2000000000000000111, 0.5000000000000000000 ) ) ;
#2225 = AXIS2_PLACEMENT_3D ( 'NONE', #7799, #3578, #7641 ) ;
#2226 = CARTESIAN_POINT ( 'NONE',  ( 75.20000000000000284, 36.39999999999999858, 3.000000000000000000 ) ) ;
#2227 = AXIS2_PLACEMENT_3D ( 'NONE', #2940, #4404, #9710 ) ;
#2228 = LINE ( 'NONE', #10538, #8058 ) ;
#2229 = VERTEX_POINT ( 'NONE', #8975 ) ;
#2230 = CARTESIAN_POINT ( 'NONE',  ( 2.799999999999986500, -76.00000000000001421, 0.4999999999999995559 ) ) ;
#2231 = CARTESIAN_POINT ( 'NONE',  ( 47.20000000000001705, -53.40000000000000568, 3.001000000000000334 ) ) ;
#2232 = EDGE_LOOP ( 'NONE', ( #1372, #9001, #9632, #2843 ) ) ;
#2233 = EDGE_CURVE ( 'NONE', #10561, #8185, #8085, .T. ) ;
#2234 = CARTESIAN_POINT ( 'NONE',  ( 60.20000000000001705, 36.39999999999999858, -4.000000000000000000 ) ) ;
#2235 = AXIS2_PLACEMENT_3D ( 'NONE', #10752, #3264, #8371 ) ;
#2236 = EDGE_CURVE ( 'NONE', #9759, #800, #4704, .T. ) ;
#2237 = DIRECTION ( 'NONE',  ( 1.000000000000000000, -6.938893903907220489E-15, 0.000000000000000000 ) ) ;
#2238 = VECTOR ( 'NONE', #6986, 1000.000000000000000 ) ;
#2239 = ADVANCED_FACE ( 'NONE', ( #6420 ), #1434, .F. ) ;
#2240 = DIRECTION ( 'NONE',  ( -0.000000000000000000, -0.000000000000000000, -1.000000000000000000 ) ) ;
#2241 = EDGE_CURVE ( 'NONE', #344, #6684, #2423, .T. ) ;
#2242 = ORIENTED_EDGE ( 'NONE', *, *, #6385, .T. ) ;
#2243 = ORIENTED_EDGE ( 'NONE', *, *, #942, .F. ) ;
#2244 = ORIENTED_EDGE ( 'NONE', *, *, #6807, .F. ) ;
#2245 = DIRECTION ( 'NONE',  ( -1.000000000000000000, -4.663235150475320108E-17, 0.000000000000000000 ) ) ;
#2246 = EDGE_CURVE ( 'NONE', #3640, #2549, #3755, .T. ) ;
#2247 = ORIENTED_EDGE ( 'NONE', *, *, #5759, .T. ) ;
#2248 = CARTESIAN_POINT ( 'NONE',  ( 56.20000000000000995, -17.40000000000000213, 3.001000000000000334 ) ) ;
#2249 = LINE ( 'NONE', #3234, #2167 ) ;
#2250 = ADVANCED_FACE ( 'NONE', ( #6479 ), #10570, .F. ) ;
#2251 = AXIS2_PLACEMENT_3D ( 'NONE', #9918, #3828, #5494 ) ;
#2252 = DIRECTION ( 'NONE',  ( -0.000000000000000000, -0.000000000000000000, 1.000000000000000000 ) ) ;
#2253 = VERTEX_POINT ( 'NONE', #388 ) ;
#2254 = EDGE_LOOP ( 'NONE', ( #9413, #7874, #4449, #6025, #2520, #3795, #1444, #5341, #1920 ) ) ;
#2255 = ORIENTED_EDGE ( 'NONE', *, *, #6558, .F. ) ;
#2256 = CARTESIAN_POINT ( 'NONE',  ( 68.20000000000001705, -53.40000000000000568, 3.000000000000000000 ) ) ;
#2257 = CYLINDRICAL_SURFACE ( 'NONE', #8410, 3.524999999999999911 ) ;
#2258 = ORIENTED_EDGE ( 'NONE', *, *, #3983, .T. ) ;
#2259 = CARTESIAN_POINT ( 'NONE',  ( -3.500000000000003109, 34.39999999999999858, -4.000000000000000000 ) ) ;
#2260 = AXIS2_PLACEMENT_3D ( 'NONE', #4945, #6395, #10812 ) ;
#2261 = FACE_OUTER_BOUND ( 'NONE', #8337, .T. ) ;
#2262 = FACE_OUTER_BOUND ( 'NONE', #87, .T. ) ;
#2263 = VERTEX_POINT ( 'NONE', #3973 ) ;
#2264 = LINE ( 'NONE', #9034, #6946 ) ;
#2265 = VECTOR ( 'NONE', #4092, 1000.000000000000000 ) ;
#2266 = ORIENTED_EDGE ( 'NONE', *, *, #2082, .F. ) ;
#2267 = ORIENTED_EDGE ( 'NONE', *, *, #3724, .F. ) ;
#2268 = DIRECTION ( 'NONE',  ( -0.000000000000000000, -0.000000000000000000, -1.000000000000000000 ) ) ;
#2269 = PLANE ( 'NONE',  #9397 ) ;
#2270 = ADVANCED_FACE ( 'NONE', ( #4648 ), #2073, .F. ) ;
#2271 = VECTOR ( 'NONE', #8439, 1000.000000000000000 ) ;
#2272 = ORIENTED_EDGE ( 'NONE', *, *, #8195, .T. ) ;
#2273 = ORIENTED_EDGE ( 'NONE', *, *, #4117, .F. ) ;
#2274 = DIRECTION ( 'NONE',  ( 1.000000000000000000, 0.000000000000000000, 0.000000000000000000 ) ) ;
#2275 = LINE ( 'NONE', #7482, #7784 ) ;
#2276 = VECTOR ( 'NONE', #1803, 1000.000000000000000 ) ;
#2277 = CARTESIAN_POINT ( 'NONE',  ( 38.20000000000000995, -17.40000000000000213, 3.001000000000000334 ) ) ;
#2278 = AXIS2_PLACEMENT_3D ( 'NONE', #7343, #8393, #9837 ) ;
#2279 = DIRECTION ( 'NONE',  ( 9.251858538542971828E-16, 1.000000000000000000, -0.000000000000000000 ) ) ;
#2280 = CARTESIAN_POINT ( 'NONE',  ( 3.799999999999983835, -10.00000000000000888, -7.500000000000000888 ) ) ;
#2281 = EDGE_CURVE ( 'NONE', #4749, #2199, #9796, .T. ) ;
#2282 = DIRECTION ( 'NONE',  ( 1.000000000000000000, -0.000000000000000000, -0.000000000000000000 ) ) ;
#2283 = LINE ( 'NONE', #8886, #8522 ) ;
#2284 = EDGE_LOOP ( 'NONE', ( #10945, #697, #8218, #1242 ) ) ;
#2285 = VERTEX_POINT ( 'NONE', #2868 ) ;
#2286 = EDGE_CURVE ( 'NONE', #4739, #3236, #495, .T. ) ;
#2287 = DIRECTION ( 'NONE',  ( -0.000000000000000000, -0.000000000000000000, 1.000000000000000000 ) ) ;
#2288 = LINE ( 'NONE', #9055, #7337 ) ;
#2289 = ORIENTED_EDGE ( 'NONE', *, *, #5261, .T. ) ;
#2290 = LINE ( 'NONE', #10648, #4403 ) ;
#2291 = DIRECTION ( 'NONE',  ( 1.000000000000000000, -2.168404344970976821E-16, 0.000000000000000000 ) ) ;
#2292 = DIRECTION ( 'NONE',  ( 0.000000000000000000, -1.000000000000000000, 0.000000000000000000 ) ) ;
#2293 = EDGE_CURVE ( 'NONE', #4994, #4898, #5423, .T. ) ;
#2294 = VERTEX_POINT ( 'NONE', #5584 ) ;
#2295 = ADVANCED_FACE ( 'NONE', ( #8804 ), #442, .F. ) ;
#2296 = ORIENTED_EDGE ( 'NONE', *, *, #10005, .T. ) ;
#2297 = ORIENTED_EDGE ( 'NONE', *, *, #3636, .T. ) ;
#2298 = VECTOR ( 'NONE', #5254, 1000.000000000000000 ) ;
#2299 = CARTESIAN_POINT ( 'NONE',  ( -0.2999999999999924949, 18.45000000000000284, -1.000000000000000000 ) ) ;
#2300 = ORIENTED_EDGE ( 'NONE', *, *, #3036, .T. ) ;
#2301 = CARTESIAN_POINT ( 'NONE',  ( 3.499999999999987566, -32.39999999999999858, 3.001000000000000334 ) ) ;
#2302 = EDGE_CURVE ( 'NONE', #6798, #5742, #1216, .T. ) ;
#2303 = CARTESIAN_POINT ( 'NONE',  ( 2.500000000000000000, 2.500000000000000000, 1.000000000000000000 ) ) ;
#2304 = VECTOR ( 'NONE', #1320, 1000.000000000000000 ) ;
#2305 = CARTESIAN_POINT ( 'NONE',  ( 55.19999999999999574, 10.44999999999999929, 0.5000000000000000000 ) ) ;
#2306 = ORIENTED_EDGE ( 'NONE', *, *, #2985, .F. ) ;
#2307 = ORIENTED_EDGE ( 'NONE', *, *, #3983, .F. ) ;
#2308 = ORIENTED_EDGE ( 'NONE', *, *, #6927, .F. ) ;
#2309 = CARTESIAN_POINT ( 'NONE',  ( 0.000000000000000000, 0.000000000000000000, 1.000000000000000000 ) ) ;
#2310 = CARTESIAN_POINT ( 'NONE',  ( 4.799999999999982947, -10.00000000000000888, -7.500000000000000888 ) ) ;
#2311 = ORIENTED_EDGE ( 'NONE', *, *, #8075, .T. ) ;
#2312 = EDGE_CURVE ( 'NONE', #286, #5962, #7196, .T. ) ;
#2313 = DIRECTION ( 'NONE',  ( -0.000000000000000000, -0.000000000000000000, -1.000000000000000000 ) ) ;
#2314 = AXIS2_PLACEMENT_3D ( 'NONE', #5288, #6185, #2846 ) ;
#2315 = VECTOR ( 'NONE', #4209, 1000.000000000000000 ) ;
#2316 = CYLINDRICAL_SURFACE ( 'NONE', #291, 1.549999999999999378 ) ;
#2317 = DIRECTION ( 'NONE',  ( 0.000000000000000000, -1.000000000000000000, 0.000000000000000000 ) ) ;
#2318 = DIRECTION ( 'NONE',  ( 0.000000000000000000, 1.000000000000000000, -0.000000000000000000 ) ) ;
#2319 = DIRECTION ( 'NONE',  ( 1.000000000000000000, -6.033820786006289662E-16, 0.000000000000000000 ) ) ;
#2320 = VECTOR ( 'NONE', #2548, 1000.000000000000000 ) ;
#2321 = ORIENTED_EDGE ( 'NONE', *, *, #4589, .T. ) ;
#2322 = DIRECTION ( 'NONE',  ( -0.000000000000000000, 0.000000000000000000, 1.000000000000000000 ) ) ;
#2323 = ORIENTED_EDGE ( 'NONE', *, *, #2695, .F. ) ;
#2324 = DIRECTION ( 'NONE',  ( 0.000000000000000000, 0.000000000000000000, 1.000000000000000000 ) ) ;
#2325 = CARTESIAN_POINT ( 'NONE',  ( 3.799999999999983835, -10.00000000000000888, 1.000000000000000000 ) ) ;
#2326 = EDGE_LOOP ( 'NONE', ( #5591, #1520, #9631, #3342 ) ) ;
#2327 = CARTESIAN_POINT ( 'NONE',  ( -5.500000000000005329, -53.40000000000000568, 3.001000000000000334 ) ) ;
#2328 = DIRECTION ( 'NONE',  ( -0.000000000000000000, -0.000000000000000000, -1.000000000000000000 ) ) ;
#2329 = LINE ( 'NONE', #9046, #3556 ) ;
#2330 = CARTESIAN_POINT ( 'NONE',  ( -0.2999999999999929945, 10.44999999999999929, 0.5000000000000000000 ) ) ;
#2331 = DIRECTION ( 'NONE',  ( -1.000000000000000000, 0.000000000000000000, 0.000000000000000000 ) ) ;
#2332 = CARTESIAN_POINT ( 'NONE',  ( 32.49999999999996447, -53.40000000000000568, 1.000000000000000000 ) ) ;
#2333 = EDGE_CURVE ( 'NONE', #2913, #8202, #6369, .T. ) ;
#2334 = CARTESIAN_POINT ( 'NONE',  ( 28.50000000000000000, 28.89999999999999858, 1.000000000000000000 ) ) ;
#2335 = EDGE_LOOP ( 'NONE', ( #9643, #10061, #5447, #5916 ) ) ;
#2336 = ORIENTED_EDGE ( 'NONE', *, *, #8370, .F. ) ;
#2337 = LINE ( 'NONE', #6452, #8639 ) ;
#2338 = DIRECTION ( 'NONE',  ( -1.000000000000000000, 0.000000000000000000, 0.000000000000000000 ) ) ;
#2339 = VECTOR ( 'NONE', #9803, 1000.000000000000000 ) ;
#2340 = EDGE_LOOP ( 'NONE', ( #10780, #7265, #3343, #9432 ) ) ;
#2341 = LINE ( 'NONE', #9880, #9018 ) ;
#2342 = EDGE_CURVE ( 'NONE', #3640, #4821, #7251, .T. ) ;
#2343 = DIRECTION ( 'NONE',  ( 0.000000000000000000, -0.02826803116136169039, 0.9996003793588016384 ) ) ;
#2344 = FACE_OUTER_BOUND ( 'NONE', #2074, .T. ) ;
#2345 = VECTOR ( 'NONE', #6733, 1000.000000000000000 ) ;
#2346 = VECTOR ( 'NONE', #4935, 1000.000000000000000 ) ;
#2347 = ORIENTED_EDGE ( 'NONE', *, *, #10430, .T. ) ;
#2348 = ORIENTED_EDGE ( 'NONE', *, *, #6553, .T. ) ;
#2349 = ORIENTED_EDGE ( 'NONE', *, *, #3045, .T. ) ;
#2350 = LINE ( 'NONE', #4740, #9543 ) ;
#2351 = ORIENTED_EDGE ( 'NONE', *, *, #7324, .F. ) ;
#2352 = DIRECTION ( 'NONE',  ( 1.000000000000000000, 7.228014483236699514E-17, 0.000000000000000000 ) ) ;
#2353 = VECTOR ( 'NONE', #4294, 1000.000000000000000 ) ;
#2354 = VECTOR ( 'NONE', #3618, 1000.000000000000000 ) ;
#2355 = DIRECTION ( 'NONE',  ( 0.000000000000000000, 1.000000000000000000, -0.000000000000000000 ) ) ;
#2356 = EDGE_CURVE ( 'NONE', #7339, #1265, #7302, .T. ) ;
#2357 = ADVANCED_FACE ( 'NONE', ( #4085 ), #6587, .T. ) ;
#2358 = LINE ( 'NONE', #5960, #2571 ) ;
#2359 = ORIENTED_EDGE ( 'NONE', *, *, #5605, .T. ) ;
#2360 = VECTOR ( 'NONE', #2279, 1000.000000000000000 ) ;
#2361 = ORIENTED_EDGE ( 'NONE', *, *, #9197, .F. ) ;
#2362 = FACE_OUTER_BOUND ( 'NONE', #5906, .T. ) ;
#2363 = DIRECTION ( 'NONE',  ( -0.000000000000000000, 0.000000000000000000, -1.000000000000000000 ) ) ;
#2364 = ORIENTED_EDGE ( 'NONE', *, *, #8911, .F. ) ;
#2365 = CARTESIAN_POINT ( 'NONE',  ( 27.50000000000000000, 25.89999999999999858, -13.00000000000000000 ) ) ;
#2366 = CARTESIAN_POINT ( 'NONE',  ( 27.50000000000000000, 0.000000000000000000, 1.000000000000000000 ) ) ;
#2367 = DIRECTION ( 'NONE',  ( -0.000000000000000000, -0.000000000000000000, -1.000000000000000000 ) ) ;
#2368 = FACE_OUTER_BOUND ( 'NONE', #8480, .T. ) ;
#2369 = DIRECTION ( 'NONE',  ( 1.387778780781445676E-14, 0.000000000000000000, -1.000000000000000000 ) ) ;
#2370 = EDGE_CURVE ( 'NONE', #8840, #8573, #8246, .T. ) ;
#2371 = ORIENTED_EDGE ( 'NONE', *, *, #2906, .T. ) ;
#2372 = EDGE_CURVE ( 'NONE', #9658, #7412, #2415, .T. ) ;
#2373 = ORIENTED_EDGE ( 'NONE', *, *, #7601, .T. ) ;
#2374 = CARTESIAN_POINT ( 'NONE',  ( 57.00000000000000000, 0.000000000000000000, 1.000000000000000000 ) ) ;
#2375 = FACE_OUTER_BOUND ( 'NONE', #7202, .T. ) ;
#2376 = EDGE_LOOP ( 'NONE', ( #6178, #9978, #4066, #8762 ) ) ;
#2377 = PLANE ( 'NONE',  #6325 ) ;
#2378 = EDGE_CURVE ( 'NONE', #6397, #2409, #7578, .T. ) ;
#2379 = DIRECTION ( 'NONE',  ( 1.000000000000000000, 0.000000000000000000, 0.000000000000000000 ) ) ;
#2380 = DIRECTION ( 'NONE',  ( -1.000000000000000000, 0.000000000000000000, 0.000000000000000000 ) ) ;
#2381 = VECTOR ( 'NONE', #9977, 1000.000000000000000 ) ;
#2382 = DIRECTION ( 'NONE',  ( 0.000000000000000000, -1.000000000000000000, 0.000000000000000000 ) ) ;
#2383 = EDGE_CURVE ( 'NONE', #6478, #1066, #714, .T. ) ;
#2384 = CIRCLE ( 'NONE', #8587, 3.500000000000003109 ) ;
#2385 = CARTESIAN_POINT ( 'NONE',  ( -15.50000000000000711, -83.40000000000000568, 1.000000000000000000 ) ) ;
#2386 = PLANE ( 'NONE',  #4536 ) ;
#2387 = DIRECTION ( 'NONE',  ( 9.251858538542971828E-16, 1.000000000000000000, -0.000000000000000000 ) ) ;
#2388 = ORIENTED_EDGE ( 'NONE', *, *, #4338, .F. ) ;
#2389 = FACE_OUTER_BOUND ( 'NONE', #654, .T. ) ;
#2390 = FACE_OUTER_BOUND ( 'NONE', #3037, .T. ) ;
#2391 = VECTOR ( 'NONE', #2984, 1000.000000000000000 ) ;
#2392 = VERTEX_POINT ( 'NONE', #3199 ) ;
#2393 = PLANE ( 'NONE',  #4763 ) ;
#2394 = CARTESIAN_POINT ( 'NONE',  ( -3.500000000000003109, -95.40000000000000568, -4.000000000000000000 ) ) ;
#2395 = CARTESIAN_POINT ( 'NONE',  ( 60.20000000000003126, -93.39999999999999147, -4.000000000000000000 ) ) ;
#2396 = VECTOR ( 'NONE', #2458, 1000.000000000000000 ) ;
#2397 = VERTEX_POINT ( 'NONE', #9131 ) ;
#2398 = DIRECTION ( 'NONE',  ( 1.000000000000000000, 0.000000000000000000, 0.000000000000000000 ) ) ;
#2399 = ORIENTED_EDGE ( 'NONE', *, *, #2988, .F. ) ;
#2400 = DIRECTION ( 'NONE',  ( 0.000000000000000000, 0.000000000000000000, -1.000000000000000000 ) ) ;
#2401 = ORIENTED_EDGE ( 'NONE', *, *, #6831, .F. ) ;
#2402 = VECTOR ( 'NONE', #8163, 1000.000000000000000 ) ;
#2403 = LINE ( 'NONE', #7454, #1398 ) ;
#2404 = AXIS2_PLACEMENT_3D ( 'NONE', #4940, #8105, #8265 ) ;
#2405 = LINE ( 'NONE', #5792, #3752 ) ;
#2406 = LINE ( 'NONE', #9171, #9441 ) ;
#2407 = DIRECTION ( 'NONE',  ( 1.000000000000000000, 0.000000000000000000, 0.000000000000000000 ) ) ;
#2408 = ORIENTED_EDGE ( 'NONE', *, *, #10905, .T. ) ;
#2409 = VERTEX_POINT ( 'NONE', #9294 ) ;
#2410 = CARTESIAN_POINT ( 'NONE',  ( 56.50000000000000000, 18.45000000000000284, 0.5000000000000000000 ) ) ;
#2411 = PLANE ( 'NONE',  #3083 ) ;
#2412 = ORIENTED_EDGE ( 'NONE', *, *, #5767, .T. ) ;
#2413 = DIRECTION ( 'NONE',  ( -0.000000000000000000, -0.000000000000000000, -1.000000000000000000 ) ) ;
#2414 = ADVANCED_FACE ( 'NONE', ( #10843 ), #8465, .F. ) ;
#2415 = LINE ( 'NONE', #1538, #2954 ) ;
#2416 = DIRECTION ( 'NONE',  ( 8.286895585876499530E-17, -1.000000000000000000, 0.000000000000000000 ) ) ;
#2417 = LINE ( 'NONE', #1492, #3943 ) ;
#2418 = FACE_OUTER_BOUND ( 'NONE', #32, .T. ) ;
#2419 = EDGE_LOOP ( 'NONE', ( #3293, #10551, #7623, #776 ) ) ;
#2420 = EDGE_CURVE ( 'NONE', #8534, #5062, #7468, .T. ) ;
#2421 = VERTEX_POINT ( 'NONE', #3245 ) ;
#2422 = ORIENTED_EDGE ( 'NONE', *, *, #6198, .T. ) ;
#2423 = CIRCLE ( 'NONE', #5794, 0.5000000000000000000 ) ;
#2424 = DIRECTION ( 'NONE',  ( -1.000000000000000000, 0.000000000000000000, 0.000000000000000000 ) ) ;
#2425 = FACE_OUTER_BOUND ( 'NONE', #10605, .T. ) ;
#2426 = ORIENTED_EDGE ( 'NONE', *, *, #10381, .F. ) ;
#2427 = FACE_OUTER_BOUND ( 'NONE', #7660, .T. ) ;
#2428 = LINE ( 'NONE', #3258, #5838 ) ;
#2429 = EDGE_CURVE ( 'NONE', #4698, #9035, #2469, .T. ) ;
#2430 = LINE ( 'NONE', #786, #8549 ) ;
#2431 = AXIS2_PLACEMENT_3D ( 'NONE', #8664, #3838, #3673 ) ;
#2432 = CARTESIAN_POINT ( 'NONE',  ( 56.50000000000000000, 18.45000000000000284, 1.000000000000000000 ) ) ;
#2433 = DIRECTION ( 'NONE',  ( 1.000000000000000000, 0.000000000000000000, 0.000000000000000000 ) ) ;
#2434 = VECTOR ( 'NONE', #10953, 1000.000000000000000 ) ;
#2435 = DIRECTION ( 'NONE',  ( -1.000000000000000000, 0.000000000000000000, 0.000000000000000000 ) ) ;
#2436 = CARTESIAN_POINT ( 'NONE',  ( 35.20000000000002416, -35.39999999999999858, 3.000000000000000000 ) ) ;
#2437 = VERTEX_POINT ( 'NONE', #10004 ) ;
#2438 = ORIENTED_EDGE ( 'NONE', *, *, #4934, .T. ) ;
#2439 = DIRECTION ( 'NONE',  ( -0.000000000000000000, -0.000000000000000000, 1.000000000000000000 ) ) ;
#2440 = DIRECTION ( 'NONE',  ( 0.000000000000000000, 1.000000000000000000, 0.000000000000000000 ) ) ;
#2441 = ORIENTED_EDGE ( 'NONE', *, *, #3067, .T. ) ;
#2442 = CIRCLE ( 'NONE', #5989, 0.9999999999999974465 ) ;
#2443 = ADVANCED_FACE ( 'NONE', ( #9180 ), #2316, .F. ) ;
#2444 = CARTESIAN_POINT ( 'NONE',  ( 35.20000000000002416, -35.39999999999999858, 3.001000000000000334 ) ) ;
#2445 = AXIS2_PLACEMENT_3D ( 'NONE', #4521, #7905, #3689 ) ;
#2446 = CARTESIAN_POINT ( 'NONE',  ( -8.500000000000008882, -50.39999999999999858, 1.000000000000000000 ) ) ;
#2447 = DIRECTION ( 'NONE',  ( 0.000000000000000000, 1.000000000000000000, 0.000000000000000000 ) ) ;
#2448 = AXIS2_PLACEMENT_3D ( 'NONE', #5235, #10225, #8626 ) ;
#2449 = ORIENTED_EDGE ( 'NONE', *, *, #6845, .T. ) ;
#2450 = CARTESIAN_POINT ( 'NONE',  ( 0.000000000000000000, 25.39999999999999858, 1.000000000000000000 ) ) ;
#2451 = VECTOR ( 'NONE', #3008, 1000.000000000000000 ) ;
#2452 = VERTEX_POINT ( 'NONE', #4142 ) ;
#2453 = CARTESIAN_POINT ( 'NONE',  ( 54.69999999999999574, 6.949999999999999289, 1.000000000000000000 ) ) ;
#2454 = EDGE_LOOP ( 'NONE', ( #5477, #2902, #9702, #5881 ) ) ;
#2455 = DIRECTION ( 'NONE',  ( 9.251858538542971828E-16, 1.000000000000000000, -0.000000000000000000 ) ) ;
#2456 = CARTESIAN_POINT ( 'NONE',  ( 56.50000000000000000, 5.950000000000000178, 3.000000000000000000 ) ) ;
#2457 = DIRECTION ( 'NONE',  ( -1.000000000000000000, 1.005636797667715272E-16, 0.000000000000000000 ) ) ;
#2458 = DIRECTION ( 'NONE',  ( 0.000000000000000000, 1.000000000000000000, 0.000000000000000000 ) ) ;
#2459 = AXIS2_PLACEMENT_3D ( 'NONE', #2219, #4828, #2379 ) ;
#2460 = VERTEX_POINT ( 'NONE', #10898 ) ;
#2461 = EDGE_LOOP ( 'NONE', ( #2826, #1457, #8178, #7737 ) ) ;
#2462 = VERTEX_POINT ( 'NONE', #6692 ) ;
#2463 = DIRECTION ( 'NONE',  ( 0.000000000000000000, -1.000000000000000000, 0.000000000000000000 ) ) ;
#2464 = EDGE_CURVE ( 'NONE', #2704, #3100, #10065, .T. ) ;
#2465 = FACE_OUTER_BOUND ( 'NONE', #9115, .T. ) ;
#2466 = ORIENTED_EDGE ( 'NONE', *, *, #1000, .T. ) ;
#2467 = ORIENTED_EDGE ( 'NONE', *, *, #6314, .F. ) ;
#2468 = CARTESIAN_POINT ( 'NONE',  ( 38.20000000000000995, -17.40000000000000213, 3.001000000000000334 ) ) ;
#2469 = LINE ( 'NONE', #4976, #8632 ) ;
#2470 = LINE ( 'NONE', #7951, #8850 ) ;
#2471 = VECTOR ( 'NONE', #5973, 1000.000000000000000 ) ;
#2472 = EDGE_CURVE ( 'NONE', #7287, #161, #10955, .T. ) ;
#2473 = EDGE_CURVE ( 'NONE', #2263, #9035, #10891, .T. ) ;
#2474 = PLANE ( 'NONE',  #7838 ) ;
#2475 = FACE_OUTER_BOUND ( 'NONE', #8307, .T. ) ;
#2476 = VERTEX_POINT ( 'NONE', #4196 ) ;
#2477 = ORIENTED_EDGE ( 'NONE', *, *, #5926, .T. ) ;
#2478 = AXIS2_PLACEMENT_3D ( 'NONE', #474, #585, #10601 ) ;
#2479 = ORIENTED_EDGE ( 'NONE', *, *, #4600, .T. ) ;
#2480 = CARTESIAN_POINT ( 'NONE',  ( 6.700000000000000178, 7.400000000000000355, 3.000000000000000000 ) ) ;
#2481 = CYLINDRICAL_SURFACE ( 'NONE', #7979, 4.999999999999999112 ) ;
#2482 = EDGE_CURVE ( 'NONE', #1588, #10350, #3362, .T. ) ;
#2483 = ORIENTED_EDGE ( 'NONE', *, *, #1016, .F. ) ;
#2484 = DIRECTION ( 'NONE',  ( -9.251858538542971828E-16, -1.000000000000000000, 0.000000000000000000 ) ) ;
#2485 = EDGE_CURVE ( 'NONE', #2989, #8031, #2530, .T. ) ;
#2486 = LINE ( 'NONE', #5874, #6018 ) ;
#2487 = EDGE_CURVE ( 'NONE', #9874, #10251, #7359, .T. ) ;
#2488 = AXIS2_PLACEMENT_3D ( 'NONE', #7766, #2824, #6219 ) ;
#2489 = CARTESIAN_POINT ( 'NONE',  ( 27.50000000000000000, 1.199999999999999956, 0.000000000000000000 ) ) ;
#2490 = EDGE_CURVE ( 'NONE', #3868, #5637, #9906, .T. ) ;
#2491 = CARTESIAN_POINT ( 'NONE',  ( 72.20000000000001705, 24.40000000000000568, -3.000000000000027089 ) ) ;
#2492 = EDGE_CURVE ( 'NONE', #7408, #9593, #9836, .T. ) ;
#2493 = LINE ( 'NONE', #4991, #8428 ) ;
#2494 = LINE ( 'NONE', #3328, #8966 ) ;
#2495 = EDGE_CURVE ( 'NONE', #1641, #206, #262, .T. ) ;
#2496 = DIRECTION ( 'NONE',  ( 0.000000000000000000, -1.000000000000000000, 0.000000000000000000 ) ) ;
#2497 = ORIENTED_EDGE ( 'NONE', *, *, #3961, .F. ) ;
#2498 = VERTEX_POINT ( 'NONE', #3417 ) ;
#2499 = FACE_BOUND ( 'NONE', #9401, .T. ) ;
#2500 = DIRECTION ( 'NONE',  ( 0.000000000000000000, 1.000000000000000000, -0.000000000000000000 ) ) ;
#2501 = ADVANCED_FACE ( 'NONE', ( #9353 ), #6805, .F. ) ;
#2502 = ORIENTED_EDGE ( 'NONE', *, *, #9280, .F. ) ;
#2503 = CARTESIAN_POINT ( 'NONE',  ( 0.000000000000000000, 0.000000000000000000, -13.00000000000000000 ) ) ;
#2504 = CARTESIAN_POINT ( 'NONE',  ( 0.000000000000000000, 0.000000000000000000, -13.00000000000000000 ) ) ;
#2505 = DIRECTION ( 'NONE',  ( 0.9993908270190956511, 0.000000000000000000, -0.03489949670250409169 ) ) ;
#2506 = EDGE_CURVE ( 'NONE', #10224, #5682, #5971, .T. ) ;
#2507 = VERTEX_POINT ( 'NONE', #50 ) ;
#2508 = ADVANCED_FACE ( 'NONE', ( #213 ), #6856, .F. ) ;
#2509 = ORIENTED_EDGE ( 'NONE', *, *, #6472, .F. ) ;
#2510 = ORIENTED_EDGE ( 'NONE', *, *, #7762, .T. ) ;
#2511 = PLANE ( 'NONE',  #3498 ) ;
#2512 = VERTEX_POINT ( 'NONE', #6027 ) ;
#2513 = DIRECTION ( 'NONE',  ( 1.000000000000000000, 2.209838822900390096E-16, 0.000000000000000000 ) ) ;
#2514 = DIRECTION ( 'NONE',  ( 0.000000000000000000, 1.000000000000000000, 0.000000000000000000 ) ) ;
#2515 = AXIS2_PLACEMENT_3D ( 'NONE', #1495, #3148, #2322 ) ;
#2516 = VECTOR ( 'NONE', #10516, 1000.000000000000000 ) ;
#2517 = CARTESIAN_POINT ( 'NONE',  ( 71.20000000000001705, -94.39999999999999147, 1.000000000000000000 ) ) ;
#2518 = DIRECTION ( 'NONE',  ( -0.000000000000000000, -0.000000000000000000, -1.000000000000000000 ) ) ;
#2519 = EDGE_CURVE ( 'NONE', #7612, #441, #9459, .T. ) ;
#2520 = ORIENTED_EDGE ( 'NONE', *, *, #7375, .T. ) ;
#2521 = EDGE_LOOP ( 'NONE', ( #8279, #1281, #9725, #2108 ) ) ;
#2522 = ORIENTED_EDGE ( 'NONE', *, *, #7382, .F. ) ;
#2523 = CARTESIAN_POINT ( 'NONE',  ( 34.50000000000000000, 25.89999999999999858, -10.00000000000000000 ) ) ;
#2524 = AXIS2_PLACEMENT_3D ( 'NONE', #5307, #6859, #10285 ) ;
#2525 = CARTESIAN_POINT ( 'NONE',  ( 57.00000000000000000, 5.950000000000000178, 0.5000000000000000000 ) ) ;
#2526 = ORIENTED_EDGE ( 'NONE', *, *, #5840, .F. ) ;
#2527 = VECTOR ( 'NONE', #7627, 1000.000000000000000 ) ;
#2528 = VERTEX_POINT ( 'NONE', #7689 ) ;
#2529 = CARTESIAN_POINT ( 'NONE',  ( 44.20000000000000995, -17.40000000000000213, 3.001000000000000334 ) ) ;
#2530 = LINE ( 'NONE', #5912, #6659 ) ;
#2531 = CARTESIAN_POINT ( 'NONE',  ( -8.500000000000010658, -32.39999999999999858, 3.000000000000000000 ) ) ;
#2532 = EDGE_CURVE ( 'NONE', #2498, #2751, #5241, .T. ) ;
#2533 = DIRECTION ( 'NONE',  ( -0.000000000000000000, 0.000000000000000000, -1.000000000000000000 ) ) ;
#2534 = VECTOR ( 'NONE', #5718, 1000.000000000000000 ) ;
#2535 = CARTESIAN_POINT ( 'NONE',  ( 51.20000000000000284, 21.60000000000000142, 3.000000000000000000 ) ) ;
#2536 = ORIENTED_EDGE ( 'NONE', *, *, #5121, .T. ) ;
#2537 = EDGE_LOOP ( 'NONE', ( #2011, #8971, #9509, #8225 ) ) ;
#2538 = VERTEX_POINT ( 'NONE', #8631 ) ;
#2539 = CARTESIAN_POINT ( 'NONE',  ( 44.20000000000001705, -68.40000000000000568, 3.000000000000000000 ) ) ;
#2540 = CARTESIAN_POINT ( 'NONE',  ( 14.49999999999998401, -64.40000000000000568, 1.000000000000000000 ) ) ;
#2541 = ORIENTED_EDGE ( 'NONE', *, *, #5070, .T. ) ;
#2542 = DIRECTION ( 'NONE',  ( -1.000000000000000000, 0.000000000000000000, 0.000000000000000000 ) ) ;
#2543 = LINE ( 'NONE', #3431, #10436 ) ;
#2544 = CARTESIAN_POINT ( 'NONE',  ( 71.20000000000001705, 35.39999999999999858, 1.000000000000000000 ) ) ;
#2545 = DIRECTION ( 'NONE',  ( 0.000000000000000000, -1.000000000000000000, 0.000000000000000000 ) ) ;
#2546 = LINE ( 'NONE', #6768, #4887 ) ;
#2547 = DIRECTION ( 'NONE',  ( -1.387778780781445676E-14, -1.000000000000000000, 0.000000000000000000 ) ) ;
#2548 = DIRECTION ( 'NONE',  ( -0.000000000000000000, -0.000000000000000000, 1.000000000000000000 ) ) ;
#2549 = VERTEX_POINT ( 'NONE', #9408 ) ;
#2550 = VERTEX_POINT ( 'NONE', #6197 ) ;
#2551 = DIRECTION ( 'NONE',  ( 1.000000000000000000, -0.000000000000000000, -0.000000000000000000 ) ) ;
#2552 = DIRECTION ( 'NONE',  ( 0.000000000000000000, 1.000000000000000000, -0.000000000000000000 ) ) ;
#2553 = ORIENTED_EDGE ( 'NONE', *, *, #2781, .F. ) ;
#2554 = DIRECTION ( 'NONE',  ( 1.000000000000000000, 0.000000000000000000, 0.000000000000000000 ) ) ;
#2555 = ADVANCED_FACE ( 'NONE', ( #1809 ), #3473, .T. ) ;
#2556 = AXIS2_PLACEMENT_3D ( 'NONE', #2525, #46, #3413 ) ;
#2557 = CARTESIAN_POINT ( 'NONE',  ( 68.20000000000001705, -68.40000000000000568, 1.000000000000000000 ) ) ;
#2558 = FACE_OUTER_BOUND ( 'NONE', #6894, .T. ) ;
#2559 = ORIENTED_EDGE ( 'NONE', *, *, #5550, .T. ) ;
#2560 = AXIS2_PLACEMENT_3D ( 'NONE', #3753, #2201, #8801 ) ;
#2561 = VECTOR ( 'NONE', #9201, 1000.000000000000000 ) ;
#2562 = ORIENTED_EDGE ( 'NONE', *, *, #5139, .F. ) ;
#2563 = EDGE_LOOP ( 'NONE', ( #10102, #9418, #5983, #7331 ) ) ;
#2564 = CARTESIAN_POINT ( 'NONE',  ( 0.000000000000000000, 11.44999999999999929, -14.00000000000000000 ) ) ;
#2565 = ORIENTED_EDGE ( 'NONE', *, *, #10354, .F. ) ;
#2566 = CARTESIAN_POINT ( 'NONE',  ( 38.20000000000000995, -50.39999999999999858, 1.000000000000000000 ) ) ;
#2567 = ADVANCED_FACE ( 'NONE', ( #10175 ), #8524, .T. ) ;
#2568 = EDGE_CURVE ( 'NONE', #10291, #3475, #10336, .T. ) ;
#2569 = DIRECTION ( 'NONE',  ( 0.000000000000000000, 1.000000000000000000, -0.000000000000000000 ) ) ;
#2570 = EDGE_CURVE ( 'NONE', #2550, #7972, #2642, .T. ) ;
#2571 = VECTOR ( 'NONE', #651, 1000.000000000000000 ) ;
#2572 = DIRECTION ( 'NONE',  ( -1.000000000000000000, 0.000000000000000000, 0.000000000000000000 ) ) ;
#2573 = LINE ( 'NONE', #3352, #990 ) ;
#2574 = ORIENTED_EDGE ( 'NONE', *, *, #2988, .T. ) ;
#2575 = ADVANCED_FACE ( 'NONE', ( #8681 ), #8575, .T. ) ;
#2576 = ORIENTED_EDGE ( 'NONE', *, *, #2711, .T. ) ;
#2577 = AXIS2_PLACEMENT_3D ( 'NONE', #8712, #10315, #9603 ) ;
#2578 = VERTEX_POINT ( 'NONE', #7744 ) ;
#2579 = FACE_OUTER_BOUND ( 'NONE', #122, .T. ) ;
#2580 = VECTOR ( 'NONE', #4099, 1000.000000000000000 ) ;
#2581 = DIRECTION ( 'NONE',  ( 1.000000000000000000, 0.000000000000000000, 0.000000000000000000 ) ) ;
#2582 = ORIENTED_EDGE ( 'NONE', *, *, #4437, .F. ) ;
#2583 = ORIENTED_EDGE ( 'NONE', *, *, #3301, .T. ) ;
#2584 = DIRECTION ( 'NONE',  ( 1.000000000000000000, 0.000000000000000000, 0.000000000000000000 ) ) ;
#2585 = DIRECTION ( 'NONE',  ( -1.000000000000000000, 0.000000000000000000, 0.000000000000000000 ) ) ;
#2586 = CARTESIAN_POINT ( 'NONE',  ( 41.20000000000001705, -68.40000000000000568, 3.000000000000000000 ) ) ;
#2587 = VECTOR ( 'NONE', #4492, 1000.000000000000000 ) ;
#2588 = CARTESIAN_POINT ( 'NONE',  ( 2.500000000000000000, 2.500000000000000000, 0.5000000000000000000 ) ) ;
#2589 = DIRECTION ( 'NONE',  ( -1.000000000000000000, 0.000000000000000000, 0.000000000000000000 ) ) ;
#2590 = VERTEX_POINT ( 'NONE', #6914 ) ;
#2591 = VERTEX_POINT ( 'NONE', #3631 ) ;
#2592 = ORIENTED_EDGE ( 'NONE', *, *, #5946, .T. ) ;
#2593 = DIRECTION ( 'NONE',  ( -1.000000000000000000, -0.000000000000000000, -0.000000000000000000 ) ) ;
#2594 = CARTESIAN_POINT ( 'NONE',  ( 62.20000000000000284, -17.40000000000000213, 3.001000000000000334 ) ) ;
#2595 = ORIENTED_EDGE ( 'NONE', *, *, #998, .T. ) ;
#2596 = VECTOR ( 'NONE', #1552, 1000.000000000000000 ) ;
#2597 = DIRECTION ( 'NONE',  ( 1.000000000000000000, 0.000000000000000000, 0.000000000000000000 ) ) ;
#2598 = PLANE ( 'NONE',  #8667 ) ;
#2599 = CARTESIAN_POINT ( 'NONE',  ( -3.500000000000003109, -95.40000000000000568, -2.999999999999985345 ) ) ;
#2600 = LINE ( 'NONE', #7654, #9994 ) ;
#2601 = VECTOR ( 'NONE', #3922, 1000.000000000000000 ) ;
#2602 = LINE ( 'NONE', #4219, #6661 ) ;
#2603 = ORIENTED_EDGE ( 'NONE', *, *, #8523, .T. ) ;
#2604 = FILL_AREA_STYLE ('',( #1994 ) ) ;
#2605 = DIRECTION ( 'NONE',  ( 1.000000000000000000, 1.065554960673713885E-16, 0.000000000000000000 ) ) ;
#2606 = ORIENTED_EDGE ( 'NONE', *, *, #5662, .F. ) ;
#2607 = ORIENTED_EDGE ( 'NONE', *, *, #7582, .T. ) ;
#2608 = CARTESIAN_POINT ( 'NONE',  ( 3.499999999999992895, -68.40000000000000568, 1.000000000000000000 ) ) ;
#2609 = DIRECTION ( 'NONE',  ( 0.000000000000000000, 0.000000000000000000, -1.000000000000000000 ) ) ;
#2610 = CARTESIAN_POINT ( 'NONE',  ( 60.20000000000003126, -95.40000000000000568, -4.000000000000000000 ) ) ;
#2611 = VECTOR ( 'NONE', #5847, 1000.000000000000000 ) ;
#2612 = FACE_OUTER_BOUND ( 'NONE', #1173, .T. ) ;
#2613 = EDGE_CURVE ( 'NONE', #7311, #10468, #7022, .T. ) ;
#2614 = AXIS2_PLACEMENT_3D ( 'NONE', #6880, #8493, #2665 ) ;
#2615 = CARTESIAN_POINT ( 'NONE',  ( 68.20000000000001705, -68.40000000000000568, 3.001000000000000334 ) ) ;
#2616 = DIRECTION ( 'NONE',  ( -4.663235150475320108E-17, 1.000000000000000000, 0.000000000000000000 ) ) ;
#2617 = EDGE_CURVE ( 'NONE', #9187, #9961, #2798, .T. ) ;
#2618 = ORIENTED_EDGE ( 'NONE', *, *, #10152, .F. ) ;
#2619 = AXIS2_PLACEMENT_3D ( 'NONE', #5761, #10074, #6543 ) ;
#2620 = LINE ( 'NONE', #5005, #10696 ) ;
#2621 = EDGE_LOOP ( 'NONE', ( #2141, #1890, #2905, #6667 ) ) ;
#2622 = CARTESIAN_POINT ( 'NONE',  ( 27.50000000000000000, 28.86704589964730161, 0.000000000000000000 ) ) ;
#2623 = VERTEX_POINT ( 'NONE', #5355 ) ;
#2624 = CIRCLE ( 'NONE', #10770, 1.000000000000000000 ) ;
#2625 = LINE ( 'NONE', #7783, #699 ) ;
#2626 = DIRECTION ( 'NONE',  ( 1.000000000000000000, 0.000000000000000000, 0.000000000000000000 ) ) ;
#2627 = VECTOR ( 'NONE', #1483, 1000.000000000000000 ) ;
#2628 = EDGE_CURVE ( 'NONE', #1440, #4750, #1259, .T. ) ;
#2629 = DIRECTION ( 'NONE',  ( -0.000000000000000000, -0.000000000000000000, -1.000000000000000000 ) ) ;
#2630 = EDGE_CURVE ( 'NONE', #5898, #4246, #2028, .T. ) ;
#2631 = AXIS2_PLACEMENT_3D ( 'NONE', #2722, #9324, #2554 ) ;
#2632 = CARTESIAN_POINT ( 'NONE',  ( 55.19999999999999574, 0.000000000000000000, -14.00000000000000000 ) ) ;
#2633 = VERTEX_POINT ( 'NONE', #8848 ) ;
#2634 = ORIENTED_EDGE ( 'NONE', *, *, #3160, .F. ) ;
#2635 = EDGE_LOOP ( 'NONE', ( #5896, #10001, #6905, #3095 ) ) ;
#2636 = DIRECTION ( 'NONE',  ( -0.000000000000000000, -0.000000000000000000, -1.000000000000000000 ) ) ;
#2637 = EDGE_CURVE ( 'NONE', #8274, #5886, #4522, .T. ) ;
#2638 = FACE_OUTER_BOUND ( 'NONE', #4149, .T. ) ;
#2639 = ORIENTED_EDGE ( 'NONE', *, *, #4809, .T. ) ;
#2640 = ORIENTED_EDGE ( 'NONE', *, *, #6440, .F. ) ;
#2641 = PLANE ( 'NONE',  #6170 ) ;
#2642 = LINE ( 'NONE', #5303, #4354 ) ;
#2643 = CIRCLE ( 'NONE', #8839, 2.000000000000000000 ) ;
#2644 = CIRCLE ( 'NONE', #1238, 3.799999999999998046 ) ;
#2645 = LINE ( 'NONE', #9411, #4115 ) ;
#2646 = PLANE ( 'NONE',  #4701 ) ;
#2647 = ORIENTED_EDGE ( 'NONE', *, *, #3786, .F. ) ;
#2648 = ADVANCED_FACE ( 'NONE', ( #3690 ), #7075, .F. ) ;
#2649 = VERTEX_POINT ( 'NONE', #4636 ) ;
#2650 = ORIENTED_EDGE ( 'NONE', *, *, #885, .T. ) ;
#2651 = LINE ( 'NONE', #3644, #4745 ) ;
#2652 = DIRECTION ( 'NONE',  ( 0.000000000000000000, -1.000000000000000000, 0.000000000000000000 ) ) ;
#2653 = ORIENTED_EDGE ( 'NONE', *, *, #2429, .F. ) ;
#2654 = AXIS2_PLACEMENT_3D ( 'NONE', #8301, #6806, #825 ) ;
#2655 = DIRECTION ( 'NONE',  ( 1.000000000000000000, 0.000000000000000000, 0.000000000000000000 ) ) ;
#2656 = DIRECTION ( 'NONE',  ( -1.000000000000000000, 0.000000000000000000, 0.000000000000000000 ) ) ;
#2657 = CARTESIAN_POINT ( 'NONE',  ( 3.799999999999983835, -10.00000000000000888, -7.500000000000000888 ) ) ;
#2658 = DIRECTION ( 'NONE',  ( -1.000000000000000000, 0.000000000000000000, 0.000000000000000000 ) ) ;
#2659 = VECTOR ( 'NONE', #2150, 1000.000000000000000 ) ;
#2660 = CARTESIAN_POINT ( 'NONE',  ( 11.49999999999999467, -78.39999999999996305, -13.99999999999999822 ) ) ;
#2661 = ORIENTED_EDGE ( 'NONE', *, *, #1045, .F. ) ;
#2662 = DIRECTION ( 'NONE',  ( 0.000000000000000000, 0.000000000000000000, -1.000000000000000000 ) ) ;
#2663 = ORIENTED_EDGE ( 'NONE', *, *, #10638, .F. ) ;
#2664 = EDGE_LOOP ( 'NONE', ( #5491, #1832, #4283, #2592 ) ) ;
#2665 = DIRECTION ( 'NONE',  ( 0.000000000000000000, 0.000000000000000000, 1.000000000000000000 ) ) ;
#2666 = DIRECTION ( 'NONE',  ( 0.000000000000000000, 0.000000000000000000, 1.000000000000000000 ) ) ;
#2667 = PLANE ( 'NONE',  #3344 ) ;
#2668 = AXIS2_PLACEMENT_3D ( 'NONE', #5216, #6999, #9653 ) ;
#2669 = DIRECTION ( 'NONE',  ( 0.000000000000000000, -1.000000000000000000, 0.000000000000000000 ) ) ;
#2670 = CARTESIAN_POINT ( 'NONE',  ( 56.50000000000000000, 18.45000000000000284, -1.000000000000000000 ) ) ;
#2671 = EDGE_CURVE ( 'NONE', #3096, #3827, #8792, .T. ) ;
#2672 = CARTESIAN_POINT ( 'NONE',  ( 60.19999999999999574, 11.44999999999999929, -10.00000000000000000 ) ) ;
#2673 = CIRCLE ( 'NONE', #1267, 2.300000000000000266 ) ;
#2674 = DIRECTION ( 'NONE',  ( -1.000000000000000000, 9.251858538542971828E-16, 0.000000000000000000 ) ) ;
#2675 = ORIENTED_EDGE ( 'NONE', *, *, #10855, .F. ) ;
#2676 = DIRECTION ( 'NONE',  ( 0.000000000000000000, -0.000000000000000000, -1.000000000000000000 ) ) ;
#2677 = ORIENTED_EDGE ( 'NONE', *, *, #10811, .T. ) ;
#2678 = EDGE_CURVE ( 'NONE', #8252, #3660, #5408, .T. ) ;
#2679 = DIRECTION ( 'NONE',  ( 0.000000000000000000, -1.000000000000000000, 0.000000000000000000 ) ) ;
#2680 = CARTESIAN_POINT ( 'NONE',  ( 65.20000000000001705, -53.40000000000000568, 3.001000000000000334 ) ) ;
#2681 = DIRECTION ( 'NONE',  ( 1.000000000000000000, 8.286895585876499530E-17, 0.000000000000000000 ) ) ;
#2682 = LINE ( 'NONE', #3516, #4708 ) ;
#2683 = VERTEX_POINT ( 'NONE', #5465 ) ;
#2684 = ORIENTED_EDGE ( 'NONE', *, *, #6889, .T. ) ;
#2685 = ORIENTED_EDGE ( 'NONE', *, *, #6407, .F. ) ;
#2686 = DIRECTION ( 'NONE',  ( -4.921201350288809599E-16, 1.000000000000000000, 0.000000000000000000 ) ) ;
#2687 = CARTESIAN_POINT ( 'NONE',  ( 44.20000000000000995, -17.40000000000000213, 3.001000000000000334 ) ) ;
#2688 = ORIENTED_EDGE ( 'NONE', *, *, #5243, .T. ) ;
#2689 = ORIENTED_EDGE ( 'NONE', *, *, #1058, .F. ) ;
#2690 = DIRECTION ( 'NONE',  ( -1.000000000000000000, 0.000000000000000000, 0.000000000000000000 ) ) ;
#2691 = DIRECTION ( 'NONE',  ( 1.005636797667715149E-16, 1.000000000000000000, -0.000000000000000000 ) ) ;
#2692 = VECTOR ( 'NONE', #5359, 1000.000000000000000 ) ;
#2693 = ADVANCED_FACE ( 'NONE', ( #8013 ), #7963, .T. ) ;
#2694 = AXIS2_PLACEMENT_3D ( 'NONE', #839, #4274, #6601 ) ;
#2695 = EDGE_CURVE ( 'NONE', #3739, #9781, #10505, .T. ) ;
#2696 = SHAPE_DEFINITION_REPRESENTATION ( #784, #3131 ) ;
#2697 = DIRECTION ( 'NONE',  ( -1.000000000000000000, 0.000000000000000000, 0.000000000000000000 ) ) ;
#2698 = EDGE_LOOP ( 'NONE', ( #10094, #9431, #1417, #6878, #1709 ) ) ;
#2699 = AXIS2_PLACEMENT_3D ( 'NONE', #2517, #6955, #5016 ) ;
#2700 = ORIENTED_EDGE ( 'NONE', *, *, #6508, .T. ) ;
#2701 = ORIENTED_EDGE ( 'NONE', *, *, #2613, .T. ) ;
#2702 = LINE ( 'NONE', #6092, #5822 ) ;
#2703 = PLANE ( 'NONE',  #271 ) ;
#2704 = VERTEX_POINT ( 'NONE', #7182 ) ;
#2705 = DIRECTION ( 'NONE',  ( -0.000000000000000000, -1.000000000000000000, -0.000000000000000000 ) ) ;
#2706 = CARTESIAN_POINT ( 'NONE',  ( 68.20000000000001705, -32.39999999999999858, 1.000000000000000000 ) ) ;
#2707 = EDGE_CURVE ( 'NONE', #4249, #192, #1074, .T. ) ;
#2708 = VECTOR ( 'NONE', #5218, 1000.000000000000000 ) ;
#2709 = EDGE_CURVE ( 'NONE', #3809, #10294, #4444, .T. ) ;
#2710 = CARTESIAN_POINT ( 'NONE',  ( 2.500000000000000000, 2.500000000000000000, 0.5000000000000000000 ) ) ;
#2711 = EDGE_CURVE ( 'NONE', #10727, #3221, #10207, .T. ) ;
#2712 = CARTESIAN_POINT ( 'NONE',  ( 40.92976288113995054, 6.949999999999999289, 19.08586187794364974 ) ) ;
#2713 = LINE ( 'NONE', #340, #10375 ) ;
#2714 = EDGE_LOOP ( 'NONE', ( #6180, #4507, #10771, #2618 ) ) ;
#2715 = CARTESIAN_POINT ( 'NONE',  ( 59.20000000000000995, -50.39999999999999858, 3.000000000000000000 ) ) ;
#2716 = EDGE_CURVE ( 'NONE', #8673, #9388, #1020, .T. ) ;
#2717 = CARTESIAN_POINT ( 'NONE',  ( 2.500000000000035083, -1.300000000000000044, 0.5000000000000000000 ) ) ;
#2718 = AXIS2_PLACEMENT_3D ( 'NONE', #3275, #9778, #4734 ) ;
#2719 = ORIENTED_EDGE ( 'NONE', *, *, #6084, .T. ) ;
#2720 = ORIENTED_EDGE ( 'NONE', *, *, #9200, .T. ) ;
#2721 = LINE ( 'NONE', #10309, #8622 ) ;
#2722 = CARTESIAN_POINT ( 'NONE',  ( 71.20000000000001705, 35.39999999999999858, 3.000000000000000000 ) ) ;
#2723 = ADVANCED_FACE ( 'NONE', ( #84 ), #7776, .T. ) ;
#2724 = CARTESIAN_POINT ( 'NONE',  ( 6.499999999999993783, -50.39999999999999858, 3.000000000000000000 ) ) ;
#2725 = DIRECTION ( 'NONE',  ( 0.000000000000000000, 0.000000000000000000, 1.000000000000000000 ) ) ;
#2726 = DIRECTION ( 'NONE',  ( 1.000000000000000000, 0.000000000000000000, 0.000000000000000000 ) ) ;
#2727 = CARTESIAN_POINT ( 'NONE',  ( 72.20000000000001705, 24.40000000000000568, 1.000000000000000000 ) ) ;
#2728 = EDGE_LOOP ( 'NONE', ( #3603, #10947, #7276, #9579 ) ) ;
#2729 = DIRECTION ( 'NONE',  ( 1.000000000000000000, 0.000000000000000000, 0.000000000000000000 ) ) ;
#2730 = AXIS2_PLACEMENT_3D ( 'NONE', #9107, #6341, #1727 ) ;
#2731 = ORIENTED_EDGE ( 'NONE', *, *, #9338, .F. ) ;
#2732 = DIRECTION ( 'NONE',  ( -0.4226182617407039377, 0.000000000000000000, -0.9063077870366479383 ) ) ;
#2733 = CARTESIAN_POINT ( 'NONE',  ( 3.799999999999983835, -10.00000000000000888, 0.4999999999999995559 ) ) ;
#2734 = CYLINDRICAL_SURFACE ( 'NONE', #7483, 0.5000000000000000000 ) ;
#2735 = VECTOR ( 'NONE', #164, 1000.000000000000000 ) ;
#2736 = AXIS2_PLACEMENT_3D ( 'NONE', #6374, #1274, #9910 ) ;
#2737 = CARTESIAN_POINT ( 'NONE',  ( 53.69999999999999574, 6.949999999999999289, -8.300000000000000711 ) ) ;
#2738 = ORIENTED_EDGE ( 'NONE', *, *, #2847, .T. ) ;
#2739 = ORIENTED_EDGE ( 'NONE', *, *, #3062, .T. ) ;
#2740 = ORIENTED_EDGE ( 'NONE', *, *, #2246, .F. ) ;
#2741 = CARTESIAN_POINT ( 'NONE',  ( -3.500000000000003109, -95.40000000000000568, -4.000000000000000000 ) ) ;
#2742 = DIRECTION ( 'NONE',  ( -0.000000000000000000, 1.000000000000000000, 0.000000000000000000 ) ) ;
#2743 = ORIENTED_EDGE ( 'NONE', *, *, #2159, .F. ) ;
#2744 = ORIENTED_EDGE ( 'NONE', *, *, #7221, .T. ) ;
#2745 = DIRECTION ( 'NONE',  ( 1.000000000000000000, 0.000000000000000000, 0.000000000000000000 ) ) ;
#2746 = DIRECTION ( 'NONE',  ( 0.000000000000000000, 0.000000000000000000, -1.000000000000000000 ) ) ;
#2747 = CIRCLE ( 'NONE', #5581, 4.000000000000003553 ) ;
#2748 = CARTESIAN_POINT ( 'NONE',  ( 68.20000000000001705, -17.40000000000000213, 3.000000000000000000 ) ) ;
#2749 = VECTOR ( 'NONE', #3801, 1000.000000000000000 ) ;
#2750 = LINE ( 'NONE', #4585, #3632 ) ;
#2751 = VERTEX_POINT ( 'NONE', #965 ) ;
#2752 = VECTOR ( 'NONE', #5931, 1000.000000000000000 ) ;
#2753 = ORIENTED_EDGE ( 'NONE', *, *, #4351, .F. ) ;
#2754 = ORIENTED_EDGE ( 'NONE', *, *, #4809, .F. ) ;
#2755 = EDGE_CURVE ( 'NONE', #6502, #8491, #1900, .T. ) ;
#2756 = CARTESIAN_POINT ( 'NONE',  ( 35.20000000000002416, -17.40000000000000213, 1.000000000000000000 ) ) ;
#2757 = CARTESIAN_POINT ( 'NONE',  ( 4.799999999999982059, -10.00000000000000888, -7.500000000000000888 ) ) ;
#2758 = VERTEX_POINT ( 'NONE', #4339 ) ;
#2759 = DIRECTION ( 'NONE',  ( -1.000000000000000000, 0.000000000000000000, 0.000000000000000000 ) ) ;
#2760 = VECTOR ( 'NONE', #10142, 1000.000000000000000 ) ;
#2761 = DIRECTION ( 'NONE',  ( -4.517509052022939661E-17, 1.000000000000000000, 0.000000000000000000 ) ) ;
#2762 = VECTOR ( 'NONE', #3761, 1000.000000000000000 ) ;
#2763 = CARTESIAN_POINT ( 'NONE',  ( 19.50000000000000000, 24.40000000000000213, 0.000000000000000000 ) ) ;
#2764 = ADVANCED_FACE ( 'NONE', ( #3670 ), #10263, .T. ) ;
#2765 = FACE_OUTER_BOUND ( 'NONE', #5095, .T. ) ;
#2766 = FACE_OUTER_BOUND ( 'NONE', #2714, .T. ) ;
#2767 = EDGE_LOOP ( 'NONE', ( #3347, #8457, #7, #7955 ) ) ;
#2768 = CARTESIAN_POINT ( 'NONE',  ( 2.500000000000039968, 27.40000000000000213, 1.000000000000000000 ) ) ;
#2769 = CARTESIAN_POINT ( 'NONE',  ( 0.000000000000000000, 10.44999999999999929, -13.00000000000000000 ) ) ;
#2770 = ORIENTED_EDGE ( 'NONE', *, *, #9623, .T. ) ;
#2771 = ORIENTED_EDGE ( 'NONE', *, *, #9230, .T. ) ;
#2772 = DIRECTION ( 'NONE',  ( -1.000000000000000000, 0.000000000000000000, 0.000000000000000000 ) ) ;
#2773 = CARTESIAN_POINT ( 'NONE',  ( 50.20000000000000995, -68.40000000000000568, 1.000000000000000000 ) ) ;
#2774 = EDGE_CURVE ( 'NONE', #6546, #3536, #3560, .T. ) ;
#2775 = DIRECTION ( 'NONE',  ( -1.000000000000000000, 0.000000000000000000, 0.000000000000000000 ) ) ;
#2776 = PLANE ( 'NONE',  #2668 ) ;
#2777 = CARTESIAN_POINT ( 'NONE',  ( -2.439454888092360016E-17, 0.2000000000000000111, 0.5000000000000000000 ) ) ;
#2778 = DIRECTION ( 'NONE',  ( 0.000000000000000000, 1.000000000000000000, 0.000000000000000000 ) ) ;
#2779 = CARTESIAN_POINT ( 'NONE',  ( 44.20000000000001705, -68.40000000000000568, 3.000000000000000000 ) ) ;
#2780 = ORIENTED_EDGE ( 'NONE', *, *, #4688, .F. ) ;
#2781 = EDGE_CURVE ( 'NONE', #979, #1588, #3274, .T. ) ;
#2782 = DIRECTION ( 'NONE',  ( -7.228014483236699514E-17, 1.000000000000000000, 0.000000000000000000 ) ) ;
#2783 = EDGE_LOOP ( 'NONE', ( #3091, #1142, #5445, #1637, #8135, #5054, #956, #3968 ) ) ;
#2784 = VECTOR ( 'NONE', #6789, 1000.000000000000000 ) ;
#2785 = CARTESIAN_POINT ( 'NONE',  ( 59.20000000000000995, -68.40000000000000568, 3.001000000000000334 ) ) ;
#2786 = DIRECTION ( 'NONE',  ( 0.000000000000000000, -1.000000000000000000, 0.000000000000000000 ) ) ;
#2787 = LINE ( 'NONE', #7118, #7262 ) ;
#2788 = CARTESIAN_POINT ( 'NONE',  ( 47.20000000000001705, -17.40000000000000213, 3.001000000000000334 ) ) ;
#2789 = AXIS2_PLACEMENT_3D ( 'NONE', #8152, #5543, #3882 ) ;
#2790 = ORIENTED_EDGE ( 'NONE', *, *, #4065, .T. ) ;
#2791 = ORIENTED_EDGE ( 'NONE', *, *, #2920, .T. ) ;
#2792 = AXIS2_PLACEMENT_3D ( 'NONE', #2109, #1998, #4608 ) ;
#2793 = VERTEX_POINT ( 'NONE', #6058 ) ;
#2794 = DIRECTION ( 'NONE',  ( 0.000000000000000000, -1.000000000000000000, 0.000000000000000000 ) ) ;
#2795 = EDGE_LOOP ( 'NONE', ( #6419, #10937 ) ) ;
#2796 = ORIENTED_EDGE ( 'NONE', *, *, #8376, .T. ) ;
#2797 = LINE ( 'NONE', #9406, #4746 ) ;
#2798 = LINE ( 'NONE', #9572, #1525 ) ;
#2799 = VECTOR ( 'NONE', #7464, 1000.000000000000000 ) ;
#2800 = PLANE ( 'NONE',  #8188 ) ;
#2801 = CIRCLE ( 'NONE', #6535, 0.5000000000000000000 ) ;
#2802 = DIRECTION ( 'NONE',  ( 0.000000000000000000, -1.000000000000000000, 0.000000000000000000 ) ) ;
#2803 = ORIENTED_EDGE ( 'NONE', *, *, #5969, .F. ) ;
#2804 = EDGE_CURVE ( 'NONE', #906, #6951, #1954, .T. ) ;
#2805 = CIRCLE ( 'NONE', #9016, 1.549999999999995826 ) ;
#2806 = VERTEX_POINT ( 'NONE', #244 ) ;
#2807 = ORIENTED_EDGE ( 'NONE', *, *, #10715, .F. ) ;
#2808 = FACE_BOUND ( 'NONE', #4331, .T. ) ;
#2809 = DIRECTION ( 'NONE',  ( -0.000000000000000000, 0.000000000000000000, -1.000000000000000000 ) ) ;
#2810 = VECTOR ( 'NONE', #8275, 1000.000000000000000 ) ;
#2811 = ORIENTED_EDGE ( 'NONE', *, *, #8723, .T. ) ;
#2812 = DIRECTION ( 'NONE',  ( 1.000000000000000000, 0.000000000000000000, 0.000000000000000000 ) ) ;
#2813 = EDGE_CURVE ( 'NONE', #6273, #2507, #8610, .T. ) ;
#2814 = EDGE_CURVE ( 'NONE', #3401, #5639, #9442, .T. ) ;
#2815 = LINE ( 'NONE', #7814, #9381 ) ;
#2816 = DIRECTION ( 'NONE',  ( -0.000000000000000000, -0.000000000000000000, 1.000000000000000000 ) ) ;
#2817 = DIRECTION ( 'NONE',  ( 1.000000000000000000, 7.228014483236699514E-17, 0.000000000000000000 ) ) ;
#2818 = DIRECTION ( 'NONE',  ( 0.000000000000000000, -1.000000000000000000, 0.000000000000000000 ) ) ;
#2819 = ADVANCED_FACE ( 'NONE', ( #9551 ), #6945, .F. ) ;
#2820 = ORIENTED_EDGE ( 'NONE', *, *, #1545, .T. ) ;
#2821 = ORIENTED_EDGE ( 'NONE', *, *, #9664, .F. ) ;
#2822 = VECTOR ( 'NONE', #7756, 1000.000000000000000 ) ;
#2823 = CARTESIAN_POINT ( 'NONE',  ( -0.2999999999999944933, 23.09999999999999787, 3.000000000000000000 ) ) ;
#2824 = DIRECTION ( 'NONE',  ( -1.000000000000000000, 0.000000000000000000, 0.000000000000000000 ) ) ;
#2825 = ORIENTED_EDGE ( 'NONE', *, *, #8851, .T. ) ;
#2826 = ORIENTED_EDGE ( 'NONE', *, *, #10301, .F. ) ;
#2827 = EDGE_CURVE ( 'NONE', #9387, #5968, #5336, .T. ) ;
#2828 = CARTESIAN_POINT ( 'NONE',  ( 55.00000000000000000, -1.211552903856829954E-13, 1.000000000000000000 ) ) ;
#2829 = CARTESIAN_POINT ( 'NONE',  ( 1.355252715606882022E-16, -5.299999999999999822, -10.00000000000000000 ) ) ;
#2830 = CARTESIAN_POINT ( 'NONE',  ( 62.20000000000000284, -32.39999999999999858, 3.000000000000000000 ) ) ;
#2831 = EDGE_CURVE ( 'NONE', #6727, #5531, #1182, .T. ) ;
#2832 = VECTOR ( 'NONE', #4569, 1000.000000000000000 ) ;
#2833 = EDGE_CURVE ( 'NONE', #4147, #8675, #8556, .T. ) ;
#2834 = LINE ( 'NONE', #2004, #10096 ) ;
#2835 = CYLINDRICAL_SURFACE ( 'NONE', #4312, 0.5000000000000000000 ) ;
#2836 = EDGE_CURVE ( 'NONE', #8274, #500, #8660, .T. ) ;
#2837 = DIRECTION ( 'NONE',  ( 0.000000000000000000, -1.000000000000000000, 0.000000000000000000 ) ) ;
#2838 = EDGE_CURVE ( 'NONE', #57, #500, #10376, .T. ) ;
#2839 = CARTESIAN_POINT ( 'NONE',  ( 38.20000000000000995, -32.39999999999999858, 3.000000000000000000 ) ) ;
#2840 = ORIENTED_EDGE ( 'NONE', *, *, #7121, .T. ) ;
#2841 = AXIS2_PLACEMENT_3D ( 'NONE', #2504, #6279, #8604 ) ;
#2842 = CARTESIAN_POINT ( 'NONE',  ( 53.20000000000002416, -35.39999999999999858, 3.001000000000000334 ) ) ;
#2843 = ORIENTED_EDGE ( 'NONE', *, *, #998, .F. ) ;
#2844 = CARTESIAN_POINT ( 'NONE',  ( 65.20000000000001705, -35.39999999999999858, 1.000000000000000000 ) ) ;
#2845 = CARTESIAN_POINT ( 'NONE',  ( -14.50000000000000533, 35.39999999999999858, 3.000000000000000000 ) ) ;
#2846 = DIRECTION ( 'NONE',  ( -1.084202172485503818E-16, 1.000000000000000000, 0.000000000000000000 ) ) ;
#2847 = EDGE_CURVE ( 'NONE', #8438, #3862, #5443, .T. ) ;
#2848 = DIRECTION ( 'NONE',  ( -1.000000000000000000, 0.000000000000000000, 0.000000000000000000 ) ) ;
#2849 = VECTOR ( 'NONE', #1561, 1000.000000000000000 ) ;
#2850 = ADVANCED_FACE ( 'NONE', ( #8995 ), #5609, .F. ) ;
#2851 = ORIENTED_EDGE ( 'NONE', *, *, #3312, .T. ) ;
#2852 = VERTEX_POINT ( 'NONE', #2118 ) ;
#2853 = ORIENTED_EDGE ( 'NONE', *, *, #3653, .T. ) ;
#2854 = LINE ( 'NONE', #9671, #7771 ) ;
#2855 = ORIENTED_EDGE ( 'NONE', *, *, #3722, .T. ) ;
#2856 = VERTEX_POINT ( 'NONE', #1290 ) ;
#2857 = DIRECTION ( 'NONE',  ( 0.7071067811865474617, 0.000000000000000000, -0.7071067811865474617 ) ) ;
#2858 = CARTESIAN_POINT ( 'NONE',  ( 6.700000000000000178, 10.92500000000000071, 1.000000000000000000 ) ) ;
#2859 = DIRECTION ( 'NONE',  ( 0.000000000000000000, 0.000000000000000000, 1.000000000000000000 ) ) ;
#2860 = EDGE_CURVE ( 'NONE', #10211, #6160, #1240, .T. ) ;
#2861 = CARTESIAN_POINT ( 'NONE',  ( 1.199999999999999956, 6.949999999999999289, -8.300000000000000711 ) ) ;
#2862 = ORIENTED_EDGE ( 'NONE', *, *, #4453, .T. ) ;
#2863 = ORIENTED_EDGE ( 'NONE', *, *, #2246, .T. ) ;
#2864 = EDGE_LOOP ( 'NONE', ( #7215, #6021, #1670, #10076 ) ) ;
#2865 = FACE_BOUND ( 'NONE', #7336, .T. ) ;
#2866 = DIRECTION ( 'NONE',  ( 0.000000000000000000, -1.000000000000000000, 0.000000000000000000 ) ) ;
#2867 = VERTEX_POINT ( 'NONE', #2226 ) ;
#2868 = CARTESIAN_POINT ( 'NONE',  ( 50.20000000000000995, -68.40000000000000568, 3.000000000000000000 ) ) ;
#2869 = CARTESIAN_POINT ( 'NONE',  ( 0.4999999999999917843, -50.39999999999999858, 1.000000000000000000 ) ) ;
#2870 = EDGE_CURVE ( 'NONE', #172, #1184, #3054, .T. ) ;
#2871 = DIRECTION ( 'NONE',  ( -1.000000000000000000, 0.000000000000000000, 0.000000000000000000 ) ) ;
#2872 = AXIS2_PLACEMENT_3D ( 'NONE', #541, #2194, #8339 ) ;
#2873 = VECTOR ( 'NONE', #7210, 1000.000000000000000 ) ;
#2874 = FACE_OUTER_BOUND ( 'NONE', #6316, .T. ) ;
#2875 = DIRECTION ( 'NONE',  ( -1.239088197126291803E-16, 1.000000000000000000, 0.000000000000000000 ) ) ;
#2876 = ORIENTED_EDGE ( 'NONE', *, *, #5261, .F. ) ;
#2877 = EDGE_LOOP ( 'NONE', ( #10378, #5239, #3078, #2351 ) ) ;
#2878 = DIRECTION ( 'NONE',  ( -1.000000000000000000, 0.000000000000000000, -0.000000000000000000 ) ) ;
#2879 = LINE ( 'NONE', #2161, #2137 ) ;
#2880 = EDGE_LOOP ( 'NONE', ( #25, #2663, #7349, #3313 ) ) ;
#2881 = ORIENTED_EDGE ( 'NONE', *, *, #10841, .T. ) ;
#2882 = CARTESIAN_POINT ( 'NONE',  ( 3.499999999999987566, -17.40000000000000213, 3.001000000000000334 ) ) ;
#2883 = DIRECTION ( 'NONE',  ( -1.000000000000000000, 0.000000000000000000, 0.000000000000000000 ) ) ;
#2884 = AXIS2_PLACEMENT_3D ( 'NONE', #6844, #7626, #7731 ) ;
#2885 = VECTOR ( 'NONE', #9006, 1000.000000000000000 ) ;
#2886 = DIRECTION ( 'NONE',  ( -0.000000000000000000, -0.000000000000000000, 1.000000000000000000 ) ) ;
#2887 = DIRECTION ( 'NONE',  ( 0.000000000000000000, 1.000000000000000000, 0.000000000000000000 ) ) ;
#2888 = CARTESIAN_POINT ( 'NONE',  ( 0.000000000000000000, 0.000000000000000000, -13.00000000000000000 ) ) ;
#2889 = AXIS2_PLACEMENT_3D ( 'NONE', #4337, #8499, #6725 ) ;
#2890 = FACE_OUTER_BOUND ( 'NONE', #3643, .T. ) ;
#2891 = CARTESIAN_POINT ( 'NONE',  ( 59.20000000000002416, -53.40000000000000568, 1.000000000000000000 ) ) ;
#2892 = VERTEX_POINT ( 'NONE', #6500 ) ;
#2893 = EDGE_CURVE ( 'NONE', #6922, #9789, #10481, .T. ) ;
#2894 = CARTESIAN_POINT ( 'NONE',  ( 2.500000000000035083, -1.300000000000000044, -1.000000000000000000 ) ) ;
#2895 = ORIENTED_EDGE ( 'NONE', *, *, #7237, .F. ) ;
#2896 = DIRECTION ( 'NONE',  ( 2.209838822900395026E-16, 1.000000000000000000, 0.000000000000000000 ) ) ;
#2897 = DIRECTION ( 'NONE',  ( 0.000000000000000000, 0.000000000000000000, 1.000000000000000000 ) ) ;
#2898 = DIRECTION ( 'NONE',  ( -1.000000000000000000, 0.000000000000000000, 0.000000000000000000 ) ) ;
#2899 = CARTESIAN_POINT ( 'NONE',  ( -8.500000000000008882, -50.39999999999999858, 3.000000000000000000 ) ) ;
#2900 = ORIENTED_EDGE ( 'NONE', *, *, #4437, .T. ) ;
#2901 = VERTEX_POINT ( 'NONE', #4776 ) ;
#2902 = ORIENTED_EDGE ( 'NONE', *, *, #5681, .T. ) ;
#2903 = PLANE ( 'NONE',  #5289 ) ;
#2904 = ORIENTED_EDGE ( 'NONE', *, *, #1957, .T. ) ;
#2905 = ORIENTED_EDGE ( 'NONE', *, *, #8179, .F. ) ;
#2906 = EDGE_CURVE ( 'NONE', #10541, #3014, #9769, .T. ) ;
#2907 = CARTESIAN_POINT ( 'NONE',  ( -8.500000000000010658, -17.40000000000000213, 1.000000000000000000 ) ) ;
#2908 = CARTESIAN_POINT ( 'NONE',  ( 27.50000000000000000, 16.86292439923190045, 7.863310786250720774 ) ) ;
#2909 = ADVANCED_FACE ( 'NONE', ( #2890 ), #3835, .F. ) ;
#2910 = CYLINDRICAL_SURFACE ( 'NONE', #1466, 2.000000000000000000 ) ;
#2911 = VECTOR ( 'NONE', #6673, 1000.000000000000000 ) ;
#2912 = CARTESIAN_POINT ( 'NONE',  ( -0.2999999999999934941, 17.44999999999999929, -14.00000000000000000 ) ) ;
#2913 = VERTEX_POINT ( 'NONE', #9049 ) ;
#2914 = ORIENTED_EDGE ( 'NONE', *, *, #9069, .T. ) ;
#2915 = ORIENTED_EDGE ( 'NONE', *, *, #5791, .T. ) ;
#2916 = FACE_OUTER_BOUND ( 'NONE', #5786, .T. ) ;
#2917 = VECTOR ( 'NONE', #7363, 1000.000000000000000 ) ;
#2918 = CARTESIAN_POINT ( 'NONE',  ( 3.799999999999981615, -10.00000000000000888, 1.100860619027559606 ) ) ;
#2919 = ORIENTED_EDGE ( 'NONE', *, *, #2281, .F. ) ;
#2920 = EDGE_CURVE ( 'NONE', #4857, #7412, #9871, .T. ) ;
#2921 = CARTESIAN_POINT ( 'NONE',  ( 9.499999999999996447, -68.40000000000000568, 3.001000000000000334 ) ) ;
#2922 = DIRECTION ( 'NONE',  ( 0.000000000000000000, -0.000000000000000000, -1.000000000000000000 ) ) ;
#2923 = FACE_OUTER_BOUND ( 'NONE', #7013, .T. ) ;
#2924 = VECTOR ( 'NONE', #2252, 1000.000000000000000 ) ;
#2925 = LINE ( 'NONE', #6320, #2039 ) ;
#2926 = DIRECTION ( 'NONE',  ( -1.000000000000000000, 0.000000000000000000, 0.000000000000000000 ) ) ;
#2927 = ORIENTED_EDGE ( 'NONE', *, *, #10828, .T. ) ;
#2928 = VERTEX_POINT ( 'NONE', #7326 ) ;
#2929 = CARTESIAN_POINT ( 'NONE',  ( 3.799999999999983835, -76.00000000000001421, 0.4999999999999995559 ) ) ;
#2930 = CARTESIAN_POINT ( 'NONE',  ( 13.49999999999999289, -78.39999999999996305, -13.99999999999999822 ) ) ;
#2931 = AXIS2_PLACEMENT_3D ( 'NONE', #1345, #2063, #9817 ) ;
#2932 = ORIENTED_EDGE ( 'NONE', *, *, #4006, .F. ) ;
#2933 = ORIENTED_EDGE ( 'NONE', *, *, #5984, .F. ) ;
#2934 = DIRECTION ( 'NONE',  ( -0.000000000000000000, -0.000000000000000000, -1.000000000000000000 ) ) ;
#2935 = FACE_OUTER_BOUND ( 'NONE', #10526, .T. ) ;
#2936 = VECTOR ( 'NONE', #7540, 1000.000000000000000 ) ;
#2937 = LINE ( 'NONE', #4611, #9897 ) ;
#2938 = CARTESIAN_POINT ( 'NONE',  ( 53.20000000000000995, -68.40000000000000568, 3.001000000000000334 ) ) ;
#2939 = LINE ( 'NONE', #355, #5730 ) ;
#2940 = CARTESIAN_POINT ( 'NONE',  ( -11.50000000000000888, -50.39999999999999858, 3.001000000000000334 ) ) ;
#2941 = CARTESIAN_POINT ( 'NONE',  ( 28.50000000000000000, 27.90000000000000213, -14.00000000000000000 ) ) ;
#2942 = DIRECTION ( 'NONE',  ( -0.000000000000000000, -0.000000000000000000, -1.000000000000000000 ) ) ;
#2943 = ORIENTED_EDGE ( 'NONE', *, *, #10191, .F. ) ;
#2944 = DIRECTION ( 'NONE',  ( 0.000000000000000000, 0.000000000000000000, 1.000000000000000000 ) ) ;
#2945 = LINE ( 'NONE', #3839, #974 ) ;
#2946 = ORIENTED_EDGE ( 'NONE', *, *, #10341, .F. ) ;
#2947 = DIRECTION ( 'NONE',  ( 9.251858538542971828E-16, 1.000000000000000000, -0.000000000000000000 ) ) ;
#2948 = CIRCLE ( 'NONE', #9148, 10.36999999999999744 ) ;
#2949 = DIRECTION ( 'NONE',  ( 1.000000000000000000, 0.000000000000000000, 0.000000000000000000 ) ) ;
#2950 = EDGE_CURVE ( 'NONE', #7073, #7576, #3109, .T. ) ;
#2951 = CARTESIAN_POINT ( 'NONE',  ( -11.50000000000000888, -50.39999999999999858, 1.000000000000000000 ) ) ;
#2952 = DIRECTION ( 'NONE',  ( 0.000000000000000000, 0.000000000000000000, -1.000000000000000000 ) ) ;
#2953 = EDGE_CURVE ( 'NONE', #1168, #6163, #356, .T. ) ;
#2954 = VECTOR ( 'NONE', #10732, 1000.000000000000000 ) ;
#2955 = VERTEX_POINT ( 'NONE', #8885 ) ;
#2956 = VERTEX_POINT ( 'NONE', #4616 ) ;
#2957 = EDGE_CURVE ( 'NONE', #723, #9141, #10642, .T. ) ;
#2958 = EDGE_LOOP ( 'NONE', ( #1818, #7115, #1582, #6217 ) ) ;
#2959 = CARTESIAN_POINT ( 'NONE',  ( 3.659182332138600884E-17, -0.2999999999999999889, 0.5000000000000000000 ) ) ;
#2960 = VERTEX_POINT ( 'NONE', #4670 ) ;
#2961 = ORIENTED_EDGE ( 'NONE', *, *, #1770, .F. ) ;
#2962 = LINE ( 'NONE', #4579, #692 ) ;
#2963 = EDGE_CURVE ( 'NONE', #6207, #10380, #8046, .T. ) ;
#2964 = DIRECTION ( 'NONE',  ( -1.000000000000000000, 0.000000000000000000, 0.000000000000000000 ) ) ;
#2965 = EDGE_CURVE ( 'NONE', #317, #269, #10592, .T. ) ;
#2966 = VECTOR ( 'NONE', #10379, 1000.000000000000000 ) ;
#2967 = ADVANCED_FACE ( 'NONE', ( #3892 ), #7274, .F. ) ;
#2968 = CIRCLE ( 'NONE', #10407, 4.000000000000010658 ) ;
#2969 = LINE ( 'NONE', #5636, #2045 ) ;
#2970 = ORIENTED_EDGE ( 'NONE', *, *, #6358, .T. ) ;
#2971 = ADVANCED_FACE ( 'NONE', ( #6390 ), #5555, .T. ) ;
#2972 = ORIENTED_EDGE ( 'NONE', *, *, #2814, .F. ) ;
#2973 = ORIENTED_EDGE ( 'NONE', *, *, #1774, .T. ) ;
#2974 = FACE_BOUND ( 'NONE', #9569, .T. ) ;
#2975 = ADVANCED_FACE ( 'NONE', ( #517 ), #2386, .F. ) ;
#2976 = DIRECTION ( 'NONE',  ( -1.000000000000000000, 0.000000000000000000, 0.000000000000000000 ) ) ;
#2977 = VECTOR ( 'NONE', #8206, 1000.000000000000000 ) ;
#2978 = ORIENTED_EDGE ( 'NONE', *, *, #359, .T. ) ;
#2979 = CARTESIAN_POINT ( 'NONE',  ( 9.499999999999992895, -32.39999999999999858, 3.000000000000000000 ) ) ;
#2980 = CIRCLE ( 'NONE', #2445, 0.5000000000000000000 ) ;
#2981 = CARTESIAN_POINT ( 'NONE',  ( 68.20000000000001705, -32.39999999999999858, 3.001000000000000334 ) ) ;
#2982 = CARTESIAN_POINT ( 'NONE',  ( 14.49999999999998401, -64.40000000000000568, 3.000000000000000000 ) ) ;
#2983 = CIRCLE ( 'NONE', #1220, 1.000000000000000000 ) ;
#2984 = DIRECTION ( 'NONE',  ( -0.000000000000000000, -1.000000000000000000, -0.000000000000000000 ) ) ;
#2985 = EDGE_CURVE ( 'NONE', #3134, #4028, #6134, .T. ) ;
#2986 = CARTESIAN_POINT ( 'NONE',  ( 3.499999999999987566, -32.39999999999999858, 1.000000000000000000 ) ) ;
#2987 = VECTOR ( 'NONE', #5618, 1000.000000000000000 ) ;
#2988 = EDGE_CURVE ( 'NONE', #9262, #1168, #8318, .T. ) ;
#2989 = VERTEX_POINT ( 'NONE', #8433 ) ;
#2990 = ORIENTED_EDGE ( 'NONE', *, *, #1714, .F. ) ;
#2991 = CARTESIAN_POINT ( 'NONE',  ( 14.49999999999998401, -64.40000000000000568, 1.000000000000000000 ) ) ;
#2992 = CARTESIAN_POINT ( 'NONE',  ( 3.499999999999991118, -35.39999999999999858, 1.000000000000000000 ) ) ;
#2993 = ORIENTED_EDGE ( 'NONE', *, *, #6767, .T. ) ;
#2994 = ORIENTED_EDGE ( 'NONE', *, *, #1086, .T. ) ;
#2995 = CARTESIAN_POINT ( 'NONE',  ( -5.500000000000007994, -50.39999999999999858, 3.000000000000000000 ) ) ;
#2996 = CARTESIAN_POINT ( 'NONE',  ( 65.20000000000001705, -53.40000000000000568, 1.000000000000000000 ) ) ;
#2997 = DIRECTION ( 'NONE',  ( 9.251858538542971828E-16, 1.000000000000000000, -0.000000000000000000 ) ) ;
#2998 = CARTESIAN_POINT ( 'NONE',  ( 55.19999999999999574, 11.44999999999999929, 0.5000000000000000000 ) ) ;
#2999 = ADVANCED_FACE ( 'NONE', ( #1614 ), #6769, .F. ) ;
#3000 = VECTOR ( 'NONE', #897, 1000.000000000000000 ) ;
#3001 = LINE ( 'NONE', #1288, #3111 ) ;
#3002 = DIRECTION ( 'NONE',  ( 0.000000000000000000, 0.000000000000000000, 1.000000000000000000 ) ) ;
#3003 = FACE_OUTER_BOUND ( 'NONE', #8579, .T. ) ;
#3004 = VERTEX_POINT ( 'NONE', #2332 ) ;
#3005 = FACE_BOUND ( 'NONE', #8567, .T. ) ;
#3006 = DIRECTION ( 'NONE',  ( 1.156482317317871478E-16, 1.000000000000000000, -0.000000000000000000 ) ) ;
#3007 = EDGE_LOOP ( 'NONE', ( #4972, #10892, #7261 ) ) ;
#3008 = DIRECTION ( 'NONE',  ( -1.000000000000000000, 0.000000000000000000, 0.000000000000000000 ) ) ;
#3009 = AXIS2_PLACEMENT_3D ( 'NONE', #5138, #1595, #3246 ) ;
#3010 = DIRECTION ( 'NONE',  ( 0.000000000000000000, 0.000000000000000000, -1.000000000000000000 ) ) ;
#3011 = EDGE_CURVE ( 'NONE', #6697, #1878, #5772, .T. ) ;
#3012 = LINE ( 'NONE', #4570, #10660 ) ;
#3013 = AXIS2_PLACEMENT_3D ( 'NONE', #10817, #7334, #6615 ) ;
#3014 = VERTEX_POINT ( 'NONE', #9926 ) ;
#3015 = ORIENTED_EDGE ( 'NONE', *, *, #9550, .F. ) ;
#3016 = EDGE_LOOP ( 'NONE', ( #7957, #7243, #6580, #9118 ) ) ;
#3017 = CARTESIAN_POINT ( 'NONE',  ( 50.20000000000000995, -17.40000000000000213, 1.000000000000000000 ) ) ;
#3018 = ORIENTED_EDGE ( 'NONE', *, *, #8727, .F. ) ;
#3019 = DIRECTION ( 'NONE',  ( 0.000000000000000000, 0.000000000000000000, 1.000000000000000000 ) ) ;
#3020 = VECTOR ( 'NONE', #3492, 1000.000000000000000 ) ;
#3021 = DIRECTION ( 'NONE',  ( -0.000000000000000000, -0.000000000000000000, -1.000000000000000000 ) ) ;
#3022 = DIRECTION ( 'NONE',  ( 1.000000000000000000, 0.000000000000000000, 0.000000000000000000 ) ) ;
#3023 = ORIENTED_EDGE ( 'NONE', *, *, #8055, .T. ) ;
#3024 = VERTEX_POINT ( 'NONE', #4941 ) ;
#3025 = EDGE_LOOP ( 'NONE', ( #9021, #5225, #5760, #3256 ) ) ;
#3026 = FACE_BOUND ( 'NONE', #2698, .T. ) ;
#3027 = CARTESIAN_POINT ( 'NONE',  ( -2.500000000000009326, -35.39999999999999858, 3.001000000000000334 ) ) ;
#3028 = ORIENTED_EDGE ( 'NONE', *, *, #8075, .F. ) ;
#3029 = EDGE_CURVE ( 'NONE', #5830, #9266, #9972, .T. ) ;
#3030 = DIRECTION ( 'NONE',  ( -0.000000000000000000, -0.000000000000000000, -1.000000000000000000 ) ) ;
#3031 = DIRECTION ( 'NONE',  ( 0.000000000000000000, 0.000000000000000000, 1.000000000000000000 ) ) ;
#3032 = DIRECTION ( 'NONE',  ( 0.000000000000000000, -1.000000000000000000, 0.000000000000000000 ) ) ;
#3033 = CARTESIAN_POINT ( 'NONE',  ( 2.799999999999986500, -10.00000000000000888, 0.4999999999999995559 ) ) ;
#3034 = ORIENTED_EDGE ( 'NONE', *, *, #5213, .T. ) ;
#3035 = LINE ( 'NONE', #7309, #4108 ) ;
#3036 = EDGE_CURVE ( 'NONE', #566, #4013, #8216, .T. ) ;
#3037 = EDGE_LOOP ( 'NONE', ( #2371, #6973, #10281, #1738 ) ) ;
#3038 = EDGE_LOOP ( 'NONE', ( #10866, #9615, #4792, #7314 ) ) ;
#3039 = CARTESIAN_POINT ( 'NONE',  ( 18.50000000000000000, -1.300000000000000044, 0.5000000000000000000 ) ) ;
#3040 = DIRECTION ( 'NONE',  ( 1.000000000000000000, 0.000000000000000000, 0.000000000000000000 ) ) ;
#3041 = VERTEX_POINT ( 'NONE', #10921 ) ;
#3042 = ORIENTED_EDGE ( 'NONE', *, *, #772, .T. ) ;
#3043 = ADVANCED_FACE ( 'NONE', ( #8266 ), #19, .F. ) ;
#3044 = LINE ( 'NONE', #2327, #4901 ) ;
#3045 = EDGE_CURVE ( 'NONE', #4748, #1533, #9150, .T. ) ;
#3046 = DIRECTION ( 'NONE',  ( 0.000000000000000000, 0.000000000000000000, 1.000000000000000000 ) ) ;
#3047 = EDGE_CURVE ( 'NONE', #1522, #9074, #4101, .T. ) ;
#3048 = CIRCLE ( 'NONE', #4997, 4.000000000000010658 ) ;
#3049 = CIRCLE ( 'NONE', #10652, 3.000000000000004441 ) ;
#3050 = PLANE ( 'NONE',  #9750 ) ;
#3051 = DIRECTION ( 'NONE',  ( -0.000000000000000000, -0.000000000000000000, -1.000000000000000000 ) ) ;
#3052 = ADVANCED_FACE ( 'NONE', ( #9317 ), #631, .F. ) ;
#3053 = CARTESIAN_POINT ( 'NONE',  ( 51.20000000000000284, 26.89999999999999858, 0.5000000000000000000 ) ) ;
#3054 = LINE ( 'NONE', #1401, #2402 ) ;
#3055 = DIRECTION ( 'NONE',  ( 1.000000000000000000, 0.000000000000000000, 0.000000000000000000 ) ) ;
#3056 = CIRCLE ( 'NONE', #9255, 4.000000000000002665 ) ;
#3057 = EDGE_LOOP ( 'NONE', ( #2033, #9493, #3955, #5391 ) ) ;
#3058 = EDGE_LOOP ( 'NONE', ( #5566, #7101, #8580, #3018 ) ) ;
#3059 = CARTESIAN_POINT ( 'NONE',  ( 45.79999999999998295, -10.00000000000000888, -7.500000000000000888 ) ) ;
#3060 = LINE ( 'NONE', #4005, #6286 ) ;
#3061 = VERTEX_POINT ( 'NONE', #3998 ) ;
#3062 = EDGE_CURVE ( 'NONE', #9092, #10063, #789, .T. ) ;
#3063 = DIRECTION ( 'NONE',  ( 0.000000000000000000, 0.000000000000000000, 1.000000000000000000 ) ) ;
#3064 = LINE ( 'NONE', #8172, #4263 ) ;
#3065 = AXIS2_PLACEMENT_3D ( 'NONE', #5665, #1342, #8104 ) ;
#3066 = CARTESIAN_POINT ( 'NONE',  ( 65.20000000000001705, -53.40000000000000568, 3.000000000000000000 ) ) ;
#3067 = EDGE_CURVE ( 'NONE', #7033, #10013, #2494, .T. ) ;
#3068 = VERTEX_POINT ( 'NONE', #1508 ) ;
#3069 = ORIENTED_EDGE ( 'NONE', *, *, #1291, .F. ) ;
#3070 = EDGE_LOOP ( 'NONE', ( #5776, #9064, #7618, #256 ) ) ;
#3071 = FACE_OUTER_BOUND ( 'NONE', #7174, .T. ) ;
#3072 = ORIENTED_EDGE ( 'NONE', *, *, #2152, .F. ) ;
#3073 = CARTESIAN_POINT ( 'NONE',  ( 62.20000000000000995, -68.40000000000000568, 3.001000000000000334 ) ) ;
#3074 = LINE ( 'NONE', #1478, #10651 ) ;
#3075 = DIRECTION ( 'NONE',  ( 1.000000000000000000, -0.000000000000000000, -0.000000000000000000 ) ) ;
#3076 = ORIENTED_EDGE ( 'NONE', *, *, #2020, .F. ) ;
#3077 = ORIENTED_EDGE ( 'NONE', *, *, #9859, .T. ) ;
#3078 = ORIENTED_EDGE ( 'NONE', *, *, #7561, .F. ) ;
#3079 = DIRECTION ( 'NONE',  ( -1.000000000000000000, 0.000000000000000000, 0.000000000000000000 ) ) ;
#3080 = LINE ( 'NONE', #4702, #7345 ) ;
#3081 = ORIENTED_EDGE ( 'NONE', *, *, #10038, .T. ) ;
#3082 = CARTESIAN_POINT ( 'NONE',  ( 2.500000000000000000, 2.500000000000000000, 0.5000000000000000000 ) ) ;
#3083 = AXIS2_PLACEMENT_3D ( 'NONE', #7574, #9127, #4911 ) ;
#3084 = DIRECTION ( 'NONE',  ( 0.000000000000000000, 0.000000000000000000, -1.000000000000000000 ) ) ;
#3085 = CIRCLE ( 'NONE', #9988, 4.000000000000010658 ) ;
#3086 = EDGE_CURVE ( 'NONE', #2263, #6810, #7381, .T. ) ;
#3087 = AXIS2_PLACEMENT_3D ( 'NONE', #1292, #4617, #8996 ) ;
#3088 = FACE_OUTER_BOUND ( 'NONE', #10132, .T. ) ;
#3089 = CARTESIAN_POINT ( 'NONE',  ( 18.50000000000000000, -1.300000000000000044, 0.5000000000000000000 ) ) ;
#3090 = ADVANCED_FACE ( 'NONE', ( #3215 ), #10085, .F. ) ;
#3091 = ORIENTED_EDGE ( 'NONE', *, *, #8739, .T. ) ;
#3092 = VECTOR ( 'NONE', #4645, 1000.000000000000000 ) ;
#3093 = CIRCLE ( 'NONE', #1681, 0.5000000000000000000 ) ;
#3094 = CARTESIAN_POINT ( 'NONE',  ( 49.79999999999998295, -76.00000000000001421, -7.500000000000000888 ) ) ;
#3095 = ORIENTED_EDGE ( 'NONE', *, *, #4793, .T. ) ;
#3096 = VERTEX_POINT ( 'NONE', #4221 ) ;
#3097 = LINE ( 'NONE', #8873, #4216 ) ;
#3098 = LINE ( 'NONE', #9860, #4621 ) ;
#3099 = ORIENTED_EDGE ( 'NONE', *, *, #10391, .T. ) ;
#3100 = VERTEX_POINT ( 'NONE', #7605 ) ;
#3101 = LINE ( 'NONE', #8988, #6675 ) ;
#3102 = CYLINDRICAL_SURFACE ( 'NONE', #6723, 1.000000000000000000 ) ;
#3103 = VECTOR ( 'NONE', #5976, 1000.000000000000000 ) ;
#3104 = EDGE_CURVE ( 'NONE', #8185, #3827, #3382, .T. ) ;
#3105 = DIRECTION ( 'NONE',  ( 0.000000000000000000, 0.000000000000000000, 1.000000000000000000 ) ) ;
#3106 = LINE ( 'NONE', #1556, #3593 ) ;
#3107 = DIRECTION ( 'NONE',  ( -0.000000000000000000, -0.000000000000000000, -1.000000000000000000 ) ) ;
#3108 = VECTOR ( 'NONE', #9511, 1000.000000000000000 ) ;
#3109 = LINE ( 'NONE', #3780, #9479 ) ;
#3110 = ADVANCED_FACE ( 'NONE', ( #10877, #9374 ), #9535, .T. ) ;
#3111 = VECTOR ( 'NONE', #8512, 1000.000000000000000 ) ;
#3112 = CARTESIAN_POINT ( 'NONE',  ( 28.50000000000000000, 27.90000000000000213, -14.00000000000000000 ) ) ;
#3113 = ORIENTED_EDGE ( 'NONE', *, *, #7732, .F. ) ;
#3114 = ORIENTED_EDGE ( 'NONE', *, *, #6638, .F. ) ;
#3115 = FACE_BOUND ( 'NONE', #10707, .T. ) ;
#3116 = FACE_OUTER_BOUND ( 'NONE', #3239, .T. ) ;
#3117 = EDGE_LOOP ( 'NONE', ( #10169, #9303, #3661, #4380, #8910 ) ) ;
#3118 = DIRECTION ( 'NONE',  ( 0.000000000000000000, 0.000000000000000000, -1.000000000000000000 ) ) ;
#3119 = CIRCLE ( 'NONE', #10722, 4.999999999999999112 ) ;
#3120 = CARTESIAN_POINT ( 'NONE',  ( 44.20000000000000995, -35.39999999999999858, 3.000000000000000000 ) ) ;
#3121 = DIRECTION ( 'NONE',  ( -1.000000000000000000, 0.000000000000000000, 0.000000000000000000 ) ) ;
#3122 = EDGE_CURVE ( 'NONE', #3826, #8204, #3119, .T. ) ;
#3123 = EDGE_LOOP ( 'NONE', ( #10222, #5868, #10503, #4176 ) ) ;
#3124 = ORIENTED_EDGE ( 'NONE', *, *, #3172, .T. ) ;
#3125 = ORIENTED_EDGE ( 'NONE', *, *, #2833, .F. ) ;
#3126 = CIRCLE ( 'NONE', #2251, 0.5000000000000000000 ) ;
#3127 = LINE ( 'NONE', #1523, #3341 ) ;
#3128 = ORIENTED_EDGE ( 'NONE', *, *, #6857, .T. ) ;
#3129 = PLANE ( 'NONE',  #10761 ) ;
#3130 = CARTESIAN_POINT ( 'NONE',  ( 3.799999999999983835, -76.00000000000001421, 1.000000000000000000 ) ) ;
#3131 = ADVANCED_BREP_SHAPE_REPRESENTATION ( 'Geh\X2\00e4\X0\use_Guition_Deckel', ( #3168, #4836 ), #10494 ) ;
#3132 = AXIS2_PLACEMENT_3D ( 'NONE', #9470, #5149, #3702 ) ;
#3133 = DIRECTION ( 'NONE',  ( -1.000000000000000000, 0.000000000000000000, 0.000000000000000000 ) ) ;
#3134 = VERTEX_POINT ( 'NONE', #7709 ) ;
#3135 = ORIENTED_EDGE ( 'NONE', *, *, #4441, .T. ) ;
#3136 = ORIENTED_EDGE ( 'NONE', *, *, #9742, .F. ) ;
#3137 = DIRECTION ( 'NONE',  ( 1.000000000000000000, 0.000000000000000000, 0.000000000000000000 ) ) ;
#3138 = FACE_OUTER_BOUND ( 'NONE', #10168, .T. ) ;
#3139 = ORIENTED_EDGE ( 'NONE', *, *, #1095, .F. ) ;
#3140 = LINE ( 'NONE', #2529, #7222 ) ;
#3141 = DIRECTION ( 'NONE',  ( 0.000000000000000000, 1.000000000000000000, 0.000000000000000000 ) ) ;
#3142 = VECTOR ( 'NONE', #5897, 1000.000000000000000 ) ;
#3143 = DIRECTION ( 'NONE',  ( -2.356961244533720211E-16, 1.000000000000000000, 0.000000000000000000 ) ) ;
#3144 = EDGE_CURVE ( 'NONE', #6502, #6922, #1778, .T. ) ;
#3145 = CARTESIAN_POINT ( 'NONE',  ( 58.20000000000000284, 17.44999999999999929, 0.000000000000000000 ) ) ;
#3146 = DIRECTION ( 'NONE',  ( 1.000000000000000000, 0.000000000000000000, 0.000000000000000000 ) ) ;
#3147 = ORIENTED_EDGE ( 'NONE', *, *, #3503, .F. ) ;
#3148 = DIRECTION ( 'NONE',  ( -1.000000000000000000, 0.000000000000000000, -0.000000000000000000 ) ) ;
#3149 = AXIS2_PLACEMENT_3D ( 'NONE', #2991, #1226, #10632 ) ;
#3150 = EDGE_LOOP ( 'NONE', ( #6516, #327, #5599, #10520 ) ) ;
#3151 = CARTESIAN_POINT ( 'NONE',  ( 2.500000000000000000, 2.500000000000000000, 0.5000000000000000000 ) ) ;
#3152 = CARTESIAN_POINT ( 'NONE',  ( 3.499999999999987566, -17.40000000000000213, 1.000000000000000000 ) ) ;
#3153 = ADVANCED_FACE ( 'NONE', ( #288 ), #7501, .T. ) ;
#3154 = VECTOR ( 'NONE', #8298, 1000.000000000000000 ) ;
#3155 = VERTEX_POINT ( 'NONE', #6672 ) ;
#3156 = LINE ( 'NONE', #7267, #7735 ) ;
#3157 = DIRECTION ( 'NONE',  ( -0.000000000000000000, -0.000000000000000000, -1.000000000000000000 ) ) ;
#3158 = VECTOR ( 'NONE', #1750, 1000.000000000000000 ) ;
#3159 = DIRECTION ( 'NONE',  ( 1.000000000000000000, 0.000000000000000000, 0.000000000000000000 ) ) ;
#3160 = EDGE_CURVE ( 'NONE', #3862, #6701, #1118, .T. ) ;
#3161 = VECTOR ( 'NONE', #4398, 1000.000000000000000 ) ;
#3162 = DIRECTION ( 'NONE',  ( -1.000000000000000000, 0.000000000000000000, 0.000000000000000000 ) ) ;
#3163 = DIRECTION ( 'NONE',  ( 2.312964634635742957E-16, 1.000000000000000000, -0.000000000000000000 ) ) ;
#3164 = DIRECTION ( 'NONE',  ( -0.000000000000000000, -0.000000000000000000, -1.000000000000000000 ) ) ;
#3165 = DIRECTION ( 'NONE',  ( 0.000000000000000000, 0.000000000000000000, -1.000000000000000000 ) ) ;
#3166 = ORIENTED_EDGE ( 'NONE', *, *, #1245, .F. ) ;
#3167 = ORIENTED_EDGE ( 'NONE', *, *, #7183, .F. ) ;
#3168 = MANIFOLD_SOLID_BREP ( 'Fillet5[1]', #6637 ) ;
#3169 = FACE_BOUND ( 'NONE', #3480, .T. ) ;
#3170 = PLANE ( 'NONE',  #5204 ) ;
#3171 = VERTEX_POINT ( 'NONE', #3491 ) ;
#3172 = EDGE_CURVE ( 'NONE', #5542, #9223, #3658, .T. ) ;
#3173 = AXIS2_PLACEMENT_3D ( 'NONE', #10269, #2679, #10542 ) ;
#3174 = LINE ( 'NONE', #8222, #2987 ) ;
#3175 = ADVANCED_FACE ( 'NONE', ( #747 ), #4431, .F. ) ;
#3176 = DIRECTION ( 'NONE',  ( 1.000000000000000000, -0.000000000000000000, 0.000000000000000000 ) ) ;
#3177 = DIRECTION ( 'NONE',  ( 0.000000000000000000, 0.000000000000000000, -1.000000000000000000 ) ) ;
#3178 = ORIENTED_EDGE ( 'NONE', *, *, #8719, .T. ) ;
#3179 = ORIENTED_EDGE ( 'NONE', *, *, #9277, .T. ) ;
#3180 = ORIENTED_EDGE ( 'NONE', *, *, #868, .T. ) ;
#3181 = AXIS2_PLACEMENT_3D ( 'NONE', #3650, #1057, #4425 ) ;
#3182 = CARTESIAN_POINT ( 'NONE',  ( -0.2999999999999929945, 5.950000000000000178, 3.000000000000000000 ) ) ;
#3183 = VERTEX_POINT ( 'NONE', #1833 ) ;
#3184 = DIRECTION ( 'NONE',  ( 0.000000000000000000, -1.000000000000000000, 0.000000000000000000 ) ) ;
#3185 = EDGE_CURVE ( 'NONE', #8017, #7546, #1006, .T. ) ;
#3186 = CARTESIAN_POINT ( 'NONE',  ( 18.21999999999999886, 10.92500000000000071, 3.000000000000000000 ) ) ;
#3187 = EDGE_CURVE ( 'NONE', #3024, #7768, #1064, .T. ) ;
#3188 = CIRCLE ( 'NONE', #9735, 1.000000000000000000 ) ;
#3189 = CARTESIAN_POINT ( 'NONE',  ( 44.20000000000000995, -50.39999999999999858, 3.001000000000000334 ) ) ;
#3190 = ORIENTED_EDGE ( 'NONE', *, *, #2695, .T. ) ;
#3191 = ORIENTED_EDGE ( 'NONE', *, *, #4453, .F. ) ;
#3192 = VERTEX_POINT ( 'NONE', #2715 ) ;
#3193 = CARTESIAN_POINT ( 'NONE',  ( 53.69999999999999574, 10.44999999999999929, 0.000000000000000000 ) ) ;
#3194 = CARTESIAN_POINT ( 'NONE',  ( 65.20000000000000284, -68.40000000000000568, 3.000000000000000000 ) ) ;
#3195 = ORIENTED_EDGE ( 'NONE', *, *, #7332, .F. ) ;
#3196 = CARTESIAN_POINT ( 'NONE',  ( 9.499999999999992895, -50.39999999999999858, 3.001000000000000334 ) ) ;
#3197 = CIRCLE ( 'NONE', #10451, 3.524999999999999467 ) ;
#3198 = AXIS2_PLACEMENT_3D ( 'NONE', #835, #4093, #9916 ) ;
#3199 = CARTESIAN_POINT ( 'NONE',  ( 53.20000000000000284, -32.39999999999999858, 3.000000000000000000 ) ) ;
#3201 = EDGE_CURVE ( 'NONE', #1802, #910, #6935, .T. ) ;
#3200 = LINE ( 'NONE', #7252, #5488 ) ;
#3202 = CARTESIAN_POINT ( 'NONE',  ( 50.20000000000000995, -35.39999999999999858, 3.001000000000000334 ) ) ;
#3203 = CARTESIAN_POINT ( 'NONE',  ( 62.20000000000000284, -32.39999999999999858, 1.000000000000000000 ) ) ;
#3204 = AXIS2_PLACEMENT_3D ( 'NONE', #9051, #1456, #9873 ) ;
#3205 = ORIENTED_EDGE ( 'NONE', *, *, #10746, .T. ) ;
#3206 = ORIENTED_EDGE ( 'NONE', *, *, #3442, .F. ) ;
#3207 = CARTESIAN_POINT ( 'NONE',  ( 57.20000000000000284, 17.44999999999999929, -14.00000000000000000 ) ) ;
#3208 = CARTESIAN_POINT ( 'NONE',  ( 13.49999999999999112, -93.39999999999997726, -1.000000000000000888 ) ) ;
#3209 = ORIENTED_EDGE ( 'NONE', *, *, #1560, .F. ) ;
#3210 = CARTESIAN_POINT ( 'NONE',  ( -15.49999999999998934, -98.40000000000000568, 3.000000000000000000 ) ) ;
#3211 = CARTESIAN_POINT ( 'NONE',  ( 35.20000000000000995, -50.39999999999999858, 3.001000000000000334 ) ) ;
#3212 = LINE ( 'NONE', #10080, #8356 ) ;
#3213 = DIRECTION ( 'NONE',  ( -6.033820786006289662E-16, -1.000000000000000000, 0.000000000000000000 ) ) ;
#3214 = LINE ( 'NONE', #1400, #10546 ) ;
#3215 = FACE_OUTER_BOUND ( 'NONE', #5300, .T. ) ;
#3216 = DIRECTION ( 'NONE',  ( 2.209838822900395026E-16, -1.000000000000000000, 0.000000000000000000 ) ) ;
#3217 = VERTEX_POINT ( 'NONE', #6988 ) ;
#3218 = FACE_BOUND ( 'NONE', #1144, .T. ) ;
#3219 = DIRECTION ( 'NONE',  ( 0.000000000000000000, 0.000000000000000000, 1.000000000000000000 ) ) ;
#3220 = VECTOR ( 'NONE', #9227, 1000.000000000000000 ) ;
#3221 = VERTEX_POINT ( 'NONE', #2768 ) ;
#3222 = DIRECTION ( 'NONE',  ( 0.000000000000000000, 1.000000000000000000, 0.000000000000000000 ) ) ;
#3223 = CARTESIAN_POINT ( 'NONE',  ( -0.2999999999999949929, 23.09999999999999787, -1.000000000000000000 ) ) ;
#3224 = LINE ( 'NONE', #3901, #10310 ) ;
#3225 = CIRCLE ( 'NONE', #9436, 0.5000000000000000000 ) ;
#3226 = EDGE_CURVE ( 'NONE', #8423, #2793, #8112, .T. ) ;
#3227 = VERTEX_POINT ( 'NONE', #8984 ) ;
#3228 = LINE ( 'NONE', #5063, #1150 ) ;
#3229 = ORIENTED_EDGE ( 'NONE', *, *, #563, .T. ) ;
#3230 = DIRECTION ( 'NONE',  ( 1.000000000000000000, -0.000000000000000000, -0.000000000000000000 ) ) ;
#3231 = VERTEX_POINT ( 'NONE', #2051 ) ;
#3232 = DIRECTION ( 'NONE',  ( 1.000000000000000000, 0.000000000000000000, 0.000000000000000000 ) ) ;
#3233 = AXIS2_PLACEMENT_3D ( 'NONE', #9060, #6511, #6617 ) ;
#3234 = CARTESIAN_POINT ( 'NONE',  ( 34.50000000000000000, -3.299999999999999822, 1.000000000000000000 ) ) ;
#3235 = DIRECTION ( 'NONE',  ( -1.000000000000000000, 0.000000000000000000, 0.000000000000000000 ) ) ;
#3236 = VERTEX_POINT ( 'NONE', #3931 ) ;
#3237 = VECTOR ( 'NONE', #8606, 1000.000000000000000 ) ;
#3238 = EDGE_CURVE ( 'NONE', #4807, #10561, #9698, .T. ) ;
#3239 = EDGE_LOOP ( 'NONE', ( #10683, #9581, #1430, #5401 ) ) ;
#3240 = CARTESIAN_POINT ( 'NONE',  ( 55.00000000000000000, 18.45000000000000284, 0.5000000000000000000 ) ) ;
#3241 = EDGE_CURVE ( 'NONE', #8899, #10781, #3823, .T. ) ;
#3242 = DIRECTION ( 'NONE',  ( 0.000000000000000000, 0.000000000000000000, -1.000000000000000000 ) ) ;
#3243 = ORIENTED_EDGE ( 'NONE', *, *, #6280, .T. ) ;
#3244 = DIRECTION ( 'NONE',  ( 0.000000000000000000, 0.000000000000000000, -1.000000000000000000 ) ) ;
#3245 = CARTESIAN_POINT ( 'NONE',  ( 50.20000000000000995, -35.39999999999999858, 1.000000000000000000 ) ) ;
#3246 = DIRECTION ( 'NONE',  ( 0.000000000000000000, 0.000000000000000000, 1.000000000000000000 ) ) ;
#3247 = LINE ( 'NONE', #7471, #9085 ) ;
#3248 = CARTESIAN_POINT ( 'NONE',  ( -18.50000000000000711, 39.40000000000000568, 1.000000000000000000 ) ) ;
#3249 = ORIENTED_EDGE ( 'NONE', *, *, #5598, .F. ) ;
#3250 = EDGE_CURVE ( 'NONE', #6160, #10063, #6522, .T. ) ;
#3251 = EDGE_LOOP ( 'NONE', ( #8566, #4930, #9193, #615 ) ) ;
#3252 = ORIENTED_EDGE ( 'NONE', *, *, #3291, .T. ) ;
#3253 = AXIS2_PLACEMENT_3D ( 'NONE', #6530, #1535, #9176 ) ;
#3254 = DIRECTION ( 'NONE',  ( 0.000000000000000000, -6.938893903907229364E-16, -1.000000000000000000 ) ) ;
#3255 = PLANE ( 'NONE',  #1785 ) ;
#3256 = ORIENTED_EDGE ( 'NONE', *, *, #7911, .F. ) ;
#3257 = DIRECTION ( 'NONE',  ( 0.000000000000000000, -0.000000000000000000, -1.000000000000000000 ) ) ;
#3258 = CARTESIAN_POINT ( 'NONE',  ( 60.20000000000003126, -95.40000000000000568, -4.000000000000000000 ) ) ;
#3259 = DIRECTION ( 'NONE',  ( 0.000000000000000000, 0.000000000000000000, 1.000000000000000000 ) ) ;
#3260 = VECTOR ( 'NONE', #9087, 1000.000000000000000 ) ;
#3261 = DIRECTION ( 'NONE',  ( -1.000000000000000000, 0.000000000000000000, 0.000000000000000000 ) ) ;
#3262 = VECTOR ( 'NONE', #7944, 1000.000000000000000 ) ;
#3263 = DIRECTION ( 'NONE',  ( -0.000000000000000000, 0.000000000000000000, -1.000000000000000000 ) ) ;
#3264 = DIRECTION ( 'NONE',  ( -1.000000000000000000, 2.209838822900390096E-16, 0.000000000000000000 ) ) ;
#3265 = CARTESIAN_POINT ( 'NONE',  ( 62.20000000000000995, -53.40000000000000568, 1.000000000000000000 ) ) ;
#3266 = VERTEX_POINT ( 'NONE', #6489 ) ;
#3267 = VERTEX_POINT ( 'NONE', #7312 ) ;
#3268 = DIRECTION ( 'NONE',  ( -0.000000000000000000, -0.000000000000000000, -1.000000000000000000 ) ) ;
#3269 = CARTESIAN_POINT ( 'NONE',  ( 59.20000000000001705, -17.40000000000000213, 3.001000000000000334 ) ) ;
#3270 = AXIS2_PLACEMENT_3D ( 'NONE', #5756, #5032, #5087 ) ;
#3271 = ORIENTED_EDGE ( 'NONE', *, *, #1744, .T. ) ;
#3272 = CARTESIAN_POINT ( 'NONE',  ( 12.49999999999999289, -18.90000000000003411, 1.000000000000000000 ) ) ;
#3273 = LINE ( 'NONE', #6669, #7092 ) ;
#3274 = CIRCLE ( 'NONE', #1870, 4.999999999999999112 ) ;
#3275 = CARTESIAN_POINT ( 'NONE',  ( -2.500000000000006661, -53.40000000000000568, 3.001000000000000334 ) ) ;
#3276 = EDGE_CURVE ( 'NONE', #1600, #6362, #9002, .T. ) ;
#3277 = VECTOR ( 'NONE', #9185, 1000.000000000000000 ) ;
#3278 = VERTEX_POINT ( 'NONE', #3039 ) ;
#3279 = CARTESIAN_POINT ( 'NONE',  ( 34.50000000000000000, 30.90000000000000213, -10.00000000000000000 ) ) ;
#3280 = LINE ( 'NONE', #9222, #2911 ) ;
#3281 = EDGE_LOOP ( 'NONE', ( #2863, #4922, #4900, #98 ) ) ;
#3282 = DIRECTION ( 'NONE',  ( -0.000000000000000000, -0.000000000000000000, -1.000000000000000000 ) ) ;
#3283 = EDGE_LOOP ( 'NONE', ( #4517, #3438, #4761, #1270, #8405, #8500, #5660, #6392, #6716 ) ) ;
#3285 = EDGE_CURVE ( 'NONE', #10468, #4528, #2442, .T. ) ;
#3284 = PRESENTATION_LAYER_ASSIGNMENT (  '', '', ( #8076 ) ) ;
#3286 = FACE_OUTER_BOUND ( 'NONE', #4118, .T. ) ;
#3287 = VECTOR ( 'NONE', #408, 1000.000000000000000 ) ;
#3288 = ADVANCED_FACE ( 'NONE', ( #4657 ), #4766, .F. ) ;
#3289 = LINE ( 'NONE', #10109, #2353 ) ;
#3290 = DIRECTION ( 'NONE',  ( 1.000000000000000000, 0.000000000000000000, 0.000000000000000000 ) ) ;
#3291 = EDGE_CURVE ( 'NONE', #5639, #1805, #2105, .T. ) ;
#3292 = CARTESIAN_POINT ( 'NONE',  ( 44.20000000000001705, -68.40000000000000568, 3.001000000000000334 ) ) ;
#3293 = ORIENTED_EDGE ( 'NONE', *, *, #4798, .T. ) ;
#3294 = ORIENTED_EDGE ( 'NONE', *, *, #4978, .T. ) ;
#3295 = ORIENTED_EDGE ( 'NONE', *, *, #10427, .T. ) ;
#3296 = EDGE_CURVE ( 'NONE', #1969, #5652, #3097, .T. ) ;
#3297 = CARTESIAN_POINT ( 'NONE',  ( -8.500000000000007105, -53.40000000000000568, 3.001000000000000334 ) ) ;
#3298 = DIRECTION ( 'NONE',  ( -1.000000000000000000, 0.000000000000000000, 0.000000000000000000 ) ) ;
#3299 = ORIENTED_EDGE ( 'NONE', *, *, #6915, .T. ) ;
#3300 = ORIENTED_EDGE ( 'NONE', *, *, #9277, .F. ) ;
#3301 = EDGE_CURVE ( 'NONE', #9463, #2054, #512, .T. ) ;
#3302 = DIRECTION ( 'NONE',  ( 0.000000000000000000, 1.000000000000000000, 0.000000000000000000 ) ) ;
#3303 = DIRECTION ( 'NONE',  ( -0.000000000000000000, -0.000000000000000000, -1.000000000000000000 ) ) ;
#3304 = ADVANCED_FACE ( 'NONE', ( #1279 ), #8760, .F. ) ;
#3305 = DIRECTION ( 'NONE',  ( 1.000000000000000000, -0.000000000000000000, -0.000000000000000000 ) ) ;
#3307 = ADVANCED_FACE ( 'NONE', ( #10523 ), #7204, .T. ) ;
#3306 = VECTOR ( 'NONE', #4155, 1000.000000000000000 ) ;
#3308 = EDGE_CURVE ( 'NONE', #2649, #3884, #8927, .T. ) ;
#3309 = CARTESIAN_POINT ( 'NONE',  ( 3.174999999999999822, 7.400000000000000355, 3.000000000000000000 ) ) ;
#3310 = CARTESIAN_POINT ( 'NONE',  ( -3.500000000000003109, 35.40000000000001279, -4.000000000000000000 ) ) ;
#3311 = VERTEX_POINT ( 'NONE', #4547 ) ;
#3312 = EDGE_CURVE ( 'NONE', #5542, #9414, #10580, .T. ) ;
#3313 = ORIENTED_EDGE ( 'NONE', *, *, #9241, .F. ) ;
#3314 = ORIENTED_EDGE ( 'NONE', *, *, #1714, .T. ) ;
#3315 = CARTESIAN_POINT ( 'NONE',  ( 35.20000000000000995, -32.39999999999999858, 3.001000000000000334 ) ) ;
#3316 = DIRECTION ( 'NONE',  ( -1.000000000000000000, 0.000000000000000000, 0.000000000000000000 ) ) ;
#3317 = VECTOR ( 'NONE', #2287, 1000.000000000000000 ) ;
#3318 = ORIENTED_EDGE ( 'NONE', *, *, #5412, .F. ) ;
#3319 = FACE_OUTER_BOUND ( 'NONE', #2326, .T. ) ;
#3320 = CARTESIAN_POINT ( 'NONE',  ( 0.2000000000000070055, 11.44999999999999929, 1.000000000000000000 ) ) ;
#3321 = ADVANCED_FACE ( 'NONE', ( #8095 ), #10470, .T. ) ;
#3322 = DIRECTION ( 'NONE',  ( -1.000000000000000000, 0.000000000000000000, 0.000000000000000000 ) ) ;
#3323 = EDGE_CURVE ( 'NONE', #8124, #7033, #5595, .T. ) ;
#3324 = CIRCLE ( 'NONE', #5455, 3.524999999999999467 ) ;
#3325 = LINE ( 'NONE', #6712, #5044 ) ;
#3326 = PLANE ( 'NONE',  #9135 ) ;
#3327 = CIRCLE ( 'NONE', #9526, 0.5000000000000000000 ) ;
#3328 = CARTESIAN_POINT ( 'NONE',  ( 50.20000000000000995, -32.39999999999999858, 3.000000000000000000 ) ) ;
#3329 = FACE_OUTER_BOUND ( 'NONE', #3058, .T. ) ;
#3330 = ORIENTED_EDGE ( 'NONE', *, *, #4261, .F. ) ;
#3331 = ORIENTED_EDGE ( 'NONE', *, *, #3916, .F. ) ;
#3332 = FACE_BOUND ( 'NONE', #6052, .T. ) ;
#3333 = PLANE ( 'NONE',  #9640 ) ;
#3334 = ORIENTED_EDGE ( 'NONE', *, *, #6895, .F. ) ;
#3335 = VECTOR ( 'NONE', #3573, 1000.000000000000000 ) ;
#3336 = DIRECTION ( 'NONE',  ( 0.000000000000000000, 1.000000000000000000, 0.000000000000000000 ) ) ;
#3337 = VECTOR ( 'NONE', #5899, 1000.000000000000000 ) ;
#3338 = ADVANCED_FACE ( 'NONE', ( #9645 ), #9190, .T. ) ;
#3339 = CARTESIAN_POINT ( 'NONE',  ( -14.50000000000000533, 35.39999999999999858, 3.000000000000000000 ) ) ;
#3340 = CARTESIAN_POINT ( 'NONE',  ( 35.20000000000002416, -35.39999999999999858, 3.000000000000000000 ) ) ;
#3341 = VECTOR ( 'NONE', #9941, 1000.000000000000000 ) ;
#3342 = ORIENTED_EDGE ( 'NONE', *, *, #7674, .T. ) ;
#3343 = ORIENTED_EDGE ( 'NONE', *, *, #1842, .F. ) ;
#3344 = AXIS2_PLACEMENT_3D ( 'NONE', #2503, #8603, #1784 ) ;
#3345 = ORIENTED_EDGE ( 'NONE', *, *, #2671, .F. ) ;
#3346 = CARTESIAN_POINT ( 'NONE',  ( -15.50000000000000711, -83.40000000000000568, -4.000000000000000000 ) ) ;
#3347 = ORIENTED_EDGE ( 'NONE', *, *, #10244, .T. ) ;
#3348 = FACE_OUTER_BOUND ( 'NONE', #3681, .T. ) ;
#3349 = ADVANCED_FACE ( 'NONE', ( #9038 ), #9139, .T. ) ;
#3350 = DIRECTION ( 'NONE',  ( -0.000000000000000000, -1.000000000000000000, 0.000000000000000000 ) ) ;
#3351 = CARTESIAN_POINT ( 'NONE',  ( 55.50000000000000000, 4.000000000000000000, -1.000000000000000000 ) ) ;
#3352 = CARTESIAN_POINT ( 'NONE',  ( 44.20000000000000995, -32.39999999999999858, 3.000000000000000000 ) ) ;
#3353 = VECTOR ( 'NONE', #4932, 1000.000000000000000 ) ;
#3354 = VERTEX_POINT ( 'NONE', #8257 ) ;
#3355 = EDGE_LOOP ( 'NONE', ( #579, #6449, #6246, #873 ) ) ;
#3356 = ORIENTED_EDGE ( 'NONE', *, *, #6933, .F. ) ;
#3357 = CARTESIAN_POINT ( 'NONE',  ( -14.50000000000000533, 0.000000000000000000, -4.000000000000000000 ) ) ;
#3358 = CARTESIAN_POINT ( 'NONE',  ( 0.000000000000000000, 25.89999999999999858, 0.5000000000000000000 ) ) ;
#3359 = VERTEX_POINT ( 'NONE', #10795 ) ;
#3360 = EDGE_LOOP ( 'NONE', ( #2559, #5025, #493, #3139 ) ) ;
#3361 = LINE ( 'NONE', #6586, #6524 ) ;
#3362 = LINE ( 'NONE', #6748, #1172 ) ;
#3363 = CARTESIAN_POINT ( 'NONE',  ( -0.2999999999999919398, 2.500000000000000000, 3.000000000000000000 ) ) ;
#3364 = CIRCLE ( 'NONE', #6903, 0.9999999999999991118 ) ;
#3365 = CARTESIAN_POINT ( 'NONE',  ( 48.79999999999998295, -10.00000000000000888, -7.500000000000000888 ) ) ;
#3366 = CARTESIAN_POINT ( 'NONE',  ( 53.20000000000001705, -17.40000000000000213, 1.000000000000000000 ) ) ;
#3367 = ORIENTED_EDGE ( 'NONE', *, *, #2005, .T. ) ;
#3368 = ORIENTED_EDGE ( 'NONE', *, *, #5932, .T. ) ;
#3369 = AXIS2_PLACEMENT_3D ( 'NONE', #2733, #9560, #2071 ) ;
#3370 = VERTEX_POINT ( 'NONE', #9964 ) ;
#3371 = VECTOR ( 'NONE', #6648, 1000.000000000000000 ) ;
#3372 = EDGE_CURVE ( 'NONE', #8008, #6403, #9093, .T. ) ;
#3373 = DIRECTION ( 'NONE',  ( 1.000000000000000000, 0.000000000000000000, 0.000000000000000000 ) ) ;
#3374 = LINE ( 'NONE', #4041, #2315 ) ;
#3375 = ORIENTED_EDGE ( 'NONE', *, *, #5030, .T. ) ;
#3376 = LINE ( 'NONE', #4931, #1715 ) ;
#3377 = CARTESIAN_POINT ( 'NONE',  ( -1.800000000000000044, 5.950000000000000178, 0.5000000000000000000 ) ) ;
#3378 = VECTOR ( 'NONE', #10087, 1000.000000000000000 ) ;
#3379 = FACE_OUTER_BOUND ( 'NONE', #1860, .T. ) ;
#3380 = DIRECTION ( 'NONE',  ( 1.287364360650691604E-16, 1.000000000000000000, 0.000000000000000000 ) ) ;
#3381 = LINE ( 'NONE', #171, #6483 ) ;
#3382 = LINE ( 'NONE', #10304, #7899 ) ;
#3383 = EDGE_CURVE ( 'NONE', #7727, #2208, #4984, .T. ) ;
#3384 = CARTESIAN_POINT ( 'NONE',  ( 51.20000000000000284, 25.89999999999999858, 3.000000000000000000 ) ) ;
#3385 = ORIENTED_EDGE ( 'NONE', *, *, #10549, .F. ) ;
#3386 = ORIENTED_EDGE ( 'NONE', *, *, #6651, .T. ) ;
#3387 = EDGE_CURVE ( 'NONE', #7476, #5222, #4391, .T. ) ;
#3388 = LINE ( 'NONE', #6774, #5635 ) ;
#3389 = DIRECTION ( 'NONE',  ( 0.000000000000000000, 1.000000000000000000, -0.000000000000000000 ) ) ;
#3390 = EDGE_CURVE ( 'NONE', #5568, #210, #1549, .T. ) ;
#3391 = ORIENTED_EDGE ( 'NONE', *, *, #8933, .F. ) ;
#3392 = CARTESIAN_POINT ( 'NONE',  ( -8.500000000000010658, -17.40000000000000213, 1.000000000000000000 ) ) ;
#3393 = DIRECTION ( 'NONE',  ( 1.000000000000000000, 0.000000000000000000, 0.000000000000000000 ) ) ;
#3394 = EDGE_CURVE ( 'NONE', #176, #9874, #10741, .T. ) ;
#3395 = FACE_OUTER_BOUND ( 'NONE', #1208, .T. ) ;
#3396 = ORIENTED_EDGE ( 'NONE', *, *, #1095, .T. ) ;
#3397 = LINE ( 'NONE', #6838, #10522 ) ;
#3398 = VERTEX_POINT ( 'NONE', #4926 ) ;
#3399 = EDGE_CURVE ( 'NONE', #3221, #3768, #10587, .T. ) ;
#3400 = CARTESIAN_POINT ( 'NONE',  ( 34.50000000000000000, 25.89999999999999858, -10.00000000000000000 ) ) ;
#3401 = VERTEX_POINT ( 'NONE', #4040 ) ;
#3402 = CYLINDRICAL_SURFACE ( 'NONE', #9533, 0.5000000000000004441 ) ;
#3403 = LINE ( 'NONE', #7563, #238 ) ;
#3404 = VECTOR ( 'NONE', #6359, 1000.000000000000000 ) ;
#3405 = VECTOR ( 'NONE', #10247, 1000.000000000000000 ) ;
#3406 = CARTESIAN_POINT ( 'NONE',  ( 11.49999999999999467, -78.39999999999996305, -13.99999999999999822 ) ) ;
#3407 = CARTESIAN_POINT ( 'NONE',  ( 2.500000000000000000, -0.2999999999999999889, -1.000000000000000000 ) ) ;
#3408 = ORIENTED_EDGE ( 'NONE', *, *, #7347, .F. ) ;
#3409 = EDGE_LOOP ( 'NONE', ( #2607, #7113, #7903, #9022 ) ) ;
#3410 = VERTEX_POINT ( 'NONE', #7424 ) ;
#3411 = CARTESIAN_POINT ( 'NONE',  ( 11.50000000000001243, -85.89999999999997726, -6.499999999999999112 ) ) ;
#3412 = CIRCLE ( 'NONE', #9254, 2.799999999999999822 ) ;
#3413 = DIRECTION ( 'NONE',  ( 0.000000000000000000, 0.000000000000000000, 1.000000000000000000 ) ) ;
#3414 = VERTEX_POINT ( 'NONE', #3207 ) ;
#3415 = ORIENTED_EDGE ( 'NONE', *, *, #5632, .F. ) ;
#3416 = CARTESIAN_POINT ( 'NONE',  ( 59.20000000000002416, -53.40000000000000568, 3.000000000000000000 ) ) ;
#3417 = CARTESIAN_POINT ( 'NONE',  ( -13.50000000000000711, 24.40000000000000568, -4.000000000000000000 ) ) ;
#3418 = DIRECTION ( 'NONE',  ( -0.000000000000000000, 1.000000000000000000, -0.000000000000000000 ) ) ;
#3419 = EDGE_CURVE ( 'NONE', #317, #172, #7580, .T. ) ;
#3420 = CARTESIAN_POINT ( 'NONE',  ( 62.20000000000000995, -53.40000000000000568, 3.001000000000000334 ) ) ;
#3421 = VECTOR ( 'NONE', #6834, 1000.000000000000000 ) ;
#3422 = DIRECTION ( 'NONE',  ( 0.000000000000000000, -0.4226182617407039377, -0.9063077870366479383 ) ) ;
#3423 = ORIENTED_EDGE ( 'NONE', *, *, #9192, .F. ) ;
#3424 = ORIENTED_EDGE ( 'NONE', *, *, #741, .T. ) ;
#3425 = ORIENTED_EDGE ( 'NONE', *, *, #8550, .T. ) ;
#3426 = CYLINDRICAL_SURFACE ( 'NONE', #1911, 3.500000000000000888 ) ;
#3427 = CARTESIAN_POINT ( 'NONE',  ( 34.50000000000000000, -2.299999999999999822, -14.00000000000000000 ) ) ;
#3428 = ORIENTED_EDGE ( 'NONE', *, *, #7949, .T. ) ;
#3429 = PLANE ( 'NONE',  #8094 ) ;
#3430 = EDGE_CURVE ( 'NONE', #8037, #4857, #1653, .T. ) ;
#3431 = CARTESIAN_POINT ( 'NONE',  ( -2.500000000000009326, -50.39999999999999858, 1.000000000000000000 ) ) ;
#3432 = EDGE_CURVE ( 'NONE', #6465, #1440, #10130, .T. ) ;
#3433 = CARTESIAN_POINT ( 'NONE',  ( 57.16629794778800289, 2.449999999999999734, 0.03489949670250389741 ) ) ;
#3434 = LINE ( 'NONE', #4324, #106 ) ;
#3435 = CARTESIAN_POINT ( 'NONE',  ( 65.20000000000000284, -32.39999999999999858, 3.001000000000000334 ) ) ;
#3436 = ORIENTED_EDGE ( 'NONE', *, *, #10328, .T. ) ;
#3437 = DIRECTION ( 'NONE',  ( 0.000000000000000000, 0.000000000000000000, -1.000000000000000000 ) ) ;
#3438 = ORIENTED_EDGE ( 'NONE', *, *, #494, .T. ) ;
#3439 = ORIENTED_EDGE ( 'NONE', *, *, #4006, .T. ) ;
#3440 = CARTESIAN_POINT ( 'NONE',  ( 50.20000000000000995, -17.40000000000000213, 3.001000000000000334 ) ) ;
#3441 = LINE ( 'NONE', #6000, #1504 ) ;
#3442 = EDGE_CURVE ( 'NONE', #1533, #6162, #10852, .T. ) ;
#3443 = CARTESIAN_POINT ( 'NONE',  ( 27.50000000000000000, -2.269905377680174752, -0.06419140816129449700 ) ) ;
#3444 = CIRCLE ( 'NONE', #2556, 0.5000000000000000000 ) ;
#3445 = ADVANCED_FACE ( 'NONE', ( #5816 ), #7530, .F. ) ;
#3446 = DIRECTION ( 'NONE',  ( 1.000000000000000000, 0.000000000000000000, 0.000000000000000000 ) ) ;
#3447 = AXIS2_PLACEMENT_3D ( 'NONE', #1022, #8557, #5282 ) ;
#3448 = DIRECTION ( 'NONE',  ( -0.000000000000000000, -0.000000000000000000, -1.000000000000000000 ) ) ;
#3449 = EDGE_CURVE ( 'NONE', #6140, #6546, #4208, .T. ) ;
#3450 = CARTESIAN_POINT ( 'NONE',  ( 35.20000000000002416, -17.40000000000000213, 1.000000000000000000 ) ) ;
#3451 = ORIENTED_EDGE ( 'NONE', *, *, #3383, .F. ) ;
#3452 = VECTOR ( 'NONE', #2207, 1000.000000000000000 ) ;
#3453 = FACE_OUTER_BOUND ( 'NONE', #10288, .T. ) ;
#3454 = EDGE_LOOP ( 'NONE', ( #2904, #1781, #4822, #653 ) ) ;
#3455 = DIRECTION ( 'NONE',  ( 1.000000000000000000, 0.000000000000000000, -0.000000000000000000 ) ) ;
#3456 = EDGE_LOOP ( 'NONE', ( #9805, #9731, #9073, #9108 ) ) ;
#3457 = CARTESIAN_POINT ( 'NONE',  ( 18.50000000000000000, 27.40000000000000213, 0.5000000000000000000 ) ) ;
#3458 = CARTESIAN_POINT ( 'NONE',  ( 35.20000000000002416, -53.40000000000000568, 3.000000000000000000 ) ) ;
#3459 = AXIS2_PLACEMENT_3D ( 'NONE', #6470, #9788, #3857 ) ;
#3460 = EDGE_CURVE ( 'NONE', #4013, #3155, #8421, .T. ) ;
#3461 = DIRECTION ( 'NONE',  ( -0.000000000000000000, -0.000000000000000000, -1.000000000000000000 ) ) ;
#3462 = PLANE ( 'NONE',  #4175 ) ;
#3463 = ORIENTED_EDGE ( 'NONE', *, *, #2019, .F. ) ;
#3464 = ORIENTED_EDGE ( 'NONE', *, *, #7417, .T. ) ;
#3465 = VECTOR ( 'NONE', #5279, 1000.000000000000000 ) ;
#3466 = ORIENTED_EDGE ( 'NONE', *, *, #7095, .T. ) ;
#3467 = CARTESIAN_POINT ( 'NONE',  ( 18.50000000000000000, -0.2999999999999999889, -1.000000000000000000 ) ) ;
#3468 = VECTOR ( 'NONE', #8646, 1000.000000000000000 ) ;
#3469 = LINE ( 'NONE', #6023, #8754 ) ;
#3470 = ORIENTED_EDGE ( 'NONE', *, *, #2628, .F. ) ;
#3471 = ORIENTED_EDGE ( 'NONE', *, *, #10229, .T. ) ;
#3472 = FACE_OUTER_BOUND ( 'NONE', #9089, .T. ) ;
#3473 = PLANE ( 'NONE',  #2225 ) ;
#3474 = DIRECTION ( 'NONE',  ( 0.000000000000000000, 1.000000000000000000, -0.000000000000000000 ) ) ;
#3475 = VERTEX_POINT ( 'NONE', #5657 ) ;
#3476 = ORIENTED_EDGE ( 'NONE', *, *, #818, .F. ) ;
#3477 = ORIENTED_EDGE ( 'NONE', *, *, #201, .F. ) ;
#3478 = LINE ( 'NONE', #9416, #9712 ) ;
#3479 = CARTESIAN_POINT ( 'NONE',  ( 0.4999999999999882871, -32.39999999999999858, 3.000000000000000000 ) ) ;
#3480 = EDGE_LOOP ( 'NONE', ( #4852, #3848 ) ) ;
#3481 = VECTOR ( 'NONE', #728, 1000.000000000000000 ) ;
#3482 = DIRECTION ( 'NONE',  ( 0.000000000000000000, 0.000000000000000000, 1.000000000000000000 ) ) ;
#3483 = CARTESIAN_POINT ( 'NONE',  ( 4.799999999999982947, -76.00000000000001421, -7.500000000000000888 ) ) ;
#3484 = ADVANCED_FACE ( 'NONE', ( #1445 ), #9915, .F. ) ;
#3485 = FACE_OUTER_BOUND ( 'NONE', #9832, .T. ) ;
#3486 = CARTESIAN_POINT ( 'NONE',  ( -15.50000000000000711, -83.40000000000000568, -4.000000000000000000 ) ) ;
#3487 = AXIS2_PLACEMENT_3D ( 'NONE', #7414, #9956, #3141 ) ;
#3488 = CARTESIAN_POINT ( 'NONE',  ( 3.079999999999999627, 14.77999999999999936, 3.000000000000000000 ) ) ;
#3489 = EDGE_CURVE ( 'NONE', #606, #2263, #7403, .T. ) ;
#3490 = ORIENTED_EDGE ( 'NONE', *, *, #1663, .F. ) ;
#3491 = CARTESIAN_POINT ( 'NONE',  ( 15.49999999999999289, -78.39999999999996305, 1.000000000000000000 ) ) ;
#3492 = DIRECTION ( 'NONE',  ( 1.000000000000000000, 0.000000000000000000, 0.000000000000000000 ) ) ;
#3493 = VERTEX_POINT ( 'NONE', #5146 ) ;
#3494 = ORIENTED_EDGE ( 'NONE', *, *, #3387, .T. ) ;
#3495 = DIRECTION ( 'NONE',  ( 1.000000000000000000, 0.000000000000000000, 0.000000000000000000 ) ) ;
#3496 = CARTESIAN_POINT ( 'NONE',  ( 38.20000000000000995, -35.39999999999999858, 3.001000000000000334 ) ) ;
#3497 = LINE ( 'NONE', #2610, #4236 ) ;
#3498 = AXIS2_PLACEMENT_3D ( 'NONE', #6950, #6011, #5224 ) ;
#3499 = FACE_OUTER_BOUND ( 'NONE', #8358, .T. ) ;
#3500 = AXIS2_PLACEMENT_3D ( 'NONE', #5883, #126, #3495 ) ;
#3501 = LINE ( 'NONE', #1787, #3237 ) ;
#3502 = CARTESIAN_POINT ( 'NONE',  ( 0.000000000000000000, 27.40000000000000213, 1.000000000000000000 ) ) ;
#3503 = EDGE_CURVE ( 'NONE', #479, #424, #993, .T. ) ;
#3504 = VECTOR ( 'NONE', #10685, 1000.000000000000000 ) ;
#3505 = CARTESIAN_POINT ( 'NONE',  ( 47.20000000000001705, -53.40000000000000568, 1.000000000000000000 ) ) ;
#3506 = ORIENTED_EDGE ( 'NONE', *, *, #9183, .F. ) ;
#3507 = ADVANCED_FACE ( 'NONE', ( #10346 ), #3537, .F. ) ;
#3508 = CARTESIAN_POINT ( 'NONE',  ( 56.20000000000001705, -50.39999999999999858, 3.001000000000000334 ) ) ;
#3509 = ORIENTED_EDGE ( 'NONE', *, *, #9676, .F. ) ;
#3510 = VECTOR ( 'NONE', #934, 1000.000000000000000 ) ;
#3511 = CARTESIAN_POINT ( 'NONE',  ( 4.164757004755709424, 10.44999999999999929, -1.942058085672285106 ) ) ;
#3512 = FACE_OUTER_BOUND ( 'NONE', #4410, .T. ) ;
#3513 = AXIS2_PLACEMENT_3D ( 'NONE', #3297, #8403, #9075 ) ;
#3514 = PLANE ( 'NONE',  #4116 ) ;
#3515 = AXIS2_PLACEMENT_3D ( 'NONE', #1134, #6237, #8720 ) ;
#3516 = CARTESIAN_POINT ( 'NONE',  ( 0.000000000000000000, 6.949999999999999289, -7.799999999999999822 ) ) ;
#3517 = ORIENTED_EDGE ( 'NONE', *, *, #3921, .T. ) ;
#3518 = ORIENTED_EDGE ( 'NONE', *, *, #6423, .T. ) ;
#3519 = ORIENTED_EDGE ( 'NONE', *, *, #6424, .T. ) ;
#3520 = EDGE_CURVE ( 'NONE', #103, #619, #4266, .T. ) ;
#3521 = DIRECTION ( 'NONE',  ( -1.000000000000000000, 0.000000000000000000, 0.000000000000000000 ) ) ;
#3522 = CARTESIAN_POINT ( 'NONE',  ( 3.659182332138600884E-17, -0.2999999999999999889, -13.00000000000000000 ) ) ;
#3523 = ORIENTED_EDGE ( 'NONE', *, *, #3296, .T. ) ;
#3524 = VERTEX_POINT ( 'NONE', #10185 ) ;
#3525 = ADVANCED_FACE ( 'NONE', ( #8583 ), #6149, .F. ) ;
#3526 = FACE_OUTER_BOUND ( 'NONE', #3701, .T. ) ;
#3527 = CARTESIAN_POINT ( 'NONE',  ( 18.21999999999999886, 22.91999999999999815, 3.000000000000000000 ) ) ;
#3528 = EDGE_CURVE ( 'NONE', #8185, #5394, #3324, .T. ) ;
#3529 = VECTOR ( 'NONE', #4554, 1000.000000000000000 ) ;
#3530 = VECTOR ( 'NONE', #1337, 1000.000000000000000 ) ;
#3531 = DIRECTION ( 'NONE',  ( 0.000000000000000000, -1.000000000000000000, 0.000000000000000000 ) ) ;
#3532 = EDGE_CURVE ( 'NONE', #1679, #6825, #10292, .T. ) ;
#3533 = CARTESIAN_POINT ( 'NONE',  ( 38.20000000000000995, -53.40000000000000568, 3.000000000000000000 ) ) ;
#3534 = ORIENTED_EDGE ( 'NONE', *, *, #2472, .T. ) ;
#3535 = ORIENTED_EDGE ( 'NONE', *, *, #7375, .F. ) ;
#3536 = VERTEX_POINT ( 'NONE', #2756 ) ;
#3537 = CYLINDRICAL_SURFACE ( 'NONE', #10759, 2.799999999999999822 ) ;
#3538 = PLANE ( 'NONE',  #6923 ) ;
#3539 = ORIENTED_EDGE ( 'NONE', *, *, #2356, .T. ) ;
#3540 = ADVANCED_FACE ( 'NONE', ( #9305 ), #3426, .F. ) ;
#3541 = VECTOR ( 'NONE', #2786, 1000.000000000000000 ) ;
#3542 = DIRECTION ( 'NONE',  ( -1.000000000000000000, 0.000000000000000000, 0.000000000000000000 ) ) ;
#3543 = DIRECTION ( 'NONE',  ( 0.000000000000000000, 0.000000000000000000, -1.000000000000000000 ) ) ;
#3544 = LINE ( 'NONE', #9423, #7831 ) ;
#3545 = LINE ( 'NONE', #7977, #636 ) ;
#3546 = VECTOR ( 'NONE', #3607, 1000.000000000000000 ) ;
#3547 = DIRECTION ( 'NONE',  ( 1.000000000000000000, 0.000000000000000000, 0.000000000000000000 ) ) ;
#3548 = EDGE_LOOP ( 'NONE', ( #7748, #2574, #8354, #9687 ) ) ;
#3549 =( NAMED_UNIT ( * ) PLANE_ANGLE_UNIT ( ) SI_UNIT ( $, .RADIAN. ) );
#3550 = PLANE ( 'NONE',  #3736 ) ;
#3551 = ORIENTED_EDGE ( 'NONE', *, *, #8487, .F. ) ;
#3552 = VERTEX_POINT ( 'NONE', #5980 ) ;
#3553 = CARTESIAN_POINT ( 'NONE',  ( 75.20000000000000284, 39.40000000000000568, 1.000000000000000000 ) ) ;
#3554 = CYLINDRICAL_SURFACE ( 'NONE', #2204, 5.000000000000000000 ) ;
#3555 = CARTESIAN_POINT ( 'NONE',  ( 62.20000000000000284, -32.39999999999999858, 3.001000000000000334 ) ) ;
#3556 = VECTOR ( 'NONE', #1503, 1000.000000000000000 ) ;
#3557 = AXIS2_PLACEMENT_3D ( 'NONE', #10853, #618, #5871 ) ;
#3558 = CARTESIAN_POINT ( 'NONE',  ( 41.20000000000002416, -35.39999999999999858, 3.000000000000000000 ) ) ;
#3559 = CARTESIAN_POINT ( 'NONE',  ( 51.20000000000000284, 26.89999999999999858, 3.000000000000000000 ) ) ;
#3560 = LINE ( 'NONE', #3450, #1344 ) ;
#3561 = CARTESIAN_POINT ( 'NONE',  ( 57.00000000000000000, 0.000000000000000000, 0.5000000000000000000 ) ) ;
#3562 = VERTEX_POINT ( 'NONE', #112 ) ;
#3563 = CARTESIAN_POINT ( 'NONE',  ( 62.20000000000000995, -50.39999999999999858, 3.000000000000000000 ) ) ;
#3564 = ORIENTED_EDGE ( 'NONE', *, *, #8087, .F. ) ;
#3565 = DIRECTION ( 'NONE',  ( 0.03489949670250408476, 0.000000000000000000, 0.9993908270190955401 ) ) ;
#3566 = CARTESIAN_POINT ( 'NONE',  ( -0.2000000000000265454, -76.00000000000001421, 1.000000000000000000 ) ) ;
#3567 = LINE ( 'NONE', #7679, #2527 ) ;
#3568 = EDGE_CURVE ( 'NONE', #3227, #10058, #4367, .T. ) ;
#3569 = LINE ( 'NONE', #6847, #3641 ) ;
#3570 = ORIENTED_EDGE ( 'NONE', *, *, #6886, .T. ) ;
#3571 = ORIENTED_EDGE ( 'NONE', *, *, #5196, .T. ) ;
#3572 = ORIENTED_EDGE ( 'NONE', *, *, #8656, .F. ) ;
#3573 = DIRECTION ( 'NONE',  ( 1.000000000000000000, 4.517509052022939661E-17, 0.000000000000000000 ) ) ;
#3574 = CARTESIAN_POINT ( 'NONE',  ( 2.799999999999985612, -76.00000000000001421, -7.500000000000000888 ) ) ;
#3575 = VERTEX_POINT ( 'NONE', #163 ) ;
#3576 = VERTEX_POINT ( 'NONE', #1711 ) ;
#3577 = CARTESIAN_POINT ( 'NONE',  ( -8.500000000000007105, -53.40000000000000568, 1.000000000000000000 ) ) ;
#3578 = DIRECTION ( 'NONE',  ( -1.000000000000000000, -1.258870447007842698E-16, 0.000000000000000000 ) ) ;
#3579 = AXIS2_PLACEMENT_3D ( 'NONE', #8253, #667, #4037 ) ;
#3580 = EDGE_CURVE ( 'NONE', #652, #372, #4317, .T. ) ;
#3581 = CARTESIAN_POINT ( 'NONE',  ( 44.20000000000000995, -50.39999999999999858, 1.000000000000000000 ) ) ;
#3582 = VERTEX_POINT ( 'NONE', #7696 ) ;
#3583 = EDGE_CURVE ( 'NONE', #8678, #872, #2651, .T. ) ;
#3584 = VECTOR ( 'NONE', #8249, 1000.000000000000000 ) ;
#3585 = CIRCLE ( 'NONE', #5186, 0.5000000000000000000 ) ;
#3586 = VERTEX_POINT ( 'NONE', #6864 ) ;
#3587 = EDGE_LOOP ( 'NONE', ( #9791, #5520, #10946, #9237 ) ) ;
#3588 = LINE ( 'NONE', #6974, #4933 ) ;
#3589 = DIRECTION ( 'NONE',  ( -0.000000000000000000, -0.000000000000000000, -1.000000000000000000 ) ) ;
#3590 = ORIENTED_EDGE ( 'NONE', *, *, #3583, .F. ) ;
#3591 = DIRECTION ( 'NONE',  ( -0.000000000000000000, -0.000000000000000000, -1.000000000000000000 ) ) ;
#3592 = LINE ( 'NONE', #9690, #6200 ) ;
#3593 = VECTOR ( 'NONE', #8161, 1000.000000000000000 ) ;
#3594 = LINE ( 'NONE', #2763, #5887 ) ;
#3595 = CARTESIAN_POINT ( 'NONE',  ( -2.500000000000009326, -35.39999999999999858, 1.000000000000000000 ) ) ;
#3596 = EDGE_CURVE ( 'NONE', #6561, #6519, #3478, .T. ) ;
#3597 = CARTESIAN_POINT ( 'NONE',  ( -0.2999999999999934941, 17.44999999999999929, 1.000000000000000000 ) ) ;
#3598 = ORIENTED_EDGE ( 'NONE', *, *, #10819, .T. ) ;
#3599 = DIRECTION ( 'NONE',  ( 0.000000000000000000, 0.000000000000000000, -1.000000000000000000 ) ) ;
#3600 = LINE ( 'NONE', #10305, #3910 ) ;
#3601 = VECTOR ( 'NONE', #8486, 1000.000000000000000 ) ;
#3602 = ORIENTED_EDGE ( 'NONE', *, *, #5061, .F. ) ;
#3603 = ORIENTED_EDGE ( 'NONE', *, *, #6046, .T. ) ;
#3604 = DIRECTION ( 'NONE',  ( 0.000000000000000000, 0.000000000000000000, -1.000000000000000000 ) ) ;
#3605 = LINE ( 'NONE', #127, #5432 ) ;
#3606 = DIRECTION ( 'NONE',  ( 1.000000000000000000, 1.505836350674309769E-16, 0.000000000000000000 ) ) ;
#3607 = DIRECTION ( 'NONE',  ( 0.000000000000000000, 1.000000000000000000, 0.000000000000000000 ) ) ;
#3608 = DIRECTION ( 'NONE',  ( 0.000000000000000000, 0.000000000000000000, -1.000000000000000000 ) ) ;
#3609 = CARTESIAN_POINT ( 'NONE',  ( 50.20000000000000995, -53.40000000000000568, 3.001000000000000334 ) ) ;
#3610 = LINE ( 'NONE', #2779, #3262 ) ;
#3611 = ORIENTED_EDGE ( 'NONE', *, *, #6533, .F. ) ;
#3612 = CARTESIAN_POINT ( 'NONE',  ( 40.92976288113995054, 10.44999999999999929, 19.08586187794364974 ) ) ;
#3613 = ORIENTED_EDGE ( 'NONE', *, *, #6657, .T. ) ;
#3614 = LINE ( 'NONE', #7006, #1223 ) ;
#3615 = CARTESIAN_POINT ( 'NONE',  ( -2.500000000000011102, -32.39999999999999858, 1.000000000000000000 ) ) ;
#3616 = DIRECTION ( 'NONE',  ( -1.000000000000000000, 0.000000000000000000, 0.000000000000000000 ) ) ;
#3617 = EDGE_CURVE ( 'NONE', #2460, #1764, #7859, .T. ) ;
#3618 = DIRECTION ( 'NONE',  ( -0.000000000000000000, -0.000000000000000000, 1.000000000000000000 ) ) ;
#3619 = AXIS2_PLACEMENT_3D ( 'NONE', #10241, #2652, #6815 ) ;
#3620 = AXIS2_PLACEMENT_3D ( 'NONE', #4542, #3705, #10466 ) ;
#3621 = EDGE_LOOP ( 'NONE', ( #7058, #9391, #7150, #7420 ) ) ;
#3622 = EDGE_CURVE ( 'NONE', #7408, #8037, #2702, .T. ) ;
#3623 = ORIENTED_EDGE ( 'NONE', *, *, #923, .T. ) ;
#3624 = EDGE_CURVE ( 'NONE', #10013, #878, #8637, .T. ) ;
#3625 = VERTEX_POINT ( 'NONE', #220 ) ;
#3626 = DIRECTION ( 'NONE',  ( 0.000000000000000000, 0.000000000000000000, 1.000000000000000000 ) ) ;
#3627 = CARTESIAN_POINT ( 'NONE',  ( 50.20000000000000995, -35.39999999999999858, 1.000000000000000000 ) ) ;
#3628 = ORIENTED_EDGE ( 'NONE', *, *, #6084, .F. ) ;
#3629 = VERTEX_POINT ( 'NONE', #2539 ) ;
#3630 = CARTESIAN_POINT ( 'NONE',  ( 72.20000000000000284, 36.39999999999999858, 3.000000000000000000 ) ) ;
#3631 = CARTESIAN_POINT ( 'NONE',  ( -13.50000000000000711, -83.40000000000000568, 1.000000000000000000 ) ) ;
#3632 = VECTOR ( 'NONE', #7966, 1000.000000000000000 ) ;
#3633 = LINE ( 'NONE', #7907, #6592 ) ;
#3634 = EDGE_CURVE ( 'NONE', #9847, #6727, #3588, .T. ) ;
#3635 = DIRECTION ( 'NONE',  ( -0.000000000000000000, 1.000000000000000000, -0.000000000000000000 ) ) ;
#3636 = EDGE_CURVE ( 'NONE', #10342, #8573, #8972, .T. ) ;
#3637 = VECTOR ( 'NONE', #1923, 1000.000000000000000 ) ;
#3638 = DIRECTION ( 'NONE',  ( 0.000000000000000000, 1.000000000000000000, 0.000000000000000000 ) ) ;
#3639 = ADVANCED_FACE ( 'NONE', ( #9583, #1268, #9633, #7915, #6260, #10617, #3918, #1315, #2916, #2974, #329, #3698, #7970, #3026, #6313, #8136, #5580, #9685, #7140, #1157, #1983, #8915, #7083, #385, #8857, #10565, #550, #10402, #3751, #6365, #8800, #1374, #4643, #10459, #6416, #4700, #5367, #8021, #2037, #2865, #1210, #4590, #10512, #2089, #8082, #4751, #439, #2808, #9740, #491, #6205, #5473, #3810, #7192, #7247, #2145, #8746, #5527, #3864, #9793 ), #2200, .F. ) ;
#3640 = VERTEX_POINT ( 'NONE', #6582 ) ;
#3641 = VECTOR ( 'NONE', #6336, 1000.000000000000000 ) ;
#3642 = ORIENTED_EDGE ( 'NONE', *, *, #9885, .T. ) ;
#3643 = EDGE_LOOP ( 'NONE', ( #7750, #10769, #2946, #10387, #3967 ) ) ;
#3644 = CARTESIAN_POINT ( 'NONE',  ( 27.50000000000000000, 9.020562075079398469E-15, -7.799999999999999822 ) ) ;
#3645 = LINE ( 'NONE', #9584, #8511 ) ;
#3646 = EDGE_CURVE ( 'NONE', #5338, #3100, #8241, .T. ) ;
#3647 = ORIENTED_EDGE ( 'NONE', *, *, #3622, .F. ) ;
#3648 = EDGE_CURVE ( 'NONE', #2409, #6542, #8126, .T. ) ;
#3649 = CARTESIAN_POINT ( 'NONE',  ( 72.20000000000000284, 36.39999999999999858, 1.000000000000000000 ) ) ;
#3650 = CARTESIAN_POINT ( 'NONE',  ( 3.799999999999983835, -10.00000000000000888, -7.500000000000000888 ) ) ;
#3651 = ADVANCED_FACE ( 'NONE', ( #7296 ), #1396, .F. ) ;
#3652 = DIRECTION ( 'NONE',  ( 1.000000000000000000, 0.000000000000000000, 0.000000000000000000 ) ) ;
#3653 = EDGE_CURVE ( 'NONE', #8357, #10118, #5023, .T. ) ;
#3654 = DIRECTION ( 'NONE',  ( 0.000000000000000000, 0.000000000000000000, 1.000000000000000000 ) ) ;
#3655 = CARTESIAN_POINT ( 'NONE',  ( 3.079999999999999627, 14.77999999999999936, 1.000000000000000000 ) ) ;
#3656 = ORIENTED_EDGE ( 'NONE', *, *, #5274, .F. ) ;
#3657 = ORIENTED_EDGE ( 'NONE', *, *, #2532, .F. ) ;
#3658 = LINE ( 'NONE', #5379, #7052 ) ;
#3659 = PLANE ( 'NONE',  #4975 ) ;
#3660 = VERTEX_POINT ( 'NONE', #2256 ) ;
#3661 = ORIENTED_EDGE ( 'NONE', *, *, #3528, .F. ) ;
#3662 = LINE ( 'NONE', #2828, #147 ) ;
#3663 = DIRECTION ( 'NONE',  ( -0.000000000000000000, -0.000000000000000000, -1.000000000000000000 ) ) ;
#3664 = EDGE_CURVE ( 'NONE', #1728, #10319, #8294, .T. ) ;
#3665 = DIRECTION ( 'NONE',  ( 1.000000000000000000, 2.465133360598621804E-14, 0.000000000000000000 ) ) ;
#3666 = EDGE_CURVE ( 'NONE', #9332, #8613, #4859, .T. ) ;
#3667 = VECTOR ( 'NONE', #6439, 1000.000000000000000 ) ;
#3668 = CARTESIAN_POINT ( 'NONE',  ( 2.500000000000035083, 26.89999999999999858, 3.000000000000000000 ) ) ;
#3669 = CARTESIAN_POINT ( 'NONE',  ( 47.20000000000001705, -17.40000000000000213, 3.000000000000000000 ) ) ;
#3670 = FACE_OUTER_BOUND ( 'NONE', #4001, .T. ) ;
#3671 = DIRECTION ( 'NONE',  ( 1.000000000000000000, -1.156482317317871478E-16, -0.000000000000000000 ) ) ;
#3672 = ORIENTED_EDGE ( 'NONE', *, *, #6895, .T. ) ;
#3673 = DIRECTION ( 'NONE',  ( 1.000000000000000000, 0.000000000000000000, 0.000000000000000000 ) ) ;
#3674 = EDGE_LOOP ( 'NONE', ( #5854, #7138, #2107, #1383 ) ) ;
#3675 = VECTOR ( 'NONE', #4851, 1000.000000000000000 ) ;
#3676 = EDGE_CURVE ( 'NONE', #2956, #2590, #7352, .T. ) ;
#3677 = DIRECTION ( 'NONE',  ( 0.000000000000000000, -0.000000000000000000, -1.000000000000000000 ) ) ;
#3678 = FACE_OUTER_BOUND ( 'NONE', #4007, .T. ) ;
#3679 = DIRECTION ( 'NONE',  ( 0.000000000000000000, 0.000000000000000000, 1.000000000000000000 ) ) ;
#3680 = DIRECTION ( 'NONE',  ( -1.000000000000000000, 9.251858538542971828E-16, 0.000000000000000000 ) ) ;
#3681 = EDGE_LOOP ( 'NONE', ( #10840, #3179, #8814, #2731 ) ) ;
#3682 = ORIENTED_EDGE ( 'NONE', *, *, #2709, .F. ) ;
#3683 = VECTOR ( 'NONE', #2439, 1000.000000000000000 ) ;
#3684 = EDGE_LOOP ( 'NONE', ( #47, #4727, #7480, #2821 ) ) ;
#3685 = CARTESIAN_POINT ( 'NONE',  ( 56.20000000000001705, -35.39999999999999858, 3.000000000000000000 ) ) ;
#3686 = ADVANCED_FACE ( 'NONE', ( #9950 ), #9902, .F. ) ;
#3687 = VERTEX_POINT ( 'NONE', #5857 ) ;
#3688 = ORIENTED_EDGE ( 'NONE', *, *, #10821, .F. ) ;
#3689 = DIRECTION ( 'NONE',  ( 0.000000000000000000, 0.000000000000000000, -1.000000000000000000 ) ) ;
#3690 = FACE_OUTER_BOUND ( 'NONE', #592, .T. ) ;
#3691 = AXIS2_PLACEMENT_3D ( 'NONE', #3411, #4250, #6800 ) ;
#3692 = FACE_OUTER_BOUND ( 'NONE', #2621, .T. ) ;
#3693 = VECTOR ( 'NONE', #104, 1000.000000000000000 ) ;
#3694 = CARTESIAN_POINT ( 'NONE',  ( 0.2000000000000075051, 6.949999999999999289, 0.5000000000000000000 ) ) ;
#3695 = EDGE_LOOP ( 'NONE', ( #7682, #5709 ) ) ;
#3696 = ORIENTED_EDGE ( 'NONE', *, *, #3430, .F. ) ;
#3697 = ORIENTED_EDGE ( 'NONE', *, *, #6175, .T. ) ;
#3698 = FACE_BOUND ( 'NONE', #2783, .T. ) ;
#3699 = LINE ( 'NONE', #7298, #4692 ) ;
#3700 = AXIS2_PLACEMENT_3D ( 'NONE', #3951, #584, #1516 ) ;
#3701 = EDGE_LOOP ( 'NONE', ( #4618, #10628, #10499, #7100 ) ) ;
#3702 = DIRECTION ( 'NONE',  ( -1.000000000000000000, 0.000000000000000000, 0.000000000000000000 ) ) ;
#3703 = CARTESIAN_POINT ( 'NONE',  ( 72.20000000000001705, -98.40000000000000568, 1.000000000000000000 ) ) ;
#3704 = DIRECTION ( 'NONE',  ( -1.000000000000000000, 0.000000000000000000, 0.000000000000000000 ) ) ;
#3705 = DIRECTION ( 'NONE',  ( 0.000000000000000000, 1.000000000000000000, 0.000000000000000000 ) ) ;
#3706 = ADVANCED_FACE ( 'NONE', ( #2362 ), #7514, .F. ) ;
#3707 = CARTESIAN_POINT ( 'NONE',  ( 47.20000000000000284, -50.39999999999999858, 1.000000000000000000 ) ) ;
#3708 = ORIENTED_EDGE ( 'NONE', *, *, #9618, .T. ) ;
#3709 = ORIENTED_EDGE ( 'NONE', *, *, #5458, .F. ) ;
#3710 = TOROIDAL_SURFACE ( 'NONE', #6897, 3.799999999999999822, 0.5000000000000000000 ) ;
#3711 = CARTESIAN_POINT ( 'NONE',  ( 75.20000000000001705, -95.40000000000000568, 1.000000000000000000 ) ) ;
#3712 = CARTESIAN_POINT ( 'NONE',  ( 3.799999999999983835, -76.00000000000001421, -7.500000000000000888 ) ) ;
#3713 = ORIENTED_EDGE ( 'NONE', *, *, #6796, .F. ) ;
#3714 = ORIENTED_EDGE ( 'NONE', *, *, #10533, .T. ) ;
#3715 = CARTESIAN_POINT ( 'NONE',  ( 9.499999999999992895, -17.40000000000000213, 3.000000000000000000 ) ) ;
#3716 = DIRECTION ( 'NONE',  ( 1.000000000000000000, 0.000000000000000000, 0.000000000000000000 ) ) ;
#3717 = LINE ( 'NONE', #9705, #5117 ) ;
#3718 = VECTOR ( 'NONE', #51, 1000.000000000000000 ) ;
#3719 = CARTESIAN_POINT ( 'NONE',  ( -14.50000000000000533, 24.40000000000000568, -4.000000000000000000 ) ) ;
#3720 = DIRECTION ( 'NONE',  ( -0.000000000000000000, -0.000000000000000000, -1.000000000000000000 ) ) ;
#3721 = EDGE_CURVE ( 'NONE', #2578, #10712, #5744, .T. ) ;
#3722 = EDGE_CURVE ( 'NONE', #1728, #1641, #4808, .T. ) ;
#3723 = CARTESIAN_POINT ( 'NONE',  ( 0.4999999999999935052, -68.40000000000000568, 3.000000000000000000 ) ) ;
#3724 = EDGE_CURVE ( 'NONE', #606, #6811, #4401, .T. ) ;
#3725 = DIRECTION ( 'NONE',  ( 1.000000000000000000, 0.000000000000000000, 0.000000000000000000 ) ) ;
#3726 = ORIENTED_EDGE ( 'NONE', *, *, #9760, .F. ) ;
#3727 = VECTOR ( 'NONE', #744, 1000.000000000000000 ) ;
#3728 = VECTOR ( 'NONE', #7697, 1000.000000000000000 ) ;
#3729 = CARTESIAN_POINT ( 'NONE',  ( 55.50000000000000000, 18.45000000000000284, -1.000000000000000000 ) ) ;
#3730 = ORIENTED_EDGE ( 'NONE', *, *, #642, .T. ) ;
#3731 = CARTESIAN_POINT ( 'NONE',  ( 59.20000000000002416, -35.39999999999999858, 3.000000000000000000 ) ) ;
#3732 = EDGE_CURVE ( 'NONE', #7687, #10687, #5466, .T. ) ;
#3733 = FACE_OUTER_BOUND ( 'NONE', #7914, .T. ) ;
#3734 = LINE ( 'NONE', #309, #7086 ) ;
#3735 = DIRECTION ( 'NONE',  ( 0.000000000000000000, -0.000000000000000000, -1.000000000000000000 ) ) ;
#3736 = AXIS2_PLACEMENT_3D ( 'NONE', #1779, #5996, #346 ) ;
#3737 = EDGE_CURVE ( 'NONE', #1155, #9346, #5640, .T. ) ;
#3738 = ORIENTED_EDGE ( 'NONE', *, *, #2774, .F. ) ;
#3739 = VERTEX_POINT ( 'NONE', #2410 ) ;
#3740 = ORIENTED_EDGE ( 'NONE', *, *, #8523, .F. ) ;
#3741 = CARTESIAN_POINT ( 'NONE',  ( 55.19999999999999574, 6.949999999999999289, -7.799999999999999822 ) ) ;
#3742 = ORIENTED_EDGE ( 'NONE', *, *, #7360, .F. ) ;
#3743 = ORIENTED_EDGE ( 'NONE', *, *, #5397, .T. ) ;
#3744 = DIRECTION ( 'NONE',  ( 1.000000000000000000, -0.000000000000000000, -0.000000000000000000 ) ) ;
#3745 = DIRECTION ( 'NONE',  ( -0.9993908270190956511, 0.000000000000000000, -0.03489949670250448721 ) ) ;
#3746 = DIRECTION ( 'NONE',  ( -0.000000000000000000, -0.000000000000000000, -1.000000000000000000 ) ) ;
#3747 = CARTESIAN_POINT ( 'NONE',  ( 55.50000000000000000, 4.000000000000000000, 3.000000000000000000 ) ) ;
#3748 = ORIENTED_EDGE ( 'NONE', *, *, #4458, .F. ) ;
#3749 = VERTEX_POINT ( 'NONE', #5799 ) ;
#3750 = ORIENTED_EDGE ( 'NONE', *, *, #10005, .F. ) ;
#3751 = FACE_BOUND ( 'NONE', #2284, .T. ) ;
#3752 = VECTOR ( 'NONE', #1584, 1000.000000000000000 ) ;
#3753 = CARTESIAN_POINT ( 'NONE',  ( 42.39999999999999858, 12.80000000000000071, 3.000000000000000000 ) ) ;
#3754 = ORIENTED_EDGE ( 'NONE', *, *, #10105, .T. ) ;
#3755 = LINE ( 'NONE', #4813, #4020 ) ;
#3756 = CARTESIAN_POINT ( 'NONE',  ( 65.20000000000001705, -35.39999999999999858, 1.000000000000000000 ) ) ;
#3757 = DIRECTION ( 'NONE',  ( -0.000000000000000000, -0.000000000000000000, 1.000000000000000000 ) ) ;
#3758 = VECTOR ( 'NONE', #10162, 1000.000000000000000 ) ;
#3759 = AXIS2_PLACEMENT_3D ( 'NONE', #6982, #2044, #3704 ) ;
#3760 = DIRECTION ( 'NONE',  ( 1.000000000000000000, 1.734723475976807587E-16, -0.000000000000000000 ) ) ;
#3761 = DIRECTION ( 'NONE',  ( -0.000000000000000000, -0.000000000000000000, -1.000000000000000000 ) ) ;
#3762 = VERTEX_POINT ( 'NONE', #9175 ) ;
#3763 = ORIENTED_EDGE ( 'NONE', *, *, #9329, .F. ) ;
#3764 = DIRECTION ( 'NONE',  ( 0.000000000000000000, 1.000000000000000000, 0.000000000000000000 ) ) ;
#3765 = DIRECTION ( 'NONE',  ( 0.000000000000000000, -0.000000000000000000, -1.000000000000000000 ) ) ;
#3766 = EDGE_CURVE ( 'NONE', #9366, #2460, #9234, .T. ) ;
#3767 = ORIENTED_EDGE ( 'NONE', *, *, #10684, .F. ) ;
#3768 = VERTEX_POINT ( 'NONE', #4136 ) ;
#3769 = DIRECTION ( 'NONE',  ( -0.000000000000000000, -0.000000000000000000, -1.000000000000000000 ) ) ;
#3770 = CARTESIAN_POINT ( 'NONE',  ( 51.20000000000000284, 21.60000000000000142, 0.5000000000000000000 ) ) ;
#3771 = VECTOR ( 'NONE', #1647, 1000.000000000000000 ) ;
#3772 = AXIS2_PLACEMENT_3D ( 'NONE', #8952, #3121, #640 ) ;
#3773 = LINE ( 'NONE', #239, #8305 ) ;
#3774 = ADVANCED_FACE ( 'NONE', ( #1427 ), #1639, .F. ) ;
#3775 = DIRECTION ( 'NONE',  ( -0.000000000000000000, 1.000000000000000000, 0.000000000000000000 ) ) ;
#3776 = EDGE_CURVE ( 'NONE', #2437, #9534, #930, .T. ) ;
#3777 = DIRECTION ( 'NONE',  ( -1.000000000000000000, 0.000000000000000000, 0.000000000000000000 ) ) ;
#3778 = LINE ( 'NONE', #1912, #296 ) ;
#3779 = AXIS2_PLACEMENT_3D ( 'NONE', #4500, #5277, #407 ) ;
#3780 = CARTESIAN_POINT ( 'NONE',  ( 38.20000000000000995, -53.40000000000000568, 1.000000000000000000 ) ) ;
#3781 = CARTESIAN_POINT ( 'NONE',  ( 49.79999999999998295, -76.00000000000001421, 1.000000000000000000 ) ) ;
#3782 = EDGE_CURVE ( 'NONE', #7650, #103, #5077, .T. ) ;
#3783 = ORIENTED_EDGE ( 'NONE', *, *, #5511, .F. ) ;
#3784 = DIRECTION ( 'NONE',  ( -1.000000000000000000, 0.000000000000000000, 0.000000000000000000 ) ) ;
#3785 = ORIENTED_EDGE ( 'NONE', *, *, #184, .T. ) ;
#3786 = EDGE_CURVE ( 'NONE', #9534, #8703, #7635, .T. ) ;
#3787 = DIRECTION ( 'NONE',  ( 1.000000000000000000, 0.000000000000000000, 0.000000000000000000 ) ) ;
#3788 = ADVANCED_FACE ( 'NONE', ( #5183 ), #9007, .F. ) ;
#3789 = FACE_OUTER_BOUND ( 'NONE', #2795, .T. ) ;
#3790 = LINE ( 'NONE', #365, #5846 ) ;
#3791 = ADVANCED_FACE ( 'NONE', ( #875 ), #6741, .T. ) ;
#3792 = DIRECTION ( 'NONE',  ( -4.313492514189664968E-16, 1.000000000000000000, 0.000000000000000000 ) ) ;
#3793 = EDGE_CURVE ( 'NONE', #1767, #4903, #1049, .T. ) ;
#3794 = ORIENTED_EDGE ( 'NONE', *, *, #4023, .T. ) ;
#3795 = ORIENTED_EDGE ( 'NONE', *, *, #9384, .T. ) ;
#3796 = ORIENTED_EDGE ( 'NONE', *, *, #5832, .T. ) ;
#3797 = DIRECTION ( 'NONE',  ( 0.000000000000000000, -0.000000000000000000, -1.000000000000000000 ) ) ;
#3798 = VERTEX_POINT ( 'NONE', #149 ) ;
#3799 = ORIENTED_EDGE ( 'NONE', *, *, #6944, .T. ) ;
#3800 = CARTESIAN_POINT ( 'NONE',  ( 3.799999999999983835, -76.00000000000001421, 1.000000000000000000 ) ) ;
#3801 = DIRECTION ( 'NONE',  ( 0.000000000000000000, 0.000000000000000000, 1.000000000000000000 ) ) ;
#3802 = ADVANCED_FACE ( 'NONE', ( #10170 ), #10116, .T. ) ;
#3803 = DIRECTION ( 'NONE',  ( 0.000000000000000000, 0.000000000000000000, -1.000000000000000000 ) ) ;
#3804 = AXIS2_PLACEMENT_3D ( 'NONE', #2687, #8461, #9507 ) ;
#3805 = AXIS2_PLACEMENT_3D ( 'NONE', #8774, #7275, #7383 ) ;
#3806 = CARTESIAN_POINT ( 'NONE',  ( 35.50000000000000000, 0.2000000000000000111, 0.5000000000000000000 ) ) ;
#3807 = ORIENTED_EDGE ( 'NONE', *, *, #1502, .F. ) ;
#3808 = ORIENTED_EDGE ( 'NONE', *, *, #6189, .F. ) ;
#3809 = VERTEX_POINT ( 'NONE', #6022 ) ;
#3810 = FACE_BOUND ( 'NONE', #8111, .T. ) ;
#3811 = AXIS2_PLACEMENT_3D ( 'NONE', #107, #3474, #10069 ) ;
#3812 = DIRECTION ( 'NONE',  ( -0.000000000000000000, -0.000000000000000000, -1.000000000000000000 ) ) ;
#3813 = EDGE_LOOP ( 'NONE', ( #9404, #2388, #4655, #8139 ) ) ;
#3814 = DIRECTION ( 'NONE',  ( -0.000000000000000000, 0.000000000000000000, -1.000000000000000000 ) ) ;
#3816 = ADVANCED_FACE ( 'NONE', ( #2579 ), #7739, .F. ) ;
#3815 = DIRECTION ( 'NONE',  ( 0.000000000000000000, 1.000000000000000000, 0.000000000000000000 ) ) ;
#3817 = FACE_OUTER_BOUND ( 'NONE', #5656, .T. ) ;
#3818 = VECTOR ( 'NONE', #7460, 1000.000000000000000 ) ;
#3819 = DIRECTION ( 'NONE',  ( 1.156482317317871478E-16, 1.000000000000000000, -0.000000000000000000 ) ) ;
#3820 = CARTESIAN_POINT ( 'NONE',  ( 57.09545360055889773, 10.44999999999999929, -1.993817174212074939 ) ) ;
#3821 = ORIENTED_EDGE ( 'NONE', *, *, #2838, .F. ) ;
#3822 = ORIENTED_EDGE ( 'NONE', *, *, #4817, .F. ) ;
#3823 = LINE ( 'NONE', #3711, #10933 ) ;
#3824 = FACE_OUTER_BOUND ( 'NONE', #4327, .T. ) ;
#3825 = VECTOR ( 'NONE', #2173, 1000.000000000000000 ) ;
#3826 = VERTEX_POINT ( 'NONE', #2523 ) ;
#3827 = VERTEX_POINT ( 'NONE', #7573 ) ;
#3828 = DIRECTION ( 'NONE',  ( -1.000000000000000000, 0.000000000000000000, 0.000000000000000000 ) ) ;
#3829 = ADVANCED_FACE ( 'NONE', ( #4191 ), #9289, .F. ) ;
#3830 = VECTOR ( 'NONE', #3107, 1000.000000000000000 ) ;
#3831 = CARTESIAN_POINT ( 'NONE',  ( 18.21999999999999886, 3.875000000000000000, 3.000000000000000000 ) ) ;
#3832 = DIRECTION ( 'NONE',  ( -9.251858538542971828E-16, -1.000000000000000000, 0.000000000000000000 ) ) ;
#3833 = PLANE ( 'NONE',  #9790 ) ;
#3834 = CARTESIAN_POINT ( 'NONE',  ( 38.20000000000000995, -68.40000000000000568, 3.001000000000000334 ) ) ;
#3835 = PLANE ( 'NONE',  #10008 ) ;
#3836 = FACE_OUTER_BOUND ( 'NONE', #3251, .T. ) ;
#3837 = ORIENTED_EDGE ( 'NONE', *, *, #6101, .T. ) ;
#3838 = DIRECTION ( 'NONE',  ( 0.000000000000000000, 0.000000000000000000, 1.000000000000000000 ) ) ;
#3839 = CARTESIAN_POINT ( 'NONE',  ( 0.4999999999999935052, -68.40000000000000568, 1.000000000000000000 ) ) ;
#3840 = VERTEX_POINT ( 'NONE', #3467 ) ;
#3841 = CARTESIAN_POINT ( 'NONE',  ( -14.50000000000000533, -94.39999999999999147, 1.000000000000000000 ) ) ;
#3842 = AXIS2_PLACEMENT_3D ( 'NONE', #350, #3663, #2883 ) ;
#3843 = DIRECTION ( 'NONE',  ( -1.000000000000000000, 0.000000000000000000, 0.000000000000000000 ) ) ;
#3844 = DIRECTION ( 'NONE',  ( 0.000000000000000000, 0.000000000000000000, -1.000000000000000000 ) ) ;
#3845 = EDGE_CURVE ( 'NONE', #3524, #2421, #9454, .T. ) ;
#3847 = EDGE_CURVE ( 'NONE', #4994, #5402, #9347, .T. ) ;
#3846 = AXIS2_PLACEMENT_3D ( 'NONE', #2042, #609, #2093 ) ;
#3848 = ORIENTED_EDGE ( 'NONE', *, *, #7119, .F. ) ;
#3849 = EDGE_LOOP ( 'NONE', ( #2993, #3167, #8285, #58 ) ) ;
#3850 = ORIENTED_EDGE ( 'NONE', *, *, #26, .T. ) ;
#3851 = DIRECTION ( 'NONE',  ( -1.000000000000000000, 0.000000000000000000, 0.000000000000000000 ) ) ;
#3852 = ORIENTED_EDGE ( 'NONE', *, *, #4777, .F. ) ;
#3853 = CARTESIAN_POINT ( 'NONE',  ( -3.265688774807065098, 0.000000000000000000, 1.000000000000000000 ) ) ;
#3854 = DIRECTION ( 'NONE',  ( -1.000000000000000000, 0.000000000000000000, 0.000000000000000000 ) ) ;
#3855 = VECTOR ( 'NONE', #10106, 1000.000000000000000 ) ;
#3856 = VECTOR ( 'NONE', #4862, 1000.000000000000000 ) ;
#3857 = DIRECTION ( 'NONE',  ( -1.000000000000000000, 0.000000000000000000, 0.000000000000000000 ) ) ;
#3858 = ADVANCED_FACE ( 'NONE', ( #8569 ), #980, .F. ) ;
#3859 = VERTEX_POINT ( 'NONE', #4356 ) ;
#3860 = PRODUCT ( 'Geh\X2\00e4\X0\use_Guition_Deckel', 'Geh\X2\00e4\X0\use_Guition_Deckel', '', ( #6029 ) ) ;
#3861 = EDGE_CURVE ( 'NONE', #4299, #991, #5298, .T. ) ;
#3862 = VERTEX_POINT ( 'NONE', #7793 ) ;
#3863 = ORIENTED_EDGE ( 'NONE', *, *, #10529, .T. ) ;
#3864 = FACE_BOUND ( 'NONE', #7399, .T. ) ;
#3865 = EDGE_CURVE ( 'NONE', #449, #2683, #1698, .T. ) ;
#3866 = LINE ( 'NONE', #7971, #10875 ) ;
#3867 = VECTOR ( 'NONE', #8531, 1000.000000000000000 ) ;
#3868 = VERTEX_POINT ( 'NONE', #1918 ) ;
#3869 = DIRECTION ( 'NONE',  ( 0.000000000000000000, 0.000000000000000000, 1.000000000000000000 ) ) ;
#3870 = VECTOR ( 'NONE', #4635, 1000.000000000000000 ) ;
#3871 = DIRECTION ( 'NONE',  ( 1.000000000000000000, -0.000000000000000000, 0.000000000000000000 ) ) ;
#3872 = EDGE_CURVE ( 'NONE', #9415, #10826, #10948, .T. ) ;
#3873 = DIRECTION ( 'NONE',  ( 0.000000000000000000, 0.000000000000000000, -1.000000000000000000 ) ) ;
#3874 = AXIS2_PLACEMENT_3D ( 'NONE', #9568, #6299, #7177 ) ;
#3875 = PLANE ( 'NONE',  #8945 ) ;
#3876 = ORIENTED_EDGE ( 'NONE', *, *, #8570, .F. ) ;
#3877 = CARTESIAN_POINT ( 'NONE',  ( -11.50000000000000888, -50.39999999999999858, 1.000000000000000000 ) ) ;
#3878 = AXIS2_PLACEMENT_3D ( 'NONE', #2234, #7443, #911 ) ;
#3879 = ADVANCED_FACE ( 'NONE', ( #5570 ), #1091, .F. ) ;
#3880 = ORIENTED_EDGE ( 'NONE', *, *, #8256, .F. ) ;
#3881 = EDGE_LOOP ( 'NONE', ( #3368, #6141, #9174, #8749, #7645, #9622, #2576, #438 ) ) ;
#3882 = DIRECTION ( 'NONE',  ( -1.000000000000000000, 0.000000000000000000, 0.000000000000000000 ) ) ;
#3883 = FACE_OUTER_BOUND ( 'NONE', #9232, .T. ) ;
#3884 = VERTEX_POINT ( 'NONE', #7902 ) ;
#3885 = EDGE_LOOP ( 'NONE', ( #6433, #10865, #6259, #10578 ) ) ;
#3886 = LINE ( 'NONE', #2995, #9502 ) ;
#3887 = DIRECTION ( 'NONE',  ( 1.000000000000000000, -0.000000000000000000, -0.000000000000000000 ) ) ;
#3888 = DIRECTION ( 'NONE',  ( -1.000000000000000000, 0.000000000000000000, 0.000000000000000000 ) ) ;
#3889 = LINE ( 'NONE', #9100, #8373 ) ;
#3890 = VECTOR ( 'NONE', #6318, 1000.000000000000000 ) ;
#3891 = DIRECTION ( 'NONE',  ( -1.000000000000000000, -0.000000000000000000, -0.000000000000000000 ) ) ;
#3892 = FACE_OUTER_BOUND ( 'NONE', #8066, .T. ) ;
#3893 = DIRECTION ( 'NONE',  ( -0.000000000000000000, -0.000000000000000000, 1.000000000000000000 ) ) ;
#3894 = EDGE_LOOP ( 'NONE', ( #791, #9072, #5009, #6949 ) ) ;
#3895 = PLANE ( 'NONE',  #2260 ) ;
#3896 = FACE_OUTER_BOUND ( 'NONE', #7068, .T. ) ;
#3897 = VERTEX_POINT ( 'NONE', #316 ) ;
#3898 = LINE ( 'NONE', #1408, #1756 ) ;
#3899 = AXIS2_PLACEMENT_3D ( 'NONE', #7416, #3815, #3031 ) ;
#3900 = CARTESIAN_POINT ( 'NONE',  ( 9.499999999999996447, -68.40000000000000568, 3.000000000000000000 ) ) ;
#3901 = CARTESIAN_POINT ( 'NONE',  ( 38.20000000000000995, -32.39999999999999858, 3.001000000000000334 ) ) ;
#3902 = VECTOR ( 'NONE', #9326, 1000.000000000000000 ) ;
#3903 = VECTOR ( 'NONE', #4824, 1000.000000000000000 ) ;
#3904 = EDGE_LOOP ( 'NONE', ( #5463, #2477, #423, #5492 ) ) ;
#3905 = ORIENTED_EDGE ( 'NONE', *, *, #5478, .F. ) ;
#3906 = VERTEX_POINT ( 'NONE', #4462 ) ;
#3907 = PLANE ( 'NONE',  #9513 ) ;
#3908 = ORIENTED_EDGE ( 'NONE', *, *, #3776, .T. ) ;
#3909 = CARTESIAN_POINT ( 'NONE',  ( -14.50000000000000533, -83.40000000000000568, -4.000000000000000000 ) ) ;
#3910 = VECTOR ( 'NONE', #9595, 1000.000000000000000 ) ;
#3911 = ADVANCED_FACE ( 'NONE', ( #7845 ), #257, .F. ) ;
#3912 = CARTESIAN_POINT ( 'NONE',  ( 60.20000000000003126, -93.39999999999999147, -4.000000000000000000 ) ) ;
#3913 = CARTESIAN_POINT ( 'NONE',  ( 49.79999999999998295, -10.00000000000000888, 1.000000000000000000 ) ) ;
#3914 = ORIENTED_EDGE ( 'NONE', *, *, #575, .T. ) ;
#3915 = ORIENTED_EDGE ( 'NONE', *, *, #1424, .F. ) ;
#3916 = EDGE_CURVE ( 'NONE', #2462, #7365, #7071, .T. ) ;
#3917 = EDGE_LOOP ( 'NONE', ( #10236, #10104, #4890, #7927, #8581, #3598 ) ) ;
#3918 = FACE_BOUND ( 'NONE', #8097, .T. ) ;
#3919 = CARTESIAN_POINT ( 'NONE',  ( 44.20000000000000995, -17.40000000000000213, 3.001000000000000334 ) ) ;
#3920 = ORIENTED_EDGE ( 'NONE', *, *, #1851, .T. ) ;
#3921 = EDGE_CURVE ( 'NONE', #8573, #5531, #10237, .T. ) ;
#3922 = DIRECTION ( 'NONE',  ( 0.000000000000000000, -1.000000000000000000, 0.000000000000000000 ) ) ;
#3923 = CYLINDRICAL_SURFACE ( 'NONE', #3899, 1.000000000000000000 ) ;
#3924 = CARTESIAN_POINT ( 'NONE',  ( 3.079999999999999627, 14.77999999999999936, 3.000000000000000000 ) ) ;
#3925 = EDGE_CURVE ( 'NONE', #1701, #5542, #1306, .T. ) ;
#3926 = DIRECTION ( 'NONE',  ( -1.000000000000000000, -1.219727444046193967E-16, 0.000000000000000000 ) ) ;
#3927 = ORIENTED_EDGE ( 'NONE', *, *, #3241, .T. ) ;
#3928 = DIRECTION ( 'NONE',  ( -1.000000000000000000, 9.251858538542971828E-16, 0.000000000000000000 ) ) ;
#3929 = ORIENTED_EDGE ( 'NONE', *, *, #4385, .T. ) ;
#3930 = ORIENTED_EDGE ( 'NONE', *, *, #5015, .F. ) ;
#3931 = CARTESIAN_POINT ( 'NONE',  ( -2.299999999999999822, 11.44999999999999929, 0.000000000000000000 ) ) ;
#3932 = CARTESIAN_POINT ( 'NONE',  ( 59.20000000000000284, -32.39999999999999858, 3.000000000000000000 ) ) ;
#3933 = ORIENTED_EDGE ( 'NONE', *, *, #2370, .T. ) ;
#3934 = ORIENTED_EDGE ( 'NONE', *, *, #2372, .T. ) ;
#3935 = CYLINDRICAL_SURFACE ( 'NONE', #130, 4.000000000000010658 ) ;
#3936 = VECTOR ( 'NONE', #9017, 1000.000000000000000 ) ;
#3937 = TOROIDAL_SURFACE ( 'NONE', #4646, 3.799999999999999822, 0.5000000000000000000 ) ;
#3938 = EDGE_CURVE ( 'NONE', #566, #9825, #1972, .T. ) ;
#3939 = LINE ( 'NONE', #1397, #6393 ) ;
#3940 = LINE ( 'NONE', #1505, #243 ) ;
#3941 = CARTESIAN_POINT ( 'NONE',  ( 62.20000000000000995, -50.39999999999999858, 3.000000000000000000 ) ) ;
#3942 = DIRECTION ( 'NONE',  ( 1.000000000000000000, 0.000000000000000000, 0.000000000000000000 ) ) ;
#3943 = VECTOR ( 'NONE', #10068, 1000.000000000000000 ) ;
#3944 = CARTESIAN_POINT ( 'NONE',  ( 9.499999999999992895, -17.40000000000000213, 3.000000000000000000 ) ) ;
#3945 = VECTOR ( 'NONE', #8062, 1000.000000000000000 ) ;
#3946 = EDGE_LOOP ( 'NONE', ( #6528, #8149 ) ) ;
#3947 = ORIENTED_EDGE ( 'NONE', *, *, #5888, .F. ) ;
#3948 = FACE_OUTER_BOUND ( 'NONE', #10488, .T. ) ;
#3949 = DIRECTION ( 'NONE',  ( 0.000000000000000000, 0.000000000000000000, 1.000000000000000000 ) ) ;
#3950 = VERTEX_POINT ( 'NONE', #1255 ) ;
#3951 = CARTESIAN_POINT ( 'NONE',  ( 56.20000000000001705, -53.40000000000000568, 3.001000000000000334 ) ) ;
#3952 = CARTESIAN_POINT ( 'NONE',  ( 0.000000000000000000, 6.949999999999999289, -13.00000000000000000 ) ) ;
#3953 = AXIS2_PLACEMENT_3D ( 'NONE', #4389, #2505, #5113 ) ;
#3954 = CARTESIAN_POINT ( 'NONE',  ( 19.50000000000000000, 25.89999999999999858, -7.799999999999999822 ) ) ;
#3955 = ORIENTED_EDGE ( 'NONE', *, *, #10549, .T. ) ;
#3956 = VERTEX_POINT ( 'NONE', #3017 ) ;
#3957 = ORIENTED_EDGE ( 'NONE', *, *, #1045, .T. ) ;
#3958 = DIRECTION ( 'NONE',  ( -1.000000000000000000, -0.000000000000000000, -0.000000000000000000 ) ) ;
#3959 = ORIENTED_EDGE ( 'NONE', *, *, #9421, .F. ) ;
#3960 = DIRECTION ( 'NONE',  ( 7.228014483236699514E-17, -1.000000000000000000, 0.000000000000000000 ) ) ;
#3961 = EDGE_CURVE ( 'NONE', #6352, #9917, #10500, .T. ) ;
#3962 = CARTESIAN_POINT ( 'NONE',  ( -5.500000000000005329, -53.40000000000000568, 3.000000000000000000 ) ) ;
#3963 = EDGE_CURVE ( 'NONE', #3266, #4630, #2854, .T. ) ;
#3964 = ADVANCED_FACE ( 'NONE', ( #8844 ), #2903, .F. ) ;
#3965 = DIRECTION ( 'NONE',  ( 0.000000000000000000, 0.000000000000000000, 1.000000000000000000 ) ) ;
#3966 = ORIENTED_EDGE ( 'NONE', *, *, #6431, .T. ) ;
#3967 = ORIENTED_EDGE ( 'NONE', *, *, #8073, .T. ) ;
#3968 = ORIENTED_EDGE ( 'NONE', *, *, #4680, .T. ) ;
#3969 = CARTESIAN_POINT ( 'NONE',  ( 3.499999999999991118, -50.39999999999999858, 1.000000000000000000 ) ) ;
#3970 = CARTESIAN_POINT ( 'NONE',  ( 68.20000000000001705, -17.40000000000000213, 3.001000000000000334 ) ) ;
#3971 = ORIENTED_EDGE ( 'NONE', *, *, #868, .F. ) ;
#3972 = PLANE ( 'NONE',  #7755 ) ;
#3973 = CARTESIAN_POINT ( 'NONE',  ( -1.300000000000000044, 2.500000000000000000, 0.5000000000000000000 ) ) ;
#3974 = VECTOR ( 'NONE', #711, 1000.000000000000000 ) ;
#3975 = EDGE_CURVE ( 'NONE', #3798, #3266, #2983, .T. ) ;
#3976 = DIRECTION ( 'NONE',  ( -1.000000000000000000, 0.000000000000000000, 0.000000000000000000 ) ) ;
#3977 = VECTOR ( 'NONE', #10044, 1000.000000000000000 ) ;
#3978 = CARTESIAN_POINT ( 'NONE',  ( 0.000000000000000000, 25.89999999999999858, -13.00000000000000000 ) ) ;
#3979 = CARTESIAN_POINT ( 'NONE',  ( 49.79999999999998295, -10.00000000000000888, -7.500000000000000888 ) ) ;
#3980 = ORIENTED_EDGE ( 'NONE', *, *, #6765, .F. ) ;
#3981 = VECTOR ( 'NONE', #3589, 1000.000000000000000 ) ;
#3982 = CARTESIAN_POINT ( 'NONE',  ( -0.2999999999999929945, 10.44999999999999929, -7.799999999999999822 ) ) ;
#3983 = EDGE_CURVE ( 'NONE', #872, #3749, #5461, .T. ) ;
#3984 = EDGE_LOOP ( 'NONE', ( #5351, #4190, #3209, #1858 ) ) ;
#3985 = ORIENTED_EDGE ( 'NONE', *, *, #4489, .T. ) ;
#3986 = ADVANCED_FACE ( 'NONE', ( #10390 ), #6193, .T. ) ;
#3987 = DIRECTION ( 'NONE',  ( 0.000000000000000000, 0.000000000000000000, 1.000000000000000000 ) ) ;
#3988 = CARTESIAN_POINT ( 'NONE',  ( 6.499999999999993783, -35.39999999999999858, 1.000000000000000000 ) ) ;
#3989 = ORIENTED_EDGE ( 'NONE', *, *, #7256, .F. ) ;
#3990 = CARTESIAN_POINT ( 'NONE',  ( 18.21999999999999886, 14.77999999999999936, 1.000000000000000000 ) ) ;
#3991 = CARTESIAN_POINT ( 'NONE',  ( 41.20000000000000995, -50.39999999999999858, 3.000000000000000000 ) ) ;
#3992 = AXIS2_PLACEMENT_3D ( 'NONE', #3747, #4855, #8967 ) ;
#3993 = EDGE_CURVE ( 'NONE', #10251, #2208, #7411, .T. ) ;
#3994 = DIRECTION ( 'NONE',  ( 0.000000000000000000, 0.000000000000000000, 1.000000000000000000 ) ) ;
#3995 = DIRECTION ( 'NONE',  ( 0.000000000000000000, -0.000000000000000000, -1.000000000000000000 ) ) ;
#3996 = CARTESIAN_POINT ( 'NONE',  ( -2.500000000000009326, -35.39999999999999858, 3.001000000000000334 ) ) ;
#3997 = VECTOR ( 'NONE', #6230, 1000.000000000000000 ) ;
#3998 = CARTESIAN_POINT ( 'NONE',  ( 56.20000000000000995, -32.39999999999999858, 3.000000000000000000 ) ) ;
#3999 = VECTOR ( 'NONE', #9372, 1000.000000000000000 ) ;
#4000 = CARTESIAN_POINT ( 'NONE',  ( 2.500000000000000000, 23.09999999999999787, 0.5000000000000000000 ) ) ;
#4001 = EDGE_LOOP ( 'NONE', ( #2142, #9567, #4422, #3927 ) ) ;
#4002 = VERTEX_POINT ( 'NONE', #10553 ) ;
#4003 = ADVANCED_FACE ( 'NONE', ( #4518 ), #9730, .F. ) ;
#4004 = FACE_BOUND ( 'NONE', #2537, .T. ) ;
#4005 = CARTESIAN_POINT ( 'NONE',  ( 32.49999999999998579, -18.90000000000003055, 1.000000000000000000 ) ) ;
#4006 = EDGE_CURVE ( 'NONE', #2023, #10498, #7958, .T. ) ;
#4007 = EDGE_LOOP ( 'NONE', ( #5855, #7351, #8520, #700 ) ) ;
#4008 = DIRECTION ( 'NONE',  ( 1.000000000000000000, 8.286895585876499530E-17, 0.000000000000000000 ) ) ;
#4009 = CARTESIAN_POINT ( 'NONE',  ( 6.700000000000000178, 3.875000000000000000, 3.000000000000000000 ) ) ;
#4010 = DIRECTION ( 'NONE',  ( 0.000000000000000000, 1.000000000000000000, 0.000000000000000000 ) ) ;
#4011 = ORIENTED_EDGE ( 'NONE', *, *, #2613, .F. ) ;
#4012 = ORIENTED_EDGE ( 'NONE', *, *, #6576, .F. ) ;
#4013 = VERTEX_POINT ( 'NONE', #3741 ) ;
#4014 = EDGE_CURVE ( 'NONE', #4821, #5348, #3127, .T. ) ;
#4015 = VECTOR ( 'NONE', #5384, 1000.000000000000000 ) ;
#4016 = FACE_OUTER_BOUND ( 'NONE', #7175, .T. ) ;
#4017 = ORIENTED_EDGE ( 'NONE', *, *, #3062, .F. ) ;
#4018 = FACE_OUTER_BOUND ( 'NONE', #10835, .T. ) ;
#4019 = CARTESIAN_POINT ( 'NONE',  ( 65.20000000000000284, -68.40000000000000568, 1.000000000000000000 ) ) ;
#4020 = VECTOR ( 'NONE', #2148, 1000.000000000000000 ) ;
#4021 = DIRECTION ( 'NONE',  ( 0.000000000000000000, 0.000000000000000000, -1.000000000000000000 ) ) ;
#4022 = ORIENTED_EDGE ( 'NONE', *, *, #8994, .T. ) ;
#4023 = EDGE_CURVE ( 'NONE', #4103, #1619, #2350, .T. ) ;
#4024 = ORIENTED_EDGE ( 'NONE', *, *, #1966, .F. ) ;
#4025 = EDGE_LOOP ( 'NONE', ( #1447, #10754, #4738, #6124 ) ) ;
#4026 = DIRECTION ( 'NONE',  ( -0.000000000000000000, 0.000000000000000000, -1.000000000000000000 ) ) ;
#4027 = DIRECTION ( 'NONE',  ( 0.000000000000000000, 0.000000000000000000, -1.000000000000000000 ) ) ;
#4028 = VERTEX_POINT ( 'NONE', #4795 ) ;
#4029 = CARTESIAN_POINT ( 'NONE',  ( 50.20000000000000995, -53.40000000000000568, 3.001000000000000334 ) ) ;
#4030 = DIRECTION ( 'NONE',  ( -6.285229985423258662E-17, -1.000000000000000000, 0.000000000000000000 ) ) ;
#4031 = VECTOR ( 'NONE', #7288, 1000.000000000000000 ) ;
#4032 = DIRECTION ( 'NONE',  ( -1.000000000000000000, 9.251858538542971828E-16, 0.000000000000000000 ) ) ;
#4033 = CIRCLE ( 'NONE', #2094, 3.000000000000002665 ) ;
#4034 = PLANE ( 'NONE',  #6426 ) ;
#4035 = LINE ( 'NONE', #7419, #4693 ) ;
#4036 = ORIENTED_EDGE ( 'NONE', *, *, #5030, .F. ) ;
#4037 = DIRECTION ( 'NONE',  ( 1.000000000000000000, 0.000000000000000000, 0.000000000000000000 ) ) ;
#4038 = VECTOR ( 'NONE', #3599, 1000.000000000000000 ) ;
#4039 = ORIENTED_EDGE ( 'NONE', *, *, #9818, .F. ) ;
#4040 = CARTESIAN_POINT ( 'NONE',  ( 50.20000000000000995, -53.40000000000000568, 3.000000000000000000 ) ) ;
#4041 = CARTESIAN_POINT ( 'NONE',  ( -1.300000000000000044, 2.500000000000000000, 3.000000000000000000 ) ) ;
#4042 = AXIS2_PLACEMENT_3D ( 'NONE', #6142, #4412, #8737 ) ;
#4043 = ORIENTED_EDGE ( 'NONE', *, *, #8533, .F. ) ;
#4044 = DIRECTION ( 'NONE',  ( 0.000000000000000000, 0.000000000000000000, -1.000000000000000000 ) ) ;
#4045 = CARTESIAN_POINT ( 'NONE',  ( 1.199999999999999956, 6.949999999999999289, 5.204170427930430158E-16 ) ) ;
#4046 = VECTOR ( 'NONE', #655, 1000.000000000000000 ) ;
#4047 = EDGE_CURVE ( 'NONE', #5643, #5004, #4759, .T. ) ;
#4048 = CARTESIAN_POINT ( 'NONE',  ( 51.20000000000000284, 4.000000000000000000, 1.000000000000000000 ) ) ;
#4049 = VECTOR ( 'NONE', #7950, 1000.000000000000000 ) ;
#4050 = FACE_OUTER_BOUND ( 'NONE', #9138, .T. ) ;
#4051 = PLANE ( 'NONE',  #5947 ) ;
#4052 = CARTESIAN_POINT ( 'NONE',  ( -5.612990610166999102E-15, 25.39999999999999858, 1.000000000000000000 ) ) ;
#4053 = LINE ( 'NONE', #6606, #2320 ) ;
#4054 = ORIENTED_EDGE ( 'NONE', *, *, #8934, .F. ) ;
#4055 = ORIENTED_EDGE ( 'NONE', *, *, #2870, .F. ) ;
#4056 = DIRECTION ( 'NONE',  ( 1.000000000000000000, -0.000000000000000000, 0.000000000000000000 ) ) ;
#4057 = PLANE ( 'NONE',  #443 ) ;
#4058 = VERTEX_POINT ( 'NONE', #10716 ) ;
#4059 = VECTOR ( 'NONE', #2059, 1000.000000000000000 ) ;
#4060 = CARTESIAN_POINT ( 'NONE',  ( 1.491641205457772035E-16, -1.800000000000000044, 1.000000000000000000 ) ) ;
#4061 = VECTOR ( 'NONE', #8694, 1000.000000000000000 ) ;
#4062 = LINE ( 'NONE', #8950, #8158 ) ;
#4063 = ADVANCED_FACE ( 'NONE', ( #9891 ), #646, .F. ) ;
#4064 = DIRECTION ( 'NONE',  ( 0.000000000000000000, 0.000000000000000000, 1.000000000000000000 ) ) ;
#4065 = EDGE_CURVE ( 'NONE', #1184, #4588, #4233, .T. ) ;
#4066 = ORIENTED_EDGE ( 'NONE', *, *, #3624, .F. ) ;
#4067 = FACE_OUTER_BOUND ( 'NONE', #8205, .T. ) ;
#4068 = ORIENTED_EDGE ( 'NONE', *, *, #9678, .F. ) ;
#4069 = AXIS2_PLACEMENT_3D ( 'NONE', #8779, #7117, #10438 ) ;
#4070 = CARTESIAN_POINT ( 'NONE',  ( 62.20000000000000995, -35.39999999999999858, 1.000000000000000000 ) ) ;
#4071 = ORIENTED_EDGE ( 'NONE', *, *, #4268, .F. ) ;
#4072 = DIRECTION ( 'NONE',  ( -0.000000000000000000, -0.000000000000000000, -1.000000000000000000 ) ) ;
#4073 = FACE_OUTER_BOUND ( 'NONE', #1461, .T. ) ;
#4074 = EDGE_CURVE ( 'NONE', #1721, #2512, #9012, .T. ) ;
#4075 = VECTOR ( 'NONE', #1236, 1000.000000000000000 ) ;
#4076 = CARTESIAN_POINT ( 'NONE',  ( 53.79999999999999716, -76.00000000000001421, -7.500000000000000888 ) ) ;
#4077 = ORIENTED_EDGE ( 'NONE', *, *, #2464, .F. ) ;
#4078 = ORIENTED_EDGE ( 'NONE', *, *, #8662, .F. ) ;
#4079 = DIRECTION ( 'NONE',  ( 1.000000000000000000, 0.000000000000000000, -6.938893903907229955E-15 ) ) ;
#4080 = LINE ( 'NONE', #10729, #1156 ) ;
#4081 = ORIENTED_EDGE ( 'NONE', *, *, #7657, .T. ) ;
#4082 = DIRECTION ( 'NONE',  ( 1.000000000000000000, 0.000000000000000000, 0.000000000000000000 ) ) ;
#4083 = AXIS2_PLACEMENT_3D ( 'NONE', #1731, #2669, #5056 ) ;
#4084 = AXIS2_PLACEMENT_3D ( 'NONE', #7479, #10911, #9965 ) ;
#4085 = FACE_OUTER_BOUND ( 'NONE', #7295, .T. ) ;
#4086 = LINE ( 'NONE', #3363, #6378 ) ;
#4087 = DIRECTION ( 'NONE',  ( 0.000000000000000000, 0.000000000000000000, 1.000000000000000000 ) ) ;
#4088 = CARTESIAN_POINT ( 'NONE',  ( 0.2000000000000080047, 2.500000000000000000, 0.5000000000000000000 ) ) ;
#4089 = VERTEX_POINT ( 'NONE', #2299 ) ;
#4090 = EDGE_LOOP ( 'NONE', ( #6527, #8686, #3166, #9855 ) ) ;
#4091 = ORIENTED_EDGE ( 'NONE', *, *, #6626, .F. ) ;
#4092 = DIRECTION ( 'NONE',  ( -0.000000000000000000, -0.000000000000000000, -1.000000000000000000 ) ) ;
#4093 = DIRECTION ( 'NONE',  ( 0.000000000000000000, 1.000000000000000000, -0.000000000000000000 ) ) ;
#4094 = ORIENTED_EDGE ( 'NONE', *, *, #3432, .F. ) ;
#4095 = CARTESIAN_POINT ( 'NONE',  ( 34.50000000000000000, -2.299999999999999822, -14.00000000000000000 ) ) ;
#4096 = DIRECTION ( 'NONE',  ( 0.000000000000000000, -6.938893903907228378E-15, -1.000000000000000000 ) ) ;
#4097 = PLANE ( 'NONE',  #9079 ) ;
#4098 = LINE ( 'NONE', #5877, #6969 ) ;
#4099 = DIRECTION ( 'NONE',  ( -1.000000000000000000, -0.000000000000000000, -0.000000000000000000 ) ) ;
#4100 = EDGE_CURVE ( 'NONE', #10063, #6160, #2805, .T. ) ;
#4101 = LINE ( 'NONE', #10862, #7371 ) ;
#4102 = CARTESIAN_POINT ( 'NONE',  ( 3.799999999999983835, -76.00000000000001421, -7.500000000000000888 ) ) ;
#4103 = VERTEX_POINT ( 'NONE', #1363 ) ;
#4104 = ORIENTED_EDGE ( 'NONE', *, *, #10196, .F. ) ;
#4105 = ADVANCED_FACE ( 'NONE', ( #4016 ), #593, .F. ) ;
#4106 = CARTESIAN_POINT ( 'NONE',  ( 50.20000000000000995, -17.40000000000000213, 3.001000000000000334 ) ) ;
#4107 = LINE ( 'NONE', #9379, #626 ) ;
#4108 = VECTOR ( 'NONE', #7366, 1000.000000000000000 ) ;
#4109 = ORIENTED_EDGE ( 'NONE', *, *, #5624, .T. ) ;
#4110 = VECTOR ( 'NONE', #5256, 1000.000000000000000 ) ;
#4111 = CARTESIAN_POINT ( 'NONE',  ( 53.20000000000000995, -50.39999999999999858, 1.000000000000000000 ) ) ;
#4112 = EDGE_CURVE ( 'NONE', #1748, #2892, #750, .T. ) ;
#4113 = LINE ( 'NONE', #914, #9396 ) ;
#4114 = CARTESIAN_POINT ( 'NONE',  ( 65.20000000000000284, -68.40000000000000568, 3.001000000000000334 ) ) ;
#4115 = VECTOR ( 'NONE', #3635, 1000.000000000000000 ) ;
#4116 = AXIS2_PLACEMENT_3D ( 'NONE', #1854, #1029, #5959 ) ;
#4117 = EDGE_CURVE ( 'NONE', #9074, #2623, #5788, .T. ) ;
#4118 = EDGE_LOOP ( 'NONE', ( #1443, #1253, #855, #8392 ) ) ;
#4119 = CARTESIAN_POINT ( 'NONE',  ( 55.00000000000000000, 0.000000000000000000, 0.5000000000000000000 ) ) ;
#4120 = EDGE_CURVE ( 'NONE', #709, #8120, #6573, .T. ) ;
#4121 = ORIENTED_EDGE ( 'NONE', *, *, #7164, .T. ) ;
#4122 = ORIENTED_EDGE ( 'NONE', *, *, #10351, .F. ) ;
#4123 = EDGE_CURVE ( 'NONE', #8875, #1155, #6676, .T. ) ;
#4124 = LINE ( 'NONE', #7504, #4031 ) ;
#4125 = ORIENTED_EDGE ( 'NONE', *, *, #4340, .T. ) ;
#4126 = CARTESIAN_POINT ( 'NONE',  ( 62.20000000000000284, -32.39999999999999858, 3.001000000000000334 ) ) ;
#4127 = EDGE_CURVE ( 'NONE', #3100, #7437, #9116, .T. ) ;
#4128 = VECTOR ( 'NONE', #1732, 1000.000000000000000 ) ;
#4129 = CARTESIAN_POINT ( 'NONE',  ( -11.50000000000000711, -53.40000000000000568, 3.000000000000000000 ) ) ;
#4130 = EDGE_CURVE ( 'NONE', #5613, #7437, #4960, .T. ) ;
#4131 = DIRECTION ( 'NONE',  ( 0.000000000000000000, -0.000000000000000000, -1.000000000000000000 ) ) ;
#4132 = LINE ( 'NONE', #4615, #3287 ) ;
#4133 = VERTEX_POINT ( 'NONE', #10772 ) ;
#4134 = AXIS2_PLACEMENT_3D ( 'NONE', #9371, #2658, #10082 ) ;
#4135 = ORIENTED_EDGE ( 'NONE', *, *, #7800, .F. ) ;
#4136 = CARTESIAN_POINT ( 'NONE',  ( -1.800000000000000044, 23.09999999999999787, 1.000000000000000000 ) ) ;
#4137 = DIRECTION ( 'NONE',  ( -0.000000000000000000, -0.000000000000000000, -1.000000000000000000 ) ) ;
#4138 = ORIENTED_EDGE ( 'NONE', *, *, #4735, .T. ) ;
#4139 = ORIENTED_EDGE ( 'NONE', *, *, #6046, .F. ) ;
#4140 = ADVANCED_FACE ( 'NONE', ( #5629 ), #3907, .F. ) ;
#4141 = DIRECTION ( 'NONE',  ( 1.000000000000000000, 0.000000000000000000, 0.000000000000000000 ) ) ;
#4142 = CARTESIAN_POINT ( 'NONE',  ( 9.499999999999994671, -78.39999999999996305, 1.000000000000000000 ) ) ;
#4143 = EDGE_CURVE ( 'NONE', #9566, #1767, #4124, .T. ) ;
#4144 = PLANE ( 'NONE',  #3009 ) ;
#4145 = DIRECTION ( 'NONE',  ( -1.000000000000000000, 0.000000000000000000, 0.000000000000000000 ) ) ;
#4146 = FACE_OUTER_BOUND ( 'NONE', #348, .T. ) ;
#4147 = VERTEX_POINT ( 'NONE', #10656 ) ;
#4148 = EDGE_LOOP ( 'NONE', ( #437, #482, #1515, #9469 ) ) ;
#4149 = EDGE_LOOP ( 'NONE', ( #1903, #6700, #6308, #10657 ) ) ;
#4150 = AXIS2_PLACEMENT_3D ( 'NONE', #24, #2500, #7493 ) ;
#4151 = CARTESIAN_POINT ( 'NONE',  ( 35.50000000000000000, -1.300000000000000044, -1.000000000000000000 ) ) ;
#4152 = CARTESIAN_POINT ( 'NONE',  ( 27.50000000000000000, 1.199999999999999956, -7.799999999999999822 ) ) ;
#4153 = ORIENTED_EDGE ( 'NONE', *, *, #5416, .T. ) ;
#4154 = ADVANCED_FACE ( 'NONE', ( #3071 ), #6464, .T. ) ;
#4155 = DIRECTION ( 'NONE',  ( -1.000000000000000000, 0.000000000000000000, 0.000000000000000000 ) ) ;
#4156 = CARTESIAN_POINT ( 'NONE',  ( 71.20000000000001705, 24.40000000000000568, -4.000000000000001776 ) ) ;
#4157 = DIRECTION ( 'NONE',  ( 0.000000000000000000, -1.000000000000000000, 0.000000000000000000 ) ) ;
#4158 = CIRCLE ( 'NONE', #5574, 3.524999999999999467 ) ;
#4159 = VECTOR ( 'NONE', #5651, 1000.000000000000000 ) ;
#4160 = DIRECTION ( 'NONE',  ( 0.000000000000000000, -1.000000000000000000, 0.000000000000000000 ) ) ;
#4161 = CARTESIAN_POINT ( 'NONE',  ( 59.20000000000001705, -17.40000000000000213, 1.000000000000000000 ) ) ;
#4162 = CARTESIAN_POINT ( 'NONE',  ( 69.65000000000001990, -94.39999999999999147, 1.000000000000000000 ) ) ;
#4163 = EDGE_CURVE ( 'NONE', #9961, #3192, #89, .T. ) ;
#4164 = DIRECTION ( 'NONE',  ( -1.000000000000000000, 0.000000000000000000, 0.000000000000000000 ) ) ;
#4165 = ORIENTED_EDGE ( 'NONE', *, *, #1215, .T. ) ;
#4166 = ORIENTED_EDGE ( 'NONE', *, *, #2333, .T. ) ;
#4167 = LINE ( 'NONE', #5051, #2271 ) ;
#4168 = LINE ( 'NONE', #10926, #5393 ) ;
#4169 = VECTOR ( 'NONE', #1370, 1000.000000000000000 ) ;
#4170 = ORIENTED_EDGE ( 'NONE', *, *, #9851, .F. ) ;
#4171 = LINE ( 'NONE', #4285, #4592 ) ;
#4172 = CARTESIAN_POINT ( 'NONE',  ( 55.19999999999999574, 10.44999999999999929, 0.5000000000000000000 ) ) ;
#4173 = VECTOR ( 'NONE', #9675, 1000.000000000000000 ) ;
#4174 = FACE_OUTER_BOUND ( 'NONE', #5561, .T. ) ;
#4175 = AXIS2_PLACEMENT_3D ( 'NONE', #1239, #6389, #926 ) ;
#4176 = ORIENTED_EDGE ( 'NONE', *, *, #3394, .F. ) ;
#4177 = DIRECTION ( 'NONE',  ( -1.000000000000000000, -2.209838822900395026E-16, 0.000000000000000000 ) ) ;
#4178 = EDGE_LOOP ( 'NONE', ( #8891, #3386, #6799, #5007, #928 ) ) ;
#4179 = DIRECTION ( 'NONE',  ( 0.000000000000000000, 0.000000000000000000, -1.000000000000000000 ) ) ;
#4180 = VERTEX_POINT ( 'NONE', #7558 ) ;
#4181 = VECTOR ( 'NONE', #5263, 1000.000000000000000 ) ;
#4182 = PLANE ( 'NONE',  #1571 ) ;
#4183 = VECTOR ( 'NONE', #2101, 1000.000000000000227 ) ;
#4184 = PLANE ( 'NONE',  #9945 ) ;
#4185 = CYLINDRICAL_SURFACE ( 'NONE', #2699, 1.549999999999995826 ) ;
#4186 = EDGE_CURVE ( 'NONE', #7033, #8174, #8614, .T. ) ;
#4187 = LINE ( 'NONE', #812, #10356 ) ;
#4188 = ORIENTED_EDGE ( 'NONE', *, *, #10901, .F. ) ;
#4189 = ORIENTED_EDGE ( 'NONE', *, *, #5662, .T. ) ;
#4190 = ORIENTED_EDGE ( 'NONE', *, *, #6066, .F. ) ;
#4191 = FACE_OUTER_BOUND ( 'NONE', #166, .T. ) ;
#4192 = DIRECTION ( 'NONE',  ( 0.000000000000000000, -1.000000000000000000, 0.000000000000000000 ) ) ;
#4193 = ORIENTED_EDGE ( 'NONE', *, *, #5210, .F. ) ;
#4194 = EDGE_LOOP ( 'NONE', ( #7517, #2881, #5157, #8146 ) ) ;
#4195 = CARTESIAN_POINT ( 'NONE',  ( 44.20000000000001705, -53.40000000000000568, 3.000000000000000000 ) ) ;
#4196 = CARTESIAN_POINT ( 'NONE',  ( 60.20000000000003126, -94.39999999999996305, -4.000000000000000000 ) ) ;
#4197 = ADVANCED_FACE ( 'NONE', ( #6893 ), #4291, .F. ) ;
#4198 = CARTESIAN_POINT ( 'NONE',  ( 71.20000000000001705, -83.40000000000000568, -3.999999999999994671 ) ) ;
#4199 = VECTOR ( 'NONE', #9308, 1000.000000000000000 ) ;
#4200 = EDGE_CURVE ( 'NONE', #910, #8628, #6840, .T. ) ;
#4201 = LINE ( 'NONE', #3365, #10837 ) ;
#4202 = DIRECTION ( 'NONE',  ( -0.000000000000000000, -0.000000000000000000, -1.000000000000000000 ) ) ;
#4203 = EDGE_CURVE ( 'NONE', #2751, #983, #10214, .T. ) ;
#4204 = ORIENTED_EDGE ( 'NONE', *, *, #9547, .F. ) ;
#4205 = EDGE_CURVE ( 'NONE', #5579, #6221, #6063, .T. ) ;
#4206 = ORIENTED_EDGE ( 'NONE', *, *, #3568, .F. ) ;
#4207 = EDGE_LOOP ( 'NONE', ( #7857, #4239, #1725 ) ) ;
#4208 = LINE ( 'NONE', #3315, #5812 ) ;
#4209 = DIRECTION ( 'NONE',  ( 0.000000000000000000, 0.000000000000000000, -1.000000000000000000 ) ) ;
#4210 = VECTOR ( 'NONE', #3282, 1000.000000000000000 ) ;
#4211 = ORIENTED_EDGE ( 'NONE', *, *, #4694, .F. ) ;
#4212 = DIRECTION ( 'NONE',  ( 1.000000000000000000, -0.000000000000000000, 0.000000000000000000 ) ) ;
#4213 = EDGE_CURVE ( 'NONE', #8491, #927, #851, .T. ) ;
#4214 = FACE_OUTER_BOUND ( 'NONE', #9301, .T. ) ;
#4215 = DIRECTION ( 'NONE',  ( -1.000000000000000000, 0.000000000000000000, 0.000000000000000000 ) ) ;
#4216 = VECTOR ( 'NONE', #2268, 1000.000000000000000 ) ;
#4217 = DIRECTION ( 'NONE',  ( -0.000000000000000000, -0.000000000000000000, 1.000000000000000000 ) ) ;
#4218 = EDGE_CURVE ( 'NONE', #4516, #7384, #4386, .T. ) ;
#4219 = CARTESIAN_POINT ( 'NONE',  ( 65.20000000000001705, -17.40000000000000213, 1.000000000000000000 ) ) ;
#4220 = VECTOR ( 'NONE', #5211, 1000.000000000000000 ) ;
#4221 = CARTESIAN_POINT ( 'NONE',  ( 18.21999999999999886, 10.92500000000000071, 1.000000000000000000 ) ) ;
#4222 = CARTESIAN_POINT ( 'NONE',  ( 51.20000000000000284, 4.000000000000000000, 1.000000000000000000 ) ) ;
#4223 = ORIENTED_EDGE ( 'NONE', *, *, #2464, .T. ) ;
#4224 = VERTEX_POINT ( 'NONE', #5119 ) ;
#4225 = FACE_BOUND ( 'NONE', #5194, .T. ) ;
#4226 = LINE ( 'NONE', #1566, #9984 ) ;
#4227 = VERTEX_POINT ( 'NONE', #6730 ) ;
#4228 = VECTOR ( 'NONE', #4408, 1000.000000000000000 ) ;
#4229 = FACE_OUTER_BOUND ( 'NONE', #2877, .T. ) ;
#4230 = VECTOR ( 'NONE', #5521, 1000.000000000000000 ) ;
#4231 = CARTESIAN_POINT ( 'NONE',  ( 44.20000000000001705, -53.40000000000000568, 1.000000000000000000 ) ) ;
#4232 = FACE_OUTER_BOUND ( 'NONE', #85, .T. ) ;
#4233 = CIRCLE ( 'NONE', #10951, 0.5000000000000000000 ) ;
#4234 = ORIENTED_EDGE ( 'NONE', *, *, #8809, .T. ) ;
#4235 = LINE ( 'NONE', #7619, #8230 ) ;
#4236 = VECTOR ( 'NONE', #962, 1000.000000000000000 ) ;
#4237 = VERTEX_POINT ( 'NONE', #8449 ) ;
#4238 = DIRECTION ( 'NONE',  ( 6.938893903907229955E-15, -1.000000000000000000, 0.000000000000000000 ) ) ;
#4239 = ORIENTED_EDGE ( 'NONE', *, *, #4584, .T. ) ;
#4240 = ADVANCED_FACE ( 'NONE', ( #805 ), #1024, .F. ) ;
#4241 = DIRECTION ( 'NONE',  ( 0.000000000000000000, 0.000000000000000000, -1.000000000000000000 ) ) ;
#4242 = DIRECTION ( 'NONE',  ( -1.000000000000000000, 9.251858538542971828E-16, 0.000000000000000000 ) ) ;
#4243 = DIRECTION ( 'NONE',  ( -1.000000000000000000, 0.000000000000000000, 0.000000000000000000 ) ) ;
#4244 = LINE ( 'NONE', #9342, #8954 ) ;
#4245 = CIRCLE ( 'NONE', #9558, 4.999999999999999112 ) ;
#4246 = VERTEX_POINT ( 'NONE', #1848 ) ;
#4247 = ORIENTED_EDGE ( 'NONE', *, *, #6220, .F. ) ;
#4248 = ADVANCED_FACE ( 'NONE', ( #920 ), #2511, .F. ) ;
#4249 = VERTEX_POINT ( 'NONE', #191 ) ;
#4250 = DIRECTION ( 'NONE',  ( -1.000000000000000000, 0.000000000000000000, 0.000000000000000000 ) ) ;
#4251 = CARTESIAN_POINT ( 'NONE',  ( 56.50000000000000000, 4.000000000000000000, -1.000000000000000000 ) ) ;
#4252 = EDGE_LOOP ( 'NONE', ( #3314, #7886, #9137, #6243 ) ) ;
#4253 = ORIENTED_EDGE ( 'NONE', *, *, #8722, .T. ) ;
#4254 = DIRECTION ( 'NONE',  ( -0.000000000000000000, -0.000000000000000000, 1.000000000000000000 ) ) ;
#4255 = EDGE_CURVE ( 'NONE', #906, #344, #9390, .T. ) ;
#4256 = DIRECTION ( 'NONE',  ( 1.000000000000000000, 0.000000000000000000, 0.000000000000000000 ) ) ;
#4257 = CARTESIAN_POINT ( 'NONE',  ( 9.499999999999996447, -53.40000000000000568, 1.000000000000000000 ) ) ;
#4258 = AXIS2_PLACEMENT_3D ( 'NONE', #1299, #196, #7892 ) ;
#4259 = DIRECTION ( 'NONE',  ( 0.000000000000000000, 0.000000000000000000, -1.000000000000000000 ) ) ;
#4260 = VERTEX_POINT ( 'NONE', #9274 ) ;
#4261 = EDGE_CURVE ( 'NONE', #7671, #906, #10037, .T. ) ;
#4262 = ORIENTED_EDGE ( 'NONE', *, *, #5739, .F. ) ;
#4263 = VECTOR ( 'NONE', #7445, 1000.000000000000000 ) ;
#4264 = ORIENTED_EDGE ( 'NONE', *, *, #1913, .F. ) ;
#4265 = AXIS2_PLACEMENT_3D ( 'NONE', #6824, #8649, #10198 ) ;
#4266 = LINE ( 'NONE', #6038, #3867 ) ;
#4267 = CARTESIAN_POINT ( 'NONE',  ( 47.20000000000000284, -50.39999999999999858, 3.000000000000000000 ) ) ;
#4268 = EDGE_CURVE ( 'NONE', #172, #3826, #35, .T. ) ;
#4269 = VERTEX_POINT ( 'NONE', #10159 ) ;
#4270 = CARTESIAN_POINT ( 'NONE',  ( 3.079999999999999627, 22.91999999999999815, 3.000000000000000000 ) ) ;
#4271 = LINE ( 'NONE', #4156, #4603 ) ;
#4272 = ADVANCED_FACE ( 'NONE', ( #1793 ), #8559, .F. ) ;
#4273 = CIRCLE ( 'NONE', #10458, 3.799999999999998046 ) ;
#4274 = DIRECTION ( 'NONE',  ( 4.663235150475319492E-17, -1.000000000000000000, 0.000000000000000000 ) ) ;
#4275 = CARTESIAN_POINT ( 'NONE',  ( 27.50000000000000000, -0.2999999999999999889, -7.799999999999999822 ) ) ;
#4276 = CARTESIAN_POINT ( 'NONE',  ( 69.65000000000001990, -94.39999999999999147, 1.000000000000000000 ) ) ;
#4277 = ORIENTED_EDGE ( 'NONE', *, *, #6227, .T. ) ;
#4278 = LINE ( 'NONE', #8319, #9407 ) ;
#4279 = ORIENTED_EDGE ( 'NONE', *, *, #2096, .F. ) ;
#4280 = EDGE_LOOP ( 'NONE', ( #7154, #5940, #2422, #5699 ) ) ;
#4281 = FACE_BOUND ( 'NONE', #5160, .T. ) ;
#4282 = CARTESIAN_POINT ( 'NONE',  ( 57.20000000000000284, 11.44999999999999929, -14.00000000000000000 ) ) ;
#4283 = ORIENTED_EDGE ( 'NONE', *, *, #9197, .T. ) ;
#4284 = ADVANCED_FACE ( 'NONE', ( #7728 ), #137, .F. ) ;
#4285 = CARTESIAN_POINT ( 'NONE',  ( 56.20000000000000995, -32.39999999999999858, 1.000000000000000000 ) ) ;
#4286 = CARTESIAN_POINT ( 'NONE',  ( 28.50000000000000000, 25.89999999999999858, 1.000000000000000000 ) ) ;
#4287 = DIRECTION ( 'NONE',  ( 0.000000000000000000, -1.000000000000000000, 0.000000000000000000 ) ) ;
#4288 = ORIENTED_EDGE ( 'NONE', *, *, #2159, .T. ) ;
#4289 = DIRECTION ( 'NONE',  ( 1.000000000000000000, -0.000000000000000000, 0.000000000000000000 ) ) ;
#4290 = ORIENTED_EDGE ( 'NONE', *, *, #8212, .F. ) ;
#4291 = PLANE ( 'NONE',  #322 ) ;
#4292 = ORIENTED_EDGE ( 'NONE', *, *, #10901, .T. ) ;
#4293 = DIRECTION ( 'NONE',  ( 0.000000000000000000, 0.000000000000000000, -1.000000000000000000 ) ) ;
#4294 = DIRECTION ( 'NONE',  ( 1.000000000000000000, 0.000000000000000000, 0.000000000000000000 ) ) ;
#4295 = AXIS2_PLACEMENT_3D ( 'NONE', #808, #2569, #5069 ) ;
#4296 = VECTOR ( 'NONE', #7653, 1000.000000000000000 ) ;
#4297 = DIRECTION ( 'NONE',  ( 0.000000000000000000, -1.000000000000000000, 0.000000000000000000 ) ) ;
#4298 = PLANE ( 'NONE',  #2227 ) ;
#4299 = VERTEX_POINT ( 'NONE', #3729 ) ;
#4300 = VERTEX_POINT ( 'NONE', #9555 ) ;
#4301 = ORIENTED_EDGE ( 'NONE', *, *, #2333, .F. ) ;
#4302 = DIRECTION ( 'NONE',  ( -0.000000000000000000, -0.000000000000000000, 1.000000000000000000 ) ) ;
#4303 = EDGE_CURVE ( 'NONE', #1701, #685, #7998, .T. ) ;
#4304 = VECTOR ( 'NONE', #266, 1000.000000000000000 ) ;
#4305 = LINE ( 'NONE', #6077, #1849 ) ;
#4306 = ORIENTED_EDGE ( 'NONE', *, *, #6116, .F. ) ;
#4307 = AXIS2_PLACEMENT_3D ( 'NONE', #6400, #7120, #7224 ) ;
#4308 = ORIENTED_EDGE ( 'NONE', *, *, #3520, .T. ) ;
#4309 = CARTESIAN_POINT ( 'NONE',  ( 27.50000000000000000, 0.000000000000000000, -13.00000000000000000 ) ) ;
#4310 = CARTESIAN_POINT ( 'NONE',  ( 12.49999999999999289, -18.90000000000003411, 1.000000000000000000 ) ) ;
#4311 = EDGE_CURVE ( 'NONE', #5695, #9642, #9695, .T. ) ;
#4312 = AXIS2_PLACEMENT_3D ( 'NONE', #2777, #4443, #10480 ) ;
#4313 = DIRECTION ( 'NONE',  ( 0.000000000000000000, 0.000000000000000000, -1.000000000000000000 ) ) ;
#4314 = VERTEX_POINT ( 'NONE', #1185 ) ;
#4315 = ORIENTED_EDGE ( 'NONE', *, *, #5255, .T. ) ;
#4316 = VERTEX_POINT ( 'NONE', #5284 ) ;
#4317 = LINE ( 'NONE', #8477, #9521 ) ;
#4318 = DIRECTION ( 'NONE',  ( -1.000000000000000000, 0.000000000000000000, 0.000000000000000000 ) ) ;
#4319 = ORIENTED_EDGE ( 'NONE', *, *, #6625, .F. ) ;
#4320 = CARTESIAN_POINT ( 'NONE',  ( 53.20000000000002416, -53.40000000000000568, 3.000000000000000000 ) ) ;
#4321 = DIRECTION ( 'NONE',  ( 1.000000000000000000, -0.000000000000000000, -0.000000000000000000 ) ) ;
#4322 = CARTESIAN_POINT ( 'NONE',  ( 11.49999999999999112, -93.39999999999996305, -13.99999999999999822 ) ) ;
#4323 = EDGE_CURVE ( 'NONE', #6727, #8663, #6159, .T. ) ;
#4324 = CARTESIAN_POINT ( 'NONE',  ( 3.079999999999999627, 22.91999999999999815, 1.000000000000000000 ) ) ;
#4325 = ADVANCED_FACE ( 'NONE', ( #5508 ), #10043, .F. ) ;
#4326 = LINE ( 'NONE', #4161, #2936 ) ;
#4327 = EDGE_LOOP ( 'NONE', ( #1087, #2187, #2536, #8901 ) ) ;
#4328 = DIRECTION ( 'NONE',  ( 1.000000000000000000, 4.313492514189664968E-16, 0.000000000000000000 ) ) ;
#4329 = CARTESIAN_POINT ( 'NONE',  ( 34.50000000000000000, 25.89999999999999858, 1.000000000000000000 ) ) ;
#4330 = VERTEX_POINT ( 'NONE', #4563 ) ;
#4331 = EDGE_LOOP ( 'NONE', ( #8699, #1224, #7807, #1194 ) ) ;
#4332 = FACE_BOUND ( 'NONE', #2635, .T. ) ;
#4333 = CARTESIAN_POINT ( 'NONE',  ( 3.499999999999991118, -35.39999999999999858, 3.000000000000000000 ) ) ;
#4334 = DIRECTION ( 'NONE',  ( 0.000000000000000000, -0.9996003793588017494, -0.02826803116136169386 ) ) ;
#4335 = VECTOR ( 'NONE', #1863, 999.9999999999998863 ) ;
#4336 = DIRECTION ( 'NONE',  ( 1.000000000000000000, 0.000000000000000000, 0.000000000000000000 ) ) ;
#4337 = CARTESIAN_POINT ( 'NONE',  ( 27.50000000000000000, 16.86292439923190045, 7.863310786250720774 ) ) ;
#4338 = EDGE_CURVE ( 'NONE', #5784, #5886, #9608, .T. ) ;
#4339 = CARTESIAN_POINT ( 'NONE',  ( 3.499999999999992895, -53.40000000000000568, 3.000000000000000000 ) ) ;
#4340 = EDGE_CURVE ( 'NONE', #8613, #2507, #7887, .T. ) ;
#4341 = VECTOR ( 'NONE', #7199, 1000.000000000000000 ) ;
#4342 = PLANE ( 'NONE',  #5924 ) ;
#4343 = ORIENTED_EDGE ( 'NONE', *, *, #5125, .F. ) ;
#4344 = DIRECTION ( 'NONE',  ( -0.000000000000000000, 1.000000000000000000, 0.000000000000000000 ) ) ;
#4345 = ORIENTED_EDGE ( 'NONE', *, *, #4123, .T. ) ;
#4346 = DIRECTION ( 'NONE',  ( 0.000000000000000000, 0.000000000000000000, 1.000000000000000000 ) ) ;
#4347 = DIRECTION ( 'NONE',  ( 0.000000000000000000, -0.000000000000000000, 1.000000000000000000 ) ) ;
#4348 = AXIS2_PLACEMENT_3D ( 'NONE', #7134, #10613, #3965 ) ;
#4349 = CARTESIAN_POINT ( 'NONE',  ( 42.39999999999999858, 12.80000000000000071, 1.000000000000000000 ) ) ;
#4350 = DIRECTION ( 'NONE',  ( 0.000000000000000000, 0.000000000000000000, 1.000000000000000000 ) ) ;
#4351 = EDGE_CURVE ( 'NONE', #9346, #3906, #2121, .T. ) ;
#4352 = VERTEX_POINT ( 'NONE', #8832 ) ;
#4353 = ORIENTED_EDGE ( 'NONE', *, *, #1354, .T. ) ;
#4354 = VECTOR ( 'NONE', #5189, 1000.000000000000000 ) ;
#4355 = ORIENTED_EDGE ( 'NONE', *, *, #2356, .F. ) ;
#4356 = CARTESIAN_POINT ( 'NONE',  ( 72.75000000000001421, 35.39999999999999858, 3.000000000000000000 ) ) ;
#4357 = VECTOR ( 'NONE', #10302, 1000.000000000000000 ) ;
#4358 = CARTESIAN_POINT ( 'NONE',  ( 9.499999999999992895, -50.39999999999999858, 3.001000000000000334 ) ) ;
#4359 = ORIENTED_EDGE ( 'NONE', *, *, #9218, .F. ) ;
#4360 = ORIENTED_EDGE ( 'NONE', *, *, #3721, .T. ) ;
#4361 = CARTESIAN_POINT ( 'NONE',  ( -8.500000000000008882, -50.39999999999999858, 1.000000000000000000 ) ) ;
#4362 = DIRECTION ( 'NONE',  ( -1.000000000000000000, -7.228014483236699514E-17, 0.000000000000000000 ) ) ;
#4363 = LINE ( 'NONE', #2912, #4169 ) ;
#4364 = ORIENTED_EDGE ( 'NONE', *, *, #4445, .T. ) ;
#4365 = ORIENTED_EDGE ( 'NONE', *, *, #2707, .T. ) ;
#4366 = ORIENTED_EDGE ( 'NONE', *, *, #1966, .T. ) ;
#4367 = LINE ( 'NONE', #892, #6698 ) ;
#4368 = PLANE ( 'NONE',  #3619 ) ;
#4369 = VERTEX_POINT ( 'NONE', #7165 ) ;
#4370 = VECTOR ( 'NONE', #4483, 1000.000000000000114 ) ;
#4371 = CARTESIAN_POINT ( 'NONE',  ( 53.79999999999999716, -76.00000000000001421, 1.000000000000000000 ) ) ;
#4372 = DIRECTION ( 'NONE',  ( 0.000000000000000000, 1.000000000000000000, -0.000000000000000000 ) ) ;
#4373 = CARTESIAN_POINT ( 'NONE',  ( 60.20000000000001705, 35.40000000000001279, -4.000000000000000000 ) ) ;
#4374 = LINE ( 'NONE', #2712, #5220 ) ;
#4375 = VECTOR ( 'NONE', #5532, 1000.000000000000000 ) ;
#4376 = DIRECTION ( 'NONE',  ( -0.000000000000000000, -0.000000000000000000, -1.000000000000000000 ) ) ;
#4377 = VERTEX_POINT ( 'NONE', #1243 ) ;
#4378 = CARTESIAN_POINT ( 'NONE',  ( 55.50000000000000000, 4.000000000000000000, -1.000000000000000000 ) ) ;
#4379 = CARTESIAN_POINT ( 'NONE',  ( -3.500000000000002665, -93.39999999999996305, 1.000000000000000000 ) ) ;
#4380 = ORIENTED_EDGE ( 'NONE', *, *, #2233, .F. ) ;
#4381 = ORIENTED_EDGE ( 'NONE', *, *, #5497, .T. ) ;
#4382 = LINE ( 'NONE', #3553, #2084 ) ;
#4383 = PLANE ( 'NONE',  #8795 ) ;
#4384 = DIRECTION ( 'NONE',  ( 0.000000000000000000, 1.000000000000000000, -0.000000000000000000 ) ) ;
#4385 = EDGE_CURVE ( 'NONE', #9673, #10568, #7946, .T. ) ;
#4386 = CIRCLE ( 'NONE', #10929, 5.299999999999998934 ) ;
#4387 = DIRECTION ( 'NONE',  ( 1.000000000000000000, 0.000000000000000000, 0.000000000000000000 ) ) ;
#4388 = VECTOR ( 'NONE', #2413, 1000.000000000000000 ) ;
#4389 = CARTESIAN_POINT ( 'NONE',  ( 57.09545360055889773, 2.449999999999999734, -1.993817174212074939 ) ) ;
#4390 = CARTESIAN_POINT ( 'NONE',  ( 75.20000000000000284, 39.40000000000000568, 1.000000000000000000 ) ) ;
#4391 = CIRCLE ( 'NONE', #2619, 1.000000000000000000 ) ;
#4392 = CARTESIAN_POINT ( 'NONE',  ( -1.300000000000000044, 23.09999999999999787, 0.5000000000000000000 ) ) ;
#4393 = EDGE_CURVE ( 'NONE', #8798, #8438, #4505, .T. ) ;
#4394 = ORIENTED_EDGE ( 'NONE', *, *, #7911, .T. ) ;
#4395 = CARTESIAN_POINT ( 'NONE',  ( -0.2999999999999944933, 23.09999999999999787, 0.5000000000000000000 ) ) ;
#4396 = ORIENTED_EDGE ( 'NONE', *, *, #7661, .F. ) ;
#4397 = CIRCLE ( 'NONE', #4042, 2.000000000000000000 ) ;
#4398 = DIRECTION ( 'NONE',  ( -1.000000000000000000, 0.000000000000000000, 0.000000000000000000 ) ) ;
#4399 = CARTESIAN_POINT ( 'NONE',  ( -0.2999999999999929945, 10.44999999999999929, -13.00000000000000000 ) ) ;
#4400 = ADVANCED_FACE ( 'NONE', ( #9659 ), #6234, .T. ) ;
#4401 = CIRCLE ( 'NONE', #7589, 0.5000000000000000000 ) ;
#4402 = LINE ( 'NONE', #1693, #10137 ) ;
#4403 = VECTOR ( 'NONE', #10815, 1000.000000000000000 ) ;
#4404 = DIRECTION ( 'NONE',  ( -1.000000000000000000, 0.000000000000000000, 0.000000000000000000 ) ) ;
#4405 = EDGE_LOOP ( 'NONE', ( #702, #4253, #7368, #3424, #3980 ) ) ;
#4406 = ORIENTED_EDGE ( 'NONE', *, *, #3390, .T. ) ;
#4407 = VERTEX_POINT ( 'NONE', #2894 ) ;
#4408 = DIRECTION ( 'NONE',  ( 2.202823461557875190E-15, 1.000000000000000000, 0.000000000000000000 ) ) ;
#4409 = PLANE ( 'NONE',  #4865 ) ;
#4410 = EDGE_LOOP ( 'NONE', ( #7795, #6148, #2647, #10415 ) ) ;
#4411 = EDGE_LOOP ( 'NONE', ( #9220, #7818, #1794, #9647 ) ) ;
#4412 = DIRECTION ( 'NONE',  ( -0.000000000000000000, -1.000000000000000000, -0.000000000000000000 ) ) ;
#4413 = CARTESIAN_POINT ( 'NONE',  ( 0.000000000000000000, 0.000000000000000000, -13.00000000000000000 ) ) ;
#4414 = EDGE_CURVE ( 'NONE', #3236, #6473, #10433, .T. ) ;
#4415 = VECTOR ( 'NONE', #9587, 1000.000000000000000 ) ;
#4416 = CARTESIAN_POINT ( 'NONE',  ( 62.20000000000000995, -50.39999999999999858, 1.000000000000000000 ) ) ;
#4417 = ORIENTED_EDGE ( 'NONE', *, *, #4200, .F. ) ;
#4418 = ORIENTED_EDGE ( 'NONE', *, *, #2953, .T. ) ;
#4419 = ORIENTED_EDGE ( 'NONE', *, *, #5154, .F. ) ;
#4420 = DIRECTION ( 'NONE',  ( 1.000000000000000000, -2.202823461557889784E-15, 0.000000000000000000 ) ) ;
#4421 = DIRECTION ( 'NONE',  ( 0.000000000000000000, 0.000000000000000000, -1.000000000000000000 ) ) ;
#4422 = ORIENTED_EDGE ( 'NONE', *, *, #542, .F. ) ;
#4423 = AXIS2_PLACEMENT_3D ( 'NONE', #8721, #1189, #4510 ) ;
#4424 = CYLINDRICAL_SURFACE ( 'NONE', #1540, 3.000000000000002665 ) ;
#4425 = DIRECTION ( 'NONE',  ( -1.000000000000000000, 0.000000000000000000, 0.000000000000000000 ) ) ;
#4426 = LINE ( 'NONE', #7864, #5716 ) ;
#4427 = DIRECTION ( 'NONE',  ( -0.000000000000000000, 0.000000000000000000, -1.000000000000000000 ) ) ;
#4428 = VECTOR ( 'NONE', #4557, 1000.000000000000000 ) ;
#4429 = DIRECTION ( 'NONE',  ( -0.000000000000000000, -0.000000000000000000, -1.000000000000000000 ) ) ;
#4430 = EDGE_LOOP ( 'NONE', ( #4189, #5872, #7423, #1638 ) ) ;
#4431 = CYLINDRICAL_SURFACE ( 'NONE', #9706, 0.5000000000000000000 ) ;
#4432 = DIRECTION ( 'NONE',  ( -1.065554960673713885E-16, 1.000000000000000000, 0.000000000000000000 ) ) ;
#4433 = ORIENTED_EDGE ( 'NONE', *, *, #3187, .F. ) ;
#4434 = ORIENTED_EDGE ( 'NONE', *, *, #1101, .T. ) ;
#4435 = DIRECTION ( 'NONE',  ( -1.000000000000000000, 0.000000000000000000, 0.000000000000000000 ) ) ;
#4436 = CARTESIAN_POINT ( 'NONE',  ( 68.20000000000001705, -17.40000000000000213, 3.000000000000000000 ) ) ;
#4437 = EDGE_CURVE ( 'NONE', #4461, #10145, #6343, .T. ) ;
#4438 = LINE ( 'NONE', #7051, #2112 ) ;
#4439 = AXIS2_PLACEMENT_3D ( 'NONE', #397, #8928, #7152 ) ;
#4440 = PLANE ( 'NONE',  #376 ) ;
#4441 = EDGE_CURVE ( 'NONE', #10498, #723, #1904, .T. ) ;
#4442 = ADVANCED_FACE ( 'NONE', ( #6285 ), #8103, .F. ) ;
#4443 = DIRECTION ( 'NONE',  ( -1.000000000000000000, -1.219727444046191995E-16, 0.000000000000000000 ) ) ;
#4444 = LINE ( 'NONE', #6888, #10718 ) ;
#4445 = EDGE_CURVE ( 'NONE', #5813, #4461, #7833, .T. ) ;
#4446 = CARTESIAN_POINT ( 'NONE',  ( 44.20000000000000995, -50.39999999999999858, 1.000000000000000000 ) ) ;
#4447 = ORIENTED_EDGE ( 'NONE', *, *, #889, .F. ) ;
#4448 = CARTESIAN_POINT ( 'NONE',  ( 49.79999999999998295, -76.00000000000001421, 0.4999999999999995559 ) ) ;
#4449 = ORIENTED_EDGE ( 'NONE', *, *, #6157, .T. ) ;
#4450 = EDGE_CURVE ( 'NONE', #5180, #6192, #5273, .T. ) ;
#4451 = DIRECTION ( 'NONE',  ( -1.000000000000000000, 0.000000000000000000, 0.000000000000000000 ) ) ;
#4452 = DIRECTION ( 'NONE',  ( 0.000000000000000000, 0.000000000000000000, -1.000000000000000000 ) ) ;
#4453 = EDGE_CURVE ( 'NONE', #9114, #4494, #10540, .T. ) ;
#4454 = EDGE_CURVE ( 'NONE', #10211, #9092, #6681, .T. ) ;
#4455 = CARTESIAN_POINT ( 'NONE',  ( 6.700000000000000178, 3.875000000000000000, 1.000000000000000000 ) ) ;
#4456 = LINE ( 'NONE', #8003, #419 ) ;
#4457 = EDGE_CURVE ( 'NONE', #3950, #2633, #2337, .T. ) ;
#4458 = EDGE_CURVE ( 'NONE', #5406, #4058, #4840, .T. ) ;
#4459 = EDGE_LOOP ( 'NONE', ( #9503, #43, #6991, #5314 ) ) ;
#4460 = ORIENTED_EDGE ( 'NONE', *, *, #2221, .T. ) ;
#4461 = VERTEX_POINT ( 'NONE', #4729 ) ;
#4462 = CARTESIAN_POINT ( 'NONE',  ( 59.20000000000000995, -50.39999999999999858, 1.000000000000000000 ) ) ;
#4463 = EDGE_CURVE ( 'NONE', #995, #10197, #738, .T. ) ;
#4464 = DIRECTION ( 'NONE',  ( -1.000000000000000000, 0.000000000000000000, 0.000000000000000000 ) ) ;
#4465 = ORIENTED_EDGE ( 'NONE', *, *, #10412, .F. ) ;
#4466 = ORIENTED_EDGE ( 'NONE', *, *, #7908, .T. ) ;
#4467 = CARTESIAN_POINT ( 'NONE',  ( -14.50000000000000533, -94.39999999999999147, 3.000000000000000000 ) ) ;
#4468 = DIRECTION ( 'NONE',  ( -7.228014483236699514E-17, 1.000000000000000000, 0.000000000000000000 ) ) ;
#4469 = VECTOR ( 'NONE', #4963, 1000.000000000000000 ) ;
#4470 = EDGE_CURVE ( 'NONE', #4103, #9673, #5777, .T. ) ;
#4471 = AXIS2_PLACEMENT_3D ( 'NONE', #5202, #281, #4486 ) ;
#4472 = FACE_OUTER_BOUND ( 'NONE', #6048, .T. ) ;
#4473 = CARTESIAN_POINT ( 'NONE',  ( 53.79999999999999716, -76.00000000000001421, -7.500000000000000888 ) ) ;
#4474 = CARTESIAN_POINT ( 'NONE',  ( 13.49999999999999289, -78.39999999999996305, -13.99999999999999822 ) ) ;
#4475 = ORIENTED_EDGE ( 'NONE', *, *, #9682, .F. ) ;
#4476 = ADVANCED_FACE ( 'NONE', ( #3948 ), #3895, .F. ) ;
#4477 = EDGE_LOOP ( 'NONE', ( #7790, #6683, #10849, #7987 ) ) ;
#4478 = EDGE_LOOP ( 'NONE', ( #6772, #6195, #890, #3947 ) ) ;
#4479 = DIRECTION ( 'NONE',  ( 0.000000000000000000, 0.000000000000000000, 1.000000000000000000 ) ) ;
#4480 = EDGE_CURVE ( 'NONE', #1708, #2421, #5614, .T. ) ;
#4481 = LINE ( 'NONE', #5981, #9824 ) ;
#4482 = ORIENTED_EDGE ( 'NONE', *, *, #2495, .T. ) ;
#4483 = DIRECTION ( 'NONE',  ( 0.000000000000000000, -0.02826803116136169039, 0.9996003793588016384 ) ) ;
#4484 = CARTESIAN_POINT ( 'NONE',  ( 44.20000000000000995, -35.39999999999999858, 3.001000000000000334 ) ) ;
#4485 = VECTOR ( 'NONE', #3051, 1000.000000000000000 ) ;
#4486 = DIRECTION ( 'NONE',  ( -1.000000000000000000, 0.000000000000000000, 0.000000000000000000 ) ) ;
#4487 = DIRECTION ( 'NONE',  ( 0.4226182617406974429, 0.000000000000000000, -0.9063077870366509359 ) ) ;
#4488 = CARTESIAN_POINT ( 'NONE',  ( 38.20000000000000995, -35.39999999999999858, 3.001000000000000334 ) ) ;
#4489 = EDGE_CURVE ( 'NONE', #9673, #3562, #1565, .T. ) ;
#4490 = ORIENTED_EDGE ( 'NONE', *, *, #6112, .F. ) ;
#4491 = ORIENTED_EDGE ( 'NONE', *, *, #9424, .T. ) ;
#4492 = DIRECTION ( 'NONE',  ( -0.000000000000000000, -0.000000000000000000, -1.000000000000000000 ) ) ;
#4493 = LINE ( 'NONE', #6990, #6226 ) ;
#4494 = VERTEX_POINT ( 'NONE', #8219 ) ;
#4495 = EDGE_LOOP ( 'NONE', ( #108, #1930, #5810, #4306 ) ) ;
#4496 = DIRECTION ( 'NONE',  ( -1.000000000000000000, 9.251858538542971828E-16, 0.000000000000000000 ) ) ;
#4497 = CARTESIAN_POINT ( 'NONE',  ( 47.20000000000001705, -35.39999999999999858, 1.000000000000000000 ) ) ;
#4498 = DIRECTION ( 'NONE',  ( -1.000000000000000000, 0.000000000000000000, 0.000000000000000000 ) ) ;
#4499 = LINE ( 'NONE', #1896, #1077 ) ;
#4500 = CARTESIAN_POINT ( 'NONE',  ( 34.50000000000000000, 28.89999999999999858, 0.000000000000000000 ) ) ;
#4501 = EDGE_CURVE ( 'NONE', #8388, #3068, #1459, .T. ) ;
#4502 = DIRECTION ( 'NONE',  ( 0.000000000000000000, 0.000000000000000000, -1.000000000000000000 ) ) ;
#4503 = FACE_OUTER_BOUND ( 'NONE', #5088, .T. ) ;
#4504 = VERTEX_POINT ( 'NONE', #9153 ) ;
#4505 = LINE ( 'NONE', #4673, #6866 ) ;
#4506 = AXIS2_PLACEMENT_3D ( 'NONE', #7740, #6852, #2581 ) ;
#4507 = ORIENTED_EDGE ( 'NONE', *, *, #3634, .F. ) ;
#4508 = FACE_OUTER_BOUND ( 'NONE', #10416, .T. ) ;
#4509 = VECTOR ( 'NONE', #10934, 1000.000000000000000 ) ;
#4510 = DIRECTION ( 'NONE',  ( 0.000000000000000000, 0.000000000000000000, 1.000000000000000000 ) ) ;
#4511 = CARTESIAN_POINT ( 'NONE',  ( -1.300000000000000044, 5.950000000000000178, 0.5000000000000000000 ) ) ;
#4512 = DIRECTION ( 'NONE',  ( -1.000000000000000000, 0.000000000000000000, 0.000000000000000000 ) ) ;
#4513 = AXIS2_PLACEMENT_3D ( 'NONE', #2594, #1984, #2809 ) ;
#4514 = VECTOR ( 'NONE', #4202, 1000.000000000000000 ) ;
#4515 = EDGE_LOOP ( 'NONE', ( #382, #777, #5797, #3908 ) ) ;
#4516 = VERTEX_POINT ( 'NONE', #10702 ) ;
#4517 = ORIENTED_EDGE ( 'NONE', *, *, #2630, .T. ) ;
#4518 = FACE_OUTER_BOUND ( 'NONE', #7525, .T. ) ;
#4519 = ORIENTED_EDGE ( 'NONE', *, *, #3276, .T. ) ;
#4520 = ORIENTED_EDGE ( 'NONE', *, *, #9206, .T. ) ;
#4521 = CARTESIAN_POINT ( 'NONE',  ( 54.69999999999999574, 11.44999999999999929, 0.5000000000000000000 ) ) ;
#4522 = LINE ( 'NONE', #10450, #2749 ) ;
#4523 = VECTOR ( 'NONE', #215, 1000.000000000000000 ) ;
#4524 = EDGE_CURVE ( 'NONE', #8124, #3956, #634, .T. ) ;
#4525 = CARTESIAN_POINT ( 'NONE',  ( 4.799999999999981171, -76.00000000000001421, 0.4999999999999995559 ) ) ;
#4526 = AXIS2_PLACEMENT_3D ( 'NONE', #1097, #4362, #4468 ) ;
#4527 = DIRECTION ( 'NONE',  ( -0.8571673007021125557, 0.000000000000000000, -0.5150380749100536004 ) ) ;
#4528 = VERTEX_POINT ( 'NONE', #2230 ) ;
#4529 = AXIS2_PLACEMENT_3D ( 'NONE', #6071, #8827, #5294 ) ;
#4530 = ORIENTED_EDGE ( 'NONE', *, *, #5370, .T. ) ;
#4531 = ORIENTED_EDGE ( 'NONE', *, *, #6625, .T. ) ;
#4532 = CARTESIAN_POINT ( 'NONE',  ( -2.266297947787970113, 2.449999999999999734, 0.03489949670250454272 ) ) ;
#4533 = FACE_OUTER_BOUND ( 'NONE', #5831, .T. ) ;
#4534 = ORIENTED_EDGE ( 'NONE', *, *, #7080, .F. ) ;
#4535 = CARTESIAN_POINT ( 'NONE',  ( 9.499999999999992895, -32.39999999999999858, 1.000000000000000000 ) ) ;
#4536 = AXIS2_PLACEMENT_3D ( 'NONE', #5047, #5827, #6604 ) ;
#4537 = CARTESIAN_POINT ( 'NONE',  ( 27.50000000000000000, 0.2000000000000000111, 1.000000000000000000 ) ) ;
#4538 = ADVANCED_FACE ( 'NONE', ( #4891, #5559, #4004, #8999, #3218, #8942, #10756, #6610, #3169, #10596, #7386, #9976, #5725, #2389, #3005, #687, #1404, #5672, #7439, #8109, #522, #7278, #10645, #8168, #3115, #6503, #9875, #9210, #3332, #847, #4225, #4281, #7662, #5937, #7492, #5107, #7609, #9321, #2499, #4332 ), #7713, .T. ) ;
#4539 = ADVANCED_FACE ( 'NONE', ( #1838 ), #1726, .F. ) ;
#4540 = DIRECTION ( 'NONE',  ( 0.000000000000000000, -1.000000000000000000, 0.000000000000000000 ) ) ;
#4541 = EDGE_CURVE ( 'NONE', #372, #10197, #10257, .T. ) ;
#4542 = CARTESIAN_POINT ( 'NONE',  ( 60.19999999999999574, 0.000000000000000000, -10.00000000000000000 ) ) ;
#4543 = LINE ( 'NONE', #9475, #2762 ) ;
#4544 = ORIENTED_EDGE ( 'NONE', *, *, #5428, .T. ) ;
#4545 = ORIENTED_EDGE ( 'NONE', *, *, #6137, .F. ) ;
#4546 = CONICAL_SURFACE ( 'NONE', #10212, 1.000000000000000888, 1.029744258676655200 ) ;
#4547 = CARTESIAN_POINT ( 'NONE',  ( 28.50000000000000000, -2.299999999999999822, -14.00000000000000000 ) ) ;
#4548 = ADVANCED_FACE ( 'NONE', ( #10147 ), #908, .F. ) ;
#4549 = CARTESIAN_POINT ( 'NONE',  ( -2.500000000000006661, -68.40000000000000568, 1.000000000000000000 ) ) ;
#4550 = EDGE_LOOP ( 'NONE', ( #5039, #1736, #7285, #6569 ) ) ;
#4551 = EDGE_LOOP ( 'NONE', ( #8019, #7300, #4290, #5141 ) ) ;
#4552 = FACE_OUTER_BOUND ( 'NONE', #10809, .T. ) ;
#4553 = DIRECTION ( 'NONE',  ( -0.000000000000000000, -0.000000000000000000, -1.000000000000000000 ) ) ;
#4554 = DIRECTION ( 'NONE',  ( 0.000000000000000000, 0.000000000000000000, -1.000000000000000000 ) ) ;
#4555 = ADVANCED_FACE ( 'NONE', ( #9264 ), #10091, .T. ) ;
#4556 = AXIS2_PLACEMENT_3D ( 'NONE', #8641, #333, #1056 ) ;
#4557 = DIRECTION ( 'NONE',  ( -0.000000000000000000, -0.000000000000000000, -1.000000000000000000 ) ) ;
#4558 = CARTESIAN_POINT ( 'NONE',  ( 28.50000000000000000, -0.2999999999999999889, -10.00000000000000000 ) ) ;
#4559 = APPLICATION_CONTEXT ( 'automotive_design' ) ;
#4560 = CARTESIAN_POINT ( 'NONE',  ( 0.000000000000000000, 10.44999999999999929, 1.000000000000000000 ) ) ;
#4561 = DIRECTION ( 'NONE',  ( 0.000000000000000000, -1.000000000000000000, 0.000000000000000000 ) ) ;
#4562 = EDGE_LOOP ( 'NONE', ( #8184, #1799, #3391, #5869 ) ) ;
#4563 = CARTESIAN_POINT ( 'NONE',  ( 55.19999999999999574, 17.44999999999999929, -10.00000000000000000 ) ) ;
#4564 = ORIENTED_EDGE ( 'NONE', *, *, #7133, .F. ) ;
#4565 = VECTOR ( 'NONE', #9715, 1000.000000000000000 ) ;
#4566 = CARTESIAN_POINT ( 'NONE',  ( 35.50000000000000000, 26.89999999999999858, 3.000000000000000000 ) ) ;
#4567 = CARTESIAN_POINT ( 'NONE',  ( 60.20000000000001705, 36.39999999999999858, -4.000000000000000000 ) ) ;
#4568 = VECTOR ( 'NONE', #4254, 1000.000000000000000 ) ;
#4569 = DIRECTION ( 'NONE',  ( 1.000000000000000000, -0.000000000000000000, 0.000000000000000000 ) ) ;
#4570 = CARTESIAN_POINT ( 'NONE',  ( -11.50000000000000888, -35.39999999999999858, 3.001000000000000334 ) ) ;
#4571 = AXIS2_PLACEMENT_3D ( 'NONE', #3151, #272, #10240 ) ;
#4572 = VERTEX_POINT ( 'NONE', #8600 ) ;
#4573 = ORIENTED_EDGE ( 'NONE', *, *, #9183, .T. ) ;
#4574 = CIRCLE ( 'NONE', #9345, 1.000000000000000888 ) ;
#4575 = ORIENTED_EDGE ( 'NONE', *, *, #5478, .T. ) ;
#4576 = CARTESIAN_POINT ( 'NONE',  ( 41.20000000000002416, -35.39999999999999858, 3.001000000000000334 ) ) ;
#4577 = ORIENTED_EDGE ( 'NONE', *, *, #1109, .F. ) ;
#4578 = EDGE_LOOP ( 'NONE', ( #2467, #3415, #3300, #1616 ) ) ;
#4579 = CARTESIAN_POINT ( 'NONE',  ( 50.79999999999998295, -76.00000000000001421, -7.500000000000000888 ) ) ;
#4580 = CARTESIAN_POINT ( 'NONE',  ( 51.20000000000000284, 21.60000000000000142, -1.000000000000000000 ) ) ;
#4581 = AXIS2_PLACEMENT_3D ( 'NONE', #3240, #10836, #6631 ) ;
#4582 = CARTESIAN_POINT ( 'NONE',  ( 0.000000000000000000, 6.949999999999999289, -7.799999999999999822 ) ) ;
#4583 = VECTOR ( 'NONE', #5849, 1000.000000000000000 ) ;
#4584 = EDGE_CURVE ( 'NONE', #1946, #6355, #10925, .T. ) ;
#4585 = CARTESIAN_POINT ( 'NONE',  ( 34.50000000000000000, 27.90000000000000213, 0.000000000000000000 ) ) ;
#4586 = ORIENTED_EDGE ( 'NONE', *, *, #1545, .F. ) ;
#4587 = ORIENTED_EDGE ( 'NONE', *, *, #9951, .T. ) ;
#4588 = VERTEX_POINT ( 'NONE', #23 ) ;
#4589 = EDGE_CURVE ( 'NONE', #2960, #4961, #9378, .T. ) ;
#4590 = FACE_BOUND ( 'NONE', #647, .T. ) ;
#4591 = DIRECTION ( 'NONE',  ( -0.000000000000000000, -0.000000000000000000, -1.000000000000000000 ) ) ;
#4592 = VECTOR ( 'NONE', #7550, 1000.000000000000000 ) ;
#4593 = ORIENTED_EDGE ( 'NONE', *, *, #7225, .T. ) ;
#4594 = CARTESIAN_POINT ( 'NONE',  ( 6.499999999999993783, -35.39999999999999858, 3.001000000000000334 ) ) ;
#4595 = CARTESIAN_POINT ( 'NONE',  ( 38.20000000000000995, -35.39999999999999858, 1.000000000000000000 ) ) ;
#4596 = LINE ( 'NONE', #336, #1989 ) ;
#4597 = ADVANCED_FACE ( 'NONE', ( #1782 ), #8546, .T. ) ;
#4598 = CARTESIAN_POINT ( 'NONE',  ( -5.500000000000007994, -50.39999999999999858, 1.000000000000000000 ) ) ;
#4599 = CARTESIAN_POINT ( 'NONE',  ( 72.75000000000001421, -94.39999999999999147, 3.000000000000000000 ) ) ;
#4600 = EDGE_CURVE ( 'NONE', #3586, #5856, #7547, .T. ) ;
#4601 = ORIENTED_EDGE ( 'NONE', *, *, #2034, .F. ) ;
#4602 = EDGE_LOOP ( 'NONE', ( #10089, #1941, #4861, #7587 ) ) ;
#4603 = VECTOR ( 'NONE', #10079, 1000.000000000000000 ) ;
#4604 = DIRECTION ( 'NONE',  ( 0.000000000000000000, 0.000000000000000000, 1.000000000000000000 ) ) ;
#4605 = DIRECTION ( 'NONE',  ( 1.000000000000000000, 0.000000000000000000, 0.000000000000000000 ) ) ;
#4606 = EDGE_LOOP ( 'NONE', ( #5103, #2307, #5993, #992 ) ) ;
#4607 = ORIENTED_EDGE ( 'NONE', *, *, #10155, .T. ) ;
#4608 = DIRECTION ( 'NONE',  ( 0.000000000000000000, 0.000000000000000000, 1.000000000000000000 ) ) ;
#4609 = CARTESIAN_POINT ( 'NONE',  ( -5.500000000000007994, -50.39999999999999858, 3.001000000000000334 ) ) ;
#4610 = EDGE_CURVE ( 'NONE', #2452, #3171, #4995, .T. ) ;
#4611 = CARTESIAN_POINT ( 'NONE',  ( 50.20000000000000995, -50.39999999999999858, 3.000000000000000000 ) ) ;
#4612 = CIRCLE ( 'NONE', #4258, 5.299999999999998934 ) ;
#4613 = DIRECTION ( 'NONE',  ( -0.000000000000000000, -0.000000000000000000, -1.000000000000000000 ) ) ;
#4614 = CARTESIAN_POINT ( 'NONE',  ( 6.499999999999993783, -32.39999999999999858, 3.001000000000000334 ) ) ;
#4615 = CARTESIAN_POINT ( 'NONE',  ( 72.20000000000001705, 24.40000000000000568, -4.000000000000000000 ) ) ;
#4616 = CARTESIAN_POINT ( 'NONE',  ( 9.499999999999996447, -68.40000000000000568, 3.000000000000000000 ) ) ;
#4617 = DIRECTION ( 'NONE',  ( -1.000000000000000000, 0.000000000000000000, 0.000000000000000000 ) ) ;
#4618 = ORIENTED_EDGE ( 'NONE', *, *, #9894, .T. ) ;
#4619 = EDGE_CURVE ( 'NONE', #6402, #9400, #10032, .T. ) ;
#4620 = CIRCLE ( 'NONE', #8866, 4.299999999999998046 ) ;
#4621 = VECTOR ( 'NONE', #5711, 1000.000000000000000 ) ;
#4622 = DIRECTION ( 'NONE',  ( -1.000000000000000000, 0.000000000000000000, 0.000000000000000000 ) ) ;
#4623 = ORIENTED_EDGE ( 'NONE', *, *, #7050, .F. ) ;
#4624 = DIRECTION ( 'NONE',  ( -0.000000000000000000, -0.000000000000000000, -1.000000000000000000 ) ) ;
#4625 = DIRECTION ( 'NONE',  ( 0.000000000000000000, 0.000000000000000000, 1.000000000000000000 ) ) ;
#4626 = CARTESIAN_POINT ( 'NONE',  ( 0.000000000000000000, 10.44999999999999929, 1.000000000000000000 ) ) ;
#4627 = CARTESIAN_POINT ( 'NONE',  ( 56.20000000000000995, -17.40000000000000213, 3.000000000000000000 ) ) ;
#4628 = VECTOR ( 'NONE', #4164, 1000.000000000000000 ) ;
#4629 = ORIENTED_EDGE ( 'NONE', *, *, #5767, .F. ) ;
#4630 = VERTEX_POINT ( 'NONE', #5833 ) ;
#4631 = ORIENTED_EDGE ( 'NONE', *, *, #2139, .F. ) ;
#4632 = DIRECTION ( 'NONE',  ( 0.000000000000000000, 0.000000000000000000, -1.000000000000000000 ) ) ;
#4633 = ORIENTED_EDGE ( 'NONE', *, *, #6518, .T. ) ;
#4634 = ORIENTED_EDGE ( 'NONE', *, *, #4123, .F. ) ;
#4635 = DIRECTION ( 'NONE',  ( 0.000000000000000000, 1.000000000000000000, -0.000000000000000000 ) ) ;
#4636 = CARTESIAN_POINT ( 'NONE',  ( 65.20000000000001705, -53.40000000000000568, 1.000000000000000000 ) ) ;
#4637 = CARTESIAN_POINT ( 'NONE',  ( 56.50000000000000000, 18.45000000000000284, 3.000000000000000000 ) ) ;
#4638 = CARTESIAN_POINT ( 'NONE',  ( 35.50000000000000000, 0.2000000000000000111, 1.000000000000000000 ) ) ;
#4639 = ORIENTED_EDGE ( 'NONE', *, *, #5958, .F. ) ;
#4640 = EDGE_CURVE ( 'NONE', #9376, #8357, #4167, .T. ) ;
#4641 = ORIENTED_EDGE ( 'NONE', *, *, #5693, .F. ) ;
#4642 = ORIENTED_EDGE ( 'NONE', *, *, #7459, .F. ) ;
#4643 = FACE_BOUND ( 'NONE', #6854, .T. ) ;
#4644 = AXIS2_PLACEMENT_3D ( 'NONE', #9854, #3928, #8924 ) ;
#4645 = DIRECTION ( 'NONE',  ( -1.000000000000000000, 0.000000000000000000, 0.000000000000000000 ) ) ;
#4646 = AXIS2_PLACEMENT_3D ( 'NONE', #6930, #1219, #3652 ) ;
#4647 = ORIENTED_EDGE ( 'NONE', *, *, #3666, .F. ) ;
#4648 = FACE_OUTER_BOUND ( 'NONE', #1067, .T. ) ;
#4649 = EDGE_CURVE ( 'NONE', #8514, #2132, #3388, .T. ) ;
#4650 = DIRECTION ( 'NONE',  ( 4.313492514189664968E-16, -1.000000000000000000, 0.000000000000000000 ) ) ;
#4651 = LINE ( 'NONE', #3924, #2516 ) ;
#4652 = VECTOR ( 'NONE', #3757, 1000.000000000000000 ) ;
#4653 = DIRECTION ( 'NONE',  ( 0.000000000000000000, 1.000000000000000000, 0.000000000000000000 ) ) ;
#4654 = LINE ( 'NONE', #7148, #8435 ) ;
#4655 = ORIENTED_EDGE ( 'NONE', *, *, #620, .F. ) ;
#4656 = ORIENTED_EDGE ( 'NONE', *, *, #754, .F. ) ;
#4657 = FACE_OUTER_BOUND ( 'NONE', #7350, .T. ) ;
#4658 = PLANE ( 'NONE',  #200 ) ;
#4659 = ORIENTED_EDGE ( 'NONE', *, *, #1610, .T. ) ;
#4660 = ORIENTED_EDGE ( 'NONE', *, *, #10819, .F. ) ;
#4661 = FACE_OUTER_BOUND ( 'NONE', #2958, .T. ) ;
#4662 = VECTOR ( 'NONE', #4010, 1000.000000000000000 ) ;
#4663 = CARTESIAN_POINT ( 'NONE',  ( -8.500000000000008882, -50.39999999999999858, 3.001000000000000334 ) ) ;
#4664 = ADVANCED_FACE ( 'NONE', ( #5330 ), #1230, .F. ) ;
#4665 = EDGE_CURVE ( 'NONE', #4630, #4899, #6869, .T. ) ;
#4666 = DIRECTION ( 'NONE',  ( 0.000000000000000000, 0.000000000000000000, 1.000000000000000000 ) ) ;
#4667 = CARTESIAN_POINT ( 'NONE',  ( 62.20000000000000284, -17.40000000000000213, 3.001000000000000334 ) ) ;
#4668 = CARTESIAN_POINT ( 'NONE',  ( 60.20000000000003126, -95.40000000000000568, -4.000000000000000000 ) ) ;
#4669 = AXIS2_PLACEMENT_3D ( 'NONE', #8770, #1897, #9654 ) ;
#4670 = CARTESIAN_POINT ( 'NONE',  ( 3.499999999999992895, -68.40000000000000568, 1.000000000000000000 ) ) ;
#4671 = DIRECTION ( 'NONE',  ( 1.000000000000000000, 0.000000000000000000, 0.000000000000000000 ) ) ;
#4672 = ORIENTED_EDGE ( 'NONE', *, *, #1019, .F. ) ;
#4673 = CARTESIAN_POINT ( 'NONE',  ( 3.499999999999992895, -68.40000000000000568, 3.000000000000000000 ) ) ;
#4674 = CARTESIAN_POINT ( 'NONE',  ( 3.799999999999983835, -76.00000000000001421, -7.500000000000000888 ) ) ;
#4675 = ORIENTED_EDGE ( 'NONE', *, *, #2429, .T. ) ;
#4676 = CARTESIAN_POINT ( 'NONE',  ( 57.20000000000000284, 17.44999999999999929, -14.00000000000000000 ) ) ;
#4677 = PLANE ( 'NONE',  #4423 ) ;
#4678 = EDGE_CURVE ( 'NONE', #10781, #9020, #4382, .T. ) ;
#4679 = LINE ( 'NONE', #3120, #190 ) ;
#4680 = EDGE_CURVE ( 'NONE', #10327, #7687, #3662, .T. ) ;
#4681 = LINE ( 'NONE', #476, #6783 ) ;
#4682 = EDGE_CURVE ( 'NONE', #10208, #830, #1892, .T. ) ;
#4683 = VERTEX_POINT ( 'NONE', #9598 ) ;
#4684 = VECTOR ( 'NONE', #2338, 1000.000000000000000 ) ;
#4685 = ORIENTED_EDGE ( 'NONE', *, *, #10086, .T. ) ;
#4686 = EDGE_LOOP ( 'NONE', ( #10181, #9236, #3613, #4968 ) ) ;
#4687 = DIRECTION ( 'NONE',  ( -1.734723475976807094E-15, 0.000000000000000000, 1.000000000000000000 ) ) ;
#4688 = EDGE_CURVE ( 'NONE', #4089, #7796, #7876, .T. ) ;
#4689 = VERTEX_POINT ( 'NONE', #5644 ) ;
#4690 = LINE ( 'NONE', #3909, #8290 ) ;
#4691 = DIRECTION ( 'NONE',  ( 0.000000000000000000, -1.000000000000000000, 0.000000000000000000 ) ) ;
#4692 = VECTOR ( 'NONE', #10567, 1000.000000000000000 ) ;
#4693 = VECTOR ( 'NONE', #3819, 1000.000000000000000 ) ;
#4694 = EDGE_CURVE ( 'NONE', #5813, #9616, #1035, .T. ) ;
#4695 = CIRCLE ( 'NONE', #7341, 0.5000000000000000000 ) ;
#4696 = DIRECTION ( 'NONE',  ( 1.000000000000000000, -0.000000000000000000, 0.000000000000000000 ) ) ;
#4697 = ORIENTED_EDGE ( 'NONE', *, *, #7908, .F. ) ;
#4698 = VERTEX_POINT ( 'NONE', #5268 ) ;
#4699 = EDGE_LOOP ( 'NONE', ( #370, #3506, #4741, #4447 ) ) ;
#4700 = FACE_BOUND ( 'NONE', #1093, .T. ) ;
#4701 = AXIS2_PLACEMENT_3D ( 'NONE', #7854, #6145, #6860 ) ;
#4702 = CARTESIAN_POINT ( 'NONE',  ( 59.20000000000002416, -53.40000000000000568, 3.000000000000000000 ) ) ;
#4703 = ORIENTED_EDGE ( 'NONE', *, *, #10209, .F. ) ;
#4704 = LINE ( 'NONE', #4594, #7919 ) ;
#4705 = LINE ( 'NONE', #5585, #6208 ) ;
#4706 = VECTOR ( 'NONE', #7110, 1000.000000000000000 ) ;
#4707 = LINE ( 'NONE', #8921, #5177 ) ;
#4708 = VECTOR ( 'NONE', #144, 1000.000000000000000 ) ;
#4709 = CARTESIAN_POINT ( 'NONE',  ( 32.49999999999998579, -18.90000000000003055, 3.001000000000000334 ) ) ;
#4710 = ORIENTED_EDGE ( 'NONE', *, *, #10371, .F. ) ;
#4711 = DIRECTION ( 'NONE',  ( -1.000000000000000000, 0.000000000000000000, 0.000000000000000000 ) ) ;
#4712 = ORIENTED_EDGE ( 'NONE', *, *, #3872, .F. ) ;
#4713 = ORIENTED_EDGE ( 'NONE', *, *, #10562, .T. ) ;
#4714 = DIRECTION ( 'NONE',  ( -0.000000000000000000, -0.000000000000000000, -1.000000000000000000 ) ) ;
#4715 = PLANE ( 'NONE',  #5862 ) ;
#4716 = VECTOR ( 'NONE', #10806, 1000.000000000000000 ) ;
#4717 = ORIENTED_EDGE ( 'NONE', *, *, #677, .F. ) ;
#4718 = ORIENTED_EDGE ( 'NONE', *, *, #434, .F. ) ;
#4719 = DIRECTION ( 'NONE',  ( 0.000000000000000000, 0.000000000000000000, 1.000000000000000000 ) ) ;
#4720 = VECTOR ( 'NONE', #10750, 1000.000000000000000 ) ;
#4721 = LINE ( 'NONE', #1553, #8142 ) ;
#4722 = PLANE ( 'NONE',  #1608 ) ;
#4723 = LINE ( 'NONE', #9869, #2534 ) ;
#4724 = DIRECTION ( 'NONE',  ( 1.000000000000000000, -0.000000000000000000, -0.000000000000000000 ) ) ;
#4725 = DIRECTION ( 'NONE',  ( -0.000000000000000000, -0.000000000000000000, 1.000000000000000000 ) ) ;
#4726 = DIRECTION ( 'NONE',  ( 0.000000000000000000, 0.000000000000000000, -1.000000000000000000 ) ) ;
#4727 = ORIENTED_EDGE ( 'NONE', *, *, #9524, .T. ) ;
#4728 = EDGE_CURVE ( 'NONE', #7096, #8529, #9482, .T. ) ;
#4729 = CARTESIAN_POINT ( 'NONE',  ( 18.50000000000000000, -0.2999999999999999889, 0.5000000000000000000 ) ) ;
#4730 = LINE ( 'NONE', #8169, #10871 ) ;
#4731 = ORIENTED_EDGE ( 'NONE', *, *, #2628, .T. ) ;
#4732 = CARTESIAN_POINT ( 'NONE',  ( 18.50000000000000000, 26.89999999999999858, 0.5000000000000000000 ) ) ;
#4733 = CARTESIAN_POINT ( 'NONE',  ( -1.300000000000000044, 18.45000000000000284, -1.000000000000000000 ) ) ;
#4734 = DIRECTION ( 'NONE',  ( 0.000000000000000000, 0.000000000000000000, 1.000000000000000000 ) ) ;
#4735 = EDGE_CURVE ( 'NONE', #4028, #10713, #8704, .T. ) ;
#4736 = VERTEX_POINT ( 'NONE', #1175 ) ;
#4737 = AXIS2_PLACEMENT_3D ( 'NONE', #1416, #9065, #8123 ) ;
#4738 = ORIENTED_EDGE ( 'NONE', *, *, #2963, .F. ) ;
#4739 = VERTEX_POINT ( 'NONE', #6939 ) ;
#4740 = CARTESIAN_POINT ( 'NONE',  ( 6.499999999999997335, -68.40000000000000568, 3.001000000000000334 ) ) ;
#4741 = ORIENTED_EDGE ( 'NONE', *, *, #68, .F. ) ;
#4742 = LINE ( 'NONE', #374, #7948 ) ;
#4743 = ADVANCED_FACE ( 'NONE', ( #4552 ), #10308, .F. ) ;
#4744 = CARTESIAN_POINT ( 'NONE',  ( 71.20000000000001705, 35.39999999999999858, 1.000000000000000000 ) ) ;
#4745 = VECTOR ( 'NONE', #1106, 1000.000000000000000 ) ;
#4746 = VECTOR ( 'NONE', #5135, 1000.000000000000000 ) ;
#4747 = FACE_OUTER_BOUND ( 'NONE', #10874, .T. ) ;
#4748 = VERTEX_POINT ( 'NONE', #6993 ) ;
#4749 = VERTEX_POINT ( 'NONE', #6110 ) ;
#4750 = VERTEX_POINT ( 'NONE', #6275 ) ;
#4751 = FACE_BOUND ( 'NONE', #6739, .T. ) ;
#4752 = CARTESIAN_POINT ( 'NONE',  ( 19.50000000000000000, 1.199999999999999956, 0.000000000000000000 ) ) ;
#4753 = VECTOR ( 'NONE', #6529, 1000.000000000000000 ) ;
#4754 = VERTEX_POINT ( 'NONE', #400 ) ;
#4755 = ADVANCED_FACE ( 'NONE', ( #7823 ), #5102, .F. ) ;
#4756 = CARTESIAN_POINT ( 'NONE',  ( -8.500000000000008882, -35.39999999999999858, 3.001000000000000334 ) ) ;
#4757 = FACE_OUTER_BOUND ( 'NONE', #2035, .T. ) ;
#4758 = CARTESIAN_POINT ( 'NONE',  ( 34.50000000000000000, 25.39999999999999858, 0.5000000000000000000 ) ) ;
#4759 = CIRCLE ( 'NONE', #10422, 1.000000000000000888 ) ;
#4760 = LINE ( 'NONE', #3203, #1868 ) ;
#4761 = ORIENTED_EDGE ( 'NONE', *, *, #2755, .T. ) ;
#4762 = DIRECTION ( 'NONE',  ( 1.287364360650691604E-16, 1.000000000000000000, 0.000000000000000000 ) ) ;
#4763 = AXIS2_PLACEMENT_3D ( 'NONE', #2444, #691, #9214 ) ;
#4764 = EDGE_LOOP ( 'NONE', ( #5422, #7081, #3535, #8841 ) ) ;
#4765 = ORIENTED_EDGE ( 'NONE', *, *, #4112, .F. ) ;
#4766 = PLANE ( 'NONE',  #8289 ) ;
#4767 = DIRECTION ( 'NONE',  ( 0.000000000000000000, 0.000000000000000000, 1.000000000000000000 ) ) ;
#4768 = ORIENTED_EDGE ( 'NONE', *, *, #7030, .T. ) ;
#4769 = ORIENTED_EDGE ( 'NONE', *, *, #7802, .F. ) ;
#4770 = DIRECTION ( 'NONE',  ( -0.000000000000000000, -0.000000000000000000, -1.000000000000000000 ) ) ;
#4771 = DIRECTION ( 'NONE',  ( 0.000000000000000000, 1.000000000000000000, 0.000000000000000000 ) ) ;
#4772 = DIRECTION ( 'NONE',  ( -0.000000000000000000, -0.000000000000000000, -1.000000000000000000 ) ) ;
#4773 = CARTESIAN_POINT ( 'NONE',  ( 56.50000000000000000, 5.950000000000000178, -1.000000000000000000 ) ) ;
#4774 = CIRCLE ( 'NONE', #7077, 0.5000000000000000000 ) ;
#4775 = DIRECTION ( 'NONE',  ( 0.000000000000000000, 0.000000000000000000, -1.000000000000000000 ) ) ;
#4776 = CARTESIAN_POINT ( 'NONE',  ( 32.49999999999996447, -53.40000000000000568, 3.000000000000000000 ) ) ;
#4777 = EDGE_CURVE ( 'NONE', #1521, #7644, #4574, .T. ) ;
#4778 = DIRECTION ( 'NONE',  ( -0.000000000000000000, -0.000000000000000000, -1.000000000000000000 ) ) ;
#4779 = ORIENTED_EDGE ( 'NONE', *, *, #5835, .T. ) ;
#4780 = DIRECTION ( 'NONE',  ( -0.000000000000000000, -0.000000000000000000, -1.000000000000000000 ) ) ;
#4781 = DIRECTION ( 'NONE',  ( -1.000000000000000000, 9.251858538542971828E-16, 0.000000000000000000 ) ) ;
#4782 = ORIENTED_EDGE ( 'NONE', *, *, #5501, .F. ) ;
#4783 = LINE ( 'NONE', #10870, #2810 ) ;
#4784 = VECTOR ( 'NONE', #3871, 1000.000000000000000 ) ;
#4785 = ADVANCED_FACE ( 'NONE', ( #294 ), #6164, .F. ) ;
#4786 = EDGE_CURVE ( 'NONE', #8519, #7712, #9004, .T. ) ;
#4787 = CARTESIAN_POINT ( 'NONE',  ( 19.50000000000000000, -2.269905377680174752, -0.06419140816129449700 ) ) ;
#4788 = CARTESIAN_POINT ( 'NONE',  ( 0.000000000000000000, 0.2000000000000000111, 0.5000000000000000000 ) ) ;
#4789 = AXIS2_PLACEMENT_3D ( 'NONE', #9498, #2898, #3679 ) ;
#4790 = AXIS2_PLACEMENT_3D ( 'NONE', #5817, #1654, #9191 ) ;
#4791 = ORIENTED_EDGE ( 'NONE', *, *, #10506, .T. ) ;
#4792 = ORIENTED_EDGE ( 'NONE', *, *, #1816, .T. ) ;
#4793 = EDGE_CURVE ( 'NONE', #4227, #286, #10420, .T. ) ;
#4794 = ORIENTED_EDGE ( 'NONE', *, *, #8793, .T. ) ;
#4795 = CARTESIAN_POINT ( 'NONE',  ( 51.20000000000000284, -1.300000000000000044, 0.5000000000000000000 ) ) ;
#4796 = VERTEX_POINT ( 'NONE', #10475 ) ;
#4797 = DIRECTION ( 'NONE',  ( -1.000000000000000000, 0.000000000000000000, 0.000000000000000000 ) ) ;
#4798 = EDGE_CURVE ( 'NONE', #114, #5784, #8819, .T. ) ;
#4799 = VECTOR ( 'NONE', #6662, 1000.000000000000000 ) ;
#4800 = CARTESIAN_POINT ( 'NONE',  ( 49.79999999999998295, -76.00000000000001421, 0.4999999999999995559 ) ) ;
#4801 = ADVANCED_FACE ( 'NONE', ( #607 ), #3972, .F. ) ;
#4802 = EDGE_CURVE ( 'NONE', #1679, #2538, #2968, .T. ) ;
#4803 = CARTESIAN_POINT ( 'NONE',  ( 49.79999999999998295, -76.00000000000001421, 0.4999999999999995559 ) ) ;
#4804 = VERTEX_POINT ( 'NONE', #10064 ) ;
#4805 = EDGE_CURVE ( 'NONE', #9758, #10224, #10842, .T. ) ;
#4806 = ORIENTED_EDGE ( 'NONE', *, *, #1014, .F. ) ;
#4807 = VERTEX_POINT ( 'NONE', #5748 ) ;
#4808 = LINE ( 'NONE', #1534, #2627 ) ;
#4809 = EDGE_CURVE ( 'NONE', #3061, #3354, #10120, .T. ) ;
#4810 = CARTESIAN_POINT ( 'NONE',  ( -8.500000000000008882, -50.39999999999999858, 3.001000000000000334 ) ) ;
#4811 = ORIENTED_EDGE ( 'NONE', *, *, #9550, .T. ) ;
#4812 = FACE_OUTER_BOUND ( 'NONE', #10667, .T. ) ;
#4813 = CARTESIAN_POINT ( 'NONE',  ( 41.20000000000003126, -53.40000000000000568, 3.001000000000000334 ) ) ;
#4814 = DIRECTION ( 'NONE',  ( 1.000000000000000000, 0.000000000000000000, 0.000000000000000000 ) ) ;
#4815 = CARTESIAN_POINT ( 'NONE',  ( 60.20000000000003126, -95.40000000000000568, 1.000000000000000000 ) ) ;
#4816 = LINE ( 'NONE', #559, #3452 ) ;
#4817 = EDGE_CURVE ( 'NONE', #8702, #3231, #1644, .T. ) ;
#4818 = ORIENTED_EDGE ( 'NONE', *, *, #193, .F. ) ;
#4819 = EDGE_CURVE ( 'NONE', #4912, #9114, #3140, .T. ) ;
#4820 = PLANE ( 'NONE',  #2515 ) ;
#4821 = VERTEX_POINT ( 'NONE', #4195 ) ;
#4822 = ORIENTED_EDGE ( 'NONE', *, *, #9090, .F. ) ;
#4823 = CARTESIAN_POINT ( 'NONE',  ( 38.20000000000000995, -53.40000000000000568, 3.001000000000000334 ) ) ;
#4824 = DIRECTION ( 'NONE',  ( 0.000000000000000000, -1.000000000000000000, 0.000000000000000000 ) ) ;
#4825 = ORIENTED_EDGE ( 'NONE', *, *, #4694, .T. ) ;
#4826 = ORIENTED_EDGE ( 'NONE', *, *, #3047, .F. ) ;
#4827 = CARTESIAN_POINT ( 'NONE',  ( -8.500000000000008882, -35.39999999999999858, 1.000000000000000000 ) ) ;
#4828 = DIRECTION ( 'NONE',  ( 0.000000000000000000, 0.000000000000000000, 1.000000000000000000 ) ) ;
#4829 = CIRCLE ( 'NONE', #588, 1.000000000000000888 ) ;
#4830 = VECTOR ( 'NONE', #169, 1000.000000000000000 ) ;
#4831 = DIRECTION ( 'NONE',  ( 0.000000000000000000, 1.000000000000000000, -0.000000000000000000 ) ) ;
#4832 = CARTESIAN_POINT ( 'NONE',  ( 62.20000000000000995, -53.40000000000000568, 1.000000000000000000 ) ) ;
#4833 = ADVANCED_FACE ( 'NONE', ( #6690 ), #9955, .F. ) ;
#4834 = CARTESIAN_POINT ( 'NONE',  ( 2.500000000000000000, 2.500000000000000000, 3.000000000000000000 ) ) ;
#4835 = CARTESIAN_POINT ( 'NONE',  ( -2.500000000000006661, -68.40000000000000568, 1.000000000000000000 ) ) ;
#4836 = AXIS2_PLACEMENT_3D ( 'NONE', #5190, #9299, #1869 ) ;
#4837 = DIRECTION ( 'NONE',  ( 1.000000000000000000, 0.000000000000000000, 0.000000000000000000 ) ) ;
#4838 = CIRCLE ( 'NONE', #8725, 10.36999999999999744 ) ;
#4839 = ORIENTED_EDGE ( 'NONE', *, *, #10885, .F. ) ;
#4840 = LINE ( 'NONE', #3059, #3317 ) ;
#4841 = DIRECTION ( 'NONE',  ( -1.000000000000000000, -1.734723475976807834E-16, 0.000000000000000000 ) ) ;
#4842 = ORIENTED_EDGE ( 'NONE', *, *, #8434, .F. ) ;
#4843 = CARTESIAN_POINT ( 'NONE',  ( -0.2999999999999929945, 11.44999999999999929, -10.00000000000000000 ) ) ;
#4844 = CARTESIAN_POINT ( 'NONE',  ( 0.000000000000000000, 6.949999999999999289, -7.799999999999999822 ) ) ;
#4845 = ADVANCED_FACE ( 'NONE', ( #10731 ), #658, .F. ) ;
#4846 = VECTOR ( 'NONE', #3162, 1000.000000000000000 ) ;
#4847 = CYLINDRICAL_SURFACE ( 'NONE', #1642, 0.5000000000000000000 ) ;
#4848 = ORIENTED_EDGE ( 'NONE', *, *, #2293, .F. ) ;
#4849 = ORIENTED_EDGE ( 'NONE', *, *, #10038, .F. ) ;
#4850 = ORIENTED_EDGE ( 'NONE', *, *, #5137, .T. ) ;
#4851 = DIRECTION ( 'NONE',  ( -1.000000000000000000, 0.000000000000000000, 0.000000000000000000 ) ) ;
#4852 = ORIENTED_EDGE ( 'NONE', *, *, #6751, .F. ) ;
#4853 = LINE ( 'NONE', #8232, #7763 ) ;
#4854 = DIRECTION ( 'NONE',  ( 0.000000000000000000, 0.000000000000000000, -1.000000000000000000 ) ) ;
#4855 = DIRECTION ( 'NONE',  ( -1.000000000000000000, 0.000000000000000000, 0.000000000000000000 ) ) ;
#4856 = ORIENTED_EDGE ( 'NONE', *, *, #4928, .F. ) ;
#4857 = VERTEX_POINT ( 'NONE', #1431 ) ;
#4858 = ORIENTED_EDGE ( 'NONE', *, *, #1234, .T. ) ;
#4859 = LINE ( 'NONE', #3193, #4046 ) ;
#4860 = CARTESIAN_POINT ( 'NONE',  ( 18.50000000000000000, -1.300000000000000044, 3.000000000000000000 ) ) ;
#4861 = ORIENTED_EDGE ( 'NONE', *, *, #3312, .F. ) ;
#4862 = DIRECTION ( 'NONE',  ( -0.000000000000000000, -0.000000000000000000, -1.000000000000000000 ) ) ;
#4863 = ADVANCED_FACE ( 'NONE', ( #4812 ), #7519, .T. ) ;
#4864 = DIRECTION ( 'NONE',  ( -0.000000000000000000, -0.000000000000000000, 1.000000000000000000 ) ) ;
#4865 = AXIS2_PLACEMENT_3D ( 'NONE', #6961, #2742, #6139 ) ;
#4866 = LINE ( 'NONE', #8247, #2304 ) ;
#4867 = AXIS2_PLACEMENT_3D ( 'NONE', #7830, #2674, #7002 ) ;
#4868 = CARTESIAN_POINT ( 'NONE',  ( 27.50000000000000000, -0.2999999999999999889, 0.5000000000000000000 ) ) ;
#4869 = CARTESIAN_POINT ( 'NONE',  ( 75.20000000000000284, 36.39999999999999858, 1.000000000000000000 ) ) ;
#4870 = EDGE_LOOP ( 'NONE', ( #3551, #10668, #3837, #5757 ) ) ;
#4871 = AXIS2_PLACEMENT_3D ( 'NONE', #3979, #2153, #9749 ) ;
#4872 = DIRECTION ( 'NONE',  ( 9.251858538542971828E-16, 1.000000000000000000, -0.000000000000000000 ) ) ;
#4873 = EDGE_LOOP ( 'NONE', ( #347, #6557, #10555, #2700 ) ) ;
#4874 = DIRECTION ( 'NONE',  ( 0.000000000000000000, -1.000000000000000000, 0.000000000000000000 ) ) ;
#4875 = CARTESIAN_POINT ( 'NONE',  ( 47.20000000000000284, -32.39999999999999858, 1.000000000000000000 ) ) ;
#4876 = ORIENTED_EDGE ( 'NONE', *, *, #7572, .T. ) ;
#4877 = CARTESIAN_POINT ( 'NONE',  ( 3.499999999999991118, -50.39999999999999858, 3.001000000000000334 ) ) ;
#4878 = EDGE_CURVE ( 'NONE', #10294, #5457, #4973, .T. ) ;
#4879 = CARTESIAN_POINT ( 'NONE',  ( 68.20000000000001705, -50.39999999999999858, 1.000000000000000000 ) ) ;
#4880 = EDGE_CURVE ( 'NONE', #2452, #8698, #7413, .T. ) ;
#4881 = AXIS2_PLACEMENT_3D ( 'NONE', #3694, #3638, #6087 ) ;
#4882 = DIRECTION ( 'NONE',  ( 0.9063077870366479383, 0.000000000000000000, -0.4226182617407039377 ) ) ;
#4883 = LINE ( 'NONE', #9147, #4846 ) ;
#4884 = LINE ( 'NONE', #6874, #3999 ) ;
#4885 = VECTOR ( 'NONE', #6447, 1000.000000000000000 ) ;
#4886 = DIRECTION ( 'NONE',  ( -1.000000000000000000, 0.000000000000000000, 0.000000000000000000 ) ) ;
#4887 = VECTOR ( 'NONE', #5156, 999.9999999999998863 ) ;
#4888 = CARTESIAN_POINT ( 'NONE',  ( 41.20000000000001705, -68.40000000000000568, 3.001000000000000334 ) ) ;
#4889 = ORIENTED_EDGE ( 'NONE', *, *, #10191, .T. ) ;
#4890 = ORIENTED_EDGE ( 'NONE', *, *, #5892, .T. ) ;
#4891 = FACE_BOUND ( 'NONE', #10401, .T. ) ;
#4892 = DIRECTION ( 'NONE',  ( -0.000000000000000000, -1.000000000000000000, -0.000000000000000000 ) ) ;
#4893 = ORIENTED_EDGE ( 'NONE', *, *, #9868, .F. ) ;
#4894 = EDGE_CURVE ( 'NONE', #3562, #2956, #3361, .T. ) ;
#4895 = DIRECTION ( 'NONE',  ( -0.000000000000000000, -0.000000000000000000, -1.000000000000000000 ) ) ;
#4896 = CARTESIAN_POINT ( 'NONE',  ( 59.20000000000000995, -68.40000000000000568, 1.000000000000000000 ) ) ;
#4897 = CARTESIAN_POINT ( 'NONE',  ( -5.500000000000007994, -50.39999999999999858, 1.000000000000000000 ) ) ;
#4898 = VERTEX_POINT ( 'NONE', #5027 ) ;
#4899 = VERTEX_POINT ( 'NONE', #8193 ) ;
#4900 = ORIENTED_EDGE ( 'NONE', *, *, #4014, .F. ) ;
#4901 = VECTOR ( 'NONE', #10689, 1000.000000000000000 ) ;
#4902 = CARTESIAN_POINT ( 'NONE',  ( 49.79999999999998295, -10.00000000000000888, -7.500000000000000888 ) ) ;
#4903 = VERTEX_POINT ( 'NONE', #6532 ) ;
#4904 = CARTESIAN_POINT ( 'NONE',  ( -0.2999999999999929945, 11.44999999999999929, 0.5000000000000000000 ) ) ;
#4905 = DIRECTION ( 'NONE',  ( -0.000000000000000000, -0.000000000000000000, -1.000000000000000000 ) ) ;
#4906 = VECTOR ( 'NONE', #1488, 1000.000000000000000 ) ;
#4907 = LINE ( 'NONE', #3189, #6829 ) ;
#4908 = ORIENTED_EDGE ( 'NONE', *, *, #7539, .F. ) ;
#4909 = ORIENTED_EDGE ( 'NONE', *, *, #4619, .T. ) ;
#4910 = DIRECTION ( 'NONE',  ( 0.000000000000000000, 0.000000000000000000, 1.000000000000000000 ) ) ;
#4911 = DIRECTION ( 'NONE',  ( 0.000000000000000000, 0.000000000000000000, -1.000000000000000000 ) ) ;
#4912 = VERTEX_POINT ( 'NONE', #1537 ) ;
#4913 = LINE ( 'NONE', #9905, #8642 ) ;
#4914 = CARTESIAN_POINT ( 'NONE',  ( 68.20000000000001705, -17.40000000000000213, 3.001000000000000334 ) ) ;
#4915 = AXIS2_PLACEMENT_3D ( 'NONE', #468, #360, #2944 ) ;
#4916 = FACE_OUTER_BOUND ( 'NONE', #2880, .T. ) ;
#4917 = EDGE_CURVE ( 'NONE', #9949, #10456, #4913, .T. ) ;
#4918 = VECTOR ( 'NONE', #6665, 1000.000000000000000 ) ;
#4919 = FACE_OUTER_BOUND ( 'NONE', #2025, .T. ) ;
#4920 = LINE ( 'NONE', #8415, #6997 ) ;
#4921 = EDGE_CURVE ( 'NONE', #3950, #5381, #5700, .T. ) ;
#4922 = ORIENTED_EDGE ( 'NONE', *, *, #7111, .T. ) ;
#4923 = VECTOR ( 'NONE', #7765, 1000.000000000000000 ) ;
#4924 = ORIENTED_EDGE ( 'NONE', *, *, #6708, .F. ) ;
#4925 = ORIENTED_EDGE ( 'NONE', *, *, #6807, .T. ) ;
#4926 = CARTESIAN_POINT ( 'NONE',  ( 6.499999999999993783, -32.39999999999999858, 1.000000000000000000 ) ) ;
#4927 = CARTESIAN_POINT ( 'NONE',  ( 38.20000000000000995, -53.40000000000000568, 3.001000000000000334 ) ) ;
#4928 = EDGE_CURVE ( 'NONE', #1928, #3897, #10785, .T. ) ;
#4929 = VECTOR ( 'NONE', #7234, 1000.000000000000000 ) ;
#4930 = ORIENTED_EDGE ( 'NONE', *, *, #7601, .F. ) ;
#4931 = CARTESIAN_POINT ( 'NONE',  ( -2.299999999999999822, 17.44999999999999929, -14.00000000000000000 ) ) ;
#4932 = DIRECTION ( 'NONE',  ( -4.336808689942015271E-16, 0.000000000000000000, 1.000000000000000000 ) ) ;
#4933 = VECTOR ( 'NONE', #5920, 1000.000000000000000 ) ;
#4934 = EDGE_CURVE ( 'NONE', #2892, #1592, #7467, .T. ) ;
#4935 = DIRECTION ( 'NONE',  ( 9.251858538542971828E-16, 1.000000000000000000, -0.000000000000000000 ) ) ;
#4936 = EDGE_CURVE ( 'NONE', #6674, #210, #8464, .T. ) ;
#4937 = AXIS2_PLACEMENT_3D ( 'NONE', #4663, #10370, #8766 ) ;
#4938 = DIRECTION ( 'NONE',  ( 0.000000000000000000, 0.000000000000000000, 1.000000000000000000 ) ) ;
#4939 = EDGE_CURVE ( 'NONE', #2913, #6964, #879, .T. ) ;
#4940 = CARTESIAN_POINT ( 'NONE',  ( 57.00000000000000000, 18.45000000000000284, 0.5000000000000000000 ) ) ;
#4941 = CARTESIAN_POINT ( 'NONE',  ( -5.500000000000007994, -35.39999999999999858, 3.000000000000000000 ) ) ;
#4942 = EDGE_CURVE ( 'NONE', #5517, #4180, #3327, .T. ) ;
#4943 = DIRECTION ( 'NONE',  ( 0.000000000000000000, -1.000000000000000000, 0.000000000000000000 ) ) ;
#4944 = ORIENTED_EDGE ( 'NONE', *, *, #4878, .T. ) ;
#4945 = CARTESIAN_POINT ( 'NONE',  ( 32.49999999999996447, -53.40000000000000568, 3.001000000000000334 ) ) ;
#4946 = DIRECTION ( 'NONE',  ( -0.000000000000000000, -0.000000000000000000, -1.000000000000000000 ) ) ;
#4947 = EDGE_CURVE ( 'NONE', #10630, #10072, #2797, .T. ) ;
#4948 = VERTEX_POINT ( 'NONE', #3416 ) ;
#4949 = VECTOR ( 'NONE', #9651, 1000.000000000000000 ) ;
#4950 = FACE_OUTER_BOUND ( 'NONE', #5050, .T. ) ;
#4951 = VECTOR ( 'NONE', #4650, 1000.000000000000000 ) ;
#4952 = DIRECTION ( 'NONE',  ( -0.000000000000000000, -1.000000000000000000, -0.000000000000000000 ) ) ;
#4953 = FACE_OUTER_BOUND ( 'NONE', #727, .T. ) ;
#4954 = ADVANCED_FACE ( 'NONE', ( #6965 ), #2641, .T. ) ;
#4955 = EDGE_LOOP ( 'NONE', ( #5187, #4712, #6649, #4545 ) ) ;
#4956 = EDGE_LOOP ( 'NONE', ( #313, #373, #9983, #10635, #9809, #7945, #9785, #2191 ) ) ;
#4957 = ADVANCED_FACE ( 'NONE', ( #9293 ), #8680, .T. ) ;
#4958 = VERTEX_POINT ( 'NONE', #3577 ) ;
#4959 = AXIS2_PLACEMENT_3D ( 'NONE', #417, #2016, #5396 ) ;
#4960 = LINE ( 'NONE', #8229, #7395 ) ;
#4961 = VERTEX_POINT ( 'NONE', #1807 ) ;
#4962 = CARTESIAN_POINT ( 'NONE',  ( 3.499999999999991118, -35.39999999999999858, 1.000000000000000000 ) ) ;
#4963 = DIRECTION ( 'NONE',  ( -0.000000000000000000, -0.000000000000000000, 1.000000000000000000 ) ) ;
#4964 = FACE_OUTER_BOUND ( 'NONE', #7528, .T. ) ;
#4965 = VECTOR ( 'NONE', #6117, 1000.000000000000000 ) ;
#4966 = CARTESIAN_POINT ( 'NONE',  ( 57.00000000000000000, 4.000000000000000000, 1.000000000000000000 ) ) ;
#4967 = ADVANCED_FACE ( 'NONE', ( #3526 ), #6804, .F. ) ;
#4968 = ORIENTED_EDGE ( 'NONE', *, *, #3721, .F. ) ;
#4969 = ORIENTED_EDGE ( 'NONE', *, *, #5475, .T. ) ;
#4970 = CARTESIAN_POINT ( 'NONE',  ( 62.20000000000000995, -35.39999999999999858, 3.001000000000000334 ) ) ;
#4971 = CARTESIAN_POINT ( 'NONE',  ( 47.20000000000001705, -53.40000000000000568, 3.000000000000000000 ) ) ;
#4972 = ORIENTED_EDGE ( 'NONE', *, *, #4584, .F. ) ;
#4973 = LINE ( 'NONE', #769, #1739 ) ;
#4974 = CIRCLE ( 'NONE', #10127, 5.799999999999999822 ) ;
#4975 = AXIS2_PLACEMENT_3D ( 'NONE', #1944, #6877, #10254 ) ;
#4976 = CARTESIAN_POINT ( 'NONE',  ( -1.800000000000000044, 1.131341397376182023E-16, 1.000000000000000000 ) ) ;
#4977 = CARTESIAN_POINT ( 'NONE',  ( 0.000000000000000000, 0.2000000000000000111, 1.000000000000000000 ) ) ;
#4978 = EDGE_CURVE ( 'NONE', #2867, #6798, #4033, .T. ) ;
#4979 = DIRECTION ( 'NONE',  ( -1.219727444046193967E-16, 1.000000000000000000, 0.000000000000000000 ) ) ;
#4980 = CYLINDRICAL_SURFACE ( 'NONE', #9485, 4.299999999999998046 ) ;
#4981 = VERTEX_POINT ( 'NONE', #5188 ) ;
#4982 = ORIENTED_EDGE ( 'NONE', *, *, #8793, .F. ) ;
#4983 = ORIENTED_EDGE ( 'NONE', *, *, #10150, .T. ) ;
#4984 = LINE ( 'NONE', #2374, #9170 ) ;
#4985 = CARTESIAN_POINT ( 'NONE',  ( 3.499999999999987566, -32.39999999999999858, 3.000000000000000000 ) ) ;
#4986 = ORIENTED_EDGE ( 'NONE', *, *, #542, .T. ) ;
#4987 = CARTESIAN_POINT ( 'NONE',  ( 49.79999999999998295, -76.00000000000001421, 1.100860619027559606 ) ) ;
#4988 = CARTESIAN_POINT ( 'NONE',  ( 55.50000000000000000, 18.45000000000000284, 3.000000000000000000 ) ) ;
#4989 = CARTESIAN_POINT ( 'NONE',  ( -5.500000000000007994, -35.39999999999999858, 1.000000000000000000 ) ) ;
#4990 = CARTESIAN_POINT ( 'NONE',  ( 13.49999999999999289, -78.39999999999996305, -13.99999999999999822 ) ) ;
#4991 = CARTESIAN_POINT ( 'NONE',  ( 18.50000000000000000, 26.89999999999999858, -1.000000000000000000 ) ) ;
#4992 = CARTESIAN_POINT ( 'NONE',  ( 44.20000000000000995, -35.39999999999999858, 3.000000000000000000 ) ) ;
#4993 = LINE ( 'NONE', #4888, #2849 ) ;
#4994 = VERTEX_POINT ( 'NONE', #9352 ) ;
#4995 = LINE ( 'NONE', #6718, #4918 ) ;
#4996 = CARTESIAN_POINT ( 'NONE',  ( 34.50000000000000000, 27.90000000000000213, -14.00000000000000000 ) ) ;
#4997 = AXIS2_PLACEMENT_3D ( 'NONE', #3094, #614, #6486 ) ;
#4998 = VERTEX_POINT ( 'NONE', #4361 ) ;
#4999 = CIRCLE ( 'NONE', #56, 0.5000000000000000000 ) ;
#5000 = FACE_OUTER_BOUND ( 'NONE', #1985, .T. ) ;
#5001 = EDGE_CURVE ( 'NONE', #4269, #5830, #7230, .T. ) ;
#5002 = DIRECTION ( 'NONE',  ( 1.000000000000000000, -0.000000000000000000, -0.000000000000000000 ) ) ;
#5003 = CARTESIAN_POINT ( 'NONE',  ( 0.4999999999999935052, -68.40000000000000568, 3.000000000000000000 ) ) ;
#5004 = VERTEX_POINT ( 'NONE', #5970 ) ;
#5005 = CARTESIAN_POINT ( 'NONE',  ( 50.20000000000000995, -53.40000000000000568, 3.000000000000000000 ) ) ;
#5006 = EDGE_CURVE ( 'NONE', #3687, #9789, #2624, .T. ) ;
#5007 = ORIENTED_EDGE ( 'NONE', *, *, #1676, .T. ) ;
#5008 = CARTESIAN_POINT ( 'NONE',  ( 51.20000000000000284, 21.60000000000000142, -1.000000000000000000 ) ) ;
#5009 = ORIENTED_EDGE ( 'NONE', *, *, #810, .F. ) ;
#5010 = DIRECTION ( 'NONE',  ( -0.000000000000000000, 0.000000000000000000, -1.000000000000000000 ) ) ;
#5011 = EDGE_CURVE ( 'NONE', #2054, #9463, #1217, .T. ) ;
#5012 = VECTOR ( 'NONE', #9766, 1000.000000000000000 ) ;
#5013 = EDGE_CURVE ( 'NONE', #6465, #219, #8521, .T. ) ;
#5014 = PLANE ( 'NONE',  #4295 ) ;
#5015 = EDGE_CURVE ( 'NONE', #3493, #836, #7021, .T. ) ;
#5016 = DIRECTION ( 'NONE',  ( -1.000000000000000000, 0.000000000000000000, 0.000000000000000000 ) ) ;
#5017 = CARTESIAN_POINT ( 'NONE',  ( 47.20000000000001705, -17.40000000000000213, 3.000000000000000000 ) ) ;
#5018 = EDGE_LOOP ( 'NONE', ( #3794, #10743, #7842, #5244 ) ) ;
#5019 = ADVANCED_FACE ( 'NONE', ( #3472 ), #7743, .F. ) ;
#5020 = VECTOR ( 'NONE', #3380, 1000.000000000000000 ) ;
#5021 = ORIENTED_EDGE ( 'NONE', *, *, #9722, .F. ) ;
#5022 = ORIENTED_EDGE ( 'NONE', *, *, #5475, .F. ) ;
#5023 = LINE ( 'NONE', #604, #160 ) ;
#5024 = DIRECTION ( 'NONE',  ( 0.000000000000000000, -0.000000000000000000, -1.000000000000000000 ) ) ;
#5025 = ORIENTED_EDGE ( 'NONE', *, *, #193, .T. ) ;
#5026 = ORIENTED_EDGE ( 'NONE', *, *, #9851, .T. ) ;
#5027 = CARTESIAN_POINT ( 'NONE',  ( 56.20000000000001705, -53.40000000000000568, 3.000000000000000000 ) ) ;
#5028 = CARTESIAN_POINT ( 'NONE',  ( -1.800000000000000044, 2.500000000000000000, 0.5000000000000000000 ) ) ;
#5030 = EDGE_CURVE ( 'NONE', #7311, #4528, #6081, .T. ) ;
#5029 = LINE ( 'NONE', #4977, #6563 ) ;
#5031 = LINE ( 'NONE', #3309, #5176 ) ;
#5032 = DIRECTION ( 'NONE',  ( -0.000000000000000000, -0.000000000000000000, -1.000000000000000000 ) ) ;
#5033 = ORIENTED_EDGE ( 'NONE', *, *, #5501, .T. ) ;
#5034 = ORIENTED_EDGE ( 'NONE', *, *, #2020, .T. ) ;
#5035 = ORIENTED_EDGE ( 'NONE', *, *, #8911, .T. ) ;
#5036 = AXIS2_PLACEMENT_3D ( 'NONE', #10949, #8295, #10894 ) ;
#5037 = CARTESIAN_POINT ( 'NONE',  ( 44.20000000000000995, -50.39999999999999858, 3.000000000000000000 ) ) ;
#5038 = CARTESIAN_POINT ( 'NONE',  ( -5.299999999999999822, 17.44999999999999929, -10.00000000000000000 ) ) ;
#5039 = ORIENTED_EDGE ( 'NONE', *, *, #7095, .F. ) ;
#5040 = DIRECTION ( 'NONE',  ( 0.000000000000000000, -1.000000000000000000, 0.000000000000000000 ) ) ;
#5041 = DIRECTION ( 'NONE',  ( 0.000000000000000000, 0.000000000000000000, 1.000000000000000000 ) ) ;
#5042 = DIRECTION ( 'NONE',  ( 0.000000000000000000, 1.000000000000000000, 0.000000000000000000 ) ) ;
#5043 = VECTOR ( 'NONE', #2976, 1000.000000000000000 ) ;
#5044 = VECTOR ( 'NONE', #6102, 1000.000000000000000 ) ;
#5045 = DIRECTION ( 'NONE',  ( -0.000000000000000000, -0.000000000000000000, -1.000000000000000000 ) ) ;
#5046 = DIRECTION ( 'NONE',  ( 2.312964634635742957E-16, 1.000000000000000000, -0.000000000000000000 ) ) ;
#5047 = CARTESIAN_POINT ( 'NONE',  ( 59.20000000000002416, -53.40000000000000568, 3.001000000000000334 ) ) ;
#5048 = CARTESIAN_POINT ( 'NONE',  ( 19.50000000000000000, 24.40000000000000213, -7.799999999999999822 ) ) ;
#5049 = ORIENTED_EDGE ( 'NONE', *, *, #6915, .F. ) ;
#5050 = EDGE_LOOP ( 'NONE', ( #2026, #10128, #2661, #8917 ) ) ;
#5051 = CARTESIAN_POINT ( 'NONE',  ( 13.49999999999999289, -78.39999999999996305, -13.99999999999999822 ) ) ;
#5052 = FACE_OUTER_BOUND ( 'NONE', #5486, .T. ) ;
#5053 = VECTOR ( 'NONE', #6201, 1000.000000000000000 ) ;
#5054 = ORIENTED_EDGE ( 'NONE', *, *, #3011, .T. ) ;
#5055 = DIRECTION ( 'NONE',  ( 0.000000000000000000, 0.000000000000000000, 1.000000000000000000 ) ) ;
#5056 = DIRECTION ( 'NONE',  ( 0.000000000000000000, -0.000000000000000000, -1.000000000000000000 ) ) ;
#5058 = EDGE_CURVE ( 'NONE', #3171, #4981, #4397, .T. ) ;
#5057 = VECTOR ( 'NONE', #1645, 1000.000000000000000 ) ;
#5059 = CARTESIAN_POINT ( 'NONE',  ( 49.79999999999998295, -10.00000000000000888, 0.4999999999999995559 ) ) ;
#5060 = AXIS2_PLACEMENT_3D ( 'NONE', #2660, #8369, #7761 ) ;
#5061 = EDGE_CURVE ( 'NONE', #8845, #1256, #2135, .T. ) ;
#5062 = VERTEX_POINT ( 'NONE', #8905 ) ;
#5063 = CARTESIAN_POINT ( 'NONE',  ( 56.20000000000001705, -68.40000000000000568, 3.000000000000000000 ) ) ;
#5064 = ORIENTED_EDGE ( 'NONE', *, *, #6980, .F. ) ;
#5065 = CARTESIAN_POINT ( 'NONE',  ( 68.20000000000001705, -17.40000000000000213, 3.001000000000000334 ) ) ;
#5066 = ORIENTED_EDGE ( 'NONE', *, *, #961, .T. ) ;
#5067 = AXIS2_PLACEMENT_3D ( 'NONE', #7542, #682, #2547 ) ;
#5068 = LINE ( 'NONE', #8616, #3161 ) ;
#5069 = DIRECTION ( 'NONE',  ( 0.000000000000000000, 0.000000000000000000, 1.000000000000000000 ) ) ;
#5070 = EDGE_CURVE ( 'NONE', #2901, #9758, #6406, .T. ) ;
#5071 = DIRECTION ( 'NONE',  ( -8.286895585876498297E-17, 1.000000000000000000, 0.000000000000000000 ) ) ;
#5072 = UNCERTAINTY_MEASURE_WITH_UNIT (LENGTH_MEASURE( 1.000000000000000082E-05 ), #987, 'distance_accuracy_value', 'NONE');
#5073 = CARTESIAN_POINT ( 'NONE',  ( 55.50000000000000000, 5.950000000000000178, -1.000000000000000000 ) ) ;
#5074 = ORIENTED_EDGE ( 'NONE', *, *, #52, .T. ) ;
#5075 = ORIENTED_EDGE ( 'NONE', *, *, #6901, .T. ) ;
#5076 = EDGE_LOOP ( 'NONE', ( #4466, #3295 ) ) ;
#5077 = LINE ( 'NONE', #2741, #8829 ) ;
#5078 = ADVANCED_FACE ( 'NONE', ( #1146 ), #8847, .T. ) ;
#5079 = CYLINDRICAL_SURFACE ( 'NONE', #7695, 10.36999999999999744 ) ;
#5080 = ORIENTED_EDGE ( 'NONE', *, *, #6236, .T. ) ;
#5081 = ORIENTED_EDGE ( 'NONE', *, *, #1422, .F. ) ;
#5082 = CARTESIAN_POINT ( 'NONE',  ( 0.2000000000000065059, 17.44999999999999929, 0.5000000000000000000 ) ) ;
#5083 = CARTESIAN_POINT ( 'NONE',  ( 51.20000000000000284, 21.60000000000000142, 0.5000000000000000000 ) ) ;
#5084 = CARTESIAN_POINT ( 'NONE',  ( 3.799999999999983835, -10.00000000000000888, -7.500000000000000888 ) ) ;
#5085 = VECTOR ( 'NONE', #10188, 1000.000000000000000 ) ;
#5086 = LINE ( 'NONE', #2748, #596 ) ;
#5087 = DIRECTION ( 'NONE',  ( -1.000000000000000000, 0.000000000000000000, 0.000000000000000000 ) ) ;
#5088 = EDGE_LOOP ( 'NONE', ( #6937, #7046, #1062, #8802 ) ) ;
#5089 = EDGE_CURVE ( 'NONE', #9949, #2989, #1201, .T. ) ;
#5090 = ORIENTED_EDGE ( 'NONE', *, *, #6770, .F. ) ;
#5091 = EDGE_LOOP ( 'NONE', ( #6572, #6075, #2300, #10932 ) ) ;
#5092 = CARTESIAN_POINT ( 'NONE',  ( 6.700000000000000178, 7.400000000000000355, 3.000000000000000000 ) ) ;
#5093 = DIRECTION ( 'NONE',  ( 0.000000000000000000, 0.000000000000000000, 1.000000000000000000 ) ) ;
#5094 = VECTOR ( 'NONE', #1737, 1000.000000000000000 ) ;
#5095 = EDGE_LOOP ( 'NONE', ( #708, #7385, #2739, #7257 ) ) ;
#5096 = PLANE ( 'NONE',  #7379 ) ;
#5097 = DIRECTION ( 'NONE',  ( -0.000000000000000000, -1.000000000000000000, -0.000000000000000000 ) ) ;
#5098 = CARTESIAN_POINT ( 'NONE',  ( 3.499999999999991118, -35.39999999999999858, 3.001000000000000334 ) ) ;
#5099 = VECTOR ( 'NONE', #9806, 1000.000000000000000 ) ;
#5100 = CARTESIAN_POINT ( 'NONE',  ( 38.20000000000000995, -35.39999999999999858, 3.001000000000000334 ) ) ;
#5101 = CARTESIAN_POINT ( 'NONE',  ( 56.20000000000000995, -32.39999999999999858, 3.001000000000000334 ) ) ;
#5102 = TOROIDAL_SURFACE ( 'NONE', #1558, 5.799999999999999822, 0.5000000000000000000 ) ;
#5103 = ORIENTED_EDGE ( 'NONE', *, *, #1166, .F. ) ;
#5104 = DIRECTION ( 'NONE',  ( -1.000000000000000000, 0.000000000000000000, 0.000000000000000000 ) ) ;
#5105 = VERTEX_POINT ( 'NONE', #9571 ) ;
#5106 = EDGE_LOOP ( 'NONE', ( #4850, #4641, #8476, #7250 ) ) ;
#5107 = FACE_BOUND ( 'NONE', #1207, .T. ) ;
#5108 = LINE ( 'NONE', #7663, #10165 ) ;
#5109 = ORIENTED_EDGE ( 'NONE', *, *, #874, .F. ) ;
#5110 = VECTOR ( 'NONE', #5420, 1000.000000000000000 ) ;
#5111 = CARTESIAN_POINT ( 'NONE',  ( 58.20000000000000284, 17.44999999999999929, 1.000000000000000000 ) ) ;
#5112 = CARTESIAN_POINT ( 'NONE',  ( 48.79999999999998295, -10.00000000000000888, 0.4999999999999995559 ) ) ;
#5113 = DIRECTION ( 'NONE',  ( 0.000000000000000000, -1.000000000000000000, 0.000000000000000000 ) ) ;
#5114 = ADVANCED_FACE ( 'NONE', ( #1258 ), #483, .F. ) ;
#5115 = ORIENTED_EDGE ( 'NONE', *, *, #7180, .T. ) ;
#5116 = CARTESIAN_POINT ( 'NONE',  ( -12.95000000000000639, 35.39999999999999858, 3.000000000000000000 ) ) ;
#5117 = VECTOR ( 'NONE', #5332, 1000.000000000000000 ) ;
#5118 = ORIENTED_EDGE ( 'NONE', *, *, #5255, .F. ) ;
#5119 = CARTESIAN_POINT ( 'NONE',  ( 49.79999999999998295, -10.00000000000000888, 1.100860619027559606 ) ) ;
#5120 = EDGE_LOOP ( 'NONE', ( #9013, #1360, #795, #6109 ) ) ;
#5121 = EDGE_CURVE ( 'NONE', #6825, #10909, #9365, .T. ) ;
#5122 = DIRECTION ( 'NONE',  ( -1.000000000000000000, 0.000000000000000000, 0.000000000000000000 ) ) ;
#5123 = CARTESIAN_POINT ( 'NONE',  ( 55.50000000000000000, 18.45000000000000284, 0.5000000000000000000 ) ) ;
#5124 = DIRECTION ( 'NONE',  ( 1.000000000000000000, 0.000000000000000000, 0.000000000000000000 ) ) ;
#5125 = EDGE_CURVE ( 'NONE', #9344, #7576, #7181, .T. ) ;
#5126 = FACE_OUTER_BOUND ( 'NONE', #4477, .T. ) ;
#5127 = VECTOR ( 'NONE', #5097, 1000.000000000000000 ) ;
#5128 = ORIENTED_EDGE ( 'NONE', *, *, #10209, .T. ) ;
#5129 = VERTEX_POINT ( 'NONE', #8791 ) ;
#5130 = EDGE_LOOP ( 'NONE', ( #2582, #9095, #4825, #7681 ) ) ;
#5131 = CARTESIAN_POINT ( 'NONE',  ( 56.20000000000000995, -17.40000000000000213, 3.000000000000000000 ) ) ;
#5132 = DIRECTION ( 'NONE',  ( 0.000000000000000000, -1.000000000000000000, 0.000000000000000000 ) ) ;
#5133 = VERTEX_POINT ( 'NONE', #319 ) ;
#5134 = ORIENTED_EDGE ( 'NONE', *, *, #6576, .T. ) ;
#5135 = DIRECTION ( 'NONE',  ( 0.000000000000000000, 1.000000000000000000, 0.000000000000000000 ) ) ;
#5136 = CARTESIAN_POINT ( 'NONE',  ( -0.2000000000000187461, -10.00000000000000888, -7.500000000000000888 ) ) ;
#5137 = EDGE_CURVE ( 'NONE', #5531, #436, #10449, .T. ) ;
#5138 = CARTESIAN_POINT ( 'NONE',  ( -8.500000000000010658, -17.40000000000000213, 3.001000000000000334 ) ) ;
#5139 = EDGE_CURVE ( 'NONE', #5173, #5856, #7290, .T. ) ;
#5140 = LINE ( 'NONE', #8526, #641 ) ;
#5141 = ORIENTED_EDGE ( 'NONE', *, *, #10705, .F. ) ;
#5142 = ORIENTED_EDGE ( 'NONE', *, *, #3047, .T. ) ;
#5143 = VECTOR ( 'NONE', #1843, 1000.000000000000000 ) ;
#5144 = ORIENTED_EDGE ( 'NONE', *, *, #9537, .F. ) ;
#5145 = VECTOR ( 'NONE', #1119, 1000.000000000000000 ) ;
#5146 = CARTESIAN_POINT ( 'NONE',  ( 41.20000000000000995, -32.39999999999999858, 1.000000000000000000 ) ) ;
#5147 = DIRECTION ( 'NONE',  ( -0.000000000000000000, 1.000000000000000000, 0.000000000000000000 ) ) ;
#5148 = ORIENTED_EDGE ( 'NONE', *, *, #8872, .F. ) ;
#5149 = DIRECTION ( 'NONE',  ( -0.000000000000000000, -0.000000000000000000, -1.000000000000000000 ) ) ;
#5150 = DIRECTION ( 'NONE',  ( -1.000000000000000000, 0.000000000000000000, 0.000000000000000000 ) ) ;
#5151 = EDGE_CURVE ( 'NONE', #8031, #3014, #9674, .T. ) ;
#5152 = AXIS2_PLACEMENT_3D ( 'NONE', #7327, #3893, #578 ) ;
#5153 = CARTESIAN_POINT ( 'NONE',  ( -8.500000000000007105, -68.40000000000000568, 1.000000000000000000 ) ) ;
#5154 = EDGE_CURVE ( 'NONE', #216, #8702, #2980, .T. ) ;
#5155 = CARTESIAN_POINT ( 'NONE',  ( 60.20000000000001705, 35.40000000000001279, -4.000000000000000000 ) ) ;
#5156 = DIRECTION ( 'NONE',  ( 0.000000000000000000, -0.4226182617407039377, -0.9063077870366479383 ) ) ;
#5157 = ORIENTED_EDGE ( 'NONE', *, *, #1148, .F. ) ;
#5158 = PRESENTATION_STYLE_ASSIGNMENT (( #6049 ) ) ;
#5159 = CARTESIAN_POINT ( 'NONE',  ( 35.50000000000000000, 27.40000000000000213, 0.5000000000000000000 ) ) ;
#5160 = EDGE_LOOP ( 'NONE', ( #9152, #9672, #3439, #3135 ) ) ;
#5161 = ORIENTED_EDGE ( 'NONE', *, *, #9676, .T. ) ;
#5162 = DIRECTION ( 'NONE',  ( -0.000000000000000000, -0.000000000000000000, 1.000000000000000000 ) ) ;
#5163 = CARTESIAN_POINT ( 'NONE',  ( 72.20000000000000284, -83.40000000000000568, 1.000000000000000000 ) ) ;
#5164 = FACE_OUTER_BOUND ( 'NONE', #387, .T. ) ;
#5165 = EDGE_CURVE ( 'NONE', #6355, #7712, #2962, .T. ) ;
#5166 = PLANE ( 'NONE',  #1959 ) ;
#5167 = CARTESIAN_POINT ( 'NONE',  ( 55.50000000000000000, 18.45000000000000284, 0.5000000000000000000 ) ) ;
#5168 = DIRECTION ( 'NONE',  ( 0.000000000000000000, -1.000000000000000000, 0.000000000000000000 ) ) ;
#5169 = VECTOR ( 'NONE', #4872, 1000.000000000000000 ) ;
#5170 = CARTESIAN_POINT ( 'NONE',  ( 35.20000000000002416, -17.40000000000000213, 3.000000000000000000 ) ) ;
#5171 = ORIENTED_EDGE ( 'NONE', *, *, #2165, .T. ) ;
#5172 = DIRECTION ( 'NONE',  ( -1.000000000000000000, 0.000000000000000000, 0.000000000000000000 ) ) ;
#5173 = VERTEX_POINT ( 'NONE', #5572 ) ;
#5174 = DIRECTION ( 'NONE',  ( -4.336808689942015271E-16, 1.000000000000000000, 0.000000000000000000 ) ) ;
#5175 = DIRECTION ( 'NONE',  ( 0.000000000000000000, -1.000000000000000000, 0.000000000000000000 ) ) ;
#5176 = VECTOR ( 'NONE', #8198, 1000.000000000000000 ) ;
#5177 = VECTOR ( 'NONE', #3290, 1000.000000000000000 ) ;
#5178 = DIRECTION ( 'NONE',  ( 0.000000000000000000, 0.000000000000000000, 1.000000000000000000 ) ) ;
#5179 = FACE_OUTER_BOUND ( 'NONE', #6920, .T. ) ;
#5180 = VERTEX_POINT ( 'NONE', #7962 ) ;
#5181 = ORIENTED_EDGE ( 'NONE', *, *, #8181, .F. ) ;
#5182 = ORIENTED_EDGE ( 'NONE', *, *, #10009, .T. ) ;
#5183 = FACE_OUTER_BOUND ( 'NONE', #5265, .T. ) ;
#5184 = PLANE ( 'NONE',  #5919 ) ;
#5185 = ORIENTED_EDGE ( 'NONE', *, *, #2813, .F. ) ;
#5186 = AXIS2_PLACEMENT_3D ( 'NONE', #9936, #5564, #10765 ) ;
#5187 = ORIENTED_EDGE ( 'NONE', *, *, #156, .F. ) ;
#5188 = CARTESIAN_POINT ( 'NONE',  ( 13.49999999999999289, -78.39999999999996305, -1.000000000000000888 ) ) ;
#5189 = DIRECTION ( 'NONE',  ( -1.000000000000000000, 0.000000000000000000, 0.000000000000000000 ) ) ;
#5190 = CARTESIAN_POINT ( 'NONE',  ( 0.000000000000000000, 0.000000000000000000, 0.000000000000000000 ) ) ;
#5191 = CONICAL_SURFACE ( 'NONE', #8210, 1.000000000000000888, 1.029744258676655200 ) ;
#5192 = CARTESIAN_POINT ( 'NONE',  ( -8.500000000000010658, -17.40000000000000213, 3.000000000000000000 ) ) ;
#5193 = ORIENTED_EDGE ( 'NONE', *, *, #61, .T. ) ;
#5194 = EDGE_LOOP ( 'NONE', ( #5134, #5844, #1225, #394 ) ) ;
#5195 = ORIENTED_EDGE ( 'NONE', *, *, #5013, .T. ) ;
#5196 = EDGE_CURVE ( 'NONE', #9961, #9346, #4742, .T. ) ;
#5197 = CARTESIAN_POINT ( 'NONE',  ( 68.20000000000001705, -17.40000000000000213, 3.000000000000000000 ) ) ;
#5198 = FACE_OUTER_BOUND ( 'NONE', #10758, .T. ) ;
#5199 = VERTEX_POINT ( 'NONE', #9733 ) ;
#5200 = DIRECTION ( 'NONE',  ( 0.8571673007021125557, 1.049727191138618942E-16, -0.5150380749100536004 ) ) ;
#5201 = CARTESIAN_POINT ( 'NONE',  ( 62.20000000000000284, -17.40000000000000213, 3.001000000000000334 ) ) ;
#5202 = CARTESIAN_POINT ( 'NONE',  ( -14.50000000000000533, 35.39999999999999858, 1.000000000000000000 ) ) ;
#5203 = DIRECTION ( 'NONE',  ( 1.000000000000000000, -0.000000000000000000, 0.000000000000000000 ) ) ;
#5204 = AXIS2_PLACEMENT_3D ( 'NONE', #7330, #6504, #4841 ) ;
#5205 = DIRECTION ( 'NONE',  ( 0.000000000000000000, 1.000000000000000000, 0.000000000000000000 ) ) ;
#5206 = ORIENTED_EDGE ( 'NONE', *, *, #6082, .T. ) ;
#5207 = LINE ( 'NONE', #1007, #5145 ) ;
#5208 = ORIENTED_EDGE ( 'NONE', *, *, #298, .T. ) ;
#5209 = VERTEX_POINT ( 'NONE', #7128 ) ;
#5210 = EDGE_CURVE ( 'NONE', #1971, #3311, #539, .T. ) ;
#5211 = DIRECTION ( 'NONE',  ( -1.000000000000000000, 0.000000000000000000, 0.000000000000000000 ) ) ;
#5212 = PLANE ( 'NONE',  #9857 ) ;
#5213 = EDGE_CURVE ( 'NONE', #75, #983, #4690, .T. ) ;
#5214 = LINE ( 'NONE', #27, #1407 ) ;
#5215 = CIRCLE ( 'NONE', #8226, 0.5000000000000000000 ) ;
#5216 = CARTESIAN_POINT ( 'NONE',  ( 56.20000000000001705, -35.39999999999999858, 3.001000000000000334 ) ) ;
#5217 = CIRCLE ( 'NONE', #451, 1.000000000000000000 ) ;
#5218 = DIRECTION ( 'NONE',  ( 2.202823461557875190E-15, 1.000000000000000000, 0.000000000000000000 ) ) ;
#5219 = CARTESIAN_POINT ( 'NONE',  ( -1.300000000000000044, 18.45000000000000284, 0.5000000000000000000 ) ) ;
#5220 = VECTOR ( 'NONE', #4487, 999.9999999999998863 ) ;
#5221 = LINE ( 'NONE', #2727, #1506 ) ;
#5222 = VERTEX_POINT ( 'NONE', #10609 ) ;
#5223 = EDGE_CURVE ( 'NONE', #2208, #2397, #5286, .T. ) ;
#5224 = DIRECTION ( 'NONE',  ( 0.000000000000000000, 0.000000000000000000, 1.000000000000000000 ) ) ;
#5225 = ORIENTED_EDGE ( 'NONE', *, *, #1346, .F. ) ;
#5226 = DIRECTION ( 'NONE',  ( -1.000000000000000000, 0.000000000000000000, 0.000000000000000000 ) ) ;
#5227 = CARTESIAN_POINT ( 'NONE',  ( 55.00000000000000000, 0.000000000000000000, 1.000000000000000000 ) ) ;
#5228 = CIRCLE ( 'NONE', #8079, 1.549999999999999378 ) ;
#5229 = CYLINDRICAL_SURFACE ( 'NONE', #7137, 3.799999999999999822 ) ;
#5230 = FACE_OUTER_BOUND ( 'NONE', #9291, .T. ) ;
#5231 = ORIENTED_EDGE ( 'NONE', *, *, #7614, .F. ) ;
#5232 = ORIENTED_EDGE ( 'NONE', *, *, #7937, .T. ) ;
#5233 = VECTOR ( 'NONE', #1755, 1000.000000000000000 ) ;
#5234 = VERTEX_POINT ( 'NONE', #1975 ) ;
#5235 = CARTESIAN_POINT ( 'NONE',  ( 9.499999999999992895, -50.39999999999999858, 3.001000000000000334 ) ) ;
#5236 = VECTOR ( 'NONE', #1831, 1000.000000000000000 ) ;
#5237 = PLANE ( 'NONE',  #7867 ) ;
#5238 = ORIENTED_EDGE ( 'NONE', *, *, #1826, .T. ) ;
#5239 = ORIENTED_EDGE ( 'NONE', *, *, #6407, .T. ) ;
#5240 = DIRECTION ( 'NONE',  ( 0.000000000000000000, 1.000000000000000000, 0.000000000000000000 ) ) ;
#5241 = LINE ( 'NONE', #8738, #3108 ) ;
#5242 = LINE ( 'NONE', #7803, #5053 ) ;
#5243 = EDGE_CURVE ( 'NONE', #4180, #9173, #2080, .T. ) ;
#5244 = ORIENTED_EDGE ( 'NONE', *, *, #4470, .F. ) ;
#5245 = ADVANCED_FACE ( 'NONE', ( #8338 ), #1526, .F. ) ;
#5246 = ORIENTED_EDGE ( 'NONE', *, *, #7757, .T. ) ;
#5247 = EDGE_LOOP ( 'NONE', ( #6255, #3243, #4475, #10365, #2289 ) ) ;
#5248 = DIRECTION ( 'NONE',  ( 0.000000000000000000, 0.000000000000000000, -1.000000000000000000 ) ) ;
#5249 = DIRECTION ( 'NONE',  ( 0.000000000000000000, 0.000000000000000000, -1.000000000000000000 ) ) ;
#5250 = ORIENTED_EDGE ( 'NONE', *, *, #7599, .F. ) ;
#5251 = VECTOR ( 'NONE', #9419, 1000.000000000000000 ) ;
#5252 = PLANE ( 'NONE',  #4556 ) ;
#5253 = EDGE_CURVE ( 'NONE', #6571, #9366, #8287, .T. ) ;
#5254 = DIRECTION ( 'NONE',  ( 0.000000000000000000, 0.000000000000000000, 1.000000000000000000 ) ) ;
#5255 = EDGE_CURVE ( 'NONE', #5328, #6362, #807, .T. ) ;
#5256 = DIRECTION ( 'NONE',  ( 0.000000000000000000, -1.000000000000000000, 0.000000000000000000 ) ) ;
#5257 = CARTESIAN_POINT ( 'NONE',  ( 6.499999999999993783, -32.39999999999999858, 3.001000000000000334 ) ) ;
#5258 = VECTOR ( 'NONE', #5803, 1000.000000000000000 ) ;
#5259 = CARTESIAN_POINT ( 'NONE',  ( -13.50000000000000711, -83.40000000000000568, -4.000000000000000000 ) ) ;
#5260 = AXIS2_PLACEMENT_3D ( 'NONE', #9495, #414, #3784 ) ;
#5261 = EDGE_CURVE ( 'NONE', #1724, #3041, #10883, .T. ) ;
#5262 = ORIENTED_EDGE ( 'NONE', *, *, #8807, .F. ) ;
#5263 = DIRECTION ( 'NONE',  ( -1.000000000000000000, 0.000000000000000000, 0.000000000000000000 ) ) ;
#5264 = CARTESIAN_POINT ( 'NONE',  ( -3.500000000000003109, 36.39999999999999858, 1.000000000000000000 ) ) ;
#5265 = EDGE_LOOP ( 'NONE', ( #4036, #2701, #672 ) ) ;
#5266 = ORIENTED_EDGE ( 'NONE', *, *, #9058, .F. ) ;
#5267 = EDGE_CURVE ( 'NONE', #5922, #10276, #8180, .T. ) ;
#5268 = CARTESIAN_POINT ( 'NONE',  ( -1.800000000000000044, 5.950000000000000178, 1.000000000000000000 ) ) ;
#5269 = DIRECTION ( 'NONE',  ( -1.000000000000000000, 0.000000000000000000, 0.000000000000000000 ) ) ;
#5270 = EDGE_CURVE ( 'NONE', #878, #1048, #5631, .T. ) ;
#5271 = CARTESIAN_POINT ( 'NONE',  ( 19.50000000000000000, 25.89999999999999858, 0.5000000000000000000 ) ) ;
#5272 = ADVANCED_FACE ( 'NONE', ( #595 ), #1630, .F. ) ;
#5273 = CIRCLE ( 'NONE', #5260, 0.9999999999999991118 ) ;
#5274 = EDGE_CURVE ( 'NONE', #5133, #380, #2403, .T. ) ;
#5275 = LINE ( 'NONE', #10372, #9744 ) ;
#5276 = AXIS2_PLACEMENT_3D ( 'NONE', #6330, #236, #8764 ) ;
#5277 = DIRECTION ( 'NONE',  ( -1.000000000000000000, 0.000000000000000000, 0.000000000000000000 ) ) ;
#5278 = ADVANCED_FACE ( 'NONE', ( #4018 ), #6623, .F. ) ;
#5279 = DIRECTION ( 'NONE',  ( 1.000000000000000000, -0.000000000000000000, -0.000000000000000000 ) ) ;
#5280 = ADVANCED_FACE ( 'NONE', ( #3286 ), #4182, .F. ) ;
#5281 = VECTOR ( 'NONE', #6814, 1000.000000000000000 ) ;
#5282 = DIRECTION ( 'NONE',  ( 0.000000000000000000, 0.000000000000000000, 1.000000000000000000 ) ) ;
#5283 = ORIENTED_EDGE ( 'NONE', *, *, #2716, .T. ) ;
#5284 = CARTESIAN_POINT ( 'NONE',  ( 34.50000000000000000, 28.89999999999999858, 1.000000000000000000 ) ) ;
#5285 = ORIENTED_EDGE ( 'NONE', *, *, #184, .F. ) ;
#5286 = CIRCLE ( 'NONE', #514, 5.799999999999999822 ) ;
#5287 = CARTESIAN_POINT ( 'NONE',  ( 34.50000000000000000, 25.89999999999999858, -14.00000000000000000 ) ) ;
#5288 = CARTESIAN_POINT ( 'NONE',  ( -0.2999999999999914402, -3.252606517456425171E-17, -14.00000000000000000 ) ) ;
#5289 = AXIS2_PLACEMENT_3D ( 'NONE', #7232, #2794, #3797 ) ;
#5290 = ADVANCED_FACE ( 'NONE', ( #10049 ), #3129, .F. ) ;
#5291 = CARTESIAN_POINT ( 'NONE',  ( 3.799999999999983835, -10.00000000000000888, -7.500000000000000888 ) ) ;
#5292 = EDGE_CURVE ( 'NONE', #3956, #8174, #10719, .T. ) ;
#5293 = AXIS2_PLACEMENT_3D ( 'NONE', #6722, #4384, #10095 ) ;
#5294 = DIRECTION ( 'NONE',  ( 1.000000000000000000, 0.000000000000000000, 0.000000000000000000 ) ) ;
#5295 = VERTEX_POINT ( 'NONE', #1474 ) ;
#5296 = EDGE_LOOP ( 'NONE', ( #3713, #907, #10125, #3015 ) ) ;
#5297 = ORIENTED_EDGE ( 'NONE', *, *, #9764, .T. ) ;
#5298 = LINE ( 'NONE', #1037, #4228 ) ;
#5299 = DIRECTION ( 'NONE',  ( 1.000000000000000000, 0.000000000000000000, 0.000000000000000000 ) ) ;
#5300 = EDGE_LOOP ( 'NONE', ( #111, #10461, #9275, #1536 ) ) ;
#5301 = ORIENTED_EDGE ( 'NONE', *, *, #8195, .F. ) ;
#5302 = DIRECTION ( 'NONE',  ( 0.000000000000000000, -1.000000000000000000, 0.000000000000000000 ) ) ;
#5303 = CARTESIAN_POINT ( 'NONE',  ( 72.20000000000000284, -83.40000000000000568, -4.000000000000000000 ) ) ;
#5304 = LINE ( 'NONE', #321, #3404 ) ;
#5305 = EDGE_CURVE ( 'NONE', #206, #1328, #4853, .T. ) ;
#5306 = VECTOR ( 'NONE', #6442, 1000.000000000000000 ) ;
#5307 = CARTESIAN_POINT ( 'NONE',  ( 3.799999999999983835, -76.00000000000001421, 0.4999999999999995559 ) ) ;
#5308 = CARTESIAN_POINT ( 'NONE',  ( -11.50000000000000711, -68.40000000000000568, 1.000000000000000000 ) ) ;
#5309 = ORIENTED_EDGE ( 'NONE', *, *, #6096, .T. ) ;
#5310 = ORIENTED_EDGE ( 'NONE', *, *, #5832, .F. ) ;
#5311 = ORIENTED_EDGE ( 'NONE', *, *, #6518, .F. ) ;
#5312 = DIRECTION ( 'NONE',  ( 1.000000000000000000, 0.000000000000000000, 0.000000000000000000 ) ) ;
#5313 = DIRECTION ( 'NONE',  ( 0.000000000000000000, 0.000000000000000000, 1.000000000000000000 ) ) ;
#5314 = ORIENTED_EDGE ( 'NONE', *, *, #7579, .F. ) ;
#5315 = VECTOR ( 'NONE', #883, 1000.000000000000000 ) ;
#5316 = DIRECTION ( 'NONE',  ( -1.000000000000000000, 0.000000000000000000, 0.000000000000000000 ) ) ;
#5317 = CARTESIAN_POINT ( 'NONE',  ( -2.299999999999999822, -1.662443331144435120E-16, -14.00000000000000000 ) ) ;
#5318 = ADVANCED_FACE ( 'NONE', ( #5790 ), #648, .F. ) ;
#5319 = CARTESIAN_POINT ( 'NONE',  ( 55.00000000000000000, 18.45000000000000284, 1.000000000000000000 ) ) ;
#5320 = CARTESIAN_POINT ( 'NONE',  ( -3.500000000000003109, 35.40000000000001279, -4.000000000000000000 ) ) ;
#5321 = CIRCLE ( 'NONE', #2129, 0.5000000000000004441 ) ;
#5322 = VECTOR ( 'NONE', #8034, 1000.000000000000000 ) ;
#5323 = CARTESIAN_POINT ( 'NONE',  ( 27.50000000000000000, -1.904089349672995146, -13.00000000000000000 ) ) ;
#5324 = ORIENTED_EDGE ( 'NONE', *, *, #5267, .T. ) ;
#5325 = EDGE_LOOP ( 'NONE', ( #3915, #7947, #5683, #8527 ) ) ;
#5326 = DIRECTION ( 'NONE',  ( 0.000000000000000000, 0.000000000000000000, -1.000000000000000000 ) ) ;
#5327 = FACE_OUTER_BOUND ( 'NONE', #9597, .T. ) ;
#5328 = VERTEX_POINT ( 'NONE', #9168 ) ;
#5329 = ORIENTED_EDGE ( 'NONE', *, *, #762, .F. ) ;
#5330 = FACE_OUTER_BOUND ( 'NONE', #9929, .T. ) ;
#5331 = CARTESIAN_POINT ( 'NONE',  ( 0.000000000000000000, 11.44999999999999929, -14.00000000000000000 ) ) ;
#5332 = DIRECTION ( 'NONE',  ( 0.000000000000000000, -1.000000000000000000, 0.000000000000000000 ) ) ;
#5333 = AXIS2_PLACEMENT_3D ( 'NONE', #1665, #2496, #9104 ) ;
#5334 = DIRECTION ( 'NONE',  ( 0.000000000000000000, 1.000000000000000000, -0.000000000000000000 ) ) ;
#5335 = CARTESIAN_POINT ( 'NONE',  ( -2.266297947787970113, 10.44999999999999929, 0.03489949670250459823 ) ) ;
#5336 = LINE ( 'NONE', #9385, #7720 ) ;
#5337 = CARTESIAN_POINT ( 'NONE',  ( 68.20000000000001705, -35.39999999999999858, 1.000000000000000000 ) ) ;
#5338 = VERTEX_POINT ( 'NONE', #4962 ) ;
#5339 = EDGE_CURVE ( 'NONE', #10456, #8031, #752, .T. ) ;
#5340 = CARTESIAN_POINT ( 'NONE',  ( 3.799999999999983835, -10.00000000000000888, 0.4999999999999995559 ) ) ;
#5341 = ORIENTED_EDGE ( 'NONE', *, *, #9192, .T. ) ;
#5342 = DIRECTION ( 'NONE',  ( -0.000000000000000000, -0.000000000000000000, -1.000000000000000000 ) ) ;
#5343 = DIRECTION ( 'NONE',  ( 0.000000000000000000, -1.000000000000000000, 0.000000000000000000 ) ) ;
#5344 = FACE_OUTER_BOUND ( 'NONE', #7607, .T. ) ;
#5345 = DIRECTION ( 'NONE',  ( -0.000000000000000000, -0.000000000000000000, -1.000000000000000000 ) ) ;
#5346 = ORIENTED_EDGE ( 'NONE', *, *, #6638, .T. ) ;
#5347 = ORIENTED_EDGE ( 'NONE', *, *, #1884, .F. ) ;
#5348 = VERTEX_POINT ( 'NONE', #5738 ) ;
#5349 = ADVANCED_FACE ( 'NONE', ( #9119 ), #3402, .F. ) ;
#5350 = DIRECTION ( 'NONE',  ( 1.000000000000000000, 1.219727444046191995E-16, 0.000000000000000000 ) ) ;
#5351 = ORIENTED_EDGE ( 'NONE', *, *, #5648, .F. ) ;
#5352 = ORIENTED_EDGE ( 'NONE', *, *, #3419, .F. ) ;
#5353 = ADVANCED_FACE ( 'NONE', ( #7677 ), #6952, .F. ) ;
#5354 = CARTESIAN_POINT ( 'NONE',  ( -2.500000000000011102, -17.40000000000000213, 1.000000000000000000 ) ) ;
#5355 = CARTESIAN_POINT ( 'NONE',  ( 0.4999999999999882871, -17.40000000000000213, 1.000000000000000000 ) ) ;
#5356 = EDGE_CURVE ( 'NONE', #821, #1522, #9447, .T. ) ;
#5357 = VECTOR ( 'NONE', #704, 1000.000000000000000 ) ;
#5358 = VECTOR ( 'NONE', #6819, 1000.000000000000000 ) ;
#5359 = DIRECTION ( 'NONE',  ( 9.251858538542971828E-16, 1.000000000000000000, -0.000000000000000000 ) ) ;
#5360 = ADVANCED_FACE ( 'NONE', ( #10108 ), #8561, .F. ) ;
#5361 = LINE ( 'NONE', #8741, #10711 ) ;
#5362 = ORIENTED_EDGE ( 'NONE', *, *, #5253, .F. ) ;
#5363 = AXIS2_PLACEMENT_3D ( 'NONE', #6589, #773, #4979 ) ;
#5364 = VECTOR ( 'NONE', #6734, 1000.000000000000000 ) ;
#5365 = ORIENTED_EDGE ( 'NONE', *, *, #2113, .F. ) ;
#5366 = ORIENTED_EDGE ( 'NONE', *, *, #8864, .T. ) ;
#5367 = FACE_BOUND ( 'NONE', #9288, .T. ) ;
#5368 = FACE_OUTER_BOUND ( 'NONE', #368, .T. ) ;
#5369 = ORIENTED_EDGE ( 'NONE', *, *, #3045, .F. ) ;
#5370 = EDGE_CURVE ( 'NONE', #3004, #10224, #1688, .T. ) ;
#5371 = CARTESIAN_POINT ( 'NONE',  ( 42.39999999999999858, 12.80000000000000071, 3.000000000000000000 ) ) ;
#5372 = CARTESIAN_POINT ( 'NONE',  ( 11.49999999999999467, -78.39999999999996305, -1.000000000000000888 ) ) ;
#5373 = VECTOR ( 'NONE', #4160, 1000.000000000000000 ) ;
#5374 = DIRECTION ( 'NONE',  ( -0.000000000000000000, -0.000000000000000000, -1.000000000000000000 ) ) ;
#5375 = CARTESIAN_POINT ( 'NONE',  ( 75.20000000000001705, -95.40000000000000568, 3.000000000000000000 ) ) ;
#5376 = CARTESIAN_POINT ( 'NONE',  ( -8.500000000000007105, -53.40000000000000568, 3.001000000000000334 ) ) ;
#5377 = ORIENTED_EDGE ( 'NONE', *, *, #8381, .F. ) ;
#5378 = ORIENTED_EDGE ( 'NONE', *, *, #4880, .T. ) ;
#5379 = CARTESIAN_POINT ( 'NONE',  ( 56.20000000000001705, -35.39999999999999858, 3.000000000000000000 ) ) ;
#5380 = LINE ( 'NONE', #6161, #3020 ) ;
#5381 = VERTEX_POINT ( 'NONE', #2566 ) ;
#5382 = EDGE_LOOP ( 'NONE', ( #1458, #6802, #4091, #6785 ) ) ;
#5383 = DIRECTION ( 'NONE',  ( -0.000000000000000000, -0.000000000000000000, -1.000000000000000000 ) ) ;
#5384 = DIRECTION ( 'NONE',  ( 1.000000000000000000, 0.000000000000000000, 0.000000000000000000 ) ) ;
#5385 = DIRECTION ( 'NONE',  ( 4.357233220663877152E-16, 1.000000000000000000, 0.000000000000000000 ) ) ;
#5386 = DIRECTION ( 'NONE',  ( 0.000000000000000000, 1.000000000000000000, 0.000000000000000000 ) ) ;
#5387 = EDGE_CURVE ( 'NONE', #1328, #4998, #9497, .T. ) ;
#5388 = LINE ( 'NONE', #301, #7145 ) ;
#5389 = CARTESIAN_POINT ( 'NONE',  ( 27.50000000000000000, 27.83521725564219906, -0.9329137320915459330 ) ) ;
#5390 = DIRECTION ( 'NONE',  ( -0.000000000000000000, -0.000000000000000000, -1.000000000000000000 ) ) ;
#5391 = ORIENTED_EDGE ( 'NONE', *, *, #2678, .T. ) ;
#5392 = DIRECTION ( 'NONE',  ( -0.000000000000000000, -0.000000000000000000, -1.000000000000000000 ) ) ;
#5393 = VECTOR ( 'NONE', #1783, 1000.000000000000000 ) ;
#5394 = VERTEX_POINT ( 'NONE', #8507 ) ;
#5395 = LINE ( 'NONE', #9719, #353 ) ;
#5396 = DIRECTION ( 'NONE',  ( -1.000000000000000000, 0.000000000000000000, -0.000000000000000000 ) ) ;
#5397 = EDGE_CURVE ( 'NONE', #5637, #10727, #2801, .T. ) ;
#5398 = CARTESIAN_POINT ( 'NONE',  ( 19.50000000000000000, -0.2999999999999999889, -7.799999999999999822 ) ) ;
#5399 = DIRECTION ( 'NONE',  ( 0.000000000000000000, -1.000000000000000000, 0.000000000000000000 ) ) ;
#5400 = ADVANCED_FACE ( 'NONE', ( #3348 ), #10161, .F. ) ;
#5401 = ORIENTED_EDGE ( 'NONE', *, *, #3766, .F. ) ;
#5402 = VERTEX_POINT ( 'NONE', #6842 ) ;
#5403 = ORIENTED_EDGE ( 'NONE', *, *, #10093, .T. ) ;
#5404 = DIRECTION ( 'NONE',  ( 6.938893903907220489E-15, 1.000000000000000000, -6.938893903907229955E-15 ) ) ;
#5405 = ORIENTED_EDGE ( 'NONE', *, *, #622, .T. ) ;
#5406 = VERTEX_POINT ( 'NONE', #971 ) ;
#5407 = DIRECTION ( 'NONE',  ( -0.000000000000000000, -0.000000000000000000, -1.000000000000000000 ) ) ;
#5408 = LINE ( 'NONE', #1202, #8961 ) ;
#5409 = AXIS2_PLACEMENT_3D ( 'NONE', #4803, #7187, #599 ) ;
#5410 = EDGE_CURVE ( 'NONE', #5962, #9802, #10216, .T. ) ;
#5411 = DIRECTION ( 'NONE',  ( 1.000000000000000000, -0.000000000000000000, 0.000000000000000000 ) ) ;
#5412 = EDGE_CURVE ( 'NONE', #2704, #5613, #5068, .T. ) ;
#5413 = VECTOR ( 'NONE', #7001, 1000.000000000000000 ) ;
#5414 = CARTESIAN_POINT ( 'NONE',  ( 19.50000000000000000, -0.2999999999999999889, 0.5000000000000000000 ) ) ;
#5415 = ORIENTED_EDGE ( 'NONE', *, *, #8706, .F. ) ;
#5416 = EDGE_CURVE ( 'NONE', #8416, #991, #6013, .T. ) ;
#5417 = AXIS2_PLACEMENT_3D ( 'NONE', #1032, #6902, #7212 ) ;
#5418 = ORIENTED_EDGE ( 'NONE', *, *, #3786, .T. ) ;
#5419 = ORIENTED_EDGE ( 'NONE', *, *, #1676, .F. ) ;
#5420 = DIRECTION ( 'NONE',  ( 0.000000000000000000, 1.000000000000000000, 0.000000000000000000 ) ) ;
#5421 = CYLINDRICAL_SURFACE ( 'NONE', #2560, 10.36999999999999744 ) ;
#5422 = ORIENTED_EDGE ( 'NONE', *, *, #10690, .T. ) ;
#5423 = LINE ( 'NONE', #9636, #9158 ) ;
#5424 = AXIS2_PLACEMENT_3D ( 'NONE', #6660, #735, #10028 ) ;
#5425 = DIRECTION ( 'NONE',  ( 0.000000000000000000, -1.000000000000000000, 0.000000000000000000 ) ) ;
#5426 = PLANE ( 'NONE',  #939 ) ;
#5427 = DIRECTION ( 'NONE',  ( -0.000000000000000000, -0.000000000000000000, -1.000000000000000000 ) ) ;
#5428 = EDGE_CURVE ( 'NONE', #2229, #1710, #2625, .T. ) ;
#5429 = CARTESIAN_POINT ( 'NONE',  ( 18.50000000000000000, 0.2000000000000000111, 1.000000000000000000 ) ) ;
#5430 = EDGE_LOOP ( 'NONE', ( #2104, #4982, #9989, #8389 ) ) ;
#5431 = ORIENTED_EDGE ( 'NONE', *, *, #2144, .T. ) ;
#5432 = VECTOR ( 'NONE', #6881, 1000.000000000000000 ) ;
#5433 = DIRECTION ( 'NONE',  ( -0.000000000000000000, -0.000000000000000000, -1.000000000000000000 ) ) ;
#5434 = CARTESIAN_POINT ( 'NONE',  ( -0.2999999999999914402, -3.717264591378770392E-17, -13.00000000000000000 ) ) ;
#5435 = ORIENTED_EDGE ( 'NONE', *, *, #8747, .T. ) ;
#5436 = ORIENTED_EDGE ( 'NONE', *, *, #2342, .T. ) ;
#5437 = CARTESIAN_POINT ( 'NONE',  ( 28.50000000000000000, -0.2999999999999999889, -10.00000000000000000 ) ) ;
#5438 = CARTESIAN_POINT ( 'NONE',  ( 53.20000000000002416, -35.39999999999999858, 3.000000000000000000 ) ) ;
#5439 = CARTESIAN_POINT ( 'NONE',  ( 27.50000000000000000, 24.40000000000000213, -8.300000000000000711 ) ) ;
#5440 = VECTOR ( 'NONE', #5200, 1000.000000000000114 ) ;
#5441 = FACE_OUTER_BOUND ( 'NONE', #6312, .T. ) ;
#5442 = CARTESIAN_POINT ( 'NONE',  ( 51.20000000000000284, 21.60000000000000142, 3.000000000000000000 ) ) ;
#5443 = LINE ( 'NONE', #3723, #4885 ) ;
#5444 = DIRECTION ( 'NONE',  ( 0.000000000000000000, -1.000000000000000000, 0.000000000000000000 ) ) ;
#5445 = ORIENTED_EDGE ( 'NONE', *, *, #5223, .T. ) ;
#5446 = CARTESIAN_POINT ( 'NONE',  ( 62.20000000000000995, -50.39999999999999858, 1.000000000000000000 ) ) ;
#5447 = ORIENTED_EDGE ( 'NONE', *, *, #5387, .F. ) ;
#5448 = VECTOR ( 'NONE', #3230, 1000.000000000000000 ) ;
#5449 = DIRECTION ( 'NONE',  ( 0.000000000000000000, 0.000000000000000000, 1.000000000000000000 ) ) ;
#5450 = CARTESIAN_POINT ( 'NONE',  ( 18.21999999999999886, 22.91999999999999815, 3.000000000000000000 ) ) ;
#5451 = VECTOR ( 'NONE', #4056, 1000.000000000000000 ) ;
#5452 = LINE ( 'NONE', #8837, #7447 ) ;
#5453 = EDGE_CURVE ( 'NONE', #7286, #7875, #10320, .T. ) ;
#5454 = DIRECTION ( 'NONE',  ( -1.000000000000000000, 0.000000000000000000, 0.000000000000000000 ) ) ;
#5455 = AXIS2_PLACEMENT_3D ( 'NONE', #5092, #4479, #5312 ) ;
#5456 = ORIENTED_EDGE ( 'NONE', *, *, #4450, .T. ) ;
#5457 = VERTEX_POINT ( 'NONE', #194 ) ;
#5458 = EDGE_CURVE ( 'NONE', #3826, #5951, #9336, .T. ) ;
#5459 = VECTOR ( 'NONE', #3744, 1000.000000000000000 ) ;
#5460 = ORIENTED_EDGE ( 'NONE', *, *, #6889, .F. ) ;
#5461 = LINE ( 'NONE', #7016, #8654 ) ;
#5462 = ORIENTED_EDGE ( 'NONE', *, *, #9812, .T. ) ;
#5463 = ORIENTED_EDGE ( 'NONE', *, *, #214, .T. ) ;
#5464 = CARTESIAN_POINT ( 'NONE',  ( 35.50000000000000000, -0.2999999999999999889, 3.000000000000000000 ) ) ;
#5465 = CARTESIAN_POINT ( 'NONE',  ( 34.50000000000000000, -0.2999999999999999889, 0.5000000000000000000 ) ) ;
#5466 = CIRCLE ( 'NONE', #4581, 0.5000000000000000000 ) ;
#5467 = DIRECTION ( 'NONE',  ( 0.000000000000000000, -1.000000000000000000, 0.000000000000000000 ) ) ;
#5468 = AXIS2_PLACEMENT_3D ( 'NONE', #6941, #10311, #5055 ) ;
#5469 = CARTESIAN_POINT ( 'NONE',  ( 18.21999999999999886, 22.91999999999999815, 1.000000000000000000 ) ) ;
#5470 = ORIENTED_EDGE ( 'NONE', *, *, #6770, .T. ) ;
#5471 = ORIENTED_EDGE ( 'NONE', *, *, #1380, .T. ) ;
#5472 = ORIENTED_EDGE ( 'NONE', *, *, #898, .T. ) ;
#5473 = FACE_BOUND ( 'NONE', #8855, .T. ) ;
#5474 = CARTESIAN_POINT ( 'NONE',  ( 60.20000000000003126, -95.40000000000000568, 1.000000000000000000 ) ) ;
#5475 = EDGE_CURVE ( 'NONE', #10687, #4299, #1026, .T. ) ;
#5476 = VECTOR ( 'NONE', #2886, 1000.000000000000000 ) ;
#5477 = ORIENTED_EDGE ( 'NONE', *, *, #4735, .F. ) ;
#5478 = EDGE_CURVE ( 'NONE', #2462, #6488, #7730, .T. ) ;
#5479 = DIRECTION ( 'NONE',  ( 0.000000000000000000, 0.000000000000000000, 1.000000000000000000 ) ) ;
#5480 = LINE ( 'NONE', #6929, #11 ) ;
#5481 = VECTOR ( 'NONE', #3084, 1000.000000000000000 ) ;
#5482 = APPLICATION_CONTEXT ( 'automotive_design' ) ;
#5483 = CARTESIAN_POINT ( 'NONE',  ( 12.49999999999999289, -18.90000000000003411, 3.001000000000000334 ) ) ;
#5484 = CYLINDRICAL_SURFACE ( 'NONE', #10876, 2.999999999999999112 ) ;
#5485 = LINE ( 'NONE', #393, #3468 ) ;
#5486 = EDGE_LOOP ( 'NONE', ( #686, #4685, #8623, #4078 ) ) ;
#5487 = ORIENTED_EDGE ( 'NONE', *, *, #5622, .T. ) ;
#5488 = VECTOR ( 'NONE', #2367, 1000.000000000000000 ) ;
#5489 = CARTESIAN_POINT ( 'NONE',  ( 50.20000000000000995, -53.40000000000000568, 1.000000000000000000 ) ) ;
#5490 = CARTESIAN_POINT ( 'NONE',  ( 53.20000000000002416, -35.39999999999999858, 1.000000000000000000 ) ) ;
#5491 = ORIENTED_EDGE ( 'NONE', *, *, #6415, .F. ) ;
#5492 = ORIENTED_EDGE ( 'NONE', *, *, #10463, .F. ) ;
#5493 = ADVANCED_FACE ( 'NONE', ( #6896 ), #8666, .F. ) ;
#5494 = DIRECTION ( 'NONE',  ( 0.000000000000000000, 0.000000000000000000, 1.000000000000000000 ) ) ;
#5495 = EDGE_CURVE ( 'NONE', #836, #9114, #5395, .T. ) ;
#5496 = DIRECTION ( 'NONE',  ( 0.000000000000000000, 0.02826803116136169039, -0.9996003793588016384 ) ) ;
#5497 = EDGE_CURVE ( 'NONE', #5516, #1921, #6009, .T. ) ;
#5498 = VECTOR ( 'NONE', #4613, 1000.000000000000000 ) ;
#5499 = CARTESIAN_POINT ( 'NONE',  ( 57.00000000000000000, 5.950000000000000178, 1.000000000000000000 ) ) ;
#5500 = CARTESIAN_POINT ( 'NONE',  ( 3.799999999999983835, -10.00000000000000888, 0.4999999999999995559 ) ) ;
#5501 = EDGE_CURVE ( 'NONE', #5652, #685, #3614, .T. ) ;
#5502 = DIRECTION ( 'NONE',  ( 0.000000000000000000, 1.000000000000000000, 0.000000000000000000 ) ) ;
#5503 = CARTESIAN_POINT ( 'NONE',  ( -2.500000000000011102, -17.40000000000000213, 3.001000000000000334 ) ) ;
#5504 = CARTESIAN_POINT ( 'NONE',  ( 3.799999999999983835, -10.00000000000000888, -7.500000000000000888 ) ) ;
#5505 = ORIENTED_EDGE ( 'NONE', *, *, #7920, .F. ) ;
#5506 = VECTOR ( 'NONE', #4772, 1000.000000000000000 ) ;
#5507 = AXIS2_PLACEMENT_3D ( 'NONE', #7205, #10581, #6490 ) ;
#5508 = FACE_OUTER_BOUND ( 'NONE', #10447, .T. ) ;
#5509 = DIRECTION ( 'NONE',  ( -1.000000000000000000, 9.251858538542971828E-16, 0.000000000000000000 ) ) ;
#5510 = ORIENTED_EDGE ( 'NONE', *, *, #6099, .T. ) ;
#5511 = EDGE_CURVE ( 'NONE', #3414, #4804, #7220, .T. ) ;
#5512 = CARTESIAN_POINT ( 'NONE',  ( 0.000000000000000000, 25.39999999999999858, 0.5000000000000000000 ) ) ;
#5513 = CARTESIAN_POINT ( 'NONE',  ( 60.20000000000001705, 34.39999999999999858, -4.000000000000000000 ) ) ;
#5514 = LINE ( 'NONE', #7837, #1251 ) ;
#5515 = DIRECTION ( 'NONE',  ( -0.000000000000000000, -1.000000000000000000, -0.000000000000000000 ) ) ;
#5516 = VERTEX_POINT ( 'NONE', #1246 ) ;
#5517 = VERTEX_POINT ( 'NONE', #10382 ) ;
#5518 = ORIENTED_EDGE ( 'NONE', *, *, #754, .T. ) ;
#5519 = DIRECTION ( 'NONE',  ( -1.000000000000000000, 9.251858538542971828E-16, 0.000000000000000000 ) ) ;
#5520 = ORIENTED_EDGE ( 'NONE', *, *, #1191, .T. ) ;
#5521 = DIRECTION ( 'NONE',  ( -1.000000000000000000, 0.000000000000000000, 0.000000000000000000 ) ) ;
#5522 = LINE ( 'NONE', #650, #9245 ) ;
#5523 = DIRECTION ( 'NONE',  ( 1.000000000000000000, 0.000000000000000000, 0.000000000000000000 ) ) ;
#5524 = ORIENTED_EDGE ( 'NONE', *, *, #6977, .F. ) ;
#5525 = ORIENTED_EDGE ( 'NONE', *, *, #8851, .F. ) ;
#5526 = VERTEX_POINT ( 'NONE', #1353 ) ;
#5527 = FACE_BOUND ( 'NONE', #8775, .T. ) ;
#5528 = VECTOR ( 'NONE', #6430, 1000.000000000000000 ) ;
#5529 = CARTESIAN_POINT ( 'NONE',  ( 72.20000000000001705, -95.40000000000000568, 3.000000000000000000 ) ) ;
#5530 = AXIS2_PLACEMENT_3D ( 'NONE', #5483, #2457, #391 ) ;
#5531 = VERTEX_POINT ( 'NONE', #7063 ) ;
#5532 = DIRECTION ( 'NONE',  ( 1.000000000000000000, -4.357233220663877152E-16, -0.000000000000000000 ) ) ;
#5533 = CARTESIAN_POINT ( 'NONE',  ( 2.500000000000000000, 25.89999999999999858, -1.000000000000000000 ) ) ;
#5534 = DIRECTION ( 'NONE',  ( -1.000000000000000000, 2.209838822900395026E-16, 0.000000000000000000 ) ) ;
#5535 = VECTOR ( 'NONE', #10735, 1000.000000000000000 ) ;
#5536 = AXIS2_PLACEMENT_3D ( 'NONE', #10873, #5783, #9111 ) ;
#5537 = LINE ( 'NONE', #612, #1514 ) ;
#5538 = EDGE_CURVE ( 'NONE', #9141, #2023, #307, .T. ) ;
#5539 = ORIENTED_EDGE ( 'NONE', *, *, #9948, .T. ) ;
#5540 = FACE_OUTER_BOUND ( 'NONE', #8926, .T. ) ;
#5541 = ORIENTED_EDGE ( 'NONE', *, *, #9861, .F. ) ;
#5542 = VERTEX_POINT ( 'NONE', #8056 ) ;
#5543 = DIRECTION ( 'NONE',  ( -0.000000000000000000, -0.000000000000000000, -1.000000000000000000 ) ) ;
#5544 = DIRECTION ( 'NONE',  ( -1.000000000000000000, -1.239088197126289831E-16, 0.000000000000000000 ) ) ;
#5545 = EDGE_LOOP ( 'NONE', ( #8333, #3042, #2972, #10755 ) ) ;
#5546 = ORIENTED_EDGE ( 'NONE', *, *, #8474, .F. ) ;
#5547 = DIRECTION ( 'NONE',  ( -0.000000000000000000, -0.000000000000000000, -1.000000000000000000 ) ) ;
#5548 = VECTOR ( 'NONE', #8711, 1000.000000000000000 ) ;
#5549 = DIRECTION ( 'NONE',  ( 0.000000000000000000, 1.000000000000000000, 0.000000000000000000 ) ) ;
#5550 = EDGE_CURVE ( 'NONE', #6574, #6976, #2124, .T. ) ;
#5551 = DIRECTION ( 'NONE',  ( 1.000000000000000000, -0.000000000000000000, -0.000000000000000000 ) ) ;
#5552 = DIRECTION ( 'NONE',  ( 0.000000000000000000, -0.000000000000000000, 1.000000000000000000 ) ) ;
#5553 = LINE ( 'NONE', #7325, #819 ) ;
#5554 = VECTOR ( 'NONE', #1612, 1000.000000000000000 ) ;
#5555 = CYLINDRICAL_SURFACE ( 'NONE', #826, 4.000000000000010658 ) ;
#5556 = EDGE_CURVE ( 'NONE', #8534, #6717, #10435, .T. ) ;
#5557 = DIRECTION ( 'NONE',  ( -1.000000000000000000, 0.000000000000000000, 0.000000000000000000 ) ) ;
#5558 = ORIENTED_EDGE ( 'NONE', *, *, #4014, .T. ) ;
#5559 = FACE_BOUND ( 'NONE', #9877, .T. ) ;
#5560 = FACE_OUTER_BOUND ( 'NONE', #1891, .T. ) ;
#5561 = EDGE_LOOP ( 'NONE', ( #10924, #2840, #9247 ) ) ;
#5562 = CARTESIAN_POINT ( 'NONE',  ( 2.500000000000000000, 23.09999999999999787, -1.000000000000000000 ) ) ;
#5563 = CARTESIAN_POINT ( 'NONE',  ( 13.49999999999999112, -93.39999999999996305, -1.000000000000000888 ) ) ;
#5564 = DIRECTION ( 'NONE',  ( 1.000000000000000000, 0.000000000000000000, 0.000000000000000000 ) ) ;
#5565 = EDGE_CURVE ( 'NONE', #619, #8698, #9557, .T. ) ;
#5566 = ORIENTED_EDGE ( 'NONE', *, *, #9101, .F. ) ;
#5567 = AXIS2_PLACEMENT_3D ( 'NONE', #9403, #9349, #5299 ) ;
#5568 = VERTEX_POINT ( 'NONE', #2844 ) ;
#5569 = VERTEX_POINT ( 'NONE', #1963 ) ;
#5570 = FACE_OUTER_BOUND ( 'NONE', #1413, .T. ) ;
#5571 = ORIENTED_EDGE ( 'NONE', *, *, #5013, .F. ) ;
#5572 = CARTESIAN_POINT ( 'NONE',  ( -11.50000000000001066, -17.40000000000000213, 1.000000000000000000 ) ) ;
#5573 = PLANE ( 'NONE',  #55 ) ;
#5574 = AXIS2_PLACEMENT_3D ( 'NONE', #8973, #9634, #2040 ) ;
#5575 = CIRCLE ( 'NONE', #802, 0.5000000000000000000 ) ;
#5576 = DIRECTION ( 'NONE',  ( 1.000000000000000000, 0.000000000000000000, 0.000000000000000000 ) ) ;
#5577 = ORIENTED_EDGE ( 'NONE', *, *, #9015, .F. ) ;
#5578 = ORIENTED_EDGE ( 'NONE', *, *, #10369, .F. ) ;
#5579 = VERTEX_POINT ( 'NONE', #10490 ) ;
#5580 = FACE_BOUND ( 'NONE', #5694, .T. ) ;
#5581 = AXIS2_PLACEMENT_3D ( 'NONE', #3913, #545, #3022 ) ;
#5582 = CARTESIAN_POINT ( 'NONE',  ( 62.20000000000000995, -35.39999999999999858, 1.000000000000000000 ) ) ;
#5583 = EDGE_LOOP ( 'NONE', ( #10119, #5246, #937, #10389 ) ) ;
#5584 = CARTESIAN_POINT ( 'NONE',  ( 56.50000000000000000, 4.000000000000000000, 0.5000000000000000000 ) ) ;
#5585 = CARTESIAN_POINT ( 'NONE',  ( 27.50000000000000000, 0.000000000000000000, -7.799999999999999822 ) ) ;
#5586 = AXIS2_PLACEMENT_3D ( 'NONE', #5083, #7357, #6534 ) ;
#5587 = CARTESIAN_POINT ( 'NONE',  ( 35.50000000000000000, 26.89999999999999858, -1.000000000000000000 ) ) ;
#5588 = ADVANCED_FACE ( 'NONE', ( #10600 ), #1297, .F. ) ;
#5589 = AXIS2_PLACEMENT_3D ( 'NONE', #6131, #7787, #4350 ) ;
#5590 = LINE ( 'NONE', #6428, #2917 ) ;
#5591 = ORIENTED_EDGE ( 'NONE', *, *, #10009, .F. ) ;
#5592 = DIRECTION ( 'NONE',  ( 0.000000000000000000, -1.000000000000000000, 0.000000000000000000 ) ) ;
#5593 = EDGE_LOOP ( 'NONE', ( #7821, #3509 ) ) ;
#5594 = EDGE_LOOP ( 'NONE', ( #2851, #8970, #1481, #1469 ) ) ;
#5595 = LINE ( 'NONE', #345, #1043 ) ;
#5596 = ADVANCED_FACE ( 'NONE', ( #4508 ), #7835, .F. ) ;
#5597 = LINE ( 'NONE', #7099, #3903 ) ;
#5598 = EDGE_CURVE ( 'NONE', #3192, #8763, #7168, .T. ) ;
#5599 = ORIENTED_EDGE ( 'NONE', *, *, #5270, .F. ) ;
#5600 = ORIENTED_EDGE ( 'NONE', *, *, #9623, .F. ) ;
#5601 = CARTESIAN_POINT ( 'NONE',  ( 49.79999999999998295, -76.00000000000001421, -7.500000000000000888 ) ) ;
#5602 = VECTOR ( 'NONE', #1061, 1000.000000000000000 ) ;
#5603 = CARTESIAN_POINT ( 'NONE',  ( 35.20000000000000995, -32.39999999999999858, 3.000000000000000000 ) ) ;
#5604 = CARTESIAN_POINT ( 'NONE',  ( 59.20000000000002416, -53.40000000000000568, 3.001000000000000334 ) ) ;
#5605 = EDGE_CURVE ( 'NONE', #2163, #9566, #8485, .T. ) ;
#5606 = CARTESIAN_POINT ( 'NONE',  ( 51.20000000000000284, 25.89999999999999858, -1.000000000000000000 ) ) ;
#5607 = CARTESIAN_POINT ( 'NONE',  ( 9.499999999999996447, -53.40000000000000568, 3.001000000000000334 ) ) ;
#5608 = ADVANCED_FACE ( 'NONE', ( #7116 ), #8778, .F. ) ;
#5609 = PLANE ( 'NONE',  #2931 ) ;
#5610 = ADVANCED_FACE ( 'NONE', ( #471 ), #6398, .T. ) ;
#5611 = LINE ( 'NONE', #1402, #7457 ) ;
#5612 = EDGE_LOOP ( 'NONE', ( #5195, #2067, #3785, #361 ) ) ;
#5613 = VERTEX_POINT ( 'NONE', #8893 ) ;
#5614 = LINE ( 'NONE', #9931, #8455 ) ;
#5615 = CYLINDRICAL_SURFACE ( 'NONE', #1319, 2.000000000000000000 ) ;
#5616 = ORIENTED_EDGE ( 'NONE', *, *, #8385, .F. ) ;
#5617 = ADVANCED_FACE ( 'NONE', ( #9776 ), #6344, .F. ) ;
#5618 = DIRECTION ( 'NONE',  ( 1.000000000000000000, -0.000000000000000000, -0.000000000000000000 ) ) ;
#5620 = EDGE_CURVE ( 'NONE', #5968, #1847, #6613, .T. ) ;
#5619 = VECTOR ( 'NONE', #10352, 1000.000000000000000 ) ;
#5621 = CARTESIAN_POINT ( 'NONE',  ( 35.20000000000002416, -53.40000000000000568, 1.000000000000000000 ) ) ;
#5622 = EDGE_CURVE ( 'NONE', #10129, #4407, #742, .T. ) ;
#5623 = CYLINDRICAL_SURFACE ( 'NONE', #6954, 0.5000000000000000000 ) ;
#5624 = EDGE_CURVE ( 'NONE', #5968, #7875, #3898, .T. ) ;
#5625 = ORIENTED_EDGE ( 'NONE', *, *, #2485, .F. ) ;
#5626 = VECTOR ( 'NONE', #7675, 1000.000000000000000 ) ;
#5627 = EDGE_LOOP ( 'NONE', ( #9231, #7019, #10619, #7858 ) ) ;
#5628 = ORIENTED_EDGE ( 'NONE', *, *, #7324, .T. ) ;
#5629 = FACE_OUTER_BOUND ( 'NONE', #8374, .T. ) ;
#5630 = ORIENTED_EDGE ( 'NONE', *, *, #7647, .T. ) ;
#5631 = LINE ( 'NONE', #9014, #5646 ) ;
#5632 = EDGE_CURVE ( 'NONE', #6612, #8703, #3174, .T. ) ;
#5633 = DIRECTION ( 'NONE',  ( 1.000000000000000000, 0.000000000000000000, 0.000000000000000000 ) ) ;
#5634 = ADVANCED_FACE ( 'NONE', ( #4950 ), #5675, .F. ) ;
#5635 = VECTOR ( 'NONE', #2551, 1000.000000000000000 ) ;
#5636 = CARTESIAN_POINT ( 'NONE',  ( 56.20000000000001705, -35.39999999999999858, 1.000000000000000000 ) ) ;
#5637 = VERTEX_POINT ( 'NONE', #4732 ) ;
#5638 = ORIENTED_EDGE ( 'NONE', *, *, #5926, .F. ) ;
#5639 = VERTEX_POINT ( 'NONE', #5837 ) ;
#5640 = LINE ( 'NONE', #9999, #6176 ) ;
#5641 = DIRECTION ( 'NONE',  ( 1.000000000000000000, 0.000000000000000000, -0.000000000000000000 ) ) ;
#5642 = AXIS2_PLACEMENT_3D ( 'NONE', #8068, #2024, #3626 ) ;
#5643 = VERTEX_POINT ( 'NONE', #9934 ) ;
#5644 = CARTESIAN_POINT ( 'NONE',  ( -0.2999999999999939382, 17.44999999999999929, -10.00000000000000000 ) ) ;
#5645 = CARTESIAN_POINT ( 'NONE',  ( 57.00000000000000000, 21.60000000000000142, 1.000000000000000000 ) ) ;
#5646 = VECTOR ( 'NONE', #2455, 1000.000000000000000 ) ;
#5648 = EDGE_CURVE ( 'NONE', #1589, #2960, #1570, .T. ) ;
#5647 = CARTESIAN_POINT ( 'NONE',  ( 38.20000000000000995, -17.40000000000000213, 3.000000000000000000 ) ) ;
#5649 = CARTESIAN_POINT ( 'NONE',  ( 55.50000000000000000, 4.000000000000000000, 3.000000000000000000 ) ) ;
#5650 = VECTOR ( 'NONE', #371, 1000.000000000000000 ) ;
#5651 = DIRECTION ( 'NONE',  ( -0.8571673007021113344, 0.000000000000000000, -0.5150380749100558209 ) ) ;
#5652 = VERTEX_POINT ( 'NONE', #4111 ) ;
#5653 = CARTESIAN_POINT ( 'NONE',  ( -2.266297947787970113, 6.949999999999999289, 0.03489949670250869912 ) ) ;
#5654 = AXIS2_PLACEMENT_3D ( 'NONE', #1841, #3336, #1671 ) ;
#5655 = ORIENTED_EDGE ( 'NONE', *, *, #6927, .T. ) ;
#5656 = EDGE_LOOP ( 'NONE', ( #6274, #2719, #5736, #2177 ) ) ;
#5657 = CARTESIAN_POINT ( 'NONE',  ( 18.21999999999999886, 22.91999999999999815, 1.000000000000000000 ) ) ;
#5658 = LINE ( 'NONE', #2992, #6736 ) ;
#5659 = ORIENTED_EDGE ( 'NONE', *, *, #4678, .F. ) ;
#5660 = ORIENTED_EDGE ( 'NONE', *, *, #4798, .F. ) ;
#5661 = PLANE ( 'NONE',  #1369 ) ;
#5662 = EDGE_CURVE ( 'NONE', #286, #9795, #7495, .T. ) ;
#5663 = DIRECTION ( 'NONE',  ( 0.000000000000000000, 0.000000000000000000, 1.000000000000000000 ) ) ;
#5664 = DIRECTION ( 'NONE',  ( 0.000000000000000000, 1.000000000000000000, -0.000000000000000000 ) ) ;
#5665 = CARTESIAN_POINT ( 'NONE',  ( 57.00000000000000000, 4.000000000000000000, 0.5000000000000000000 ) ) ;
#5666 = AXIS2_PLACEMENT_3D ( 'NONE', #8483, #10246, #5925 ) ;
#5667 = DIRECTION ( 'NONE',  ( -0.000000000000000000, -0.000000000000000000, -1.000000000000000000 ) ) ;
#5668 = CARTESIAN_POINT ( 'NONE',  ( 35.50000000000000000, -0.2999999999999999889, -1.000000000000000000 ) ) ;
#5669 = DIRECTION ( 'NONE',  ( 1.000000000000000000, 0.000000000000000000, 0.000000000000000000 ) ) ;
#5670 = ORIENTED_EDGE ( 'NONE', *, *, #5243, .F. ) ;
#5671 = ORIENTED_EDGE ( 'NONE', *, *, #8181, .T. ) ;
#5672 = FACE_BOUND ( 'NONE', #643, .T. ) ;
#5673 = FACE_OUTER_BOUND ( 'NONE', #1996, .T. ) ;
#5674 = ORIENTED_EDGE ( 'NONE', *, *, #818, .T. ) ;
#5675 = PLANE ( 'NONE',  #3700 ) ;
#5676 = VECTOR ( 'NONE', #472, 1000.000000000000000 ) ;
#5677 = LINE ( 'NONE', #3952, #6916 ) ;
#5678 = DIRECTION ( 'NONE',  ( -1.000000000000000000, 0.000000000000000000, 0.000000000000000000 ) ) ;
#5679 = VECTOR ( 'NONE', #1786, 1000.000000000000000 ) ;
#5680 = CIRCLE ( 'NONE', #2488, 0.5000000000000000000 ) ;
#5681 = EDGE_CURVE ( 'NONE', #4028, #7408, #4783, .T. ) ;
#5682 = VERTEX_POINT ( 'NONE', #3272 ) ;
#5683 = ORIENTED_EDGE ( 'NONE', *, *, #5995, .T. ) ;
#5684 = ORIENTED_EDGE ( 'NONE', *, *, #3449, .T. ) ;
#5685 = CARTESIAN_POINT ( 'NONE',  ( 28.50000000000000000, 25.39999999999999858, 0.5000000000000000000 ) ) ;
#5686 = ORIENTED_EDGE ( 'NONE', *, *, #467, .T. ) ;
#5687 = DIRECTION ( 'NONE',  ( 0.000000000000000000, 0.000000000000000000, -1.000000000000000000 ) ) ;
#5688 = AXIS2_PLACEMENT_3D ( 'NONE', #4000, #10643, #3055 ) ;
#5689 = CARTESIAN_POINT ( 'NONE',  ( 6.499999999999997335, -53.40000000000000568, 1.000000000000000000 ) ) ;
#5690 = DIRECTION ( 'NONE',  ( -4.336808689942015271E-16, 0.000000000000000000, 1.000000000000000000 ) ) ;
#5691 = ADVANCED_FACE ( 'NONE', ( #6668 ), #6562, .F. ) ;
#5692 = ORIENTED_EDGE ( 'NONE', *, *, #6294, .T. ) ;
#5693 = EDGE_CURVE ( 'NONE', #9847, #436, #2341, .T. ) ;
#5694 = EDGE_LOOP ( 'NONE', ( #9831, #4675, #816, #3966, #6095, #7188, #4791, #9009 ) ) ;
#5695 = VERTEX_POINT ( 'NONE', #1462 ) ;
#5696 = DIRECTION ( 'NONE',  ( 1.000000000000000000, 0.000000000000000000, -0.000000000000000000 ) ) ;
#5697 = ADVANCED_FACE ( 'NONE', ( #9057 ), #2393, .F. ) ;
#5698 = PLANE ( 'NONE',  #6996 ) ;
#5699 = ORIENTED_EDGE ( 'NONE', *, *, #3144, .F. ) ;
#5700 = LINE ( 'NONE', #9081, #3856 ) ;
#5701 = CARTESIAN_POINT ( 'NONE',  ( 2.500000000000035083, 26.89999999999999858, 0.5000000000000000000 ) ) ;
#5702 = CARTESIAN_POINT ( 'NONE',  ( 35.50000000000000000, -1.300000000000000044, 1.000000000000000000 ) ) ;
#5703 = EDGE_CURVE ( 'NONE', #6204, #9362, #526, .T. ) ;
#5704 = CARTESIAN_POINT ( 'NONE',  ( 75.20000000000001705, -95.40000000000000568, 1.000000000000000000 ) ) ;
#5705 = LINE ( 'NONE', #8978, #3260 ) ;
#5706 = ORIENTED_EDGE ( 'NONE', *, *, #799, .T. ) ;
#5707 = DIRECTION ( 'NONE',  ( -0.000000000000000000, -0.000000000000000000, 1.000000000000000000 ) ) ;
#5708 = EDGE_CURVE ( 'NONE', #2460, #8514, #2290, .T. ) ;
#5709 = ORIENTED_EDGE ( 'NONE', *, *, #717, .F. ) ;
#5710 = DIRECTION ( 'NONE',  ( 0.000000000000000000, 0.000000000000000000, -1.000000000000000000 ) ) ;
#5711 = DIRECTION ( 'NONE',  ( 0.000000000000000000, 1.000000000000000000, 0.000000000000000000 ) ) ;
#5712 = VERTEX_POINT ( 'NONE', #4843 ) ;
#5713 = CARTESIAN_POINT ( 'NONE',  ( 2.500000000000000000, 0.2000000000000000111, 1.000000000000000000 ) ) ;
#5714 = CARTESIAN_POINT ( 'NONE',  ( 72.20000000000001705, -95.40000000000000568, 1.000000000000000000 ) ) ;
#5715 = AXIS2_PLACEMENT_3D ( 'NONE', #4637, #433, #3803 ) ;
#5716 = VECTOR ( 'NONE', #5374, 1000.000000000000000 ) ;
#5717 = PLANE ( 'NONE',  #730 ) ;
#5718 = DIRECTION ( 'NONE',  ( 0.000000000000000000, 1.000000000000000000, 0.000000000000000000 ) ) ;
#5719 = CARTESIAN_POINT ( 'NONE',  ( -11.50000000000001066, -17.40000000000000213, 3.000000000000000000 ) ) ;
#5720 = CARTESIAN_POINT ( 'NONE',  ( 0.000000000000000000, -94.39999999999996305, -4.000000000000000000 ) ) ;
#5721 = LINE ( 'NONE', #905, #8167 ) ;
#5722 = CIRCLE ( 'NONE', #8200, 2.000000000000000000 ) ;
#5723 = ORIENTED_EDGE ( 'NONE', *, *, #753, .F. ) ;
#5724 = ORIENTED_EDGE ( 'NONE', *, *, #1842, .T. ) ;
#5725 = FACE_BOUND ( 'NONE', #3117, .T. ) ;
#5726 = PLANE ( 'NONE',  #2730 ) ;
#5727 = ORIENTED_EDGE ( 'NONE', *, *, #4454, .F. ) ;
#5728 = DIRECTION ( 'NONE',  ( 0.000000000000000000, -1.000000000000000000, 0.000000000000000000 ) ) ;
#5729 = PLANE ( 'NONE',  #6035 ) ;
#5730 = VECTOR ( 'NONE', #8659, 1000.000000000000000 ) ;
#5731 = DIRECTION ( 'NONE',  ( 0.000000000000000000, -1.000000000000000000, 0.000000000000000000 ) ) ;
#5732 = ORIENTED_EDGE ( 'NONE', *, *, #86, .T. ) ;
#5733 = ORIENTED_EDGE ( 'NONE', *, *, #6358, .F. ) ;
#5734 = EDGE_LOOP ( 'NONE', ( #7656, #3642, #10834, #7632 ) ) ;
#5735 = DIRECTION ( 'NONE',  ( 1.000000000000000000, 0.000000000000000000, 0.000000000000000000 ) ) ;
#5736 = ORIENTED_EDGE ( 'NONE', *, *, #10746, .F. ) ;
#5737 = EDGE_CURVE ( 'NONE', #4237, #8629, #7602, .T. ) ;
#5738 = CARTESIAN_POINT ( 'NONE',  ( 44.20000000000001705, -53.40000000000000568, 1.000000000000000000 ) ) ;
#5739 = EDGE_CURVE ( 'NONE', #9593, #3134, #638, .T. ) ;
#5740 = DIRECTION ( 'NONE',  ( -0.000000000000000000, -0.000000000000000000, -1.000000000000000000 ) ) ;
#5741 = DIRECTION ( 'NONE',  ( -0.000000000000000000, -0.000000000000000000, -1.000000000000000000 ) ) ;
#5742 = VERTEX_POINT ( 'NONE', #5780 ) ;
#5743 = ORIENTED_EDGE ( 'NONE', *, *, #1801, .T. ) ;
#5744 = LINE ( 'NONE', #9125, #6357 ) ;
#5745 = CARTESIAN_POINT ( 'NONE',  ( 41.20000000000002416, -35.39999999999999858, 1.000000000000000000 ) ) ;
#5746 = ORIENTED_EDGE ( 'NONE', *, *, #9008, .T. ) ;
#5747 = ADVANCED_FACE ( 'NONE', ( #10760 ), #9109, .F. ) ;
#5748 = CARTESIAN_POINT ( 'NONE',  ( 18.21999999999999886, 3.875000000000000000, 3.000000000000000000 ) ) ;
#5749 = CARTESIAN_POINT ( 'NONE',  ( 72.20000000000000284, -83.40000000000000568, -4.000000000000000000 ) ) ;
#5750 = AXIS2_PLACEMENT_3D ( 'NONE', #4674, #8051, #1513 ) ;
#5751 = ADVANCED_FACE ( 'NONE', ( #796 ), #8551, .F. ) ;
#5752 = FACE_OUTER_BOUND ( 'NONE', #8718, .T. ) ;
#5753 = AXIS2_PLACEMENT_3D ( 'NONE', #857, #1626, #7672 ) ;
#5754 = EDGE_CURVE ( 'NONE', #3354, #7832, #4171, .T. ) ;
#5755 = DIRECTION ( 'NONE',  ( 0.000000000000000000, 0.000000000000000000, 1.000000000000000000 ) ) ;
#5756 = CARTESIAN_POINT ( 'NONE',  ( 3.799999999999983835, -76.00000000000001421, -7.500000000000000888 ) ) ;
#5757 = ORIENTED_EDGE ( 'NONE', *, *, #4218, .T. ) ;
#5758 = VECTOR ( 'NONE', #1114, 1000.000000000000000 ) ;
#5759 = EDGE_CURVE ( 'NONE', #8416, #7556, #10066, .T. ) ;
#5760 = ORIENTED_EDGE ( 'NONE', *, *, #7797, .F. ) ;
#5761 = CARTESIAN_POINT ( 'NONE',  ( 58.16568877480710142, 10.44999999999999929, 0.000000000000000000 ) ) ;
#5762 = FACE_OUTER_BOUND ( 'NONE', #6367, .T. ) ;
#5763 = EDGE_LOOP ( 'NONE', ( #570, #8458, #9056, #5616 ) ) ;
#5764 = DIRECTION ( 'NONE',  ( 0.000000000000000000, 0.000000000000000000, 1.000000000000000000 ) ) ;
#5765 = DIRECTION ( 'NONE',  ( -1.000000000000000000, 0.000000000000000000, 0.000000000000000000 ) ) ;
#5766 = VECTOR ( 'NONE', #4696, 1000.000000000000000 ) ;
#5767 = EDGE_CURVE ( 'NONE', #5295, #3859, #6711, .T. ) ;
#5768 = LINE ( 'NONE', #7537, #1285 ) ;
#5769 = CARTESIAN_POINT ( 'NONE',  ( 0.000000000000000000, 0.000000000000000000, -4.000000000000000000 ) ) ;
#5770 = LINE ( 'NONE', #1454, #9490 ) ;
#5771 = VECTOR ( 'NONE', #1788, 1000.000000000000000 ) ;
#5772 = LINE ( 'NONE', #4052, #7014 ) ;
#5773 = AXIS2_PLACEMENT_3D ( 'NONE', #2224, #8162, #576 ) ;
#5774 = CARTESIAN_POINT ( 'NONE',  ( -3.265688774807065098, 6.949999999999999289, 1.000000000000000000 ) ) ;
#5775 = ORIENTED_EDGE ( 'NONE', *, *, #5495, .T. ) ;
#5776 = ORIENTED_EDGE ( 'NONE', *, *, #7347, .T. ) ;
#5777 = LINE ( 'NONE', #9054, #7565 ) ;
#5778 = LINE ( 'NONE', #7548, #9113 ) ;
#5779 = ORIENTED_EDGE ( 'NONE', *, *, #9230, .F. ) ;
#5780 = CARTESIAN_POINT ( 'NONE',  ( 72.20000000000000284, 39.40000000000000568, 1.000000000000000000 ) ) ;
#5781 = ADVANCED_FACE ( 'NONE', ( #10151 ), #9437, .F. ) ;
#5782 = CARTESIAN_POINT ( 'NONE',  ( 50.20000000000000995, -32.39999999999999858, 3.000000000000000000 ) ) ;
#5783 = DIRECTION ( 'NONE',  ( -0.000000000000000000, -0.000000000000000000, 1.000000000000000000 ) ) ;
#5784 = VERTEX_POINT ( 'NONE', #6830 ) ;
#5785 = FACE_BOUND ( 'NONE', #9351, .T. ) ;
#5786 = EDGE_LOOP ( 'NONE', ( #7969, #3730, #5659, #5309, #4068, #1992, #2361, #8054 ) ) ;
#5787 = CIRCLE ( 'NONE', #1015, 5.000000000000000000 ) ;
#5788 = LINE ( 'NONE', #7398, #9162 ) ;
#5789 = VERTEX_POINT ( 'NONE', #5111 ) ;
#5790 = FACE_OUTER_BOUND ( 'NONE', #7779, .T. ) ;
#5791 = EDGE_CURVE ( 'NONE', #1800, #2704, #10203, .T. ) ;
#5792 = CARTESIAN_POINT ( 'NONE',  ( 19.50000000000000000, 28.86704589964730161, 1.000000000000000000 ) ) ;
#5793 = LINE ( 'NONE', #6680, #9605 ) ;
#5794 = AXIS2_PLACEMENT_3D ( 'NONE', #7974, #1377, #10672 ) ;
#5795 = EDGE_CURVE ( 'NONE', #8450, #1050, #3497, .T. ) ;
#5796 = PLANE ( 'NONE',  #809 ) ;
#5797 = ORIENTED_EDGE ( 'NONE', *, *, #9338, .T. ) ;
#5798 = EDGE_LOOP ( 'NONE', ( #5860, #4564, #768, #9320 ) ) ;
#5799 = CARTESIAN_POINT ( 'NONE',  ( 19.50000000000000000, 1.199999999999999956, -7.799999999999999822 ) ) ;
#5800 = CARTESIAN_POINT ( 'NONE',  ( 55.00000000000000000, 4.000000000000000000, 1.000000000000000000 ) ) ;
#5801 = ORIENTED_EDGE ( 'NONE', *, *, #1633, .F. ) ;
#5802 = DIRECTION ( 'NONE',  ( 1.000000000000000000, 0.000000000000000000, -0.000000000000000000 ) ) ;
#5803 = DIRECTION ( 'NONE',  ( -1.000000000000000000, 0.000000000000000000, 0.000000000000000000 ) ) ;
#5804 = VECTOR ( 'NONE', #10487, 1000.000000000000000 ) ;
#5805 = CARTESIAN_POINT ( 'NONE',  ( 0.4999999999999935052, -53.40000000000000568, 1.000000000000000000 ) ) ;
#5806 = VECTOR ( 'NONE', #3302, 1000.000000000000000 ) ;
#5807 = CARTESIAN_POINT ( 'NONE',  ( 56.20000000000000995, -17.40000000000000213, 3.001000000000000334 ) ) ;
#5808 = PRODUCT_RELATED_PRODUCT_CATEGORY ( 'part', '', ( #3860 ) ) ;
#5809 = LINE ( 'NONE', #1649, #3277 ) ;
#5810 = ORIENTED_EDGE ( 'NONE', *, *, #7611, .T. ) ;
#5811 = ADVANCED_FACE ( 'NONE', ( #1621 ), #2667, .F. ) ;
#5812 = VECTOR ( 'NONE', #6757, 1000.000000000000000 ) ;
#5813 = VERTEX_POINT ( 'NONE', #5889 ) ;
#5814 = ORIENTED_EDGE ( 'NONE', *, *, #6227, .F. ) ;
#5815 = ADVANCED_FACE ( 'NONE', ( #5000 ), #7717, .F. ) ;
#5816 = FACE_OUTER_BOUND ( 'NONE', #4194, .T. ) ;
#5817 = CARTESIAN_POINT ( 'NONE',  ( 55.00000000000000000, 4.000000000000000000, 0.5000000000000000000 ) ) ;
#5818 = AXIS2_PLACEMENT_3D ( 'NONE', #3800, #5407, #8962 ) ;
#5819 = ORIENTED_EDGE ( 'NONE', *, *, #8591, .F. ) ;
#5820 = CARTESIAN_POINT ( 'NONE',  ( 53.20000000000000995, -50.39999999999999858, 3.000000000000000000 ) ) ;
#5821 = DIRECTION ( 'NONE',  ( -0.000000000000000000, -1.000000000000000000, -0.000000000000000000 ) ) ;
#5822 = VECTOR ( 'NONE', #9467, 1000.000000000000000 ) ;
#5823 = DIRECTION ( 'NONE',  ( -0.000000000000000000, -0.000000000000000000, -1.000000000000000000 ) ) ;
#5824 = VECTOR ( 'NONE', #5449, 1000.000000000000000 ) ;
#5825 = LINE ( 'NONE', #2491, #5020 ) ;
#5826 = CARTESIAN_POINT ( 'NONE',  ( 70.20000000000001705, 24.40000000000000568, -4.000000000000000000 ) ) ;
#5827 = DIRECTION ( 'NONE',  ( -1.000000000000000000, 9.251858538542971828E-16, 0.000000000000000000 ) ) ;
#5828 = ADVANCED_FACE ( 'NONE', ( #4229 ), #6055, .F. ) ;
#5829 = CARTESIAN_POINT ( 'NONE',  ( 27.50000000000000000, 0.000000000000000000, -13.00000000000000000 ) ) ;
#5830 = VERTEX_POINT ( 'NONE', #8496 ) ;
#5831 = EDGE_LOOP ( 'NONE', ( #7811, #9754, #8176, #4433 ) ) ;
#5832 = EDGE_CURVE ( 'NONE', #7490, #6574, #5214, .T. ) ;
#5833 = CARTESIAN_POINT ( 'NONE',  ( 28.50000000000000000, -2.299999999999999822, 0.000000000000000000 ) ) ;
#5834 = DIRECTION ( 'NONE',  ( -9.251858538542971828E-16, -1.000000000000000000, 0.000000000000000000 ) ) ;
#5835 = EDGE_CURVE ( 'NONE', #4948, #2181, #7667, .T. ) ;
#5836 = EDGE_LOOP ( 'NONE', ( #4631, #9617, #5049, #10277 ) ) ;
#5837 = CARTESIAN_POINT ( 'NONE',  ( 50.20000000000000995, -53.40000000000000568, 1.000000000000000000 ) ) ;
#5838 = VECTOR ( 'NONE', #5821, 1000.000000000000000 ) ;
#5839 = CARTESIAN_POINT ( 'NONE',  ( 51.20000000000000284, 21.60000000000000142, -1.000000000000000000 ) ) ;
#5840 = EDGE_CURVE ( 'NONE', #3410, #5105, #8380, .T. ) ;
#5841 = FACE_OUTER_BOUND ( 'NONE', #9732, .T. ) ;
#5842 = ORIENTED_EDGE ( 'NONE', *, *, #6981, .T. ) ;
#5843 = CARTESIAN_POINT ( 'NONE',  ( -15.50000000000000711, -83.40000000000000568, -2.999999999999999112 ) ) ;
#5844 = ORIENTED_EDGE ( 'NONE', *, *, #8328, .T. ) ;
#5845 = ADVANCED_FACE ( 'NONE', ( #9267 ), #9380, .F. ) ;
#5846 = VECTOR ( 'NONE', #8895, 1000.000000000000000 ) ;
#5847 = DIRECTION ( 'NONE',  ( 0.000000000000000000, 1.000000000000000000, 0.000000000000000000 ) ) ;
#5848 = ORIENTED_EDGE ( 'NONE', *, *, #6605, .T. ) ;
#5849 = DIRECTION ( 'NONE',  ( -0.000000000000000000, -0.000000000000000000, -1.000000000000000000 ) ) ;
#5850 = FACE_OUTER_BOUND ( 'NONE', #6202, .T. ) ;
#5851 = CARTESIAN_POINT ( 'NONE',  ( 27.50000000000000000, 9.020562075079398469E-15, -7.799999999999999822 ) ) ;
#5852 = VECTOR ( 'NONE', #6942, 1000.000000000000000 ) ;
#5853 = CARTESIAN_POINT ( 'NONE',  ( 13.49999999999999112, -85.89999999999997726, -2.999999999999997780 ) ) ;
#5854 = ORIENTED_EDGE ( 'NONE', *, *, #7241, .F. ) ;
#5855 = ORIENTED_EDGE ( 'NONE', *, *, #8192, .T. ) ;
#5856 = VERTEX_POINT ( 'NONE', #3392 ) ;
#5857 = CARTESIAN_POINT ( 'NONE',  ( 19.50000000000000000, 28.86704589964730161, 1.000000000000000000 ) ) ;
#5858 = LINE ( 'NONE', #3970, #9295 ) ;
#5859 = ORIENTED_EDGE ( 'NONE', *, *, #4939, .F. ) ;
#5860 = ORIENTED_EDGE ( 'NONE', *, *, #8143, .F. ) ;
#5861 = CARTESIAN_POINT ( 'NONE',  ( 9.499999999999991118, -93.39999999999996305, 1.000000000000000000 ) ) ;
#5862 = AXIS2_PLACEMENT_3D ( 'NONE', #8096, #506, #6436 ) ;
#5863 = DIRECTION ( 'NONE',  ( -0.000000000000000000, -0.000000000000000000, -1.000000000000000000 ) ) ;
#5864 = DIRECTION ( 'NONE',  ( 0.000000000000000000, 1.000000000000000000, 0.000000000000000000 ) ) ;
#5865 = DIRECTION ( 'NONE',  ( 0.000000000000000000, 1.000000000000000000, 0.000000000000000000 ) ) ;
#5866 = DIRECTION ( 'NONE',  ( -1.000000000000000000, 0.000000000000000000, 0.000000000000000000 ) ) ;
#5867 = ORIENTED_EDGE ( 'NONE', *, *, #6016, .F. ) ;
#5868 = ORIENTED_EDGE ( 'NONE', *, *, #7917, .F. ) ;
#5869 = ORIENTED_EDGE ( 'NONE', *, *, #6443, .F. ) ;
#5870 = CARTESIAN_POINT ( 'NONE',  ( 0.000000000000000000, 25.89999999999999858, -14.00000000000000000 ) ) ;
#5871 = DIRECTION ( 'NONE',  ( 0.000000000000000000, 0.000000000000000000, 1.000000000000000000 ) ) ;
#5872 = ORIENTED_EDGE ( 'NONE', *, *, #2152, .T. ) ;
#5873 = CARTESIAN_POINT ( 'NONE',  ( 41.20000000000002416, -17.40000000000000213, 3.001000000000000334 ) ) ;
#5874 = CARTESIAN_POINT ( 'NONE',  ( -3.500000000000003109, -95.40000000000000568, -4.000000000000000000 ) ) ;
#5875 = ADVANCED_FACE ( 'NONE', ( #5164 ), #6780, .T. ) ;
#5876 = LINE ( 'NONE', #1659, #9780 ) ;
#5877 = CARTESIAN_POINT ( 'NONE',  ( 70.20000000000001705, 24.40000000000000568, -4.000000000000000000 ) ) ;
#5878 = LINE ( 'NONE', #1776, #6835 ) ;
#5879 = CARTESIAN_POINT ( 'NONE',  ( -1.300000000000000044, 2.500000000000000000, 0.5000000000000000000 ) ) ;
#5880 = PLANE ( 'NONE',  #6747 ) ;
#5881 = ORIENTED_EDGE ( 'NONE', *, *, #10811, .F. ) ;
#5882 = ORIENTED_EDGE ( 'NONE', *, *, #9392, .T. ) ;
#5883 = CARTESIAN_POINT ( 'NONE',  ( 0.000000000000000000, 0.000000000000000000, 3.000000000000000000 ) ) ;
#5884 = CARTESIAN_POINT ( 'NONE',  ( -11.50000000000000888, -35.39999999999999858, 3.000000000000000000 ) ) ;
#5885 = AXIS2_PLACEMENT_3D ( 'NONE', #2030, #3746, #7023 ) ;
#5886 = VERTEX_POINT ( 'NONE', #5271 ) ;
#5887 = VECTOR ( 'NONE', #1938, 1000.000000000000000 ) ;
#5888 = EDGE_CURVE ( 'NONE', #652, #995, #2937, .T. ) ;
#5889 = CARTESIAN_POINT ( 'NONE',  ( 2.500000000000000000, -0.2999999999999999889, 0.5000000000000000000 ) ) ;
#5890 = CARTESIAN_POINT ( 'NONE',  ( 56.50000000000000000, 21.60000000000000142, 0.5000000000000000000 ) ) ;
#5891 = PLANE ( 'NONE',  #2889 ) ;
#5892 = EDGE_CURVE ( 'NONE', #5712, #9173, #7209, .T. ) ;
#5893 = AXIS2_PLACEMENT_3D ( 'NONE', #2788, #3680, #6348 ) ;
#5894 = ORIENTED_EDGE ( 'NONE', *, *, #7664, .F. ) ;
#5895 = CARTESIAN_POINT ( 'NONE',  ( 35.50000000000000000, -0.2999999999999999889, 0.5000000000000000000 ) ) ;
#5896 = ORIENTED_EDGE ( 'NONE', *, *, #2312, .T. ) ;
#5897 = DIRECTION ( 'NONE',  ( 4.313492514189664968E-16, -1.000000000000000000, 0.000000000000000000 ) ) ;
#5898 = VERTEX_POINT ( 'NONE', #5439 ) ;
#5899 = DIRECTION ( 'NONE',  ( -1.000000000000000000, 0.000000000000000000, 0.000000000000000000 ) ) ;
#5900 = CARTESIAN_POINT ( 'NONE',  ( -9.035018104045871311E-18, 0.2000000000000000111, 1.000000000000000000 ) ) ;
#5901 = ADVANCED_FACE ( 'NONE', ( #8821 ), #10586, .T. ) ;
#5902 = CARTESIAN_POINT ( 'NONE',  ( 35.20000000000002416, -53.40000000000000568, 1.000000000000000000 ) ) ;
#5903 = DIRECTION ( 'NONE',  ( -1.000000000000000000, 0.000000000000000000, 0.000000000000000000 ) ) ;
#5904 = EDGE_LOOP ( 'NONE', ( #6462, #3821, #2509, #5193 ) ) ;
#5905 = ORIENTED_EDGE ( 'NONE', *, *, #9896, .T. ) ;
#5906 = EDGE_LOOP ( 'NONE', ( #4607, #4288, #7266, #488 ) ) ;
#5907 = DIRECTION ( 'NONE',  ( -1.000000000000000000, -4.313492514189664968E-16, 0.000000000000000000 ) ) ;
#5908 = DIRECTION ( 'NONE',  ( 0.000000000000000000, -1.000000000000000000, 0.000000000000000000 ) ) ;
#5909 = ORIENTED_EDGE ( 'NONE', *, *, #3520, .F. ) ;
#5910 = EDGE_LOOP ( 'NONE', ( #5882, #7502, #2466, #1875 ) ) ;
#5911 = CARTESIAN_POINT ( 'NONE',  ( 55.19999999999999574, 17.44999999999999929, 0.5000000000000000000 ) ) ;
#5912 = CARTESIAN_POINT ( 'NONE',  ( -5.500000000000009770, -17.40000000000000213, 3.001000000000000334 ) ) ;
#5913 = CARTESIAN_POINT ( 'NONE',  ( -3.500000000000003109, 36.39999999999999858, 1.000000000000000000 ) ) ;
#5914 =( NAMED_UNIT ( * ) SI_UNIT ( $, .STERADIAN. ) SOLID_ANGLE_UNIT ( ) );
#5915 = DIRECTION ( 'NONE',  ( 1.258870447007842698E-16, -1.000000000000000000, 0.000000000000000000 ) ) ;
#5916 = ORIENTED_EDGE ( 'NONE', *, *, #5305, .F. ) ;
#5917 = ORIENTED_EDGE ( 'NONE', *, *, #5703, .T. ) ;
#5918 = ORIENTED_EDGE ( 'NONE', *, *, #1346, .T. ) ;
#5919 = AXIS2_PLACEMENT_3D ( 'NONE', #4358, #5908, #931 ) ;
#5920 = DIRECTION ( 'NONE',  ( -1.239088197126289831E-16, 1.000000000000000000, 0.000000000000000000 ) ) ;
#5921 = FACE_OUTER_BOUND ( 'NONE', #2021, .T. ) ;
#5922 = VERTEX_POINT ( 'NONE', #2830 ) ;
#5923 = LINE ( 'NONE', #9195, #2596 ) ;
#5924 = AXIS2_PLACEMENT_3D ( 'NONE', #9657, #3725, #6947 ) ;
#5925 = DIRECTION ( 'NONE',  ( 0.000000000000000000, 0.000000000000000000, -1.000000000000000000 ) ) ;
#5926 = EDGE_CURVE ( 'NONE', #3884, #10160, #3717, .T. ) ;
#5927 = CARTESIAN_POINT ( 'NONE',  ( 51.20000000000000284, 0.2000000000000000111, 0.5000000000000000000 ) ) ;
#5928 = VECTOR ( 'NONE', #2866, 1000.000000000000000 ) ;
#5929 = CARTESIAN_POINT ( 'NONE',  ( 18.50000000000000000, -1.800000000000000044, 0.5000000000000000000 ) ) ;
#5930 = ADVANCED_FACE ( 'NONE', ( #7104 ), #10477, .F. ) ;
#5931 = DIRECTION ( 'NONE',  ( -0.000000000000000000, -0.000000000000000000, -1.000000000000000000 ) ) ;
#5932 = EDGE_CURVE ( 'NONE', #3768, #1214, #9600, .T. ) ;
#5933 = DIRECTION ( 'NONE',  ( 0.000000000000000000, 0.7071067811865425767, 0.7071067811865524577 ) ) ;
#5934 = DIRECTION ( 'NONE',  ( 0.000000000000000000, 0.000000000000000000, -1.000000000000000000 ) ) ;
#5935 = VERTEX_POINT ( 'NONE', #1178 ) ;
#5936 = EDGE_LOOP ( 'NONE', ( #9066, #1160, #6191, #3740 ) ) ;
#5937 = FACE_BOUND ( 'NONE', #8459, .T. ) ;
#5938 = CARTESIAN_POINT ( 'NONE',  ( 9.499999999999996447, -53.40000000000000568, 3.001000000000000334 ) ) ;
#5939 = VECTOR ( 'NONE', #8578, 1000.000000000000000 ) ;
#5940 = ORIENTED_EDGE ( 'NONE', *, *, #7444, .T. ) ;
#5941 = DIRECTION ( 'NONE',  ( -1.000000000000000000, 0.000000000000000000, 0.000000000000000000 ) ) ;
#5942 = EDGE_CURVE ( 'NONE', #2498, #8297, #8879, .T. ) ;
#5943 = LINE ( 'NONE', #4286, #3727 ) ;
#5944 = VECTOR ( 'NONE', #2009, 1000.000000000000000 ) ;
#5945 = PLANE ( 'NONE',  #7318 ) ;
#5946 = EDGE_CURVE ( 'NONE', #2158, #5963, #2111, .T. ) ;
#5947 = AXIS2_PLACEMENT_3D ( 'NONE', #630, #6603, #3263 ) ;
#5948 = ORIENTED_EDGE ( 'NONE', *, *, #8055, .F. ) ;
#5949 = EDGE_CURVE ( 'NONE', #8698, #4754, #2643, .T. ) ;
#5950 = DIRECTION ( 'NONE',  ( 1.000000000000000000, 0.000000000000000000, -0.000000000000000000 ) ) ;
#5951 = VERTEX_POINT ( 'NONE', #6278 ) ;
#5952 = EDGE_CURVE ( 'NONE', #4807, #6376, #9544, .T. ) ;
#5953 = DIRECTION ( 'NONE',  ( -1.000000000000000000, 0.000000000000000000, 0.000000000000000000 ) ) ;
#5954 = ORIENTED_EDGE ( 'NONE', *, *, #83, .T. ) ;
#5955 = VECTOR ( 'NONE', #7213, 1000.000000000000000 ) ;
#5956 = DIRECTION ( 'NONE',  ( -1.000000000000000000, 9.251858538542971828E-16, 0.000000000000000000 ) ) ;
#5957 = DIRECTION ( 'NONE',  ( 0.000000000000000000, 0.000000000000000000, -1.000000000000000000 ) ) ;
#5958 = EDGE_CURVE ( 'NONE', #10497, #2649, #8039, .T. ) ;
#5959 = DIRECTION ( 'NONE',  ( -1.287364360650691604E-16, -1.000000000000000000, 0.000000000000000000 ) ) ;
#5960 = CARTESIAN_POINT ( 'NONE',  ( 0.4999999999999882871, -17.40000000000000213, 3.001000000000000334 ) ) ;
#5961 = AXIS2_PLACEMENT_3D ( 'NONE', #9142, #10020, #4044 ) ;
#5962 = VERTEX_POINT ( 'NONE', #8655 ) ;
#5963 = VERTEX_POINT ( 'NONE', #9486 ) ;
#5964 = ORIENTED_EDGE ( 'NONE', *, *, #6368, .F. ) ;
#5965 = DIRECTION ( 'NONE',  ( -4.313492514189664968E-16, 1.000000000000000000, 0.000000000000000000 ) ) ;
#5966 = DIRECTION ( 'NONE',  ( 0.000000000000000000, 0.000000000000000000, 1.000000000000000000 ) ) ;
#5967 = ORIENTED_EDGE ( 'NONE', *, *, #6322, .F. ) ;
#5968 = VERTEX_POINT ( 'NONE', #1233 ) ;
#5969 = EDGE_CURVE ( 'NONE', #3475, #6938, #8707, .T. ) ;
#5970 = CARTESIAN_POINT ( 'NONE',  ( 50.79999999999998295, -10.00000000000000888, -7.500000000000000888 ) ) ;
#5971 = LINE ( 'NONE', #4310, #6481 ) ;
#5972 = EDGE_CURVE ( 'NONE', #9890, #7546, #1894, .T. ) ;
#5973 = DIRECTION ( 'NONE',  ( 0.7071067811865562325, 0.000000000000000000, 0.7071067811865388020 ) ) ;
#5974 = VECTOR ( 'NONE', #3869, 1000.000000000000000 ) ;
#5975 = APPLICATION_PROTOCOL_DEFINITION ( 'draft international standard', 'automotive_design', 1998, #5482 ) ;
#5976 = DIRECTION ( 'NONE',  ( -0.000000000000000000, -0.000000000000000000, -1.000000000000000000 ) ) ;
#5977 = ORIENTED_EDGE ( 'NONE', *, *, #8951, .F. ) ;
#5978 = ORIENTED_EDGE ( 'NONE', *, *, #5453, .F. ) ;
#5979 = ORIENTED_EDGE ( 'NONE', *, *, #2113, .T. ) ;
#5980 = CARTESIAN_POINT ( 'NONE',  ( 56.50000000000000000, 5.950000000000000178, -1.000000000000000000 ) ) ;
#5981 = CARTESIAN_POINT ( 'NONE',  ( 6.499999999999993783, -50.39999999999999858, 3.000000000000000000 ) ) ;
#5982 = AXIS2_PLACEMENT_3D ( 'NONE', #5340, #7060, #8717 ) ;
#5983 = ORIENTED_EDGE ( 'NONE', *, *, #9532, .T. ) ;
#5984 = EDGE_CURVE ( 'NONE', #4377, #22, #4438, .T. ) ;
#5985 = LINE ( 'NONE', #6041, #9688 ) ;
#5986 = AXIS2_PLACEMENT_3D ( 'NONE', #9541, #9703, #1947 ) ;
#5987 = CARTESIAN_POINT ( 'NONE',  ( 19.50000000000000000, 26.59164599332849832, -13.00000000000000000 ) ) ;
#5988 = DIRECTION ( 'NONE',  ( 1.000000000000000000, 0.000000000000000000, 0.000000000000000000 ) ) ;
#5989 = AXIS2_PLACEMENT_3D ( 'NONE', #2929, #7263, #9756 ) ;
#5990 = CARTESIAN_POINT ( 'NONE',  ( 19.50000000000000000, -0.9916459933285248773, -13.00000000000000000 ) ) ;
#5991 = DIRECTION ( 'NONE',  ( 0.8571673007021113344, 1.049727191138617463E-16, -0.5150380749100558209 ) ) ;
#5992 = VECTOR ( 'NONE', #5122, 1000.000000000000000 ) ;
#5993 = ORIENTED_EDGE ( 'NONE', *, *, #1663, .T. ) ;
#5994 = DIRECTION ( 'NONE',  ( 1.000000000000000000, 0.000000000000000000, 0.000000000000000000 ) ) ;
#5995 = EDGE_CURVE ( 'NONE', #10700, #4807, #3773, .T. ) ;
#5996 = DIRECTION ( 'NONE',  ( 0.000000000000000000, 1.000000000000000000, -0.000000000000000000 ) ) ;
#5997 = ORIENTED_EDGE ( 'NONE', *, *, #2473, .T. ) ;
#5998 = ORIENTED_EDGE ( 'NONE', *, *, #7980, .F. ) ;
#5999 = DIRECTION ( 'NONE',  ( 1.000000000000000000, 0.000000000000000000, -0.000000000000000000 ) ) ;
#6000 = CARTESIAN_POINT ( 'NONE',  ( 55.19999999999999574, 11.44999999999999929, 1.000000000000000000 ) ) ;
#6001 = VECTOR ( 'NONE', #8009, 1000.000000000000000 ) ;
#6002 = CARTESIAN_POINT ( 'NONE',  ( 0.4999999999999917843, -50.39999999999999858, 3.001000000000000334 ) ) ;
#6003 = VECTOR ( 'NONE', #6302, 1000.000000000000000 ) ;
#6004 = LINE ( 'NONE', #7719, #5679 ) ;
#6005 = LINE ( 'NONE', #964, #7489 ) ;
#6006 = DIRECTION ( 'NONE',  ( 1.000000000000000000, 1.007096357606274060E-16, -0.000000000000000000 ) ) ;
#6007 = ORIENTED_EDGE ( 'NONE', *, *, #8192, .F. ) ;
#6008 = ORIENTED_EDGE ( 'NONE', *, *, #6240, .T. ) ;
#6009 = CIRCLE ( 'NONE', #6188, 1.549999999999999378 ) ;
#6010 = ORIENTED_EDGE ( 'NONE', *, *, #8593, .F. ) ;
#6011 = DIRECTION ( 'NONE',  ( -1.000000000000000000, 0.000000000000000000, 0.000000000000000000 ) ) ;
#6012 = ORIENTED_EDGE ( 'NONE', *, *, #9050, .F. ) ;
#6013 = LINE ( 'NONE', #864, #1578 ) ;
#6014 = PLANE ( 'NONE',  #8004 ) ;
#6015 = LINE ( 'NONE', #93, #66 ) ;
#6016 = EDGE_CURVE ( 'NONE', #219, #6140, #6995, .T. ) ;
#6017 = LINE ( 'NONE', #975, #9311 ) ;
#6018 = VECTOR ( 'NONE', #7535, 1000.000000000000000 ) ;
#6019 = ORIENTED_EDGE ( 'NONE', *, *, #528, .F. ) ;
#6020 = ORIENTED_EDGE ( 'NONE', *, *, #3372, .T. ) ;
#6021 = ORIENTED_EDGE ( 'NONE', *, *, #1840, .F. ) ;
#6022 = CARTESIAN_POINT ( 'NONE',  ( -0.2999999999999924949, 6.949999999999999289, -7.799999999999999822 ) ) ;
#6023 = CARTESIAN_POINT ( 'NONE',  ( 27.50000000000000000, -0.2999999999999999889, -13.00000000000000000 ) ) ;
#6024 = ORIENTED_EDGE ( 'NONE', *, *, #6322, .T. ) ;
#6025 = ORIENTED_EDGE ( 'NONE', *, *, #9764, .F. ) ;
#6026 = DIRECTION ( 'NONE',  ( 0.000000000000000000, 0.000000000000000000, 1.000000000000000000 ) ) ;
#6027 = CARTESIAN_POINT ( 'NONE',  ( 54.69999999999999574, 6.949999999999999289, 1.000000000000000000 ) ) ;
#6028 = AXIS2_PLACEMENT_3D ( 'NONE', #8467, #771, #10006 ) ;
#6029 = PRODUCT_CONTEXT ( 'NONE', #4559, 'mechanical' ) ;
#6030 = PLANE ( 'NONE',  #1691 ) ;
#6031 = EDGE_CURVE ( 'NONE', #1878, #10327, #2644, .T. ) ;
#6032 = ORIENTED_EDGE ( 'NONE', *, *, #5453, .T. ) ;
#6033 = ADVANCED_FACE ( 'NONE', ( #9920 ), #3710, .F. ) ;
#6034 = ORIENTED_EDGE ( 'NONE', *, *, #8902, .T. ) ;
#6035 = AXIS2_PLACEMENT_3D ( 'NONE', #4844, #6399, #10763 ) ;
#6036 = VERTEX_POINT ( 'NONE', #9968 ) ;
#6037 = CIRCLE ( 'NONE', #7093, 4.000000000000002665 ) ;
#6038 = CARTESIAN_POINT ( 'NONE',  ( -3.500000000000003109, -95.40000000000000568, 1.000000000000000000 ) ) ;
#6039 = LINE ( 'NONE', #7810, #8867 ) ;
#6040 = ORIENTED_EDGE ( 'NONE', *, *, #4127, .F. ) ;
#6041 = CARTESIAN_POINT ( 'NONE',  ( -3.500000000000002665, -94.39999999999996305, -4.000000000000000000 ) ) ;
#6042 = PLANE ( 'NONE',  #1768 ) ;
#6043 = AXIS2_PLACEMENT_3D ( 'NONE', #7996, #8164, #10753 ) ;
#6044 = CARTESIAN_POINT ( 'NONE',  ( 38.20000000000000995, -35.39999999999999858, 1.000000000000000000 ) ) ;
#6045 = DIRECTION ( 'NONE',  ( -1.000000000000000000, 0.000000000000000000, 0.000000000000000000 ) ) ;
#6046 = EDGE_CURVE ( 'NONE', #8416, #10327, #7615, .T. ) ;
#6047 = DIRECTION ( 'NONE',  ( -1.000000000000000000, 0.000000000000000000, 0.000000000000000000 ) ) ;
#6048 = EDGE_LOOP ( 'NONE', ( #189, #3682, #5297, #7968 ) ) ;
#6049 = SURFACE_STYLE_USAGE ( .BOTH. , #7044 ) ;
#6050 = LINE ( 'NONE', #2769, #9922 ) ;
#6051 = ORIENTED_EDGE ( 'NONE', *, *, #187, .T. ) ;
#6052 = EDGE_LOOP ( 'NONE', ( #9304, #8282, #10303, #10514 ) ) ;
#6053 = DIRECTION ( 'NONE',  ( 0.8571673007021125557, 1.049727191138618942E-16, -0.5150380749100536004 ) ) ;
#6054 = DIRECTION ( 'NONE',  ( -0.000000000000000000, 0.000000000000000000, -1.000000000000000000 ) ) ;
#6055 = PLANE ( 'NONE',  #9546 ) ;
#6056 = DIRECTION ( 'NONE',  ( 0.000000000000000000, 0.000000000000000000, -1.000000000000000000 ) ) ;
#6057 = CARTESIAN_POINT ( 'NONE',  ( 19.50000000000000000, -2.272520068876680011, 0.02826803116136170080 ) ) ;
#6058 = CARTESIAN_POINT ( 'NONE',  ( 19.50000000000000000, -3.272120448235484869, 1.000000000000000000 ) ) ;
#6059 = AXIS2_PLACEMENT_3D ( 'NONE', #4582, #2859, #8684 ) ;
#6060 = LINE ( 'NONE', #5170, #628 ) ;
#6061 = VECTOR ( 'NONE', #445, 1000.000000000000000 ) ;
#6062 = ORIENTED_EDGE ( 'NONE', *, *, #8550, .F. ) ;
#6063 = LINE ( 'NONE', #9224, #1730 ) ;
#6064 = ORIENTED_EDGE ( 'NONE', *, *, #3722, .F. ) ;
#6065 = DIRECTION ( 'NONE',  ( 1.000000000000000000, 4.336808689942015271E-16, 0.000000000000000000 ) ) ;
#6066 = EDGE_CURVE ( 'NONE', #6701, #1589, #1450, .T. ) ;
#6067 = DIRECTION ( 'NONE',  ( 0.000000000000000000, 1.000000000000000000, 0.000000000000000000 ) ) ;
#6068 = VECTOR ( 'NONE', #6085, 1000.000000000000000 ) ;
#6069 = VECTOR ( 'NONE', #253, 1000.000000000000000 ) ;
#6070 = CARTESIAN_POINT ( 'NONE',  ( -3.299999999999999822, 17.44999999999999929, 1.000000000000000000 ) ) ;
#6071 = CARTESIAN_POINT ( 'NONE',  ( 2.500000000000000000, 23.09999999999999787, -1.000000000000000000 ) ) ;
#6072 = EDGE_LOOP ( 'NONE', ( #9670, #904, #4264, #4848 ) ) ;
#6073 = ORIENTED_EDGE ( 'NONE', *, *, #1380, .F. ) ;
#6074 = EDGE_CURVE ( 'NONE', #10713, #1391, #1942, .T. ) ;
#6075 = ORIENTED_EDGE ( 'NONE', *, *, #6566, .F. ) ;
#6076 = CARTESIAN_POINT ( 'NONE',  ( 0.2000000000000155265, 8.626985028379989374E-17, 0.5000000000000000000 ) ) ;
#6077 = CARTESIAN_POINT ( 'NONE',  ( 32.03000000000000114, 12.80000000000000071, 3.000000000000000000 ) ) ;
#6078 = ORIENTED_EDGE ( 'NONE', *, *, #2370, .F. ) ;
#6079 = VECTOR ( 'NONE', #2629, 1000.000000000000000 ) ;
#6080 = ORIENTED_EDGE ( 'NONE', *, *, #9409, .F. ) ;
#6081 = LINE ( 'NONE', #1866, #8647 ) ;
#6082 = EDGE_CURVE ( 'NONE', #5295, #7711, #7320, .T. ) ;
#6083 = DIRECTION ( 'NONE',  ( -0.000000000000000000, -0.000000000000000000, -1.000000000000000000 ) ) ;
#6084 = EDGE_CURVE ( 'NONE', #6717, #3359, #1395, .T. ) ;
#6085 = DIRECTION ( 'NONE',  ( -0.000000000000000000, -0.000000000000000000, -1.000000000000000000 ) ) ;
#6086 = AXIS2_PLACEMENT_3D ( 'NONE', #6887, #6670, #6782 ) ;
#6087 = DIRECTION ( 'NONE',  ( -1.000000000000000000, 0.000000000000000000, 0.000000000000000000 ) ) ;
#6088 = VERTEX_POINT ( 'NONE', #8932 ) ;
#6089 = EDGE_CURVE ( 'NONE', #9556, #7438, #10799, .T. ) ;
#6090 = ORIENTED_EDGE ( 'NONE', *, *, #7229, .T. ) ;
#6091 = EDGE_LOOP ( 'NONE', ( #7328, #3034, #1425, #5403, #4587 ) ) ;
#6092 = CARTESIAN_POINT ( 'NONE',  ( 35.50000000000000000, -1.300000000000000044, 3.000000000000000000 ) ) ;
#6093 = CARTESIAN_POINT ( 'NONE',  ( 49.79999999999998295, -76.00000000000001421, -7.500000000000000888 ) ) ;
#6094 = EDGE_CURVE ( 'NONE', #1888, #2550, #6384, .T. ) ;
#6095 = ORIENTED_EDGE ( 'NONE', *, *, #9626, .T. ) ;
#6096 = EDGE_CURVE ( 'NONE', #10781, #6352, #6371, .T. ) ;
#6097 = CARTESIAN_POINT ( 'NONE',  ( -18.49999999999998934, -95.40000000000000568, 1.000000000000000000 ) ) ;
#6098 = CARTESIAN_POINT ( 'NONE',  ( 34.50000000000000000, -0.2999999999999999889, 1.000000000000000000 ) ) ;
#6099 = EDGE_CURVE ( 'NONE', #4352, #1865, #9865, .T. ) ;
#6100 = CYLINDRICAL_SURFACE ( 'NONE', #3759, 5.299999999999998934 ) ;
#6101 = EDGE_CURVE ( 'NONE', #10251, #4516, #2166, .T. ) ;
#6102 = DIRECTION ( 'NONE',  ( -1.000000000000000000, 0.000000000000000000, 0.000000000000000000 ) ) ;
#6103 = AXIS2_PLACEMENT_3D ( 'NONE', #8890, #635, #1460 ) ;
#6104 = LINE ( 'NONE', #3597, #2238 ) ;
#6105 = ORIENTED_EDGE ( 'NONE', *, *, #7661, .T. ) ;
#6106 = CARTESIAN_POINT ( 'NONE',  ( 0.4999999999999935052, -53.40000000000000568, 3.001000000000000334 ) ) ;
#6107 = LINE ( 'NONE', #9478, #10801 ) ;
#6108 = VERTEX_POINT ( 'NONE', #10691 ) ;
#6109 = ORIENTED_EDGE ( 'NONE', *, *, #477, .F. ) ;
#6110 = CARTESIAN_POINT ( 'NONE',  ( 60.20000000000001705, 34.39999999999999858, -4.000000000000000000 ) ) ;
#6111 = LINE ( 'NONE', #7877, #6627 ) ;
#6112 = EDGE_CURVE ( 'NONE', #9752, #7476, #2275, .T. ) ;
#6113 = DIRECTION ( 'NONE',  ( 0.000000000000000000, -1.000000000000000000, 0.000000000000000000 ) ) ;
#6114 = VECTOR ( 'NONE', #8243, 1000.000000000000000 ) ;
#6115 = VECTOR ( 'NONE', #5915, 1000.000000000000000 ) ;
#6116 = EDGE_CURVE ( 'NONE', #1836, #1592, #1501, .T. ) ;
#6117 = DIRECTION ( 'NONE',  ( -0.000000000000000000, -0.000000000000000000, -1.000000000000000000 ) ) ;
#6118 = AXIS2_PLACEMENT_3D ( 'NONE', #9272, #918, #10822 ) ;
#6119 = LINE ( 'NONE', #10426, #6616 ) ;
#6120 = DIRECTION ( 'NONE',  ( -0.4226182617407039377, 0.000000000000000000, -0.9063077870366479383 ) ) ;
#6121 = DIRECTION ( 'NONE',  ( -1.287364360650691604E-16, -1.000000000000000000, 0.000000000000000000 ) ) ;
#6122 = ORIENTED_EDGE ( 'NONE', *, *, #5356, .F. ) ;
#6123 = CARTESIAN_POINT ( 'NONE',  ( -2.299999999999999822, -1.662443331144435120E-16, 0.000000000000000000 ) ) ;
#6124 = ORIENTED_EDGE ( 'NONE', *, *, #1191, .F. ) ;
#6125 = ADVANCED_FACE ( 'NONE', ( #9144 ), #3102, .F. ) ;
#6126 = CARTESIAN_POINT ( 'NONE',  ( 9.499999999999992895, -32.39999999999999858, 3.000000000000000000 ) ) ;
#6127 = VECTOR ( 'NONE', #935, 1000.000000000000000 ) ;
#6128 = CARTESIAN_POINT ( 'NONE',  ( 2.500000000000039968, -1.800000000000000044, 1.000000000000000000 ) ) ;
#6129 = AXIS2_PLACEMENT_3D ( 'NONE', #4834, #4775, #2331 ) ;
#6130 = CARTESIAN_POINT ( 'NONE',  ( 70.20000000000000284, -83.40000000000000568, -4.000000000000000000 ) ) ;
#6131 = CARTESIAN_POINT ( 'NONE',  ( 54.69999999999999574, 0.000000000000000000, 0.5000000000000000000 ) ) ;
#6132 = ORIENTED_EDGE ( 'NONE', *, *, #2833, .T. ) ;
#6133 = ORIENTED_EDGE ( 'NONE', *, *, #1275, .F. ) ;
#6134 = CIRCLE ( 'NONE', #5067, 0.5000000000000000000 ) ;
#6135 = ORIENTED_EDGE ( 'NONE', *, *, #5397, .F. ) ;
#6136 = DIRECTION ( 'NONE',  ( 0.000000000000000000, -1.000000000000000000, 0.000000000000000000 ) ) ;
#6137 = EDGE_CURVE ( 'NONE', #6397, #1700, #4721, .T. ) ;
#6138 = AXIS2_PLACEMENT_3D ( 'NONE', #7094, #8755, #1167 ) ;
#6139 = DIRECTION ( 'NONE',  ( 1.000000000000000000, 0.000000000000000000, 0.000000000000000000 ) ) ;
#6140 = VERTEX_POINT ( 'NONE', #5603 ) ;
#6141 = ORIENTED_EDGE ( 'NONE', *, *, #8934, .T. ) ;
#6142 = CARTESIAN_POINT ( 'NONE',  ( 15.49999999999999289, -78.39999999999996305, -1.000000000000000888 ) ) ;
#6143 = CARTESIAN_POINT ( 'NONE',  ( 35.50000000000000000, -1.800000000000000044, 0.5000000000000000000 ) ) ;
#6144 = CARTESIAN_POINT ( 'NONE',  ( 3.499999999999991118, -35.39999999999999858, 3.000000000000000000 ) ) ;
#6145 = DIRECTION ( 'NONE',  ( 0.000000000000000000, 1.000000000000000000, -0.000000000000000000 ) ) ;
#6146 = EDGE_LOOP ( 'NONE', ( #6258, #3796, #3396, #4779 ) ) ;
#6147 = ORIENTED_EDGE ( 'NONE', *, *, #1341, .T. ) ;
#6148 = ORIENTED_EDGE ( 'NONE', *, *, #5632, .T. ) ;
#6149 = CYLINDRICAL_SURFACE ( 'NONE', #8822, 0.5000000000000004441 ) ;
#6150 = PLANE ( 'NONE',  #10345 ) ;
#6151 = ORIENTED_EDGE ( 'NONE', *, *, #10138, .T. ) ;
#6152 = VECTOR ( 'NONE', #115, 1000.000000000000000 ) ;
#6153 = LINE ( 'NONE', #6928, #5251 ) ;
#6154 = DIRECTION ( 'NONE',  ( 0.000000000000000000, -1.000000000000000000, 0.000000000000000000 ) ) ;
#6155 = FACE_OUTER_BOUND ( 'NONE', #2728, .T. ) ;
#6156 = FACE_OUTER_BOUND ( 'NONE', #6911, .T. ) ;
#6157 = EDGE_CURVE ( 'NONE', #9387, #8545, #623, .T. ) ;
#6158 = LINE ( 'NONE', #8697, #5528 ) ;
#6159 = CIRCLE ( 'NONE', #4915, 0.5000000000000000000 ) ;
#6160 = VERTEX_POINT ( 'NONE', #511 ) ;
#6161 = CARTESIAN_POINT ( 'NONE',  ( 0.000000000000000000, -3.272120448235484869, 1.000000000000000000 ) ) ;
#6162 = VERTEX_POINT ( 'NONE', #3991 ) ;
#6163 = VERTEX_POINT ( 'NONE', #7430 ) ;
#6164 = PLANE ( 'NONE',  #5986 ) ;
#6165 = CARTESIAN_POINT ( 'NONE',  ( 44.20000000000000995, -35.39999999999999858, 3.001000000000000334 ) ) ;
#6166 = DIRECTION ( 'NONE',  ( -1.000000000000000000, 0.000000000000000000, 0.000000000000000000 ) ) ;
#6167 = VECTOR ( 'NONE', #7819, 1000.000000000000000 ) ;
#6168 = EDGE_CURVE ( 'NONE', #2633, #6207, #8313, .T. ) ;
#6169 = CARTESIAN_POINT ( 'NONE',  ( 6.499999999999993783, -32.39999999999999858, 1.000000000000000000 ) ) ;
#6170 = AXIS2_PLACEMENT_3D ( 'NONE', #4309, #10283, #5240 ) ;
#6171 = LINE ( 'NONE', #4614, #6265 ) ;
#6172 = EDGE_CURVE ( 'NONE', #3414, #4330, #4245, .T. ) ;
#6173 = ADVANCED_FACE ( 'NONE', ( #4214 ), #9253, .F. ) ;
#6174 = CARTESIAN_POINT ( 'NONE',  ( 38.20000000000000995, -68.40000000000000568, 1.000000000000000000 ) ) ;
#6175 = EDGE_CURVE ( 'NONE', #9377, #2852, #2486, .T. ) ;
#6176 = VECTOR ( 'NONE', #2463, 1000.000000000000000 ) ;
#6177 = CARTESIAN_POINT ( 'NONE',  ( -8.500000000000008882, -35.39999999999999858, 3.000000000000000000 ) ) ;
#6178 = ORIENTED_EDGE ( 'NONE', *, *, #4186, .T. ) ;
#6179 = CARTESIAN_POINT ( 'NONE',  ( 6.499999999999997335, -53.40000000000000568, 3.001000000000000334 ) ) ;
#6180 = ORIENTED_EDGE ( 'NONE', *, *, #4323, .F. ) ;
#6181 = VECTOR ( 'NONE', #10556, 1000.000000000000000 ) ;
#6182 = CARTESIAN_POINT ( 'NONE',  ( 60.20000000000003126, -93.39999999999999147, 1.000000000000000000 ) ) ;
#6183 = EDGE_CURVE ( 'NONE', #6848, #9415, #6762, .T. ) ;
#6184 = DIRECTION ( 'NONE',  ( -0.000000000000000000, -1.000000000000000000, -0.000000000000000000 ) ) ;
#6185 = DIRECTION ( 'NONE',  ( -1.000000000000000000, -1.084202172485503818E-16, 0.000000000000000000 ) ) ;
#6186 = VECTOR ( 'NONE', #8958, 1000.000000000000000 ) ;
#6187 = FACE_OUTER_BOUND ( 'NONE', #7843, .T. ) ;
#6188 = AXIS2_PLACEMENT_3D ( 'NONE', #3841, #5342, #2068 ) ;
#6189 = EDGE_CURVE ( 'NONE', #8202, #2476, #2428, .T. ) ;
#6190 = ORIENTED_EDGE ( 'NONE', *, *, #8472, .T. ) ;
#6191 = ORIENTED_EDGE ( 'NONE', *, *, #5001, .F. ) ;
#6192 = VERTEX_POINT ( 'NONE', #3483 ) ;
#6193 = PLANE ( 'NONE',  #3874 ) ;
#6194 = ORIENTED_EDGE ( 'NONE', *, *, #8670, .F. ) ;
#6195 = ORIENTED_EDGE ( 'NONE', *, *, #4541, .T. ) ;
#6196 = DIRECTION ( 'NONE',  ( 0.000000000000000000, 0.000000000000000000, 1.000000000000000000 ) ) ;
#6197 = CARTESIAN_POINT ( 'NONE',  ( 71.20000000000000284, -83.40000000000000568, -4.000000000000000000 ) ) ;
#6198 = EDGE_CURVE ( 'NONE', #6296, #6922, #7702, .T. ) ;
#6199 = DIRECTION ( 'NONE',  ( 1.000000000000000000, 0.000000000000000000, 0.000000000000000000 ) ) ;
#6200 = VECTOR ( 'NONE', #1218, 1000.000000000000000 ) ;
#6201 = DIRECTION ( 'NONE',  ( -0.000000000000000000, -1.000000000000000000, -0.000000000000000000 ) ) ;
#6202 = EDGE_LOOP ( 'NONE', ( #10238, #2092, #5262, #3385 ) ) ;
#6203 = ORIENTED_EDGE ( 'NONE', *, *, #7319, .T. ) ;
#6204 = VERTEX_POINT ( 'NONE', #999 ) ;
#6205 = FACE_BOUND ( 'NONE', #2134, .T. ) ;
#6206 = LINE ( 'NONE', #2757, #3981 ) ;
#6207 = VERTEX_POINT ( 'NONE', #9420 ) ;
#6208 = VECTOR ( 'NONE', #660, 1000.000000000000000 ) ;
#6209 = LINE ( 'NONE', #4535, #10386 ) ;
#6210 = CARTESIAN_POINT ( 'NONE',  ( 11.49999999999997868, -64.40000000000000568, 1.000000000000000000 ) ) ;
#6211 = CARTESIAN_POINT ( 'NONE',  ( 0.2000000000000055067, 23.09999999999999787, 1.000000000000000000 ) ) ;
#6212 = DIRECTION ( 'NONE',  ( 0.000000000000000000, 0.000000000000000000, 1.000000000000000000 ) ) ;
#6213 = CIRCLE ( 'NONE', #4789, 5.000000000000000000 ) ;
#6214 = CIRCLE ( 'NONE', #7448, 5.000000000000000000 ) ;
#6215 = CARTESIAN_POINT ( 'NONE',  ( 68.20000000000001705, -68.40000000000000568, 1.000000000000000000 ) ) ;
#6216 = ORIENTED_EDGE ( 'NONE', *, *, #8328, .F. ) ;
#6217 = ORIENTED_EDGE ( 'NONE', *, *, #7746, .T. ) ;
#6218 = DIRECTION ( 'NONE',  ( 0.000000000000000000, -1.000000000000000000, 0.000000000000000000 ) ) ;
#6219 = DIRECTION ( 'NONE',  ( 0.000000000000000000, 0.000000000000000000, -1.000000000000000000 ) ) ;
#6220 = EDGE_CURVE ( 'NONE', #3625, #2590, #1717, .T. ) ;
#6221 = VERTEX_POINT ( 'NONE', #3320 ) ;
#6222 = ORIENTED_EDGE ( 'NONE', *, *, #1139, .T. ) ;
#6223 = CARTESIAN_POINT ( 'NONE',  ( 2.500000000000000000, 0.2000000000000000111, 0.5000000000000000000 ) ) ;
#6224 = CARTESIAN_POINT ( 'NONE',  ( 54.69999999999999574, 10.44999999999999929, 1.000000000000000000 ) ) ;
#6225 = CARTESIAN_POINT ( 'NONE',  ( 0.000000000000000000, 6.949999999999999289, -13.00000000000000000 ) ) ;
#6226 = VECTOR ( 'NONE', #8701, 1000.000000000000000 ) ;
#6227 = EDGE_CURVE ( 'NONE', #8017, #7412, #8843, .T. ) ;
#6228 = CARTESIAN_POINT ( 'NONE',  ( -2.500000000000006661, -53.40000000000000568, 3.001000000000000334 ) ) ;
#6229 = LINE ( 'NONE', #8044, #774 ) ;
#6230 = DIRECTION ( 'NONE',  ( -1.000000000000000000, 0.000000000000000000, 0.000000000000000000 ) ) ;
#6231 = FACE_OUTER_BOUND ( 'NONE', #6689, .T. ) ;
#6232 = ADVANCED_FACE ( 'NONE', ( #7652 ), #6042, .F. ) ;
#6233 = ORIENTED_EDGE ( 'NONE', *, *, #420, .T. ) ;
#6234 = CYLINDRICAL_SURFACE ( 'NONE', #2431, 2.999999999999999112 ) ;
#6235 = EDGE_LOOP ( 'NONE', ( #138, #7042, #2255, #5546 ) ) ;
#6236 = EDGE_CURVE ( 'NONE', #6810, #4698, #4774, .T. ) ;
#6237 = DIRECTION ( 'NONE',  ( -1.000000000000000000, 0.000000000000000000, 0.000000000000000000 ) ) ;
#6238 = DIRECTION ( 'NONE',  ( 0.000000000000000000, 0.000000000000000000, 1.000000000000000000 ) ) ;
#6239 = FACE_OUTER_BOUND ( 'NONE', #4478, .T. ) ;
#6240 = EDGE_CURVE ( 'NONE', #6342, #9105, #8363, .T. ) ;
#6241 = CARTESIAN_POINT ( 'NONE',  ( 6.700000000000000178, 10.92500000000000071, 3.000000000000000000 ) ) ;
#6242 = ORIENTED_EDGE ( 'NONE', *, *, #575, .F. ) ;
#6243 = ORIENTED_EDGE ( 'NONE', *, *, #518, .F. ) ;
#6244 = EDGE_LOOP ( 'NONE', ( #6437, #1753, #2650, #9518 ) ) ;
#6245 = DIRECTION ( 'NONE',  ( -1.000000000000000000, 0.000000000000000000, 0.000000000000000000 ) ) ;
#6246 = ORIENTED_EDGE ( 'NONE', *, *, #6784, .F. ) ;
#6247 = EDGE_LOOP ( 'NONE', ( #7027, #428, #415, #3985 ) ) ;
#6248 = DIRECTION ( 'NONE',  ( -0.000000000000000000, -0.000000000000000000, -1.000000000000000000 ) ) ;
#6249 = DIRECTION ( 'NONE',  ( 1.000000000000000000, -0.000000000000000000, 0.000000000000000000 ) ) ;
#6250 = VECTOR ( 'NONE', #7421, 1000.000000000000000 ) ;
#6251 = VECTOR ( 'NONE', #9369, 1000.000000000000000 ) ;
#6252 = ADVANCED_FACE ( 'NONE', ( #10135 ), #2598, .F. ) ;
#6253 = CARTESIAN_POINT ( 'NONE',  ( 9.499999999999992895, -32.39999999999999858, 3.001000000000000334 ) ) ;
#6254 = CARTESIAN_POINT ( 'NONE',  ( 3.499999999999987566, -32.39999999999999858, 3.000000000000000000 ) ) ;
#6255 = ORIENTED_EDGE ( 'NONE', *, *, #8864, .F. ) ;
#6256 = AXIS2_PLACEMENT_3D ( 'NONE', #3202, #10339, #2533 ) ;
#6257 = CIRCLE ( 'NONE', #8555, 0.5000000000000000000 ) ;
#6258 = ORIENTED_EDGE ( 'NONE', *, *, #7995, .T. ) ;
#6259 = ORIENTED_EDGE ( 'NONE', *, *, #389, .F. ) ;
#6260 = FACE_BOUND ( 'NONE', #2078, .T. ) ;
#6261 = CARTESIAN_POINT ( 'NONE',  ( 3.079999999999999627, 22.91999999999999815, 3.000000000000000000 ) ) ;
#6262 = ORIENTED_EDGE ( 'NONE', *, *, #7444, .F. ) ;
#6263 = CARTESIAN_POINT ( 'NONE',  ( -2.299999999999999822, 11.44999999999999929, -14.00000000000000000 ) ) ;
#6264 = LINE ( 'NONE', #7975, #2116 ) ;
#6265 = VECTOR ( 'NONE', #3720, 1000.000000000000000 ) ;
#6266 = LINE ( 'NONE', #6044, #4830 ) ;
#6267 = DIRECTION ( 'NONE',  ( -1.000000000000000000, 0.000000000000000000, 0.000000000000000000 ) ) ;
#6268 = DIRECTION ( 'NONE',  ( 0.000000000000000000, 0.000000000000000000, 1.000000000000000000 ) ) ;
#6269 = EDGE_LOOP ( 'NONE', ( #6738, #6203, #3436, #7085 ) ) ;
#6270 = VERTEX_POINT ( 'NONE', #9368 ) ;
#6271 = DIRECTION ( 'NONE',  ( 0.000000000000000000, -1.000000000000000000, 0.000000000000000000 ) ) ;
#6272 = FACE_OUTER_BOUND ( 'NONE', #4764, .T. ) ;
#6273 = VERTEX_POINT ( 'NONE', #9196 ) ;
#6274 = ORIENTED_EDGE ( 'NONE', *, *, #5556, .T. ) ;
#6275 = CARTESIAN_POINT ( 'NONE',  ( 38.20000000000000995, -32.39999999999999858, 1.000000000000000000 ) ) ;
#6276 = CARTESIAN_POINT ( 'NONE',  ( 32.49999999999998579, -18.90000000000003055, 3.000000000000000000 ) ) ;
#6277 = ADVANCED_FACE ( 'NONE', ( #6653 ), #1607, .T. ) ;
#6278 = CARTESIAN_POINT ( 'NONE',  ( 34.50000000000000000, 25.89999999999999858, 0.5000000000000000000 ) ) ;
#6279 = DIRECTION ( 'NONE',  ( 0.000000000000000000, 0.000000000000000000, 1.000000000000000000 ) ) ;
#6280 = EDGE_CURVE ( 'NONE', #9966, #1888, #4271, .T. ) ;
#6281 = CARTESIAN_POINT ( 'NONE',  ( 65.20000000000001705, -17.40000000000000213, 1.000000000000000000 ) ) ;
#6282 = CARTESIAN_POINT ( 'NONE',  ( 19.50000000000000000, 27.83521725564219906, -0.9329137320915459330 ) ) ;
#6283 = DIRECTION ( 'NONE',  ( 9.251858538542971828E-16, 1.000000000000000000, -0.000000000000000000 ) ) ;
#6284 = ORIENTED_EDGE ( 'NONE', *, *, #4255, .T. ) ;
#6285 = FACE_OUTER_BOUND ( 'NONE', #3007, .T. ) ;
#6286 = VECTOR ( 'NONE', #1350, 1000.000000000000000 ) ;
#6287 = EDGE_LOOP ( 'NONE', ( #8495, #6493, #7692, #8650 ) ) ;
#6288 = CARTESIAN_POINT ( 'NONE',  ( -2.500000000000006661, -68.40000000000000568, 3.000000000000000000 ) ) ;
#6289 = VECTOR ( 'NONE', #1846, 1000.000000000000000 ) ;
#6290 = CARTESIAN_POINT ( 'NONE',  ( 51.20000000000000284, 4.000000000000000000, 0.5000000000000000000 ) ) ;
#6291 = CARTESIAN_POINT ( 'NONE',  ( 19.50000000000000000, 27.43078173849590229, -13.00000000000000000 ) ) ;
#6292 = LINE ( 'NONE', #2072, #6069 ) ;
#6293 = VECTOR ( 'NONE', #4653, 1000.000000000000000 ) ;
#6294 = EDGE_CURVE ( 'NONE', #5742, #6036, #117, .T. ) ;
#6295 = EDGE_CURVE ( 'NONE', #7289, #8987, #2543, .T. ) ;
#6296 = VERTEX_POINT ( 'NONE', #5987 ) ;
#6297 = EDGE_LOOP ( 'NONE', ( #2266, #549, #2675, #8997 ) ) ;
#6298 = ORIENTED_EDGE ( 'NONE', *, *, #8728, .T. ) ;
#6299 = DIRECTION ( 'NONE',  ( -1.000000000000000000, 0.000000000000000000, 0.000000000000000000 ) ) ;
#6300 = EDGE_LOOP ( 'NONE', ( #7805, #534, #8023, #8505 ) ) ;
#6301 = ORIENTED_EDGE ( 'NONE', *, *, #9429, .T. ) ;
#6302 = DIRECTION ( 'NONE',  ( -1.000000000000000000, 0.000000000000000000, 0.000000000000000000 ) ) ;
#6303 = DIRECTION ( 'NONE',  ( 1.000000000000000000, 0.000000000000000000, 0.000000000000000000 ) ) ;
#6304 = AXIS2_PLACEMENT_3D ( 'NONE', #10559, #9019, #5576 ) ;
#6305 = CARTESIAN_POINT ( 'NONE',  ( 54.69999999999999574, 0.000000000000000000, 0.5000000000000000000 ) ) ;
#6306 = VECTOR ( 'NONE', #186, 1000.000000000000000 ) ;
#6307 = CARTESIAN_POINT ( 'NONE',  ( 1.199999999999999956, 6.949999999999999289, 5.204170427930430158E-16 ) ) ;
#6308 = ORIENTED_EDGE ( 'NONE', *, *, #1359, .T. ) ;
#6309 = AXIS2_PLACEMENT_3D ( 'NONE', #10250, #6047, #8594 ) ;
#6310 = EDGE_CURVE ( 'NONE', #1252, #1817, #8536, .T. ) ;
#6311 = ORIENTED_EDGE ( 'NONE', *, *, #10014, .T. ) ;
#6312 = EDGE_LOOP ( 'NONE', ( #1763, #9596, #5692, #2603 ) ) ;
#6313 = FACE_BOUND ( 'NONE', #9609, .T. ) ;
#6314 = EDGE_CURVE ( 'NONE', #8703, #3354, #8862, .T. ) ;
#6315 = CARTESIAN_POINT ( 'NONE',  ( 28.50000000000000000, 25.89999999999999858, 0.5000000000000000000 ) ) ;
#6316 = EDGE_LOOP ( 'NONE', ( #10469, #2296, #6190 ) ) ;
#6317 = DIRECTION ( 'NONE',  ( 0.000000000000000000, 0.000000000000000000, 1.000000000000000000 ) ) ;
#6318 = DIRECTION ( 'NONE',  ( 0.000000000000000000, 1.000000000000000000, 0.000000000000000000 ) ) ;
#6319 = DIRECTION ( 'NONE',  ( -0.000000000000000000, -0.000000000000000000, 1.000000000000000000 ) ) ;
#6320 = CARTESIAN_POINT ( 'NONE',  ( 3.499999999999987566, -17.40000000000000213, 3.000000000000000000 ) ) ;
#6321 = CARTESIAN_POINT ( 'NONE',  ( 18.21999999999999886, 10.92500000000000071, 1.000000000000000000 ) ) ;
#6322 = EDGE_CURVE ( 'NONE', #929, #5922, #5480, .T. ) ;
#6323 = EDGE_LOOP ( 'NONE', ( #9554, #4081, #1697, #6596 ) ) ;
#6324 = ORIENTED_EDGE ( 'NONE', *, *, #889, .T. ) ;
#6325 = AXIS2_PLACEMENT_3D ( 'NONE', #7596, #7533, #10913 ) ;
#6326 = CARTESIAN_POINT ( 'NONE',  ( 18.21999999999999886, 10.92500000000000071, 3.000000000000000000 ) ) ;
#6327 = CYLINDRICAL_SURFACE ( 'NONE', #4439, 3.000000000000002665 ) ;
#6328 = ORIENTED_EDGE ( 'NONE', *, *, #8148, .F. ) ;
#6329 = EDGE_LOOP ( 'NONE', ( #7591, #1636, #4656, #8665 ) ) ;
#6330 = CARTESIAN_POINT ( 'NONE',  ( 0.4999999999999882871, -32.39999999999999858, 3.001000000000000334 ) ) ;
#6331 = DIRECTION ( 'NONE',  ( -0.000000000000000000, -0.000000000000000000, -1.000000000000000000 ) ) ;
#6332 = CARTESIAN_POINT ( 'NONE',  ( -13.50000000000000711, 24.40000000000000568, -4.000000000000000000 ) ) ;
#6333 = VECTOR ( 'NONE', #6317, 1000.000000000000000 ) ;
#6334 = FACE_OUTER_BOUND ( 'NONE', #6487, .T. ) ;
#6335 = DIRECTION ( 'NONE',  ( 1.000000000000000000, -0.000000000000000000, -0.000000000000000000 ) ) ;
#6336 = DIRECTION ( 'NONE',  ( -0.000000000000000000, -0.000000000000000000, -1.000000000000000000 ) ) ;
#6337 = DIRECTION ( 'NONE',  ( 0.000000000000000000, 0.000000000000000000, 1.000000000000000000 ) ) ;
#6338 = DIRECTION ( 'NONE',  ( 1.000000000000000000, -0.000000000000000000, -0.000000000000000000 ) ) ;
#6339 = ORIENTED_EDGE ( 'NONE', *, *, #8771, .T. ) ;
#6340 = CARTESIAN_POINT ( 'NONE',  ( 0.000000000000000000, 25.89999999999999858, 0.5000000000000000000 ) ) ;
#6341 = DIRECTION ( 'NONE',  ( 0.000000000000000000, -1.000000000000000000, 0.000000000000000000 ) ) ;
#6342 = VERTEX_POINT ( 'NONE', #2706 ) ;
#6343 = CIRCLE ( 'NONE', #1555, 0.5000000000000000000 ) ;
#6344 = PLANE ( 'NONE',  #7773 ) ;
#6345 = CARTESIAN_POINT ( 'NONE',  ( 55.50000000000000000, 4.000000000000000000, 0.5000000000000000000 ) ) ;
#6346 = VECTOR ( 'NONE', #4435, 1000.000000000000000 ) ;
#6347 = CARTESIAN_POINT ( 'NONE',  ( 3.079999999999999627, 22.91999999999999815, 1.000000000000000000 ) ) ;
#6348 = DIRECTION ( 'NONE',  ( -9.251858538542971828E-16, -1.000000000000000000, 0.000000000000000000 ) ) ;
#6349 = AXIS2_PLACEMENT_3D ( 'NONE', #6435, #2160, #7098 ) ;
#6350 = ORIENTED_EDGE ( 'NONE', *, *, #2029, .T. ) ;
#6351 = ORIENTED_EDGE ( 'NONE', *, *, #3938, .T. ) ;
#6352 = VERTEX_POINT ( 'NONE', #3703 ) ;
#6353 = DIRECTION ( 'NONE',  ( 0.000000000000000000, -1.000000000000000000, 0.000000000000000000 ) ) ;
#6354 = EDGE_LOOP ( 'NONE', ( #5324, #2914, #1362, #3876 ) ) ;
#6355 = VERTEX_POINT ( 'NONE', #7922 ) ;
#6356 = DIRECTION ( 'NONE',  ( -0.000000000000000000, -0.000000000000000000, -1.000000000000000000 ) ) ;
#6357 = VECTOR ( 'NONE', #8345, 1000.000000000000000 ) ;
#6358 = EDGE_CURVE ( 'NONE', #3798, #4369, #10296, .T. ) ;
#6359 = DIRECTION ( 'NONE',  ( -0.000000000000000000, -0.000000000000000000, -1.000000000000000000 ) ) ;
#6360 = VECTOR ( 'NONE', #3565, 1000.000000000000227 ) ;
#6361 = LINE ( 'NONE', #7348, #10537 ) ;
#6362 = VERTEX_POINT ( 'NONE', #6210 ) ;
#6363 = ORIENTED_EDGE ( 'NONE', *, *, #4143, .T. ) ;
#6364 = ORIENTED_EDGE ( 'NONE', *, *, #6385, .F. ) ;
#6365 = FACE_BOUND ( 'NONE', #6630, .T. ) ;
#6366 = LINE ( 'NONE', #8916, #1855 ) ;
#6367 = EDGE_LOOP ( 'NONE', ( #3539, #8238, #1008, #5524 ) ) ;
#6368 = EDGE_CURVE ( 'NONE', #6951, #4089, #168, .T. ) ;
#6369 = LINE ( 'NONE', #9746, #4375 ) ;
#6370 = LINE ( 'NONE', #8196, #8503 ) ;
#6371 = CIRCLE ( 'NONE', #6551, 3.000000000000002665 ) ;
#6372 = DIRECTION ( 'NONE',  ( -0.000000000000000000, -0.000000000000000000, -1.000000000000000000 ) ) ;
#6373 = EDGE_CURVE ( 'NONE', #606, #4407, #7144, .T. ) ;
#6374 = CARTESIAN_POINT ( 'NONE',  ( 6.700000000000000178, 7.400000000000000355, 1.000000000000000000 ) ) ;
#6375 = LINE ( 'NONE', #8091, #2339 ) ;
#6376 = VERTEX_POINT ( 'NONE', #1881 ) ;
#6377 = ORIENTED_EDGE ( 'NONE', *, *, #7691, .T. ) ;
#6378 = VECTOR ( 'NONE', #7007, 1000.000000000000000 ) ;
#6379 = DIRECTION ( 'NONE',  ( 1.000000000000000000, 0.000000000000000000, 0.000000000000000000 ) ) ;
#6380 = CARTESIAN_POINT ( 'NONE',  ( -2.500000000000006661, -68.40000000000000568, 3.001000000000000334 ) ) ;
#6381 = ORIENTED_EDGE ( 'NONE', *, *, #5984, .T. ) ;
#6382 = EDGE_LOOP ( 'NONE', ( #6863, #5525, #6797, #2258 ) ) ;
#6383 = LINE ( 'NONE', #10585, #3667 ) ;
#6384 = LINE ( 'NONE', #572, #10077 ) ;
#6385 = EDGE_CURVE ( 'NONE', #10554, #4494, #6264, .T. ) ;
#6386 = VECTOR ( 'NONE', #2887, 1000.000000000000000 ) ;
#6387 = FACE_OUTER_BOUND ( 'NONE', #4, .T. ) ;
#6388 = CARTESIAN_POINT ( 'NONE',  ( 53.69999999999999574, 10.44999999999999929, -8.300000000000000711 ) ) ;
#6389 = DIRECTION ( 'NONE',  ( 1.000000000000000000, 0.000000000000000000, -0.000000000000000000 ) ) ;
#6390 = FACE_OUTER_BOUND ( 'NONE', #2864, .T. ) ;
#6391 = CARTESIAN_POINT ( 'NONE',  ( -0.2999999999999924949, 6.949999999999999289, 0.5000000000000000000 ) ) ;
#6392 = ORIENTED_EDGE ( 'NONE', *, *, #6472, .T. ) ;
#6393 = VECTOR ( 'NONE', #7322, 1000.000000000000000 ) ;
#6394 = AXIS2_PLACEMENT_3D ( 'NONE', #2540, #8638, #274 ) ;
#6395 = DIRECTION ( 'NONE',  ( 0.000000000000000000, -1.000000000000000000, 0.000000000000000000 ) ) ;
#6396 = PLANE ( 'NONE',  #8582 ) ;
#6397 = VERTEX_POINT ( 'NONE', #4537 ) ;
#6398 = PLANE ( 'NONE',  #525 ) ;
#6399 = DIRECTION ( 'NONE',  ( 0.000000000000000000, 0.000000000000000000, 1.000000000000000000 ) ) ;
#6400 = CARTESIAN_POINT ( 'NONE',  ( 2.500000000000000000, 23.09999999999999787, 0.5000000000000000000 ) ) ;
#6401 = ORIENTED_EDGE ( 'NONE', *, *, #3185, .T. ) ;
#6402 = VERTEX_POINT ( 'NONE', #335 ) ;
#6403 = VERTEX_POINT ( 'NONE', #5372 ) ;
#6404 = CARTESIAN_POINT ( 'NONE',  ( 57.00000000000000000, 21.60000000000000142, 0.5000000000000000000 ) ) ;
#6405 = ORIENTED_EDGE ( 'NONE', *, *, #8040, .F. ) ;
#6406 = LINE ( 'NONE', #10658, #10589 ) ;
#6407 = EDGE_CURVE ( 'NONE', #7437, #3370, #10515, .T. ) ;
#6408 = CARTESIAN_POINT ( 'NONE',  ( 44.20000000000000995, -32.39999999999999858, 3.000000000000000000 ) ) ;
#6409 = EDGE_CURVE ( 'NONE', #4330, #3231, #8751, .T. ) ;
#6410 = ADVANCED_FACE ( 'NONE', ( #8643 ), #1272, .F. ) ;
#6411 = CARTESIAN_POINT ( 'NONE',  ( 0.000000000000000000, 0.000000000000000000, -13.99999999999999822 ) ) ;
#6412 = VERTEX_POINT ( 'NONE', #8805 ) ;
#6413 = ORIENTED_EDGE ( 'NONE', *, *, #2965, .F. ) ;
#6414 = ORIENTED_EDGE ( 'NONE', *, *, #9532, .F. ) ;
#6415 = EDGE_CURVE ( 'NONE', #5830, #5963, #3592, .T. ) ;
#6416 = FACE_BOUND ( 'NONE', #3621, .T. ) ;
#6417 = VECTOR ( 'NONE', #4711, 1000.000000000000000 ) ;
#6418 = DIRECTION ( 'NONE',  ( 0.000000000000000000, 1.000000000000000000, 0.000000000000000000 ) ) ;
#6419 = ORIENTED_EDGE ( 'NONE', *, *, #7920, .T. ) ;
#6420 = FACE_OUTER_BOUND ( 'NONE', #3456, .T. ) ;
#6421 = ADVANCED_FACE ( 'NONE', ( #10353 ), #10408, .T. ) ;
#6422 = LINE ( 'NONE', #2981, #2659 ) ;
#6423 = EDGE_CURVE ( 'NONE', #4748, #6204, #278, .T. ) ;
#6424 = EDGE_CURVE ( 'NONE', #10712, #1305, #9030, .T. ) ;
#6425 = LINE ( 'NONE', #7254, #4652 ) ;
#6426 = AXIS2_PLACEMENT_3D ( 'NONE', #3978, #827, #10789 ) ;
#6427 = AXIS2_PLACEMENT_3D ( 'NONE', #143, #10164, #2572 ) ;
#6428 = CARTESIAN_POINT ( 'NONE',  ( 51.20000000000000284, 25.89999999999999858, 3.000000000000000000 ) ) ;
#6429 = ORIENTED_EDGE ( 'NONE', *, *, #2906, .F. ) ;
#6430 = DIRECTION ( 'NONE',  ( -0.000000000000000000, -0.000000000000000000, -1.000000000000000000 ) ) ;
#6431 = EDGE_CURVE ( 'NONE', #6811, #3267, #2815, .T. ) ;
#6432 = EDGE_LOOP ( 'NONE', ( #7139, #5346, #1324, #10655, #10950 ) ) ;
#6433 = ORIENTED_EDGE ( 'NONE', *, *, #2236, .T. ) ;
#6434 = EDGE_CURVE ( 'NONE', #6826, #5381, #225, .T. ) ;
#6435 = CARTESIAN_POINT ( 'NONE',  ( 28.50000000000000000, 0.000000000000000000, -14.00000000000000000 ) ) ;
#6436 = DIRECTION ( 'NONE',  ( -1.000000000000000000, 0.000000000000000000, 0.000000000000000000 ) ) ;
#6437 = ORIENTED_EDGE ( 'NONE', *, *, #6373, .F. ) ;
#6438 = ORIENTED_EDGE ( 'NONE', *, *, #10620, .F. ) ;
#6439 = DIRECTION ( 'NONE',  ( -0.000000000000000000, 0.7071067811865524577, -0.7071067811865426878 ) ) ;
#6440 = EDGE_CURVE ( 'NONE', #3359, #5568, #1162, .T. ) ;
#6441 = AXIS2_PLACEMENT_3D ( 'NONE', #5769, #5552, #7432 ) ;
#6442 = DIRECTION ( 'NONE',  ( 0.000000000000000000, 0.000000000000000000, -1.000000000000000000 ) ) ;
#6443 = EDGE_CURVE ( 'NONE', #4260, #4739, #1937, .T. ) ;
#6444 = LINE ( 'NONE', #9813, #2873 ) ;
#6445 = CARTESIAN_POINT ( 'NONE',  ( 18.50000000000000000, 25.39999999999999858, 1.000000000000000000 ) ) ;
#6446 = DIRECTION ( 'NONE',  ( -1.000000000000000000, -0.000000000000000000, -0.000000000000000000 ) ) ;
#6447 = DIRECTION ( 'NONE',  ( 0.000000000000000000, 1.000000000000000000, -0.000000000000000000 ) ) ;
#6448 = CARTESIAN_POINT ( 'NONE',  ( 19.50000000000000000, 25.39999999999999858, 0.5000000000000000000 ) ) ;
#6449 = ORIENTED_EDGE ( 'NONE', *, *, #484, .T. ) ;
#6450 = ORIENTED_EDGE ( 'NONE', *, *, #3666, .T. ) ;
#6451 = EDGE_CURVE ( 'NONE', #10561, #3096, #10571, .T. ) ;
#6452 = CARTESIAN_POINT ( 'NONE',  ( 38.20000000000000995, -50.39999999999999858, 3.000000000000000000 ) ) ;
#6453 = DIRECTION ( 'NONE',  ( 0.000000000000000000, 1.000000000000000000, 0.000000000000000000 ) ) ;
#6454 = ADVANCED_FACE ( 'NONE', ( #4757 ), #8086, .F. ) ;
#6455 = ORIENTED_EDGE ( 'NONE', *, *, #10099, .T. ) ;
#6456 = CARTESIAN_POINT ( 'NONE',  ( -3.014082039509705088E-15, 6.949999999999999289, -13.00000000000000000 ) ) ;
#6457 = DIRECTION ( 'NONE',  ( 1.000000000000000000, 0.000000000000000000, 0.000000000000000000 ) ) ;
#6458 = DIRECTION ( 'NONE',  ( -1.000000000000000000, 0.000000000000000000, 0.000000000000000000 ) ) ;
#6459 = EDGE_LOOP ( 'NONE', ( #9112, #2441, #231, #9244 ) ) ;
#6460 = VECTOR ( 'NONE', #1804, 1000.000000000000000 ) ;
#6461 = VERTEX_POINT ( 'NONE', #9747 ) ;
#6462 = ORIENTED_EDGE ( 'NONE', *, *, #2836, .T. ) ;
#6463 = ADVANCED_FACE ( 'NONE', ( #2261 ), #3923, .F. ) ;
#6464 = PLANE ( 'NONE',  #8991 ) ;
#6465 = VERTEX_POINT ( 'NONE', #5647 ) ;
#6466 = DIRECTION ( 'NONE',  ( 0.000000000000000000, -1.000000000000000000, 0.000000000000000000 ) ) ;
#6467 = CARTESIAN_POINT ( 'NONE',  ( -15.50000000000000711, -83.40000000000000568, -2.999999999999999112 ) ) ;
#6468 = AXIS2_PLACEMENT_3D ( 'NONE', #3027, #7193, #492 ) ;
#6469 = VECTOR ( 'NONE', #7472, 1000.000000000000000 ) ;
#6470 = CARTESIAN_POINT ( 'NONE',  ( 2.500000000000000000, 2.500000000000000000, -1.000000000000000000 ) ) ;
#6471 = EDGE_LOOP ( 'NONE', ( #7997, #751, #6007, #3602 ) ) ;
#6472 = EDGE_CURVE ( 'NONE', #114, #57, #4705, .T. ) ;
#6473 = VERTEX_POINT ( 'NONE', #8141 ) ;
#6474 = ORIENTED_EDGE ( 'NONE', *, *, #3793, .T. ) ;
#6475 = DIRECTION ( 'NONE',  ( -6.938893903907228378E-15, 0.000000000000000000, -1.000000000000000000 ) ) ;
#6476 = VECTOR ( 'NONE', #6753, 1000.000000000000000 ) ;
#6477 = DIRECTION ( 'NONE',  ( 0.000000000000000000, -1.000000000000000000, 0.000000000000000000 ) ) ;
#6478 = VERTEX_POINT ( 'NONE', #9957 ) ;
#6479 = FACE_OUTER_BOUND ( 'NONE', #2767, .T. ) ;
#6480 = CARTESIAN_POINT ( 'NONE',  ( 0.000000000000000000, 0.2000000000000000111, 0.5000000000000000000 ) ) ;
#6481 = VECTOR ( 'NONE', #2691, 1000.000000000000000 ) ;
#6482 = PLANE ( 'NONE',  #1632 ) ;
#6483 = VECTOR ( 'NONE', #5991, 1000.000000000000000 ) ;
#6484 = CARTESIAN_POINT ( 'NONE',  ( 60.20000000000003126, -95.40000000000000568, 1.000000000000000000 ) ) ;
#6485 = ORIENTED_EDGE ( 'NONE', *, *, #242, .F. ) ;
#6486 = DIRECTION ( 'NONE',  ( -1.000000000000000000, 0.000000000000000000, 0.000000000000000000 ) ) ;
#6487 = EDGE_LOOP ( 'NONE', ( #3205, #8568, #4188, #8441 ) ) ;
#6488 = VERTEX_POINT ( 'NONE', #9029 ) ;
#6489 = CARTESIAN_POINT ( 'NONE',  ( 34.50000000000000000, -2.299999999999999822, 0.000000000000000000 ) ) ;
#6490 = DIRECTION ( 'NONE',  ( -1.000000000000000000, 0.000000000000000000, 0.000000000000000000 ) ) ;
#6491 = AXIS2_PLACEMENT_3D ( 'NONE', #9711, #463, #3002 ) ;
#6492 = ORIENTED_EDGE ( 'NONE', *, *, #6570, .T. ) ;
#6493 = ORIENTED_EDGE ( 'NONE', *, *, #6886, .F. ) ;
#6494 = CARTESIAN_POINT ( 'NONE',  ( -11.50000000000001066, -32.39999999999999858, 3.000000000000000000 ) ) ;
#6495 = DIRECTION ( 'NONE',  ( -1.287364360650691604E-16, -1.000000000000000000, 0.000000000000000000 ) ) ;
#6496 = EDGE_CURVE ( 'NONE', #6571, #6342, #6422, .T. ) ;
#6497 = LINE ( 'NONE', #6549, #2136 ) ;
#6498 = CARTESIAN_POINT ( 'NONE',  ( -1.300000000000000044, 23.09999999999999787, -1.000000000000000000 ) ) ;
#6499 = CARTESIAN_POINT ( 'NONE',  ( -18.50000000000000711, 39.40000000000000568, 3.000000000000000000 ) ) ;
#6500 = CARTESIAN_POINT ( 'NONE',  ( -0.2999999999999929945, 5.950000000000000178, -1.000000000000000000 ) ) ;
#6501 = CARTESIAN_POINT ( 'NONE',  ( -0.2999999999999924949, 18.45000000000000284, 0.5000000000000000000 ) ) ;
#6502 = VERTEX_POINT ( 'NONE', #10674 ) ;
#6503 = FACE_BOUND ( 'NONE', #8401, .T. ) ;
#6504 = DIRECTION ( 'NONE',  ( -1.734723475976807834E-16, 1.000000000000000000, 0.000000000000000000 ) ) ;
#6505 = EDGE_LOOP ( 'NONE', ( #603, #5905, #9717, #6745, #2373 ) ) ;
#6506 = DIRECTION ( 'NONE',  ( 0.000000000000000000, -1.000000000000000000, 0.000000000000000000 ) ) ;
#6507 = CIRCLE ( 'NONE', #661, 1.549999999999999378 ) ;
#6508 = EDGE_CURVE ( 'NONE', #10631, #4912, #8976, .T. ) ;
#6509 = FACE_OUTER_BOUND ( 'NONE', #5091, .T. ) ;
#6510 = ADVANCED_FACE ( 'NONE', ( #557 ), #7303, .F. ) ;
#6511 = DIRECTION ( 'NONE',  ( 0.000000000000000000, -1.000000000000000000, 0.000000000000000000 ) ) ;
#6512 = ADVANCED_FACE ( 'NONE', ( #5752 ), #7358, .F. ) ;
#6513 = EDGE_LOOP ( 'NONE', ( #532, #8957 ) ) ;
#6514 = AXIS2_PLACEMENT_3D ( 'NONE', #2622, #5172, #9334 ) ;
#6515 = ORIENTED_EDGE ( 'NONE', *, *, #4441, .F. ) ;
#6516 = ORIENTED_EDGE ( 'NONE', *, *, #5292, .F. ) ;
#6517 = DIRECTION ( 'NONE',  ( 0.000000000000000000, 0.000000000000000000, -1.000000000000000000 ) ) ;
#6518 = EDGE_CURVE ( 'NONE', #5695, #2892, #6370, .T. ) ;
#6519 = VERTEX_POINT ( 'NONE', #5533 ) ;
#6520 = DIRECTION ( 'NONE',  ( 1.000000000000000000, -0.000000000000000000, -0.000000000000000000 ) ) ;
#6521 = LINE ( 'NONE', #7291, #3936 ) ;
#6522 = CIRCLE ( 'NONE', #2789, 1.549999999999995826 ) ;
#6523 = ADVANCED_FACE ( 'NONE', ( #6588 ), #10623, .F. ) ;
#6524 = VECTOR ( 'NONE', #9238, 1000.000000000000000 ) ;
#6525 = DIRECTION ( 'NONE',  ( 0.000000000000000000, -1.000000000000000000, 0.000000000000000000 ) ) ;
#6526 = ORIENTED_EDGE ( 'NONE', *, *, #9145, .F. ) ;
#6527 = ORIENTED_EDGE ( 'NONE', *, *, #5708, .T. ) ;
#6528 = ORIENTED_EDGE ( 'NONE', *, *, #1840, .T. ) ;
#6529 = DIRECTION ( 'NONE',  ( -0.000000000000000000, -1.000000000000000000, -0.000000000000000000 ) ) ;
#6530 = CARTESIAN_POINT ( 'NONE',  ( 0.000000000000000000, 10.44999999999999929, -13.00000000000000000 ) ) ;
#6531 = ORIENTED_EDGE ( 'NONE', *, *, #6443, .T. ) ;
#6532 = CARTESIAN_POINT ( 'NONE',  ( 11.50000000000001243, -85.89999999999997726, -10.00000000000000000 ) ) ;
#6533 = EDGE_CURVE ( 'NONE', #4516, #9781, #8919, .T. ) ;
#6534 = DIRECTION ( 'NONE',  ( 1.000000000000000000, 1.571070317865787908E-14, 0.000000000000000000 ) ) ;
#6535 = AXIS2_PLACEMENT_3D ( 'NONE', #3457, #5226, #10939 ) ;
#6536 = DIRECTION ( 'NONE',  ( -9.251858538542971828E-16, -1.000000000000000000, 0.000000000000000000 ) ) ;
#6537 = LINE ( 'NONE', #5649, #5535 ) ;
#6538 = CARTESIAN_POINT ( 'NONE',  ( -1.800000000000000044, 2.500000000000000000, 1.000000000000000000 ) ) ;
#6539 = ORIENTED_EDGE ( 'NONE', *, *, #10002, .F. ) ;
#6540 = CARTESIAN_POINT ( 'NONE',  ( 57.20000000000000284, 11.44999999999999929, 0.000000000000000000 ) ) ;
#6541 = VECTOR ( 'NONE', #9610, 1000.000000000000000 ) ;
#6542 = VERTEX_POINT ( 'NONE', #610 ) ;
#6543 = DIRECTION ( 'NONE',  ( 0.000000000000000000, 0.000000000000000000, -1.000000000000000000 ) ) ;
#6544 = DIRECTION ( 'NONE',  ( 0.000000000000000000, 0.000000000000000000, 1.000000000000000000 ) ) ;
#6545 = EDGE_CURVE ( 'NONE', #9444, #9593, #9907, .T. ) ;
#6546 = VERTEX_POINT ( 'NONE', #10787 ) ;
#6547 = DIRECTION ( 'NONE',  ( 0.000000000000000000, 0.000000000000000000, -1.000000000000000000 ) ) ;
#6548 = CARTESIAN_POINT ( 'NONE',  ( 56.50000000000000000, 21.60000000000000142, 3.000000000000000000 ) ) ;
#6549 = CARTESIAN_POINT ( 'NONE',  ( 27.50000000000000000, 26.59164599332849832, -13.00000000000000000 ) ) ;
#6550 = CARTESIAN_POINT ( 'NONE',  ( 35.50000000000000000, 25.39999999999999858, 0.5000000000000000000 ) ) ;
#6551 = AXIS2_PLACEMENT_3D ( 'NONE', #5714, #3157, #8157 ) ;
#6552 = LINE ( 'NONE', #10804, #4720 ) ;
#6553 = EDGE_CURVE ( 'NONE', #5712, #4689, #4866, .T. ) ;
#6554 = DIRECTION ( 'NONE',  ( -0.000000000000000000, -0.000000000000000000, -1.000000000000000000 ) ) ;
#6555 = CARTESIAN_POINT ( 'NONE',  ( 9.499999999999996447, -68.40000000000000568, 1.000000000000000000 ) ) ;
#6556 = EDGE_LOOP ( 'NONE', ( #6105, #1108, #9714, #5954 ) ) ;
#6557 = ORIENTED_EDGE ( 'NONE', *, *, #9607, .T. ) ;
#6558 = EDGE_CURVE ( 'NONE', #9648, #1048, #3200, .T. ) ;
#6559 = DIRECTION ( 'NONE',  ( 1.000000000000000000, -0.000000000000000000, -0.000000000000000000 ) ) ;
#6560 = FACE_OUTER_BOUND ( 'NONE', #871, .T. ) ;
#6561 = VERTEX_POINT ( 'NONE', #8025 ) ;
#6562 = PLANE ( 'NONE',  #9181 ) ;
#6563 = VECTOR ( 'NONE', #6693, 1000.000000000000000 ) ;
#6564 = DIRECTION ( 'NONE',  ( 6.938893903907222067E-15, 1.000000000000000000, 0.000000000000000000 ) ) ;
#6565 = PLANE ( 'NONE',  #10847 ) ;
#6566 = EDGE_CURVE ( 'NONE', #566, #9332, #444, .T. ) ;
#6567 = AXIS2_PLACEMENT_3D ( 'NONE', #2394, #2291, #9110 ) ;
#6568 = VECTOR ( 'NONE', #10686, 1000.000000000000000 ) ;
#6569 = ORIENTED_EDGE ( 'NONE', *, *, #5737, .T. ) ;
#6570 = EDGE_CURVE ( 'NONE', #5935, #5695, #4086, .T. ) ;
#6571 = VERTEX_POINT ( 'NONE', #10383 ) ;
#6572 = ORIENTED_EDGE ( 'NONE', *, *, #743, .F. ) ;
#6573 = LINE ( 'NONE', #701, #4210 ) ;
#6574 = VERTEX_POINT ( 'NONE', #10122 ) ;
#6575 = DIRECTION ( 'NONE',  ( 0.000000000000000000, 0.000000000000000000, -1.000000000000000000 ) ) ;
#6576 = EDGE_CURVE ( 'NONE', #3586, #5526, #7469, .T. ) ;
#6577 = VECTOR ( 'NONE', #5444, 1000.000000000000000 ) ;
#6578 = FACE_OUTER_BOUND ( 'NONE', #1145, .T. ) ;
#6579 = DIRECTION ( 'NONE',  ( -0.000000000000000000, 1.000000000000000000, 0.000000000000000000 ) ) ;
#6580 = ORIENTED_EDGE ( 'NONE', *, *, #3845, .F. ) ;
#6581 = ORIENTED_EDGE ( 'NONE', *, *, #10566, .F. ) ;
#6582 = CARTESIAN_POINT ( 'NONE',  ( 41.20000000000003126, -53.40000000000000568, 3.000000000000000000 ) ) ;
#6583 = LINE ( 'NONE', #9952, #1680 ) ;
#6584 = ORIENTED_EDGE ( 'NONE', *, *, #6116, .T. ) ;
#6585 = EDGE_CURVE ( 'NONE', #3014, #1140, #7581, .T. ) ;
#6586 = CARTESIAN_POINT ( 'NONE',  ( 9.499999999999996447, -68.40000000000000568, 3.000000000000000000 ) ) ;
#6587 = PLANE ( 'NONE',  #3487 ) ;
#6588 = FACE_OUTER_BOUND ( 'NONE', #10851, .T. ) ;
#6589 = CARTESIAN_POINT ( 'NONE',  ( 2.195509399283149684E-16, -1.800000000000000044, 0.5000000000000000000 ) ) ;
#6590 = LINE ( 'NONE', #10678, #4341 ) ;
#6591 = ORIENTED_EDGE ( 'NONE', *, *, #8611, .F. ) ;
#6592 = VECTOR ( 'NONE', #7964, 1000.000000000000000 ) ;
#6593 = EDGE_LOOP ( 'NONE', ( #3191, #8729, #3930, #383 ) ) ;
#6594 = CARTESIAN_POINT ( 'NONE',  ( 0.000000000000000000, 0.000000000000000000, -4.000000000000000000 ) ) ;
#6595 = DIRECTION ( 'NONE',  ( 1.000000000000000000, 0.000000000000000000, 0.000000000000000000 ) ) ;
#6596 = ORIENTED_EDGE ( 'NONE', *, *, #2149, .F. ) ;
#6597 = CARTESIAN_POINT ( 'NONE',  ( 9.499999999999992895, -50.39999999999999858, 3.000000000000000000 ) ) ;
#6598 = CARTESIAN_POINT ( 'NONE',  ( 60.19999999999999574, 17.44999999999999929, -10.00000000000000000 ) ) ;
#6599 = AXIS2_PLACEMENT_3D ( 'NONE', #3145, #7585, #611 ) ;
#6600 = CIRCLE ( 'NONE', #4471, 1.549999999999999378 ) ;
#6601 = DIRECTION ( 'NONE',  ( 1.000000000000000000, 4.663235150475320108E-17, 0.000000000000000000 ) ) ;
#6602 = CARTESIAN_POINT ( 'NONE',  ( 45.79999999999997584, -76.00000000000001421, -7.500000000000000888 ) ) ;
#6603 = DIRECTION ( 'NONE',  ( 1.000000000000000000, 0.000000000000000000, -0.000000000000000000 ) ) ;
#6604 = DIRECTION ( 'NONE',  ( -9.251858538542971828E-16, -1.000000000000000000, 0.000000000000000000 ) ) ;
#6605 = EDGE_CURVE ( 'NONE', #9344, #7003, #6749, .T. ) ;
#6606 = CARTESIAN_POINT ( 'NONE',  ( -3.500000000000003109, 36.39999999999999858, -4.000000000000000000 ) ) ;
#6607 = VECTOR ( 'NONE', #2240, 1000.000000000000000 ) ;
#6608 = ORIENTED_EDGE ( 'NONE', *, *, #3250, .T. ) ;
#6609 = ORIENTED_EDGE ( 'NONE', *, *, #2838, .T. ) ;
#6610 = FACE_BOUND ( 'NONE', #318, .T. ) ;
#6611 = PLANE ( 'NONE',  #447 ) ;
#6612 = VERTEX_POINT ( 'NONE', #9240 ) ;
#6613 = LINE ( 'NONE', #6456, #9370 ) ;
#6614 = EDGE_CURVE ( 'NONE', #1468, #9444, #5029, .T. ) ;
#6615 = DIRECTION ( 'NONE',  ( 1.000000000000000000, -6.285229985423258662E-17, 0.000000000000000000 ) ) ;
#6616 = VECTOR ( 'NONE', #8826, 1000.000000000000000 ) ;
#6617 = DIRECTION ( 'NONE',  ( 0.000000000000000000, -0.000000000000000000, -1.000000000000000000 ) ) ;
#6618 = ORIENTED_EDGE ( 'NONE', *, *, #4805, .F. ) ;
#6619 = DIRECTION ( 'NONE',  ( -1.000000000000000000, 0.000000000000000000, 0.000000000000000000 ) ) ;
#6620 = EDGE_LOOP ( 'NONE', ( #62, #6051, #3714, #2970 ) ) ;
#6621 = DIRECTION ( 'NONE',  ( 0.000000000000000000, 0.000000000000000000, -1.000000000000000000 ) ) ;
#6622 = ORIENTED_EDGE ( 'NONE', *, *, #10844, .F. ) ;
#6623 = PLANE ( 'NONE',  #869 ) ;
#6624 = PLANE ( 'NONE',  #2872 ) ;
#6625 = EDGE_CURVE ( 'NONE', #10568, #3625, #10899, .T. ) ;
#6626 = EDGE_CURVE ( 'NONE', #2856, #602, #10845, .T. ) ;
#6627 = VECTOR ( 'NONE', #1948, 1000.000000000000000 ) ;
#6628 = LINE ( 'NONE', #8291, #2396 ) ;
#6629 = ORIENTED_EDGE ( 'NONE', *, *, #10548, .T. ) ;
#6630 = EDGE_LOOP ( 'NONE', ( #332, #1104 ) ) ;
#6631 = DIRECTION ( 'NONE',  ( 0.000000000000000000, 0.000000000000000000, -1.000000000000000000 ) ) ;
#6632 = CARTESIAN_POINT ( 'NONE',  ( 27.50000000000000000, -1.904089349672995146, -13.00000000000000000 ) ) ;
#6633 = VERTEX_POINT ( 'NONE', #8413 ) ;
#6634 = DIRECTION ( 'NONE',  ( -0.000000000000000000, -0.000000000000000000, -1.000000000000000000 ) ) ;
#6635 = DIRECTION ( 'NONE',  ( -0.000000000000000000, -0.000000000000000000, -1.000000000000000000 ) ) ;
#6636 = CYLINDRICAL_SURFACE ( 'NONE', #2654, 1.000000000000000000 ) ;
#6637 = CLOSED_SHELL ( 'NONE', ( #3540, #5019, #2156, #1491, #3788, #2508, #8965, #9315, #8407, #263, #8270, #1898, #675, #4105, #7924, #1762, #7025, #9667, #8682, #8881, #5815, #10485, #1436, #1028, #538, #3858, #2239, #5588, #1689, #4967, #8057, #4664, #10610, #5280, #3816, #5828, #9198, #1977, #7841, #9143, #5114, #8417, #351, #8743, #9327, #1678, #2250, #881, #1098, #6173, #683, #2967, #8340, #4801, #7235, #4248, #6643, #3879, #5493, #9801, #7462, #4833, #404, #5697, #10111, #1702, #7722, #6523, #3484, #831, #6410, #1955, #1352, #1090, #1573, #4003, #884, #1808, #9588, #4743, #10662, #9762, #8273, #8131, #221, #4548, #6899, #142, #1527, #10887, #2189, #1564, #1673, #4845, #10024, #5400, #10764, #5278, #4284, #10805, #7455, #7272, #3964, #2038, #3911, #5634, #5751, #1620, #6252, #1012, #1004, #10289, #4539, #3686, #5290, #2975, #1685, #1196, #5596, #1489, #2414, #4197, #2909, #3639, #4538, #2999, #10472, #9693, #2819, #6510, #7701, #3774, #5608, #3651, #3829, #3175, #6033, #8283, #5349, #7716, #3525, #6998, #2270, #10816, #8314, #4755, #7959, #7584, #341, #10777, #208, #1886, #3052, #5245, #958, #10090, #6125, #8953, #1705, #8959, #854, #4597, #9745, #4140, #1811, #129, #8515, #860, #3349, #3307, #279, #1901, #6421, #2575, #6919, #4272, #1624, #7866, #9937, #2357, #8137, #9525, #1322, #4785, #3507, #5318, #5617, #2723, #4240, #7900, #3153, #10625, #4154, #8048, #7321, #2648, #10489, #8469, #6277, #405, #4957, #5610, #9278, #10673, #422, #9268, #2567, #5078, #9501, #862, #10676, #7703, #6699, #6641, #6463, #5272, #8411, #10163, #7935, #10441, #8482, #8390, #2693, #7780, #7553, #1463, #5691, #5875, #1829, #8394, #6454, #10007, #7059, #10287, #10437, #9438, #7442, #662, #8528, #4954, #6512, #3304, #4863, #3802, #586, #1289, #8129, #6742, #9628, #533, #1368, #7244, #3986, #5845, #1451, #10863, #2501, #5353, #968, #5811, #1333, #5901, #1153, #3445, #2555, #7258, #2764, #8424, #3090, #8236, #79, #6232, #3321, #8043, #5781, #10335, #1473, #3338, #10349, #10675, #2014, #5747, #756, #140, #9727, #6967, #3288, #8710, #7195, #1722, #3043, #3791, #10572, #2048, #2443, #8888, #2062, #4400, #9156, #726, #6750, #9070, #1548, #7792, #4476, #4555, #6777, #2971, #1021, #328, #45, #7669, #3110, #8454, #2098, #4325, #2197, #9348, #9221, #4442, #5360, #696, #314, #9995, #544, #9465, #4063, #10428, #1477, #8947, #9340, #10681, #2000, #9881, #1486, #7508, #7897, #10577, #3706, #6786, #2850, #5930, #2295, #9775, #1212 ) ) ;
#6638 = EDGE_CURVE ( 'NONE', #6412, #8049, #9297, .T. ) ;
#6639 = CARTESIAN_POINT ( 'NONE',  ( 18.21999999999999886, 22.91999999999999815, 3.000000000000000000 ) ) ;
#6640 = CARTESIAN_POINT ( 'NONE',  ( 9.499999999999992895, -50.39999999999999858, 1.000000000000000000 ) ) ;
#6641 = ADVANCED_FACE ( 'NONE', ( #4916 ), #6636, .F. ) ;
#6642 = ORIENTED_EDGE ( 'NONE', *, *, #3226, .F. ) ;
#6643 = ADVANCED_FACE ( 'NONE', ( #1 ), #4144, .F. ) ;
#6644 = AXIS2_PLACEMENT_3D ( 'NONE', #1990, #5427, #1939 ) ;
#6645 = EDGE_LOOP ( 'NONE', ( #1448, #1186, #9739, #2927 ) ) ;
#6646 = ORIENTED_EDGE ( 'NONE', *, *, #6904, .T. ) ;
#6647 = CARTESIAN_POINT ( 'NONE',  ( 28.50000000000000000, 30.90000000000000213, -10.00000000000000000 ) ) ;
#6648 = DIRECTION ( 'NONE',  ( -1.156482317317871478E-16, -1.000000000000000000, 0.000000000000000000 ) ) ;
#6649 = ORIENTED_EDGE ( 'NONE', *, *, #9948, .F. ) ;
#6650 = LINE ( 'NONE', #5713, #2069 ) ;
#6651 = EDGE_CURVE ( 'NONE', #2550, #6478, #1706, .T. ) ;
#6652 = VECTOR ( 'NONE', #7129, 999.9999999999998863 ) ;
#6653 = FACE_OUTER_BOUND ( 'NONE', #9350, .T. ) ;
#6654 = CIRCLE ( 'NONE', #6304, 1.549999999999995826 ) ;
#6655 = LINE ( 'NONE', #899, #6251 ) ;
#6656 = CARTESIAN_POINT ( 'NONE',  ( 54.69999999999999574, 11.44999999999999929, 1.000000000000000000 ) ) ;
#6657 = EDGE_CURVE ( 'NONE', #1305, #10712, #3364, .T. ) ;
#6658 = CARTESIAN_POINT ( 'NONE',  ( 11.49999999999999467, -78.39999999999996305, -1.000000000000000888 ) ) ;
#6659 = VECTOR ( 'NONE', #1704, 1000.000000000000000 ) ;
#6660 = CARTESIAN_POINT ( 'NONE',  ( 0.2000000000000085321, 2.168404344971100080E-17, 0.5000000000000000000 ) ) ;
#6661 = VECTOR ( 'NONE', #788, 1000.000000000000000 ) ;
#6662 = DIRECTION ( 'NONE',  ( 0.000000000000000000, -1.000000000000000000, 0.000000000000000000 ) ) ;
#6663 = ORIENTED_EDGE ( 'NONE', *, *, #6933, .T. ) ;
#6664 = ORIENTED_EDGE ( 'NONE', *, *, #9760, .T. ) ;
#6665 = DIRECTION ( 'NONE',  ( 1.000000000000000000, -0.000000000000000000, -0.000000000000000000 ) ) ;
#6666 = CARTESIAN_POINT ( 'NONE',  ( -1.800000000000000044, 18.45000000000000284, 0.5000000000000000000 ) ) ;
#6667 = ORIENTED_EDGE ( 'NONE', *, *, #9896, .F. ) ;
#6668 = FACE_OUTER_BOUND ( 'NONE', #5904, .T. ) ;
#6669 = CARTESIAN_POINT ( 'NONE',  ( 0.2000000000000070055, 5.950000000000000178, 1.000000000000000000 ) ) ;
#6670 = DIRECTION ( 'NONE',  ( 0.000000000000000000, -1.000000000000000000, 0.000000000000000000 ) ) ;
#6671 = ORIENTED_EDGE ( 'NONE', *, *, #3845, .T. ) ;
#6672 = CARTESIAN_POINT ( 'NONE',  ( 55.19999999999999574, 6.949999999999999289, 0.5000000000000000000 ) ) ;
#6673 = DIRECTION ( 'NONE',  ( -0.000000000000000000, -0.000000000000000000, -1.000000000000000000 ) ) ;
#6674 = VERTEX_POINT ( 'NONE', #9355 ) ;
#6675 = VECTOR ( 'NONE', #4770, 1000.000000000000000 ) ;
#6676 = LINE ( 'NONE', #4070, #5448 ) ;
#6677 = ORIENTED_EDGE ( 'NONE', *, *, #2630, .F. ) ;
#6678 = CARTESIAN_POINT ( 'NONE',  ( 72.20000000000001705, 24.40000000000000568, 1.000000000000000000 ) ) ;
#6679 = DIRECTION ( 'NONE',  ( -1.000000000000000000, -4.517509052022939661E-17, 0.000000000000000000 ) ) ;
#6680 = CARTESIAN_POINT ( 'NONE',  ( 70.20000000000000284, -83.40000000000000568, -4.000000000000000000 ) ) ;
#6681 = CIRCLE ( 'NONE', #1906, 1.549999999999995826 ) ;
#6682 = CYLINDRICAL_SURFACE ( 'NONE', #8072, 1.549999999999995826 ) ;
#6683 = ORIENTED_EDGE ( 'NONE', *, *, #1658, .T. ) ;
#6684 = VERTEX_POINT ( 'NONE', #1082 ) ;
#6685 = VERTEX_POINT ( 'NONE', #251 ) ;
#6686 = CARTESIAN_POINT ( 'NONE',  ( 9.499999999999996447, -68.40000000000000568, 3.001000000000000334 ) ) ;
#6687 = PLANE ( 'NONE',  #3253 ) ;
#6688 = VERTEX_POINT ( 'NONE', #2586 ) ;
#6689 = EDGE_LOOP ( 'NONE', ( #2154, #10688, #10268, #3463 ) ) ;
#6690 = FACE_OUTER_BOUND ( 'NONE', #8615, .T. ) ;
#6691 = EDGE_CURVE ( 'NONE', #2806, #2158, #367, .T. ) ;
#6692 = CARTESIAN_POINT ( 'NONE',  ( 56.71110922711549307, 6.949999999999999289, -13.00000000000000000 ) ) ;
#6693 = DIRECTION ( 'NONE',  ( -1.000000000000000000, 0.000000000000000000, 0.000000000000000000 ) ) ;
#6694 = VECTOR ( 'NONE', #212, 1000.000000000000000 ) ;
#6695 = DIRECTION ( 'NONE',  ( -9.251858538542971828E-16, -1.000000000000000000, 0.000000000000000000 ) ) ;
#6696 = CARTESIAN_POINT ( 'NONE',  ( 62.20000000000000995, -35.39999999999999858, 3.000000000000000000 ) ) ;
#6697 = VERTEX_POINT ( 'NONE', #1757 ) ;
#6698 = VECTOR ( 'NONE', #7751, 1000.000000000000000 ) ;
#6699 = ADVANCED_FACE ( 'NONE', ( #7642 ), #1646, .T. ) ;
#6700 = ORIENTED_EDGE ( 'NONE', *, *, #7459, .T. ) ;
#6701 = VERTEX_POINT ( 'NONE', #5805 ) ;
#6702 = DIRECTION ( 'NONE',  ( 0.000000000000000000, 0.000000000000000000, 1.000000000000000000 ) ) ;
#6703 = DIRECTION ( 'NONE',  ( -0.000000000000000000, -0.000000000000000000, -1.000000000000000000 ) ) ;
#6704 = AXIS2_PLACEMENT_3D ( 'NONE', #9226, #3960, #2352 ) ;
#6705 = EDGE_LOOP ( 'NONE', ( #6962, #4842, #5472, #2807 ) ) ;
#6706 = LINE ( 'NONE', #896, #3306 ) ;
#6707 = CARTESIAN_POINT ( 'NONE',  ( -15.50000000000000711, -83.40000000000000568, -4.000000000000000000 ) ) ;
#6708 = EDGE_CURVE ( 'NONE', #6163, #8108, #8351, .T. ) ;
#6709 = AXIS2_PLACEMENT_3D ( 'NONE', #817, #100, #9402 ) ;
#6710 = LINE ( 'NONE', #5153, #10839 ) ;
#6711 = CIRCLE ( 'NONE', #2631, 1.549999999999995826 ) ;
#6712 = CARTESIAN_POINT ( 'NONE',  ( 62.20000000000000995, -68.40000000000000568, 1.000000000000000000 ) ) ;
#6713 = LINE ( 'NONE', #8540, #2752 ) ;
#6714 = DIRECTION ( 'NONE',  ( -1.000000000000000000, 0.000000000000000000, 0.000000000000000000 ) ) ;
#6715 = DIRECTION ( 'NONE',  ( -0.000000000000000000, -0.000000000000000000, -1.000000000000000000 ) ) ;
#6716 = ORIENTED_EDGE ( 'NONE', *, *, #1366, .T. ) ;
#6717 = VERTEX_POINT ( 'NONE', #10067 ) ;
#6718 = CARTESIAN_POINT ( 'NONE',  ( 13.49999999999999289, -78.39999999999996305, 1.000000000000000000 ) ) ;
#6719 = CARTESIAN_POINT ( 'NONE',  ( -2.500000000000011102, -32.39999999999999858, 3.001000000000000334 ) ) ;
#6720 = ORIENTED_EDGE ( 'NONE', *, *, #5001, .T. ) ;
#6721 = EDGE_CURVE ( 'NONE', #8174, #878, #2470, .T. ) ;
#6722 = CARTESIAN_POINT ( 'NONE',  ( 9.499999999999992895, -17.40000000000000213, 3.001000000000000334 ) ) ;
#6723 = AXIS2_PLACEMENT_3D ( 'NONE', #9043, #5549, #3046 ) ;
#6724 = LINE ( 'NONE', #8327, #6735 ) ;
#6725 = DIRECTION ( 'NONE',  ( 1.000000000000000000, 0.000000000000000000, 0.000000000000000000 ) ) ;
#6726 = ORIENTED_EDGE ( 'NONE', *, *, #10701, .F. ) ;
#6727 = VERTEX_POINT ( 'NONE', #364 ) ;
#6728 = EDGE_LOOP ( 'NONE', ( #5231, #3564, #2743, #3763 ) ) ;
#6729 = VECTOR ( 'NONE', #9559, 1000.000000000000114 ) ;
#6730 = CARTESIAN_POINT ( 'NONE',  ( 6.499999999999993783, -17.40000000000000213, 3.000000000000000000 ) ) ;
#6731 = ORIENTED_EDGE ( 'NONE', *, *, #8570, .T. ) ;
#6732 = DIRECTION ( 'NONE',  ( -9.251858538542971828E-16, -1.000000000000000000, 0.000000000000000000 ) ) ;
#6733 = DIRECTION ( 'NONE',  ( -0.000000000000000000, -0.000000000000000000, -1.000000000000000000 ) ) ;
#6734 = DIRECTION ( 'NONE',  ( 0.000000000000000000, -1.000000000000000000, 0.000000000000000000 ) ) ;
#6735 = VECTOR ( 'NONE', #1622, 1000.000000000000000 ) ;
#6736 = VECTOR ( 'NONE', #8985, 1000.000000000000000 ) ;
#6737 = FACE_OUTER_BOUND ( 'NONE', #7694, .T. ) ;
#6738 = ORIENTED_EDGE ( 'NONE', *, *, #4203, .T. ) ;
#6739 = EDGE_LOOP ( 'NONE', ( #254, #4717, #5541, #7396 ) ) ;
#6740 = ORIENTED_EDGE ( 'NONE', *, *, #6605, .F. ) ;
#6741 = PLANE ( 'NONE',  #9177 ) ;
#6742 = ADVANCED_FACE ( 'NONE', ( #1135 ), #10491, .T. ) ;
#6743 = CARTESIAN_POINT ( 'NONE',  ( 9.499999999999992895, -32.39999999999999858, 3.001000000000000334 ) ) ;
#6744 = ORIENTED_EDGE ( 'NONE', *, *, #8617, .T. ) ;
#6745 = ORIENTED_EDGE ( 'NONE', *, *, #10022, .F. ) ;
#6746 = DIRECTION ( 'NONE',  ( -1.000000000000000000, 0.000000000000000000, 0.000000000000000000 ) ) ;
#6747 = AXIS2_PLACEMENT_3D ( 'NONE', #3384, #3216, #10922 ) ;
#6748 = CARTESIAN_POINT ( 'NONE',  ( 57.20000000000000284, 11.44999999999999929, -14.00000000000000000 ) ) ;
#6749 = LINE ( 'NONE', #9182, #3541 ) ;
#6750 = ADVANCED_FACE ( 'NONE', ( #3733 ), #8836, .F. ) ;
#6751 = EDGE_CURVE ( 'NONE', #7847, #124, #1775, .T. ) ;
#6752 = DIRECTION ( 'NONE',  ( -0.000000000000000000, -0.000000000000000000, -1.000000000000000000 ) ) ;
#6753 = DIRECTION ( 'NONE',  ( 9.251858538542971828E-16, 1.000000000000000000, -0.000000000000000000 ) ) ;
#6754 = ORIENTED_EDGE ( 'NONE', *, *, #2139, .T. ) ;
#6755 = ORIENTED_EDGE ( 'NONE', *, *, #9885, .F. ) ;
#6756 = ORIENTED_EDGE ( 'NONE', *, *, #242, .T. ) ;
#6757 = DIRECTION ( 'NONE',  ( -0.000000000000000000, -0.000000000000000000, -1.000000000000000000 ) ) ;
#6758 = CARTESIAN_POINT ( 'NONE',  ( -0.2999999999999949929, 23.09999999999999787, 0.5000000000000000000 ) ) ;
#6759 = EDGE_CURVE ( 'NONE', #7683, #4749, #9611, .T. ) ;
#6760 = ORIENTED_EDGE ( 'NONE', *, *, #6901, .F. ) ;
#6761 = LINE ( 'NONE', #8425, #311 ) ;
#6762 = LINE ( 'NONE', #10190, #2822 ) ;
#6763 = EDGE_CURVE ( 'NONE', #9658, #6773, #7973, .T. ) ;
#6764 = LINE ( 'NONE', #3433, #2169 ) ;
#6765 = EDGE_CURVE ( 'NONE', #4749, #7020, #2070, .T. ) ;
#6766 = LINE ( 'NONE', #7706, #2008 ) ;
#6767 = EDGE_CURVE ( 'NONE', #7286, #5457, #9662, .T. ) ;
#6768 = CARTESIAN_POINT ( 'NONE',  ( 19.50000000000000000, 4.164757004755704983, -1.942058085672285106 ) ) ;
#6769 = CYLINDRICAL_SURFACE ( 'NONE', #5424, 0.5000000000000000000 ) ;
#6770 = EDGE_CURVE ( 'NONE', #6473, #7932, #3188, .T. ) ;
#6771 = DIRECTION ( 'NONE',  ( 0.000000000000000000, -1.000000000000000000, 0.000000000000000000 ) ) ;
#6772 = ORIENTED_EDGE ( 'NONE', *, *, #3580, .T. ) ;
#6773 = VERTEX_POINT ( 'NONE', #6345 ) ;
#6774 = CARTESIAN_POINT ( 'NONE',  ( 68.20000000000001705, -17.40000000000000213, 1.000000000000000000 ) ) ;
#6775 = DIRECTION ( 'NONE',  ( 0.000000000000000000, 0.000000000000000000, 1.000000000000000000 ) ) ;
#6776 = AXIS2_PLACEMENT_3D ( 'NONE', #4744, #5740, #9895 ) ;
#6777 = ADVANCED_FACE ( 'NONE', ( #8001, #3789 ), #2126, .T. ) ;
#6778 = EDGE_LOOP ( 'NONE', ( #1403, #3299, #218, #9782, #8979, #8175 ) ) ;
#6779 = AXIS2_PLACEMENT_3D ( 'NONE', #2710, #10355, #1059 ) ;
#6780 = PLANE ( 'NONE',  #10776 ) ;
#6781 = CARTESIAN_POINT ( 'NONE',  ( 18.50000000000000000, 25.89999999999999858, -1.000000000000000000 ) ) ;
#6782 = DIRECTION ( 'NONE',  ( 0.000000000000000000, 0.000000000000000000, -1.000000000000000000 ) ) ;
#6783 = VECTOR ( 'NONE', #4512, 1000.000000000000000 ) ;
#6784 = EDGE_CURVE ( 'NONE', #7490, #9161, #7170, .T. ) ;
#6785 = ORIENTED_EDGE ( 'NONE', *, *, #2029, .F. ) ;
#6786 = ADVANCED_FACE ( 'NONE', ( #3678 ), #4677, .F. ) ;
#6787 = CARTESIAN_POINT ( 'NONE',  ( 32.49999999999998579, -18.90000000000003055, 1.000000000000000000 ) ) ;
#6788 = ORIENTED_EDGE ( 'NONE', *, *, #9682, .T. ) ;
#6789 = DIRECTION ( 'NONE',  ( 1.000000000000000000, 0.000000000000000000, 0.000000000000000000 ) ) ;
#6790 = ORIENTED_EDGE ( 'NONE', *, *, #8061, .F. ) ;
#6791 = DIRECTION ( 'NONE',  ( -0.000000000000000000, -0.000000000000000000, -1.000000000000000000 ) ) ;
#6792 = AXIS2_PLACEMENT_3D ( 'NONE', #5059, #8444, #853 ) ;
#6793 = LINE ( 'NONE', #8452, #2345 ) ;
#6794 = CARTESIAN_POINT ( 'NONE',  ( 19.50000000000000000, 0.000000000000000000, 1.000000000000000000 ) ) ;
#6795 = CARTESIAN_POINT ( 'NONE',  ( -14.50000000000000533, 35.39999999999999858, 1.000000000000000000 ) ) ;
#6796 = EDGE_CURVE ( 'NONE', #2512, #3155, #9389, .T. ) ;
#6797 = ORIENTED_EDGE ( 'NONE', *, *, #3583, .T. ) ;
#6798 = VERTEX_POINT ( 'NONE', #9721 ) ;
#6799 = ORIENTED_EDGE ( 'NONE', *, *, #2383, .T. ) ;
#6800 = DIRECTION ( 'NONE',  ( 0.000000000000000000, 0.000000000000000000, 1.000000000000000000 ) ) ;
#6801 = FACE_OUTER_BOUND ( 'NONE', #10563, .T. ) ;
#6802 = ORIENTED_EDGE ( 'NONE', *, *, #7417, .F. ) ;
#6803 = ORIENTED_EDGE ( 'NONE', *, *, #10391, .F. ) ;
#6804 = PLANE ( 'NONE',  #10751 ) ;
#6805 = PLANE ( 'NONE',  #7891 ) ;
#6806 = DIRECTION ( 'NONE',  ( -1.000000000000000000, 0.000000000000000000, 0.000000000000000000 ) ) ;
#6807 = EDGE_CURVE ( 'NONE', #7637, #929, #7009, .T. ) ;
#6808 =( NAMED_UNIT ( * ) PLANE_ANGLE_UNIT ( ) SI_UNIT ( $, .RADIAN. ) );
#6809 = DIRECTION ( 'NONE',  ( 0.000000000000000000, -6.938893903907228378E-15, 1.000000000000000000 ) ) ;
#6810 = VERTEX_POINT ( 'NONE', #4511 ) ;
#6811 = VERTEX_POINT ( 'NONE', #6128 ) ;
#6812 = ORIENTED_EDGE ( 'NONE', *, *, #2302, .F. ) ;
#6813 = CIRCLE ( 'NONE', #5036, 2.999999999999999112 ) ;
#6814 = DIRECTION ( 'NONE',  ( -0.000000000000000000, -0.000000000000000000, 1.000000000000000000 ) ) ;
#6815 = DIRECTION ( 'NONE',  ( 0.000000000000000000, -0.000000000000000000, -1.000000000000000000 ) ) ;
#6816 = ORIENTED_EDGE ( 'NONE', *, *, #8179, .T. ) ;
#6817 = LINE ( 'NONE', #673, #5085 ) ;
#6818 = CARTESIAN_POINT ( 'NONE',  ( 51.20000000000000284, 4.000000000000000000, -1.000000000000000000 ) ) ;
#6819 = DIRECTION ( 'NONE',  ( -0.000000000000000000, -0.000000000000000000, -1.000000000000000000 ) ) ;
#6820 = AXIS2_PLACEMENT_3D ( 'NONE', #7865, #284, #4427 ) ;
#6821 = DIRECTION ( 'NONE',  ( 1.000000000000000000, 0.000000000000000000, 0.000000000000000000 ) ) ;
#6822 = DIRECTION ( 'NONE',  ( -0.000000000000000000, -0.000000000000000000, -1.000000000000000000 ) ) ;
#6823 = ORIENTED_EDGE ( 'NONE', *, *, #8607, .F. ) ;
#6824 = CARTESIAN_POINT ( 'NONE',  ( 72.20000000000000284, 36.39999999999999858, 1.000000000000000000 ) ) ;
#6825 = VERTEX_POINT ( 'NONE', #3566 ) ;
#6826 = VERTEX_POINT ( 'NONE', #9612 ) ;
#6827 = DIRECTION ( 'NONE',  ( 1.000000000000000000, 0.000000000000000000, 0.000000000000000000 ) ) ;
#6828 = CARTESIAN_POINT ( 'NONE',  ( 3.499999999999992895, -53.40000000000000568, 1.000000000000000000 ) ) ;
#6829 = VECTOR ( 'NONE', #5741, 1000.000000000000000 ) ;
#6830 = CARTESIAN_POINT ( 'NONE',  ( 27.50000000000000000, 25.89999999999999858, 0.5000000000000000000 ) ) ;
#6831 = EDGE_CURVE ( 'NONE', #6674, #8534, #2127, .T. ) ;
#6832 = CARTESIAN_POINT ( 'NONE',  ( 34.50000000000000000, -0.2999999999999999889, -10.00000000000000000 ) ) ;
#6833 = VECTOR ( 'NONE', #9491, 1000.000000000000000 ) ;
#6834 = DIRECTION ( 'NONE',  ( 0.000000000000000000, -1.000000000000000000, 0.000000000000000000 ) ) ;
#6835 = VECTOR ( 'NONE', #7604, 1000.000000000000000 ) ;
#6836 = CARTESIAN_POINT ( 'NONE',  ( -0.2999999999999949929, 23.09999999999999787, 3.000000000000000000 ) ) ;
#6837 = ORIENTED_EDGE ( 'NONE', *, *, #7539, .T. ) ;
#6838 = CARTESIAN_POINT ( 'NONE',  ( 60.20000000000003126, -95.40000000000000568, -2.999999999999985345 ) ) ;
#6839 = ORIENTED_EDGE ( 'NONE', *, *, #10427, .F. ) ;
#6840 = LINE ( 'NONE', #10936, #2611 ) ;
#6841 = ORIENTED_EDGE ( 'NONE', *, *, #5213, .F. ) ;
#6842 = CARTESIAN_POINT ( 'NONE',  ( 53.20000000000002416, -53.40000000000000568, 1.000000000000000000 ) ) ;
#6843 = EDGE_CURVE ( 'NONE', #8625, #10727, #5514, .T. ) ;
#6844 = CARTESIAN_POINT ( 'NONE',  ( 49.79999999999998295, -76.00000000000001421, 1.000000000000000000 ) ) ;
#6845 = EDGE_CURVE ( 'NONE', #2294, #4028, #4612, .T. ) ;
#6846 = CARTESIAN_POINT ( 'NONE',  ( 0.000000000000000000, 25.39999999999999858, 0.5000000000000000000 ) ) ;
#6847 = CARTESIAN_POINT ( 'NONE',  ( -5.500000000000005329, -68.40000000000000568, 3.001000000000000334 ) ) ;
#6848 = VERTEX_POINT ( 'NONE', #5398 ) ;
#6849 = EDGE_LOOP ( 'NONE', ( #2796, #4593, #1532, #8324 ) ) ;
#6850 = ORIENTED_EDGE ( 'NONE', *, *, #7316, .T. ) ;
#6851 = CARTESIAN_POINT ( 'NONE',  ( 50.20000000000000995, -35.39999999999999858, 3.001000000000000334 ) ) ;
#6852 = DIRECTION ( 'NONE',  ( 0.000000000000000000, 0.000000000000000000, 1.000000000000000000 ) ) ;
#6853 = EDGE_LOOP ( 'NONE', ( #5148, #1009, #10793, #7822 ) ) ;
#6854 = EDGE_LOOP ( 'NONE', ( #3476, #3971 ) ) ;
#6855 = CARTESIAN_POINT ( 'NONE',  ( -0.2999999999999929945, 5.950000000000000178, -1.000000000000000000 ) ) ;
#6856 = CYLINDRICAL_SURFACE ( 'NONE', #997, 0.9999999999999983347 ) ;
#6857 = EDGE_CURVE ( 'NONE', #479, #2955, #3734, .T. ) ;
#6858 = AXIS2_PLACEMENT_3D ( 'NONE', #8535, #3591, #5316 ) ;
#6859 = DIRECTION ( 'NONE',  ( -0.000000000000000000, -0.000000000000000000, -1.000000000000000000 ) ) ;
#6860 = DIRECTION ( 'NONE',  ( 0.000000000000000000, 0.000000000000000000, 1.000000000000000000 ) ) ;
#6861 = ORIENTED_EDGE ( 'NONE', *, *, #9561, .F. ) ;
#6862 = EDGE_LOOP ( 'NONE', ( #2583, #6377, #4381, #3742 ) ) ;
#6863 = ORIENTED_EDGE ( 'NONE', *, *, #7566, .F. ) ;
#6864 = CARTESIAN_POINT ( 'NONE',  ( -8.500000000000010658, -17.40000000000000213, 3.000000000000000000 ) ) ;
#6865 = DIRECTION ( 'NONE',  ( 1.000000000000000000, -0.000000000000000000, 0.000000000000000000 ) ) ;
#6866 = VECTOR ( 'NONE', #305, 1000.000000000000000 ) ;
#6867 = EDGE_LOOP ( 'NONE', ( #6032, #3229, #3933, #3517, #9697, #1579, #10455, #4944, #877 ) ) ;
#6868 = CARTESIAN_POINT ( 'NONE',  ( -8.500000000000007105, -53.40000000000000568, 1.000000000000000000 ) ) ;
#6869 = CIRCLE ( 'NONE', #2792, 1.000000000000000000 ) ;
#6870 = DIRECTION ( 'NONE',  ( 0.000000000000000000, 0.000000000000000000, -1.000000000000000000 ) ) ;
#6871 = LINE ( 'NONE', #8644, #7131 ) ;
#6872 = VECTOR ( 'NONE', #943, 1000.000000000000000 ) ;
#6873 = DIRECTION ( 'NONE',  ( 1.065554960673713885E-16, -1.000000000000000000, 0.000000000000000000 ) ) ;
#6874 = CARTESIAN_POINT ( 'NONE',  ( 65.20000000000001705, -35.39999999999999858, 3.000000000000000000 ) ) ;
#6875 = VECTOR ( 'NONE', #9893, 1000.000000000000000 ) ;
#6876 = EDGE_LOOP ( 'NONE', ( #10, #933, #4856, #822 ) ) ;
#6877 = DIRECTION ( 'NONE',  ( -1.505836350674309769E-16, 1.000000000000000000, 0.000000000000000000 ) ) ;
#6878 = ORIENTED_EDGE ( 'NONE', *, *, #10213, .T. ) ;
#6879 = ORIENTED_EDGE ( 'NONE', *, *, #5840, .T. ) ;
#6880 = CARTESIAN_POINT ( 'NONE',  ( 62.20000000000000995, -35.39999999999999858, 3.001000000000000334 ) ) ;
#6881 = DIRECTION ( 'NONE',  ( 0.000000000000000000, -1.000000000000000000, 0.000000000000000000 ) ) ;
#6882 = VECTOR ( 'NONE', #10782, 1000.000000000000000 ) ;
#6883 = DIRECTION ( 'NONE',  ( 0.000000000000000000, -0.000000000000000000, -1.000000000000000000 ) ) ;
#6884 = AXIS2_PLACEMENT_3D ( 'NONE', #2182, #2015, #8000 ) ;
#6885 = FACE_OUTER_BOUND ( 'NONE', #145, .T. ) ;
#6886 = EDGE_CURVE ( 'NONE', #1721, #7476, #8002, .T. ) ;
#6887 = CARTESIAN_POINT ( 'NONE',  ( -3.265688774807065098, 0.000000000000000000, 0.000000000000000000 ) ) ;
#6888 = CARTESIAN_POINT ( 'NONE',  ( -0.2999999999999929945, 6.949999999999999289, -7.799999999999999822 ) ) ;
#6889 = EDGE_CURVE ( 'NONE', #8763, #9187, #1909, .T. ) ;
#6890 = CARTESIAN_POINT ( 'NONE',  ( 35.50000000000000000, 26.89999999999999858, 0.5000000000000000000 ) ) ;
#6891 = VECTOR ( 'NONE', #7989, 1000.000000000000000 ) ;
#6892 = ORIENTED_EDGE ( 'NONE', *, *, #2492, .T. ) ;
#6893 = FACE_OUTER_BOUND ( 'NONE', #10307, .T. ) ;
#6894 = EDGE_LOOP ( 'NONE', ( #1982, #9808, #3423, #10343 ) ) ;
#6895 = EDGE_CURVE ( 'NONE', #4821, #3629, #10439, .T. ) ;
#6896 = FACE_OUTER_BOUND ( 'NONE', #10579, .T. ) ;
#6897 = AXIS2_PLACEMENT_3D ( 'NONE', #7268, #5663, #7374 ) ;
#6898 = CARTESIAN_POINT ( 'NONE',  ( 56.50000000000000000, 21.60000000000000142, 3.000000000000000000 ) ) ;
#6899 = ADVANCED_FACE ( 'NONE', ( #6239 ), #9665, .F. ) ;
#6900 = CARTESIAN_POINT ( 'NONE',  ( 56.20000000000001705, -68.40000000000000568, 3.000000000000000000 ) ) ;
#6901 = EDGE_CURVE ( 'NONE', #344, #4089, #3790, .T. ) ;
#6902 = DIRECTION ( 'NONE',  ( -1.000000000000000000, 9.251858538542971828E-16, 0.000000000000000000 ) ) ;
#6903 = AXIS2_PLACEMENT_3D ( 'NONE', #5084, #10178, #715 ) ;
#6904 = EDGE_CURVE ( 'NONE', #10319, #1252, #6953, .T. ) ;
#6905 = ORIENTED_EDGE ( 'NONE', *, *, #9722, .T. ) ;
#6906 = ORIENTED_EDGE ( 'NONE', *, *, #2482, .T. ) ;
#6907 = VERTEX_POINT ( 'NONE', #4455 ) ;
#6908 = DIRECTION ( 'NONE',  ( 0.000000000000000000, -1.000000000000000000, 0.000000000000000000 ) ) ;
#6909 = EDGE_CURVE ( 'NONE', #1928, #7287, #2787, .T. ) ;
#6910 = DIRECTION ( 'NONE',  ( -1.219727444046191995E-16, 1.000000000000000000, 0.000000000000000000 ) ) ;
#6911 = EDGE_LOOP ( 'NONE', ( #88, #7388, #3726, #5021 ) ) ;
#6912 = ORIENTED_EDGE ( 'NONE', *, *, #4414, .F. ) ;
#6913 = CARTESIAN_POINT ( 'NONE',  ( 19.50000000000000000, 28.86704589964730161, 0.000000000000000000 ) ) ;
#6914 = CARTESIAN_POINT ( 'NONE',  ( 9.499999999999996447, -68.40000000000000568, 1.000000000000000000 ) ) ;
#6915 = EDGE_CURVE ( 'NONE', #8529, #3311, #6213, .T. ) ;
#6916 = VECTOR ( 'NONE', #9005, 1000.000000000000000 ) ;
#6917 = DIRECTION ( 'NONE',  ( -0.000000000000000000, -0.000000000000000000, -1.000000000000000000 ) ) ;
#6918 = ORIENTED_EDGE ( 'NONE', *, *, #477, .T. ) ;
#6919 = ADVANCED_FACE ( 'NONE', ( #5344 ), #10322, .F. ) ;
#6920 = EDGE_LOOP ( 'NONE', ( #5405, #10344, #921, #7512 ) ) ;
#6921 = VECTOR ( 'NONE', #3159, 1000.000000000000000 ) ;
#6922 = VERTEX_POINT ( 'NONE', #6291 ) ;
#6923 = AXIS2_PLACEMENT_3D ( 'NONE', #1107, #5147, #9417 ) ;
#6924 = DIRECTION ( 'NONE',  ( -1.000000000000000000, 0.000000000000000000, 0.000000000000000000 ) ) ;
#6925 = FACE_BOUND ( 'NONE', #3695, .T. ) ;
#6926 = ORIENTED_EDGE ( 'NONE', *, *, #10134, .T. ) ;
#6927 = EDGE_CURVE ( 'NONE', #2578, #4504, #722, .T. ) ;
#6928 = CARTESIAN_POINT ( 'NONE',  ( 18.50000000000000000, 25.89999999999999858, 3.000000000000000000 ) ) ;
#6929 = CARTESIAN_POINT ( 'NONE',  ( 62.20000000000000284, -17.40000000000000213, 3.000000000000000000 ) ) ;
#6930 = CARTESIAN_POINT ( 'NONE',  ( 51.20000000000000284, 21.60000000000000142, 0.5000000000000000000 ) ) ;
#6931 = CARTESIAN_POINT ( 'NONE',  ( 54.69999999999999574, 17.44999999999999929, 0.5000000000000000000 ) ) ;
#6932 = DIRECTION ( 'NONE',  ( -0.000000000000000000, -0.000000000000000000, -1.000000000000000000 ) ) ;
#6933 = EDGE_CURVE ( 'NONE', #2199, #2856, #5452, .T. ) ;
#6934 = ORIENTED_EDGE ( 'NONE', *, *, #2617, .T. ) ;
#6935 = LINE ( 'NONE', #232, #4038 ) ;
#6936 = DIRECTION ( 'NONE',  ( -1.000000000000000000, 0.000000000000000000, 0.000000000000000000 ) ) ;
#6937 = ORIENTED_EDGE ( 'NONE', *, *, #4463, .T. ) ;
#6938 = VERTEX_POINT ( 'NONE', #6347 ) ;
#6939 = CARTESIAN_POINT ( 'NONE',  ( -2.299999999999999822, 11.44999999999999929, -14.00000000000000000 ) ) ;
#6940 = CARTESIAN_POINT ( 'NONE',  ( 70.20000000000001705, 24.40000000000000568, 1.000000000000000000 ) ) ;
#6941 = CARTESIAN_POINT ( 'NONE',  ( 27.50000000000000000, 0.000000000000000000, -13.00000000000000000 ) ) ;
#6942 = DIRECTION ( 'NONE',  ( -0.000000000000000000, -0.000000000000000000, -1.000000000000000000 ) ) ;
#6943 = DIRECTION ( 'NONE',  ( 0.000000000000000000, -0.000000000000000000, 1.000000000000000000 ) ) ;
#6944 = EDGE_CURVE ( 'NONE', #1470, #177, #9883, .T. ) ;
#6945 = CYLINDRICAL_SURFACE ( 'NONE', #8248, 0.5000000000000000000 ) ;
#6946 = VECTOR ( 'NONE', #5707, 1000.000000000000000 ) ;
#6947 = DIRECTION ( 'NONE',  ( 0.000000000000000000, 1.000000000000000000, 0.000000000000000000 ) ) ;
#6948 = VECTOR ( 'NONE', #2997, 1000.000000000000000 ) ;
#6949 = ORIENTED_EDGE ( 'NONE', *, *, #3399, .F. ) ;
#6950 = CARTESIAN_POINT ( 'NONE',  ( -11.50000000000001066, -32.39999999999999858, 3.001000000000000334 ) ) ;
#6951 = VERTEX_POINT ( 'NONE', #3223 ) ;
#6952 = PLANE ( 'NONE',  #9889 ) ;
#6953 = LINE ( 'NONE', #2951, #1071 ) ;
#6954 = AXIS2_PLACEMENT_3D ( 'NONE', #4788, #5678, #745 ) ;
#6955 = DIRECTION ( 'NONE',  ( -0.000000000000000000, -0.000000000000000000, -1.000000000000000000 ) ) ;
#6956 = CARTESIAN_POINT ( 'NONE',  ( 6.499999999999993783, -32.39999999999999858, 3.000000000000000000 ) ) ;
#6957 = EDGE_LOOP ( 'NONE', ( #6850, #9155, #8400, #10445 ) ) ;
#6958 = ORIENTED_EDGE ( 'NONE', *, *, #381, .T. ) ;
#6959 = ORIENTED_EDGE ( 'NONE', *, *, #8028, .F. ) ;
#6960 = CARTESIAN_POINT ( 'NONE',  ( 3.799999999999983835, -76.00000000000001421, 0.4999999999999995559 ) ) ;
#6961 = CARTESIAN_POINT ( 'NONE',  ( 27.50000000000000000, 24.40000000000000213, 0.000000000000000000 ) ) ;
#6962 = ORIENTED_EDGE ( 'NONE', *, *, #8902, .F. ) ;
#6963 = VECTOR ( 'NONE', #7991, 1000.000000000000000 ) ;
#6964 = VERTEX_POINT ( 'NONE', #5563 ) ;
#6965 = FACE_OUTER_BOUND ( 'NONE', #3283, .T. ) ;
#6966 = DIRECTION ( 'NONE',  ( 0.000000000000000000, 0.000000000000000000, 1.000000000000000000 ) ) ;
#6967 = ADVANCED_FACE ( 'NONE', ( #693 ), #8223, .F. ) ;
#6968 = EDGE_CURVE ( 'NONE', #7644, #5004, #4062, .T. ) ;
#6969 = VECTOR ( 'NONE', #8430, 1000.000000000000000 ) ;
#6970 = CARTESIAN_POINT ( 'NONE',  ( 65.20000000000000284, -32.39999999999999858, 3.000000000000000000 ) ) ;
#6971 = EDGE_LOOP ( 'NONE', ( #504, #8585, #4465, #9273 ) ) ;
#6972 = EDGE_LOOP ( 'NONE', ( #3518, #5917, #9522, #5369 ) ) ;
#6973 = ORIENTED_EDGE ( 'NONE', *, *, #6585, .T. ) ;
#6974 = CARTESIAN_POINT ( 'NONE',  ( 0.2000000000000070055, 10.44999999999999929, 1.000000000000000000 ) ) ;
#6975 = DIRECTION ( 'NONE',  ( -1.000000000000000000, 0.000000000000000000, -0.000000000000000000 ) ) ;
#6976 = VERTEX_POINT ( 'NONE', #4896 ) ;
#6977 = EDGE_CURVE ( 'NONE', #7339, #4748, #4679, .T. ) ;
#6978 = DIRECTION ( 'NONE',  ( 0.000000000000000000, 0.000000000000000000, 1.000000000000000000 ) ) ;
#6979 = DIRECTION ( 'NONE',  ( 1.000000000000000000, 4.517509052022939661E-17, 0.000000000000000000 ) ) ;
#6980 = EDGE_CURVE ( 'NONE', #6273, #2462, #5677, .T. ) ;
#6981 = EDGE_CURVE ( 'NONE', #9464, #8423, #1409, .T. ) ;
#6982 = CARTESIAN_POINT ( 'NONE',  ( 51.20000000000000284, 4.000000000000000000, 3.000000000000000000 ) ) ;
#6983 = EDGE_CURVE ( 'NONE', #2956, #4103, #7391, .T. ) ;
#6984 = LINE ( 'NONE', #3595, #1856 ) ;
#6985 = AXIS2_PLACEMENT_3D ( 'NONE', #3496, #180, #6054 ) ;
#6986 = DIRECTION ( 'NONE',  ( -1.000000000000000000, 0.000000000000000000, 0.000000000000000000 ) ) ;
#6987 = VERTEX_POINT ( 'NONE', #7282 ) ;
#6988 = CARTESIAN_POINT ( 'NONE',  ( 45.79999999999997584, -76.00000000000001421, 1.000000000000000000 ) ) ;
#6989 = EDGE_CURVE ( 'NONE', #1544, #6561, #3064, .T. ) ;
#6990 = CARTESIAN_POINT ( 'NONE',  ( 75.20000000000000284, 39.40000000000000568, 3.000000000000000000 ) ) ;
#6991 = ORIENTED_EDGE ( 'NONE', *, *, #2165, .F. ) ;
#6992 = ORIENTED_EDGE ( 'NONE', *, *, #8118, .T. ) ;
#6993 = CARTESIAN_POINT ( 'NONE',  ( 44.20000000000000995, -35.39999999999999858, 3.000000000000000000 ) ) ;
#6994 = CARTESIAN_POINT ( 'NONE',  ( 35.50000000000000000, 25.89999999999999858, 0.5000000000000000000 ) ) ;
#6995 = LINE ( 'NONE', #1125, #9724 ) ;
#6996 = AXIS2_PLACEMENT_3D ( 'NONE', #9078, #5641, #2363 ) ;
#6997 = VECTOR ( 'NONE', #4313, 1000.000000000000000 ) ;
#6998 = ADVANCED_FACE ( 'NONE', ( #1356 ), #9059, .F. ) ;
#6999 = DIRECTION ( 'NONE',  ( 1.000000000000000000, 0.000000000000000000, -0.000000000000000000 ) ) ;
#7000 = DIRECTION ( 'NONE',  ( 0.000000000000000000, 0.000000000000000000, -1.000000000000000000 ) ) ;
#7001 = DIRECTION ( 'NONE',  ( -0.000000000000000000, -0.000000000000000000, -1.000000000000000000 ) ) ;
#7002 = DIRECTION ( 'NONE',  ( -9.251858538542971828E-16, -1.000000000000000000, 0.000000000000000000 ) ) ;
#7003 = VERTEX_POINT ( 'NONE', #8277 ) ;
#7004 = DIRECTION ( 'NONE',  ( 0.000000000000000000, -1.000000000000000000, 0.000000000000000000 ) ) ;
#7005 = ORIENTED_EDGE ( 'NONE', *, *, #2221, .F. ) ;
#7006 = CARTESIAN_POINT ( 'NONE',  ( 53.20000000000002416, -35.39999999999999858, 1.000000000000000000 ) ) ;
#7007 = DIRECTION ( 'NONE',  ( 0.000000000000000000, 0.000000000000000000, -1.000000000000000000 ) ) ;
#7008 = AXIS2_PLACEMENT_3D ( 'NONE', #4390, #6006, #8772 ) ;
#7009 = LINE ( 'NONE', #2017, #2832 ) ;
#7010 = VECTOR ( 'NONE', #6446, 1000.000000000000000 ) ;
#7011 = CARTESIAN_POINT ( 'NONE',  ( 0.2000000000000080047, 2.500000000000000000, 1.000000000000000000 ) ) ;
#7012 = ORIENTED_EDGE ( 'NONE', *, *, #5458, .T. ) ;
#7013 = EDGE_LOOP ( 'NONE', ( #3623, #2321, #4893, #8007 ) ) ;
#7014 = VECTOR ( 'NONE', #7487, 1000.000000000000000 ) ;
#7015 = ORIENTED_EDGE ( 'NONE', *, *, #642, .F. ) ;
#7016 = CARTESIAN_POINT ( 'NONE',  ( 27.50000000000000000, 1.199999999999999956, -7.799999999999999822 ) ) ;
#7017 = VECTOR ( 'NONE', #2818, 1000.000000000000000 ) ;
#7018 = CYLINDRICAL_SURFACE ( 'NONE', #5750, 0.9999999999999983347 ) ;
#7019 = ORIENTED_EDGE ( 'NONE', *, *, #5952, .F. ) ;
#7020 = VERTEX_POINT ( 'NONE', #7223 ) ;
#7021 = LINE ( 'NONE', #8630, #3693 ) ;
#7022 = LINE ( 'NONE', #10284, #8780 ) ;
#7023 = DIRECTION ( 'NONE',  ( -1.000000000000000000, 0.000000000000000000, 0.000000000000000000 ) ) ;
#7024 = CARTESIAN_POINT ( 'NONE',  ( 65.20000000000001705, -35.39999999999999858, 3.001000000000000334 ) ) ;
#7025 = ADVANCED_FACE ( 'NONE', ( #1464 ), #8060, .F. ) ;
#7026 = LINE ( 'NONE', #6254, #7715 ) ;
#7027 = ORIENTED_EDGE ( 'NONE', *, *, #4894, .T. ) ;
#7028 = ORIENTED_EDGE ( 'NONE', *, *, #622, .F. ) ;
#7029 = ORIENTED_EDGE ( 'NONE', *, *, #10274, .F. ) ;
#7030 = EDGE_CURVE ( 'NONE', #5394, #10700, #3197, .T. ) ;
#7031 = CARTESIAN_POINT ( 'NONE',  ( -0.2000000000000265454, -76.00000000000001421, -7.500000000000000888 ) ) ;
#7032 = CARTESIAN_POINT ( 'NONE',  ( -14.50000000000000533, -83.40000000000000568, -4.000000000000000000 ) ) ;
#7033 = VERTEX_POINT ( 'NONE', #5782 ) ;
#7034 = VECTOR ( 'NONE', #9810, 1000.000000000000000 ) ;
#7035 = CARTESIAN_POINT ( 'NONE',  ( -12.95000000000000639, -94.39999999999999147, 3.000000000000000000 ) ) ;
#7036 = CARTESIAN_POINT ( 'NONE',  ( -0.2999999999999944933, 23.09999999999999787, -1.000000000000000000 ) ) ;
#7037 = CARTESIAN_POINT ( 'NONE',  ( 50.20000000000000995, -53.40000000000000568, 3.000000000000000000 ) ) ;
#7038 = EDGE_CURVE ( 'NONE', #10700, #6907, #1517, .T. ) ;
#7039 = CYLINDRICAL_SURFACE ( 'NONE', #10177, 5.000000000000000000 ) ;
#7040 = CARTESIAN_POINT ( 'NONE',  ( -2.500000000000011102, -32.39999999999999858, 3.000000000000000000 ) ) ;
#7041 = VECTOR ( 'NONE', #1961, 1000.000000000000000 ) ;
#7042 = ORIENTED_EDGE ( 'NONE', *, *, #5270, .T. ) ;
#7043 = ORIENTED_EDGE ( 'NONE', *, *, #5835, .F. ) ;
#7044 = SURFACE_SIDE_STYLE ('',( #10253 ) ) ;
#7045 = FACE_OUTER_BOUND ( 'NONE', #6853, .T. ) ;
#7046 = ORIENTED_EDGE ( 'NONE', *, *, #10412, .T. ) ;
#7047 = ORIENTED_EDGE ( 'NONE', *, *, #8728, .F. ) ;
#7048 = CARTESIAN_POINT ( 'NONE',  ( 49.79999999999998295, -76.00000000000001421, -7.500000000000000888 ) ) ;
#7049 = LINE ( 'NONE', #9542, #841 ) ;
#7050 = EDGE_CURVE ( 'NONE', #4002, #9388, #10709, .T. ) ;
#7051 = CARTESIAN_POINT ( 'NONE',  ( 32.49999999999998579, -18.90000000000003055, 3.001000000000000334 ) ) ;
#7052 = VECTOR ( 'NONE', #6218, 1000.000000000000000 ) ;
#7053 = DIRECTION ( 'NONE',  ( -0.000000000000000000, -0.000000000000000000, -1.000000000000000000 ) ) ;
#7054 = VECTOR ( 'NONE', #6634, 1000.000000000000000 ) ;
#7055 = FACE_OUTER_BOUND ( 'NONE', #4280, .T. ) ;
#7056 = CARTESIAN_POINT ( 'NONE',  ( 19.50000000000000000, 0.000000000000000000, -7.799999999999999822 ) ) ;
#7057 = DIRECTION ( 'NONE',  ( 0.000000000000000000, 1.000000000000000000, 0.000000000000000000 ) ) ;
#7058 = ORIENTED_EDGE ( 'NONE', *, *, #7283, .F. ) ;
#7059 = ADVANCED_FACE ( 'NONE', ( #6509 ), #5729, .T. ) ;
#7060 = DIRECTION ( 'NONE',  ( -0.000000000000000000, -0.000000000000000000, -1.000000000000000000 ) ) ;
#7061 = ORIENTED_EDGE ( 'NONE', *, *, #9212, .T. ) ;
#7062 = AXIS2_PLACEMENT_3D ( 'NONE', #7401, #3184, #6575 ) ;
#7063 = CARTESIAN_POINT ( 'NONE',  ( -3.265688774807065098, 10.44999999999999929, 1.000000000000000000 ) ) ;
#7064 = DIRECTION ( 'NONE',  ( 1.000000000000000000, 0.000000000000000000, 0.000000000000000000 ) ) ;
#7065 = DIRECTION ( 'NONE',  ( 0.000000000000000000, 1.000000000000000000, 0.000000000000000000 ) ) ;
#7066 = CARTESIAN_POINT ( 'NONE',  ( 18.50000000000000000, 25.39999999999999858, 0.5000000000000000000 ) ) ;
#7067 = VECTOR ( 'NONE', #181, 1000.000000000000000 ) ;
#7068 = EDGE_LOOP ( 'NONE', ( #8379, #4022, #2933, #1282 ) ) ;
#7069 = ORIENTED_EDGE ( 'NONE', *, *, #1758, .F. ) ;
#7070 = ORIENTED_EDGE ( 'NONE', *, *, #3308, .T. ) ;
#7071 = LINE ( 'NONE', #426, #6001 ) ;
#7072 = ORIENTED_EDGE ( 'NONE', *, *, #2144, .F. ) ;
#7073 = VERTEX_POINT ( 'NONE', #5621 ) ;
#7074 = CARTESIAN_POINT ( 'NONE',  ( -5.500000000000009770, -32.39999999999999858, 3.000000000000000000 ) ) ;
#7075 = PLANE ( 'NONE',  #116 ) ;
#7076 = DIRECTION ( 'NONE',  ( -2.312964634635742957E-16, -1.000000000000000000, 0.000000000000000000 ) ) ;
#7077 = AXIS2_PLACEMENT_3D ( 'NONE', #3377, #64, #8427 ) ;
#7078 = DIRECTION ( 'NONE',  ( 0.000000000000000000, 1.000000000000000000, -0.000000000000000000 ) ) ;
#7079 = EDGE_LOOP ( 'NONE', ( #970, #1958, #8155, #2401 ) ) ;
#7080 = EDGE_CURVE ( 'NONE', #3221, #3868, #5321, .T. ) ;
#7081 = ORIENTED_EDGE ( 'NONE', *, *, #10152, .T. ) ;
#7082 = ORIENTED_EDGE ( 'NONE', *, *, #8005, .F. ) ;
#7083 = FACE_BOUND ( 'NONE', #5106, .T. ) ;
#7084 = LINE ( 'NONE', #7249, #5928 ) ;
#7085 = ORIENTED_EDGE ( 'NONE', *, *, #2532, .T. ) ;
#7086 = VECTOR ( 'NONE', #3616, 1000.000000000000000 ) ;
#7087 = LINE ( 'NONE', #4320, #6152 ) ;
#7088 = EDGE_CURVE ( 'NONE', #7796, #8629, #2183, .T. ) ;
#7089 = CARTESIAN_POINT ( 'NONE',  ( 2.500000000000035083, -1.300000000000000044, 3.000000000000000000 ) ) ;
#7090 = CARTESIAN_POINT ( 'NONE',  ( 35.50000000000000000, 25.89999999999999858, 1.000000000000000000 ) ) ;
#7091 = DIRECTION ( 'NONE',  ( 0.000000000000000000, -1.000000000000000000, 0.000000000000000000 ) ) ;
#7092 = VECTOR ( 'NONE', #10930, 1000.000000000000000 ) ;
#7093 = AXIS2_PLACEMENT_3D ( 'NONE', #9250, #9140, #671 ) ;
#7094 = CARTESIAN_POINT ( 'NONE',  ( 54.69999999999999574, 10.44999999999999929, 0.5000000000000000000 ) ) ;
#7095 = EDGE_CURVE ( 'NONE', #192, #8629, #1572, .T. ) ;
#7096 = VERTEX_POINT ( 'NONE', #6832 ) ;
#7097 = ORIENTED_EDGE ( 'NONE', *, *, #4268, .T. ) ;
#7098 = DIRECTION ( 'NONE',  ( 0.000000000000000000, 0.000000000000000000, 1.000000000000000000 ) ) ;
#7099 = CARTESIAN_POINT ( 'NONE',  ( 60.20000000000001705, 36.39999999999999858, 1.000000000000000000 ) ) ;
#7100 = ORIENTED_EDGE ( 'NONE', *, *, #4894, .F. ) ;
#7101 = ORIENTED_EDGE ( 'NONE', *, *, #14, .T. ) ;
#7102 = DIRECTION ( 'NONE',  ( 1.000000000000000000, -0.000000000000000000, 0.000000000000000000 ) ) ;
#7103 = CARTESIAN_POINT ( 'NONE',  ( -0.2999999999999929945, 5.950000000000000178, 0.5000000000000000000 ) ) ;
#7104 = FACE_OUTER_BOUND ( 'NONE', #2335, .T. ) ;
#7105 = VECTOR ( 'NONE', #6771, 1000.000000000000000 ) ;
#7106 = EDGE_CURVE ( 'NONE', #10251, #3739, #9269, .T. ) ;
#7107 = EDGE_CURVE ( 'NONE', #317, #8204, #8552, .T. ) ;
#7108 = LINE ( 'NONE', #8658, #5852 ) ;
#7109 = DIRECTION ( 'NONE',  ( -0.000000000000000000, -0.000000000000000000, -1.000000000000000000 ) ) ;
#7110 = DIRECTION ( 'NONE',  ( 0.000000000000000000, 1.000000000000000000, 0.000000000000000000 ) ) ;
#7111 = EDGE_CURVE ( 'NONE', #2549, #5348, #8498, .T. ) ;
#7112 = DIRECTION ( 'NONE',  ( 0.000000000000000000, 0.000000000000000000, 1.000000000000000000 ) ) ;
#7113 = ORIENTED_EDGE ( 'NONE', *, *, #527, .F. ) ;
#7114 = DIRECTION ( 'NONE',  ( 0.000000000000000000, 0.000000000000000000, -1.000000000000000000 ) ) ;
#7115 = ORIENTED_EDGE ( 'NONE', *, *, #608, .F. ) ;
#7116 = FACE_OUTER_BOUND ( 'NONE', #7620, .T. ) ;
#7117 = DIRECTION ( 'NONE',  ( -0.000000000000000000, -0.000000000000000000, -1.000000000000000000 ) ) ;
#7118 = CARTESIAN_POINT ( 'NONE',  ( 9.499999999999992895, -50.39999999999999858, 3.000000000000000000 ) ) ;
#7119 = EDGE_CURVE ( 'NONE', #124, #7847, #10272, .T. ) ;
#7120 = DIRECTION ( 'NONE',  ( 0.000000000000000000, 0.000000000000000000, 1.000000000000000000 ) ) ;
#7121 = EDGE_CURVE ( 'NONE', #4224, #1521, #797, .T. ) ;
#7122 = ORIENTED_EDGE ( 'NONE', *, *, #665, .T. ) ;
#7123 = ORIENTED_EDGE ( 'NONE', *, *, #1357, .T. ) ;
#7124 = ORIENTED_EDGE ( 'NONE', *, *, #5006, .T. ) ;
#7125 = DIRECTION ( 'NONE',  ( 0.000000000000000000, 0.000000000000000000, 1.000000000000000000 ) ) ;
#7126 = VERTEX_POINT ( 'NONE', #6781 ) ;
#7127 = ORIENTED_EDGE ( 'NONE', *, *, #9830, .T. ) ;
#7128 = CARTESIAN_POINT ( 'NONE',  ( 0.4999999999999882871, -17.40000000000000213, 3.000000000000000000 ) ) ;
#7129 = DIRECTION ( 'NONE',  ( 0.000000000000000000, 0.4226182617407039377, -0.9063077870366479383 ) ) ;
#7130 = AXIS2_PLACEMENT_3D ( 'NONE', #1419, #7458, #4854 ) ;
#7131 = VECTOR ( 'NONE', #2871, 1000.000000000000000 ) ;
#7132 = CARTESIAN_POINT ( 'NONE',  ( 35.20000000000002416, -35.39999999999999858, 1.000000000000000000 ) ) ;
#7133 = EDGE_CURVE ( 'NONE', #1817, #4998, #963, .T. ) ;
#7134 = CARTESIAN_POINT ( 'NONE',  ( -1.300000000000000044, 2.500000000000000000, 3.000000000000000000 ) ) ;
#7135 = EDGE_LOOP ( 'NONE', ( #1496, #5638, #894, #4639 ) ) ;
#7136 = VECTOR ( 'NONE', #10010, 1000.000000000000000 ) ;
#7137 = AXIS2_PLACEMENT_3D ( 'NONE', #1743, #8509, #925 ) ;
#7138 = ORIENTED_EDGE ( 'NONE', *, *, #1031, .T. ) ;
#7139 = ORIENTED_EDGE ( 'NONE', *, *, #10328, .F. ) ;
#7140 = FACE_BOUND ( 'NONE', #6620, .T. ) ;
#7141 = DIRECTION ( 'NONE',  ( 0.000000000000000000, 0.000000000000000000, -1.000000000000000000 ) ) ;
#7142 = ORIENTED_EDGE ( 'NONE', *, *, #2490, .F. ) ;
#7143 = CARTESIAN_POINT ( 'NONE',  ( 60.20000000000001705, 34.39999999999999858, -4.000000000000000000 ) ) ;
#7144 = LINE ( 'NONE', #7089, #7965 ) ;
#7145 = VECTOR ( 'NONE', #6943, 1000.000000000000000 ) ;
#7146 = PLANE ( 'NONE',  #5530 ) ;
#7147 = DIRECTION ( 'NONE',  ( -1.000000000000000000, 0.000000000000000000, 0.000000000000000000 ) ) ;
#7148 = CARTESIAN_POINT ( 'NONE',  ( -8.500000000000010658, -32.39999999999999858, 3.001000000000000334 ) ) ;
#7149 = ORIENTED_EDGE ( 'NONE', *, *, #10914, .T. ) ;
#7150 = ORIENTED_EDGE ( 'NONE', *, *, #10081, .F. ) ;
#7151 = DIRECTION ( 'NONE',  ( 1.000000000000000000, -4.357233220663877152E-16, 0.000000000000000000 ) ) ;
#7152 = DIRECTION ( 'NONE',  ( 1.000000000000000000, 0.000000000000000000, 0.000000000000000000 ) ) ;
#7153 = ORIENTED_EDGE ( 'NONE', *, *, #10022, .T. ) ;
#7154 = ORIENTED_EDGE ( 'NONE', *, *, #494, .F. ) ;
#7155 = DIRECTION ( 'NONE',  ( -1.007096357606274060E-16, 1.000000000000000000, -0.000000000000000000 ) ) ;
#7156 = FACE_OUTER_BOUND ( 'NONE', #3684, .T. ) ;
#7157 = DIRECTION ( 'NONE',  ( 0.000000000000000000, 0.000000000000000000, -1.000000000000000000 ) ) ;
#7158 = DIRECTION ( 'NONE',  ( 0.000000000000000000, 0.000000000000000000, 1.000000000000000000 ) ) ;
#7159 = CARTESIAN_POINT ( 'NONE',  ( 27.50000000000000000, 27.86760707430824979, 0.03349678200752224944 ) ) ;
#7160 = PLANE ( 'NONE',  #7189 ) ;
#7161 = CARTESIAN_POINT ( 'NONE',  ( -5.500000000000005329, -68.40000000000000568, 1.000000000000000000 ) ) ;
#7162 = FACE_OUTER_BOUND ( 'NONE', #255, .T. ) ;
#7163 = EDGE_LOOP ( 'NONE', ( #3113, #8598, #7441, #4417, #8447, #7260 ) ) ;
#7164 = EDGE_CURVE ( 'NONE', #10791, #1600, #4113, .T. ) ;
#7165 = CARTESIAN_POINT ( 'NONE',  ( 34.50000000000000000, 0.2000000000000000111, 1.000000000000000000 ) ) ;
#7166 = AXIS2_PLACEMENT_3D ( 'NONE', #10092, #7610, #7440 ) ;
#7167 = ORIENTED_EDGE ( 'NONE', *, *, #6175, .F. ) ;
#7168 = LINE ( 'NONE', #3731, #6541 ) ;
#7169 = VECTOR ( 'NONE', #5390, 1000.000000000000000 ) ;
#7170 = LINE ( 'NONE', #8894, #182 ) ;
#7171 = DIRECTION ( 'NONE',  ( -0.000000000000000000, -0.000000000000000000, 1.000000000000000000 ) ) ;
#7172 = FACE_OUTER_BOUND ( 'NONE', #7342, .T. ) ;
#7173 = CIRCLE ( 'NONE', #1158, 0.5000000000000000000 ) ;
#7174 = EDGE_LOOP ( 'NONE', ( #8010, #4365, #3466, #7638 ) ) ;
#7175 = EDGE_LOOP ( 'NONE', ( #6839, #4121, #4519, #5118 ) ) ;
#7176 = ORIENTED_EDGE ( 'NONE', *, *, #6981, .F. ) ;
#7177 = DIRECTION ( 'NONE',  ( 0.000000000000000000, 0.000000000000000000, 1.000000000000000000 ) ) ;
#7178 = ORIENTED_EDGE ( 'NONE', *, *, #9908, .F. ) ;
#7179 = ORIENTED_EDGE ( 'NONE', *, *, #9218, .T. ) ;
#7180 = EDGE_CURVE ( 'NONE', #821, #10278, #6724, .T. ) ;
#7181 = LINE ( 'NONE', #9624, #6181 ) ;
#7182 = CARTESIAN_POINT ( 'NONE',  ( 3.499999999999991118, -50.39999999999999858, 3.000000000000000000 ) ) ;
#7183 = EDGE_CURVE ( 'NONE', #8545, #5457, #6004, .T. ) ;
#7184 = VECTOR ( 'NONE', #10833, 1000.000000000000000 ) ;
#7185 = DIRECTION ( 'NONE',  ( 4.517509052022939661E-17, -1.000000000000000000, 0.000000000000000000 ) ) ;
#7186 = AXIS2_PLACEMENT_3D ( 'NONE', #432, #3745, #375 ) ;
#7187 = DIRECTION ( 'NONE',  ( -0.000000000000000000, -0.000000000000000000, -1.000000000000000000 ) ) ;
#7188 = ORIENTED_EDGE ( 'NONE', *, *, #2006, .T. ) ;
#7189 = AXIS2_PLACEMENT_3D ( 'NONE', #2632, #10220, #5502 ) ;
#7190 = VERTEX_POINT ( 'NONE', #4172 ) ;
#7191 = ORIENTED_EDGE ( 'NONE', *, *, #6099, .F. ) ;
#7192 = FACE_BOUND ( 'NONE', #2232, .T. ) ;
#7193 = DIRECTION ( 'NONE',  ( 0.000000000000000000, 1.000000000000000000, -0.000000000000000000 ) ) ;
#7194 = ORIENTED_EDGE ( 'NONE', *, *, #3664, .F. ) ;
#7195 = ADVANCED_FACE ( 'NONE', ( #6885 ), #5166, .T. ) ;
#7196 = LINE ( 'NONE', #2979, #2601 ) ;
#7197 = DIRECTION ( 'NONE',  ( 1.000000000000000000, 0.000000000000000000, 0.000000000000000000 ) ) ;
#7198 = DIRECTION ( 'NONE',  ( 0.000000000000000000, 0.000000000000000000, 1.000000000000000000 ) ) ;
#7199 = DIRECTION ( 'NONE',  ( 1.000000000000000000, -0.000000000000000000, -0.000000000000000000 ) ) ;
#7200 = PLANE ( 'NONE',  #227 ) ;
#7201 = ORIENTED_EDGE ( 'NONE', *, *, #8733, .F. ) ;
#7202 = EDGE_LOOP ( 'NONE', ( #8093, #326, #1602, #521 ) ) ;
#7203 = AXIS2_PLACEMENT_3D ( 'NONE', #10078, #10133, #2542 ) ;
#7204 = PLANE ( 'NONE',  #6349 ) ;
#7205 = CARTESIAN_POINT ( 'NONE',  ( 49.79999999999998295, -76.00000000000001421, -7.500000000000000888 ) ) ;
#7206 = ORIENTED_EDGE ( 'NONE', *, *, #2755, .F. ) ;
#7207 = ORIENTED_EDGE ( 'NONE', *, *, #9992, .T. ) ;
#7208 = LINE ( 'NONE', #8209, #7034 ) ;
#7209 = LINE ( 'NONE', #352, #165 ) ;
#7210 = DIRECTION ( 'NONE',  ( -1.000000000000000000, 0.000000000000000000, 0.000000000000000000 ) ) ;
#7211 = CARTESIAN_POINT ( 'NONE',  ( 9.499999999999992895, -32.39999999999999858, 3.001000000000000334 ) ) ;
#7212 = DIRECTION ( 'NONE',  ( -9.251858538542971828E-16, -1.000000000000000000, 0.000000000000000000 ) ) ;
#7213 = DIRECTION ( 'NONE',  ( 0.000000000000000000, -1.000000000000000000, 0.000000000000000000 ) ) ;
#7214 = CARTESIAN_POINT ( 'NONE',  ( 2.500000000000000000, 23.09999999999999787, 1.000000000000000000 ) ) ;
#7215 = ORIENTED_EDGE ( 'NONE', *, *, #9524, .F. ) ;
#7216 = DIRECTION ( 'NONE',  ( 0.000000000000000000, 0.000000000000000000, 1.000000000000000000 ) ) ;
#7217 = DIRECTION ( 'NONE',  ( -9.251858538542971828E-16, -1.000000000000000000, 0.000000000000000000 ) ) ;
#7218 = ORIENTED_EDGE ( 'NONE', *, *, #8856, .F. ) ;
#7219 = VECTOR ( 'NONE', #7004, 1000.000000000000000 ) ;
#7220 = LINE ( 'NONE', #4676, #5824 ) ;
#7221 = EDGE_CURVE ( 'NONE', #9248, #991, #4620, .T. ) ;
#7222 = VECTOR ( 'NONE', #10897, 1000.000000000000000 ) ;
#7223 = CARTESIAN_POINT ( 'NONE',  ( 60.20000000000001705, 34.39999999999999858, 1.000000000000000000 ) ) ;
#7224 = DIRECTION ( 'NONE',  ( 1.000000000000000000, 0.000000000000000000, 0.000000000000000000 ) ) ;
#7225 = EDGE_CURVE ( 'NONE', #10160, #10497, #7551, .T. ) ;
#7226 = AXIS2_PLACEMENT_3D ( 'NONE', #4823, #617, #3987 ) ;
#7227 = ORIENTED_EDGE ( 'NONE', *, *, #10506, .F. ) ;
#7228 = ORIENTED_EDGE ( 'NONE', *, *, #10824, .T. ) ;
#7229 = EDGE_CURVE ( 'NONE', #9580, #4588, #5943, .T. ) ;
#7230 = CIRCLE ( 'NONE', #8479, 2.999999999999999112 ) ;
#7231 = ORIENTED_EDGE ( 'NONE', *, *, #4303, .F. ) ;
#7232 = CARTESIAN_POINT ( 'NONE',  ( 56.20000000000001705, -68.40000000000000568, 3.001000000000000334 ) ) ;
#7233 = EDGE_LOOP ( 'NONE', ( #7633, #10448, #7061, #531 ) ) ;
#7234 = DIRECTION ( 'NONE',  ( 0.000000000000000000, -1.000000000000000000, 0.000000000000000000 ) ) ;
#7235 = ADVANCED_FACE ( 'NONE', ( #3499 ), #1674, .F. ) ;
#7236 = AXIS2_PLACEMENT_3D ( 'NONE', #6076, #5965, #5907 ) ;
#7237 = EDGE_CURVE ( 'NONE', #8166, #6108, #3273, .T. ) ;
#7238 = CARTESIAN_POINT ( 'NONE',  ( 55.50000000000000000, 5.950000000000000178, 1.000000000000000000 ) ) ;
#7239 = EDGE_CURVE ( 'NONE', #10072, #8297, #7668, .T. ) ;
#7240 = VECTOR ( 'NONE', #4008, 1000.000000000000000 ) ;
#7241 = EDGE_CURVE ( 'NONE', #2036, #9917, #10039, .T. ) ;
#7242 = LINE ( 'NONE', #8077, #2924 ) ;
#7243 = ORIENTED_EDGE ( 'NONE', *, *, #4480, .T. ) ;
#7244 = ADVANCED_FACE ( 'NONE', ( #2612 ), #10098, .F. ) ;
#7245 = EDGE_LOOP ( 'NONE', ( #146, #7450, #5998, #7178 ) ) ;
#7246 = ORIENTED_EDGE ( 'NONE', *, *, #427, .F. ) ;
#7247 = FACE_BOUND ( 'NONE', #3984, .T. ) ;
#7248 = EDGE_CURVE ( 'NONE', #3398, #6633, #7881, .T. ) ;
#7249 = CARTESIAN_POINT ( 'NONE',  ( 56.20000000000001705, -53.40000000000000568, 1.000000000000000000 ) ) ;
#7250 = ORIENTED_EDGE ( 'NONE', *, *, #2831, .T. ) ;
#7251 = LINE ( 'NONE', #1318, #8276 ) ;
#7252 = CARTESIAN_POINT ( 'NONE',  ( 47.20000000000001705, -17.40000000000000213, 3.001000000000000334 ) ) ;
#7253 = VECTOR ( 'NONE', #6154, 1000.000000000000000 ) ;
#7254 = CARTESIAN_POINT ( 'NONE',  ( 7.799999999999994493, -76.00000000000001421, -7.500000000000000888 ) ) ;
#7255 = CARTESIAN_POINT ( 'NONE',  ( 0.4999999999999935052, -68.40000000000000568, 3.001000000000000334 ) ) ;
#7256 = EDGE_CURVE ( 'NONE', #4013, #917, #10312, .T. ) ;
#7257 = ORIENTED_EDGE ( 'NONE', *, *, #4100, .T. ) ;
#7258 = ADVANCED_FACE ( 'NONE', ( #5441 ), #4440, .T. ) ;
#7259 = LINE ( 'NONE', #10738, #6417 ) ;
#7260 = ORIENTED_EDGE ( 'NONE', *, *, #8621, .T. ) ;
#7261 = ORIENTED_EDGE ( 'NONE', *, *, #9540, .T. ) ;
#7262 = VECTOR ( 'NONE', #1965, 1000.000000000000000 ) ;
#7263 = DIRECTION ( 'NONE',  ( -0.000000000000000000, -0.000000000000000000, -1.000000000000000000 ) ) ;
#7264 = CARTESIAN_POINT ( 'NONE',  ( 0.000000000000000000, 10.44999999999999929, -7.799999999999999822 ) ) ;
#7265 = ORIENTED_EDGE ( 'NONE', *, *, #8118, .F. ) ;
#7266 = ORIENTED_EDGE ( 'NONE', *, *, #10138, .F. ) ;
#7267 = CARTESIAN_POINT ( 'NONE',  ( 56.20000000000001705, -53.40000000000000568, 3.001000000000000334 ) ) ;
#7268 = CARTESIAN_POINT ( 'NONE',  ( 51.20000000000000284, 4.000000000000000000, 0.5000000000000000000 ) ) ;
#7269 = VECTOR ( 'NONE', #10532, 1000.000000000000000 ) ;
#7270 = DIRECTION ( 'NONE',  ( 0.000000000000000000, -1.000000000000000000, 0.000000000000000000 ) ) ;
#7271 = CARTESIAN_POINT ( 'NONE',  ( 60.20000000000001705, 35.40000000000001279, -4.000000000000000000 ) ) ;
#7272 = ADVANCED_FACE ( 'NONE', ( #1952 ), #2776, .F. ) ;
#7273 = DIRECTION ( 'NONE',  ( 9.251858538542971828E-16, 1.000000000000000000, -0.000000000000000000 ) ) ;
#7274 = PLANE ( 'NONE',  #6491 ) ;
#7275 = DIRECTION ( 'NONE',  ( 0.000000000000000000, 1.000000000000000000, -0.000000000000000000 ) ) ;
#7276 = ORIENTED_EDGE ( 'NONE', *, *, #9212, .F. ) ;
#7277 = ORIENTED_EDGE ( 'NONE', *, *, #2168, .T. ) ;
#7278 = FACE_BOUND ( 'NONE', #6556, .T. ) ;
#7279 = CARTESIAN_POINT ( 'NONE',  ( -8.500000000000010658, -32.39999999999999858, 1.000000000000000000 ) ) ;
#7280 = EDGE_LOOP ( 'NONE', ( #7179, #1945, #1599, #3249 ) ) ;
#7281 = CARTESIAN_POINT ( 'NONE',  ( 44.20000000000000995, -35.39999999999999858, 1.000000000000000000 ) ) ;
#7282 = CARTESIAN_POINT ( 'NONE',  ( -11.50000000000000711, -53.40000000000000568, 1.000000000000000000 ) ) ;
#7283 = EDGE_CURVE ( 'NONE', #2132, #6342, #8824, .T. ) ;
#7284 = FACE_OUTER_BOUND ( 'NONE', #6432, .T. ) ;
#7285 = ORIENTED_EDGE ( 'NONE', *, *, #10301, .T. ) ;
#7286 = VERTEX_POINT ( 'NONE', #183 ) ;
#7287 = VERTEX_POINT ( 'NONE', #2724 ) ;
#7288 = DIRECTION ( 'NONE',  ( -1.000000000000000000, -0.000000000000000000, -0.000000000000000000 ) ) ;
#7289 = VERTEX_POINT ( 'NONE', #8769 ) ;
#7290 = LINE ( 'NONE', #2907, #1044 ) ;
#7291 = CARTESIAN_POINT ( 'NONE',  ( -8.500000000000010658, -32.39999999999999858, 1.000000000000000000 ) ) ;
#7292 = PLANE ( 'NONE',  #9126 ) ;
#7293 = ORIENTED_EDGE ( 'NONE', *, *, #5151, .T. ) ;
#7294 = ORIENTED_EDGE ( 'NONE', *, *, #10323, .T. ) ;
#7295 = EDGE_LOOP ( 'NONE', ( #1133, #8831, #8871, #749, #2157, #2900 ) ) ;
#7296 = FACE_OUTER_BOUND ( 'NONE', #2340, .T. ) ;
#7297 = CIRCLE ( 'NONE', #8713, 4.000000000000010658 ) ;
#7298 = CARTESIAN_POINT ( 'NONE',  ( 27.50000000000000000, 24.40000000000000213, -8.300000000000000711 ) ) ;
#7299 = AXIS2_PLACEMENT_3D ( 'NONE', #10677, #8144, #8088 ) ;
#7300 = ORIENTED_EDGE ( 'NONE', *, *, #3865, .F. ) ;
#7301 = EDGE_CURVE ( 'NONE', #5234, #1710, #8708, .T. ) ;
#7302 = LINE ( 'NONE', #7520, #8803 ) ;
#7303 = CYLINDRICAL_SURFACE ( 'NONE', #543, 0.5000000000000000000 ) ;
#7304 = DIRECTION ( 'NONE',  ( -1.000000000000000000, 0.000000000000000000, 0.000000000000000000 ) ) ;
#7305 = CIRCLE ( 'NONE', #2884, 4.000000000000010658 ) ;
#7306 = CIRCLE ( 'NONE', #1124, 4.000000000000010658 ) ;
#7307 = LINE ( 'NONE', #6484, #2391 ) ;
#7308 = EDGE_LOOP ( 'NONE', ( #3929, #4531, #1546, #8734 ) ) ;
#7309 = CARTESIAN_POINT ( 'NONE',  ( 2.500000000000035083, 26.89999999999999858, 3.000000000000000000 ) ) ;
#7310 = ORIENTED_EDGE ( 'NONE', *, *, #1411, .F. ) ;
#7311 = VERTEX_POINT ( 'NONE', #1179 ) ;
#7312 = CARTESIAN_POINT ( 'NONE',  ( 18.50000000000000000, -1.800000000000000044, 1.000000000000000000 ) ) ;
#7313 = CARTESIAN_POINT ( 'NONE',  ( 50.20000000000000995, -53.40000000000000568, 1.000000000000000000 ) ) ;
#7314 = ORIENTED_EDGE ( 'NONE', *, *, #3187, .T. ) ;
#7315 = ORIENTED_EDGE ( 'NONE', *, *, #7625, .T. ) ;
#7316 = EDGE_CURVE ( 'NONE', #9496, #927, #9548, .T. ) ;
#7317 = DIRECTION ( 'NONE',  ( 1.000000000000000000, 0.000000000000000000, 0.000000000000000000 ) ) ;
#7318 = AXIS2_PLACEMENT_3D ( 'NONE', #10262, #1844, #915 ) ;
#7319 = EDGE_CURVE ( 'NONE', #983, #6412, #9487, .T. ) ;
#7320 = LINE ( 'NONE', #8261, #363 ) ;
#7321 = ADVANCED_FACE ( 'NONE', ( #299 ), #1017, .T. ) ;
#7322 = DIRECTION ( 'NONE',  ( 0.000000000000000000, 1.000000000000000000, 0.000000000000000000 ) ) ;
#7323 = LINE ( 'NONE', #10640, #4485 ) ;
#7324 = EDGE_CURVE ( 'NONE', #5613, #3183, #5275, .T. ) ;
#7325 = CARTESIAN_POINT ( 'NONE',  ( 53.20000000000002416, -35.39999999999999858, 3.000000000000000000 ) ) ;
#7326 = CARTESIAN_POINT ( 'NONE',  ( -11.50000000000001066, -32.39999999999999858, 3.000000000000000000 ) ) ;
#7327 = CARTESIAN_POINT ( 'NONE',  ( 49.79999999999998295, -10.00000000000000888, -7.500000000000000888 ) ) ;
#7328 = ORIENTED_EDGE ( 'NONE', *, *, #8869, .F. ) ;
#7329 = CARTESIAN_POINT ( 'NONE',  ( 71.20000000000001705, -94.39999999999999147, 3.000000000000000000 ) ) ;
#7330 = CARTESIAN_POINT ( 'NONE',  ( 32.49999999999998579, -18.90000000000003055, 3.001000000000000334 ) ) ;
#7331 = ORIENTED_EDGE ( 'NONE', *, *, #5969, .T. ) ;
#7332 = EDGE_CURVE ( 'NONE', #9963, #5173, #406, .T. ) ;
#7333 = CARTESIAN_POINT ( 'NONE',  ( 9.499999999999992895, -17.40000000000000213, 3.001000000000000334 ) ) ;
#7334 = DIRECTION ( 'NONE',  ( -6.285229985423258662E-17, -1.000000000000000000, 0.000000000000000000 ) ) ;
#7335 = CARTESIAN_POINT ( 'NONE',  ( 57.00000000000000000, 0.000000000000000000, 0.5000000000000000000 ) ) ;
#7336 = EDGE_LOOP ( 'NONE', ( #952, #5144, #4782, #9287 ) ) ;
#7337 = VECTOR ( 'NONE', #9773, 1000.000000000000000 ) ;
#7338 = ORIENTED_EDGE ( 'NONE', *, *, #10692, .F. ) ;
#7339 = VERTEX_POINT ( 'NONE', #3558 ) ;
#7340 = DIRECTION ( 'NONE',  ( -0.000000000000000000, -0.000000000000000000, -1.000000000000000000 ) ) ;
#7341 = AXIS2_PLACEMENT_3D ( 'NONE', #7726, #134, #7112 ) ;
#7342 = EDGE_LOOP ( 'NONE', ( #9940, #204, #10714, #76 ) ) ;
#7343 = CARTESIAN_POINT ( 'NONE',  ( 27.50000000000000000, -3.272120448235484869, 0.000000000000000000 ) ) ;
#7344 = CARTESIAN_POINT ( 'NONE',  ( -11.50000000000000711, -68.40000000000000568, 3.000000000000000000 ) ) ;
#7345 = VECTOR ( 'NONE', #8083, 1000.000000000000000 ) ;
#7346 = VECTOR ( 'NONE', #4217, 1000.000000000000000 ) ;
#7347 = EDGE_CURVE ( 'NONE', #723, #8108, #1072, .T. ) ;
#7348 = CARTESIAN_POINT ( 'NONE',  ( 68.20000000000001705, -35.39999999999999858, 1.000000000000000000 ) ) ;
#7349 = ORIENTED_EDGE ( 'NONE', *, *, #4213, .F. ) ;
#7350 = EDGE_LOOP ( 'NONE', ( #10653, #8150, #1152, #1485, #4301 ) ) ;
#7351 = ORIENTED_EDGE ( 'NONE', *, *, #9329, .T. ) ;
#7352 = LINE ( 'NONE', #6686, #6882 ) ;
#7353 = VECTOR ( 'NONE', #2140, 1000.000000000000000 ) ;
#7354 = CARTESIAN_POINT ( 'NONE',  ( 59.20000000000001705, -17.40000000000000213, 1.000000000000000000 ) ) ;
#7355 = ORIENTED_EDGE ( 'NONE', *, *, #6944, .F. ) ;
#7356 = DIRECTION ( 'NONE',  ( -0.000000000000000000, 0.000000000000000000, -1.000000000000000000 ) ) ;
#7357 = DIRECTION ( 'NONE',  ( 0.000000000000000000, 0.000000000000000000, -1.000000000000000000 ) ) ;
#7358 = PLANE ( 'NONE',  #1420 ) ;
#7360 = EDGE_CURVE ( 'NONE', #9463, #1921, #1126, .T. ) ;
#7359 = CIRCLE ( 'NONE', #5586, 5.299999999999998934 ) ;
#7361 = CARTESIAN_POINT ( 'NONE',  ( -3.299999999999999822, 11.44999999999999929, 0.000000000000000000 ) ) ;
#7362 = VECTOR ( 'NONE', #4724, 1000.000000000000000 ) ;
#7363 = DIRECTION ( 'NONE',  ( 0.000000000000000000, 0.000000000000000000, -1.000000000000000000 ) ) ;
#7364 = EDGE_CURVE ( 'NONE', #2392, #7832, #7108, .T. ) ;
#7365 = VERTEX_POINT ( 'NONE', #10479 ) ;
#7366 = DIRECTION ( 'NONE',  ( 0.000000000000000000, 0.000000000000000000, -1.000000000000000000 ) ) ;
#7367 = ORIENTED_EDGE ( 'NONE', *, *, #6533, .T. ) ;
#7368 = ORIENTED_EDGE ( 'NONE', *, *, #3503, .T. ) ;
#7369 = DIRECTION ( 'NONE',  ( 0.000000000000000000, 0.000000000000000000, -1.000000000000000000 ) ) ;
#7370 = CARTESIAN_POINT ( 'NONE',  ( -5.500000000000007994, -50.39999999999999858, 3.001000000000000334 ) ) ;
#7371 = VECTOR ( 'NONE', #7435, 1000.000000000000000 ) ;
#7372 = ORIENTED_EDGE ( 'NONE', *, *, #1682, .T. ) ;
#7373 = CARTESIAN_POINT ( 'NONE',  ( -14.50000000000000533, -94.39999999999999147, 1.000000000000000000 ) ) ;
#7374 = DIRECTION ( 'NONE',  ( 1.000000000000000000, 0.000000000000000000, 0.000000000000000000 ) ) ;
#7375 = EDGE_CURVE ( 'NONE', #3809, #287, #4499, .T. ) ;
#7376 = FACE_OUTER_BOUND ( 'NONE', #4602, .T. ) ;
#7377 = EDGE_CURVE ( 'NONE', #9414, #8347, #7826, .T. ) ;
#7378 = DIRECTION ( 'NONE',  ( 1.000000000000000000, 0.000000000000000000, 0.000000000000000000 ) ) ;
#7379 = AXIS2_PLACEMENT_3D ( 'NONE', #5873, #1500, #2484 ) ;
#7380 = LINE ( 'NONE', #5607, #3830 ) ;
#7381 = LINE ( 'NONE', #5879, #4716 ) ;
#7382 = EDGE_CURVE ( 'NONE', #1748, #5935, #2834, .T. ) ;
#7383 = DIRECTION ( 'NONE',  ( 0.000000000000000000, 0.000000000000000000, 1.000000000000000000 ) ) ;
#7384 = VERTEX_POINT ( 'NONE', #10802 ) ;
#7385 = ORIENTED_EDGE ( 'NONE', *, *, #4454, .T. ) ;
#7386 = FACE_BOUND ( 'NONE', #721, .T. ) ;
#7387 = PLANE ( 'NONE',  #7510 ) ;
#7388 = ORIENTED_EDGE ( 'NONE', *, *, #7248, .T. ) ;
#7389 = CARTESIAN_POINT ( 'NONE',  ( 2.500000000000000000, 23.09999999999999787, -1.000000000000000000 ) ) ;
#7390 = CIRCLE ( 'NONE', #3132, 1.549999999999995826 ) ;
#7391 = LINE ( 'NONE', #3900, #9921 ) ;
#7392 = DIRECTION ( 'NONE',  ( 0.000000000000000000, -0.000000000000000000, -1.000000000000000000 ) ) ;
#7393 = EDGE_CURVE ( 'NONE', #10215, #1865, #2329, .T. ) ;
#7394 = ORIENTED_EDGE ( 'NONE', *, *, #282, .T. ) ;
#7395 = VECTOR ( 'NONE', #8336, 1000.000000000000000 ) ;
#7396 = ORIENTED_EDGE ( 'NONE', *, *, #195, .F. ) ;
#7397 = ORIENTED_EDGE ( 'NONE', *, *, #4600, .F. ) ;
#7398 = CARTESIAN_POINT ( 'NONE',  ( 0.4999999999999882871, -32.39999999999999858, 1.000000000000000000 ) ) ;
#7399 = EDGE_LOOP ( 'NONE', ( #6080, #5329, #10282, #10265 ) ) ;
#7400 = AXIS2_PLACEMENT_3D ( 'NONE', #2468, #5802, #7356 ) ;
#7401 = CARTESIAN_POINT ( 'NONE',  ( 18.50000000000000000, -0.2999999999999999889, 3.000000000000000000 ) ) ;
#7402 = CYLINDRICAL_SURFACE ( 'NONE', #6776, 1.549999999999995826 ) ;
#7403 = CIRCLE ( 'NONE', #4571, 3.799999999999999822 ) ;
#7404 = VECTOR ( 'NONE', #6520, 1000.000000000000000 ) ;
#7405 = DIRECTION ( 'NONE',  ( 1.000000000000000000, -0.000000000000000000, 0.000000000000000000 ) ) ;
#7406 = ORIENTED_EDGE ( 'NONE', *, *, #4682, .F. ) ;
#7407 = ORIENTED_EDGE ( 'NONE', *, *, #8073, .F. ) ;
#7408 = VERTEX_POINT ( 'NONE', #573 ) ;
#7409 = DIRECTION ( 'NONE',  ( 0.000000000000000000, 0.000000000000000000, 1.000000000000000000 ) ) ;
#7410 = LINE ( 'NONE', #9024, #6114 ) ;
#7411 = CIRCLE ( 'NONE', #10593, 0.5000000000000000000 ) ;
#7412 = VERTEX_POINT ( 'NONE', #1340 ) ;
#7413 = LINE ( 'NONE', #5861, #2434 ) ;
#7414 = CARTESIAN_POINT ( 'NONE',  ( 18.50000000000000000, -0.2999999999999999889, 3.000000000000000000 ) ) ;
#7415 = VECTOR ( 'NONE', #5728, 1000.000000000000000 ) ;
#7416 = CARTESIAN_POINT ( 'NONE',  ( 58.16568877480710142, 0.000000000000000000, 0.000000000000000000 ) ) ;
#7417 = EDGE_CURVE ( 'NONE', #602, #424, #676, .T. ) ;
#7418 = PLANE ( 'NONE',  #6256 ) ;
#7419 = CARTESIAN_POINT ( 'NONE',  ( 15.49999999999999289, -78.39999999999996305, 1.000000000000000000 ) ) ;
#7420 = ORIENTED_EDGE ( 'NONE', *, *, #6240, .F. ) ;
#7421 = DIRECTION ( 'NONE',  ( 0.000000000000000000, 0.000000000000000000, -1.000000000000000000 ) ) ;
#7422 = VECTOR ( 'NONE', #7889, 1000.000000000000000 ) ;
#7423 = ORIENTED_EDGE ( 'NONE', *, *, #1234, .F. ) ;
#7424 = CARTESIAN_POINT ( 'NONE',  ( 53.79999999999999005, -10.00000000000000888, -7.500000000000000888 ) ) ;
#7425 = DIRECTION ( 'NONE',  ( -0.000000000000000000, 0.000000000000000000, -1.000000000000000000 ) ) ;
#7426 = EDGE_CURVE ( 'NONE', #4948, #4147, #8213, .T. ) ;
#7427 = ORIENTED_EDGE ( 'NONE', *, *, #1899, .F. ) ;
#7428 = VECTOR ( 'NONE', #674, 1000.000000000000000 ) ;
#7429 = LINE ( 'NONE', #782, #8264 ) ;
#7430 = CARTESIAN_POINT ( 'NONE',  ( -5.500000000000005329, -53.40000000000000568, 1.000000000000000000 ) ) ;
#7431 = DIRECTION ( 'NONE',  ( 0.000000000000000000, 0.000000000000000000, 1.000000000000000000 ) ) ;
#7432 = DIRECTION ( 'NONE',  ( 1.000000000000000000, 0.000000000000000000, -0.000000000000000000 ) ) ;
#7433 = VECTOR ( 'NONE', #9527, 1000.000000000000000 ) ;
#7434 = DIRECTION ( 'NONE',  ( -0.000000000000000000, -0.000000000000000000, -1.000000000000000000 ) ) ;
#7435 = DIRECTION ( 'NONE',  ( -0.000000000000000000, -0.000000000000000000, -1.000000000000000000 ) ) ;
#7436 = CARTESIAN_POINT ( 'NONE',  ( 18.50000000000000000, 26.89999999999999858, -1.000000000000000000 ) ) ;
#7437 = VERTEX_POINT ( 'NONE', #8882 ) ;
#7438 = VERTEX_POINT ( 'NONE', #5499 ) ;
#7439 = FACE_BOUND ( 'NONE', #9842, .T. ) ;
#7440 = DIRECTION ( 'NONE',  ( 1.000000000000000000, 0.000000000000000000, 0.000000000000000000 ) ) ;
#7441 = ORIENTED_EDGE ( 'NONE', *, *, #10274, .T. ) ;
#7442 = ADVANCED_FACE ( 'NONE', ( #8990 ), #3050, .T. ) ;
#7443 = DIRECTION ( 'NONE',  ( 0.000000000000000000, -1.000000000000000000, -0.000000000000000000 ) ) ;
#7444 = EDGE_CURVE ( 'NONE', #4246, #6296, #6497, .T. ) ;
#7445 = DIRECTION ( 'NONE',  ( -1.000000000000000000, 0.000000000000000000, 0.000000000000000000 ) ) ;
#7446 = DIRECTION ( 'NONE',  ( 0.000000000000000000, 1.000000000000000000, 0.000000000000000000 ) ) ;
#7447 = VECTOR ( 'NONE', #7171, 1000.000000000000000 ) ;
#7448 = AXIS2_PLACEMENT_3D ( 'NONE', #5038, #8422, #9 ) ;
#7449 = ORIENTED_EDGE ( 'NONE', *, *, #8609, .F. ) ;
#7450 = ORIENTED_EDGE ( 'NONE', *, *, #5015, .T. ) ;
#7451 = ORIENTED_EDGE ( 'NONE', *, *, #6909, .F. ) ;
#7452 = DIRECTION ( 'NONE',  ( -0.000000000000000000, -0.000000000000000000, -1.000000000000000000 ) ) ;
#7453 = ORIENTED_EDGE ( 'NONE', *, *, #743, .T. ) ;
#7454 = CARTESIAN_POINT ( 'NONE',  ( 60.20000000000003126, -93.39999999999999147, 1.000000000000000000 ) ) ;
#7455 = ADVANCED_FACE ( 'NONE', ( #7376 ), #5717, .F. ) ;
#7456 = EDGE_CURVE ( 'NONE', #1588, #3414, #3939, .T. ) ;
#7457 = VECTOR ( 'NONE', #4778, 1000.000000000000000 ) ;
#7458 = DIRECTION ( 'NONE',  ( 1.000000000000000000, 0.000000000000000000, 0.000000000000000000 ) ) ;
#7459 = EDGE_CURVE ( 'NONE', #7634, #2253, #8331, .T. ) ;
#7460 = DIRECTION ( 'NONE',  ( -0.000000000000000000, -0.000000000000000000, 1.000000000000000000 ) ) ;
#7461 = VERTEX_POINT ( 'NONE', #9866 ) ;
#7462 = ADVANCED_FACE ( 'NONE', ( #6387 ), #4722, .F. ) ;
#7463 = ORIENTED_EDGE ( 'NONE', *, *, #1411, .T. ) ;
#7464 = DIRECTION ( 'NONE',  ( -0.000000000000000000, -0.000000000000000000, -1.000000000000000000 ) ) ;
#7465 = LINE ( 'NONE', #6743, #2209 ) ;
#7466 = ORIENTED_EDGE ( 'NONE', *, *, #9298, .T. ) ;
#7467 = LINE ( 'NONE', #6855, #6694 ) ;
#7468 = LINE ( 'NONE', #659, #5258 ) ;
#7470 = EDGE_CURVE ( 'NONE', #2507, #7365, #10747, .T. ) ;
#7469 = LINE ( 'NONE', #2531, #3718 ) ;
#7471 = CARTESIAN_POINT ( 'NONE',  ( -2.500000000000011102, -32.39999999999999858, 3.000000000000000000 ) ) ;
#7472 = DIRECTION ( 'NONE',  ( 1.000000000000000000, -0.000000000000000000, 0.000000000000000000 ) ) ;
#7473 = EDGE_LOOP ( 'NONE', ( #7029, #7898, #8679, #10187 ) ) ;
#7474 = AXIS2_PLACEMENT_3D ( 'NONE', #6305, #5467, #1203 ) ;
#7475 = CIRCLE ( 'NONE', #8190, 0.5000000000000000000 ) ;
#7476 = VERTEX_POINT ( 'NONE', #9923 ) ;
#7477 = ORIENTED_EDGE ( 'NONE', *, *, #4311, .T. ) ;
#7478 = CARTESIAN_POINT ( 'NONE',  ( 2.500000000000000000, 23.09999999999999787, 1.000000000000000000 ) ) ;
#7479 = CARTESIAN_POINT ( 'NONE',  ( 55.50000000000000000, 5.950000000000000178, 3.000000000000000000 ) ) ;
#7480 = ORIENTED_EDGE ( 'NONE', *, *, #230, .T. ) ;
#7481 = FACE_OUTER_BOUND ( 'NONE', #7245, .T. ) ;
#7482 = CARTESIAN_POINT ( 'NONE',  ( 58.16568877480710142, 0.000000000000000000, 1.000000000000000000 ) ) ;
#7483 = AXIS2_PLACEMENT_3D ( 'NONE', #811, #2681, #5071 ) ;
#7484 = CARTESIAN_POINT ( 'NONE',  ( 38.20000000000000995, -53.40000000000000568, 1.000000000000000000 ) ) ;
#7485 = LINE ( 'NONE', #4275, #783 ) ;
#7486 = CARTESIAN_POINT ( 'NONE',  ( 0.2000000000000075051, 6.949999999999999289, 1.000000000000000000 ) ) ;
#7487 = DIRECTION ( 'NONE',  ( 1.000000000000000000, 2.209838822900395026E-16, 0.000000000000000000 ) ) ;
#7488 = DIRECTION ( 'NONE',  ( 0.000000000000000000, -1.000000000000000000, 0.000000000000000000 ) ) ;
#7489 = VECTOR ( 'NONE', #7552, 1000.000000000000000 ) ;
#7490 = VERTEX_POINT ( 'NONE', #8262 ) ;
#7491 = EDGE_LOOP ( 'NONE', ( #2811, #3799, #8635, #9225 ) ) ;
#7492 = FACE_BOUND ( 'NONE', #10432, .T. ) ;
#7493 = DIRECTION ( 'NONE',  ( 0.000000000000000000, 0.000000000000000000, 1.000000000000000000 ) ) ;
#7494 = EDGE_LOOP ( 'NONE', ( #5819, #3959, #6485, #4718 ) ) ;
#7495 = LINE ( 'NONE', #7333, #1235 ) ;
#7496 = CARTESIAN_POINT ( 'NONE',  ( 0.000000000000000000, 35.40000000000001279, -4.000000000000000000 ) ) ;
#7497 = VECTOR ( 'NONE', #3448, 1000.000000000000000 ) ;
#7498 = CARTESIAN_POINT ( 'NONE',  ( 0.2000000000000070055, 5.950000000000000178, 0.5000000000000000000 ) ) ;
#7499 = EDGE_CURVE ( 'NONE', #3134, #9556, #4974, .T. ) ;
#7500 = ORIENTED_EDGE ( 'NONE', *, *, #6545, .F. ) ;
#7501 = PLANE ( 'NONE',  #10373 ) ;
#7502 = ORIENTED_EDGE ( 'NONE', *, *, #5356, .T. ) ;
#7503 = ORIENTED_EDGE ( 'NONE', *, *, #3732, .F. ) ;
#7504 = CARTESIAN_POINT ( 'NONE',  ( 75.20100000000002183, -85.89999999999997726, -2.999999999999997780 ) ) ;
#7505 = ORIENTED_EDGE ( 'NONE', *, *, #2506, .T. ) ;
#7506 = DIRECTION ( 'NONE',  ( 0.000000000000000000, 1.000000000000000000, 0.000000000000000000 ) ) ;
#7507 = LINE ( 'NONE', #6467, #9076 ) ;
#7508 = ADVANCED_FACE ( 'NONE', ( #6334 ), #9707, .F. ) ;
#7509 = LINE ( 'NONE', #10886, #9613 ) ;
#7510 = AXIS2_PLACEMENT_3D ( 'NONE', #1405, #4781, #9932 ) ;
#7511 = CARTESIAN_POINT ( 'NONE',  ( 2.500000000000000000, 25.39999999999999858, 1.000000000000000000 ) ) ;
#7512 = ORIENTED_EDGE ( 'NONE', *, *, #1058, .T. ) ;
#7513 = ORIENTED_EDGE ( 'NONE', *, *, #10831, .T. ) ;
#7514 = PLANE ( 'NONE',  #3513 ) ;
#7515 = EDGE_CURVE ( 'NONE', #4314, #1034, #6444, .T. ) ;
#7516 = CARTESIAN_POINT ( 'NONE',  ( -1.800000000000000044, 18.45000000000000284, 1.000000000000000000 ) ) ;
#7517 = ORIENTED_EDGE ( 'NONE', *, *, #3528, .T. ) ;
#7518 = EDGE_LOOP ( 'NONE', ( #6934, #9189, #455, #2684 ) ) ;
#7519 = PLANE ( 'NONE',  #863 ) ;
#7520 = CARTESIAN_POINT ( 'NONE',  ( 41.20000000000002416, -35.39999999999999858, 3.001000000000000334 ) ) ;
#7521 = VECTOR ( 'NONE', #1820, 1000.000000000000000 ) ;
#7522 = CARTESIAN_POINT ( 'NONE',  ( -2.500000000000006661, -53.40000000000000568, 1.000000000000000000 ) ) ;
#7523 = LINE ( 'NONE', #4815, #3584 ) ;
#7524 = CARTESIAN_POINT ( 'NONE',  ( 41.20000000000000995, -50.39999999999999858, 1.000000000000000000 ) ) ;
#7525 = EDGE_LOOP ( 'NONE', ( #10550, #8069, #4355, #325 ) ) ;
#7526 = CIRCLE ( 'NONE', #5409, 1.000000000000000888 ) ;
#7527 = EDGE_CURVE ( 'NONE', #995, #9164, #10588, .T. ) ;
#7528 = EDGE_LOOP ( 'NONE', ( #5743, #5487, #932, #6584, #8134, #5311, #7477, #8929 ) ) ;
#7529 = ORIENTED_EDGE ( 'NONE', *, *, #8709, .T. ) ;
#7530 = CYLINDRICAL_SURFACE ( 'NONE', #7938, 3.524999999999999911 ) ;
#7531 = CARTESIAN_POINT ( 'NONE',  ( 0.000000000000000000, 27.90000000000000213, -14.00000000000000000 ) ) ;
#7532 = EDGE_LOOP ( 'NONE', ( #7767, #5727 ) ) ;
#7533 = DIRECTION ( 'NONE',  ( -1.000000000000000000, 9.251858538542971828E-16, 0.000000000000000000 ) ) ;
#7534 = AXIS2_PLACEMENT_3D ( 'NONE', #6143, #4256, #985 ) ;
#7535 = DIRECTION ( 'NONE',  ( 2.168404344970976821E-16, 1.000000000000000000, 0.000000000000000000 ) ) ;
#7536 = AXIS2_PLACEMENT_3D ( 'NONE', #10920, #4376, #2433 ) ;
#7537 = CARTESIAN_POINT ( 'NONE',  ( -5.500000000000007994, -35.39999999999999858, 3.001000000000000334 ) ) ;
#7538 = DIRECTION ( 'NONE',  ( 1.000000000000000000, 0.000000000000000000, 0.000000000000000000 ) ) ;
#7539 = EDGE_CURVE ( 'NONE', #3524, #652, #2170, .T. ) ;
#7540 = DIRECTION ( 'NONE',  ( 9.251858538542971828E-16, 1.000000000000000000, -0.000000000000000000 ) ) ;
#7541 = VECTOR ( 'NONE', #10536, 1000.000000000000000 ) ;
#7542 = CARTESIAN_POINT ( 'NONE',  ( 51.20000000000000284, -1.800000000000000044, 0.5000000000000000000 ) ) ;
#7543 = AXIS2_PLACEMENT_3D ( 'NONE', #2047, #2875, #1887 ) ;
#7544 = LINE ( 'NONE', #9927, #3378 ) ;
#7545 = VERTEX_POINT ( 'NONE', #10639 ) ;
#7546 = VERTEX_POINT ( 'NONE', #2222 ) ;
#7547 = LINE ( 'NONE', #1668, #1916 ) ;
#7548 = CARTESIAN_POINT ( 'NONE',  ( 38.20000000000000995, -32.39999999999999858, 1.000000000000000000 ) ) ;
#7549 = ORIENTED_EDGE ( 'NONE', *, *, #4640, .T. ) ;
#7550 = DIRECTION ( 'NONE',  ( -1.000000000000000000, 0.000000000000000000, 0.000000000000000000 ) ) ;
#7551 = LINE ( 'NONE', #2557, #3902 ) ;
#7552 = DIRECTION ( 'NONE',  ( -0.000000000000000000, -0.000000000000000000, -1.000000000000000000 ) ) ;
#7553 = ADVANCED_FACE ( 'NONE', ( #10916 ), #4097, .T. ) ;
#7554 = ORIENTED_EDGE ( 'NONE', *, *, #9872, .T. ) ;
#7555 = CARTESIAN_POINT ( 'NONE',  ( 27.50000000000000000, 25.89999999999999858, -7.799999999999999822 ) ) ;
#7556 = VERTEX_POINT ( 'NONE', #10023 ) ;
#7557 = VECTOR ( 'NONE', #1336, 1000.000000000000000 ) ;
#7558 = CARTESIAN_POINT ( 'NONE',  ( -0.2999999999999934941, 17.44999999999999929, 0.5000000000000000000 ) ) ;
#7559 = EDGE_CURVE ( 'NONE', #3024, #7590, #5768, .T. ) ;
#7560 = ORIENTED_EDGE ( 'NONE', *, *, #7993, .T. ) ;
#7561 = EDGE_CURVE ( 'NONE', #3183, #3370, #5876, .T. ) ;
#7562 = DIRECTION ( 'NONE',  ( 1.000000000000000000, 0.000000000000000000, -0.000000000000000000 ) ) ;
#7563 = CARTESIAN_POINT ( 'NONE',  ( 47.20000000000001705, -35.39999999999999858, 3.001000000000000334 ) ) ;
#7564 = LINE ( 'NONE', #8453, #8366 ) ;
#7565 = VECTOR ( 'NONE', #8322, 1000.000000000000000 ) ;
#7566 = EDGE_CURVE ( 'NONE', #6848, #3749, #3212, .T. ) ;
#7567 = DIRECTION ( 'NONE',  ( 0.000000000000000000, 0.000000000000000000, -1.000000000000000000 ) ) ;
#7568 = ORIENTED_EDGE ( 'NONE', *, *, #6843, .F. ) ;
#7569 = EDGE_LOOP ( 'NONE', ( #9901, #5435, #8132, #246 ) ) ;
#7570 = EDGE_CURVE ( 'NONE', #9173, #6221, #4999, .T. ) ;
#7571 = ORIENTED_EDGE ( 'NONE', *, *, #10478, .F. ) ;
#7572 = EDGE_CURVE ( 'NONE', #3840, #9642, #15, .T. ) ;
#7573 = CARTESIAN_POINT ( 'NONE',  ( 6.700000000000000178, 10.92500000000000071, 1.000000000000000000 ) ) ;
#7574 = CARTESIAN_POINT ( 'NONE',  ( -0.2999999999999929945, 5.950000000000000178, 3.000000000000000000 ) ) ;
#7575 = ORIENTED_EDGE ( 'NONE', *, *, #6784, .T. ) ;
#7576 = VERTEX_POINT ( 'NONE', #7484 ) ;
#7577 = CARTESIAN_POINT ( 'NONE',  ( 6.700000000000000178, 10.92500000000000071, 3.000000000000000000 ) ) ;
#7578 = LINE ( 'NONE', #2366, #136 ) ;
#7579 = EDGE_CURVE ( 'NONE', #2476, #9377, #6655, .T. ) ;
#7580 = CIRCLE ( 'NONE', #10404, 4.999999999999999112 ) ;
#7581 = LINE ( 'NONE', #3615, #716 ) ;
#7582 = EDGE_CURVE ( 'NONE', #9658, #1468, #7475, .T. ) ;
#7583 = AXIS2_PLACEMENT_3D ( 'NONE', #9458, #1703, #6026 ) ;
#7584 = ADVANCED_FACE ( 'NONE', ( #3379 ), #8429, .F. ) ;
#7585 = DIRECTION ( 'NONE',  ( 0.000000000000000000, -1.000000000000000000, 0.000000000000000000 ) ) ;
#7586 = DIRECTION ( 'NONE',  ( -1.000000000000000000, -8.673617379884035472E-16, 0.000000000000000000 ) ) ;
#7587 = ORIENTED_EDGE ( 'NONE', *, *, #3925, .F. ) ;
#7588 = EDGE_CURVE ( 'NONE', #4494, #3493, #2430, .T. ) ;
#7589 = AXIS2_PLACEMENT_3D ( 'NONE', #710, #4079, #6475 ) ;
#7590 = VERTEX_POINT ( 'NONE', #4989 ) ;
#7591 = ORIENTED_EDGE ( 'NONE', *, *, #9563, .T. ) ;
#7592 = DIRECTION ( 'NONE',  ( 0.000000000000000000, 1.000000000000000000, 0.000000000000000000 ) ) ;
#7593 = FACE_OUTER_BOUND ( 'NONE', #21, .T. ) ;
#7594 = VECTOR ( 'NONE', #6791, 1000.000000000000000 ) ;
#7595 = ORIENTED_EDGE ( 'NONE', *, *, #1567, .T. ) ;
#7596 = CARTESIAN_POINT ( 'NONE',  ( 53.20000000000002416, -53.40000000000000568, 3.001000000000000334 ) ) ;
#7597 = CARTESIAN_POINT ( 'NONE',  ( 68.20000000000001705, -32.39999999999999858, 1.000000000000000000 ) ) ;
#7598 = AXIS2_PLACEMENT_3D ( 'NONE', #9165, #3958, #1581 ) ;
#7599 = EDGE_CURVE ( 'NONE', #5222, #6488, #6764, .T. ) ;
#7600 = CARTESIAN_POINT ( 'NONE',  ( -1.300000000000000044, 5.950000000000000178, 3.000000000000000000 ) ) ;
#7601 = EDGE_CURVE ( 'NONE', #10118, #7545, #949, .T. ) ;
#7602 = CIRCLE ( 'NONE', #10242, 3.799999999999999822 ) ;
#7603 = DIRECTION ( 'NONE',  ( -1.000000000000000000, 0.000000000000000000, 0.000000000000000000 ) ) ;
#7604 = DIRECTION ( 'NONE',  ( -0.000000000000000000, -0.000000000000000000, 1.000000000000000000 ) ) ;
#7605 = CARTESIAN_POINT ( 'NONE',  ( 3.499999999999991118, -50.39999999999999858, 1.000000000000000000 ) ) ;
#7606 = LINE ( 'NONE', #20, #7105 ) ;
#7607 = EDGE_LOOP ( 'NONE', ( #4491, #2688, #8492, #2348 ) ) ;
#7608 = ORIENTED_EDGE ( 'NONE', *, *, #5497, .F. ) ;
#7609 = FACE_BOUND ( 'NONE', #5910, .T. ) ;
#7610 = DIRECTION ( 'NONE',  ( -0.000000000000000000, 1.000000000000000000, 0.000000000000000000 ) ) ;
#7611 = EDGE_CURVE ( 'NONE', #6810, #1592, #10859, .T. ) ;
#7612 = VERTEX_POINT ( 'NONE', #10139 ) ;
#7613 = DIRECTION ( 'NONE',  ( 0.000000000000000000, 0.000000000000000000, 1.000000000000000000 ) ) ;
#7614 = EDGE_CURVE ( 'NONE', #2528, #1094, #6710, .T. ) ;
#7615 = CIRCLE ( 'NONE', #535, 0.5000000000000000000 ) ;
#7616 = DIRECTION ( 'NONE',  ( 1.000000000000000000, 0.000000000000000000, 0.000000000000000000 ) ) ;
#7617 = CYLINDRICAL_SURFACE ( 'NONE', #74, 4.299999999999998046 ) ;
#7618 = ORIENTED_EDGE ( 'NONE', *, *, #5, .F. ) ;
#7619 = CARTESIAN_POINT ( 'NONE',  ( 44.20000000000001705, -53.40000000000000568, 1.000000000000000000 ) ) ;
#7620 = EDGE_LOOP ( 'NONE', ( #5724, #2086, #5181, #8982 ) ) ;
#7621 = VECTOR ( 'NONE', #9720, 1000.000000000000000 ) ;
#7622 = DIRECTION ( 'NONE',  ( 1.000000000000000000, 6.938893903907228378E-15, 0.000000000000000000 ) ) ;
#7623 = ORIENTED_EDGE ( 'NONE', *, *, #2637, .F. ) ;
#7624 = DIRECTION ( 'NONE',  ( -1.000000000000000000, 0.000000000000000000, 0.000000000000000000 ) ) ;
#7625 = EDGE_CURVE ( 'NONE', #7711, #1406, #8898, .T. ) ;
#7626 = DIRECTION ( 'NONE',  ( -0.000000000000000000, -0.000000000000000000, -1.000000000000000000 ) ) ;
#7627 = DIRECTION ( 'NONE',  ( -0.000000000000000000, -0.000000000000000000, -1.000000000000000000 ) ) ;
#7628 = VECTOR ( 'NONE', #4952, 1000.000000000000000 ) ;
#7629 = CIRCLE ( 'NONE', #9045, 4.000000000000002665 ) ;
#7630 = PRODUCT_DEFINITION_CONTEXT ( 'detailed design', #5482, 'design' ) ;
#7631 = CARTESIAN_POINT ( 'NONE',  ( 51.20000000000000284, -0.2999999999999999889, 0.5000000000000000000 ) ) ;
#7632 = ORIENTED_EDGE ( 'NONE', *, *, #4143, .F. ) ;
#7633 = ORIENTED_EDGE ( 'NONE', *, *, #8621, .F. ) ;
#7634 = VERTEX_POINT ( 'NONE', #9312 ) ;
#7635 = LINE ( 'NONE', #8517, #695 ) ;
#7636 = LINE ( 'NONE', #3574, #9460 ) ;
#7637 = VERTEX_POINT ( 'NONE', #1611 ) ;
#7638 = ORIENTED_EDGE ( 'NONE', *, *, #7088, .F. ) ;
#7639 = DIRECTION ( 'NONE',  ( 0.000000000000000000, 0.000000000000000000, 1.000000000000000000 ) ) ;
#7640 = CIRCLE ( 'NONE', #916, 0.9999999999999991118 ) ;
#7641 = DIRECTION ( 'NONE',  ( 1.258870447007842698E-16, -1.000000000000000000, 0.000000000000000000 ) ) ;
#7642 = FACE_OUTER_BOUND ( 'NONE', #2454, .T. ) ;
#7643 = LINE ( 'NONE', #10180, #3103 ) ;
#7644 = VERTEX_POINT ( 'NONE', #9146 ) ;
#7645 = ORIENTED_EDGE ( 'NONE', *, *, #9410, .T. ) ;
#7646 = ORIENTED_EDGE ( 'NONE', *, *, #1823, .F. ) ;
#7647 = EDGE_CURVE ( 'NONE', #1800, #5338, #1718, .T. ) ;
#7648 = CARTESIAN_POINT ( 'NONE',  ( 55.00000000000000000, -1.211552903856829954E-13, 0.5000000000000000000 ) ) ;
#7649 = CARTESIAN_POINT ( 'NONE',  ( -2.500000000000011102, -32.39999999999999858, 1.000000000000000000 ) ) ;
#7650 = VERTEX_POINT ( 'NONE', #2599 ) ;
#7651 = LINE ( 'NONE', #10798, #3481 ) ;
#7652 = FACE_OUTER_BOUND ( 'NONE', #6091, .T. ) ;
#7653 = DIRECTION ( 'NONE',  ( -0.000000000000000000, -0.000000000000000000, 1.000000000000000000 ) ) ;
#7654 = CARTESIAN_POINT ( 'NONE',  ( 6.499999999999993783, -50.39999999999999858, 1.000000000000000000 ) ) ;
#7655 = LINE ( 'NONE', #3435, #2058 ) ;
#7656 = ORIENTED_EDGE ( 'NONE', *, *, #217, .T. ) ;
#7657 = EDGE_CURVE ( 'NONE', #1710, #5402, #8538, .T. ) ;
#7658 = DIRECTION ( 'NONE',  ( 1.000000000000000000, 0.000000000000000000, 0.000000000000000000 ) ) ;
#7659 = EDGE_LOOP ( 'NONE', ( #1651, #2791, #5814, #6401, #2770, #6298, #941, #2677 ) ) ;
#7660 = EDGE_LOOP ( 'NONE', ( #8876, #5035, #8348, #6663, #10779 ) ) ;
#7661 = EDGE_CURVE ( 'NONE', #3401, #2285, #8315, .T. ) ;
#7662 = FACE_BOUND ( 'NONE', #3038, .T. ) ;
#7663 = CARTESIAN_POINT ( 'NONE',  ( 44.20000000000001705, -68.40000000000000568, 1.000000000000000000 ) ) ;
#7664 = EDGE_CURVE ( 'NONE', #6542, #8423, #4596, .T. ) ;
#7665 = VECTOR ( 'NONE', #2964, 1000.000000000000000 ) ;
#7666 = AXIS2_PLACEMENT_3D ( 'NONE', #459, #2114, #3832 ) ;
#7667 = LINE ( 'NONE', #80, #882 ) ;
#7668 = LINE ( 'NONE', #81, #912 ) ;
#7669 = ADVANCED_FACE ( 'NONE', ( #10409 ), #1828, .T. ) ;
#7670 = LINE ( 'NONE', #10154, #3421 ) ;
#7671 = VERTEX_POINT ( 'NONE', #6211 ) ;
#7672 = DIRECTION ( 'NONE',  ( 0.000000000000000000, 0.000000000000000000, 1.000000000000000000 ) ) ;
#7673 = EDGE_LOOP ( 'NONE', ( #8789, #5670, #7967, #7896 ) ) ;
#7674 = EDGE_CURVE ( 'NONE', #3762, #8745, #6600, .T. ) ;
#7675 = DIRECTION ( 'NONE',  ( -0.000000000000000000, -0.000000000000000000, -1.000000000000000000 ) ) ;
#7676 = EDGE_LOOP ( 'NONE', ( #1089, #1974, #10784, #10156 ) ) ;
#7677 = FACE_OUTER_BOUND ( 'NONE', #2254, .T. ) ;
#7678 = DIRECTION ( 'NONE',  ( -9.251858538542971828E-16, -1.000000000000000000, 0.000000000000000000 ) ) ;
#7679 = CARTESIAN_POINT ( 'NONE',  ( -16.05000000000000426, 35.39999999999999858, 1.000000000000000000 ) ) ;
#7680 = CYLINDRICAL_SURFACE ( 'NONE', #5589, 0.5000000000000000000 ) ;
#7681 = ORIENTED_EDGE ( 'NONE', *, *, #2006, .F. ) ;
#7682 = ORIENTED_EDGE ( 'NONE', *, *, #4786, .F. ) ;
#7683 = VERTEX_POINT ( 'NONE', #4373 ) ;
#7684 = CARTESIAN_POINT ( 'NONE',  ( 3.499999999999991118, -50.39999999999999858, 3.001000000000000334 ) ) ;
#7685 = LINE ( 'NONE', #1038, #4335 ) ;
#7686 = ORIENTED_EDGE ( 'NONE', *, *, #1359, .F. ) ;
#7687 = VERTEX_POINT ( 'NONE', #5319 ) ;
#7688 = DIRECTION ( 'NONE',  ( 0.000000000000000000, 0.000000000000000000, 1.000000000000000000 ) ) ;
#7689 = CARTESIAN_POINT ( 'NONE',  ( -8.500000000000007105, -68.40000000000000568, 1.000000000000000000 ) ) ;
#7690 = LINE ( 'NONE', #3248, #6115 ) ;
#7691 = EDGE_CURVE ( 'NONE', #2054, #5516, #8695, .T. ) ;
#7692 = ORIENTED_EDGE ( 'NONE', *, *, #4074, .T. ) ;
#7693 = ORIENTED_EDGE ( 'NONE', *, *, #3432, .T. ) ;
#7694 = EDGE_LOOP ( 'NONE', ( #2412, #1303, #8165, #9681 ) ) ;
#7695 = AXIS2_PLACEMENT_3D ( 'NONE', #876, #8677, #4464 ) ;
#7696 = CARTESIAN_POINT ( 'NONE',  ( 9.499999999999992895, -35.39999999999999858, 1.000000000000000000 ) ) ;
#7697 = DIRECTION ( 'NONE',  ( 0.000000000000000000, 0.000000000000000000, 1.000000000000000000 ) ) ;
#7698 = EDGE_LOOP ( 'NONE', ( #8228, #2212, #4024, #6531 ) ) ;
#7699 = CARTESIAN_POINT ( 'NONE',  ( 34.50000000000000000, -5.299999999999999822, -10.00000000000000000 ) ) ;
#7700 = AXIS2_PLACEMENT_3D ( 'NONE', #3561, #7057, #1956 ) ;
#7701 = ADVANCED_FACE ( 'NONE', ( #9638 ), #589, .F. ) ;
#7702 = LINE ( 'NONE', #10915, #1247 ) ;
#7703 = ADVANCED_FACE ( 'NONE', ( #8808 ), #6100, .T. ) ;
#7704 = DIRECTION ( 'NONE',  ( 0.000000000000000000, 1.000000000000000000, 1.156482317317869950E-15 ) ) ;
#7705 = AXIS2_PLACEMENT_3D ( 'NONE', #7760, #9692, #7147 ) ;
#7706 = CARTESIAN_POINT ( 'NONE',  ( -0.2999999999999929945, 5.950000000000000178, 1.000000000000000000 ) ) ;
#7707 = FACE_OUTER_BOUND ( 'NONE', #2521, .T. ) ;
#7708 = ORIENTED_EDGE ( 'NONE', *, *, #2893, .F. ) ;
#7709 = CARTESIAN_POINT ( 'NONE',  ( 51.20000000000000284, -1.800000000000000044, 1.000000000000000000 ) ) ;
#7710 = DIRECTION ( 'NONE',  ( -0.000000000000000000, -0.000000000000000000, -1.000000000000000000 ) ) ;
#7711 = VERTEX_POINT ( 'NONE', #8589 ) ;
#7712 = VERTEX_POINT ( 'NONE', #119 ) ;
#7713 = PLANE ( 'NONE',  #3500 ) ;
#7714 = LINE ( 'NONE', #10421, #8448 ) ;
#7715 = VECTOR ( 'NONE', #2802, 1000.000000000000000 ) ;
#7716 = ADVANCED_FACE ( 'NONE', ( #6155 ), #3937, .F. ) ;
#7717 = PLANE ( 'NONE',  #5293 ) ;
#7718 = EDGE_CURVE ( 'NONE', #3629, #6270, #4426, .T. ) ;
#7719 = CARTESIAN_POINT ( 'NONE',  ( 1.199999999999999956, 6.949999999999999289, -7.799999999999999822 ) ) ;
#7720 = VECTOR ( 'NONE', #6120, 999.9999999999998863 ) ;
#7721 = DIRECTION ( 'NONE',  ( -1.000000000000000000, 0.000000000000000000, 0.000000000000000000 ) ) ;
#7722 = ADVANCED_FACE ( 'NONE', ( #3485 ), #5426, .F. ) ;
#7723 = AXIS2_PLACEMENT_3D ( 'NONE', #4488, #7981, #6268 ) ;
#7724 = CARTESIAN_POINT ( 'NONE',  ( 55.89164599332850258, 0.000000000000000000, -13.00000000000000000 ) ) ;
#7725 = EDGE_CURVE ( 'NONE', #10679, #7073, #1883, .T. ) ;
#7726 = CARTESIAN_POINT ( 'NONE',  ( 27.50000000000000000, 0.2000000000000000111, 0.5000000000000000000 ) ) ;
#7727 = VERTEX_POINT ( 'NONE', #7923 ) ;
#7728 = FACE_OUTER_BOUND ( 'NONE', #7999, .T. ) ;
#7729 = ORIENTED_EDGE ( 'NONE', *, *, #5550, .F. ) ;
#7730 = LINE ( 'NONE', #139, #6360 ) ;
#7731 = DIRECTION ( 'NONE',  ( 1.000000000000000000, 0.000000000000000000, 0.000000000000000000 ) ) ;
#7732 = EDGE_CURVE ( 'NONE', #2162, #6697, #7815, .T. ) ;
#7733 = LINE ( 'NONE', #5902, #8907 ) ;
#7734 = FACE_OUTER_BOUND ( 'NONE', #6645, .T. ) ;
#7735 = VECTOR ( 'NONE', #6331, 1000.000000000000000 ) ;
#7736 = ORIENTED_EDGE ( 'NONE', *, *, #6570, .F. ) ;
#7737 = ORIENTED_EDGE ( 'NONE', *, *, #9130, .F. ) ;
#7738 = ORIENTED_EDGE ( 'NONE', *, *, #1682, .F. ) ;
#7739 = PLANE ( 'NONE',  #1575 ) ;
#7740 = CARTESIAN_POINT ( 'NONE',  ( 2.500000000000000000, 2.500000000000000000, 1.000000000000000000 ) ) ;
#7741 = ORIENTED_EDGE ( 'NONE', *, *, #6708, .T. ) ;
#7742 = ORIENTED_EDGE ( 'NONE', *, *, #9552, .T. ) ;
#7743 = CYLINDRICAL_SURFACE ( 'NONE', #8825, 1.000000000000000888 ) ;
#7744 = CARTESIAN_POINT ( 'NONE',  ( 2.799999999999986500, -10.00000000000000888, 0.4999999999999995559 ) ) ;
#7745 = AXIS2_PLACEMENT_3D ( 'NONE', #4914, #8299, #9239 ) ;
#7746 = EDGE_CURVE ( 'NONE', #2013, #8757, #6871, .T. ) ;
#7747 = DIRECTION ( 'NONE',  ( -0.000000000000000000, -0.000000000000000000, -1.000000000000000000 ) ) ;
#7748 = ORIENTED_EDGE ( 'NONE', *, *, #5, .T. ) ;
#7749 = ORIENTED_EDGE ( 'NONE', *, *, #4130, .F. ) ;
#7750 = ORIENTED_EDGE ( 'NONE', *, *, #5565, .T. ) ;
#7751 = DIRECTION ( 'NONE',  ( 1.065554960673713885E-16, -1.000000000000000000, 0.000000000000000000 ) ) ;
#7752 = CARTESIAN_POINT ( 'NONE',  ( -2.500000000000009326, -50.39999999999999858, 3.000000000000000000 ) ) ;
#7753 = EDGE_LOOP ( 'NONE', ( #4011, #3375, #7149 ) ) ;
#7754 = DIRECTION ( 'NONE',  ( 0.000000000000000000, 1.000000000000000000, 0.000000000000000000 ) ) ;
#7755 = AXIS2_PLACEMENT_3D ( 'NONE', #1487, #4082, #713 ) ;
#7756 = DIRECTION ( 'NONE',  ( 0.000000000000000000, 0.000000000000000000, 1.000000000000000000 ) ) ;
#7757 = EDGE_CURVE ( 'NONE', #10380, #6826, #6266, .T. ) ;
#7758 = DIRECTION ( 'NONE',  ( 1.000000000000000000, -0.000000000000000000, 0.000000000000000000 ) ) ;
#7759 = AXIS2_PLACEMENT_3D ( 'NONE', #5870, #4874, #5710 ) ;
#7760 = CARTESIAN_POINT ( 'NONE',  ( 3.799999999999983835, -10.00000000000000888, 0.4999999999999995559 ) ) ;
#7761 = DIRECTION ( 'NONE',  ( 2.312964634635742957E-16, 1.000000000000000000, 0.000000000000000000 ) ) ;
#7762 = EDGE_CURVE ( 'NONE', #2989, #10541, #3544, .T. ) ;
#7763 = VECTOR ( 'NONE', #1583, 1000.000000000000000 ) ;
#7764 = ORIENTED_EDGE ( 'NONE', *, *, #10841, .F. ) ;
#7765 = DIRECTION ( 'NONE',  ( 0.000000000000000000, 1.000000000000000000, 0.000000000000000000 ) ) ;
#7766 = CARTESIAN_POINT ( 'NONE',  ( 27.50000000000000000, 25.39999999999999858, 0.5000000000000000000 ) ) ;
#7767 = ORIENTED_EDGE ( 'NONE', *, *, #9484, .F. ) ;
#7768 = VERTEX_POINT ( 'NONE', #226 ) ;
#7769 = CARTESIAN_POINT ( 'NONE',  ( -0.2999999999999924949, 18.45000000000000284, -1.000000000000000000 ) ) ;
#7770 = LINE ( 'NONE', #6276, #10558 ) ;
#7771 = VECTOR ( 'NONE', #3851, 1000.000000000000000 ) ;
#7772 = DIRECTION ( 'NONE',  ( 1.000000000000000000, -0.000000000000000000, 0.000000000000000000 ) ) ;
#7773 = AXIS2_PLACEMENT_3D ( 'NONE', #5562, #8948, #9003 ) ;
#7774 = CARTESIAN_POINT ( 'NONE',  ( -11.50000000000001066, -17.40000000000000213, 3.001000000000000334 ) ) ;
#7775 = CARTESIAN_POINT ( 'NONE',  ( -18.49999999999998934, -98.40000000000000568, 1.000000000000000000 ) ) ;
#7776 = PLANE ( 'NONE',  #2577 ) ;
#7777 = EDGE_CURVE ( 'NONE', #500, #4572, #3594, .T. ) ;
#7778 = LINE ( 'NONE', #1075, #7871 ) ;
#7779 = EDGE_LOOP ( 'NONE', ( #1025, #4364, #5462, #4876 ) ) ;
#7780 = ADVANCED_FACE ( 'NONE', ( #558 ), #1381, .T. ) ;
#7781 = DIRECTION ( 'NONE',  ( 1.000000000000000000, 0.000000000000000000, 0.000000000000000000 ) ) ;
#7782 = ORIENTED_EDGE ( 'NONE', *, *, #563, .F. ) ;
#7783 = CARTESIAN_POINT ( 'NONE',  ( 56.20000000000001705, -68.40000000000000568, 1.000000000000000000 ) ) ;
#7784 = VECTOR ( 'NONE', #9811, 1000.000000000000000 ) ;
#7785 = DIRECTION ( 'NONE',  ( 0.000000000000000000, 0.000000000000000000, -1.000000000000000000 ) ) ;
#7786 = LINE ( 'NONE', #6794, #5364 ) ;
#7787 = DIRECTION ( 'NONE',  ( 0.000000000000000000, 1.000000000000000000, 0.000000000000000000 ) ) ;
#7788 = AXIS2_PLACEMENT_3D ( 'NONE', #8668, #2416, #4452 ) ;
#7789 = EDGE_LOOP ( 'NONE', ( #10221, #10360, #3028, #9585 ) ) ;
#7790 = ORIENTED_EDGE ( 'NONE', *, *, #7718, .T. ) ;
#7791 = ORIENTED_EDGE ( 'NONE', *, *, #10831, .F. ) ;
#7792 = ADVANCED_FACE ( 'NONE', ( #7976 ), #7146, .F. ) ;
#7793 = CARTESIAN_POINT ( 'NONE',  ( 0.4999999999999935052, -53.40000000000000568, 3.000000000000000000 ) ) ;
#7794 = DIRECTION ( 'NONE',  ( 1.000000000000000000, 1.505836350674309769E-16, 0.000000000000000000 ) ) ;
#7795 = ORIENTED_EDGE ( 'NONE', *, *, #547, .T. ) ;
#7796 = VERTEX_POINT ( 'NONE', #2206 ) ;
#7797 = EDGE_CURVE ( 'NONE', #5569, #5951, #1113, .T. ) ;
#7798 = DIRECTION ( 'NONE',  ( 0.000000000000000000, 0.000000000000000000, -1.000000000000000000 ) ) ;
#7799 = CARTESIAN_POINT ( 'NONE',  ( -18.50000000000000711, 39.40000000000000568, 1.000000000000000000 ) ) ;
#7800 = EDGE_CURVE ( 'NONE', #10058, #10215, #4651, .T. ) ;
#7801 = VECTOR ( 'NONE', #6056, 1000.000000000000000 ) ;
#7802 = EDGE_CURVE ( 'NONE', #10058, #4352, #4707, .T. ) ;
#7803 = CARTESIAN_POINT ( 'NONE',  ( 9.499999999999992895, -50.39999999999999858, 1.000000000000000000 ) ) ;
#7804 = ORIENTED_EDGE ( 'NONE', *, *, #10323, .F. ) ;
#7805 = ORIENTED_EDGE ( 'NONE', *, *, #8370, .T. ) ;
#7806 = AXIS2_PLACEMENT_3D ( 'NONE', #10693, #3105, #625 ) ;
#7807 = ORIENTED_EDGE ( 'NONE', *, *, #7949, .F. ) ;
#7808 = VECTOR ( 'NONE', #7710, 1000.000000000000000 ) ;
#7809 = DIRECTION ( 'NONE',  ( -0.000000000000000000, -0.000000000000000000, -1.000000000000000000 ) ) ;
#7810 = CARTESIAN_POINT ( 'NONE',  ( 50.20000000000000995, -35.39999999999999858, 3.000000000000000000 ) ) ;
#7811 = ORIENTED_EDGE ( 'NONE', *, *, #7559, .T. ) ;
#7812 = EDGE_CURVE ( 'NONE', #9874, #2397, #3225, .T. ) ;
#7813 = FACE_OUTER_BOUND ( 'NONE', #10952, .T. ) ;
#7814 = CARTESIAN_POINT ( 'NONE',  ( 2.195509399283149684E-16, -1.800000000000000044, 1.000000000000000000 ) ) ;
#7815 = LINE ( 'NONE', #7090, #1815 ) ;
#7816 = DIRECTION ( 'NONE',  ( 0.000000000000000000, 0.000000000000000000, 1.000000000000000000 ) ) ;
#7817 = CARTESIAN_POINT ( 'NONE',  ( 12.49999999999999112, -53.40000000000000568, 1.000000000000000000 ) ) ;
#7818 = ORIENTED_EDGE ( 'NONE', *, *, #9421, .T. ) ;
#7819 = DIRECTION ( 'NONE',  ( 1.000000000000000000, -0.000000000000000000, 0.000000000000000000 ) ) ;
#7820 = DIRECTION ( 'NONE',  ( 0.000000000000000000, -1.000000000000000000, -0.000000000000000000 ) ) ;
#7821 = ORIENTED_EDGE ( 'NONE', *, *, #7674, .F. ) ;
#7822 = ORIENTED_EDGE ( 'NONE', *, *, #7800, .T. ) ;
#7823 = FACE_OUTER_BOUND ( 'NONE', #10616, .T. ) ;
#7824 = CARTESIAN_POINT ( 'NONE',  ( 11.50000000000001243, -85.89999999999997726, -2.999999999999997780 ) ) ;
#7825 = DIRECTION ( 'NONE',  ( -0.000000000000000000, -0.000000000000000000, -1.000000000000000000 ) ) ;
#7826 = LINE ( 'NONE', #240, #7269 ) ;
#7827 = CARTESIAN_POINT ( 'NONE',  ( 68.20000000000001705, -50.39999999999999858, 3.000000000000000000 ) ) ;
#7828 = DIRECTION ( 'NONE',  ( 0.000000000000000000, 0.03349678200752206209, 0.9994388253390702470 ) ) ;
#7829 = AXIS2_PLACEMENT_3D ( 'NONE', #1262, #378, #7185 ) ;
#7830 = CARTESIAN_POINT ( 'NONE',  ( 47.20000000000001705, -35.39999999999999858, 3.001000000000000334 ) ) ;
#7831 = VECTOR ( 'NONE', #7758, 1000.000000000000000 ) ;
#7832 = VERTEX_POINT ( 'NONE', #9228 ) ;
#7833 = LINE ( 'NONE', #8050, #2966 ) ;
#7834 = ORIENTED_EDGE ( 'NONE', *, *, #1826, .F. ) ;
#7835 = PLANE ( 'NONE',  #10599 ) ;
#7836 = CARTESIAN_POINT ( 'NONE',  ( -14.50000000000000533, 24.40000000000000568, -4.000000000000000000 ) ) ;
#7837 = CARTESIAN_POINT ( 'NONE',  ( 18.50000000000000000, 26.89999999999999858, 1.000000000000000000 ) ) ;
#7838 = AXIS2_PLACEMENT_3D ( 'NONE', #8352, #718, #6695 ) ;
#7839 = AXIS2_PLACEMENT_3D ( 'NONE', #1250, #5399, #3735 ) ;
#7840 = FACE_OUTER_BOUND ( 'NONE', #6235, .T. ) ;
#7841 = ADVANCED_FACE ( 'NONE', ( #2923 ), #8977, .F. ) ;
#7842 = ORIENTED_EDGE ( 'NONE', *, *, #4385, .F. ) ;
#7843 = EDGE_LOOP ( 'NONE', ( #5115, #5034, #4826, #6122 ) ) ;
#7844 = ORIENTED_EDGE ( 'NONE', *, *, #6066, .T. ) ;
#7845 = FACE_OUTER_BOUND ( 'NONE', #6072, .T. ) ;
#7846 = CARTESIAN_POINT ( 'NONE',  ( 18.21999999999999886, 3.875000000000000000, 1.000000000000000000 ) ) ;
#7847 = VERTEX_POINT ( 'NONE', #498 ) ;
#7848 = CIRCLE ( 'NONE', #3065, 0.5000000000000000000 ) ;
#7849 = ORIENTED_EDGE ( 'NONE', *, *, #3160, .T. ) ;
#7850 = DIRECTION ( 'NONE',  ( 1.000000000000000000, 0.000000000000000000, 0.000000000000000000 ) ) ;
#7851 = CARTESIAN_POINT ( 'NONE',  ( 35.50000000000000000, -1.300000000000000044, 3.000000000000000000 ) ) ;
#7852 = EDGE_CURVE ( 'NONE', #7972, #9515, #5793, .T. ) ;
#7853 = FACE_OUTER_BOUND ( 'NONE', #5296, .T. ) ;
#7854 = CARTESIAN_POINT ( 'NONE',  ( 68.20000000000001705, -53.40000000000000568, 3.001000000000000334 ) ) ;
#7855 = ORIENTED_EDGE ( 'NONE', *, *, #4680, .F. ) ;
#7856 = EDGE_CURVE ( 'NONE', #2538, #10909, #6425, .T. ) ;
#7857 = ORIENTED_EDGE ( 'NONE', *, *, #9286, .F. ) ;
#7858 = ORIENTED_EDGE ( 'NONE', *, *, #6451, .T. ) ;
#7859 = LINE ( 'NONE', #5197, #10941 ) ;
#7860 = FACE_OUTER_BOUND ( 'NONE', #8744, .T. ) ;
#7861 = ORIENTED_EDGE ( 'NONE', *, *, #6096, .F. ) ;
#7862 = LINE ( 'NONE', #1769, #4370 ) ;
#7863 = CARTESIAN_POINT ( 'NONE',  ( 55.19999999999999574, 17.44999999999999929, -14.00000000000000000 ) ) ;
#7864 = CARTESIAN_POINT ( 'NONE',  ( 44.20000000000001705, -68.40000000000000568, 3.001000000000000334 ) ) ;
#7865 = CARTESIAN_POINT ( 'NONE',  ( 68.20000000000001705, -53.40000000000000568, 3.001000000000000334 ) ) ;
#7866 = ADVANCED_FACE ( 'NONE', ( #4964 ), #8027, .T. ) ;
#7867 = AXIS2_PLACEMENT_3D ( 'NONE', #3522, #6910, #8627 ) ;
#7868 = DIRECTION ( 'NONE',  ( -0.000000000000000000, -0.000000000000000000, 1.000000000000000000 ) ) ;
#7869 = ORIENTED_EDGE ( 'NONE', *, *, #8878, .F. ) ;
#7870 = ORIENTED_EDGE ( 'NONE', *, *, #2814, .T. ) ;
#7871 = VECTOR ( 'NONE', #245, 1000.000000000000000 ) ;
#7872 = CARTESIAN_POINT ( 'NONE',  ( 3.799999999999983835, -10.00000000000000888, -7.500000000000000888 ) ) ;
#7873 = LINE ( 'NONE', #4329, #31 ) ;
#7874 = ORIENTED_EDGE ( 'NONE', *, *, #2827, .F. ) ;
#7875 = VERTEX_POINT ( 'NONE', #9799 ) ;
#7876 = LINE ( 'NONE', #7769, #6346 ) ;
#7877 = CARTESIAN_POINT ( 'NONE',  ( 50.20000000000000995, -68.40000000000000568, 3.001000000000000334 ) ) ;
#7878 = CARTESIAN_POINT ( 'NONE',  ( 51.20000000000000284, 21.60000000000000142, 1.000000000000000000 ) ) ;
#7879 = CIRCLE ( 'NONE', #10704, 3.000000000000002665 ) ;
#7880 = CIRCLE ( 'NONE', #2736, 3.524999999999999467 ) ;
#7881 = LINE ( 'NONE', #6169, #5143 ) ;
#7882 = FACE_OUTER_BOUND ( 'NONE', #9892, .T. ) ;
#7883 = DIRECTION ( 'NONE',  ( -1.000000000000000000, 0.000000000000000000, 0.000000000000000000 ) ) ;
#7884 = CONICAL_SURFACE ( 'NONE', #2220, 0.9999999999999974465, 1.029744258676652535 ) ;
#7885 = LINE ( 'NONE', #1902, #977 ) ;
#7886 = ORIENTED_EDGE ( 'NONE', *, *, #9547, .T. ) ;
#7887 = LINE ( 'NONE', #3612, #1204 ) ;
#7888 = EDGE_LOOP ( 'NONE', ( #5208, #2595, #9899, #10665 ) ) ;
#7889 = DIRECTION ( 'NONE',  ( -0.000000000000000000, -0.000000000000000000, -1.000000000000000000 ) ) ;
#7890 = DIRECTION ( 'NONE',  ( -1.000000000000000000, 0.000000000000000000, 0.000000000000000000 ) ) ;
#7891 = AXIS2_PLACEMENT_3D ( 'NONE', #4413, #6966, #105 ) ;
#7892 = DIRECTION ( 'NONE',  ( 1.000000000000000000, 0.000000000000000000, 0.000000000000000000 ) ) ;
#7893 = EDGE_CURVE ( 'NONE', #8628, #7384, #1273, .T. ) ;
#7894 = VECTOR ( 'NONE', #7868, 1000.000000000000000 ) ;
#7895 = DIRECTION ( 'NONE',  ( -0.000000000000000000, -1.000000000000000000, -0.000000000000000000 ) ) ;
#7896 = ORIENTED_EDGE ( 'NONE', *, *, #1567, .F. ) ;
#7897 = ADVANCED_FACE ( 'NONE', ( #3817 ), #10573, .F. ) ;
#7898 = ORIENTED_EDGE ( 'NONE', *, *, #3394, .T. ) ;
#7900 = ADVANCED_FACE ( 'NONE', ( #3088 ), #6482, .T. ) ;
#7899 = VECTOR ( 'NONE', #1943, 1000.000000000000000 ) ;
#7901 = ORIENTED_EDGE ( 'NONE', *, *, #7456, .T. ) ;
#7902 = CARTESIAN_POINT ( 'NONE',  ( 68.20000000000001705, -53.40000000000000568, 1.000000000000000000 ) ) ;
#7903 = ORIENTED_EDGE ( 'NONE', *, *, #898, .F. ) ;
#7904 = EDGE_LOOP ( 'NONE', ( #9292, #9856, #5997, #2653 ) ) ;
#7905 = DIRECTION ( 'NONE',  ( 0.000000000000000000, 1.000000000000000000, 0.000000000000000000 ) ) ;
#7906 = DIRECTION ( 'NONE',  ( 0.000000000000000000, -1.000000000000000000, 0.000000000000000000 ) ) ;
#7907 = CARTESIAN_POINT ( 'NONE',  ( 68.20000000000001705, -53.40000000000000568, 3.000000000000000000 ) ) ;
#7908 = EDGE_CURVE ( 'NONE', #5328, #10791, #3049, .T. ) ;
#7909 = AXIS2_PLACEMENT_3D ( 'NONE', #1110, #1161, #2759 ) ;
#7910 = CARTESIAN_POINT ( 'NONE',  ( -3.500000000000002665, -94.39999999999996305, -4.000000000000000000 ) ) ;
#7911 = EDGE_CURVE ( 'NONE', #4588, #5569, #2406, .T. ) ;
#7912 = ORIENTED_EDGE ( 'NONE', *, *, #9484, .T. ) ;
#7913 = ORIENTED_EDGE ( 'NONE', *, *, #1341, .F. ) ;
#7914 = EDGE_LOOP ( 'NONE', ( #1200, #4697, #4315, #1629 ) ) ;
#7915 = FACE_BOUND ( 'NONE', #7135, .T. ) ;
#7916 = LINE ( 'NONE', #2090, #8052 ) ;
#7917 = EDGE_CURVE ( 'NONE', #2397, #2162, #7509, .T. ) ;
#7918 = VERTEX_POINT ( 'NONE', #6900 ) ;
#7920 = EDGE_CURVE ( 'NONE', #2538, #1679, #7306, .T. ) ;
#7919 = VECTOR ( 'NONE', #3030, 1000.000000000000000 ) ;
#7921 = DIRECTION ( 'NONE',  ( -0.000000000000000000, -0.000000000000000000, -1.000000000000000000 ) ) ;
#7922 = CARTESIAN_POINT ( 'NONE',  ( 50.79999999999998295, -76.00000000000001421, 0.4999999999999995559 ) ) ;
#7923 = CARTESIAN_POINT ( 'NONE',  ( 57.00000000000000000, 18.45000000000000284, 1.000000000000000000 ) ) ;
#7924 = ADVANCED_FACE ( 'NONE', ( #973 ), #4185, .F. ) ;
#7925 = FACE_OUTER_BOUND ( 'NONE', #4562, .T. ) ;
#7926 = LINE ( 'NONE', #3820, #4183 ) ;
#7927 = ORIENTED_EDGE ( 'NONE', *, *, #7570, .T. ) ;
#7928 = ORIENTED_EDGE ( 'NONE', *, *, #8806, .F. ) ;
#7929 = DIRECTION ( 'NONE',  ( 1.000000000000000000, 0.000000000000000000, 0.000000000000000000 ) ) ;
#7930 = DIRECTION ( 'NONE',  ( -0.000000000000000000, -1.000000000000000000, -0.000000000000000000 ) ) ;
#7931 = ORIENTED_EDGE ( 'NONE', *, *, #3617, .T. ) ;
#7932 = VERTEX_POINT ( 'NONE', #6070 ) ;
#7933 = DIRECTION ( 'NONE',  ( 1.000000000000000000, 0.000000000000000000, 0.000000000000000000 ) ) ;
#7934 = CYLINDRICAL_SURFACE ( 'NONE', #3842, 1.549999999999999378 ) ;
#7935 = ADVANCED_FACE ( 'NONE', ( #10218 ), #9499, .F. ) ;
#7936 = DIRECTION ( 'NONE',  ( 0.000000000000000000, 0.000000000000000000, 1.000000000000000000 ) ) ;
#7937 = EDGE_CURVE ( 'NONE', #7637, #1329, #8564, .T. ) ;
#7938 = AXIS2_PLACEMENT_3D ( 'NONE', #2480, #7369, #10910 ) ;
#7939 = CARTESIAN_POINT ( 'NONE',  ( -16.05000000000000426, -94.39999999999999147, 1.000000000000000000 ) ) ;
#7940 = VECTOR ( 'NONE', #10527, 1000.000000000000000 ) ;
#7941 = DIRECTION ( 'NONE',  ( 0.000000000000000000, 0.000000000000000000, -1.000000000000000000 ) ) ;
#7942 = CARTESIAN_POINT ( 'NONE',  ( 72.75000000000001421, -94.39999999999999147, 1.000000000000000000 ) ) ;
#7943 = AXIS2_PLACEMENT_3D ( 'NONE', #4970, #5696, #4026 ) ;
#7944 = DIRECTION ( 'NONE',  ( -1.000000000000000000, 0.000000000000000000, 0.000000000000000000 ) ) ;
#7945 = ORIENTED_EDGE ( 'NONE', *, *, #6545, .T. ) ;
#7946 = LINE ( 'NONE', #6179, #678 ) ;
#7947 = ORIENTED_EDGE ( 'NONE', *, *, #7038, .F. ) ;
#7948 = VECTOR ( 'NONE', #6356, 1000.000000000000000 ) ;
#7949 = EDGE_CURVE ( 'NONE', #9388, #7073, #7733, .T. ) ;
#7950 = DIRECTION ( 'NONE',  ( 1.000000000000000000, -4.357233220663877152E-16, -0.000000000000000000 ) ) ;
#7951 = CARTESIAN_POINT ( 'NONE',  ( 50.20000000000000995, -32.39999999999999858, 1.000000000000000000 ) ) ;
#7952 = DIRECTION ( 'NONE',  ( 0.000000000000000000, 1.000000000000000000, 0.000000000000000000 ) ) ;
#7953 = DIRECTION ( 'NONE',  ( 0.000000000000000000, 0.000000000000000000, -1.000000000000000000 ) ) ;
#7954 = VECTOR ( 'NONE', #4293, 1000.000000000000000 ) ;
#7955 = ORIENTED_EDGE ( 'NONE', *, *, #7515, .F. ) ;
#7956 = ORIENTED_EDGE ( 'NONE', *, *, #7746, .F. ) ;
#7957 = ORIENTED_EDGE ( 'NONE', *, *, #10725, .T. ) ;
#7958 = LINE ( 'NONE', #8903, #5650 ) ;
#7959 = ADVANCED_FACE ( 'NONE', ( #39 ), #2734, .F. ) ;
#7960 = ORIENTED_EDGE ( 'NONE', *, *, #3724, .T. ) ;
#7961 = ORIENTED_EDGE ( 'NONE', *, *, #6424, .F. ) ;
#7962 = CARTESIAN_POINT ( 'NONE',  ( 2.799999999999984723, -76.00000000000001421, -7.500000000000000888 ) ) ;
#7963 = PLANE ( 'NONE',  #7186 ) ;
#7964 = DIRECTION ( 'NONE',  ( 0.000000000000000000, -1.000000000000000000, 0.000000000000000000 ) ) ;
#7965 = VECTOR ( 'NONE', #3543, 1000.000000000000000 ) ;
#7966 = DIRECTION ( 'NONE',  ( 1.000000000000000000, 0.000000000000000000, 0.000000000000000000 ) ) ;
#7967 = ORIENTED_EDGE ( 'NONE', *, *, #4942, .F. ) ;
#7968 = ORIENTED_EDGE ( 'NONE', *, *, #7183, .T. ) ;
#7969 = ORIENTED_EDGE ( 'NONE', *, *, #6294, .F. ) ;
#7970 = FACE_BOUND ( 'NONE', #3881, .T. ) ;
#7971 = CARTESIAN_POINT ( 'NONE',  ( 52.76999999999999602, 12.80000000000000071, 3.000000000000000000 ) ) ;
#7972 = VERTEX_POINT ( 'NONE', #6130 ) ;
#7973 = CIRCLE ( 'NONE', #2125, 4.299999999999998046 ) ;
#7974 = CARTESIAN_POINT ( 'NONE',  ( 0.2000000000000075051, 18.45000000000000284, 0.5000000000000000000 ) ) ;
#7975 = CARTESIAN_POINT ( 'NONE',  ( 44.20000000000000995, -32.39999999999999858, 3.001000000000000334 ) ) ;
#7976 = FACE_OUTER_BOUND ( 'NONE', #9209, .T. ) ;
#7977 = CARTESIAN_POINT ( 'NONE',  ( 32.49999999999998579, -18.90000000000003055, 1.000000000000000000 ) ) ;
#7978 = AXIS2_PLACEMENT_3D ( 'NONE', #3339, #10205, #7616 ) ;
#7979 = AXIS2_PLACEMENT_3D ( 'NONE', #725, #780, #9306 ) ;
#7980 = EDGE_CURVE ( 'NONE', #10631, #836, #7564, .T. ) ;
#7981 = DIRECTION ( 'NONE',  ( 0.000000000000000000, 1.000000000000000000, -0.000000000000000000 ) ) ;
#7982 = ORIENTED_EDGE ( 'NONE', *, *, #2178, .F. ) ;
#7983 = ORIENTED_EDGE ( 'NONE', *, *, #7301, .F. ) ;
#7984 = DIRECTION ( 'NONE',  ( 0.000000000000000000, 0.000000000000000000, 1.000000000000000000 ) ) ;
#7985 = CARTESIAN_POINT ( 'NONE',  ( -2.500000000000006661, -53.40000000000000568, 3.000000000000000000 ) ) ;
#7986 = ORIENTED_EDGE ( 'NONE', *, *, #10566, .T. ) ;
#7987 = ORIENTED_EDGE ( 'NONE', *, *, #203, .F. ) ;
#7988 = DIRECTION ( 'NONE',  ( -2.202823461557875190E-15, -1.000000000000000000, 0.000000000000000000 ) ) ;
#7989 = DIRECTION ( 'NONE',  ( 0.000000000000000000, 0.000000000000000000, -1.000000000000000000 ) ) ;
#7990 = CARTESIAN_POINT ( 'NONE',  ( 27.50000000000000000, 0.000000000000000000, 1.000000000000000000 ) ) ;
#7991 = DIRECTION ( 'NONE',  ( -1.000000000000000000, 0.000000000000000000, 0.000000000000000000 ) ) ;
#7992 = DIRECTION ( 'NONE',  ( 0.000000000000000000, 1.000000000000000000, 0.000000000000000000 ) ) ;
#7993 = EDGE_CURVE ( 'NONE', #10598, #2294, #4402, .T. ) ;
#7994 = CARTESIAN_POINT ( 'NONE',  ( 60.20000000000003126, -93.39999999999999147, -4.000000000000000000 ) ) ;
#7995 = EDGE_CURVE ( 'NONE', #2181, #7490, #6015, .T. ) ;
#7996 = CARTESIAN_POINT ( 'NONE',  ( 13.49999999999999112, -93.39999999999996305, -13.99999999999999822 ) ) ;
#7997 = ORIENTED_EDGE ( 'NONE', *, *, #1758, .T. ) ;
#7998 = LINE ( 'NONE', #2842, #7041 ) ;
#7999 = EDGE_LOOP ( 'NONE', ( #9954, #6744, #9538, #41 ) ) ;
#8000 = DIRECTION ( 'NONE',  ( 0.000000000000000000, -1.000000000000000000, 0.000000000000000000 ) ) ;
#8001 = FACE_BOUND ( 'NONE', #9188, .T. ) ;
#8002 = LINE ( 'NONE', #4626, #10612 ) ;
#8003 = CARTESIAN_POINT ( 'NONE',  ( -13.50000000000000711, -83.40000000000000568, 1.000000000000000000 ) ) ;
#8004 = AXIS2_PLACEMENT_3D ( 'NONE', #2680, #4242, #7678 ) ;
#8005 = EDGE_CURVE ( 'NONE', #7847, #3762, #3567, .T. ) ;
#8006 = ORIENTED_EDGE ( 'NONE', *, *, #6415, .T. ) ;
#8007 = ORIENTED_EDGE ( 'NONE', *, *, #4393, .F. ) ;
#8008 = VERTEX_POINT ( 'NONE', #3406 ) ;
#8009 = DIRECTION ( 'NONE',  ( 0.000000000000000000, 1.000000000000000000, 0.000000000000000000 ) ) ;
#8010 = ORIENTED_EDGE ( 'NONE', *, *, #1661, .F. ) ;
#8011 = ORIENTED_EDGE ( 'NONE', *, *, #2836, .F. ) ;
#8012 = CARTESIAN_POINT ( 'NONE',  ( -8.500000000000007105, -68.40000000000000568, 3.000000000000000000 ) ) ;
#8013 = FACE_OUTER_BOUND ( 'NONE', #1981, .T. ) ;
#8014 = AXIS2_PLACEMENT_3D ( 'NONE', #4758, #2151, #3873 ) ;
#8015 = DIRECTION ( 'NONE',  ( 0.000000000000000000, 0.000000000000000000, -1.000000000000000000 ) ) ;
#8016 = FACE_OUTER_BOUND ( 'NONE', #10808, .T. ) ;
#8017 = VERTEX_POINT ( 'NONE', #3351 ) ;
#8018 = AXIS2_PLACEMENT_3D ( 'NONE', #7498, #5731, #3177 ) ;
#8019 = ORIENTED_EDGE ( 'NONE', *, *, #8197, .F. ) ;
#8020 = ORIENTED_EDGE ( 'NONE', *, *, #8892, .F. ) ;
#8021 = FACE_BOUND ( 'NONE', #8406, .T. ) ;
#8022 = DIRECTION ( 'NONE',  ( 1.000000000000000000, 0.000000000000000000, -0.000000000000000000 ) ) ;
#8023 = ORIENTED_EDGE ( 'NONE', *, *, #5196, .F. ) ;
#8024 = DIRECTION ( 'NONE',  ( 1.000000000000000000, -0.000000000000000000, 0.000000000000000000 ) ) ;
#8025 = CARTESIAN_POINT ( 'NONE',  ( 2.500000000000000000, 25.89999999999999858, 0.5000000000000000000 ) ) ;
#8026 = AXIS2_PLACEMENT_3D ( 'NONE', #10695, #4938, #7378 ) ;
#8027 = PLANE ( 'NONE',  #10832 ) ;
#8028 = EDGE_CURVE ( 'NONE', #1700, #2793, #7786, .T. ) ;
#8029 = CARTESIAN_POINT ( 'NONE',  ( 47.20000000000001705, -35.39999999999999858, 3.000000000000000000 ) ) ;
#8030 = LINE ( 'NONE', #7040, #7017 ) ;
#8031 = VERTEX_POINT ( 'NONE', #10110 ) ;
#8032 = ORIENTED_EDGE ( 'NONE', *, *, #7382, .T. ) ;
#8033 = CARTESIAN_POINT ( 'NONE',  ( 55.19999999999999574, 0.000000000000000000, -13.00000000000000000 ) ) ;
#8034 = DIRECTION ( 'NONE',  ( -0.03489949670250453578, -1.513524405740244317E-17, 0.9993908270190955401 ) ) ;
#8035 = EDGE_CURVE ( 'NONE', #4736, #10717, #4838, .T. ) ;
#8036 = ORIENTED_EDGE ( 'NONE', *, *, #5511, .T. ) ;
#8037 = VERTEX_POINT ( 'NONE', #9395 ) ;
#8038 = DIRECTION ( 'NONE',  ( -1.000000000000000000, 0.000000000000000000, 0.000000000000000000 ) ) ;
#8039 = LINE ( 'NONE', #2996, #705 ) ;
#8040 = EDGE_CURVE ( 'NONE', #3410, #5406, #9086, .T. ) ;
#8041 = CARTESIAN_POINT ( 'NONE',  ( 0.000000000000000000, 10.44999999999999929, -13.00000000000000000 ) ) ;
#8042 = VECTOR ( 'NONE', #1919, 1000.000000000000000 ) ;
#8043 = ADVANCED_FACE ( 'NONE', ( #1797 ), #3514, .F. ) ;
#8044 = CARTESIAN_POINT ( 'NONE',  ( 3.499999999999987566, -17.40000000000000213, 1.000000000000000000 ) ) ;
#8045 = CARTESIAN_POINT ( 'NONE',  ( 9.499999999999992895, -17.40000000000000213, 1.000000000000000000 ) ) ;
#8046 = LINE ( 'NONE', #409, #7541 ) ;
#8047 = DIRECTION ( 'NONE',  ( 1.000000000000000000, 0.000000000000000000, 0.000000000000000000 ) ) ;
#8048 = ADVANCED_FACE ( 'NONE', ( #9339 ), #5229, .T. ) ;
#8049 = VERTEX_POINT ( 'NONE', #8619 ) ;
#8050 = CARTESIAN_POINT ( 'NONE',  ( 18.50000000000000000, -0.2999999999999999889, 0.5000000000000000000 ) ) ;
#8051 = DIRECTION ( 'NONE',  ( -0.000000000000000000, -0.000000000000000000, -1.000000000000000000 ) ) ;
#8052 = VECTOR ( 'NONE', #6418, 1000.000000000000000 ) ;
#8053 = CIRCLE ( 'NONE', #4871, 4.000000000000003553 ) ;
#8054 = ORIENTED_EDGE ( 'NONE', *, *, #1338, .T. ) ;
#8055 = EDGE_CURVE ( 'NONE', #1328, #1728, #198, .T. ) ;
#8056 = CARTESIAN_POINT ( 'NONE',  ( 56.20000000000001705, -35.39999999999999858, 3.000000000000000000 ) ) ;
#8057 = ADVANCED_FACE ( 'NONE', ( #6187 ), #9666, .F. ) ;
#8058 = VECTOR ( 'NONE', #6338, 1000.000000000000000 ) ;
#8059 = DIRECTION ( 'NONE',  ( -0.000000000000000000, -0.000000000000000000, 1.000000000000000000 ) ) ;
#8060 = CYLINDRICAL_SURFACE ( 'NONE', #2478, 1.549999999999999378 ) ;
#8061 = EDGE_CURVE ( 'NONE', #9534, #3061, #8896, .T. ) ;
#8062 = DIRECTION ( 'NONE',  ( 0.000000000000000000, -1.000000000000000000, 0.000000000000000000 ) ) ;
#8063 = AXIS2_PLACEMENT_3D ( 'NONE', #1885, #7091, #8810 ) ;
#8064 = EDGE_CURVE ( 'NONE', #6684, #7671, #9562, .T. ) ;
#8065 = ORIENTED_EDGE ( 'NONE', *, *, #9545, .F. ) ;
#8066 = EDGE_LOOP ( 'NONE', ( #2055, #4418, #7834, #2932 ) ) ;
#8067 = ORIENTED_EDGE ( 'NONE', *, *, #3532, .F. ) ;
#8068 = CARTESIAN_POINT ( 'NONE',  ( 56.20000000000001705, -53.40000000000000568, 3.001000000000000334 ) ) ;
#8069 = ORIENTED_EDGE ( 'NONE', *, *, #9861, .T. ) ;
#8070 = VECTOR ( 'NONE', #7883, 1000.000000000000000 ) ;
#8071 = DIRECTION ( 'NONE',  ( -1.000000000000000000, 0.000000000000000000, 0.000000000000000000 ) ) ;
#8072 = AXIS2_PLACEMENT_3D ( 'NONE', #8399, #9946, #3235 ) ;
#8073 = EDGE_CURVE ( 'NONE', #2852, #619, #2128, .T. ) ;
#8074 = DIRECTION ( 'NONE',  ( 1.000000000000000000, 0.000000000000000000, 0.000000000000000000 ) ) ;
#8075 = EDGE_CURVE ( 'NONE', #8297, #2591, #4456, .T. ) ;
#8076 = STYLED_ITEM ( 'NONE', ( #5158 ), #3168 ) ;
#8077 = CARTESIAN_POINT ( 'NONE',  ( 45.79999999999997584, -76.00000000000001421, -7.500000000000000888 ) ) ;
#8078 = ORIENTED_EDGE ( 'NONE', *, *, #8064, .F. ) ;
#8079 = AXIS2_PLACEMENT_3D ( 'NONE', #6795, #2518, #9283 ) ;
#8080 = ORIENTED_EDGE ( 'NONE', *, *, #7588, .T. ) ;
#8081 = ORIENTED_EDGE ( 'NONE', *, *, #6094, .T. ) ;
#8082 = FACE_BOUND ( 'NONE', #8361, .T. ) ;
#8083 = DIRECTION ( 'NONE',  ( 9.251858538542971828E-16, 1.000000000000000000, -0.000000000000000000 ) ) ;
#8084 = ORIENTED_EDGE ( 'NONE', *, *, #3285, .F. ) ;
#8085 = LINE ( 'NONE', #10462, #10740 ) ;
#8087 = EDGE_CURVE ( 'NONE', #4958, #2528, #8783, .T. ) ;
#8086 = PLANE ( 'NONE',  #707 ) ;
#8088 = DIRECTION ( 'NONE',  ( 0.000000000000000000, -0.000000000000000000, -1.000000000000000000 ) ) ;
#8089 = CARTESIAN_POINT ( 'NONE',  ( 65.20000000000000284, -32.39999999999999858, 1.000000000000000000 ) ) ;
#8090 = ORIENTED_EDGE ( 'NONE', *, *, #10196, .T. ) ;
#8091 = CARTESIAN_POINT ( 'NONE',  ( -15.50000000000000711, 24.40000000000000568, -4.000000000000000000 ) ) ;
#8092 = ORIENTED_EDGE ( 'NONE', *, *, #9008, .F. ) ;
#8093 = ORIENTED_EDGE ( 'NONE', *, *, #1821, .T. ) ;
#8094 = AXIS2_PLACEMENT_3D ( 'NONE', #1606, #5040, #3257 ) ;
#8095 = FACE_OUTER_BOUND ( 'NONE', #6269, .T. ) ;
#8096 = CARTESIAN_POINT ( 'NONE',  ( 0.000000000000000000, 0.000000000000000000, -4.000000000000000000 ) ) ;
#8097 = EDGE_LOOP ( 'NONE', ( #10823, #7982 ) ) ;
#8098 = ORIENTED_EDGE ( 'NONE', *, *, #1908, .F. ) ;
#8099 = DIRECTION ( 'NONE',  ( -0.000000000000000000, 1.000000000000000000, 0.000000000000000000 ) ) ;
#8100 = EDGE_CURVE ( 'NONE', #7612, #6402, #3056, .T. ) ;
#8101 = DIRECTION ( 'NONE',  ( 0.000000000000000000, 1.000000000000000000, 0.000000000000000000 ) ) ;
#8102 = CARTESIAN_POINT ( 'NONE',  ( 50.20000000000000995, -35.39999999999999858, 3.000000000000000000 ) ) ;
#8103 = CONICAL_SURFACE ( 'NONE', #1030, 1.000000000000000888, 1.029744258676655200 ) ;
#8104 = DIRECTION ( 'NONE',  ( 0.000000000000000000, 0.000000000000000000, -1.000000000000000000 ) ) ;
#8105 = DIRECTION ( 'NONE',  ( 0.000000000000000000, 1.000000000000000000, 0.000000000000000000 ) ) ;
#8106 = DIRECTION ( 'NONE',  ( 1.000000000000000000, 0.000000000000000000, 0.000000000000000000 ) ) ;
#8107 = FACE_OUTER_BOUND ( 'NONE', #7888, .T. ) ;
#8108 = VERTEX_POINT ( 'NONE', #10496 ) ;
#8109 = FACE_BOUND ( 'NONE', #8968, .T. ) ;
#8110 = FACE_OUTER_BOUND ( 'NONE', #3016, .T. ) ;
#8111 = EDGE_LOOP ( 'NONE', ( #1387, #5977, #3880, #10457 ) ) ;
#8112 = CIRCLE ( 'NONE', #1385, 1.000000000000000000 ) ;
#8113 = DIRECTION ( 'NONE',  ( -1.000000000000000000, -4.336808689942015271E-16, 0.000000000000000000 ) ) ;
#8114 = VECTOR ( 'NONE', #261, 1000.000000000000000 ) ;
#8115 = DIRECTION ( 'NONE',  ( -4.663235150475320108E-17, 1.000000000000000000, 0.000000000000000000 ) ) ;
#8116 = CARTESIAN_POINT ( 'NONE',  ( 56.20000000000001705, -50.39999999999999858, 1.000000000000000000 ) ) ;
#8117 = VECTOR ( 'NONE', #2636, 1000.000000000000000 ) ;
#8118 = EDGE_CURVE ( 'NONE', #6561, #906, #948, .T. ) ;
#8119 = EDGE_LOOP ( 'NONE', ( #6311, #4345, #2336, #5460 ) ) ;
#8120 = VERTEX_POINT ( 'NONE', #9614 ) ;
#8121 = VECTOR ( 'NONE', #7506, 1000.000000000000000 ) ;
#8122 = ORIENTED_EDGE ( 'NONE', *, *, #1428, .F. ) ;
#8123 = DIRECTION ( 'NONE',  ( -1.000000000000000000, 0.000000000000000000, 0.000000000000000000 ) ) ;
#8124 = VERTEX_POINT ( 'NONE', #9723 ) ;
#8125 = CARTESIAN_POINT ( 'NONE',  ( 0.000000000000000000, -2.299999999999999822, -14.00000000000000000 ) ) ;
#8126 = CIRCLE ( 'NONE', #1929, 1.000000000000000000 ) ;
#8127 = CARTESIAN_POINT ( 'NONE',  ( 3.499999999999987566, -17.40000000000000213, 3.001000000000000334 ) ) ;
#8128 = VECTOR ( 'NONE', #6113, 1000.000000000000000 ) ;
#8129 = ADVANCED_FACE ( 'NONE', ( #8726 ), #1192, .T. ) ;
#8130 = CARTESIAN_POINT ( 'NONE',  ( -8.500000000000007105, -53.40000000000000568, 3.000000000000000000 ) ) ;
#8131 = ADVANCED_FACE ( 'NONE', ( #7840 ), #1138, .F. ) ;
#8132 = ORIENTED_EDGE ( 'NONE', *, *, #6759, .T. ) ;
#8133 = EDGE_CURVE ( 'NONE', #6162, #7339, #6292, .T. ) ;
#8134 = ORIENTED_EDGE ( 'NONE', *, *, #4934, .F. ) ;
#8135 = ORIENTED_EDGE ( 'NONE', *, *, #7732, .T. ) ;
#8136 = FACE_BOUND ( 'NONE', #2563, .T. ) ;
#8137 = ADVANCED_FACE ( 'NONE', ( #7172 ), #1967, .T. ) ;
#8138 = DIRECTION ( 'NONE',  ( 1.000000000000000000, 0.000000000000000000, 0.000000000000000000 ) ) ;
#8139 = ORIENTED_EDGE ( 'NONE', *, *, #70, .F. ) ;
#8140 = DIRECTION ( 'NONE',  ( 0.000000000000000000, -1.000000000000000000, 0.000000000000000000 ) ) ;
#8141 = CARTESIAN_POINT ( 'NONE',  ( -2.299999999999999822, 17.44999999999999929, 0.000000000000000000 ) ) ;
#8142 = VECTOR ( 'NONE', #8211, 1000.000000000000000 ) ;
#8143 = EDGE_CURVE ( 'NONE', #4998, #10319, #4681, .T. ) ;
#8144 = DIRECTION ( 'NONE',  ( 0.000000000000000000, -1.000000000000000000, 0.000000000000000000 ) ) ;
#8145 = CARTESIAN_POINT ( 'NONE',  ( 69.65000000000001990, -94.39999999999999147, 3.000000000000000000 ) ) ;
#8146 = ORIENTED_EDGE ( 'NONE', *, *, #3104, .F. ) ;
#8147 = CARTESIAN_POINT ( 'NONE',  ( 40.92976288113995054, 6.949999999999999289, 19.08586187794364974 ) ) ;
#8148 = EDGE_CURVE ( 'NONE', #1641, #1252, #3012, .T. ) ;
#8149 = ORIENTED_EDGE ( 'NONE', *, *, #10338, .T. ) ;
#8150 = ORIENTED_EDGE ( 'NONE', *, *, #68, .T. ) ;
#8151 = AXIS2_PLACEMENT_3D ( 'NONE', #2845, #2897, #2949 ) ;
#8152 = CARTESIAN_POINT ( 'NONE',  ( 71.20000000000001705, -94.39999999999999147, 1.000000000000000000 ) ) ;
#8153 = DIRECTION ( 'NONE',  ( 1.000000000000000000, -0.000000000000000000, -0.000000000000000000 ) ) ;
#8154 = EDGE_LOOP ( 'NONE', ( #7575, #9399, #7729, #5310 ) ) ;
#8155 = ORIENTED_EDGE ( 'NONE', *, *, #5556, .F. ) ;
#8156 = LINE ( 'NONE', #6494, #8983 ) ;
#8157 = DIRECTION ( 'NONE',  ( 1.000000000000000000, 0.000000000000000000, 0.000000000000000000 ) ) ;
#8158 = VECTOR ( 'NONE', #9159, 1000.000000000000000 ) ;
#8159 = AXIS2_PLACEMENT_3D ( 'NONE', #8360, #5093, #6595 ) ;
#8160 = DIRECTION ( 'NONE',  ( 0.000000000000000000, -1.000000000000000000, 0.000000000000000000 ) ) ;
#8161 = DIRECTION ( 'NONE',  ( 9.251858538542971828E-16, 1.000000000000000000, -0.000000000000000000 ) ) ;
#8162 = DIRECTION ( 'NONE',  ( 1.000000000000000000, 0.000000000000000000, 0.000000000000000000 ) ) ;
#8163 = DIRECTION ( 'NONE',  ( 0.000000000000000000, 0.000000000000000000, 1.000000000000000000 ) ) ;
#8164 = DIRECTION ( 'NONE',  ( 0.000000000000000000, 1.000000000000000000, 0.000000000000000000 ) ) ;
#8165 = ORIENTED_EDGE ( 'NONE', *, *, #2178, .T. ) ;
#8166 = VERTEX_POINT ( 'NONE', #7011 ) ;
#8167 = VECTOR ( 'NONE', #8372, 1000.000000000000000 ) ;
#8168 = FACE_BOUND ( 'NONE', #6459, .T. ) ;
#8169 = CARTESIAN_POINT ( 'NONE',  ( 3.499999999999987566, -32.39999999999999858, 1.000000000000000000 ) ) ;
#8170 = ORIENTED_EDGE ( 'NONE', *, *, #6845, .F. ) ;
#8171 = DIRECTION ( 'NONE',  ( -0.000000000000000000, -1.000000000000000000, -0.000000000000000000 ) ) ;
#8172 = CARTESIAN_POINT ( 'NONE',  ( 18.50000000000000000, 25.89999999999999858, 0.5000000000000000000 ) ) ;
#8173 = CARTESIAN_POINT ( 'NONE',  ( -8.500000000000010658, -32.39999999999999858, 3.000000000000000000 ) ) ;
#8174 = VERTEX_POINT ( 'NONE', #10440 ) ;
#8175 = ORIENTED_EDGE ( 'NONE', *, *, #8212, .T. ) ;
#8176 = ORIENTED_EDGE ( 'NONE', *, *, #9859, .F. ) ;
#8177 = DIRECTION ( 'NONE',  ( -1.000000000000000000, 0.000000000000000000, 0.000000000000000000 ) ) ;
#8178 = ORIENTED_EDGE ( 'NONE', *, *, #9561, .T. ) ;
#8179 = EDGE_CURVE ( 'NONE', #6403, #2452, #5722, .T. ) ;
#8180 = LINE ( 'NONE', #4126, #4583 ) ;
#8181 = EDGE_CURVE ( 'NONE', #8625, #1544, #6257, .T. ) ;
#8182 = FACE_OUTER_BOUND ( 'NONE', #8208, .T. ) ;
#8183 = DIRECTION ( 'NONE',  ( 0.000000000000000000, 1.000000000000000000, 0.000000000000000000 ) ) ;
#8184 = ORIENTED_EDGE ( 'NONE', *, *, #900, .F. ) ;
#8185 = VERTEX_POINT ( 'NONE', #6241 ) ;
#8186 = EDGE_LOOP ( 'NONE', ( #10768, #1562 ) ) ;
#8187 = DIRECTION ( 'NONE',  ( 0.000000000000000000, 0.000000000000000000, 1.000000000000000000 ) ) ;
#8188 = AXIS2_PLACEMENT_3D ( 'NONE', #6253, #6199, #8015 ) ;
#8189 = LINE ( 'NONE', #4860, #8767 ) ;
#8190 = AXIS2_PLACEMENT_3D ( 'NONE', #5927, #2380, #732 ) ;
#8191 = EDGE_LOOP ( 'NONE', ( #5630, #509, #4077, #8437 ) ) ;
#8192 = EDGE_CURVE ( 'NONE', #1256, #1094, #694, .T. ) ;
#8193 = CARTESIAN_POINT ( 'NONE',  ( 28.50000000000000000, -3.299999999999999822, 1.000000000000000000 ) ) ;
#8194 = LINE ( 'NONE', #9028, #6333 ) ;
#8195 = EDGE_CURVE ( 'NONE', #219, #4750, #3224, .T. ) ;
#8196 = CARTESIAN_POINT ( 'NONE',  ( -0.2999999999999919398, 2.500000000000000000, -1.000000000000000000 ) ) ;
#8197 = EDGE_CURVE ( 'NONE', #2683, #4369, #10495, .T. ) ;
#8198 = DIRECTION ( 'NONE',  ( 0.000000000000000000, 0.000000000000000000, -1.000000000000000000 ) ) ;
#8199 = VECTOR ( 'NONE', #5957, 1000.000000000000000 ) ;
#8200 = AXIS2_PLACEMENT_3D ( 'NONE', #10385, #7895, #310 ) ;
#8201 = CARTESIAN_POINT ( 'NONE',  ( 0.4999999999999882871, -32.39999999999999858, 1.000000000000000000 ) ) ;
#8202 = VERTEX_POINT ( 'NONE', #9828 ) ;
#8203 = LINE ( 'NONE', #9091, #5169 ) ;
#8204 = VERTEX_POINT ( 'NONE', #1465 ) ;
#8205 = EDGE_LOOP ( 'NONE', ( #8544, #10511 ) ) ;
#8206 = DIRECTION ( 'NONE',  ( -0.000000000000000000, -0.000000000000000000, 1.000000000000000000 ) ) ;
#8207 = LINE ( 'NONE', #9757, #1960 ) ;
#8208 = EDGE_LOOP ( 'NONE', ( #6133, #10405, #5206, #7315 ) ) ;
#8209 = CARTESIAN_POINT ( 'NONE',  ( 28.50000000000000000, -2.299999999999999822, -14.00000000000000000 ) ) ;
#8210 = AXIS2_PLACEMENT_3D ( 'NONE', #1623, #8553, #7721 ) ;
#8211 = DIRECTION ( 'NONE',  ( -1.000000000000000000, -1.219727444046191995E-16, 0.000000000000000000 ) ) ;
#8212 = EDGE_CURVE ( 'NONE', #9307, #449, #3585, .T. ) ;
#8213 = LINE ( 'NONE', #5604, #5506 ) ;
#8214 = CARTESIAN_POINT ( 'NONE',  ( 9.499999999999994671, -93.39999999999996305, 1.000000000000000000 ) ) ;
#8215 = DIRECTION ( 'NONE',  ( -1.000000000000000000, 0.000000000000000000, 0.000000000000000000 ) ) ;
#8216 = LINE ( 'NONE', #9205, #1880 ) ;
#8217 = DIRECTION ( 'NONE',  ( -0.000000000000000000, -0.000000000000000000, 1.000000000000000000 ) ) ;
#8218 = ORIENTED_EDGE ( 'NONE', *, *, #8994, .F. ) ;
#8219 = CARTESIAN_POINT ( 'NONE',  ( 44.20000000000000995, -32.39999999999999858, 1.000000000000000000 ) ) ;
#8220 = DIRECTION ( 'NONE',  ( 0.000000000000000000, -1.000000000000000000, -0.000000000000000000 ) ) ;
#8221 = ORIENTED_EDGE ( 'NONE', *, *, #8727, .T. ) ;
#8222 = CARTESIAN_POINT ( 'NONE',  ( 56.20000000000000995, -17.40000000000000213, 1.000000000000000000 ) ) ;
#8223 = PLANE ( 'NONE',  #6567 ) ;
#8224 = FACE_OUTER_BOUND ( 'NONE', #2376, .T. ) ;
#8225 = ORIENTED_EDGE ( 'NONE', *, *, #10821, .T. ) ;
#8226 = AXIS2_PLACEMENT_3D ( 'NONE', #6666, #2440, #2609 ) ;
#8227 = ORIENTED_EDGE ( 'NONE', *, *, #9063, .F. ) ;
#8228 = ORIENTED_EDGE ( 'NONE', *, *, #2286, .T. ) ;
#8229 = CARTESIAN_POINT ( 'NONE',  ( 0.4999999999999917843, -50.39999999999999858, 3.001000000000000334 ) ) ;
#8230 = VECTOR ( 'NONE', #33, 1000.000000000000000 ) ;
#8231 = ORIENTED_EDGE ( 'NONE', *, *, #7725, .T. ) ;
#8232 = CARTESIAN_POINT ( 'NONE',  ( -8.500000000000008882, -50.39999999999999858, 3.000000000000000000 ) ) ;
#8233 = EDGE_CURVE ( 'NONE', #1314, #10497, #1518, .T. ) ;
#8234 = FACE_OUTER_BOUND ( 'NONE', #9997, .T. ) ;
#8235 = CONICAL_SURFACE ( 'NONE', #7705, 0.9999999999999974465, 1.029744258676652535 ) ;
#8236 = ADVANCED_FACE ( 'NONE', ( #7284 ), #10650, .F. ) ;
#8237 = DIRECTION ( 'NONE',  ( -1.000000000000000000, 0.000000000000000000, -4.336808689942015271E-16 ) ) ;
#8238 = ORIENTED_EDGE ( 'NONE', *, *, #677, .T. ) ;
#8239 = ORIENTED_EDGE ( 'NONE', *, *, #9872, .F. ) ;
#8240 = ORIENTED_EDGE ( 'NONE', *, *, #2372, .F. ) ;
#8241 = LINE ( 'NONE', #3969, #4753 ) ;
#8242 = VECTOR ( 'NONE', #379, 1000.000000000000000 ) ;
#8243 = DIRECTION ( 'NONE',  ( -0.000000000000000000, -0.000000000000000000, -1.000000000000000000 ) ) ;
#8244 = ORIENTED_EDGE ( 'NONE', *, *, #5089, .T. ) ;
#8245 = DIRECTION ( 'NONE',  ( 0.000000000000000000, 0.000000000000000000, 1.000000000000000000 ) ) ;
#8246 = LINE ( 'NONE', #1594, #4906 ) ;
#8247 = CARTESIAN_POINT ( 'NONE',  ( -0.2999999999999914402, -3.252606517456425171E-17, -10.00000000000000000 ) ) ;
#8248 = AXIS2_PLACEMENT_3D ( 'NONE', #302, #2726, #4502 ) ;
#8249 = DIRECTION ( 'NONE',  ( -1.000000000000000000, 0.000000000000000000, 0.000000000000000000 ) ) ;
#8250 = AXIS2_PLACEMENT_3D ( 'NONE', #4668, #7992, #10591 ) ;
#8251 = LINE ( 'NONE', #3033, #4159 ) ;
#8252 = VERTEX_POINT ( 'NONE', #3066 ) ;
#8253 = CARTESIAN_POINT ( 'NONE',  ( 42.39999999999999858, 12.80000000000000071, 1.000000000000000000 ) ) ;
#8254 = EDGE_CURVE ( 'NONE', #6108, #1748, #1827, .T. ) ;
#8255 = ORIENTED_EDGE ( 'NONE', *, *, #2813, .T. ) ;
#8256 = EDGE_CURVE ( 'NONE', #8987, #7590, #10710, .T. ) ;
#8257 = CARTESIAN_POINT ( 'NONE',  ( 56.20000000000000995, -32.39999999999999858, 1.000000000000000000 ) ) ;
#8258 = FACE_OUTER_BOUND ( 'NONE', #4411, .T. ) ;
#8259 = ORIENTED_EDGE ( 'NONE', *, *, #3122, .T. ) ;
#8260 = DIRECTION ( 'NONE',  ( 1.000000000000000000, 0.000000000000000000, 0.000000000000000000 ) ) ;
#8261 = CARTESIAN_POINT ( 'NONE',  ( 69.65000000000001990, 35.39999999999999858, 1.000000000000000000 ) ) ;
#8262 = CARTESIAN_POINT ( 'NONE',  ( 62.20000000000000995, -68.40000000000000568, 3.000000000000000000 ) ) ;
#8263 = CARTESIAN_POINT ( 'NONE',  ( 38.20000000000000995, -68.40000000000000568, 1.000000000000000000 ) ) ;
#8264 = VECTOR ( 'NONE', #8481, 1000.000000000000000 ) ;
#8265 = DIRECTION ( 'NONE',  ( 0.000000000000000000, 0.000000000000000000, -1.000000000000000000 ) ) ;
#8266 = FACE_OUTER_BOUND ( 'NONE', #4459, .T. ) ;
#8267 = CARTESIAN_POINT ( 'NONE',  ( 60.20000000000001705, 36.39999999999999858, 1.000000000000000000 ) ) ;
#8268 = ORIENTED_EDGE ( 'NONE', *, *, #624, .T. ) ;
#8269 = ORIENTED_EDGE ( 'NONE', *, *, #3861, .T. ) ;
#8270 = ADVANCED_FACE ( 'NONE', ( #9884 ), #1410, .T. ) ;
#8271 = DIRECTION ( 'NONE',  ( 1.000000000000000000, 0.000000000000000000, 0.000000000000000000 ) ) ;
#8272 = PLANE ( 'NONE',  #9282 ) ;
#8273 = ADVANCED_FACE ( 'NONE', ( #8224 ), #6565, .F. ) ;
#8274 = VERTEX_POINT ( 'NONE', #3954 ) ;
#8275 = DIRECTION ( 'NONE',  ( -1.000000000000000000, -8.286895585876499530E-17, 0.000000000000000000 ) ) ;
#8276 = VECTOR ( 'NONE', #2203, 1000.000000000000000 ) ;
#8277 = CARTESIAN_POINT ( 'NONE',  ( 38.20000000000000995, -68.40000000000000568, 3.000000000000000000 ) ) ;
#8278 = CARTESIAN_POINT ( 'NONE',  ( 50.20000000000000995, -32.39999999999999858, 3.001000000000000334 ) ) ;
#8279 = ORIENTED_EDGE ( 'NONE', *, *, #4665, .F. ) ;
#8280 = VECTOR ( 'NONE', #2782, 1000.000000000000000 ) ;
#8281 = LINE ( 'NONE', #698, #9644 ) ;
#8282 = ORIENTED_EDGE ( 'NONE', *, *, #4457, .T. ) ;
#8283 = ADVANCED_FACE ( 'NONE', ( #2344 ), #5623, .F. ) ;
#8284 = CARTESIAN_POINT ( 'NONE',  ( 0.000000000000000000, 17.44999999999999929, -14.00000000000000000 ) ) ;
#8285 = ORIENTED_EDGE ( 'NONE', *, *, #6157, .F. ) ;
#8286 = VECTOR ( 'NONE', #5383, 1000.000000000000000 ) ;
#8287 = LINE ( 'NONE', #10774, #10414 ) ;
#8288 = CARTESIAN_POINT ( 'NONE',  ( -2.500000000000011102, -17.40000000000000213, 3.000000000000000000 ) ) ;
#8289 = AXIS2_PLACEMENT_3D ( 'NONE', #567, #9858, #7151 ) ;
#8290 = VECTOR ( 'NONE', #2857, 1000.000000000000114 ) ;
#8291 = CARTESIAN_POINT ( 'NONE',  ( 18.50000000000000000, -0.2999999999999999889, 1.000000000000000000 ) ) ;
#8292 = ORIENTED_EDGE ( 'NONE', *, *, #9069, .F. ) ;
#8293 = ORIENTED_EDGE ( 'NONE', *, *, #2568, .F. ) ;
#8294 = LINE ( 'NONE', #10669, #2799 ) ;
#8295 = DIRECTION ( 'NONE',  ( -0.000000000000000000, -0.000000000000000000, -1.000000000000000000 ) ) ;
#8296 = VECTOR ( 'NONE', #8788, 1000.000000000000000 ) ;
#8297 = VERTEX_POINT ( 'NONE', #9981 ) ;
#8298 = DIRECTION ( 'NONE',  ( -0.000000000000000000, -0.000000000000000000, -1.000000000000000000 ) ) ;
#8299 = DIRECTION ( 'NONE',  ( 0.000000000000000000, 1.000000000000000000, -0.000000000000000000 ) ) ;
#8300 = VECTOR ( 'NONE', #9979, 1000.000000000000000 ) ;
#8301 = CARTESIAN_POINT ( 'NONE',  ( 27.50000000000000000, 28.86704589964730161, 0.000000000000000000 ) ) ;
#8302 = FACE_OUTER_BOUND ( 'NONE', #8558, .T. ) ;
#8303 = CARTESIAN_POINT ( 'NONE',  ( 56.20000000000001705, -50.39999999999999858, 3.000000000000000000 ) ) ;
#8304 = ORIENTED_EDGE ( 'NONE', *, *, #8133, .T. ) ;
#8305 = VECTOR ( 'NONE', #3606, 1000.000000000000000 ) ;
#8306 = EDGE_LOOP ( 'NONE', ( #591, #10172 ) ) ;
#8307 = EDGE_LOOP ( 'NONE', ( #8240, #1423, #8731, #4277 ) ) ;
#8308 = DIRECTION ( 'NONE',  ( -1.000000000000000000, 0.000000000000000000, 0.000000000000000000 ) ) ;
#8309 = LINE ( 'NONE', #3208, #3371 ) ;
#8310 = EDGE_LOOP ( 'NONE', ( #9010, #4794, #5366, #978 ) ) ;
#8311 = AXIS2_PLACEMENT_3D ( 'NONE', #1111, #2761, #6979 ) ;
#8312 = PLANE ( 'NONE',  #5961 ) ;
#8313 = LINE ( 'NONE', #3211, #3530 ) ;
#8314 = ADVANCED_FACE ( 'NONE', ( #9160 ), #4847, .F. ) ;
#8315 = LINE ( 'NONE', #7037, #4110 ) ;
#8316 = CARTESIAN_POINT ( 'NONE',  ( -12.95000000000000639, 35.39999999999999858, 1.000000000000000000 ) ) ;
#8317 = CARTESIAN_POINT ( 'NONE',  ( 9.499999999999992895, -17.40000000000000213, 1.000000000000000000 ) ) ;
#8318 = LINE ( 'NONE', #4835, #10900 ) ;
#8319 = CARTESIAN_POINT ( 'NONE',  ( 3.499999999999992895, -68.40000000000000568, 3.000000000000000000 ) ) ;
#8320 = EDGE_LOOP ( 'NONE', ( #1997, #2876, #957, #5419 ) ) ;
#8321 = ORIENTED_EDGE ( 'NONE', *, *, #9573, .F. ) ;
#8322 = DIRECTION ( 'NONE',  ( 0.000000000000000000, 1.000000000000000000, -0.000000000000000000 ) ) ;
#8323 = FACE_OUTER_BOUND ( 'NONE', #5545, .T. ) ;
#8324 = ORIENTED_EDGE ( 'NONE', *, *, #9360, .F. ) ;
#8325 = CARTESIAN_POINT ( 'NONE',  ( 3.499999999999992895, -68.40000000000000568, 1.000000000000000000 ) ) ;
#8326 = VECTOR ( 'NONE', #29, 1000.000000000000114 ) ;
#8327 = CARTESIAN_POINT ( 'NONE',  ( 3.499999999999987566, -32.39999999999999858, 3.001000000000000334 ) ) ;
#8328 = EDGE_CURVE ( 'NONE', #5526, #2928, #10818, .T. ) ;
#8329 = PLANE ( 'NONE',  #2718 ) ;
#8330 = EDGE_CURVE ( 'NONE', #7545, #2913, #1574, .T. ) ;
#8331 = CIRCLE ( 'NONE', #7806, 10.36999999999999744 ) ;
#8332 = CIRCLE ( 'NONE', #8159, 2.999999999999999112 ) ;
#8333 = ORIENTED_EDGE ( 'NONE', *, *, #1580, .T. ) ;
#8334 = CARTESIAN_POINT ( 'NONE',  ( 53.69999999999999574, 6.949999999999999289, -8.300000000000000711 ) ) ;
#8335 = ORIENTED_EDGE ( 'NONE', *, *, #8747, .F. ) ;
#8336 = DIRECTION ( 'NONE',  ( -0.000000000000000000, -0.000000000000000000, -1.000000000000000000 ) ) ;
#8337 = EDGE_LOOP ( 'NONE', ( #6062, #5250, #205, #4490 ) ) ;
#8338 = FACE_OUTER_BOUND ( 'NONE', #10584, .T. ) ;
#8339 = DIRECTION ( 'NONE',  ( 0.000000000000000000, 0.000000000000000000, -1.000000000000000000 ) ) ;
#8340 = ADVANCED_FACE ( 'NONE', ( #4953 ), #8329, .F. ) ;
#8341 = DIRECTION ( 'NONE',  ( 0.000000000000000000, -1.000000000000000000, -1.156482317317869950E-15 ) ) ;
#8342 = LINE ( 'NONE', #4076, #3818 ) ;
#8343 = ORIENTED_EDGE ( 'NONE', *, *, #8143, .T. ) ;
#8344 = EDGE_LOOP ( 'NONE', ( #6755, #2359, #6363, #6474 ) ) ;
#8345 = DIRECTION ( 'NONE',  ( -0.000000000000000000, -0.000000000000000000, -1.000000000000000000 ) ) ;
#8346 = CARTESIAN_POINT ( 'NONE',  ( -11.50000000000001066, -32.39999999999999858, 3.001000000000000334 ) ) ;
#8347 = VERTEX_POINT ( 'NONE', #8116 ) ;
#8348 = ORIENTED_EDGE ( 'NONE', *, *, #10918, .F. ) ;
#8349 = DIRECTION ( 'NONE',  ( -0.000000000000000000, 0.000000000000000000, -1.000000000000000000 ) ) ;
#8350 = CARTESIAN_POINT ( 'NONE',  ( -14.50000000000000533, -94.39999999999999147, 1.000000000000000000 ) ) ;
#8351 = LINE ( 'NONE', #7522, #1951 ) ;
#8352 = CARTESIAN_POINT ( 'NONE',  ( 53.20000000000002416, -35.39999999999999858, 3.001000000000000334 ) ) ;
#8353 = CARTESIAN_POINT ( 'NONE',  ( 51.20000000000000284, 4.000000000000000000, 3.000000000000000000 ) ) ;
#8354 = ORIENTED_EDGE ( 'NONE', *, *, #9767, .F. ) ;
#8355 = AXIS2_PLACEMENT_3D ( 'NONE', #8980, #1384, #4762 ) ;
#8356 = VECTOR ( 'NONE', #7704, 1000.000000000000000 ) ;
#8357 = VERTEX_POINT ( 'NONE', #530 ) ;
#8358 = EDGE_LOOP ( 'NONE', ( #5128, #2820, #7913, #6216 ) ) ;
#8359 = DIRECTION ( 'NONE',  ( 0.000000000000000000, 0.000000000000000000, -1.000000000000000000 ) ) ;
#8360 = CARTESIAN_POINT ( 'NONE',  ( -15.49999999999998934, -95.40000000000000568, 3.000000000000000000 ) ) ;
#8361 = EDGE_LOOP ( 'NONE', ( #268, #1850, #4122, #8599 ) ) ;
#8362 = CARTESIAN_POINT ( 'NONE',  ( -5.500000000000005329, -68.40000000000000568, 3.000000000000000000 ) ) ;
#8363 = LINE ( 'NONE', #7597, #3000 ) ;
#8364 = EDGE_CURVE ( 'NONE', #9755, #1928, #7670, .T. ) ;
#8365 = VECTOR ( 'NONE', #9031, 1000.000000000000000 ) ;
#8366 = VECTOR ( 'NONE', #3461, 1000.000000000000000 ) ;
#8367 = DIRECTION ( 'NONE',  ( -1.000000000000000000, 0.000000000000000000, 0.000000000000000000 ) ) ;
#8368 = CARTESIAN_POINT ( 'NONE',  ( 59.20000000000002416, -35.39999999999999858, 3.000000000000000000 ) ) ;
#8369 = DIRECTION ( 'NONE',  ( 1.000000000000000000, -2.312964634635742957E-16, 0.000000000000000000 ) ) ;
#8370 = EDGE_CURVE ( 'NONE', #9187, #1155, #6005, .T. ) ;
#8371 = DIRECTION ( 'NONE',  ( -2.209838822900388863E-16, -1.000000000000000000, 0.000000000000000000 ) ) ;
#8372 = DIRECTION ( 'NONE',  ( -0.000000000000000000, -0.000000000000000000, -1.000000000000000000 ) ) ;
#8373 = VECTOR ( 'NONE', #3213, 1000.000000000000000 ) ;
#8374 = EDGE_LOOP ( 'NONE', ( #3783, #9335, #9783, #5746, #72, #1499 ) ) ;
#8375 = EDGE_LOOP ( 'NONE', ( #5365, #6019, #9821, #3490, #3590, #1666, #737, #9456, #10615 ) ) ;
#8376 = EDGE_CURVE ( 'NONE', #8818, #10160, #9383, .T. ) ;
#8377 = CARTESIAN_POINT ( 'NONE',  ( 7.799999999999986500, -10.00000000000000888, -7.500000000000000888 ) ) ;
#8378 = CARTESIAN_POINT ( 'NONE',  ( 17.49999999999998934, -64.40000000000000568, 1.000000000000000000 ) ) ;
#8379 = ORIENTED_EDGE ( 'NONE', *, *, #9742, .T. ) ;
#8380 = LINE ( 'NONE', #128, #7067 ) ;
#8381 = EDGE_CURVE ( 'NONE', #10687, #8416, #10931, .T. ) ;
#8382 = DIRECTION ( 'NONE',  ( 0.000000000000000000, -1.000000000000000000, 0.000000000000000000 ) ) ;
#8383 = VECTOR ( 'NONE', #9313, 1000.000000000000000 ) ;
#8384 = CYLINDRICAL_SURFACE ( 'NONE', #6086, 1.000000000000000000 ) ;
#8385 = EDGE_CURVE ( 'NONE', #3068, #3950, #9217, .T. ) ;
#8386 = ORIENTED_EDGE ( 'NONE', *, *, #6566, .T. ) ;
#8387 = EDGE_CURVE ( 'NONE', #9669, #8519, #3501, .T. ) ;
#8388 = VERTEX_POINT ( 'NONE', #3340 ) ;
#8389 = ORIENTED_EDGE ( 'NONE', *, *, #6094, .F. ) ;
#8390 = ADVANCED_FACE ( 'NONE', ( #5841 ), #185, .T. ) ;
#8391 = DIRECTION ( 'NONE',  ( 0.000000000000000000, 0.000000000000000000, 1.000000000000000000 ) ) ;
#8392 = ORIENTED_EDGE ( 'NONE', *, *, #9392, .F. ) ;
#8393 = DIRECTION ( 'NONE',  ( -1.000000000000000000, 0.000000000000000000, 0.000000000000000000 ) ) ;
#8394 = ADVANCED_FACE ( 'NONE', ( #3395 ), #5891, .F. ) ;
#8395 = CARTESIAN_POINT ( 'NONE',  ( 6.700000000000000178, 3.875000000000000000, 3.000000000000000000 ) ) ;
#8396 = EDGE_CURVE ( 'NONE', #9781, #4299, #10100, .T. ) ;
#8397 = DIRECTION ( 'NONE',  ( 0.000000000000000000, 0.000000000000000000, -1.000000000000000000 ) ) ;
#8398 = AXIS2_PLACEMENT_3D ( 'NONE', #8943, #523, #3949 ) ;
#8399 = CARTESIAN_POINT ( 'NONE',  ( 71.20000000000001705, 35.39999999999999858, 1.000000000000000000 ) ) ;
#8400 = ORIENTED_EDGE ( 'NONE', *, *, #799, .F. ) ;
#8401 = EDGE_LOOP ( 'NONE', ( #2349, #8887, #8304, #9284 ) ) ;
#8402 = EDGE_LOOP ( 'NONE', ( #8817, #1874, #766, #97 ) ) ;
#8403 = DIRECTION ( 'NONE',  ( 0.000000000000000000, 1.000000000000000000, -0.000000000000000000 ) ) ;
#8404 = CARTESIAN_POINT ( 'NONE',  ( -11.50000000000000888, -35.39999999999999858, 1.000000000000000000 ) ) ;
#8405 = ORIENTED_EDGE ( 'NONE', *, *, #7316, .F. ) ;
#8406 = EDGE_LOOP ( 'NONE', ( #10737, #8098, #9517, #8292 ) ) ;
#8407 = ADVANCED_FACE ( 'NONE', ( #9270 ), #5191, .F. ) ;
#8408 = DIRECTION ( 'NONE',  ( 0.000000000000000000, 0.000000000000000000, -1.000000000000000000 ) ) ;
#8409 = DIRECTION ( 'NONE',  ( 0.000000000000000000, -1.000000000000000000, 0.000000000000000000 ) ) ;
#8410 = AXIS2_PLACEMENT_3D ( 'NONE', #820, #4027, #656 ) ;
#8411 = ADVANCED_FACE ( 'NONE', ( #2558 ), #8384, .F. ) ;
#8412 = CIRCLE ( 'NONE', #9296, 0.5000000000000000000 ) ;
#8413 = CARTESIAN_POINT ( 'NONE',  ( 6.499999999999993783, -17.40000000000000213, 1.000000000000000000 ) ) ;
#8414 = FACE_OUTER_BOUND ( 'NONE', #2419, .T. ) ;
#8415 = CARTESIAN_POINT ( 'NONE',  ( 56.50000000000000000, 4.000000000000000000, 3.000000000000000000 ) ) ;
#8416 = VERTEX_POINT ( 'NONE', #132 ) ;
#8417 = ADVANCED_FACE ( 'NONE', ( #10206 ), #5945, .F. ) ;
#8418 = CIRCLE ( 'NONE', #4881, 0.5000000000000000000 ) ;
#8419 = ORIENTED_EDGE ( 'NONE', *, *, #8506, .T. ) ;
#8420 = ORIENTED_EDGE ( 'NONE', *, *, #4458, .T. ) ;
#8421 = LINE ( 'NONE', #8, #9879 ) ;
#8422 = DIRECTION ( 'NONE',  ( 0.000000000000000000, 1.000000000000000000, 0.000000000000000000 ) ) ;
#8423 = VERTEX_POINT ( 'NONE', #6057 ) ;
#8424 = ADVANCED_FACE ( 'NONE', ( #9328 ), #9440, .T. ) ;
#8425 = CARTESIAN_POINT ( 'NONE',  ( 50.20000000000000995, -17.40000000000000213, 3.000000000000000000 ) ) ;
#8426 = VECTOR ( 'NONE', #2081, 1000.000000000000000 ) ;
#8427 = DIRECTION ( 'NONE',  ( 0.000000000000000000, 0.000000000000000000, -1.000000000000000000 ) ) ;
#8428 = VECTOR ( 'NONE', #842, 1000.000000000000000 ) ;
#8429 = CYLINDRICAL_SURFACE ( 'NONE', #2694, 0.5000000000000000000 ) ;
#8430 = DIRECTION ( 'NONE',  ( -0.000000000000000000, -0.000000000000000000, 1.000000000000000000 ) ) ;
#8431 = DIRECTION ( 'NONE',  ( 0.000000000000000000, -1.000000000000000000, 0.000000000000000000 ) ) ;
#8432 = AXIS2_PLACEMENT_3D ( 'NONE', #7872, #5326, #10361 ) ;
#8433 = CARTESIAN_POINT ( 'NONE',  ( -5.500000000000009770, -17.40000000000000213, 3.000000000000000000 ) ) ;
#8434 = EDGE_CURVE ( 'NONE', #6773, #9890, #10040, .T. ) ;
#8435 = VECTOR ( 'NONE', #4429, 1000.000000000000000 ) ;
#8436 = CARTESIAN_POINT ( 'NONE',  ( 60.20000000000003126, -93.39999999999999147, 1.000000000000000000 ) ) ;
#8437 = ORIENTED_EDGE ( 'NONE', *, *, #5791, .F. ) ;
#8438 = VERTEX_POINT ( 'NONE', #5003 ) ;
#8439 = DIRECTION ( 'NONE',  ( -1.156482317317871478E-16, -1.000000000000000000, 0.000000000000000000 ) ) ;
#8440 = PLANE ( 'NONE',  #7166 ) ;
#8441 = ORIENTED_EDGE ( 'NONE', *, *, #9982, .F. ) ;
#8442 = DIRECTION ( 'NONE',  ( 0.000000000000000000, -1.000000000000000000, 0.000000000000000000 ) ) ;
#8443 = CARTESIAN_POINT ( 'NONE',  ( -1.300000000000000044, 23.09999999999999787, 3.000000000000000000 ) ) ;
#8444 = DIRECTION ( 'NONE',  ( -0.000000000000000000, -0.000000000000000000, -1.000000000000000000 ) ) ;
#8445 = ORIENTED_EDGE ( 'NONE', *, *, #1760, .F. ) ;
#8446 = PLANE ( 'NONE',  #6118 ) ;
#8447 = ORIENTED_EDGE ( 'NONE', *, *, #3201, .F. ) ;
#8448 = VECTOR ( 'NONE', #4553, 1000.000000000000000 ) ;
#8449 = CARTESIAN_POINT ( 'NONE',  ( 2.500000000000035083, 26.89999999999999858, -1.000000000000000000 ) ) ;
#8450 = VERTEX_POINT ( 'NONE', #798 ) ;
#8451 = CARTESIAN_POINT ( 'NONE',  ( -3.014082039509705088E-15, 6.949999999999999289, -13.00000000000000000 ) ) ;
#8452 = CARTESIAN_POINT ( 'NONE',  ( 41.20000000000000995, -32.39999999999999858, 3.001000000000000334 ) ) ;
#8453 = CARTESIAN_POINT ( 'NONE',  ( 41.20000000000002416, -17.40000000000000213, 3.001000000000000334 ) ) ;
#8454 = ADVANCED_FACE ( 'NONE', ( #4174 ), #9097, .F. ) ;
#8455 = VECTOR ( 'NONE', #6559, 1000.000000000000000 ) ;
#8456 = PLANE ( 'NONE',  #8602 ) ;
#8457 = ORIENTED_EDGE ( 'NONE', *, *, #6295, .T. ) ;
#8458 = ORIENTED_EDGE ( 'NONE', *, *, #6434, .T. ) ;
#8459 = EDGE_LOOP ( 'NONE', ( #3471, #7228, #8244, #2510 ) ) ;
#8460 = DIRECTION ( 'NONE',  ( -0.000000000000000000, -0.000000000000000000, -1.000000000000000000 ) ) ;
#8461 = DIRECTION ( 'NONE',  ( 0.000000000000000000, 1.000000000000000000, -0.000000000000000000 ) ) ;
#8462 = EDGE_LOOP ( 'NONE', ( #2088, #9480, #2634, #9505 ) ) ;
#8463 = EDGE_LOOP ( 'NONE', ( #4394, #10114, #10333, #6090 ) ) ;
#8464 = LINE ( 'NONE', #1754, #8114 ) ;
#8465 = PLANE ( 'NONE',  #7745 ) ;
#8466 = VECTOR ( 'NONE', #2424, 1000.000000000000000 ) ;
#8467 = CARTESIAN_POINT ( 'NONE',  ( -15.49999999999998934, -95.40000000000000568, 1.000000000000000000 ) ) ;
#8468 = VECTOR ( 'NONE', #7102, 1000.000000000000000 ) ;
#8469 = ADVANCED_FACE ( 'NONE', ( #4232 ), #7617, .F. ) ;
#8470 = CARTESIAN_POINT ( 'NONE',  ( 7.799999999999994493, -76.00000000000001421, 1.000000000000000000 ) ) ;
#8471 = LINE ( 'NONE', #10012, #6469 ) ;
#8472 = EDGE_CURVE ( 'NONE', #4504, #2578, #8912, .T. ) ;
#8473 = ORIENTED_EDGE ( 'NONE', *, *, #6909, .T. ) ;
#8474 = EDGE_CURVE ( 'NONE', #10013, #9648, #9602, .T. ) ;
#8475 = ORIENTED_EDGE ( 'NONE', *, *, #7762, .F. ) ;
#8476 = ORIENTED_EDGE ( 'NONE', *, *, #3634, .T. ) ;
#8477 = CARTESIAN_POINT ( 'NONE',  ( 50.20000000000000995, -50.39999999999999858, 3.001000000000000334 ) ) ;
#8478 = CYLINDRICAL_SURFACE ( 'NONE', #731, 1.000000000000000000 ) ;
#8479 = AXIS2_PLACEMENT_3D ( 'NONE', #1922, #10174, #2584 ) ;
#8480 = EDGE_LOOP ( 'NONE', ( #3523, #5033, #7231, #8239 ) ) ;
#8481 = DIRECTION ( 'NONE',  ( -1.000000000000000000, 0.000000000000000000, 0.000000000000000000 ) ) ;
#8482 = ADVANCED_FACE ( 'NONE', ( #9489 ), #2835, .F. ) ;
#8483 = CARTESIAN_POINT ( 'NONE',  ( -2.500000000000009326, -50.39999999999999858, 3.001000000000000334 ) ) ;
#8484 = CARTESIAN_POINT ( 'NONE',  ( 0.2000000000000070055, 11.44999999999999929, 0.5000000000000000000 ) ) ;
#8485 = CIRCLE ( 'NONE', #6884, 3.500000000000003109 ) ;
#8486 = DIRECTION ( 'NONE',  ( 1.000000000000000000, -0.000000000000000000, -0.000000000000000000 ) ) ;
#8487 = EDGE_CURVE ( 'NONE', #9874, #7384, #10374, .T. ) ;
#8488 = LINE ( 'NONE', #903, #5236 ) ;
#8489 = ORIENTED_EDGE ( 'NONE', *, *, #9422, .F. ) ;
#8490 = CARTESIAN_POINT ( 'NONE',  ( 50.20000000000000995, -50.39999999999999858, 1.000000000000000000 ) ) ;
#8491 = VERTEX_POINT ( 'NONE', #7159 ) ;
#8492 = ORIENTED_EDGE ( 'NONE', *, *, #5892, .F. ) ;
#8493 = DIRECTION ( 'NONE',  ( 0.000000000000000000, 1.000000000000000000, -0.000000000000000000 ) ) ;
#8494 = DIRECTION ( 'NONE',  ( 0.000000000000000000, 0.000000000000000000, -1.000000000000000000 ) ) ;
#8495 = ORIENTED_EDGE ( 'NONE', *, *, #6112, .T. ) ;
#8496 = CARTESIAN_POINT ( 'NONE',  ( -18.50000000000000711, 36.39999999999999858, 3.000000000000000000 ) ) ;
#8497 = VECTOR ( 'NONE', #2095, 1000.000000000000000 ) ;
#8498 = LINE ( 'NONE', #4231, #8683 ) ;
#8499 = DIRECTION ( 'NONE',  ( -0.000000000000000000, 0.9063077870366479383, 0.4226182617407039377 ) ) ;
#8500 = ORIENTED_EDGE ( 'NONE', *, *, #620, .T. ) ;
#8501 = FACE_OUTER_BOUND ( 'NONE', #10329, .T. ) ;
#8502 = ORIENTED_EDGE ( 'NONE', *, *, #3250, .F. ) ;
#8503 = VECTOR ( 'NONE', #3143, 1000.000000000000000 ) ;
#8504 = CARTESIAN_POINT ( 'NONE',  ( 50.20000000000000995, -32.39999999999999858, 3.001000000000000334 ) ) ;
#8505 = ORIENTED_EDGE ( 'NONE', *, *, #2617, .F. ) ;
#8506 = EDGE_CURVE ( 'NONE', #2623, #830, #6229, .T. ) ;
#8507 = CARTESIAN_POINT ( 'NONE',  ( 3.174999999999999822, 7.400000000000000355, 3.000000000000000000 ) ) ;
#8508 = LINE ( 'NONE', #9448, #8199 ) ;
#8509 = DIRECTION ( 'NONE',  ( 0.000000000000000000, 0.000000000000000000, -1.000000000000000000 ) ) ;
#8510 = VECTOR ( 'NONE', #2343, 1000.000000000000114 ) ;
#8511 = VECTOR ( 'NONE', #8691, 1000.000000000000000 ) ;
#8512 = DIRECTION ( 'NONE',  ( 0.000000000000000000, 1.000000000000000000, -0.000000000000000000 ) ) ;
#8513 = ORIENTED_EDGE ( 'NONE', *, *, #7777, .T. ) ;
#8514 = VERTEX_POINT ( 'NONE', #6281 ) ;
#8515 = ADVANCED_FACE ( 'NONE', ( #7882 ), #1237, .F. ) ;
#8516 = ORIENTED_EDGE ( 'NONE', *, *, #1000, .F. ) ;
#8517 = CARTESIAN_POINT ( 'NONE',  ( 56.20000000000000995, -17.40000000000000213, 3.001000000000000334 ) ) ;
#8518 = PLANE ( 'NONE',  #3804 ) ;
#8519 = VERTEX_POINT ( 'NONE', #2007 ) ;
#8520 = ORIENTED_EDGE ( 'NONE', *, *, #10155, .F. ) ;
#8521 = LINE ( 'NONE', #8574, #3510 ) ;
#8522 = VECTOR ( 'NONE', #4726, 1000.000000000000000 ) ;
#8523 = EDGE_CURVE ( 'NONE', #6036, #4269, #5388, .T. ) ;
#8524 = PLANE ( 'NONE',  #462 ) ;
#8525 = APPLICATION_PROTOCOL_DEFINITION ( 'draft international standard', 'automotive_design', 1998, #4559 ) ;
#8526 = CARTESIAN_POINT ( 'NONE',  ( 48.79999999999998295, -76.00000000000001421, 0.4999999999999995559 ) ) ;
#8527 = ORIENTED_EDGE ( 'NONE', *, *, #5952, .T. ) ;
#8528 = ADVANCED_FACE ( 'NONE', ( #7055 ), #2061, .F. ) ;
#8529 = VERTEX_POINT ( 'NONE', #4558 ) ;
#8530 = ORIENTED_EDGE ( 'NONE', *, *, #8364, .T. ) ;
#8531 = DIRECTION ( 'NONE',  ( 2.168404344970976821E-16, 1.000000000000000000, 0.000000000000000000 ) ) ;
#8532 = CARTESIAN_POINT ( 'NONE',  ( 55.19999999999999574, 10.44999999999999929, -7.799999999999999822 ) ) ;
#8533 = EDGE_CURVE ( 'NONE', #206, #1817, #6119, .T. ) ;
#8534 = VERTEX_POINT ( 'NONE', #7827 ) ;
#8535 = CARTESIAN_POINT ( 'NONE',  ( 3.799999999999983835, -10.00000000000000888, -7.500000000000000888 ) ) ;
#8536 = LINE ( 'NONE', #947, #9194 ) ;
#8537 = EDGE_CURVE ( 'NONE', #9802, #3398, #6171, .T. ) ;
#8538 = LINE ( 'NONE', #1554, #2346 ) ;
#8539 = CARTESIAN_POINT ( 'NONE',  ( 68.20000000000001705, -68.40000000000000568, 3.000000000000000000 ) ) ;
#8540 = CARTESIAN_POINT ( 'NONE',  ( -12.95000000000000639, 35.39999999999999858, 1.000000000000000000 ) ) ;
#8541 = ORIENTED_EDGE ( 'NONE', *, *, #2096, .T. ) ;
#8542 =( LENGTH_UNIT ( ) NAMED_UNIT ( * ) SI_UNIT ( .MILLI., .METRE. ) );
#8543 = DIRECTION ( 'NONE',  ( 0.000000000000000000, 1.000000000000000000, 0.000000000000000000 ) ) ;
#8544 = ORIENTED_EDGE ( 'NONE', *, *, #8040, .T. ) ;
#8545 = VERTEX_POINT ( 'NONE', #1181 ) ;
#8546 = PLANE ( 'NONE',  #681 ) ;
#8547 = CARTESIAN_POINT ( 'NONE',  ( -0.2000000000000265454, -76.00000000000001421, -7.500000000000000888 ) ) ;
#8548 = AXIS2_PLACEMENT_3D ( 'NONE', #4800, #1367, #9068 ) ;
#8549 = VECTOR ( 'NONE', #4215, 1000.000000000000000 ) ;
#8550 = EDGE_CURVE ( 'NONE', #6488, #9752, #9621, .T. ) ;
#8551 = PLANE ( 'NONE',  #8657 ) ;
#8552 = LINE ( 'NONE', #9382, #554 ) ;
#8553 = DIRECTION ( 'NONE',  ( -0.000000000000000000, -0.000000000000000000, -1.000000000000000000 ) ) ;
#8554 = VECTOR ( 'NONE', #6679, 1000.000000000000000 ) ;
#8555 = AXIS2_PLACEMENT_3D ( 'NONE', #7066, #2848, #7953 ) ;
#8556 = LINE ( 'NONE', #10429, #3465 ) ;
#8557 = DIRECTION ( 'NONE',  ( -1.000000000000000000, 0.000000000000000000, 0.000000000000000000 ) ) ;
#8558 = EDGE_LOOP ( 'NONE', ( #6135, #7142, #4534, #2130 ) ) ;
#8559 = PLANE ( 'NONE',  #496 ) ;
#8560 = ORIENTED_EDGE ( 'NONE', *, *, #7856, .T. ) ;
#8561 = CYLINDRICAL_SURFACE ( 'NONE', #342, 1.000000000000000888 ) ;
#8562 = CIRCLE ( 'NONE', #8026, 1.549999999999995826 ) ;
#8563 = CARTESIAN_POINT ( 'NONE',  ( 32.03000000000000114, 12.80000000000000071, 1.000000000000000000 ) ) ;
#8564 = LINE ( 'NONE', #9449, #6079 ) ;
#8565 = CARTESIAN_POINT ( 'NONE',  ( 56.50000000000000000, 18.45000000000000284, -1.000000000000000000 ) ) ;
#8566 = ORIENTED_EDGE ( 'NONE', *, *, #8330, .F. ) ;
#8567 = EDGE_LOOP ( 'NONE', ( #2408, #1917, #9504, #7931 ) ) ;
#8568 = ORIENTED_EDGE ( 'NONE', *, *, #6440, .T. ) ;
#8569 = FACE_OUTER_BOUND ( 'NONE', #6876, .T. ) ;
#8570 = EDGE_CURVE ( 'NONE', #5922, #709, #8883, .T. ) ;
#8571 = FACE_OUTER_BOUND ( 'NONE', #1051, .T. ) ;
#8572 = ORIENTED_EDGE ( 'NONE', *, *, #5620, .T. ) ;
#8573 = VERTEX_POINT ( 'NONE', #5335 ) ;
#8574 = CARTESIAN_POINT ( 'NONE',  ( 38.20000000000000995, -17.40000000000000213, 3.000000000000000000 ) ) ;
#8575 = PLANE ( 'NONE',  #4526 ) ;
#8576 = EDGE_CURVE ( 'NONE', #9223, #1969, #1287, .T. ) ;
#8577 = LINE ( 'NONE', #7024, #4304 ) ;
#8578 = DIRECTION ( 'NONE',  ( 1.000000000000000000, -0.000000000000000000, 0.000000000000000000 ) ) ;
#8579 = EDGE_LOOP ( 'NONE', ( #3748, #6405, #6879, #10255 ) ) ;
#8580 = ORIENTED_EDGE ( 'NONE', *, *, #3201, .T. ) ;
#8581 = ORIENTED_EDGE ( 'NONE', *, *, #4205, .F. ) ;
#8582 = AXIS2_PLACEMENT_3D ( 'NONE', #2231, #5509, #7217 ) ;
#8583 = FACE_OUTER_BOUND ( 'NONE', #135, .T. ) ;
#8584 = DIRECTION ( 'NONE',  ( 1.000000000000000000, 0.000000000000000000, 0.000000000000000000 ) ) ;
#8585 = ORIENTED_EDGE ( 'NONE', *, *, #4480, .F. ) ;
#8586 = FACE_OUTER_BOUND ( 'NONE', #9986, .T. ) ;
#8587 = AXIS2_PLACEMENT_3D ( 'NONE', #303, #3671, #4561 ) ;
#8588 = DIRECTION ( 'NONE',  ( -0.000000000000000000, 1.000000000000000000, 0.000000000000000000 ) ) ;
#8589 = CARTESIAN_POINT ( 'NONE',  ( 69.65000000000001990, 35.39999999999999858, 1.000000000000000000 ) ) ;
#8590 = AXIS2_PLACEMENT_3D ( 'NONE', #10848, #9136, #7586 ) ;
#8591 = EDGE_CURVE ( 'NONE', #9863, #4316, #10857, .T. ) ;
#8592 = DIRECTION ( 'NONE',  ( 0.000000000000000000, -1.000000000000000000, 0.000000000000000000 ) ) ;
#8593 = EDGE_CURVE ( 'NONE', #4912, #10554, #2939, .T. ) ;
#8594 = DIRECTION ( 'NONE',  ( 0.000000000000000000, 0.000000000000000000, 1.000000000000000000 ) ) ;
#8595 = ORIENTED_EDGE ( 'NONE', *, *, #10232, .F. ) ;
#8596 = DIRECTION ( 'NONE',  ( 0.000000000000000000, 0.000000000000000000, -1.000000000000000000 ) ) ;
#8597 = PLANE ( 'NONE',  #1439 ) ;
#8598 = ORIENTED_EDGE ( 'NONE', *, *, #560, .T. ) ;
#8599 = ORIENTED_EDGE ( 'NONE', *, *, #1658, .F. ) ;
#8600 = CARTESIAN_POINT ( 'NONE',  ( 19.50000000000000000, 24.40000000000000213, -8.300000000000000711 ) ) ;
#8601 = DIRECTION ( 'NONE',  ( -0.000000000000000000, 0.000000000000000000, -1.000000000000000000 ) ) ;
#8602 = AXIS2_PLACEMENT_3D ( 'NONE', #870, #6579, #2407 ) ;
#8603 = DIRECTION ( 'NONE',  ( 0.000000000000000000, 0.000000000000000000, 1.000000000000000000 ) ) ;
#8604 = DIRECTION ( 'NONE',  ( 1.000000000000000000, 0.000000000000000000, 0.000000000000000000 ) ) ;
#8605 = VECTOR ( 'NONE', #1455, 1000.000000000000000 ) ;
#8606 = DIRECTION ( 'NONE',  ( -0.000000000000000000, -0.000000000000000000, -1.000000000000000000 ) ) ;
#8607 = EDGE_CURVE ( 'NONE', #929, #399, #2115, .T. ) ;
#8608 = VECTOR ( 'NONE', #3891, 1000.000000000000000 ) ;
#8609 = EDGE_CURVE ( 'NONE', #3906, #8875, #10749, .T. ) ;
#8610 = LINE ( 'NONE', #7724, #5771 ) ;
#8611 = EDGE_CURVE ( 'NONE', #3859, #5295, #8562, .T. ) ;
#8612 = PLANE ( 'NONE',  #3447 ) ;
#8613 = VERTEX_POINT ( 'NONE', #6388 ) ;
#8614 = LINE ( 'NONE', #8504, #5626 ) ;
#8615 = EDGE_LOOP ( 'NONE', ( #7693, #4731, #5301, #5571 ) ) ;
#8616 = CARTESIAN_POINT ( 'NONE',  ( 3.499999999999991118, -50.39999999999999858, 3.000000000000000000 ) ) ;
#8617 = EDGE_CURVE ( 'NONE', #8347, #5652, #4883, .T. ) ;
#8618 = CARTESIAN_POINT ( 'NONE',  ( 18.50000000000000000, 27.40000000000000213, 1.000000000000000000 ) ) ;
#8619 = CARTESIAN_POINT ( 'NONE',  ( -15.50000000000000711, 24.40000000000000568, -2.999999999999999112 ) ) ;
#8620 = FACE_OUTER_BOUND ( 'NONE', #10739, .T. ) ;
#8621 = EDGE_CURVE ( 'NONE', #1802, #6697, #2184, .T. ) ;
#8622 = VECTOR ( 'NONE', #10367, 1000.000000000000000 ) ;
#8623 = ORIENTED_EDGE ( 'NONE', *, *, #7937, .F. ) ;
#8624 = VERTEX_POINT ( 'NONE', #1399 ) ;
#8625 = VERTEX_POINT ( 'NONE', #6445 ) ;
#8626 = DIRECTION ( 'NONE',  ( 0.000000000000000000, 0.000000000000000000, -1.000000000000000000 ) ) ;
#8627 = DIRECTION ( 'NONE',  ( 1.000000000000000000, 1.219727444046191995E-16, 0.000000000000000000 ) ) ;
#8628 = VERTEX_POINT ( 'NONE', #460 ) ;
#8629 = VERTEX_POINT ( 'NONE', #6498 ) ;
#8630 = CARTESIAN_POINT ( 'NONE',  ( 41.20000000000002416, -17.40000000000000213, 1.000000000000000000 ) ) ;
#8631 = CARTESIAN_POINT ( 'NONE',  ( 7.799999999999994493, -76.00000000000001421, -7.500000000000000888 ) ) ;
#8632 = VECTOR ( 'NONE', #4030, 1000.000000000000000 ) ;
#8633 = LINE ( 'NONE', #5192, #5939 ) ;
#8634 = ORIENTED_EDGE ( 'NONE', *, *, #7993, .F. ) ;
#8635 = ORIENTED_EDGE ( 'NONE', *, *, #1580, .F. ) ;
#8636 = ORIENTED_EDGE ( 'NONE', *, *, #6310, .T. ) ;
#8637 = LINE ( 'NONE', #1052, #1924 ) ;
#8638 = DIRECTION ( 'NONE',  ( 0.000000000000000000, 0.000000000000000000, -1.000000000000000000 ) ) ;
#8639 = VECTOR ( 'NONE', #9772, 1000.000000000000000 ) ;
#8640 = VERTEX_POINT ( 'NONE', #6602 ) ;
#8641 = CARTESIAN_POINT ( 'NONE',  ( 50.20000000000000995, -68.40000000000000568, 3.001000000000000334 ) ) ;
#8642 = VECTOR ( 'NONE', #2313, 1000.000000000000000 ) ;
#8643 = FACE_OUTER_BOUND ( 'NONE', #644, .T. ) ;
#8644 = CARTESIAN_POINT ( 'NONE',  ( 27.50000000000000000, -0.9916459933285248773, -13.00000000000000000 ) ) ;
#8645 = LINE ( 'NONE', #10790, #6293 ) ;
#8646 = DIRECTION ( 'NONE',  ( -1.000000000000000000, 0.000000000000000000, 0.000000000000000000 ) ) ;
#8647 = VECTOR ( 'NONE', #1041, 1000.000000000000000 ) ;
#8648 = ORIENTED_EDGE ( 'NONE', *, *, #5139, .T. ) ;
#8649 = DIRECTION ( 'NONE',  ( -0.000000000000000000, -0.000000000000000000, -1.000000000000000000 ) ) ;
#8650 = ORIENTED_EDGE ( 'NONE', *, *, #10701, .T. ) ;
#8651 = ORIENTED_EDGE ( 'NONE', *, *, #4786, .T. ) ;
#8652 = CARTESIAN_POINT ( 'NONE',  ( 49.79999999999998295, -10.00000000000000888, 0.4999999999999995559 ) ) ;
#8653 = CARTESIAN_POINT ( 'NONE',  ( -11.50000000000000888, -50.39999999999999858, 3.000000000000000000 ) ) ;
#8654 = VECTOR ( 'NONE', #1198, 1000.000000000000000 ) ;
#8655 = CARTESIAN_POINT ( 'NONE',  ( 9.499999999999992895, -32.39999999999999858, 3.000000000000000000 ) ) ;
#8656 = EDGE_CURVE ( 'NONE', #4377, #2901, #3889, .T. ) ;
#8657 = AXIS2_PLACEMENT_3D ( 'NONE', #3555, #8442, #6883 ) ;
#8658 = CARTESIAN_POINT ( 'NONE',  ( 53.20000000000000284, -32.39999999999999858, 3.001000000000000334 ) ) ;
#8659 = DIRECTION ( 'NONE',  ( 0.000000000000000000, -1.000000000000000000, 0.000000000000000000 ) ) ;
#8660 = LINE ( 'NONE', #7056, #9663 ) ;
#8661 = LINE ( 'NONE', #2891, #1330 ) ;
#8662 = EDGE_CURVE ( 'NONE', #709, #7637, #3106, .T. ) ;
#8663 = VERTEX_POINT ( 'NONE', #2330 ) ;
#8664 = CARTESIAN_POINT ( 'NONE',  ( -15.50000000000000711, 36.39999999999999858, 1.000000000000000000 ) ) ;
#8665 = ORIENTED_EDGE ( 'NONE', *, *, #4728, .T. ) ;
#8666 = PLANE ( 'NONE',  #3173 ) ;
#8667 = AXIS2_PLACEMENT_3D ( 'NONE', #5201, #4372, #9310 ) ;
#8668 = CARTESIAN_POINT ( 'NONE',  ( 51.20000000000000284, -1.300000000000000044, 3.000000000000000000 ) ) ;
#8669 = CARTESIAN_POINT ( 'NONE',  ( 62.20000000000000995, -35.39999999999999858, 3.000000000000000000 ) ) ;
#8670 = EDGE_CURVE ( 'NONE', #6461, #5173, #4723, .T. ) ;
#8671 = CARTESIAN_POINT ( 'NONE',  ( 3.079999999999999627, 22.91999999999999815, 3.000000000000000000 ) ) ;
#8672 = AXIS2_PLACEMENT_3D ( 'NONE', #9132, #4032, #6536 ) ;
#8673 = VERTEX_POINT ( 'NONE', #8263 ) ;
#8674 = ORIENTED_EDGE ( 'NONE', *, *, #26, .F. ) ;
#8675 = VERTEX_POINT ( 'NONE', #4832 ) ;
#8676 = DIRECTION ( 'NONE',  ( -0.7071067811865475727, -0.000000000000000000, -0.7071067811865475727 ) ) ;
#8677 = DIRECTION ( 'NONE',  ( 0.000000000000000000, 0.000000000000000000, -1.000000000000000000 ) ) ;
#8678 = VERTEX_POINT ( 'NONE', #679 ) ;
#8679 = ORIENTED_EDGE ( 'NONE', *, *, #8487, .T. ) ;
#8680 = PLANE ( 'NONE',  #7583 ) ;
#8681 = FACE_OUTER_BOUND ( 'NONE', #7698, .T. ) ;
#8682 = ADVANCED_FACE ( 'NONE', ( #2223 ), #3833, .F. ) ;
#8683 = VECTOR ( 'NONE', #5002, 1000.000000000000000 ) ;
#8684 = DIRECTION ( 'NONE',  ( 1.000000000000000000, 0.000000000000000000, 0.000000000000000000 ) ) ;
#8685 = CARTESIAN_POINT ( 'NONE',  ( 3.799999999999983835, -76.00000000000001421, 0.4999999999999995559 ) ) ;
#8686 = ORIENTED_EDGE ( 'NONE', *, *, #4649, .T. ) ;
#8687 = ORIENTED_EDGE ( 'NONE', *, *, #2519, .T. ) ;
#8688 = EDGE_LOOP ( 'NONE', ( #9319, #3914, #10057, #2143 ) ) ;
#8689 = CIRCLE ( 'NONE', #6394, 3.000000000000004441 ) ;
#8690 = CARTESIAN_POINT ( 'NONE',  ( 75.20100000000002183, -85.89999999999997726, -6.499999999999999112 ) ) ;
#8691 = DIRECTION ( 'NONE',  ( -0.000000000000000000, -0.000000000000000000, -1.000000000000000000 ) ) ;
#8692 = EDGE_LOOP ( 'NONE', ( #7028, #888, #6906, #1197, #2041, #8777 ) ) ;
#8693 = DIRECTION ( 'NONE',  ( 0.000000000000000000, 0.000000000000000000, -1.000000000000000000 ) ) ;
#8694 = DIRECTION ( 'NONE',  ( 7.228014483236699514E-17, -1.000000000000000000, 0.000000000000000000 ) ) ;
#8695 = LINE ( 'NONE', #9589, #10299 ) ;
#8696 = CARTESIAN_POINT ( 'NONE',  ( 47.20000000000000284, -68.40000000000000568, 3.000000000000000000 ) ) ;
#8697 = CARTESIAN_POINT ( 'NONE',  ( -2.500000000000009326, -50.39999999999999858, 3.001000000000000334 ) ) ;
#8698 = VERTEX_POINT ( 'NONE', #8214 ) ;
#8699 = ORIENTED_EDGE ( 'NONE', *, *, #280, .F. ) ;
#8700 = DIRECTION ( 'NONE',  ( -4.313492514189664968E-16, 1.000000000000000000, 0.000000000000000000 ) ) ;
#8701 = DIRECTION ( 'NONE',  ( -1.007096357606274060E-16, 1.000000000000000000, -0.000000000000000000 ) ) ;
#8702 = VERTEX_POINT ( 'NONE', #2998 ) ;
#8703 = VERTEX_POINT ( 'NONE', #10803 ) ;
#8704 = LINE ( 'NONE', #1068, #1205 ) ;
#8705 = DIRECTION ( 'NONE',  ( 0.000000000000000000, -1.000000000000000000, 0.000000000000000000 ) ) ;
#8706 = EDGE_CURVE ( 'NONE', #3536, #1440, #627, .T. ) ;
#8707 = LINE ( 'NONE', #1949, #10248 ) ;
#8708 = LINE ( 'NONE', #2938, #5498 ) ;
#8709 = EDGE_CURVE ( 'NONE', #2901, #3004, #3940, .T. ) ;
#8710 = ADVANCED_FACE ( 'NONE', ( #4050 ), #9970, .F. ) ;
#8711 = DIRECTION ( 'NONE',  ( 9.251858538542971828E-16, 1.000000000000000000, -0.000000000000000000 ) ) ;
#8712 = CARTESIAN_POINT ( 'NONE',  ( 18.50000000000000000, 26.89999999999999858, 3.000000000000000000 ) ) ;
#8713 = AXIS2_PLACEMENT_3D ( 'NONE', #3130, #4905, #5633 ) ;
#8714 = LINE ( 'NONE', #10431, #7169 ) ;
#8715 = VECTOR ( 'NONE', #9969, 1000.000000000000000 ) ;
#8716 = ORIENTED_EDGE ( 'NONE', *, *, #7647, .F. ) ;
#8717 = DIRECTION ( 'NONE',  ( -1.000000000000000000, 0.000000000000000000, 0.000000000000000000 ) ) ;
#8718 = EDGE_LOOP ( 'NONE', ( #10444, #6073, #9213, #8011, #90, #1055, #5706, #7124, #7708 ) ) ;
#8719 = EDGE_CURVE ( 'NONE', #9556, #2294, #7848, .T. ) ;
#8720 = DIRECTION ( 'NONE',  ( 0.000000000000000000, 0.000000000000000000, 1.000000000000000000 ) ) ;
#8721 = CARTESIAN_POINT ( 'NONE',  ( -11.50000000000000711, -68.40000000000000568, 3.001000000000000334 ) ) ;
#8722 = EDGE_CURVE ( 'NONE', #7683, #479, #574, .T. ) ;
#8723 = EDGE_CURVE ( 'NONE', #8946, #1470, #7323, .T. ) ;
#8724 = DIRECTION ( 'NONE',  ( 0.000000000000000000, 1.000000000000000000, 0.000000000000000000 ) ) ;
#8725 = AXIS2_PLACEMENT_3D ( 'NONE', #4349, #5178, #5124 ) ;
#8726 = FACE_OUTER_BOUND ( 'NONE', #989, .T. ) ;
#8727 = EDGE_CURVE ( 'NONE', #9248, #910, #9815, .T. ) ;
#8728 = EDGE_CURVE ( 'NONE', #3552, #1391, #9047, .T. ) ;
#8729 = ORIENTED_EDGE ( 'NONE', *, *, #5495, .F. ) ;
#8730 = ORIENTED_EDGE ( 'NONE', *, *, #2034, .T. ) ;
#8731 = ORIENTED_EDGE ( 'NONE', *, *, #10766, .T. ) ;
#8732 = CARTESIAN_POINT ( 'NONE',  ( -3.265688774807065098, 10.44999999999999929, 0.000000000000000000 ) ) ;
#8733 = EDGE_CURVE ( 'NONE', #6108, #4698, #6766, .T. ) ;
#8734 = ORIENTED_EDGE ( 'NONE', *, *, #4489, .F. ) ;
#8735 = VECTOR ( 'NONE', #8992, 1000.000000000000000 ) ;
#8736 = ORIENTED_EDGE ( 'NONE', *, *, #10493, .F. ) ;
#8737 = DIRECTION ( 'NONE',  ( 0.000000000000000000, 0.000000000000000000, -1.000000000000000000 ) ) ;
#8738 = CARTESIAN_POINT ( 'NONE',  ( -13.50000000000000711, -83.40000000000000568, -4.000000000000000000 ) ) ;
#8739 = EDGE_CURVE ( 'NONE', #7687, #7727, #16, .T. ) ;
#8740 = DIRECTION ( 'NONE',  ( -0.000000000000000000, -0.000000000000000000, -1.000000000000000000 ) ) ;
#8741 = CARTESIAN_POINT ( 'NONE',  ( 0.000000000000000000, 25.39999999999999858, 1.000000000000000000 ) ) ;
#8742 = ORIENTED_EDGE ( 'NONE', *, *, #4047, .T. ) ;
#8743 = ADVANCED_FACE ( 'NONE', ( #9426 ), #1773, .F. ) ;
#8744 = EDGE_LOOP ( 'NONE', ( #3534, #1033, #343, #4806 ) ) ;
#8745 = VERTEX_POINT ( 'NONE', #8316 ) ;
#8746 = FACE_BOUND ( 'NONE', #9251, .T. ) ;
#8747 = EDGE_CURVE ( 'NONE', #9233, #7683, #1719, .T. ) ;
#8748 = CARTESIAN_POINT ( 'NONE',  ( 47.20000000000001705, -17.40000000000000213, 1.000000000000000000 ) ) ;
#8749 = ORIENTED_EDGE ( 'NONE', *, *, #323, .T. ) ;
#8750 = CARTESIAN_POINT ( 'NONE',  ( 58.20000000000000284, 11.44999999999999929, 0.000000000000000000 ) ) ;
#8751 = LINE ( 'NONE', #7863, #2298 ) ;
#8752 = DIRECTION ( 'NONE',  ( -1.000000000000000000, 0.000000000000000000, 0.000000000000000000 ) ) ;
#8753 = DIRECTION ( 'NONE',  ( 7.228014483236699514E-17, -1.000000000000000000, 0.000000000000000000 ) ) ;
#8754 = VECTOR ( 'NONE', #5966, 1000.000000000000000 ) ;
#8755 = DIRECTION ( 'NONE',  ( 0.000000000000000000, -1.000000000000000000, 0.000000000000000000 ) ) ;
#8756 = EDGE_CURVE ( 'NONE', #3068, #6826, #9257, .T. ) ;
#8757 = VERTEX_POINT ( 'NONE', #5990 ) ;
#8758 = ORIENTED_EDGE ( 'NONE', *, *, #4351, .T. ) ;
#8759 = AXIS2_PLACEMENT_3D ( 'NONE', #1577, #9985, #2398 ) ;
#8760 = PLANE ( 'NONE',  #1213 ) ;
#8761 = DIRECTION ( 'NONE',  ( 0.000000000000000000, 0.000000000000000000, 1.000000000000000000 ) ) ;
#8762 = ORIENTED_EDGE ( 'NONE', *, *, #3067, .F. ) ;
#8763 = VERTEX_POINT ( 'NONE', #8368 ) ;
#8764 = DIRECTION ( 'NONE',  ( 0.000000000000000000, 0.000000000000000000, 1.000000000000000000 ) ) ;
#8765 = FACE_OUTER_BOUND ( 'NONE', #5430, .T. ) ;
#8766 = DIRECTION ( 'NONE',  ( 0.000000000000000000, 0.000000000000000000, -1.000000000000000000 ) ) ;
#8767 = VECTOR ( 'NONE', #3242, 1000.000000000000000 ) ;
#8768 = AXIS2_PLACEMENT_3D ( 'NONE', #5257, #6267, #7816 ) ;
#8769 = CARTESIAN_POINT ( 'NONE',  ( -2.500000000000009326, -50.39999999999999858, 1.000000000000000000 ) ) ;
#8770 = CARTESIAN_POINT ( 'NONE',  ( 28.50000000000000000, 0.000000000000000000, -14.00000000000000000 ) ) ;
#8771 = EDGE_CURVE ( 'NONE', #8008, #9376, #1830, .T. ) ;
#8772 = DIRECTION ( 'NONE',  ( -1.007096357606274060E-16, 1.000000000000000000, 0.000000000000000000 ) ) ;
#8773 = VECTOR ( 'NONE', #8183, 1000.000000000000000 ) ;
#8774 = CARTESIAN_POINT ( 'NONE',  ( 50.20000000000000995, -17.40000000000000213, 3.001000000000000334 ) ) ;
#8775 = EDGE_LOOP ( 'NONE', ( #4247, #4319, #6622, #832 ) ) ;
#8776 = DIRECTION ( 'NONE',  ( -1.000000000000000000, 0.000000000000000000, 0.000000000000000000 ) ) ;
#8777 = ORIENTED_EDGE ( 'NONE', *, *, #5154, .T. ) ;
#8778 = CYLINDRICAL_SURFACE ( 'NONE', #10424, 0.5000000000000000000 ) ;
#8779 = CARTESIAN_POINT ( 'NONE',  ( 14.49999999999998401, -64.40000000000000568, 3.001000000000000334 ) ) ;
#8780 = VECTOR ( 'NONE', #10396, 1000.000000000000000 ) ;
#8781 = DIRECTION ( 'NONE',  ( 0.000000000000000000, -1.000000000000000000, 0.000000000000000000 ) ) ;
#8782 = AXIS2_PLACEMENT_3D ( 'NONE', #2280, #9048, #8215 ) ;
#8783 = LINE ( 'NONE', #2018, #1300 ) ;
#8784 = ORIENTED_EDGE ( 'NONE', *, *, #7579, .T. ) ;
#8785 = ORIENTED_EDGE ( 'NONE', *, *, #7319, .F. ) ;
#8786 = COLOUR_RGB ( '',0.7921568627450980005, 0.8196078431372548767, 0.9333333333333333481 ) ;
#8787 = ORIENTED_EDGE ( 'NONE', *, *, #5428, .F. ) ;
#8788 = DIRECTION ( 'NONE',  ( 0.000000000000000000, 0.000000000000000000, -1.000000000000000000 ) ) ;
#8789 = ORIENTED_EDGE ( 'NONE', *, *, #7570, .F. ) ;
#8790 = ORIENTED_EDGE ( 'NONE', *, *, #2568, .T. ) ;
#8791 = CARTESIAN_POINT ( 'NONE',  ( 12.49999999999999289, -18.90000000000003411, 3.000000000000000000 ) ) ;
#8792 = LINE ( 'NONE', #2858, #8426 ) ;
#8793 = EDGE_CURVE ( 'NONE', #6478, #9966, #5825, .T. ) ;
#8794 = CARTESIAN_POINT ( 'NONE',  ( 47.20000000000001705, -35.39999999999999858, 1.000000000000000000 ) ) ;
#8795 = AXIS2_PLACEMENT_3D ( 'NONE', #5331, #8705, #6547 ) ;
#8796 = LINE ( 'NONE', #158, #4523 ) ;
#8797 = ORIENTED_EDGE ( 'NONE', *, *, #1950, .T. ) ;
#8798 = VERTEX_POINT ( 'NONE', #901 ) ;
#8799 = EDGE_LOOP ( 'NONE', ( #3571, #8758, #4359, #1777 ) ) ;
#8800 = FACE_BOUND ( 'NONE', #8981, .T. ) ;
#8801 = DIRECTION ( 'NONE',  ( -1.000000000000000000, 0.000000000000000000, 0.000000000000000000 ) ) ;
#8802 = ORIENTED_EDGE ( 'NONE', *, *, #7527, .F. ) ;
#8803 = VECTOR ( 'NONE', #6635, 1000.000000000000000 ) ;
#8804 = FACE_OUTER_BOUND ( 'NONE', #10115, .T. ) ;
#8805 = CARTESIAN_POINT ( 'NONE',  ( -14.50000000000000533, 24.40000000000000568, -4.000000000000000000 ) ) ;
#8806 = EDGE_CURVE ( 'NONE', #3575, #216, #10140, .T. ) ;
#8807 = EDGE_CURVE ( 'NONE', #8252, #2649, #787, .T. ) ;
#8808 = FACE_OUTER_BOUND ( 'NONE', #1141, .T. ) ;
#8809 = EDGE_CURVE ( 'NONE', #9606, #7289, #733, .T. ) ;
#8810 = DIRECTION ( 'NONE',  ( 0.000000000000000000, 0.000000000000000000, 1.000000000000000000 ) ) ;
#8811 = LINE ( 'NONE', #5376, #4357 ) ;
#8812 = VECTOR ( 'NONE', #1294, 1000.000000000000000 ) ;
#8813 = ORIENTED_EDGE ( 'NONE', *, *, #9424, .F. ) ;
#8814 = ORIENTED_EDGE ( 'NONE', *, *, #547, .F. ) ;
#8815 = CARTESIAN_POINT ( 'NONE',  ( 19.50000000000000000, -3.272120448235484869, 0.000000000000000000 ) ) ;
#8816 = DIRECTION ( 'NONE',  ( -1.239088197126289831E-16, 1.000000000000000000, 0.000000000000000000 ) ) ;
#8817 = ORIENTED_EDGE ( 'NONE', *, *, #7691, .F. ) ;
#8818 = VERTEX_POINT ( 'NONE', #8539 ) ;
#8819 = LINE ( 'NONE', #2365, #1390 ) ;
#8820 = FACE_OUTER_BOUND ( 'NONE', #4148, .T. ) ;
#8821 = FACE_OUTER_BOUND ( 'NONE', #9928, .T. ) ;
#8822 = AXIS2_PLACEMENT_3D ( 'NONE', #7648, #9519, #4420 ) ;
#8823 = EDGE_CURVE ( 'NONE', #10019, #1724, #4098, .T. ) ;
#8824 = LINE ( 'NONE', #2060, #4075 ) ;
#8825 = AXIS2_PLACEMENT_3D ( 'NONE', #153, #10395, #2690 ) ;
#8826 = DIRECTION ( 'NONE',  ( -0.000000000000000000, -0.000000000000000000, -1.000000000000000000 ) ) ;
#8827 = DIRECTION ( 'NONE',  ( 0.000000000000000000, 0.000000000000000000, 1.000000000000000000 ) ) ;
#8828 = DIRECTION ( 'NONE',  ( -0.000000000000000000, -0.000000000000000000, -1.000000000000000000 ) ) ;
#8829 = VECTOR ( 'NONE', #4302, 1000.000000000000000 ) ;
#8830 = CYLINDRICAL_SURFACE ( 'NONE', #9285, 4.000000000000002665 ) ;
#8831 = ORIENTED_EDGE ( 'NONE', *, *, #8856, .T. ) ;
#8832 = CARTESIAN_POINT ( 'NONE',  ( 18.21999999999999886, 14.77999999999999936, 3.000000000000000000 ) ) ;
#8833 = ORIENTED_EDGE ( 'NONE', *, *, #4311, .F. ) ;
#8834 = VECTOR ( 'NONE', #8171, 1000.000000000000000 ) ;
#8835 = CARTESIAN_POINT ( 'NONE',  ( 68.20000000000001705, -50.39999999999999858, 3.001000000000000334 ) ) ;
#8836 = CYLINDRICAL_SURFACE ( 'NONE', #4069, 3.000000000000004441 ) ;
#8837 = CARTESIAN_POINT ( 'NONE',  ( -3.500000000000003109, 34.39999999999999858, -4.000000000000000000 ) ) ;
#8838 = DIRECTION ( 'NONE',  ( -1.000000000000000000, 0.000000000000000000, 0.000000000000000000 ) ) ;
#8839 = AXIS2_PLACEMENT_3D ( 'NONE', #2003, #5385, #1284 ) ;
#8840 = VERTEX_POINT ( 'NONE', #10194 ) ;
#8841 = ORIENTED_EDGE ( 'NONE', *, *, #2709, .T. ) ;
#8842 = ORIENTED_EDGE ( 'NONE', *, *, #2678, .F. ) ;
#8843 = CIRCLE ( 'NONE', #895, 4.299999999999998046 ) ;
#8844 = FACE_OUTER_BOUND ( 'NONE', #125, .T. ) ;
#8845 = VERTEX_POINT ( 'NONE', #1660 ) ;
#8846 = ORIENTED_EDGE ( 'NONE', *, *, #8722, .F. ) ;
#8847 = PLANE ( 'NONE',  #10234 ) ;
#8848 = CARTESIAN_POINT ( 'NONE',  ( 35.20000000000000995, -50.39999999999999858, 3.000000000000000000 ) ) ;
#8849 = DIRECTION ( 'NONE',  ( 1.000000000000000000, 0.000000000000000000, 0.000000000000000000 ) ) ;
#8850 = VECTOR ( 'NONE', #7890, 1000.000000000000000 ) ;
#8851 = EDGE_CURVE ( 'NONE', #8678, #6848, #7485, .T. ) ;
#8852 = DIRECTION ( 'NONE',  ( 0.000000000000000000, 0.000000000000000000, 1.000000000000000000 ) ) ;
#8853 = ORIENTED_EDGE ( 'NONE', *, *, #3104, .T. ) ;
#8854 = ORIENTED_EDGE ( 'NONE', *, *, #7038, .T. ) ;
#8855 = EDGE_LOOP ( 'NONE', ( #10200, #4924, #1684, #2399 ) ) ;
#8856 = EDGE_CURVE ( 'NONE', #3267, #3278, #8920, .T. ) ;
#8857 = FACE_BOUND ( 'NONE', #7789, .T. ) ;
#8858 = DIRECTION ( 'NONE',  ( 0.000000000000000000, 0.000000000000000000, -1.000000000000000000 ) ) ;
#8859 = ORIENTED_EDGE ( 'NONE', *, *, #9552, .F. ) ;
#8860 = DIRECTION ( 'NONE',  ( 1.000000000000000000, 0.000000000000000000, 0.000000000000000000 ) ) ;
#8861 = EDGE_CURVE ( 'NONE', #161, #800, #2600, .T. ) ;
#8862 = LINE ( 'NONE', #1987, #4415 ) ;
#8863 = DIRECTION ( 'NONE',  ( 0.000000000000000000, -1.000000000000000000, 0.000000000000000000 ) ) ;
#8864 = EDGE_CURVE ( 'NONE', #9966, #3041, #840, .T. ) ;
#8865 = CARTESIAN_POINT ( 'NONE',  ( 44.20000000000000995, -17.40000000000000213, 1.000000000000000000 ) ) ;
#8866 = AXIS2_PLACEMENT_3D ( 'NONE', #5839, #10872, #9216 ) ;
#8867 = VECTOR ( 'NONE', #6865, 1000.000000000000000 ) ;
#8868 = CARTESIAN_POINT ( 'NONE',  ( 38.20000000000000995, -53.40000000000000568, 3.000000000000000000 ) ) ;
#8869 = EDGE_CURVE ( 'NONE', #75, #10630, #950, .T. ) ;
#8870 = ORIENTED_EDGE ( 'NONE', *, *, #8330, .T. ) ;
#8871 = ORIENTED_EDGE ( 'NONE', *, *, #1232, .T. ) ;
#8872 = EDGE_CURVE ( 'NONE', #6938, #10215, #3434, .T. ) ;
#8873 = CARTESIAN_POINT ( 'NONE',  ( 53.20000000000000995, -50.39999999999999858, 3.001000000000000334 ) ) ;
#8874 = CARTESIAN_POINT ( 'NONE',  ( 50.20000000000000995, -50.39999999999999858, 3.000000000000000000 ) ) ;
#8875 = VERTEX_POINT ( 'NONE', #10917 ) ;
#8876 = ORIENTED_EDGE ( 'NONE', *, *, #420, .F. ) ;
#8877 = CARTESIAN_POINT ( 'NONE',  ( -1.811109227115474951, 6.949999999999999289, -13.00000000000000000 ) ) ;
#8878 = EDGE_CURVE ( 'NONE', #9161, #6976, #3325, .T. ) ;
#8879 = LINE ( 'NONE', #6332, #5476 ) ;
#8880 = VECTOR ( 'NONE', #5557, 1000.000000000000000 ) ;
#8881 = ADVANCED_FACE ( 'NONE', ( #6156 ), #2046, .F. ) ;
#8882 = CARTESIAN_POINT ( 'NONE',  ( 0.4999999999999917843, -50.39999999999999858, 1.000000000000000000 ) ) ;
#8883 = LINE ( 'NONE', #1953, #1835 ) ;
#8884 = CARTESIAN_POINT ( 'NONE',  ( 19.50000000000000000, 27.86760707430824979, 0.03349678200752224944 ) ) ;
#8885 = CARTESIAN_POINT ( 'NONE',  ( -3.500000000000003109, 36.39999999999999858, -2.999999999999999112 ) ) ;
#8886 = CARTESIAN_POINT ( 'NONE',  ( 56.50000000000000000, 5.950000000000000178, 3.000000000000000000 ) ) ;
#8887 = ORIENTED_EDGE ( 'NONE', *, *, #3442, .T. ) ;
#8888 = ADVANCED_FACE ( 'NONE', ( #2765 ), #9530, .F. ) ;
#8889 = CARTESIAN_POINT ( 'NONE',  ( 2.500000000000000000, 2.500000000000000000, -1.000000000000000000 ) ) ;
#8890 = CARTESIAN_POINT ( 'NONE',  ( 68.20000000000001705, -35.39999999999999858, 3.001000000000000334 ) ) ;
#8891 = ORIENTED_EDGE ( 'NONE', *, *, #2570, .F. ) ;
#8892 = EDGE_CURVE ( 'NONE', #9825, #6273, #4374, .T. ) ;
#8893 = CARTESIAN_POINT ( 'NONE',  ( 0.4999999999999917843, -50.39999999999999858, 3.000000000000000000 ) ) ;
#8894 = CARTESIAN_POINT ( 'NONE',  ( 62.20000000000000995, -68.40000000000000568, 3.001000000000000334 ) ) ;
#8895 = DIRECTION ( 'NONE',  ( 0.000000000000000000, 0.000000000000000000, -1.000000000000000000 ) ) ;
#8896 = LINE ( 'NONE', #4627, #3945 ) ;
#8897 = CIRCLE ( 'NONE', #10482, 2.300000000000000266 ) ;
#8898 = CIRCLE ( 'NONE', #10484, 1.549999999999995826 ) ;
#8899 = VERTEX_POINT ( 'NONE', #5375 ) ;
#8900 = ORIENTED_EDGE ( 'NONE', *, *, #6183, .T. ) ;
#8901 = ORIENTED_EDGE ( 'NONE', *, *, #7856, .F. ) ;
#8902 = EDGE_CURVE ( 'NONE', #9890, #3576, #3093, .T. ) ;
#8903 = CARTESIAN_POINT ( 'NONE',  ( -5.500000000000005329, -68.40000000000000568, 3.000000000000000000 ) ) ;
#8904 = ORIENTED_EDGE ( 'NONE', *, *, #6089, .F. ) ;
#8905 = CARTESIAN_POINT ( 'NONE',  ( 65.20000000000000284, -50.39999999999999858, 3.000000000000000000 ) ) ;
#8906 = VECTOR ( 'NONE', #5175, 1000.000000000000000 ) ;
#8907 = VECTOR ( 'NONE', #9281, 1000.000000000000000 ) ;
#8908 = PLANE ( 'NONE',  #5715 ) ;
#8909 = FACE_OUTER_BOUND ( 'NONE', #3849, .T. ) ;
#8910 = ORIENTED_EDGE ( 'NONE', *, *, #3238, .F. ) ;
#8911 = EDGE_CURVE ( 'NONE', #2955, #9233, #1060, .T. ) ;
#8912 = CIRCLE ( 'NONE', #1128, 0.9999999999999974465 ) ;
#8913 = EDGE_LOOP ( 'NONE', ( #8955, #1605, #5625, #1392 ) ) ;
#8914 = EDGE_LOOP ( 'NONE', ( #6837, #10041, #223, #5066 ) ) ;
#8915 = FACE_BOUND ( 'NONE', #6957, .T. ) ;
#8916 = CARTESIAN_POINT ( 'NONE',  ( -15.49999999999998934, -98.40000000000000568, 1.000000000000000000 ) ) ;
#8917 = ORIENTED_EDGE ( 'NONE', *, *, #1215, .F. ) ;
#8918 = DIRECTION ( 'NONE',  ( 0.000000000000000000, 0.000000000000000000, 1.000000000000000000 ) ) ;
#8919 = LINE ( 'NONE', #10733, #10260 ) ;
#8920 = CIRCLE ( 'NONE', #273, 0.5000000000000000000 ) ;
#8921 = CARTESIAN_POINT ( 'NONE',  ( 3.079999999999999627, 14.77999999999999936, 3.000000000000000000 ) ) ;
#8922 = DIRECTION ( 'NONE',  ( 1.287364360650691604E-16, 1.000000000000000000, -0.000000000000000000 ) ) ;
#8923 = ORIENTED_EDGE ( 'NONE', *, *, #8709, .F. ) ;
#8924 = DIRECTION ( 'NONE',  ( -9.251858538542971828E-16, -1.000000000000000000, 0.000000000000000000 ) ) ;
#8925 = EDGE_LOOP ( 'NONE', ( #2639, #413, #10016, #3069 ) ) ;
#8926 = EDGE_LOOP ( 'NONE', ( #4125, #5185, #8020, #5074 ) ) ;
#8927 = LINE ( 'NONE', #1170, #5099 ) ;
#8928 = DIRECTION ( 'NONE',  ( 0.000000000000000000, 0.000000000000000000, 1.000000000000000000 ) ) ;
#8929 = ORIENTED_EDGE ( 'NONE', *, *, #7572, .F. ) ;
#8930 = ORIENTED_EDGE ( 'NONE', *, *, #4127, .T. ) ;
#8931 = DIRECTION ( 'NONE',  ( -1.000000000000000000, 0.000000000000000000, 0.000000000000000000 ) ) ;
#8932 = CARTESIAN_POINT ( 'NONE',  ( -8.500000000000007105, -53.40000000000000568, 3.000000000000000000 ) ) ;
#8933 = EDGE_CURVE ( 'NONE', #4739, #5712, #2210, .T. ) ;
#8934 = EDGE_CURVE ( 'NONE', #1214, #6684, #9639, .T. ) ;
#8935 = DIRECTION ( 'NONE',  ( 1.000000000000000000, 0.000000000000000000, 0.000000000000000000 ) ) ;
#8936 = VECTOR ( 'NONE', #3219, 1000.000000000000000 ) ;
#8937 = DIRECTION ( 'NONE',  ( 0.000000000000000000, 0.000000000000000000, 1.000000000000000000 ) ) ;
#8938 = DIRECTION ( 'NONE',  ( 9.251858538542971828E-16, 1.000000000000000000, -0.000000000000000000 ) ) ;
#8939 = CARTESIAN_POINT ( 'NONE',  ( 49.79999999999998295, -76.00000000000001421, -7.500000000000000888 ) ) ;
#8940 = FACE_OUTER_BOUND ( 'NONE', #3894, .T. ) ;
#8941 = ORIENTED_EDGE ( 'NONE', *, *, #5565, .F. ) ;
#8942 = FACE_BOUND ( 'NONE', #5076, .T. ) ;
#8943 = CARTESIAN_POINT ( 'NONE',  ( 50.20000000000000995, -35.39999999999999858, 3.001000000000000334 ) ) ;
#8944 = AXIS2_PLACEMENT_3D ( 'NONE', #3919, #8022, #10513 ) ;
#8945 = AXIS2_PLACEMENT_3D ( 'NONE', #7255, #1493, #2100 ) ;
#8946 = VERTEX_POINT ( 'NONE', #8696 ) ;
#8947 = ADVANCED_FACE ( 'NONE', ( #9474 ), #228, .F. ) ;
#8948 = DIRECTION ( 'NONE',  ( 0.000000000000000000, 0.000000000000000000, 1.000000000000000000 ) ) ;
#8949 = EDGE_CURVE ( 'NONE', #4903, #1767, #986, .T. ) ;
#8950 = CARTESIAN_POINT ( 'NONE',  ( 50.79999999999998295, -10.00000000000000888, -7.500000000000000888 ) ) ;
#8951 = EDGE_CURVE ( 'NONE', #7590, #9606, #6984, .T. ) ;
#8952 = CARTESIAN_POINT ( 'NONE',  ( 34.50000000000000000, 0.2000000000000000111, 0.5000000000000000000 ) ) ;
#8953 = ADVANCED_FACE ( 'NONE', ( #7925 ), #7039, .T. ) ;
#8954 = VECTOR ( 'NONE', #1694, 1000.000000000000000 ) ;
#8955 = ORIENTED_EDGE ( 'NONE', *, *, #4917, .T. ) ;
#8956 = ORIENTED_EDGE ( 'NONE', *, *, #6368, .T. ) ;
#8957 = ORIENTED_EDGE ( 'NONE', *, *, #5605, .F. ) ;
#8958 = DIRECTION ( 'NONE',  ( 0.000000000000000000, -1.000000000000000000, 0.000000000000000000 ) ) ;
#8959 = ADVANCED_FACE ( 'NONE', ( #9590 ), #1165, .T. ) ;
#8960 = ORIENTED_EDGE ( 'NONE', *, *, #5972, .T. ) ;
#8961 = VECTOR ( 'NONE', #6249, 1000.000000000000000 ) ;
#8962 = DIRECTION ( 'NONE',  ( 1.000000000000000000, 0.000000000000000000, 0.000000000000000000 ) ) ;
#8963 = VECTOR ( 'NONE', #5046, 1000.000000000000000 ) ;
#8964 = LINE ( 'NONE', #3912, #4469 ) ;
#8965 = ADVANCED_FACE ( 'NONE', ( #2874 ), #8235, .F. ) ;
#8966 = VECTOR ( 'NONE', #6714, 1000.000000000000000 ) ;
#8967 = DIRECTION ( 'NONE',  ( 0.000000000000000000, 0.000000000000000000, 1.000000000000000000 ) ) ;
#8968 = EDGE_LOOP ( 'NONE', ( #3124, #9904, #7554, #1335 ) ) ;
#8969 = CIRCLE ( 'NONE', #6138, 0.5000000000000000000 ) ;
#8970 = ORIENTED_EDGE ( 'NONE', *, *, #7377, .T. ) ;
#8971 = ORIENTED_EDGE ( 'NONE', *, *, #2420, .T. ) ;
#8972 = LINE ( 'NONE', #4532, #5110 ) ;
#8973 = CARTESIAN_POINT ( 'NONE',  ( 6.700000000000000178, 7.400000000000000355, 1.000000000000000000 ) ) ;
#8974 = ORIENTED_EDGE ( 'NONE', *, *, #1109, .T. ) ;
#8975 = CARTESIAN_POINT ( 'NONE',  ( 56.20000000000001705, -68.40000000000000568, 1.000000000000000000 ) ) ;
#8976 = LINE ( 'NONE', #9083, #4784 ) ;
#8977 = PLANE ( 'NONE',  #7299 ) ;
#8978 = CARTESIAN_POINT ( 'NONE',  ( 2.500000000000035083, 26.89999999999999858, -1.000000000000000000 ) ) ;
#8979 = ORIENTED_EDGE ( 'NONE', *, *, #187, .F. ) ;
#8980 = CARTESIAN_POINT ( 'NONE',  ( 70.20000000000001705, 24.40000000000000568, -4.000000000000000000 ) ) ;
#8981 = EDGE_LOOP ( 'NONE', ( #7338, #10882 ) ) ;
#8982 = ORIENTED_EDGE ( 'NONE', *, *, #9410, .F. ) ;
#8983 = VECTOR ( 'NONE', #9864, 1000.000000000000000 ) ;
#8984 = CARTESIAN_POINT ( 'NONE',  ( 3.079999999999999627, 22.91999999999999815, 3.000000000000000000 ) ) ;
#8985 = DIRECTION ( 'NONE',  ( 1.000000000000000000, -0.000000000000000000, -0.000000000000000000 ) ) ;
#8986 = EDGE_LOOP ( 'NONE', ( #7427, #7608 ) ) ;
#8987 = VERTEX_POINT ( 'NONE', #4598 ) ;
#8988 = CARTESIAN_POINT ( 'NONE',  ( 4.799999999999982059, -76.00000000000001421, -7.500000000000000888 ) ) ;
#8989 = DIRECTION ( 'NONE',  ( 0.000000000000000000, -1.000000000000000000, 6.938893903907229955E-15 ) ) ;
#8990 = FACE_OUTER_BOUND ( 'NONE', #2147, .T. ) ;
#8991 = AXIS2_PLACEMENT_3D ( 'NONE', #9834, #2245, #1686 ) ;
#8992 = DIRECTION ( 'NONE',  ( -1.000000000000000000, -2.209838822900395026E-16, 0.000000000000000000 ) ) ;
#8993 = CARTESIAN_POINT ( 'NONE',  ( 55.50000000000000000, 5.950000000000000178, 0.5000000000000000000 ) ) ;
#8994 = EDGE_CURVE ( 'NONE', #5682, #22, #3545, .T. ) ;
#8995 = FACE_OUTER_BOUND ( 'NONE', #6471, .T. ) ;
#8996 = DIRECTION ( 'NONE',  ( 0.000000000000000000, 0.000000000000000000, 1.000000000000000000 ) ) ;
#8997 = ORIENTED_EDGE ( 'NONE', *, *, #1101, .F. ) ;
#8998 = EDGE_CURVE ( 'NONE', #5209, #10208, #2925, .T. ) ;
#8999 = FACE_BOUND ( 'NONE', #3057, .T. ) ;
#9000 = PLANE ( 'NONE',  #6103 ) ;
#9001 = ORIENTED_EDGE ( 'NONE', *, *, #5151, .F. ) ;
#9002 = CIRCLE ( 'NONE', #3149, 3.000000000000004441 ) ;
#9003 = DIRECTION ( 'NONE',  ( 1.000000000000000000, 0.000000000000000000, 0.000000000000000000 ) ) ;
#9004 = CIRCLE ( 'NONE', #507, 1.000000000000000888 ) ;
#9005 = DIRECTION ( 'NONE',  ( 1.000000000000000000, 0.000000000000000000, 0.000000000000000000 ) ) ;
#9006 = DIRECTION ( 'NONE',  ( -0.000000000000000000, -0.000000000000000000, -1.000000000000000000 ) ) ;
#9007 = CONICAL_SURFACE ( 'NONE', #9886, 0.9999999999999974465, 1.029744258676652535 ) ;
#9008 = EDGE_CURVE ( 'NONE', #3231, #3575, #7173, .T. ) ;
#9009 = ORIENTED_EDGE ( 'NONE', *, *, #7237, .T. ) ;
#9010 = ORIENTED_EDGE ( 'NONE', *, *, #2383, .F. ) ;
#9011 = ORIENTED_EDGE ( 'NONE', *, *, #4942, .T. ) ;
#9012 = LINE ( 'NONE', #2453, #6186 ) ;
#9013 = ORIENTED_EDGE ( 'NONE', *, *, #9280, .T. ) ;
#9014 = CARTESIAN_POINT ( 'NONE',  ( 47.20000000000001705, -17.40000000000000213, 1.000000000000000000 ) ) ;
#9015 = EDGE_CURVE ( 'NONE', #9387, #7286, #8645, .T. ) ;
#9016 = AXIS2_PLACEMENT_3D ( 'NONE', #10046, #7340, #9987 ) ;
#9017 = DIRECTION ( 'NONE',  ( -0.000000000000000000, -1.000000000000000000, -0.000000000000000000 ) ) ;
#9018 = VECTOR ( 'NONE', #10035, 1000.000000000000000 ) ;
#9019 = DIRECTION ( 'NONE',  ( 0.000000000000000000, 0.000000000000000000, 1.000000000000000000 ) ) ;
#9020 = VERTEX_POINT ( 'NONE', #4869 ) ;
#9021 = ORIENTED_EDGE ( 'NONE', *, *, #4065, .F. ) ;
#9022 = ORIENTED_EDGE ( 'NONE', *, *, #6763, .F. ) ;
#9023 = CARTESIAN_POINT ( 'NONE',  ( 27.50000000000000000, -3.272120448235484869, 0.000000000000000000 ) ) ;
#9024 = CARTESIAN_POINT ( 'NONE',  ( 72.75000000000001421, 35.39999999999999858, 1.000000000000000000 ) ) ;
#9025 = EDGE_LOOP ( 'NONE', ( #8900, #9592, #8122, #2825 ) ) ;
#9026 = EDGE_CURVE ( 'NONE', #8357, #2913, #4816, .T. ) ;
#9027 = DIRECTION ( 'NONE',  ( -1.000000000000000000, -6.938893903907229955E-15, 6.938893903907229955E-15 ) ) ;
#9028 = CARTESIAN_POINT ( 'NONE',  ( 55.19999999999999574, 10.44999999999999929, -13.00000000000000000 ) ) ;
#9029 = CARTESIAN_POINT ( 'NONE',  ( 57.16629794778800289, 6.949999999999999289, 0.03489949670250695052 ) ) ;
#9030 = CIRCLE ( 'NONE', #3181, 0.9999999999999991118 ) ;
#9031 = DIRECTION ( 'NONE',  ( -1.000000000000000000, -8.286895585876499530E-17, 0.000000000000000000 ) ) ;
#9032 = CARTESIAN_POINT ( 'NONE',  ( -15.49999999999998934, -95.40000000000000568, 1.000000000000000000 ) ) ;
#9033 = ORIENTED_EDGE ( 'NONE', *, *, #214, .F. ) ;
#9034 = CARTESIAN_POINT ( 'NONE',  ( 11.49999999999999112, -93.39999999999996305, -13.99999999999999822 ) ) ;
#9035 = VERTEX_POINT ( 'NONE', #6538 ) ;
#9036 = ORIENTED_EDGE ( 'NONE', *, *, #9077, .T. ) ;
#9037 = VECTOR ( 'NONE', #1137, 1000.000000000000000 ) ;
#9038 = FACE_OUTER_BOUND ( 'NONE', #211, .T. ) ;
#9039 = DIRECTION ( 'NONE',  ( -1.156482317317871478E-16, -1.000000000000000000, 0.000000000000000000 ) ) ;
#9040 = ORIENTED_EDGE ( 'NONE', *, *, #8254, .F. ) ;
#9041 = ORIENTED_EDGE ( 'NONE', *, *, #10478, .T. ) ;
#9042 = PLANE ( 'NONE',  #1895 ) ;
#9043 = CARTESIAN_POINT ( 'NONE',  ( 58.20000000000000284, 0.000000000000000000, 0.000000000000000000 ) ) ;
#9044 = VECTOR ( 'NONE', #10649, 1000.000000000000000 ) ;
#9045 = AXIS2_PLACEMENT_3D ( 'NONE', #2325, #6703, #1604 ) ;
#9046 = CARTESIAN_POINT ( 'NONE',  ( 3.079999999999999627, 14.77999999999999936, 1.000000000000000000 ) ) ;
#9047 = LINE ( 'NONE', #4773, #5373 ) ;
#9048 = DIRECTION ( 'NONE',  ( 0.000000000000000000, 0.000000000000000000, -1.000000000000000000 ) ) ;
#9049 = CARTESIAN_POINT ( 'NONE',  ( 13.49999999999999112, -93.39999999999997726, -4.000000000000000000 ) ) ;
#9050 = EDGE_CURVE ( 'NONE', #9933, #6907, #7880, .T. ) ;
#9051 = CARTESIAN_POINT ( 'NONE',  ( -2.500000000000011102, -32.39999999999999858, 3.001000000000000334 ) ) ;
#9052 = ORIENTED_EDGE ( 'NONE', *, *, #2920, .F. ) ;
#9053 = VECTOR ( 'NONE', #9207, 1000.000000000000000 ) ;
#9054 = CARTESIAN_POINT ( 'NONE',  ( 6.499999999999997335, -68.40000000000000568, 3.000000000000000000 ) ) ;
#9055 = CARTESIAN_POINT ( 'NONE',  ( 0.2000000000000065059, 17.44999999999999929, 1.000000000000000000 ) ) ;
#9056 = ORIENTED_EDGE ( 'NONE', *, *, #4921, .F. ) ;
#9057 = FACE_OUTER_BOUND ( 'NONE', #1563, .T. ) ;
#9058 = EDGE_CURVE ( 'NONE', #3278, #606, #1438, .T. ) ;
#9059 = CYLINDRICAL_SURFACE ( 'NONE', #3013, 0.5000000000000000000 ) ;
#9060 = CARTESIAN_POINT ( 'NONE',  ( -15.50000000000000711, 24.40000000000000568, -4.000000000000000000 ) ) ;
#9061 = EDGE_LOOP ( 'NONE', ( #9701, #1970, #9833, #8787 ) ) ;
#9062 = EDGE_LOOP ( 'NONE', ( #1351, #4135, #152, #5510 ) ) ;
#9063 = EDGE_CURVE ( 'NONE', #5406, #3410, #8053, .T. ) ;
#9064 = ORIENTED_EDGE ( 'NONE', *, *, #629, .T. ) ;
#9065 = DIRECTION ( 'NONE',  ( -0.000000000000000000, -0.000000000000000000, -1.000000000000000000 ) ) ;
#9066 = ORIENTED_EDGE ( 'NONE', *, *, #1338, .F. ) ;
#9067 = CARTESIAN_POINT ( 'NONE',  ( 50.20000000000000995, -17.40000000000000213, 1.000000000000000000 ) ) ;
#9068 = DIRECTION ( 'NONE',  ( -1.000000000000000000, 0.000000000000000000, 0.000000000000000000 ) ) ;
#9069 = EDGE_CURVE ( 'NONE', #10276, #8120, #4760, .T. ) ;
#9070 = ADVANCED_FACE ( 'NONE', ( #2262 ), #10626, .F. ) ;
#9071 = CARTESIAN_POINT ( 'NONE',  ( 19.50000000000000000, -1.904089349672995146, -13.00000000000000000 ) ) ;
#9072 = ORIENTED_EDGE ( 'NONE', *, *, #1442, .F. ) ;
#9073 = ORIENTED_EDGE ( 'NONE', *, *, #4023, .F. ) ;
#9074 = VERTEX_POINT ( 'NONE', #8201 ) ;
#9075 = DIRECTION ( 'NONE',  ( 0.000000000000000000, 0.000000000000000000, 1.000000000000000000 ) ) ;
#9076 = VECTOR ( 'NONE', #3350, 1000.000000000000000 ) ;
#9077 = EDGE_CURVE ( 'NONE', #1169, #2578, #8251, .T. ) ;
#9078 = CARTESIAN_POINT ( 'NONE',  ( 62.20000000000000995, -53.40000000000000568, 3.001000000000000334 ) ) ;
#9079 = AXIS2_PLACEMENT_3D ( 'NONE', #2489, #1772, #5988 ) ;
#9080 = ORIENTED_EDGE ( 'NONE', *, *, #8197, .T. ) ;
#9081 = CARTESIAN_POINT ( 'NONE',  ( 38.20000000000000995, -50.39999999999999858, 3.001000000000000334 ) ) ;
#9082 = CARTESIAN_POINT ( 'NONE',  ( 6.499999999999993783, -50.39999999999999858, 3.001000000000000334 ) ) ;
#9083 = CARTESIAN_POINT ( 'NONE',  ( 44.20000000000000995, -17.40000000000000213, 3.000000000000000000 ) ) ;
#9084 = CARTESIAN_POINT ( 'NONE',  ( 58.20000000000000284, 11.44999999999999929, 1.000000000000000000 ) ) ;
#9085 = VECTOR ( 'NONE', #4145, 1000.000000000000000 ) ;
#9086 = CIRCLE ( 'NONE', #6427, 4.000000000000003553 ) ;
#9087 = DIRECTION ( 'NONE',  ( 1.000000000000000000, 0.000000000000000000, 0.000000000000000000 ) ) ;
#9088 = EDGE_CURVE ( 'NONE', #1048, #3956, #6590, .T. ) ;
#9089 = EDGE_LOOP ( 'NONE', ( #10473, #1627, #9660, #548 ) ) ;
#9090 = EDGE_CURVE ( 'NONE', #7972, #10019, #5537, .T. ) ;
#9091 = CARTESIAN_POINT ( 'NONE',  ( 41.20000000000003126, -53.40000000000000568, 1.000000000000000000 ) ) ;
#9092 = VERTEX_POINT ( 'NONE', #8145 ) ;
#9093 = LINE ( 'NONE', #9249, #2977 ) ;
#9094 = PLANE ( 'NONE',  #10452 ) ;
#9095 = ORIENTED_EDGE ( 'NONE', *, *, #4445, .F. ) ;
#9096 = CARTESIAN_POINT ( 'NONE',  ( 27.50000000000000000, -0.9916459933285248773, -13.00000000000000000 ) ) ;
#9097 = CONICAL_SURFACE ( 'NONE', #6792, 1.000000000000000888, 1.029744258676655200 ) ;
#9098 = CARTESIAN_POINT ( 'NONE',  ( 18.21999999999999886, 14.77999999999999936, 3.000000000000000000 ) ) ;
#9099 = CARTESIAN_POINT ( 'NONE',  ( 60.20000000000001705, 36.39999999999999858, 1.000000000000000000 ) ) ;
#9100 = CARTESIAN_POINT ( 'NONE',  ( 32.49999999999998579, -18.90000000000003055, 3.000000000000000000 ) ) ;
#9101 = EDGE_CURVE ( 'NONE', #7556, #9248, #5590, .T. ) ;
#9102 = CARTESIAN_POINT ( 'NONE',  ( 72.20000000000001705, 24.40000000000000568, -3.000000000000027089 ) ) ;
#9103 = CARTESIAN_POINT ( 'NONE',  ( -18.50000000000000711, 36.39999999999999858, 1.000000000000000000 ) ) ;
#9104 = DIRECTION ( 'NONE',  ( 0.000000000000000000, -0.000000000000000000, -1.000000000000000000 ) ) ;
#9105 = VERTEX_POINT ( 'NONE', #8089 ) ;
#9106 = DIRECTION ( 'NONE',  ( -0.000000000000000000, -0.000000000000000000, -1.000000000000000000 ) ) ;
#9107 = CARTESIAN_POINT ( 'NONE',  ( 44.20000000000000995, -50.39999999999999858, 3.001000000000000334 ) ) ;
#9108 = ORIENTED_EDGE ( 'NONE', *, *, #6983, .F. ) ;
#9109 = PLANE ( 'NONE',  #3878 ) ;
#9110 = DIRECTION ( 'NONE',  ( 2.168404344970976821E-16, 1.000000000000000000, 0.000000000000000000 ) ) ;
#9111 = DIRECTION ( 'NONE',  ( 1.000000000000000000, 0.000000000000000000, 0.000000000000000000 ) ) ;
#9112 = ORIENTED_EDGE ( 'NONE', *, *, #3323, .T. ) ;
#9113 = VECTOR ( 'NONE', #9322, 1000.000000000000000 ) ;
#9114 = VERTEX_POINT ( 'NONE', #8865 ) ;
#9115 = EDGE_LOOP ( 'NONE', ( #7764, #4768, #8854, #6012 ) ) ;
#9116 = LINE ( 'NONE', #536, #3675 ) ;
#9117 = CIRCLE ( 'NONE', #8759, 2.000000000000000000 ) ;
#9118 = ORIENTED_EDGE ( 'NONE', *, *, #961, .F. ) ;
#9119 = FACE_OUTER_BOUND ( 'NONE', #7233, .T. ) ;
#9120 = CARTESIAN_POINT ( 'NONE',  ( -3.299999999999999822, -2.385244779468105317E-16, 1.000000000000000000 ) ) ;
#9121 = VECTOR ( 'NONE', #3422, 999.9999999999998863 ) ;
#9122 = CARTESIAN_POINT ( 'NONE',  ( 6.499999999999997335, -53.40000000000000568, 3.000000000000000000 ) ) ;
#9123 = ORIENTED_EDGE ( 'NONE', *, *, #8892, .T. ) ;
#9124 = EDGE_LOOP ( 'NONE', ( #524, #10614 ) ) ;
#9125 = CARTESIAN_POINT ( 'NONE',  ( 2.799999999999985612, -10.00000000000000888, -7.500000000000000888 ) ) ;
#9126 = AXIS2_PLACEMENT_3D ( 'NONE', #6307, #8237, #5690 ) ;
#9127 = DIRECTION ( 'NONE',  ( 0.000000000000000000, -1.000000000000000000, 0.000000000000000000 ) ) ;
#9128 = ORIENTED_EDGE ( 'NONE', *, *, #201, .T. ) ;
#9129 = CARTESIAN_POINT ( 'NONE',  ( 12.49999999999999112, -53.40000000000000568, 3.001000000000000334 ) ) ;
#9130 = EDGE_CURVE ( 'NONE', #4237, #480, #5705, .T. ) ;
#9131 = CARTESIAN_POINT ( 'NONE',  ( 51.20000000000000284, 27.40000000000000213, 1.000000000000000000 ) ) ;
#9132 = CARTESIAN_POINT ( 'NONE',  ( 35.20000000000002416, -53.40000000000000568, 3.001000000000000334 ) ) ;
#9133 = VECTOR ( 'NONE', #8828, 1000.000000000000000 ) ;
#9134 = CARTESIAN_POINT ( 'NONE',  ( 68.20000000000001705, -35.39999999999999858, 3.000000000000000000 ) ) ;
#9135 = AXIS2_PLACEMENT_3D ( 'NONE', #1720, #3547, #5205 ) ;
#9136 = DIRECTION ( 'NONE',  ( -8.673617379884029556E-16, 1.000000000000000000, 0.000000000000000000 ) ) ;
#9137 = ORIENTED_EDGE ( 'NONE', *, *, #8723, .F. ) ;
#9138 = EDGE_LOOP ( 'NONE', ( #569, #8784, #3697, #7466, #8870, #4166 ) ) ;
#9139 = PLANE ( 'NONE',  #7759 ) ;
#9140 = DIRECTION ( 'NONE',  ( -0.000000000000000000, -0.000000000000000000, -1.000000000000000000 ) ) ;
#9141 = VERTEX_POINT ( 'NONE', #1323 ) ;
#9142 = CARTESIAN_POINT ( 'NONE',  ( -3.500000000000003109, 36.39999999999999858, -4.000000000000000000 ) ) ;
#9143 = ADVANCED_FACE ( 'NONE', ( #499 ), #3875, .F. ) ;
#9144 = FACE_OUTER_BOUND ( 'NONE', #6297, .T. ) ;
#9145 = EDGE_CURVE ( 'NONE', #380, #1050, #7307, .T. ) ;
#9146 = CARTESIAN_POINT ( 'NONE',  ( 50.79999999999998295, -10.00000000000000888, 0.4999999999999995559 ) ) ;
#9147 = CARTESIAN_POINT ( 'NONE',  ( 56.20000000000001705, -50.39999999999999858, 1.000000000000000000 ) ) ;
#9148 = AXIS2_PLACEMENT_3D ( 'NONE', #5371, #3482, #2597 ) ;
#9149 = DIRECTION ( 'NONE',  ( -0.000000000000000000, -0.000000000000000000, -1.000000000000000000 ) ) ;
#9150 = LINE ( 'NONE', #4992, #2760 ) ;
#9151 = CARTESIAN_POINT ( 'NONE',  ( 28.50000000000000000, -0.2999999999999999889, 0.5000000000000000000 ) ) ;
#9152 = ORIENTED_EDGE ( 'NONE', *, *, #2957, .T. ) ;
#9153 = CARTESIAN_POINT ( 'NONE',  ( 4.799999999999981171, -10.00000000000000888, 0.4999999999999995559 ) ) ;
#9154 = DIRECTION ( 'NONE',  ( -1.000000000000000000, 9.251858538542971828E-16, 0.000000000000000000 ) ) ;
#9155 = ORIENTED_EDGE ( 'NONE', *, *, #10638, .T. ) ;
#9156 = ADVANCED_FACE ( 'NONE', ( #9852 ), #5484, .T. ) ;
#9157 = CARTESIAN_POINT ( 'NONE',  ( 18.50000000000000000, -1.300000000000000044, -1.000000000000000000 ) ) ;
#9158 = VECTOR ( 'NONE', #8024, 1000.000000000000000 ) ;
#9159 = DIRECTION ( 'NONE',  ( -0.000000000000000000, -0.000000000000000000, -1.000000000000000000 ) ) ;
#9160 = FACE_OUTER_BOUND ( 'NONE', #10243, .T. ) ;
#9161 = VERTEX_POINT ( 'NONE', #664 ) ;
#9162 = VECTOR ( 'NONE', #1471, 1000.000000000000000 ) ;
#9163 = DIRECTION ( 'NONE',  ( -1.000000000000000000, 0.000000000000000000, 0.000000000000000000 ) ) ;
#9164 = VERTEX_POINT ( 'NONE', #8029 ) ;
#9165 = CARTESIAN_POINT ( 'NONE',  ( 75.20100000000002183, -85.89999999999997726, -6.499999999999999112 ) ) ;
#9166 = ORIENTED_EDGE ( 'NONE', *, *, #3737, .F. ) ;
#9167 = VECTOR ( 'NONE', #9433, 1000.000000000000000 ) ;
#9168 = CARTESIAN_POINT ( 'NONE',  ( 11.49999999999997868, -64.40000000000000568, 3.000000000000000000 ) ) ;
#9169 = DIRECTION ( 'NONE',  ( 1.000000000000000000, 0.000000000000000000, 0.000000000000000000 ) ) ;
#9170 = VECTOR ( 'NONE', #1497, 1000.000000000000000 ) ;
#9171 = CARTESIAN_POINT ( 'NONE',  ( 0.000000000000000000, 25.39999999999999858, 1.000000000000000000 ) ) ;
#9172 = CARTESIAN_POINT ( 'NONE',  ( 2.500000000000000000, -0.2999999999999999889, 3.000000000000000000 ) ) ;
#9173 = VERTEX_POINT ( 'NONE', #446 ) ;
#9174 = ORIENTED_EDGE ( 'NONE', *, *, #8064, .T. ) ;
#9175 = CARTESIAN_POINT ( 'NONE',  ( -16.05000000000000426, 35.39999999999999858, 1.000000000000000000 ) ) ;
#9176 = DIRECTION ( 'NONE',  ( 0.000000000000000000, 0.000000000000000000, -1.000000000000000000 ) ) ;
#9177 = AXIS2_PLACEMENT_3D ( 'NONE', #3357, #8676, #6136 ) ;
#9178 = EDGE_LOOP ( 'NONE', ( #3570, #3494, #4889, #2202, #1293, #4647, #7453, #4460, #4983 ) ) ;
#9179 = DIRECTION ( 'NONE',  ( 1.000000000000000000, 0.000000000000000000, -0.000000000000000000 ) ) ;
#9180 = FACE_OUTER_BOUND ( 'NONE', #8402, .T. ) ;
#9181 = AXIS2_PLACEMENT_3D ( 'NONE', #10708, #3118, #6506 ) ;
#9182 = CARTESIAN_POINT ( 'NONE',  ( 38.20000000000000995, -53.40000000000000568, 3.000000000000000000 ) ) ;
#9183 = EDGE_CURVE ( 'NONE', #5133, #3171, #4035, .T. ) ;
#9184 = CARTESIAN_POINT ( 'NONE',  ( 17.49999999999998934, -64.40000000000000568, 3.000000000000000000 ) ) ;
#9185 = DIRECTION ( 'NONE',  ( 1.000000000000000000, 0.000000000000000000, 0.000000000000000000 ) ) ;
#9186 = EDGE_CURVE ( 'NONE', #4796, #2013, #10574, .T. ) ;
#9187 = VERTEX_POINT ( 'NONE', #6696 ) ;
#9188 = EDGE_LOOP ( 'NONE', ( #2188, #10239 ) ) ;
#9189 = ORIENTED_EDGE ( 'NONE', *, *, #4163, .T. ) ;
#9190 = PLANE ( 'NONE',  #1569 ) ;
#9191 = DIRECTION ( 'NONE',  ( 0.000000000000000000, -5.204170427930421283E-15, -1.000000000000000000 ) ) ;
#9192 = EDGE_CURVE ( 'NONE', #436, #10342, #10531, .T. ) ;
#9193 = ORIENTED_EDGE ( 'NONE', *, *, #3653, .F. ) ;
#9194 = VECTOR ( 'NONE', #4321, 1000.000000000000000 ) ;
#9195 = CARTESIAN_POINT ( 'NONE',  ( 3.499999999999987566, -32.39999999999999858, 1.000000000000000000 ) ) ;
#9196 = CARTESIAN_POINT ( 'NONE',  ( 55.89164599332850258, 6.949999999999999289, -13.00000000000000000 ) ) ;
#9197 = EDGE_CURVE ( 'NONE', #9266, #2158, #7690, .T. ) ;
#9198 = ADVANCED_FACE ( 'NONE', ( #2418 ), #1543, .F. ) ;
#9199 = DIRECTION ( 'NONE',  ( -1.000000000000000000, 0.000000000000000000, 0.000000000000000000 ) ) ;
#9200 = EDGE_CURVE ( 'NONE', #3897, #161, #9960, .T. ) ;
#9201 = DIRECTION ( 'NONE',  ( -0.000000000000000000, -0.000000000000000000, 1.000000000000000000 ) ) ;
#9202 = AXIS2_PLACEMENT_3D ( 'NONE', #5450, #308, #10543 ) ;
#9203 = EDGE_CURVE ( 'NONE', #5935, #8166, #5575, .T. ) ;
#9204 = CARTESIAN_POINT ( 'NONE',  ( 11.49999999999999467, -78.39999999999996305, -13.99999999999999822 ) ) ;
#9205 = CARTESIAN_POINT ( 'NONE',  ( 0.000000000000000000, 6.949999999999999289, -7.799999999999999822 ) ) ;
#9206 = EDGE_CURVE ( 'NONE', #2294, #1391, #4920, .T. ) ;
#9207 = DIRECTION ( 'NONE',  ( 0.000000000000000000, 1.000000000000000000, 0.000000000000000000 ) ) ;
#9208 = EDGE_LOOP ( 'NONE', ( #9844, #1426, #2306, #4262 ) ) ;
#9209 = EDGE_LOOP ( 'NONE', ( #2075, #7505, #3136, #9428 ) ) ;
#9210 = FACE_BOUND ( 'NONE', #10603, .T. ) ;
#9211 = FACE_OUTER_BOUND ( 'NONE', #10509, .T. ) ;
#9212 = EDGE_CURVE ( 'NONE', #7556, #1878, #8412, .T. ) ;
#9213 = ORIENTED_EDGE ( 'NONE', *, *, #7777, .F. ) ;
#9214 = DIRECTION ( 'NONE',  ( -9.251858538542971828E-16, -1.000000000000000000, 0.000000000000000000 ) ) ;
#9215 = VECTOR ( 'NONE', #3446, 1000.000000000000000 ) ;
#9216 = DIRECTION ( 'NONE',  ( -1.000000000000000000, 0.000000000000000000, 0.000000000000000000 ) ) ;
#9217 = LINE ( 'NONE', #30, #4128 ) ;
#9218 = EDGE_CURVE ( 'NONE', #3192, #3906, #9243, .T. ) ;
#9219 = AXIS2_PLACEMENT_3D ( 'NONE', #5434, #5544, #8816 ) ;
#9220 = ORIENTED_EDGE ( 'NONE', *, *, #2965, .T. ) ;
#9221 = ADVANCED_FACE ( 'NONE', ( #4146 ), #775, .F. ) ;
#9222 = CARTESIAN_POINT ( 'NONE',  ( -2.500000000000006661, -68.40000000000000568, 3.001000000000000334 ) ) ;
#9223 = VERTEX_POINT ( 'NONE', #8303 ) ;
#9224 = CARTESIAN_POINT ( 'NONE',  ( -0.2999999999999929945, 11.44999999999999929, 1.000000000000000000 ) ) ;
#9225 = ORIENTED_EDGE ( 'NONE', *, *, #1302, .F. ) ;
#9226 = CARTESIAN_POINT ( 'NONE',  ( -3.299999999999999822, -2.385244779468105317E-16, 0.000000000000000000 ) ) ;
#9227 = DIRECTION ( 'NONE',  ( 0.000000000000000000, -1.000000000000000000, 0.000000000000000000 ) ) ;
#9228 = CARTESIAN_POINT ( 'NONE',  ( 53.20000000000000284, -32.39999999999999858, 1.000000000000000000 ) ) ;
#9229 = DIRECTION ( 'NONE',  ( 0.000000000000000000, -0.000000000000000000, -1.000000000000000000 ) ) ;
#9230 = EDGE_CURVE ( 'NONE', #3862, #2758, #8471, .T. ) ;
#9231 = ORIENTED_EDGE ( 'NONE', *, *, #10213, .F. ) ;
#9232 = EDGE_LOOP ( 'NONE', ( #9508, #6324, #5859, #54, #9820 ) ) ;
#9233 = VERTEX_POINT ( 'NONE', #3310 ) ;
#9234 = LINE ( 'NONE', #1590, #10062 ) ;
#9235 = FACE_OUTER_BOUND ( 'NONE', #3355, .T. ) ;
#9236 = ORIENTED_EDGE ( 'NONE', *, *, #1016, .T. ) ;
#9237 = ORIENTED_EDGE ( 'NONE', *, *, #4457, .F. ) ;
#9238 = DIRECTION ( 'NONE',  ( 0.000000000000000000, -1.000000000000000000, 0.000000000000000000 ) ) ;
#9239 = DIRECTION ( 'NONE',  ( 0.000000000000000000, 0.000000000000000000, 1.000000000000000000 ) ) ;
#9240 = CARTESIAN_POINT ( 'NONE',  ( 53.20000000000001705, -17.40000000000000213, 1.000000000000000000 ) ) ;
#9241 = EDGE_CURVE ( 'NONE', #9789, #8491, #5809, .T. ) ;
#9242 = CARTESIAN_POINT ( 'NONE',  ( 51.20000000000000284, -1.300000000000000044, -1.000000000000000000 ) ) ;
#9243 = LINE ( 'NONE', #1707, #4514 ) ;
#9244 = ORIENTED_EDGE ( 'NONE', *, *, #2019, .T. ) ;
#9245 = VECTOR ( 'NONE', #3021, 1000.000000000000000 ) ;
#9246 = AXIS2_PLACEMENT_3D ( 'NONE', #2657, #2816, #10297 ) ;
#9247 = ORIENTED_EDGE ( 'NONE', *, *, #4777, .T. ) ;
#9248 = VERTEX_POINT ( 'NONE', #1598 ) ;
#9249 = CARTESIAN_POINT ( 'NONE',  ( 11.49999999999999467, -78.39999999999996305, -13.99999999999999822 ) ) ;
#9250 = CARTESIAN_POINT ( 'NONE',  ( 3.799999999999983835, -10.00000000000000888, 1.000000000000000000 ) ) ;
#9251 = EDGE_LOOP ( 'NONE', ( #3807, #10814, #2273, #3076 ) ) ;
#9252 = FACE_OUTER_BOUND ( 'NONE', #6849, .T. ) ;
#9253 = PLANE ( 'NONE',  #5666 ) ;
#9254 = AXIS2_PLACEMENT_3D ( 'NONE', #2588, #10179, #1100 ) ;
#9255 = AXIS2_PLACEMENT_3D ( 'NONE', #5291, #3844, #5454 ) ;
#9256 = DIRECTION ( 'NONE',  ( -0.000000000000000000, -0.000000000000000000, -1.000000000000000000 ) ) ;
#9257 = LINE ( 'NONE', #5100, #8383 ) ;
#9258 = CARTESIAN_POINT ( 'NONE',  ( 59.20000000000002416, -35.39999999999999858, 3.001000000000000334 ) ) ;
#9259 = CARTESIAN_POINT ( 'NONE',  ( -15.50000000000000711, -83.40000000000000568, -4.000000000000000000 ) ) ;
#9260 = LINE ( 'NONE', #5829, #9053 ) ;
#9261 = VECTOR ( 'NONE', #515, 1000.000000000000000 ) ;
#9262 = VERTEX_POINT ( 'NONE', #9300 ) ;
#9263 = ORIENTED_EDGE ( 'NONE', *, *, #6751, .T. ) ;
#9264 = FACE_OUTER_BOUND ( 'NONE', #1790, .T. ) ;
#9265 = FACE_OUTER_BOUND ( 'NONE', #9853, .T. ) ;
#9266 = VERTEX_POINT ( 'NONE', #829 ) ;
#9267 = FACE_OUTER_BOUND ( 'NONE', #8375, .T. ) ;
#9268 = ADVANCED_FACE ( 'NONE', ( #2475 ), #4980, .F. ) ;
#9269 = LINE ( 'NONE', #5890, #10266 ) ;
#9270 = FACE_OUTER_BOUND ( 'NONE', #10525, .T. ) ;
#9271 = VERTEX_POINT ( 'NONE', #7524 ) ;
#9272 = CARTESIAN_POINT ( 'NONE',  ( 49.79999999999998295, -10.00000000000000888, -7.500000000000000888 ) ) ;
#9273 = ORIENTED_EDGE ( 'NONE', *, *, #4541, .F. ) ;
#9274 = CARTESIAN_POINT ( 'NONE',  ( -2.299999999999999822, 17.44999999999999929, -14.00000000000000000 ) ) ;
#9275 = ORIENTED_EDGE ( 'NONE', *, *, #8869, .T. ) ;
#9276 = CARTESIAN_POINT ( 'NONE',  ( 49.79999999999998295, -76.00000000000001421, -7.500000000000000888 ) ) ;
#9277 = EDGE_CURVE ( 'NONE', #7832, #6612, #3, .T. ) ;
#9278 = ADVANCED_FACE ( 'NONE', ( #9357 ), #10124, .T. ) ;
#9279 = LINE ( 'NONE', #141, #1814 ) ;
#9280 = EDGE_CURVE ( 'NONE', #2758, #1589, #7643, .T. ) ;
#9281 = DIRECTION ( 'NONE',  ( 9.251858538542971828E-16, 1.000000000000000000, -0.000000000000000000 ) ) ;
#9282 = AXIS2_PLACEMENT_3D ( 'NONE', #2180, #8220, #9716 ) ;
#9283 = DIRECTION ( 'NONE',  ( -1.000000000000000000, 0.000000000000000000, 0.000000000000000000 ) ) ;
#9284 = ORIENTED_EDGE ( 'NONE', *, *, #6977, .T. ) ;
#9285 = AXIS2_PLACEMENT_3D ( 'NONE', #5504, #8217, #4671 ) ;
#9286 = EDGE_CURVE ( 'NONE', #1946, #9669, #5140, .T. ) ;
#9287 = ORIENTED_EDGE ( 'NONE', *, *, #8617, .F. ) ;
#9288 = EDGE_LOOP ( 'NONE', ( #9166, #4634, #7449, #2753 ) ) ;
#9289 = CYLINDRICAL_SURFACE ( 'NONE', #7236, 0.5000000000000000000 ) ;
#9290 = CARTESIAN_POINT ( 'NONE',  ( 51.20000000000000284, 0.2000000000000000111, 1.000000000000000000 ) ) ;
#9291 = EDGE_LOOP ( 'NONE', ( #5684, #450, #3477, #5285 ) ) ;
#9292 = ORIENTED_EDGE ( 'NONE', *, *, #6236, .F. ) ;
#9293 = FACE_OUTER_BOUND ( 'NONE', #7163, .T. ) ;
#9294 = CARTESIAN_POINT ( 'NONE',  ( 27.50000000000000000, -3.272120448235484869, 1.000000000000000000 ) ) ;
#9295 = VECTOR ( 'NONE', #10783, 1000.000000000000000 ) ;
#9296 = AXIS2_PLACEMENT_3D ( 'NONE', #1759, #10904, #2369 ) ;
#9298 = EDGE_CURVE ( 'NONE', #2852, #7545, #8796, .T. ) ;
#9297 = LINE ( 'NONE', #7836, #6729 ) ;
#9299 = DIRECTION ( 'NONE',  ( 0.000000000000000000, 0.000000000000000000, 1.000000000000000000 ) ) ;
#9300 = CARTESIAN_POINT ( 'NONE',  ( -2.500000000000006661, -68.40000000000000568, 1.000000000000000000 ) ) ;
#9301 = EDGE_LOOP ( 'NONE', ( #3077, #4234, #395, #4672 ) ) ;
#9302 = VECTOR ( 'NONE', #2697, 1000.000000000000000 ) ;
#9303 = ORIENTED_EDGE ( 'NONE', *, *, #7030, .F. ) ;
#9304 = ORIENTED_EDGE ( 'NONE', *, *, #8385, .T. ) ;
#9305 = FACE_OUTER_BOUND ( 'NONE', #5734, .T. ) ;
#9306 = DIRECTION ( 'NONE',  ( 0.000000000000000000, 0.000000000000000000, -1.000000000000000000 ) ) ;
#9307 = VERTEX_POINT ( 'NONE', #324 ) ;
#9308 = DIRECTION ( 'NONE',  ( 0.000000000000000000, 0.000000000000000000, -1.000000000000000000 ) ) ;
#9309 = VECTOR ( 'NONE', #2746, 1000.000000000000000 ) ;
#9310 = DIRECTION ( 'NONE',  ( 0.000000000000000000, 0.000000000000000000, 1.000000000000000000 ) ) ;
#9311 = VECTOR ( 'NONE', #9768, 1000.000000000000000 ) ;
#9312 = CARTESIAN_POINT ( 'NONE',  ( 52.76999999999999602, 12.80000000000000071, 3.000000000000000000 ) ) ;
#9313 = DIRECTION ( 'NONE',  ( -0.000000000000000000, -0.000000000000000000, -1.000000000000000000 ) ) ;
#9314 = FACE_OUTER_BOUND ( 'NONE', #8925, .T. ) ;
#9315 = ADVANCED_FACE ( 'NONE', ( #267 ), #9412, .F. ) ;
#9316 = AXIS2_PLACEMENT_3D ( 'NONE', #9259, #1664, #843 ) ;
#9317 = FACE_OUTER_BOUND ( 'NONE', #3123, .T. ) ;
#9318 = CARTESIAN_POINT ( 'NONE',  ( -0.2000000000000187461, -10.00000000000000888, 1.000000000000000000 ) ) ;
#9319 = ORIENTED_EDGE ( 'NONE', *, *, #8028, .T. ) ;
#9320 = ORIENTED_EDGE ( 'NONE', *, *, #6904, .F. ) ;
#9321 = FACE_BOUND ( 'NONE', #6247, .T. ) ;
#9322 = DIRECTION ( 'NONE',  ( -1.000000000000000000, 0.000000000000000000, 0.000000000000000000 ) ) ;
#9323 = ORIENTED_EDGE ( 'NONE', *, *, #9145, .T. ) ;
#9324 = DIRECTION ( 'NONE',  ( 0.000000000000000000, 0.000000000000000000, 1.000000000000000000 ) ) ;
#9325 = CIRCLE ( 'NONE', #10026, 1.000000000000000000 ) ;
#9326 = DIRECTION ( 'NONE',  ( -1.000000000000000000, 0.000000000000000000, 0.000000000000000000 ) ) ;
#9327 = ADVANCED_FACE ( 'NONE', ( #1871 ), #6030, .F. ) ;
#9328 = FACE_OUTER_BOUND ( 'NONE', #3674, .T. ) ;
#9329 = EDGE_CURVE ( 'NONE', #1094, #6987, #1927, .T. ) ;
#9330 = ORIENTED_EDGE ( 'NONE', *, *, #6968, .T. ) ;
#9331 = CARTESIAN_POINT ( 'NONE',  ( -3.500000000000003109, -95.40000000000000568, 1.000000000000000000 ) ) ;
#9332 = VERTEX_POINT ( 'NONE', #1047 ) ;
#9333 = VECTOR ( 'NONE', #3814, 1000.000000000000000 ) ;
#9334 = DIRECTION ( 'NONE',  ( 0.000000000000000000, 0.000000000000000000, -1.000000000000000000 ) ) ;
#9335 = ORIENTED_EDGE ( 'NONE', *, *, #6172, .T. ) ;
#9336 = LINE ( 'NONE', #5287, #1934 ) ;
#9337 = PLANE ( 'NONE',  #1810 ) ;
#9338 = EDGE_CURVE ( 'NONE', #2392, #2437, #1206, .T. ) ;
#9339 = FACE_OUTER_BOUND ( 'NONE', #4550, .T. ) ;
#9340 = ADVANCED_FACE ( 'NONE', ( #10398 ), #2646, .F. ) ;
#9341 = AXIS2_PLACEMENT_3D ( 'NONE', #8889, #7216, #2729 ) ;
#9342 = CARTESIAN_POINT ( 'NONE',  ( 28.50000000000000000, -0.2999999999999999889, -14.00000000000000000 ) ) ;
#9343 = ORIENTED_EDGE ( 'NONE', *, *, #6796, .T. ) ;
#9344 = VERTEX_POINT ( 'NONE', #3533 ) ;
#9345 = AXIS2_PLACEMENT_3D ( 'NONE', #8652, #2934, #2772 ) ;
#9346 = VERTEX_POINT ( 'NONE', #4416 ) ;
#9347 = LINE ( 'NONE', #1861, #3158 ) ;
#9348 = ADVANCED_FACE ( 'NONE', ( #10454 ), #7884, .F. ) ;
#9349 = DIRECTION ( 'NONE',  ( 0.000000000000000000, 0.000000000000000000, -1.000000000000000000 ) ) ;
#9350 = EDGE_LOOP ( 'NONE', ( #5022, #1296, #4153, #1373 ) ) ;
#9351 = EDGE_LOOP ( 'NONE', ( #9620, #7571 ) ) ;
#9352 = CARTESIAN_POINT ( 'NONE',  ( 53.20000000000002416, -53.40000000000000568, 3.000000000000000000 ) ) ;
#9353 = FACE_OUTER_BOUND ( 'NONE', #2103, .T. ) ;
#9354 = AXIS2_PLACEMENT_3D ( 'NONE', #2214, #505, #2878 ) ;
#9355 = CARTESIAN_POINT ( 'NONE',  ( 68.20000000000001705, -35.39999999999999858, 3.000000000000000000 ) ) ;
#9356 = AXIS2_PLACEMENT_3D ( 'NONE', #1122, #4496, #2056 ) ;
#9357 = FACE_OUTER_BOUND ( 'NONE', #4870, .T. ) ;
#9358 = EDGE_LOOP ( 'NONE', ( #7870, #3252, #2990, #4396 ) ) ;
#9359 = AXIS2_PLACEMENT_3D ( 'NONE', #9506, #10330, #2686 ) ;
#9360 = EDGE_CURVE ( 'NONE', #8818, #1314, #1812, .T. ) ;
#9361 = ORIENTED_EDGE ( 'NONE', *, *, #3122, .F. ) ;
#9362 = VERTEX_POINT ( 'NONE', #3581 ) ;
#9363 = CARTESIAN_POINT ( 'NONE',  ( 2.500000000000000000, 2.500000000000000000, 3.000000000000000000 ) ) ;
#9364 = DIRECTION ( 'NONE',  ( 0.000000000000000000, 1.000000000000000000, -0.000000000000000000 ) ) ;
#9365 = CIRCLE ( 'NONE', #5818, 4.000000000000010658 ) ;
#9366 = VERTEX_POINT ( 'NONE', #6970 ) ;
#9367 = CYLINDRICAL_SURFACE ( 'NONE', #6858, 0.9999999999999983347 ) ;
#9368 = CARTESIAN_POINT ( 'NONE',  ( 44.20000000000001705, -68.40000000000000568, 1.000000000000000000 ) ) ;
#9369 = DIRECTION ( 'NONE',  ( -1.000000000000000000, 0.000000000000000000, 0.000000000000000000 ) ) ;
#9370 = VECTOR ( 'NONE', #8113, 1000.000000000000000 ) ;
#9371 = CARTESIAN_POINT ( 'NONE',  ( -5.500000000000009770, -32.39999999999999858, 3.001000000000000334 ) ) ;
#9372 = DIRECTION ( 'NONE',  ( 9.251858538542971828E-16, 1.000000000000000000, -0.000000000000000000 ) ) ;
#9373 = ORIENTED_EDGE ( 'NONE', *, *, #3664, .T. ) ;
#9374 = FACE_OUTER_BOUND ( 'NONE', #9124, .T. ) ;
#9375 = CARTESIAN_POINT ( 'NONE',  ( 3.079999999999999627, 22.91999999999999815, 3.000000000000000000 ) ) ;
#9376 = VERTEX_POINT ( 'NONE', #4474 ) ;
#9377 = VERTEX_POINT ( 'NONE', #7910 ) ;
#9378 = LINE ( 'NONE', #2608, #4220 ) ;
#9379 = CARTESIAN_POINT ( 'NONE',  ( 27.50000000000000000, 1.199999999999999956, 0.000000000000000000 ) ) ;
#9380 = PLANE ( 'NONE',  #5468 ) ;
#9381 = VECTOR ( 'NONE', #390, 1000.000000000000000 ) ;
#9382 = CARTESIAN_POINT ( 'NONE',  ( 0.000000000000000000, 27.90000000000000213, -14.00000000000000000 ) ) ;
#9383 = LINE ( 'NONE', #2615, #7497 ) ;
#9384 = EDGE_CURVE ( 'NONE', #287, #9847, #8418, .T. ) ;
#9385 = CARTESIAN_POINT ( 'NONE',  ( 4.164757004755709424, 6.949999999999999289, -1.942058085672285106 ) ) ;
#9386 = ORIENTED_EDGE ( 'NONE', *, *, #9830, .F. ) ;
#9387 = VERTEX_POINT ( 'NONE', #2861 ) ;
#9388 = VERTEX_POINT ( 'NONE', #10235 ) ;
#9389 = CIRCLE ( 'NONE', #902, 0.5000000000000000000 ) ;
#9390 = LINE ( 'NONE', #4395, #3142 ) ;
#9391 = ORIENTED_EDGE ( 'NONE', *, *, #4649, .F. ) ;
#9392 = EDGE_CURVE ( 'NONE', #10208, #821, #7026, .T. ) ;
#9393 = CARTESIAN_POINT ( 'NONE',  ( 32.49999999999996447, -53.40000000000000568, 1.000000000000000000 ) ) ;
#9394 = CARTESIAN_POINT ( 'NONE',  ( 19.50000000000000000, 0.000000000000000000, -13.00000000000000000 ) ) ;
#9395 = CARTESIAN_POINT ( 'NONE',  ( 35.50000000000000000, -1.300000000000000044, -1.000000000000000000 ) ) ;
#9396 = VECTOR ( 'NONE', #10261, 1000.000000000000000 ) ;
#9397 = AXIS2_PLACEMENT_3D ( 'NONE', #6380, #1280, #3765 ) ;
#9398 = CARTESIAN_POINT ( 'NONE',  ( 58.16568877480710142, 6.949999999999999289, 1.000000000000000000 ) ) ;
#9399 = ORIENTED_EDGE ( 'NONE', *, *, #8878, .T. ) ;
#9400 = VERTEX_POINT ( 'NONE', #9461 ) ;
#9401 = EDGE_LOOP ( 'NONE', ( #8530, #8473, #2216, #8268 ) ) ;
#9402 = DIRECTION ( 'NONE',  ( 1.000000000000000000, 2.356961244533720211E-16, 0.000000000000000000 ) ) ;
#9403 = CARTESIAN_POINT ( 'NONE',  ( 2.500000000000000000, 23.09999999999999787, 0.5000000000000000000 ) ) ;
#9404 = ORIENTED_EDGE ( 'NONE', *, *, #289, .F. ) ;
#9405 = EDGE_LOOP ( 'NONE', ( #6350, #3356, #2919, #10290 ) ) ;
#9406 = CARTESIAN_POINT ( 'NONE',  ( -15.50000000000000711, -83.40000000000000568, 1.000000000000000000 ) ) ;
#9407 = VECTOR ( 'NONE', #4943, 1000.000000000000000 ) ;
#9408 = CARTESIAN_POINT ( 'NONE',  ( 41.20000000000003126, -53.40000000000000568, 1.000000000000000000 ) ) ;
#9409 = EDGE_CURVE ( 'NONE', #3582, #3897, #5242, .T. ) ;
#9410 = EDGE_CURVE ( 'NONE', #9565, #8625, #5361, .T. ) ;
#9411 = CARTESIAN_POINT ( 'NONE',  ( -3.500000000000003109, 36.39999999999999858, -4.000000000000000000 ) ) ;
#9412 = CYLINDRICAL_SURFACE ( 'NONE', #1519, 1.000000000000000888 ) ;
#9413 = ORIENTED_EDGE ( 'NONE', *, *, #5620, .F. ) ;
#9414 = VERTEX_POINT ( 'NONE', #2032 ) ;
#9415 = VERTEX_POINT ( 'NONE', #5414 ) ;
#9416 = CARTESIAN_POINT ( 'NONE',  ( 2.500000000000000000, 25.89999999999999858, 3.000000000000000000 ) ) ;
#9417 = DIRECTION ( 'NONE',  ( 1.000000000000000000, 0.000000000000000000, 0.000000000000000000 ) ) ;
#9418 = ORIENTED_EDGE ( 'NONE', *, *, #7393, .T. ) ;
#9419 = DIRECTION ( 'NONE',  ( 0.000000000000000000, 0.000000000000000000, -1.000000000000000000 ) ) ;
#9420 = CARTESIAN_POINT ( 'NONE',  ( 35.20000000000000995, -50.39999999999999858, 1.000000000000000000 ) ) ;
#9421 = EDGE_CURVE ( 'NONE', #269, #9863, #2750, .T. ) ;
#9422 = EDGE_CURVE ( 'NONE', #9963, #3586, #8633, .T. ) ;
#9423 = CARTESIAN_POINT ( 'NONE',  ( -2.500000000000011102, -17.40000000000000213, 3.000000000000000000 ) ) ;
#9424 = EDGE_CURVE ( 'NONE', #4689, #4180, #4363, .T. ) ;
#9425 = VECTOR ( 'NONE', #4691, 1000.000000000000000 ) ;
#9426 = FACE_OUTER_BOUND ( 'NONE', #8913, .T. ) ;
#9427 = FACE_BOUND ( 'NONE', #8186, .T. ) ;
#9428 = ORIENTED_EDGE ( 'NONE', *, *, #1354, .F. ) ;
#9429 = EDGE_CURVE ( 'NONE', #10634, #6088, #2195, .T. ) ;
#9430 = FACE_OUTER_BOUND ( 'NONE', #5325, .T. ) ;
#9431 = ORIENTED_EDGE ( 'NONE', *, *, #9050, .T. ) ;
#9432 = ORIENTED_EDGE ( 'NONE', *, *, #323, .F. ) ;
#9433 = DIRECTION ( 'NONE',  ( -1.000000000000000000, 0.000000000000000000, 0.000000000000000000 ) ) ;
#9434 = DIRECTION ( 'NONE',  ( 0.000000000000000000, -1.000000000000000000, 0.000000000000000000 ) ) ;
#9435 = CIRCLE ( 'NONE', #65, 1.000000000000000000 ) ;
#9436 = AXIS2_PLACEMENT_3D ( 'NONE', #759, #7304, #7198 ) ;
#9437 = PLANE ( 'NONE',  #5654 ) ;
#9438 = ADVANCED_FACE ( 'NONE', ( #8909 ), #7292, .F. ) ;
#9439 = DIRECTION ( 'NONE',  ( 0.000000000000000000, 1.000000000000000000, 0.000000000000000000 ) ) ;
#9440 = PLANE ( 'NONE',  #429 ) ;
#9441 = VECTOR ( 'NONE', #1321, 1000.000000000000000 ) ;
#9442 = LINE ( 'NONE', #3609, #5413 ) ;
#9443 = LINE ( 'NONE', #4446, #6289 ) ;
#9444 = VERTEX_POINT ( 'NONE', #4638 ) ;
#9445 = DIRECTION ( 'NONE',  ( -0.000000000000000000, 0.000000000000000000, -1.000000000000000000 ) ) ;
#9446 = EDGE_LOOP ( 'NONE', ( #580, #3920, #3808, #6629, #9323 ) ) ;
#9447 = LINE ( 'NONE', #922, #3337 ) ;
#9448 = CARTESIAN_POINT ( 'NONE',  ( 35.50000000000000000, -0.2999999999999999889, 3.000000000000000000 ) ) ;
#9449 = CARTESIAN_POINT ( 'NONE',  ( 59.20000000000001705, -17.40000000000000213, 3.001000000000000334 ) ) ;
#9450 = CARTESIAN_POINT ( 'NONE',  ( 12.49999999999999112, -53.40000000000000568, 3.000000000000000000 ) ) ;
#9451 = ORIENTED_EDGE ( 'NONE', *, *, #2804, .F. ) ;
#9452 = ORIENTED_EDGE ( 'NONE', *, *, #10766, .F. ) ;
#9453 = ORIENTED_EDGE ( 'NONE', *, *, #8806, .T. ) ;
#9454 = LINE ( 'NONE', #6851, #8117 ) ;
#9455 = DIRECTION ( 'NONE',  ( 0.000000000000000000, 0.000000000000000000, -1.000000000000000000 ) ) ;
#9456 = ORIENTED_EDGE ( 'NONE', *, *, #2378, .T. ) ;
#9457 = ORIENTED_EDGE ( 'NONE', *, *, #3938, .F. ) ;
#9458 = CARTESIAN_POINT ( 'NONE',  ( 35.50000000000000000, 25.89999999999999858, 3.000000000000000000 ) ) ;
#9459 = LINE ( 'NONE', #5136, #5233 ) ;
#9460 = VECTOR ( 'NONE', #1092, 1000.000000000000000 ) ;
#9461 = CARTESIAN_POINT ( 'NONE',  ( 7.799999999999986500, -10.00000000000000888, 1.000000000000000000 ) ) ;
#9462 = EDGE_LOOP ( 'NONE', ( #1650, #10184 ) ) ;
#9463 = VERTEX_POINT ( 'NONE', #1479 ) ;
#9464 = VERTEX_POINT ( 'NONE', #9071 ) ;
#9465 = ADVANCED_FACE ( 'NONE', ( #8016 ), #435, .T. ) ;
#9466 = VECTOR ( 'NONE', #4591, 1000.000000000000000 ) ;
#9467 = DIRECTION ( 'NONE',  ( 0.000000000000000000, 0.000000000000000000, -1.000000000000000000 ) ) ;
#9468 = CARTESIAN_POINT ( 'NONE',  ( 27.50000000000000000, 28.86704589964730161, 1.000000000000000000 ) ) ;
#9469 = ORIENTED_EDGE ( 'NONE', *, *, #2487, .F. ) ;
#9470 = CARTESIAN_POINT ( 'NONE',  ( 71.20000000000001705, 35.39999999999999858, 1.000000000000000000 ) ) ;
#9471 = DIRECTION ( 'NONE',  ( 0.000000000000000000, 1.000000000000000000, 0.000000000000000000 ) ) ;
#9472 = CARTESIAN_POINT ( 'NONE',  ( 38.20000000000000995, -68.40000000000000568, 3.001000000000000334 ) ) ;
#9473 = EDGE_CURVE ( 'NONE', #4407, #1836, #1339, .T. ) ;
#9474 = FACE_OUTER_BOUND ( 'NONE', #3904, .T. ) ;
#9475 = CARTESIAN_POINT ( 'NONE',  ( -11.50000000000000711, -53.40000000000000568, 3.001000000000000334 ) ) ;
#9476 = ORIENTED_EDGE ( 'NONE', *, *, #3975, .T. ) ;
#9477 = DIRECTION ( 'NONE',  ( 0.000000000000000000, 0.000000000000000000, -1.000000000000000000 ) ) ;
#9478 = CARTESIAN_POINT ( 'NONE',  ( 9.499999999999992895, -35.39999999999999858, 3.000000000000000000 ) ) ;
#9479 = VECTOR ( 'NONE', #2282, 1000.000000000000000 ) ;
#9480 = ORIENTED_EDGE ( 'NONE', *, *, #1560, .T. ) ;
#9481 = EDGE_LOOP ( 'NONE', ( #10595, #613, #5109, #2217 ) ) ;
#9482 = LINE ( 'NONE', #5437, #7940 ) ;
#9483 = FACE_OUTER_BOUND ( 'NONE', #5763, .T. ) ;
#9484 = EDGE_CURVE ( 'NONE', #9092, #10211, #6654, .T. ) ;
#9485 = AXIS2_PLACEMENT_3D ( 'NONE', #8353, #887, #2589 ) ;
#9486 = CARTESIAN_POINT ( 'NONE',  ( -18.49999999999998934, -95.40000000000000568, 3.000000000000000000 ) ) ;
#9487 = LINE ( 'NONE', #3719, #6386 ) ;
#9488 = VECTOR ( 'NONE', #3164, 1000.000000000000000 ) ;
#9489 = FACE_OUTER_BOUND ( 'NONE', #4955, .T. ) ;
#9490 = VECTOR ( 'NONE', #9149, 1000.000000000000000 ) ;
#9491 = DIRECTION ( 'NONE',  ( -1.000000000000000000, 0.000000000000000000, 0.000000000000000000 ) ) ;
#9492 = PLANE ( 'NONE',  #4867 ) ;
#9493 = ORIENTED_EDGE ( 'NONE', *, *, #9360, .T. ) ;
#9494 = EDGE_CURVE ( 'NONE', #9444, #6, #1873, .T. ) ;
#9495 = CARTESIAN_POINT ( 'NONE',  ( 3.799999999999983835, -76.00000000000001421, -7.500000000000000888 ) ) ;
#9496 = VERTEX_POINT ( 'NONE', #9680 ) ;
#9497 = LINE ( 'NONE', #1852, #7594 ) ;
#9498 = CARTESIAN_POINT ( 'NONE',  ( 28.50000000000000000, -5.299999999999999822, -10.00000000000000000 ) ) ;
#9499 = CYLINDRICAL_SURFACE ( 'NONE', #2176, 0.5000000000000000000 ) ;
#9500 = LINE ( 'NONE', #3834, #10720 ) ;
#9501 = ADVANCED_FACE ( 'NONE', ( #4747 ), #2085, .T. ) ;
#9502 = VECTOR ( 'NONE', #1231, 1000.000000000000000 ) ;
#9503 = ORIENTED_EDGE ( 'NONE', *, *, #1851, .F. ) ;
#9504 = ORIENTED_EDGE ( 'NONE', *, *, #3766, .T. ) ;
#9505 = ORIENTED_EDGE ( 'NONE', *, *, #2847, .F. ) ;
#9506 = CARTESIAN_POINT ( 'NONE',  ( 18.21999999999999886, 10.92500000000000071, 3.000000000000000000 ) ) ;
#9507 = DIRECTION ( 'NONE',  ( 0.000000000000000000, 0.000000000000000000, 1.000000000000000000 ) ) ;
#9508 = ORIENTED_EDGE ( 'NONE', *, *, #10002, .T. ) ;
#9509 = ORIENTED_EDGE ( 'NONE', *, *, #9982, .T. ) ;
#9510 = DIRECTION ( 'NONE',  ( 1.000000000000000000, 0.000000000000000000, 0.000000000000000000 ) ) ;
#9511 = DIRECTION ( 'NONE',  ( -0.000000000000000000, -1.000000000000000000, -0.000000000000000000 ) ) ;
#9512 = CARTESIAN_POINT ( 'NONE',  ( 14.49999999999998401, -64.40000000000000568, 3.000000000000000000 ) ) ;
#9513 = AXIS2_PLACEMENT_3D ( 'NONE', #8284, #10825, #6621 ) ;
#9514 = DIRECTION ( 'NONE',  ( -1.000000000000000000, 0.000000000000000000, 0.000000000000000000 ) ) ;
#9515 = VERTEX_POINT ( 'NONE', #9841 ) ;
#9516 = EDGE_CURVE ( 'NONE', #4058, #5105, #2747, .T. ) ;
#9517 = ORIENTED_EDGE ( 'NONE', *, *, #10086, .F. ) ;
#9518 = ORIENTED_EDGE ( 'NONE', *, *, #9473, .F. ) ;
#9519 = DIRECTION ( 'NONE',  ( -2.202823461557890179E-15, -1.000000000000000000, 0.000000000000000000 ) ) ;
#9520 = CARTESIAN_POINT ( 'NONE',  ( 6.499999999999993783, -50.39999999999999858, 3.001000000000000334 ) ) ;
#9521 = VECTOR ( 'NONE', #1765, 1000.000000000000000 ) ;
#9522 = ORIENTED_EDGE ( 'NONE', *, *, #9618, .F. ) ;
#9523 = LINE ( 'NONE', #6868, #5619 ) ;
#9524 = EDGE_CURVE ( 'NONE', #8640, #3217, #7242, .T. ) ;
#9525 = ADVANCED_FACE ( 'NONE', ( #10664 ), #487, .T. ) ;
#9526 = AXIS2_PLACEMENT_3D ( 'NONE', #5082, #5302, #10230 ) ;
#9527 = DIRECTION ( 'NONE',  ( 9.251858538542971828E-16, 1.000000000000000000, -0.000000000000000000 ) ) ;
#9528 = DIRECTION ( 'NONE',  ( 0.000000000000000000, -0.000000000000000000, -1.000000000000000000 ) ) ;
#9529 = AXIS2_PLACEMENT_3D ( 'NONE', #10728, #7409, #9845 ) ;
#9530 = CYLINDRICAL_SURFACE ( 'NONE', #6644, 1.549999999999995826 ) ;
#9531 = DIRECTION ( 'NONE',  ( 9.251858538542971828E-16, 1.000000000000000000, -0.000000000000000000 ) ) ;
#9532 = EDGE_CURVE ( 'NONE', #1865, #3475, #10508, .T. ) ;
#9533 = AXIS2_PLACEMENT_3D ( 'NONE', #91, #2513, #1795 ) ;
#9534 = VERTEX_POINT ( 'NONE', #1263 ) ;
#9535 = PLANE ( 'NONE',  #8432 ) ;
#9536 = CARTESIAN_POINT ( 'NONE',  ( 47.20000000000001705, -53.40000000000000568, 3.000000000000000000 ) ) ;
#9537 = EDGE_CURVE ( 'NONE', #685, #9414, #2969, .T. ) ;
#9538 = ORIENTED_EDGE ( 'NONE', *, *, #3296, .F. ) ;
#9539 = ORIENTED_EDGE ( 'NONE', *, *, #1139, .F. ) ;
#9540 = EDGE_CURVE ( 'NONE', #9669, #6355, #7526, .T. ) ;
#9541 = CARTESIAN_POINT ( 'NONE',  ( -0.2999999999999919398, 2.500000000000000000, 3.000000000000000000 ) ) ;
#9542 = CARTESIAN_POINT ( 'NONE',  ( -8.500000000000007105, -68.40000000000000568, 3.000000000000000000 ) ) ;
#9543 = VECTOR ( 'NONE', #7452, 1000.000000000000000 ) ;
#9544 = LINE ( 'NONE', #3831, #3529 ) ;
#9545 = EDGE_CURVE ( 'NONE', #210, #6717, #6361, .T. ) ;
#9546 = AXIS2_PLACEMENT_3D ( 'NONE', #6002, #5941, #7613 ) ;
#9547 = EDGE_CURVE ( 'NONE', #1805, #1470, #10723, .T. ) ;
#9548 = LINE ( 'NONE', #7990, #3546 ) ;
#9549 = DIRECTION ( 'NONE',  ( 0.000000000000000000, 1.000000000000000000, 0.000000000000000000 ) ) ;
#9550 = EDGE_CURVE ( 'NONE', #3155, #7190, #9898, .T. ) ;
#9551 = FACE_OUTER_BOUND ( 'NONE', #3025, .T. ) ;
#9552 = EDGE_CURVE ( 'NONE', #5209, #2623, #2358, .T. ) ;
#9553 = CYLINDRICAL_SURFACE ( 'NONE', #7700, 0.5000000000000000000 ) ;
#9554 = ORIENTED_EDGE ( 'NONE', *, *, #7301, .T. ) ;
#9555 = CARTESIAN_POINT ( 'NONE',  ( -8.500000000000010658, -32.39999999999999858, 1.000000000000000000 ) ) ;
#9556 = VERTEX_POINT ( 'NONE', #4966 ) ;
#9557 = LINE ( 'NONE', #6182, #4049 ) ;
#9558 = AXIS2_PLACEMENT_3D ( 'NONE', #6598, #8101, #1825 ) ;
#9559 = DIRECTION ( 'NONE',  ( -0.7071067811865474617, 0.000000000000000000, 0.7071067811865474617 ) ) ;
#9560 = DIRECTION ( 'NONE',  ( -0.000000000000000000, -0.000000000000000000, -1.000000000000000000 ) ) ;
#9561 = EDGE_CURVE ( 'NONE', #5637, #480, #10112, .T. ) ;
#9562 = LINE ( 'NONE', #366, #597 ) ;
#9563 = EDGE_CURVE ( 'NONE', #8529, #449, #4244, .T. ) ;
#9564 = VECTOR ( 'NONE', #8059, 1000.000000000000000 ) ;
#9565 = VERTEX_POINT ( 'NONE', #7511 ) ;
#9566 = VERTEX_POINT ( 'NONE', #5853 ) ;
#9567 = ORIENTED_EDGE ( 'NONE', *, *, #1770, .T. ) ;
#9568 = CARTESIAN_POINT ( 'NONE',  ( 19.50000000000000000, 0.000000000000000000, -13.00000000000000000 ) ) ;
#9569 = EDGE_LOOP ( 'NONE', ( #7595, #9570, #2065, #1023 ) ) ;
#9570 = ORIENTED_EDGE ( 'NONE', *, *, #10232, .T. ) ;
#9571 = CARTESIAN_POINT ( 'NONE',  ( 53.79999999999999005, -10.00000000000000888, 1.000000000000000000 ) ) ;
#9572 = CARTESIAN_POINT ( 'NONE',  ( 62.20000000000000995, -35.39999999999999858, 3.000000000000000000 ) ) ;
#9573 = EDGE_CURVE ( 'NONE', #5199, #6465, #4187, .T. ) ;
#9574 = VECTOR ( 'NONE', #9827, 1000.000000000000000 ) ;
#9575 = CIRCLE ( 'NONE', #4790, 0.5000000000000000000 ) ;
#9576 = DIRECTION ( 'NONE',  ( 0.000000000000000000, -1.000000000000000000, 0.000000000000000000 ) ) ;
#9577 = EDGE_CURVE ( 'NONE', #5813, #9642, #10778, .T. ) ;
#9578 = CARTESIAN_POINT ( 'NONE',  ( 53.20000000000001705, -17.40000000000000213, 3.000000000000000000 ) ) ;
#9579 = ORIENTED_EDGE ( 'NONE', *, *, #5759, .F. ) ;
#9580 = VERTEX_POINT ( 'NONE', #1531 ) ;
#9581 = ORIENTED_EDGE ( 'NONE', *, *, #10081, .T. ) ;
#9582 = VECTOR ( 'NONE', #2387, 1000.000000000000000 ) ;
#9583 = FACE_BOUND ( 'NONE', #5798, .T. ) ;
#9584 = CARTESIAN_POINT ( 'NONE',  ( 3.499999999999992895, -68.40000000000000568, 3.001000000000000334 ) ) ;
#9585 = ORIENTED_EDGE ( 'NONE', *, *, #7239, .F. ) ;
#9586 = FACE_OUTER_BOUND ( 'NONE', #4207, .T. ) ;
#9587 = DIRECTION ( 'NONE',  ( 0.000000000000000000, -1.000000000000000000, 0.000000000000000000 ) ) ;
#9588 = ADVANCED_FACE ( 'NONE', ( #5126 ), #5796, .F. ) ;
#9589 = CARTESIAN_POINT ( 'NONE',  ( -12.95000000000000639, -94.39999999999999147, 1.000000000000000000 ) ) ;
#9590 = FACE_OUTER_BOUND ( 'NONE', #2196, .T. ) ;
#9591 = CARTESIAN_POINT ( 'NONE',  ( 35.20000000000002416, -53.40000000000000568, 3.000000000000000000 ) ) ;
#9592 = ORIENTED_EDGE ( 'NONE', *, *, #3872, .T. ) ;
#9593 = VERTEX_POINT ( 'NONE', #10055 ) ;
#9594 =( NAMED_UNIT ( * ) SI_UNIT ( $, .STERADIAN. ) SOLID_ANGLE_UNIT ( ) );
#9595 = DIRECTION ( 'NONE',  ( -0.000000000000000000, -0.000000000000000000, 1.000000000000000000 ) ) ;
#9596 = ORIENTED_EDGE ( 'NONE', *, *, #2302, .T. ) ;
#9597 = EDGE_LOOP ( 'NONE', ( #833, #1088, #6539, #110, #6020, #6816 ) ) ;
#9598 = CARTESIAN_POINT ( 'NONE',  ( 65.20000000000001705, -35.39999999999999858, 3.000000000000000000 ) ) ;
#9599 = CARTESIAN_POINT ( 'NONE',  ( 35.50000000000000000, -0.2999999999999999889, 0.5000000000000000000 ) ) ;
#9600 = LINE ( 'NONE', #457, #4059 ) ;
#9601 = DIRECTION ( 'NONE',  ( 0.000000000000000000, -0.000000000000000000, 1.000000000000000000 ) ) ;
#9602 = LINE ( 'NONE', #3669, #5548 ) ;
#9603 = DIRECTION ( 'NONE',  ( 0.000000000000000000, 1.000000000000000000, 0.000000000000000000 ) ) ;
#9604 = DIRECTION ( 'NONE',  ( -0.000000000000000000, -0.000000000000000000, -1.000000000000000000 ) ) ;
#9605 = VECTOR ( 'NONE', #6319, 1000.000000000000000 ) ;
#9606 = VERTEX_POINT ( 'NONE', #10944 ) ;
#9607 = EDGE_CURVE ( 'NONE', #10554, #1480, #2573, .T. ) ;
#9608 = LINE ( 'NONE', #6340, #4565 ) ;
#9609 = EDGE_LOOP ( 'NONE', ( #1472, #668 ) ) ;
#9610 = DIRECTION ( 'NONE',  ( 9.251858538542971828E-16, 1.000000000000000000, -0.000000000000000000 ) ) ;
#9611 = LINE ( 'NONE', #4567, #7621 ) ;
#9612 = CARTESIAN_POINT ( 'NONE',  ( 38.20000000000000995, -35.39999999999999858, 1.000000000000000000 ) ) ;
#9613 = VECTOR ( 'NONE', #5534, 1000.000000000000000 ) ;
#9614 = CARTESIAN_POINT ( 'NONE',  ( 59.20000000000000284, -32.39999999999999858, 1.000000000000000000 ) ) ;
#9615 = ORIENTED_EDGE ( 'NONE', *, *, #7515, .T. ) ;
#9616 = VERTEX_POINT ( 'NONE', #1746 ) ;
#9617 = ORIENTED_EDGE ( 'NONE', *, *, #5210, .T. ) ;
#9618 = EDGE_CURVE ( 'NONE', #1533, #9362, #4907, .T. ) ;
#9619 = CARTESIAN_POINT ( 'NONE',  ( -8.500000000000010658, -32.39999999999999858, 3.001000000000000334 ) ) ;
#9620 = ORIENTED_EDGE ( 'NONE', *, *, #4047, .F. ) ;
#9621 = CIRCLE ( 'NONE', #10144, 1.000000000000000000 ) ;
#9622 = ORIENTED_EDGE ( 'NONE', *, *, #6843, .T. ) ;
#9623 = EDGE_CURVE ( 'NONE', #7546, #3552, #1635, .T. ) ;
#9624 = CARTESIAN_POINT ( 'NONE',  ( 38.20000000000000995, -53.40000000000000568, 3.001000000000000334 ) ) ;
#9625 = CARTESIAN_POINT ( 'NONE',  ( 56.50000000000000000, 18.45000000000000284, 3.000000000000000000 ) ) ;
#9626 = EDGE_CURVE ( 'NONE', #3267, #10145, #6628, .T. ) ;
#9627 = LINE ( 'NONE', #1310, #9425 ) ;
#9628 = ADVANCED_FACE ( 'NONE', ( #1586 ), #8456, .T. ) ;
#9629 = DIRECTION ( 'NONE',  ( 0.000000000000000000, 0.000000000000000000, 1.000000000000000000 ) ) ;
#9630 = ORIENTED_EDGE ( 'NONE', *, *, #5416, .F. ) ;
#9631 = ORIENTED_EDGE ( 'NONE', *, *, #8005, .T. ) ;
#9632 = ORIENTED_EDGE ( 'NONE', *, *, #5339, .F. ) ;
#9633 = FACE_BOUND ( 'NONE', #10399, .T. ) ;
#9634 = DIRECTION ( 'NONE',  ( 0.000000000000000000, 0.000000000000000000, 1.000000000000000000 ) ) ;
#9635 = EDGE_LOOP ( 'NONE', ( #1154, #7560, #4520, #7047 ) ) ;
#9636 = CARTESIAN_POINT ( 'NONE',  ( 56.20000000000001705, -53.40000000000000568, 3.000000000000000000 ) ) ;
#9637 = CARTESIAN_POINT ( 'NONE',  ( 44.20000000000000995, -32.39999999999999858, 3.001000000000000334 ) ) ;
#9638 = FACE_OUTER_BOUND ( 'NONE', #10890, .T. ) ;
#9639 = LINE ( 'NONE', #10300, #1326 ) ;
#9640 = AXIS2_PLACEMENT_3D ( 'NONE', #1669, #3389, #6775 ) ;
#9641 = CARTESIAN_POINT ( 'NONE',  ( 18.50000000000000000, -1.300000000000000044, -1.000000000000000000 ) ) ;
#9642 = VERTEX_POINT ( 'NONE', #3407 ) ;
#9643 = ORIENTED_EDGE ( 'NONE', *, *, #8533, .T. ) ;
#9644 = VECTOR ( 'NONE', #4177, 1000.000000000000000 ) ;
#9645 = FACE_OUTER_BOUND ( 'NONE', #1103, .T. ) ;
#9646 = PLANE ( 'NONE',  #9219 ) ;
#9647 = ORIENTED_EDGE ( 'NONE', *, *, #7107, .F. ) ;
#9648 = VERTEX_POINT ( 'NONE', #5017 ) ;
#9649 = CARTESIAN_POINT ( 'NONE',  ( 51.20000000000000284, 4.000000000000000000, 0.5000000000000000000 ) ) ;
#9650 = DIRECTION ( 'NONE',  ( 0.7071067811865388020, -9.103040692739770453E-17, -0.7071067811865562325 ) ) ;
#9651 = DIRECTION ( 'NONE',  ( 0.000000000000000000, 0.000000000000000000, 1.000000000000000000 ) ) ;
#9652 = VECTOR ( 'NONE', #3926, 1000.000000000000000 ) ;
#9653 = DIRECTION ( 'NONE',  ( -0.000000000000000000, 0.000000000000000000, -1.000000000000000000 ) ) ;
#9654 = DIRECTION ( 'NONE',  ( 0.000000000000000000, 1.000000000000000000, 0.000000000000000000 ) ) ;
#9655 = CARTESIAN_POINT ( 'NONE',  ( -2.500000000000006661, -68.40000000000000568, 3.000000000000000000 ) ) ;
#9656 = VECTOR ( 'NONE', #1151, 1000.000000000000000 ) ;
#9657 = CARTESIAN_POINT ( 'NONE',  ( 34.50000000000000000, 0.000000000000000000, -14.00000000000000000 ) ) ;
#9658 = VERTEX_POINT ( 'NONE', #7631 ) ;
#9659 = FACE_OUTER_BOUND ( 'NONE', #5936, .T. ) ;
#9660 = ORIENTED_EDGE ( 'NONE', *, *, #717, .T. ) ;
#9661 = DIRECTION ( 'NONE',  ( 1.000000000000000000, -2.209838822900395026E-16, 0.000000000000000000 ) ) ;
#9662 = LINE ( 'NONE', #1964, #5676 ) ;
#9664 = EDGE_CURVE ( 'NONE', #10908, #2186, #8342, .T. ) ;
#9663 = VECTOR ( 'NONE', #2837, 1000.000000000000000 ) ;
#9665 = PLANE ( 'NONE',  #1596 ) ;
#9666 = PLANE ( 'NONE',  #7839 ) ;
#9667 = ADVANCED_FACE ( 'NONE', ( #6737 ), #6682, .F. ) ;
#9668 = ORIENTED_EDGE ( 'NONE', *, *, #5410, .F. ) ;
#9669 = VERTEX_POINT ( 'NONE', #40 ) ;
#9670 = ORIENTED_EDGE ( 'NONE', *, *, #3847, .T. ) ;
#9671 = CARTESIAN_POINT ( 'NONE',  ( 28.50000000000000000, -2.299999999999999822, 0.000000000000000000 ) ) ;
#9672 = ORIENTED_EDGE ( 'NONE', *, *, #5538, .T. ) ;
#9673 = VERTEX_POINT ( 'NONE', #9122 ) ;
#9674 = LINE ( 'NONE', #5354, #5459 ) ;
#9675 = DIRECTION ( 'NONE',  ( 0.000000000000000000, 0.000000000000000000, -1.000000000000000000 ) ) ;
#9676 = EDGE_CURVE ( 'NONE', #8745, #3762, #5228, .T. ) ;
#9677 = CARTESIAN_POINT ( 'NONE',  ( 9.499999999999994671, -78.39999999999996305, -1.000000000000000888 ) ) ;
#9678 = EDGE_CURVE ( 'NONE', #2806, #6352, #9996, .T. ) ;
#9679 = CIRCLE ( 'NONE', #1188, 4.000000000000010658 ) ;
#9680 = CARTESIAN_POINT ( 'NONE',  ( 27.50000000000000000, 25.39999999999999858, 1.000000000000000000 ) ) ;
#9681 = ORIENTED_EDGE ( 'NONE', *, *, #6082, .F. ) ;
#9682 = EDGE_CURVE ( 'NONE', #10019, #1888, #4132, .T. ) ;
#9683 = ORIENTED_EDGE ( 'NONE', *, *, #7241, .T. ) ;
#9684 = ORIENTED_EDGE ( 'NONE', *, *, #9101, .T. ) ;
#9685 = FACE_BOUND ( 'NONE', #4956, .T. ) ;
#9686 = LINE ( 'NONE', #440, #5043 ) ;
#9687 = ORIENTED_EDGE ( 'NONE', *, *, #5538, .F. ) ;
#9688 = VECTOR ( 'NONE', #1824, 1000.000000000000000 ) ;
#9689 = DIRECTION ( 'NONE',  ( 0.000000000000000000, -0.000000000000000000, -1.000000000000000000 ) ) ;
#9690 = CARTESIAN_POINT ( 'NONE',  ( -18.50000000000000711, 39.40000000000000568, 3.000000000000000000 ) ) ;
#9691 = CARTESIAN_POINT ( 'NONE',  ( 2.500000000000000000, 2.500000000000000000, -1.000000000000000000 ) ) ;
#9692 = DIRECTION ( 'NONE',  ( -0.000000000000000000, -0.000000000000000000, -1.000000000000000000 ) ) ;
#9693 = ADVANCED_FACE ( 'NONE', ( #2117 ), #7680, .F. ) ;
#9694 = CARTESIAN_POINT ( 'NONE',  ( 9.499999999999992895, -32.39999999999999858, 1.000000000000000000 ) ) ;
#9695 = CIRCLE ( 'NONE', #9341, 2.799999999999999822 ) ;
#9696 = ORIENTED_EDGE ( 'NONE', *, *, #540, .F. ) ;
#9697 = ORIENTED_EDGE ( 'NONE', *, *, #2831, .F. ) ;
#9698 = LINE ( 'NONE', #6326, #2091 ) ;
#9699 = LINE ( 'NONE', #10524, #5322 ) ;
#9700 = AXIS2_PLACEMENT_3D ( 'NONE', #1617, #5162, #6827 ) ;
#9701 = ORIENTED_EDGE ( 'NONE', *, *, #1136, .F. ) ;
#9702 = ORIENTED_EDGE ( 'NONE', *, *, #3622, .T. ) ;
#9703 = DIRECTION ( 'NONE',  ( -1.000000000000000000, -2.356961244533720211E-16, 0.000000000000000000 ) ) ;
#9704 = DIRECTION ( 'NONE',  ( -0.000000000000000000, -0.000000000000000000, -1.000000000000000000 ) ) ;
#9705 = CARTESIAN_POINT ( 'NONE',  ( 68.20000000000001705, -53.40000000000000568, 1.000000000000000000 ) ) ;
#9706 = AXIS2_PLACEMENT_3D ( 'NONE', #4119, #10042, #8596 ) ;
#9707 = PLANE ( 'NONE',  #7666 ) ;
#9708 = VECTOR ( 'NONE', #4072, 1000.000000000000000 ) ;
#9709 = CARTESIAN_POINT ( 'NONE',  ( 58.16568877480710142, 6.949999999999999289, 0.000000000000000000 ) ) ;
#9710 = DIRECTION ( 'NONE',  ( 0.000000000000000000, 0.000000000000000000, 1.000000000000000000 ) ) ;
#9711 = CARTESIAN_POINT ( 'NONE',  ( -5.500000000000005329, -68.40000000000000568, 3.001000000000000334 ) ) ;
#9712 = VECTOR ( 'NONE', #1819, 1000.000000000000000 ) ;
#9713 = PLANE ( 'NONE',  #3087 ) ;
#9714 = ORIENTED_EDGE ( 'NONE', *, *, #1302, .T. ) ;
#9715 = DIRECTION ( 'NONE',  ( -1.000000000000000000, 0.000000000000000000, 0.000000000000000000 ) ) ;
#9716 = DIRECTION ( 'NONE',  ( 0.000000000000000000, 0.000000000000000000, -1.000000000000000000 ) ) ;
#9717 = ORIENTED_EDGE ( 'NONE', *, *, #3372, .F. ) ;
#9718 = AXIS2_PLACEMENT_3D ( 'NONE', #10928, #850, #1013 ) ;
#9719 = CARTESIAN_POINT ( 'NONE',  ( 44.20000000000000995, -17.40000000000000213, 1.000000000000000000 ) ) ;
#9720 = DIRECTION ( 'NONE',  ( 0.000000000000000000, -1.000000000000000000, 0.000000000000000000 ) ) ;
#9721 = CARTESIAN_POINT ( 'NONE',  ( 72.20000000000000284, 39.40000000000000568, 3.000000000000000000 ) ) ;
#9722 = EDGE_CURVE ( 'NONE', #9802, #4227, #3001, .T. ) ;
#9723 = CARTESIAN_POINT ( 'NONE',  ( 50.20000000000000995, -17.40000000000000213, 3.000000000000000000 ) ) ;
#9724 = VECTOR ( 'NONE', #4498, 1000.000000000000000 ) ;
#9725 = ORIENTED_EDGE ( 'NONE', *, *, #3975, .F. ) ;
#9726 = ORIENTED_EDGE ( 'NONE', *, *, #3916, .T. ) ;
#9727 = ADVANCED_FACE ( 'NONE', ( #7734 ), #10535, .F. ) ;
#9728 = ORIENTED_EDGE ( 'NONE', *, *, #10914, .F. ) ;
#9729 = AXIS2_PLACEMENT_3D ( 'NONE', #9637, #5425, #2922 ) ;
#9730 = PLANE ( 'NONE',  #519 ) ;
#9731 = ORIENTED_EDGE ( 'NONE', *, *, #338, .T. ) ;
#9732 = EDGE_LOOP ( 'NONE', ( #2943, #102, #3905, #9726 ) ) ;
#9733 = CARTESIAN_POINT ( 'NONE',  ( 35.20000000000002416, -17.40000000000000213, 3.000000000000000000 ) ) ;
#9734 = LINE ( 'NONE', #8794, #2692 ) ;
#9735 = AXIS2_PLACEMENT_3D ( 'NONE', #1248, #5343, #4625 ) ;
#9736 = CARTESIAN_POINT ( 'NONE',  ( 50.20000000000000995, -68.40000000000000568, 1.000000000000000000 ) ) ;
#9737 = ORIENTED_EDGE ( 'NONE', *, *, #1078, .T. ) ;
#9738 = EDGE_LOOP ( 'NONE', ( #9938, #1254, #3190, #3611 ) ) ;
#9739 = ORIENTED_EDGE ( 'NONE', *, *, #5795, .T. ) ;
#9740 = FACE_BOUND ( 'NONE', #4025, .T. ) ;
#9741 = CARTESIAN_POINT ( 'NONE',  ( 55.19999999999999574, 0.000000000000000000, -10.00000000000000000 ) ) ;
#9742 = EDGE_CURVE ( 'NONE', #5129, #5682, #3778, .T. ) ;
#9743 = ORIENTED_EDGE ( 'NONE', *, *, #5737, .F. ) ;
#9744 = VECTOR ( 'NONE', #5334, 1000.000000000000000 ) ;
#9745 = ADVANCED_FACE ( 'NONE', ( #5179 ), #7160, .F. ) ;
#9746 = CARTESIAN_POINT ( 'NONE',  ( 60.20000000000003126, -93.39999999999999147, -4.000000000000000000 ) ) ;
#9747 = CARTESIAN_POINT ( 'NONE',  ( -11.50000000000001066, -32.39999999999999858, 1.000000000000000000 ) ) ;
#9748 = DIRECTION ( 'NONE',  ( 1.000000000000000000, 0.000000000000000000, 0.000000000000000000 ) ) ;
#9749 = DIRECTION ( 'NONE',  ( -1.000000000000000000, 0.000000000000000000, 0.000000000000000000 ) ) ;
#9750 = AXIS2_PLACEMENT_3D ( 'NONE', #1452, #4882, #8160 ) ;
#9751 = AXIS2_PLACEMENT_3D ( 'NONE', #5159, #954, #10362 ) ;
#9752 = VERTEX_POINT ( 'NONE', #9398 ) ;
#9753 = CARTESIAN_POINT ( 'NONE',  ( 56.50000000000000000, 21.60000000000000142, 0.5000000000000000000 ) ) ;
#9754 = ORIENTED_EDGE ( 'NONE', *, *, #8951, .T. ) ;
#9755 = VERTEX_POINT ( 'NONE', #1798 ) ;
#9756 = DIRECTION ( 'NONE',  ( -1.000000000000000000, 0.000000000000000000, 0.000000000000000000 ) ) ;
#9757 = CARTESIAN_POINT ( 'NONE',  ( 34.50000000000000000, -0.2999999999999999889, -14.00000000000000000 ) ) ;
#9758 = VERTEX_POINT ( 'NONE', #9450 ) ;
#9759 = VERTEX_POINT ( 'NONE', #202 ) ;
#9760 = EDGE_CURVE ( 'NONE', #4227, #6633, #2172, .T. ) ;
#9761 = CARTESIAN_POINT ( 'NONE',  ( 51.20000000000000284, 25.39999999999999858, 1.000000000000000000 ) ) ;
#9762 = ADVANCED_FACE ( 'NONE', ( #10325 ), #3462, .F. ) ;
#9763 = DIRECTION ( 'NONE',  ( 0.000000000000000000, 0.000000000000000000, -1.000000000000000000 ) ) ;
#9764 = EDGE_CURVE ( 'NONE', #3809, #8545, #2682, .T. ) ;
#9765 = CARTESIAN_POINT ( 'NONE',  ( 47.20000000000001705, -35.39999999999999858, 3.000000000000000000 ) ) ;
#9766 = DIRECTION ( 'NONE',  ( 1.000000000000000000, -0.000000000000000000, -0.000000000000000000 ) ) ;
#9767 = EDGE_CURVE ( 'NONE', #2023, #1168, #3569, .T. ) ;
#9768 = DIRECTION ( 'NONE',  ( 0.000000000000000000, 0.000000000000000000, -1.000000000000000000 ) ) ;
#9769 = LINE ( 'NONE', #5503, #3825 ) ;
#9770 = CYLINDRICAL_SURFACE ( 'NONE', #5152, 4.000000000000003553 ) ;
#9771 = ORIENTED_EDGE ( 'NONE', *, *, #2827, .T. ) ;
#9772 = DIRECTION ( 'NONE',  ( -1.000000000000000000, 0.000000000000000000, 0.000000000000000000 ) ) ;
#9773 = DIRECTION ( 'NONE',  ( -1.084202172485503818E-16, 1.000000000000000000, 0.000000000000000000 ) ) ;
#9774 = ORIENTED_EDGE ( 'NONE', *, *, #2804, .T. ) ;
#9775 = ADVANCED_FACE ( 'NONE', ( #8620 ), #4298, .F. ) ;
#9776 = FACE_OUTER_BOUND ( 'NONE', #1364, .T. ) ;
#9777 = CARTESIAN_POINT ( 'NONE',  ( 2.500000000000039968, 27.40000000000000213, 0.5000000000000000000 ) ) ;
#9778 = DIRECTION ( 'NONE',  ( 0.000000000000000000, 1.000000000000000000, -0.000000000000000000 ) ) ;
#9779 = CIRCLE ( 'NONE', #3579, 10.36999999999999744 ) ;
#9780 = VECTOR ( 'NONE', #67, 1000.000000000000000 ) ;
#9781 = VERTEX_POINT ( 'NONE', #8565 ) ;
#9782 = ORIENTED_EDGE ( 'NONE', *, *, #4665, .T. ) ;
#9783 = ORIENTED_EDGE ( 'NONE', *, *, #6409, .T. ) ;
#9784 = DIRECTION ( 'NONE',  ( 0.000000000000000000, 6.938893903907228378E-15, 1.000000000000000000 ) ) ;
#9785 = ORIENTED_EDGE ( 'NONE', *, *, #5739, .T. ) ;
#9786 = CARTESIAN_POINT ( 'NONE',  ( 3.499999999999992895, -53.40000000000000568, 3.001000000000000334 ) ) ;
#9787 = CARTESIAN_POINT ( 'NONE',  ( 56.50000000000000000, 5.950000000000000178, 0.5000000000000000000 ) ) ;
#9788 = DIRECTION ( 'NONE',  ( 0.000000000000000000, 0.000000000000000000, -1.000000000000000000 ) ) ;
#9789 = VERTEX_POINT ( 'NONE', #8884 ) ;
#9790 = AXIS2_PLACEMENT_3D ( 'NONE', #7211, #2382, #3995 ) ;
#9791 = ORIENTED_EDGE ( 'NONE', *, *, #4921, .T. ) ;
#9792 = ORIENTED_EDGE ( 'NONE', *, *, #5125, .T. ) ;
#9793 = FACE_BOUND ( 'NONE', #1524, .T. ) ;
#9794 = LINE ( 'NONE', #9741, #10176 ) ;
#9795 = VERTEX_POINT ( 'NONE', #8045 ) ;
#9796 = LINE ( 'NONE', #7143, #669 ) ;
#9797 = CARTESIAN_POINT ( 'NONE',  ( 53.69999999999999574, 6.949999999999999289, -7.799999999999999822 ) ) ;
#9798 = VECTOR ( 'NONE', #7538, 1000.000000000000000 ) ;
#9799 = CARTESIAN_POINT ( 'NONE',  ( -0.9916459933285159956, 10.44999999999999929, -13.00000000000000000 ) ) ;
#9800 = DIRECTION ( 'NONE',  ( -1.000000000000000000, 0.000000000000000000, 0.000000000000000000 ) ) ;
#9801 = ADVANCED_FACE ( 'NONE', ( #5230 ), #461, .F. ) ;
#9802 = VERTEX_POINT ( 'NONE', #6956 ) ;
#9803 = DIRECTION ( 'NONE',  ( 1.000000000000000000, 0.000000000000000000, 0.000000000000000000 ) ) ;
#9804 = ORIENTED_EDGE ( 'NONE', *, *, #7470, .T. ) ;
#9805 = ORIENTED_EDGE ( 'NONE', *, *, #3676, .T. ) ;
#9806 = DIRECTION ( 'NONE',  ( 1.000000000000000000, -0.000000000000000000, -0.000000000000000000 ) ) ;
#9807 = CYLINDRICAL_SURFACE ( 'NONE', #1261, 4.000000000000010658 ) ;
#9808 = ORIENTED_EDGE ( 'NONE', *, *, #3636, .F. ) ;
#9809 = ORIENTED_EDGE ( 'NONE', *, *, #6614, .T. ) ;
#9810 = DIRECTION ( 'NONE',  ( 0.000000000000000000, 0.000000000000000000, 1.000000000000000000 ) ) ;
#9811 = DIRECTION ( 'NONE',  ( 0.000000000000000000, 1.000000000000000000, 0.000000000000000000 ) ) ;
#9812 = EDGE_CURVE ( 'NONE', #4461, #3840, #6017, .T. ) ;
#9813 = CARTESIAN_POINT ( 'NONE',  ( -2.500000000000009326, -50.39999999999999858, 3.000000000000000000 ) ) ;
#9814 = VECTOR ( 'NONE', #7794, 1000.000000000000000 ) ;
#9815 = LINE ( 'NONE', #5606, #8735 ) ;
#9816 = CARTESIAN_POINT ( 'NONE',  ( 3.174999999999999822, 7.400000000000000355, 1.000000000000000000 ) ) ;
#9817 = DIRECTION ( 'NONE',  ( 0.000000000000000000, -0.000000000000000000, -1.000000000000000000 ) ) ;
#9818 = EDGE_CURVE ( 'NONE', #6519, #6951, #475, .T. ) ;
#9819 = PLANE ( 'NONE',  #3204 ) ;
#9820 = ORIENTED_EDGE ( 'NONE', *, *, #4640, .F. ) ;
#9821 = ORIENTED_EDGE ( 'NONE', *, *, #9186, .F. ) ;
#9822 = CARTESIAN_POINT ( 'NONE',  ( 38.20000000000000995, -35.39999999999999858, 3.000000000000000000 ) ) ;
#9823 = CARTESIAN_POINT ( 'NONE',  ( 41.20000000000000995, -32.39999999999999858, 3.000000000000000000 ) ) ;
#9824 = VECTOR ( 'NONE', #9364, 1000.000000000000000 ) ;
#9825 = VERTEX_POINT ( 'NONE', #2737 ) ;
#9826 = DIRECTION ( 'NONE',  ( 1.000000000000000000, 0.000000000000000000, 0.000000000000000000 ) ) ;
#9827 = DIRECTION ( 'NONE',  ( -0.000000000000000000, -0.000000000000000000, -1.000000000000000000 ) ) ;
#9828 = CARTESIAN_POINT ( 'NONE',  ( 60.20000000000003126, -93.39999999999999147, -4.000000000000000000 ) ) ;
#9829 = AXIS2_PLACEMENT_3D ( 'NONE', #2535, #4259, #53 ) ;
#9830 = EDGE_CURVE ( 'NONE', #7003, #8673, #9500, .T. ) ;
#9831 = ORIENTED_EDGE ( 'NONE', *, *, #8733, .T. ) ;
#9832 = EDGE_LOOP ( 'NONE', ( #7127, #5283, #4623, #4601 ) ) ;
#9833 = ORIENTED_EDGE ( 'NONE', *, *, #7657, .F. ) ;
#9834 = CARTESIAN_POINT ( 'NONE',  ( -1.300000000000000044, 18.45000000000000284, 3.000000000000000000 ) ) ;
#9835 = ORIENTED_EDGE ( 'NONE', *, *, #9206, .F. ) ;
#9836 = CIRCLE ( 'NONE', #7534, 0.5000000000000000000 ) ;
#9837 = DIRECTION ( 'NONE',  ( 0.000000000000000000, 0.000000000000000000, 1.000000000000000000 ) ) ;
#9838 = VECTOR ( 'NONE', #760, 1000.000000000000000 ) ;
#9839 = LINE ( 'NONE', #7344, #10298 ) ;
#9840 = VECTOR ( 'NONE', #6337, 1000.000000000000000 ) ;
#9841 = CARTESIAN_POINT ( 'NONE',  ( 70.20000000000000284, -83.40000000000000568, 1.000000000000000000 ) ) ;
#9842 = EDGE_LOOP ( 'NONE', ( #4165, #3850, #1228, #10583 ) ) ;
#9843 = EDGE_LOOP ( 'NONE', ( #6841, #315, #3114, #8785 ) ) ;
#9844 = ORIENTED_EDGE ( 'NONE', *, *, #2492, .F. ) ;
#9845 = DIRECTION ( 'NONE',  ( 1.000000000000000000, 0.000000000000000000, 0.000000000000000000 ) ) ;
#9846 = DIRECTION ( 'NONE',  ( 0.000000000000000000, 0.000000000000000000, 1.000000000000000000 ) ) ;
#9847 = VERTEX_POINT ( 'NONE', #7486 ) ;
#9848 = DIRECTION ( 'NONE',  ( 0.000000000000000000, 1.000000000000000000, -0.000000000000000000 ) ) ;
#9849 = CARTESIAN_POINT ( 'NONE',  ( 27.50000000000000000, 27.83521725564219906, -0.9329137320915459330 ) ) ;
#9850 = DIRECTION ( 'NONE',  ( 0.000000000000000000, -1.000000000000000000, 0.000000000000000000 ) ) ;
#9851 = EDGE_CURVE ( 'NONE', #3739, #7727, #10903, .T. ) ;
#9852 = FACE_OUTER_BOUND ( 'NONE', #9481, .T. ) ;
#9853 = EDGE_LOOP ( 'NONE', ( #8813, #1792, #4366, #5470, #8595, #9011 ) ) ;
#9854 = CARTESIAN_POINT ( 'NONE',  ( 59.20000000000002416, -35.39999999999999858, 3.001000000000000334 ) ) ;
#9855 = ORIENTED_EDGE ( 'NONE', *, *, #3617, .F. ) ;
#9856 = ORIENTED_EDGE ( 'NONE', *, *, #3086, .F. ) ;
#9857 = AXIS2_PLACEMENT_3D ( 'NONE', #6165, #10258, #8601 ) ;
#9858 = DIRECTION ( 'NONE',  ( -4.357233220663877152E-16, -1.000000000000000000, 0.000000000000000000 ) ) ;
#9859 = EDGE_CURVE ( 'NONE', #7768, #9606, #680, .T. ) ;
#9860 = CARTESIAN_POINT ( 'NONE',  ( 19.50000000000000000, 0.000000000000000000, 1.000000000000000000 ) ) ;
#9861 = EDGE_CURVE ( 'NONE', #9271, #1265, #6552, .T. ) ;
#9862 = ORIENTED_EDGE ( 'NONE', *, *, #8537, .F. ) ;
#9863 = VERTEX_POINT ( 'NONE', #9925 ) ;
#9864 = DIRECTION ( 'NONE',  ( 0.000000000000000000, 1.000000000000000000, -0.000000000000000000 ) ) ;
#9865 = LINE ( 'NONE', #9098, #1415 ) ;
#9866 = CARTESIAN_POINT ( 'NONE',  ( 19.50000000000000000, 25.39999999999999858, 1.000000000000000000 ) ) ;
#9867 = VECTOR ( 'NONE', #2400, 1000.000000000000000 ) ;
#9868 = EDGE_CURVE ( 'NONE', #8438, #4961, #5770, .T. ) ;
#9869 = CARTESIAN_POINT ( 'NONE',  ( -11.50000000000001066, -32.39999999999999858, 1.000000000000000000 ) ) ;
#9870 = CYLINDRICAL_SURFACE ( 'NONE', #6129, 3.799999999999999822 ) ;
#9871 = LINE ( 'NONE', #5668, #473 ) ;
#9872 = EDGE_CURVE ( 'NONE', #1969, #1701, #5553, .T. ) ;
#9873 = DIRECTION ( 'NONE',  ( 0.000000000000000000, -0.000000000000000000, -1.000000000000000000 ) ) ;
#9874 = VERTEX_POINT ( 'NONE', #3053 ) ;
#9875 = FACE_BOUND ( 'NONE', #4873, .T. ) ;
#9876 = FACE_OUTER_BOUND ( 'NONE', #7491, .T. ) ;
#9877 = EDGE_LOOP ( 'NONE', ( #1780, #9974, #3863, #6301 ) ) ;
#9878 = EDGE_CURVE ( 'NONE', #6633, #9795, #1507, .T. ) ;
#9879 = VECTOR ( 'NONE', #6702, 1000.000000000000000 ) ;
#9880 = CARTESIAN_POINT ( 'NONE',  ( -3.014082039509705088E-15, 6.949999999999999289, 1.000000000000000000 ) ) ;
#9881 = ADVANCED_FACE ( 'NONE', ( #516 ), #4051, .F. ) ;
#9882 = AXIS2_PLACEMENT_3D ( 'NONE', #4029, #9179, #8349 ) ;
#9883 = LINE ( 'NONE', #529, #9044 ) ;
#9884 = FACE_OUTER_BOUND ( 'NONE', #10510, .T. ) ;
#9885 = EDGE_CURVE ( 'NONE', #2163, #4903, #10861, .T. ) ;
#9886 = AXIS2_PLACEMENT_3D ( 'NONE', #6960, #8460, #3521 ) ;
#9887 = ORIENTED_EDGE ( 'NONE', *, *, #8387, .T. ) ;
#9888 = ORIENTED_EDGE ( 'NONE', *, *, #3449, .F. ) ;
#9889 = AXIS2_PLACEMENT_3D ( 'NONE', #8451, #5174, #6065 ) ;
#9890 = VERTEX_POINT ( 'NONE', #8993 ) ;
#9891 = FACE_OUTER_BOUND ( 'NONE', #8344, .T. ) ;
#9892 = EDGE_LOOP ( 'NONE', ( #6413, #1039, #10113, #2790, #1120, #6756 ) ) ;
#9893 = DIRECTION ( 'NONE',  ( 1.084202172485503818E-16, -1.000000000000000000, 0.000000000000000000 ) ) ;
#9894 = EDGE_CURVE ( 'NONE', #3562, #3625, #7380, .T. ) ;
#9895 = DIRECTION ( 'NONE',  ( -1.000000000000000000, 0.000000000000000000, 0.000000000000000000 ) ) ;
#9896 = EDGE_CURVE ( 'NONE', #4754, #6403, #1557, .T. ) ;
#9897 = VECTOR ( 'NONE', #2775, 1000.000000000000000 ) ;
#9898 = LINE ( 'NONE', #2305, #7353 ) ;
#9899 = ORIENTED_EDGE ( 'NONE', *, *, #4917, .F. ) ;
#9900 = ORIENTED_EDGE ( 'NONE', *, *, #8396, .F. ) ;
#9901 = ORIENTED_EDGE ( 'NONE', *, *, #10918, .T. ) ;
#9902 = PLANE ( 'NONE',  #7943 ) ;
#9903 = LINE ( 'NONE', #4971, #3974 ) ;
#9904 = ORIENTED_EDGE ( 'NONE', *, *, #8576, .T. ) ;
#9905 = CARTESIAN_POINT ( 'NONE',  ( -5.500000000000009770, -32.39999999999999858, 3.001000000000000334 ) ) ;
#9906 = LINE ( 'NONE', #5701, #6127 ) ;
#9908 = EDGE_CURVE ( 'NONE', #1480, #10631, #3214, .T. ) ;
#9907 = LINE ( 'NONE', #5702, #17 ) ;
#9909 = PLANE ( 'NONE',  #10136 ) ;
#9910 = DIRECTION ( 'NONE',  ( 1.000000000000000000, 0.000000000000000000, 0.000000000000000000 ) ) ;
#9911 = ORIENTED_EDGE ( 'NONE', *, *, #10762, .T. ) ;
#9912 = CARTESIAN_POINT ( 'NONE',  ( 62.20000000000000284, -32.39999999999999858, 1.000000000000000000 ) ) ;
#9913 = ORIENTED_EDGE ( 'NONE', *, *, #10954, .F. ) ;
#9914 = VECTOR ( 'NONE', #3418, 1000.000000000000000 ) ;
#9915 = PLANE ( 'NONE',  #7226 ) ;
#9916 = DIRECTION ( 'NONE',  ( 0.000000000000000000, 0.000000000000000000, 1.000000000000000000 ) ) ;
#9917 = VERTEX_POINT ( 'NONE', #10641 ) ;
#9918 = CARTESIAN_POINT ( 'NONE',  ( 2.500000000000000000, 25.39999999999999858, 0.5000000000000000000 ) ) ;
#9919 = EDGE_CURVE ( 'NONE', #6798, #4269, #1343, .T. ) ;
#9920 = FACE_OUTER_BOUND ( 'NONE', #3409, .T. ) ;
#9921 = VECTOR ( 'NONE', #3843, 1000.000000000000000 ) ;
#9922 = VECTOR ( 'NONE', #6936, 1000.000000000000000 ) ;
#9923 = CARTESIAN_POINT ( 'NONE',  ( 58.16568877480710142, 10.44999999999999929, 1.000000000000000000 ) ) ;
#9924 = CARTESIAN_POINT ( 'NONE',  ( 38.20000000000000995, -17.40000000000000213, 1.000000000000000000 ) ) ;
#9925 = CARTESIAN_POINT ( 'NONE',  ( 34.50000000000000000, 27.90000000000000213, 0.000000000000000000 ) ) ;
#9926 = CARTESIAN_POINT ( 'NONE',  ( -2.500000000000011102, -17.40000000000000213, 1.000000000000000000 ) ) ;
#9927 = CARTESIAN_POINT ( 'NONE',  ( 57.20000000000000284, 0.000000000000000000, 0.000000000000000000 ) ) ;
#9928 = EDGE_LOOP ( 'NONE', ( #2087, #4575, #3425, #6726, #9343, #10730, #2050, #6351, #9123 ) ) ;
#9929 = EDGE_LOOP ( 'NONE', ( #5142, #1040, #8859, #8516 ) ) ;
#9930 = TOROIDAL_SURFACE ( 'NONE', #5688, 4.299999999999999822, 0.5000000000000000000 ) ;
#9931 = CARTESIAN_POINT ( 'NONE',  ( 50.20000000000000995, -35.39999999999999858, 1.000000000000000000 ) ) ;
#9932 = DIRECTION ( 'NONE',  ( -9.251858538542971828E-16, -1.000000000000000000, 0.000000000000000000 ) ) ;
#9933 = VERTEX_POINT ( 'NONE', #9816 ) ;
#9934 = CARTESIAN_POINT ( 'NONE',  ( 48.79999999999998295, -10.00000000000000888, -7.500000000000000888 ) ) ;
#9935 = CARTESIAN_POINT ( 'NONE',  ( 35.20000000000000995, -68.40000000000000568, 3.001000000000000334 ) ) ;
#9936 = CARTESIAN_POINT ( 'NONE',  ( 28.50000000000000000, 0.2000000000000000111, 0.5000000000000000000 ) ) ;
#9937 = ADVANCED_FACE ( 'NONE', ( #10027 ), #9870, .T. ) ;
#9938 = ORIENTED_EDGE ( 'NONE', *, *, #6101, .F. ) ;
#9939 = EDGE_LOOP ( 'NONE', ( #4170, #466, #9947, #3451 ) ) ;
#9940 = ORIENTED_EDGE ( 'NONE', *, *, #1232, .F. ) ;
#9941 = DIRECTION ( 'NONE',  ( -0.000000000000000000, -0.000000000000000000, -1.000000000000000000 ) ) ;
#9942 = EDGE_LOOP ( 'NONE', ( #7568, #5671, #5431, #4849, #6861, #3743 ) ) ;
#9943 = CARTESIAN_POINT ( 'NONE',  ( -5.500000000000009770, -32.39999999999999858, 1.000000000000000000 ) ) ;
#9944 = LINE ( 'NONE', #9120, #5357 ) ;
#9945 = AXIS2_PLACEMENT_3D ( 'NONE', #865, #2514, #4347 ) ;
#9946 = DIRECTION ( 'NONE',  ( -0.000000000000000000, -0.000000000000000000, -1.000000000000000000 ) ) ;
#9947 = ORIENTED_EDGE ( 'NONE', *, *, #3993, .T. ) ;
#9948 = EDGE_CURVE ( 'NONE', #1700, #9415, #118, .T. ) ;
#9949 = VERTEX_POINT ( 'NONE', #9971 ) ;
#9950 = FACE_OUTER_BOUND ( 'NONE', #6300, .T. ) ;
#9951 = EDGE_CURVE ( 'NONE', #2591, #10630, #734, .T. ) ;
#9952 = CARTESIAN_POINT ( 'NONE',  ( 56.20000000000001705, -53.40000000000000568, 3.000000000000000000 ) ) ;
#9953 = AXIS2_PLACEMENT_3D ( 'NONE', #5851, #10052, #8341 ) ;
#9954 = ORIENTED_EDGE ( 'NONE', *, *, #178, .T. ) ;
#9955 = PLANE ( 'NONE',  #7400 ) ;
#9956 = DIRECTION ( 'NONE',  ( 1.000000000000000000, 0.000000000000000000, 0.000000000000000000 ) ) ;
#9957 = CARTESIAN_POINT ( 'NONE',  ( 72.20000000000000284, -83.40000000000000568, -3.000000000000027089 ) ) ;
#9958 = CARTESIAN_POINT ( 'NONE',  ( 0.000000000000000000, 27.40000000000000213, 0.5000000000000000000 ) ) ;
#9959 = AXIS2_PLACEMENT_3D ( 'NONE', #8671, #1301, #421 ) ;
#9960 = LINE ( 'NONE', #6640, #10347 ) ;
#9961 = VERTEX_POINT ( 'NONE', #3941 ) ;
#9962 = EDGE_CURVE ( 'NONE', #6402, #7612, #10893, .T. ) ;
#9963 = VERTEX_POINT ( 'NONE', #5719 ) ;
#9964 = CARTESIAN_POINT ( 'NONE',  ( 0.4999999999999917843, -35.39999999999999858, 1.000000000000000000 ) ) ;
#9965 = DIRECTION ( 'NONE',  ( 1.000000000000000000, 0.000000000000000000, 0.000000000000000000 ) ) ;
#9966 = VERTEX_POINT ( 'NONE', #9102 ) ;
#9967 = FACE_OUTER_BOUND ( 'NONE', #6323, .T. ) ;
#9968 = CARTESIAN_POINT ( 'NONE',  ( -15.50000000000000711, 39.40000000000000568, 1.000000000000000000 ) ) ;
#9969 = DIRECTION ( 'NONE',  ( 0.000000000000000000, 0.000000000000000000, -1.000000000000000000 ) ) ;
#9970 = PLANE ( 'NONE',  #6441 ) ;
#9971 = CARTESIAN_POINT ( 'NONE',  ( -5.500000000000009770, -32.39999999999999858, 3.000000000000000000 ) ) ;
#9972 = LINE ( 'NONE', #9103, #1180 ) ;
#9973 = LINE ( 'NONE', #2436, #9582 ) ;
#9974 = ORIENTED_EDGE ( 'NONE', *, *, #5061, .T. ) ;
#9975 = ORIENTED_EDGE ( 'NONE', *, *, #772, .F. ) ;
#9976 = FACE_BOUND ( 'NONE', #10682, .T. ) ;
#9977 = DIRECTION ( 'NONE',  ( -1.000000000000000000, 0.000000000000000000, 0.000000000000000000 ) ) ;
#9978 = ORIENTED_EDGE ( 'NONE', *, *, #6721, .T. ) ;
#9979 = DIRECTION ( 'NONE',  ( -1.000000000000000000, -1.219727444046193967E-16, 0.000000000000000000 ) ) ;
#9980 = DIRECTION ( 'NONE',  ( 0.000000000000000000, 0.000000000000000000, 1.000000000000000000 ) ) ;
#9981 = CARTESIAN_POINT ( 'NONE',  ( -13.50000000000000711, 24.40000000000000568, 1.000000000000000000 ) ) ;
#9982 = EDGE_CURVE ( 'NONE', #5062, #4683, #4884, .T. ) ;
#9983 = ORIENTED_EDGE ( 'NONE', *, *, #10715, .T. ) ;
#9984 = VECTOR ( 'NONE', #4946, 1000.000000000000000 ) ;
#9985 = DIRECTION ( 'NONE',  ( 4.357233220663877152E-16, 1.000000000000000000, 0.000000000000000000 ) ) ;
#9986 = EDGE_LOOP ( 'NONE', ( #1174, #3852, #1131, #8742 ) ) ;
#9987 = DIRECTION ( 'NONE',  ( -1.000000000000000000, 0.000000000000000000, 0.000000000000000000 ) ) ;
#9988 = AXIS2_PLACEMENT_3D ( 'NONE', #3781, #2942, #8047 ) ;
#9989 = ORIENTED_EDGE ( 'NONE', *, *, #6651, .F. ) ;
#9990 = EDGE_CURVE ( 'NONE', #5105, #4058, #1347, .T. ) ;
#9991 = DIRECTION ( 'NONE',  ( 0.000000000000000000, -1.000000000000000000, 0.000000000000000000 ) ) ;
#9992 = EDGE_CURVE ( 'NONE', #10895, #8757, #2546, .T. ) ;
#9993 = CARTESIAN_POINT ( 'NONE',  ( -15.50000000000000711, -83.40000000000000568, 1.000000000000000000 ) ) ;
#9994 = VECTOR ( 'NONE', #10025, 1000.000000000000000 ) ;
#9995 = ADVANCED_FACE ( 'NONE', ( #9427, #1003 ), #18, .F. ) ;
#9996 = LINE ( 'NONE', #10166, #9838 ) ;
#9997 = EDGE_LOOP ( 'NONE', ( #7742, #8419, #7406, #537 ) ) ;
#9998 = ORIENTED_EDGE ( 'NONE', *, *, #5412, .T. ) ;
#9999 = CARTESIAN_POINT ( 'NONE',  ( 62.20000000000000995, -35.39999999999999858, 1.000000000000000000 ) ) ;
#10000 = LINE ( 'NONE', #8346, #265 ) ;
#10001 = ORIENTED_EDGE ( 'NONE', *, *, #5410, .T. ) ;
#10002 = EDGE_CURVE ( 'NONE', #9376, #4981, #5878, .T. ) ;
#10003 = CARTESIAN_POINT ( 'NONE',  ( 56.20000000000000995, -32.39999999999999858, 3.001000000000000334 ) ) ;
#10004 = CARTESIAN_POINT ( 'NONE',  ( 53.20000000000001705, -17.40000000000000213, 3.000000000000000000 ) ) ;
#10005 = EDGE_CURVE ( 'NONE', #1169, #4504, #3381, .T. ) ;
#10006 = DIRECTION ( 'NONE',  ( 1.000000000000000000, 0.000000000000000000, 0.000000000000000000 ) ) ;
#10007 = ADVANCED_FACE ( 'NONE', ( #10141 ), #3326, .F. ) ;
#10008 = AXIS2_PLACEMENT_3D ( 'NONE', #7994, #10698, #577 ) ;
#10009 = EDGE_CURVE ( 'NONE', #124, #8745, #6713, .T. ) ;
#10010 = DIRECTION ( 'NONE',  ( 0.000000000000000000, 1.000000000000000000, 0.000000000000000000 ) ) ;
#10011 = VECTOR ( 'NONE', #6932, 1000.000000000000000 ) ;
#10012 = CARTESIAN_POINT ( 'NONE',  ( 3.499999999999992895, -53.40000000000000568, 3.000000000000000000 ) ) ;
#10013 = VERTEX_POINT ( 'NONE', #1662 ) ;
#10014 = EDGE_CURVE ( 'NONE', #8763, #8875, #10084, .T. ) ;
#10015 = ORIENTED_EDGE ( 'NONE', *, *, #10105, .F. ) ;
#10016 = ORIENTED_EDGE ( 'NONE', *, *, #7364, .F. ) ;
#10017 = DIRECTION ( 'NONE',  ( 1.000000000000000000, -2.209838822900395026E-16, 0.000000000000000000 ) ) ;
#10018 = DIRECTION ( 'NONE',  ( 0.000000000000000000, -1.000000000000000000, 0.000000000000000000 ) ) ;
#10019 = VERTEX_POINT ( 'NONE', #5826 ) ;
#10020 = DIRECTION ( 'NONE',  ( 1.000000000000000000, 0.000000000000000000, 0.000000000000000000 ) ) ;
#10021 = DIRECTION ( 'NONE',  ( 0.000000000000000000, -0.000000000000000000, 1.000000000000000000 ) ) ;
#10022 = EDGE_CURVE ( 'NONE', #10118, #8008, #71, .T. ) ;
#10023 = CARTESIAN_POINT ( 'NONE',  ( 51.20000000000000284, 25.89999999999999858, 0.5000000000000000000 ) ) ;
#10024 = ADVANCED_FACE ( 'NONE', ( #9314 ), #951, .F. ) ;
#10025 = DIRECTION ( 'NONE',  ( 0.000000000000000000, 1.000000000000000000, 0.000000000000000000 ) ) ;
#10026 = AXIS2_PLACEMENT_3D ( 'NONE', #8750, #7754, #8693 ) ;
#10027 = FACE_OUTER_BOUND ( 'NONE', #6244, .T. ) ;
#10028 = DIRECTION ( 'NONE',  ( 1.000000000000000000, 1.084202172485503941E-16, 0.000000000000000000 ) ) ;
#10029 = FACE_OUTER_BOUND ( 'NONE', #3587, .T. ) ;
#10030 = EDGE_LOOP ( 'NONE', ( #3470, #5415, #3738, #5801 ) ) ;
#10031 = ORIENTED_EDGE ( 'NONE', *, *, #9130, .T. ) ;
#10032 = LINE ( 'NONE', #8377, #3683 ) ;
#10033 = DIRECTION ( 'NONE',  ( 0.000000000000000000, 0.000000000000000000, -1.000000000000000000 ) ) ;
#10034 = EDGE_LOOP ( 'NONE', ( #8513, #4577, #10070, #6609 ) ) ;
#10035 = DIRECTION ( 'NONE',  ( -1.000000000000000000, -4.336808689942015271E-16, 0.000000000000000000 ) ) ;
#10036 = AXIS2_PLACEMENT_3D ( 'NONE', #2921, #8140, #9689 ) ;
#10037 = CIRCLE ( 'NONE', #10576, 0.5000000000000000000 ) ;
#10038 = EDGE_CURVE ( 'NONE', #480, #7126, #2493, .T. ) ;
#10039 = LINE ( 'NONE', #852, #9215 ) ;
#10040 = LINE ( 'NONE', #1677, #601 ) ;
#10041 = ORIENTED_EDGE ( 'NONE', *, *, #5888, .T. ) ;
#10042 = DIRECTION ( 'NONE',  ( 0.000000000000000000, -1.000000000000000000, 0.000000000000000000 ) ) ;
#10043 = CONICAL_SURFACE ( 'NONE', #5982, 0.9999999999999974465, 1.029744258676652535 ) ;
#10044 = DIRECTION ( 'NONE',  ( 0.000000000000000000, 1.000000000000000000, 0.000000000000000000 ) ) ;
#10045 = ORIENTED_EDGE ( 'NONE', *, *, #9494, .F. ) ;
#10046 = CARTESIAN_POINT ( 'NONE',  ( 71.20000000000001705, -94.39999999999999147, 1.000000000000000000 ) ) ;
#10047 = ORIENTED_EDGE ( 'NONE', *, *, #4978, .F. ) ;
#10048 = VECTOR ( 'NONE', #1512, 1000.000000000000000 ) ;
#10049 = FACE_OUTER_BOUND ( 'NONE', #8154, .T. ) ;
#10050 = EDGE_CURVE ( 'NONE', #5789, #3575, #8488, .T. ) ;
#10051 = DIRECTION ( 'NONE',  ( 0.000000000000000000, 1.000000000000000000, 0.000000000000000000 ) ) ;
#10052 = DIRECTION ( 'NONE',  ( 0.000000000000000000, -1.156482317317869950E-15, 1.000000000000000000 ) ) ;
#10053 = UNCERTAINTY_MEASURE_WITH_UNIT (LENGTH_MEASURE( 1.000000000000000082E-05 ), #8542, 'distance_accuracy_value', 'NONE');
#10054 = AXIS2_PLACEMENT_3D ( 'NONE', #9786, #431, #6196 ) ;
#10055 = CARTESIAN_POINT ( 'NONE',  ( 35.50000000000000000, -1.800000000000000044, 1.000000000000000000 ) ) ;
#10056 = EDGE_LOOP ( 'NONE', ( #260, #7293, #6429, #8475 ) ) ;
#10057 = ORIENTED_EDGE ( 'NONE', *, *, #2378, .F. ) ;
#10058 = VERTEX_POINT ( 'NONE', #3488 ) ;
#10059 = DIRECTION ( 'NONE',  ( -1.000000000000000000, 0.000000000000000000, 0.000000000000000000 ) ) ;
#10060 = LINE ( 'NONE', #3358, #6460 ) ;
#10061 = ORIENTED_EDGE ( 'NONE', *, *, #7133, .T. ) ;
#10062 = VECTOR ( 'NONE', #764, 1000.000000000000000 ) ;
#10063 = VERTEX_POINT ( 'NONE', #4276 ) ;
#10064 = CARTESIAN_POINT ( 'NONE',  ( 57.20000000000000284, 17.44999999999999929, 0.000000000000000000 ) ) ;
#10065 = LINE ( 'NONE', #880, #5057 ) ;
#10066 = CIRCLE ( 'NONE', #9718, 4.299999999999998046 ) ;
#10067 = CARTESIAN_POINT ( 'NONE',  ( 68.20000000000001705, -50.39999999999999858, 1.000000000000000000 ) ) ;
#10068 = DIRECTION ( 'NONE',  ( 0.000000000000000000, 1.000000000000000000, 0.000000000000000000 ) ) ;
#10069 = DIRECTION ( 'NONE',  ( 0.000000000000000000, 0.000000000000000000, 1.000000000000000000 ) ) ;
#10070 = ORIENTED_EDGE ( 'NONE', *, *, #1366, .F. ) ;
#10071 = EDGE_LOOP ( 'NONE', ( #7736, #10364, #1361, #8833 ) ) ;
#10072 = VERTEX_POINT ( 'NONE', #10195 ) ;
#10073 = EDGE_CURVE ( 'NONE', #9366, #9105, #7655, .T. ) ;
#10074 = DIRECTION ( 'NONE',  ( 0.000000000000000000, -1.000000000000000000, 0.000000000000000000 ) ) ;
#10075 = PLANE ( 'NONE',  #3198 ) ;
#10076 = ORIENTED_EDGE ( 'NONE', *, *, #10692, .T. ) ;
#10077 = VECTOR ( 'NONE', #6495, 1000.000000000000000 ) ;
#10078 = CARTESIAN_POINT ( 'NONE',  ( -14.50000000000000533, 35.39999999999999858, 1.000000000000000000 ) ) ;
#10079 = DIRECTION ( 'NONE',  ( -0.7071067811865562325, 0.000000000000000000, -0.7071067811865388020 ) ) ;
#10080 = CARTESIAN_POINT ( 'NONE',  ( 19.50000000000000000, 9.020562075079398469E-15, -7.799999999999999822 ) ) ;
#10081 = EDGE_CURVE ( 'NONE', #9105, #8514, #2602, .T. ) ;
#10082 = DIRECTION ( 'NONE',  ( 0.000000000000000000, 0.000000000000000000, 1.000000000000000000 ) ) ;
#10083 = VECTOR ( 'NONE', #5864, 1000.000000000000000 ) ;
#10084 = LINE ( 'NONE', #9258, #10011 ) ;
#10085 = PLANE ( 'NONE',  #9316 ) ;
#10086 = EDGE_CURVE ( 'NONE', #8120, #1329, #4326, .T. ) ;
#10087 = DIRECTION ( 'NONE',  ( 0.000000000000000000, -1.000000000000000000, 0.000000000000000000 ) ) ;
#10088 = ORIENTED_EDGE ( 'NONE', *, *, #5932, .F. ) ;
#10089 = ORIENTED_EDGE ( 'NONE', *, *, #4303, .T. ) ;
#10090 = ADVANCED_FACE ( 'NONE', ( #7707 ), #121, .F. ) ;
#10091 = CYLINDRICAL_SURFACE ( 'NONE', #9700, 4.000000000000010658 ) ;
#10092 = CARTESIAN_POINT ( 'NONE',  ( 0.000000000000000000, 17.44999999999999929, -14.00000000000000000 ) ) ;
#10093 = EDGE_CURVE ( 'NONE', #2751, #2591, #1940, .T. ) ;
#10094 = ORIENTED_EDGE ( 'NONE', *, *, #1148, .T. ) ;
#10095 = DIRECTION ( 'NONE',  ( 0.000000000000000000, 0.000000000000000000, 1.000000000000000000 ) ) ;
#10096 = VECTOR ( 'NONE', #513, 1000.000000000000000 ) ;
#10097 = VECTOR ( 'NONE', #8761, 1000.000000000000000 ) ;
#10098 = PLANE ( 'NONE',  #2841 ) ;
#10099 = EDGE_CURVE ( 'NONE', #10227, #3398, #5485, .T. ) ;
#10100 = LINE ( 'NONE', #2670, #10314 ) ;
#10101 = CIRCLE ( 'NONE', #4265, 3.000000000000002665 ) ;
#10102 = ORIENTED_EDGE ( 'NONE', *, *, #8872, .T. ) ;
#10103 = LINE ( 'NONE', #8334, #3977 ) ;
#10104 = ORIENTED_EDGE ( 'NONE', *, *, #8933, .T. ) ;
#10105 = EDGE_CURVE ( 'NONE', #4002, #10679, #10519, .T. ) ;
#10106 = DIRECTION ( 'NONE',  ( -1.000000000000000000, -0.000000000000000000, -0.000000000000000000 ) ) ;
#10107 = ORIENTED_EDGE ( 'NONE', *, *, #9516, .T. ) ;
#10108 = FACE_OUTER_BOUND ( 'NONE', #1412, .T. ) ;
#10109 = CARTESIAN_POINT ( 'NONE',  ( 0.000000000000000000, 6.949999999999999289, 1.000000000000000000 ) ) ;
#10110 = CARTESIAN_POINT ( 'NONE',  ( -5.500000000000009770, -17.40000000000000213, 1.000000000000000000 ) ) ;
#10111 = ADVANCED_FACE ( 'NONE', ( #1115 ), #1991, .F. ) ;
#10112 = LINE ( 'NONE', #10888, #464 ) ;
#10113 = ORIENTED_EDGE ( 'NONE', *, *, #2870, .T. ) ;
#10114 = ORIENTED_EDGE ( 'NONE', *, *, #540, .T. ) ;
#10115 = EDGE_LOOP ( 'NONE', ( #369, #8636, #4043, #36 ) ) ;
#10116 = PLANE ( 'NONE',  #9359 ) ;
#10117 = CARTESIAN_POINT ( 'NONE',  ( 27.50000000000000000, 24.40000000000000213, 0.000000000000000000 ) ) ;
#10118 = VERTEX_POINT ( 'NONE', #10413 ) ;
#10119 = ORIENTED_EDGE ( 'NONE', *, *, #10381, .T. ) ;
#10120 = LINE ( 'NONE', #10003, #4388 ) ;
#10121 = DIRECTION ( 'NONE',  ( 0.000000000000000000, 0.000000000000000000, 1.000000000000000000 ) ) ;
#10122 = CARTESIAN_POINT ( 'NONE',  ( 59.20000000000000995, -68.40000000000000568, 3.000000000000000000 ) ) ;
#10123 = FACE_OUTER_BOUND ( 'NONE', #1317, .T. ) ;
#10124 = CYLINDRICAL_SURFACE ( 'NONE', #9829, 5.299999999999998934 ) ;
#10125 = ORIENTED_EDGE ( 'NONE', *, *, #10150, .F. ) ;
#10126 = CIRCLE ( 'NONE', #5885, 1.000000000000000888 ) ;
#10127 = AXIS2_PLACEMENT_3D ( 'NONE', #4048, #7431, #8935 ) ;
#10128 = ORIENTED_EDGE ( 'NONE', *, *, #1136, .T. ) ;
#10129 = VERTEX_POINT ( 'NONE', #9641 ) ;
#10130 = LINE ( 'NONE', #724, #2265 ) ;
#10131 = CARTESIAN_POINT ( 'NONE',  ( 35.50000000000000000, 25.89999999999999858, -1.000000000000000000 ) ) ;
#10132 = EDGE_LOOP ( 'NONE', ( #7072, #919, #10199, #7804 ) ) ;
#10133 = DIRECTION ( 'NONE',  ( -0.000000000000000000, -0.000000000000000000, -1.000000000000000000 ) ) ;
#10134 = EDGE_CURVE ( 'NONE', #1244, #9464, #1276, .T. ) ;
#10135 = FACE_OUTER_BOUND ( 'NONE', #712, .T. ) ;
#10136 = AXIS2_PLACEMENT_3D ( 'NONE', #5807, #2318, #5755 ) ;
#10137 = VECTOR ( 'NONE', #10942, 1000.000000000000000 ) ;
#10138 = EDGE_CURVE ( 'NONE', #6088, #4958, #8811, .T. ) ;
#10139 = CARTESIAN_POINT ( 'NONE',  ( -0.2000000000000187461, -10.00000000000000888, -7.500000000000000888 ) ) ;
#10140 = LINE ( 'NONE', #6656, #250 ) ;
#10141 = FACE_OUTER_BOUND ( 'NONE', #1806, .T. ) ;
#10142 = DIRECTION ( 'NONE',  ( 0.000000000000000000, -1.000000000000000000, 0.000000000000000000 ) ) ;
#10143 = CARTESIAN_POINT ( 'NONE',  ( 62.20000000000000284, -17.40000000000000213, 1.000000000000000000 ) ) ;
#10144 = AXIS2_PLACEMENT_3D ( 'NONE', #9709, #9549, #7941 ) ;
#10145 = VERTEX_POINT ( 'NONE', #5429 ) ;
#10146 = ORIENTED_EDGE ( 'NONE', *, *, #10369, .T. ) ;
#10147 = FACE_OUTER_BOUND ( 'NONE', #7676, .T. ) ;
#10148 = FACE_OUTER_BOUND ( 'NONE', #7308, .T. ) ;
#10149 = ORIENTED_EDGE ( 'NONE', *, *, #8434, .T. ) ;
#10150 = EDGE_CURVE ( 'NONE', #7190, #1721, #8969, .T. ) ;
#10151 = FACE_OUTER_BOUND ( 'NONE', #4178, .T. ) ;
#10152 = EDGE_CURVE ( 'NONE', #8663, #287, #2713, .T. ) ;
#10153 = DIRECTION ( 'NONE',  ( 0.000000000000000000, 0.7071067811865524577, -0.7071067811865425767 ) ) ;
#10154 = CARTESIAN_POINT ( 'NONE',  ( 9.499999999999992895, -50.39999999999999858, 3.000000000000000000 ) ) ;
#10155 = EDGE_CURVE ( 'NONE', #10634, #6987, #4543, .T. ) ;
#10156 = ORIENTED_EDGE ( 'NONE', *, *, #3323, .F. ) ;
#10157 = LINE ( 'NONE', #7555, #1675 ) ;
#10158 = ORIENTED_EDGE ( 'NONE', *, *, #1394, .F. ) ;
#10159 = CARTESIAN_POINT ( 'NONE',  ( -15.50000000000000711, 39.40000000000000568, 3.000000000000000000 ) ) ;
#10160 = VERTEX_POINT ( 'NONE', #6215 ) ;
#10161 = PLANE ( 'NONE',  #1745 ) ;
#10162 = DIRECTION ( 'NONE',  ( 0.000000000000000000, 0.000000000000000000, 1.000000000000000000 ) ) ;
#10163 = ADVANCED_FACE ( 'NONE', ( #2766 ), #285, .F. ) ;
#10164 = DIRECTION ( 'NONE',  ( 0.000000000000000000, 0.000000000000000000, -1.000000000000000000 ) ) ;
#10165 = VECTOR ( 'NONE', #848, 1000.000000000000000 ) ;
#10166 = CARTESIAN_POINT ( 'NONE',  ( -18.49999999999998934, -98.40000000000000568, 1.000000000000000000 ) ) ;
#10167 = ORIENTED_EDGE ( 'NONE', *, *, #3144, .T. ) ;
#10168 = EDGE_LOOP ( 'NONE', ( #10210, #5080, #7201, #248, #10173, #2438 ) ) ;
#10169 = ORIENTED_EDGE ( 'NONE', *, *, #5995, .F. ) ;
#10170 = FACE_OUTER_BOUND ( 'NONE', #5627, .T. ) ;
#10171 = LINE ( 'NONE', #7846, #9814 ) ;
#10172 = ORIENTED_EDGE ( 'NONE', *, *, #9516, .F. ) ;
#10173 = ORIENTED_EDGE ( 'NONE', *, *, #4112, .T. ) ;
#10174 = DIRECTION ( 'NONE',  ( 0.000000000000000000, 0.000000000000000000, 1.000000000000000000 ) ) ;
#10175 = FACE_OUTER_BOUND ( 'NONE', #1695, .T. ) ;
#10176 = VECTOR ( 'NONE', #6477, 1000.000000000000000 ) ;
#10177 = AXIS2_PLACEMENT_3D ( 'NONE', #10411, #8753, #2817 ) ;
#10178 = DIRECTION ( 'NONE',  ( -0.000000000000000000, -0.000000000000000000, -1.000000000000000000 ) ) ;
#10179 = DIRECTION ( 'NONE',  ( 0.000000000000000000, 0.000000000000000000, 1.000000000000000000 ) ) ;
#10180 = CARTESIAN_POINT ( 'NONE',  ( 3.499999999999992895, -53.40000000000000568, 3.001000000000000334 ) ) ;
#10181 = ORIENTED_EDGE ( 'NONE', *, *, #8472, .F. ) ;
#10182 = VECTOR ( 'NONE', #7567, 1000.000000000000000 ) ;
#10183 = ORIENTED_EDGE ( 'NONE', *, *, #8719, .F. ) ;
#10184 = ORIENTED_EDGE ( 'NONE', *, *, #3276, .F. ) ;
#10185 = CARTESIAN_POINT ( 'NONE',  ( 50.20000000000000995, -35.39999999999999858, 3.000000000000000000 ) ) ;
#10186 = PLANE ( 'NONE',  #4513 ) ;
#10187 = ORIENTED_EDGE ( 'NONE', *, *, #7893, .F. ) ;
#10188 = DIRECTION ( 'NONE',  ( 9.251858538542971828E-16, 1.000000000000000000, -0.000000000000000000 ) ) ;
#10189 = VECTOR ( 'NONE', #2616, 1000.000000000000000 ) ;
#10190 = CARTESIAN_POINT ( 'NONE',  ( 19.50000000000000000, -0.2999999999999999889, -13.00000000000000000 ) ) ;
#10191 = EDGE_CURVE ( 'NONE', #5222, #7365, #7926, .T. ) ;
#10192 = VECTOR ( 'NONE', #5667, 1000.000000000000000 ) ;
#10193 = CARTESIAN_POINT ( 'NONE',  ( 18.50000000000000000, -0.2999999999999999889, -1.000000000000000000 ) ) ;
#10194 = CARTESIAN_POINT ( 'NONE',  ( -1.811109227115474951, 10.44999999999999929, -13.00000000000000000 ) ) ;
#10195 = CARTESIAN_POINT ( 'NONE',  ( -15.50000000000000711, 24.40000000000000568, 1.000000000000000000 ) ) ;
#10196 = EDGE_CURVE ( 'NONE', #10679, #9344, #1222, .T. ) ;
#10197 = VERTEX_POINT ( 'NONE', #3707 ) ;
#10198 = DIRECTION ( 'NONE',  ( 1.000000000000000000, 0.000000000000000000, 0.000000000000000000 ) ) ;
#10199 = ORIENTED_EDGE ( 'NONE', *, *, #3596, .T. ) ;
#10200 = ORIENTED_EDGE ( 'NONE', *, *, #629, .F. ) ;
#10201 = CARTESIAN_POINT ( 'NONE',  ( 50.79999999999998295, -76.00000000000001421, 0.4999999999999995559 ) ) ;
#10202 = PLANE ( 'NONE',  #2031 ) ;
#10203 = LINE ( 'NONE', #10259, #8128 ) ;
#10204 = VECTOR ( 'NONE', #9704, 1000.000000000000000 ) ;
#10205 = DIRECTION ( 'NONE',  ( 0.000000000000000000, 0.000000000000000000, 1.000000000000000000 ) ) ;
#10206 = FACE_OUTER_BOUND ( 'NONE', #5120, .T. ) ;
#10207 = LINE ( 'NONE', #3502, #5944 ) ;
#10208 = VERTEX_POINT ( 'NONE', #448 ) ;
#10209 = EDGE_CURVE ( 'NONE', #5526, #4300, #4654, .T. ) ;
#10210 = ORIENTED_EDGE ( 'NONE', *, *, #7611, .F. ) ;
#10211 = VERTEX_POINT ( 'NONE', #4599 ) ;
#10213 = EDGE_CURVE ( 'NONE', #6376, #3096, #10467, .T. ) ;
#10212 = AXIS2_PLACEMENT_3D ( 'NONE', #946, #7921, #3542 ) ;
#10214 = LINE ( 'NONE', #3346, #3855 ) ;
#10215 = VERTEX_POINT ( 'NONE', #3655 ) ;
#10216 = LINE ( 'NONE', #6126, #5992 ) ;
#10217 = CARTESIAN_POINT ( 'NONE',  ( 2.799999999999984723, -10.00000000000000888, -7.500000000000000888 ) ) ;
#10218 = FACE_OUTER_BOUND ( 'NONE', #3813, .T. ) ;
#10219 = AXIS2_PLACEMENT_3D ( 'NONE', #10318, #4179, #5953 ) ;
#10220 = DIRECTION ( 'NONE',  ( 1.000000000000000000, 0.000000000000000000, 0.000000000000000000 ) ) ;
#10221 = ORIENTED_EDGE ( 'NONE', *, *, #4947, .F. ) ;
#10222 = ORIENTED_EDGE ( 'NONE', *, *, #560, .F. ) ;
#10223 = VECTOR ( 'NONE', #9106, 1000.000000000000000 ) ;
#10224 = VERTEX_POINT ( 'NONE', #7817 ) ;
#10225 = DIRECTION ( 'NONE',  ( 1.000000000000000000, 0.000000000000000000, 0.000000000000000000 ) ) ;
#10226 = CARTESIAN_POINT ( 'NONE',  ( 12.49999999999999289, -18.90000000000003411, 3.000000000000000000 ) ) ;
#10227 = VERTEX_POINT ( 'NONE', #9694 ) ;
#10228 = ORIENTED_EDGE ( 'NONE', *, *, #3596, .F. ) ;
#10229 = EDGE_CURVE ( 'NONE', #10541, #4133, #8030, .T. ) ;
#10230 = DIRECTION ( 'NONE',  ( 0.000000000000000000, 0.000000000000000000, 1.000000000000000000 ) ) ;
#10231 = DIRECTION ( 'NONE',  ( 0.000000000000000000, 0.000000000000000000, 1.000000000000000000 ) ) ;
#10232 = EDGE_CURVE ( 'NONE', #5517, #7932, #6104, .T. ) ;
#10233 = VECTOR ( 'NONE', #834, 1000.000000000000000 ) ;
#10234 = AXIS2_PLACEMENT_3D ( 'NONE', #5464, #1365, #2027 ) ;
#10235 = CARTESIAN_POINT ( 'NONE',  ( 35.20000000000000995, -68.40000000000000568, 1.000000000000000000 ) ) ;
#10236 = ORIENTED_EDGE ( 'NONE', *, *, #2286, .F. ) ;
#10237 = CIRCLE ( 'NONE', #866, 1.000000000000000000 ) ;
#10238 = ORIENTED_EDGE ( 'NONE', *, *, #8233, .T. ) ;
#10239 = ORIENTED_EDGE ( 'NONE', *, *, #359, .F. ) ;
#10240 = DIRECTION ( 'NONE',  ( 1.000000000000000000, 0.000000000000000000, 0.000000000000000000 ) ) ;
#10241 = CARTESIAN_POINT ( 'NONE',  ( 62.20000000000000995, -50.39999999999999858, 3.001000000000000334 ) ) ;
#10242 = AXIS2_PLACEMENT_3D ( 'NONE', #7389, #3063, #9826 ) ;
#10243 = EDGE_LOOP ( 'NONE', ( #3178, #8634, #5081, #8904 ) ) ;
#10244 = EDGE_CURVE ( 'NONE', #4314, #7289, #6158, .T. ) ;
#10245 = CARTESIAN_POINT ( 'NONE',  ( 68.20000000000001705, -17.40000000000000213, 1.000000000000000000 ) ) ;
#10246 = DIRECTION ( 'NONE',  ( 1.000000000000000000, 0.000000000000000000, 0.000000000000000000 ) ) ;
#10247 = DIRECTION ( 'NONE',  ( -0.000000000000000000, -0.000000000000000000, -1.000000000000000000 ) ) ;
#10248 = VECTOR ( 'NONE', #6166, 1000.000000000000000 ) ;
#10249 = CARTESIAN_POINT ( 'NONE',  ( 65.20000000000001705, -53.40000000000000568, 3.001000000000000334 ) ) ;
#10250 = CARTESIAN_POINT ( 'NONE',  ( 0.000000000000000000, -3.299999999999999822, 0.000000000000000000 ) ) ;
#10251 = VERTEX_POINT ( 'NONE', #9753 ) ;
#10252 = VECTOR ( 'NONE', #838, 1000.000000000000000 ) ;
#10253 = SURFACE_STYLE_FILL_AREA ( #2604 ) ;
#10254 = DIRECTION ( 'NONE',  ( 1.000000000000000000, 1.505836350674309769E-16, 0.000000000000000000 ) ) ;
#10255 = ORIENTED_EDGE ( 'NONE', *, *, #9990, .T. ) ;
#10256 = ORIENTED_EDGE ( 'NONE', *, *, #6168, .T. ) ;
#10257 = LINE ( 'NONE', #77, #9167 ) ;
#10258 = DIRECTION ( 'NONE',  ( 1.000000000000000000, 0.000000000000000000, -0.000000000000000000 ) ) ;
#10259 = CARTESIAN_POINT ( 'NONE',  ( 3.499999999999991118, -50.39999999999999858, 3.000000000000000000 ) ) ;
#10260 = VECTOR ( 'NONE', #2205, 1000.000000000000000 ) ;
#10261 = DIRECTION ( 'NONE',  ( -0.000000000000000000, -0.000000000000000000, -1.000000000000000000 ) ) ;
#10262 = CARTESIAN_POINT ( 'NONE',  ( 3.499999999999992895, -68.40000000000000568, 3.001000000000000334 ) ) ;
#10263 = PLANE ( 'NONE',  #7008 ) ;
#10264 = CARTESIAN_POINT ( 'NONE',  ( 56.20000000000001705, -50.39999999999999858, 3.001000000000000334 ) ) ;
#10265 = ORIENTED_EDGE ( 'NONE', *, *, #9200, .F. ) ;
#10266 = VECTOR ( 'NONE', #8382, 1000.000000000000000 ) ;
#10267 = DIRECTION ( 'NONE',  ( 0.000000000000000000, -1.000000000000000000, 0.000000000000000000 ) ) ;
#10268 = ORIENTED_EDGE ( 'NONE', *, *, #4524, .F. ) ;
#10269 = CARTESIAN_POINT ( 'NONE',  ( 38.20000000000000995, -32.39999999999999858, 3.001000000000000334 ) ) ;
#10270 = PLANE ( 'NONE',  #403 ) ;
#10271 = CARTESIAN_POINT ( 'NONE',  ( 3.799999999999983835, -76.00000000000001421, -7.500000000000000888 ) ) ;
#10272 = CIRCLE ( 'NONE', #7978, 1.549999999999999378 ) ;
#10273 = CIRCLE ( 'NONE', #9751, 0.5000000000000000000 ) ;
#10274 = EDGE_CURVE ( 'NONE', #176, #8628, #564, .T. ) ;
#10275 = DIRECTION ( 'NONE',  ( -0.000000000000000000, -0.000000000000000000, -1.000000000000000000 ) ) ;
#10276 = VERTEX_POINT ( 'NONE', #9912 ) ;
#10277 = ORIENTED_EDGE ( 'NONE', *, *, #4728, .F. ) ;
#10278 = VERTEX_POINT ( 'NONE', #2986 ) ;
#10279 = DIRECTION ( 'NONE',  ( 0.000000000000000000, -0.000000000000000000, -1.000000000000000000 ) ) ;
#10280 = CARTESIAN_POINT ( 'NONE',  ( 38.20000000000000995, -17.40000000000000213, 1.000000000000000000 ) ) ;
#10281 = ORIENTED_EDGE ( 'NONE', *, *, #298, .F. ) ;
#10282 = ORIENTED_EDGE ( 'NONE', *, *, #8861, .F. ) ;
#10283 = DIRECTION ( 'NONE',  ( 1.000000000000000000, 0.000000000000000000, 0.000000000000000000 ) ) ;
#10284 = CARTESIAN_POINT ( 'NONE',  ( 4.799999999999981171, -76.00000000000001421, 0.4999999999999995559 ) ) ;
#10285 = DIRECTION ( 'NONE',  ( -1.000000000000000000, 0.000000000000000000, 0.000000000000000000 ) ) ;
#10286 = CARTESIAN_POINT ( 'NONE',  ( -2.500000000000011102, -17.40000000000000213, 3.001000000000000334 ) ) ;
#10287 = ADVANCED_FACE ( 'NONE', ( #5540 ), #7200, .F. ) ;
#10288 = EDGE_LOOP ( 'NONE', ( #2311, #10501, #3657, #1116 ) ) ;
#10289 = ADVANCED_FACE ( 'NONE', ( #1327 ), #10792, .F. ) ;
#10290 = ORIENTED_EDGE ( 'NONE', *, *, #6765, .T. ) ;
#10291 = VERTEX_POINT ( 'NONE', #501 ) ;
#10292 = LINE ( 'NONE', #7031, #6872 ) ;
#10293 = FACE_OUTER_BOUND ( 'NONE', #3946, .T. ) ;
#10294 = VERTEX_POINT ( 'NONE', #3982 ) ;
#10295 = LINE ( 'NONE', #996, #5440 ) ;
#10296 = LINE ( 'NONE', #6098, #10606 ) ;
#10297 = DIRECTION ( 'NONE',  ( 1.000000000000000000, 0.000000000000000000, 0.000000000000000000 ) ) ;
#10298 = VECTOR ( 'NONE', #2355, 1000.000000000000000 ) ;
#10299 = VECTOR ( 'NONE', #1163, 1000.000000000000000 ) ;
#10300 = CARTESIAN_POINT ( 'NONE',  ( -0.2999999999999924949, 18.45000000000000284, 1.000000000000000000 ) ) ;
#10301 = EDGE_CURVE ( 'NONE', #3868, #4237, #3035, .T. ) ;
#10302 = DIRECTION ( 'NONE',  ( -0.000000000000000000, -0.000000000000000000, -1.000000000000000000 ) ) ;
#10303 = ORIENTED_EDGE ( 'NONE', *, *, #427, .T. ) ;
#10304 = CARTESIAN_POINT ( 'NONE',  ( 6.700000000000000178, 10.92500000000000071, 3.000000000000000000 ) ) ;
#10305 = CARTESIAN_POINT ( 'NONE',  ( -15.50000000000000711, 24.40000000000000568, -4.000000000000000000 ) ) ;
#10306 = ORIENTED_EDGE ( 'NONE', *, *, #7980, .T. ) ;
#10307 = EDGE_LOOP ( 'NONE', ( #1209, #508, #2049, #10896 ) ) ;
#10308 = PLANE ( 'NONE',  #9356 ) ;
#10309 = CARTESIAN_POINT ( 'NONE',  ( 75.20000000000000284, 36.39999999999999858, 1.000000000000000000 ) ) ;
#10310 = VECTOR ( 'NONE', #587, 1000.000000000000000 ) ;
#10311 = DIRECTION ( 'NONE',  ( -1.000000000000000000, 0.000000000000000000, 0.000000000000000000 ) ) ;
#10312 = LINE ( 'NONE', #354, #1260 ) ;
#10313 = DIRECTION ( 'NONE',  ( 1.000000000000000000, 0.000000000000000000, 0.000000000000000000 ) ) ;
#10314 = VECTOR ( 'NONE', #82, 1000.000000000000000 ) ;
#10315 = DIRECTION ( 'NONE',  ( 1.000000000000000000, 0.000000000000000000, 0.000000000000000000 ) ) ;
#10316 = DIRECTION ( 'NONE',  ( 0.000000000000000000, -1.000000000000000000, 0.000000000000000000 ) ) ;
#10317 = EDGE_LOOP ( 'NONE', ( #8036, #6958, #562, #7901 ) ) ;
#10318 = CARTESIAN_POINT ( 'NONE',  ( 2.500000000000000000, 23.09999999999999787, 3.000000000000000000 ) ) ;
#10319 = VERTEX_POINT ( 'NONE', #3877 ) ;
#10320 = LINE ( 'NONE', #3511, #10956 ) ;
#10321 = VECTOR ( 'NONE', #6821, 1000.000000000000000 ) ;
#10322 = PLANE ( 'NONE',  #2314 ) ;
#10323 = EDGE_CURVE ( 'NONE', #7126, #6519, #7259, .T. ) ;
#10324 = DIRECTION ( 'NONE',  ( 1.000000000000000000, 0.000000000000000000, 0.000000000000000000 ) ) ;
#10325 = FACE_OUTER_BOUND ( 'NONE', #234, .T. ) ;
#10326 = ORIENTED_EDGE ( 'NONE', *, *, #10907, .F. ) ;
#10327 = VERTEX_POINT ( 'NONE', #10629 ) ;
#10328 = EDGE_CURVE ( 'NONE', #6412, #2498, #6375, .T. ) ;
#10329 = EDGE_LOOP ( 'NONE', ( #3709, #8259, #4659, #10671, #9696, #1494 ) ) ;
#10330 = DIRECTION ( 'NONE',  ( -1.000000000000000000, -4.921201350288809599E-16, 0.000000000000000000 ) ) ;
#10331 = LINE ( 'NONE', #10117, #94 ) ;
#10332 = EDGE_LOOP ( 'NONE', ( #8541, #2994, #2565, #7686 ) ) ;
#10333 = ORIENTED_EDGE ( 'NONE', *, *, #434, .T. ) ;
#10334 = DIRECTION ( 'NONE',  ( 0.000000000000000000, 0.000000000000000000, -1.000000000000000000 ) ) ;
#10335 = ADVANCED_FACE ( 'NONE', ( #2211 ), #10680, .F. ) ;
#10336 = LINE ( 'NONE', #3527, #9309 ) ;
#10337 = CIRCLE ( 'NONE', #5567, 3.799999999999999822 ) ;
#10338 = EDGE_CURVE ( 'NONE', #8640, #10908, #3048, .T. ) ;
#10339 = DIRECTION ( 'NONE',  ( 1.000000000000000000, 0.000000000000000000, -0.000000000000000000 ) ) ;
#10340 = DIRECTION ( 'NONE',  ( 1.000000000000000000, 0.000000000000000000, 0.000000000000000000 ) ) ;
#10341 = EDGE_CURVE ( 'NONE', #7545, #4754, #2264, .T. ) ;
#10342 = VERTEX_POINT ( 'NONE', #5653 ) ;
#10343 = ORIENTED_EDGE ( 'NONE', *, *, #5137, .F. ) ;
#10344 = ORIENTED_EDGE ( 'NONE', *, *, #4817, .T. ) ;
#10345 = AXIS2_PLACEMENT_3D ( 'NONE', #9520, #1933, #5313 ) ;
#10346 = FACE_OUTER_BOUND ( 'NONE', #10071, .T. ) ;
#10347 = VECTOR ( 'NONE', #5866, 1000.000000000000000 ) ;
#10348 = CARTESIAN_POINT ( 'NONE',  ( 0.000000000000000000, 28.89999999999999858, 0.000000000000000000 ) ) ;
#10349 = ADVANCED_FACE ( 'NONE', ( #1441 ), #4820, .F. ) ;
#10350 = VERTEX_POINT ( 'NONE', #6540 ) ;
#10351 = EDGE_CURVE ( 'NONE', #6685, #2549, #8203, .T. ) ;
#10352 = DIRECTION ( 'NONE',  ( 1.000000000000000000, -0.000000000000000000, -0.000000000000000000 ) ) ;
#10353 = FACE_OUTER_BOUND ( 'NONE', #6329, .T. ) ;
#10354 = EDGE_CURVE ( 'NONE', #10717, #4736, #9779, .T. ) ;
#10355 = DIRECTION ( 'NONE',  ( 0.000000000000000000, 0.000000000000000000, 1.000000000000000000 ) ) ;
#10356 = VECTOR ( 'NONE', #7405, 1000.000000000000000 ) ;
#10357 = EDGE_CURVE ( 'NONE', #3183, #1800, #1925, .T. ) ;
#10358 = DIRECTION ( 'NONE',  ( 1.000000000000000000, -0.000000000000000000, -0.000000000000000000 ) ) ;
#10359 = DIRECTION ( 'NONE',  ( 1.239088197126289831E-16, -1.000000000000000000, 0.000000000000000000 ) ) ;
#10360 = ORIENTED_EDGE ( 'NONE', *, *, #9951, .F. ) ;
#10361 = DIRECTION ( 'NONE',  ( -1.000000000000000000, 0.000000000000000000, -0.000000000000000000 ) ) ;
#10362 = DIRECTION ( 'NONE',  ( 0.000000000000000000, 0.000000000000000000, 1.000000000000000000 ) ) ;
#10363 = VECTOR ( 'NONE', #7906, 1000.000000000000000 ) ;
#10364 = ORIENTED_EDGE ( 'NONE', *, *, #10907, .T. ) ;
#10365 = ORIENTED_EDGE ( 'NONE', *, *, #8823, .T. ) ;
#10366 = DIRECTION ( 'NONE',  ( 0.000000000000000000, 0.000000000000000000, 1.000000000000000000 ) ) ;
#10367 = DIRECTION ( 'NONE',  ( 0.000000000000000000, 0.000000000000000000, 1.000000000000000000 ) ) ;
#10368 = VECTOR ( 'NONE', #10275, 1000.000000000000000 ) ;
#10369 = EDGE_CURVE ( 'NONE', #7644, #1521, #4829, .T. ) ;
#10370 = DIRECTION ( 'NONE',  ( 1.000000000000000000, 0.000000000000000000, 0.000000000000000000 ) ) ;
#10371 = EDGE_CURVE ( 'NONE', #7438, #3576, #10453, .T. ) ;
#10372 = CARTESIAN_POINT ( 'NONE',  ( 0.4999999999999917843, -50.39999999999999858, 3.000000000000000000 ) ) ;
#10373 = AXIS2_PLACEMENT_3D ( 'NONE', #2823, #4328, #8700 ) ;
#10374 = LINE ( 'NONE', #3559, #10666 ) ;
#10375 = VECTOR ( 'NONE', #10359, 1000.000000000000000 ) ;
#10376 = LINE ( 'NONE', #1129, #8070 ) ;
#10377 = DIRECTION ( 'NONE',  ( 9.251858538542971828E-16, 1.000000000000000000, -0.000000000000000000 ) ) ;
#10378 = ORIENTED_EDGE ( 'NONE', *, *, #4130, .T. ) ;
#10379 = DIRECTION ( 'NONE',  ( 1.000000000000000000, 0.000000000000000000, 0.000000000000000000 ) ) ;
#10380 = VERTEX_POINT ( 'NONE', #7132 ) ;
#10381 = EDGE_CURVE ( 'NONE', #8388, #10380, #5304, .T. ) ;
#10382 = CARTESIAN_POINT ( 'NONE',  ( 0.2000000000000065059, 17.44999999999999929, 1.000000000000000000 ) ) ;
#10383 = CARTESIAN_POINT ( 'NONE',  ( 68.20000000000001705, -32.39999999999999858, 3.000000000000000000 ) ) ;
#10384 = CARTESIAN_POINT ( 'NONE',  ( 50.20000000000000995, -50.39999999999999858, 3.001000000000000334 ) ) ;
#10385 = CARTESIAN_POINT ( 'NONE',  ( 9.499999999999994671, -78.39999999999996305, -1.000000000000000888 ) ) ;
#10386 = VECTOR ( 'NONE', #2705, 1000.000000000000000 ) ;
#10387 = ORIENTED_EDGE ( 'NONE', *, *, #9298, .F. ) ;
#10388 = ORIENTED_EDGE ( 'NONE', *, *, #5011, .F. ) ;
#10389 = ORIENTED_EDGE ( 'NONE', *, *, #4501, .F. ) ;
#10390 = FACE_OUTER_BOUND ( 'NONE', #891, .T. ) ;
#10391 = EDGE_CURVE ( 'NONE', #8840, #1847, #9627, .T. ) ;
#10392 = DIRECTION ( 'NONE',  ( -1.000000000000000000, 0.000000000000000000, 0.000000000000000000 ) ) ;
#10393 = ORIENTED_EDGE ( 'NONE', *, *, #3782, .T. ) ;
#10394 = ORIENTED_EDGE ( 'NONE', *, *, #5972, .F. ) ;
#10395 = DIRECTION ( 'NONE',  ( -0.000000000000000000, -0.000000000000000000, -1.000000000000000000 ) ) ;
#10396 = DIRECTION ( 'NONE',  ( 0.8571673007021113344, 1.049727191138617463E-16, -0.5150380749100558209 ) ) ;
#10397 = FACE_OUTER_BOUND ( 'NONE', #4430, .T. ) ;
#10398 = FACE_OUTER_BOUND ( 'NONE', #1482, .T. ) ;
#10399 = EDGE_LOOP ( 'NONE', ( #3628, #8065, #151, #2640 ) ) ;
#10400 = ORIENTED_EDGE ( 'NONE', *, *, #4688, .T. ) ;
#10401 = EDGE_LOOP ( 'NONE', ( #689, #3023, #2855, #4482 ) ) ;
#10402 = FACE_BOUND ( 'NONE', #9462, .T. ) ;
#10403 = CARTESIAN_POINT ( 'NONE',  ( 55.50000000000000000, 21.60000000000000142, -1.000000000000000000 ) ) ;
#10404 = AXIS2_PLACEMENT_3D ( 'NONE', #6647, #8308, #3254 ) ;
#10405 = ORIENTED_EDGE ( 'NONE', *, *, #8611, .T. ) ;
#10406 = CYLINDRICAL_SURFACE ( 'NONE', #7909, 1.000000000000000888 ) ;
#10407 = AXIS2_PLACEMENT_3D ( 'NONE', #823, #3244, #6746 ) ;
#10408 = PLANE ( 'NONE',  #8311 ) ;
#10409 = FACE_OUTER_BOUND ( 'NONE', #259, .T. ) ;
#10410 = AXIS2_PLACEMENT_3D ( 'NONE', #9619, #2077, #4632 ) ;
#10411 = CARTESIAN_POINT ( 'NONE',  ( -5.299999999999999822, -4.915049848600949161E-16, -10.00000000000000000 ) ) ;
#10412 = EDGE_CURVE ( 'NONE', #10197, #1708, #9734, .T. ) ;
#10413 = CARTESIAN_POINT ( 'NONE',  ( 11.49999999999999112, -93.39999999999996305, -13.99999999999999822 ) ) ;
#10414 = VECTOR ( 'NONE', #4797, 1000.000000000000000 ) ;
#10415 = ORIENTED_EDGE ( 'NONE', *, *, #3776, .F. ) ;
#10416 = EDGE_LOOP ( 'NONE', ( #1973, #6008, #846, #5362 ) ) ;
#10417 = CARTESIAN_POINT ( 'NONE',  ( 53.20000000000001705, -17.40000000000000213, 3.001000000000000334 ) ) ;
#10418 = ORIENTED_EDGE ( 'NONE', *, *, #1862, .T. ) ;
#10419 = ORIENTED_EDGE ( 'NONE', *, *, #9962, .F. ) ;
#10420 = LINE ( 'NONE', #3715, #8468 ) ;
#10421 = CARTESIAN_POINT ( 'NONE',  ( -8.500000000000007105, -68.40000000000000568, 3.001000000000000334 ) ) ;
#10422 = AXIS2_PLACEMENT_3D ( 'NONE', #4902, #10880, #8177 ) ;
#10423 = DIRECTION ( 'NONE',  ( 0.000000000000000000, -1.000000000000000000, 0.000000000000000000 ) ) ;
#10424 = AXIS2_PLACEMENT_3D ( 'NONE', #5512, #3787, #1187 ) ;
#10425 = CARTESIAN_POINT ( 'NONE',  ( -18.50000000000000711, 39.40000000000000568, 1.000000000000000000 ) ) ;
#10426 = CARTESIAN_POINT ( 'NONE',  ( -8.500000000000008882, -35.39999999999999858, 3.001000000000000334 ) ) ;
#10427 = EDGE_CURVE ( 'NONE', #10791, #5328, #938, .T. ) ;
#10428 = ADVANCED_FACE ( 'NONE', ( #3692 ), #2910, .F. ) ;
#10429 = CARTESIAN_POINT ( 'NONE',  ( 62.20000000000000995, -53.40000000000000568, 1.000000000000000000 ) ) ;
#10430 = EDGE_CURVE ( 'NONE', #399, #10276, #2083, .T. ) ;
#10431 = CARTESIAN_POINT ( 'NONE',  ( 68.20000000000001705, -53.40000000000000568, 3.001000000000000334 ) ) ;
#10432 = EDGE_LOOP ( 'NONE', ( #6918, #2198, #2738, #2771 ) ) ;
#10433 = LINE ( 'NONE', #6123, #8280 ) ;
#10434 = ORIENTED_EDGE ( 'NONE', *, *, #4793, .F. ) ;
#10435 = LINE ( 'NONE', #8835, #1054 ) ;
#10436 = VECTOR ( 'NONE', #5150, 1000.000000000000000 ) ;
#10437 = ADVANCED_FACE ( 'NONE', ( #4472 ), #485, .T. ) ;
#10438 = DIRECTION ( 'NONE',  ( -1.000000000000000000, 0.000000000000000000, 0.000000000000000000 ) ) ;
#10439 = LINE ( 'NONE', #10492, #10794 ) ;
#10440 = CARTESIAN_POINT ( 'NONE',  ( 50.20000000000000995, -32.39999999999999858, 1.000000000000000000 ) ) ;
#10441 = ADVANCED_FACE ( 'NONE', ( #7853 ), #264, .F. ) ;
#10442 = VECTOR ( 'NONE', #418, 1000.000000000000000 ) ;
#10443 = ORIENTED_EDGE ( 'NONE', *, *, #6614, .F. ) ;
#10444 = ORIENTED_EDGE ( 'NONE', *, *, #6198, .F. ) ;
#10445 = ORIENTED_EDGE ( 'NONE', *, *, #70, .T. ) ;
#10446 = CARTESIAN_POINT ( 'NONE',  ( 72.20000000000001705, -98.40000000000000568, 1.000000000000000000 ) ) ;
#10447 = EDGE_LOOP ( 'NONE', ( #3750, #9036, #5655 ) ) ;
#10448 = ORIENTED_EDGE ( 'NONE', *, *, #14, .F. ) ;
#10449 = LINE ( 'NONE', #3853, #4929 ) ;
#10450 = CARTESIAN_POINT ( 'NONE',  ( 19.50000000000000000, 25.89999999999999858, -13.00000000000000000 ) ) ;
#10451 = AXIS2_PLACEMENT_3D ( 'NONE', #639, #9980, #6457 ) ;
#10452 = AXIS2_PLACEMENT_3D ( 'NONE', #7531, #10018, #1498 ) ;
#10453 = LINE ( 'NONE', #7238, #7665 ) ;
#10454 = FACE_OUTER_BOUND ( 'NONE', #7753, .T. ) ;
#10455 = ORIENTED_EDGE ( 'NONE', *, *, #10690, .F. ) ;
#10456 = VERTEX_POINT ( 'NONE', #10611 ) ;
#10457 = ORIENTED_EDGE ( 'NONE', *, *, #6295, .F. ) ;
#10458 = AXIS2_PLACEMENT_3D ( 'NONE', #4222, #5934, #7658 ) ;
#10459 = FACE_BOUND ( 'NONE', #148, .T. ) ;
#10460 = CARTESIAN_POINT ( 'NONE',  ( -5.500000000000007994, -50.39999999999999858, 3.000000000000000000 ) ) ;
#10461 = ORIENTED_EDGE ( 'NONE', *, *, #10659, .T. ) ;
#10462 = CARTESIAN_POINT ( 'NONE',  ( 6.700000000000000178, 10.92500000000000071, 3.000000000000000000 ) ) ;
#10463 = EDGE_CURVE ( 'NONE', #3660, #8818, #3633, .T. ) ;
#10464 = DIRECTION ( 'NONE',  ( -0.000000000000000000, -0.000000000000000000, -1.000000000000000000 ) ) ;
#10465 = DIRECTION ( 'NONE',  ( 0.000000000000000000, -1.000000000000000000, 0.000000000000000000 ) ) ;
#10466 = DIRECTION ( 'NONE',  ( 0.000000000000000000, 0.000000000000000000, 1.000000000000000000 ) ) ;
#10467 = LINE ( 'NONE', #6321, #828 ) ;
#10468 = VERTEX_POINT ( 'NONE', #4525 ) ;
#10469 = ORIENTED_EDGE ( 'NONE', *, *, #9077, .F. ) ;
#10470 = PLANE ( 'NONE',  #9354 ) ;
#10471 = LINE ( 'NONE', #1389, #377 ) ;
#10472 = ADVANCED_FACE ( 'NONE', ( #10557 ), #2138, .F. ) ;
#10473 = ORIENTED_EDGE ( 'NONE', *, *, #10560, .F. ) ;
#10474 = ORIENTED_EDGE ( 'NONE', *, *, #10050, .T. ) ;
#10475 = CARTESIAN_POINT ( 'NONE',  ( 27.50000000000000000, 1.199999999999999956, -8.300000000000000711 ) ) ;
#10476 = FACE_OUTER_BOUND ( 'NONE', #6862, .T. ) ;
#10477 = PLANE ( 'NONE',  #4937 ) ;
#10478 = EDGE_CURVE ( 'NONE', #5004, #5643, #10126, .T. ) ;
#10479 = CARTESIAN_POINT ( 'NONE',  ( 56.71110922711549307, 10.44999999999999929, -13.00000000000000000 ) ) ;
#10480 = DIRECTION ( 'NONE',  ( 1.219727444046191995E-16, -1.000000000000000000, 0.000000000000000000 ) ) ;
#10481 = LINE ( 'NONE', #6282, #8605 ) ;
#10482 = AXIS2_PLACEMENT_3D ( 'NONE', #2303, #10721, #10829 ) ;
#10483 = LINE ( 'NONE', #10264, #10881 ) ;
#10484 = AXIS2_PLACEMENT_3D ( 'NONE', #2544, #5823, #9199 ) ;
#10485 = ADVANCED_FACE ( 'NONE', ( #10397 ), #2800, .F. ) ;
#10486 = ORIENTED_EDGE ( 'NONE', *, *, #7561, .T. ) ;
#10487 = DIRECTION ( 'NONE',  ( 1.000000000000000000, -0.000000000000000000, 0.000000000000000000 ) ) ;
#10488 = EDGE_LOOP ( 'NONE', ( #7529, #4530, #6618, #1864 ) ) ;
#10489 = ADVANCED_FACE ( 'NONE', ( #1978 ), #8908, .T. ) ;
#10490 = CARTESIAN_POINT ( 'NONE',  ( -3.299999999999999822, 11.44999999999999929, 1.000000000000000000 ) ) ;
#10491 = PLANE ( 'NONE',  #9202 ) ;
#10492 = CARTESIAN_POINT ( 'NONE',  ( 44.20000000000001705, -53.40000000000000568, 3.000000000000000000 ) ) ;
#10493 = EDGE_CURVE ( 'NONE', #6162, #9271, #5522, .T. ) ;
#10494 =( GEOMETRIC_REPRESENTATION_CONTEXT ( 3 ) GLOBAL_UNCERTAINTY_ASSIGNED_CONTEXT ( ( #5072 ) ) GLOBAL_UNIT_ASSIGNED_CONTEXT ( ( #987, #6808, #5914 ) ) REPRESENTATION_CONTEXT ( 'NONE', 'WORKASPACE' ) );
#10495 = CIRCLE ( 'NONE', #3772, 0.5000000000000000000 ) ;
#10496 = CARTESIAN_POINT ( 'NONE',  ( -2.500000000000006661, -53.40000000000000568, 1.000000000000000000 ) ) ;
#10497 = VERTEX_POINT ( 'NONE', #4019 ) ;
#10498 = VERTEX_POINT ( 'NONE', #3962 ) ;
#10499 = ORIENTED_EDGE ( 'NONE', *, *, #3676, .F. ) ;
#10500 = LINE ( 'NONE', #10446, #1742 ) ;
#10501 = ORIENTED_EDGE ( 'NONE', *, *, #10093, .F. ) ;
#10502 = VECTOR ( 'NONE', #1358, 1000.000000000000000 ) ;
#10503 = ORIENTED_EDGE ( 'NONE', *, *, #7812, .F. ) ;
#10504 = CARTESIAN_POINT ( 'NONE',  ( 51.20000000000000284, 21.60000000000000142, 1.000000000000000000 ) ) ;
#10505 = LINE ( 'NONE', #9625, #4173 ) ;
#10506 = EDGE_CURVE ( 'NONE', #9616, #8166, #8897, .T. ) ;
#10507 = CARTESIAN_POINT ( 'NONE',  ( 49.79999999999998295, -10.00000000000000888, 0.4999999999999995559 ) ) ;
#10508 = LINE ( 'NONE', #5469, #8773 ) ;
#10509 = EDGE_LOOP ( 'NONE', ( #10935, #6132, #9913, #7043 ) ) ;
#10510 = EDGE_LOOP ( 'NONE', ( #8227, #8420, #10107, #2526 ) ) ;
#10511 = ORIENTED_EDGE ( 'NONE', *, *, #9063, .T. ) ;
#10512 = FACE_BOUND ( 'NONE', #6971, .T. ) ;
#10513 = DIRECTION ( 'NONE',  ( -0.000000000000000000, 0.000000000000000000, -1.000000000000000000 ) ) ;
#10514 = ORIENTED_EDGE ( 'NONE', *, *, #4501, .T. ) ;
#10515 = LINE ( 'NONE', #2869, #3890 ) ;
#10516 = DIRECTION ( 'NONE',  ( 0.000000000000000000, 0.000000000000000000, -1.000000000000000000 ) ) ;
#10517 = DIRECTION ( 'NONE',  ( 1.000000000000000000, 0.000000000000000000, 0.000000000000000000 ) ) ;
#10518 = AXIS2_PLACEMENT_3D ( 'NONE', #1123, #9650, #295 ) ;
#10519 = LINE ( 'NONE', #9591, #1528 ) ;
#10520 = ORIENTED_EDGE ( 'NONE', *, *, #6721, .F. ) ;
#10521 = EDGE_LOOP ( 'NONE', ( #6147, #10654, #3195, #5347 ) ) ;
#10522 = VECTOR ( 'NONE', #5950, 1000.000000000000000 ) ;
#10523 = FACE_OUTER_BOUND ( 'NONE', #6778, .T. ) ;
#10524 = CARTESIAN_POINT ( 'NONE',  ( -1.808903341589864988, 6.949999999999999289, -13.06316829662451973 ) ) ;
#10525 = EDGE_LOOP ( 'NONE', ( #1376, #7277, #10146 ) ) ;
#10526 = EDGE_LOOP ( 'NONE', ( #10906, #10552, #7646, #4193 ) ) ;
#10527 = DIRECTION ( 'NONE',  ( -1.000000000000000000, -4.517509052022939661E-17, 0.000000000000000000 ) ) ;
#10528 = CARTESIAN_POINT ( 'NONE',  ( 71.20000000000001705, 24.40000000000000568, -4.000000000000000000 ) ) ;
#10529 = EDGE_CURVE ( 'NONE', #1256, #10634, #9839, .T. ) ;
#10530 = CARTESIAN_POINT ( 'NONE',  ( -18.49999999999998934, -95.40000000000000568, 1.000000000000000000 ) ) ;
#10531 = CIRCLE ( 'NONE', #8590, 1.000000000000000000 ) ;
#10532 = DIRECTION ( 'NONE',  ( 0.000000000000000000, -1.000000000000000000, 0.000000000000000000 ) ) ;
#10533 = EDGE_CURVE ( 'NONE', #4899, #3798, #2249, .T. ) ;
#10534 = DIRECTION ( 'NONE',  ( -1.000000000000000000, 0.000000000000000000, 0.000000000000000000 ) ) ;
#10535 = PLANE ( 'NONE',  #8250 ) ;
#10536 = DIRECTION ( 'NONE',  ( 9.251858538542971828E-16, 1.000000000000000000, -0.000000000000000000 ) ) ;
#10537 = VECTOR ( 'NONE', #6525, 1000.000000000000000 ) ;
#10538 = CARTESIAN_POINT ( 'NONE',  ( 56.20000000000001705, -53.40000000000000568, 1.000000000000000000 ) ) ;
#10539 = EDGE_LOOP ( 'NONE', ( #1696, #6242, #6642, #5894 ) ) ;
#10540 = LINE ( 'NONE', #1079, #7219 ) ;
#10541 = VERTEX_POINT ( 'NONE', #8288 ) ;
#10542 = DIRECTION ( 'NONE',  ( 0.000000000000000000, -0.000000000000000000, -1.000000000000000000 ) ) ;
#10543 = DIRECTION ( 'NONE',  ( 0.000000000000000000, 0.000000000000000000, 1.000000000000000000 ) ) ;
#10544 = VECTOR ( 'NONE', #7828, 1000.000000000000000 ) ;
#10545 = CARTESIAN_POINT ( 'NONE',  ( 54.69999999999999574, 6.949999999999999289, 0.5000000000000000000 ) ) ;
#10546 = VECTOR ( 'NONE', #7273, 1000.000000000000000 ) ;
#10547 = CARTESIAN_POINT ( 'NONE',  ( 18.50000000000000000, -1.300000000000000044, 3.000000000000000000 ) ) ;
#10548 = EDGE_CURVE ( 'NONE', #8202, #380, #8964, .T. ) ;
#10549 = EDGE_CURVE ( 'NONE', #1314, #8252, #3074, .T. ) ;
#10550 = ORIENTED_EDGE ( 'NONE', *, *, #10493, .T. ) ;
#10551 = ORIENTED_EDGE ( 'NONE', *, *, #4338, .T. ) ;
#10552 = ORIENTED_EDGE ( 'NONE', *, *, #3963, .T. ) ;
#10553 = CARTESIAN_POINT ( 'NONE',  ( 35.20000000000000995, -68.40000000000000568, 3.000000000000000000 ) ) ;
#10554 = VERTEX_POINT ( 'NONE', #6408 ) ;
#10555 = ORIENTED_EDGE ( 'NONE', *, *, #9908, .T. ) ;
#10556 = DIRECTION ( 'NONE',  ( -0.000000000000000000, -0.000000000000000000, -1.000000000000000000 ) ) ;
#10557 = FACE_OUTER_BOUND ( 'NONE', #4551, .T. ) ;
#10558 = VECTOR ( 'NONE', #237, 1000.000000000000000 ) ;
#10559 = CARTESIAN_POINT ( 'NONE',  ( 71.20000000000001705, -94.39999999999999147, 3.000000000000000000 ) ) ;
#10560 = EDGE_CURVE ( 'NONE', #6355, #9669, #1112, .T. ) ;
#10561 = VERTEX_POINT ( 'NONE', #3186 ) ;
#10562 = EDGE_CURVE ( 'NONE', #10909, #6825, #7297, .T. ) ;
#10563 = EDGE_LOOP ( 'NONE', ( #10854, #2720, #490, #7451 ) ) ;
#10564 = ORIENTED_EDGE ( 'NONE', *, *, #7221, .F. ) ;
#10565 = FACE_BOUND ( 'NONE', #5382, .T. ) ;
#10566 = EDGE_CURVE ( 'NONE', #5856, #4300, #6521, .T. ) ;
#10567 = DIRECTION ( 'NONE',  ( -1.000000000000000000, 0.000000000000000000, 0.000000000000000000 ) ) ;
#10568 = VERTEX_POINT ( 'NONE', #5689 ) ;
#10569 = AXIS2_PLACEMENT_3D ( 'NONE', #3082, #5479, #8860 ) ;
#10570 = PLANE ( 'NONE',  #3846 ) ;
#10571 = LINE ( 'NONE', #1379, #5481 ) ;
#10572 = ADVANCED_FACE ( 'NONE', ( #8182 ), #7402, .F. ) ;
#10573 = PLANE ( 'NONE',  #758 ) ;
#10574 = LINE ( 'NONE', #936, #9121 ) ;
#10575 = DIRECTION ( 'NONE',  ( 0.9063077870366509359, 0.000000000000000000, 0.4226182617406974429 ) ) ;
#10576 = AXIS2_PLACEMENT_3D ( 'NONE', #859, #4238, #7622 ) ;
#10577 = ADVANCED_FACE ( 'NONE', ( #6578 ), #598, .F. ) ;
#10578 = ORIENTED_EDGE ( 'NONE', *, *, #624, .F. ) ;
#10579 = EDGE_LOOP ( 'NONE', ( #2272, #10644, #9888, #5867 ) ) ;
#10580 = LINE ( 'NONE', #1331, #331 ) ;
#10581 = DIRECTION ( 'NONE',  ( -0.000000000000000000, -0.000000000000000000, -1.000000000000000000 ) ) ;
#10582 = VECTOR ( 'NONE', #6053, 1000.000000000000114 ) ;
#10583 = ORIENTED_EDGE ( 'NONE', *, *, #2293, .T. ) ;
#10584 = EDGE_LOOP ( 'NONE', ( #5090, #6912, #4660, #6438 ) ) ;
#10585 = CARTESIAN_POINT ( 'NONE',  ( 60.20000000000003126, -94.39999999999996305, -4.000000000000000000 ) ) ;
#10586 = PLANE ( 'NONE',  #2102 ) ;
#10587 = CIRCLE ( 'NONE', #502, 4.299999999999999822 ) ;
#10588 = LINE ( 'NONE', #9765, #6948 ) ;
#10589 = VECTOR ( 'NONE', #8071, 1000.000000000000000 ) ;
#10590 = DIRECTION ( 'NONE',  ( 1.000000000000000000, 0.000000000000000000, 0.000000000000000000 ) ) ;
#10591 = DIRECTION ( 'NONE',  ( 0.000000000000000000, -0.000000000000000000, 1.000000000000000000 ) ) ;
#10592 = LINE ( 'NONE', #2941, #9840 ) ;
#10593 = AXIS2_PLACEMENT_3D ( 'NONE', #6404, #5404, #9784 ) ;
#10594 = DIRECTION ( 'NONE',  ( 1.000000000000000000, 0.000000000000000000, 0.000000000000000000 ) ) ;
#10595 = ORIENTED_EDGE ( 'NONE', *, *, #6691, .F. ) ;
#10596 = FACE_BOUND ( 'NONE', #637, .T. ) ;
#10597 = CARTESIAN_POINT ( 'NONE',  ( 15.49999999999999289, -78.39999999999996305, -1.000000000000000888 ) ) ;
#10598 = VERTEX_POINT ( 'NONE', #9787 ) ;
#10599 = AXIS2_PLACEMENT_3D ( 'NONE', #249, #362, #3677 ) ;
#10600 = FACE_OUTER_BOUND ( 'NONE', #5018, .T. ) ;
#10601 = DIRECTION ( 'NONE',  ( -1.000000000000000000, 0.000000000000000000, 0.000000000000000000 ) ) ;
#10602 = DIRECTION ( 'NONE',  ( -0.000000000000000000, -1.000000000000000000, -0.000000000000000000 ) ) ;
#10603 = EDGE_LOOP ( 'NONE', ( #5848, #8730, #3754, #8090 ) ) ;
#10604 = ORIENTED_EDGE ( 'NONE', *, *, #9818, .T. ) ;
#10605 = EDGE_LOOP ( 'NONE', ( #4710, #1747, #7394, #5600, #10394, #6034 ) ) ;
#10606 = VECTOR ( 'NONE', #9471, 1000.000000000000000 ) ;
#10607 = CARTESIAN_POINT ( 'NONE',  ( 53.69999999999999574, 6.949999999999999289, 0.000000000000000000 ) ) ;
#10608 = ORIENTED_EDGE ( 'NONE', *, *, #1692, .T. ) ;
#10609 = CARTESIAN_POINT ( 'NONE',  ( 57.16629794778800289, 10.44999999999999929, 0.03489949670250389741 ) ) ;
#10610 = ADVANCED_FACE ( 'NONE', ( #8234 ), #5573, .F. ) ;
#10611 = CARTESIAN_POINT ( 'NONE',  ( -5.500000000000009770, -32.39999999999999858, 1.000000000000000000 ) ) ;
#10612 = VECTOR ( 'NONE', #252, 1000.000000000000000 ) ;
#10613 = DIRECTION ( 'NONE',  ( -1.000000000000000000, 6.285229985423258662E-17, 0.000000000000000000 ) ) ;
#10614 = ORIENTED_EDGE ( 'NONE', *, *, #8100, .T. ) ;
#10615 = ORIENTED_EDGE ( 'NONE', *, *, #3648, .T. ) ;
#10616 = EDGE_LOOP ( 'NONE', ( #967, #8170, #10183, #1307 ) ) ;
#10617 = FACE_BOUND ( 'NONE', #8986, .T. ) ;
#10618 = PLANE ( 'NONE',  #8944 ) ;
#10619 = ORIENTED_EDGE ( 'NONE', *, *, #3238, .T. ) ;
#10620 = EDGE_CURVE ( 'NONE', #7932, #5579, #9944, .T. ) ;
#10621 = VECTOR ( 'NONE', #7053, 1000.000000000000000 ) ;
#10622 = DIRECTION ( 'NONE',  ( -1.000000000000000000, 0.000000000000000000, 0.000000000000000000 ) ) ;
#10623 = PLANE ( 'NONE',  #8672 ) ;
#10624 = CARTESIAN_POINT ( 'NONE',  ( 68.20000000000001705, -50.39999999999999858, 3.001000000000000334 ) ) ;
#10625 = ADVANCED_FACE ( 'NONE', ( #4073 ), #6624, .T. ) ;
#10626 = PLANE ( 'NONE',  #458 ) ;
#10627 = VECTOR ( 'NONE', #3040, 1000.000000000000000 ) ;
#10628 = ORIENTED_EDGE ( 'NONE', *, *, #6220, .T. ) ;
#10629 = CARTESIAN_POINT ( 'NONE',  ( 55.00000000000000000, 21.60000000000000142, 1.000000000000000000 ) ) ;
#10630 = VERTEX_POINT ( 'NONE', #9993 ) ;
#10631 = VERTEX_POINT ( 'NONE', #755 ) ;
#10632 = DIRECTION ( 'NONE',  ( -1.000000000000000000, 0.000000000000000000, 0.000000000000000000 ) ) ;
#10633 = FACE_OUTER_BOUND ( 'NONE', #7569, .T. ) ;
#10634 = VERTEX_POINT ( 'NONE', #4129 ) ;
#10635 = ORIENTED_EDGE ( 'NONE', *, *, #527, .T. ) ;
#10636 = CARTESIAN_POINT ( 'NONE',  ( 62.20000000000000284, -17.40000000000000213, 1.000000000000000000 ) ) ;
#10637 = CARTESIAN_POINT ( 'NONE',  ( 57.00000000000000000, 0.000000000000000000, 1.000000000000000000 ) ) ;
#10638 = EDGE_CURVE ( 'NONE', #927, #3687, #2405, .T. ) ;
#10639 = CARTESIAN_POINT ( 'NONE',  ( 11.49999999999999645, -93.39999999999996305, -4.000000000000000000 ) ) ;
#10640 = CARTESIAN_POINT ( 'NONE',  ( 47.20000000000000284, -68.40000000000000568, 3.001000000000000334 ) ) ;
#10641 = CARTESIAN_POINT ( 'NONE',  ( 72.20000000000001705, -98.40000000000000568, 3.000000000000000000 ) ) ;
#10642 = LINE ( 'NONE', #9655, #5955 ) ;
#10643 = DIRECTION ( 'NONE',  ( 0.000000000000000000, 0.000000000000000000, 1.000000000000000000 ) ) ;
#10644 = ORIENTED_EDGE ( 'NONE', *, *, #1633, .T. ) ;
#10645 = FACE_BOUND ( 'NONE', #8914, .T. ) ;
#10646 = FACE_OUTER_BOUND ( 'NONE', #5247, .T. ) ;
#10647 = ORIENTED_EDGE ( 'NONE', *, *, #1862, .F. ) ;
#10648 = CARTESIAN_POINT ( 'NONE',  ( 65.20000000000001705, -17.40000000000000213, 3.001000000000000334 ) ) ;
#10649 = DIRECTION ( 'NONE',  ( 9.251858538542971828E-16, 1.000000000000000000, -0.000000000000000000 ) ) ;
#10650 = PLANE ( 'NONE',  #3233 ) ;
#10651 = VECTOR ( 'NONE', #1529, 1000.000000000000000 ) ;
#10652 = AXIS2_PLACEMENT_3D ( 'NONE', #2982, #6372, #9748 ) ;
#10653 = ORIENTED_EDGE ( 'NONE', *, *, #4939, .T. ) ;
#10654 = ORIENTED_EDGE ( 'NONE', *, *, #8670, .T. ) ;
#10655 = ORIENTED_EDGE ( 'NONE', *, *, #7239, .T. ) ;
#10656 = CARTESIAN_POINT ( 'NONE',  ( 59.20000000000002416, -53.40000000000000568, 1.000000000000000000 ) ) ;
#10657 = ORIENTED_EDGE ( 'NONE', *, *, #8035, .F. ) ;
#10658 = CARTESIAN_POINT ( 'NONE',  ( 32.49999999999996447, -53.40000000000000568, 3.000000000000000000 ) ) ;
#10659 = EDGE_CURVE ( 'NONE', #8049, #75, #7507, .T. ) ;
#10660 = VECTOR ( 'NONE', #5345, 1000.000000000000000 ) ;
#10661 = DIRECTION ( 'NONE',  ( 0.000000000000000000, 1.000000000000000000, -0.000000000000000000 ) ) ;
#10662 = ADVANCED_FACE ( 'NONE', ( #1853 ), #5014, .F. ) ;
#10663 = EDGE_CURVE ( 'NONE', #1480, #3493, #6793, .T. ) ;
#10664 = FACE_OUTER_BOUND ( 'NONE', #4495, .T. ) ;
#10665 = ORIENTED_EDGE ( 'NONE', *, *, #10824, .F. ) ;
#10666 = VECTOR ( 'NONE', #7000, 1000.000000000000000 ) ;
#10667 = EDGE_LOOP ( 'NONE', ( #3345, #645, #792, #8853 ) ) ;
#10668 = ORIENTED_EDGE ( 'NONE', *, *, #2487, .T. ) ;
#10669 = CARTESIAN_POINT ( 'NONE',  ( -11.50000000000000888, -50.39999999999999858, 3.001000000000000334 ) ) ;
#10670 = CARTESIAN_POINT ( 'NONE',  ( -2.500000000000011102, -32.39999999999999858, 1.000000000000000000 ) ) ;
#10671 = ORIENTED_EDGE ( 'NONE', *, *, #8591, .T. ) ;
#10672 = DIRECTION ( 'NONE',  ( 0.000000000000000000, 0.000000000000000000, -1.000000000000000000 ) ) ;
#10673 = ADVANCED_FACE ( 'NONE', ( #10884 ), #9337, .T. ) ;
#10674 = CARTESIAN_POINT ( 'NONE',  ( 27.50000000000000000, 27.43078173849590229, -13.00000000000000000 ) ) ;
#10675 = ADVANCED_FACE ( 'NONE', ( #1631 ), #4184, .F. ) ;
#10676 = ADVANCED_FACE ( 'NONE', ( #972 ), #10270, .T. ) ;
#10677 = CARTESIAN_POINT ( 'NONE',  ( 3.499999999999992895, -68.40000000000000568, 3.001000000000000334 ) ) ;
#10678 = CARTESIAN_POINT ( 'NONE',  ( 50.20000000000000995, -17.40000000000000213, 1.000000000000000000 ) ) ;
#10679 = VERTEX_POINT ( 'NONE', #3458 ) ;
#10680 = PLANE ( 'NONE',  #8355 ) ;
#10681 = ADVANCED_FACE ( 'NONE', ( #5850 ), #6014, .F. ) ;
#10682 = EDGE_LOOP ( 'NONE', ( #4769, #4206, #9539, #7791 ) ) ;
#10683 = ORIENTED_EDGE ( 'NONE', *, *, #10073, .T. ) ;
#10684 = EDGE_CURVE ( 'NONE', #8757, #9464, #924, .T. ) ;
#10685 = DIRECTION ( 'NONE',  ( 0.000000000000000000, -1.000000000000000000, 0.000000000000000000 ) ) ;
#10686 = DIRECTION ( 'NONE',  ( 1.000000000000000000, -0.000000000000000000, -0.000000000000000000 ) ) ;
#10687 = VERTEX_POINT ( 'NONE', #5123 ) ;
#10688 = ORIENTED_EDGE ( 'NONE', *, *, #9088, .T. ) ;
#10689 = DIRECTION ( 'NONE',  ( -0.000000000000000000, -0.000000000000000000, -1.000000000000000000 ) ) ;
#10690 = EDGE_CURVE ( 'NONE', #10294, #8663, #92, .T. ) ;
#10691 = CARTESIAN_POINT ( 'NONE',  ( 0.2000000000000070055, 5.950000000000000178, 1.000000000000000000 ) ) ;
#10692 = EDGE_CURVE ( 'NONE', #2186, #3217, #7305, .T. ) ;
#10693 = CARTESIAN_POINT ( 'NONE',  ( 42.39999999999999858, 12.80000000000000071, 3.000000000000000000 ) ) ;
#10694 = CIRCLE ( 'NONE', #4506, 4.299999999999999822 ) ;
#10695 = CARTESIAN_POINT ( 'NONE',  ( 71.20000000000001705, 35.39999999999999858, 3.000000000000000000 ) ) ;
#10696 = VECTOR ( 'NONE', #4289, 1000.000000000000000 ) ;
#10697 = CARTESIAN_POINT ( 'NONE',  ( 75.20100000000002183, -85.89999999999997726, -10.00000000000000000 ) ) ;
#10698 = DIRECTION ( 'NONE',  ( -4.357233220663877152E-16, -1.000000000000000000, 0.000000000000000000 ) ) ;
#10699 = DIRECTION ( 'NONE',  ( 0.000000000000000000, 0.000000000000000000, -1.000000000000000000 ) ) ;
#10700 = VERTEX_POINT ( 'NONE', #8395 ) ;
#10701 = EDGE_CURVE ( 'NONE', #2512, #9752, #3289, .T. ) ;
#10702 = CARTESIAN_POINT ( 'NONE',  ( 56.50000000000000000, 21.60000000000000142, -1.000000000000000000 ) ) ;
#10703 = CARTESIAN_POINT ( 'NONE',  ( 0.4999999999999882871, -32.39999999999999858, 3.000000000000000000 ) ) ;
#10704 = AXIS2_PLACEMENT_3D ( 'NONE', #5529, #9846, #8138 ) ;
#10705 = EDGE_CURVE ( 'NONE', #4369, #9307, #1027, .T. ) ;
#10706 = AXIS2_PLACEMENT_3D ( 'NONE', #170, #1221, #6212 ) ;
#10707 = EDGE_LOOP ( 'NONE', ( #3672, #1304, #3367, #5436 ) ) ;
#10708 = CARTESIAN_POINT ( 'NONE',  ( 27.50000000000000000, 0.000000000000000000, -7.799999999999999822 ) ) ;
#10709 = LINE ( 'NONE', #9935, #9574 ) ;
#10710 = LINE ( 'NONE', #4897, #4662 ) ;
#10711 = VECTOR ( 'NONE', #10340, 1000.000000000000000 ) ;
#10712 = VERTEX_POINT ( 'NONE', #10217 ) ;
#10713 = VERTEX_POINT ( 'NONE', #1796 ) ;
#10714 = ORIENTED_EDGE ( 'NONE', *, *, #6373, .T. ) ;
#10715 = EDGE_CURVE ( 'NONE', #3576, #1313, #38, .T. ) ;
#10716 = CARTESIAN_POINT ( 'NONE',  ( 45.79999999999998295, -10.00000000000000888, 1.000000000000000000 ) ) ;
#10717 = VERTEX_POINT ( 'NONE', #8563 ) ;
#10718 = VECTOR ( 'NONE', #2778, 1000.000000000000000 ) ;
#10719 = LINE ( 'NONE', #9067, #1926 ) ;
#10720 = VECTOR ( 'NONE', #7434, 1000.000000000000000 ) ;
#10721 = DIRECTION ( 'NONE',  ( 0.000000000000000000, 0.000000000000000000, -1.000000000000000000 ) ) ;
#10722 = AXIS2_PLACEMENT_3D ( 'NONE', #3279, #5994, #9477 ) ;
#10723 = LINE ( 'NONE', #9736, #283 ) ;
#10724 = ORIENTED_EDGE ( 'NONE', *, *, #6857, .F. ) ;
#10725 = EDGE_CURVE ( 'NONE', #9164, #1708, #3403, .T. ) ;
#10726 = ORIENTED_EDGE ( 'NONE', *, *, #9203, .T. ) ;
#10727 = VERTEX_POINT ( 'NONE', #8618 ) ;
#10728 = CARTESIAN_POINT ( 'NONE',  ( 2.500000000000000000, 23.09999999999999787, 0.5000000000000000000 ) ) ;
#10729 = CARTESIAN_POINT ( 'NONE',  ( 56.20000000000000995, -32.39999999999999858, 3.000000000000000000 ) ) ;
#10730 = ORIENTED_EDGE ( 'NONE', *, *, #3460, .F. ) ;
#10731 = FACE_OUTER_BOUND ( 'NONE', #9358, .T. ) ;
#10732 = DIRECTION ( 'NONE',  ( 0.000000000000000000, 0.000000000000000000, -1.000000000000000000 ) ) ;
#10733 = CARTESIAN_POINT ( 'NONE',  ( 56.50000000000000000, 21.60000000000000142, -1.000000000000000000 ) ) ;
#10734 = AXIS2_PLACEMENT_3D ( 'NONE', #4877, #8260, #63 ) ;
#10735 = DIRECTION ( 'NONE',  ( 0.000000000000000000, 0.000000000000000000, -1.000000000000000000 ) ) ;
#10736 = DIRECTION ( 'NONE',  ( 0.000000000000000000, 0.000000000000000000, 1.000000000000000000 ) ) ;
#10737 = ORIENTED_EDGE ( 'NONE', *, *, #10430, .F. ) ;
#10738 = CARTESIAN_POINT ( 'NONE',  ( 18.50000000000000000, 25.89999999999999858, -1.000000000000000000 ) ) ;
#10739 = EDGE_LOOP ( 'NONE', ( #9373, #6646, #6328, #6064 ) ) ;
#10740 = VECTOR ( 'NONE', #10622, 1000.000000000000000 ) ;
#10741 = LINE ( 'NONE', #670, #856 ) ;
#10742 = DIRECTION ( 'NONE',  ( 1.000000000000000000, 0.000000000000000000, -0.000000000000000000 ) ) ;
#10743 = ORIENTED_EDGE ( 'NONE', *, *, #10844, .T. ) ;
#10744 = CARTESIAN_POINT ( 'NONE',  ( 49.79999999999998295, -76.00000000000001421, -7.500000000000000888 ) ) ;
#10745 = CARTESIAN_POINT ( 'NONE',  ( 55.00000000000000000, 21.60000000000000142, 0.5000000000000000000 ) ) ;
#10746 = EDGE_CURVE ( 'NONE', #5062, #3359, #9279, .T. ) ;
#10747 = LINE ( 'NONE', #8041, #6921 ) ;
#10748 = AXIS2_PLACEMENT_3D ( 'NONE', #3508, #10267, #2676 ) ;
#10749 = LINE ( 'NONE', #1453, #2360 ) ;
#10750 = DIRECTION ( 'NONE',  ( 9.251858538542971828E-16, 1.000000000000000000, -0.000000000000000000 ) ) ;
#10751 = AXIS2_PLACEMENT_3D ( 'NONE', #49, #1096, #7798 ) ;
#10752 = CARTESIAN_POINT ( 'NONE',  ( 6.054958374747089990E-15, 27.40000000000000213, 0.5000000000000000000 ) ) ;
#10753 = DIRECTION ( 'NONE',  ( 0.000000000000000000, -0.000000000000000000, 1.000000000000000000 ) ) ;
#10754 = ORIENTED_EDGE ( 'NONE', *, *, #7757, .F. ) ;
#10755 = ORIENTED_EDGE ( 'NONE', *, *, #83, .F. ) ;
#10756 = FACE_BOUND ( 'NONE', #7532, .T. ) ;
#10757 = FACE_OUTER_BOUND ( 'NONE', #4699, .T. ) ;
#10758 = EDGE_LOOP ( 'NONE', ( #1905, #2347, #1652, #5967 ) ) ;
#10759 = AXIS2_PLACEMENT_3D ( 'NONE', #9363, #5248, #6924 ) ;
#10760 = FACE_OUTER_BOUND ( 'NONE', #312, .T. ) ;
#10761 = AXIS2_PLACEMENT_3D ( 'NONE', #3073, #9991, #1418 ) ;
#10762 = EDGE_CURVE ( 'NONE', #6, #4857, #8508, .T. ) ;
#10763 = DIRECTION ( 'NONE',  ( 1.000000000000000000, 0.000000000000000000, 0.000000000000000000 ) ) ;
#10764 = ADVANCED_FACE ( 'NONE', ( #3512 ), #9909, .F. ) ;
#10765 = DIRECTION ( 'NONE',  ( 0.000000000000000000, 0.000000000000000000, 1.000000000000000000 ) ) ;
#10766 = EDGE_CURVE ( 'NONE', #6773, #8017, #6537, .T. ) ;
#10767 = VECTOR ( 'NONE', #5350, 1000.000000000000000 ) ;
#10768 = ORIENTED_EDGE ( 'NONE', *, *, #3793, .F. ) ;
#10769 = ORIENTED_EDGE ( 'NONE', *, *, #5949, .T. ) ;
#10770 = AXIS2_PLACEMENT_3D ( 'NONE', #6913, #2745, #10334 ) ;
#10771 = ORIENTED_EDGE ( 'NONE', *, *, #9384, .F. ) ;
#10772 = CARTESIAN_POINT ( 'NONE',  ( -2.500000000000011102, -32.39999999999999858, 3.000000000000000000 ) ) ;
#10773 = ORIENTED_EDGE ( 'NONE', *, *, #10099, .F. ) ;
#10774 = CARTESIAN_POINT ( 'NONE',  ( 68.20000000000001705, -32.39999999999999858, 3.000000000000000000 ) ) ;
#10775 = DIRECTION ( 'NONE',  ( 0.000000000000000000, 0.000000000000000000, 1.000000000000000000 ) ) ;
#10776 = AXIS2_PLACEMENT_3D ( 'NONE', #3443, #4334, #5496 ) ;
#10777 = ADVANCED_FACE ( 'NONE', ( #8302 ), #10846, .F. ) ;
#10778 = LINE ( 'NONE', #9172, #10182 ) ;
#10779 = ORIENTED_EDGE ( 'NONE', *, *, #6626, .T. ) ;
#10780 = ORIENTED_EDGE ( 'NONE', *, *, #4261, .T. ) ;
#10781 = VERTEX_POINT ( 'NONE', #5704 ) ;
#10782 = DIRECTION ( 'NONE',  ( -0.000000000000000000, -0.000000000000000000, -1.000000000000000000 ) ) ;
#10783 = DIRECTION ( 'NONE',  ( -0.000000000000000000, -0.000000000000000000, -1.000000000000000000 ) ) ;
#10784 = ORIENTED_EDGE ( 'NONE', *, *, #4186, .F. ) ;
#10785 = LINE ( 'NONE', #3196, #3154 ) ;
#10786 = DIRECTION ( 'NONE',  ( 0.000000000000000000, -1.000000000000000000, 0.000000000000000000 ) ) ;
#10787 = CARTESIAN_POINT ( 'NONE',  ( 35.20000000000000995, -32.39999999999999858, 1.000000000000000000 ) ) ;
#10788 = VECTOR ( 'NONE', #4771, 1000.000000000000000 ) ;
#10789 = DIRECTION ( 'NONE',  ( 0.000000000000000000, 0.000000000000000000, -1.000000000000000000 ) ) ;
#10790 = CARTESIAN_POINT ( 'NONE',  ( 1.199999999999999956, 6.949999999999999289, -8.300000000000000711 ) ) ;
#10791 = VERTEX_POINT ( 'NONE', #9184 ) ;
#10792 = PLANE ( 'NONE',  #4644 ) ;
#10793 = ORIENTED_EDGE ( 'NONE', *, *, #3568, .T. ) ;
#10794 = VECTOR ( 'NONE', #8781, 1000.000000000000000 ) ;
#10795 = CARTESIAN_POINT ( 'NONE',  ( 65.20000000000000284, -50.39999999999999858, 1.000000000000000000 ) ) ;
#10796 = PLANE ( 'NONE',  #1085 ) ;
#10797 = VERTEX_POINT ( 'NONE', #9084 ) ;
#10798 = CARTESIAN_POINT ( 'NONE',  ( 70.20000000000001705, 24.40000000000000568, 1.000000000000000000 ) ) ;
#10799 = LINE ( 'NONE', #10637, #10788 ) ;
#10800 = VECTOR ( 'NONE', #3010, 1000.000000000000000 ) ;
#10801 = VECTOR ( 'NONE', #1889, 1000.000000000000000 ) ;
#10802 = CARTESIAN_POINT ( 'NONE',  ( 51.20000000000000284, 26.89999999999999858, -1.000000000000000000 ) ) ;
#10803 = CARTESIAN_POINT ( 'NONE',  ( 56.20000000000000995, -17.40000000000000213, 1.000000000000000000 ) ) ;
#10804 = CARTESIAN_POINT ( 'NONE',  ( 41.20000000000002416, -35.39999999999999858, 1.000000000000000000 ) ) ;
#10805 = ADVANCED_FACE ( 'NONE', ( #2368 ), #2474, .F. ) ;
#10806 = DIRECTION ( 'NONE',  ( 6.285229985423258662E-17, 1.000000000000000000, 0.000000000000000000 ) ) ;
#10807 = DIRECTION ( 'NONE',  ( -1.000000000000000000, 0.000000000000000000, 0.000000000000000000 ) ) ;
#10808 = EDGE_LOOP ( 'NONE', ( #7549, #2853, #7153, #6339 ) ) ;
#10809 = EDGE_LOOP ( 'NONE', ( #5686, #740, #2740, #2076 ) ) ;
#10810 = AXIS2_PLACEMENT_3D ( 'NONE', #9375, #2605, #4432 ) ;
#10811 = EDGE_CURVE ( 'NONE', #10713, #8037, #2, .T. ) ;
#10812 = DIRECTION ( 'NONE',  ( 0.000000000000000000, -0.000000000000000000, -1.000000000000000000 ) ) ;
#10813 = LINE ( 'NONE', #4996, #8936 ) ;
#10814 = ORIENTED_EDGE ( 'NONE', *, *, #8506, .F. ) ;
#10815 = DIRECTION ( 'NONE',  ( -0.000000000000000000, -0.000000000000000000, -1.000000000000000000 ) ) ;
#10816 = ADVANCED_FACE ( 'NONE', ( #4919 ), #1597, .F. ) ;
#10817 = CARTESIAN_POINT ( 'NONE',  ( -1.800000000000000044, 1.131341397376182023E-16, 0.5000000000000000000 ) ) ;
#10818 = LINE ( 'NONE', #8173, #767 ) ;
#10819 = EDGE_CURVE ( 'NONE', #5579, #3236, #9435, .T. ) ;
#10820 = ORIENTED_EDGE ( 'NONE', *, *, #1166, .T. ) ;
#10821 = EDGE_CURVE ( 'NONE', #4683, #6674, #663, .T. ) ;
#10822 = DIRECTION ( 'NONE',  ( -1.000000000000000000, 0.000000000000000000, -0.000000000000000000 ) ) ;
#10823 = ORIENTED_EDGE ( 'NONE', *, *, #7625, .F. ) ;
#10824 = EDGE_CURVE ( 'NONE', #4133, #9949, #3247, .T. ) ;
#10825 = DIRECTION ( 'NONE',  ( 0.000000000000000000, -1.000000000000000000, 0.000000000000000000 ) ) ;
#10826 = VERTEX_POINT ( 'NONE', #4868 ) ;
#10827 = DIRECTION ( 'NONE',  ( 1.000000000000000000, -4.357233220663877152E-16, -0.000000000000000000 ) ) ;
#10828 = EDGE_CURVE ( 'NONE', #1050, #103, #7523, .T. ) ;
#10829 = DIRECTION ( 'NONE',  ( 1.000000000000000000, 0.000000000000000000, 0.000000000000000000 ) ) ;
#10830 = VECTOR ( 'NONE', #9576, 1000.000000000000000 ) ;
#10831 = EDGE_CURVE ( 'NONE', #4352, #10291, #10902, .T. ) ;
#10832 = AXIS2_PLACEMENT_3D ( 'NONE', #9691, #2097, #8863 ) ;
#10833 = DIRECTION ( 'NONE',  ( 1.000000000000000000, 0.000000000000000000, 0.000000000000000000 ) ) ;
#10834 = ORIENTED_EDGE ( 'NONE', *, *, #8949, .T. ) ;
#10835 = EDGE_LOOP ( 'NONE', ( #5418, #1551, #2754, #6790 ) ) ;
#10836 = DIRECTION ( 'NONE',  ( 0.000000000000000000, 1.000000000000000000, 0.000000000000000000 ) ) ;
#10837 = VECTOR ( 'NONE', #6752, 1000.000000000000000 ) ;
#10838 = CARTESIAN_POINT ( 'NONE',  ( -11.50000000000000711, -68.40000000000000568, 3.000000000000000000 ) ) ;
#10839 = VECTOR ( 'NONE', #8367, 1000.000000000000000 ) ;
#10840 = ORIENTED_EDGE ( 'NONE', *, *, #7364, .T. ) ;
#10841 = EDGE_CURVE ( 'NONE', #5394, #9933, #5031, .T. ) ;
#10842 = LINE ( 'NONE', #9129, #7054 ) ;
#10843 = FACE_OUTER_BOUND ( 'NONE', #4090, .T. ) ;
#10844 = EDGE_CURVE ( 'NONE', #1619, #10568, #2417, .T. ) ;
#10845 = LINE ( 'NONE', #5913, #9914 ) ;
#10846 = CYLINDRICAL_SURFACE ( 'NONE', #2174, 0.5000000000000000000 ) ;
#10847 = AXIS2_PLACEMENT_3D ( 'NONE', #8278, #2292, #7392 ) ;
#10848 = CARTESIAN_POINT ( 'NONE',  ( -3.265688774807065098, 6.949999999999999289, 0.000000000000000000 ) ) ;
#10849 = ORIENTED_EDGE ( 'NONE', *, *, #467, .F. ) ;
#10850 = ORIENTED_EDGE ( 'NONE', *, *, #3732, .T. ) ;
#10851 = EDGE_LOOP ( 'NONE', ( #976, #3428, #304, #10015 ) ) ;
#10852 = LINE ( 'NONE', #5037, #8466 ) ;
#10853 = CARTESIAN_POINT ( 'NONE',  ( -1.800000000000000044, 23.09999999999999787, 0.5000000000000000000 ) ) ;
#10854 = ORIENTED_EDGE ( 'NONE', *, *, #4928, .T. ) ;
#10855 = EDGE_CURVE ( 'NONE', #5789, #4804, #410, .T. ) ;
#10856 = FACE_OUTER_BOUND ( 'NONE', #8191, .T. ) ;
#10857 = CIRCLE ( 'NONE', #3779, 1.000000000000000000 ) ;
#10858 = CARTESIAN_POINT ( 'NONE',  ( 3.499999999999992895, -53.40000000000000568, 1.000000000000000000 ) ) ;
#10859 = LINE ( 'NONE', #7600, #8715 ) ;
#10860 = DIRECTION ( 'NONE',  ( 0.000000000000000000, 0.000000000000000000, -1.000000000000000000 ) ) ;
#10861 = LINE ( 'NONE', #10697, #8608 ) ;
#10862 = CARTESIAN_POINT ( 'NONE',  ( 0.4999999999999882871, -32.39999999999999858, 3.001000000000000334 ) ) ;
#10863 = ADVANCED_FACE ( 'NONE', ( #8414 ), #4034, .T. ) ;
#10864 = PLANE ( 'NONE',  #5333 ) ;
#10865 = ORIENTED_EDGE ( 'NONE', *, *, #762, .T. ) ;
#10866 = ORIENTED_EDGE ( 'NONE', *, *, #1019, .T. ) ;
#10867 = DIRECTION ( 'NONE',  ( 0.000000000000000000, 1.000000000000000000, 0.000000000000000000 ) ) ;
#10868 = LINE ( 'NONE', #5163, #2381 ) ;
#10869 = ORIENTED_EDGE ( 'NONE', *, *, #7456, .F. ) ;
#10870 = CARTESIAN_POINT ( 'NONE',  ( 51.20000000000000284, -1.300000000000000044, 0.5000000000000000000 ) ) ;
#10871 = VECTOR ( 'NONE', #4892, 1000.000000000000000 ) ;
#10872 = DIRECTION ( 'NONE',  ( 0.000000000000000000, 0.000000000000000000, -1.000000000000000000 ) ) ;
#10873 = CARTESIAN_POINT ( 'NONE',  ( 49.79999999999998295, -10.00000000000000888, -7.500000000000000888 ) ) ;
#10874 = EDGE_LOOP ( 'NONE', ( #9452, #10149, #8960, #10889 ) ) ;
#10875 = VECTOR ( 'NONE', #8858, 1000.000000000000000 ) ;
#10876 = AXIS2_PLACEMENT_3D ( 'NONE', #9032, #10736, #3146 ) ;
#10877 = FACE_BOUND ( 'NONE', #1264, .T. ) ;
#10878 = EDGE_LOOP ( 'NONE', ( #7167, #5171, #10393, #4308, #7407 ) ) ;
#10879 = ORIENTED_EDGE ( 'NONE', *, *, #7664, .T. ) ;
#10880 = DIRECTION ( 'NONE',  ( -0.000000000000000000, -0.000000000000000000, -1.000000000000000000 ) ) ;
#10881 = VECTOR ( 'NONE', #9604, 1000.000000000000000 ) ;
#10882 = ORIENTED_EDGE ( 'NONE', *, *, #230, .F. ) ;
#10883 = LINE ( 'NONE', #6678, #7404 ) ;
#10884 = FACE_OUTER_BOUND ( 'NONE', #9738, .T. ) ;
#10885 = EDGE_CURVE ( 'NONE', #1521, #5643, #4201, .T. ) ;
#10886 = CARTESIAN_POINT ( 'NONE',  ( 6.054958374747089990E-15, 27.40000000000000213, 1.000000000000000000 ) ) ;
#10887 = ADVANCED_FACE ( 'NONE', ( #10123 ), #7418, .F. ) ;
#10888 = CARTESIAN_POINT ( 'NONE',  ( 18.50000000000000000, 26.89999999999999858, 3.000000000000000000 ) ) ;
#10889 = ORIENTED_EDGE ( 'NONE', *, *, #3185, .F. ) ;
#10890 = EDGE_LOOP ( 'NONE', ( #10726, #7227, #4211, #10326 ) ) ;
#10891 = CIRCLE ( 'NONE', #815, 0.5000000000000000000 ) ;
#10892 = ORIENTED_EDGE ( 'NONE', *, *, #9286, .T. ) ;
#10893 = CIRCLE ( 'NONE', #8782, 4.000000000000002665 ) ;
#10894 = DIRECTION ( 'NONE',  ( 1.000000000000000000, 0.000000000000000000, 0.000000000000000000 ) ) ;
#10895 = VERTEX_POINT ( 'NONE', #1046 ) ;
#10896 = ORIENTED_EDGE ( 'NONE', *, *, #10905, .F. ) ;
#10897 = DIRECTION ( 'NONE',  ( -0.000000000000000000, -0.000000000000000000, -1.000000000000000000 ) ) ;
#10898 = CARTESIAN_POINT ( 'NONE',  ( 65.20000000000001705, -17.40000000000000213, 3.000000000000000000 ) ) ;
#10899 = LINE ( 'NONE', #4257, #5315 ) ;
#10900 = VECTOR ( 'NONE', #4886, 1000.000000000000000 ) ;
#10901 = EDGE_CURVE ( 'NONE', #4683, #5568, #8577, .T. ) ;
#10902 = LINE ( 'NONE', #6639, #7136 ) ;
#10903 = CIRCLE ( 'NONE', #2404, 0.5000000000000000000 ) ;
#10904 = DIRECTION ( 'NONE',  ( 1.000000000000000000, 1.387778780781444098E-14, 1.387778780781445991E-14 ) ) ;
#10905 = EDGE_CURVE ( 'NONE', #1764, #6571, #5086, .T. ) ;
#10906 = ORIENTED_EDGE ( 'NONE', *, *, #942, .T. ) ;
#10907 = EDGE_CURVE ( 'NONE', #5935, #5813, #3412, .T. ) ;
#10908 = VERTEX_POINT ( 'NONE', #4473 ) ;
#10909 = VERTEX_POINT ( 'NONE', #8470 ) ;
#10910 = DIRECTION ( 'NONE',  ( -1.000000000000000000, 0.000000000000000000, 0.000000000000000000 ) ) ;
#10911 = DIRECTION ( 'NONE',  ( -0.000000000000000000, 1.000000000000000000, 0.000000000000000000 ) ) ;
#10912 = EDGE_LOOP ( 'NONE', ( #1117, #8343, #7194, #5948 ) ) ;
#10913 = DIRECTION ( 'NONE',  ( -9.251858538542971828E-16, -1.000000000000000000, 0.000000000000000000 ) ) ;
#10914 = EDGE_CURVE ( 'NONE', #4528, #10468, #2001, .T. ) ;
#10915 = CARTESIAN_POINT ( 'NONE',  ( 19.50000000000000000, 0.000000000000000000, -13.00000000000000000 ) ) ;
#10916 = FACE_OUTER_BOUND ( 'NONE', #4606, .T. ) ;
#10917 = CARTESIAN_POINT ( 'NONE',  ( 59.20000000000002416, -35.39999999999999858, 1.000000000000000000 ) ) ;
#10918 = EDGE_CURVE ( 'NONE', #2199, #9233, #2645, .T. ) ;
#10919 = TOROIDAL_SURFACE ( 'NONE', #486, 5.799999999999999822, 0.5000000000000000000 ) ;
#10920 = CARTESIAN_POINT ( 'NONE',  ( 49.79999999999998295, -10.00000000000000888, 1.000000000000000000 ) ) ;
#10921 = CARTESIAN_POINT ( 'NONE',  ( 72.20000000000001705, 24.40000000000000568, 1.000000000000000000 ) ) ;
#10922 = DIRECTION ( 'NONE',  ( 0.000000000000000000, 0.000000000000000000, -1.000000000000000000 ) ) ;
#10923 = EDGE_LOOP ( 'NONE', ( #9040, #2895, #565, #2522 ) ) ;
#10924 = ORIENTED_EDGE ( 'NONE', *, *, #2168, .F. ) ;
#10925 = LINE ( 'NONE', #10201, #10582 ) ;
#10926 = CARTESIAN_POINT ( 'NONE',  ( -1.300000000000000044, 18.45000000000000284, 3.000000000000000000 ) ) ;
#10927 = ORIENTED_EDGE ( 'NONE', *, *, #9878, .F. ) ;
#10928 = CARTESIAN_POINT ( 'NONE',  ( 51.20000000000000284, 21.60000000000000142, 0.5000000000000000000 ) ) ;
#10929 = AXIS2_PLACEMENT_3D ( 'NONE', #5008, #8391, #7781 ) ;
#10930 = DIRECTION ( 'NONE',  ( -2.356961244533720211E-16, 1.000000000000000000, 0.000000000000000000 ) ) ;
#10931 = LINE ( 'NONE', #5167, #2708 ) ;
#10932 = ORIENTED_EDGE ( 'NONE', *, *, #7256, .T. ) ;
#10933 = VECTOR ( 'NONE', #5433, 1000.000000000000000 ) ;
#10934 = DIRECTION ( 'NONE',  ( 1.000000000000000000, 0.000000000000000000, 0.000000000000000000 ) ) ;
#10935 = ORIENTED_EDGE ( 'NONE', *, *, #7426, .T. ) ;
#10936 = CARTESIAN_POINT ( 'NONE',  ( 35.50000000000000000, 25.89999999999999858, -1.000000000000000000 ) ) ;
#10937 = ORIENTED_EDGE ( 'NONE', *, *, #4802, .T. ) ;
#10938 = AXIS2_PLACEMENT_3D ( 'NONE', #6223, #9027, #179 ) ;
#10939 = DIRECTION ( 'NONE',  ( 0.000000000000000000, 0.000000000000000000, -1.000000000000000000 ) ) ;
#10940 = DIRECTION ( 'NONE',  ( -0.000000000000000000, -0.000000000000000000, -1.000000000000000000 ) ) ;
#10941 = VECTOR ( 'NONE', #1932, 1000.000000000000000 ) ;
#10942 = DIRECTION ( 'NONE',  ( 0.000000000000000000, -1.000000000000000000, 0.000000000000000000 ) ) ;
#10943 = VECTOR ( 'NONE', #1907, 1000.000000000000000 ) ;
#10944 = CARTESIAN_POINT ( 'NONE',  ( -2.500000000000009326, -35.39999999999999858, 1.000000000000000000 ) ) ;
#10945 = ORIENTED_EDGE ( 'NONE', *, *, #5370, .F. ) ;
#10946 = ORIENTED_EDGE ( 'NONE', *, *, #6168, .F. ) ;
#10947 = ORIENTED_EDGE ( 'NONE', *, *, #6031, .F. ) ;
#10948 = LINE ( 'NONE', #2959, #10767 ) ;
#10949 = CARTESIAN_POINT ( 'NONE',  ( -15.50000000000000711, 36.39999999999999858, 1.000000000000000000 ) ) ;
#10950 = ORIENTED_EDGE ( 'NONE', *, *, #5942, .F. ) ;
#10951 = AXIS2_PLACEMENT_3D ( 'NONE', #5685, #5735, #6517 ) ;
#10952 = EDGE_LOOP ( 'NONE', ( #2483, #2308, #4360, #3519 ) ) ;
#10953 = DIRECTION ( 'NONE',  ( -2.312964634635742957E-16, -1.000000000000000000, 0.000000000000000000 ) ) ;
#10954 = EDGE_CURVE ( 'NONE', #2181, #8675, #886, .T. ) ;
#10955 = LINE ( 'NONE', #9082, #2053 ) ;
#10956 = VECTOR ( 'NONE', #2732, 999.9999999999998863 ) ;
ENDSEC;
END-ISO-10303-21;
