ISO-10303-21;
HEADER;
FILE_DESCRIPTION (( 'STEP AP214' ),
    '1' );
FILE_NAME ('Sensor_Halterung_ESP-NOW_1_Panel.STEP',
    '2026-09-03T05:19:48',
    ( '' ),
    ( '' ),
    'SwSTEP 2.0',
    'SolidWorks 2026',
    '' );
FILE_SCHEMA (( 'AUTOMOTIVE_DESIGN' ));
ENDSEC;

DATA;
#1 = ADVANCED_FACE ( 'NONE', ( #1488 ), #292, .F. ) ;
#2 = VECTOR ( 'NONE', #1955, 1000.000000000000000 ) ;
#3 = EDGE_LOOP ( 'NONE', ( #2814, #1999, #124, #1750 ) ) ;
#4 = DIRECTION ( 'NONE',  ( -0.000000000000000000, -0.000000000000000000, 1.000000000000000000 ) ) ;
#5 = LINE ( 'NONE', #1833, #2883 ) ;
#6 = B_SPLINE_CURVE_WITH_KNOTS ( 'NONE', 3,
 ( #2443, #1331, #864, #2250, #155, #1793, #374, #1299 ),
 .UNSPECIFIED., .F., .F.,
 ( 4, 2, 2, 4 ),
 ( 0.000000000000000000, 0.002086769842312521418, 0.003130154763468761744, 0.004173539684625002071 ),
 .UNSPECIFIED. ) ;
#7 = ORIENTED_EDGE ( 'NONE', *, *, #1435, .T. ) ;
#8 = PRODUCT_CONTEXT ( 'NONE', #323, 'mechanical' ) ;
#9 = VERTEX_POINT ( 'NONE', #367 ) ;
#10 = DIRECTION ( 'NONE',  ( 0.000000000000000000, 0.000000000000000000, 1.000000000000000000 ) ) ;
#11 = AXIS2_PLACEMENT_3D ( 'NONE', #2684, #2892, #384 ) ;
#12 = DIRECTION ( 'NONE',  ( -1.000000000000000000, 0.000000000000000000, 0.000000000000000000 ) ) ;
#13 = DIRECTION ( 'NONE',  ( -0.000000000000000000, -0.000000000000000000, 1.000000000000000000 ) ) ;
#14 = DIRECTION ( 'NONE',  ( 2.312964634635742957E-16, -1.000000000000000000, -0.000000000000000000 ) ) ;
#15 = FACE_OUTER_BOUND ( 'NONE', #755, .T. ) ;
#16 = VECTOR ( 'NONE', #1354, 1000.000000000000000 ) ;
#17 = VERTEX_POINT ( 'NONE', #1718 ) ;
#18 = CARTESIAN_POINT ( 'NONE',  ( 33.76000000000000512, 7.000000000000018652, 97.94999999999998863 ) ) ;
#19 = CARTESIAN_POINT ( 'NONE',  ( 33.76000000000000512, 6.000000000000016875, 97.00000000000000000 ) ) ;
#20 = ORIENTED_EDGE ( 'NONE', *, *, #123, .F. ) ;
#21 = VECTOR ( 'NONE', #1816, 1000.000000000000000 ) ;
#22 = ORIENTED_EDGE ( 'NONE', *, *, #1435, .F. ) ;
#23 = DIRECTION ( 'NONE',  ( 1.000000000000000000, 0.000000000000000000, 0.000000000000000000 ) ) ;
#24 = DIRECTION ( 'NONE',  ( -0.000000000000000000, -0.000000000000000000, 1.000000000000000000 ) ) ;
#25 = EDGE_CURVE ( 'NONE', #898, #721, #1274, .T. ) ;
#26 = CARTESIAN_POINT ( 'NONE',  ( 61.99999999999999289, 23.89999999999999858, 1.999999999999994005 ) ) ;
#27 = DIRECTION ( 'NONE',  ( -0.000000000000000000, -0.000000000000000000, 1.000000000000000000 ) ) ;
#28 = PLANE ( 'NONE',  #2782 ) ;
#29 = EDGE_CURVE ( 'NONE', #1268, #1332, #1292, .T. ) ;
#30 = ORIENTED_EDGE ( 'NONE', *, *, #1469, .F. ) ;
#31 = EDGE_CURVE ( 'NONE', #17, #512, #443, .T. ) ;
#32 = DIRECTION ( 'NONE',  ( 1.000000000000000000, 0.000000000000000000, 0.000000000000000000 ) ) ;
#33 = DIRECTION ( 'NONE',  ( 0.000000000000000000, 0.000000000000000000, 1.000000000000000000 ) ) ;
#34 = ORIENTED_EDGE ( 'NONE', *, *, #306, .F. ) ;
#35 = DIRECTION ( 'NONE',  ( 1.000000000000000000, 0.000000000000000000, 0.000000000000000000 ) ) ;
#36 = EDGE_CURVE ( 'NONE', #2726, #1212, #117, .T. ) ;
#37 = AXIS2_PLACEMENT_3D ( 'NONE', #2738, #1392, #1654 ) ;
#38 = EDGE_CURVE ( 'NONE', #655, #231, #1785, .T. ) ;
#39 = ORIENTED_EDGE ( 'NONE', *, *, #1993, .F. ) ;
#40 = DIRECTION ( 'NONE',  ( 0.000000000000000000, 0.000000000000000000, 1.000000000000000000 ) ) ;
#41 = DIRECTION ( 'NONE',  ( -0.000000000000000000, -0.000000000000000000, 1.000000000000000000 ) ) ;
#42 = CIRCLE ( 'NONE', #470, 2.500000000000002220 ) ;
#43 = CARTESIAN_POINT ( 'NONE',  ( 57.00000000000000000, 6.000000000000022204, 97.00000000000000000 ) ) ;
#44 = LINE ( 'NONE', #1627, #1463 ) ;
#45 = AXIS2_PLACEMENT_3D ( 'NONE', #19, #1819, #1126 ) ;
#46 = ORIENTED_EDGE ( 'NONE', *, *, #1106, .F. ) ;
#47 = CARTESIAN_POINT ( 'NONE',  ( 62.00000000000000000, 23.89999999999999858, 111.9999999999999716 ) ) ;
#48 = MANIFOLD_SOLID_BREP ( 'Verrundung2', #437 ) ;
#49 = CARTESIAN_POINT ( 'NONE',  ( 60.50000000000000711, 5.000000000000023093, 97.00000000000000000 ) ) ;
#50 = ORIENTED_EDGE ( 'NONE', *, *, #2579, .F. ) ;
#51 = ORIENTED_EDGE ( 'NONE', *, *, #1954, .F. ) ;
#52 = PLANE ( 'NONE',  #1722 ) ;
#53 = EDGE_LOOP ( 'NONE', ( #2442, #578, #1239, #2777 ) ) ;
#54 = DIRECTION ( 'NONE',  ( 0.000000000000000000, -0.000000000000000000, -1.000000000000000000 ) ) ;
#55 = CARTESIAN_POINT ( 'NONE',  ( 57.00000000000000000, 7.000000000000022204, 97.00000000000000000 ) ) ;
#56 = EDGE_CURVE ( 'NONE', #501, #2045, #1848, .T. ) ;
#57 = PRODUCT_DEFINITION_FORMATION_WITH_SPECIFIED_SOURCE ( 'ANY', '', #1177, .NOT_KNOWN. ) ;
#58 = DIRECTION ( 'NONE',  ( -1.000000000000000000, -2.312964634635742957E-16, 0.000000000000000000 ) ) ;
#59 = AXIS2_PLACEMENT_3D ( 'NONE', #1329, #614, #831 ) ;
#60 = CARTESIAN_POINT ( 'NONE',  ( 62.00000000000000000, 2.401923788646708857, 25.87999999999999901 ) ) ;
#61 = VECTOR ( 'NONE', #2542, 1000.000000000000000 ) ;
#62 = EDGE_LOOP ( 'NONE', ( #261, #2857, #1987, #191 ) ) ;
#63 = DIRECTION ( 'NONE',  ( -0.000000000000000000, 0.000000000000000000, -1.000000000000000000 ) ) ;
#64 = DIRECTION ( 'NONE',  ( -0.000000000000000000, 1.000000000000000000, -0.000000000000000000 ) ) ;
#65 = ORIENTED_EDGE ( 'NONE', *, *, #2635, .T. ) ;
#66 = VERTEX_POINT ( 'NONE', #1161 ) ;
#67 = VECTOR ( 'NONE', #2390, 1000.000000000000000 ) ;
#68 = VECTOR ( 'NONE', #701, 1000.000000000000000 ) ;
#69 = VERTEX_POINT ( 'NONE', #1585 ) ;
#70 = FACE_OUTER_BOUND ( 'NONE', #1545, .T. ) ;
#71 = EDGE_CURVE ( 'NONE', #2435, #336, #1147, .T. ) ;
#72 = DIRECTION ( 'NONE',  ( -0.000000000000000000, -0.000000000000000000, -1.000000000000000000 ) ) ;
#73 = CARTESIAN_POINT ( 'NONE',  ( 4.699999999999987743, 3.000000000000000000, 106.0000000000000000 ) ) ;
#74 = CARTESIAN_POINT ( 'NONE',  ( 1.300000000000011147, 3.000000000000000000, 112.0000000000000000 ) ) ;
#75 = EDGE_CURVE ( 'NONE', #1810, #1266, #403, .T. ) ;
#76 = ORIENTED_EDGE ( 'NONE', *, *, #1605, .F. ) ;
#77 = PLANE ( 'NONE',  #2064 ) ;
#78 = CARTESIAN_POINT ( 'NONE',  ( 56.99999999999999289, 22.39999999999999503, 57.00000000000000711 ) ) ;
#79 = ORIENTED_EDGE ( 'NONE', *, *, #877, .F. ) ;
#80 = ORIENTED_EDGE ( 'NONE', *, *, #1725, .T. ) ;
#81 = FACE_OUTER_BOUND ( 'NONE', #2399, .T. ) ;
#82 = DIRECTION ( 'NONE',  ( -2.312964634635742957E-16, 1.000000000000000000, 0.000000000000000000 ) ) ;
#83 = AXIS2_PLACEMENT_3D ( 'NONE', #1400, #433, #686 ) ;
#84 = EDGE_CURVE ( 'NONE', #1261, #397, #2984, .T. ) ;
#85 = ORIENTED_EDGE ( 'NONE', *, *, #663, .T. ) ;
#86 = DIRECTION ( 'NONE',  ( -1.000000000000000000, -3.469446951953611231E-16, 0.000000000000000000 ) ) ;
#87 = ORIENTED_EDGE ( 'NONE', *, *, #438, .T. ) ;
#88 = VECTOR ( 'NONE', #2854, 1000.000000000000000 ) ;
#89 = ORIENTED_EDGE ( 'NONE', *, *, #1681, .T. ) ;
#90 = EDGE_CURVE ( 'NONE', #1807, #2129, #1804, .T. ) ;
#91 = LINE ( 'NONE', #1474, #1243 ) ;
#92 = CARTESIAN_POINT ( 'NONE',  ( 33.76000000000000512, 7.000000000000018652, 25.87999999999999901 ) ) ;
#93 = EDGE_CURVE ( 'NONE', #377, #2656, #2281, .T. ) ;
#94 = ADVANCED_FACE ( 'NONE', ( #932 ), #684, .F. ) ;
#95 = CIRCLE ( 'NONE', #1788, 6.499999999999999112 ) ;
#96 = ORIENTED_EDGE ( 'NONE', *, *, #2207, .F. ) ;
#97 = ORIENTED_EDGE ( 'NONE', *, *, #1421, .F. ) ;
#98 = AXIS2_PLACEMENT_3D ( 'NONE', #1726, #607, #1967 ) ;
#99 = CARTESIAN_POINT ( 'NONE',  ( 59.50000000000000711, 6.000000000000023093, 97.00000000000000000 ) ) ;
#100 = CARTESIAN_POINT ( 'NONE',  ( 61.99999999999999289, 17.89999999999999503, 112.0000000000000000 ) ) ;
#101 = DIRECTION ( 'NONE',  ( -0.000000000000000000, 1.000000000000000000, -0.000000000000000000 ) ) ;
#102 = PLANE ( 'NONE',  #2983 ) ;
#103 = VECTOR ( 'NONE', #2382, 1000.000000000000000 ) ;
#104 = VERTEX_POINT ( 'NONE', #1103 ) ;
#105 = CARTESIAN_POINT ( 'NONE',  ( 61.99999999999999289, 2.101035203619193936, 23.11584945358697141 ) ) ;
#106 = AXIS2_PLACEMENT_3D ( 'NONE', #699, #490, #208 ) ;
#107 = CARTESIAN_POINT ( 'NONE',  ( 25.49999999999999645, 1.500000000000011324, 15.79999999999999538 ) ) ;
#108 = ORIENTED_EDGE ( 'NONE', *, *, #2047, .F. ) ;
#109 = AXIS2_PLACEMENT_3D ( 'NONE', #1456, #1178, #2377 ) ;
#110 = ORIENTED_EDGE ( 'NONE', *, *, #1359, .T. ) ;
#111 = CARTESIAN_POINT ( 'NONE',  ( 60.00000000000000000, 26.49999999999999645, 111.9999999999999716 ) ) ;
#112 = DIRECTION ( 'NONE',  ( 2.312964634635742957E-16, -1.000000000000000000, 0.000000000000000000 ) ) ;
#113 = VECTOR ( 'NONE', #2505, 1000.000000000000000 ) ;
#114 = AXIS2_PLACEMENT_3D ( 'NONE', #1259, #101, #2683 ) ;
#115 = CARTESIAN_POINT ( 'NONE',  ( 1.300000000000012035, 20.89999999999999503, 106.0000000000000000 ) ) ;
#116 = FACE_OUTER_BOUND ( 'NONE', #2628, .T. ) ;
#117 = LINE ( 'NONE', #808, #641 ) ;
#118 = VERTEX_POINT ( 'NONE', #630 ) ;
#119 = DIRECTION ( 'NONE',  ( 1.000000000000000000, 0.000000000000000000, 0.000000000000000000 ) ) ;
#120 = DIRECTION ( 'NONE',  ( -2.312964634635742957E-16, 1.000000000000000000, 0.000000000000000000 ) ) ;
#121 = ADVANCED_FACE ( 'NONE', ( #673 ), #2945, .T. ) ;
#122 = ORIENTED_EDGE ( 'NONE', *, *, #2599, .F. ) ;
#123 = EDGE_CURVE ( 'NONE', #17, #1524, #1614, .T. ) ;
#124 = ORIENTED_EDGE ( 'NONE', *, *, #1729, .T. ) ;
#125 = DIRECTION ( 'NONE',  ( -0.9578262852211518741, 0.2873478855663438303, 1.172998894335283251E-16 ) ) ;
#126 = EDGE_CURVE ( 'NONE', #1141, #2208, #874, .T. ) ;
#127 = DIRECTION ( 'NONE',  ( 2.312964634635742957E-16, -1.000000000000000000, -0.000000000000000000 ) ) ;
#128 = ADVANCED_FACE ( 'NONE', ( #210 ), #2614, .F. ) ;
#129 = EDGE_LOOP ( 'NONE', ( #2596, #2956, #712, #242 ) ) ;
#130 = DIRECTION ( 'NONE',  ( 0.000000000000000000, -1.000000000000000000, 0.000000000000000000 ) ) ;
#131 = LINE ( 'NONE', #366, #2176 ) ;
#132 = ORIENTED_EDGE ( 'NONE', *, *, #555, .T. ) ;
#133 = VERTEX_POINT ( 'NONE', #2488 ) ;
#134 = DIRECTION ( 'NONE',  ( -1.000000000000000000, -2.312964634635742957E-16, 0.000000000000000000 ) ) ;
#135 = DIRECTION ( 'NONE',  ( -1.000000000000000000, -2.312964634635742957E-16, 0.000000000000000000 ) ) ;
#136 = CARTESIAN_POINT ( 'NONE',  ( 60.50000000000000711, 5.000000000000023093, 25.87999999999999901 ) ) ;
#137 = ORIENTED_EDGE ( 'NONE', *, *, #658, .F. ) ;
#138 = CARTESIAN_POINT ( 'NONE',  ( 25.49999999999999645, 1.500000000000011324, 15.79999999999999538 ) ) ;
#139 = AXIS2_PLACEMENT_3D ( 'NONE', #850, #2951, #2029 ) ;
#140 = ORIENTED_EDGE ( 'NONE', *, *, #1887, .F. ) ;
#141 = DIRECTION ( 'NONE',  ( 0.000000000000000000, 0.000000000000000000, 1.000000000000000000 ) ) ;
#142 = LINE ( 'NONE', #2661, #2947 ) ;
#143 = VECTOR ( 'NONE', #1687, 1000.000000000000000 ) ;
#144 = ORIENTED_EDGE ( 'NONE', *, *, #1940, .T. ) ;
#145 = LINE ( 'NONE', #2166, #2335 ) ;
#146 = CARTESIAN_POINT ( 'NONE',  ( 60.00000000000000000, 27.99999999999999645, 1.999999999999988010 ) ) ;
#147 = ADVANCED_FACE ( 'NONE', ( #2065, #416 ), #1339, .T. ) ;
#148 = DIRECTION ( 'NONE',  ( -0.8571673007021112234, 1.049727191138617340E-16, 0.5150380749100560429 ) ) ;
#149 = EDGE_LOOP ( 'NONE', ( #1937, #1197, #1445, #1124, #1666, #2771 ) ) ;
#150 = DIRECTION ( 'NONE',  ( -0.000000000000000000, 1.000000000000000000, -0.000000000000000000 ) ) ;
#151 = LINE ( 'NONE', #1043, #1632 ) ;
#152 = CARTESIAN_POINT ( 'NONE',  ( 60.00000000000000000, 26.49999999999999645, 4.000000000000000888 ) ) ;
#153 = VERTEX_POINT ( 'NONE', #1826 ) ;
#154 = VECTOR ( 'NONE', #2840, 1000.000000000000000 ) ;
#155 = CARTESIAN_POINT ( 'NONE',  ( 62.00000000000000000, 2.306022785974003675, 95.61369001619357277 ) ) ;
#156 = ORIENTED_EDGE ( 'NONE', *, *, #2853, .T. ) ;
#157 = CARTESIAN_POINT ( 'NONE',  ( 31.26000000000000156, 6.000000000000015987, 97.00000000000000000 ) ) ;
#158 = FACE_OUTER_BOUND ( 'NONE', #2780, .T. ) ;
#159 = EDGE_CURVE ( 'NONE', #2450, #2884, #1658, .T. ) ;
#160 = EDGE_CURVE ( 'NONE', #1332, #1425, #1441, .T. ) ;
#161 = ORIENTED_EDGE ( 'NONE', *, *, #1767, .T. ) ;
#162 = DIRECTION ( 'NONE',  ( 0.000000000000000000, 0.000000000000000000, 1.000000000000000000 ) ) ;
#163 = DIRECTION ( 'NONE',  ( 2.312964634635742957E-16, -1.000000000000000000, 0.000000000000000000 ) ) ;
#164 = AXIS2_PLACEMENT_3D ( 'NONE', #2512, #2968, #162 ) ;
#165 = VERTEX_POINT ( 'NONE', #73 ) ;
#166 = VECTOR ( 'NONE', #546, 999.9999999999998863 ) ;
#167 = DIRECTION ( 'NONE',  ( -0.8571673007021121116, 1.049727191138618449E-16, 0.5150380749100544886 ) ) ;
#168 = FACE_BOUND ( 'NONE', #457, .T. ) ;
#169 = EDGE_CURVE ( 'NONE', #1268, #504, #1903, .T. ) ;
#170 = DIRECTION ( 'NONE',  ( 0.7071067811865524577, -0.000000000000000000, 0.7071067811865425767 ) ) ;
#171 = ORIENTED_EDGE ( 'NONE', *, *, #1830, .T. ) ;
#172 = CARTESIAN_POINT ( 'NONE',  ( 109.9999999999999858, 23.89999999999999858, 49.99999999999929656 ) ) ;
#173 = VERTEX_POINT ( 'NONE', #964 ) ;
#174 = PLANE ( 'NONE',  #232 ) ;
#175 = DIRECTION ( 'NONE',  ( 0.000000000000000000, 0.9578262852211518741, -0.2873478855663438303 ) ) ;
#176 = VERTEX_POINT ( 'NONE', #252 ) ;
#177 = FACE_OUTER_BOUND ( 'NONE', #2895, .T. ) ;
#178 = DIRECTION ( 'NONE',  ( 0.000000000000000000, 1.000000000000000000, 0.000000000000000000 ) ) ;
#179 = ORIENTED_EDGE ( 'NONE', *, *, #2929, .F. ) ;
#180 = EDGE_CURVE ( 'NONE', #2103, #2615, #507, .T. ) ;
#181 = CARTESIAN_POINT ( 'NONE',  ( 50.50000000000000000, 5.000000000000020428, 25.87999999999999901 ) ) ;
#182 = PLANE ( 'NONE',  #205 ) ;
#183 = DIRECTION ( 'NONE',  ( -0.000000000000000000, -0.000000000000000000, -1.000000000000000000 ) ) ;
#184 = CIRCLE ( 'NONE', #902, 1.699999999999989742 ) ;
#185 = EDGE_CURVE ( 'NONE', #512, #17, #343, .T. ) ;
#186 = ORIENTED_EDGE ( 'NONE', *, *, #1603, .F. ) ;
#187 = CIRCLE ( 'NONE', #1883, 1.000000000000000888 ) ;
#188 = DIRECTION ( 'NONE',  ( 0.000000000000000000, -1.000000000000000000, 0.000000000000000000 ) ) ;
#189 = EDGE_CURVE ( 'NONE', #1130, #231, #1415, .T. ) ;
#190 = TOROIDAL_SURFACE ( 'NONE', #1877, 2.500000000000000888, 1.000000000000000000 ) ;
#191 = ORIENTED_EDGE ( 'NONE', *, *, #2750, .T. ) ;
#192 = DIRECTION ( 'NONE',  ( -0.000000000000000000, -0.000000000000000000, 1.000000000000000000 ) ) ;
#193 = AXIS2_PLACEMENT_3D ( 'NONE', #1037, #543, #1063 ) ;
#194 = ORIENTED_EDGE ( 'NONE', *, *, #1549, .T. ) ;
#195 = CARTESIAN_POINT ( 'NONE',  ( 57.99999999999998579, 17.89999999999999503, 112.0000000000000000 ) ) ;
#196 = FACE_OUTER_BOUND ( 'NONE', #455, .T. ) ;
#197 = DIRECTION ( 'NONE',  ( 0.000000000000000000, 0.000000000000000000, 1.000000000000000000 ) ) ;
#198 = DIRECTION ( 'NONE',  ( 0.000000000000000000, 1.000000000000000000, 0.000000000000000000 ) ) ;
#199 = AXIS2_PLACEMENT_3D ( 'NONE', #2192, #2681, #2001 ) ;
#200 = CYLINDRICAL_SURFACE ( 'NONE', #2931, 1.699999999999988853 ) ;
#201 = VERTEX_POINT ( 'NONE', #732 ) ;
#202 = LINE ( 'NONE', #1878, #763 ) ;
#203 = VECTOR ( 'NONE', #2410, 1000.000000000000000 ) ;
#204 = ORIENTED_EDGE ( 'NONE', *, *, #1028, .F. ) ;
#205 = AXIS2_PLACEMENT_3D ( 'NONE', #1719, #2639, #2199 ) ;
#206 = ORIENTED_EDGE ( 'NONE', *, *, #1328, .T. ) ;
#207 = CARTESIAN_POINT ( 'NONE',  ( 6.000000000000002665, 17.89999999999999858, 102.0000000000000142 ) ) ;
#208 = DIRECTION ( 'NONE',  ( -1.000000000000000000, -3.469446951953611231E-16, 0.000000000000000000 ) ) ;
#209 = VECTOR ( 'NONE', #948, 1000.000000000000000 ) ;
#210 = FACE_OUTER_BOUND ( 'NONE', #1696, .T. ) ;
#211 = LINE ( 'NONE', #933, #68 ) ;
#212 = FACE_OUTER_BOUND ( 'NONE', #1570, .T. ) ;
#213 = VECTOR ( 'NONE', #150, 1000.000000000000000 ) ;
#214 = EDGE_LOOP ( 'NONE', ( #2224, #2565, #982, #858, #2184, #1027, #1534, #945, #768, #1436, #280, #2691, #2768 ) ) ;
#215 = DIRECTION ( 'NONE',  ( -2.312964634635742957E-16, 1.000000000000000000, 0.000000000000000000 ) ) ;
#216 = EDGE_CURVE ( 'NONE', #363, #1254, #1265, .T. ) ;
#217 = ORIENTED_EDGE ( 'NONE', *, *, #1986, .T. ) ;
#218 = DIRECTION ( 'NONE',  ( 0.000000000000000000, 1.000000000000000000, 0.000000000000000000 ) ) ;
#219 = EDGE_CURVE ( 'NONE', #2656, #377, #734, .T. ) ;
#220 = ORIENTED_EDGE ( 'NONE', *, *, #1003, .T. ) ;
#221 = CARTESIAN_POINT ( 'NONE',  ( 57.00000000000000000, 2.000000000000017319, 24.93000000000001393 ) ) ;
#222 = CARTESIAN_POINT ( 'NONE',  ( 4.000000000000009770, 2.000000000000008882, 92.00000000000000000 ) ) ;
#223 = EDGE_CURVE ( 'NONE', #434, #2644, #1364, .T. ) ;
#224 = DIRECTION ( 'NONE',  ( 0.000000000000000000, 0.000000000000000000, 1.000000000000000000 ) ) ;
#225 = PLANE ( 'NONE',  #557 ) ;
#226 = ORIENTED_EDGE ( 'NONE', *, *, #1513, .F. ) ;
#227 = DIRECTION ( 'NONE',  ( 0.000000000000000000, 0.000000000000000000, -1.000000000000000000 ) ) ;
#228 = CIRCLE ( 'NONE', #37, 3.499999999999999556 ) ;
#229 = CARTESIAN_POINT ( 'NONE',  ( 33.76000000000000512, 1.429182411923833884, 97.00000000000000000 ) ) ;
#230 = ADVANCED_FACE ( 'NONE', ( #2605 ), #494, .F. ) ;
#231 = VERTEX_POINT ( 'NONE', #477 ) ;
#232 = AXIS2_PLACEMENT_3D ( 'NONE', #2086, #1095, #258 ) ;
#233 = ORIENTED_EDGE ( 'NONE', *, *, #752, .T. ) ;
#234 = CARTESIAN_POINT ( 'NONE',  ( 4.000000000000001776, 27.99999999999999645, 4.000000000000003553 ) ) ;
#235 = FACE_OUTER_BOUND ( 'NONE', #1423, .T. ) ;
#236 = DIRECTION ( 'NONE',  ( -2.312964634635742957E-16, 1.000000000000000000, 0.000000000000000000 ) ) ;
#237 = DIRECTION ( 'NONE',  ( -0.000000000000000000, -0.000000000000000000, -1.000000000000000000 ) ) ;
#238 = VECTOR ( 'NONE', #2832, 999.9999999999998863 ) ;
#239 = ORIENTED_EDGE ( 'NONE', *, *, #2886, .F. ) ;
#240 = CARTESIAN_POINT ( 'NONE',  ( 0.000000000000000000, 0.000000000000000000, 0.000000000000000000 ) ) ;
#241 = PLANE ( 'NONE',  #1590 ) ;
#242 = ORIENTED_EDGE ( 'NONE', *, *, #623, .F. ) ;
#243 = CARTESIAN_POINT ( 'NONE',  ( 62.00000000000000000, 2.000000000000022649, 2.000000000000000000 ) ) ;
#244 = EDGE_CURVE ( 'NONE', #397, #1018, #2347, .T. ) ;
#245 = CIRCLE ( 'NONE', #1258, 0.9499999999999855227 ) ;
#246 = ORIENTED_EDGE ( 'NONE', *, *, #2383, .T. ) ;
#247 = DIRECTION ( 'NONE',  ( 0.000000000000000000, 0.000000000000000000, 1.000000000000000000 ) ) ;
#248 = AXIS2_PLACEMENT_3D ( 'NONE', #1341, #2261, #876 ) ;
#249 = DIRECTION ( 'NONE',  ( -0.000000000000000000, 0.000000000000000000, -1.000000000000000000 ) ) ;
#250 = ADVANCED_FACE ( 'NONE', ( #1233 ), #518, .T. ) ;
#251 = EDGE_CURVE ( 'NONE', #2932, #1377, #2816, .T. ) ;
#252 = CARTESIAN_POINT ( 'NONE',  ( 4.699999999999987743, 20.89999999999999503, 106.0000000000000000 ) ) ;
#253 = CARTESIAN_POINT ( 'NONE',  ( -1.842303226424991723E-16, 1.500000000000008216, 2.755233050819510059E-32 ) ) ;
#254 = FACE_OUTER_BOUND ( 'NONE', #1945, .T. ) ;
#255 = AXIS2_PLACEMENT_3D ( 'NONE', #533, #1398, #86 ) ;
#256 = VERTEX_POINT ( 'NONE', #26 ) ;
#257 = EDGE_CURVE ( 'NONE', #2155, #2197, #2774, .T. ) ;
#258 = DIRECTION ( 'NONE',  ( -5.782411586589352708E-16, -1.000000000000000000, 0.000000000000000000 ) ) ;
#259 = CARTESIAN_POINT ( 'NONE',  ( 4.000000000000001776, 26.49999999999999645, 112.0000000000000000 ) ) ;
#260 = VECTOR ( 'NONE', #2621, 1000.000000000000000 ) ;
#261 = ORIENTED_EDGE ( 'NONE', *, *, #526, .F. ) ;
#262 = ORIENTED_EDGE ( 'NONE', *, *, #2385, .F. ) ;
#263 = CYLINDRICAL_SURFACE ( 'NONE', #2646, 3.500000000000003109 ) ;
#264 = CARTESIAN_POINT ( 'NONE',  ( 3.000000000000000000, 3.000000000000000000, 106.0000000000000000 ) ) ;
#265 = DIRECTION ( 'NONE',  ( 2.312964634635742957E-16, -1.000000000000000000, -0.000000000000000000 ) ) ;
#266 = CARTESIAN_POINT ( 'NONE',  ( 62.00000000000000000, 2.401923788646708857, 97.00000000000000000 ) ) ;
#267 = ORIENTED_EDGE ( 'NONE', *, *, #1729, .F. ) ;
#268 = LINE ( 'NONE', #1664, #1343 ) ;
#269 = CARTESIAN_POINT ( 'NONE',  ( 33.76000000000000512, 2.000000000000011990, 97.00000000000000000 ) ) ;
#270 = ORIENTED_EDGE ( 'NONE', *, *, #1201, .T. ) ;
#271 = VERTEX_POINT ( 'NONE', #1220 ) ;
#272 = ADVANCED_FACE ( 'NONE', ( #2787 ), #1901, .T. ) ;
#273 = ORIENTED_EDGE ( 'NONE', *, *, #2228, .F. ) ;
#274 = CARTESIAN_POINT ( 'NONE',  ( 33.76000000000000512, 2.000000000000011990, 25.87999999999999901 ) ) ;
#275 = LINE ( 'NONE', #530, #1016 ) ;
#276 = AXIS2_PLACEMENT_3D ( 'NONE', #2672, #1263, #613 ) ;
#277 = CARTESIAN_POINT ( 'NONE',  ( 2.000000000000001776, 22.39999999999999503, 112.0000000000000000 ) ) ;
#278 = CARTESIAN_POINT ( 'NONE',  ( 61.99999999999999289, 2.255091838852735453, 27.60975631065005587 ) ) ;
#279 = CIRCLE ( 'NONE', #2210, 1.699999999999993072 ) ;
#280 = ORIENTED_EDGE ( 'NONE', *, *, #688, .F. ) ;
#281 = CONICAL_SURFACE ( 'NONE', #559, 0.9499999999999855227, 1.029744258676650759 ) ;
#282 = CARTESIAN_POINT ( 'NONE',  ( 61.99999999999998579, 2.255477114198970678, 24.15283563508582176 ) ) ;
#283 = CARTESIAN_POINT ( 'NONE',  ( 57.99999999999998579, 2.030455214982786583, 102.9262058022886919 ) ) ;
#284 = ADVANCED_FACE ( 'NONE', ( #980 ), #1855, .F. ) ;
#285 = VERTEX_POINT ( 'NONE', #1915 ) ;
#286 = ORIENTED_EDGE ( 'NONE', *, *, #2079, .T. ) ;
#287 = EDGE_CURVE ( 'NONE', #118, #2204, #1024, .T. ) ;
#288 = EDGE_LOOP ( 'NONE', ( #262, #2343, #1963, #300 ) ) ;
#289 = CARTESIAN_POINT ( 'NONE',  ( 30.26000000000000512, 7.000000000000015987, 25.87999999999999901 ) ) ;
#290 = EDGE_CURVE ( 'NONE', #1377, #2537, #1536, .T. ) ;
#291 = PLANE ( 'NONE',  #2601 ) ;
#292 = CONICAL_SURFACE ( 'NONE', #771, 1.699999999999987965, 1.029744258676652313 ) ;
#293 = DIRECTION ( 'NONE',  ( 1.000000000000000000, 2.312964634635742957E-16, 0.000000000000000000 ) ) ;
#294 = AXIS2_PLACEMENT_3D ( 'NONE', #408, #878, #2655 ) ;
#295 = CARTESIAN_POINT ( 'NONE',  ( 62.00000000000000000, 2.000000000000020428, 29.33715798177112433 ) ) ;
#296 = VECTOR ( 'NONE', #1053, 1000.000000000000114 ) ;
#297 = ORIENTED_EDGE ( 'NONE', *, *, #603, .T. ) ;
#298 = FACE_OUTER_BOUND ( 'NONE', #1314, .T. ) ;
#299 = DIRECTION ( 'NONE',  ( 0.000000000000000000, 0.000000000000000000, 1.000000000000000000 ) ) ;
#300 = ORIENTED_EDGE ( 'NONE', *, *, #1914, .T. ) ;
#301 = EDGE_CURVE ( 'NONE', #2061, #2125, #145, .T. ) ;
#302 = AXIS2_PLACEMENT_3D ( 'NONE', #253, #1841, #2788 ) ;
#303 = ORIENTED_EDGE ( 'NONE', *, *, #1070, .F. ) ;
#304 = CARTESIAN_POINT ( 'NONE',  ( 4.699999999999988631, 3.000000000000000000, 112.0000000000000000 ) ) ;
#305 = DIRECTION ( 'NONE',  ( 2.312964634635742957E-16, -1.000000000000000000, 0.000000000000000000 ) ) ;
#306 = EDGE_CURVE ( 'NONE', #735, #468, #803, .T. ) ;
#307 = CARTESIAN_POINT ( 'NONE',  ( 57.00000000000000000, 2.000000000000017319, 97.00000000000000000 ) ) ;
#308 = DIRECTION ( 'NONE',  ( 0.000000000000000000, 0.000000000000000000, 1.000000000000000000 ) ) ;
#309 = VERTEX_POINT ( 'NONE', #2433 ) ;
#310 = DIRECTION ( 'NONE',  ( -1.000000000000000000, -3.469446951953611231E-16, 0.000000000000000000 ) ) ;
#311 = DIRECTION ( 'NONE',  ( 0.000000000000000000, 0.000000000000000000, 1.000000000000000000 ) ) ;
#312 = EDGE_LOOP ( 'NONE', ( #137, #2033, #1667, #2964 ) ) ;
#313 = ORIENTED_EDGE ( 'NONE', *, *, #2760, .T. ) ;
#314 = LINE ( 'NONE', #111, #2887 ) ;
#315 = DIRECTION ( 'NONE',  ( 0.000000000000000000, 0.000000000000000000, 1.000000000000000000 ) ) ;
#316 = CARTESIAN_POINT ( 'NONE',  ( 61.00000000000000000, 3.000000000000000000, 106.0000000000000000 ) ) ;
#317 = LINE ( 'NONE', #1958, #1635 ) ;
#318 = CIRCLE ( 'NONE', #2499, 3.500000000000003109 ) ;
#319 = ORIENTED_EDGE ( 'NONE', *, *, #464, .T. ) ;
#320 = DIRECTION ( 'NONE',  ( 0.000000000000000000, 1.000000000000000000, 0.000000000000000000 ) ) ;
#321 = CARTESIAN_POINT ( 'NONE',  ( 33.76000000000000512, 7.000000000000016875, 97.00000000000000000 ) ) ;
#322 = CIRCLE ( 'NONE', #2400, 3.000000000000002665 ) ;
#323 = APPLICATION_CONTEXT ( 'automotive_design' ) ;
#324 = VECTOR ( 'NONE', #1761, 1000.000000000000000 ) ;
#325 = ORIENTED_EDGE ( 'NONE', *, *, #708, .T. ) ;
#326 = ADVANCED_FACE ( 'NONE', ( #1988 ), #1957, .T. ) ;
#327 = ORIENTED_EDGE ( 'NONE', *, *, #1549, .F. ) ;
#328 = CYLINDRICAL_SURFACE ( 'NONE', #2119, 1.699999999999993072 ) ;
#329 = ADVANCED_FACE ( 'NONE', ( #1007 ), #1927, .F. ) ;
#330 = DIRECTION ( 'NONE',  ( 0.000000000000000000, 0.000000000000000000, -1.000000000000000000 ) ) ;
#331 = DIRECTION ( 'NONE',  ( 1.049727191138616354E-16, 0.5150380749100574862, -0.8571673007021104462 ) ) ;
#332 = DIRECTION ( 'NONE',  ( -0.000000000000000000, 0.000000000000000000, -1.000000000000000000 ) ) ;
#333 = ADVANCED_FACE ( 'NONE', ( #2866 ), #1941, .T. ) ;
#334 = AXIS2_PLACEMENT_3D ( 'NONE', #339, #2949, #1527 ) ;
#335 = CARTESIAN_POINT ( 'NONE',  ( 32.00000000000000000, 22.39999999999999503, 32.00000000000000000 ) ) ;
#336 = VERTEX_POINT ( 'NONE', #2451 ) ;
#337 = DIRECTION ( 'NONE',  ( -0.000000000000000000, -0.000000000000000000, 1.000000000000000000 ) ) ;
#338 = VECTOR ( 'NONE', #1852, 1000.000000000000000 ) ;
#339 = CARTESIAN_POINT ( 'NONE',  ( 27.26000000000000512, 5.000000000000015099, 97.00000000000000000 ) ) ;
#340 = EDGE_CURVE ( 'NONE', #468, #2941, #2234, .T. ) ;
#341 = EDGE_LOOP ( 'NONE', ( #2287, #1047, #652, #1647 ) ) ;
#342 = EDGE_CURVE ( 'NONE', #1528, #2852, #2725, .T. ) ;
#343 = CIRCLE ( 'NONE', #2089, 0.9499999999999786393 ) ;
#344 = ORIENTED_EDGE ( 'NONE', *, *, #777, .T. ) ;
#345 = FACE_OUTER_BOUND ( 'NONE', #2842, .T. ) ;
#346 = CARTESIAN_POINT ( 'NONE',  ( 33.76000000000000512, 7.000000000000016875, 25.87999999999999901 ) ) ;
#347 = EDGE_CURVE ( 'NONE', #66, #2644, #2093, .T. ) ;
#348 = CIRCLE ( 'NONE', #541, 3.500000000000003109 ) ;
#349 = ORIENTED_EDGE ( 'NONE', *, *, #978, .F. ) ;
#350 = CARTESIAN_POINT ( 'NONE',  ( 33.76000000000000512, 5.000000000000016875, 97.00000000000000000 ) ) ;
#351 = CARTESIAN_POINT ( 'NONE',  ( 2.000000000000001776, 27.99999999999999645, 4.000000000000000000 ) ) ;
#352 = ORIENTED_EDGE ( 'NONE', *, *, #1513, .T. ) ;
#353 = EDGE_LOOP ( 'NONE', ( #1707, #313, #156, #2690 ) ) ;
#354 = PLANE ( 'NONE',  #689 ) ;
#355 = FACE_OUTER_BOUND ( 'NONE', #996, .T. ) ;
#356 = CARTESIAN_POINT ( 'NONE',  ( 25.49999999999999645, 2.000000000000011102, 15.79999999999999538 ) ) ;
#357 = ORIENTED_EDGE ( 'NONE', *, *, #2221, .F. ) ;
#358 = DIRECTION ( 'NONE',  ( -1.000000000000000000, 0.000000000000000000, 0.000000000000000000 ) ) ;
#359 = EDGE_CURVE ( 'NONE', #153, #1847, #1470, .T. ) ;
#360 = VERTEX_POINT ( 'NONE', #2875 ) ;
#361 = CARTESIAN_POINT ( 'NONE',  ( 6.000000000000001776, 6.000000000000015987, 112.0000000000000000 ) ) ;
#362 = PLANE ( 'NONE',  #199 ) ;
#363 = VERTEX_POINT ( 'NONE', #1051 ) ;
#364 = CARTESIAN_POINT ( 'NONE',  ( 2.000000000000001776, 17.89999999999999858, 112.0000000000000000 ) ) ;
#365 = AXIS2_PLACEMENT_3D ( 'NONE', #419, #935, #479 ) ;
#366 = CARTESIAN_POINT ( 'NONE',  ( 4.699999999999988631, 20.89999999999999503, 112.0000000000000000 ) ) ;
#367 = CARTESIAN_POINT ( 'NONE',  ( 50.50000000000000000, 2.000000000000019984, 97.00000000000000000 ) ) ;
#368 = ORIENTED_EDGE ( 'NONE', *, *, #2173, .T. ) ;
#369 = CARTESIAN_POINT ( 'NONE',  ( 4.000000000000001776, 27.99999999999999645, 4.000000000000001776 ) ) ;
#370 = LINE ( 'NONE', #1787, #1499 ) ;
#371 = DIRECTION ( 'NONE',  ( 0.000000000000000000, -0.000000000000000000, -1.000000000000000000 ) ) ;
#372 = VECTOR ( 'NONE', #2156, 1000.000000000000000 ) ;
#373 = VERTEX_POINT ( 'NONE', #364 ) ;
#374 = CARTESIAN_POINT ( 'NONE',  ( 62.00000000000000711, 2.401923788646708857, 96.65193060861979291 ) ) ;
#375 = EDGE_CURVE ( 'NONE', #863, #1525, #2194, .T. ) ;
#376 = AXIS2_PLACEMENT_3D ( 'NONE', #2902, #391, #1346 ) ;
#377 = VERTEX_POINT ( 'NONE', #1520 ) ;
#378 = DIRECTION ( 'NONE',  ( 0.7071067811865425767, 0.000000000000000000, -0.7071067811865525687 ) ) ;
#379 = DIRECTION ( 'NONE',  ( -1.224646799147353207E-16, -2.832564736347690087E-32, 1.000000000000000000 ) ) ;
#380 = AXIS2_PLACEMENT_3D ( 'NONE', #2431, #379, #2938 ) ;
#381 = ADVANCED_FACE ( 'NONE', ( #2209 ), #558, .F. ) ;
#382 = ORIENTED_EDGE ( 'NONE', *, *, #2131, .F. ) ;
#383 = LINE ( 'NONE', #1501, #260 ) ;
#384 = DIRECTION ( 'NONE',  ( 1.000000000000000000, 0.000000000000000000, 0.000000000000000000 ) ) ;
#385 = SURFACE_STYLE_FILL_AREA ( #2455 ) ;
#386 = FACE_OUTER_BOUND ( 'NONE', #2279, .T. ) ;
#387 = DIRECTION ( 'NONE',  ( -2.312964634635742957E-16, 1.000000000000000000, 0.000000000000000000 ) ) ;
#388 = CARTESIAN_POINT ( 'NONE',  ( 2.000000000000001776, 6.000000000000015987, 112.0000000000000000 ) ) ;
#389 = ORIENTED_EDGE ( 'NONE', *, *, #1003, .F. ) ;
#390 = CIRCLE ( 'NONE', #248, 3.499999999999999556 ) ;
#391 = DIRECTION ( 'NONE',  ( -2.312964634635742957E-16, 1.000000000000000000, 0.000000000000000000 ) ) ;
#392 = ORIENTED_EDGE ( 'NONE', *, *, #971, .F. ) ;
#393 = CARTESIAN_POINT ( 'NONE',  ( 33.76000000000000512, 2.000000000000015987, 97.00000000000000000 ) ) ;
#394 = EDGE_CURVE ( 'NONE', #1768, #2155, #383, .T. ) ;
#395 = DIRECTION ( 'NONE',  ( 0.000000000000000000, 0.000000000000000000, 1.000000000000000000 ) ) ;
#396 = VECTOR ( 'NONE', #700, 1000.000000000000000 ) ;
#397 = VERTEX_POINT ( 'NONE', #2419 ) ;
#398 = FACE_OUTER_BOUND ( 'NONE', #802, .T. ) ;
#399 = CARTESIAN_POINT ( 'NONE',  ( 60.00000000000000000, 22.39999999999999503, 4.000000000000001776 ) ) ;
#400 = EDGE_LOOP ( 'NONE', ( #46, #2316, #2160, #161 ) ) ;
#401 = EDGE_CURVE ( 'NONE', #1173, #173, #590, .T. ) ;
#402 = EDGE_CURVE ( 'NONE', #2620, #1721, #1704, .T. ) ;
#403 = LINE ( 'NONE', #2080, #586 ) ;
#404 = ADVANCED_FACE ( 'NONE', ( #1245 ), #1838, .F. ) ;
#405 = CIRCLE ( 'NONE', #2095, 3.000000000000002665 ) ;
#406 = PLANE ( 'NONE',  #892 ) ;
#407 = DIRECTION ( 'NONE',  ( -1.000000000000000000, -2.312964634635742957E-16, 0.000000000000000000 ) ) ;
#408 = CARTESIAN_POINT ( 'NONE',  ( 63.50000000000000000, 5.000000000000023093, 97.00000000000000000 ) ) ;
#409 = VERTEX_POINT ( 'NONE', #195 ) ;
#410 = LINE ( 'NONE', #2727, #1155 ) ;
#411 = ORIENTED_EDGE ( 'NONE', *, *, #1472, .T. ) ;
#412 = CARTESIAN_POINT ( 'NONE',  ( 33.76000000000000512, 7.000000000000018652, 25.87999999999999901 ) ) ;
#413 = EDGE_LOOP ( 'NONE', ( #2148, #1898, #1897, #2470 ) ) ;
#414 = CARTESIAN_POINT ( 'NONE',  ( 27.26000000000000512, 2.000000000000014655, 97.00000000000000000 ) ) ;
#415 = DIRECTION ( 'NONE',  ( 1.000000000000000000, 0.000000000000000000, 0.000000000000000000 ) ) ;
#416 = FACE_BOUND ( 'NONE', #1473, .T. ) ;
#417 = CARTESIAN_POINT ( 'NONE',  ( 60.50000000000000711, 7.000000000000023093, 25.87999999999999901 ) ) ;
#418 = CARTESIAN_POINT ( 'NONE',  ( 33.76000000000000512, 5.000000000000016875, 25.87999999999999901 ) ) ;
#419 = CARTESIAN_POINT ( 'NONE',  ( 57.00000000000000000, 5.000000000000022204, 97.00000000000000000 ) ) ;
#420 = CONICAL_SURFACE ( 'NONE', #1383, 1.699999999999993072, 1.029744258676654090 ) ;
#421 = ORIENTED_EDGE ( 'NONE', *, *, #56, .F. ) ;
#422 = CARTESIAN_POINT ( 'NONE',  ( 57.99999999999998579, 23.89999999999999858, 112.0000000000000000 ) ) ;
#423 = AXIS2_PLACEMENT_3D ( 'NONE', #1631, #2764, #32 ) ;
#424 = ORIENTED_EDGE ( 'NONE', *, *, #1553, .T. ) ;
#425 = VECTOR ( 'NONE', #2406, 999.9999999999998863 ) ;
#426 = AXIS2_PLACEMENT_3D ( 'NONE', #554, #1020, #570 ) ;
#427 = ORIENTED_EDGE ( 'NONE', *, *, #401, .T. ) ;
#428 = CARTESIAN_POINT ( 'NONE',  ( 0.000000000000000000, 27.99999999999999645, 2.000000000000000000 ) ) ;
#429 = CARTESIAN_POINT ( 'NONE',  ( 62.00000000000000000, 27.99999999999999645, 2.000000000000000000 ) ) ;
#430 = DIRECTION ( 'NONE',  ( -8.673617379884035472E-16, 1.000000000000000000, 0.000000000000000000 ) ) ;
#431 = DIRECTION ( 'NONE',  ( -1.000000000000000000, -2.478176394252579169E-16, 0.000000000000000000 ) ) ;
#432 = EDGE_CURVE ( 'NONE', #2045, #1528, #2282, .T. ) ;
#433 = DIRECTION ( 'NONE',  ( 2.312964634635742957E-16, -1.000000000000000000, -0.000000000000000000 ) ) ;
#434 = VERTEX_POINT ( 'NONE', #627 ) ;
#435 = CARTESIAN_POINT ( 'NONE',  ( 57.00000000000000000, 7.000000000000022204, 96.05000000000002558 ) ) ;
#436 = ADVANCED_FACE ( 'NONE', ( #889 ), #1118, .F. ) ;
#437 = CLOSED_SHELL ( 'NONE', ( #1944, #1771, #1165, #1920, #1493, #1113, #744, #1231, #436, #616, #1414, #128, #329, #2104, #2286, #696, #749, #1630, #2262, #2890, #404, #1376, #922, #1, #2139, #2742, #920, #2169, #1006, #1643, #1668, #284, #943, #1798, #2085, #2165, #904, #1600, #1825, #2441, #2675, #830, #1192, #2944, #624, #2098, #521, #1637, #2859, #1542, #2449, #1064, #1662, #1949, #381, #1244, #2800, #326, #1700, #1775, #2617, #250, #2315, #121, #1347, #2767, #1196, #816, #1567, #2805, #2934, #552, #2716, #1140, #474, #2861, #2893, #2576, #2411, #1011, #2013, #621, #1320, #1097, #1828, #333, #2674, #2824, #147, #786, #94, #2841, #1200, #820, #979, #1606, #1693, #230, #2044, #843, #1228, #272, #1145, #2350, #1163 ) ) ;
#438 = EDGE_CURVE ( 'NONE', #2918, #377, #1596, .T. ) ;
#439 = CIRCLE ( 'NONE', #824, 2.999999999999999112 ) ;
#440 = ORIENTED_EDGE ( 'NONE', *, *, #1790, .T. ) ;
#441 = LINE ( 'NONE', #1139, #2637 ) ;
#442 = VECTOR ( 'NONE', #1749, 1000.000000000000000 ) ;
#443 = CIRCLE ( 'NONE', #582, 0.9499999999999786393 ) ;
#444 = ORIENTED_EDGE ( 'NONE', *, *, #1603, .T. ) ;
#445 = CARTESIAN_POINT ( 'NONE',  ( 0.000000000000000000, 0.000000000000000000, 0.000000000000000000 ) ) ;
#446 = DIRECTION ( 'NONE',  ( 0.000000000000000000, 0.000000000000000000, 1.000000000000000000 ) ) ;
#447 =( LENGTH_UNIT ( ) NAMED_UNIT ( * ) SI_UNIT ( .MILLI., .METRE. ) );
#448 = CARTESIAN_POINT ( 'NONE',  ( 33.76000000000000512, 5.000000000000016875, 97.00000000000000000 ) ) ;
#449 = CARTESIAN_POINT ( 'NONE',  ( 60.00000000000000000, 23.89999999999999858, 1.999999999999988010 ) ) ;
#450 = VECTOR ( 'NONE', #871, 1000.000000000000114 ) ;
#451 = CIRCLE ( 'NONE', #2379, 0.9499999999999855227 ) ;
#452 = EDGE_LOOP ( 'NONE', ( #108, #1822, #2296, #2174 ) ) ;
#453 = FACE_OUTER_BOUND ( 'NONE', #1401, .T. ) ;
#454 = CARTESIAN_POINT ( 'NONE',  ( 57.99999999999999289, 2.000000000000022204, 103.4226162893325665 ) ) ;
#455 = EDGE_LOOP ( 'NONE', ( #2254, #2100, #2916 ) ) ;
#456 = FACE_OUTER_BOUND ( 'NONE', #149, .T. ) ;
#457 = EDGE_LOOP ( 'NONE', ( #1620, #1088 ) ) ;
#458 = LINE ( 'NONE', #2272, #1224 ) ;
#459 = LINE ( 'NONE', #473, #1397 ) ;
#460 =( NAMED_UNIT ( * ) PLANE_ANGLE_UNIT ( ) SI_UNIT ( $, .RADIAN. ) );
#461 = CARTESIAN_POINT ( 'NONE',  ( 33.76000000000000512, 6.000000000000016875, 25.87999999999999901 ) ) ;
#462 = DIRECTION ( 'NONE',  ( 1.000000000000000000, 0.000000000000000000, 0.000000000000000000 ) ) ;
#463 = EDGE_LOOP ( 'NONE', ( #2008, #50, #2809, #1934 ) ) ;
#464 = EDGE_CURVE ( 'NONE', #2868, #2522, #2288, .T. ) ;
#465 = DIRECTION ( 'NONE',  ( -0.000000000000000000, -0.000000000000000000, 1.000000000000000000 ) ) ;
#466 = CARTESIAN_POINT ( 'NONE',  ( 57.00000000000000000, 7.000000000000023981, 24.93000000000001393 ) ) ;
#467 = EDGE_CURVE ( 'NONE', #104, #153, #2942, .T. ) ;
#468 = VERTEX_POINT ( 'NONE', #221 ) ;
#469 = EDGE_CURVE ( 'NONE', #2111, #863, #2062, .T. ) ;
#470 = AXIS2_PLACEMENT_3D ( 'NONE', #510, #779, #310 ) ;
#471 = ORIENTED_EDGE ( 'NONE', *, *, #1033, .F. ) ;
#472 = DIRECTION ( 'NONE',  ( 0.000000000000000000, 0.000000000000000000, 1.000000000000000000 ) ) ;
#473 = CARTESIAN_POINT ( 'NONE',  ( 0.000000000000000000, 27.99999999999999645, 112.0000000000000000 ) ) ;
#474 = ADVANCED_FACE ( 'NONE', ( #398 ), #2699, .T. ) ;
#475 = CIRCLE ( 'NONE', #2309, 2.500000000000002220 ) ;
#476 = EDGE_CURVE ( 'NONE', #2553, #1117, #2003, .T. ) ;
#477 = CARTESIAN_POINT ( 'NONE',  ( 4.000000000000000888, 2.000000000000008882, 15.79999999999999538 ) ) ;
#478 = LINE ( 'NONE', #1162, #1084 ) ;
#479 = DIRECTION ( 'NONE',  ( 1.000000000000000000, 2.478176394252579169E-16, 0.000000000000000000 ) ) ;
#480 = AXIS2_PLACEMENT_3D ( 'NONE', #1242, #41, #1204 ) ;
#481 = ORIENTED_EDGE ( 'NONE', *, *, #2525, .T. ) ;
#482 = FACE_OUTER_BOUND ( 'NONE', #1422, .T. ) ;
#483 = FACE_OUTER_BOUND ( 'NONE', #806, .T. ) ;
#484 = ORIENTED_EDGE ( 'NONE', *, *, #2048, .T. ) ;
#485 = DIRECTION ( 'NONE',  ( 2.312964634635742957E-16, -1.000000000000000000, -0.000000000000000000 ) ) ;
#486 = AXIS2_PLACEMENT_3D ( 'NONE', #2102, #2397, #1030 ) ;
#487 = EDGE_CURVE ( 'NONE', #2598, #1524, #687, .T. ) ;
#488 = ORIENTED_EDGE ( 'NONE', *, *, #2584, .F. ) ;
#489 = LINE ( 'NONE', #1410, #1487 ) ;
#490 = DIRECTION ( 'NONE',  ( -2.312964634635742957E-16, 1.000000000000000000, 0.000000000000000000 ) ) ;
#491 = CARTESIAN_POINT ( 'NONE',  ( 61.00000000000000000, 20.89999999999999503, 112.0000000000000000 ) ) ;
#492 = DIRECTION ( 'NONE',  ( -2.312964634635742957E-16, 1.000000000000000000, 0.000000000000000000 ) ) ;
#493 = FACE_OUTER_BOUND ( 'NONE', #2669, .T. ) ;
#494 = TOROIDAL_SURFACE ( 'NONE', #2959, 6.500000000000000888, 3.000000000000000000 ) ;
#495 = EDGE_CURVE ( 'NONE', #1554, #2540, #2755, .T. ) ;
#496 = VERTEX_POINT ( 'NONE', #1571 ) ;
#497 = FACE_OUTER_BOUND ( 'NONE', #129, .T. ) ;
#498 = CARTESIAN_POINT ( 'NONE',  ( 57.00000000000000000, 2.000000000000021316, 25.87999999999999901 ) ) ;
#499 = AXIS2_PLACEMENT_3D ( 'NONE', #2897, #827, #1540 ) ;
#500 = AXIS2_PLACEMENT_3D ( 'NONE', #2957, #1823, #2050 ) ;
#501 = VERTEX_POINT ( 'NONE', #414 ) ;
#502 = ORIENTED_EDGE ( 'NONE', *, *, #1546, .F. ) ;
#503 =( LENGTH_UNIT ( ) NAMED_UNIT ( * ) SI_UNIT ( .MILLI., .METRE. ) );
#504 = VERTEX_POINT ( 'NONE', #2923 ) ;
#505 = CARTESIAN_POINT ( 'NONE',  ( 57.99999999999998579, 17.89999999999999503, 102.0000000000000142 ) ) ;
#506 = LINE ( 'NONE', #1004, #143 ) ;
#507 = LINE ( 'NONE', #1871, #2570 ) ;
#508 = DIRECTION ( 'NONE',  ( -0.000000000000000000, -0.000000000000000000, 1.000000000000000000 ) ) ;
#509 = ORIENTED_EDGE ( 'NONE', *, *, #1791, .F. ) ;
#510 = CARTESIAN_POINT ( 'NONE',  ( 57.00000000000000000, 7.000000000000022204, 25.87999999999999901 ) ) ;
#511 = DIRECTION ( 'NONE',  ( -1.156482317317871725E-16, 1.000000000000000000, -0.000000000000000000 ) ) ;
#512 = VERTEX_POINT ( 'NONE', #1555 ) ;
#513 = EDGE_LOOP ( 'NONE', ( #1602, #832, #605, #629 ) ) ;
#514 = ORIENTED_EDGE ( 'NONE', *, *, #1465, .T. ) ;
#515 = DIRECTION ( 'NONE',  ( -2.312964634635742957E-16, 1.000000000000000000, 0.000000000000000000 ) ) ;
#516 = FACE_OUTER_BOUND ( 'NONE', #1969, .T. ) ;
#517 = ORIENTED_EDGE ( 'NONE', *, *, #469, .T. ) ;
#518 = PLANE ( 'NONE',  #2421 ) ;
#519 = DIRECTION ( 'NONE',  ( 0.000000000000000000, -1.000000000000000000, 0.000000000000000000 ) ) ;
#520 = EDGE_LOOP ( 'NONE', ( #2593, #1391, #1351, #1975 ) ) ;
#521 = ADVANCED_FACE ( 'NONE', ( #671 ), #1814, .F. ) ;
#522 = CARTESIAN_POINT ( 'NONE',  ( 62.00000000000000000, 2.401923788646708857, 25.87999999999999901 ) ) ;
#523 = CARTESIAN_POINT ( 'NONE',  ( 6.000000000000001776, 6.000000000000015987, 102.0000000000000142 ) ) ;
#524 = ORIENTED_EDGE ( 'NONE', *, *, #1553, .F. ) ;
#525 = ORIENTED_EDGE ( 'NONE', *, *, #2543, .T. ) ;
#526 = EDGE_CURVE ( 'NONE', #2932, #951, #1800, .T. ) ;
#527 = EDGE_CURVE ( 'NONE', #256, #626, #458, .T. ) ;
#528 = VERTEX_POINT ( 'NONE', #1086 ) ;
#529 = LINE ( 'NONE', #1623, #936 ) ;
#530 = CARTESIAN_POINT ( 'NONE',  ( 33.76000000000000512, 2.000000000000011990, 24.93000000000001393 ) ) ;
#531 = TOROIDAL_SURFACE ( 'NONE', #2223, 2.500000000000000888, 1.000000000000000000 ) ;
#532 = ORIENTED_EDGE ( 'NONE', *, *, #2536, .T. ) ;
#533 = CARTESIAN_POINT ( 'NONE',  ( 33.76000000000000512, 7.000000000000016875, 25.87999999999999901 ) ) ;
#534 = DIRECTION ( 'NONE',  ( 2.312964634635742957E-16, -1.000000000000000000, 0.000000000000000000 ) ) ;
#535 = ORIENTED_EDGE ( 'NONE', *, *, #2173, .F. ) ;
#536 = CYLINDRICAL_SURFACE ( 'NONE', #1921, 0.9499999999999855227 ) ;
#537 = LINE ( 'NONE', #1933, #1650 ) ;
#538 = AXIS2_PLACEMENT_3D ( 'NONE', #1072, #1559, #1840 ) ;
#539 = VERTEX_POINT ( 'NONE', #656 ) ;
#540 = CIRCLE ( 'NONE', #2766, 1.000000000000000888 ) ;
#541 = AXIS2_PLACEMENT_3D ( 'NONE', #448, #2338, #2290 ) ;
#542 = ORIENTED_EDGE ( 'NONE', *, *, #223, .T. ) ;
#543 = DIRECTION ( 'NONE',  ( -0.000000000000000000, 1.000000000000000000, -0.000000000000000000 ) ) ;
#544 = CARTESIAN_POINT ( 'NONE',  ( 57.00000000000000000, 2.000000000000017319, 26.82999999999998408 ) ) ;
#545 = DIRECTION ( 'NONE',  ( 0.000000000000000000, 1.000000000000000000, 0.000000000000000000 ) ) ;
#546 = DIRECTION ( 'NONE',  ( 1.049727191138616354E-16, 0.5150380749100574862, -0.8571673007021104462 ) ) ;
#547 = CARTESIAN_POINT ( 'NONE',  ( 4.000000000000000888, 1.500000000000008660, 15.79999999999999538 ) ) ;
#548 = CARTESIAN_POINT ( 'NONE',  ( 62.00000000000000000, 2.000000000000022649, 21.72668806854095891 ) ) ;
#549 = CARTESIAN_POINT ( 'NONE',  ( 36.26000000000000512, 7.000000000000017764, 25.87999999999999901 ) ) ;
#550 = EDGE_CURVE ( 'NONE', #776, #528, #855, .T. ) ;
#551 = ORIENTED_EDGE ( 'NONE', *, *, #2393, .T. ) ;
#552 = ADVANCED_FACE ( 'NONE', ( #177 ), #1099, .F. ) ;
#553 = EDGE_LOOP ( 'NONE', ( #1589, #764, #608, #2828 ) ) ;
#554 = CARTESIAN_POINT ( 'NONE',  ( 36.26000000000000512, 6.000000000000017764, 25.87999999999999901 ) ) ;
#555 = EDGE_CURVE ( 'NONE', #1085, #1182, #540, .T. ) ;
#556 = FACE_OUTER_BOUND ( 'NONE', #1154, .T. ) ;
#557 = AXIS2_PLACEMENT_3D ( 'NONE', #1149, #2068, #2987 ) ;
#558 = PLANE ( 'NONE',  #1083 ) ;
#559 = AXIS2_PLACEMENT_3D ( 'NONE', #1203, #2301, #40 ) ;
#560 = CARTESIAN_POINT ( 'NONE',  ( 3.000000000000000000, 20.89999999999999503, 106.0000000000000000 ) ) ;
#561 = VERTEX_POINT ( 'NONE', #2362 ) ;
#562 = EDGE_CURVE ( 'NONE', #776, #2138, #1670, .T. ) ;
#563 = VECTOR ( 'NONE', #1295, 1000.000000000000000 ) ;
#564 = ORIENTED_EDGE ( 'NONE', *, *, #2955, .T. ) ;
#565 = CARTESIAN_POINT ( 'NONE',  ( 61.00000000000000000, 20.89999999999999503, 106.0000000000000000 ) ) ;
#566 = CARTESIAN_POINT ( 'NONE',  ( 57.99999999999999289, 1.999999999999994449, 103.1744265074838722 ) ) ;
#567 = ORIENTED_EDGE ( 'NONE', *, *, #36, .T. ) ;
#568 = ORIENTED_EDGE ( 'NONE', *, *, #1028, .T. ) ;
#569 = AXIS2_PLACEMENT_3D ( 'NONE', #1984, #175, #1518 ) ;
#570 = DIRECTION ( 'NONE',  ( 1.000000000000000000, 0.000000000000000000, 0.000000000000000000 ) ) ;
#571 = DIRECTION ( 'NONE',  ( 0.000000000000000000, -1.000000000000000000, 0.000000000000000000 ) ) ;
#572 = ORIENTED_EDGE ( 'NONE', *, *, #1282, .F. ) ;
#573 = CARTESIAN_POINT ( 'NONE',  ( 57.00000000000000000, 2.000000000000017319, 24.93000000000001393 ) ) ;
#574 = DIRECTION ( 'NONE',  ( 0.000000000000000000, 0.000000000000000000, 1.000000000000000000 ) ) ;
#575 = VECTOR ( 'NONE', #2280, 1000.000000000000000 ) ;
#576 = ORIENTED_EDGE ( 'NONE', *, *, #1510, .T. ) ;
#577 = B_SPLINE_CURVE_WITH_KNOTS ( 'NONE', 3,
 ( #548, #765, #105, #282, #2396, #1210, #2566, #522 ),
 .UNSPECIFIED., .F., .F.,
 ( 4, 2, 2, 4 ),
 ( 0.000000000000000000, 0.002089693216081445377, 0.003134539824122173270, 0.004179386432162901163 ),
 .UNSPECIFIED. ) ;
#578 = ORIENTED_EDGE ( 'NONE', *, *, #1129, .T. ) ;
#579 = DIRECTION ( 'NONE',  ( -0.000000000000000000, 1.000000000000000000, -0.000000000000000000 ) ) ;
#580 = AXIS2_PLACEMENT_3D ( 'NONE', #1992, #387, #135 ) ;
#581 = CARTESIAN_POINT ( 'NONE',  ( 57.99999999999999289, 2.000000000000022204, 102.0000000000000142 ) ) ;
#582 = AXIS2_PLACEMENT_3D ( 'NONE', #2183, #1041, #2685 ) ;
#583 = EDGE_CURVE ( 'NONE', #373, #2522, #529, .T. ) ;
#584 = ORIENTED_EDGE ( 'NONE', *, *, #71, .T. ) ;
#585 = CARTESIAN_POINT ( 'NONE',  ( 50.50000000000000000, 5.000000000000020428, 97.00000000000000000 ) ) ;
#586 = VECTOR ( 'NONE', #2758, 1000.000000000000000 ) ;
#587 = ORIENTED_EDGE ( 'NONE', *, *, #2388, .F. ) ;
#588 = DIRECTION ( 'NONE',  ( 1.000000000000000000, 0.000000000000000000, 0.000000000000000000 ) ) ;
#589 = CARTESIAN_POINT ( 'NONE',  ( 62.00000000000000000, 23.89999999999999858, 1.999999999999988010 ) ) ;
#590 = CIRCLE ( 'NONE', #1367, 1.699999999999993072 ) ;
#591 = AXIS2_PLACEMENT_3D ( 'NONE', #1786, #198, #2686 ) ;
#592 = ORIENTED_EDGE ( 'NONE', *, *, #169, .F. ) ;
#593 = DIRECTION ( 'NONE',  ( -2.312964634635742957E-16, 1.000000000000000000, -0.000000000000000000 ) ) ;
#594 = EDGE_CURVE ( 'NONE', #778, #1890, #1885, .T. ) ;
#595 = CARTESIAN_POINT ( 'NONE',  ( 33.76000000000000512, 7.000000000000016875, 24.93000000000001393 ) ) ;
#596 = ORIENTED_EDGE ( 'NONE', *, *, #1973, .F. ) ;
#597 = CARTESIAN_POINT ( 'NONE',  ( 33.76000000000000512, 7.000000000000016875, 97.00000000000000000 ) ) ;
#598 = DIRECTION ( 'NONE',  ( -0.7071067811865524577, -0.000000000000000000, -0.7071067811865425767 ) ) ;
#599 = EDGE_CURVE ( 'NONE', #2918, #1212, #1569, .T. ) ;
#600 = CARTESIAN_POINT ( 'NONE',  ( 57.00000000000000000, 1.429182411923838991, 97.00000000000000000 ) ) ;
#601 = EDGE_LOOP ( 'NONE', ( #1742, #784, #1504, #2659 ) ) ;
#602 = CARTESIAN_POINT ( 'NONE',  ( 33.76000000000000512, 1.429182411923833884, 25.87999999999999901 ) ) ;
#603 = EDGE_CURVE ( 'NONE', #2129, #373, #2133, .T. ) ;
#604 = EDGE_CURVE ( 'NONE', #1182, #635, #475, .T. ) ;
#605 = ORIENTED_EDGE ( 'NONE', *, *, #2303, .T. ) ;
#606 = FACE_OUTER_BOUND ( 'NONE', #2401, .T. ) ;
#607 = DIRECTION ( 'NONE',  ( -1.000000000000000000, 0.000000000000000000, 0.000000000000000000 ) ) ;
#608 = ORIENTED_EDGE ( 'NONE', *, *, #359, .F. ) ;
#609 = CARTESIAN_POINT ( 'NONE',  ( 33.76000000000000512, 7.000000000000016875, 25.87999999999999901 ) ) ;
#610 = ORIENTED_EDGE ( 'NONE', *, *, #2705, .T. ) ;
#611 = FILL_AREA_STYLE_COLOUR ( '', #1079 ) ;
#612 = DIRECTION ( 'NONE',  ( -1.000000000000000000, -2.312964634635742957E-16, 0.000000000000000000 ) ) ;
#613 = DIRECTION ( 'NONE',  ( 1.000000000000000000, 2.312964634635742957E-16, 0.000000000000000000 ) ) ;
#614 = DIRECTION ( 'NONE',  ( 2.312964634635742957E-16, -1.000000000000000000, -0.000000000000000000 ) ) ;
#615 = AXIS2_PLACEMENT_3D ( 'NONE', #1678, #2812, #2367 ) ;
#616 = ADVANCED_FACE ( 'NONE', ( #992 ), #281, .F. ) ;
#617 = ORIENTED_EDGE ( 'NONE', *, *, #805, .T. ) ;
#618 = LINE ( 'NONE', #172, #1110 ) ;
#619 = ORIENTED_EDGE ( 'NONE', *, *, #2666, .T. ) ;
#620 = CARTESIAN_POINT ( 'NONE',  ( 62.00000000000000000, 6.000000000000023093, 97.99999999999994316 ) ) ;
#621 = ADVANCED_FACE ( 'NONE', ( #2334 ), #263, .T. ) ;
#622 = CARTESIAN_POINT ( 'NONE',  ( 62.69999999999998863, 3.000000000000000000, 112.0000000000000000 ) ) ;
#623 = EDGE_CURVE ( 'NONE', #1820, #2103, #1216, .T. ) ;
#624 = ADVANCED_FACE ( 'NONE', ( #70 ), #1686, .F. ) ;
#625 = VECTOR ( 'NONE', #2108, 1000.000000000000000 ) ;
#626 = VERTEX_POINT ( 'NONE', #1656 ) ;
#627 = CARTESIAN_POINT ( 'NONE',  ( 53.50000000000000000, 5.000000000000021316, 25.87999999999999901 ) ) ;
#628 = DIRECTION ( 'NONE',  ( -2.312964634635742957E-16, 1.000000000000000000, 0.000000000000000000 ) ) ;
#629 = ORIENTED_EDGE ( 'NONE', *, *, #1735, .T. ) ;
#630 = CARTESIAN_POINT ( 'NONE',  ( 6.000000000000001776, 6.000000000000015987, 102.0000000000000142 ) ) ;
#631 = CARTESIAN_POINT ( 'NONE',  ( 4.000000000000009770, 1.500000000000008660, 92.00000000000000000 ) ) ;
#632 = DIRECTION ( 'NONE',  ( -0.000000000000000000, 1.000000000000000000, -0.000000000000000000 ) ) ;
#633 = CARTESIAN_POINT ( 'NONE',  ( 27.26000000000000512, 5.000000000000015099, 25.87999999999999901 ) ) ;
#634 = AXIS2_PLACEMENT_3D ( 'NONE', #2439, #2426, #371 ) ;
#635 = VERTEX_POINT ( 'NONE', #2819 ) ;
#636 = AXIS2_PLACEMENT_3D ( 'NONE', #565, #337, #119 ) ;
#637 = DIRECTION ( 'NONE',  ( 0.000000000000000000, 0.000000000000000000, 1.000000000000000000 ) ) ;
#638 = ORIENTED_EDGE ( 'NONE', *, *, #185, .F. ) ;
#639 = CARTESIAN_POINT ( 'NONE',  ( 0.000000000000000000, 0.000000000000000000, 2.000000000000000000 ) ) ;
#640 = CARTESIAN_POINT ( 'NONE',  ( 1.300000000000012035, 20.89999999999999503, 106.0000000000000000 ) ) ;
#641 = VECTOR ( 'NONE', #1959, 1000.000000000000000 ) ;
#642 = EDGE_LOOP ( 'NONE', ( #638, #724, #1062, #20 ) ) ;
#643 = DIRECTION ( 'NONE',  ( -0.000000000000000000, 1.000000000000000000, -0.000000000000000000 ) ) ;
#644 = CARTESIAN_POINT ( 'NONE',  ( 1.300000000000011147, 20.89999999999999503, 112.0000000000000000 ) ) ;
#645 = VECTOR ( 'NONE', #1748, 1000.000000000000000 ) ;
#646 = DIRECTION ( 'NONE',  ( -0.000000000000000000, 1.000000000000000000, -0.000000000000000000 ) ) ;
#647 = LINE ( 'NONE', #417, #2142 ) ;
#648 = CARTESIAN_POINT ( 'NONE',  ( 59.30000000000000426, 20.89999999999999503, 106.0000000000000000 ) ) ;
#649 = DIRECTION ( 'NONE',  ( 1.000000000000000000, 0.000000000000000000, 0.000000000000000000 ) ) ;
#650 = ORIENTED_EDGE ( 'NONE', *, *, #467, .T. ) ;
#651 = DIRECTION ( 'NONE',  ( 0.000000000000000000, 0.000000000000000000, 1.000000000000000000 ) ) ;
#652 = ORIENTED_EDGE ( 'NONE', *, *, #432, .T. ) ;
#653 = B_SPLINE_CURVE_WITH_KNOTS ( 'NONE', 3,
 ( #266, #1134, #1190, #2110 ),
 .UNSPECIFIED., .F., .F.,
 ( 4, 4 ),
 ( 0.004173539684625002071, 0.005169349804891127872 ),
 .UNSPECIFIED. ) ;
#654 = EDGE_CURVE ( 'NONE', #2625, #409, #2076, .T. ) ;
#655 = VERTEX_POINT ( 'NONE', #2345 ) ;
#656 = CARTESIAN_POINT ( 'NONE',  ( 62.00000000000000000, 2.000000000000022649, 21.72668806854095891 ) ) ;
#657 = CARTESIAN_POINT ( 'NONE',  ( 2.000000000000001776, 2.000000000000009326, 97.99999999999994316 ) ) ;
#658 = EDGE_CURVE ( 'NONE', #2230, #844, #2357, .T. ) ;
#659 = PRESENTATION_STYLE_ASSIGNMENT (( #1384 ) ) ;
#660 = CARTESIAN_POINT ( 'NONE',  ( 6.000000000000005329, 2.000000000000015543, 102.0000000000000142 ) ) ;
#661 = EDGE_CURVE ( 'NONE', #1884, #1669, #1395, .T. ) ;
#662 = DIRECTION ( 'NONE',  ( -1.445602896647339656E-16, 1.000000000000000000, 0.000000000000000000 ) ) ;
#663 = EDGE_CURVE ( 'NONE', #504, #2797, #2092, .T. ) ;
#664 = EDGE_LOOP ( 'NONE', ( #2526, #89, #1289, #2251 ) ) ;
#665 = DIRECTION ( 'NONE',  ( -1.000000000000000000, -2.312964634635742957E-16, 0.000000000000000000 ) ) ;
#666 = ORIENTED_EDGE ( 'NONE', *, *, #1218, .F. ) ;
#667 = LINE ( 'NONE', #2297, #2154 ) ;
#668 = AXIS2_PLACEMENT_3D ( 'NONE', #2365, #1928, #2849 ) ;
#669 = VECTOR ( 'NONE', #247, 1000.000000000000000 ) ;
#670 = EDGE_LOOP ( 'NONE', ( #389, #821, #424 ) ) ;
#671 = FACE_OUTER_BOUND ( 'NONE', #2871, .T. ) ;
#672 = CIRCLE ( 'NONE', #2361, 1.699999999999987965 ) ;
#673 = FACE_OUTER_BOUND ( 'NONE', #1617, .T. ) ;
#674 = CARTESIAN_POINT ( 'NONE',  ( 60.00000000000000000, 23.89999999999999858, 1.999999999999988010 ) ) ;
#675 = CARTESIAN_POINT ( 'NONE',  ( 2.000000000000001776, 22.39999999999999503, 112.0000000000000000 ) ) ;
#676 = ORIENTED_EDGE ( 'NONE', *, *, #2353, .T. ) ;
#677 = EDGE_CURVE ( 'NONE', #1867, #153, #713, .T. ) ;
#678 = VECTOR ( 'NONE', #1893, 1000.000000000000000 ) ;
#679 = ORIENTED_EDGE ( 'NONE', *, *, #464, .F. ) ;
#680 = DIRECTION ( 'NONE',  ( 1.000000000000000000, 2.478176394252579169E-16, 0.000000000000000000 ) ) ;
#681 = EDGE_LOOP ( 'NONE', ( #896, #1951, #1050, #1219 ) ) ;
#682 = DIRECTION ( 'NONE',  ( -0.000000000000000000, -0.000000000000000000, -1.000000000000000000 ) ) ;
#683 = CYLINDRICAL_SURFACE ( 'NONE', #1803, 0.9499999999999855227 ) ;
#684 = CYLINDRICAL_SURFACE ( 'NONE', #782, 0.9499999999999786393 ) ;
#685 = DIRECTION ( 'NONE',  ( 0.000000000000000000, 0.000000000000000000, -1.000000000000000000 ) ) ;
#686 = DIRECTION ( 'NONE',  ( 1.000000000000000000, 2.478176394252579169E-16, 0.000000000000000000 ) ) ;
#687 = CIRCLE ( 'NONE', #1611, 0.9499999999999786393 ) ;
#688 = EDGE_CURVE ( 'NONE', #539, #1425, #489, .T. ) ;
#689 = AXIS2_PLACEMENT_3D ( 'NONE', #1752, #1526, #2927 ) ;
#690 = ORIENTED_EDGE ( 'NONE', *, *, #1454, .T. ) ;
#691 = EDGE_CURVE ( 'NONE', #309, #201, #1899, .T. ) ;
#692 = DIRECTION ( 'NONE',  ( 0.000000000000000000, 0.5150380749100574862, 0.8571673007021104462 ) ) ;
#693 = DIRECTION ( 'NONE',  ( -0.000000000000000000, -0.000000000000000000, 1.000000000000000000 ) ) ;
#694 = ORIENTED_EDGE ( 'NONE', *, *, #677, .T. ) ;
#695 = DIRECTION ( 'NONE',  ( 1.000000000000000000, 0.000000000000000000, 0.000000000000000000 ) ) ;
#696 = ADVANCED_FACE ( 'NONE', ( #2430 ), #865, .F. ) ;
#697 = ORIENTED_EDGE ( 'NONE', *, *, #2986, .T. ) ;
#698 = DIRECTION ( 'NONE',  ( -0.000000000000000000, 1.000000000000000000, -0.000000000000000000 ) ) ;
#699 = CARTESIAN_POINT ( 'NONE',  ( 57.00000000000000000, 7.000000000000022204, 25.87999999999999901 ) ) ;
#700 = DIRECTION ( 'NONE',  ( 0.000000000000000000, 0.000000000000000000, 1.000000000000000000 ) ) ;
#701 = DIRECTION ( 'NONE',  ( 0.000000000000000000, 0.000000000000000000, 1.000000000000000000 ) ) ;
#702 = LINE ( 'NONE', #1601, #1283 ) ;
#703 = ORIENTED_EDGE ( 'NONE', *, *, #941, .F. ) ;
#704 = FACE_OUTER_BOUND ( 'NONE', #520, .T. ) ;
#705 = AXIS2_PLACEMENT_3D ( 'NONE', #1372, #2734, #662 ) ;
#706 = LINE ( 'NONE', #1633, #2413 ) ;
#707 = EDGE_CURVE ( 'NONE', #1377, #2694, #187, .T. ) ;
#708 = EDGE_CURVE ( 'NONE', #165, #1293, #1724, .T. ) ;
#709 = ORIENTED_EDGE ( 'NONE', *, *, #340, .T. ) ;
#710 = CARTESIAN_POINT ( 'NONE',  ( 4.000000000000000888, 1.500000000000008660, 15.79999999999999538 ) ) ;
#711 = PRODUCT_DEFINITION_SHAPE ( 'NONE', 'NONE',  #2323 ) ;
#712 = ORIENTED_EDGE ( 'NONE', *, *, #2298, .T. ) ;
#713 = LINE ( 'NONE', #1640, #954 ) ;
#714 = CARTESIAN_POINT ( 'NONE',  ( 3.000000000000000000, 20.89999999999999503, 106.0000000000000000 ) ) ;
#715 = EDGE_CURVE ( 'NONE', #728, #1669, #2387, .T. ) ;
#716 = CIRCLE ( 'NONE', #1348, 1.699999999999993072 ) ;
#717 = CARTESIAN_POINT ( 'NONE',  ( 4.000000000000000888, 2.000000000000008882, 15.79999999999999538 ) ) ;
#718 = CARTESIAN_POINT ( 'NONE',  ( 33.76000000000000512, 2.000000000000011990, 96.05000000000002558 ) ) ;
#719 = DIRECTION ( 'NONE',  ( -2.312964634635742957E-16, 1.000000000000000000, -0.000000000000000000 ) ) ;
#720 = VECTOR ( 'NONE', #2240, 1000.000000000000000 ) ;
#721 = VERTEX_POINT ( 'NONE', #2846 ) ;
#722 = PLANE ( 'NONE',  #1781 ) ;
#723 = FACE_OUTER_BOUND ( 'NONE', #463, .T. ) ;
#724 = ORIENTED_EDGE ( 'NONE', *, *, #2385, .T. ) ;
#725 = ORIENTED_EDGE ( 'NONE', *, *, #394, .T. ) ;
#726 = CARTESIAN_POINT ( 'NONE',  ( 62.69999999999998863, 20.89999999999999503, 106.0000000000000000 ) ) ;
#727 = CIRCLE ( 'NONE', #1843, 6.499999999999999112 ) ;
#728 = VERTEX_POINT ( 'NONE', #1230 ) ;
#729 = DIRECTION ( 'NONE',  ( -0.000000000000000000, -0.000000000000000000, 1.000000000000000000 ) ) ;
#730 = VECTOR ( 'NONE', #2664, 1000.000000000000000 ) ;
#731 = DIRECTION ( 'NONE',  ( 1.000000000000000000, 0.000000000000000000, 0.000000000000000000 ) ) ;
#732 = CARTESIAN_POINT ( 'NONE',  ( 62.00000000000000000, 25.89999999999998792, 1.999999999999987121 ) ) ;
#733 = LINE ( 'NONE', #1399, #1613 ) ;
#734 = CIRCLE ( 'NONE', #1413, 1.699999999999993072 ) ;
#735 = VERTEX_POINT ( 'NONE', #2149 ) ;
#736 = PLANE ( 'NONE',  #807 ) ;
#737 = LINE ( 'NONE', #107, #879 ) ;
#738 = CIRCLE ( 'NONE', #2424, 1.699999999999993072 ) ;
#739 = VERTEX_POINT ( 'NONE', #1966 ) ;
#740 = ORIENTED_EDGE ( 'NONE', *, *, #1530, .F. ) ;
#741 = ORIENTED_EDGE ( 'NONE', *, *, #2929, .T. ) ;
#742 = CARTESIAN_POINT ( 'NONE',  ( 2.000000000000001776, 25.89999999999999858, 1.999999999999999556 ) ) ;
#743 = DIRECTION ( 'NONE',  ( 1.049727191138616354E-16, 0.5150380749100574862, -0.8571673007021104462 ) ) ;
#744 = ADVANCED_FACE ( 'NONE', ( #1002 ), #1012, .F. ) ;
#745 = CARTESIAN_POINT ( 'NONE',  ( 57.00000000000000000, 5.000000000000022204, 97.00000000000000000 ) ) ;
#746 = DIRECTION ( 'NONE',  ( 1.000000000000000000, 2.312964634635742957E-16, 0.000000000000000000 ) ) ;
#747 = EDGE_CURVE ( 'NONE', #1990, #956, #314, .T. ) ;
#748 = EDGE_LOOP ( 'NONE', ( #1186, #2825, #65 ) ) ;
#749 = ADVANCED_FACE ( 'NONE', ( #81 ), #1517, .T. ) ;
#750 = FACE_OUTER_BOUND ( 'NONE', #214, .T. ) ;
#751 = PLANE ( 'NONE',  #2807 ) ;
#752 = EDGE_CURVE ( 'NONE', #2392, #9, #95, .T. ) ;
#753 = ORIENTED_EDGE ( 'NONE', *, *, #1201, .F. ) ;
#754 = AXIS2_PLACEMENT_3D ( 'NONE', #1646, #2563, #2313 ) ;
#755 = EDGE_LOOP ( 'NONE', ( #2701, #1073, #509, #1766 ) ) ;
#756 = ORIENTED_EDGE ( 'NONE', *, *, #487, .F. ) ;
#757 = CARTESIAN_POINT ( 'NONE',  ( 2.000000000000002665, 17.89999999999999858, 102.0000000000000142 ) ) ;
#758 = CARTESIAN_POINT ( 'NONE',  ( 57.00000000000000000, 7.000000000000023981, 97.94999999999998863 ) ) ;
#759 = AXIS2_PLACEMENT_3D ( 'NONE', #2464, #939, #2534 ) ;
#760 = ORIENTED_EDGE ( 'NONE', *, *, #2163, .T. ) ;
#761 = DIRECTION ( 'NONE',  ( 0.000000000000000000, 0.000000000000000000, 1.000000000000000000 ) ) ;
#762 = CARTESIAN_POINT ( 'NONE',  ( 60.00000000000000000, 27.99999999999999645, 111.9999999999999716 ) ) ;
#763 = VECTOR ( 'NONE', #1361, 1000.000000000000000 ) ;
#764 = ORIENTED_EDGE ( 'NONE', *, *, #2479, .F. ) ;
#765 = CARTESIAN_POINT ( 'NONE',  ( 62.00000000000000000, 2.000000000000022204, 22.42547366871019321 ) ) ;
#766 = CARTESIAN_POINT ( 'NONE',  ( 62.00000000000000000, 6.000000000000023093, 112.0000000000000000 ) ) ;
#767 = ORIENTED_EDGE ( 'NONE', *, *, #216, .T. ) ;
#768 = ORIENTED_EDGE ( 'NONE', *, *, #2048, .F. ) ;
#769 = DIRECTION ( 'NONE',  ( 2.312964634635742957E-16, -1.000000000000000000, 0.000000000000000000 ) ) ;
#770 = CARTESIAN_POINT ( 'NONE',  ( 4.000000000000001776, 26.49999999999999645, 112.0000000000000000 ) ) ;
#771 = AXIS2_PLACEMENT_3D ( 'NONE', #2668, #2436, #793 ) ;
#772 = AXIS2_PLACEMENT_3D ( 'NONE', #1738, #579, #1105 ) ;
#773 = EDGE_LOOP ( 'NONE', ( #1685, #1479, #87, #1185 ) ) ;
#774 = DIRECTION ( 'NONE',  ( 1.000000000000000000, 2.478176394252579169E-16, 0.000000000000000000 ) ) ;
#775 = CARTESIAN_POINT ( 'NONE',  ( 2.000000000000002665, 17.89999999999999858, 97.99999999999994316 ) ) ;
#776 = VERTEX_POINT ( 'NONE', #2162 ) ;
#777 = EDGE_CURVE ( 'NONE', #133, #2450, #2550, .T. ) ;
#778 = VERTEX_POINT ( 'NONE', #1953 ) ;
#779 = DIRECTION ( 'NONE',  ( -2.312964634635742957E-16, 1.000000000000000000, 0.000000000000000000 ) ) ;
#780 = CARTESIAN_POINT ( 'NONE',  ( 57.00000000000000000, 7.000000000000023981, 96.05000000000002558 ) ) ;
#781 = EDGE_CURVE ( 'NONE', #1117, #1952, #1269, .T. ) ;
#782 = AXIS2_PLACEMENT_3D ( 'NONE', #893, #1598, #2504 ) ;
#783 = EDGE_CURVE ( 'NONE', #1266, #2012, #788, .T. ) ;
#784 = ORIENTED_EDGE ( 'NONE', *, *, #2979, .F. ) ;
#785 = VECTOR ( 'NONE', #1912, 1000.000000000000000 ) ;
#786 = ADVANCED_FACE ( 'NONE', ( #2885 ), #2403, .F. ) ;
#787 = ORIENTED_EDGE ( 'NONE', *, *, #1129, .F. ) ;
#788 = LINE ( 'NONE', #361, #324 ) ;
#789 = EDGE_CURVE ( 'NONE', #2264, #1486, #1285, .T. ) ;
#790 = LINE ( 'NONE', #544, #238 ) ;
#791 = CARTESIAN_POINT ( 'NONE',  ( 63.50000000000000000, 5.000000000000023093, 25.87999999999999901 ) ) ;
#792 = CARTESIAN_POINT ( 'NONE',  ( 62.00000000000000000, 2.306330672007212979, 27.26403094292446738 ) ) ;
#793 = DIRECTION ( 'NONE',  ( 1.000000000000000000, 0.000000000000000000, 0.000000000000000000 ) ) ;
#794 = DIRECTION ( 'NONE',  ( -2.312964634635742957E-16, 1.000000000000000000, 0.000000000000000000 ) ) ;
#795 = DIRECTION ( 'NONE',  ( -1.000000000000000000, -3.469446951953611231E-16, 0.000000000000000000 ) ) ;
#796 = ORIENTED_EDGE ( 'NONE', *, *, #1735, .F. ) ;
#797 = APPLICATION_PROTOCOL_DEFINITION ( 'draft international standard', 'automotive_design', 1998, #1010 ) ;
#798 = ORIENTED_EDGE ( 'NONE', *, *, #25, .T. ) ;
#799 = DIRECTION ( 'NONE',  ( 1.000000000000000000, 2.001604010742470009E-16, 0.000000000000000000 ) ) ;
#800 = DIRECTION ( 'NONE',  ( -0.7071067811865425767, -1.533293416683362305E-16, 0.7071067811865525687 ) ) ;
#801 = AXIS2_PLACEMENT_3D ( 'NONE', #1882, #1621, #680 ) ;
#802 = EDGE_LOOP ( 'NONE', ( #2821, #471, #1566, #1222, #2432, #1917 ) ) ;
#803 = LINE ( 'NONE', #573, #1511 ) ;
#804 = FACE_OUTER_BOUND ( 'NONE', #1863, .T. ) ;
#805 = EDGE_CURVE ( 'NONE', #1692, #1723, #716, .T. ) ;
#806 = EDGE_LOOP ( 'NONE', ( #2190, #76, #1138, #179 ) ) ;
#807 = AXIS2_PLACEMENT_3D ( 'NONE', #1918, #1237, #2171 ) ;
#808 = CARTESIAN_POINT ( 'NONE',  ( 59.30000000000000426, 20.89999999999999503, 106.0000000000000000 ) ) ;
#809 = EDGE_LOOP ( 'NONE', ( #587, #2327, #1531, #666 ) ) ;
#810 = CYLINDRICAL_SURFACE ( 'NONE', #772, 0.9499999999999786393 ) ;
#811 = LINE ( 'NONE', #2011, #2657 ) ;
#812 = VECTOR ( 'NONE', #308, 1000.000000000000000 ) ;
#813 = AXIS2_PLACEMENT_3D ( 'NONE', #818, #1743, #2660 ) ;
#814 = ORIENTED_EDGE ( 'NONE', *, *, #84, .T. ) ;
#815 = CARTESIAN_POINT ( 'NONE',  ( 33.76000000000000512, 2.000000000000011990, 24.93000000000001393 ) ) ;
#816 = ADVANCED_FACE ( 'NONE', ( #2402 ), #328, .F. ) ;
#817 = ORIENTED_EDGE ( 'NONE', *, *, #2491, .F. ) ;
#818 = CARTESIAN_POINT ( 'NONE',  ( 57.00000000000000000, 2.000000000000017319, 25.87999999999999901 ) ) ;
#819 = DIRECTION ( 'NONE',  ( 1.000000000000000000, 2.478176394252579169E-16, 0.000000000000000000 ) ) ;
#820 = ADVANCED_FACE ( 'NONE', ( #345 ), #1592, .F. ) ;
#821 = ORIENTED_EDGE ( 'NONE', *, *, #402, .T. ) ;
#822 = CARTESIAN_POINT ( 'NONE',  ( 2.000000000000001776, 6.000000000000015987, 97.99999999999994316 ) ) ;
#823 = LINE ( 'NONE', #841, #442 ) ;
#824 = AXIS2_PLACEMENT_3D ( 'NONE', #633, #1278, #2930 ) ;
#825 = ORIENTED_EDGE ( 'NONE', *, *, #691, .T. ) ;
#826 = ORIENTED_EDGE ( 'NONE', *, *, #789, .T. ) ;
#827 = DIRECTION ( 'NONE',  ( 2.312964634635742957E-16, -1.000000000000000000, 0.000000000000000000 ) ) ;
#828 = CARTESIAN_POINT ( 'NONE',  ( 6.000000000000001776, 23.89999999999999858, 102.0000000000000142 ) ) ;
#829 = VECTOR ( 'NONE', #415, 1000.000000000000000 ) ;
#830 = ADVANCED_FACE ( 'NONE', ( #2310 ), #2000, .T. ) ;
#831 = DIRECTION ( 'NONE',  ( -1.000000000000000000, -2.478176394252581634E-16, 0.000000000000000000 ) ) ;
#832 = ORIENTED_EDGE ( 'NONE', *, *, #1318, .F. ) ;
#833 = DIRECTION ( 'NONE',  ( 2.312964634635742957E-16, -1.000000000000000000, -0.000000000000000000 ) ) ;
#834 = ORIENTED_EDGE ( 'NONE', *, *, #550, .F. ) ;
#835 = CARTESIAN_POINT ( 'NONE',  ( 57.00000000000000000, 2.000000000000021316, 97.00000000000000000 ) ) ;
#836 = LINE ( 'NONE', #2920, #720 ) ;
#837 = AXIS2_PLACEMENT_3D ( 'NONE', #1610, #1322, #2256 ) ;
#838 = CIRCLE ( 'NONE', #1267, 1.699999999999993072 ) ;
#839 = VERTEX_POINT ( 'NONE', #18 ) ;
#840 = DIRECTION ( 'NONE',  ( 0.000000000000000000, 0.000000000000000000, -1.000000000000000000 ) ) ;
#841 = CARTESIAN_POINT ( 'NONE',  ( 60.00000000000000000, 26.49999999999999645, 1.999999999999988010 ) ) ;
#842 = ORIENTED_EDGE ( 'NONE', *, *, #783, .T. ) ;
#843 = ADVANCED_FACE ( 'NONE', ( #453 ), #2746, .F. ) ;
#844 = VERTEX_POINT ( 'NONE', #1183 ) ;
#845 = FACE_OUTER_BOUND ( 'NONE', #1760, .T. ) ;
#846 = DIRECTION ( 'NONE',  ( -1.000000000000000000, -1.210272192541958862E-16, -0.000000000000000000 ) ) ;
#847 = CARTESIAN_POINT ( 'NONE',  ( 2.999999999999998224, 20.89999999999999503, 104.9785369476531542 ) ) ;
#848 = ORIENTED_EDGE ( 'NONE', *, *, #2359, .T. ) ;
#849 = EDGE_CURVE ( 'NONE', #2144, #635, #2398, .T. ) ;
#850 = CARTESIAN_POINT ( 'NONE',  ( 61.00000000000000000, 3.000000000000000000, 106.0000000000000000 ) ) ;
#851 = EDGE_LOOP ( 'NONE', ( #2386, #2573, #206, #502 ) ) ;
#852 = CYLINDRICAL_SURFACE ( 'NONE', #2935, 1.699999999999988853 ) ;
#853 = FACE_OUTER_BOUND ( 'NONE', #1795, .T. ) ;
#854 = ORIENTED_EDGE ( 'NONE', *, *, #2525, .F. ) ;
#855 = LINE ( 'NONE', #1782, #2909 ) ;
#856 = DIRECTION ( 'NONE',  ( -0.000000000000000000, -0.000000000000000000, 1.000000000000000000 ) ) ;
#857 = EDGE_LOOP ( 'NONE', ( #2717, #2415 ) ) ;
#858 = ORIENTED_EDGE ( 'NONE', *, *, #941, .T. ) ;
#859 = PLANE ( 'NONE',  #591 ) ;
#860 = FACE_OUTER_BOUND ( 'NONE', #1960, .T. ) ;
#861 = DIRECTION ( 'NONE',  ( 0.000000000000000000, 0.000000000000000000, 1.000000000000000000 ) ) ;
#862 = VECTOR ( 'NONE', #4, 1000.000000000000000 ) ;
#863 = VERTEX_POINT ( 'NONE', #2713 ) ;
#864 = CARTESIAN_POINT ( 'NONE',  ( 62.00000000000000711, 2.100785315784029272, 94.23418365577049371 ) ) ;
#865 = CONICAL_SURFACE ( 'NONE', #193, 0.9499999999999786393, 1.029744258676650759 ) ;
#866 = ORIENTED_EDGE ( 'NONE', *, *, #2836, .T. ) ;
#867 = CARTESIAN_POINT ( 'NONE',  ( 33.76000000000000512, 2.000000000000011990, 26.82999999999998408 ) ) ;
#868 = CARTESIAN_POINT ( 'NONE',  ( 50.50000000000000000, 2.000000000000019984, 25.87999999999999901 ) ) ;
#869 = AXIS2_PLACEMENT_3D ( 'NONE', #1287, #127, #819 ) ;
#870 = EDGE_LOOP ( 'NONE', ( #421, #1677, #1909, #1417 ) ) ;
#871 = DIRECTION ( 'NONE',  ( 0.7071067811865474617, 0.000000000000000000, 0.7071067811865474617 ) ) ;
#872 = FACE_OUTER_BOUND ( 'NONE', #2872, .T. ) ;
#873 = EDGE_CURVE ( 'NONE', #1173, #1692, #2919, .T. ) ;
#874 = LINE ( 'NONE', #2721, #886 ) ;
#875 = DIRECTION ( 'NONE',  ( 1.000000000000000000, 0.000000000000000000, 0.000000000000000000 ) ) ;
#876 = DIRECTION ( 'NONE',  ( -1.000000000000000000, -2.478176394252581634E-16, 0.000000000000000000 ) ) ;
#877 = EDGE_CURVE ( 'NONE', #9, #496, #1968, .T. ) ;
#878 = DIRECTION ( 'NONE',  ( 0.000000000000000000, 0.000000000000000000, -1.000000000000000000 ) ) ;
#879 = VECTOR ( 'NONE', #511, 1000.000000000000000 ) ;
#880 = ORIENTED_EDGE ( 'NONE', *, *, #1472, .F. ) ;
#881 = AXIS2_PLACEMENT_3D ( 'NONE', #1306, #1521, #1119 ) ;
#882 = DIRECTION ( 'NONE',  ( 0.7071067811865425767, -0.000000000000000000, 0.7071067811865525687 ) ) ;
#883 = EDGE_CURVE ( 'NONE', #2249, #844, #1861, .T. ) ;
#884 = ORIENTED_EDGE ( 'NONE', *, *, #1950, .F. ) ;
#885 = EDGE_CURVE ( 'NONE', #2392, #1810, #952, .T. ) ;
#886 = VECTOR ( 'NONE', #2276, 999.9999999999998863 ) ;
#887 = EDGE_CURVE ( 'NONE', #2045, #501, #958, .T. ) ;
#888 = ORIENTED_EDGE ( 'NONE', *, *, #604, .F. ) ;
#889 = FACE_OUTER_BOUND ( 'NONE', #312, .T. ) ;
#890 = DIRECTION ( 'NONE',  ( 0.000000000000000000, 0.000000000000000000, 1.000000000000000000 ) ) ;
#891 = EDGE_CURVE ( 'NONE', #2380, #1777, #2786, .T. ) ;
#892 = AXIS2_PLACEMENT_3D ( 'NONE', #2009, #894, #1586 ) ;
#893 = CARTESIAN_POINT ( 'NONE',  ( 33.76000000000000512, 7.000000000000016875, 97.00000000000000000 ) ) ;
#894 = DIRECTION ( 'NONE',  ( 0.000000000000000000, 0.000000000000000000, -1.000000000000000000 ) ) ;
#895 = CARTESIAN_POINT ( 'NONE',  ( 61.00000000000000000, 3.000000000000000000, 112.0000000000000000 ) ) ;
#896 = ORIENTED_EDGE ( 'NONE', *, *, #594, .F. ) ;
#897 = CARTESIAN_POINT ( 'NONE',  ( 61.00000000000000000, 3.000000000000000000, 112.0000000000000000 ) ) ;
#898 = VERTEX_POINT ( 'NONE', #2551 ) ;
#899 = ORIENTED_EDGE ( 'NONE', *, *, #189, .F. ) ;
#900 = DIRECTION ( 'NONE',  ( 0.000000000000000000, 0.000000000000000000, -1.000000000000000000 ) ) ;
#901 = LINE ( 'NONE', #429, #1936 ) ;
#902 = AXIS2_PLACEMENT_3D ( 'NONE', #1180, #2761, #2492 ) ;
#903 = DIRECTION ( 'NONE',  ( -1.000000000000000000, -2.312964634635742957E-16, 0.000000000000000000 ) ) ;
#904 = ADVANCED_FACE ( 'NONE', ( #704 ), #1374, .F. ) ;
#905 = FACE_OUTER_BOUND ( 'NONE', #2445, .T. ) ;
#906 = CARTESIAN_POINT ( 'NONE',  ( 6.000000000000001776, 6.000000000000015987, 102.0000000000000142 ) ) ;
#907 = EDGE_LOOP ( 'NONE', ( #1450, #921, #2906, #888 ) ) ;
#908 = CARTESIAN_POINT ( 'NONE',  ( 62.00000000000000000, 25.89999999999999858, 1.999999999999988010 ) ) ;
#909 = ORIENTED_EDGE ( 'NONE', *, *, #849, .F. ) ;
#910 = FACE_OUTER_BOUND ( 'NONE', #1976, .T. ) ;
#911 = AXIS2_PLACEMENT_3D ( 'NONE', #1442, #2181, #332 ) ;
#912 = EDGE_LOOP ( 'NONE', ( #1301, #2308 ) ) ;
#913 = CARTESIAN_POINT ( 'NONE',  ( 56.99999999999999289, 23.89999999999999858, 57.00000000000000711 ) ) ;
#914 = LINE ( 'NONE', #2958, #61 ) ;
#915 = VECTOR ( 'NONE', #1455, 1000.000000000000000 ) ;
#916 = EDGE_CURVE ( 'NONE', #2625, #561, #1151, .T. ) ;
#917 = DIRECTION ( 'NONE',  ( 0.000000000000000000, 0.5150380749100574862, 0.8571673007021104462 ) ) ;
#918 = DIRECTION ( 'NONE',  ( -0.000000000000000000, -0.000000000000000000, -1.000000000000000000 ) ) ;
#919 = CARTESIAN_POINT ( 'NONE',  ( 61.00000000000000000, 20.89999999999999503, 106.0000000000000000 ) ) ;
#920 = ADVANCED_FACE ( 'NONE', ( #606 ), #923, .F. ) ;
#921 = ORIENTED_EDGE ( 'NONE', *, *, #2359, .F. ) ;
#922 = ADVANCED_FACE ( 'NONE', ( #482 ), #852, .F. ) ;
#923 = CYLINDRICAL_SURFACE ( 'NONE', #423, 1.699999999999993072 ) ;
#924 = DIRECTION ( 'NONE',  ( 2.312964634635742957E-16, -1.000000000000000000, 0.000000000000000000 ) ) ;
#925 = AXIS2_PLACEMENT_3D ( 'NONE', #2650, #2943, #1732 ) ;
#926 = ORIENTED_EDGE ( 'NONE', *, *, #1033, .T. ) ;
#927 = CARTESIAN_POINT ( 'NONE',  ( 55.67464114832538513, 42.00239234449751535, 55.67464114832539224 ) ) ;
#928 = EDGE_LOOP ( 'NONE', ( #1516, #2749, #1409, #171 ) ) ;
#929 = DIRECTION ( 'NONE',  ( 0.000000000000000000, 0.000000000000000000, 1.000000000000000000 ) ) ;
#930 = CARTESIAN_POINT ( 'NONE',  ( 57.00000000000000000, 7.000000000000022204, 25.87999999999999901 ) ) ;
#931 = AXIS2_PLACEMENT_3D ( 'NONE', #2530, #646, #1574 ) ;
#932 = FACE_OUTER_BOUND ( 'NONE', #400, .T. ) ;
#933 = CARTESIAN_POINT ( 'NONE',  ( 60.00000000000000000, 27.99999999999999645, 1.999999999999988010 ) ) ;
#934 = EDGE_CURVE ( 'NONE', #2735, #17, #1302, .T. ) ;
#935 = DIRECTION ( 'NONE',  ( -2.312964634635742957E-16, 1.000000000000000000, -0.000000000000000000 ) ) ;
#936 = VECTOR ( 'NONE', #1426, 1000.000000000000000 ) ;
#937 = TOROIDAL_SURFACE ( 'NONE', #1712, 2.500000000000000888, 1.000000000000000000 ) ;
#938 = ORIENTED_EDGE ( 'NONE', *, *, #1359, .F. ) ;
#939 = DIRECTION ( 'NONE',  ( 2.312964634635742957E-16, -1.000000000000000000, 0.000000000000000000 ) ) ;
#940 = DIRECTION ( 'NONE',  ( -1.000000000000000000, 0.000000000000000000, 0.000000000000000000 ) ) ;
#941 = EDGE_CURVE ( 'NONE', #2467, #1884, #2220, .T. ) ;
#942 = ORIENTED_EDGE ( 'NONE', *, *, #2732, .F. ) ;
#943 = ADVANCED_FACE ( 'NONE', ( #1315 ), #174, .F. ) ;
#944 = CARTESIAN_POINT ( 'NONE',  ( 1.300000000000010481, 20.89999999999999503, 112.0000000000000000 ) ) ;
#945 = ORIENTED_EDGE ( 'NONE', *, *, #1350, .T. ) ;
#946 = DIRECTION ( 'NONE',  ( 2.312964634635742957E-16, -1.000000000000000000, -0.000000000000000000 ) ) ;
#947 = DIRECTION ( 'NONE',  ( 0.000000000000000000, -1.000000000000000000, 0.000000000000000000 ) ) ;
#948 = DIRECTION ( 'NONE',  ( -1.821231995776175725E-16, -0.000000000000000000, -1.000000000000000000 ) ) ;
#949 = DIRECTION ( 'NONE',  ( -1.000000000000000000, -2.312964634635742957E-16, 0.000000000000000000 ) ) ;
#950 = DIRECTION ( 'NONE',  ( 1.000000000000000000, 5.782411586589352708E-16, -0.000000000000000000 ) ) ;
#951 = VERTEX_POINT ( 'NONE', #2340 ) ;
#952 = LINE ( 'NONE', #2101, #2444 ) ;
#953 = DIRECTION ( 'NONE',  ( 1.000000000000000000, 1.156482317317871725E-16, -1.821231995776175479E-16 ) ) ;
#954 = VECTOR ( 'NONE', #2121, 1000.000000000000000 ) ;
#955 = VERTEX_POINT ( 'NONE', #1431 ) ;
#956 = VERTEX_POINT ( 'NONE', #1250 ) ;
#957 = APPLICATION_PROTOCOL_DEFINITION ( 'draft international standard', 'automotive_design', 1998, #323 ) ;
#958 = CIRCLE ( 'NONE', #1389, 6.499999999999999112 ) ;
#959 = EDGE_LOOP ( 'NONE', ( #2132, #2829, #30, #2088 ) ) ;
#960 = CARTESIAN_POINT ( 'NONE',  ( 57.99999999999999289, 6.000000000000022204, 102.0000000000000142 ) ) ;
#961 = DIRECTION ( 'NONE',  ( 1.000000000000000000, 2.312964634635742957E-16, 0.000000000000000000 ) ) ;
#962 = CIRCLE ( 'NONE', #2643, 6.499999999999999112 ) ;
#963 = AXIS2_PLACEMENT_3D ( 'NONE', #274, #698, #472 ) ;
#964 = CARTESIAN_POINT ( 'NONE',  ( 62.69999999999998863, 3.000000000000000000, 106.0000000000000000 ) ) ;
#965 = VECTOR ( 'NONE', #1468, 1000.000000000000000 ) ;
#966 = ORIENTED_EDGE ( 'NONE', *, *, #2611, .F. ) ;
#967 = LINE ( 'NONE', #1648, #2978 ) ;
#968 = LINE ( 'NONE', #1211, #678 ) ;
#969 = ORIENTED_EDGE ( 'NONE', *, *, #347, .T. ) ;
#970 = EDGE_LOOP ( 'NONE', ( #1737, #1736, #2120, #697 ) ) ;
#971 = EDGE_CURVE ( 'NONE', #626, #1268, #1419, .T. ) ;
#972 = CIRCLE ( 'NONE', #2561, 2.500000000000002220 ) ;
#973 = ORIENTED_EDGE ( 'NONE', *, *, #1444, .F. ) ;
#974 = DIRECTION ( 'NONE',  ( -0.000000000000000000, -0.000000000000000000, -1.000000000000000000 ) ) ;
#975 = VECTOR ( 'NONE', #2719, 1000.000000000000000 ) ;
#976 = CARTESIAN_POINT ( 'NONE',  ( 33.76000000000000512, 2.000000000000011990, 25.87999999999999901 ) ) ;
#977 = EDGE_CURVE ( 'NONE', #1652, #1952, #91, .T. ) ;
#978 = EDGE_CURVE ( 'NONE', #1867, #2061, #268, .T. ) ;
#979 = ADVANCED_FACE ( 'NONE', ( #1460 ), #536, .F. ) ;
#980 = FACE_OUTER_BOUND ( 'NONE', #353, .T. ) ;
#981 = CARTESIAN_POINT ( 'NONE',  ( 62.00000000000000711, 2.100620538454015307, 28.64692461838732029 ) ) ;
#982 = ORIENTED_EDGE ( 'NONE', *, *, #1973, .T. ) ;
#983 = AXIS2_PLACEMENT_3D ( 'NONE', #2744, #13, #2245 ) ;
#984 = ORIENTED_EDGE ( 'NONE', *, *, #2078, .F. ) ;
#985 = CARTESIAN_POINT ( 'NONE',  ( 57.00000000000000000, 5.000000000000022204, 25.87999999999999901 ) ) ;
#986 = AXIS2_PLACEMENT_3D ( 'NONE', #277, #2140, #994 ) ;
#987 = CARTESIAN_POINT ( 'NONE',  ( 58.00000000000000000, 2.147269329555322681, 102.4498034240149451 ) ) ;
#988 = AXIS2_PLACEMENT_3D ( 'NONE', #1049, #192, #2032 ) ;
#989 = EDGE_LOOP ( 'NONE', ( #740, #1042 ) ) ;
#990 = ORIENTED_EDGE ( 'NONE', *, *, #1821, .T. ) ;
#991 = ORIENTED_EDGE ( 'NONE', *, *, #527, .F. ) ;
#992 = FACE_OUTER_BOUND ( 'NONE', #2147, .T. ) ;
#993 = DIRECTION ( 'NONE',  ( -0.000000000000000000, -0.000000000000000000, 1.000000000000000000 ) ) ;
#994 = DIRECTION ( 'NONE',  ( 0.000000000000000000, -0.000000000000000000, 1.000000000000000000 ) ) ;
#995 = CARTESIAN_POINT ( 'NONE',  ( 60.00000000000000000, 27.99999999999999645, 4.000000000000000000 ) ) ;
#996 = EDGE_LOOP ( 'NONE', ( #1982, #676, #1891 ) ) ;
#997 = CARTESIAN_POINT ( 'NONE',  ( 60.00000000000000000, 23.90000000000003411, 4.000000000000000000 ) ) ;
#998 = DIRECTION ( 'NONE',  ( -0.7071067811865474617, 0.000000000000000000, -0.7071067811865474617 ) ) ;
#999 = VERTEX_POINT ( 'NONE', #2126 ) ;
#1000 =( GEOMETRIC_REPRESENTATION_CONTEXT ( 3 ) GLOBAL_UNCERTAINTY_ASSIGNED_CONTEXT ( ( #2502 ) ) GLOBAL_UNIT_ASSIGNED_CONTEXT ( ( #503, #2332, #1865 ) ) REPRESENTATION_CONTEXT ( 'NONE', 'WORKASPACE' ) );
#1001 = EDGE_LOOP ( 'NONE', ( #1157, #1728, #854, #880, #596, #2342, #2896 ) ) ;
#1002 = FACE_OUTER_BOUND ( 'NONE', #870, .T. ) ;
#1003 = EDGE_CURVE ( 'NONE', #2620, #176, #1932, .T. ) ;
#1004 = CARTESIAN_POINT ( 'NONE',  ( 3.999999999999989786, 2.000000000000006661, 99.99999999999995737 ) ) ;
#1005 = VECTOR ( 'NONE', #378, 999.9999999999998863 ) ;
#1006 = ADVANCED_FACE ( 'NONE', ( #750 ), #77, .F. ) ;
#1007 = FACE_OUTER_BOUND ( 'NONE', #642, .T. ) ;
#1008 = DIRECTION ( 'NONE',  ( -0.000000000000000000, -0.000000000000000000, 1.000000000000000000 ) ) ;
#1009 = ORIENTED_EDGE ( 'NONE', *, *, #438, .F. ) ;
#1010 = APPLICATION_CONTEXT ( 'automotive_design' ) ;
#1011 = ADVANCED_FACE ( 'NONE', ( #2582 ), #722, .F. ) ;
#1012 = TOROIDAL_SURFACE ( 'NONE', #2940, 6.500000000000000888, 3.000000000000000000 ) ;
#1013 = ORIENTED_EDGE ( 'NONE', *, *, #2047, .T. ) ;
#1014 = DIRECTION ( 'NONE',  ( 0.000000000000000000, 0.000000000000000000, 1.000000000000000000 ) ) ;
#1015 = LINE ( 'NONE', #523, #1894 ) ;
#1016 = VECTOR ( 'NONE', #743, 999.9999999999998863 ) ;
#1017 = EDGE_CURVE ( 'NONE', #1377, #2932, #2641, .T. ) ;
#1018 = VERTEX_POINT ( 'NONE', #47 ) ;
#1019 = ORIENTED_EDGE ( 'NONE', *, *, #1454, .F. ) ;
#1020 = DIRECTION ( 'NONE',  ( -1.224646799147353207E-16, -2.832564736347690087E-32, 1.000000000000000000 ) ) ;
#1021 = DIRECTION ( 'NONE',  ( 0.000000000000000000, 1.000000000000000000, -0.000000000000000000 ) ) ;
#1022 = VECTOR ( 'NONE', #693, 1000.000000000000000 ) ;
#1023 = CIRCLE ( 'NONE', #2466, 2.500000000000002220 ) ;
#1024 = LINE ( 'NONE', #822, #2476 ) ;
#1025 = FACE_OUTER_BOUND ( 'NONE', #1387, .T. ) ;
#1026 = ORIENTED_EDGE ( 'NONE', *, *, #2853, .F. ) ;
#1027 = ORIENTED_EDGE ( 'NONE', *, *, #715, .F. ) ;
#1028 = EDGE_CURVE ( 'NONE', #999, #1249, #42, .T. ) ;
#1029 = CARTESIAN_POINT ( 'NONE',  ( 37.26000000000000512, 6.000000000000017764, 97.00000000000000000 ) ) ;
#1030 = DIRECTION ( 'NONE',  ( -0.9578262852211517631, -0.2873478855663438303, 0.000000000000000000 ) ) ;
#1031 = VECTOR ( 'NONE', #2472, 1000.000000000000000 ) ;
#1032 = EDGE_LOOP ( 'NONE', ( #990, #1818 ) ) ;
#1033 = EDGE_CURVE ( 'NONE', #2868, #1141, #1709, .T. ) ;
#1034 = AXIS2_PLACEMENT_3D ( 'NONE', #1730, #130, #1290 ) ;
#1035 = EDGE_CURVE ( 'NONE', #1452, #373, #967, .T. ) ;
#1036 = ORIENTED_EDGE ( 'NONE', *, *, #1821, .F. ) ;
#1037 = CARTESIAN_POINT ( 'NONE',  ( 33.76000000000000512, 2.000000000000011990, 97.00000000000000000 ) ) ;
#1038 = FACE_BOUND ( 'NONE', #912, .T. ) ;
#1039 = CARTESIAN_POINT ( 'NONE',  ( 60.00000000000000000, 26.49999999999999645, 1.999999999999988010 ) ) ;
#1040 = FACE_OUTER_BOUND ( 'NONE', #2020, .T. ) ;
#1041 = DIRECTION ( 'NONE',  ( -0.000000000000000000, 1.000000000000000000, -0.000000000000000000 ) ) ;
#1042 = ORIENTED_EDGE ( 'NONE', *, *, #2858, .F. ) ;
#1043 = CARTESIAN_POINT ( 'NONE',  ( 33.76000000000000512, 7.000000000000016875, 96.05000000000002558 ) ) ;
#1044 = DIRECTION ( 'NONE',  ( -1.821231995776175725E-16, -0.000000000000000000, -1.000000000000000000 ) ) ;
#1045 = EDGE_LOOP ( 'NONE', ( #650, #1434, #2177, #1464 ) ) ;
#1046 = FACE_OUTER_BOUND ( 'NONE', #1191, .T. ) ;
#1047 = ORIENTED_EDGE ( 'NONE', *, *, #887, .F. ) ;
#1048 = DIRECTION ( 'NONE',  ( -0.000000000000000000, -0.000000000000000000, 1.000000000000000000 ) ) ;
#1049 = CARTESIAN_POINT ( 'NONE',  ( 3.000000000000000000, 20.89999999999999503, 112.0000000000000000 ) ) ;
#1050 = ORIENTED_EDGE ( 'NONE', *, *, #1546, .T. ) ;
#1051 = CARTESIAN_POINT ( 'NONE',  ( 40.26000000000000512, 2.000000000000017764, 25.87999999999999901 ) ) ;
#1052 = DIRECTION ( 'NONE',  ( -2.312964634635742957E-16, 1.000000000000000000, 0.000000000000000000 ) ) ;
#1053 = DIRECTION ( 'NONE',  ( 0.7071067811865474617, 0.000000000000000000, -0.7071067811865474617 ) ) ;
#1054 = ORIENTED_EDGE ( 'NONE', *, *, #29, .T. ) ;
#1055 = DIRECTION ( 'NONE',  ( -2.312964634635742957E-16, 1.000000000000000000, 0.000000000000000000 ) ) ;
#1056 = LINE ( 'NONE', #1075, #563 ) ;
#1057 = CARTESIAN_POINT ( 'NONE',  ( 33.76000000000000512, 7.000000000000016875, 25.87999999999999901 ) ) ;
#1058 = VECTOR ( 'NONE', #1453, 1000.000000000000000 ) ;
#1059 = ORIENTED_EDGE ( 'NONE', *, *, #527, .T. ) ;
#1060 = DIRECTION ( 'NONE',  ( -0.000000000000000000, 1.000000000000000000, -0.000000000000000000 ) ) ;
#1061 = VECTOR ( 'NONE', #2389, 1000.000000000000000 ) ;
#1062 = ORIENTED_EDGE ( 'NONE', *, *, #487, .T. ) ;
#1063 = DIRECTION ( 'NONE',  ( 0.000000000000000000, 0.000000000000000000, 1.000000000000000000 ) ) ;
#1064 = ADVANCED_FACE ( 'NONE', ( #497 ), #736, .F. ) ;
#1065 = CARTESIAN_POINT ( 'NONE',  ( 4.000000000000001776, 26.49999999999999645, 112.0000000000000000 ) ) ;
#1066 = ORIENTED_EDGE ( 'NONE', *, *, #934, .F. ) ;
#1067 = DIRECTION ( 'NONE',  ( -1.000000000000000000, 0.000000000000000000, 0.000000000000000000 ) ) ;
#1068 = CARTESIAN_POINT ( 'NONE',  ( 2.000000000000001776, 27.99999999999999645, 112.0000000000000000 ) ) ;
#1069 = EDGE_CURVE ( 'NONE', #2644, #434, #318, .T. ) ;
#1070 = EDGE_CURVE ( 'NONE', #539, #66, #577, .T. ) ;
#1071 = VECTOR ( 'NONE', #1076, 1000.000000000000000 ) ;
#1072 = CARTESIAN_POINT ( 'NONE',  ( 33.76000000000000512, 2.000000000000015987, 97.00000000000000000 ) ) ;
#1073 = ORIENTED_EDGE ( 'NONE', *, *, #2804, .F. ) ;
#1074 = FACE_OUTER_BOUND ( 'NONE', #664, .T. ) ;
#1075 = CARTESIAN_POINT ( 'NONE',  ( 2.000000000000001776, 23.89999999999999858, 4.000000000000000000 ) ) ;
#1076 = DIRECTION ( 'NONE',  ( 1.000000000000000000, 0.000000000000000000, 0.000000000000000000 ) ) ;
#1077 = ORIENTED_EDGE ( 'NONE', *, *, #2052, .T. ) ;
#1078 = CARTESIAN_POINT ( 'NONE',  ( 33.76000000000000512, 7.000000000000016875, 97.00000000000000000 ) ) ;
#1079 = COLOUR_RGB ( '',0.7921568627450980005, 0.8196078431372548767, 0.9333333333333333481 ) ;
#1080 = ORIENTED_EDGE ( 'NONE', *, *, #1017, .T. ) ;
#1081 = DIRECTION ( 'NONE',  ( -0.000000000000000000, 0.000000000000000000, -1.000000000000000000 ) ) ;
#1082 = CARTESIAN_POINT ( 'NONE',  ( 62.00000000000000000, 2.000000000000022649, 112.0000000000000000 ) ) ;
#1083 = AXIS2_PLACEMENT_3D ( 'NONE', #1039, #1483, #2405 ) ;
#1084 = VECTOR ( 'NONE', #2097, 1000.000000000000000 ) ;
#1085 = VERTEX_POINT ( 'NONE', #1029 ) ;
#1086 = CARTESIAN_POINT ( 'NONE',  ( 57.99999999999999289, 2.347217747966091839, 102.0000000000000142 ) ) ;
#1087 = LINE ( 'NONE', #351, #829 ) ;
#1088 = ORIENTED_EDGE ( 'NONE', *, *, #219, .F. ) ;
#1089 = CARTESIAN_POINT ( 'NONE',  ( 2.000000000000001776, 2.000000000000008882, 97.99999999999994316 ) ) ;
#1090 = CARTESIAN_POINT ( 'NONE',  ( 33.76000000000000512, 6.000000000000016875, 97.00000000000000000 ) ) ;
#1091 = CARTESIAN_POINT ( 'NONE',  ( 2.000000000000001776, 22.39999999999999503, 3.999999999999998224 ) ) ;
#1092 = EDGE_LOOP ( 'NONE', ( #327, #2653, #2783 ) ) ;
#1093 = CARTESIAN_POINT ( 'NONE',  ( 2.000000000000001776, 6.000000000000015987, 97.99999999999994316 ) ) ;
#1094 = ORIENTED_EDGE ( 'NONE', *, *, #1069, .F. ) ;
#1095 = DIRECTION ( 'NONE',  ( -1.000000000000000000, 5.782411586589352708E-16, 0.000000000000000000 ) ) ;
#1096 = FACE_OUTER_BOUND ( 'NONE', #1333, .T. ) ;
#1097 = ADVANCED_FACE ( 'NONE', ( #298 ), #1694, .T. ) ;
#1098 = EDGE_LOOP ( 'NONE', ( #690, #2005, #2973, #1311 ) ) ;
#1099 = CYLINDRICAL_SURFACE ( 'NONE', #1995, 1.699999999999988853 ) ;
#1100 = VECTOR ( 'NONE', #237, 1000.000000000000000 ) ;
#1101 = CARTESIAN_POINT ( 'NONE',  ( 2.000000000000001776, 2.000000000000008882, 97.99999999999994316 ) ) ;
#1102 = EDGE_CURVE ( 'NONE', #2238, #1867, #1506, .T. ) ;
#1103 = CARTESIAN_POINT ( 'NONE',  ( 0.000000000000000000, 0.000000000000000000, 0.000000000000000000 ) ) ;
#1104 = CARTESIAN_POINT ( 'NONE',  ( 57.99999999999999289, 2.000000000000022204, 112.0000000000000000 ) ) ;
#1105 = DIRECTION ( 'NONE',  ( 0.000000000000000000, 0.000000000000000000, 1.000000000000000000 ) ) ;
#1106 = EDGE_CURVE ( 'NONE', #2818, #271, #151, .T. ) ;
#1107 = DIRECTION ( 'NONE',  ( -1.000000000000000000, 0.000000000000000000, 0.000000000000000000 ) ) ;
#1108 = VECTOR ( 'NONE', #632, 1000.000000000000000 ) ;
#1109 = ORIENTED_EDGE ( 'NONE', *, *, #2203, .T. ) ;
#1110 = VECTOR ( 'NONE', #1547, 999.9999999999998863 ) ;
#1111 = CARTESIAN_POINT ( 'NONE',  ( 4.000000000000001776, 23.89999999999999858, 99.99999999999997158 ) ) ;
#1112 = AXIS2_PLACEMENT_3D ( 'NONE', #2680, #2631, #141 ) ;
#1113 = ADVANCED_FACE ( 'NONE', ( #2409 ), #2021, .F. ) ;
#1114 = ORIENTED_EDGE ( 'NONE', *, *, #2925, .T. ) ;
#1115 = DIRECTION ( 'NONE',  ( 0.000000000000000000, 0.000000000000000000, 1.000000000000000000 ) ) ;
#1116 = AXIS2_PLACEMENT_3D ( 'NONE', #346, #2696, #1270 ) ;
#1117 = VERTEX_POINT ( 'NONE', #2869 ) ;
#1118 = CYLINDRICAL_SURFACE ( 'NONE', #164, 0.9499999999999855227 ) ;
#1119 = DIRECTION ( 'NONE',  ( 1.000000000000000000, 0.000000000000000000, 0.000000000000000000 ) ) ;
#1120 = DIRECTION ( 'NONE',  ( 1.000000000000000000, 8.673617379884035472E-16, -0.000000000000000000 ) ) ;
#1121 = LINE ( 'NONE', #660, #113 ) ;
#1122 = CARTESIAN_POINT ( 'NONE',  ( 60.00000000000000000, 23.89999999999999858, 99.99999999999995737 ) ) ;
#1123 = AXIS2_PLACEMENT_3D ( 'NONE', #1296, #2216, #2027 ) ;
#1124 = ORIENTED_EDGE ( 'NONE', *, *, #2447, .T. ) ;
#1125 = CONICAL_SURFACE ( 'NONE', #1895, 1.699999999999987965, 1.029744258676652313 ) ;
#1126 = DIRECTION ( 'NONE',  ( -1.000000000000000000, -2.478176394252581634E-16, 0.000000000000000000 ) ) ;
#1127 = ORIENTED_EDGE ( 'NONE', *, *, #1503, .F. ) ;
#1128 = PRESENTATION_LAYER_ASSIGNMENT (  '', '', ( #2471 ) ) ;
#1129 = EDGE_CURVE ( 'NONE', #468, #2384, #2928, .T. ) ;
#1130 = VERTEX_POINT ( 'NONE', #2898 ) ;
#1131 = DIRECTION ( 'NONE',  ( -1.000000000000000000, -0.000000000000000000, -0.000000000000000000 ) ) ;
#1132 = DIRECTION ( 'NONE',  ( -0.000000000000000000, 1.000000000000000000, -0.000000000000000000 ) ) ;
#1133 = VECTOR ( 'NONE', #2322, 1000.000000000000000 ) ;
#1134 = CARTESIAN_POINT ( 'NONE',  ( 62.00000000000000000, 2.401923788646708857, 97.33219861190555378 ) ) ;
#1135 = FACE_OUTER_BOUND ( 'NONE', #2862, .T. ) ;
#1136 = ORIENTED_EDGE ( 'NONE', *, *, #2221, .T. ) ;
#1137 = DIRECTION ( 'NONE',  ( 0.000000000000000000, -0.000000000000000000, 1.000000000000000000 ) ) ;
#1138 = ORIENTED_EDGE ( 'NONE', *, *, #2599, .T. ) ;
#1139 = CARTESIAN_POINT ( 'NONE',  ( 2.000000000000001776, 2.000000000000008882, 2.000000000000000000 ) ) ;
#1140 = ADVANCED_FACE ( 'NONE', ( #1541 ), #2654, .T. ) ;
#1141 = VERTEX_POINT ( 'NONE', #828 ) ;
#1142 = DIRECTION ( 'NONE',  ( 1.000000000000000000, 0.000000000000000000, 0.000000000000000000 ) ) ;
#1143 = FACE_OUTER_BOUND ( 'NONE', #670, .T. ) ;
#1144 = ORIENTED_EDGE ( 'NONE', *, *, #306, .T. ) ;
#1145 = ADVANCED_FACE ( 'NONE', ( #2474 ), #190, .T. ) ;
#1146 = AXIS2_PLACEMENT_3D ( 'NONE', #710, #2524, #1363 ) ;
#1147 = LINE ( 'NONE', #2259, #2182 ) ;
#1148 = CARTESIAN_POINT ( 'NONE',  ( 6.000000000000001776, 6.000000000000015987, 112.0000000000000000 ) ) ;
#1149 = CARTESIAN_POINT ( 'NONE',  ( 2.000000000000001776, 2.000000000000008882, 97.99999999999994316 ) ) ;
#1150 = ORIENTED_EDGE ( 'NONE', *, *, #1166, .T. ) ;
#1151 = LINE ( 'NONE', #1551, #1005 ) ;
#1152 = AXIS2_PLACEMENT_3D ( 'NONE', #1845, #2446, #1876 ) ;
#1153 = PLANE ( 'NONE',  #1404 ) ;
#1154 = EDGE_LOOP ( 'NONE', ( #1167, #1844, #1929 ) ) ;
#1155 = VECTOR ( 'NONE', #2933, 1000.000000000000000 ) ;
#1156 = EDGE_CURVE ( 'NONE', #1117, #626, #1056, .T. ) ;
#1157 = ORIENTED_EDGE ( 'NONE', *, *, #2163, .F. ) ;
#1158 = CARTESIAN_POINT ( 'NONE',  ( 36.26000000000000512, 6.000000000000017764, 97.00000000000000000 ) ) ;
#1159 = DIRECTION ( 'NONE',  ( -0.000000000000000000, -0.000000000000000000, 1.000000000000000000 ) ) ;
#1160 = CIRCLE ( 'NONE', #2314, 6.499999999999999112 ) ;
#1161 = CARTESIAN_POINT ( 'NONE',  ( 62.00000000000000000, 2.401923788646708857, 25.87999999999999901 ) ) ;
#1162 = CARTESIAN_POINT ( 'NONE',  ( 57.99999999999998579, 23.89999999999999858, 102.0000000000000142 ) ) ;
#1163 = ADVANCED_FACE ( 'NONE', ( #2458 ), #2255, .T. ) ;
#1164 = PLANE ( 'NONE',  #705 ) ;
#1165 = ADVANCED_FACE ( 'NONE', ( #860 ), #531, .T. ) ;
#1166 = EDGE_CURVE ( 'NONE', #2197, #655, #370, .T. ) ;
#1167 = ORIENTED_EDGE ( 'NONE', *, *, #25, .F. ) ;
#1168 = DIRECTION ( 'NONE',  ( 1.000000000000000000, 2.001604010742470009E-16, 0.000000000000000000 ) ) ;
#1169 = CARTESIAN_POINT ( 'NONE',  ( 53.50000000000000000, 6.000000000000021316, 25.87999999999999901 ) ) ;
#1170 = VECTOR ( 'NONE', #1612, 1000.000000000000000 ) ;
#1171 = ORIENTED_EDGE ( 'NONE', *, *, #1286, .F. ) ;
#1172 = FACE_OUTER_BOUND ( 'NONE', #2844, .T. ) ;
#1173 = VERTEX_POINT ( 'NONE', #2247 ) ;
#1174 = CARTESIAN_POINT ( 'NONE',  ( 57.00000000000000000, 7.000000000000022204, 97.00000000000000000 ) ) ;
#1175 = CARTESIAN_POINT ( 'NONE',  ( 2.000000000000001776, 22.39999999999999503, 2.000000000000000888 ) ) ;
#1176 =( GEOMETRIC_REPRESENTATION_CONTEXT ( 3 ) GLOBAL_UNCERTAINTY_ASSIGNED_CONTEXT ( ( #2319 ) ) GLOBAL_UNIT_ASSIGNED_CONTEXT ( ( #447, #460, #1325 ) ) REPRESENTATION_CONTEXT ( 'NONE', 'WORKASPACE' ) );
#1177 = PRODUCT ( 'Sensor_Halterung_ESP-NOW_1_Panel', 'Sensor_Halterung_ESP-NOW_1_Panel', '', ( #8 ) ) ;
#1178 = DIRECTION ( 'NONE',  ( -2.312964634635742957E-16, 1.000000000000000000, -0.000000000000000000 ) ) ;
#1179 = CARTESIAN_POINT ( 'NONE',  ( 57.00000000000000000, 6.000000000000022204, 25.87999999999999901 ) ) ;
#1180 = CARTESIAN_POINT ( 'NONE',  ( 3.000000000000000000, 3.000000000000000000, 112.0000000000000000 ) ) ;
#1181 = AXIS2_PLACEMENT_3D ( 'NONE', #2649, #2907, #2180 ) ;
#1182 = VERTEX_POINT ( 'NONE', #2186 ) ;
#1183 = CARTESIAN_POINT ( 'NONE',  ( 33.76000000000000512, 2.000000000000011990, 26.82999999999998408 ) ) ;
#1184 = CARTESIAN_POINT ( 'NONE',  ( 59.30000000000000426, 20.89999999999999503, 112.0000000000000000 ) ) ;
#1185 = ORIENTED_EDGE ( 'NONE', *, *, #93, .T. ) ;
#1186 = ORIENTED_EDGE ( 'NONE', *, *, #71, .F. ) ;
#1187 = DIRECTION ( 'NONE',  ( 0.000000000000000000, -1.000000000000000000, 0.000000000000000000 ) ) ;
#1188 = CARTESIAN_POINT ( 'NONE',  ( 60.69211985115833130, 2.916731438714632585, 99.30788014884161896 ) ) ;
#1189 = CARTESIAN_POINT ( 'NONE',  ( 25.49999999999999645, 1.500000000000011324, 15.79999999999999538 ) ) ;
#1190 = CARTESIAN_POINT ( 'NONE',  ( 62.00000000000000000, 2.381847524089440782, 97.66564649906293027 ) ) ;
#1191 = EDGE_LOOP ( 'NONE', ( #122, #2193, #525, #2344 ) ) ;
#1192 = ADVANCED_FACE ( 'NONE', ( #2232, #1770, #168, #1946, #2704 ), #182, .T. ) ;
#1193 = CARTESIAN_POINT ( 'NONE',  ( 4.699999999999987743, 20.89999999999999503, 106.0000000000000000 ) ) ;
#1194 = CIRCLE ( 'NONE', #801, 3.500000000000003109 ) ;
#1195 = DIRECTION ( 'NONE',  ( -2.312964634635742957E-16, 1.000000000000000000, 0.000000000000000000 ) ) ;
#1196 = ADVANCED_FACE ( 'NONE', ( #355 ), #1698, .F. ) ;
#1197 = ORIENTED_EDGE ( 'NONE', *, *, #1725, .F. ) ;
#1198 = ORIENTED_EDGE ( 'NONE', *, *, #2268, .F. ) ;
#1199 = DIRECTION ( 'NONE',  ( 0.000000000000000000, -1.000000000000000000, 0.000000000000000000 ) ) ;
#1200 = ADVANCED_FACE ( 'NONE', ( #1961 ), #810, .F. ) ;
#1201 = EDGE_CURVE ( 'NONE', #1085, #2144, #390, .T. ) ;
#1202 = ORIENTED_EDGE ( 'NONE', *, *, #2479, .T. ) ;
#1203 = CARTESIAN_POINT ( 'NONE',  ( 33.76000000000000512, 2.000000000000011990, 25.87999999999999901 ) ) ;
#1204 = DIRECTION ( 'NONE',  ( 1.000000000000000000, 0.000000000000000000, 0.000000000000000000 ) ) ;
#1205 = AXIS2_PLACEMENT_3D ( 'NONE', #2462, #1060, #651 ) ;
#1206 = VECTOR ( 'NONE', #2784, 1000.000000000000000 ) ;
#1207 = CARTESIAN_POINT ( 'NONE',  ( 40.26000000000000512, 5.000000000000018652, 25.87999999999999901 ) ) ;
#1208 = CARTESIAN_POINT ( 'NONE',  ( 53.50000000000000000, 7.000000000000021316, 25.87999999999999901 ) ) ;
#1209 = ORIENTED_EDGE ( 'NONE', *, *, #805, .F. ) ;
#1210 = CARTESIAN_POINT ( 'NONE',  ( 62.00000000000001421, 2.380216719653093893, 25.18951505686577264 ) ) ;
#1211 = CARTESIAN_POINT ( 'NONE',  ( 2.000000000000001776, 23.89999999999999858, 112.0000000000000000 ) ) ;
#1212 = VERTEX_POINT ( 'NONE', #648 ) ;
#1213 = ORIENTED_EDGE ( 'NONE', *, *, #2228, .T. ) ;
#1214 = CIRCLE ( 'NONE', #2901, 1.000000000000000888 ) ;
#1215 = ORIENTED_EDGE ( 'NONE', *, *, #1530, .T. ) ;
#1216 = LINE ( 'NONE', #234, #1478 ) ;
#1217 = CARTESIAN_POINT ( 'NONE',  ( 37.26000000000000512, 7.000000000000017764, 97.00000000000000000 ) ) ;
#1218 = EDGE_CURVE ( 'NONE', #1990, #1018, #1577, .T. ) ;
#1219 = ORIENTED_EDGE ( 'NONE', *, *, #2886, .T. ) ;
#1220 = CARTESIAN_POINT ( 'NONE',  ( 33.76000000000000512, 7.000000000000018652, 96.05000000000002558 ) ) ;
#1221 = DIRECTION ( 'NONE',  ( 0.000000000000000000, 0.000000000000000000, 1.000000000000000000 ) ) ;
#1222 = ORIENTED_EDGE ( 'NONE', *, *, #90, .F. ) ;
#1223 = DIRECTION ( 'NONE',  ( -0.000000000000000000, 1.000000000000000000, -0.000000000000000000 ) ) ;
#1224 = VECTOR ( 'NONE', #2730, 1000.000000000000114 ) ;
#1225 = DIRECTION ( 'NONE',  ( 0.000000000000000000, 0.000000000000000000, 1.000000000000000000 ) ) ;
#1226 = AXIS2_PLACEMENT_3D ( 'NONE', #597, #2025, #612 ) ;
#1227 = ORIENTED_EDGE ( 'NONE', *, *, #873, .T. ) ;
#1228 = ADVANCED_FACE ( 'NONE', ( #2948 ), #2855, .F. ) ;
#1229 = EDGE_LOOP ( 'NONE', ( #1747, #1349 ) ) ;
#1230 = CARTESIAN_POINT ( 'NONE',  ( 61.99999999999999289, 17.89999999999999503, 112.0000000000000000 ) ) ;
#1231 = ADVANCED_FACE ( 'NONE', ( #804 ), #1360, .F. ) ;
#1232 = CARTESIAN_POINT ( 'NONE',  ( 33.76000000000000512, 5.000000000000016875, 25.87999999999999901 ) ) ;
#1233 = FACE_OUTER_BOUND ( 'NONE', #3, .T. ) ;
#1234 = LINE ( 'NONE', #2592, #425 ) ;
#1235 = EDGE_CURVE ( 'NONE', #2230, #69, #2469, .T. ) ;
#1236 = ORIENTED_EDGE ( 'NONE', *, *, #180, .F. ) ;
#1237 = DIRECTION ( 'NONE',  ( -1.000000000000000000, 0.000000000000000000, 0.000000000000000000 ) ) ;
#1238 = CARTESIAN_POINT ( 'NONE',  ( 0.000000000000000000, 27.99999999999999645, 0.000000000000000000 ) ) ;
#1239 = ORIENTED_EDGE ( 'NONE', *, *, #1444, .T. ) ;
#1240 = ORIENTED_EDGE ( 'NONE', *, *, #1286, .T. ) ;
#1241 = DIRECTION ( 'NONE',  ( 1.000000000000000000, 2.478176394252579169E-16, 0.000000000000000000 ) ) ;
#1242 = CARTESIAN_POINT ( 'NONE',  ( 3.000000000000000000, 20.89999999999999503, 106.0000000000000000 ) ) ;
#1243 = VECTOR ( 'NONE', #2794, 1000.000000000000000 ) ;
#1244 = ADVANCED_FACE ( 'NONE', ( #872 ), #1801, .F. ) ;
#1245 = FACE_OUTER_BOUND ( 'NONE', #2511, .T. ) ;
#1246 = VECTOR ( 'NONE', #1008, 1000.000000000000000 ) ;
#1247 = DIRECTION ( 'NONE',  ( -0.000000000000000000, 1.000000000000000000, -0.000000000000000000 ) ) ;
#1248 = VECTOR ( 'NONE', #588, 1000.000000000000000 ) ;
#1249 = VERTEX_POINT ( 'NONE', #1556 ) ;
#1250 = CARTESIAN_POINT ( 'NONE',  ( 60.00000000000000000, 26.49999999999999645, 111.9999999999999716 ) ) ;
#1251 = CARTESIAN_POINT ( 'NONE',  ( 3.000000000000000000, 20.89999999999999503, 112.0000000000000000 ) ) ;
#1252 = EDGE_CURVE ( 'NONE', #165, #721, #2275, .T. ) ;
#1253 = AXIS2_PLACEMENT_3D ( 'NONE', #2820, #993, #1427 ) ;
#1254 = VERTEX_POINT ( 'NONE', #1537 ) ;
#1255 = ORIENTED_EDGE ( 'NONE', *, *, #1866, .T. ) ;
#1256 = CARTESIAN_POINT ( 'NONE',  ( 61.00000000000000000, 20.89999999999999503, 112.0000000000000000 ) ) ;
#1257 = FACE_BOUND ( 'NONE', #1032, .T. ) ;
#1258 = AXIS2_PLACEMENT_3D ( 'NONE', #92, #64, #2813 ) ;
#1259 = CARTESIAN_POINT ( 'NONE',  ( 57.00000000000000000, 7.000000000000022204, 97.00000000000000000 ) ) ;
#1260 = FACE_OUTER_BOUND ( 'NONE', #809, .T. ) ;
#1261 = VERTEX_POINT ( 'NONE', #1572 ) ;
#1262 = ORIENTED_EDGE ( 'NONE', *, *, #1864, .F. ) ;
#1263 = DIRECTION ( 'NONE',  ( 2.312964634635742957E-16, -1.000000000000000000, 0.000000000000000000 ) ) ;
#1264 = CARTESIAN_POINT ( 'NONE',  ( 57.99999999999998579, 17.89999999999999503, 102.0000000000000142 ) ) ;
#1265 = CIRCLE ( 'NONE', #2331, 3.000000000000002665 ) ;
#1266 = VERTEX_POINT ( 'NONE', #2226 ) ;
#1267 = AXIS2_PLACEMENT_3D ( 'NONE', #2306, #27, #2081 ) ;
#1268 = VERTEX_POINT ( 'NONE', #399 ) ;
#1269 = LINE ( 'NONE', #1938, #1638 ) ;
#1270 = DIRECTION ( 'NONE',  ( 0.000000000000000000, 0.000000000000000000, 1.000000000000000000 ) ) ;
#1271 = ORIENTED_EDGE ( 'NONE', *, *, #1465, .F. ) ;
#1272 = CARTESIAN_POINT ( 'NONE',  ( 64.00000000000000000, 0.000000000000000000, 0.000000000000000000 ) ) ;
#1273 = CARTESIAN_POINT ( 'NONE',  ( 4.699999999999989519, 3.000000000000000000, 112.0000000000000000 ) ) ;
#1274 = LINE ( 'NONE', #2408, #1697 ) ;
#1275 = ORIENTED_EDGE ( 'NONE', *, *, #1734, .F. ) ;
#1276 = FACE_OUTER_BOUND ( 'NONE', #1229, .T. ) ;
#1277 = DIRECTION ( 'NONE',  ( 1.000000000000000000, 0.000000000000000000, 0.000000000000000000 ) ) ;
#1278 = DIRECTION ( 'NONE',  ( 1.224646799147353207E-16, 2.832564736347690087E-32, 1.000000000000000000 ) ) ;
#1279 = EDGE_CURVE ( 'NONE', #2615, #956, #823, .T. ) ;
#1280 = ORIENTED_EDGE ( 'NONE', *, *, #2677, .F. ) ;
#1281 = CARTESIAN_POINT ( 'NONE',  ( 2.000000000000001776, 6.000000000000015987, 102.0000000000000142 ) ) ;
#1282 = EDGE_CURVE ( 'NONE', #1721, #2976, #2195, .T. ) ;
#1283 = VECTOR ( 'NONE', #2040, 1000.000000000000000 ) ;
#1284 = ORIENTED_EDGE ( 'NONE', *, *, #781, .T. ) ;
#1285 = LINE ( 'NONE', #2873, #1058 ) ;
#1286 = EDGE_CURVE ( 'NONE', #2480, #1554, #2434, .T. ) ;
#1287 = CARTESIAN_POINT ( 'NONE',  ( 33.76000000000000512, 7.000000000000016875, 25.87999999999999901 ) ) ;
#1288 = EDGE_CURVE ( 'NONE', #1820, #2270, #1087, .T. ) ;
#1289 = ORIENTED_EDGE ( 'NONE', *, *, #1412, .F. ) ;
#1290 = DIRECTION ( 'NONE',  ( 0.000000000000000000, -0.000000000000000000, -1.000000000000000000 ) ) ;
#1291 = FACE_BOUND ( 'NONE', #2533, .T. ) ;
#1292 = LINE ( 'NONE', #335, #296 ) ;
#1293 = VERTEX_POINT ( 'NONE', #1273 ) ;
#1294 = LINE ( 'NONE', #2913, #213 ) ;
#1295 = DIRECTION ( 'NONE',  ( 1.000000000000000000, 0.000000000000000000, 0.000000000000000000 ) ) ;
#1296 = CARTESIAN_POINT ( 'NONE',  ( 33.76000000000000512, 2.000000000000011990, 97.00000000000000000 ) ) ;
#1297 = VECTOR ( 'NONE', #882, 999.9999999999998863 ) ;
#1298 = ORIENTED_EDGE ( 'NONE', *, *, #562, .F. ) ;
#1299 = CARTESIAN_POINT ( 'NONE',  ( 62.00000000000000000, 2.401923788646708857, 97.00000000000000000 ) ) ;
#1300 = VECTOR ( 'NONE', #2632, 1000.000000000000000 ) ;
#1301 = ORIENTED_EDGE ( 'NONE', *, *, #887, .T. ) ;
#1302 = LINE ( 'NONE', #2695, #2304 ) ;
#1303 = PLANE ( 'NONE',  #2407 ) ;
#1304 = VERTEX_POINT ( 'NONE', #2924 ) ;
#1305 = DIRECTION ( 'NONE',  ( -0.000000000000000000, -0.000000000000000000, 1.000000000000000000 ) ) ;
#1306 = CARTESIAN_POINT ( 'NONE',  ( 61.00000000000000000, 3.000000000000000000, 106.0000000000000000 ) ) ;
#1307 = VECTOR ( 'NONE', #178, 1000.000000000000000 ) ;
#1308 = ORIENTED_EDGE ( 'NONE', *, *, #1860, .T. ) ;
#1309 = LINE ( 'NONE', #2733, #2185 ) ;
#1310 = LINE ( 'NONE', #356, #1745 ) ;
#1311 = ORIENTED_EDGE ( 'NONE', *, *, #1421, .T. ) ;
#1312 = CARTESIAN_POINT ( 'NONE',  ( 33.76000000000000512, 7.000000000000016875, 97.00000000000000000 ) ) ;
#1313 = EDGE_CURVE ( 'NONE', #176, #1911, #131, .T. ) ;
#1314 = EDGE_LOOP ( 'NONE', ( #2967, #848, #2366, #1449 ) ) ;
#1315 = FACE_OUTER_BOUND ( 'NONE', #2586, .T. ) ;
#1316 = CARTESIAN_POINT ( 'NONE',  ( 57.99999999999999289, 2.000000000000022204, 112.0000000000000000 ) ) ;
#1317 = VECTOR ( 'NONE', #545, 1000.000000000000000 ) ;
#1318 = EDGE_CURVE ( 'NONE', #844, #2230, #1651, .T. ) ;
#1319 = CIRCLE ( 'NONE', #988, 1.699999999999989742 ) ;
#1320 = ADVANCED_FACE ( 'NONE', ( #2453, #1291 ), #1989, .T. ) ;
#1321 = ORIENTED_EDGE ( 'NONE', *, *, #977, .T. ) ;
#1322 = DIRECTION ( 'NONE',  ( 0.000000000000000000, 1.000000000000000000, 0.000000000000000000 ) ) ;
#1323 = DIRECTION ( 'NONE',  ( -1.000000000000000000, -2.312964634635742957E-16, 0.000000000000000000 ) ) ;
#1324 = ORIENTED_EDGE ( 'NONE', *, *, #1328, .F. ) ;
#1325 =( NAMED_UNIT ( * ) SI_UNIT ( $, .STERADIAN. ) SOLID_ANGLE_UNIT ( ) );
#1326 = CARTESIAN_POINT ( 'NONE',  ( 61.99999999999999289, 17.89999999999999503, 102.0000000000000142 ) ) ;
#1327 = CARTESIAN_POINT ( 'NONE',  ( 33.76000000000000512, 6.000000000000016875, 97.00000000000000000 ) ) ;
#1328 = EDGE_CURVE ( 'NONE', #1890, #1254, #2083, .T. ) ;
#1329 = CARTESIAN_POINT ( 'NONE',  ( 33.76000000000000512, 6.000000000000016875, 25.87999999999999901 ) ) ;
#1330 = ORIENTED_EDGE ( 'NONE', *, *, #1675, .T. ) ;
#1331 = CARTESIAN_POINT ( 'NONE',  ( 62.00000000000003553, 2.000000000000022649, 93.54449610344944688 ) ) ;
#1332 = VERTEX_POINT ( 'NONE', #2257 ) ;
#1333 = EDGE_LOOP ( 'NONE', ( #2073, #233, #2698, #1923, #1879, #1609, #2170, #1114, #1980, #2754, #1255, #1476 ) ) ;
#1334 = DIRECTION ( 'NONE',  ( -0.000000000000000000, 1.000000000000000000, -0.000000000000000000 ) ) ;
#1335 = ORIENTED_EDGE ( 'NONE', *, *, #189, .T. ) ;
#1336 = DIRECTION ( 'NONE',  ( 0.000000000000000000, 0.000000000000000000, 1.000000000000000000 ) ) ;
#1337 = VECTOR ( 'NONE', #485, 1000.000000000000000 ) ;
#1338 = DIRECTION ( 'NONE',  ( -0.000000000000000000, 1.000000000000000000, -0.000000000000000000 ) ) ;
#1339 = PLANE ( 'NONE',  #2720 ) ;
#1340 = DIRECTION ( 'NONE',  ( -0.000000000000000000, 1.000000000000000000, -0.000000000000000000 ) ) ;
#1341 = CARTESIAN_POINT ( 'NONE',  ( 33.76000000000000512, 6.000000000000016875, 97.00000000000000000 ) ) ;
#1342 = DIRECTION ( 'NONE',  ( -0.000000000000000000, -0.000000000000000000, 1.000000000000000000 ) ) ;
#1343 = VECTOR ( 'NONE', #320, 1000.000000000000000 ) ;
#1344 = EDGE_LOOP ( 'NONE', ( #1458, #1036, #767, #1324 ) ) ;
#1345 = CIRCLE ( 'NONE', #45, 3.499999999999999556 ) ;
#1346 = DIRECTION ( 'NONE',  ( -1.000000000000000000, -3.469446951953611231E-16, 0.000000000000000000 ) ) ;
#1347 = ADVANCED_FACE ( 'NONE', ( #196 ), #1558, .F. ) ;
#1348 = AXIS2_PLACEMENT_3D ( 'NONE', #1480, #1496, #2373 ) ;
#1349 = ORIENTED_EDGE ( 'NONE', *, *, #604, .T. ) ;
#1350 = EDGE_CURVE ( 'NONE', #561, #1304, #2035, .T. ) ;
#1351 = ORIENTED_EDGE ( 'NONE', *, *, #2925, .F. ) ;
#1352 = CARTESIAN_POINT ( 'NONE',  ( 40.26000000000000512, 5.000000000000018652, 97.00000000000000000 ) ) ;
#1353 = CARTESIAN_POINT ( 'NONE',  ( 60.35914521206296257, 3.022299554122548138, 99.64085478793698769 ) ) ;
#1354 = DIRECTION ( 'NONE',  ( 0.000000000000000000, -1.000000000000000000, 0.000000000000000000 ) ) ;
#1355 = CARTESIAN_POINT ( 'NONE',  ( 57.00000000000000000, 7.000000000000023981, 97.00000000000000000 ) ) ;
#1356 = LINE ( 'NONE', #2324, #2016 ) ;
#1357 = CIRCLE ( 'NONE', #59, 3.499999999999999556 ) ;
#1358 = ORIENTED_EDGE ( 'NONE', *, *, #1605, .T. ) ;
#1359 = EDGE_CURVE ( 'NONE', #2884, #2450, #1023, .T. ) ;
#1360 = TOROIDAL_SURFACE ( 'NONE', #925, 6.500000000000000888, 3.000000000000000000 ) ;
#1361 = DIRECTION ( 'NONE',  ( 0.8571673007021121116, 0.000000000000000000, 0.5150380749100544886 ) ) ;
#1362 = ORIENTED_EDGE ( 'NONE', *, *, #747, .F. ) ;
#1363 = DIRECTION ( 'NONE',  ( 1.156482317317871725E-16, -1.000000000000000000, 0.000000000000000000 ) ) ;
#1364 = CIRCLE ( 'NONE', #109, 3.500000000000003109 ) ;
#1365 = ORIENTED_EDGE ( 'NONE', *, *, #2629, .F. ) ;
#1366 = DIRECTION ( 'NONE',  ( -0.000000000000000000, -0.000000000000000000, 1.000000000000000000 ) ) ;
#1367 = AXIS2_PLACEMENT_3D ( 'NONE', #316, #1305, #2225 ) ;
#1368 = CARTESIAN_POINT ( 'NONE',  ( 59.66012023514806373, 2.995361638625190892, 100.3398797648518723 ) ) ;
#1369 = TOROIDAL_SURFACE ( 'NONE', #2284, 2.500000000000000888, 1.000000000000000000 ) ;
#1370 = CARTESIAN_POINT ( 'NONE',  ( 57.00000000000000000, 7.000000000000022204, 97.94999999999998863 ) ) ;
#1371 = FACE_OUTER_BOUND ( 'NONE', #2791, .T. ) ;
#1372 = CARTESIAN_POINT ( 'NONE',  ( 6.000000000000001776, 23.89999999999999858, 102.0000000000000142 ) ) ;
#1373 = VERTEX_POINT ( 'NONE', #1101 ) ;
#1374 = PLANE ( 'NONE',  #1535 ) ;
#1375 = LINE ( 'NONE', #1184, #1022 ) ;
#1376 = ADVANCED_FACE ( 'NONE', ( #1143 ), #1125, .F. ) ;
#1377 = VERTEX_POINT ( 'NONE', #1584 ) ;
#1378 = CARTESIAN_POINT ( 'NONE',  ( 30.26000000000000512, 7.000000000000015987, 97.00000000000000000 ) ) ;
#1379 = VERTEX_POINT ( 'NONE', #2063 ) ;
#1380 = DIRECTION ( 'NONE',  ( 0.7071067811865524577, 0.000000000000000000, -0.7071067811865425767 ) ) ;
#1381 = CARTESIAN_POINT ( 'NONE',  ( 61.34818396054708245, 2.644995669731228460, 98.65181603945286781 ) ) ;
#1382 = EDGE_CURVE ( 'NONE', #201, #256, #901, .T. ) ;
#1383 = AXIS2_PLACEMENT_3D ( 'NONE', #919, #1342, #649 ) ;
#1384 = SURFACE_STYLE_USAGE ( .BOTH. , #2960 ) ;
#1385 = CARTESIAN_POINT ( 'NONE',  ( 4.000000000000000888, 22.39999999999999503, 4.000000000000015099 ) ) ;
#1386 = LINE ( 'NONE', #675, #1100 ) ;
#1387 = EDGE_LOOP ( 'NONE', ( #140, #551, #2106, #1009 ) ) ;
#1388 = DIRECTION ( 'NONE',  ( 0.000000000000000000, 0.5150380749100574862, 0.8571673007021104462 ) ) ;
#1389 = AXIS2_PLACEMENT_3D ( 'NONE', #393, #2778, #1168 ) ;
#1390 = CARTESIAN_POINT ( 'NONE',  ( 64.00000000000000000, 0.000000000000000000, 2.000000000000000000 ) ) ;
#1391 = ORIENTED_EDGE ( 'NONE', *, *, #789, .F. ) ;
#1392 = DIRECTION ( 'NONE',  ( 2.312964634635742957E-16, -1.000000000000000000, -0.000000000000000000 ) ) ;
#1393 = VECTOR ( 'NONE', #1924, 1000.000000000000000 ) ;
#1394 = ORIENTED_EDGE ( 'NONE', *, *, #2710, .T. ) ;
#1395 = LINE ( 'NONE', #2317, #669 ) ;
#1396 = CARTESIAN_POINT ( 'NONE',  ( 59.31978450677036108, 2.913214410093033724, 100.6802154932296105 ) ) ;
#1397 = VECTOR ( 'NONE', #947, 1000.000000000000000 ) ;
#1398 = DIRECTION ( 'NONE',  ( -2.312964634635742957E-16, 1.000000000000000000, 0.000000000000000000 ) ) ;
#1399 = CARTESIAN_POINT ( 'NONE',  ( 4.000000000000001776, 27.99999999999999645, 112.0000000000000000 ) ) ;
#1400 = CARTESIAN_POINT ( 'NONE',  ( 57.00000000000000000, 7.000000000000022204, 25.87999999999999901 ) ) ;
#1401 = EDGE_LOOP ( 'NONE', ( #1896, #1492, #382, #969, #1784 ) ) ;
#1402 = DIRECTION ( 'NONE',  ( 1.000000000000000000, 0.000000000000000000, 0.000000000000000000 ) ) ;
#1403 = PLANE ( 'NONE',  #486 ) ;
#1404 = AXIS2_PLACEMENT_3D ( 'NONE', #1390, #940, #2779 ) ;
#1405 = AXIS2_PLACEMENT_3D ( 'NONE', #1783, #1338, #574 ) ;
#1406 = ORIENTED_EDGE ( 'NONE', *, *, #38, .F. ) ;
#1407 = DIRECTION ( 'NONE',  ( 1.138269997360109674E-16, 0.000000000000000000, 1.000000000000000000 ) ) ;
#1408 = EDGE_CURVE ( 'NONE', #2204, #1373, #2513, .T. ) ;
#1409 = ORIENTED_EDGE ( 'NONE', *, *, #916, .T. ) ;
#1410 = CARTESIAN_POINT ( 'NONE',  ( 62.00000000000000000, 2.000000000000022649, 112.0000000000000000 ) ) ;
#1411 = DIRECTION ( 'NONE',  ( 1.000000000000000000, 0.000000000000000000, 0.000000000000000000 ) ) ;
#1412 = EDGE_CURVE ( 'NONE', #1249, #999, #2715, .T. ) ;
#1413 = AXIS2_PLACEMENT_3D ( 'NONE', #491, #1689, #1659 ) ;
#1414 = ADVANCED_FACE ( 'NONE', ( #1824 ), #683, .F. ) ;
#1415 = LINE ( 'NONE', #717, #1943 ) ;
#1416 = DIRECTION ( 'NONE',  ( 1.000000000000000000, 2.478176394252579169E-16, 0.000000000000000000 ) ) ;
#1417 = ORIENTED_EDGE ( 'NONE', *, *, #432, .F. ) ;
#1418 = EDGE_CURVE ( 'NONE', #2380, #1249, #2564, .T. ) ;
#1419 = LINE ( 'NONE', #997, #372 ) ;
#1420 = DIRECTION ( 'NONE',  ( 1.000000000000000000, 2.001604010742470009E-16, 0.000000000000000000 ) ) ;
#1421 = EDGE_CURVE ( 'NONE', #1768, #2075, #914, .T. ) ;
#1422 = EDGE_LOOP ( 'NONE', ( #1271, #2463, #2830, #2130 ) ) ;
#1423 = EDGE_LOOP ( 'NONE', ( #2737, #1394, #239, #2752 ) ) ;
#1424 = DIRECTION ( 'NONE',  ( -1.000000000000000000, -2.312964634635742957E-16, 0.000000000000000000 ) ) ;
#1425 = VERTEX_POINT ( 'NONE', #2731 ) ;
#1426 = DIRECTION ( 'NONE',  ( 1.000000000000000000, 0.000000000000000000, 0.000000000000000000 ) ) ;
#1427 = DIRECTION ( 'NONE',  ( 1.000000000000000000, 0.000000000000000000, 0.000000000000000000 ) ) ;
#1428 = DIRECTION ( 'NONE',  ( 0.000000000000000000, 0.000000000000000000, -1.000000000000000000 ) ) ;
#1429 = DIRECTION ( 'NONE',  ( 1.000000000000000000, 0.000000000000000000, 0.000000000000000000 ) ) ;
#1430 = ORIENTED_EDGE ( 'NONE', *, *, #707, .F. ) ;
#1431 = CARTESIAN_POINT ( 'NONE',  ( 62.00000000000000000, 2.000000000000022649, 30.03331193145904265 ) ) ;
#1432 = DIRECTION ( 'NONE',  ( -0.000000000000000000, -0.000000000000000000, 1.000000000000000000 ) ) ;
#1433 = EDGE_LOOP ( 'NONE', ( #2292, #567, #2801 ) ) ;
#1434 = ORIENTED_EDGE ( 'NONE', *, *, #677, .F. ) ;
#1435 = EDGE_CURVE ( 'NONE', #2522, #2111, #2741, .T. ) ;
#1436 = ORIENTED_EDGE ( 'NONE', *, *, #160, .T. ) ;
#1437 = DIRECTION ( 'NONE',  ( -1.224646799147353207E-16, -2.832564736347690087E-32, 1.000000000000000000 ) ) ;
#1438 = DIRECTION ( 'NONE',  ( 0.9578262852211518741, 0.2873478855663438303, 0.000000000000000000 ) ) ;
#1439 = VECTOR ( 'NONE', #1580, 1000.000000000000000 ) ;
#1440 = EDGE_LOOP ( 'NONE', ( #1906, #85, #1500, #2115 ) ) ;
#1441 = LINE ( 'NONE', #1626, #2229 ) ;
#1442 = CARTESIAN_POINT ( 'NONE',  ( 62.00000000000000000, 27.99999999999999645, 112.0000000000000000 ) ) ;
#1443 = AXIS2_PLACEMENT_3D ( 'NONE', #1232, #305, #961 ) ;
#1444 = EDGE_CURVE ( 'NONE', #2384, #1740, #1794, .T. ) ;
#1445 = ORIENTED_EDGE ( 'NONE', *, *, #126, .T. ) ;
#1446 = DIRECTION ( 'NONE',  ( 1.000000000000000000, 2.478176394252579169E-16, 0.000000000000000000 ) ) ;
#1447 = CARTESIAN_POINT ( 'NONE',  ( 62.00000000000000000, 2.347217747966100276, 97.99999999999994316 ) ) ;
#1448 = EDGE_CURVE ( 'NONE', #1714, #539, #1160, .T. ) ;
#1449 = ORIENTED_EDGE ( 'NONE', *, *, #342, .T. ) ;
#1450 = ORIENTED_EDGE ( 'NONE', *, *, #555, .F. ) ;
#1451 = CIRCLE ( 'NONE', #1498, 1.699999999999989742 ) ;
#1452 = VERTEX_POINT ( 'NONE', #2559 ) ;
#1453 = DIRECTION ( 'NONE',  ( 0.000000000000000000, 1.000000000000000000, 0.000000000000000000 ) ) ;
#1454 = EDGE_CURVE ( 'NONE', #2075, #360, #1641, .T. ) ;
#1455 = DIRECTION ( 'NONE',  ( -0.000000000000000000, -1.000000000000000000, -0.000000000000000000 ) ) ;
#1456 = CARTESIAN_POINT ( 'NONE',  ( 57.00000000000000000, 5.000000000000022204, 25.87999999999999901 ) ) ;
#1457 = DIRECTION ( 'NONE',  ( 2.312964634635742957E-16, -1.000000000000000000, -0.000000000000000000 ) ) ;
#1458 = ORIENTED_EDGE ( 'NONE', *, *, #2710, .F. ) ;
#1459 = ORIENTED_EDGE ( 'NONE', *, *, #1854, .T. ) ;
#1460 = FACE_OUTER_BOUND ( 'NONE', #2153, .T. ) ;
#1461 = VECTOR ( 'NONE', #2107, 1000.000000000000000 ) ;
#1462 = CARTESIAN_POINT ( 'NONE',  ( 4.000000000000001776, 27.99999999999999645, 112.0000000000000000 ) ) ;
#1463 = VECTOR ( 'NONE', #1889, 1000.000000000000114 ) ;
#1464 = ORIENTED_EDGE ( 'NONE', *, *, #1573, .T. ) ;
#1465 = EDGE_CURVE ( 'NONE', #721, #165, #672, .T. ) ;
#1466 = ORIENTED_EDGE ( 'NONE', *, *, #873, .F. ) ;
#1467 = DIRECTION ( 'NONE',  ( 2.312964634635742957E-16, -1.000000000000000000, 0.000000000000000000 ) ) ;
#1468 = DIRECTION ( 'NONE',  ( 1.000000000000000000, -0.000000000000000000, -0.000000000000000000 ) ) ;
#1469 = EDGE_CURVE ( 'NONE', #1554, #2238, #459, .T. ) ;
#1470 = LINE ( 'NONE', #1272, #67 ) ;
#1471 = LINE ( 'NONE', #74, #1246 ) ;
#1472 = EDGE_CURVE ( 'NONE', #2467, #528, #1680, .T. ) ;
#1473 = EDGE_LOOP ( 'NONE', ( #2437, #973 ) ) ;
#1474 = CARTESIAN_POINT ( 'NONE',  ( 4.000000000000000888, 22.39999999999999503, 112.0000000000000000 ) ) ;
#1475 = CARTESIAN_POINT ( 'NONE',  ( 33.76000000000000512, 2.000000000000015987, 25.87999999999999901 ) ) ;
#1476 = ORIENTED_EDGE ( 'NONE', *, *, #75, .F. ) ;
#1477 = AXIS2_PLACEMENT_3D ( 'NONE', #1873, #719, #1416 ) ;
#1478 = VECTOR ( 'NONE', #2557, 1000.000000000000000 ) ;
#1479 = ORIENTED_EDGE ( 'NONE', *, *, #599, .F. ) ;
#1480 = CARTESIAN_POINT ( 'NONE',  ( 61.00000000000000000, 3.000000000000000000, 112.0000000000000000 ) ) ;
#1481 = CARTESIAN_POINT ( 'NONE',  ( 0.000000000000000000, 0.000000000000000000, 0.000000000000000000 ) ) ;
#1482 = AXIS2_PLACEMENT_3D ( 'NONE', #2425, #598, #2914 ) ;
#1483 = DIRECTION ( 'NONE',  ( 0.2873478855663438858, 0.9578262852211518741, -0.000000000000000000 ) ) ;
#1484 = AXIS2_PLACEMENT_3D ( 'NONE', #2823, #1247, #1221 ) ;
#1485 = CARTESIAN_POINT ( 'NONE',  ( 64.00000000000000000, 27.99999999999999645, 112.0000000000000000 ) ) ;
#1486 = VERTEX_POINT ( 'NONE', #1175 ) ;
#1487 = VECTOR ( 'NONE', #974, 1000.000000000000000 ) ;
#1488 = FACE_OUTER_BOUND ( 'NONE', #1495, .T. ) ;
#1489 = DIRECTION ( 'NONE',  ( -0.000000000000000000, 1.000000000000000000, -0.000000000000000000 ) ) ;
#1490 = FACE_OUTER_BOUND ( 'NONE', #1433, .T. ) ;
#1491 = CIRCLE ( 'NONE', #1548, 2.500000000000002220 ) ;
#1492 = ORIENTED_EDGE ( 'NONE', *, *, #2358, .F. ) ;
#1493 = ADVANCED_FACE ( 'NONE', ( #235 ), #2074, .F. ) ;
#1494 = SHAPE_DEFINITION_REPRESENTATION ( #711, #1523 ) ;
#1495 = EDGE_LOOP ( 'NONE', ( #2652, #798, #514 ) ) ;
#1496 = DIRECTION ( 'NONE',  ( -0.000000000000000000, -0.000000000000000000, 1.000000000000000000 ) ) ;
#1497 = FACE_BOUND ( 'NONE', #2056, .T. ) ;
#1498 = AXIS2_PLACEMENT_3D ( 'NONE', #1251, #1432, #1919 ) ;
#1499 = VECTOR ( 'NONE', #846, 1000.000000000000000 ) ;
#1500 = ORIENTED_EDGE ( 'NONE', *, *, #2007, .F. ) ;
#1501 = CARTESIAN_POINT ( 'NONE',  ( 4.000000000000009770, 1.500000000000008660, 92.00000000000000000 ) ) ;
#1502 = CARTESIAN_POINT ( 'NONE',  ( 33.76000000000000512, 5.000000000000016875, 25.87999999999999901 ) ) ;
#1503 = EDGE_CURVE ( 'NONE', #1085, #1528, #1597, .T. ) ;
#1504 = ORIENTED_EDGE ( 'NONE', *, *, #2732, .T. ) ;
#1505 = ORIENTED_EDGE ( 'NONE', *, *, #2269, .F. ) ;
#1506 = LINE ( 'NONE', #2687, #1588 ) ;
#1507 = DIRECTION ( 'NONE',  ( -1.000000000000000000, -2.312964634635742957E-16, 0.000000000000000000 ) ) ;
#1508 = EDGE_CURVE ( 'NONE', #2553, #256, #2346, .T. ) ;
#1509 = AXIS2_PLACEMENT_3D ( 'NONE', #2337, #265, #2577 ) ;
#1510 = EDGE_CURVE ( 'NONE', #2208, #1652, #506, .T. ) ;
#1511 = VECTOR ( 'NONE', #331, 999.9999999999998863 ) ;
#1512 = ORIENTED_EDGE ( 'NONE', *, *, #2135, .F. ) ;
#1513 = EDGE_CURVE ( 'NONE', #735, #2941, #790, .T. ) ;
#1514 = PLANE ( 'NONE',  #2743 ) ;
#1515 = CIRCLE ( 'NONE', #1998, 3.500000000000003109 ) ;
#1516 = ORIENTED_EDGE ( 'NONE', *, *, #1563, .F. ) ;
#1517 = CYLINDRICAL_SURFACE ( 'NONE', #2697, 3.500000000000003109 ) ;
#1518 = DIRECTION ( 'NONE',  ( 0.000000000000000000, 0.2873478855663438303, 0.9578262852211518741 ) ) ;
#1519 = ORIENTED_EDGE ( 'NONE', *, *, #2326, .T. ) ;
#1520 = CARTESIAN_POINT ( 'NONE',  ( 62.69999999999998863, 20.89999999999999503, 112.0000000000000000 ) ) ;
#1521 = DIRECTION ( 'NONE',  ( -0.000000000000000000, -0.000000000000000000, 1.000000000000000000 ) ) ;
#1522 = EDGE_LOOP ( 'NONE', ( #2300, #2510, #2117, #319 ) ) ;
#1523 = ADVANCED_BREP_SHAPE_REPRESENTATION ( 'Sensor_Halterung_ESP-NOW_1_Panel', ( #48, #1676 ), #1000 ) ;
#1524 = VERTEX_POINT ( 'NONE', #758 ) ;
#1525 = VERTEX_POINT ( 'NONE', #2575 ) ;
#1526 = DIRECTION ( 'NONE',  ( -1.000000000000000000, 0.000000000000000000, 0.000000000000000000 ) ) ;
#1527 = DIRECTION ( 'NONE',  ( 1.000000000000000000, 0.000000000000000000, 0.000000000000000000 ) ) ;
#1528 = VERTEX_POINT ( 'NONE', #2603 ) ;
#1529 = CARTESIAN_POINT ( 'NONE',  ( 2.000000000000001776, 17.89999999999999858, 97.99999999999994316 ) ) ;
#1530 = EDGE_CURVE ( 'NONE', #1293, #1684, #2799, .T. ) ;
#1531 = ORIENTED_EDGE ( 'NONE', *, *, #2519, .T. ) ;
#1532 = DIRECTION ( 'NONE',  ( -1.000000000000000000, 0.000000000000000000, -0.000000000000000000 ) ) ;
#1533 = DIRECTION ( 'NONE',  ( 0.000000000000000000, -0.000000000000000000, -1.000000000000000000 ) ) ;
#1534 = ORIENTED_EDGE ( 'NONE', *, *, #1830, .F. ) ;
#1535 = AXIS2_PLACEMENT_3D ( 'NONE', #639, #2293, #2481 ) ;
#1536 = LINE ( 'NONE', #1764, #645 ) ;
#1537 = CARTESIAN_POINT ( 'NONE',  ( 37.26000000000000512, 5.000000000000017764, 25.87999999999999901 ) ) ;
#1538 = EDGE_LOOP ( 'NONE', ( #270, #564, #1799, #1127 ) ) ;
#1539 = EDGE_LOOP ( 'NONE', ( #1672, #2422, #1094, #1991, #303 ) ) ;
#1540 = DIRECTION ( 'NONE',  ( 1.000000000000000000, 2.001604010742470009E-16, 0.000000000000000000 ) ) ;
#1541 = FACE_OUTER_BOUND ( 'NONE', #2630, .T. ) ;
#1542 = ADVANCED_FACE ( 'NONE', ( #516 ), #1715, .F. ) ;
#1543 = PLANE ( 'NONE',  #634 ) ;
#1544 = TOROIDAL_SURFACE ( 'NONE', #2258, 2.500000000000000888, 1.000000000000000000 ) ;
#1545 = EDGE_LOOP ( 'NONE', ( #2084, #2712, #2838, #991 ) ) ;
#1546 = EDGE_CURVE ( 'NONE', #133, #1254, #1703, .T. ) ;
#1547 = DIRECTION ( 'NONE',  ( -0.7071067811865425767, 0.000000000000000000, 0.7071067811865525687 ) ) ;
#1548 = AXIS2_PLACEMENT_3D ( 'NONE', #55, #82, #2134 ) ;
#1549 = EDGE_CURVE ( 'NONE', #2249, #2230, #275, .T. ) ;
#1550 = ORIENTED_EDGE ( 'NONE', *, *, #2066, .F. ) ;
#1551 = CARTESIAN_POINT ( 'NONE',  ( 62.00000000000000000, 17.89999999999999503, 97.99999999999994316 ) ) ;
#1552 = CARTESIAN_POINT ( 'NONE',  ( 6.000000000000001776, 23.89999999999999858, 102.0000000000000142 ) ) ;
#1553 = EDGE_CURVE ( 'NONE', #1721, #176, #1930, .T. ) ;
#1554 = VERTEX_POINT ( 'NONE', #2164 ) ;
#1555 = CARTESIAN_POINT ( 'NONE',  ( 57.00000000000000000, 2.000000000000017319, 96.05000000000002558 ) ) ;
#1556 = CARTESIAN_POINT ( 'NONE',  ( 54.50000000000000000, 7.000000000000021316, 25.87999999999999901 ) ) ;
#1557 = VECTOR ( 'NONE', #1225, 1000.000000000000000 ) ;
#1558 = CONICAL_SURFACE ( 'NONE', #881, 1.699999999999993072, 1.029744258676654090 ) ;
#1559 = DIRECTION ( 'NONE',  ( 2.312964634635742957E-16, -1.000000000000000000, 0.000000000000000000 ) ) ;
#1560 = CARTESIAN_POINT ( 'NONE',  ( 64.00000000000000000, 27.99999999999999645, 2.000000000000000000 ) ) ;
#1561 = DIRECTION ( 'NONE',  ( 1.000000000000000000, 2.478176394252579169E-16, 0.000000000000000000 ) ) ;
#1562 = CARTESIAN_POINT ( 'NONE',  ( 61.00000000000000000, 20.89999999999999503, 104.9785369476531542 ) ) ;
#1563 = EDGE_CURVE ( 'NONE', #409, #728, #2122, .T. ) ;
#1564 = EDGE_LOOP ( 'NONE', ( #1757, #1639, #349, #694 ) ) ;
#1565 = CARTESIAN_POINT ( 'NONE',  ( 60.00000000000000000, 27.99999999999999645, 4.000000000000000888 ) ) ;
#1566 = ORIENTED_EDGE ( 'NONE', *, *, #2265, .F. ) ;
#1567 = ADVANCED_FACE ( 'NONE', ( #556 ), #2457, .F. ) ;
#1568 = LINE ( 'NONE', #1552, #2267 ) ;
#1569 = CIRCLE ( 'NONE', #1874, 1.699999999999993072 ) ;
#1570 = EDGE_LOOP ( 'NONE', ( #1550, #2950, #2662 ) ) ;
#1571 = CARTESIAN_POINT ( 'NONE',  ( 62.00000000000000000, 2.000000000000022649, 92.84668806854095635 ) ) ;
#1572 = CARTESIAN_POINT ( 'NONE',  ( 57.99999999999998579, 23.89999999999999858, 102.0000000000000142 ) ) ;
#1573 = EDGE_CURVE ( 'NONE', #2238, #104, #1671, .T. ) ;
#1574 = DIRECTION ( 'NONE',  ( 0.000000000000000000, 0.000000000000000000, 1.000000000000000000 ) ) ;
#1575 = EDGE_CURVE ( 'NONE', #2540, #104, #2404, .T. ) ;
#1576 = DIRECTION ( 'NONE',  ( -0.000000000000000000, 1.000000000000000000, -0.000000000000000000 ) ) ;
#1577 = LINE ( 'NONE', #2026, #2037 ) ;
#1578 = CARTESIAN_POINT ( 'NONE',  ( 3.000000000000000000, 3.000000000000000000, 112.0000000000000000 ) ) ;
#1579 = ORIENTED_EDGE ( 'NONE', *, *, #781, .F. ) ;
#1580 = DIRECTION ( 'NONE',  ( 0.000000000000000000, 1.000000000000000000, 0.000000000000000000 ) ) ;
#1581 = ORIENTED_EDGE ( 'NONE', *, *, #2708, .F. ) ;
#1582 = ORIENTED_EDGE ( 'NONE', *, *, #658, .T. ) ;
#1583 = DIRECTION ( 'NONE',  ( -1.000000000000000000, 0.000000000000000000, 0.000000000000000000 ) ) ;
#1584 = CARTESIAN_POINT ( 'NONE',  ( 60.50000000000000711, 6.000000000000023093, 97.00000000000000000 ) ) ;
#1585 = CARTESIAN_POINT ( 'NONE',  ( 33.76000000000000512, 7.000000000000018652, 24.93000000000001393 ) ) ;
#1586 = DIRECTION ( 'NONE',  ( -1.000000000000000000, 0.000000000000000000, -0.000000000000000000 ) ) ;
#1587 = LINE ( 'NONE', #2962, #2590 ) ;
#1588 = VECTOR ( 'NONE', #1277, 1000.000000000000000 ) ;
#1589 = ORIENTED_EDGE ( 'NONE', *, *, #1575, .F. ) ;
#1590 = AXIS2_PLACEMENT_3D ( 'NONE', #2795, #2508, #1137 ) ;
#1591 = DIRECTION ( 'NONE',  ( -0.000000000000000000, -0.000000000000000000, -1.000000000000000000 ) ) ;
#1592 = CONICAL_SURFACE ( 'NONE', #813, 0.9499999999999855227, 1.029744258676650759 ) ;
#1593 = ORIENTED_EDGE ( 'NONE', *, *, #159, .T. ) ;
#1594 = DIRECTION ( 'NONE',  ( -0.000000000000000000, -0.000000000000000000, 1.000000000000000000 ) ) ;
#1595 = ORIENTED_EDGE ( 'NONE', *, *, #916, .F. ) ;
#1596 = LINE ( 'NONE', #2718, #1710 ) ;
#1597 = LINE ( 'NONE', #1217, #625 ) ;
#1598 = DIRECTION ( 'NONE',  ( -0.000000000000000000, 1.000000000000000000, -0.000000000000000000 ) ) ;
#1599 = FACE_OUTER_BOUND ( 'NONE', #2811, .T. ) ;
#1600 = ADVANCED_FACE ( 'NONE', ( #1657 ), #291, .F. ) ;
#1601 = CARTESIAN_POINT ( 'NONE',  ( 4.699999999999987743, 3.000000000000000000, 106.0000000000000000 ) ) ;
#1602 = ORIENTED_EDGE ( 'NONE', *, *, #1235, .F. ) ;
#1603 = EDGE_CURVE ( 'NONE', #2694, #1379, #1491, .T. ) ;
#1604 = DIRECTION ( 'NONE',  ( -0.000000000000000000, 0.000000000000000000, -1.000000000000000000 ) ) ;
#1605 = EDGE_CURVE ( 'NONE', #1525, #1636, #1926, .T. ) ;
#1606 = ADVANCED_FACE ( 'NONE', ( #2618 ), #2030, .F. ) ;
#1607 = EDGE_LOOP ( 'NONE', ( #1466, #39, #1780, #1519 ) ) ;
#1608 = LINE ( 'NONE', #1378, #1337 ) ;
#1609 = ORIENTED_EDGE ( 'NONE', *, *, #1448, .T. ) ;
#1610 = CARTESIAN_POINT ( 'NONE',  ( 2.000000000000001776, 22.39999999999999503, 1.999999999999999556 ) ) ;
#1611 = AXIS2_PLACEMENT_3D ( 'NONE', #2500, #643, #1336 ) ;
#1612 = DIRECTION ( 'NONE',  ( 0.000000000000000000, -1.000000000000000000, 0.000000000000000000 ) ) ;
#1613 = VECTOR ( 'NONE', #918, 1000.000000000000000 ) ;
#1614 = LINE ( 'NONE', #1370, #1031 ) ;
#1615 = DIRECTION ( 'NONE',  ( -1.000000000000000000, 0.000000000000000000, -0.000000000000000000 ) ) ;
#1616 = DIRECTION ( 'NONE',  ( -0.7071067811865425767, 0.000000000000000000, -0.7071067811865525687 ) ) ;
#1617 = EDGE_LOOP ( 'NONE', ( #2636, #2412, #2815, #2360 ) ) ;
#1618 = CARTESIAN_POINT ( 'NONE',  ( 3.000000000000000000, 3.000000000000000000, 112.0000000000000000 ) ) ;
#1619 = DIRECTION ( 'NONE',  ( -1.821231995776175479E-16, 0.000000000000000000, -1.000000000000000000 ) ) ;
#1620 = ORIENTED_EDGE ( 'NONE', *, *, #93, .F. ) ;
#1621 = DIRECTION ( 'NONE',  ( -2.312964634635742957E-16, 1.000000000000000000, -0.000000000000000000 ) ) ;
#1622 = ORIENTED_EDGE ( 'NONE', *, *, #1408, .T. ) ;
#1623 = CARTESIAN_POINT ( 'NONE',  ( 2.000000000000002665, 17.89999999999999858, 112.0000000000000000 ) ) ;
#1624 = DIRECTION ( 'NONE',  ( 1.000000000000000000, 2.001604010742470009E-16, 0.000000000000000000 ) ) ;
#1625 = VECTOR ( 'NONE', #2506, 1000.000000000000000 ) ;
#1626 = CARTESIAN_POINT ( 'NONE',  ( 62.00000000000000000, 27.99999999999999645, 2.000000000000000000 ) ) ;
#1627 = CARTESIAN_POINT ( 'NONE',  ( 32.24880382775118193, 34.82535885167459355, 31.75119617224881452 ) ) ;
#1628 = CARTESIAN_POINT ( 'NONE',  ( 30.26000000000000156, 5.000000000000015987, 97.00000000000000000 ) ) ;
#1629 = ORIENTED_EDGE ( 'NONE', *, *, #1279, .T. ) ;
#1630 = ADVANCED_FACE ( 'NONE', ( #2363 ), #2888, .T. ) ;
#1631 = CARTESIAN_POINT ( 'NONE',  ( 61.00000000000000000, 3.000000000000000000, 112.0000000000000000 ) ) ;
#1632 = VECTOR ( 'NONE', #1489, 1000.000000000000000 ) ;
#1633 = CARTESIAN_POINT ( 'NONE',  ( 4.000000000000001776, 23.89999999999999858, 112.0000000000000000 ) ) ;
#1634 = EDGE_CURVE ( 'NONE', #173, #1723, #836, .T. ) ;
#1635 = VECTOR ( 'NONE', #1904, 1000.000000000000000 ) ;
#1636 = VERTEX_POINT ( 'NONE', #1065 ) ;
#1637 = ADVANCED_FACE ( 'NONE', ( #853 ), #1303, .F. ) ;
#1638 = VECTOR ( 'NONE', #2863, 1000.000000000000000 ) ;
#1639 = ORIENTED_EDGE ( 'NONE', *, *, #1790, .F. ) ;
#1640 = CARTESIAN_POINT ( 'NONE',  ( 64.00000000000000000, 0.000000000000000000, 2.000000000000000000 ) ) ;
#1641 = LINE ( 'NONE', #222, #2215 ) ;
#1642 = AXIS2_PLACEMENT_3D ( 'NONE', #2803, #1021, #315 ) ;
#1643 = ADVANCED_FACE ( 'NONE', ( #1797 ), #2714, .F. ) ;
#1644 = DIRECTION ( 'NONE',  ( 2.312964634635742957E-16, -1.000000000000000000, 0.000000000000000000 ) ) ;
#1645 = DIRECTION ( 'NONE',  ( -0.000000000000000000, 1.000000000000000000, -0.000000000000000000 ) ) ;
#1646 = CARTESIAN_POINT ( 'NONE',  ( 57.00000000000000000, 7.000000000000022204, 97.00000000000000000 ) ) ;
#1647 = ORIENTED_EDGE ( 'NONE', *, *, #1956, .F. ) ;
#1648 = CARTESIAN_POINT ( 'NONE',  ( 2.000000000000001776, 2.000000000000008882, 112.0000000000000000 ) ) ;
#1649 = LINE ( 'NONE', #2535, #2548 ) ;
#1650 = VECTOR ( 'NONE', #2856, 1000.000000000000000 ) ;
#1651 = CIRCLE ( 'NONE', #1405, 0.9499999999999855227 ) ;
#1652 = VERTEX_POINT ( 'NONE', #2448 ) ;
#1653 = ORIENTED_EDGE ( 'NONE', *, *, #2954, .F. ) ;
#1654 = DIRECTION ( 'NONE',  ( -1.000000000000000000, -2.478176394252581634E-16, 0.000000000000000000 ) ) ;
#1655 = ORIENTED_EDGE ( 'NONE', *, *, #1350, .F. ) ;
#1656 = CARTESIAN_POINT ( 'NONE',  ( 60.00000000000000000, 23.89999999999999858, 4.000000000000000888 ) ) ;
#1657 = FACE_OUTER_BOUND ( 'NONE', #959, .T. ) ;
#1658 = CIRCLE ( 'NONE', #255, 2.500000000000002220 ) ;
#1659 = DIRECTION ( 'NONE',  ( 1.000000000000000000, 0.000000000000000000, 0.000000000000000000 ) ) ;
#1660 = DIRECTION ( 'NONE',  ( 0.000000000000000000, 5.782411586589352708E-16, -1.000000000000000000 ) ) ;
#1661 = TOROIDAL_SURFACE ( 'NONE', #2912, 2.500000000000000888, 1.000000000000000000 ) ;
#1662 = ADVANCED_FACE ( 'NONE', ( #158 ), #1762, .F. ) ;
#1663 = ORIENTED_EDGE ( 'NONE', *, *, #2388, .T. ) ;
#1664 = CARTESIAN_POINT ( 'NONE',  ( 64.00000000000000000, 0.000000000000000000, 112.0000000000000000 ) ) ;
#1665 = CARTESIAN_POINT ( 'NONE',  ( 33.76000000000000512, 7.000000000000018652, 26.82999999999998408 ) ) ;
#1666 = ORIENTED_EDGE ( 'NONE', *, *, #476, .F. ) ;
#1667 = ORIENTED_EDGE ( 'NONE', *, *, #2544, .T. ) ;
#1668 = ADVANCED_FACE ( 'NONE', ( #1038, #1257, #1497, #1096 ), #2179, .F. ) ;
#1669 = VERTEX_POINT ( 'NONE', #2417 ) ;
#1670 = LINE ( 'NONE', #960, #1461 ) ;
#1671 = LINE ( 'NONE', #2864, #2845 ) ;
#1672 = ORIENTED_EDGE ( 'NONE', *, *, #1448, .F. ) ;
#1673 = DIRECTION ( 'NONE',  ( 0.000000000000000000, -1.000000000000000000, 0.000000000000000000 ) ) ;
#1674 = LINE ( 'NONE', #1208, #2623 ) ;
#1675 = EDGE_CURVE ( 'NONE', #2138, #1810, #1779, .T. ) ;
#1676 = AXIS2_PLACEMENT_3D ( 'NONE', #2105, #2770, #35 ) ;
#1677 = ORIENTED_EDGE ( 'NONE', *, *, #2612, .T. ) ;
#1678 = CARTESIAN_POINT ( 'NONE',  ( 57.00000000000000000, 6.000000000000022204, 97.00000000000000000 ) ) ;
#1679 = CARTESIAN_POINT ( 'NONE',  ( 4.000000000000000888, 1.500000000000008660, 15.79999999999999538 ) ) ;
#1680 = B_SPLINE_CURVE_WITH_KNOTS ( 'NONE', 3,
 ( #2289, #1869, #1381, #1188, #1353, #2785, #2501, #1368, #2051, #1396, #2773, #2318, #2302, #2969 ),
 .UNSPECIFIED., .F., .F.,
 ( 4, 2, 2, 2, 2, 2, 4 ),
 ( 0.000000000000000000, 0.001447729061215521397, 0.002895458122431042794, 0.003257390387734926829, 0.003619322653038811732, 0.004343187183646565058, 0.005790916244862071710 ),
 .UNSPECIFIED. ) ;
#1681 = EDGE_CURVE ( 'NONE', #1777, #999, #1691, .T. ) ;
#1682 = AXIS2_PLACEMENT_3D ( 'NONE', #157, #1081, #1796 ) ;
#1683 = ORIENTED_EDGE ( 'NONE', *, *, #663, .F. ) ;
#1684 = VERTEX_POINT ( 'NONE', #1744 ) ;
#1685 = ORIENTED_EDGE ( 'NONE', *, *, #2393, .F. ) ;
#1686 = PLANE ( 'NONE',  #2253 ) ;
#1687 = DIRECTION ( 'NONE',  ( -5.782411586589352708E-16, -1.000000000000000000, -5.782411586589433567E-16 ) ) ;
#1688 = CIRCLE ( 'NONE', #2939, 1.699999999999987965 ) ;
#1689 = DIRECTION ( 'NONE',  ( -0.000000000000000000, -0.000000000000000000, 1.000000000000000000 ) ) ;
#1690 = CARTESIAN_POINT ( 'NONE',  ( 4.000000000000001776, 26.49999999999999645, 4.000000000000001776 ) ) ;
#1691 = CIRCLE ( 'NONE', #380, 1.000000000000000888 ) ;
#1692 = VERTEX_POINT ( 'NONE', #2206 ) ;
#1693 = ADVANCED_FACE ( 'NONE', ( #2019 ), #2222, .F. ) ;
#1694 = CYLINDRICAL_SURFACE ( 'NONE', #2158, 3.500000000000003109 ) ;
#1695 = CARTESIAN_POINT ( 'NONE',  ( 57.99999999999999289, 2.233094177054639751, 102.2203746009662382 ) ) ;
#1696 = EDGE_LOOP ( 'NONE', ( #226, #1144, #709 ) ) ;
#1697 = VECTOR ( 'NONE', #148, 1000.000000000000000 ) ;
#1698 = CONICAL_SURFACE ( 'NONE', #636, 1.699999999999993072, 1.029744258676654090 ) ;
#1699 = EDGE_CURVE ( 'NONE', #1304, #504, #142, .T. ) ;
#1700 = ADVANCED_FACE ( 'NONE', ( #2905 ), #362, .T. ) ;
#1701 = ORIENTED_EDGE ( 'NONE', *, *, #691, .F. ) ;
#1702 = CARTESIAN_POINT ( 'NONE',  ( 57.00000000000000000, 7.000000000000022204, 25.87999999999999901 ) ) ;
#1703 = LINE ( 'NONE', #2847, #1300 ) ;
#1704 = LINE ( 'NONE', #115, #1947 ) ;
#1705 = CARTESIAN_POINT ( 'NONE',  ( 62.00000000000000711, 2.380083921789807988, 26.57228354720055918 ) ) ;
#1706 = AXIS2_PLACEMENT_3D ( 'NONE', #2053, #1120, #430 ) ;
#1707 = ORIENTED_EDGE ( 'NONE', *, *, #977, .F. ) ;
#1708 = ORIENTED_EDGE ( 'NONE', *, *, #891, .F. ) ;
#1709 = LINE ( 'NONE', #2839, #2113 ) ;
#1710 = VECTOR ( 'NONE', #1366, 1000.000000000000000 ) ;
#1711 = LINE ( 'NONE', #2172, #154 ) ;
#1712 = AXIS2_PLACEMENT_3D ( 'NONE', #2231, #1055, #134 ) ;
#1713 = ORIENTED_EDGE ( 'NONE', *, *, #244, .T. ) ;
#1714 = VERTEX_POINT ( 'NONE', #868 ) ;
#1715 = PLANE ( 'NONE',  #1642 ) ;
#1716 = DIRECTION ( 'NONE',  ( 1.000000000000000000, 2.478176394252579169E-16, 0.000000000000000000 ) ) ;
#1717 = CARTESIAN_POINT ( 'NONE',  ( 57.99999999999999289, 6.000000000000022204, 112.0000000000000000 ) ) ;
#1718 = CARTESIAN_POINT ( 'NONE',  ( 57.00000000000000000, 2.000000000000017319, 97.94999999999998863 ) ) ;
#1719 = CARTESIAN_POINT ( 'NONE',  ( 0.000000000000000000, 0.000000000000000000, 112.0000000000000000 ) ) ;
#1720 = LINE ( 'NONE', #2352, #1557 ) ;
#1721 = VERTEX_POINT ( 'NONE', #640 ) ;
#1722 = AXIS2_PLACEMENT_3D ( 'NONE', #2538, #1199, #2798 ) ;
#1723 = VERTEX_POINT ( 'NONE', #622 ) ;
#1724 = LINE ( 'NONE', #304, #1393 ) ;
#1725 = EDGE_CURVE ( 'NONE', #1141, #2111, #1568, .T. ) ;
#1726 = CARTESIAN_POINT ( 'NONE',  ( 2.000000000000001776, 2.000000000000008882, 112.0000000000000000 ) ) ;
#1727 = VECTOR ( 'NONE', #692, 999.9999999999998863 ) ;
#1728 = ORIENTED_EDGE ( 'NONE', *, *, #752, .F. ) ;
#1729 = EDGE_CURVE ( 'NONE', #1884, #776, #2482, .T. ) ;
#1730 = CARTESIAN_POINT ( 'NONE',  ( 2.000000000000002665, 17.89999999999999858, 102.0000000000000142 ) ) ;
#1731 = CIRCLE ( 'NONE', #2851, 1.000000000000000888 ) ;
#1732 = DIRECTION ( 'NONE',  ( 1.000000000000000000, 2.312964634635742957E-16, 0.000000000000000000 ) ) ;
#1733 = AXIS2_PLACEMENT_3D ( 'NONE', #240, #227, #1532 ) ;
#1734 = EDGE_CURVE ( 'NONE', #1911, #2976, #1319, .T. ) ;
#1735 = EDGE_CURVE ( 'NONE', #2549, #69, #1811, .T. ) ;
#1736 = ORIENTED_EDGE ( 'NONE', *, *, #2484, .F. ) ;
#1737 = ORIENTED_EDGE ( 'NONE', *, *, #2708, .T. ) ;
#1738 = CARTESIAN_POINT ( 'NONE',  ( 57.00000000000000000, 7.000000000000022204, 97.00000000000000000 ) ) ;
#1739 = PLANE ( 'NONE',  #2128 ) ;
#1740 = VERTEX_POINT ( 'NONE', #2252 ) ;
#1741 = DIRECTION ( 'NONE',  ( 1.000000000000000000, 0.000000000000000000, 0.000000000000000000 ) ) ;
#1742 = ORIENTED_EDGE ( 'NONE', *, *, #777, .F. ) ;
#1743 = DIRECTION ( 'NONE',  ( -0.000000000000000000, 1.000000000000000000, -0.000000000000000000 ) ) ;
#1744 = CARTESIAN_POINT ( 'NONE',  ( 1.300000000000010481, 3.000000000000000000, 112.0000000000000000 ) ) ;
#1745 = VECTOR ( 'NONE', #1044, 1000.000000000000000 ) ;
#1746 = AXIS2_PLACEMENT_3D ( 'NONE', #418, #163, #2023 ) ;
#1747 = ORIENTED_EDGE ( 'NONE', *, *, #2491, .T. ) ;
#1748 = DIRECTION ( 'NONE',  ( 2.312964634635742957E-16, -1.000000000000000000, -0.000000000000000000 ) ) ;
#1749 = DIRECTION ( 'NONE',  ( 0.000000000000000000, 0.000000000000000000, 1.000000000000000000 ) ) ;
#1750 = ORIENTED_EDGE ( 'NONE', *, *, #562, .T. ) ;
#1751 = ORIENTED_EDGE ( 'NONE', *, *, #526, .T. ) ;
#1752 = CARTESIAN_POINT ( 'NONE',  ( 57.99999999999998579, 23.89999999999999858, 102.0000000000000142 ) ) ;
#1753 = CARTESIAN_POINT ( 'NONE',  ( 57.00000000000000000, 7.000000000000022204, 24.93000000000001393 ) ) ;
#1754 = CARTESIAN_POINT ( 'NONE',  ( 31.26000000000000156, 6.000000000000015987, 25.87999999999999901 ) ) ;
#1755 = EDGE_CURVE ( 'NONE', #2941, #1740, #1294, .T. ) ;
#1756 = VECTOR ( 'NONE', #1131, 1000.000000000000000 ) ;
#1757 = ORIENTED_EDGE ( 'NONE', *, *, #359, .T. ) ;
#1758 = CARTESIAN_POINT ( 'NONE',  ( 2.000000000000001776, 2.000000000000008882, 2.000000000000000000 ) ) ;
#1759 = CIRCLE ( 'NONE', #1905, 0.9499999999999786393 ) ;
#1760 = EDGE_LOOP ( 'NONE', ( #1701, #2427, #2370, #1922 ) ) ;
#1761 = DIRECTION ( 'NONE',  ( -8.673617379884035472E-16, 1.000000000000000000, -0.000000000000000000 ) ) ;
#1762 = PLANE ( 'NONE',  #569 ) ;
#1763 = ORIENTED_EDGE ( 'NONE', *, *, #495, .F. ) ;
#1764 = CARTESIAN_POINT ( 'NONE',  ( 60.50000000000000711, 7.000000000000023093, 97.00000000000000000 ) ) ;
#1765 = DIRECTION ( 'NONE',  ( -1.000000000000000000, -3.469446951953611231E-16, 0.000000000000000000 ) ) ;
#1766 = ORIENTED_EDGE ( 'NONE', *, *, #1408, .F. ) ;
#1767 = EDGE_CURVE ( 'NONE', #839, #271, #1759, .T. ) ;
#1768 = VERTEX_POINT ( 'NONE', #631 ) ;
#1769 = CARTESIAN_POINT ( 'NONE',  ( 2.000000000000001776, 22.39999999999999503, 97.99999999999994316 ) ) ;
#1770 = FACE_BOUND ( 'NONE', #989, .T. ) ;
#1771 = ADVANCED_FACE ( 'NONE', ( #1074 ), #937, .T. ) ;
#1772 = CARTESIAN_POINT ( 'NONE',  ( 59.30000000000000426, 20.89999999999999503, 112.0000000000000000 ) ) ;
#1773 = ORIENTED_EDGE ( 'NONE', *, *, #2136, .T. ) ;
#1774 = LINE ( 'NONE', #1281, #2790 ) ;
#1775 = ADVANCED_FACE ( 'NONE', ( #386 ), #354, .T. ) ;
#1776 = CIRCLE ( 'NONE', #1477, 3.500000000000003109 ) ;
#1777 = VERTEX_POINT ( 'NONE', #2438 ) ;
#1778 = DIRECTION ( 'NONE',  ( 1.000000000000000000, 2.001604010742470009E-16, 0.000000000000000000 ) ) ;
#1779 = LINE ( 'NONE', #1316, #2 ) ;
#1780 = ORIENTED_EDGE ( 'NONE', *, *, #1634, .T. ) ;
#1781 = AXIS2_PLACEMENT_3D ( 'NONE', #1907, #1892, #2145 ) ;
#1782 = CARTESIAN_POINT ( 'NONE',  ( 57.99999999999999289, 2.000000000000022204, 102.0000000000000142 ) ) ;
#1783 = CARTESIAN_POINT ( 'NONE',  ( 33.76000000000000512, 2.000000000000011990, 25.87999999999999901 ) ) ;
#1784 = ORIENTED_EDGE ( 'NONE', *, *, #223, .F. ) ;
#1785 = LINE ( 'NONE', #547, #1809 ) ;
#1786 = CARTESIAN_POINT ( 'NONE',  ( 0.000000000000000000, 0.000000000000000000, 2.000000000000000000 ) ) ;
#1787 = CARTESIAN_POINT ( 'NONE',  ( 4.000000000000000888, 1.500000000000008660, 15.79999999999999538 ) ) ;
#1788 = AXIS2_PLACEMENT_3D ( 'NONE', #835, #1467, #799 ) ;
#1789 = PLANE ( 'NONE',  #2514 ) ;
#1790 = EDGE_CURVE ( 'NONE', #2061, #1847, #2489, .T. ) ;
#1791 = EDGE_CURVE ( 'NONE', #1373, #285, #2961, .T. ) ;
#1792 = ORIENTED_EDGE ( 'NONE', *, *, #707, .T. ) ;
#1793 = CARTESIAN_POINT ( 'NONE',  ( 62.00000000000000000, 2.379883559422630412, 96.30523270309720374 ) ) ;
#1794 = CIRCLE ( 'NONE', #2168, 0.9499999999999855227 ) ;
#1795 = EDGE_LOOP ( 'NONE', ( #1713, #2349, #1059, #2980, #2477, #814 ) ) ;
#1796 = DIRECTION ( 'NONE',  ( -1.000000000000000000, 0.000000000000000000, 0.000000000000000000 ) ) ;
#1797 = FACE_OUTER_BOUND ( 'NONE', #2604, .T. ) ;
#1798 = ADVANCED_FACE ( 'NONE', ( #845 ), #406, .F. ) ;
#1799 = ORIENTED_EDGE ( 'NONE', *, *, #1956, .T. ) ;
#1800 = LINE ( 'NONE', #2527, #1851 ) ;
#1801 = PLANE ( 'NONE',  #2609 ) ;
#1802 = VECTOR ( 'NONE', #2870, 1000.000000000000000 ) ;
#1803 = AXIS2_PLACEMENT_3D ( 'NONE', #930, #1132, #446 ) ;
#1804 = LINE ( 'NONE', #2305, #16 ) ;
#1805 = CARTESIAN_POINT ( 'NONE',  ( 57.00000000000000000, 7.000000000000023981, 25.87999999999999901 ) ) ;
#1806 = FACE_BOUND ( 'NONE', #2159, .T. ) ;
#1807 = VERTEX_POINT ( 'NONE', #1769 ) ;
#1808 = LINE ( 'NONE', #2236, #1439 ) ;
#1809 = VECTOR ( 'NONE', #2212, 1000.000000000000000 ) ;
#1810 = VERTEX_POINT ( 'NONE', #1104 ) ;
#1811 = CIRCLE ( 'NONE', #2817, 0.9499999999999855227 ) ;
#1812 = VECTOR ( 'NONE', #2034, 1000.000000000000000 ) ;
#1813 = ORIENTED_EDGE ( 'NONE', *, *, #1755, .T. ) ;
#1814 = PLANE ( 'NONE',  #837 ) ;
#1815 = CARTESIAN_POINT ( 'NONE',  ( 57.00000000000000000, 2.000000000000021316, 25.87999999999999901 ) ) ;
#1816 = DIRECTION ( 'NONE',  ( 0.000000000000000000, 0.000000000000000000, 1.000000000000000000 ) ) ;
#1817 = CYLINDRICAL_SURFACE ( 'NONE', #83, 3.500000000000003109 ) ;
#1818 = ORIENTED_EDGE ( 'NONE', *, *, #2483, .T. ) ;
#1819 = DIRECTION ( 'NONE',  ( 2.312964634635742957E-16, -1.000000000000000000, -0.000000000000000000 ) ) ;
#1820 = VERTEX_POINT ( 'NONE', #369 ) ;
#1821 = EDGE_CURVE ( 'NONE', #363, #2069, #2523, .T. ) ;
#1822 = ORIENTED_EDGE ( 'NONE', *, *, #891, .T. ) ;
#1823 = DIRECTION ( 'NONE',  ( -0.000000000000000000, -0.000000000000000000, 1.000000000000000000 ) ) ;
#1824 = FACE_OUTER_BOUND ( 'NONE', #53, .T. ) ;
#1825 = ADVANCED_FACE ( 'NONE', ( #2198 ), #859, .F. ) ;
#1826 = CARTESIAN_POINT ( 'NONE',  ( 64.00000000000000000, 0.000000000000000000, 0.000000000000000000 ) ) ;
#1827 = CARTESIAN_POINT ( 'NONE',  ( 2.000000000000001776, 27.99999999999999645, 4.000000000000000000 ) ) ;
#1828 = ADVANCED_FACE ( 'NONE', ( #1276, #2671 ), #1977, .T. ) ;
#1829 = DIRECTION ( 'NONE',  ( 0.000000000000000000, 0.000000000000000000, 1.000000000000000000 ) ) ;
#1830 = EDGE_CURVE ( 'NONE', #561, #728, #2456, .T. ) ;
#1831 = ORIENTED_EDGE ( 'NONE', *, *, #90, .T. ) ;
#1832 = AXIS2_PLACEMENT_3D ( 'NONE', #1078, #1997, #33 ) ;
#1833 = CARTESIAN_POINT ( 'NONE',  ( 33.76000000000000512, 7.000000000000016875, 26.82999999999998408 ) ) ;
#1834 = ORIENTED_EDGE ( 'NONE', *, *, #1252, .F. ) ;
#1835 = CARTESIAN_POINT ( 'NONE',  ( 3.000000000000000000, 20.89999999999999503, 106.0000000000000000 ) ) ;
#1836 = AXIS2_PLACEMENT_3D ( 'NONE', #1939, #1913, #731 ) ;
#1837 = ORIENTED_EDGE ( 'NONE', *, *, #1156, .F. ) ;
#1838 = CYLINDRICAL_SURFACE ( 'NONE', #500, 1.699999999999988853 ) ;
#1839 = CARTESIAN_POINT ( 'NONE',  ( 57.00000000000000000, 7.000000000000023981, 25.87999999999999901 ) ) ;
#1840 = DIRECTION ( 'NONE',  ( 1.000000000000000000, 2.001604010742470009E-16, 0.000000000000000000 ) ) ;
#1841 = DIRECTION ( 'NONE',  ( -1.210272192541958616E-16, 1.000000000000000000, 1.377616525409749282E-32 ) ) ;
#1842 = CARTESIAN_POINT ( 'NONE',  ( 6.000000000000002665, 17.89999999999999858, 102.0000000000000142 ) ) ;
#1843 = AXIS2_PLACEMENT_3D ( 'NONE', #1475, #2368, #2157 ) ;
#1844 = ORIENTED_EDGE ( 'NONE', *, *, #2792, .T. ) ;
#1845 = CARTESIAN_POINT ( 'NONE',  ( 57.00000000000000000, 6.000000000000022204, 25.87999999999999901 ) ) ;
#1846 = FACE_OUTER_BOUND ( 'NONE', #970, .T. ) ;
#1847 = VERTEX_POINT ( 'NONE', #2246 ) ;
#1848 = CIRCLE ( 'NONE', #538, 6.499999999999999112 ) ;
#1849 = ORIENTED_EDGE ( 'NONE', *, *, #1986, .F. ) ;
#1850 = DIRECTION ( 'NONE',  ( 1.000000000000000000, 0.000000000000000000, 0.000000000000000000 ) ) ;
#1851 = VECTOR ( 'NONE', #2468, 1000.000000000000000 ) ;
#1852 = DIRECTION ( 'NONE',  ( -1.445602896647339656E-16, 1.000000000000000000, -0.000000000000000000 ) ) ;
#1853 = TOROIDAL_SURFACE ( 'NONE', #2237, 6.500000000000000888, 3.000000000000000000 ) ;
#1854 = EDGE_CURVE ( 'NONE', #2729, #1173, #1309, .T. ) ;
#1855 = PLANE ( 'NONE',  #986 ) ;
#1856 = DIRECTION ( 'NONE',  ( -1.000000000000000000, -2.312964634635742957E-16, 0.000000000000000000 ) ) ;
#1857 = CYLINDRICAL_SURFACE ( 'NONE', #2440, 1.699999999999993072 ) ;
#1858 = EDGE_CURVE ( 'NONE', #1714, #434, #405, .T. ) ;
#1859 = ORIENTED_EDGE ( 'NONE', *, *, #1954, .T. ) ;
#1860 = EDGE_CURVE ( 'NONE', #1740, #2384, #451, .T. ) ;
#1861 = LINE ( 'NONE', #867, #1727 ) ;
#1862 = PLANE ( 'NONE',  #2274 ) ;
#1863 = EDGE_LOOP ( 'NONE', ( #79, #760, #2518, #1365, #1505 ) ) ;
#1864 = EDGE_CURVE ( 'NONE', #1777, #2644, #647, .T. ) ;
#1865 =( NAMED_UNIT ( * ) SI_UNIT ( $, .STERADIAN. ) SOLID_ANGLE_UNIT ( ) );
#1866 = EDGE_CURVE ( 'NONE', #285, #1266, #1121, .T. ) ;
#1867 = VERTEX_POINT ( 'NONE', #2971 ) ;
#1868 = CARTESIAN_POINT ( 'NONE',  ( 60.00000000000000000, 27.99999999999999289, 99.99999999999997158 ) ) ;
#1869 = CARTESIAN_POINT ( 'NONE',  ( 61.67197288247032105, 2.483115899002175109, 98.32802711752965763 ) ) ;
#1870 = CIRCLE ( 'NONE', #365, 3.500000000000003109 ) ;
#1871 = CARTESIAN_POINT ( 'NONE',  ( 2.000000000000001776, 26.49999999999999645, 4.000000000000000000 ) ) ;
#1872 = DIRECTION ( 'NONE',  ( 1.000000000000000000, 0.000000000000000000, 0.000000000000000000 ) ) ;
#1873 = CARTESIAN_POINT ( 'NONE',  ( 33.76000000000000512, 5.000000000000016875, 25.87999999999999901 ) ) ;
#1874 = AXIS2_PLACEMENT_3D ( 'NONE', #2772, #729, #2541 ) ;
#1875 = ORIENTED_EDGE ( 'NONE', *, *, #38, .T. ) ;
#1876 = DIRECTION ( 'NONE',  ( -1.000000000000000000, -2.478176394252579169E-16, 0.000000000000000000 ) ) ;
#1877 = AXIS2_PLACEMENT_3D ( 'NONE', #1090, #794, #407 ) ;
#1878 = CARTESIAN_POINT ( 'NONE',  ( 62.69999999999998863, 3.000000000000000000, 106.0000000000000000 ) ) ;
#1879 = ORIENTED_EDGE ( 'NONE', *, *, #2358, .T. ) ;
#1880 = CIRCLE ( 'NONE', #1205, 0.9499999999999855227 ) ;
#1881 = EDGE_LOOP ( 'NONE', ( #2031, #1708, #2966, #204 ) ) ;
#1882 = CARTESIAN_POINT ( 'NONE',  ( 57.00000000000000000, 5.000000000000022204, 97.00000000000000000 ) ) ;
#1883 = AXIS2_PLACEMENT_3D ( 'NONE', #99, #1983, #2205 ) ;
#1884 = VERTEX_POINT ( 'NONE', #2775 ) ;
#1885 = LINE ( 'NONE', #289, #785 ) ;
#1886 = CARTESIAN_POINT ( 'NONE',  ( 2.000000000000001776, 23.89999999999999858, 1.999999999999999556 ) ) ;
#1887 = EDGE_CURVE ( 'NONE', #1212, #2918, #838, .T. ) ;
#1888 = AXIS2_PLACEMENT_3D ( 'NONE', #976, #1900, #2589 ) ;
#1889 = DIRECTION ( 'NONE',  ( 0.6917144638660748246, -0.2075143391598211484, -0.6917144638660748246 ) ) ;
#1890 = VERTEX_POINT ( 'NONE', #2516 ) ;
#1891 = ORIENTED_EDGE ( 'NONE', *, *, #599, .T. ) ;
#1892 = DIRECTION ( 'NONE',  ( -0.000000000000000000, 0.000000000000000000, 1.000000000000000000 ) ) ;
#1893 = DIRECTION ( 'NONE',  ( -0.000000000000000000, -0.000000000000000000, -1.000000000000000000 ) ) ;
#1894 = VECTOR ( 'NONE', #299, 1000.000000000000000 ) ;
#1895 = AXIS2_PLACEMENT_3D ( 'NONE', #714, #1159, #1411 ) ;
#1896 = ORIENTED_EDGE ( 'NONE', *, *, #1858, .F. ) ;
#1897 = ORIENTED_EDGE ( 'NONE', *, *, #180, .T. ) ;
#1898 = ORIENTED_EDGE ( 'NONE', *, *, #623, .T. ) ;
#1899 = LINE ( 'NONE', #742, #1248 ) ;
#1900 = DIRECTION ( 'NONE',  ( -0.000000000000000000, 1.000000000000000000, -0.000000000000000000 ) ) ;
#1901 = TOROIDAL_SURFACE ( 'NONE', #2665, 2.500000000000000888, 1.000000000000000000 ) ;
#1902 = AXIS2_PLACEMENT_3D ( 'NONE', #791, #840, #1067 ) ;
#1903 = LINE ( 'NONE', #2560, #396 ) ;
#1904 = DIRECTION ( 'NONE',  ( -0.000000000000000000, 1.000000000000000000, -0.000000000000000000 ) ) ;
#1905 = AXIS2_PLACEMENT_3D ( 'NONE', #2703, #1576, #2039 ) ;
#1906 = ORIENTED_EDGE ( 'NONE', *, *, #169, .T. ) ;
#1907 = CARTESIAN_POINT ( 'NONE',  ( 4.000000000000009770, 1.500000000000008660, 92.00000000000000000 ) ) ;
#1908 = CARTESIAN_POINT ( 'NONE',  ( 2.000000000000001776, 23.89999999999999858, 2.000000000000000000 ) ) ;
#1909 = ORIENTED_EDGE ( 'NONE', *, *, #342, .F. ) ;
#1910 = ORIENTED_EDGE ( 'NONE', *, *, #2066, .T. ) ;
#1911 = VERTEX_POINT ( 'NONE', #2562 ) ;
#1912 = DIRECTION ( 'NONE',  ( 2.312964634635742957E-16, -1.000000000000000000, -0.000000000000000000 ) ) ;
#1913 = DIRECTION ( 'NONE',  ( -0.000000000000000000, -0.000000000000000000, 1.000000000000000000 ) ) ;
#1914 = EDGE_CURVE ( 'NONE', #1524, #2598, #2046, .T. ) ;
#1915 = CARTESIAN_POINT ( 'NONE',  ( 6.000000000000005329, 2.000000000000015543, 102.0000000000000142 ) ) ;
#1916 = PLANE ( 'NONE',  #911 ) ;
#1917 = ORIENTED_EDGE ( 'NONE', *, *, #1510, .F. ) ;
#1918 = CARTESIAN_POINT ( 'NONE',  ( 4.000000000000001776, 27.99999999999999645, 112.0000000000000000 ) ) ;
#1919 = DIRECTION ( 'NONE',  ( 1.000000000000000000, 0.000000000000000000, 0.000000000000000000 ) ) ;
#1920 = ADVANCED_FACE ( 'NONE', ( #1599 ), #1369, .T. ) ;
#1921 = AXIS2_PLACEMENT_3D ( 'NONE', #2381, #1223, #1014 ) ;
#1922 = ORIENTED_EDGE ( 'NONE', *, *, #1382, .F. ) ;
#1923 = ORIENTED_EDGE ( 'NONE', *, *, #2493, .T. ) ;
#1924 = DIRECTION ( 'NONE',  ( -0.000000000000000000, -0.000000000000000000, 1.000000000000000000 ) ) ;
#1925 = VECTOR ( 'NONE', #2904, 1000.000000000000000 ) ;
#1926 = LINE ( 'NONE', #770, #2748 ) ;
#1927 = CYLINDRICAL_SURFACE ( 'NONE', #114, 0.9499999999999786393 ) ;
#1928 = DIRECTION ( 'NONE',  ( -0.000000000000000000, 1.000000000000000000, -0.000000000000000000 ) ) ;
#1929 = ORIENTED_EDGE ( 'NONE', *, *, #1252, .T. ) ;
#1930 = CIRCLE ( 'NONE', #480, 1.699999999999987965 ) ;
#1931 = ORIENTED_EDGE ( 'NONE', *, *, #1699, .T. ) ;
#1932 = LINE ( 'NONE', #1193, #88 ) ;
#1933 = CARTESIAN_POINT ( 'NONE',  ( 60.00000000000000000, 27.99999999999999645, 111.9999999999999716 ) ) ;
#1934 = ORIENTED_EDGE ( 'NONE', *, *, #2207, .T. ) ;
#1935 = CIRCLE ( 'NONE', #1123, 0.9499999999999786393 ) ;
#1936 = VECTOR ( 'NONE', #2077, 1000.000000000000000 ) ;
#1937 = ORIENTED_EDGE ( 'NONE', *, *, #469, .F. ) ;
#1938 = CARTESIAN_POINT ( 'NONE',  ( 4.000000000000001776, 23.90000000000005898, 4.000000000000003553 ) ) ;
#1939 = CARTESIAN_POINT ( 'NONE',  ( 3.000000000000000000, 3.000000000000000000, 106.0000000000000000 ) ) ;
#1940 = EDGE_CURVE ( 'NONE', #1777, #2380, #1515, .T. ) ;
#1941 = CYLINDRICAL_SURFACE ( 'NONE', #2375, 3.500000000000003109 ) ;
#1942 = CYLINDRICAL_SURFACE ( 'NONE', #2452, 1.699999999999993072 ) ;
#1943 = VECTOR ( 'NONE', #2822, 1000.000000000000000 ) ;
#1944 = ADVANCED_FACE ( 'NONE', ( #905 ), #1661, .T. ) ;
#1945 = EDGE_LOOP ( 'NONE', ( #984, #1834, #325, #1215 ) ) ;
#1946 = FACE_BOUND ( 'NONE', #2091, .T. ) ;
#1947 = VECTOR ( 'NONE', #1970, 1000.000000000000000 ) ;
#1948 = CARTESIAN_POINT ( 'NONE',  ( 62.00000000000000000, 2.000000000000022649, 112.0000000000000000 ) ) ;
#1949 = ADVANCED_FACE ( 'NONE', ( #2277 ), #2054, .F. ) ;
#1950 = EDGE_CURVE ( 'NONE', #1261, #2625, #478, .T. ) ;
#1951 = ORIENTED_EDGE ( 'NONE', *, *, #2979, .T. ) ;
#1952 = VERTEX_POINT ( 'NONE', #1385 ) ;
#1953 = CARTESIAN_POINT ( 'NONE',  ( 30.26000000000000156, 6.000000000000015987, 25.87999999999999901 ) ) ;
#1954 = EDGE_CURVE ( 'NONE', #2270, #2125, #211, .T. ) ;
#1955 = DIRECTION ( 'NONE',  ( -0.000000000000000000, -1.000000000000000000, -0.000000000000000000 ) ) ;
#1956 = EDGE_CURVE ( 'NONE', #2852, #1528, #348, .T. ) ;
#1957 = PLANE ( 'NONE',  #1034 ) ;
#1958 = CARTESIAN_POINT ( 'NONE',  ( 33.76000000000000512, 7.000000000000016875, 97.94999999999998863 ) ) ;
#1959 = DIRECTION ( 'NONE',  ( -0.8571673007021121116, 1.049727191138618449E-16, 0.5150380749100544886 ) ) ;
#1960 = EDGE_LOOP ( 'NONE', ( #753, #132, #817, #909 ) ) ;
#1961 = FACE_OUTER_BOUND ( 'NONE', #288, .T. ) ;
#1962 = FACE_OUTER_BOUND ( 'NONE', #2638, .T. ) ;
#1963 = ORIENTED_EDGE ( 'NONE', *, *, #123, .T. ) ;
#1964 = DIRECTION ( 'NONE',  ( 1.224646799147353207E-16, 2.832564736347690087E-32, 1.000000000000000000 ) ) ;
#1965 = ORIENTED_EDGE ( 'NONE', *, *, #1035, .T. ) ;
#1966 = CARTESIAN_POINT ( 'NONE',  ( 62.00000000000000000, 2.401923788646708857, 97.00000000000000000 ) ) ;
#1967 = DIRECTION ( 'NONE',  ( 0.000000000000000000, 0.000000000000000000, 1.000000000000000000 ) ) ;
#1968 = CIRCLE ( 'NONE', #2837, 6.499999999999999112 ) ;
#1969 = EDGE_LOOP ( 'NONE', ( #484, #1931, #592, #1054 ) ) ;
#1970 = DIRECTION ( 'NONE',  ( -0.8571673007021112234, 1.049727191138617340E-16, 0.5150380749100560429 ) ) ;
#1971 = VECTOR ( 'NONE', #519, 1000.000000000000000 ) ;
#1972 = DIRECTION ( 'NONE',  ( -0.000000000000000000, -0.000000000000000000, 1.000000000000000000 ) ) ;
#1973 = EDGE_CURVE ( 'NONE', #739, #2467, #653, .T. ) ;
#1974 = VECTOR ( 'NONE', #929, 1000.000000000000000 ) ;
#1975 = ORIENTED_EDGE ( 'NONE', *, *, #160, .F. ) ;
#1976 = EDGE_LOOP ( 'NONE', ( #2371, #220, #1077 ) ) ;
#1977 = PLANE ( 'NONE',  #1226 ) ;
#1978 = DIRECTION ( 'NONE',  ( -1.000000000000000000, -2.312964634635742957E-16, 0.000000000000000000 ) ) ;
#1979 = CARTESIAN_POINT ( 'NONE',  ( 61.00000000000000000, 3.000000000000000000, 104.9785369476531542 ) ) ;
#1980 = ORIENTED_EDGE ( 'NONE', *, *, #2666, .F. ) ;
#1981 = CARTESIAN_POINT ( 'NONE',  ( 25.50000000000000711, 1.500000000000011324, 92.00000000000000000 ) ) ;
#1982 = ORIENTED_EDGE ( 'NONE', *, *, #36, .F. ) ;
#1983 = DIRECTION ( 'NONE',  ( -1.224646799147353207E-16, -2.832564736347690087E-32, 1.000000000000000000 ) ) ;
#1984 = CARTESIAN_POINT ( 'NONE',  ( 2.000000000000001776, 26.49999999999999645, 4.000000000000000000 ) ) ;
#1985 = CIRCLE ( 'NONE', #334, 2.999999999999999112 ) ;
#1986 = EDGE_CURVE ( 'NONE', #2615, #201, #44, .T. ) ;
#1987 = ORIENTED_EDGE ( 'NONE', *, *, #290, .T. ) ;
#1988 = FACE_OUTER_BOUND ( 'NONE', #1522, .T. ) ;
#1989 = PLANE ( 'NONE',  #2515 ) ;
#1990 = VERTEX_POINT ( 'NONE', #2546 ) ;
#1991 = ORIENTED_EDGE ( 'NONE', *, *, #347, .F. ) ;
#1992 = CARTESIAN_POINT ( 'NONE',  ( 33.76000000000000512, 6.000000000000016875, 25.87999999999999901 ) ) ;
#1993 = EDGE_CURVE ( 'NONE', #173, #1173, #738, .T. ) ;
#1994 = LINE ( 'NONE', #1091, #1071 ) ;
#1995 = AXIS2_PLACEMENT_3D ( 'NONE', #2022, #2574, #1850 ) ;
#1996 = ORIENTED_EDGE ( 'NONE', *, *, #1563, .T. ) ;
#1997 = DIRECTION ( 'NONE',  ( -0.000000000000000000, 1.000000000000000000, -0.000000000000000000 ) ) ;
#1998 = AXIS2_PLACEMENT_3D ( 'NONE', #1179, #14, #431 ) ;
#1999 = ORIENTED_EDGE ( 'NONE', *, *, #661, .F. ) ;
#2000 = PLANE ( 'NONE',  #1733 ) ;
#2001 = DIRECTION ( 'NONE',  ( 0.000000000000000000, -0.000000000000000000, -1.000000000000000000 ) ) ;
#2002 = ORIENTED_EDGE ( 'NONE', *, *, #1950, .T. ) ;
#2003 = LINE ( 'NONE', #913, #450 ) ;
#2004 = DIRECTION ( 'NONE',  ( 1.000000000000000000, 0.000000000000000000, 0.000000000000000000 ) ) ;
#2005 = ORIENTED_EDGE ( 'NONE', *, *, #2986, .F. ) ;
#2006 = EDGE_CURVE ( 'NONE', #2480, #1820, #733, .T. ) ;
#2007 = EDGE_CURVE ( 'NONE', #626, #2797, #2745, .T. ) ;
#2008 = ORIENTED_EDGE ( 'NONE', *, *, #2705, .F. ) ;
#2009 = CARTESIAN_POINT ( 'NONE',  ( 0.000000000000000000, 0.000000000000000000, 2.000000000000000000 ) ) ;
#2010 = DIRECTION ( 'NONE',  ( -2.312964634635742957E-16, 1.000000000000000000, 0.000000000000000000 ) ) ;
#2011 = CARTESIAN_POINT ( 'NONE',  ( 2.000000000000001776, 25.89999999999999858, 112.0000000000000000 ) ) ;
#2012 = VERTEX_POINT ( 'NONE', #1148 ) ;
#2013 = ADVANCED_FACE ( 'NONE', ( #1371 ), #2067, .T. ) ;
#2014 = DIRECTION ( 'NONE',  ( 1.000000000000000000, 2.478176394252579169E-16, 0.000000000000000000 ) ) ;
#2015 = EDGE_CURVE ( 'NONE', #2435, #2818, #2759, .T. ) ;
#2016 = VECTOR ( 'NONE', #462, 1000.000000000000000 ) ;
#2017 = EDGE_LOOP ( 'NONE', ( #2878, #584, #532 ) ) ;
#2018 = CARTESIAN_POINT ( 'NONE',  ( 57.00000000000000000, 2.000000000000021316, 97.00000000000000000 ) ) ;
#2019 = FACE_OUTER_BOUND ( 'NONE', #513, .T. ) ;
#2020 = EDGE_LOOP ( 'NONE', ( #1066, #1910, #2936 ) ) ;
#2021 = TOROIDAL_SURFACE ( 'NONE', #276, 6.500000000000000888, 3.000000000000000000 ) ;
#2022 = CARTESIAN_POINT ( 'NONE',  ( 3.000000000000000000, 20.89999999999999503, 112.0000000000000000 ) ) ;
#2023 = DIRECTION ( 'NONE',  ( 1.000000000000000000, 2.312964634635742957E-16, 0.000000000000000000 ) ) ;
#2024 = CONICAL_SURFACE ( 'NONE', #139, 1.699999999999993072, 1.029744258676654090 ) ;
#2025 = DIRECTION ( 'NONE',  ( -2.312964634635742957E-16, 1.000000000000000000, 0.000000000000000000 ) ) ;
#2026 = CARTESIAN_POINT ( 'NONE',  ( 62.00000000000000000, 27.99999999999999645, 112.0000000000000000 ) ) ;
#2027 = DIRECTION ( 'NONE',  ( 0.000000000000000000, 0.000000000000000000, 1.000000000000000000 ) ) ;
#2028 = ORIENTED_EDGE ( 'NONE', *, *, #2295, .F. ) ;
#2029 = DIRECTION ( 'NONE',  ( 1.000000000000000000, 0.000000000000000000, 0.000000000000000000 ) ) ;
#2030 = CONICAL_SURFACE ( 'NONE', #1888, 0.9499999999999855227, 1.029744258676650759 ) ;
#2031 = ORIENTED_EDGE ( 'NONE', *, *, #1681, .F. ) ;
#2032 = DIRECTION ( 'NONE',  ( 1.000000000000000000, 0.000000000000000000, 0.000000000000000000 ) ) ;
#2033 = ORIENTED_EDGE ( 'NONE', *, *, #1235, .T. ) ;
#2034 = DIRECTION ( 'NONE',  ( 0.000000000000000000, 0.000000000000000000, 1.000000000000000000 ) ) ;
#2035 = LINE ( 'NONE', #2420, #1307 ) ;
#2036 = CIRCLE ( 'NONE', #294, 3.000000000000002665 ) ;
#2037 = VECTOR ( 'NONE', #2490, 1000.000000000000000 ) ;
#2038 = CARTESIAN_POINT ( 'NONE',  ( 57.00000000000000000, 7.000000000000022204, 25.87999999999999901 ) ) ;
#2039 = DIRECTION ( 'NONE',  ( 0.000000000000000000, 0.000000000000000000, 1.000000000000000000 ) ) ;
#2040 = DIRECTION ( 'NONE',  ( 0.8571673007021112234, 0.000000000000000000, 0.5150380749100560429 ) ) ;
#2041 = ORIENTED_EDGE ( 'NONE', *, *, #2447, .F. ) ;
#2042 = DIRECTION ( 'NONE',  ( -0.000000000000000000, -0.000000000000000000, 1.000000000000000000 ) ) ;
#2043 = VECTOR ( 'NONE', #2806, 1000.000000000000000 ) ;
#2044 = ADVANCED_FACE ( 'NONE', ( #2634 ), #1853, .F. ) ;
#2045 = VERTEX_POINT ( 'NONE', #2124 ) ;
#2046 = CIRCLE ( 'NONE', #2963, 0.9499999999999786393 ) ;
#2047 = EDGE_CURVE ( 'NONE', #2380, #434, #1674, .T. ) ;
#2048 = EDGE_CURVE ( 'NONE', #1332, #1304, #2378, .T. ) ;
#2049 = ORIENTED_EDGE ( 'NONE', *, *, #375, .T. ) ;
#2050 = DIRECTION ( 'NONE',  ( 1.000000000000000000, 0.000000000000000000, 0.000000000000000000 ) ) ;
#2051 = CARTESIAN_POINT ( 'NONE',  ( 59.57445507398881546, 2.978145177342225836, 100.4255449260111419 ) ) ;
#2052 = EDGE_CURVE ( 'NONE', #176, #1721, #1688, .T. ) ;
#2053 = CARTESIAN_POINT ( 'NONE',  ( 6.000000000000001776, 6.000000000000015987, 102.0000000000000142 ) ) ;
#2054 = PLANE ( 'NONE',  #2670 ) ;
#2055 = DIRECTION ( 'NONE',  ( -0.000000000000000000, 1.000000000000000000, -0.000000000000000000 ) ) ;
#2056 = EDGE_LOOP ( 'NONE', ( #1019, #1653, #899, #1581 ) ) ;
#2057 = DIRECTION ( 'NONE',  ( -1.000000000000000000, 0.000000000000000000, 0.000000000000000000 ) ) ;
#2058 = EDGE_LOOP ( 'NONE', ( #2507, #568 ) ) ;
#2059 = LINE ( 'NONE', #243, #2833 ) ;
#2060 = AXIS2_PLACEMENT_3D ( 'NONE', #2532, #2055, #1829 ) ;
#2061 = VERTEX_POINT ( 'NONE', #1485 ) ;
#2062 = LINE ( 'NONE', #2486, #1756 ) ;
#2063 = CARTESIAN_POINT ( 'NONE',  ( 54.50000000000000000, 7.000000000000021316, 97.00000000000000000 ) ) ;
#2064 = AXIS2_PLACEMENT_3D ( 'NONE', #2351, #2112, #63 ) ;
#2065 = FACE_OUTER_BOUND ( 'NONE', #2058, .T. ) ;
#2066 = EDGE_CURVE ( 'NONE', #2735, #512, #1234, .T. ) ;
#2067 = PLANE ( 'NONE',  #302 ) ;
#2068 = DIRECTION ( 'NONE',  ( 0.7071067811865524577, 0.000000000000000000, -0.7071067811865425767 ) ) ;
#2069 = VERTEX_POINT ( 'NONE', #2141 ) ;
#2070 = DIRECTION ( 'NONE',  ( 0.000000000000000000, 0.000000000000000000, 1.000000000000000000 ) ) ;
#2071 = AXIS2_PLACEMENT_3D ( 'NONE', #1312, #833, #2014 ) ;
#2072 = LINE ( 'NONE', #259, #2843 ) ;
#2073 = ORIENTED_EDGE ( 'NONE', *, *, #885, .F. ) ;
#2074 = TOROIDAL_SURFACE ( 'NONE', #1443, 6.500000000000000888, 3.000000000000000000 ) ;
#2075 = VERTEX_POINT ( 'NONE', #2152 ) ;
#2076 = LINE ( 'NONE', #505, #1974 ) ;
#2077 = DIRECTION ( 'NONE',  ( 0.000000000000000000, -1.000000000000000000, 0.000000000000000000 ) ) ;
#2078 = EDGE_CURVE ( 'NONE', #721, #1684, #1471, .T. ) ;
#2079 = EDGE_CURVE ( 'NONE', #2270, #2615, #2578, .T. ) ;
#2080 = CARTESIAN_POINT ( 'NONE',  ( 62.00000000000000000, 2.000000000000022649, 112.0000000000000000 ) ) ;
#2081 = DIRECTION ( 'NONE',  ( 1.000000000000000000, 0.000000000000000000, 0.000000000000000000 ) ) ;
#2082 = CARTESIAN_POINT ( 'NONE',  ( 33.76000000000000512, 2.000000000000011990, 96.05000000000002558 ) ) ;
#2083 = CIRCLE ( 'NONE', #2414, 3.500000000000003109 ) ;
#2084 = ORIENTED_EDGE ( 'NONE', *, *, #1508, .F. ) ;
#2085 = ADVANCED_FACE ( 'NONE', ( #1260 ), #1916, .F. ) ;
#2086 = CARTESIAN_POINT ( 'NONE',  ( 4.000000000000001776, 23.89999999999999858, 112.0000000000000000 ) ) ;
#2087 = CARTESIAN_POINT ( 'NONE',  ( 57.00000000000000000, 6.000000000000022204, 25.87999999999999901 ) ) ;
#2088 = ORIENTED_EDGE ( 'NONE', *, *, #495, .T. ) ;
#2089 = AXIS2_PLACEMENT_3D ( 'NONE', #307, #2320, #761 ) ;
#2090 = CARTESIAN_POINT ( 'NONE',  ( 53.50000000000000000, 6.000000000000021316, 97.00000000000000000 ) ) ;
#2091 = EDGE_LOOP ( 'NONE', ( #2910, #1209 ) ) ;
#2092 = LINE ( 'NONE', #1868, #1206 ) ;
#2093 = CIRCLE ( 'NONE', #1902, 3.000000000000002665 ) ;
#2094 = DIRECTION ( 'NONE',  ( -0.000000000000000000, 1.000000000000000000, -0.000000000000000000 ) ) ;
#2095 = AXIS2_PLACEMENT_3D ( 'NONE', #181, #2946, #875 ) ;
#2096 = CARTESIAN_POINT ( 'NONE',  ( 62.00000000000000000, 6.000000000000023093, 102.0000000000000142 ) ) ;
#2097 = DIRECTION ( 'NONE',  ( 0.000000000000000000, -1.000000000000000000, 0.000000000000000000 ) ) ;
#2098 = ADVANCED_FACE ( 'NONE', ( #116 ), #102, .F. ) ;
#2099 = FACE_OUTER_BOUND ( 'NONE', #1440, .T. ) ;
#2100 = ORIENTED_EDGE ( 'NONE', *, *, #2295, .T. ) ;
#2101 = CARTESIAN_POINT ( 'NONE',  ( 57.99999999999999289, 2.000000000000022204, 102.0000000000000142 ) ) ;
#2102 = CARTESIAN_POINT ( 'NONE',  ( 4.000000000000001776, 26.49999999999999645, 112.0000000000000000 ) ) ;
#2103 = VERTEX_POINT ( 'NONE', #1690 ) ;
#2104 = ADVANCED_FACE ( 'NONE', ( #1040 ), #2116, .F. ) ;
#2105 = CARTESIAN_POINT ( 'NONE',  ( 0.000000000000000000, 0.000000000000000000, 0.000000000000000000 ) ) ;
#2106 = ORIENTED_EDGE ( 'NONE', *, *, #219, .T. ) ;
#2107 = DIRECTION ( 'NONE',  ( 0.000000000000000000, 0.000000000000000000, 1.000000000000000000 ) ) ;
#2108 = DIRECTION ( 'NONE',  ( 2.312964634635742957E-16, -1.000000000000000000, -0.000000000000000000 ) ) ;
#2109 = DIRECTION ( 'NONE',  ( -1.000000000000000000, -2.168404344971006896E-16, 0.000000000000000000 ) ) ;
#2110 = CARTESIAN_POINT ( 'NONE',  ( 62.00000000000000000, 2.347217747966100276, 97.99999999999994316 ) ) ;
#2111 = VERTEX_POINT ( 'NONE', #2348 ) ;
#2112 = DIRECTION ( 'NONE',  ( 1.000000000000000000, 0.000000000000000000, -0.000000000000000000 ) ) ;
#2113 = VECTOR ( 'NONE', #2594, 1000.000000000000000 ) ;
#2114 = DIRECTION ( 'NONE',  ( -0.000000000000000000, 1.000000000000000000, -0.000000000000000000 ) ) ;
#2115 = ORIENTED_EDGE ( 'NONE', *, *, #971, .T. ) ;
#2116 = CONICAL_SURFACE ( 'NONE', #668, 0.9499999999999786393, 1.029744258676650759 ) ;
#2117 = ORIENTED_EDGE ( 'NONE', *, *, #2265, .T. ) ;
#2118 = PLANE ( 'NONE',  #1146 ) ;
#2119 = AXIS2_PLACEMENT_3D ( 'NONE', #1256, #1048, #2416 ) ;
#2120 = ORIENTED_EDGE ( 'NONE', *, *, #257, .F. ) ;
#2121 = DIRECTION ( 'NONE',  ( -0.000000000000000000, -0.000000000000000000, -1.000000000000000000 ) ) ;
#2122 = LINE ( 'NONE', #100, #965 ) ;
#2123 = DIRECTION ( 'NONE',  ( -2.312964634635742957E-16, 1.000000000000000000, 0.000000000000000000 ) ) ;
#2124 = CARTESIAN_POINT ( 'NONE',  ( 40.26000000000000512, 2.000000000000017764, 97.00000000000000000 ) ) ;
#2125 = VERTEX_POINT ( 'NONE', #762 ) ;
#2126 = CARTESIAN_POINT ( 'NONE',  ( 59.50000000000000711, 7.000000000000023093, 25.87999999999999901 ) ) ;
#2127 = CARTESIAN_POINT ( 'NONE',  ( 6.000000000000002665, 17.89999999999999858, 112.0000000000000000 ) ) ;
#2128 = AXIS2_PLACEMENT_3D ( 'NONE', #1057, #120, #1507 ) ;
#2129 = VERTEX_POINT ( 'NONE', #775 ) ;
#2130 = ORIENTED_EDGE ( 'NONE', *, *, #708, .F. ) ;
#2131 = EDGE_CURVE ( 'NONE', #66, #955, #2558, .T. ) ;
#2132 = ORIENTED_EDGE ( 'NONE', *, *, #1575, .T. ) ;
#2133 = LINE ( 'NONE', #757, #2793 ) ;
#2134 = DIRECTION ( 'NONE',  ( -1.000000000000000000, -3.469446951953611231E-16, 0.000000000000000000 ) ) ;
#2135 = EDGE_CURVE ( 'NONE', #336, #839, #317, .T. ) ;
#2136 = EDGE_CURVE ( 'NONE', #271, #839, #2355, .T. ) ;
#2137 = AXIS2_PLACEMENT_3D ( 'NONE', #350, #593, #774 ) ;
#2138 = VERTEX_POINT ( 'NONE', #1717 ) ;
#2139 = ADVANCED_FACE ( 'NONE', ( #1025 ), #1942, .F. ) ;
#2140 = DIRECTION ( 'NONE',  ( 0.000000000000000000, 1.000000000000000000, 0.000000000000000000 ) ) ;
#2141 = CARTESIAN_POINT ( 'NONE',  ( 27.26000000000000512, 2.000000000000014655, 25.87999999999999901 ) ) ;
#2142 = VECTOR ( 'NONE', #2260, 1000.000000000000000 ) ;
#2143 = ORIENTED_EDGE ( 'NONE', *, *, #290, .F. ) ;
#2144 = VERTEX_POINT ( 'NONE', #2495 ) ;
#2145 = DIRECTION ( 'NONE',  ( 1.000000000000000000, 0.000000000000000000, 0.000000000000000000 ) ) ;
#2146 = LINE ( 'NONE', #78, #2952 ) ;
#2147 = EDGE_LOOP ( 'NONE', ( #2900, #194, #1582 ) ) ;
#2148 = ORIENTED_EDGE ( 'NONE', *, *, #1288, .F. ) ;
#2149 = CARTESIAN_POINT ( 'NONE',  ( 57.00000000000000000, 1.429182411923838991, 25.87999999999999901 ) ) ;
#2150 = DIRECTION ( 'NONE',  ( 1.000000000000000000, 0.000000000000000000, 0.000000000000000000 ) ) ;
#2151 = ORIENTED_EDGE ( 'NONE', *, *, #2544, .F. ) ;
#2152 = CARTESIAN_POINT ( 'NONE',  ( 4.000000000000010658, 2.000000000000009326, 92.00000000000000000 ) ) ;
#2153 = EDGE_LOOP ( 'NONE', ( #787, #273, #1813, #1308 ) ) ;
#2154 = VECTOR ( 'NONE', #2571, 1000.000000000000000 ) ;
#2155 = VERTEX_POINT ( 'NONE', #1981 ) ;
#2156 = DIRECTION ( 'NONE',  ( 5.782411586589352708E-16, -1.000000000000000000, -5.782411586589352708E-16 ) ) ;
#2157 = DIRECTION ( 'NONE',  ( 1.000000000000000000, 2.001604010742470009E-16, 0.000000000000000000 ) ) ;
#2158 = AXIS2_PLACEMENT_3D ( 'NONE', #2608, #2879, #1561 ) ;
#2159 = EDGE_LOOP ( 'NONE', ( #796, #2151 ) ) ;
#2160 = ORIENTED_EDGE ( 'NONE', *, *, #2135, .T. ) ;
#2161 = B_SPLINE_CURVE_WITH_KNOTS ( 'NONE', 3,
 ( #2640, #1695, #987, #283, #566, #2341 ),
 .UNSPECIFIED., .F., .F.,
 ( 4, 2, 4 ),
 ( 0.000000000000000000, 0.0007340110873691524027, 0.001468022174738304805 ),
 .UNSPECIFIED. ) ;
#2162 = CARTESIAN_POINT ( 'NONE',  ( 57.99999999999999289, 6.000000000000022204, 102.0000000000000142 ) ) ;
#2163 = EDGE_CURVE ( 'NONE', #9, #951, #322, .T. ) ;
#2164 = CARTESIAN_POINT ( 'NONE',  ( 0.000000000000000000, 27.99999999999999645, 112.0000000000000000 ) ) ;
#2165 = ADVANCED_FACE ( 'NONE', ( #1046 ), #1514, .F. ) ;
#2166 = CARTESIAN_POINT ( 'NONE',  ( 64.00000000000000000, 27.99999999999999645, 112.0000000000000000 ) ) ;
#2167 = CARTESIAN_POINT ( 'NONE',  ( 33.76000000000000512, 5.000000000000016875, 97.00000000000000000 ) ) ;
#2168 = AXIS2_PLACEMENT_3D ( 'NONE', #1839, #2094, #890 ) ;
#2169 = ADVANCED_FACE ( 'NONE', ( #2692 ), #2024, .F. ) ;
#2170 = ORIENTED_EDGE ( 'NONE', *, *, #688, .T. ) ;
#2171 = DIRECTION ( 'NONE',  ( 0.000000000000000000, 0.000000000000000000, 1.000000000000000000 ) ) ;
#2172 = CARTESIAN_POINT ( 'NONE',  ( 0.000000000000000000, 27.99999999999999645, 0.000000000000000000 ) ) ;
#2173 = EDGE_CURVE ( 'NONE', #397, #409, #2658, .T. ) ;
#2174 = ORIENTED_EDGE ( 'NONE', *, *, #1069, .T. ) ;
#2175 = CIRCLE ( 'NONE', #2369, 0.9499999999999786393 ) ;
#2176 = VECTOR ( 'NONE', #856, 1000.000000000000000 ) ;
#2177 = ORIENTED_EDGE ( 'NONE', *, *, #1102, .F. ) ;
#2178 = CARTESIAN_POINT ( 'NONE',  ( 33.76000000000000512, 5.000000000000016875, 97.00000000000000000 ) ) ;
#2179 = PLANE ( 'NONE',  #2555 ) ;
#2180 = DIRECTION ( 'NONE',  ( 0.000000000000000000, 0.000000000000000000, 1.000000000000000000 ) ) ;
#2181 = DIRECTION ( 'NONE',  ( 1.000000000000000000, 0.000000000000000000, -0.000000000000000000 ) ) ;
#2182 = VECTOR ( 'NONE', #917, 999.9999999999998863 ) ;
#2183 = CARTESIAN_POINT ( 'NONE',  ( 57.00000000000000000, 2.000000000000017319, 97.00000000000000000 ) ) ;
#2184 = ORIENTED_EDGE ( 'NONE', *, *, #661, .T. ) ;
#2185 = VECTOR ( 'NONE', #167, 1000.000000000000000 ) ;
#2186 = CARTESIAN_POINT ( 'NONE',  ( 36.26000000000000512, 7.000000000000017764, 97.00000000000000000 ) ) ;
#2187 = LINE ( 'NONE', #2880, #203 ) ;
#2188 = ORIENTED_EDGE ( 'NONE', *, *, #2461, .T. ) ;
#2189 = EDGE_CURVE ( 'NONE', #2797, #1261, #618, .T. ) ;
#2190 = ORIENTED_EDGE ( 'NONE', *, *, #2298, .F. ) ;
#2191 = DIRECTION ( 'NONE',  ( 1.000000000000000000, 2.312964634635742957E-16, 0.000000000000000000 ) ) ;
#2192 = CARTESIAN_POINT ( 'NONE',  ( 61.99999999999999289, 17.89999999999999503, 102.0000000000000142 ) ) ;
#2193 = ORIENTED_EDGE ( 'NONE', *, *, #375, .F. ) ;
#2194 = LINE ( 'NONE', #2633, #1317 ) ;
#2195 = LINE ( 'NONE', #644, #2325 ) ;
#2196 = ORIENTED_EDGE ( 'NONE', *, *, #1734, .T. ) ;
#2197 = VERTEX_POINT ( 'NONE', #138 ) ;
#2198 = FACE_OUTER_BOUND ( 'NONE', #1045, .T. ) ;
#2199 = DIRECTION ( 'NONE',  ( 1.000000000000000000, 0.000000000000000000, -0.000000000000000000 ) ) ;
#2200 = DIRECTION ( 'NONE',  ( 0.000000000000000000, 1.000000000000000000, 0.000000000000000000 ) ) ;
#2201 = EDGE_LOOP ( 'NONE', ( #2556, #2227, #1773, #1512 ) ) ;
#2202 = CYLINDRICAL_SURFACE ( 'NONE', #2071, 3.500000000000003109 ) ;
#2203 = EDGE_CURVE ( 'NONE', #1636, #2480, #1808, .T. ) ;
#2204 = VERTEX_POINT ( 'NONE', #1093 ) ;
#2205 = DIRECTION ( 'NONE',  ( 1.000000000000000000, 0.000000000000000000, 0.000000000000000000 ) ) ;
#2206 = CARTESIAN_POINT ( 'NONE',  ( 59.30000000000000426, 3.000000000000000000, 112.0000000000000000 ) ) ;
#2207 = EDGE_CURVE ( 'NONE', #2204, #1452, #1774, .T. ) ;
#2208 = VERTEX_POINT ( 'NONE', #1111 ) ;
#2209 = FACE_OUTER_BOUND ( 'NONE', #2607, .T. ) ;
#2210 = AXIS2_PLACEMENT_3D ( 'NONE', #897, #2042, #2329 ) ;
#2211 = DIRECTION ( 'NONE',  ( 1.000000000000000000, 2.478176394252579169E-16, 0.000000000000000000 ) ) ;
#2212 = DIRECTION ( 'NONE',  ( -1.156482317317871725E-16, 1.000000000000000000, -0.000000000000000000 ) ) ;
#2213 = ORIENTED_EDGE ( 'NONE', *, *, #2509, .T. ) ;
#2214 = DIRECTION ( 'NONE',  ( -0.000000000000000000, -0.000000000000000000, -1.000000000000000000 ) ) ;
#2215 = VECTOR ( 'NONE', #2756, 1000.000000000000000 ) ;
#2216 = DIRECTION ( 'NONE',  ( -0.000000000000000000, 1.000000000000000000, -0.000000000000000000 ) ) ;
#2217 = ORIENTED_EDGE ( 'NONE', *, *, #978, .T. ) ;
#2218 = FACE_OUTER_BOUND ( 'NONE', #2201, .T. ) ;
#2219 = ORIENTED_EDGE ( 'NONE', *, *, #1313, .T. ) ;
#2220 = LINE ( 'NONE', #620, #2693 ) ;
#2221 = EDGE_CURVE ( 'NONE', #1379, #2694, #2503, .T. ) ;
#2222 = CYLINDRICAL_SURFACE ( 'NONE', #1116, 0.9499999999999855227 ) ;
#2223 = AXIS2_PLACEMENT_3D ( 'NONE', #1327, #2010, #1978 ) ;
#2224 = ORIENTED_EDGE ( 'NONE', *, *, #2493, .F. ) ;
#2225 = DIRECTION ( 'NONE',  ( 1.000000000000000000, 0.000000000000000000, 0.000000000000000000 ) ) ;
#2226 = CARTESIAN_POINT ( 'NONE',  ( 6.000000000000005329, 2.000000000000009770, 112.0000000000000000 ) ) ;
#2227 = ORIENTED_EDGE ( 'NONE', *, *, #1106, .T. ) ;
#2228 = EDGE_CURVE ( 'NONE', #2941, #468, #1880, .T. ) ;
#2229 = VECTOR ( 'NONE', #1673, 1000.000000000000000 ) ;
#2230 = VERTEX_POINT ( 'NONE', #815 ) ;
#2231 = CARTESIAN_POINT ( 'NONE',  ( 57.00000000000000000, 6.000000000000022204, 25.87999999999999901 ) ) ;
#2232 = FACE_BOUND ( 'NONE', #2312, .T. ) ;
#2233 = FACE_OUTER_BOUND ( 'NONE', #2642, .T. ) ;
#2234 = CIRCLE ( 'NONE', #1181, 0.9499999999999855227 ) ;
#2235 = ORIENTED_EDGE ( 'NONE', *, *, #1914, .F. ) ;
#2236 = CARTESIAN_POINT ( 'NONE',  ( 4.000000000000001776, 27.99999999999999645, 112.0000000000000000 ) ) ;
#2237 = AXIS2_PLACEMENT_3D ( 'NONE', #2167, #534, #746 ) ;
#2238 = VERTEX_POINT ( 'NONE', #2678 ) ;
#2239 = CARTESIAN_POINT ( 'NONE',  ( 59.30000000000000426, 3.000000000000000000, 112.0000000000000000 ) ) ;
#2240 = DIRECTION ( 'NONE',  ( -0.000000000000000000, -0.000000000000000000, 1.000000000000000000 ) ) ;
#2241 = EDGE_LOOP ( 'NONE', ( #2028, #1459, #427 ) ) ;
#2242 = DIRECTION ( 'NONE',  ( -0.000000000000000000, -1.000000000000000000, -0.000000000000000000 ) ) ;
#2243 = DIRECTION ( 'NONE',  ( -2.312964634635742957E-16, 1.000000000000000000, -0.000000000000000000 ) ) ;
#2244 = ORIENTED_EDGE ( 'NONE', *, *, #1634, .F. ) ;
#2245 = DIRECTION ( 'NONE',  ( 1.000000000000000000, 0.000000000000000000, 0.000000000000000000 ) ) ;
#2246 = CARTESIAN_POINT ( 'NONE',  ( 64.00000000000000000, 27.99999999999999645, 0.000000000000000000 ) ) ;
#2247 = CARTESIAN_POINT ( 'NONE',  ( 59.30000000000000426, 3.000000000000000000, 106.0000000000000000 ) ) ;
#2248 = DIRECTION ( 'NONE',  ( -1.000000000000000000, -0.000000000000000000, -0.000000000000000000 ) ) ;
#2249 = VERTEX_POINT ( 'NONE', #602 ) ;
#2250 = CARTESIAN_POINT ( 'NONE',  ( 61.99999999999998579, 2.254877443469444742, 95.26880321938689633 ) ) ;
#2251 = ORIENTED_EDGE ( 'NONE', *, *, #1418, .F. ) ;
#2252 = CARTESIAN_POINT ( 'NONE',  ( 57.00000000000000000, 7.000000000000023981, 26.82999999999998408 ) ) ;
#2253 = AXIS2_PLACEMENT_3D ( 'NONE', #2602, #1187, #54 ) ;
#2254 = ORIENTED_EDGE ( 'NONE', *, *, #1854, .F. ) ;
#2255 = TOROIDAL_SURFACE ( 'NONE', #580, 2.500000000000000888, 1.000000000000000000 ) ;
#2256 = DIRECTION ( 'NONE',  ( 0.000000000000000000, -0.000000000000000000, 1.000000000000000000 ) ) ;
#2257 = CARTESIAN_POINT ( 'NONE',  ( 61.99999999999999289, 22.39999999999999503, 1.999999999999994005 ) ) ;
#2258 = AXIS2_PLACEMENT_3D ( 'NONE', #2087, #215, #665 ) ;
#2259 = CARTESIAN_POINT ( 'NONE',  ( 33.76000000000000512, 2.000000000000011990, 97.94999999999998863 ) ) ;
#2260 = DIRECTION ( 'NONE',  ( 2.312964634635742957E-16, -1.000000000000000000, -0.000000000000000000 ) ) ;
#2261 = DIRECTION ( 'NONE',  ( 2.312964634635742957E-16, -1.000000000000000000, -0.000000000000000000 ) ) ;
#2262 = ADVANCED_FACE ( 'NONE', ( #2882 ), #2202, .T. ) ;
#2263 = DIRECTION ( 'NONE',  ( -0.000000000000000000, -0.000000000000000000, 1.000000000000000000 ) ) ;
#2264 = VERTEX_POINT ( 'NONE', #1758 ) ;
#2265 = EDGE_CURVE ( 'NONE', #2129, #2868, #2266, .T. ) ;
#2266 = LINE ( 'NONE', #1529, #1297 ) ;
#2267 = VECTOR ( 'NONE', #395, 1000.000000000000000 ) ;
#2268 = EDGE_CURVE ( 'NONE', #655, #1768, #410, .T. ) ;
#2269 = EDGE_CURVE ( 'NONE', #496, #739, #6, .T. ) ;
#2270 = VERTEX_POINT ( 'NONE', #1565 ) ;
#2271 = ORIENTED_EDGE ( 'NONE', *, *, #2461, .F. ) ;
#2272 = CARTESIAN_POINT ( 'NONE',  ( 32.00000000000000000, 23.89999999999999858, 32.00000000000000000 ) ) ;
#2273 = DIRECTION ( 'NONE',  ( 2.312964634635742957E-16, -1.000000000000000000, 0.000000000000000000 ) ) ;
#2274 = AXIS2_PLACEMENT_3D ( 'NONE', #2294, #953, #1619 ) ;
#2275 = CIRCLE ( 'NONE', #11, 1.699999999999987965 ) ;
#2276 = DIRECTION ( 'NONE',  ( -0.7071067811865425767, -0.000000000000000000, -0.7071067811865525687 ) ) ;
#2277 = FACE_OUTER_BOUND ( 'NONE', #413, .T. ) ;
#2278 = LINE ( 'NONE', #906, #1625 ) ;
#2279 = EDGE_LOOP ( 'NONE', ( #535, #2707, #2002, #2569 ) ) ;
#2280 = DIRECTION ( 'NONE',  ( -0.000000000000000000, 1.000000000000000000, -0.000000000000000000 ) ) ;
#2281 = CIRCLE ( 'NONE', #983, 1.699999999999993072 ) ;
#2282 = CIRCLE ( 'NONE', #2667, 3.000000000000002665 ) ;
#2283 = ORIENTED_EDGE ( 'NONE', *, *, #2894, .T. ) ;
#2284 = AXIS2_PLACEMENT_3D ( 'NONE', #2531, #492, #1856 ) ;
#2285 = LINE ( 'NONE', #927, #2974 ) ;
#2286 = ADVANCED_FACE ( 'NONE', ( #2218 ), #2478, .F. ) ;
#2287 = ORIENTED_EDGE ( 'NONE', *, *, #2612, .F. ) ;
#2288 = LINE ( 'NONE', #207, #1812 ) ;
#2289 = CARTESIAN_POINT ( 'NONE',  ( 62.00000000000000000, 2.347217747966100276, 97.99999999999994316 ) ) ;
#2290 = DIRECTION ( 'NONE',  ( 1.000000000000000000, 2.478176394252579169E-16, 0.000000000000000000 ) ) ;
#2291 = DIRECTION ( 'NONE',  ( -5.782411586589352708E-16, 1.000000000000000000, 0.000000000000000000 ) ) ;
#2292 = ORIENTED_EDGE ( 'NONE', *, *, #2353, .F. ) ;
#2293 = DIRECTION ( 'NONE',  ( 0.000000000000000000, 0.000000000000000000, -1.000000000000000000 ) ) ;
#2294 = CARTESIAN_POINT ( 'NONE',  ( 25.49999999999999645, 1.500000000000011324, 15.79999999999999538 ) ) ;
#2295 = EDGE_CURVE ( 'NONE', #2729, #173, #202, .T. ) ;
#2296 = ORIENTED_EDGE ( 'NONE', *, *, #1864, .T. ) ;
#2297 = CARTESIAN_POINT ( 'NONE',  ( 25.50000000000000711, 1.500000000000011324, 92.00000000000000000 ) ) ;
#2298 = EDGE_CURVE ( 'NONE', #1636, #2103, #2072, .T. ) ;
#2299 = AXIS2_PLACEMENT_3D ( 'NONE', #1835, #1594, #695 ) ;
#2300 = ORIENTED_EDGE ( 'NONE', *, *, #583, .F. ) ;
#2301 = DIRECTION ( 'NONE',  ( -0.000000000000000000, 1.000000000000000000, -0.000000000000000000 ) ) ;
#2302 = CARTESIAN_POINT ( 'NONE',  ( 58.33073053237584560, 2.484235895061773558, 101.6692694676241473 ) ) ;
#2303 = EDGE_CURVE ( 'NONE', #844, #2549, #5, .T. ) ;
#2304 = VECTOR ( 'NONE', #1388, 999.9999999999998863 ) ;
#2305 = CARTESIAN_POINT ( 'NONE',  ( 2.000000000000001776, 17.89999999999999858, 97.99999999999994316 ) ) ;
#2306 = CARTESIAN_POINT ( 'NONE',  ( 61.00000000000000000, 20.89999999999999503, 106.0000000000000000 ) ) ;
#2307 = CARTESIAN_POINT ( 'NONE',  ( 31.26000000000000156, 7.000000000000015987, 25.87999999999999901 ) ) ;
#2308 = ORIENTED_EDGE ( 'NONE', *, *, #56, .T. ) ;
#2309 = AXIS2_PLACEMENT_3D ( 'NONE', #2588, #515, #2802 ) ;
#2310 = FACE_OUTER_BOUND ( 'NONE', #553, .T. ) ;
#2311 = FACE_OUTER_BOUND ( 'NONE', #1564, .T. ) ;
#2312 = EDGE_LOOP ( 'NONE', ( #1275, #2271 ) ) ;
#2313 = DIRECTION ( 'NONE',  ( 1.000000000000000000, 2.478176394252579169E-16, 0.000000000000000000 ) ) ;
#2314 = AXIS2_PLACEMENT_3D ( 'NONE', #1815, #2273, #1624 ) ;
#2315 = ADVANCED_FACE ( 'NONE', ( #723 ), #241, .T. ) ;
#2316 = ORIENTED_EDGE ( 'NONE', *, *, #2536, .F. ) ;
#2317 = CARTESIAN_POINT ( 'NONE',  ( 62.00000000000000000, 6.000000000000023093, 102.0000000000000142 ) ) ;
#2318 = CARTESIAN_POINT ( 'NONE',  ( 58.65685259350628655, 2.647580527359798097, 101.3431474064937277 ) ) ;
#2319 = UNCERTAINTY_MEASURE_WITH_UNIT (LENGTH_MEASURE( 1.000000000000000082E-05 ), #447, 'distance_accuracy_value', 'NONE');
#2320 = DIRECTION ( 'NONE',  ( -0.000000000000000000, 1.000000000000000000, -0.000000000000000000 ) ) ;
#2321 = VECTOR ( 'NONE', #2248, 1000.000000000000000 ) ;
#2322 = DIRECTION ( 'NONE',  ( 0.000000000000000000, 0.000000000000000000, 1.000000000000000000 ) ) ;
#2323 = PRODUCT_DEFINITION ( 'UNKNOWN', '', #57, #2529 ) ;
#2324 = CARTESIAN_POINT ( 'NONE',  ( 2.000000000000001776, 22.39999999999999503, 1.999999999999999556 ) ) ;
#2325 = VECTOR ( 'NONE', #1972, 1000.000000000000000 ) ;
#2326 = EDGE_CURVE ( 'NONE', #1723, #1692, #279, .T. ) ;
#2327 = ORIENTED_EDGE ( 'NONE', *, *, #1382, .T. ) ;
#2328 = DIRECTION ( 'NONE',  ( 0.000000000000000000, 1.000000000000000000, 0.000000000000000000 ) ) ;
#2329 = DIRECTION ( 'NONE',  ( 1.000000000000000000, 0.000000000000000000, 0.000000000000000000 ) ) ;
#2330 = ORIENTED_EDGE ( 'NONE', *, *, #1102, .T. ) ;
#2331 = AXIS2_PLACEMENT_3D ( 'NONE', #1207, #1428, #2545 ) ;
#2332 =( NAMED_UNIT ( * ) PLANE_ANGLE_UNIT ( ) SI_UNIT ( $, .RADIAN. ) );
#2333 = ORIENTED_EDGE ( 'NONE', *, *, #1313, .F. ) ;
#2334 = FACE_OUTER_BOUND ( 'NONE', #62, .T. ) ;
#2335 = VECTOR ( 'NONE', #2891, 1000.000000000000000 ) ;
#2336 = CARTESIAN_POINT ( 'NONE',  ( 54.50000000000000000, 6.000000000000021316, 25.87999999999999901 ) ) ;
#2337 = CARTESIAN_POINT ( 'NONE',  ( 57.00000000000000000, 6.000000000000022204, 97.00000000000000000 ) ) ;
#2338 = DIRECTION ( 'NONE',  ( -2.312964634635742957E-16, 1.000000000000000000, -0.000000000000000000 ) ) ;
#2339 = ORIENTED_EDGE ( 'NONE', *, *, #401, .F. ) ;
#2340 = CARTESIAN_POINT ( 'NONE',  ( 53.50000000000000000, 5.000000000000021316, 97.00000000000000000 ) ) ;
#2341 = CARTESIAN_POINT ( 'NONE',  ( 57.99999999999999289, 2.000000000000022204, 103.4226162893325665 ) ) ;
#2342 = ORIENTED_EDGE ( 'NONE', *, *, #2629, .T. ) ;
#2343 = ORIENTED_EDGE ( 'NONE', *, *, #31, .F. ) ;
#2344 = ORIENTED_EDGE ( 'NONE', *, *, #2921, .T. ) ;
#2345 = CARTESIAN_POINT ( 'NONE',  ( 4.000000000000000888, 1.500000000000008660, 15.79999999999999538 ) ) ;
#2346 = LINE ( 'NONE', #1886, #1061 ) ;
#2347 = LINE ( 'NONE', #2834, #2043 ) ;
#2348 = CARTESIAN_POINT ( 'NONE',  ( 6.000000000000001776, 23.89999999999999858, 112.0000000000000000 ) ) ;
#2349 = ORIENTED_EDGE ( 'NONE', *, *, #2519, .F. ) ;
#2350 = ADVANCED_FACE ( 'NONE', ( #2965 ), #1544, .T. ) ;
#2351 = CARTESIAN_POINT ( 'NONE',  ( 62.00000000000000000, 27.99999999999999645, 112.0000000000000000 ) ) ;
#2352 = CARTESIAN_POINT ( 'NONE',  ( 62.00000000000000000, 23.89999999999999858, 1.999999999999988010 ) ) ;
#2353 = EDGE_CURVE ( 'NONE', #2726, #2918, #1649, .T. ) ;
#2354 = ORIENTED_EDGE ( 'NONE', *, *, #1166, .F. ) ;
#2355 = CIRCLE ( 'NONE', #1484, 0.9499999999999786393 ) ;
#2356 = EDGE_LOOP ( 'NONE', ( #2881, #1859, #2850, #440, #1202, #1763, #1171, #2423 ) ) ;
#2357 = CIRCLE ( 'NONE', #963, 0.9499999999999855227 ) ;
#2358 = EDGE_CURVE ( 'NONE', #955, #1714, #962, .T. ) ;
#2359 = EDGE_CURVE ( 'NONE', #2144, #1085, #1345, .T. ) ;
#2360 = ORIENTED_EDGE ( 'NONE', *, *, #2579, .T. ) ;
#2361 = AXIS2_PLACEMENT_3D ( 'NONE', #264, #24, #2528 ) ;
#2362 = CARTESIAN_POINT ( 'NONE',  ( 61.99999999999999289, 17.89999999999999503, 97.99999999999994316 ) ) ;
#2363 = FACE_OUTER_BOUND ( 'NONE', #851, .T. ) ;
#2364 = DIRECTION ( 'NONE',  ( 1.000000000000000000, 0.000000000000000000, 0.000000000000000000 ) ) ;
#2365 = CARTESIAN_POINT ( 'NONE',  ( 57.00000000000000000, 2.000000000000017319, 97.00000000000000000 ) ) ;
#2366 = ORIENTED_EDGE ( 'NONE', *, *, #1503, .T. ) ;
#2367 = DIRECTION ( 'NONE',  ( -1.000000000000000000, -2.478176394252579169E-16, 0.000000000000000000 ) ) ;
#2368 = DIRECTION ( 'NONE',  ( 2.312964634635742957E-16, -1.000000000000000000, 0.000000000000000000 ) ) ;
#2369 = AXIS2_PLACEMENT_3D ( 'NONE', #269, #2114, #311 ) ;
#2370 = ORIENTED_EDGE ( 'NONE', *, *, #1508, .T. ) ;
#2371 = ORIENTED_EDGE ( 'NONE', *, *, #402, .F. ) ;
#2372 = EDGE_LOOP ( 'NONE', ( #2624, #2213, #1330, #2682, #842, #610, #1965, #2494, #7, #517, #2049, #1358, #1109, #1240, #2376, #2330, #2217, #2953, #488, #1362, #2485, #2454, #368, #1996 ) ) ;
#2373 = DIRECTION ( 'NONE',  ( 1.000000000000000000, 0.000000000000000000, 0.000000000000000000 ) ) ;
#2374 = CARTESIAN_POINT ( 'NONE',  ( 0.000000000000000000, 0.000000000000000000, 2.000000000000000000 ) ) ;
#2375 = AXIS2_PLACEMENT_3D ( 'NONE', #609, #2663, #1716 ) ;
#2376 = ORIENTED_EDGE ( 'NONE', *, *, #1469, .T. ) ;
#2377 = DIRECTION ( 'NONE',  ( 1.000000000000000000, 2.478176394252579169E-16, 0.000000000000000000 ) ) ;
#2378 = LINE ( 'NONE', #2391, #812 ) ;
#2379 = AXIS2_PLACEMENT_3D ( 'NONE', #1805, #1340, #2722 ) ;
#2380 = VERTEX_POINT ( 'NONE', #1169 ) ;
#2381 = CARTESIAN_POINT ( 'NONE',  ( 57.00000000000000000, 7.000000000000022204, 25.87999999999999901 ) ) ;
#2382 = DIRECTION ( 'NONE',  ( -0.000000000000000000, -0.000000000000000000, -1.000000000000000000 ) ) ;
#2383 = EDGE_CURVE ( 'NONE', #2932, #1379, #1731, .T. ) ;
#2384 = VERTEX_POINT ( 'NONE', #466 ) ;
#2385 = EDGE_CURVE ( 'NONE', #512, #2598, #2736, .T. ) ;
#2386 = ORIENTED_EDGE ( 'NONE', *, *, #2677, .T. ) ;
#2387 = LINE ( 'NONE', #2645, #1925 ) ;
#2388 = EDGE_CURVE ( 'NONE', #201, #1990, #2975, .T. ) ;
#2389 = DIRECTION ( 'NONE',  ( 1.000000000000000000, 0.000000000000000000, 0.000000000000000000 ) ) ;
#2390 = DIRECTION ( 'NONE',  ( 0.000000000000000000, 1.000000000000000000, 0.000000000000000000 ) ) ;
#2391 = CARTESIAN_POINT ( 'NONE',  ( 62.00000000000000000, 22.39999999999999503, 1.999999999999988010 ) ) ;
#2392 = VERTEX_POINT ( 'NONE', #454 ) ;
#2393 = EDGE_CURVE ( 'NONE', #1212, #2656, #1375, .T. ) ;
#2394 = CONICAL_SURFACE ( 'NONE', #2060, 0.9499999999999786393, 1.029744258676650759 ) ;
#2395 = ORIENTED_EDGE ( 'NONE', *, *, #550, .T. ) ;
#2396 = CARTESIAN_POINT ( 'NONE',  ( 62.00000000000000711, 2.306658542177218330, 24.49849460541340562 ) ) ;
#2397 = DIRECTION ( 'NONE',  ( -0.2873478855663438858, 0.9578262852211518741, 0.000000000000000000 ) ) ;
#2398 = CIRCLE ( 'NONE', #1682, 1.000000000000000888 ) ;
#2399 = EDGE_LOOP ( 'NONE', ( #144, #1013, #542, #1262 ) ) ;
#2400 = AXIS2_PLACEMENT_3D ( 'NONE', #585, #1964, #1741 ) ;
#2401 = EDGE_LOOP ( 'NONE', ( #2339, #1227, #617, #2244 ) ) ;
#2402 = FACE_OUTER_BOUND ( 'NONE', #773, .T. ) ;
#2403 = CONICAL_SURFACE ( 'NONE', #1112, 0.9499999999999786393, 1.029744258676650759 ) ;
#2404 = LINE ( 'NONE', #1481, #915 ) ;
#2405 = DIRECTION ( 'NONE',  ( -0.9578262852211517631, 0.2873478855663438303, 0.000000000000000000 ) ) ;
#2406 = DIRECTION ( 'NONE',  ( 1.049727191138616354E-16, 0.5150380749100574862, -0.8571673007021104462 ) ) ;
#2407 = AXIS2_PLACEMENT_3D ( 'NONE', #589, #571, #1533 ) ;
#2408 = CARTESIAN_POINT ( 'NONE',  ( 1.300000000000012035, 3.000000000000000000, 106.0000000000000000 ) ) ;
#2409 = FACE_OUTER_BOUND ( 'NONE', #1539, .T. ) ;
#2410 = DIRECTION ( 'NONE',  ( -0.000000000000000000, -0.000000000000000000, -1.000000000000000000 ) ) ;
#2411 = ADVANCED_FACE ( 'NONE', ( #1846 ), #1862, .F. ) ;
#2412 = ORIENTED_EDGE ( 'NONE', *, *, #1866, .F. ) ;
#2413 = VECTOR ( 'NONE', #2552, 1000.000000000000000 ) ;
#2414 = AXIS2_PLACEMENT_3D ( 'NONE', #1502, #2243, #2211 ) ;
#2415 = ORIENTED_EDGE ( 'NONE', *, *, #2136, .F. ) ;
#2416 = DIRECTION ( 'NONE',  ( 1.000000000000000000, 0.000000000000000000, 0.000000000000000000 ) ) ;
#2417 = CARTESIAN_POINT ( 'NONE',  ( 62.00000000000000000, 6.000000000000023093, 112.0000000000000000 ) ) ;
#2418 = ORIENTED_EDGE ( 'NONE', *, *, #1279, .F. ) ;
#2419 = CARTESIAN_POINT ( 'NONE',  ( 57.99999999999998579, 23.89999999999999858, 112.0000000000000000 ) ) ;
#2420 = CARTESIAN_POINT ( 'NONE',  ( 62.00000000000000000, 27.99999999999999645, 97.99999999999994316 ) ) ;
#2421 = AXIS2_PLACEMENT_3D ( 'NONE', #2096, #2591, #2109 ) ;
#2422 = ORIENTED_EDGE ( 'NONE', *, *, #1858, .T. ) ;
#2423 = ORIENTED_EDGE ( 'NONE', *, *, #2006, .T. ) ;
#2424 = AXIS2_PLACEMENT_3D ( 'NONE', #2985, #2808, #1872 ) ;
#2425 = CARTESIAN_POINT ( 'NONE',  ( 62.00000000000000000, 27.99999999999999645, 97.99999999999994316 ) ) ;
#2426 = DIRECTION ( 'NONE',  ( 0.000000000000000000, -1.000000000000000000, 0.000000000000000000 ) ) ;
#2427 = ORIENTED_EDGE ( 'NONE', *, *, #2921, .F. ) ;
#2428 = DIRECTION ( 'NONE',  ( 1.000000000000000000, 0.000000000000000000, 0.000000000000000000 ) ) ;
#2429 = ORIENTED_EDGE ( 'NONE', *, *, #2052, .F. ) ;
#2430 = FACE_OUTER_BOUND ( 'NONE', #748, .T. ) ;
#2431 = CARTESIAN_POINT ( 'NONE',  ( 59.50000000000000711, 6.000000000000023093, 25.87999999999999901 ) ) ;
#2432 = ORIENTED_EDGE ( 'NONE', *, *, #2760, .F. ) ;
#2433 = CARTESIAN_POINT ( 'NONE',  ( 2.000000000000001776, 25.89999999999999858, 2.000000000000000888 ) ) ;
#2434 = LINE ( 'NONE', #1068, #730 ) ;
#2435 = VERTEX_POINT ( 'NONE', #229 ) ;
#2436 = DIRECTION ( 'NONE',  ( -0.000000000000000000, -0.000000000000000000, 1.000000000000000000 ) ) ;
#2437 = ORIENTED_EDGE ( 'NONE', *, *, #1860, .F. ) ;
#2438 = CARTESIAN_POINT ( 'NONE',  ( 60.50000000000000711, 6.000000000000023093, 25.87999999999999901 ) ) ;
#2439 = CARTESIAN_POINT ( 'NONE',  ( 0.000000000000000000, 27.99999999999999645, 2.000000000000000000 ) ) ;
#2440 = AXIS2_PLACEMENT_3D ( 'NONE', #895, #2747, #2776 ) ;
#2441 = ADVANCED_FACE ( 'NONE', ( #2311 ), #1153, .F. ) ;
#2442 = ORIENTED_EDGE ( 'NONE', *, *, #340, .F. ) ;
#2443 = CARTESIAN_POINT ( 'NONE',  ( 62.00000000000000000, 2.000000000000022649, 92.84668806854095635 ) ) ;
#2444 = VECTOR ( 'NONE', #2070, 1000.000000000000000 ) ;
#2445 = EDGE_LOOP ( 'NONE', ( #1280, #344, #938, #942 ) ) ;
#2446 = DIRECTION ( 'NONE',  ( 2.312964634635742957E-16, -1.000000000000000000, -0.000000000000000000 ) ) ;
#2447 = EDGE_CURVE ( 'NONE', #2208, #1117, #706, .T. ) ;
#2448 = CARTESIAN_POINT ( 'NONE',  ( 4.000000000000000888, 22.39999999999999503, 99.99999999999997158 ) ) ;
#2449 = ADVANCED_FACE ( 'NONE', ( #483 ), #1403, .F. ) ;
#2450 = VERTEX_POINT ( 'NONE', #549 ) ;
#2451 = CARTESIAN_POINT ( 'NONE',  ( 33.76000000000000512, 2.000000000000011990, 97.94999999999998863 ) ) ;
#2452 = AXIS2_PLACEMENT_3D ( 'NONE', #2876, #2723, #2428 ) ;
#2453 = FACE_OUTER_BOUND ( 'NONE', #2728, .T. ) ;
#2454 = ORIENTED_EDGE ( 'NONE', *, *, #244, .F. ) ;
#2455 = FILL_AREA_STYLE ('',( #611 ) ) ;
#2456 = LINE ( 'NONE', #1326, #21 ) ;
#2457 = CONICAL_SURFACE ( 'NONE', #1836, 1.699999999999987965, 1.029744258676652313 ) ;
#2458 = FACE_OUTER_BOUND ( 'NONE', #601, .T. ) ;
#2459 = CARTESIAN_POINT ( 'NONE',  ( 59.50000000000000711, 7.000000000000023093, 97.00000000000000000 ) ) ;
#2460 = ORIENTED_EDGE ( 'NONE', *, *, #747, .T. ) ;
#2461 = EDGE_CURVE ( 'NONE', #2976, #1911, #1451, .T. ) ;
#2462 = CARTESIAN_POINT ( 'NONE',  ( 57.00000000000000000, 2.000000000000017319, 25.87999999999999901 ) ) ;
#2463 = ORIENTED_EDGE ( 'NONE', *, *, #2078, .T. ) ;
#2464 = CARTESIAN_POINT ( 'NONE',  ( 57.00000000000000000, 5.000000000000022204, 25.87999999999999901 ) ) ;
#2465 = DIRECTION ( 'NONE',  ( -0.7071067811865425767, 0.000000000000000000, 0.7071067811865525687 ) ) ;
#2466 = AXIS2_PLACEMENT_3D ( 'NONE', #2908, #628, #1765 ) ;
#2467 = VERTEX_POINT ( 'NONE', #1447 ) ;
#2468 = DIRECTION ( 'NONE',  ( 2.312964634635742957E-16, -1.000000000000000000, -0.000000000000000000 ) ) ;
#2469 = LINE ( 'NONE', #595, #975 ) ;
#2470 = ORIENTED_EDGE ( 'NONE', *, *, #2079, .F. ) ;
#2471 = STYLED_ITEM ( 'NONE', ( #659 ), #48 ) ;
#2472 = DIRECTION ( 'NONE',  ( -0.000000000000000000, 1.000000000000000000, -0.000000000000000000 ) ) ;
#2473 = DIRECTION ( 'NONE',  ( 0.7071067811865425767, 1.635512977795587741E-16, 0.7071067811865525687 ) ) ;
#2474 = FACE_OUTER_BOUND ( 'NONE', #907, .T. ) ;
#2475 = DIRECTION ( 'NONE',  ( -1.000000000000000000, 0.000000000000000000, 0.000000000000000000 ) ) ;
#2476 = VECTOR ( 'NONE', #2848, 999.9999999999998863 ) ;
#2477 = ORIENTED_EDGE ( 'NONE', *, *, #2189, .T. ) ;
#2478 = CYLINDRICAL_SURFACE ( 'NONE', #1832, 0.9499999999999786393 ) ;
#2479 = EDGE_CURVE ( 'NONE', #1847, #2540, #1711, .T. ) ;
#2480 = VERTEX_POINT ( 'NONE', #1462 ) ;
#2481 = DIRECTION ( 'NONE',  ( -1.000000000000000000, 0.000000000000000000, -0.000000000000000000 ) ) ;
#2482 = LINE ( 'NONE', #2874, #2651 ) ;
#2483 = EDGE_CURVE ( 'NONE', #2069, #363, #727, .T. ) ;
#2484 = EDGE_CURVE ( 'NONE', #2197, #1130, #737, .T. ) ;
#2485 = ORIENTED_EDGE ( 'NONE', *, *, #1218, .T. ) ;
#2486 = CARTESIAN_POINT ( 'NONE',  ( 2.000000000000001776, 23.89999999999999858, 112.0000000000000000 ) ) ;
#2487 = DIRECTION ( 'NONE',  ( 0.000000000000000000, 0.000000000000000000, -1.000000000000000000 ) ) ;
#2488 = CARTESIAN_POINT ( 'NONE',  ( 37.26000000000000512, 6.000000000000017764, 25.87999999999999901 ) ) ;
#2489 = LINE ( 'NONE', #1560, #2769 ) ;
#2490 = DIRECTION ( 'NONE',  ( 0.000000000000000000, -1.000000000000000000, 0.000000000000000000 ) ) ;
#2491 = EDGE_CURVE ( 'NONE', #635, #1182, #972, .T. ) ;
#2492 = DIRECTION ( 'NONE',  ( 1.000000000000000000, 0.000000000000000000, 0.000000000000000000 ) ) ;
#2493 = EDGE_CURVE ( 'NONE', #496, #955, #2627, .T. ) ;
#2494 = ORIENTED_EDGE ( 'NONE', *, *, #583, .T. ) ;
#2495 = CARTESIAN_POINT ( 'NONE',  ( 30.26000000000000156, 6.000000000000015987, 97.00000000000000000 ) ) ;
#2496 = VECTOR ( 'NONE', #1407, 1000.000000000000000 ) ;
#2497 = ORIENTED_EDGE ( 'NONE', *, *, #1017, .F. ) ;
#2498 = ORIENTED_EDGE ( 'NONE', *, *, #29, .F. ) ;
#2499 = AXIS2_PLACEMENT_3D ( 'NONE', #985, #2826, #1446 ) ;
#2500 = CARTESIAN_POINT ( 'NONE',  ( 57.00000000000000000, 7.000000000000023981, 97.00000000000000000 ) ) ;
#2501 = CARTESIAN_POINT ( 'NONE',  ( 59.83341833009330202, 3.018553406765158709, 100.1665816699066909 ) ) ;
#2502 = UNCERTAINTY_MEASURE_WITH_UNIT (LENGTH_MEASURE( 1.000000000000000082E-05 ), #503, 'distance_accuracy_value', 'NONE');
#2503 = CIRCLE ( 'NONE', #376, 2.500000000000002220 ) ;
#2504 = DIRECTION ( 'NONE',  ( 0.000000000000000000, 0.000000000000000000, 1.000000000000000000 ) ) ;
#2505 = DIRECTION ( 'NONE',  ( 0.000000000000000000, 0.000000000000000000, 1.000000000000000000 ) ) ;
#2506 = DIRECTION ( 'NONE',  ( -8.673617379884035472E-16, 1.000000000000000000, -0.000000000000000000 ) ) ;
#2507 = ORIENTED_EDGE ( 'NONE', *, *, #1412, .T. ) ;
#2508 = DIRECTION ( 'NONE',  ( 0.000000000000000000, 1.000000000000000000, 0.000000000000000000 ) ) ;
#2509 = EDGE_CURVE ( 'NONE', #1669, #2138, #2583, .T. ) ;
#2510 = ORIENTED_EDGE ( 'NONE', *, *, #603, .F. ) ;
#2511 = EDGE_LOOP ( 'NONE', ( #524, #2926, #2188, #2333 ) ) ;
#2512 = CARTESIAN_POINT ( 'NONE',  ( 33.76000000000000512, 7.000000000000016875, 25.87999999999999901 ) ) ;
#2513 = LINE ( 'NONE', #657, #1170 ) ;
#2514 = AXIS2_PLACEMENT_3D ( 'NONE', #2724, #170, #2200 ) ;
#2515 = AXIS2_PLACEMENT_3D ( 'NONE', #2700, #1052, #1323 ) ;
#2516 = CARTESIAN_POINT ( 'NONE',  ( 30.26000000000000156, 5.000000000000015987, 25.87999999999999901 ) ) ;
#2517 = FACE_OUTER_BOUND ( 'NONE', #452, .T. ) ;
#2518 = ORIENTED_EDGE ( 'NONE', *, *, #2750, .F. ) ;
#2519 = EDGE_CURVE ( 'NONE', #256, #1018, #1720, .T. ) ;
#2520 = DIRECTION ( 'NONE',  ( 0.000000000000000000, 0.000000000000000000, 1.000000000000000000 ) ) ;
#2521 = VECTOR ( 'NONE', #1142, 1000.000000000000000 ) ;
#2522 = VERTEX_POINT ( 'NONE', #2127 ) ;
#2523 = CIRCLE ( 'NONE', #499, 6.499999999999999112 ) ;
#2524 = DIRECTION ( 'NONE',  ( -1.000000000000000000, -1.156482317317871725E-16, 1.138269997360109674E-16 ) ) ;
#2525 = EDGE_CURVE ( 'NONE', #528, #2392, #2161, .T. ) ;
#2526 = ORIENTED_EDGE ( 'NONE', *, *, #1940, .F. ) ;
#2527 = CARTESIAN_POINT ( 'NONE',  ( 53.50000000000000000, 7.000000000000021316, 97.00000000000000000 ) ) ;
#2528 = DIRECTION ( 'NONE',  ( 1.000000000000000000, 0.000000000000000000, 0.000000000000000000 ) ) ;
#2529 = PRODUCT_DEFINITION_CONTEXT ( 'detailed design', #1010, 'design' ) ;
#2530 = CARTESIAN_POINT ( 'NONE',  ( 57.00000000000000000, 2.000000000000017319, 25.87999999999999901 ) ) ;
#2531 = CARTESIAN_POINT ( 'NONE',  ( 57.00000000000000000, 6.000000000000022204, 97.00000000000000000 ) ) ;
#2532 = CARTESIAN_POINT ( 'NONE',  ( 57.00000000000000000, 2.000000000000017319, 97.00000000000000000 ) ) ;
#2533 = EDGE_LOOP ( 'NONE', ( #2235, #756 ) ) ;
#2534 = DIRECTION ( 'NONE',  ( 1.000000000000000000, 2.312964634635742957E-16, 0.000000000000000000 ) ) ;
#2535 = CARTESIAN_POINT ( 'NONE',  ( 62.69999999999998863, 20.89999999999999503, 106.0000000000000000 ) ) ;
#2536 = EDGE_CURVE ( 'NONE', #336, #2818, #2175, .T. ) ;
#2537 = VERTEX_POINT ( 'NONE', #49 ) ;
#2538 = CARTESIAN_POINT ( 'NONE',  ( 2.000000000000001776, 23.89999999999999858, 112.0000000000000000 ) ) ;
#2539 = PRODUCT_RELATED_PRODUCT_CATEGORY ( 'part', '', ( #1177 ) ) ;
#2540 = VERTEX_POINT ( 'NONE', #1238 ) ;
#2541 = DIRECTION ( 'NONE',  ( 1.000000000000000000, 0.000000000000000000, 0.000000000000000000 ) ) ;
#2542 = DIRECTION ( 'NONE',  ( -1.156482317317871725E-16, 1.000000000000000000, -0.000000000000000000 ) ) ;
#2543 = EDGE_CURVE ( 'NONE', #863, #2553, #968, .T. ) ;
#2544 = EDGE_CURVE ( 'NONE', #69, #2549, #245, .T. ) ;
#2545 = DIRECTION ( 'NONE',  ( -1.000000000000000000, 0.000000000000000000, 0.000000000000000000 ) ) ;
#2546 = CARTESIAN_POINT ( 'NONE',  ( 62.00000000000000000, 25.89999999999999147, 112.0000000000000000 ) ) ;
#2547 = DIRECTION ( 'NONE',  ( 1.000000000000000000, 0.000000000000000000, 0.000000000000000000 ) ) ;
#2548 = VECTOR ( 'NONE', #2567, 1000.000000000000000 ) ;
#2549 = VERTEX_POINT ( 'NONE', #1665 ) ;
#2550 = CIRCLE ( 'NONE', #426, 1.000000000000000888 ) ;
#2551 = CARTESIAN_POINT ( 'NONE',  ( 2.999999999999998224, 3.000000000000000000, 104.9785369476531542 ) ) ;
#2552 = DIRECTION ( 'NONE',  ( -0.000000000000000000, -0.000000000000000000, -1.000000000000000000 ) ) ;
#2553 = VERTEX_POINT ( 'NONE', #1908 ) ;
#2554 = CARTESIAN_POINT ( 'NONE',  ( 57.00000000000000000, 2.000000000000017319, 26.82999999999998408 ) ) ;
#2555 = AXIS2_PLACEMENT_3D ( 'NONE', #1082, #112, #2647 ) ;
#2556 = ORIENTED_EDGE ( 'NONE', *, *, #2635, .F. ) ;
#2557 = DIRECTION ( 'NONE',  ( 0.000000000000000000, -1.000000000000000000, 0.000000000000000000 ) ) ;
#2558 = B_SPLINE_CURVE_WITH_KNOTS ( 'NONE', 3,
 ( #60, #2606, #1705, #792, #278, #981, #295, #2622 ),
 .UNSPECIFIED., .F., .F.,
 ( 4, 2, 2, 4 ),
 ( 0.004179386432162901163, 0.005227636361716784912, 0.006275886291270668660, 0.008372386150378436157 ),
 .UNSPECIFIED. ) ;
#2559 = CARTESIAN_POINT ( 'NONE',  ( 2.000000000000001776, 6.000000000000015987, 112.0000000000000000 ) ) ;
#2560 = CARTESIAN_POINT ( 'NONE',  ( 60.00000000000000000, 22.39999999999999503, 1.999999999999988010 ) ) ;
#2561 = AXIS2_PLACEMENT_3D ( 'NONE', #321, #1195, #795 ) ;
#2562 = CARTESIAN_POINT ( 'NONE',  ( 4.699999999999989519, 20.89999999999999503, 112.0000000000000000 ) ) ;
#2563 = DIRECTION ( 'NONE',  ( 2.312964634635742957E-16, -1.000000000000000000, -0.000000000000000000 ) ) ;
#2564 = CIRCLE ( 'NONE', #2810, 1.000000000000000888 ) ;
#2565 = ORIENTED_EDGE ( 'NONE', *, *, #2269, .T. ) ;
#2566 = CARTESIAN_POINT ( 'NONE',  ( 62.00000000000000711, 2.401923788646709301, 25.53486962165855445 ) ) ;
#2567 = DIRECTION ( 'NONE',  ( 0.8571673007021121116, 0.000000000000000000, 0.5150380749100544886 ) ) ;
#2568 = EDGE_LOOP ( 'NONE', ( #1430, #2922, #246, #186 ) ) ;
#2569 = ORIENTED_EDGE ( 'NONE', *, *, #654, .T. ) ;
#2570 = VECTOR ( 'NONE', #2364, 1000.000000000000000 ) ;
#2571 = DIRECTION ( 'NONE',  ( -1.156482317317871725E-16, 1.000000000000000000, -0.000000000000000000 ) ) ;
#2572 = VECTOR ( 'NONE', #2473, 999.9999999999998863 ) ;
#2573 = ORIENTED_EDGE ( 'NONE', *, *, #594, .T. ) ;
#2574 = DIRECTION ( 'NONE',  ( -0.000000000000000000, -0.000000000000000000, 1.000000000000000000 ) ) ;
#2575 = CARTESIAN_POINT ( 'NONE',  ( 2.000000000000003109, 25.89999999999999858, 112.0000000000000000 ) ) ;
#2576 = ADVANCED_FACE ( 'NONE', ( #2827 ), #751, .F. ) ;
#2577 = DIRECTION ( 'NONE',  ( -1.000000000000000000, -2.478176394252579169E-16, 0.000000000000000000 ) ) ;
#2578 = LINE ( 'NONE', #995, #1971 ) ;
#2579 = EDGE_CURVE ( 'NONE', #118, #2012, #1015, .T. ) ;
#2580 = EDGE_LOOP ( 'NONE', ( #2395, #481, #2585, #2648, #1298 ) ) ;
#2581 = EDGE_CURVE ( 'NONE', #1952, #1486, #2146, .T. ) ;
#2582 = FACE_OUTER_BOUND ( 'NONE', #1098, .T. ) ;
#2583 = LINE ( 'NONE', #766, #1802 ) ;
#2584 = EDGE_CURVE ( 'NONE', #956, #2125, #537, .T. ) ;
#2585 = ORIENTED_EDGE ( 'NONE', *, *, #885, .T. ) ;
#2586 = EDGE_LOOP ( 'NONE', ( #2041, #576, #1321, #1579 ) ) ;
#2587 = ORIENTED_EDGE ( 'NONE', *, *, #2584, .T. ) ;
#2588 = CARTESIAN_POINT ( 'NONE',  ( 33.76000000000000512, 7.000000000000016875, 97.00000000000000000 ) ) ;
#2589 = DIRECTION ( 'NONE',  ( 0.000000000000000000, 0.000000000000000000, 1.000000000000000000 ) ) ;
#2590 = VECTOR ( 'NONE', #1616, 999.9999999999998863 ) ;
#2591 = DIRECTION ( 'NONE',  ( -2.168404344971006896E-16, 1.000000000000000000, 0.000000000000000000 ) ) ;
#2592 = CARTESIAN_POINT ( 'NONE',  ( 57.00000000000000000, 2.000000000000017319, 96.05000000000002558 ) ) ;
#2593 = ORIENTED_EDGE ( 'NONE', *, *, #2836, .F. ) ;
#2594 = DIRECTION ( 'NONE',  ( -1.445602896647339656E-16, 1.000000000000000000, -0.000000000000000000 ) ) ;
#2595 = DIRECTION ( 'NONE',  ( 0.000000000000000000, 0.000000000000000000, -1.000000000000000000 ) ) ;
#2596 = ORIENTED_EDGE ( 'NONE', *, *, #2006, .F. ) ;
#2597 = VECTOR ( 'NONE', #188, 1000.000000000000000 ) ;
#2598 = VERTEX_POINT ( 'NONE', #780 ) ;
#2599 = EDGE_CURVE ( 'NONE', #1525, #309, #811, .T. ) ;
#2600 = ORIENTED_EDGE ( 'NONE', *, *, #1699, .F. ) ;
#2601 = AXIS2_PLACEMENT_3D ( 'NONE', #2374, #2150, #330 ) ;
#2602 = CARTESIAN_POINT ( 'NONE',  ( 2.000000000000001776, 23.89999999999999858, 1.999999999999999556 ) ) ;
#2603 = CARTESIAN_POINT ( 'NONE',  ( 37.26000000000000512, 5.000000000000017764, 97.00000000000000000 ) ) ;
#2604 = EDGE_LOOP ( 'NONE', ( #1026, #1831, #297, #2679, #96, #1622, #619, #826 ) ) ;
#2605 = FACE_OUTER_BOUND ( 'NONE', #1001, .T. ) ;
#2606 = CARTESIAN_POINT ( 'NONE',  ( 62.00000000000000711, 2.401923788646708413, 26.22625455258138416 ) ) ;
#2607 = EDGE_LOOP ( 'NONE', ( #217, #1663, #2460, #2418 ) ) ;
#2608 = CARTESIAN_POINT ( 'NONE',  ( 33.76000000000000512, 7.000000000000016875, 97.00000000000000000 ) ) ;
#2609 = AXIS2_PLACEMENT_3D ( 'NONE', #146, #2004, #2487 ) ;
#2610 = DIRECTION ( 'NONE',  ( -1.000000000000000000, 0.000000000000000000, -0.000000000000000000 ) ) ;
#2611 = EDGE_CURVE ( 'NONE', #1952, #1268, #1994, .T. ) ;
#2612 = EDGE_CURVE ( 'NONE', #501, #2852, #1985, .T. ) ;
#2613 = ORIENTED_EDGE ( 'NONE', *, *, #2611, .T. ) ;
#2614 = CONICAL_SURFACE ( 'NONE', #931, 0.9499999999999855227, 1.029744258676650759 ) ;
#2615 = VERTEX_POINT ( 'NONE', #152 ) ;
#2616 = DIRECTION ( 'NONE',  ( 2.312964634635742957E-16, -1.000000000000000000, -0.000000000000000000 ) ) ;
#2617 = ADVANCED_FACE ( 'NONE', ( #2899 ), #2915, .T. ) ;
#2618 = FACE_OUTER_BOUND ( 'NONE', #1092, .T. ) ;
#2619 = AXIS2_PLACEMENT_3D ( 'NONE', #2981, #1380, #2740 ) ;
#2620 = VERTEX_POINT ( 'NONE', #847 ) ;
#2621 = DIRECTION ( 'NONE',  ( 1.000000000000000000, 1.210272192541958616E-16, 0.000000000000000000 ) ) ;
#2622 = CARTESIAN_POINT ( 'NONE',  ( 62.00000000000000000, 2.000000000000022649, 30.03331193145904265 ) ) ;
#2623 = VECTOR ( 'NONE', #1457, 1000.000000000000000 ) ;
#2624 = ORIENTED_EDGE ( 'NONE', *, *, #715, .T. ) ;
#2625 = VERTEX_POINT ( 'NONE', #1264 ) ;
#2626 = DIRECTION ( 'NONE',  ( 0.000000000000000000, 1.000000000000000000, 0.000000000000000000 ) ) ;
#2627 = LINE ( 'NONE', #1948, #103 ) ;
#2628 = EDGE_LOOP ( 'NONE', ( #1837, #1284, #2613, #392 ) ) ;
#2629 = EDGE_CURVE ( 'NONE', #739, #2537, #2036, .T. ) ;
#2630 = EDGE_LOOP ( 'NONE', ( #703, #411, #834, #267 ) ) ;
#2631 = DIRECTION ( 'NONE',  ( -0.000000000000000000, 1.000000000000000000, -0.000000000000000000 ) ) ;
#2632 = DIRECTION ( 'NONE',  ( 2.312964634635742957E-16, -1.000000000000000000, -0.000000000000000000 ) ) ;
#2633 = CARTESIAN_POINT ( 'NONE',  ( 2.000000000000001776, 2.000000000000008882, 112.0000000000000000 ) ) ;
#2634 = FACE_OUTER_BOUND ( 'NONE', #341, .T. ) ;
#2635 = EDGE_CURVE ( 'NONE', #2818, #336, #1935, .T. ) ;
#2636 = ORIENTED_EDGE ( 'NONE', *, *, #783, .F. ) ;
#2637 = VECTOR ( 'NONE', #218, 1000.000000000000000 ) ;
#2638 = EDGE_LOOP ( 'NONE', ( #110, #1593 ) ) ;
#2639 = DIRECTION ( 'NONE',  ( 0.000000000000000000, 0.000000000000000000, 1.000000000000000000 ) ) ;
#2640 = CARTESIAN_POINT ( 'NONE',  ( 57.99999999999999289, 2.347217747966091839, 102.0000000000000142 ) ) ;
#2641 = CIRCLE ( 'NONE', #615, 3.500000000000003109 ) ;
#2642 = EDGE_LOOP ( 'NONE', ( #1595, #884, #2911, #1683, #2600, #1655 ) ) ;
#2643 = AXIS2_PLACEMENT_3D ( 'NONE', #498, #924, #1420 ) ;
#2644 = VERTEX_POINT ( 'NONE', #136 ) ;
#2645 = CARTESIAN_POINT ( 'NONE',  ( 62.00000000000000000, 27.99999999999999645, 112.0000000000000000 ) ) ;
#2646 = AXIS2_PLACEMENT_3D ( 'NONE', #1174, #946, #2831 ) ;
#2647 = DIRECTION ( 'NONE',  ( 1.000000000000000000, 2.312964634635742957E-16, 0.000000000000000000 ) ) ;
#2648 = ORIENTED_EDGE ( 'NONE', *, *, #1675, .F. ) ;
#2649 = CARTESIAN_POINT ( 'NONE',  ( 57.00000000000000000, 2.000000000000017319, 25.87999999999999901 ) ) ;
#2650 = CARTESIAN_POINT ( 'NONE',  ( 57.00000000000000000, 5.000000000000022204, 97.00000000000000000 ) ) ;
#2651 = VECTOR ( 'NONE', #800, 999.9999999999998863 ) ;
#2652 = ORIENTED_EDGE ( 'NONE', *, *, #2792, .F. ) ;
#2653 = ORIENTED_EDGE ( 'NONE', *, *, #883, .T. ) ;
#2654 = PLANE ( 'NONE',  #1482 ) ;
#2655 = DIRECTION ( 'NONE',  ( -1.000000000000000000, 0.000000000000000000, 0.000000000000000000 ) ) ;
#2656 = VERTEX_POINT ( 'NONE', #1772 ) ;
#2657 = VECTOR ( 'NONE', #183, 1000.000000000000000 ) ;
#2658 = LINE ( 'NONE', #422, #2597 ) ;
#2659 = ORIENTED_EDGE ( 'NONE', *, *, #159, .F. ) ;
#2660 = DIRECTION ( 'NONE',  ( 0.000000000000000000, 0.000000000000000000, 1.000000000000000000 ) ) ;
#2661 = CARTESIAN_POINT ( 'NONE',  ( 62.00000000000000000, 22.39999999999999503, 97.99999999999994316 ) ) ;
#2662 = ORIENTED_EDGE ( 'NONE', *, *, #31, .T. ) ;
#2663 = DIRECTION ( 'NONE',  ( 2.312964634635742957E-16, -1.000000000000000000, -0.000000000000000000 ) ) ;
#2664 = DIRECTION ( 'NONE',  ( -1.000000000000000000, 0.000000000000000000, 0.000000000000000000 ) ) ;
#2665 = AXIS2_PLACEMENT_3D ( 'NONE', #43, #2123, #58 ) ;
#2666 = EDGE_CURVE ( 'NONE', #1373, #2264, #2187, .T. ) ;
#2667 = AXIS2_PLACEMENT_3D ( 'NONE', #1352, #900, #1583 ) ;
#2668 = CARTESIAN_POINT ( 'NONE',  ( 3.000000000000000000, 3.000000000000000000, 106.0000000000000000 ) ) ;
#2669 = EDGE_LOOP ( 'NONE', ( #1080, #1751, #2283, #2143 ) ) ;
#2670 = AXIS2_PLACEMENT_3D ( 'NONE', #1827, #685, #1615 ) ;
#2671 = FACE_BOUND ( 'NONE', #857, .T. ) ;
#2672 = CARTESIAN_POINT ( 'NONE',  ( 57.00000000000000000, 5.000000000000022204, 25.87999999999999901 ) ) ;
#2673 = DIRECTION ( 'NONE',  ( -0.000000000000000000, 0.000000000000000000, -1.000000000000000000 ) ) ;
#2674 = ADVANCED_FACE ( 'NONE', ( #1962, #1806 ), #1739, .T. ) ;
#2675 = ADVANCED_FACE ( 'NONE', ( #2688 ), #1543, .F. ) ;
#2676 = ORIENTED_EDGE ( 'NONE', *, *, #2954, .T. ) ;
#2677 = EDGE_CURVE ( 'NONE', #133, #778, #1357, .T. ) ;
#2678 = CARTESIAN_POINT ( 'NONE',  ( 0.000000000000000000, 0.000000000000000000, 112.0000000000000000 ) ) ;
#2679 = ORIENTED_EDGE ( 'NONE', *, *, #1035, .F. ) ;
#2680 = CARTESIAN_POINT ( 'NONE',  ( 33.76000000000000512, 2.000000000000011990, 97.00000000000000000 ) ) ;
#2681 = DIRECTION ( 'NONE',  ( 0.000000000000000000, -1.000000000000000000, 0.000000000000000000 ) ) ;
#2682 = ORIENTED_EDGE ( 'NONE', *, *, #75, .T. ) ;
#2683 = DIRECTION ( 'NONE',  ( 0.000000000000000000, 0.000000000000000000, 1.000000000000000000 ) ) ;
#2684 = CARTESIAN_POINT ( 'NONE',  ( 3.000000000000000000, 3.000000000000000000, 106.0000000000000000 ) ) ;
#2685 = DIRECTION ( 'NONE',  ( 0.000000000000000000, 0.000000000000000000, 1.000000000000000000 ) ) ;
#2686 = DIRECTION ( 'NONE',  ( 0.000000000000000000, -0.000000000000000000, 1.000000000000000000 ) ) ;
#2687 = CARTESIAN_POINT ( 'NONE',  ( 0.000000000000000000, 0.000000000000000000, 112.0000000000000000 ) ) ;
#2688 = FACE_OUTER_BOUND ( 'NONE', #2356, .T. ) ;
#2689 = CONICAL_SURFACE ( 'NONE', #2299, 1.699999999999987965, 1.029744258676652313 ) ;
#2690 = ORIENTED_EDGE ( 'NONE', *, *, #2581, .F. ) ;
#2691 = ORIENTED_EDGE ( 'NONE', *, *, #1070, .T. ) ;
#2692 = FACE_OUTER_BOUND ( 'NONE', #2241, .T. ) ;
#2693 = VECTOR ( 'NONE', #2328, 1000.000000000000000 ) ;
#2694 = VERTEX_POINT ( 'NONE', #2459 ) ;
#2695 = CARTESIAN_POINT ( 'NONE',  ( 57.00000000000000000, 2.000000000000017319, 97.94999999999998863 ) ) ;
#2696 = DIRECTION ( 'NONE',  ( -0.000000000000000000, 1.000000000000000000, -0.000000000000000000 ) ) ;
#2697 = AXIS2_PLACEMENT_3D ( 'NONE', #1702, #2616, #1241 ) ;
#2698 = ORIENTED_EDGE ( 'NONE', *, *, #877, .T. ) ;
#2699 = PLANE ( 'NONE',  #2619 ) ;
#2700 = CARTESIAN_POINT ( 'NONE',  ( 57.00000000000000000, 7.000000000000022204, 97.00000000000000000 ) ) ;
#2701 = ORIENTED_EDGE ( 'NONE', *, *, #287, .F. ) ;
#2702 = CARTESIAN_POINT ( 'NONE',  ( 57.99999999999998579, 23.89999999999999858, 102.0000000000000142 ) ) ;
#2703 = CARTESIAN_POINT ( 'NONE',  ( 33.76000000000000512, 7.000000000000018652, 97.00000000000000000 ) ) ;
#2704 = FACE_OUTER_BOUND ( 'NONE', #2372, .T. ) ;
#2705 = EDGE_CURVE ( 'NONE', #2012, #1452, #2706, .T. ) ;
#2706 = LINE ( 'NONE', #388, #2321 ) ;
#2707 = ORIENTED_EDGE ( 'NONE', *, *, #84, .F. ) ;
#2708 = EDGE_CURVE ( 'NONE', #360, #1130, #1310, .T. ) ;
#2709 = DIRECTION ( 'NONE',  ( 0.000000000000000000, 0.000000000000000000, 1.000000000000000000 ) ) ;
#2710 = EDGE_CURVE ( 'NONE', #2069, #1890, #439, .T. ) ;
#2711 = VECTOR ( 'NONE', #2520, 1000.000000000000000 ) ;
#2712 = ORIENTED_EDGE ( 'NONE', *, *, #476, .T. ) ;
#2713 = CARTESIAN_POINT ( 'NONE',  ( 2.000000000000001776, 23.89999999999999858, 112.0000000000000000 ) ) ;
#2714 = PLANE ( 'NONE',  #98 ) ;
#2715 = CIRCLE ( 'NONE', #106, 2.500000000000002220 ) ;
#2716 = ADVANCED_FACE ( 'NONE', ( #2233 ), #1789, .F. ) ;
#2717 = ORIENTED_EDGE ( 'NONE', *, *, #1767, .F. ) ;
#2718 = CARTESIAN_POINT ( 'NONE',  ( 62.69999999999998863, 20.89999999999999503, 112.0000000000000000 ) ) ;
#2719 = DIRECTION ( 'NONE',  ( -0.000000000000000000, 1.000000000000000000, -0.000000000000000000 ) ) ;
#2720 = AXIS2_PLACEMENT_3D ( 'NONE', #2038, #2970, #903 ) ;
#2721 = CARTESIAN_POINT ( 'NONE',  ( 9.000000000000028422, 23.89999999999999858, 105.0000000000000853 ) ) ;
#2722 = DIRECTION ( 'NONE',  ( 0.000000000000000000, 0.000000000000000000, 1.000000000000000000 ) ) ;
#2723 = DIRECTION ( 'NONE',  ( -0.000000000000000000, -0.000000000000000000, 1.000000000000000000 ) ) ;
#2724 = CARTESIAN_POINT ( 'NONE',  ( 62.00000000000000000, 27.99999999999999645, 97.99999999999994316 ) ) ;
#2725 = CIRCLE ( 'NONE', #2137, 3.500000000000003109 ) ;
#2726 = VERTEX_POINT ( 'NONE', #1562 ) ;
#2727 = CARTESIAN_POINT ( 'NONE',  ( 4.000000000000000888, 1.500000000000008660, 15.79999999999999538 ) ) ;
#2728 = EDGE_LOOP ( 'NONE', ( #1136, #444 ) ) ;
#2729 = VERTEX_POINT ( 'NONE', #1979 ) ;
#2730 = DIRECTION ( 'NONE',  ( -0.7071067811865474617, 0.000000000000000000, 0.7071067811865474617 ) ) ;
#2731 = CARTESIAN_POINT ( 'NONE',  ( 62.00000000000000000, 2.000000000000022649, 2.000000000000000000 ) ) ;
#2732 = EDGE_CURVE ( 'NONE', #778, #2884, #1214, .T. ) ;
#2733 = CARTESIAN_POINT ( 'NONE',  ( 59.30000000000000426, 3.000000000000000000, 106.0000000000000000 ) ) ;
#2734 = DIRECTION ( 'NONE',  ( 1.000000000000000000, 1.445602896647339656E-16, -0.000000000000000000 ) ) ;
#2735 = VERTEX_POINT ( 'NONE', #600 ) ;
#2736 = LINE ( 'NONE', #435, #575 ) ;
#2737 = ORIENTED_EDGE ( 'NONE', *, *, #2483, .F. ) ;
#2738 = CARTESIAN_POINT ( 'NONE',  ( 33.76000000000000512, 6.000000000000016875, 25.87999999999999901 ) ) ;
#2739 = ORIENTED_EDGE ( 'NONE', *, *, #2268, .T. ) ;
#2740 = DIRECTION ( 'NONE',  ( 0.000000000000000000, 1.000000000000000000, 0.000000000000000000 ) ) ;
#2741 = LINE ( 'NONE', #2982, #338 ) ;
#2742 = ADVANCED_FACE ( 'NONE', ( #1490 ), #420, .F. ) ;
#2743 = AXIS2_PLACEMENT_3D ( 'NONE', #2917, #358, #2709 ) ;
#2744 = CARTESIAN_POINT ( 'NONE',  ( 61.00000000000000000, 20.89999999999999503, 112.0000000000000000 ) ) ;
#2745 = LINE ( 'NONE', #674, #1133 ) ;
#2746 = TOROIDAL_SURFACE ( 'NONE', #759, 6.500000000000000888, 3.000000000000000000 ) ;
#2747 = DIRECTION ( 'NONE',  ( -0.000000000000000000, -0.000000000000000000, 1.000000000000000000 ) ) ;
#2748 = VECTOR ( 'NONE', #1438, 1000.000000000000114 ) ;
#2749 = ORIENTED_EDGE ( 'NONE', *, *, #654, .F. ) ;
#2750 = EDGE_CURVE ( 'NONE', #2537, #951, #1870, .T. ) ;
#2751 = CARTESIAN_POINT ( 'NONE',  ( 54.50000000000000000, 6.000000000000021316, 97.00000000000000000 ) ) ;
#2752 = ORIENTED_EDGE ( 'NONE', *, *, #216, .F. ) ;
#2753 = CARTESIAN_POINT ( 'NONE',  ( 4.000000000000000888, 2.000000000000008882, 15.79999999999999538 ) ) ;
#2754 = ORIENTED_EDGE ( 'NONE', *, *, #1791, .T. ) ;
#2755 = LINE ( 'NONE', #428, #2865 ) ;
#2756 = DIRECTION ( 'NONE',  ( 1.000000000000000000, 1.210272192541958616E-16, 0.000000000000000000 ) ) ;
#2757 = AXIS2_PLACEMENT_3D ( 'NONE', #581, #1107, #861 ) ;
#2758 = DIRECTION ( 'NONE',  ( -1.000000000000000000, -2.312964634635742957E-16, 0.000000000000000000 ) ) ;
#2759 = LINE ( 'NONE', #718, #166 ) ;
#2760 = EDGE_CURVE ( 'NONE', #1652, #1807, #1587, .T. ) ;
#2761 = DIRECTION ( 'NONE',  ( -0.000000000000000000, -0.000000000000000000, 1.000000000000000000 ) ) ;
#2762 = MECHANICAL_DESIGN_GEOMETRIC_PRESENTATION_REPRESENTATION (  '', ( #2471 ), #1176 ) ;
#2763 = EDGE_LOOP ( 'NONE', ( #1335, #1406, #2354, #2796 ) ) ;
#2764 = DIRECTION ( 'NONE',  ( -0.000000000000000000, -0.000000000000000000, 1.000000000000000000 ) ) ;
#2765 = DIRECTION ( 'NONE',  ( -0.000000000000000000, 1.000000000000000000, -0.000000000000000000 ) ) ;
#2766 = AXIS2_PLACEMENT_3D ( 'NONE', #1158, #1437, #23 ) ;
#2767 = ADVANCED_FACE ( 'NONE', ( #2972 ), #1857, .F. ) ;
#2768 = ORIENTED_EDGE ( 'NONE', *, *, #2131, .T. ) ;
#2769 = VECTOR ( 'NONE', #2214, 1000.000000000000000 ) ;
#2770 = DIRECTION ( 'NONE',  ( 0.000000000000000000, 0.000000000000000000, 1.000000000000000000 ) ) ;
#2771 = ORIENTED_EDGE ( 'NONE', *, *, #2543, .F. ) ;
#2772 = CARTESIAN_POINT ( 'NONE',  ( 61.00000000000000000, 20.89999999999999503, 106.0000000000000000 ) ) ;
#2773 = CARTESIAN_POINT ( 'NONE',  ( 59.15307993407606091, 2.852356297361485549, 100.8469200659239107 ) ) ;
#2774 = LINE ( 'NONE', #1189, #209 ) ;
#2775 = CARTESIAN_POINT ( 'NONE',  ( 62.00000000000000000, 6.000000000000023093, 97.99999999999994316 ) ) ;
#2776 = DIRECTION ( 'NONE',  ( 1.000000000000000000, 0.000000000000000000, 0.000000000000000000 ) ) ;
#2777 = ORIENTED_EDGE ( 'NONE', *, *, #1755, .F. ) ;
#2778 = DIRECTION ( 'NONE',  ( 2.312964634635742957E-16, -1.000000000000000000, 0.000000000000000000 ) ) ;
#2779 = DIRECTION ( 'NONE',  ( 0.000000000000000000, 0.000000000000000000, 1.000000000000000000 ) ) ;
#2780 = EDGE_LOOP ( 'NONE', ( #1236, #741, #825, #1849 ) ) ;
#2781 = LINE ( 'NONE', #2753, #2496 ) ;
#2782 = AXIS2_PLACEMENT_3D ( 'NONE', #449, #950, #2291 ) ;
#2783 = ORIENTED_EDGE ( 'NONE', *, *, #1318, .T. ) ;
#2784 = DIRECTION ( 'NONE',  ( -5.782411586589352708E-16, 1.000000000000000000, 5.782411586589433567E-16 ) ) ;
#2785 = CARTESIAN_POINT ( 'NONE',  ( 59.92175599283718412, 3.024474560476858365, 100.0782440071627803 ) ) ;
#2786 = CIRCLE ( 'NONE', #1152, 3.500000000000003109 ) ;
#2787 = FACE_OUTER_BOUND ( 'NONE', #2568, .T. ) ;
#2788 = DIRECTION ( 'NONE',  ( -1.000000000000000000, -1.210272192541958616E-16, 0.000000000000000000 ) ) ;
#2789 = CYLINDRICAL_SURFACE ( 'NONE', #754, 3.500000000000003109 ) ;
#2790 = VECTOR ( 'NONE', #637, 1000.000000000000000 ) ;
#2791 = EDGE_LOOP ( 'NONE', ( #2739, #725, #2903, #1150 ) ) ;
#2792 = EDGE_CURVE ( 'NONE', #898, #165, #702, .T. ) ;
#2793 = VECTOR ( 'NONE', #10, 1000.000000000000000 ) ;
#2794 = DIRECTION ( 'NONE',  ( -0.000000000000000000, -0.000000000000000000, -1.000000000000000000 ) ) ;
#2795 = CARTESIAN_POINT ( 'NONE',  ( 2.000000000000001776, 6.000000000000015987, 102.0000000000000142 ) ) ;
#2796 = ORIENTED_EDGE ( 'NONE', *, *, #2484, .T. ) ;
#2797 = VERTEX_POINT ( 'NONE', #1122 ) ;
#2798 = DIRECTION ( 'NONE',  ( 0.000000000000000000, -0.000000000000000000, -1.000000000000000000 ) ) ;
#2799 = CIRCLE ( 'NONE', #1253, 1.699999999999989742 ) ;
#2800 = ADVANCED_FACE ( 'NONE', ( #1135 ), #1164, .T. ) ;
#2801 = ORIENTED_EDGE ( 'NONE', *, *, #1887, .T. ) ;
#2802 = DIRECTION ( 'NONE',  ( -1.000000000000000000, -3.469446951953611231E-16, 0.000000000000000000 ) ) ;
#2803 = CARTESIAN_POINT ( 'NONE',  ( 62.00000000000000000, 22.39999999999999503, 1.999999999999988010 ) ) ;
#2804 = EDGE_CURVE ( 'NONE', #285, #118, #2278, .T. ) ;
#2805 = ADVANCED_FACE ( 'NONE', ( #254 ), #200, .F. ) ;
#2806 = DIRECTION ( 'NONE',  ( 1.000000000000000000, -0.000000000000000000, -1.224646799147353207E-16 ) ) ;
#2807 = AXIS2_PLACEMENT_3D ( 'NONE', #1679, #2595, #2610 ) ;
#2808 = DIRECTION ( 'NONE',  ( -0.000000000000000000, -0.000000000000000000, 1.000000000000000000 ) ) ;
#2809 = ORIENTED_EDGE ( 'NONE', *, *, #287, .T. ) ;
#2810 = AXIS2_PLACEMENT_3D ( 'NONE', #2336, #249, #12 ) ;
#2811 = EDGE_LOOP ( 'NONE', ( #2497, #1792, #357, #2877 ) ) ;
#2812 = DIRECTION ( 'NONE',  ( 2.312964634635742957E-16, -1.000000000000000000, -0.000000000000000000 ) ) ;
#2813 = DIRECTION ( 'NONE',  ( 0.000000000000000000, 0.000000000000000000, 1.000000000000000000 ) ) ;
#2814 = ORIENTED_EDGE ( 'NONE', *, *, #2509, .F. ) ;
#2815 = ORIENTED_EDGE ( 'NONE', *, *, #2804, .T. ) ;
#2816 = CIRCLE ( 'NONE', #1509, 3.500000000000003109 ) ;
#2817 = AXIS2_PLACEMENT_3D ( 'NONE', #412, #1334, #1115 ) ;
#2818 = VERTEX_POINT ( 'NONE', #2082 ) ;
#2819 = CARTESIAN_POINT ( 'NONE',  ( 31.26000000000000156, 7.000000000000015987, 97.00000000000000000 ) ) ;
#2820 = CARTESIAN_POINT ( 'NONE',  ( 3.000000000000000000, 3.000000000000000000, 112.0000000000000000 ) ) ;
#2821 = ORIENTED_EDGE ( 'NONE', *, *, #126, .F. ) ;
#2822 = DIRECTION ( 'NONE',  ( -1.000000000000000000, -1.210272192541958862E-16, -0.000000000000000000 ) ) ;
#2823 = CARTESIAN_POINT ( 'NONE',  ( 33.76000000000000512, 7.000000000000018652, 97.00000000000000000 ) ) ;
#2824 = ADVANCED_FACE ( 'NONE', ( #2517 ), #1817, .T. ) ;
#2825 = ORIENTED_EDGE ( 'NONE', *, *, #2015, .T. ) ;
#2826 = DIRECTION ( 'NONE',  ( -2.312964634635742957E-16, 1.000000000000000000, -0.000000000000000000 ) ) ;
#2827 = FACE_OUTER_BOUND ( 'NONE', #2763, .T. ) ;
#2828 = ORIENTED_EDGE ( 'NONE', *, *, #467, .F. ) ;
#2829 = ORIENTED_EDGE ( 'NONE', *, *, #1573, .F. ) ;
#2830 = ORIENTED_EDGE ( 'NONE', *, *, #2858, .T. ) ;
#2831 = DIRECTION ( 'NONE',  ( 1.000000000000000000, 2.478176394252579169E-16, 0.000000000000000000 ) ) ;
#2832 = DIRECTION ( 'NONE',  ( 0.000000000000000000, 0.5150380749100574862, 0.8571673007021104462 ) ) ;
#2833 = VECTOR ( 'NONE', #1424, 1000.000000000000000 ) ;
#2834 = CARTESIAN_POINT ( 'NONE',  ( 62.00000000000000000, 23.89999999999999858, 111.9999999999999716 ) ) ;
#2835 = DIRECTION ( 'NONE',  ( 0.000000000000000000, 1.000000000000000000, 5.782411586589352708E-16 ) ) ;
#2836 = EDGE_CURVE ( 'NONE', #1486, #1332, #1356, .T. ) ;
#2837 = AXIS2_PLACEMENT_3D ( 'NONE', #2018, #2937, #1778 ) ;
#2838 = ORIENTED_EDGE ( 'NONE', *, *, #1156, .T. ) ;
#2839 = CARTESIAN_POINT ( 'NONE',  ( 6.000000000000001776, 23.89999999999999858, 102.0000000000000142 ) ) ;
#2840 = DIRECTION ( 'NONE',  ( -1.000000000000000000, -0.000000000000000000, -0.000000000000000000 ) ) ;
#2841 = ADVANCED_FACE ( 'NONE', ( #212 ), #2394, .F. ) ;
#2842 = EDGE_LOOP ( 'NONE', ( #34, #352, #1213 ) ) ;
#2843 = VECTOR ( 'NONE', #1591, 1000.000000000000000 ) ;
#2844 = EDGE_LOOP ( 'NONE', ( #2676, #97, #1198, #1875 ) ) ;
#2845 = VECTOR ( 'NONE', #72, 1000.000000000000000 ) ;
#2846 = CARTESIAN_POINT ( 'NONE',  ( 1.300000000000012035, 3.000000000000000000, 106.0000000000000000 ) ) ;
#2847 = CARTESIAN_POINT ( 'NONE',  ( 37.26000000000000512, 7.000000000000017764, 25.87999999999999901 ) ) ;
#2848 = DIRECTION ( 'NONE',  ( -0.7071067811865425767, 0.000000000000000000, -0.7071067811865525687 ) ) ;
#2849 = DIRECTION ( 'NONE',  ( 0.000000000000000000, 0.000000000000000000, 1.000000000000000000 ) ) ;
#2850 = ORIENTED_EDGE ( 'NONE', *, *, #301, .F. ) ;
#2851 = AXIS2_PLACEMENT_3D ( 'NONE', #2751, #1604, #2057 ) ;
#2852 = VERTEX_POINT ( 'NONE', #1628 ) ;
#2853 = EDGE_CURVE ( 'NONE', #1807, #1486, #1386, .T. ) ;
#2854 = DIRECTION ( 'NONE',  ( 0.8571673007021112234, 0.000000000000000000, 0.5150380749100560429 ) ) ;
#2855 = TOROIDAL_SURFACE ( 'NONE', #1746, 6.500000000000000888, 3.000000000000000000 ) ;
#2856 = DIRECTION ( 'NONE',  ( 0.000000000000000000, 1.000000000000000000, 0.000000000000000000 ) ) ;
#2857 = ORIENTED_EDGE ( 'NONE', *, *, #251, .T. ) ;
#2858 = EDGE_CURVE ( 'NONE', #1684, #1293, #184, .T. ) ;
#2859 = ADVANCED_FACE ( 'NONE', ( #2099 ), #28, .F. ) ;
#2860 = VECTOR ( 'NONE', #197, 1000.000000000000000 ) ;
#2861 = ADVANCED_FACE ( 'NONE', ( #15 ), #225, .T. ) ;
#2862 = EDGE_LOOP ( 'NONE', ( #22, #679, #926, #80 ) ) ;
#2863 = DIRECTION ( 'NONE',  ( -5.782411586589352708E-16, -1.000000000000000000, -5.782411586589352708E-16 ) ) ;
#2864 = CARTESIAN_POINT ( 'NONE',  ( 0.000000000000000000, 0.000000000000000000, 2.000000000000000000 ) ) ;
#2865 = VECTOR ( 'NONE', #682, 1000.000000000000000 ) ;
#2866 = FACE_OUTER_BOUND ( 'NONE', #681, .T. ) ;
#2867 = CARTESIAN_POINT ( 'NONE',  ( 2.000000000000001776, 23.89999999999999858, 4.000000000000000000 ) ) ;
#2868 = VERTEX_POINT ( 'NONE', #1842 ) ;
#2869 = CARTESIAN_POINT ( 'NONE',  ( 4.000000000000001776, 23.89999999999999858, 4.000000000000001776 ) ) ;
#2870 = DIRECTION ( 'NONE',  ( -1.000000000000000000, -2.168404344971006896E-16, 0.000000000000000000 ) ) ;
#2871 = EDGE_LOOP ( 'NONE', ( #966, #2889, #866, #2498 ) ) ;
#2872 = EDGE_LOOP ( 'NONE', ( #286, #1629, #2587, #51 ) ) ;
#2873 = CARTESIAN_POINT ( 'NONE',  ( 2.000000000000001776, 2.000000000000008882, 2.000000000000000000 ) ) ;
#2874 = CARTESIAN_POINT ( 'NONE',  ( 62.00000000000000000, 6.000000000000023093, 97.99999999999994316 ) ) ;
#2875 = CARTESIAN_POINT ( 'NONE',  ( 25.50000000000000711, 2.000000000000011102, 92.00000000000000000 ) ) ;
#2876 = CARTESIAN_POINT ( 'NONE',  ( 61.00000000000000000, 20.89999999999999503, 112.0000000000000000 ) ) ;
#2877 = ORIENTED_EDGE ( 'NONE', *, *, #2383, .F. ) ;
#2878 = ORIENTED_EDGE ( 'NONE', *, *, #2015, .F. ) ;
#2879 = DIRECTION ( 'NONE',  ( 2.312964634635742957E-16, -1.000000000000000000, -0.000000000000000000 ) ) ;
#2880 = CARTESIAN_POINT ( 'NONE',  ( 2.000000000000001776, 2.000000000000008882, 112.0000000000000000 ) ) ;
#2881 = ORIENTED_EDGE ( 'NONE', *, *, #1288, .T. ) ;
#2882 = FACE_OUTER_BOUND ( 'NONE', #1538, .T. ) ;
#2883 = VECTOR ( 'NONE', #2765, 1000.000000000000000 ) ;
#2884 = VERTEX_POINT ( 'NONE', #2307 ) ;
#2885 = FACE_OUTER_BOUND ( 'NONE', #2017, .T. ) ;
#2886 = EDGE_CURVE ( 'NONE', #1254, #1890, #1776, .T. ) ;
#2887 = VECTOR ( 'NONE', #125, 1000.000000000000114 ) ;
#2888 = CYLINDRICAL_SURFACE ( 'NONE', #869, 3.500000000000003109 ) ;
#2889 = ORIENTED_EDGE ( 'NONE', *, *, #2581, .T. ) ;
#2890 = ADVANCED_FACE ( 'NONE', ( #493 ), #2789, .T. ) ;
#2891 = DIRECTION ( 'NONE',  ( -1.000000000000000000, 0.000000000000000000, 0.000000000000000000 ) ) ;
#2892 = DIRECTION ( 'NONE',  ( -0.000000000000000000, -0.000000000000000000, 1.000000000000000000 ) ) ;
#2893 = ADVANCED_FACE ( 'NONE', ( #1172 ), #2118, .F. ) ;
#2894 = EDGE_CURVE ( 'NONE', #951, #2537, #1194, .T. ) ;
#2895 = EDGE_LOOP ( 'NONE', ( #572, #2429, #2219, #2196 ) ) ;
#2896 = ORIENTED_EDGE ( 'NONE', *, *, #2894, .F. ) ;
#2897 = CARTESIAN_POINT ( 'NONE',  ( 33.76000000000000512, 2.000000000000015987, 25.87999999999999901 ) ) ;
#2898 = CARTESIAN_POINT ( 'NONE',  ( 25.49999999999999645, 2.000000000000011102, 15.79999999999999538 ) ) ;
#2899 = FACE_OUTER_BOUND ( 'NONE', #2580, .T. ) ;
#2900 = ORIENTED_EDGE ( 'NONE', *, *, #883, .F. ) ;
#2901 = AXIS2_PLACEMENT_3D ( 'NONE', #1754, #2673, #2475 ) ;
#2902 = CARTESIAN_POINT ( 'NONE',  ( 57.00000000000000000, 7.000000000000022204, 97.00000000000000000 ) ) ;
#2903 = ORIENTED_EDGE ( 'NONE', *, *, #257, .T. ) ;
#2904 = DIRECTION ( 'NONE',  ( 0.000000000000000000, -1.000000000000000000, 0.000000000000000000 ) ) ;
#2905 = FACE_OUTER_BOUND ( 'NONE', #928, .T. ) ;
#2906 = ORIENTED_EDGE ( 'NONE', *, *, #849, .T. ) ;
#2907 = DIRECTION ( 'NONE',  ( -0.000000000000000000, 1.000000000000000000, -0.000000000000000000 ) ) ;
#2908 = CARTESIAN_POINT ( 'NONE',  ( 33.76000000000000512, 7.000000000000016875, 25.87999999999999901 ) ) ;
#2909 = VECTOR ( 'NONE', #2242, 1000.000000000000000 ) ;
#2910 = ORIENTED_EDGE ( 'NONE', *, *, #2326, .F. ) ;
#2911 = ORIENTED_EDGE ( 'NONE', *, *, #2189, .F. ) ;
#2912 = AXIS2_PLACEMENT_3D ( 'NONE', #461, #236, #949 ) ;
#2913 = CARTESIAN_POINT ( 'NONE',  ( 57.00000000000000000, 7.000000000000022204, 26.82999999999998408 ) ) ;
#2914 = DIRECTION ( 'NONE',  ( 0.000000000000000000, -1.000000000000000000, 0.000000000000000000 ) ) ;
#2915 = PLANE ( 'NONE',  #2757 ) ;
#2916 = ORIENTED_EDGE ( 'NONE', *, *, #1993, .T. ) ;
#2917 = CARTESIAN_POINT ( 'NONE',  ( 2.000000000000001776, 2.000000000000008882, 112.0000000000000000 ) ) ;
#2918 = VERTEX_POINT ( 'NONE', #726 ) ;
#2919 = LINE ( 'NONE', #2239, #862 ) ;
#2920 = CARTESIAN_POINT ( 'NONE',  ( 62.69999999999998863, 3.000000000000000000, 112.0000000000000000 ) ) ;
#2921 = EDGE_CURVE ( 'NONE', #2553, #309, #441, .T. ) ;
#2922 = ORIENTED_EDGE ( 'NONE', *, *, #251, .F. ) ;
#2923 = CARTESIAN_POINT ( 'NONE',  ( 60.00000000000000000, 22.39999999999999503, 99.99999999999995737 ) ) ;
#2924 = CARTESIAN_POINT ( 'NONE',  ( 62.00000000000000000, 22.39999999999999503, 97.99999999999994316 ) ) ;
#2925 = EDGE_CURVE ( 'NONE', #1425, #2264, #2059, .T. ) ;
#2926 = ORIENTED_EDGE ( 'NONE', *, *, #1282, .T. ) ;
#2927 = DIRECTION ( 'NONE',  ( 0.000000000000000000, 0.000000000000000000, 1.000000000000000000 ) ) ;
#2928 = LINE ( 'NONE', #1753, #1108 ) ;
#2929 = EDGE_CURVE ( 'NONE', #2103, #309, #2285, .T. ) ;
#2930 = DIRECTION ( 'NONE',  ( 1.000000000000000000, 0.000000000000000000, 0.000000000000000000 ) ) ;
#2931 = AXIS2_PLACEMENT_3D ( 'NONE', #1578, #2263, #2547 ) ;
#2932 = VERTEX_POINT ( 'NONE', #2090 ) ;
#2933 = DIRECTION ( 'NONE',  ( 1.138269997360109674E-16, 0.000000000000000000, 1.000000000000000000 ) ) ;
#2934 = ADVANCED_FACE ( 'NONE', ( #910 ), #2689, .F. ) ;
#2935 = AXIS2_PLACEMENT_3D ( 'NONE', #1618, #465, #1402 ) ;
#2936 = ORIENTED_EDGE ( 'NONE', *, *, #185, .T. ) ;
#2937 = DIRECTION ( 'NONE',  ( 2.312964634635742957E-16, -1.000000000000000000, 0.000000000000000000 ) ) ;
#2938 = DIRECTION ( 'NONE',  ( 1.000000000000000000, 0.000000000000000000, 0.000000000000000000 ) ) ;
#2939 = AXIS2_PLACEMENT_3D ( 'NONE', #560, #508, #1429 ) ;
#2940 = AXIS2_PLACEMENT_3D ( 'NONE', #2178, #769, #2191 ) ;
#2941 = VERTEX_POINT ( 'NONE', #2554 ) ;
#2942 = LINE ( 'NONE', #445, #2521 ) ;
#2943 = DIRECTION ( 'NONE',  ( 2.312964634635742957E-16, -1.000000000000000000, 0.000000000000000000 ) ) ;
#2944 = ADVANCED_FACE ( 'NONE', ( #456 ), #52, .F. ) ;
#2945 = PLANE ( 'NONE',  #1706 ) ;
#2946 = DIRECTION ( 'NONE',  ( 1.224646799147353207E-16, 2.832564736347690087E-32, 1.000000000000000000 ) ) ;
#2947 = VECTOR ( 'NONE', #2465, 999.9999999999998863 ) ;
#2948 = FACE_OUTER_BOUND ( 'NONE', #1344, .T. ) ;
#2949 = DIRECTION ( 'NONE',  ( 1.224646799147353207E-16, 2.832564736347690087E-32, 1.000000000000000000 ) ) ;
#2950 = ORIENTED_EDGE ( 'NONE', *, *, #934, .T. ) ;
#2951 = DIRECTION ( 'NONE',  ( -0.000000000000000000, -0.000000000000000000, 1.000000000000000000 ) ) ;
#2952 = VECTOR ( 'NONE', #998, 1000.000000000000114 ) ;
#2953 = ORIENTED_EDGE ( 'NONE', *, *, #301, .T. ) ;
#2954 = EDGE_CURVE ( 'NONE', #231, #2075, #2781, .T. ) ;
#2955 = EDGE_CURVE ( 'NONE', #2144, #2852, #1608, .T. ) ;
#2956 = ORIENTED_EDGE ( 'NONE', *, *, #2203, .F. ) ;
#2957 = CARTESIAN_POINT ( 'NONE',  ( 3.000000000000000000, 20.89999999999999503, 112.0000000000000000 ) ) ;
#2958 = CARTESIAN_POINT ( 'NONE',  ( 4.000000000000009770, 1.500000000000008660, 92.00000000000000000 ) ) ;
#2959 = AXIS2_PLACEMENT_3D ( 'NONE', #745, #1644, #293 ) ;
#2960 = SURFACE_SIDE_STYLE ('',( #385 ) ) ;
#2961 = LINE ( 'NONE', #1089, #2572 ) ;
#2962 = CARTESIAN_POINT ( 'NONE',  ( 2.000000000000001776, 22.39999999999999503, 97.99999999999994316 ) ) ;
#2963 = AXIS2_PLACEMENT_3D ( 'NONE', #1355, #1645, #224 ) ;
#2964 = ORIENTED_EDGE ( 'NONE', *, *, #2303, .F. ) ;
#2965 = FACE_OUTER_BOUND ( 'NONE', #1881, .T. ) ;
#2966 = ORIENTED_EDGE ( 'NONE', *, *, #1418, .T. ) ;
#2967 = ORIENTED_EDGE ( 'NONE', *, *, #2955, .F. ) ;
#2968 = DIRECTION ( 'NONE',  ( -0.000000000000000000, 1.000000000000000000, -0.000000000000000000 ) ) ;
#2969 = CARTESIAN_POINT ( 'NONE',  ( 57.99999999999999289, 2.347217747966091839, 102.0000000000000142 ) ) ;
#2970 = DIRECTION ( 'NONE',  ( -2.312964634635742957E-16, 1.000000000000000000, 0.000000000000000000 ) ) ;
#2971 = CARTESIAN_POINT ( 'NONE',  ( 64.00000000000000000, 0.000000000000000000, 112.0000000000000000 ) ) ;
#2972 = FACE_OUTER_BOUND ( 'NONE', #1607, .T. ) ;
#2973 = ORIENTED_EDGE ( 'NONE', *, *, #394, .F. ) ;
#2974 = VECTOR ( 'NONE', #2977, 1000.000000000000114 ) ;
#2975 = LINE ( 'NONE', #908, #2711 ) ;
#2976 = VERTEX_POINT ( 'NONE', #944 ) ;
#2977 = DIRECTION ( 'NONE',  ( -0.6917144638660748246, -0.2075143391598211484, -0.6917144638660748246 ) ) ;
#2978 = VECTOR ( 'NONE', #2626, 1000.000000000000000 ) ;
#2979 = EDGE_CURVE ( 'NONE', #778, #133, #228, .T. ) ;
#2980 = ORIENTED_EDGE ( 'NONE', *, *, #2007, .T. ) ;
#2981 = CARTESIAN_POINT ( 'NONE',  ( 2.000000000000001776, 2.000000000000008882, 97.99999999999994316 ) ) ;
#2982 = CARTESIAN_POINT ( 'NONE',  ( 6.000000000000001776, 23.89999999999999858, 112.0000000000000000 ) ) ;
#2983 = AXIS2_PLACEMENT_3D ( 'NONE', #2867, #1660, #2835 ) ;
#2984 = LINE ( 'NONE', #2702, #2860 ) ;
#2985 = CARTESIAN_POINT ( 'NONE',  ( 61.00000000000000000, 3.000000000000000000, 106.0000000000000000 ) ) ;
#2986 = EDGE_CURVE ( 'NONE', #2155, #360, #667, .T. ) ;
#2987 = DIRECTION ( 'NONE',  ( 0.000000000000000000, 1.000000000000000000, 0.000000000000000000 ) ) ;
ENDSEC;
END-ISO-10303-21;
