ISO-10303-21;
HEADER;
FILE_DESCRIPTION (( 'STEP AP214' ),
    '1' );
FILE_NAME ('Sensor_Halterung_ESP-NOW_2_Panel_Deckel.STEP',
    '2026-09-03T05:19:12',
    ( '' ),
    ( '' ),
    'SwSTEP 2.0',
    'SolidWorks 2026',
    '' );
FILE_SCHEMA (( 'AUTOMOTIVE_DESIGN' ));
ENDSEC;

DATA;
#1 = FACE_OUTER_BOUND ( 'NONE', #1929, .T. ) ;
#2 = CARTESIAN_POINT ( 'NONE',  ( 123.0000000000000000, 2.000000000000000000, -19.14999999999999858 ) ) ;
#3 = FACE_OUTER_BOUND ( 'NONE', #375, .T. ) ;
#4 = ADVANCED_FACE ( 'NONE', ( #2344 ), #2785, .F. ) ;
#5 = ORIENTED_EDGE ( 'NONE', *, *, #380, .T. ) ;
#6 = VECTOR ( 'NONE', #285, 1000.000000000000000 ) ;
#7 = LINE ( 'NONE', #1975, #2031 ) ;
#8 = VERTEX_POINT ( 'NONE', #578 ) ;
#9 = LINE ( 'NONE', #1918, #2467 ) ;
#10 = EDGE_LOOP ( 'NONE', ( #1740, #386 ) ) ;
#11 = FACE_OUTER_BOUND ( 'NONE', #313, .T. ) ;
#12 = CARTESIAN_POINT ( 'NONE',  ( 123.0000000000000000, 0.000000000000000000, -4.749999999999997335 ) ) ;
#13 = ORIENTED_EDGE ( 'NONE', *, *, #896, .F. ) ;
#14 = DIRECTION ( 'NONE',  ( -0.000000000000000000, 1.000000000000000000, -0.000000000000000000 ) ) ;
#15 = DIRECTION ( 'NONE',  ( -1.000000000000000000, 0.000000000000000000, 0.000000000000000000 ) ) ;
#16 = PLANE ( 'NONE',  #1099 ) ;
#17 = VERTEX_POINT ( 'NONE', #1481 ) ;
#18 = ORIENTED_EDGE ( 'NONE', *, *, #952, .F. ) ;
#19 = VECTOR ( 'NONE', #2813, 1000.000000000000000 ) ;
#20 = CARTESIAN_POINT ( 'NONE',  ( 29.99999999999999289, 0.000000000000000000, -21.99999999999999645 ) ) ;
#21 = ORIENTED_EDGE ( 'NONE', *, *, #2504, .F. ) ;
#22 = FACE_OUTER_BOUND ( 'NONE', #758, .T. ) ;
#23 = DIRECTION ( 'NONE',  ( 4.336808689942019708E-16, 0.000000000000000000, 1.000000000000000000 ) ) ;
#24 = LINE ( 'NONE', #2456, #133 ) ;
#25 = CARTESIAN_POINT ( 'NONE',  ( 123.0000000000000000, 0.000000000000000000, -22.64999999999999503 ) ) ;
#26 = ORIENTED_EDGE ( 'NONE', *, *, #836, .T. ) ;
#27 = DIRECTION ( 'NONE',  ( -0.000000000000000000, 1.000000000000000000, -0.000000000000000000 ) ) ;
#28 = PLANE ( 'NONE',  #198 ) ;
#29 = LINE ( 'NONE', #1564, #307 ) ;
#30 = ORIENTED_EDGE ( 'NONE', *, *, #79, .F. ) ;
#31 = ORIENTED_EDGE ( 'NONE', *, *, #1170, .F. ) ;
#32 = CARTESIAN_POINT ( 'NONE',  ( 119.0000000000000000, 5.000000000000000000, -2.000000000000000000 ) ) ;
#33 = EDGE_CURVE ( 'NONE', #397, #1254, #2360, .T. ) ;
#34 = VECTOR ( 'NONE', #2593, 1000.000000000000000 ) ;
#35 = CARTESIAN_POINT ( 'NONE',  ( 92.00000000000000000, 0.000000000000000000, -22.00000000000000000 ) ) ;
#36 = AXIS2_PLACEMENT_3D ( 'NONE', #920, #2460, #2637 ) ;
#37 = ORIENTED_EDGE ( 'NONE', *, *, #2585, .T. ) ;
#38 = DIRECTION ( 'NONE',  ( -0.000000000000000000, 1.000000000000000000, -0.000000000000000000 ) ) ;
#39 = CARTESIAN_POINT ( 'NONE',  ( 59.00000000000000000, 2.000000000000000000, -3.600000000000000533 ) ) ;
#40 = LINE ( 'NONE', #2495, #53 ) ;
#41 = DIRECTION ( 'NONE',  ( -0.000000000000000000, -1.000000000000000000, -0.000000000000000000 ) ) ;
#42 = LINE ( 'NONE', #1998, #2390 ) ;
#43 = CARTESIAN_POINT ( 'NONE',  ( 67.00000000000000000, 2.000000000000000000, -3.600000000000000533 ) ) ;
#44 = EDGE_CURVE ( 'NONE', #1671, #332, #1944, .T. ) ;
#45 = DIRECTION ( 'NONE',  ( -1.000000000000000000, 0.000000000000000000, 0.000000000000000000 ) ) ;
#46 = VERTEX_POINT ( 'NONE', #176 ) ;
#47 = VERTEX_POINT ( 'NONE', #1022 ) ;
#48 = VECTOR ( 'NONE', #2348, 1000.000000000000000 ) ;
#49 = EDGE_CURVE ( 'NONE', #822, #2793, #409, .T. ) ;
#50 = LINE ( 'NONE', #1391, #2263 ) ;
#51 = PLANE ( 'NONE',  #1061 ) ;
#52 = ORIENTED_EDGE ( 'NONE', *, *, #783, .F. ) ;
#53 = VECTOR ( 'NONE', #2013, 1000.000000000000000 ) ;
#54 = EDGE_CURVE ( 'NONE', #848, #2271, #1065, .T. ) ;
#55 = VECTOR ( 'NONE', #1078, 1000.000000000000000 ) ;
#56 = CARTESIAN_POINT ( 'NONE',  ( 39.99999999999998579, 2.000000000000000000, -22.00000000000000000 ) ) ;
#57 = DIRECTION ( 'NONE',  ( -0.000000000000000000, -1.000000000000000000, -0.000000000000000000 ) ) ;
#58 = CARTESIAN_POINT ( 'NONE',  ( 59.50000000000000000, 4.000000000000000000, -22.39999999999999858 ) ) ;
#59 = EDGE_CURVE ( 'NONE', #823, #1244, #2155, .T. ) ;
#60 = FACE_OUTER_BOUND ( 'NONE', #1308, .T. ) ;
#61 = ORIENTED_EDGE ( 'NONE', *, *, #33, .F. ) ;
#62 = VERTEX_POINT ( 'NONE', #2602 ) ;
#63 = DIRECTION ( 'NONE',  ( 0.000000000000000000, 0.000000000000000000, 1.000000000000000000 ) ) ;
#64 = VECTOR ( 'NONE', #2054, 1000.000000000000000 ) ;
#65 = DIRECTION ( 'NONE',  ( 0.000000000000000000, 0.000000000000000000, -1.000000000000000000 ) ) ;
#66 = EDGE_LOOP ( 'NONE', ( #1986, #1860, #2352, #1458 ) ) ;
#67 = EDGE_CURVE ( 'NONE', #2271, #2777, #2311, .T. ) ;
#68 = CARTESIAN_POINT ( 'NONE',  ( 92.00000000000000000, 0.000000000000000000, -22.00000000000000000 ) ) ;
#69 = DIRECTION ( 'NONE',  ( 1.000000000000000000, 0.000000000000000000, -0.000000000000000000 ) ) ;
#70 = PLANE ( 'NONE',  #1518 ) ;
#71 = COLOUR_RGB ( '',0.7921568627450980005, 0.8196078431372548767, 0.9333333333333333481 ) ;
#72 = LINE ( 'NONE', #1626, #1543 ) ;
#73 = VERTEX_POINT ( 'NONE', #1143 ) ;
#74 = EDGE_LOOP ( 'NONE', ( #294, #1927, #2630, #1168 ) ) ;
#75 = DIRECTION ( 'NONE',  ( -3.304235192336773540E-15, -0.000000000000000000, -1.000000000000000000 ) ) ;
#76 = DIRECTION ( 'NONE',  ( 1.000000000000000000, 0.000000000000000000, 0.000000000000000000 ) ) ;
#77 = ORIENTED_EDGE ( 'NONE', *, *, #149, .F. ) ;
#78 = AXIS2_PLACEMENT_3D ( 'NONE', #1053, #1932, #1744 ) ;
#79 = EDGE_CURVE ( 'NONE', #622, #2794, #1307, .T. ) ;
#80 = AXIS2_PLACEMENT_3D ( 'NONE', #2398, #1310, #460 ) ;
#81 = AXIS2_PLACEMENT_3D ( 'NONE', #2078, #975, #756 ) ;
#82 = ADVANCED_FACE ( 'NONE', ( #2409 ), #234, .F. ) ;
#83 = DIRECTION ( 'NONE',  ( -0.000000000000000000, -0.000000000000000000, -1.000000000000000000 ) ) ;
#84 = DIRECTION ( 'NONE',  ( -0.000000000000000000, -1.000000000000000000, -0.000000000000000000 ) ) ;
#85 = CARTESIAN_POINT ( 'NONE',  ( 3.000000000000000000, 2.000000000000000000, -20.89999999999999858 ) ) ;
#86 = LINE ( 'NONE', #338, #886 ) ;
#87 = ORIENTED_EDGE ( 'NONE', *, *, #1196, .T. ) ;
#88 = ORIENTED_EDGE ( 'NONE', *, *, #346, .F. ) ;
#89 = LINE ( 'NONE', #1156, #1021 ) ;
#90 = EDGE_CURVE ( 'NONE', #1254, #1549, #7, .T. ) ;
#91 = DIRECTION ( 'NONE',  ( -0.000000000000000000, -1.000000000000000000, -0.000000000000000000 ) ) ;
#92 = ORIENTED_EDGE ( 'NONE', *, *, #1424, .T. ) ;
#93 = DIRECTION ( 'NONE',  ( 0.000000000000000000, 1.000000000000000000, 0.000000000000000000 ) ) ;
#94 = FACE_OUTER_BOUND ( 'NONE', #2113, .T. ) ;
#95 = VECTOR ( 'NONE', #2015, 1000.000000000000000 ) ;
#96 = AXIS2_PLACEMENT_3D ( 'NONE', #846, #818, #2353 ) ;
#97 = FACE_OUTER_BOUND ( 'NONE', #618, .T. ) ;
#98 = ORIENTED_EDGE ( 'NONE', *, *, #2629, .F. ) ;
#99 = EDGE_LOOP ( 'NONE', ( #2604, #151, #853, #1041 ) ) ;
#100 = PLANE ( 'NONE',  #1443 ) ;
#101 = LINE ( 'NONE', #713, #1755 ) ;
#102 = VECTOR ( 'NONE', #293, 1000.000000000000000 ) ;
#103 = EDGE_LOOP ( 'NONE', ( #2535, #2761, #1479, #1298 ) ) ;
#104 = CARTESIAN_POINT ( 'NONE',  ( 39.99999999999998579, 2.000000000000000000, -22.00000000000000000 ) ) ;
#105 = CARTESIAN_POINT ( 'NONE',  ( 122.3999999999999915, 5.000000000000000000, -6.999999999999999112 ) ) ;
#106 = DIRECTION ( 'NONE',  ( 0.000000000000000000, 1.000000000000000000, 0.000000000000000000 ) ) ;
#107 = CARTESIAN_POINT ( 'NONE',  ( 31.99999999999998579, 0.000000000000000000, -22.00000000000000000 ) ) ;
#108 = ORIENTED_EDGE ( 'NONE', *, *, #1478, .T. ) ;
#109 = EDGE_LOOP ( 'NONE', ( #1835, #1595, #2449, #172 ) ) ;
#110 = LINE ( 'NONE', #2525, #213 ) ;
#111 = DIRECTION ( 'NONE',  ( 0.000000000000000000, 1.000000000000000000, 0.000000000000000000 ) ) ;
#112 = EDGE_CURVE ( 'NONE', #2056, #1347, #880, .T. ) ;
#113 = VERTEX_POINT ( 'NONE', #2628 ) ;
#114 = AXIS2_PLACEMENT_3D ( 'NONE', #1337, #459, #685 ) ;
#115 = ADVANCED_FACE ( 'NONE', ( #251 ), #220, .F. ) ;
#116 = DIRECTION ( 'NONE',  ( 1.000000000000000000, -0.000000000000000000, 0.000000000000000000 ) ) ;
#117 = VECTOR ( 'NONE', #2041, 1000.000000000000000 ) ;
#118 = DIRECTION ( 'NONE',  ( -0.000000000000000000, 1.000000000000000000, -0.000000000000000000 ) ) ;
#119 = CARTESIAN_POINT ( 'NONE',  ( 122.0000000000000000, 4.000000000000000000, -28.00000000000000000 ) ) ;
#120 = LINE ( 'NONE', #2350, #1498 ) ;
#121 = ORIENTED_EDGE ( 'NONE', *, *, #1999, .T. ) ;
#122 = VERTEX_POINT ( 'NONE', #2005 ) ;
#123 = EDGE_CURVE ( 'NONE', #1561, #2668, #1756, .T. ) ;
#124 = CARTESIAN_POINT ( 'NONE',  ( 31.99999999999998579, 0.000000000000000000, -22.00000000000000000 ) ) ;
#125 = DIRECTION ( 'NONE',  ( -1.000000000000000000, -0.000000000000000000, 1.734723475976808475E-15 ) ) ;
#126 = ADVANCED_FACE ( 'NONE', ( #2452 ), #439, .F. ) ;
#127 = EDGE_LOOP ( 'NONE', ( #248, #1286 ) ) ;
#128 = EDGE_LOOP ( 'NONE', ( #2817, #1736, #2584, #403 ) ) ;
#129 = DIRECTION ( 'NONE',  ( 0.000000000000000000, 0.000000000000000000, 1.000000000000000000 ) ) ;
#130 = DIRECTION ( 'NONE',  ( 0.000000000000000000, 0.000000000000000000, 1.000000000000000000 ) ) ;
#131 = LINE ( 'NONE', #629, #1508 ) ;
#132 = ADVANCED_FACE ( 'NONE', ( #2422 ), #51, .F. ) ;
#133 = VECTOR ( 'NONE', #959, 1000.000000000000000 ) ;
#134 = LINE ( 'NONE', #2579, #34 ) ;
#135 = ORIENTED_EDGE ( 'NONE', *, *, #2287, .T. ) ;
#136 = ORIENTED_EDGE ( 'NONE', *, *, #2715, .T. ) ;
#137 = EDGE_CURVE ( 'NONE', #989, #2738, #1509, .T. ) ;
#138 = DIRECTION ( 'NONE',  ( 1.000000000000000000, 0.000000000000000000, 0.000000000000000000 ) ) ;
#139 = LINE ( 'NONE', #1017, #1818 ) ;
#140 = VECTOR ( 'NONE', #529, 1000.000000000000000 ) ;
#141 = FACE_OUTER_BOUND ( 'NONE', #1394, .T. ) ;
#142 = ORIENTED_EDGE ( 'NONE', *, *, #2288, .T. ) ;
#143 = CARTESIAN_POINT ( 'NONE',  ( 0.000000000000000000, 0.000000000000000000, -28.00000000000000000 ) ) ;
#144 = ORIENTED_EDGE ( 'NONE', *, *, #2219, .T. ) ;
#145 = LINE ( 'NONE', #104, #1746 ) ;
#146 = CARTESIAN_POINT ( 'NONE',  ( 38.00000000000000000, 0.000000000000000000, -6.000000000000000000 ) ) ;
#147 = VECTOR ( 'NONE', #1552, 1000.000000000000000 ) ;
#148 = CARTESIAN_POINT ( 'NONE',  ( 88.00000000000000000, 0.000000000000000000, -22.00000000000000000 ) ) ;
#149 = EDGE_CURVE ( 'NONE', #1255, #2557, #1803, .T. ) ;
#150 = FACE_BOUND ( 'NONE', #281, .T. ) ;
#151 = ORIENTED_EDGE ( 'NONE', *, *, #1692, .F. ) ;
#152 = ORIENTED_EDGE ( 'NONE', *, *, #164, .T. ) ;
#153 = LINE ( 'NONE', #2403, #1645 ) ;
#154 = DIRECTION ( 'NONE',  ( 0.000000000000000000, 0.000000000000000000, 1.000000000000000000 ) ) ;
#155 = ORIENTED_EDGE ( 'NONE', *, *, #316, .F. ) ;
#156 = ORIENTED_EDGE ( 'NONE', *, *, #2389, .F. ) ;
#157 = ORIENTED_EDGE ( 'NONE', *, *, #282, .F. ) ;
#158 = ORIENTED_EDGE ( 'NONE', *, *, #2295, .T. ) ;
#159 = ORIENTED_EDGE ( 'NONE', *, *, #2194, .F. ) ;
#160 = VECTOR ( 'NONE', #1865, 1000.000000000000000 ) ;
#161 = EDGE_CURVE ( 'NONE', #1881, #1561, #1989, .T. ) ;
#162 = LINE ( 'NONE', #2362, #579 ) ;
#163 = CARTESIAN_POINT ( 'NONE',  ( 7.000000000000000888, 2.000000000000000000, -2.000000000000000000 ) ) ;
#164 = EDGE_CURVE ( 'NONE', #2084, #1222, #895, .T. ) ;
#165 = VERTEX_POINT ( 'NONE', #1553 ) ;
#166 = CARTESIAN_POINT ( 'NONE',  ( 96.00000000000000000, 0.000000000000000000, -22.00000000000000000 ) ) ;
#167 = ORIENTED_EDGE ( 'NONE', *, *, #2338, .F. ) ;
#168 = ORIENTED_EDGE ( 'NONE', *, *, #498, .F. ) ;
#169 = CIRCLE ( 'NONE', #1676, 1.749999999999998002 ) ;
#170 = PLANE ( 'NONE',  #1466 ) ;
#171 = CARTESIAN_POINT ( 'NONE',  ( 122.3999999999999915, 5.000000000000000000, -17.00000000000000000 ) ) ;
#172 = ORIENTED_EDGE ( 'NONE', *, *, #1452, .T. ) ;
#173 = ORIENTED_EDGE ( 'NONE', *, *, #2157, .F. ) ;
#174 = EDGE_CURVE ( 'NONE', #1441, #2777, #2615, .T. ) ;
#175 = ORIENTED_EDGE ( 'NONE', *, *, #2087, .F. ) ;
#176 = CARTESIAN_POINT ( 'NONE',  ( 126.0000000000000000, 2.000000000000000000, -28.00000000000000000 ) ) ;
#177 = EDGE_CURVE ( 'NONE', #1418, #1550, #1335, .T. ) ;
#178 = CARTESIAN_POINT ( 'NONE',  ( 59.50000000000000000, 2.000000000000000000, -23.90000000000000213 ) ) ;
#179 = VERTEX_POINT ( 'NONE', #1295 ) ;
#180 = ORIENTED_EDGE ( 'NONE', *, *, #2629, .T. ) ;
#181 = DIRECTION ( 'NONE',  ( -1.000000000000000000, 0.000000000000000000, 0.000000000000000000 ) ) ;
#182 = PLANE ( 'NONE',  #2732 ) ;
#183 = FACE_OUTER_BOUND ( 'NONE', #594, .T. ) ;
#184 = LINE ( 'NONE', #1253, #1592 ) ;
#185 = ORIENTED_EDGE ( 'NONE', *, *, #123, .T. ) ;
#186 = DIRECTION ( 'NONE',  ( -0.000000000000000000, 0.000000000000000000, 1.000000000000000000 ) ) ;
#187 = AXIS2_PLACEMENT_3D ( 'NONE', #753, #116, #1409 ) ;
#188 = PLANE ( 'NONE',  #249 ) ;
#189 = ORIENTED_EDGE ( 'NONE', *, *, #849, .F. ) ;
#190 = AXIS2_PLACEMENT_3D ( 'NONE', #1510, #425, #2816 ) ;
#191 = ORIENTED_EDGE ( 'NONE', *, *, #1807, .F. ) ;
#192 = VECTOR ( 'NONE', #204, 1000.000000000000000 ) ;
#193 = LINE ( 'NONE', #2603, #2526 ) ;
#194 = VERTEX_POINT ( 'NONE', #699 ) ;
#195 = DIRECTION ( 'NONE',  ( 1.000000000000000000, 0.000000000000000000, -2.168404344971008868E-16 ) ) ;
#196 = CARTESIAN_POINT ( 'NONE',  ( 66.00000000000000000, 2.000000000000000000, -28.00000000000000000 ) ) ;
#197 = DIRECTION ( 'NONE',  ( -0.000000000000000000, -1.000000000000000000, -0.000000000000000000 ) ) ;
#198 = AXIS2_PLACEMENT_3D ( 'NONE', #891, #1766, #2636 ) ;
#199 = CARTESIAN_POINT ( 'NONE',  ( 6.000000000000000000, 4.000000000000000000, -23.90000000000000213 ) ) ;
#200 = VERTEX_POINT ( 'NONE', #35 ) ;
#201 = CARTESIAN_POINT ( 'NONE',  ( 33.99999999999998579, 0.000000000000000000, -21.99999999999999645 ) ) ;
#202 = CARTESIAN_POINT ( 'NONE',  ( 26.00000000000000000, 2.000000000000000000, -6.000000000000000000 ) ) ;
#203 = ORIENTED_EDGE ( 'NONE', *, *, #1075, .F. ) ;
#204 = DIRECTION ( 'NONE',  ( -1.000000000000000000, -0.000000000000000000, 1.734723475976808475E-15 ) ) ;
#205 = DIRECTION ( 'NONE',  ( -0.000000000000000000, -0.000000000000000000, -1.000000000000000000 ) ) ;
#206 = VERTEX_POINT ( 'NONE', #2830 ) ;
#207 = LINE ( 'NONE', #2832, #1541 ) ;
#208 = CARTESIAN_POINT ( 'NONE',  ( 4.000000000000003553, 2.000000000000000000, -28.00000000000000000 ) ) ;
#209 = EDGE_CURVE ( 'NONE', #1193, #1272, #1338, .T. ) ;
#210 = DIRECTION ( 'NONE',  ( 0.000000000000000000, -0.000000000000000000, -1.000000000000000000 ) ) ;
#211 = ORIENTED_EDGE ( 'NONE', *, *, #1146, .F. ) ;
#212 = CARTESIAN_POINT ( 'NONE',  ( 123.0000000000000000, 0.000000000000000000, -3.000000000000000000 ) ) ;
#213 = VECTOR ( 'NONE', #760, 1000.000000000000000 ) ;
#214 = CARTESIAN_POINT ( 'NONE',  ( 3.000000000000000000, 0.000000000000000000, -22.64999999999999858 ) ) ;
#215 = VECTOR ( 'NONE', #2619, 1000.000000000000000 ) ;
#216 = CARTESIAN_POINT ( 'NONE',  ( 6.000000000000000888, 2.000000000000000000, -22.39999999999999858 ) ) ;
#217 = ORIENTED_EDGE ( 'NONE', *, *, #174, .T. ) ;
#218 = VECTOR ( 'NONE', #917, 1000.000000000000000 ) ;
#219 = EDGE_CURVE ( 'NONE', #2340, #526, #1569, .T. ) ;
#220 = PLANE ( 'NONE',  #2399 ) ;
#221 = ORIENTED_EDGE ( 'NONE', *, *, #2055, .F. ) ;
#222 = DIRECTION ( 'NONE',  ( -0.000000000000000000, 1.000000000000000000, -0.000000000000000000 ) ) ;
#223 = DIRECTION ( 'NONE',  ( 0.000000000000000000, -0.9578262852211525402, 0.2873478855663418319 ) ) ;
#224 = FACE_OUTER_BOUND ( 'NONE', #828, .T. ) ;
#225 = ORIENTED_EDGE ( 'NONE', *, *, #1403, .T. ) ;
#226 = EDGE_CURVE ( 'NONE', #2436, #2361, #101, .T. ) ;
#227 = DIRECTION ( 'NONE',  ( 0.000000000000000000, 0.000000000000000000, 1.000000000000000000 ) ) ;
#228 = CARTESIAN_POINT ( 'NONE',  ( 119.0000000000000000, 5.000000000000000000, -3.600000000000000533 ) ) ;
#229 = CARTESIAN_POINT ( 'NONE',  ( 96.00000000000000000, 2.000000000000000000, -22.00000000000000000 ) ) ;
#230 = VERTEX_POINT ( 'NONE', #2516 ) ;
#231 = ORIENTED_EDGE ( 'NONE', *, *, #1945, .F. ) ;
#232 = CIRCLE ( 'NONE', #1105, 1.749999999999996891 ) ;
#233 = ADVANCED_FACE ( 'NONE', ( #2273 ), #1839, .F. ) ;
#234 = PLANE ( 'NONE',  #424 ) ;
#235 = CIRCLE ( 'NONE', #782, 1.750000000000001554 ) ;
#236 = ORIENTED_EDGE ( 'NONE', *, *, #1983, .T. ) ;
#237 = DIRECTION ( 'NONE',  ( 0.000000000000000000, 1.000000000000000000, 0.000000000000000000 ) ) ;
#238 = FACE_OUTER_BOUND ( 'NONE', #2120, .T. ) ;
#239 = DIRECTION ( 'NONE',  ( 0.000000000000000000, 0.000000000000000000, 1.000000000000000000 ) ) ;
#240 = FACE_OUTER_BOUND ( 'NONE', #2581, .T. ) ;
#241 = ORIENTED_EDGE ( 'NONE', *, *, #1642, .F. ) ;
#242 = FACE_OUTER_BOUND ( 'NONE', #1400, .T. ) ;
#243 = VECTOR ( 'NONE', #318, 1000.000000000000000 ) ;
#244 = EDGE_CURVE ( 'NONE', #1852, #1214, #502, .T. ) ;
#245 = CARTESIAN_POINT ( 'NONE',  ( 67.00000000000000000, 5.000000000000000000, -3.600000000000000533 ) ) ;
#246 = DIRECTION ( 'NONE',  ( 0.000000000000000000, 0.000000000000000000, 1.000000000000000000 ) ) ;
#247 = ORIENTED_EDGE ( 'NONE', *, *, #1150, .T. ) ;
#248 = ORIENTED_EDGE ( 'NONE', *, *, #1700, .T. ) ;
#249 = AXIS2_PLACEMENT_3D ( 'NONE', #2370, #1317, #2416 ) ;
#250 = DIRECTION ( 'NONE',  ( 0.000000000000000000, 1.000000000000000000, 0.000000000000000000 ) ) ;
#251 = FACE_OUTER_BOUND ( 'NONE', #927, .T. ) ;
#252 = ORIENTED_EDGE ( 'NONE', *, *, #2464, .T. ) ;
#253 = CARTESIAN_POINT ( 'NONE',  ( 63.00000000000000000, 2.000000000000000000, -20.89999999999999858 ) ) ;
#254 = DIRECTION ( 'NONE',  ( -1.000000000000000000, 0.000000000000000000, 4.336808689942019708E-16 ) ) ;
#255 = EDGE_CURVE ( 'NONE', #2022, #526, #967, .T. ) ;
#256 = DIRECTION ( 'NONE',  ( 1.000000000000000000, -0.000000000000000000, 4.336808689942013792E-16 ) ) ;
#257 = CYLINDRICAL_SURFACE ( 'NONE', #456, 1.750000000000000000 ) ;
#258 = CARTESIAN_POINT ( 'NONE',  ( 34.00000000000000000, 2.000000000000000000, -6.000000000000000000 ) ) ;
#259 = EDGE_CURVE ( 'NONE', #921, #1281, #2261, .T. ) ;
#260 = CARTESIAN_POINT ( 'NONE',  ( 0.000000000000000000, 2.000000000000000000, 0.000000000000000000 ) ) ;
#261 = LINE ( 'NONE', #709, #1741 ) ;
#262 = EDGE_LOOP ( 'NONE', ( #660, #1389, #157, #1516 ) ) ;
#263 = ORIENTED_EDGE ( 'NONE', *, *, #1557, .F. ) ;
#264 = AXIS2_PLACEMENT_3D ( 'NONE', #329, #1429, #2307 ) ;
#265 = CARTESIAN_POINT ( 'NONE',  ( 122.3999999999999915, 2.000000000000000000, -17.00000000000000000 ) ) ;
#266 = VECTOR ( 'NONE', #903, 1000.000000000000000 ) ;
#267 = CARTESIAN_POINT ( 'NONE',  ( 96.00000000000000000, 0.000000000000000000, -5.999999999999999112 ) ) ;
#268 = EDGE_CURVE ( 'NONE', #2668, #397, #304, .T. ) ;
#269 = ORIENTED_EDGE ( 'NONE', *, *, #560, .F. ) ;
#270 = EDGE_CURVE ( 'NONE', #1368, #950, #2725, .T. ) ;
#271 = CARTESIAN_POINT ( 'NONE',  ( 6.000000000000000000, 2.000000000000000000, -23.90000000000000213 ) ) ;
#272 = LINE ( 'NONE', #2455, #2138 ) ;
#273 = DIRECTION ( 'NONE',  ( -0.000000000000000000, 0.000000000000000000, 1.000000000000000000 ) ) ;
#274 = LINE ( 'NONE', #1735, #2424 ) ;
#275 = CARTESIAN_POINT ( 'NONE',  ( 126.0000000000000000, 2.000000000000000000, 0.000000000000000000 ) ) ;
#276 = CARTESIAN_POINT ( 'NONE',  ( 94.00000000000000000, 0.000000000000000000, -22.00000000000000000 ) ) ;
#277 = ORIENTED_EDGE ( 'NONE', *, *, #226, .F. ) ;
#278 = VERTEX_POINT ( 'NONE', #1621 ) ;
#279 = CARTESIAN_POINT ( 'NONE',  ( 37.99999999999999289, 0.000000000000000000, -21.99999999999999645 ) ) ;
#280 = CARTESIAN_POINT ( 'NONE',  ( 2.000000000000001332, 5.000000000000000000, -7.000000000000000000 ) ) ;
#281 = EDGE_LOOP ( 'NONE', ( #1799, #1502, #746, #2626 ) ) ;
#282 = EDGE_CURVE ( 'NONE', #1627, #1923, #2503, .T. ) ;
#283 = VECTOR ( 'NONE', #1316, 1000.000000000000000 ) ;
#284 = VECTOR ( 'NONE', #2367, 1000.000000000000000 ) ;
#285 = DIRECTION ( 'NONE',  ( 4.336808689942019708E-16, 0.000000000000000000, 1.000000000000000000 ) ) ;
#286 = CARTESIAN_POINT ( 'NONE',  ( 67.00000000000000000, 5.000000000000000000, -3.600000000000000533 ) ) ;
#287 = DIRECTION ( 'NONE',  ( 4.336808689942017120E-17, 0.000000000000000000, 1.000000000000000000 ) ) ;
#288 = ORIENTED_EDGE ( 'NONE', *, *, #1439, .T. ) ;
#289 = ORIENTED_EDGE ( 'NONE', *, *, #1146, .T. ) ;
#290 = ADVANCED_FACE ( 'NONE', ( #761 ), #2686, .F. ) ;
#291 = LINE ( 'NONE', #2451, #935 ) ;
#292 = VECTOR ( 'NONE', #2044, 1000.000000000000000 ) ;
#293 = DIRECTION ( 'NONE',  ( -2.168404344971008868E-16, -0.000000000000000000, -1.000000000000000000 ) ) ;
#294 = ORIENTED_EDGE ( 'NONE', *, *, #1854, .T. ) ;
#295 = CYLINDRICAL_SURFACE ( 'NONE', #2255, 1.750000000000001554 ) ;
#296 = LINE ( 'NONE', #105, #1137 ) ;
#297 = DIRECTION ( 'NONE',  ( 1.000000000000000000, 0.000000000000000000, -2.168404344971008868E-16 ) ) ;
#298 = EDGE_CURVE ( 'NONE', #1972, #2340, #2297, .T. ) ;
#299 = VECTOR ( 'NONE', #1660, 1000.000000000000000 ) ;
#300 = CARTESIAN_POINT ( 'NONE',  ( 90.00000000000000000, 2.000000000000000000, -6.000000000000000000 ) ) ;
#301 = ORIENTED_EDGE ( 'NONE', *, *, #1046, .T. ) ;
#302 = ORIENTED_EDGE ( 'NONE', *, *, #737, .T. ) ;
#303 = LINE ( 'NONE', #1182, #2627 ) ;
#304 = LINE ( 'NONE', #1851, #522 ) ;
#305 = ORIENTED_EDGE ( 'NONE', *, *, #725, .T. ) ;
#306 = VECTOR ( 'NONE', #1555, 1000.000000000000000 ) ;
#307 = VECTOR ( 'NONE', #2448, 1000.000000000000000 ) ;
#308 = VECTOR ( 'NONE', #1823, 1000.000000000000000 ) ;
#309 = CARTESIAN_POINT ( 'NONE',  ( 4.000000000000000000, 2.000000000000000000, -25.89999999999999858 ) ) ;
#310 = LINE ( 'NONE', #1856, #809 ) ;
#311 = LINE ( 'NONE', #1423, #1011 ) ;
#312 = LINE ( 'NONE', #2511, #308 ) ;
#313 = EDGE_LOOP ( 'NONE', ( #1753, #2450, #1077, #2357 ) ) ;
#314 = VERTEX_POINT ( 'NONE', #1208 ) ;
#315 = PLANE ( 'NONE',  #2688 ) ;
#316 = EDGE_CURVE ( 'NONE', #1580, #1222, #576, .T. ) ;
#317 = AXIS2_PLACEMENT_3D ( 'NONE', #1116, #930, #901 ) ;
#318 = DIRECTION ( 'NONE',  ( 1.301042606982605074E-16, 0.000000000000000000, 1.000000000000000000 ) ) ;
#319 = VERTEX_POINT ( 'NONE', #992 ) ;
#320 = CARTESIAN_POINT ( 'NONE',  ( 94.00000000000000000, 0.000000000000000000, -22.00000000000000000 ) ) ;
#321 = CARTESIAN_POINT ( 'NONE',  ( 122.0000000000000000, 4.000000000000000000, -28.00000000000000000 ) ) ;
#322 = CARTESIAN_POINT ( 'NONE',  ( 123.0000000000000000, 2.000000000000000000, -3.000000000000000000 ) ) ;
#323 = AXIS2_PLACEMENT_3D ( 'NONE', #2039, #106, #768 ) ;
#324 = DIRECTION ( 'NONE',  ( -1.000000000000000000, 0.000000000000000000, 0.000000000000000000 ) ) ;
#325 = ORIENTED_EDGE ( 'NONE', *, *, #885, .T. ) ;
#326 = VECTOR ( 'NONE', #2099, 1000.000000000000000 ) ;
#327 = ORIENTED_EDGE ( 'NONE', *, *, #33, .T. ) ;
#328 = EDGE_CURVE ( 'NONE', #1441, #2046, #512, .T. ) ;
#329 = CARTESIAN_POINT ( 'NONE',  ( 123.0000000000000000, 2.000000000000000000, -20.89999999999999858 ) ) ;
#330 = DIRECTION ( 'NONE',  ( 1.301042606982605074E-16, 0.000000000000000000, 1.000000000000000000 ) ) ;
#331 = EDGE_CURVE ( 'NONE', #2105, #314, #2285, .T. ) ;
#332 = VERTEX_POINT ( 'NONE', #1197 ) ;
#333 = EDGE_CURVE ( 'NONE', #2567, #2079, #2465, .T. ) ;
#334 = LINE ( 'NONE', #2718, #2569 ) ;
#335 = FACE_OUTER_BOUND ( 'NONE', #1769, .T. ) ;
#336 = CARTESIAN_POINT ( 'NONE',  ( 92.00000000000000000, 0.000000000000000000, -5.999999999999999112 ) ) ;
#337 = EDGE_CURVE ( 'NONE', #2137, #46, #2059, .T. ) ;
#338 = CARTESIAN_POINT ( 'NONE',  ( 0.000000000000000000, 0.000000000000000000, 0.000000000000000000 ) ) ;
#339 = ORIENTED_EDGE ( 'NONE', *, *, #1582, .F. ) ;
#340 = ORIENTED_EDGE ( 'NONE', *, *, #1473, .F. ) ;
#341 = EDGE_CURVE ( 'NONE', #508, #1987, #940, .T. ) ;
#342 = LINE ( 'NONE', #124, #1858 ) ;
#343 = CARTESIAN_POINT ( 'NONE',  ( 100.0000000000000000, 2.000000000000000000, -5.999999999999999112 ) ) ;
#344 = ORIENTED_EDGE ( 'NONE', *, *, #717, .F. ) ;
#345 = ORIENTED_EDGE ( 'NONE', *, *, #2611, .F. ) ;
#346 = EDGE_CURVE ( 'NONE', #1627, #1069, #2478, .T. ) ;
#347 = AXIS2_PLACEMENT_3D ( 'NONE', #2101, #93, #129 ) ;
#348 = APPLICATION_CONTEXT ( 'automotive_design' ) ;
#349 = EDGE_CURVE ( 'NONE', #1972, #2022, #736, .T. ) ;
#350 = CIRCLE ( 'NONE', #2280, 1.750000000000000000 ) ;
#351 = CARTESIAN_POINT ( 'NONE',  ( 38.00000000000000000, 0.000000000000000000, -6.000000000000000000 ) ) ;
#352 = CIRCLE ( 'NONE', #2239, 1.749999999999998002 ) ;
#353 = CARTESIAN_POINT ( 'NONE',  ( 63.00000000000000000, 2.000000000000000000, -19.14999999999999858 ) ) ;
#354 = DIRECTION ( 'NONE',  ( -0.000000000000000000, -0.000000000000000000, -1.000000000000000000 ) ) ;
#355 = DIRECTION ( 'NONE',  ( -1.000000000000000000, 0.000000000000000000, 0.000000000000000000 ) ) ;
#356 = PLANE ( 'NONE',  #955 ) ;
#357 = ORIENTED_EDGE ( 'NONE', *, *, #1584, .F. ) ;
#358 = ORIENTED_EDGE ( 'NONE', *, *, #380, .F. ) ;
#359 = DIRECTION ( 'NONE',  ( -0.000000000000000000, -0.000000000000000000, 1.000000000000000000 ) ) ;
#360 = DIRECTION ( 'NONE',  ( -0.000000000000000000, 1.000000000000000000, -0.000000000000000000 ) ) ;
#361 = VERTEX_POINT ( 'NONE', #2537 ) ;
#362 = ORIENTED_EDGE ( 'NONE', *, *, #259, .T. ) ;
#363 = VECTOR ( 'NONE', #1548, 1000.000000000000000 ) ;
#364 = ADVANCED_FACE ( 'NONE', ( #141 ), #1004, .T. ) ;
#365 = DIRECTION ( 'NONE',  ( 0.000000000000000000, -0.000000000000000000, 1.000000000000000000 ) ) ;
#366 = CARTESIAN_POINT ( 'NONE',  ( 39.99999999999998579, 0.000000000000000000, -22.00000000000000000 ) ) ;
#367 = PLANE ( 'NONE',  #1003 ) ;
#368 = VECTOR ( 'NONE', #552, 1000.000000000000000 ) ;
#369 = LINE ( 'NONE', #387, #1728 ) ;
#370 = ORIENTED_EDGE ( 'NONE', *, *, #2219, .F. ) ;
#371 = EDGE_LOOP ( 'NONE', ( #1991, #2323, #1332, #1036 ) ) ;
#372 = LINE ( 'NONE', #2582, #55 ) ;
#373 = LINE ( 'NONE', #2748, #499 ) ;
#374 = ORIENTED_EDGE ( 'NONE', *, *, #2194, .T. ) ;
#375 = EDGE_LOOP ( 'NONE', ( #144, #2343, #738, #1228 ) ) ;
#376 = DIRECTION ( 'NONE',  ( 0.000000000000000000, -0.000000000000000000, 1.000000000000000000 ) ) ;
#377 = EDGE_CURVE ( 'NONE', #2777, #2828, #2309, .T. ) ;
#378 = ORIENTED_EDGE ( 'NONE', *, *, #2087, .T. ) ;
#379 = DIRECTION ( 'NONE',  ( -1.000000000000000000, -0.000000000000000000, -0.000000000000000000 ) ) ;
#380 = EDGE_CURVE ( 'NONE', #1029, #1120, #1894, .T. ) ;
#381 = EDGE_LOOP ( 'NONE', ( #1206, #221, #189, #2512 ) ) ;
#382 = CARTESIAN_POINT ( 'NONE',  ( 37.99999999999999289, 2.000000000000000000, -21.99999999999999645 ) ) ;
#383 = DIRECTION ( 'NONE',  ( -0.000000000000000000, -1.000000000000000000, -0.000000000000000000 ) ) ;
#384 = VECTOR ( 'NONE', #954, 1000.000000000000000 ) ;
#385 = CARTESIAN_POINT ( 'NONE',  ( 3.000000000000000000, 0.000000000000000000, -4.749999999999999112 ) ) ;
#386 = ORIENTED_EDGE ( 'NONE', *, *, #2364, .T. ) ;
#387 = CARTESIAN_POINT ( 'NONE',  ( 3.600000000000001421, 5.000000000000000000, -17.00000000000000000 ) ) ;
#388 = ORIENTED_EDGE ( 'NONE', *, *, #1373, .T. ) ;
#389 = ORIENTED_EDGE ( 'NONE', *, *, #2684, .T. ) ;
#390 = ADVANCED_FACE ( 'NONE', ( #1675 ), #802, .F. ) ;
#391 = FACE_OUTER_BOUND ( 'NONE', #1522, .T. ) ;
#392 = CARTESIAN_POINT ( 'NONE',  ( 0.000000000000000000, 4.000000000000000000, 0.000000000000000000 ) ) ;
#393 = ADVANCED_FACE ( 'NONE', ( #2765 ), #2553, .F. ) ;
#394 = ORIENTED_EDGE ( 'NONE', *, *, #2006, .T. ) ;
#395 = ORIENTED_EDGE ( 'NONE', *, *, #1915, .T. ) ;
#396 = CARTESIAN_POINT ( 'NONE',  ( 35.99999999999999289, 0.000000000000000000, -6.000000000000000000 ) ) ;
#397 = VERTEX_POINT ( 'NONE', #1442 ) ;
#398 = CARTESIAN_POINT ( 'NONE',  ( 3.600000000000001421, 2.000000000000000000, -17.00000000000000000 ) ) ;
#399 = CARTESIAN_POINT ( 'NONE',  ( 98.00000000000000000, 0.000000000000000000, -6.000000000000000000 ) ) ;
#400 = CARTESIAN_POINT ( 'NONE',  ( 92.00000000000000000, 2.000000000000000000, -22.00000000000000000 ) ) ;
#401 = VECTOR ( 'NONE', #324, 1000.000000000000000 ) ;
#402 = LINE ( 'NONE', #166, #1629 ) ;
#403 = ORIENTED_EDGE ( 'NONE', *, *, #1634, .T. ) ;
#404 = CIRCLE ( 'NONE', #1959, 1.750000000000000000 ) ;
#405 = CARTESIAN_POINT ( 'NONE',  ( 92.00000000000000000, 0.000000000000000000, -5.999999999999999112 ) ) ;
#406 = DIRECTION ( 'NONE',  ( -1.000000000000000000, 0.000000000000000000, 0.000000000000000000 ) ) ;
#407 = EDGE_LOOP ( 'NONE', ( #411, #98, #976, #247 ) ) ;
#408 = MANIFOLD_SOLID_BREP ( 'Fase1', #702 ) ;
#409 = LINE ( 'NONE', #1680, #1292 ) ;
#410 = CARTESIAN_POINT ( 'NONE',  ( 3.000000000000000000, 0.000000000000000000, -4.749999999999999112 ) ) ;
#411 = ORIENTED_EDGE ( 'NONE', *, *, #948, .T. ) ;
#412 = ORIENTED_EDGE ( 'NONE', *, *, #2111, .F. ) ;
#413 = DIRECTION ( 'NONE',  ( -4.336808689942017120E-17, -0.000000000000000000, -1.000000000000000000 ) ) ;
#414 = PLANE ( 'NONE',  #676 ) ;
#415 = CARTESIAN_POINT ( 'NONE',  ( 122.3999999999999915, 5.000000000000000000, -17.00000000000000000 ) ) ;
#416 = CARTESIAN_POINT ( 'NONE',  ( 123.0000000000000000, 2.000000000000000000, -20.89999999999999858 ) ) ;
#417 = ORIENTED_EDGE ( 'NONE', *, *, #1898, .F. ) ;
#418 = LINE ( 'NONE', #864, #2071 ) ;
#419 = VECTOR ( 'NONE', #1091, 1000.000000000000000 ) ;
#420 = LINE ( 'NONE', #202, #1166 ) ;
#421 = ORIENTED_EDGE ( 'NONE', *, *, #1369, .T. ) ;
#422 = VECTOR ( 'NONE', #1050, 1000.000000000000000 ) ;
#423 = DIRECTION ( 'NONE',  ( -0.000000000000000000, 1.000000000000000000, -0.000000000000000000 ) ) ;
#424 = AXIS2_PLACEMENT_3D ( 'NONE', #653, #868, #1127 ) ;
#425 = DIRECTION ( 'NONE',  ( -0.000000000000000000, 1.000000000000000000, -0.000000000000000000 ) ) ;
#426 = ADVANCED_FACE ( 'NONE', ( #2279 ), #961, .F. ) ;
#427 = ORIENTED_EDGE ( 'NONE', *, *, #1674, .T. ) ;
#428 = CARTESIAN_POINT ( 'NONE',  ( 59.00000000000000000, 2.000000000000000000, -3.600000000000000533 ) ) ;
#429 = DIRECTION ( 'NONE',  ( 1.000000000000000000, 0.000000000000000000, 0.000000000000000000 ) ) ;
#430 = VECTOR ( 'NONE', #2598, 1000.000000000000000 ) ;
#431 = CARTESIAN_POINT ( 'NONE',  ( 100.0000000000000000, 0.000000000000000000, -22.00000000000000000 ) ) ;
#432 = ORIENTED_EDGE ( 'NONE', *, *, #349, .F. ) ;
#433 = CARTESIAN_POINT ( 'NONE',  ( 119.0000000000000000, 5.000000000000000000, -2.000000000000000000 ) ) ;
#434 = FACE_OUTER_BOUND ( 'NONE', #1109, .T. ) ;
#435 = EDGE_CURVE ( 'NONE', #2782, #1779, #1164, .T. ) ;
#436 = FACE_OUTER_BOUND ( 'NONE', #381, .T. ) ;
#437 = ORIENTED_EDGE ( 'NONE', *, *, #2203, .F. ) ;
#438 = AXIS2_PLACEMENT_3D ( 'NONE', #2737, #776, #789 ) ;
#439 = CYLINDRICAL_SURFACE ( 'NONE', #2751, 1.749999999999996891 ) ;
#440 = EDGE_LOOP ( 'NONE', ( #2622, #1454, #1275, #21 ) ) ;
#441 = ADVANCED_FACE ( 'NONE', ( #2520 ), #1637, .T. ) ;
#442 = DIRECTION ( 'NONE',  ( -0.000000000000000000, 1.000000000000000000, -0.000000000000000000 ) ) ;
#443 = CARTESIAN_POINT ( 'NONE',  ( 29.99999999999999289, 2.000000000000000000, -21.99999999999999645 ) ) ;
#444 = AXIS2_PLACEMENT_3D ( 'NONE', #2083, #111, #1392 ) ;
#445 = EDGE_CURVE ( 'NONE', #526, #1032, #311, .T. ) ;
#446 = DIRECTION ( 'NONE',  ( -1.000000000000000000, -0.000000000000000000, -0.000000000000000000 ) ) ;
#447 = EDGE_LOOP ( 'NONE', ( #2235, #2258, #1928, #1764 ) ) ;
#448 = DIRECTION ( 'NONE',  ( -1.000000000000000000, 0.000000000000000000, 0.000000000000000000 ) ) ;
#449 = AXIS2_PLACEMENT_3D ( 'NONE', #2755, #793, #1666 ) ;
#450 = DIRECTION ( 'NONE',  ( 0.000000000000000000, -1.000000000000000000, 0.000000000000000000 ) ) ;
#451 = PRODUCT_RELATED_PRODUCT_CATEGORY ( 'part', '', ( #1064 ) ) ;
#452 = VECTOR ( 'NONE', #118, 1000.000000000000000 ) ;
#453 = DIRECTION ( 'NONE',  ( 1.000000000000000000, 0.000000000000000000, 0.000000000000000000 ) ) ;
#454 = ORIENTED_EDGE ( 'NONE', *, *, #1447, .F. ) ;
#455 = VERTEX_POINT ( 'NONE', #1385 ) ;
#456 = AXIS2_PLACEMENT_3D ( 'NONE', #1133, #2822, #1636 ) ;
#457 = DIRECTION ( 'NONE',  ( 0.000000000000000000, 0.000000000000000000, -1.000000000000000000 ) ) ;
#458 = ORIENTED_EDGE ( 'NONE', *, *, #693, .F. ) ;
#459 = DIRECTION ( 'NONE',  ( -1.734723475976808672E-15, 0.000000000000000000, -1.000000000000000000 ) ) ;
#460 = DIRECTION ( 'NONE',  ( -2.168404344971008868E-16, 0.000000000000000000, -1.000000000000000000 ) ) ;
#461 = CARTESIAN_POINT ( 'NONE',  ( 126.0000000000000000, 2.000000000000000000, 0.000000000000000000 ) ) ;
#462 = ORIENTED_EDGE ( 'NONE', *, *, #1393, .F. ) ;
#463 = CARTESIAN_POINT ( 'NONE',  ( 122.3999999999999915, 2.000000000000000000, -6.999999999999999112 ) ) ;
#464 = DIRECTION ( 'NONE',  ( -0.000000000000000000, -1.000000000000000000, -0.000000000000000000 ) ) ;
#465 = DIRECTION ( 'NONE',  ( 1.000000000000000000, 0.000000000000000000, 0.000000000000000000 ) ) ;
#466 = ORIENTED_EDGE ( 'NONE', *, *, #2111, .T. ) ;
#467 = ORIENTED_EDGE ( 'NONE', *, *, #1994, .T. ) ;
#468 = DIRECTION ( 'NONE',  ( -1.000000000000000000, 0.000000000000000000, 0.000000000000000000 ) ) ;
#469 = VECTOR ( 'NONE', #729, 1000.000000000000000 ) ;
#470 = DIRECTION ( 'NONE',  ( -0.000000000000000000, 1.000000000000000000, -0.000000000000000000 ) ) ;
#471 = EDGE_CURVE ( 'NONE', #1469, #455, #472, .T. ) ;
#472 = CIRCLE ( 'NONE', #323, 1.749999999999998002 ) ;
#473 = VERTEX_POINT ( 'NONE', #2065 ) ;
#474 = EDGE_CURVE ( 'NONE', #1347, #922, #973, .T. ) ;
#475 = CARTESIAN_POINT ( 'NONE',  ( 4.000000000000003553, 4.000000000000000000, -28.00000000000000000 ) ) ;
#476 = DIRECTION ( 'NONE',  ( 1.000000000000000000, 0.000000000000000000, -1.301042606982605074E-16 ) ) ;
#477 = LINE ( 'NONE', #2443, #1007 ) ;
#478 = FACE_OUTER_BOUND ( 'NONE', #1670, .T. ) ;
#479 = ORIENTED_EDGE ( 'NONE', *, *, #270, .T. ) ;
#480 = LINE ( 'NONE', #2623, #2025 ) ;
#481 = LINE ( 'NONE', #43, #2494 ) ;
#482 = DIRECTION ( 'NONE',  ( 0.000000000000000000, 0.000000000000000000, -1.000000000000000000 ) ) ;
#483 = ADVANCED_FACE ( 'NONE', ( #1845 ), #70, .F. ) ;
#484 = ORIENTED_EDGE ( 'NONE', *, *, #1270, .F. ) ;
#485 = EDGE_LOOP ( 'NONE', ( #1812, #2734, #1057, #2445 ) ) ;
#486 = EDGE_CURVE ( 'NONE', #314, #2310, #2693, .T. ) ;
#487 = CARTESIAN_POINT ( 'NONE',  ( 96.00000000000000000, 2.000000000000000000, -5.999999999999999112 ) ) ;
#488 = DIRECTION ( 'NONE',  ( -2.168404344971008868E-16, -0.000000000000000000, -1.000000000000000000 ) ) ;
#489 = ORIENTED_EDGE ( 'NONE', *, *, #1792, .T. ) ;
#490 = CARTESIAN_POINT ( 'NONE',  ( 92.00000000000000000, 2.000000000000000000, -5.999999999999999112 ) ) ;
#491 = DIRECTION ( 'NONE',  ( -0.000000000000000000, 1.000000000000000000, -0.000000000000000000 ) ) ;
#492 = PLANE ( 'NONE',  #2704 ) ;
#493 = DIRECTION ( 'NONE',  ( 0.000000000000000000, 0.000000000000000000, 1.000000000000000000 ) ) ;
#494 = CARTESIAN_POINT ( 'NONE',  ( 6.000000000000000888, 4.000000000000000000, -22.39999999999999858 ) ) ;
#495 = LINE ( 'NONE', #2215, #775 ) ;
#496 = ORIENTED_EDGE ( 'NONE', *, *, #1634, .F. ) ;
#497 = ORIENTED_EDGE ( 'NONE', *, *, #1974, .F. ) ;
#498 = EDGE_CURVE ( 'NONE', #596, #1376, #1648, .T. ) ;
#499 = VECTOR ( 'NONE', #590, 1000.000000000000000 ) ;
#500 = DIRECTION ( 'NONE',  ( -0.000000000000000000, 1.000000000000000000, -0.000000000000000000 ) ) ;
#501 = VECTOR ( 'NONE', #646, 1000.000000000000000 ) ;
#502 = LINE ( 'NONE', #525, #2349 ) ;
#503 = ORIENTED_EDGE ( 'NONE', *, *, #1403, .F. ) ;
#504 = CARTESIAN_POINT ( 'NONE',  ( 3.000000000000000000, 0.000000000000000000, -20.89999999999999858 ) ) ;
#505 = CARTESIAN_POINT ( 'NONE',  ( 120.0000000000000000, 4.000000000000000000, -23.90000000000000213 ) ) ;
#506 = DIRECTION ( 'NONE',  ( 4.336808689942019708E-16, 0.000000000000000000, 1.000000000000000000 ) ) ;
#507 = CARTESIAN_POINT ( 'NONE',  ( 96.00000000000000000, 0.000000000000000000, -22.00000000000000000 ) ) ;
#508 = VERTEX_POINT ( 'NONE', #1615 ) ;
#509 = ORIENTED_EDGE ( 'NONE', *, *, #2595, .F. ) ;
#510 = AXIS2_PLACEMENT_3D ( 'NONE', #2680, #465, #482 ) ;
#511 = CARTESIAN_POINT ( 'NONE',  ( 63.00000000000000000, 0.000000000000000000, -20.89999999999999858 ) ) ;
#512 = LINE ( 'NONE', #1379, #160 ) ;
#513 = ORIENTED_EDGE ( 'NONE', *, *, #2428, .F. ) ;
#514 = VECTOR ( 'NONE', #256, 1000.000000000000000 ) ;
#515 = ADVANCED_FACE ( 'NONE', ( #2497 ), #946, .F. ) ;
#516 = CARTESIAN_POINT ( 'NONE',  ( 34.00000000000000000, 0.000000000000000000, -6.000000000000000000 ) ) ;
#517 = LINE ( 'NONE', #2496, #2780 ) ;
#518 = CARTESIAN_POINT ( 'NONE',  ( 3.000000000000000000, 2.000000000000000000, -20.89999999999999858 ) ) ;
#519 = CARTESIAN_POINT ( 'NONE',  ( 6.000000000000000888, 4.000000000000000000, -22.39999999999999858 ) ) ;
#520 = ORIENTED_EDGE ( 'NONE', *, *, #1367, .T. ) ;
#521 = ORIENTED_EDGE ( 'NONE', *, *, #1844, .F. ) ;
#522 = VECTOR ( 'NONE', #2712, 1000.000000000000000 ) ;
#523 = LINE ( 'NONE', #1597, #2302 ) ;
#524 = VECTOR ( 'NONE', #2498, 1000.000000000000000 ) ;
#525 = CARTESIAN_POINT ( 'NONE',  ( 37.99999999999999289, 0.000000000000000000, -21.99999999999999645 ) ) ;
#526 = VERTEX_POINT ( 'NONE', #2256 ) ;
#527 = CARTESIAN_POINT ( 'NONE',  ( 67.00000000000000000, 5.000000000000000000, -3.600000000000000533 ) ) ;
#528 = PLANE ( 'NONE',  #1678 ) ;
#529 = DIRECTION ( 'NONE',  ( -0.000000000000000000, 1.000000000000000000, -0.000000000000000000 ) ) ;
#530 = DIRECTION ( 'NONE',  ( 0.000000000000000000, 0.000000000000000000, 1.000000000000000000 ) ) ;
#531 = ORIENTED_EDGE ( 'NONE', *, *, #2040, .F. ) ;
#532 = EDGE_LOOP ( 'NONE', ( #2029, #2098, #1388, #2153 ) ) ;
#533 = EDGE_CURVE ( 'NONE', #1336, #2524, #731, .T. ) ;
#534 = FACE_OUTER_BOUND ( 'NONE', #2804, .T. ) ;
#535 = DIRECTION ( 'NONE',  ( 1.000000000000000000, 0.000000000000000000, 0.000000000000000000 ) ) ;
#536 = ORIENTED_EDGE ( 'NONE', *, *, #984, .T. ) ;
#537 = VECTOR ( 'NONE', #383, 1000.000000000000000 ) ;
#538 = EDGE_CURVE ( 'NONE', #2524, #113, #2660, .T. ) ;
#539 = CARTESIAN_POINT ( 'NONE',  ( 66.00000000000000000, 2.000000000000000000, -25.89999999999999858 ) ) ;
#540 = FACE_BOUND ( 'NONE', #2799, .T. ) ;
#541 = DIRECTION ( 'NONE',  ( -0.000000000000000000, 1.000000000000000000, -0.000000000000000000 ) ) ;
#542 = CARTESIAN_POINT ( 'NONE',  ( 88.00000000000000000, 0.000000000000000000, -22.00000000000000000 ) ) ;
#543 = VERTEX_POINT ( 'NONE', #336 ) ;
#544 = EDGE_LOOP ( 'NONE', ( #467, #2708, #503, #1689 ) ) ;
#545 = DIRECTION ( 'NONE',  ( -1.000000000000000000, 0.000000000000000000, -0.000000000000000000 ) ) ;
#546 = VECTOR ( 'NONE', #355, 1000.000000000000000 ) ;
#547 = DIRECTION ( 'NONE',  ( -4.336808689942013792E-16, 0.000000000000000000, 1.000000000000000000 ) ) ;
#548 = EDGE_LOOP ( 'NONE', ( #1248, #2293, #2400, #378 ) ) ;
#549 = EDGE_CURVE ( 'NONE', #1140, #1890, #1212, .T. ) ;
#550 = VECTOR ( 'NONE', #985, 1000.000000000000114 ) ;
#551 = EDGE_CURVE ( 'NONE', #1376, #596, #235, .T. ) ;
#552 = DIRECTION ( 'NONE',  ( -1.000000000000000000, -0.000000000000000000, -0.000000000000000000 ) ) ;
#553 = CARTESIAN_POINT ( 'NONE',  ( 92.00000000000000000, 0.000000000000000000, -22.00000000000000000 ) ) ;
#554 = CARTESIAN_POINT ( 'NONE',  ( 0.000000000000000000, 4.000000000000000000, -26.49999999999999645 ) ) ;
#555 = VECTOR ( 'NONE', #624, 1000.000000000000000 ) ;
#556 = CARTESIAN_POINT ( 'NONE',  ( 3.600000000000001421, 5.000000000000000000, -6.999999999999999112 ) ) ;
#557 = ORIENTED_EDGE ( 'NONE', *, *, #1841, .T. ) ;
#558 = VERTEX_POINT ( 'NONE', #410 ) ;
#559 = CARTESIAN_POINT ( 'NONE',  ( 63.00000000000000000, 0.000000000000000000, -19.14999999999999858 ) ) ;
#560 = EDGE_CURVE ( 'NONE', #2466, #1052, #1296, .T. ) ;
#561 =( LENGTH_UNIT ( ) NAMED_UNIT ( * ) SI_UNIT ( .MILLI., .METRE. ) );
#562 = EDGE_CURVE ( 'NONE', #314, #921, #2156, .T. ) ;
#563 = EDGE_CURVE ( 'NONE', #2555, #1438, #1066, .T. ) ;
#564 = ORIENTED_EDGE ( 'NONE', *, *, #762, .F. ) ;
#565 = VECTOR ( 'NONE', #906, 1000.000000000000000 ) ;
#566 = EDGE_CURVE ( 'NONE', #950, #2286, #1930, .T. ) ;
#567 = DIRECTION ( 'NONE',  ( 1.000000000000000000, 0.000000000000000000, 0.000000000000000000 ) ) ;
#568 = LINE ( 'NONE', #163, #1219 ) ;
#569 = LINE ( 'NONE', #1435, #555 ) ;
#570 = DIRECTION ( 'NONE',  ( 0.000000000000000000, -0.000000000000000000, -1.000000000000000000 ) ) ;
#571 = EDGE_LOOP ( 'NONE', ( #466, #1526, #623, #771 ) ) ;
#572 = ORIENTED_EDGE ( 'NONE', *, *, #2620, .T. ) ;
#573 = CARTESIAN_POINT ( 'NONE',  ( 59.50000000000000000, 4.000000000000000000, -23.90000000000000213 ) ) ;
#574 = EDGE_CURVE ( 'NONE', #2259, #230, #193, .T. ) ;
#575 = DIRECTION ( 'NONE',  ( -0.000000000000000000, 1.000000000000000000, -0.000000000000000000 ) ) ;
#576 = CIRCLE ( 'NONE', #444, 1.749999999999996891 ) ;
#577 = ORIENTED_EDGE ( 'NONE', *, *, #2510, .F. ) ;
#578 = CARTESIAN_POINT ( 'NONE',  ( 66.50000000000000000, 2.000000000000000000, -22.39999999999999858 ) ) ;
#579 = VECTOR ( 'NONE', #2617, 1000.000000000000000 ) ;
#580 = VECTOR ( 'NONE', #1978, 1000.000000000000000 ) ;
#581 = CARTESIAN_POINT ( 'NONE',  ( 119.0000000000000000, 5.000000000000000000, -3.600000000000000533 ) ) ;
#582 = DIRECTION ( 'NONE',  ( -0.000000000000000000, 1.000000000000000000, -0.000000000000000000 ) ) ;
#583 = DIRECTION ( 'NONE',  ( -1.000000000000000000, 0.000000000000000000, 0.000000000000000000 ) ) ;
#584 = ORIENTED_EDGE ( 'NONE', *, *, #1478, .F. ) ;
#585 = DIRECTION ( 'NONE',  ( -0.000000000000000000, 1.000000000000000000, -0.000000000000000000 ) ) ;
#586 = VERTEX_POINT ( 'NONE', #178 ) ;
#587 = ORIENTED_EDGE ( 'NONE', *, *, #1967, .F. ) ;
#588 = ADVANCED_FACE ( 'NONE', ( #852 ), #1262, .F. ) ;
#589 = CARTESIAN_POINT ( 'NONE',  ( 120.0000000000000000, 4.000000000000000000, -22.39999999999999858 ) ) ;
#590 = DIRECTION ( 'NONE',  ( 1.000000000000000000, -0.000000000000000000, 4.336808689942013792E-16 ) ) ;
#591 = EDGE_CURVE ( 'NONE', #1438, #2079, #2174, .T. ) ;
#592 = ORIENTED_EDGE ( 'NONE', *, *, #2358, .F. ) ;
#593 = CARTESIAN_POINT ( 'NONE',  ( 3.000000000000000000, 0.000000000000000000, -20.89999999999999858 ) ) ;
#594 = EDGE_LOOP ( 'NONE', ( #421, #458, #1663, #1713 ) ) ;
#595 = ORIENTED_EDGE ( 'NONE', *, *, #1945, .T. ) ;
#596 = VERTEX_POINT ( 'NONE', #1082 ) ;
#597 = EDGE_CURVE ( 'NONE', #1697, #1784, #569, .T. ) ;
#598 = CARTESIAN_POINT ( 'NONE',  ( 31.99999999999999289, 2.000000000000000000, -6.000000000000000000 ) ) ;
#599 = CARTESIAN_POINT ( 'NONE',  ( 123.0000000000000000, 0.000000000000000000, -20.89999999999999858 ) ) ;
#600 = CARTESIAN_POINT ( 'NONE',  ( 120.0000000000000000, 4.000000000000000000, -22.39999999999999858 ) ) ;
#601 = AXIS2_PLACEMENT_3D ( 'NONE', #1982, #1149, #1343 ) ;
#602 = FACE_BOUND ( 'NONE', #2388, .T. ) ;
#603 = ORIENTED_EDGE ( 'NONE', *, *, #1584, .T. ) ;
#604 = EDGE_LOOP ( 'NONE', ( #1681, #1494, #2649, #2435 ) ) ;
#605 = DIRECTION ( 'NONE',  ( 5.782411586589351722E-16, -0.000000000000000000, 1.000000000000000000 ) ) ;
#606 = MECHANICAL_DESIGN_GEOMETRIC_PRESENTATION_REPRESENTATION (  '', ( #1838 ), #1158 ) ;
#607 = CARTESIAN_POINT ( 'NONE',  ( 124.0000000000000000, 2.000000000000000000, -17.00000000000000000 ) ) ;
#608 = ORIENTED_EDGE ( 'NONE', *, *, #1866, .F. ) ;
#609 = ORIENTED_EDGE ( 'NONE', *, *, #1829, .T. ) ;
#610 = ORIENTED_EDGE ( 'NONE', *, *, #1866, .T. ) ;
#611 = VECTOR ( 'NONE', #2221, 1000.000000000000000 ) ;
#612 = ORIENTED_EDGE ( 'NONE', *, *, #219, .T. ) ;
#613 = PLANE ( 'NONE',  #807 ) ;
#614 = DIRECTION ( 'NONE',  ( 0.000000000000000000, 0.000000000000000000, 1.000000000000000000 ) ) ;
#615 = VECTOR ( 'NONE', #1593, 1000.000000000000000 ) ;
#616 = CARTESIAN_POINT ( 'NONE',  ( 2.000000000000001332, 5.000000000000000000, -7.000000000000000000 ) ) ;
#617 = CARTESIAN_POINT ( 'NONE',  ( 37.99999999999999289, 2.000000000000000000, -21.99999999999999645 ) ) ;
#618 = EDGE_LOOP ( 'NONE', ( #2574, #2061, #963, #2057 ) ) ;
#619 = EDGE_LOOP ( 'NONE', ( #1698, #513, #1849, #135 ) ) ;
#620 = DIRECTION ( 'NONE',  ( -2.168404344971008868E-16, -0.000000000000000000, -1.000000000000000000 ) ) ;
#621 = FACE_OUTER_BOUND ( 'NONE', #2136, .T. ) ;
#622 = VERTEX_POINT ( 'NONE', #1497 ) ;
#623 = ORIENTED_EDGE ( 'NONE', *, *, #1402, .F. ) ;
#624 = DIRECTION ( 'NONE',  ( 1.000000000000000000, 0.000000000000000000, 0.000000000000000000 ) ) ;
#625 = EDGE_LOOP ( 'NONE', ( #2181, #2196, #2800, #1103, #2366, #1124, #587, #894, #2767, #1023, #437, #888 ) ) ;
#626 = CARTESIAN_POINT ( 'NONE',  ( 3.000000000000000000, 0.000000000000000000, -22.64999999999999858 ) ) ;
#627 = FACE_BOUND ( 'NONE', #1432, .T. ) ;
#628 = VECTOR ( 'NONE', #656, 1000.000000000000000 ) ;
#629 = CARTESIAN_POINT ( 'NONE',  ( 122.0000000000000000, 4.000000000000000000, -28.00000000000000000 ) ) ;
#630 = ADVANCED_FACE ( 'NONE', ( #837 ), #2314, .F. ) ;
#631 = AXIS2_PLACEMENT_3D ( 'NONE', #1271, #844, #1952 ) ;
#632 = FACE_BOUND ( 'NONE', #109, .T. ) ;
#633 = EDGE_LOOP ( 'NONE', ( #2402, #2002, #1607, #1000 ) ) ;
#634 = CARTESIAN_POINT ( 'NONE',  ( 120.0000000000000000, 4.000000000000000000, -23.90000000000000213 ) ) ;
#635 = LINE ( 'NONE', #1908, #980 ) ;
#636 = EDGE_CURVE ( 'NONE', #473, #1364, #2565, .T. ) ;
#637 = ORIENTED_EDGE ( 'NONE', *, *, #1916, .T. ) ;
#638 = EDGE_LOOP ( 'NONE', ( #2168, #1215, #1758, #1437 ) ) ;
#639 = DIRECTION ( 'NONE',  ( -1.000000000000000000, -0.000000000000000000, -0.000000000000000000 ) ) ;
#640 = EDGE_LOOP ( 'NONE', ( #1319, #2499, #2158, #612 ) ) ;
#641 = ADVANCED_FACE ( 'NONE', ( #2167 ), #2779, .F. ) ;
#642 = DIRECTION ( 'NONE',  ( -0.000000000000000000, 1.000000000000000000, -0.000000000000000000 ) ) ;
#643 = DIRECTION ( 'NONE',  ( 0.000000000000000000, 0.000000000000000000, 1.000000000000000000 ) ) ;
#644 = FACE_OUTER_BOUND ( 'NONE', #1461, .T. ) ;
#645 = ADVANCED_FACE ( 'NONE', ( #2134 ), #1940, .T. ) ;
#646 = DIRECTION ( 'NONE',  ( -0.000000000000000000, 1.000000000000000000, -0.000000000000000000 ) ) ;
#647 = ORIENTED_EDGE ( 'NONE', *, *, #804, .T. ) ;
#648 = DIRECTION ( 'NONE',  ( -4.336808689942013792E-16, 0.000000000000000000, 1.000000000000000000 ) ) ;
#649 = VECTOR ( 'NONE', #1340, 1000.000000000000000 ) ;
#650 = CARTESIAN_POINT ( 'NONE',  ( 66.50000000000000000, 2.000000000000000000, -23.90000000000000213 ) ) ;
#651 = EDGE_LOOP ( 'NONE', ( #168, #1931 ) ) ;
#652 = EDGE_CURVE ( 'NONE', #1784, #989, #1954, .T. ) ;
#653 = CARTESIAN_POINT ( 'NONE',  ( 26.00000000000000000, 0.000000000000000000, -6.000000000000000000 ) ) ;
#654 = ADVANCED_FACE ( 'NONE', ( #1691 ), #2149, .T. ) ;
#655 = ORIENTED_EDGE ( 'NONE', *, *, #551, .T. ) ;
#656 = DIRECTION ( 'NONE',  ( 0.000000000000000000, 0.000000000000000000, 1.000000000000000000 ) ) ;
#657 = CARTESIAN_POINT ( 'NONE',  ( 6.000000000000000000, 2.000000000000000000, -23.90000000000000213 ) ) ;
#658 = VECTOR ( 'NONE', #75, 1000.000000000000000 ) ;
#659 = LINE ( 'NONE', #2227, #2373 ) ;
#660 = ORIENTED_EDGE ( 'NONE', *, *, #2389, .T. ) ;
#661 = CARTESIAN_POINT ( 'NONE',  ( 124.0000000000000000, 2.000000000000000000, -6.999999999999999112 ) ) ;
#662 = PLANE ( 'NONE',  #1805 ) ;
#663 = CARTESIAN_POINT ( 'NONE',  ( 59.00000000000000000, 5.000000000000000000, -3.600000000000000533 ) ) ;
#664 = ORIENTED_EDGE ( 'NONE', *, *, #137, .F. ) ;
#665 = EDGE_CURVE ( 'NONE', #2056, #2782, #418, .T. ) ;
#666 = CARTESIAN_POINT ( 'NONE',  ( 6.000000000000000000, 4.000000000000000000, -23.90000000000000213 ) ) ;
#667 = EDGE_LOOP ( 'NONE', ( #427, #1571, #584, #158 ) ) ;
#668 = DIRECTION ( 'NONE',  ( 1.000000000000000000, 0.000000000000000000, 0.000000000000000000 ) ) ;
#669 = PLANE ( 'NONE',  #765 ) ;
#670 = CARTESIAN_POINT ( 'NONE',  ( 67.00000000000000000, 2.000000000000000000, -3.600000000000000533 ) ) ;
#671 = ORIENTED_EDGE ( 'NONE', *, *, #1771, .T. ) ;
#672 = CARTESIAN_POINT ( 'NONE',  ( 63.00000000000000000, 0.000000000000000000, -3.000000000000000000 ) ) ;
#673 = CIRCLE ( 'NONE', #1910, 1.749999999999998002 ) ;
#674 = CARTESIAN_POINT ( 'NONE',  ( 122.3999999999999915, 2.000000000000000000, -17.00000000000000000 ) ) ;
#675 = ADVANCED_FACE ( 'NONE', ( #391 ), #2762, .F. ) ;
#676 = AXIS2_PLACEMENT_3D ( 'NONE', #2606, #1072, #643 ) ;
#677 = LINE ( 'NONE', #892, #363 ) ;
#678 = ORIENTED_EDGE ( 'NONE', *, *, #1692, .T. ) ;
#679 = ORIENTED_EDGE ( 'NONE', *, *, #2085, .F. ) ;
#680 = ADVANCED_FACE ( 'NONE', ( #1474 ), #1016, .F. ) ;
#681 = EDGE_CURVE ( 'NONE', #1140, #1051, #2824, .T. ) ;
#682 = DIRECTION ( 'NONE',  ( -1.734723475976808672E-15, 0.000000000000000000, -1.000000000000000000 ) ) ;
#683 = CARTESIAN_POINT ( 'NONE',  ( 63.00000000000000000, 0.000000000000000000, -1.250000000000003331 ) ) ;
#684 = ORIENTED_EDGE ( 'NONE', *, *, #2170, .T. ) ;
#685 = DIRECTION ( 'NONE',  ( -1.000000000000000000, 0.000000000000000000, 1.734723475976808672E-15 ) ) ;
#686 = FACE_OUTER_BOUND ( 'NONE', #1956, .T. ) ;
#687 = APPLICATION_CONTEXT ( 'automotive_design' ) ;
#688 = ADVANCED_FACE ( 'NONE', ( #1256 ), #170, .F. ) ;
#689 = DIRECTION ( 'NONE',  ( 0.000000000000000000, 1.000000000000000000, 0.000000000000000000 ) ) ;
#690 = LINE ( 'NONE', #1544, #2690 ) ;
#691 = VERTEX_POINT ( 'NONE', #589 ) ;
#692 = CARTESIAN_POINT ( 'NONE',  ( 96.00000000000000000, 0.000000000000000000, -22.00000000000000000 ) ) ;
#693 = EDGE_CURVE ( 'NONE', #2251, #808, #1925, .T. ) ;
#694 = CARTESIAN_POINT ( 'NONE',  ( 66.50000000000000000, 4.000000000000000000, -22.39999999999999858 ) ) ;
#695 = CARTESIAN_POINT ( 'NONE',  ( 92.00000000000000000, 0.000000000000000000, -5.999999999999999112 ) ) ;
#696 = ORIENTED_EDGE ( 'NONE', *, *, #2378, .T. ) ;
#697 = ORIENTED_EDGE ( 'NONE', *, *, #1782, .T. ) ;
#698 = LINE ( 'NONE', #487, #1297 ) ;
#699 = CARTESIAN_POINT ( 'NONE',  ( 124.0000000000000000, 2.000000000000000000, -17.00000000000000000 ) ) ;
#700 = AXIS2_PLACEMENT_3D ( 'NONE', #1715, #2376, #1059 ) ;
#701 = EDGE_LOOP ( 'NONE', ( #733, #2616, #152, #289 ) ) ;
#702 = CLOSED_SHELL ( 'NONE', ( #1276, #588, #824, #890, #126, #2264, #2308, #2795, #1482, #1659, #393, #2247, #2479, #641, #1604, #675, #1198, #2783, #2371, #978, #426, #233, #630, #1612, #1876, #769, #1155, #2081, #2216, #866, #390, #1174, #2417, #1416, #863, #1705, #2561, #82, #2501, #1294, #2532, #2673, #958, #290, #1690, #680, #2298, #2205, #2599, #1218, #2747, #483, #1650, #688, #2035, #132, #1570, #1238, #2275, #1058, #2710, #1390, #2697, #2176, #645, #2458, #2809, #1901, #2766, #364, #1108, #2486, #2805, #115, #2166, #4, #851, #2717, #2077, #1524, #1579, #515, #654, #1665, #777, #1887, #441, #1382 ) ) ;
#703 = CARTESIAN_POINT ( 'NONE',  ( 0.000000000000000000, 2.000000000000000000, 0.000000000000000000 ) ) ;
#704 = DIRECTION ( 'NONE',  ( -1.301042606982605074E-16, 0.000000000000000000, -1.000000000000000000 ) ) ;
#705 = DIRECTION ( 'NONE',  ( -0.000000000000000000, 1.000000000000000000, -0.000000000000000000 ) ) ;
#706 = LINE ( 'NONE', #2180, #1183 ) ;
#707 = DIRECTION ( 'NONE',  ( 0.000000000000000000, 0.000000000000000000, -1.000000000000000000 ) ) ;
#708 = VECTOR ( 'NONE', #464, 1000.000000000000000 ) ;
#709 = CARTESIAN_POINT ( 'NONE',  ( 66.50000000000000000, 2.000000000000000000, -22.39999999999999858 ) ) ;
#710 = ORIENTED_EDGE ( 'NONE', *, *, #2665, .F. ) ;
#711 = EDGE_LOOP ( 'NONE', ( #1981, #1427, #2419, #142 ) ) ;
#712 = CARTESIAN_POINT ( 'NONE',  ( 98.00000000000000000, 0.000000000000000000, -22.00000000000000000 ) ) ;
#713 = CARTESIAN_POINT ( 'NONE',  ( 98.00000000000000000, 0.000000000000000000, -22.00000000000000000 ) ) ;
#714 = ORIENTED_EDGE ( 'NONE', *, *, #2062, .F. ) ;
#715 = CARTESIAN_POINT ( 'NONE',  ( 25.99999999999999289, 2.000000000000000000, -21.99999999999999645 ) ) ;
#716 = FACE_BOUND ( 'NONE', #2814, .T. ) ;
#717 = EDGE_CURVE ( 'NONE', #1550, #1029, #1672, .T. ) ;
#718 = LINE ( 'NONE', #2415, #283 ) ;
#719 = LINE ( 'NONE', #695, #1630 ) ;
#720 = ORIENTED_EDGE ( 'NONE', *, *, #2008, .T. ) ;
#721 = ORIENTED_EDGE ( 'NONE', *, *, #1912, .T. ) ;
#722 = VECTOR ( 'NONE', #840, 1000.000000000000000 ) ;
#723 = VECTOR ( 'NONE', #2591, 1000.000000000000114 ) ;
#724 = LINE ( 'NONE', #279, #1428 ) ;
#725 = EDGE_CURVE ( 'NONE', #2793, #2223, #372, .T. ) ;
#726 = VECTOR ( 'NONE', #2733, 1000.000000000000000 ) ;
#727 = CARTESIAN_POINT ( 'NONE',  ( 122.0000000000000000, 2.000000000000000000, -28.00000000000000000 ) ) ;
#728 = ORIENTED_EDGE ( 'NONE', *, *, #1734, .T. ) ;
#729 = DIRECTION ( 'NONE',  ( -0.000000000000000000, -1.000000000000000000, -0.000000000000000000 ) ) ;
#730 = LINE ( 'NONE', #2266, #2190 ) ;
#731 = LINE ( 'NONE', #1177, #140 ) ;
#732 = PLANE ( 'NONE',  #1862 ) ;
#733 = ORIENTED_EDGE ( 'NONE', *, *, #2408, .F. ) ;
#734 = ORIENTED_EDGE ( 'NONE', *, *, #636, .T. ) ;
#735 = CARTESIAN_POINT ( 'NONE',  ( 3.600000000000001421, 5.000000000000000000, -17.00000000000000000 ) ) ;
#736 = LINE ( 'NONE', #1610, #1685 ) ;
#737 = EDGE_CURVE ( 'NONE', #848, #1441, #2796, .T. ) ;
#738 = ORIENTED_EDGE ( 'NONE', *, *, #1074, .F. ) ;
#739 = VECTOR ( 'NONE', #2122, 1000.000000000000000 ) ;
#740 = PLANE ( 'NONE',  #2485 ) ;
#741 = CYLINDRICAL_SURFACE ( 'NONE', #2551, 1.750000000000000000 ) ;
#742 = EDGE_CURVE ( 'NONE', #2046, #2165, #2550, .T. ) ;
#743 = CARTESIAN_POINT ( 'NONE',  ( 35.99999999999999289, 0.000000000000000000, -22.00000000000000000 ) ) ;
#744 = CARTESIAN_POINT ( 'NONE',  ( 124.0000000000000000, 5.000000000000000000, -6.999999999999999112 ) ) ;
#745 = ORIENTED_EDGE ( 'NONE', *, *, #255, .T. ) ;
#746 = ORIENTED_EDGE ( 'NONE', *, *, #226, .T. ) ;
#747 = VECTOR ( 'NONE', #91, 1000.000000000000000 ) ;
#748 = CARTESIAN_POINT ( 'NONE',  ( 92.00000000000000000, 2.000000000000000000, -22.00000000000000000 ) ) ;
#749 = AXIS2_PLACEMENT_3D ( 'NONE', #511, #1568, #1826 ) ;
#750 = CARTESIAN_POINT ( 'NONE',  ( 122.0000000000000000, 4.000000000000000000, -26.49999999999999645 ) ) ;
#751 = EDGE_LOOP ( 'NONE', ( #1730, #2325, #1511, #156 ) ) ;
#752 = EDGE_CURVE ( 'NONE', #772, #763, #1242, .T. ) ;
#753 = CARTESIAN_POINT ( 'NONE',  ( 66.50000000000000000, 4.000000000000000000, -22.39999999999999858 ) ) ;
#754 = FACE_BOUND ( 'NONE', #1696, .T. ) ;
#755 = CARTESIAN_POINT ( 'NONE',  ( 122.3999999999999915, 5.000000000000000000, -6.999999999999999112 ) ) ;
#756 = DIRECTION ( 'NONE',  ( -1.000000000000000000, 0.000000000000000000, -0.000000000000000000 ) ) ;
#757 = ORIENTED_EDGE ( 'NONE', *, *, #533, .T. ) ;
#758 = EDGE_LOOP ( 'NONE', ( #389, #462, #2003, #1047 ) ) ;
#759 = EDGE_CURVE ( 'NONE', #869, #1697, #153, .T. ) ;
#760 = DIRECTION ( 'NONE',  ( 0.000000000000000000, 0.000000000000000000, 1.000000000000000000 ) ) ;
#761 = FACE_OUTER_BOUND ( 'NONE', #2368, .T. ) ;
#762 = EDGE_CURVE ( 'NONE', #2361, #206, #480, .T. ) ;
#763 = VERTEX_POINT ( 'NONE', #661 ) ;
#764 = VECTOR ( 'NONE', #1487, 1000.000000000000000 ) ;
#765 = AXIS2_PLACEMENT_3D ( 'NONE', #1513, #2161, #1339 ) ;
#766 = CARTESIAN_POINT ( 'NONE',  ( 0.000000000000000000, 2.000000000000000000, 0.000000000000000000 ) ) ;
#767 = FACE_BOUND ( 'NONE', #604, .T. ) ;
#768 = DIRECTION ( 'NONE',  ( 0.000000000000000000, 0.000000000000000000, 1.000000000000000000 ) ) ;
#769 = ADVANCED_FACE ( 'NONE', ( #242 ), #1780, .F. ) ;
#770 = LINE ( 'NONE', #507, #524 ) ;
#771 = ORIENTED_EDGE ( 'NONE', *, *, #1086, .T. ) ;
#772 = VERTEX_POINT ( 'NONE', #463 ) ;
#773 = EDGE_CURVE ( 'NONE', #2286, #2572, #718, .T. ) ;
#774 = CARTESIAN_POINT ( 'NONE',  ( 119.0000000000000000, 5.000000000000000000, -3.600000000000000533 ) ) ;
#775 = VECTOR ( 'NONE', #2185, 1000.000000000000000 ) ;
#776 = DIRECTION ( 'NONE',  ( 1.000000000000000000, 0.000000000000000000, -0.000000000000000000 ) ) ;
#777 = ADVANCED_FACE ( 'NONE', ( #905 ), #1134, .F. ) ;
#778 = VERTEX_POINT ( 'NONE', #1359 ) ;
#779 = CARTESIAN_POINT ( 'NONE',  ( 34.00000000000000000, 0.000000000000000000, -6.000000000000000000 ) ) ;
#780 = DIRECTION ( 'NONE',  ( 0.000000000000000000, 0.000000000000000000, 1.000000000000000000 ) ) ;
#781 = CARTESIAN_POINT ( 'NONE',  ( 6.000000000000000888, 2.000000000000000000, -22.39999999999999858 ) ) ;
#782 = AXIS2_PLACEMENT_3D ( 'NONE', #85, #1870, #2090 ) ;
#783 = EDGE_CURVE ( 'NONE', #2754, #2084, #1699, .T. ) ;
#784 = FACE_BOUND ( 'NONE', #2270, .T. ) ;
#785 = ORIENTED_EDGE ( 'NONE', *, *, #1827, .F. ) ;
#786 = VECTOR ( 'NONE', #2188, 1000.000000000000000 ) ;
#787 = ORIENTED_EDGE ( 'NONE', *, *, #574, .T. ) ;
#788 = LINE ( 'NONE', #2082, #1588 ) ;
#789 = DIRECTION ( 'NONE',  ( -0.000000000000000000, 0.000000000000000000, -1.000000000000000000 ) ) ;
#790 = EDGE_LOOP ( 'NONE', ( #1326, #814, #2745, #1426 ) ) ;
#791 = AXIS2_PLACEMENT_3D ( 'NONE', #2826, #1738, #2387 ) ;
#792 = EDGE_LOOP ( 'NONE', ( #1976, #2653, #1363, #835 ) ) ;
#793 = DIRECTION ( 'NONE',  ( 0.000000000000000000, 0.000000000000000000, 1.000000000000000000 ) ) ;
#794 = LINE ( 'NONE', #1900, #452 ) ;
#795 = DIRECTION ( 'NONE',  ( 0.000000000000000000, 0.000000000000000000, 1.000000000000000000 ) ) ;
#796 = PLANE ( 'NONE',  #995 ) ;
#797 = ORIENTED_EDGE ( 'NONE', *, *, #1373, .F. ) ;
#798 = ORIENTED_EDGE ( 'NONE', *, *, #965, .F. ) ;
#799 = DIRECTION ( 'NONE',  ( 0.000000000000000000, 0.000000000000000000, 1.000000000000000000 ) ) ;
#800 = CARTESIAN_POINT ( 'NONE',  ( 88.00000000000000000, 2.000000000000000000, -5.999999999999999112 ) ) ;
#801 = ORIENTED_EDGE ( 'NONE', *, *, #2170, .F. ) ;
#802 = CYLINDRICAL_SURFACE ( 'NONE', #1664, 1.750000000000001554 ) ;
#803 = VECTOR ( 'NONE', #65, 1000.000000000000000 ) ;
#804 = EDGE_CURVE ( 'NONE', #2165, #2132, #1562, .T. ) ;
#805 = VERTEX_POINT ( 'NONE', #889 ) ;
#806 = DIRECTION ( 'NONE',  ( -0.000000000000000000, 1.000000000000000000, -0.000000000000000000 ) ) ;
#807 = AXIS2_PLACEMENT_3D ( 'NONE', #882, #195, #2346 ) ;
#808 = VERTEX_POINT ( 'NONE', #1795 ) ;
#809 = VECTOR ( 'NONE', #57, 1000.000000000000000 ) ;
#810 = CARTESIAN_POINT ( 'NONE',  ( 122.3999999999999915, 5.000000000000000000, -6.999999999999999112 ) ) ;
#811 = VECTOR ( 'NONE', #1341, 1000.000000000000000 ) ;
#812 = LINE ( 'NONE', #2347, #537 ) ;
#813 = PLANE ( 'NONE',  #2150 ) ;
#814 = ORIENTED_EDGE ( 'NONE', *, *, #1431, .F. ) ;
#815 = FACE_BOUND ( 'NONE', #127, .T. ) ;
#816 = EDGE_LOOP ( 'NONE', ( #1686, #1042, #577, #2043 ) ) ;
#817 = ORIENTED_EDGE ( 'NONE', *, *, #1187, .T. ) ;
#818 = DIRECTION ( 'NONE',  ( -0.000000000000000000, 0.000000000000000000, -1.000000000000000000 ) ) ;
#819 = LINE ( 'NONE', #607, #1943 ) ;
#820 = VERTEX_POINT ( 'NONE', #1590 ) ;
#821 = EDGE_LOOP ( 'NONE', ( #339, #31, #2695, #2068 ) ) ;
#822 = VERTEX_POINT ( 'NONE', #2213 ) ;
#823 = VERTEX_POINT ( 'NONE', #2635 ) ;
#824 = ADVANCED_FACE ( 'NONE', ( #2446 ), #1765, .F. ) ;
#825 = FACE_OUTER_BOUND ( 'NONE', #949, .T. ) ;
#826 = CARTESIAN_POINT ( 'NONE',  ( 124.0000000000000000, 5.000000000000000000, -17.00000000000000000 ) ) ;
#827 = DIRECTION ( 'NONE',  ( 0.000000000000000000, -0.000000000000000000, 1.000000000000000000 ) ) ;
#828 = EDGE_LOOP ( 'NONE', ( #2232, #2127, #1240, #2282 ) ) ;
#829 = VERTEX_POINT ( 'NONE', #692 ) ;
#830 = CARTESIAN_POINT ( 'NONE',  ( 0.000000000000000000, 4.000000000000000000, 0.000000000000000000 ) ) ;
#831 = VECTOR ( 'NONE', #1280, 1000.000000000000000 ) ;
#832 = LINE ( 'NONE', #1723, #2172 ) ;
#833 = ORIENTED_EDGE ( 'NONE', *, *, #1694, .T. ) ;
#834 = EDGE_LOOP ( 'NONE', ( #2669, #897, #655, #1789 ) ) ;
#835 = ORIENTED_EDGE ( 'NONE', *, *, #244, .T. ) ;
#836 = EDGE_CURVE ( 'NONE', #2132, #2271, #1546, .T. ) ;
#837 = FACE_OUTER_BOUND ( 'NONE', #2395, .T. ) ;
#838 = EDGE_CURVE ( 'NONE', #1923, #278, #2472, .T. ) ;
#839 = ORIENTED_EDGE ( 'NONE', *, *, #1796, .F. ) ;
#840 = DIRECTION ( 'NONE',  ( 4.336808689942019708E-16, 0.000000000000000000, 1.000000000000000000 ) ) ;
#841 = DIRECTION ( 'NONE',  ( 4.336808689942019708E-16, 0.000000000000000000, 1.000000000000000000 ) ) ;
#842 = VERTEX_POINT ( 'NONE', #2431 ) ;
#843 = EDGE_CURVE ( 'NONE', #2361, #1029, #42, .T. ) ;
#844 = DIRECTION ( 'NONE',  ( 0.000000000000000000, 0.000000000000000000, 1.000000000000000000 ) ) ;
#845 = ORIENTED_EDGE ( 'NONE', *, *, #112, .F. ) ;
#846 = CARTESIAN_POINT ( 'NONE',  ( 100.0000000000000000, 0.000000000000000000, -22.00000000000000000 ) ) ;
#847 = LINE ( 'NONE', #214, #19 ) ;
#848 = VERTEX_POINT ( 'NONE', #918 ) ;
#849 = EDGE_CURVE ( 'NONE', #1779, #1455, #2663, .T. ) ;
#850 = ORIENTED_EDGE ( 'NONE', *, *, #2006, .F. ) ;
#851 = ADVANCED_FACE ( 'NONE', ( #1577 ), #2459, .F. ) ;
#852 = FACE_OUTER_BOUND ( 'NONE', #1083, .T. ) ;
#853 = ORIENTED_EDGE ( 'NONE', *, *, #2382, .F. ) ;
#854 = EDGE_LOOP ( 'NONE', ( #26, #2119, #1721, #647 ) ) ;
#855 = DIRECTION ( 'NONE',  ( 0.000000000000000000, 0.000000000000000000, 1.000000000000000000 ) ) ;
#856 = LINE ( 'NONE', #208, #580 ) ;
#857 = AXIS2_PLACEMENT_3D ( 'NONE', #1038, #642, #2129 ) ;
#858 = CARTESIAN_POINT ( 'NONE',  ( 96.00000000000000000, 2.000000000000000000, -5.999999999999999112 ) ) ;
#859 = VECTOR ( 'NONE', #1025, 1000.000000000000000 ) ;
#860 = VECTOR ( 'NONE', #446, 1000.000000000000000 ) ;
#861 = DIRECTION ( 'NONE',  ( -2.168404344971008868E-16, -0.000000000000000000, -1.000000000000000000 ) ) ;
#862 = EDGE_LOOP ( 'NONE', ( #87, #2306, #2709, #1381 ) ) ;
#863 = ADVANCED_FACE ( 'NONE', ( #2026 ), #933, .F. ) ;
#864 = CARTESIAN_POINT ( 'NONE',  ( 6.000000000000000888, 4.000000000000000000, -22.39999999999999858 ) ) ;
#865 = DIRECTION ( 'NONE',  ( -1.000000000000000000, -0.000000000000000000, 1.734723475976808475E-15 ) ) ;
#866 = ADVANCED_FACE ( 'NONE', ( #1 ), #2182, .F. ) ;
#867 = ORIENTED_EDGE ( 'NONE', *, *, #1186, .F. ) ;
#868 = DIRECTION ( 'NONE',  ( -0.000000000000000000, 0.000000000000000000, 1.000000000000000000 ) ) ;
#869 = VERTEX_POINT ( 'NONE', #527 ) ;
#870 = DIRECTION ( 'NONE',  ( 0.000000000000000000, 0.9578262852211525402, -0.2873478855663418319 ) ) ;
#871 = CARTESIAN_POINT ( 'NONE',  ( 86.00000000000000000, 2.000000000000000000, -6.000000000000000000 ) ) ;
#872 = LINE ( 'NONE', #12, #811 ) ;
#873 = VERTEX_POINT ( 'NONE', #2470 ) ;
#874 = DIRECTION ( 'NONE',  ( 1.000000000000000000, -0.000000000000000000, 4.336808689942013792E-16 ) ) ;
#875 = EDGE_CURVE ( 'NONE', #2046, #2828, #2210, .T. ) ;
#876 = VECTOR ( 'NONE', #916, 1000.000000000000000 ) ;
#877 = DIRECTION ( 'NONE',  ( 0.000000000000000000, 1.000000000000000000, 0.000000000000000000 ) ) ;
#878 = CARTESIAN_POINT ( 'NONE',  ( 30.00000000000000000, 0.000000000000000000, -6.000000000000000000 ) ) ;
#879 = VERTEX_POINT ( 'NONE', #1383 ) ;
#880 = LINE ( 'NONE', #666, #786 ) ;
#881 = ORIENTED_EDGE ( 'NONE', *, *, #2514, .F. ) ;
#882 = CARTESIAN_POINT ( 'NONE',  ( 39.99999999999998579, 0.000000000000000000, -22.00000000000000000 ) ) ;
#883 = VECTOR ( 'NONE', #330, 1000.000000000000000 ) ;
#884 = CARTESIAN_POINT ( 'NONE',  ( 88.00000000000000000, 0.000000000000000000, -5.999999999999999112 ) ) ;
#885 = EDGE_CURVE ( 'NONE', #808, #1586, #1162, .T. ) ;
#886 = VECTOR ( 'NONE', #999, 1000.000000000000000 ) ;
#887 = CARTESIAN_POINT ( 'NONE',  ( 27.99999999999998934, 2.000000000000000000, -22.00000000000000000 ) ) ;
#888 = ORIENTED_EDGE ( 'NONE', *, *, #1490, .T. ) ;
#889 = CARTESIAN_POINT ( 'NONE',  ( 86.00000000000000000, 0.000000000000000000, -6.000000000000000000 ) ) ;
#890 = ADVANCED_FACE ( 'NONE', ( #902 ), #295, .F. ) ;
#891 = CARTESIAN_POINT ( 'NONE',  ( 4.000000000000003553, 4.000000000000000000, -28.00000000000000000 ) ) ;
#892 = CARTESIAN_POINT ( 'NONE',  ( 120.0000000000000000, 4.000000000000000000, -22.39999999999999858 ) ) ;
#893 = EDGE_LOOP ( 'NONE', ( #1302, #1033, #1714, #2723 ) ) ;
#894 = ORIENTED_EDGE ( 'NONE', *, *, #2787, .F. ) ;
#895 = LINE ( 'NONE', #683, #2578 ) ;
#896 = EDGE_CURVE ( 'NONE', #397, #1881, #40, .T. ) ;
#897 = ORIENTED_EDGE ( 'NONE', *, *, #1493, .T. ) ;
#898 = EDGE_CURVE ( 'NONE', #2476, #820, #1175, .T. ) ;
#899 = CARTESIAN_POINT ( 'NONE',  ( 123.0000000000000000, 0.000000000000000000, -1.250000000000003331 ) ) ;
#900 = DIRECTION ( 'NONE',  ( -2.168404344971008868E-16, 0.000000000000000000, -1.000000000000000000 ) ) ;
#901 = DIRECTION ( 'NONE',  ( 1.000000000000000000, 0.000000000000000000, 0.000000000000000000 ) ) ;
#902 = FACE_OUTER_BOUND ( 'NONE', #834, .T. ) ;
#903 = DIRECTION ( 'NONE',  ( 0.000000000000000000, 0.000000000000000000, 1.000000000000000000 ) ) ;
#904 = ORIENTED_EDGE ( 'NONE', *, *, #2675, .T. ) ;
#905 = FACE_OUTER_BOUND ( 'NONE', #1191, .T. ) ;
#906 = DIRECTION ( 'NONE',  ( -0.000000000000000000, -1.000000000000000000, -0.000000000000000000 ) ) ;
#907 = AXIS2_PLACEMENT_3D ( 'NONE', #1949, #254, #23 ) ;
#908 = DIRECTION ( 'NONE',  ( -0.000000000000000000, -1.000000000000000000, -0.000000000000000000 ) ) ;
#909 = VERTEX_POINT ( 'NONE', #56 ) ;
#910 = ORIENTED_EDGE ( 'NONE', *, *, #177, .F. ) ;
#911 = CARTESIAN_POINT ( 'NONE',  ( 25.99999999999999289, 0.000000000000000000, -21.99999999999999645 ) ) ;
#912 = CARTESIAN_POINT ( 'NONE',  ( 3.000000000000000000, 0.000000000000000000, -20.89999999999999858 ) ) ;
#913 = VERTEX_POINT ( 'NONE', #1808 ) ;
#914 = CARTESIAN_POINT ( 'NONE',  ( 27.99999999999998934, 0.000000000000000000, -22.00000000000000000 ) ) ;
#915 = CARTESIAN_POINT ( 'NONE',  ( 66.00000000000000000, 4.000000000000000000, -28.00000000000000000 ) ) ;
#916 = DIRECTION ( 'NONE',  ( -0.000000000000000000, 1.000000000000000000, -0.000000000000000000 ) ) ;
#917 = DIRECTION ( 'NONE',  ( -1.000000000000000000, -0.000000000000000000, -0.000000000000000000 ) ) ;
#918 = CARTESIAN_POINT ( 'NONE',  ( 35.99999999999999289, 0.000000000000000000, -6.000000000000000000 ) ) ;
#919 = LINE ( 'NONE', #694, #565 ) ;
#920 = CARTESIAN_POINT ( 'NONE',  ( 3.000000000000000000, 0.000000000000000000, -20.89999999999999858 ) ) ;
#921 = VERTEX_POINT ( 'NONE', #2677 ) ;
#922 = VERTEX_POINT ( 'NONE', #1559 ) ;
#923 = VECTOR ( 'NONE', #1613, 1000.000000000000000 ) ;
#924 = CARTESIAN_POINT ( 'NONE',  ( 37.99999999999999289, 0.000000000000000000, -21.99999999999999645 ) ) ;
#925 = DIRECTION ( 'NONE',  ( 0.000000000000000000, 0.000000000000000000, 1.000000000000000000 ) ) ;
#926 = VECTOR ( 'NONE', #1505, 1000.000000000000000 ) ;
#927 = EDGE_LOOP ( 'NONE', ( #325, #2674, #509, #1947 ) ) ;
#928 = EDGE_CURVE ( 'NONE', #2430, #2802, #477, .T. ) ;
#929 = VECTOR ( 'NONE', #1261, 1000.000000000000000 ) ;
#930 = DIRECTION ( 'NONE',  ( 0.000000000000000000, 0.000000000000000000, 1.000000000000000000 ) ) ;
#931 = DIRECTION ( 'NONE',  ( -0.000000000000000000, 1.000000000000000000, -0.000000000000000000 ) ) ;
#932 = FACE_BOUND ( 'NONE', #2488, .T. ) ;
#933 = PLANE ( 'NONE',  #2743 ) ;
#934 = EDGE_CURVE ( 'NONE', #2200, #1463, #2048, .T. ) ;
#935 = VECTOR ( 'NONE', #2220, 1000.000000000000000 ) ;
#936 = DIRECTION ( 'NONE',  ( -0.000000000000000000, 0.000000000000000000, 1.000000000000000000 ) ) ;
#937 = EDGE_LOOP ( 'NONE', ( #2600, #2768 ) ) ;
#938 = ORIENTED_EDGE ( 'NONE', *, *, #875, .T. ) ;
#939 = DIRECTION ( 'NONE',  ( 0.000000000000000000, 0.000000000000000000, 1.000000000000000000 ) ) ;
#940 = LINE ( 'NONE', #727, #2184 ) ;
#941 = ORIENTED_EDGE ( 'NONE', *, *, #2428, .T. ) ;
#942 = EDGE_CURVE ( 'NONE', #1336, #165, #232, .T. ) ;
#943 = DIRECTION ( 'NONE',  ( 1.000000000000000000, 0.000000000000000000, -0.000000000000000000 ) ) ;
#944 = FACE_BOUND ( 'NONE', #1460, .T. ) ;
#945 = VECTOR ( 'NONE', #1585, 1000.000000000000000 ) ;
#946 = PLANE ( 'NONE',  #2209 ) ;
#947 = DIRECTION ( 'NONE',  ( -0.000000000000000000, 1.000000000000000000, -0.000000000000000000 ) ) ;
#948 = EDGE_CURVE ( 'NONE', #1939, #1293, #1370, .T. ) ;
#949 = EDGE_LOOP ( 'NONE', ( #1760, #1640, #2018, #2505 ) ) ;
#950 = VERTEX_POINT ( 'NONE', #2037 ) ;
#951 = VECTOR ( 'NONE', #1031, 1000.000000000000000 ) ;
#952 = EDGE_CURVE ( 'NONE', #543, #200, #1601, .T. ) ;
#953 = VECTOR ( 'NONE', #223, 1000.000000000000114 ) ;
#954 = DIRECTION ( 'NONE',  ( -4.336808689942017120E-17, -0.000000000000000000, -1.000000000000000000 ) ) ;
#955 = AXIS2_PLACEMENT_3D ( 'NONE', #1654, #2533, #570 ) ;
#956 = CARTESIAN_POINT ( 'NONE',  ( 7.000000000000000888, 5.000000000000000000, -2.000000000000000000 ) ) ;
#957 = ORIENTED_EDGE ( 'NONE', *, *, #1863, .T. ) ;
#958 = ADVANCED_FACE ( 'NONE', ( #1575 ), #740, .F. ) ;
#959 = DIRECTION ( 'NONE',  ( 1.000000000000000000, -0.000000000000000000, 4.336808689942013792E-16 ) ) ;
#960 = DIRECTION ( 'NONE',  ( -1.000000000000000000, 0.000000000000000000, 0.000000000000000000 ) ) ;
#961 = PLANE ( 'NONE',  #1702 ) ;
#962 = CARTESIAN_POINT ( 'NONE',  ( 0.000000000000000000, 4.000000000000000000, 0.000000000000000000 ) ) ;
#963 = ORIENTED_EDGE ( 'NONE', *, *, #1062, .F. ) ;
#964 = ORIENTED_EDGE ( 'NONE', *, *, #1161, .F. ) ;
#965 = EDGE_CURVE ( 'NONE', #2769, #17, #969, .T. ) ;
#966 = DIRECTION ( 'NONE',  ( -0.000000000000000000, 1.000000000000000000, -0.000000000000000000 ) ) ;
#967 = LINE ( 'NONE', #981, #243 ) ;
#968 = ORIENTED_EDGE ( 'NONE', *, *, #984, .F. ) ;
#969 = CIRCLE ( 'NONE', #1377, 1.750000000000000000 ) ;
#970 = VECTOR ( 'NONE', #354, 1000.000000000000000 ) ;
#971 = CARTESIAN_POINT ( 'NONE',  ( 7.000000000000000888, 2.000000000000000000, -2.000000000000000000 ) ) ;
#972 = DIRECTION ( 'NONE',  ( -0.000000000000000000, 1.000000000000000000, -0.000000000000000000 ) ) ;
#973 = LINE ( 'NONE', #781, #2749 ) ;
#974 = EDGE_CURVE ( 'NONE', #473, #622, #24, .T. ) ;
#975 = DIRECTION ( 'NONE',  ( 0.000000000000000000, 0.000000000000000000, -1.000000000000000000 ) ) ;
#976 = ORIENTED_EDGE ( 'NONE', *, *, #1452, .F. ) ;
#977 = ORIENTED_EDGE ( 'NONE', *, *, #1265, .T. ) ;
#978 = ADVANCED_FACE ( 'NONE', ( #1147 ), #492, .F. ) ;
#979 = LINE ( 'NONE', #1643, #1132 ) ;
#980 = VECTOR ( 'NONE', #2781, 1000.000000000000000 ) ;
#981 = CARTESIAN_POINT ( 'NONE',  ( 2.000000000000000000, 2.000000000000000000, -17.00000000000000000 ) ) ;
#982 = EDGE_LOOP ( 'NONE', ( #345, #191, #2722, #370 ) ) ;
#983 = EDGE_CURVE ( 'NONE', #1342, #2142, #1356, .T. ) ;
#984 = EDGE_CURVE ( 'NONE', #1120, #1418, #2647, .T. ) ;
#985 = DIRECTION ( 'NONE',  ( 4.747324979659332675E-16, 0.9578262852211525402, -0.2873478855663418319 ) ) ;
#986 = CARTESIAN_POINT ( 'NONE',  ( 35.99999999999999289, 2.000000000000000000, -6.000000000000000000 ) ) ;
#987 = DIRECTION ( 'NONE',  ( -1.000000000000000000, 0.000000000000000000, -0.000000000000000000 ) ) ;
#988 = CARTESIAN_POINT ( 'NONE',  ( 7.000000000000000888, 5.000000000000000000, -3.600000000000000533 ) ) ;
#989 = VERTEX_POINT ( 'NONE', #1777 ) ;
#990 = VERTEX_POINT ( 'NONE', #1201 ) ;
#991 = DIRECTION ( 'NONE',  ( -0.000000000000000000, -0.000000000000000000, -1.000000000000000000 ) ) ;
#992 = CARTESIAN_POINT ( 'NONE',  ( 59.00000000000000000, 5.000000000000000000, -3.600000000000000533 ) ) ;
#993 = VECTOR ( 'NONE', #1008, 1000.000000000000000 ) ;
#994 = ORIENTED_EDGE ( 'NONE', *, *, #2432, .T. ) ;
#995 = AXIS2_PLACEMENT_3D ( 'NONE', #2546, #1938, #827 ) ;
#996 = DIRECTION ( 'NONE',  ( 0.000000000000000000, 1.000000000000000000, 0.000000000000000000 ) ) ;
#997 = DIRECTION ( 'NONE',  ( -0.000000000000000000, 1.000000000000000000, -0.000000000000000000 ) ) ;
#998 = DIRECTION ( 'NONE',  ( -1.000000000000000000, 0.000000000000000000, 0.000000000000000000 ) ) ;
#999 = DIRECTION ( 'NONE',  ( -0.000000000000000000, -0.000000000000000000, 1.000000000000000000 ) ) ;
#1000 = ORIENTED_EDGE ( 'NONE', *, *, #79, .T. ) ;
#1001 = ORIENTED_EDGE ( 'NONE', *, *, #849, .T. ) ;
#1002 = DIRECTION ( 'NONE',  ( -0.000000000000000000, 1.000000000000000000, -0.000000000000000000 ) ) ;
#1003 = AXIS2_PLACEMENT_3D ( 'NONE', #600, #1237, #795 ) ;
#1004 = PLANE ( 'NONE',  #1921 ) ;
#1005 = ORIENTED_EDGE ( 'NONE', *, *, #1223, .F. ) ;
#1006 = ORIENTED_EDGE ( 'NONE', *, *, #1431, .T. ) ;
#1007 = VECTOR ( 'NONE', #705, 1000.000000000000000 ) ;
#1008 = DIRECTION ( 'NONE',  ( -0.000000000000000000, 1.000000000000000000, -0.000000000000000000 ) ) ;
#1009 = LINE ( 'NONE', #826, #1181 ) ;
#1010 = DIRECTION ( 'NONE',  ( -0.000000000000000000, -1.000000000000000000, -0.000000000000000000 ) ) ;
#1011 = VECTOR ( 'NONE', #1820, 1000.000000000000000 ) ;
#1012 = FACE_OUTER_BOUND ( 'NONE', #1825, .T. ) ;
#1013 = ORIENTED_EDGE ( 'NONE', *, *, #942, .F. ) ;
#1014 = ORIENTED_EDGE ( 'NONE', *, *, #377, .F. ) ;
#1015 = EDGE_CURVE ( 'NONE', #1331, #909, #145, .T. ) ;
#1016 = PLANE ( 'NONE',  #96 ) ;
#1017 = CARTESIAN_POINT ( 'NONE',  ( 96.00000000000000000, 0.000000000000000000, -22.00000000000000000 ) ) ;
#1018 = EDGE_LOOP ( 'NONE', ( #52, #1695, #1726, #2735 ) ) ;
#1019 = DIRECTION ( 'NONE',  ( -0.000000000000000000, -1.000000000000000000, -0.000000000000000000 ) ) ;
#1020 = ORIENTED_EDGE ( 'NONE', *, *, #983, .F. ) ;
#1021 = VECTOR ( 'NONE', #2272, 1000.000000000000000 ) ;
#1022 = CARTESIAN_POINT ( 'NONE',  ( 39.99999999999999289, 0.000000000000000000, -6.000000000000000000 ) ) ;
#1023 = ORIENTED_EDGE ( 'NONE', *, *, #2798, .T. ) ;
#1024 = LINE ( 'NONE', #766, #2110 ) ;
#1025 = DIRECTION ( 'NONE',  ( -2.168404344971008868E-16, -0.000000000000000000, -1.000000000000000000 ) ) ;
#1026 = CARTESIAN_POINT ( 'NONE',  ( 6.000000000000000888, 4.000000000000000000, -22.39999999999999858 ) ) ;
#1027 = DIRECTION ( 'NONE',  ( 0.000000000000000000, 0.000000000000000000, 1.000000000000000000 ) ) ;
#1028 = ORIENTED_EDGE ( 'NONE', *, *, #665, .T. ) ;
#1029 = VERTEX_POINT ( 'NONE', #2289 ) ;
#1030 = DIRECTION ( 'NONE',  ( 0.000000000000000000, 1.000000000000000000, 0.000000000000000000 ) ) ;
#1031 = DIRECTION ( 'NONE',  ( 0.000000000000000000, 0.000000000000000000, 1.000000000000000000 ) ) ;
#1032 = VERTEX_POINT ( 'NONE', #1842 ) ;
#1033 = ORIENTED_EDGE ( 'NONE', *, *, #2295, .F. ) ;
#1034 = VERTEX_POINT ( 'NONE', #309 ) ;
#1035 = VECTOR ( 'NONE', #1195, 1000.000000000000000 ) ;
#1036 = ORIENTED_EDGE ( 'NONE', *, *, #1344, .T. ) ;
#1037 = VECTOR ( 'NONE', #2632, 1000.000000000000000 ) ;
#1038 = CARTESIAN_POINT ( 'NONE',  ( 123.0000000000000000, 0.000000000000000000, -20.89999999999999858 ) ) ;
#1039 = CARTESIAN_POINT ( 'NONE',  ( 3.000000000000000000, 2.000000000000000000, -2.999999999999999112 ) ) ;
#1040 = FACE_BOUND ( 'NONE', #1322, .T. ) ;
#1041 = ORIENTED_EDGE ( 'NONE', *, *, #2681, .T. ) ;
#1042 = ORIENTED_EDGE ( 'NONE', *, *, #1279, .T. ) ;
#1043 = DIRECTION ( 'NONE',  ( 0.000000000000000000, -0.000000000000000000, 1.000000000000000000 ) ) ;
#1044 = CARTESIAN_POINT ( 'NONE',  ( 86.00000000000000000, 0.000000000000000000, -22.00000000000000000 ) ) ;
#1045 = EDGE_LOOP ( 'NONE', ( #1618, #231, #2318, #1094 ) ) ;
#1046 = EDGE_CURVE ( 'NONE', #1034, #2223, #2506, .T. ) ;
#1047 = ORIENTED_EDGE ( 'NONE', *, *, #1448, .T. ) ;
#1048 = ORIENTED_EDGE ( 'NONE', *, *, #1520, .T. ) ;
#1049 = DIRECTION ( 'NONE',  ( -5.782411586589351722E-16, 0.000000000000000000, -1.000000000000000000 ) ) ;
#1050 = DIRECTION ( 'NONE',  ( 1.000000000000000000, 0.000000000000000000, 0.000000000000000000 ) ) ;
#1051 = VERTEX_POINT ( 'NONE', #1855 ) ;
#1052 = VERTEX_POINT ( 'NONE', #539 ) ;
#1053 = CARTESIAN_POINT ( 'NONE',  ( 119.0000000000000000, 5.000000000000000000, -3.600000000000000533 ) ) ;
#1054 = CARTESIAN_POINT ( 'NONE',  ( 66.50000000000000000, 4.000000000000000000, -23.90000000000000213 ) ) ;
#1055 = DIRECTION ( 'NONE',  ( -0.000000000000000000, 1.000000000000000000, -0.000000000000000000 ) ) ;
#1056 = FACE_BOUND ( 'NONE', #2143, .T. ) ;
#1057 = ORIENTED_EDGE ( 'NONE', *, *, #1196, .F. ) ;
#1058 = ADVANCED_FACE ( 'NONE', ( #2741 ), #2518, .T. ) ;
#1059 = DIRECTION ( 'NONE',  ( 4.336808689942019708E-16, 0.000000000000000000, 1.000000000000000000 ) ) ;
#1060 = LINE ( 'NONE', #2355, #430 ) ;
#1061 = AXIS2_PLACEMENT_3D ( 'NONE', #1095, #1081, #457 ) ;
#1062 = EDGE_CURVE ( 'NONE', #1342, #2137, #1024, .T. ) ;
#1063 = VERTEX_POINT ( 'NONE', #1623 ) ;
#1064 = PRODUCT ( 'Sensor_Halterung_ESP-NOW_2_Panel_Deckel', 'Sensor_Halterung_ESP-NOW_2_Panel_Deckel', '', ( #2240 ) ) ;
#1065 = LINE ( 'NONE', #396, #929 ) ;
#1066 = LINE ( 'NONE', #1727, #831 ) ;
#1067 = AXIS2_PLACEMENT_3D ( 'NONE', #1873, #2291, #530 ) ;
#1068 = EDGE_LOOP ( 'NONE', ( #957, #1020, #2547, #2563 ) ) ;
#1069 = VERTEX_POINT ( 'NONE', #971 ) ;
#1070 = EDGE_CURVE ( 'NONE', #2430, #47, #1899, .T. ) ;
#1071 = LINE ( 'NONE', #2590, #2316 ) ;
#1072 = DIRECTION ( 'NONE',  ( -1.000000000000000000, 0.000000000000000000, 0.000000000000000000 ) ) ;
#1073 = CARTESIAN_POINT ( 'NONE',  ( 66.00000000000000000, 4.000000000000000000, -28.00000000000000000 ) ) ;
#1074 = EDGE_CURVE ( 'NONE', #62, #473, #2300, .T. ) ;
#1075 = EDGE_CURVE ( 'NONE', #879, #1972, #1210, .T. ) ;
#1076 = DIRECTION ( 'NONE',  ( -1.000000000000000000, -0.000000000000000000, 1.734723475976808475E-15 ) ) ;
#1077 = ORIENTED_EDGE ( 'NONE', *, *, #123, .F. ) ;
#1078 = DIRECTION ( 'NONE',  ( -1.652117596168386770E-15, 0.000000000000000000, 1.000000000000000000 ) ) ;
#1079 = DIRECTION ( 'NONE',  ( 1.000000000000000000, 0.000000000000000000, 0.000000000000000000 ) ) ;
#1080 = ORIENTED_EDGE ( 'NONE', *, *, #54, .T. ) ;
#1081 = DIRECTION ( 'NONE',  ( 1.000000000000000000, 0.000000000000000000, 0.000000000000000000 ) ) ;
#1082 = CARTESIAN_POINT ( 'NONE',  ( 3.000000000000000000, 2.000000000000000000, -19.14999999999999858 ) ) ;
#1083 = EDGE_LOOP ( 'NONE', ( #1245, #2513, #609, #1804 ) ) ;
#1084 = PLANE ( 'NONE',  #78 ) ;
#1085 = DIRECTION ( 'NONE',  ( -1.000000000000000000, -0.000000000000000000, -0.000000000000000000 ) ) ;
#1086 = EDGE_CURVE ( 'NONE', #2319, #1586, #2074, .T. ) ;
#1087 = VECTOR ( 'NONE', #991, 1000.000000000000000 ) ;
#1088 = VECTOR ( 'NONE', #1204, 1000.000000000000000 ) ;
#1089 = DIRECTION ( 'NONE',  ( 1.000000000000000000, 0.000000000000000000, 0.000000000000000000 ) ) ;
#1090 = ORIENTED_EDGE ( 'NONE', *, *, #349, .T. ) ;
#1091 = DIRECTION ( 'NONE',  ( -0.000000000000000000, -1.000000000000000000, -0.000000000000000000 ) ) ;
#1092 = DIRECTION ( 'NONE',  ( 1.000000000000000000, 0.000000000000000000, -0.000000000000000000 ) ) ;
#1093 = DIRECTION ( 'NONE',  ( -0.000000000000000000, 1.000000000000000000, -0.000000000000000000 ) ) ;
#1094 = ORIENTED_EDGE ( 'NONE', *, *, #112, .T. ) ;
#1095 = CARTESIAN_POINT ( 'NONE',  ( 67.00000000000000000, 5.000000000000000000, -3.600000000000000533 ) ) ;
#1096 = EDGE_CURVE ( 'NONE', #2489, #2567, #334, .T. ) ;
#1097 = ORIENTED_EDGE ( 'NONE', *, *, #486, .F. ) ;
#1098 = CARTESIAN_POINT ( 'NONE',  ( 59.50000000000000000, 2.000000000000000000, -22.39999999999999858 ) ) ;
#1099 = AXIS2_PLACEMENT_3D ( 'NONE', #663, #2667, #246 ) ;
#1100 = DIRECTION ( 'NONE',  ( -0.000000000000000000, 1.000000000000000000, -0.000000000000000000 ) ) ;
#1101 = PRODUCT_DEFINITION_CONTEXT ( 'detailed design', #348, 'design' ) ;
#1102 = CARTESIAN_POINT ( 'NONE',  ( 60.00000000000001421, 2.000000000000000000, -28.00000000000000000 ) ) ;
#1103 = ORIENTED_EDGE ( 'NONE', *, *, #1312, .F. ) ;
#1104 = DIRECTION ( 'NONE',  ( 3.304235192336773540E-15, 0.000000000000000000, 1.000000000000000000 ) ) ;
#1105 = AXIS2_PLACEMENT_3D ( 'NONE', #2241, #2483, #1587 ) ;
#1106 = LINE ( 'NONE', #245, #708 ) ;
#1107 = CARTESIAN_POINT ( 'NONE',  ( 29.99999999999999289, 2.000000000000000000, -21.99999999999999645 ) ) ;
#1108 = ADVANCED_FACE ( 'NONE', ( #2558 ), #1224, .F. ) ;
#1109 = EDGE_LOOP ( 'NONE', ( #388, #2080, #18, #180 ) ) ;
#1110 = EDGE_LOOP ( 'NONE', ( #798, #1232 ) ) ;
#1111 = DIRECTION ( 'NONE',  ( 0.000000000000000000, 0.000000000000000000, 1.000000000000000000 ) ) ;
#1112 = VERTEX_POINT ( 'NONE', #581 ) ;
#1113 = LINE ( 'NONE', #2426, #1217 ) ;
#1114 = VECTOR ( 'NONE', #470, 1000.000000000000000 ) ;
#1115 = CARTESIAN_POINT ( 'NONE',  ( 27.99999999999998934, 0.000000000000000000, -22.00000000000000000 ) ) ;
#1116 = CARTESIAN_POINT ( 'NONE',  ( 0.000000000000000000, 0.000000000000000000, 0.000000000000000000 ) ) ;
#1117 = CIRCLE ( 'NONE', #1846, 1.749999999999998002 ) ;
#1118 = CARTESIAN_POINT ( 'NONE',  ( 33.99999999999998579, 0.000000000000000000, -21.99999999999999645 ) ) ;
#1119 = DIRECTION ( 'NONE',  ( 1.000000000000000000, 0.000000000000000000, 4.336808689942013792E-16 ) ) ;
#1120 = VERTEX_POINT ( 'NONE', #2088 ) ;
#1121 = CARTESIAN_POINT ( 'NONE',  ( 59.00000000000000000, 5.000000000000000000, -2.000000000000000000 ) ) ;
#1122 = DIRECTION ( 'NONE',  ( -4.336808689942013792E-16, 0.000000000000000000, 1.000000000000000000 ) ) ;
#1123 = PLANE ( 'NONE',  #2332 ) ;
#1124 = ORIENTED_EDGE ( 'NONE', *, *, #1974, .T. ) ;
#1125 = ORIENTED_EDGE ( 'NONE', *, *, #843, .T. ) ;
#1126 = LINE ( 'NONE', #1171, #658 ) ;
#1127 = DIRECTION ( 'NONE',  ( 1.000000000000000000, 0.000000000000000000, 0.000000000000000000 ) ) ;
#1128 = EDGE_LOOP ( 'NONE', ( #2613, #714, #1139, #136 ) ) ;
#1129 = CARTESIAN_POINT ( 'NONE',  ( 63.00000000000000000, 0.000000000000000000, -3.000000000000000000 ) ) ;
#1130 = LINE ( 'NONE', #1964, #1405 ) ;
#1131 = DIRECTION ( 'NONE',  ( -0.000000000000000000, 0.000000000000000000, -1.000000000000000000 ) ) ;
#1132 = VECTOR ( 'NONE', #966, 1000.000000000000000 ) ;
#1133 = CARTESIAN_POINT ( 'NONE',  ( 3.000000000000000000, 0.000000000000000000, -2.999999999999999112 ) ) ;
#1134 = PLANE ( 'NONE',  #1328 ) ;
#1135 = VECTOR ( 'NONE', #1163, 1000.000000000000000 ) ;
#1136 = DIRECTION ( 'NONE',  ( -1.000000000000000000, -0.000000000000000000, -0.000000000000000000 ) ) ;
#1137 = VECTOR ( 'NONE', #2278, 1000.000000000000000 ) ;
#1138 = DIRECTION ( 'NONE',  ( 0.000000000000000000, 0.000000000000000000, 1.000000000000000000 ) ) ;
#1139 = ORIENTED_EDGE ( 'NONE', *, *, #1694, .F. ) ;
#1140 = VERTEX_POINT ( 'NONE', #1449 ) ;
#1141 = EDGE_CURVE ( 'NONE', #2165, #848, #1868, .T. ) ;
#1142 = DIRECTION ( 'NONE',  ( -1.000000000000000000, -0.000000000000000000, -0.000000000000000000 ) ) ;
#1143 = CARTESIAN_POINT ( 'NONE',  ( 120.0000000000000000, 2.000000000000000000, -22.39999999999999858 ) ) ;
#1144 = VERTEX_POINT ( 'NONE', #1651 ) ;
#1145 = CARTESIAN_POINT ( 'NONE',  ( 66.00000000000000000, 4.000000000000000000, -28.00000000000000000 ) ) ;
#1146 = EDGE_CURVE ( 'NONE', #1222, #1580, #1284, .T. ) ;
#1147 = FACE_OUTER_BOUND ( 'NONE', #854, .T. ) ;
#1148 = PLANE ( 'NONE',  #2053 ) ;
#1149 = DIRECTION ( 'NONE',  ( 0.000000000000000000, 1.000000000000000000, 0.000000000000000000 ) ) ;
#1150 = EDGE_CURVE ( 'NONE', #1890, #1939, #1433, .T. ) ;
#1151 = CARTESIAN_POINT ( 'NONE',  ( 30.00000000000000000, 0.000000000000000000, -6.000000000000000000 ) ) ;
#1152 = VERTEX_POINT ( 'NONE', #810 ) ;
#1153 = ORIENTED_EDGE ( 'NONE', *, *, #2287, .F. ) ;
#1154 = VECTOR ( 'NONE', #707, 1000.000000000000000 ) ;
#1155 = ADVANCED_FACE ( 'NONE', ( #2276 ), #1884, .F. ) ;
#1156 = CARTESIAN_POINT ( 'NONE',  ( 96.00000000000000000, 2.000000000000000000, -22.00000000000000000 ) ) ;
#1157 = DIRECTION ( 'NONE',  ( 0.000000000000000000, 0.000000000000000000, 1.000000000000000000 ) ) ;
#1158 =( GEOMETRIC_REPRESENTATION_CONTEXT ( 3 ) GLOBAL_UNCERTAINTY_ASSIGNED_CONTEXT ( ( #2540 ) ) GLOBAL_UNIT_ASSIGNED_CONTEXT ( ( #561, #2731, #2303 ) ) REPRESENTATION_CONTEXT ( 'NONE', 'WORKASPACE' ) );
#1159 = ORIENTED_EDGE ( 'NONE', *, *, #1786, .T. ) ;
#1160 = VECTOR ( 'NONE', #1351, 1000.000000000000000 ) ;
#1161 = EDGE_CURVE ( 'NONE', #1051, #1939, #2542, .T. ) ;
#1162 = LINE ( 'NONE', #2253, #649 ) ;
#1163 = DIRECTION ( 'NONE',  ( 0.000000000000000000, 0.000000000000000000, 1.000000000000000000 ) ) ;
#1164 = LINE ( 'NONE', #1372, #1380 ) ;
#1165 = EDGE_CURVE ( 'NONE', #1032, #1194, #2159, .T. ) ;
#1166 = VECTOR ( 'NONE', #1079, 1000.000000000000000 ) ;
#1167 = LINE ( 'NONE', #2474, #615 ) ;
#1168 = ORIENTED_EDGE ( 'NONE', *, *, #974, .T. ) ;
#1169 = ORIENTED_EDGE ( 'NONE', *, *, #219, .F. ) ;
#1170 = EDGE_CURVE ( 'NONE', #1463, #2310, #162, .T. ) ;
#1171 = CARTESIAN_POINT ( 'NONE',  ( 60.00000000000000711, 2.000000000000000000, -28.00000000000000000 ) ) ;
#1172 = CARTESIAN_POINT ( 'NONE',  ( 2.000000000000000000, 5.000000000000000000, -17.00000000000000000 ) ) ;
#1173 = ORIENTED_EDGE ( 'NONE', *, *, #298, .F. ) ;
#1174 = ADVANCED_FACE ( 'NONE', ( #1977 ), #1299, .F. ) ;
#1175 = LINE ( 'NONE', #2702, #6 ) ;
#1176 = FACE_BOUND ( 'NONE', #937, .T. ) ;
#1177 = CARTESIAN_POINT ( 'NONE',  ( 123.0000000000000000, 0.000000000000000000, -1.250000000000003331 ) ) ;
#1178 = CARTESIAN_POINT ( 'NONE',  ( 92.00000000000000000, 0.000000000000000000, -22.00000000000000000 ) ) ;
#1179 = EDGE_LOOP ( 'NONE', ( #211, #155 ) ) ;
#1180 = ORIENTED_EDGE ( 'NONE', *, *, #328, .F. ) ;
#1181 = VECTOR ( 'NONE', #1683, 1000.000000000000000 ) ;
#1182 = CARTESIAN_POINT ( 'NONE',  ( 60.00000000000001421, 4.000000000000000000, -26.49999999999999645 ) ) ;
#1183 = VECTOR ( 'NONE', #861, 1000.000000000000000 ) ;
#1184 = DIRECTION ( 'NONE',  ( -0.000000000000000000, 1.000000000000000000, -0.000000000000000000 ) ) ;
#1185 = ORIENTED_EDGE ( 'NONE', *, *, #1739, .F. ) ;
#1186 = EDGE_CURVE ( 'NONE', #2489, #1438, #9, .T. ) ;
#1187 = EDGE_CURVE ( 'NONE', #2668, #820, #1963, .T. ) ;
#1188 = CARTESIAN_POINT ( 'NONE',  ( 90.00000000000000000, 2.000000000000000000, -22.00000000000000000 ) ) ;
#1189 = FACE_BOUND ( 'NONE', #751, .T. ) ;
#1190 = DIRECTION ( 'NONE',  ( 0.000000000000000000, 0.2873478855663418874, 0.9578262852211525402 ) ) ;
#1191 = EDGE_LOOP ( 'NONE', ( #1229, #1688, #489, #497 ) ) ;
#1192 = DIRECTION ( 'NONE',  ( 0.000000000000000000, 1.000000000000000000, -0.000000000000000000 ) ) ;
#1193 = VERTEX_POINT ( 'NONE', #1465 ) ;
#1194 = VERTEX_POINT ( 'NONE', #398 ) ;
#1195 = DIRECTION ( 'NONE',  ( 1.000000000000000000, 0.000000000000000000, 0.000000000000000000 ) ) ;
#1196 = EDGE_CURVE ( 'NONE', #2557, #2555, #1485, .T. ) ;
#1197 = CARTESIAN_POINT ( 'NONE',  ( 0.000000000000000000, 0.000000000000000000, -28.00000000000000000 ) ) ;
#1198 = ADVANCED_FACE ( 'NONE', ( #1267 ), #613, .F. ) ;
#1199 = ORIENTED_EDGE ( 'NONE', *, *, #1903, .T. ) ;
#1200 = VECTOR ( 'NONE', #205, 1000.000000000000000 ) ;
#1201 = CARTESIAN_POINT ( 'NONE',  ( 39.99999999999998579, 0.000000000000000000, -22.00000000000000000 ) ) ;
#1202 = CARTESIAN_POINT ( 'NONE',  ( 27.99999999999998934, 0.000000000000000000, -22.00000000000000000 ) ) ;
#1203 = DIRECTION ( 'NONE',  ( 0.000000000000000000, 1.000000000000000000, 0.000000000000000000 ) ) ;
#1204 = DIRECTION ( 'NONE',  ( -0.000000000000000000, -1.000000000000000000, -0.000000000000000000 ) ) ;
#1205 = EDGE_LOOP ( 'NONE', ( #1260, #867, #608, #1773 ) ) ;
#1206 = ORIENTED_EDGE ( 'NONE', *, *, #1223, .T. ) ;
#1207 = LINE ( 'NONE', #1864, #2727 ) ;
#1208 = CARTESIAN_POINT ( 'NONE',  ( 26.00000000000000000, 0.000000000000000000, -6.000000000000000000 ) ) ;
#1209 = ORIENTED_EDGE ( 'NONE', *, *, #2740, .F. ) ;
#1210 = LINE ( 'NONE', #2771, #368 ) ;
#1211 = LINE ( 'NONE', #366, #859 ) ;
#1212 = LINE ( 'NONE', #2051, #2571 ) ;
#1213 = LINE ( 'NONE', #1639, #117 ) ;
#1214 = VERTEX_POINT ( 'NONE', #382 ) ;
#1215 = ORIENTED_EDGE ( 'NONE', *, *, #2152, .F. ) ;
#1216 = DIRECTION ( 'NONE',  ( -0.000000000000000000, -1.000000000000000000, -0.000000000000000000 ) ) ;
#1217 = VECTOR ( 'NONE', #1992, 1000.000000000000000 ) ;
#1218 = ADVANCED_FACE ( 'NONE', ( #1527 ), #1309, .F. ) ;
#1219 = VECTOR ( 'NONE', #1719, 1000.000000000000000 ) ;
#1220 = ORIENTED_EDGE ( 'NONE', *, *, #2587, .T. ) ;
#1221 = VECTOR ( 'NONE', #2457, 1000.000000000000000 ) ;
#1222 = VERTEX_POINT ( 'NONE', #2411 ) ;
#1223 = EDGE_CURVE ( 'NONE', #2204, #586, #2788, .T. ) ;
#1224 = PLANE ( 'NONE',  #187 ) ;
#1225 = DIRECTION ( 'NONE',  ( 0.000000000000000000, -0.000000000000000000, -1.000000000000000000 ) ) ;
#1226 = PLANE ( 'NONE',  #2250 ) ;
#1227 = CARTESIAN_POINT ( 'NONE',  ( 122.0000000000000000, 2.000000000000000000, -28.00000000000000000 ) ) ;
#1228 = ORIENTED_EDGE ( 'NONE', *, *, #1739, .T. ) ;
#1229 = ORIENTED_EDGE ( 'NONE', *, *, #2675, .F. ) ;
#1230 = DIRECTION ( 'NONE',  ( -0.000000000000000000, 1.000000000000000000, -0.000000000000000000 ) ) ;
#1231 = SURFACE_SIDE_STYLE ('',( #2097 ) ) ;
#1232 = ORIENTED_EDGE ( 'NONE', *, *, #2420, .F. ) ;
#1233 = CARTESIAN_POINT ( 'NONE',  ( 6.000000000000000888, 4.000000000000000000, -22.39999999999999858 ) ) ;
#1234 = VECTOR ( 'NONE', #2114, 1000.000000000000000 ) ;
#1235 = DIRECTION ( 'NONE',  ( 1.000000000000000000, 0.000000000000000000, 0.000000000000000000 ) ) ;
#1236 = FACE_OUTER_BOUND ( 'NONE', #2687, .T. ) ;
#1237 = DIRECTION ( 'NONE',  ( -1.000000000000000000, 0.000000000000000000, 0.000000000000000000 ) ) ;
#1238 = ADVANCED_FACE ( 'NONE', ( #825 ), #1084, .F. ) ;
#1239 = DIRECTION ( 'NONE',  ( -0.000000000000000000, -1.000000000000000000, -0.000000000000000000 ) ) ;
#1240 = ORIENTED_EDGE ( 'NONE', *, *, #2705, .T. ) ;
#1241 = ORIENTED_EDGE ( 'NONE', *, *, #885, .F. ) ;
#1242 = LINE ( 'NONE', #1491, #739 ) ;
#1243 = CARTESIAN_POINT ( 'NONE',  ( 100.0000000000000000, 0.000000000000000000, -22.00000000000000000 ) ) ;
#1244 = VERTEX_POINT ( 'NONE', #1701 ) ;
#1245 = ORIENTED_EDGE ( 'NONE', *, *, #2327, .F. ) ;
#1246 = AXIS2_PLACEMENT_3D ( 'NONE', #1044, #406, #1926 ) ;
#1247 = ORIENTED_EDGE ( 'NONE', *, *, #1967, .T. ) ;
#1248 = ORIENTED_EDGE ( 'NONE', *, *, #177, .T. ) ;
#1249 = DIRECTION ( 'NONE',  ( -1.000000000000000000, -0.000000000000000000, -0.000000000000000000 ) ) ;
#1250 = CARTESIAN_POINT ( 'NONE',  ( 98.00000000000000000, 0.000000000000000000, -22.00000000000000000 ) ) ;
#1251 = CARTESIAN_POINT ( 'NONE',  ( 33.99999999999998579, 2.000000000000000000, -21.99999999999999645 ) ) ;
#1252 = EDGE_CURVE ( 'NONE', #1214, #2802, #2806, .T. ) ;
#1253 = CARTESIAN_POINT ( 'NONE',  ( 25.99999999999999289, 0.000000000000000000, -21.99999999999999645 ) ) ;
#1254 = VERTEX_POINT ( 'NONE', #598 ) ;
#1255 = VERTEX_POINT ( 'NONE', #1512 ) ;
#1256 = FACE_OUTER_BOUND ( 'NONE', #893, .T. ) ;
#1257 = FACE_OUTER_BOUND ( 'NONE', #862, .T. ) ;
#1258 = VERTEX_POINT ( 'NONE', #428 ) ;
#1259 = EDGE_LOOP ( 'NONE', ( #2517, #1889, #2481, #2406 ) ) ;
#1260 = ORIENTED_EDGE ( 'NONE', *, *, #563, .T. ) ;
#1261 = DIRECTION ( 'NONE',  ( -0.000000000000000000, 1.000000000000000000, -0.000000000000000000 ) ) ;
#1262 = CYLINDRICAL_SURFACE ( 'NONE', #190, 1.749999999999998002 ) ;
#1263 = VECTOR ( 'NONE', #1904, 1000.000000000000000 ) ;
#1264 = EDGE_LOOP ( 'NONE', ( #2527, #1646 ) ) ;
#1265 = EDGE_CURVE ( 'NONE', #2714, #1627, #1071, .T. ) ;
#1266 = CIRCLE ( 'NONE', #36, 1.750000000000001554 ) ;
#1267 = FACE_OUTER_BOUND ( 'NONE', #99, .T. ) ;
#1268 = CARTESIAN_POINT ( 'NONE',  ( 63.00000000000000000, 0.000000000000000000, -20.89999999999999858 ) ) ;
#1269 = PLANE ( 'NONE',  #1277 ) ;
#1270 = EDGE_CURVE ( 'NONE', #1455, #2056, #2396, .T. ) ;
#1271 = CARTESIAN_POINT ( 'NONE',  ( 6.000000000000000000, 4.000000000000000000, -23.90000000000000213 ) ) ;
#1272 = VERTEX_POINT ( 'NONE', #626 ) ;
#1273 = DIRECTION ( 'NONE',  ( 0.000000000000000000, -0.000000000000000000, 1.000000000000000000 ) ) ;
#1274 = PLANE ( 'NONE',  #2716 ) ;
#1275 = ORIENTED_EDGE ( 'NONE', *, *, #1983, .F. ) ;
#1276 = ADVANCED_FACE ( 'NONE', ( #2605 ), #2379, .F. ) ;
#1277 = AXIS2_PLACEMENT_3D ( 'NONE', #1451, #1684, #1920 ) ;
#1278 = EDGE_LOOP ( 'NONE', ( #2554, #241, #664, #1748 ) ) ;
#1279 = EDGE_CURVE ( 'NONE', #1052, #1368, #207, .T. ) ;
#1280 = DIRECTION ( 'NONE',  ( 1.000000000000000000, -0.000000000000000000, 4.336808689942013792E-16 ) ) ;
#1281 = VERTEX_POINT ( 'NONE', #914 ) ;
#1282 = DIRECTION ( 'NONE',  ( 0.000000000000000000, 0.000000000000000000, 1.000000000000000000 ) ) ;
#1283 = CARTESIAN_POINT ( 'NONE',  ( 30.00000000000000000, 2.000000000000000000, -6.000000000000000000 ) ) ;
#1284 = CIRCLE ( 'NONE', #347, 1.749999999999996891 ) ;
#1285 = DIRECTION ( 'NONE',  ( 1.000000000000000000, 0.000000000000000000, 0.000000000000000000 ) ) ;
#1286 = ORIENTED_EDGE ( 'NONE', *, *, #2327, .T. ) ;
#1287 = CARTESIAN_POINT ( 'NONE',  ( 2.000000000000000000, 2.000000000000000000, -17.00000000000000000 ) ) ;
#1288 = ORIENTED_EDGE ( 'NONE', *, *, #652, .F. ) ;
#1289 = DIRECTION ( 'NONE',  ( 1.000000000000000000, 0.000000000000000000, -0.000000000000000000 ) ) ;
#1290 = VECTOR ( 'NONE', #1737, 1000.000000000000000 ) ;
#1291 = CARTESIAN_POINT ( 'NONE',  ( 63.00000000000000000, 2.000000000000000000, -4.749999999999997335 ) ) ;
#1292 = VECTOR ( 'NONE', #379, 1000.000000000000000 ) ;
#1293 = VERTEX_POINT ( 'NONE', #490 ) ;
#1294 = ADVANCED_FACE ( 'NONE', ( #22 ), #2658, .F. ) ;
#1295 = CARTESIAN_POINT ( 'NONE',  ( 96.00000000000000000, 2.000000000000000000, -22.00000000000000000 ) ) ;
#1296 = LINE ( 'NONE', #2393, #1801 ) ;
#1297 = VECTOR ( 'NONE', #1349, 1000.000000000000000 ) ;
#1298 = ORIENTED_EDGE ( 'NONE', *, *, #1912, .F. ) ;
#1299 = CYLINDRICAL_SURFACE ( 'NONE', #2774, 1.749999999999996891 ) ;
#1300 = CARTESIAN_POINT ( 'NONE',  ( 3.000000000000000000, 0.000000000000000000, -1.249999999999999112 ) ) ;
#1301 = CARTESIAN_POINT ( 'NONE',  ( 120.0000000000000000, 4.000000000000000000, -22.39999999999999858 ) ) ;
#1302 = ORIENTED_EDGE ( 'NONE', *, *, #1844, .T. ) ;
#1303 = CARTESIAN_POINT ( 'NONE',  ( 94.00000000000000000, 0.000000000000000000, -6.000000000000000000 ) ) ;
#1304 = PLANE ( 'NONE',  #2407 ) ;
#1305 = DIRECTION ( 'NONE',  ( 0.000000000000000000, 0.000000000000000000, 1.000000000000000000 ) ) ;
#1306 = ORIENTED_EDGE ( 'NONE', *, *, #1916, .F. ) ;
#1307 = LINE ( 'NONE', #267, #1936 ) ;
#1308 = EDGE_LOOP ( 'NONE', ( #252, #61, #2217, #817 ) ) ;
#1309 = PLANE ( 'NONE',  #2236 ) ;
#1310 = DIRECTION ( 'NONE',  ( 1.000000000000000000, 0.000000000000000000, -2.168404344971008868E-16 ) ) ;
#1311 = VECTOR ( 'NONE', #1811, 1000.000000000000000 ) ;
#1312 = EDGE_CURVE ( 'NONE', #2793, #823, #2237, .T. ) ;
#1313 = VECTOR ( 'NONE', #2269, 1000.000000000000000 ) ;
#1314 = DIRECTION ( 'NONE',  ( 1.000000000000000000, 0.000000000000000000, -0.000000000000000000 ) ) ;
#1315 = ORIENTED_EDGE ( 'NONE', *, *, #268, .T. ) ;
#1316 = DIRECTION ( 'NONE',  ( -1.000000000000000000, -0.000000000000000000, -0.000000000000000000 ) ) ;
#1317 = DIRECTION ( 'NONE',  ( 0.000000000000000000, 0.000000000000000000, -1.000000000000000000 ) ) ;
#1318 = LINE ( 'NONE', #1107, #2386 ) ;
#1319 = ORIENTED_EDGE ( 'NONE', *, *, #445, .T. ) ;
#1320 = ORIENTED_EDGE ( 'NONE', *, *, #435, .T. ) ;
#1321 = CARTESIAN_POINT ( 'NONE',  ( 86.00000000000000000, 0.000000000000000000, -22.00000000000000000 ) ) ;
#1322 = EDGE_LOOP ( 'NONE', ( #1724, #1861 ) ) ;
#1323 = DIRECTION ( 'NONE',  ( 0.000000000000000000, 1.000000000000000000, 0.000000000000000000 ) ) ;
#1324 = CARTESIAN_POINT ( 'NONE',  ( 86.00000000000000000, 2.000000000000000000, -22.00000000000000000 ) ) ;
#1325 = CARTESIAN_POINT ( 'NONE',  ( 66.50000000000000000, 2.000000000000000000, -22.39999999999999858 ) ) ;
#1326 = ORIENTED_EDGE ( 'NONE', *, *, #1582, .T. ) ;
#1327 = CARTESIAN_POINT ( 'NONE',  ( 34.00000000000000000, 0.000000000000000000, -6.000000000000000000 ) ) ;
#1328 = AXIS2_PLACEMENT_3D ( 'NONE', #2197, #2650, #1104 ) ;
#1329 = CARTESIAN_POINT ( 'NONE',  ( 88.00000000000000000, 0.000000000000000000, -5.999999999999999112 ) ) ;
#1330 = DIRECTION ( 'NONE',  ( -3.304235192336773540E-15, -0.000000000000000000, -1.000000000000000000 ) ) ;
#1331 = VERTEX_POINT ( 'NONE', #2441 ) ;
#1332 = ORIENTED_EDGE ( 'NONE', *, *, #1462, .T. ) ;
#1333 = VECTOR ( 'NONE', #541, 1000.000000000000000 ) ;
#1334 = CARTESIAN_POINT ( 'NONE',  ( 63.00000000000000000, 2.000000000000000000, -20.89999999999999858 ) ) ;
#1335 = LINE ( 'NONE', #1958, #611 ) ;
#1336 = VERTEX_POINT ( 'NONE', #899 ) ;
#1337 = CARTESIAN_POINT ( 'NONE',  ( 29.99999999999999289, 0.000000000000000000, -21.99999999999999645 ) ) ;
#1338 = CIRCLE ( 'NONE', #1988, 1.750000000000001554 ) ;
#1339 = DIRECTION ( 'NONE',  ( -1.000000000000000000, 0.000000000000000000, -0.000000000000000000 ) ) ;
#1340 = DIRECTION ( 'NONE',  ( -1.000000000000000000, -0.000000000000000000, -0.000000000000000000 ) ) ;
#1341 = DIRECTION ( 'NONE',  ( -0.000000000000000000, 1.000000000000000000, -0.000000000000000000 ) ) ;
#1342 = VERTEX_POINT ( 'NONE', #703 ) ;
#1343 = DIRECTION ( 'NONE',  ( 0.000000000000000000, 0.000000000000000000, 1.000000000000000000 ) ) ;
#1344 = EDGE_CURVE ( 'NONE', #2339, #1606, #673, .T. ) ;
#1345 = PLANE ( 'NONE',  #2530 ) ;
#1346 = CARTESIAN_POINT ( 'NONE',  ( 59.50000000000000000, 4.000000000000000000, -22.39999999999999858 ) ) ;
#1347 = VERTEX_POINT ( 'NONE', #271 ) ;
#1348 = ORIENTED_EDGE ( 'NONE', *, *, #836, .F. ) ;
#1349 = DIRECTION ( 'NONE',  ( 1.000000000000000000, -0.000000000000000000, 4.336808689942013792E-16 ) ) ;
#1350 = EDGE_CURVE ( 'NONE', #122, #691, #2631, .T. ) ;
#1351 = DIRECTION ( 'NONE',  ( 4.336808689942019708E-16, 0.000000000000000000, 1.000000000000000000 ) ) ;
#1352 = ORIENTED_EDGE ( 'NONE', *, *, #1279, .F. ) ;
#1353 = DIRECTION ( 'NONE',  ( 0.000000000000000000, 0.000000000000000000, 1.000000000000000000 ) ) ;
#1354 = LINE ( 'NONE', #2238, #2509 ) ;
#1355 = EDGE_CURVE ( 'NONE', #2084, #2754, #2277, .T. ) ;
#1356 = LINE ( 'NONE', #2691, #469 ) ;
#1357 = VECTOR ( 'NONE', #2645, 1000.000000000000000 ) ;
#1358 = LINE ( 'NONE', #670, #266 ) ;
#1359 = CARTESIAN_POINT ( 'NONE',  ( 123.0000000000000000, 2.000000000000000000, -22.64999999999999503 ) ) ;
#1360 = EDGE_CURVE ( 'NONE', #1193, #596, #2009, .T. ) ;
#1361 = VECTOR ( 'NONE', #2383, 1000.000000000000000 ) ;
#1362 = LINE ( 'NONE', #400, #546 ) ;
#1363 = ORIENTED_EDGE ( 'NONE', *, *, #1771, .F. ) ;
#1364 = VERTEX_POINT ( 'NONE', #1539 ) ;
#1365 = LINE ( 'NONE', #2438, #2671 ) ;
#1366 = CARTESIAN_POINT ( 'NONE',  ( 88.00000000000000000, 0.000000000000000000, -22.00000000000000000 ) ) ;
#1367 = EDGE_CURVE ( 'NONE', #361, #2259, #1113, .T. ) ;
#1368 = VERTEX_POINT ( 'NONE', #1774 ) ;
#1369 = EDGE_CURVE ( 'NONE', #73, #808, #1790, .T. ) ;
#1370 = LINE ( 'NONE', #1995, #514 ) ;
#1371 = CARTESIAN_POINT ( 'NONE',  ( 3.000000000000000000, 0.000000000000000000, -2.999999999999999112 ) ) ;
#1372 = CARTESIAN_POINT ( 'NONE',  ( 6.000000000000000888, 4.000000000000000000, -22.39999999999999858 ) ) ;
#1373 = EDGE_CURVE ( 'NONE', #1293, #1909, #2552, .T. ) ;
#1374 = CARTESIAN_POINT ( 'NONE',  ( 88.00000000000000000, 0.000000000000000000, -5.999999999999999112 ) ) ;
#1375 = ORIENTED_EDGE ( 'NONE', *, *, #1344, .F. ) ;
#1376 = VERTEX_POINT ( 'NONE', #2284 ) ;
#1377 = AXIS2_PLACEMENT_3D ( 'NONE', #1793, #689, #2661 ) ;
#1378 = CARTESIAN_POINT ( 'NONE',  ( 39.99999999999998579, 0.000000000000000000, -22.00000000000000000 ) ) ;
#1379 = CARTESIAN_POINT ( 'NONE',  ( 33.99999999999998579, 0.000000000000000000, -21.99999999999999645 ) ) ;
#1380 = VECTOR ( 'NONE', #1857, 1000.000000000000000 ) ;
#1381 = ORIENTED_EDGE ( 'NONE', *, *, #149, .T. ) ;
#1382 = ADVANCED_FACE ( 'NONE', ( #1877 ), #315, .T. ) ;
#1383 = CARTESIAN_POINT ( 'NONE',  ( 3.600000000000001421, 5.000000000000000000, -17.00000000000000000 ) ) ;
#1384 = FACE_BOUND ( 'NONE', #982, .T. ) ;
#1385 = CARTESIAN_POINT ( 'NONE',  ( 123.0000000000000000, 0.000000000000000000, -19.14999999999999858 ) ) ;
#1386 = VECTOR ( 'NONE', #2651, 1000.000000000000000 ) ;
#1387 = DIRECTION ( 'NONE',  ( 0.000000000000000000, 0.000000000000000000, 1.000000000000000000 ) ) ;
#1388 = ORIENTED_EDGE ( 'NONE', *, *, #1853, .F. ) ;
#1389 = ORIENTED_EDGE ( 'NONE', *, *, #838, .F. ) ;
#1390 = ADVANCED_FACE ( 'NONE', ( #2096 ), #100, .F. ) ;
#1391 = CARTESIAN_POINT ( 'NONE',  ( 67.00000000000000000, 5.000000000000000000, -3.600000000000000533 ) ) ;
#1392 = DIRECTION ( 'NONE',  ( 0.000000000000000000, 0.000000000000000000, 1.000000000000000000 ) ) ;
#1393 = EDGE_CURVE ( 'NONE', #1561, #2476, #1207, .T. ) ;
#1394 = EDGE_LOOP ( 'NONE', ( #2776, #37, #833, #1816 ) ) ;
#1395 = CARTESIAN_POINT ( 'NONE',  ( 0.000000000000000000, 5.000000000000000000, 0.000000000000000000 ) ) ;
#1396 = LINE ( 'NONE', #1202, #2423 ) ;
#1397 = DIRECTION ( 'NONE',  ( 0.000000000000000000, 0.000000000000000000, 1.000000000000000000 ) ) ;
#1398 = EDGE_CURVE ( 'NONE', #1152, #361, #2294, .T. ) ;
#1399 = LINE ( 'NONE', #1178, #726 ) ;
#1400 = EDGE_LOOP ( 'NONE', ( #236, #1937, #2139, #994 ) ) ;
#1401 = ORIENTED_EDGE ( 'NONE', *, *, #974, .F. ) ;
#1402 = EDGE_CURVE ( 'NONE', #2319, #122, #788, .T. ) ;
#1403 = EDGE_CURVE ( 'NONE', #319, #2714, #1658, .T. ) ;
#1404 = VECTOR ( 'NONE', #1850, 1000.000000000000000 ) ;
#1405 = VECTOR ( 'NONE', #2010, 1000.000000000000000 ) ;
#1406 = CARTESIAN_POINT ( 'NONE',  ( 122.3999999999999915, 5.000000000000000000, -6.999999999999999112 ) ) ;
#1407 = CARTESIAN_POINT ( 'NONE',  ( 100.0000000000000000, 0.000000000000000000, -5.999999999999999112 ) ) ;
#1408 = ORIENTED_EDGE ( 'NONE', *, *, #742, .F. ) ;
#1409 = DIRECTION ( 'NONE',  ( 0.000000000000000000, 0.000000000000000000, -1.000000000000000000 ) ) ;
#1410 = FACE_BOUND ( 'NONE', #485, .T. ) ;
#1411 = DIRECTION ( 'NONE',  ( 0.000000000000000000, 0.000000000000000000, 1.000000000000000000 ) ) ;
#1412 = FACE_OUTER_BOUND ( 'NONE', #1128, .T. ) ;
#1413 = EDGE_LOOP ( 'NONE', ( #536, #175, #592, #2133 ) ) ;
#1414 = EDGE_LOOP ( 'NONE', ( #671, #2201, #2305, #603 ) ) ;
#1415 = CYLINDRICAL_SURFACE ( 'NONE', #2369, 1.749999999999998002 ) ;
#1416 = ADVANCED_FACE ( 'NONE', ( #534 ), #1415, .F. ) ;
#1417 = DIRECTION ( 'NONE',  ( 1.000000000000000000, 0.000000000000000000, 4.336808689942013792E-16 ) ) ;
#1418 = VERTEX_POINT ( 'NONE', #1893 ) ;
#1419 = AXIS2_PLACEMENT_3D ( 'NONE', #2812, #1517, #1273 ) ;
#1420 = VECTOR ( 'NONE', #2391, 1000.000000000000000 ) ;
#1421 = DIRECTION ( 'NONE',  ( -0.000000000000000000, -1.000000000000000000, -0.000000000000000000 ) ) ;
#1422 = CARTESIAN_POINT ( 'NONE',  ( 4.000000000000000888, 4.000000000000000000, -26.49999999999999645 ) ) ;
#1423 = CARTESIAN_POINT ( 'NONE',  ( 2.000000000000001332, 2.000000000000000000, -7.000000000000000000 ) ) ;
#1424 = EDGE_CURVE ( 'NONE', #1112, #2738, #2124, .T. ) ;
#1425 = CARTESIAN_POINT ( 'NONE',  ( 59.00000000000000000, 5.000000000000000000, -2.000000000000000000 ) ) ;
#1426 = ORIENTED_EDGE ( 'NONE', *, *, #486, .T. ) ;
#1427 = ORIENTED_EDGE ( 'NONE', *, *, #1951, .F. ) ;
#1428 = VECTOR ( 'NONE', #2685, 1000.000000000000000 ) ;
#1429 = DIRECTION ( 'NONE',  ( 0.000000000000000000, 1.000000000000000000, 0.000000000000000000 ) ) ;
#1430 = DIRECTION ( 'NONE',  ( 0.000000000000000000, 1.000000000000000000, 0.000000000000000000 ) ) ;
#1431 = EDGE_CURVE ( 'NONE', #921, #1144, #979, .T. ) ;
#1432 = EDGE_LOOP ( 'NONE', ( #2523, #2042, #1005, #1800 ) ) ;
#1433 = LINE ( 'NONE', #2312, #993 ) ;
#1434 = LINE ( 'NONE', #2543, #1542 ) ;
#1435 = CARTESIAN_POINT ( 'NONE',  ( 67.00000000000000000, 5.000000000000000000, -2.000000000000000000 ) ) ;
#1436 = LINE ( 'NONE', #617, #2601 ) ;
#1437 = ORIENTED_EDGE ( 'NONE', *, *, #1647, .T. ) ;
#1438 = VERTEX_POINT ( 'NONE', #800 ) ;
#1439 = EDGE_CURVE ( 'NONE', #1255, #805, #110, .T. ) ;
#1440 = LINE ( 'NONE', #2322, #2091 ) ;
#1441 = VERTEX_POINT ( 'NONE', #1631 ) ;
#1442 = CARTESIAN_POINT ( 'NONE',  ( 31.99999999999999289, -0.000000000000000000, -6.000000000000000000 ) ) ;
#1443 = AXIS2_PLACEMENT_3D ( 'NONE', #2711, #2763, #545 ) ;
#1444 = VECTOR ( 'NONE', #429, 1000.000000000000000 ) ;
#1445 = VERTEX_POINT ( 'NONE', #559 ) ;
#1446 = ORIENTED_EDGE ( 'NONE', *, *, #2203, .T. ) ;
#1447 = EDGE_CURVE ( 'NONE', #778, #1594, #1495, .T. ) ;
#1448 = EDGE_CURVE ( 'NONE', #1881, #1549, #342, .T. ) ;
#1449 = CARTESIAN_POINT ( 'NONE',  ( 90.00000000000000000, 0.000000000000000000, -22.00000000000000000 ) ) ;
#1450 = DIRECTION ( 'NONE',  ( 0.000000000000000000, -1.000000000000000000, 0.000000000000000000 ) ) ;
#1451 = CARTESIAN_POINT ( 'NONE',  ( 2.000000000000000000, 5.000000000000000000, -17.00000000000000000 ) ) ;
#1452 = EDGE_CURVE ( 'NONE', #1890, #543, #373, .T. ) ;
#1453 = DIRECTION ( 'NONE',  ( -1.000000000000000000, -0.000000000000000000, 1.734723475976808475E-15 ) ) ;
#1454 = ORIENTED_EDGE ( 'NONE', *, *, #44, .F. ) ;
#1455 = VERTEX_POINT ( 'NONE', #573 ) ;
#1456 = CARTESIAN_POINT ( 'NONE',  ( 38.00000000000000000, 0.000000000000000000, -6.000000000000000000 ) ) ;
#1457 = DIRECTION ( 'NONE',  ( -1.000000000000000000, 0.000000000000000000, 0.000000000000000000 ) ) ;
#1458 = ORIENTED_EDGE ( 'NONE', *, *, #533, .F. ) ;
#1459 = DIRECTION ( 'NONE',  ( 0.000000000000000000, 0.000000000000000000, 1.000000000000000000 ) ) ;
#1460 = EDGE_LOOP ( 'NONE', ( #910, #968, #358, #344 ) ) ;
#1461 = EDGE_LOOP ( 'NONE', ( #2654, #2657, #357, #678 ) ) ;
#1462 = EDGE_CURVE ( 'NONE', #1445, #2339, #1440, .T. ) ;
#1463 = VERTEX_POINT ( 'NONE', #2107 ) ;
#1464 = VECTOR ( 'NONE', #1421, 1000.000000000000000 ) ;
#1465 = CARTESIAN_POINT ( 'NONE',  ( 3.000000000000000000, 0.000000000000000000, -19.14999999999999858 ) ) ;
#1466 = AXIS2_PLACEMENT_3D ( 'NONE', #1891, #799, #1289 ) ;
#1467 = LINE ( 'NONE', #2363, #2689 ) ;
#1468 = LINE ( 'NONE', #385, #1638 ) ;
#1469 = VERTEX_POINT ( 'NONE', #2337 ) ;
#1470 = FACE_BOUND ( 'NONE', #1414, .T. ) ;
#1471 = VERTEX_POINT ( 'NONE', #1243 ) ;
#1472 = ORIENTED_EDGE ( 'NONE', *, *, #2394, .F. ) ;
#1473 = EDGE_CURVE ( 'NONE', #829, #62, #139, .T. ) ;
#1474 = FACE_OUTER_BOUND ( 'NONE', #548, .T. ) ;
#1475 = FACE_OUTER_BOUND ( 'NONE', #816, .T. ) ;
#1476 = VECTOR ( 'NONE', #76, 1000.000000000000000 ) ;
#1477 = ORIENTED_EDGE ( 'NONE', *, *, #259, .F. ) ;
#1478 = EDGE_CURVE ( 'NONE', #230, #1152, #1837, .T. ) ;
#1479 = ORIENTED_EDGE ( 'NONE', *, *, #1447, .T. ) ;
#1480 = VECTOR ( 'NONE', #1941, 1000.000000000000000 ) ;
#1481 = CARTESIAN_POINT ( 'NONE',  ( 3.000000000000000000, 2.000000000000000000, -4.749999999999999112 ) ) ;
#1482 = ADVANCED_FACE ( 'NONE', ( #1257 ), #2135, .F. ) ;
#1483 = ORIENTED_EDGE ( 'NONE', *, *, #681, .F. ) ;
#1484 = EDGE_LOOP ( 'NONE', ( #1913, #167, #1848, #2007 ) ) ;
#1485 = LINE ( 'NONE', #2818, #628 ) ;
#1486 = DIRECTION ( 'NONE',  ( 0.000000000000000000, 0.000000000000000000, 1.000000000000000000 ) ) ;
#1487 = DIRECTION ( 'NONE',  ( -0.000000000000000000, -1.000000000000000000, -0.000000000000000000 ) ) ;
#1488 = ORIENTED_EDGE ( 'NONE', *, *, #1150, .F. ) ;
#1489 = ORIENTED_EDGE ( 'NONE', *, *, #2473, .F. ) ;
#1490 = EDGE_CURVE ( 'NONE', #46, #1671, #635, .T. ) ;
#1491 = CARTESIAN_POINT ( 'NONE',  ( 122.3999999999999915, 2.000000000000000000, -6.999999999999999112 ) ) ;
#1492 = CARTESIAN_POINT ( 'NONE',  ( 29.99999999999999289, 0.000000000000000000, -21.99999999999999645 ) ) ;
#1493 = EDGE_CURVE ( 'NONE', #1272, #1376, #847, .T. ) ;
#1494 = ORIENTED_EDGE ( 'NONE', *, *, #2121, .F. ) ;
#1495 = CIRCLE ( 'NONE', #264, 1.749999999999998002 ) ;
#1496 = ORIENTED_EDGE ( 'NONE', *, *, #333, .F. ) ;
#1497 = CARTESIAN_POINT ( 'NONE',  ( 96.00000000000000000, 0.000000000000000000, -5.999999999999999112 ) ) ;
#1498 = VECTOR ( 'NONE', #1669, 1000.000000000000000 ) ;
#1499 = ORIENTED_EDGE ( 'NONE', *, *, #538, .T. ) ;
#1500 = CARTESIAN_POINT ( 'NONE',  ( 63.00000000000000000, 0.000000000000000000, -3.000000000000000000 ) ) ;
#1501 = DIRECTION ( 'NONE',  ( 0.000000000000000000, 1.000000000000000000, 0.000000000000000000 ) ) ;
#1502 = ORIENTED_EDGE ( 'NONE', *, *, #1754, .T. ) ;
#1503 = LINE ( 'NONE', #2810, #764 ) ;
#1504 = ORIENTED_EDGE ( 'NONE', *, *, #209, .F. ) ;
#1505 = DIRECTION ( 'NONE',  ( -0.000000000000000000, -1.000000000000000000, -0.000000000000000000 ) ) ;
#1506 = PLANE ( 'NONE',  #791 ) ;
#1507 = ORIENTED_EDGE ( 'NONE', *, *, #549, .F. ) ;
#1508 = VECTOR ( 'NONE', #1010, 1000.000000000000000 ) ;
#1509 = LINE ( 'NONE', #2173, #2664 ) ;
#1510 = CARTESIAN_POINT ( 'NONE',  ( 63.00000000000000000, 0.000000000000000000, -20.89999999999999858 ) ) ;
#1511 = ORIENTED_EDGE ( 'NONE', *, *, #2493, .F. ) ;
#1512 = CARTESIAN_POINT ( 'NONE',  ( 86.00000000000000000, 0.000000000000000000, -22.00000000000000000 ) ) ;
#1513 = CARTESIAN_POINT ( 'NONE',  ( 66.50000000000000000, 4.000000000000000000, -22.39999999999999858 ) ) ;
#1514 = AXIS2_PLACEMENT_3D ( 'NONE', #212, #360, #2226 ) ;
#1515 = LINE ( 'NONE', #1301, #1961 ) ;
#1516 = ORIENTED_EDGE ( 'NONE', *, *, #346, .T. ) ;
#1517 = DIRECTION ( 'NONE',  ( 0.000000000000000000, 1.000000000000000000, 0.000000000000000000 ) ) ;
#1518 = AXIS2_PLACEMENT_3D ( 'NONE', #755, #2720, #987 ) ;
#1519 = CARTESIAN_POINT ( 'NONE',  ( 3.000000000000000000, 0.000000000000000000, -2.999999999999999112 ) ) ;
#1520 = EDGE_CURVE ( 'NONE', #2436, #1550, #832, .T. ) ;
#1521 = AXIS2_PLACEMENT_3D ( 'NONE', #1233, #2375, #1049 ) ;
#1522 = EDGE_LOOP ( 'NONE', ( #1906, #1878, #1880, #2093 ) ) ;
#1523 = DIRECTION ( 'NONE',  ( -0.000000000000000000, 1.000000000000000000, -0.000000000000000000 ) ) ;
#1524 = ADVANCED_FACE ( 'NONE', ( #621 ), #1274, .F. ) ;
#1525 = CIRCLE ( 'NONE', #2354, 1.750000000000000000 ) ;
#1526 = ORIENTED_EDGE ( 'NONE', *, *, #1647, .F. ) ;
#1527 = FACE_OUTER_BOUND ( 'NONE', #1997, .T. ) ;
#1528 = ORIENTED_EDGE ( 'NONE', *, *, #337, .T. ) ;
#1529 = LINE ( 'NONE', #2412, #2374 ) ;
#1530 = CARTESIAN_POINT ( 'NONE',  ( 34.00000000000000000, 2.000000000000000000, -6.000000000000000000 ) ) ;
#1531 = EDGE_LOOP ( 'NONE', ( #1352, #2028, #1566, #1914 ) ) ;
#1532 = DIRECTION ( 'NONE',  ( 0.000000000000000000, 0.000000000000000000, 1.000000000000000000 ) ) ;
#1533 = DIRECTION ( 'NONE',  ( 0.000000000000000000, 0.000000000000000000, -1.000000000000000000 ) ) ;
#1534 = DIRECTION ( 'NONE',  ( -1.000000000000000000, 0.000000000000000000, 0.000000000000000000 ) ) ;
#1535 = VERTEX_POINT ( 'NONE', #2169 ) ;
#1536 = CARTESIAN_POINT ( 'NONE',  ( 29.99999999999999289, 0.000000000000000000, -21.99999999999999645 ) ) ;
#1537 = ORIENTED_EDGE ( 'NONE', *, *, #1141, .T. ) ;
#1538 = EDGE_CURVE ( 'NONE', #1535, #1606, #1710, .T. ) ;
#1539 = CARTESIAN_POINT ( 'NONE',  ( 94.00000000000000000, 2.000000000000000000, -6.000000000000000000 ) ) ;
#1540 = LINE ( 'NONE', #915, #2468 ) ;
#1541 = VECTOR ( 'NONE', #870, 1000.000000000000114 ) ;
#1542 = VECTOR ( 'NONE', #582, 1000.000000000000000 ) ;
#1543 = VECTOR ( 'NONE', #947, 1000.000000000000000 ) ;
#1544 = CARTESIAN_POINT ( 'NONE',  ( 3.000000000000000000, 0.000000000000000000, -1.249999999999999112 ) ) ;
#1545 = ORIENTED_EDGE ( 'NONE', *, *, #174, .F. ) ;
#1546 = LINE ( 'NONE', #258, #95 ) ;
#1547 = FACE_OUTER_BOUND ( 'NONE', #2231, .T. ) ;
#1548 = DIRECTION ( 'NONE',  ( 0.000000000000000000, 0.000000000000000000, -1.000000000000000000 ) ) ;
#1549 = VERTEX_POINT ( 'NONE', #2566 ) ;
#1550 = VERTEX_POINT ( 'NONE', #2151 ) ;
#1551 = VECTOR ( 'NONE', #125, 1000.000000000000000 ) ;
#1552 = DIRECTION ( 'NONE',  ( 0.000000000000000000, 0.000000000000000000, 1.000000000000000000 ) ) ;
#1553 = CARTESIAN_POINT ( 'NONE',  ( 123.0000000000000000, 0.000000000000000000, -4.749999999999997335 ) ) ;
#1554 = ORIENTED_EDGE ( 'NONE', *, *, #1270, .T. ) ;
#1555 = DIRECTION ( 'NONE',  ( -0.000000000000000000, -1.000000000000000000, -0.000000000000000000 ) ) ;
#1556 = PLANE ( 'NONE',  #2052 ) ;
#1557 = EDGE_CURVE ( 'NONE', #763, #194, #819, .T. ) ;
#1558 = SHAPE_DEFINITION_REPRESENTATION ( #2753, #2060 ) ;
#1559 = CARTESIAN_POINT ( 'NONE',  ( 6.000000000000000888, 2.000000000000000000, -22.39999999999999858 ) ) ;
#1560 = CARTESIAN_POINT ( 'NONE',  ( 96.00000000000000000, 0.000000000000000000, -5.999999999999999112 ) ) ;
#1561 = VERTEX_POINT ( 'NONE', #1492 ) ;
#1562 = LINE ( 'NONE', #1327, #2342 ) ;
#1563 = FACE_OUTER_BOUND ( 'NONE', #1205, .T. ) ;
#1564 = CARTESIAN_POINT ( 'NONE',  ( 66.50000000000000000, 4.000000000000000000, -23.90000000000000213 ) ) ;
#1565 = ORIENTED_EDGE ( 'NONE', *, *, #2062, .T. ) ;
#1566 = ORIENTED_EDGE ( 'NONE', *, *, #2556, .F. ) ;
#1567 = PRESENTATION_LAYER_ASSIGNMENT (  '', '', ( #1838 ) ) ;
#1568 = DIRECTION ( 'NONE',  ( 0.000000000000000000, 1.000000000000000000, 0.000000000000000000 ) ) ;
#1569 = LINE ( 'NONE', #280, #747 ) ;
#1570 = ADVANCED_FACE ( 'NONE', ( #1693 ), #188, .F. ) ;
#1571 = ORIENTED_EDGE ( 'NONE', *, *, #2288, .F. ) ;
#1572 = EDGE_CURVE ( 'NONE', #1244, #1342, #1060, .T. ) ;
#1573 = CARTESIAN_POINT ( 'NONE',  ( 3.000000000000000000, 0.000000000000000000, -19.14999999999999858 ) ) ;
#1574 = LINE ( 'NONE', #1761, #1037 ) ;
#1575 = FACE_OUTER_BOUND ( 'NONE', #1413, .T. ) ;
#1576 = LINE ( 'NONE', #431, #2095 ) ;
#1577 = FACE_OUTER_BOUND ( 'NONE', #1867, .T. ) ;
#1578 = LINE ( 'NONE', #2405, #2700 ) ;
#1579 = ADVANCED_FACE ( 'NONE', ( #1475 ), #1506, .F. ) ;
#1580 = VERTEX_POINT ( 'NONE', #1291 ) ;
#1581 = EDGE_LOOP ( 'NONE', ( #1712, #2453, #362, #720 ) ) ;
#1582 = EDGE_CURVE ( 'NONE', #2310, #1144, #420, .T. ) ;
#1583 = DIRECTION ( 'NONE',  ( -1.000000000000000000, 0.000000000000000000, 0.000000000000000000 ) ) ;
#1584 = EDGE_CURVE ( 'NONE', #990, #1852, #1955, .T. ) ;
#1585 = DIRECTION ( 'NONE',  ( 4.336808689942019708E-16, 0.000000000000000000, 1.000000000000000000 ) ) ;
#1586 = VERTEX_POINT ( 'NONE', #650 ) ;
#1587 = DIRECTION ( 'NONE',  ( 0.000000000000000000, 0.000000000000000000, 1.000000000000000000 ) ) ;
#1588 = VECTOR ( 'NONE', #359, 1000.000000000000000 ) ;
#1589 = FACE_BOUND ( 'NONE', #1179, .T. ) ;
#1590 = CARTESIAN_POINT ( 'NONE',  ( 30.00000000000000000, 2.000000000000000000, -6.000000000000000000 ) ) ;
#1591 = CIRCLE ( 'NONE', #1821, 1.749999999999996891 ) ;
#1592 = VECTOR ( 'NONE', #1076, 1000.000000000000000 ) ;
#1593 = DIRECTION ( 'NONE',  ( -0.000000000000000000, -0.000000000000000000, -1.000000000000000000 ) ) ;
#1594 = VERTEX_POINT ( 'NONE', #2 ) ;
#1595 = ORIENTED_EDGE ( 'NONE', *, *, #1898, .T. ) ;
#1596 = EDGE_CURVE ( 'NONE', #2534, #558, #1525, .T. ) ;
#1597 = CARTESIAN_POINT ( 'NONE',  ( 100.0000000000000000, 0.000000000000000000, -22.00000000000000000 ) ) ;
#1598 = DIRECTION ( 'NONE',  ( -0.000000000000000000, -0.000000000000000000, -1.000000000000000000 ) ) ;
#1599 = ORIENTED_EDGE ( 'NONE', *, *, #1572, .T. ) ;
#1600 = VECTOR ( 'NONE', #1330, 1000.000000000000000 ) ;
#1601 = LINE ( 'NONE', #68, #2069 ) ;
#1602 = PLANE ( 'NONE',  #2827 ) ;
#1603 = DIRECTION ( 'NONE',  ( 0.000000000000000000, 0.000000000000000000, 1.000000000000000000 ) ) ;
#1604 = ADVANCED_FACE ( 'NONE', ( #434 ), #1304, .F. ) ;
#1605 = CARTESIAN_POINT ( 'NONE',  ( 90.00000000000000000, 0.000000000000000000, -6.000000000000000000 ) ) ;
#1606 = VERTEX_POINT ( 'NONE', #1751 ) ;
#1607 = ORIENTED_EDGE ( 'NONE', *, *, #1854, .F. ) ;
#1608 = VECTOR ( 'NONE', #1635, 1000.000000000000000 ) ;
#1609 = DIRECTION ( 'NONE',  ( -1.000000000000000000, 0.000000000000000000, 1.734723475976808672E-15 ) ) ;
#1610 = CARTESIAN_POINT ( 'NONE',  ( 2.000000000000000000, 5.000000000000000000, -17.00000000000000000 ) ) ;
#1611 = ORIENTED_EDGE ( 'NONE', *, *, #209, .T. ) ;
#1612 = ADVANCED_FACE ( 'NONE', ( #2624 ), #662, .F. ) ;
#1613 = DIRECTION ( 'NONE',  ( -0.000000000000000000, -0.000000000000000000, -1.000000000000000000 ) ) ;
#1614 = DIRECTION ( 'NONE',  ( -0.000000000000000000, 0.000000000000000000, -1.000000000000000000 ) ) ;
#1615 = CARTESIAN_POINT ( 'NONE',  ( 122.0000000000000000, 2.000000000000000000, -25.89999999999999858 ) ) ;
#1616 = AXIS2_PLACEMENT_3D ( 'NONE', #712, #1583, #63 ) ;
#1617 = LINE ( 'NONE', #988, #2011 ) ;
#1618 = ORIENTED_EDGE ( 'NONE', *, *, #474, .T. ) ;
#1619 = EDGE_LOOP ( 'NONE', ( #1633, #2126, #13, #327 ) ) ;
#1620 = DIRECTION ( 'NONE',  ( -1.000000000000000000, 0.000000000000000000, 0.000000000000000000 ) ) ;
#1621 = CARTESIAN_POINT ( 'NONE',  ( 59.00000000000000000, 2.000000000000000000, -2.000000000000000000 ) ) ;
#1622 = ORIENTED_EDGE ( 'NONE', *, *, #1792, .F. ) ;
#1623 = CARTESIAN_POINT ( 'NONE',  ( 7.000000000000000888, 2.000000000000000000, -3.600000000000000533 ) ) ;
#1624 = FACE_BOUND ( 'NONE', #2696, .T. ) ;
#1625 = CARTESIAN_POINT ( 'NONE',  ( 26.00000000000000000, 0.000000000000000000, -6.000000000000000000 ) ) ;
#1626 = CARTESIAN_POINT ( 'NONE',  ( 123.0000000000000000, 0.000000000000000000, -19.14999999999999858 ) ) ;
#1627 = VERTEX_POINT ( 'NONE', #2016 ) ;
#1628 = ORIENTED_EDGE ( 'NONE', *, *, #1398, .T. ) ;
#1629 = VECTOR ( 'NONE', #585, 1000.000000000000000 ) ;
#1630 = VECTOR ( 'NONE', #1093, 1000.000000000000000 ) ;
#1631 = CARTESIAN_POINT ( 'NONE',  ( 35.99999999999999289, 0.000000000000000000, -22.00000000000000000 ) ) ;
#1632 = DIRECTION ( 'NONE',  ( -1.000000000000000000, 0.000000000000000000, 1.734723475976808672E-15 ) ) ;
#1633 = ORIENTED_EDGE ( 'NONE', *, *, #90, .T. ) ;
#1634 = EDGE_CURVE ( 'NONE', #869, #2283, #1106, .T. ) ;
#1635 = DIRECTION ( 'NONE',  ( 1.000000000000000000, 0.000000000000000000, 0.000000000000000000 ) ) ;
#1636 = DIRECTION ( 'NONE',  ( 0.000000000000000000, 0.000000000000000000, 1.000000000000000000 ) ) ;
#1637 = PLANE ( 'NONE',  #2618 ) ;
#1638 = VECTOR ( 'NONE', #1055, 1000.000000000000000 ) ;
#1639 = CARTESIAN_POINT ( 'NONE',  ( 67.00000000000000000, 5.000000000000000000, -2.000000000000000000 ) ) ;
#1640 = ORIENTED_EDGE ( 'NONE', *, *, #1424, .F. ) ;
#1641 = EDGE_LOOP ( 'NONE', ( #2752, #531, #2218, #1656 ) ) ;
#1642 = EDGE_CURVE ( 'NONE', #2738, #2283, #481, .T. ) ;
#1643 = CARTESIAN_POINT ( 'NONE',  ( 27.99999999999999289, 0.000000000000000000, -6.000000000000000000 ) ) ;
#1644 = SURFACE_STYLE_USAGE ( .BOTH. , #1231 ) ;
#1645 = VECTOR ( 'NONE', #227, 1000.000000000000000 ) ;
#1646 = ORIENTED_EDGE ( 'NONE', *, *, #471, .T. ) ;
#1647 = EDGE_CURVE ( 'NONE', #122, #8, #919, .T. ) ;
#1648 = CIRCLE ( 'NONE', #1933, 1.750000000000001554 ) ;
#1649 = VECTOR ( 'NONE', #2234, 1000.000000000000000 ) ;
#1650 = ADVANCED_FACE ( 'NONE', ( #1781 ), #2433, .F. ) ;
#1651 = CARTESIAN_POINT ( 'NONE',  ( 27.99999999999999289, 2.000000000000000000, -6.000000000000000000 ) ) ;
#1652 = DIRECTION ( 'NONE',  ( 0.000000000000000000, 1.000000000000000000, 0.000000000000000000 ) ) ;
#1653 = DIRECTION ( 'NONE',  ( 5.782411586589351722E-16, -0.000000000000000000, 1.000000000000000000 ) ) ;
#1654 = CARTESIAN_POINT ( 'NONE',  ( 0.000000000000000000, 0.000000000000000000, 0.000000000000000000 ) ) ;
#1655 = ORIENTED_EDGE ( 'NONE', *, *, #843, .F. ) ;
#1656 = ORIENTED_EDGE ( 'NONE', *, *, #1970, .F. ) ;
#1657 = VECTOR ( 'NONE', #865, 1000.000000000000000 ) ;
#1658 = LINE ( 'NONE', #2736, #1404 ) ;
#1659 = ADVANCED_FACE ( 'NONE', ( #1563 ), #1345, .F. ) ;
#1660 = DIRECTION ( 'NONE',  ( 1.000000000000000000, -0.000000000000000000, 4.336808689942013792E-16 ) ) ;
#1661 = EDGE_CURVE ( 'NONE', #1784, #1112, #2666, .T. ) ;
#1662 = ORIENTED_EDGE ( 'NONE', *, *, #2121, .T. ) ;
#1663 = ORIENTED_EDGE ( 'NONE', *, *, #2705, .F. ) ;
#1664 = AXIS2_PLACEMENT_3D ( 'NONE', #593, #575, #1459 ) ;
#1665 = ADVANCED_FACE ( 'NONE', ( #1547 ), #28, .F. ) ;
#1666 = DIRECTION ( 'NONE',  ( 1.000000000000000000, 0.000000000000000000, -0.000000000000000000 ) ) ;
#1667 = CARTESIAN_POINT ( 'NONE',  ( 123.0000000000000000, 0.000000000000000000, -3.000000000000000000 ) ) ;
#1668 = FACE_OUTER_BOUND ( 'NONE', #667, .T. ) ;
#1669 = DIRECTION ( 'NONE',  ( 1.000000000000000000, 0.000000000000000000, 0.000000000000000000 ) ) ;
#1670 = EDGE_LOOP ( 'NONE', ( #1716, #2539, #374, #1962 ) ) ;
#1671 = VERTEX_POINT ( 'NONE', #2447 ) ;
#1672 = LINE ( 'NONE', #2385, #1290 ) ;
#1673 = CARTESIAN_POINT ( 'NONE',  ( 0.000000000000000000, 4.000000000000000000, -26.49999999999999645 ) ) ;
#1674 = EDGE_CURVE ( 'NONE', #873, #772, #2229, .T. ) ;
#1675 = FACE_OUTER_BOUND ( 'NONE', #1785, .T. ) ;
#1676 = AXIS2_PLACEMENT_3D ( 'NONE', #1268, #1501, #2145 ) ;
#1677 = VERTEX_POINT ( 'NONE', #2670 ) ;
#1678 = AXIS2_PLACEMENT_3D ( 'NONE', #286, #2024, #2075 ) ;
#1679 = UNCERTAINTY_MEASURE_WITH_UNIT (LENGTH_MEASURE( 1.000000000000000082E-05 ), #1935, 'distance_accuracy_value', 'NONE');
#1680 = CARTESIAN_POINT ( 'NONE',  ( 4.000000000000003553, 4.000000000000000000, -28.00000000000000000 ) ) ;
#1681 = ORIENTED_EDGE ( 'NONE', *, *, #255, .F. ) ;
#1682 = CARTESIAN_POINT ( 'NONE',  ( 66.50000000000000000, 4.000000000000000000, -23.90000000000000213 ) ) ;
#1683 = DIRECTION ( 'NONE',  ( -0.000000000000000000, -1.000000000000000000, -0.000000000000000000 ) ) ;
#1684 = DIRECTION ( 'NONE',  ( 0.000000000000000000, 0.000000000000000000, 1.000000000000000000 ) ) ;
#1685 = VECTOR ( 'NONE', #1019, 1000.000000000000000 ) ;
#1686 = ORIENTED_EDGE ( 'NONE', *, *, #560, .T. ) ;
#1687 = FACE_BOUND ( 'NONE', #10, .T. ) ;
#1688 = ORIENTED_EDGE ( 'NONE', *, *, #2392, .T. ) ;
#1689 = ORIENTED_EDGE ( 'NONE', *, *, #2764, .T. ) ;
#1690 = ADVANCED_FACE ( 'NONE', ( #2032 ), #1802, .F. ) ;
#1691 = FACE_OUTER_BOUND ( 'NONE', #2701, .T. ) ;
#1692 = EDGE_CURVE ( 'NONE', #990, #909, #1814, .T. ) ;
#1693 = FACE_OUTER_BOUND ( 'NONE', #1834, .T. ) ;
#1694 = EDGE_CURVE ( 'NONE', #1942, #879, #2477, .T. ) ;
#1695 = ORIENTED_EDGE ( 'NONE', *, *, #2408, .T. ) ;
#1696 = EDGE_LOOP ( 'NONE', ( #801, #1014, #2831, #1348 ) ) ;
#1697 = VERTEX_POINT ( 'NONE', #2463 ) ;
#1698 = ORIENTED_EDGE ( 'NONE', *, *, #934, .T. ) ;
#1699 = CIRCLE ( 'NONE', #601, 1.749999999999996891 ) ;
#1700 = EDGE_CURVE ( 'NONE', #1445, #1535, #1990, .T. ) ;
#1701 = CARTESIAN_POINT ( 'NONE',  ( 0.000000000000000000, 2.000000000000000000, -28.00000000000000000 ) ) ;
#1702 = AXIS2_PLACEMENT_3D ( 'NONE', #743, #297, #2508 ) ;
#1703 = DIRECTION ( 'NONE',  ( 0.000000000000000000, 0.000000000000000000, 1.000000000000000000 ) ) ;
#1704 =( NAMED_UNIT ( * ) SI_UNIT ( $, .STERADIAN. ) SOLID_ANGLE_UNIT ( ) );
#1705 = ADVANCED_FACE ( 'NONE', ( #2698 ), #2490, .F. ) ;
#1706 = CARTESIAN_POINT ( 'NONE',  ( 2.000000000000000000, 5.000000000000000000, -17.00000000000000000 ) ) ;
#1707 = ORIENTED_EDGE ( 'NONE', *, *, #1170, .T. ) ;
#1708 = ORIENTED_EDGE ( 'NONE', *, *, #328, .T. ) ;
#1709 = CARTESIAN_POINT ( 'NONE',  ( 35.99999999999999289, 0.000000000000000000, -22.00000000000000000 ) ) ;
#1710 = LINE ( 'NONE', #2404, #1480 ) ;
#1711 = AXIS2_PLACEMENT_3D ( 'NONE', #2033, #2072, #1632 ) ;
#1712 = ORIENTED_EDGE ( 'NONE', *, *, #331, .T. ) ;
#1713 = ORIENTED_EDGE ( 'NONE', *, *, #2152, .T. ) ;
#1714 = ORIENTED_EDGE ( 'NONE', *, *, #574, .F. ) ;
#1715 = CARTESIAN_POINT ( 'NONE',  ( 33.99999999999998579, 0.000000000000000000, -21.99999999999999645 ) ) ;
#1716 = ORIENTED_EDGE ( 'NONE', *, *, #2820, .F. ) ;
#1717 = ORIENTED_EDGE ( 'NONE', *, *, #435, .F. ) ;
#1718 = CARTESIAN_POINT ( 'NONE',  ( 3.600000000000001421, 2.000000000000000000, -17.00000000000000000 ) ) ;
#1719 = DIRECTION ( 'NONE',  ( 1.000000000000000000, 0.000000000000000000, 0.000000000000000000 ) ) ;
#1720 = FACE_BOUND ( 'NONE', #1581, .T. ) ;
#1721 = ORIENTED_EDGE ( 'NONE', *, *, #1141, .F. ) ;
#1722 = CARTESIAN_POINT ( 'NONE',  ( 90.00000000000000000, 0.000000000000000000, -22.00000000000000000 ) ) ;
#1723 = CARTESIAN_POINT ( 'NONE',  ( 98.00000000000000000, 0.000000000000000000, -22.00000000000000000 ) ) ;
#1724 = ORIENTED_EDGE ( 'NONE', *, *, #1355, .T. ) ;
#1725 = AXIS2_PLACEMENT_3D ( 'NONE', #1129, #237, #2224 ) ;
#1726 = ORIENTED_EDGE ( 'NONE', *, *, #316, .T. ) ;
#1727 = CARTESIAN_POINT ( 'NONE',  ( 88.00000000000000000, 2.000000000000000000, -5.999999999999999112 ) ) ;
#1728 = VECTOR ( 'NONE', #1239, 1000.000000000000000 ) ;
#1729 = ORIENTED_EDGE ( 'NONE', *, *, #1062, .T. ) ;
#1730 = ORIENTED_EDGE ( 'NONE', *, *, #1734, .F. ) ;
#1731 = CARTESIAN_POINT ( 'NONE',  ( 6.000000000000000000, 4.000000000000000000, -23.90000000000000213 ) ) ;
#1732 = PLANE ( 'NONE',  #2012 ) ;
#1733 = CARTESIAN_POINT ( 'NONE',  ( 63.00000000000000000, 0.000000000000000000, -4.749999999999997335 ) ) ;
#1734 = EDGE_CURVE ( 'NONE', #1063, #1069, #1365, .T. ) ;
#1735 = CARTESIAN_POINT ( 'NONE',  ( 66.00000000000000000, 2.000000000000000000, -25.89999999999999858 ) ) ;
#1736 = ORIENTED_EDGE ( 'NONE', *, *, #1903, .F. ) ;
#1737 = DIRECTION ( 'NONE',  ( 0.000000000000000000, 0.000000000000000000, 1.000000000000000000 ) ) ;
#1738 = DIRECTION ( 'NONE',  ( 1.000000000000000000, 0.000000000000000000, 0.000000000000000000 ) ) ;
#1739 = EDGE_CURVE ( 'NONE', #62, #2335, #1770, .T. ) ;
#1740 = ORIENTED_EDGE ( 'NONE', *, *, #1596, .T. ) ;
#1741 = VECTOR ( 'NONE', #2027, 1000.000000000000000 ) ;
#1742 = DIRECTION ( 'NONE',  ( 1.000000000000000000, 0.000000000000000000, -0.000000000000000000 ) ) ;
#1743 = ORIENTED_EDGE ( 'NONE', *, *, #1493, .F. ) ;
#1744 = DIRECTION ( 'NONE',  ( 0.000000000000000000, 0.000000000000000000, 1.000000000000000000 ) ) ;
#1745 = LINE ( 'NONE', #2193, #953 ) ;
#1746 = VECTOR ( 'NONE', #2328, 1000.000000000000000 ) ;
#1747 = CARTESIAN_POINT ( 'NONE',  ( 34.00000000000000000, 0.000000000000000000, -6.000000000000000000 ) ) ;
#1748 = ORIENTED_EDGE ( 'NONE', *, *, #1915, .F. ) ;
#1749 = DIRECTION ( 'NONE',  ( 0.000000000000000000, 0.000000000000000000, 1.000000000000000000 ) ) ;
#1750 = VECTOR ( 'NONE', #2336, 1000.000000000000000 ) ;
#1751 = CARTESIAN_POINT ( 'NONE',  ( 63.00000000000000000, 2.000000000000000000, -22.64999999999999503 ) ) ;
#1752 = PLANE ( 'NONE',  #1911 ) ;
#1753 = ORIENTED_EDGE ( 'NONE', *, *, #898, .T. ) ;
#1754 = EDGE_CURVE ( 'NONE', #1471, #2436, #523, .T. ) ;
#1755 = VECTOR ( 'NONE', #1157, 1000.000000000000000 ) ;
#1756 = LINE ( 'NONE', #1536, #1160 ) ;
#1757 = VECTOR ( 'NONE', #1142, 1000.000000000000000 ) ;
#1758 = ORIENTED_EDGE ( 'NONE', *, *, #1350, .F. ) ;
#1759 = DIRECTION ( 'NONE',  ( 0.000000000000000000, 0.000000000000000000, -1.000000000000000000 ) ) ;
#1760 = ORIENTED_EDGE ( 'NONE', *, *, #137, .T. ) ;
#1761 = CARTESIAN_POINT ( 'NONE',  ( 59.50000000000000000, 4.000000000000000000, -22.39999999999999858 ) ) ;
#1762 = PRODUCT_DEFINITION ( 'UNKNOWN', '', #1872, #1101 ) ;
#1763 = CARTESIAN_POINT ( 'NONE',  ( 25.99999999999999289, 0.000000000000000000, -21.99999999999999645 ) ) ;
#1764 = ORIENTED_EDGE ( 'NONE', *, *, #2798, .F. ) ;
#1765 = CYLINDRICAL_SURFACE ( 'NONE', #2521, 1.749999999999996891 ) ;
#1766 = DIRECTION ( 'NONE',  ( 1.000000000000000000, -0.000000000000000000, 1.652117596168386770E-15 ) ) ;
#1767 = LINE ( 'NONE', #216, #1311 ) ;
#1768 = ORIENTED_EDGE ( 'NONE', *, *, #1369, .F. ) ;
#1769 = EDGE_LOOP ( 'NONE', ( #2589, #1875, #1897, #159 ) ) ;
#1770 = LINE ( 'NONE', #1787, #292 ) ;
#1771 = EDGE_CURVE ( 'NONE', #1852, #2430, #724, .T. ) ;
#1772 = DIRECTION ( 'NONE',  ( -0.000000000000000000, -0.000000000000000000, -1.000000000000000000 ) ) ;
#1773 = ORIENTED_EDGE ( 'NONE', *, *, #2482, .T. ) ;
#1774 = CARTESIAN_POINT ( 'NONE',  ( 66.00000000000000000, 4.000000000000000000, -26.49999999999999645 ) ) ;
#1775 = LINE ( 'NONE', #39, #215 ) ;
#1776 = AXIS2_PLACEMENT_3D ( 'NONE', #599, #2089, #614 ) ;
#1777 = CARTESIAN_POINT ( 'NONE',  ( 119.0000000000000000, 2.000000000000000000, -2.000000000000000000 ) ) ;
#1778 = LINE ( 'NONE', #25, #501 ) ;
#1779 = VERTEX_POINT ( 'NONE', #2260 ) ;
#1780 = PLANE ( 'NONE',  #1979 ) ;
#1781 = FACE_OUTER_BOUND ( 'NONE', #1484, .T. ) ;
#1782 = EDGE_CURVE ( 'NONE', #1034, #842, #291, .T. ) ;
#1783 = FACE_OUTER_BOUND ( 'NONE', #2274, .T. ) ;
#1784 = VERTEX_POINT ( 'NONE', #32 ) ;
#1785 = EDGE_LOOP ( 'NONE', ( #1743, #1504, #2334, #2356 ) ) ;
#1786 = EDGE_CURVE ( 'NONE', #2079, #2557, #2020, .T. ) ;
#1787 = CARTESIAN_POINT ( 'NONE',  ( 94.00000000000000000, 0.000000000000000000, -22.00000000000000000 ) ) ;
#1788 = DIRECTION ( 'NONE',  ( 0.000000000000000000, 1.000000000000000000, 0.000000000000000000 ) ) ;
#1789 = ORIENTED_EDGE ( 'NONE', *, *, #1360, .F. ) ;
#1790 = LINE ( 'NONE', #2454, #1357 ) ;
#1791 = CARTESIAN_POINT ( 'NONE',  ( 123.0000000000000000, 2.000000000000000000, -1.250000000000003331 ) ) ;
#1792 = EDGE_CURVE ( 'NONE', #842, #2128, #1126, .T. ) ;
#1793 = CARTESIAN_POINT ( 'NONE',  ( 3.000000000000000000, 2.000000000000000000, -2.999999999999999112 ) ) ;
#1794 = CARTESIAN_POINT ( 'NONE',  ( 63.00000000000000000, 0.000000000000000000, -1.250000000000003331 ) ) ;
#1795 = CARTESIAN_POINT ( 'NONE',  ( 120.0000000000000000, 2.000000000000000000, -23.90000000000000213 ) ) ;
#1796 = EDGE_CURVE ( 'NONE', #1112, #869, #50, .T. ) ;
#1797 = CARTESIAN_POINT ( 'NONE',  ( 124.0000000000000000, 5.000000000000000000, -17.00000000000000000 ) ) ;
#1798 = CARTESIAN_POINT ( 'NONE',  ( 60.00000000000000711, 4.000000000000000000, -28.00000000000000000 ) ) ;
#1799 = ORIENTED_EDGE ( 'NONE', *, *, #2358, .T. ) ;
#1800 = ORIENTED_EDGE ( 'NONE', *, *, #2587, .F. ) ;
#1801 = VECTOR ( 'NONE', #2141, 1000.000000000000000 ) ;
#1802 = PLANE ( 'NONE',  #1616 ) ;
#1803 = LINE ( 'NONE', #1321, #1420 ) ;
#1804 = ORIENTED_EDGE ( 'NONE', *, *, #1462, .F. ) ;
#1805 = AXIS2_PLACEMENT_3D ( 'NONE', #260, #1984, #2198 ) ;
#1806 = APPLICATION_PROTOCOL_DEFINITION ( 'draft international standard', 'automotive_design', 1998, #687 ) ;
#1807 = EDGE_CURVE ( 'NONE', #2794, #179, #89, .T. ) ;
#1808 = CARTESIAN_POINT ( 'NONE',  ( 60.00000000000001421, 4.000000000000000000, -26.49999999999999645 ) ) ;
#1809 = LINE ( 'NONE', #2471, #1135 ) ;
#1810 = CARTESIAN_POINT ( 'NONE',  ( 25.99999999999999289, 0.000000000000000000, -21.99999999999999645 ) ) ;
#1811 = DIRECTION ( 'NONE',  ( 1.000000000000000000, 0.000000000000000000, 0.000000000000000000 ) ) ;
#1812 = ORIENTED_EDGE ( 'NONE', *, *, #591, .F. ) ;
#1813 = ORIENTED_EDGE ( 'NONE', *, *, #717, .T. ) ;
#1814 = LINE ( 'NONE', #1378, #2036 ) ;
#1815 = DIRECTION ( 'NONE',  ( -0.000000000000000000, 1.000000000000000000, -0.000000000000000000 ) ) ;
#1816 = ORIENTED_EDGE ( 'NONE', *, *, #1075, .T. ) ;
#1817 = CARTESIAN_POINT ( 'NONE',  ( 100.0000000000000000, 0.000000000000000000, -22.00000000000000000 ) ) ;
#1818 = VECTOR ( 'NONE', #1457, 1000.000000000000000 ) ;
#1819 = FACE_BOUND ( 'NONE', #1259, .T. ) ;
#1820 = DIRECTION ( 'NONE',  ( 1.000000000000000000, 0.000000000000000000, 5.421010862427521184E-16 ) ) ;
#1821 = AXIS2_PLACEMENT_3D ( 'NONE', #1667, #1652, #130 ) ;
#1822 = AXIS2_PLACEMENT_3D ( 'NONE', #553, #2050, #960 ) ;
#1823 = DIRECTION ( 'NONE',  ( 1.000000000000000000, 0.000000000000000000, 0.000000000000000000 ) ) ;
#1824 = ORIENTED_EDGE ( 'NONE', *, *, #942, .T. ) ;
#1825 = EDGE_LOOP ( 'NONE', ( #108, #1628, #520, #787 ) ) ;
#1826 = DIRECTION ( 'NONE',  ( 0.000000000000000000, 0.000000000000000000, 1.000000000000000000 ) ) ;
#1827 = EDGE_CURVE ( 'NONE', #2223, #913, #303, .T. ) ;
#1828 = CARTESIAN_POINT ( 'NONE',  ( 7.000000000000000888, 5.000000000000000000, -2.000000000000000000 ) ) ;
#1829 = EDGE_CURVE ( 'NONE', #1606, #2339, #1117, .T. ) ;
#1830 = EDGE_LOOP ( 'NONE', ( #2492, #2786, #1180, #217 ) ) ;
#1831 = CARTESIAN_POINT ( 'NONE',  ( 100.0000000000000000, 2.000000000000000000, -22.00000000000000000 ) ) ;
#1832 = CARTESIAN_POINT ( 'NONE',  ( 67.00000000000000000, 2.000000000000000000, -3.600000000000000533 ) ) ;
#1833 = CARTESIAN_POINT ( 'NONE',  ( 3.600000000000001421, 5.000000000000000000, -17.00000000000000000 ) ) ;
#1834 = EDGE_LOOP ( 'NONE', ( #395, #1288, #2019, #1199 ) ) ;
#1835 = ORIENTED_EDGE ( 'NONE', *, *, #952, .T. ) ;
#1836 = AXIS2_PLACEMENT_3D ( 'NONE', #1395, #996, #365 ) ;
#1837 = LINE ( 'NONE', #171, #951 ) ;
#1838 = STYLED_ITEM ( 'NONE', ( #2109 ), #408 ) ;
#1839 = PLANE ( 'NONE',  #1711 ) ;
#1840 = ORIENTED_EDGE ( 'NONE', *, *, #566, .T. ) ;
#1841 = EDGE_CURVE ( 'NONE', #1364, #2794, #698, .T. ) ;
#1842 = CARTESIAN_POINT ( 'NONE',  ( 3.600000000000001421, 2.000000000000000000, -6.999999999999999112 ) ) ;
#1843 = FACE_OUTER_BOUND ( 'NONE', #2580, .T. ) ;
#1844 = EDGE_CURVE ( 'NONE', #194, #873, #2233, .T. ) ;
#1845 = FACE_OUTER_BOUND ( 'NONE', #711, .T. ) ;
#1846 = AXIS2_PLACEMENT_3D ( 'NONE', #1334, #250, #2004 ) ;
#1847 = PLANE ( 'NONE',  #2729 ) ;
#1848 = ORIENTED_EDGE ( 'NONE', *, *, #1367, .F. ) ;
#1849 = ORIENTED_EDGE ( 'NONE', *, *, #2008, .F. ) ;
#1850 = DIRECTION ( 'NONE',  ( -1.000000000000000000, -0.000000000000000000, -0.000000000000000000 ) ) ;
#1851 = CARTESIAN_POINT ( 'NONE',  ( 30.00000000000000000, 0.000000000000000000, -6.000000000000000000 ) ) ;
#1852 = VERTEX_POINT ( 'NONE', #924 ) ;
#1853 = EDGE_CURVE ( 'NONE', #1923, #319, #1167, .T. ) ;
#1854 = EDGE_CURVE ( 'NONE', #622, #829, #770, .T. ) ;
#1855 = CARTESIAN_POINT ( 'NONE',  ( 90.00000000000000000, 2.000000000000000000, -22.00000000000000000 ) ) ;
#1856 = CARTESIAN_POINT ( 'NONE',  ( 122.3999999999999915, 5.000000000000000000, -17.00000000000000000 ) ) ;
#1857 = DIRECTION ( 'NONE',  ( 1.000000000000000000, 0.000000000000000000, 0.000000000000000000 ) ) ;
#1858 = VECTOR ( 'NONE', #1002, 1000.000000000000000 ) ;
#1859 = DIRECTION ( 'NONE',  ( -0.000000000000000000, -1.000000000000000000, -0.000000000000000000 ) ) ;
#1860 = ORIENTED_EDGE ( 'NONE', *, *, #2157, .T. ) ;
#1861 = ORIENTED_EDGE ( 'NONE', *, *, #783, .T. ) ;
#1862 = AXIS2_PLACEMENT_3D ( 'NONE', #962, #1192, #1387 ) ;
#1863 = EDGE_CURVE ( 'NONE', #332, #2142, #86, .T. ) ;
#1864 = CARTESIAN_POINT ( 'NONE',  ( 29.99999999999999289, 0.000000000000000000, -21.99999999999999645 ) ) ;
#1865 = DIRECTION ( 'NONE',  ( -1.000000000000000000, -0.000000000000000000, 1.734723475976808475E-15 ) ) ;
#1866 = EDGE_CURVE ( 'NONE', #805, #2489, #2281, .T. ) ;
#1867 = EDGE_LOOP ( 'NONE', ( #1220, #1489, #1717, #595 ) ) ;
#1868 = LINE ( 'NONE', #779, #2154 ) ;
#1869 = CARTESIAN_POINT ( 'NONE',  ( 2.000000000000001332, 5.000000000000000000, -7.000000000000000000 ) ) ;
#1870 = DIRECTION ( 'NONE',  ( 0.000000000000000000, 1.000000000000000000, 0.000000000000000000 ) ) ;
#1871 = EDGE_CURVE ( 'NONE', #113, #2524, #2222, .T. ) ;
#1872 = PRODUCT_DEFINITION_FORMATION_WITH_SPECIFIED_SOURCE ( 'ANY', '', #1064, .NOT_KNOWN. ) ;
#1873 = CARTESIAN_POINT ( 'NONE',  ( 123.0000000000000000, 2.000000000000000000, -3.000000000000000000 ) ) ;
#1874 = ORIENTED_EDGE ( 'NONE', *, *, #1853, .T. ) ;
#1875 = ORIENTED_EDGE ( 'NONE', *, *, #2820, .T. ) ;
#1876 = ADVANCED_FACE ( 'NONE', ( #97 ), #2721, .F. ) ;
#1877 = FACE_OUTER_BOUND ( 'NONE', #2212, .T. ) ;
#1878 = ORIENTED_EDGE ( 'NONE', *, *, #2681, .F. ) ;
#1879 = CARTESIAN_POINT ( 'NONE',  ( 0.000000000000000000, 5.000000000000000000, 0.000000000000000000 ) ) ;
#1880 = ORIENTED_EDGE ( 'NONE', *, *, #1070, .F. ) ;
#1881 = VERTEX_POINT ( 'NONE', #107 ) ;
#1882 = AXIS2_PLACEMENT_3D ( 'NONE', #830, #1030, #1043 ) ;
#1883 = VECTOR ( 'NONE', #2586, 1000.000000000000000 ) ;
#1884 = PLANE ( 'NONE',  #449 ) ;
#1885 = CARTESIAN_POINT ( 'NONE',  ( 26.00000000000000000, 2.000000000000000000, -6.000000000000000000 ) ) ;
#1886 = DIRECTION ( 'NONE',  ( -1.000000000000000000, 0.000000000000000000, 1.734723475976808672E-15 ) ) ;
#1887 = ADVANCED_FACE ( 'NONE', ( #2744 ), #732, .T. ) ;
#1888 = LINE ( 'NONE', #2104, #1263 ) ;
#1889 = ORIENTED_EDGE ( 'NONE', *, *, #898, .F. ) ;
#1890 = VERTEX_POINT ( 'NONE', #1605 ) ;
#1891 = CARTESIAN_POINT ( 'NONE',  ( 122.3999999999999915, 5.000000000000000000, -17.00000000000000000 ) ) ;
#1892 = VECTOR ( 'NONE', #468, 1000.000000000000000 ) ;
#1893 = CARTESIAN_POINT ( 'NONE',  ( 100.0000000000000000, 2.000000000000000000, -22.00000000000000000 ) ) ;
#1894 = LINE ( 'NONE', #343, #299 ) ;
#1895 = ORIENTED_EDGE ( 'NONE', *, *, #759, .T. ) ;
#1896 = ORIENTED_EDGE ( 'NONE', *, *, #742, .T. ) ;
#1897 = ORIENTED_EDGE ( 'NONE', *, *, #2420, .T. ) ;
#1898 = EDGE_CURVE ( 'NONE', #200, #1140, #1399, .T. ) ;
#1899 = LINE ( 'NONE', #351, #1608 ) ;
#1900 = CARTESIAN_POINT ( 'NONE',  ( 63.00000000000000000, 0.000000000000000000, -4.749999999999997335 ) ) ;
#1901 = ADVANCED_FACE ( 'NONE', ( #1412 ), #1847, .F. ) ;
#1902 = DIRECTION ( 'NONE',  ( 5.421010862427521184E-16, 0.000000000000000000, -1.000000000000000000 ) ) ;
#1903 = EDGE_CURVE ( 'NONE', #1697, #2594, #1213, .T. ) ;
#1904 = DIRECTION ( 'NONE',  ( -1.000000000000000000, -0.000000000000000000, -0.000000000000000000 ) ) ;
#1905 = EDGE_LOOP ( 'NONE', ( #1707, #1097, #2112, #941 ) ) ;
#1906 = ORIENTED_EDGE ( 'NONE', *, *, #1970, .T. ) ;
#1907 = DIRECTION ( 'NONE',  ( -0.000000000000000000, 1.000000000000000000, -0.000000000000000000 ) ) ;
#1908 = CARTESIAN_POINT ( 'NONE',  ( 126.0000000000000000, 2.000000000000000000, -28.00000000000000000 ) ) ;
#1909 = VERTEX_POINT ( 'NONE', #2707 ) ;
#1910 = AXIS2_PLACEMENT_3D ( 'NONE', #253, #1323, #1353 ) ;
#1911 = AXIS2_PLACEMENT_3D ( 'NONE', #276, #1534, #1305 ) ;
#1912 = EDGE_CURVE ( 'NONE', #455, #1594, #72, .T. ) ;
#1913 = ORIENTED_EDGE ( 'NONE', *, *, #1557, .T. ) ;
#1914 = ORIENTED_EDGE ( 'NONE', *, *, #270, .F. ) ;
#1915 = EDGE_CURVE ( 'NONE', #2594, #989, #312, .T. ) ;
#1916 = EDGE_CURVE ( 'NONE', #2567, #1255, #2694, .T. ) ;
#1917 = EDGE_LOOP ( 'NONE', ( #2425, #845, #484, #2634 ) ) ;
#1918 = CARTESIAN_POINT ( 'NONE',  ( 88.00000000000000000, 0.000000000000000000, -5.999999999999999112 ) ) ;
#1919 = CARTESIAN_POINT ( 'NONE',  ( 63.00000000000000000, 0.000000000000000000, -20.89999999999999858 ) ) ;
#1920 = DIRECTION ( 'NONE',  ( 1.000000000000000000, 0.000000000000000000, -0.000000000000000000 ) ) ;
#1921 = AXIS2_PLACEMENT_3D ( 'NONE', #1879, #1430, #376 ) ;
#1922 = FACE_BOUND ( 'NONE', #2638, .T. ) ;
#1923 = VERTEX_POINT ( 'NONE', #1425 ) ;
#1924 = EDGE_LOOP ( 'NONE', ( #745, #1169, #1173, #1090 ) ) ;
#1925 = LINE ( 'NONE', #634, #926 ) ;
#1926 = DIRECTION ( 'NONE',  ( 0.000000000000000000, 0.000000000000000000, 1.000000000000000000 ) ) ;
#1927 = ORIENTED_EDGE ( 'NONE', *, *, #1473, .T. ) ;
#1928 = ORIENTED_EDGE ( 'NONE', *, *, #341, .T. ) ;
#1929 = EDGE_LOOP ( 'NONE', ( #173, #1013, #757, #1499 ) ) ;
#1930 = LINE ( 'NONE', #1946, #970 ) ;
#1931 = ORIENTED_EDGE ( 'NONE', *, *, #551, .F. ) ;
#1932 = DIRECTION ( 'NONE',  ( -1.000000000000000000, 0.000000000000000000, 0.000000000000000000 ) ) ;
#1933 = AXIS2_PLACEMENT_3D ( 'NONE', #518, #1203, #1411 ) ;
#1934 = CARTESIAN_POINT ( 'NONE',  ( 94.00000000000000000, 2.000000000000000000, -22.00000000000000000 ) ) ;
#1935 =( LENGTH_UNIT ( ) NAMED_UNIT ( * ) SI_UNIT ( .MILLI., .METRE. ) );
#1936 = VECTOR ( 'NONE', #1523, 1000.000000000000000 ) ;
#1937 = ORIENTED_EDGE ( 'NONE', *, *, #1490, .F. ) ;
#1938 = DIRECTION ( 'NONE',  ( 0.000000000000000000, 1.000000000000000000, 0.000000000000000000 ) ) ;
#1939 = VERTEX_POINT ( 'NONE', #300 ) ;
#1940 = PLANE ( 'NONE',  #1419 ) ;
#1941 = DIRECTION ( 'NONE',  ( -0.000000000000000000, 1.000000000000000000, -0.000000000000000000 ) ) ;
#1942 = VERTEX_POINT ( 'NONE', #556 ) ;
#1943 = VECTOR ( 'NONE', #2583, 1000.000000000000000 ) ;
#1944 = LINE ( 'NONE', #143, #1883 ) ;
#1945 = EDGE_CURVE ( 'NONE', #2782, #922, #2487, .T. ) ;
#1946 = CARTESIAN_POINT ( 'NONE',  ( 122.0000000000000000, 4.000000000000000000, -28.00000000000000000 ) ) ;
#1947 = ORIENTED_EDGE ( 'NONE', *, *, #693, .T. ) ;
#1948 = DIRECTION ( 'NONE',  ( -0.000000000000000000, 1.000000000000000000, -0.000000000000000000 ) ) ;
#1949 = CARTESIAN_POINT ( 'NONE',  ( 29.99999999999999289, 0.000000000000000000, -21.99999999999999645 ) ) ;
#1950 = CARTESIAN_POINT ( 'NONE',  ( 37.99999999999999289, 0.000000000000000000, -21.99999999999999645 ) ) ;
#1951 = EDGE_CURVE ( 'NONE', #361, #763, #2066, .T. ) ;
#1952 = DIRECTION ( 'NONE',  ( 1.000000000000000000, 0.000000000000000000, -0.000000000000000000 ) ) ;
#1953 = ORIENTED_EDGE ( 'NONE', *, *, #161, .T. ) ;
#1954 = LINE ( 'NONE', #433, #1750 ) ;
#1955 = LINE ( 'NONE', #2612, #1657 ) ;
#1956 = EDGE_LOOP ( 'NONE', ( #2414, #1488, #1507, #2410 ) ) ;
#1957 = VECTOR ( 'NONE', #413, 1000.000000000000000 ) ;
#1958 = CARTESIAN_POINT ( 'NONE',  ( 100.0000000000000000, 2.000000000000000000, -22.00000000000000000 ) ) ;
#1959 = AXIS2_PLACEMENT_3D ( 'NONE', #2807, #2329, #1703 ) ;
#1960 = EDGE_CURVE ( 'NONE', #2714, #1063, #1617, .T. ) ;
#1961 = VECTOR ( 'NONE', #41, 1000.000000000000000 ) ;
#1962 = ORIENTED_EDGE ( 'NONE', *, *, #965, .T. ) ;
#1963 = LINE ( 'NONE', #2192, #2187 ) ;
#1964 = CARTESIAN_POINT ( 'NONE',  ( 0.000000000000000000, 0.000000000000000000, 0.000000000000000000 ) ) ;
#1965 = PLANE ( 'NONE',  #2829 ) ;
#1966 = ORIENTED_EDGE ( 'NONE', *, *, #752, .F. ) ;
#1967 = EDGE_CURVE ( 'NONE', #2466, #2128, #2522, .T. ) ;
#1968 = DIRECTION ( 'NONE',  ( -1.000000000000000000, 0.000000000000000000, -0.000000000000000000 ) ) ;
#1969 = DIRECTION ( 'NONE',  ( -0.000000000000000000, 0.000000000000000000, -1.000000000000000000 ) ) ;
#1970 = EDGE_CURVE ( 'NONE', #2802, #1331, #120, .T. ) ;
#1971 = DIRECTION ( 'NONE',  ( 1.000000000000000000, 0.000000000000000000, 5.421010862427521184E-16 ) ) ;
#1972 = VERTEX_POINT ( 'NONE', #1706 ) ;
#1973 = AXIS2_PLACEMENT_3D ( 'NONE', #616, #1902, #2773 ) ;
#1974 = EDGE_CURVE ( 'NONE', #822, #2128, #134, .T. ) ;
#1975 = CARTESIAN_POINT ( 'NONE',  ( 31.99999999999998579, 2.000000000000000000, -22.00000000000000000 ) ) ;
#1976 = ORIENTED_EDGE ( 'NONE', *, *, #1252, .T. ) ;
#1977 = FACE_OUTER_BOUND ( 'NONE', #701, .T. ) ;
#1978 = DIRECTION ( 'NONE',  ( -1.652117596168386770E-15, 0.000000000000000000, 1.000000000000000000 ) ) ;
#1979 = AXIS2_PLACEMENT_3D ( 'NONE', #275, #448, #1532 ) ;
#1980 = CARTESIAN_POINT ( 'NONE',  ( 0.000000000000000000, 4.000000000000000000, 0.000000000000000000 ) ) ;
#1981 = ORIENTED_EDGE ( 'NONE', *, *, #752, .T. ) ;
#1982 = CARTESIAN_POINT ( 'NONE',  ( 63.00000000000000000, 0.000000000000000000, -3.000000000000000000 ) ) ;
#1983 = EDGE_CURVE ( 'NONE', #1677, #1671, #2792, .T. ) ;
#1984 = DIRECTION ( 'NONE',  ( 1.000000000000000000, -0.000000000000000000, 0.000000000000000000 ) ) ;
#1985 = FACE_OUTER_BOUND ( 'NONE', #532, .T. ) ;
#1986 = ORIENTED_EDGE ( 'NONE', *, *, #2378, .F. ) ;
#1987 = VERTEX_POINT ( 'NONE', #1227 ) ;
#1988 = AXIS2_PLACEMENT_3D ( 'NONE', #912, #1788, #2656 ) ;
#1989 = LINE ( 'NONE', #20, #192 ) ;
#1990 = CIRCLE ( 'NONE', #749, 1.749999999999998002 ) ;
#1991 = ORIENTED_EDGE ( 'NONE', *, *, #1538, .F. ) ;
#1992 = DIRECTION ( 'NONE',  ( -0.000000000000000000, -0.000000000000000000, -1.000000000000000000 ) ) ;
#1993 = DIRECTION ( 'NONE',  ( 1.000000000000000000, 0.000000000000000000, -2.168404344971008868E-16 ) ) ;
#1994 = EDGE_CURVE ( 'NONE', #1258, #1063, #1888, .T. ) ;
#1995 = CARTESIAN_POINT ( 'NONE',  ( 92.00000000000000000, 2.000000000000000000, -5.999999999999999112 ) ) ;
#1996 = LINE ( 'NONE', #1325, #1221 ) ;
#1997 = EDGE_LOOP ( 'NONE', ( #2186, #1185, #340, #121 ) ) ;
#1998 = CARTESIAN_POINT ( 'NONE',  ( 98.00000000000000000, 0.000000000000000000, -6.000000000000000000 ) ) ;
#1999 = EDGE_CURVE ( 'NONE', #829, #179, #402, .T. ) ;
#2000 = DIRECTION ( 'NONE',  ( 1.000000000000000000, 0.000000000000000000, 4.336808689942013792E-16 ) ) ;
#2001 = CARTESIAN_POINT ( 'NONE',  ( 7.000000000000000888, 5.000000000000000000, -3.600000000000000533 ) ) ;
#2002 = ORIENTED_EDGE ( 'NONE', *, *, #1999, .F. ) ;
#2003 = ORIENTED_EDGE ( 'NONE', *, *, #161, .F. ) ;
#2004 = DIRECTION ( 'NONE',  ( 0.000000000000000000, 0.000000000000000000, 1.000000000000000000 ) ) ;
#2005 = CARTESIAN_POINT ( 'NONE',  ( 66.50000000000000000, 4.000000000000000000, -22.39999999999999858 ) ) ;
#2006 = EDGE_CURVE ( 'NONE', #1594, #778, #352, .T. ) ;
#2007 = ORIENTED_EDGE ( 'NONE', *, *, #1951, .T. ) ;
#2008 = EDGE_CURVE ( 'NONE', #1281, #2105, #184, .T. ) ;
#2009 = LINE ( 'NONE', #1573, #2641 ) ;
#2010 = DIRECTION ( 'NONE',  ( 1.000000000000000000, 0.000000000000000000, 0.000000000000000000 ) ) ;
#2011 = VECTOR ( 'NONE', #1859, 1000.000000000000000 ) ;
#2012 = AXIS2_PLACEMENT_3D ( 'NONE', #2659, #476, #704 ) ;
#2013 = DIRECTION ( 'NONE',  ( -2.168404344971008868E-16, -0.000000000000000000, -1.000000000000000000 ) ) ;
#2014 = LINE ( 'NONE', #2429, #218 ) ;
#2015 = DIRECTION ( 'NONE',  ( 1.000000000000000000, 0.000000000000000000, 0.000000000000000000 ) ) ;
#2016 = CARTESIAN_POINT ( 'NONE',  ( 7.000000000000000888, 5.000000000000000000, -2.000000000000000000 ) ) ;
#2017 = CARTESIAN_POINT ( 'NONE',  ( 119.0000000000000000, 2.000000000000000000, -3.600000000000000533 ) ) ;
#2018 = ORIENTED_EDGE ( 'NONE', *, *, #1661, .F. ) ;
#2019 = ORIENTED_EDGE ( 'NONE', *, *, #597, .F. ) ;
#2020 = LINE ( 'NONE', #2655, #1892 ) ;
#2021 = CARTESIAN_POINT ( 'NONE',  ( 123.0000000000000000, 0.000000000000000000, -3.000000000000000000 ) ) ;
#2022 = VERTEX_POINT ( 'NONE', #1287 ) ;
#2023 = DIRECTION ( 'NONE',  ( -1.000000000000000000, -0.000000000000000000, 1.734723475976808475E-15 ) ) ;
#2024 = DIRECTION ( 'NONE',  ( 0.000000000000000000, 0.000000000000000000, 1.000000000000000000 ) ) ;
#2025 = VECTOR ( 'NONE', #874, 1000.000000000000000 ) ;
#2026 = FACE_OUTER_BOUND ( 'NONE', #1905, .T. ) ;
#2027 = DIRECTION ( 'NONE',  ( 1.000000000000000000, 0.000000000000000000, 0.000000000000000000 ) ) ;
#2028 = ORIENTED_EDGE ( 'NONE', *, *, #2085, .T. ) ;
#2029 = ORIENTED_EDGE ( 'NONE', *, *, #2493, .T. ) ;
#2030 = VECTOR ( 'NONE', #620, 1000.000000000000000 ) ;
#2031 = VECTOR ( 'NONE', #488, 1000.000000000000000 ) ;
#2032 = FACE_OUTER_BOUND ( 'NONE', #2067, .T. ) ;
#2033 = CARTESIAN_POINT ( 'NONE',  ( 33.99999999999998579, 0.000000000000000000, -21.99999999999999645 ) ) ;
#2034 = EDGE_LOOP ( 'NONE', ( #2292, #1545, #2246, #1080 ) ) ;
#2035 = ADVANCED_FACE ( 'NONE', ( #1012 ), #796, .T. ) ;
#2036 = VECTOR ( 'NONE', #500, 1000.000000000000000 ) ;
#2037 = CARTESIAN_POINT ( 'NONE',  ( 122.0000000000000000, 4.000000000000000000, -26.49999999999999645 ) ) ;
#2038 = FACE_OUTER_BOUND ( 'NONE', #633, .T. ) ;
#2039 = CARTESIAN_POINT ( 'NONE',  ( 123.0000000000000000, 0.000000000000000000, -20.89999999999999858 ) ) ;
#2040 = EDGE_CURVE ( 'NONE', #909, #1214, #1436, .T. ) ;
#2041 = DIRECTION ( 'NONE',  ( -0.000000000000000000, -1.000000000000000000, -0.000000000000000000 ) ) ;
#2042 = ORIENTED_EDGE ( 'NONE', *, *, #2538, .F. ) ;
#2043 = ORIENTED_EDGE ( 'NONE', *, *, #2787, .T. ) ;
#2044 = DIRECTION ( 'NONE',  ( -0.000000000000000000, 1.000000000000000000, -0.000000000000000000 ) ) ;
#2045 = CARTESIAN_POINT ( 'NONE',  ( 27.99999999999998934, 0.000000000000000000, -22.00000000000000000 ) ) ;
#2046 = VERTEX_POINT ( 'NONE', #2333 ) ;
#2047 = VECTOR ( 'NONE', #1184, 1000.000000000000000 ) ;
#2048 = LINE ( 'NONE', #715, #2614 ) ;
#2049 = VECTOR ( 'NONE', #668, 1000.000000000000000 ) ;
#2050 = DIRECTION ( 'NONE',  ( -0.000000000000000000, 0.000000000000000000, -1.000000000000000000 ) ) ;
#2051 = CARTESIAN_POINT ( 'NONE',  ( 90.00000000000000000, 0.000000000000000000, -22.00000000000000000 ) ) ;
#2052 = AXIS2_PLACEMENT_3D ( 'NONE', #1115, #1993, #900 ) ;
#2053 = AXIS2_PLACEMENT_3D ( 'NONE', #1560, #2242, #1119 ) ;
#2054 = DIRECTION ( 'NONE',  ( 1.000000000000000000, -0.000000000000000000, 4.336808689942013792E-16 ) ) ;
#2055 = EDGE_CURVE ( 'NONE', #1455, #586, #1503, .T. ) ;
#2056 = VERTEX_POINT ( 'NONE', #199 ) ;
#2057 = ORIENTED_EDGE ( 'NONE', *, *, #983, .T. ) ;
#2058 = DIRECTION ( 'NONE',  ( -1.000000000000000000, -0.000000000000000000, -0.000000000000000000 ) ) ;
#2059 = LINE ( 'NONE', #2249, #803 ) ;
#2060 = ADVANCED_BREP_SHAPE_REPRESENTATION ( 'Sensor_Halterung_ESP-NOW_2_Panel_Deckel', ( #408, #317 ), #2437 ) ;
#2061 = ORIENTED_EDGE ( 'NONE', *, *, #2432, .F. ) ;
#2062 = EDGE_CURVE ( 'NONE', #879, #1194, #369, .T. ) ;
#2063 = DIRECTION ( 'NONE',  ( 0.000000000000000000, 0.000000000000000000, 1.000000000000000000 ) ) ;
#2064 = CARTESIAN_POINT ( 'NONE',  ( 124.0000000000000000, 5.000000000000000000, -17.00000000000000000 ) ) ;
#2065 = CARTESIAN_POINT ( 'NONE',  ( 94.00000000000000000, 0.000000000000000000, -6.000000000000000000 ) ) ;
#2066 = LINE ( 'NONE', #744, #1088 ) ;
#2067 = EDGE_LOOP ( 'NONE', ( #1813, #1655, #277, #1048 ) ) ;
#2068 = ORIENTED_EDGE ( 'NONE', *, *, #2100, .F. ) ;
#2069 = VECTOR ( 'NONE', #83, 1000.000000000000000 ) ;
#2070 = DIRECTION ( 'NONE',  ( 0.000000000000000000, 0.000000000000000000, 1.000000000000000000 ) ) ;
#2071 = VECTOR ( 'NONE', #605, 1000.000000000000000 ) ;
#2072 = DIRECTION ( 'NONE',  ( -1.734723475976808672E-15, 0.000000000000000000, -1.000000000000000000 ) ) ;
#2073 = ORIENTED_EDGE ( 'NONE', *, *, #282, .T. ) ;
#2074 = LINE ( 'NONE', #1682, #1464 ) ;
#2075 = DIRECTION ( 'NONE',  ( 1.000000000000000000, 0.000000000000000000, -0.000000000000000000 ) ) ;
#2076 = DIRECTION ( 'NONE',  ( 0.000000000000000000, 1.000000000000000000, 0.000000000000000000 ) ) ;
#2077 = ADVANCED_FACE ( 'NONE', ( #2164 ), #2317, .F. ) ;
#2078 = CARTESIAN_POINT ( 'NONE',  ( 0.000000000000000000, 2.000000000000000000, 0.000000000000000000 ) ) ;
#2079 = VERTEX_POINT ( 'NONE', #2118 ) ;
#2080 = ORIENTED_EDGE ( 'NONE', *, *, #2252, .F. ) ;
#2081 = ADVANCED_FACE ( 'NONE', ( #2365, #150, #2147, #1720, #2775, #815, #1040, #1922, #1056, #1687, #2562, #602, #1470, #632, #784 ), #356, .T. ) ;
#2082 = CARTESIAN_POINT ( 'NONE',  ( 66.50000000000000000, 4.000000000000000000, -22.39999999999999858 ) ) ;
#2083 = CARTESIAN_POINT ( 'NONE',  ( 63.00000000000000000, 2.000000000000000000, -3.000000000000000000 ) ) ;
#2084 = VERTEX_POINT ( 'NONE', #1794 ) ;
#2085 = EDGE_CURVE ( 'NONE', #1052, #508, #274, .T. ) ;
#2086 = EDGE_CURVE ( 'NONE', #1469, #778, #1778, .T. ) ;
#2087 = EDGE_CURVE ( 'NONE', #1471, #1418, #1576, .T. ) ;
#2088 = CARTESIAN_POINT ( 'NONE',  ( 100.0000000000000000, 2.000000000000000000, -5.999999999999999112 ) ) ;
#2089 = DIRECTION ( 'NONE',  ( 0.000000000000000000, 1.000000000000000000, 0.000000000000000000 ) ) ;
#2090 = DIRECTION ( 'NONE',  ( 0.000000000000000000, 0.000000000000000000, 1.000000000000000000 ) ) ;
#2091 = VECTOR ( 'NONE', #1230, 1000.000000000000000 ) ;
#2092 = DIRECTION ( 'NONE',  ( -1.000000000000000000, -0.000000000000000000, -0.000000000000000000 ) ) ;
#2093 = ORIENTED_EDGE ( 'NONE', *, *, #928, .T. ) ;
#2094 = ORIENTED_EDGE ( 'NONE', *, *, #1096, .F. ) ;
#2095 = VECTOR ( 'NONE', #2662, 1000.000000000000000 ) ;
#2096 = FACE_OUTER_BOUND ( 'NONE', #262, .T. ) ;
#2097 = SURFACE_STYLE_FILL_AREA ( #2324 ) ;
#2098 = ORIENTED_EDGE ( 'NONE', *, *, #2764, .F. ) ;
#2099 = DIRECTION ( 'NONE',  ( -1.000000000000000000, -0.000000000000000000, -0.000000000000000000 ) ) ;
#2100 = EDGE_CURVE ( 'NONE', #1144, #2200, #706, .T. ) ;
#2101 = CARTESIAN_POINT ( 'NONE',  ( 63.00000000000000000, 2.000000000000000000, -3.000000000000000000 ) ) ;
#2102 = PLANE ( 'NONE',  #2549 ) ;
#2103 = DIRECTION ( 'NONE',  ( -0.000000000000000000, 0.000000000000000000, -1.000000000000000000 ) ) ;
#2104 = CARTESIAN_POINT ( 'NONE',  ( 7.000000000000000888, 2.000000000000000000, -3.600000000000000533 ) ) ;
#2105 = VERTEX_POINT ( 'NONE', #1763 ) ;
#2106 = ORIENTED_EDGE ( 'NONE', *, *, #2252, .T. ) ;
#2107 = CARTESIAN_POINT ( 'NONE',  ( 25.99999999999999289, 2.000000000000000000, -21.99999999999999645 ) ) ;
#2108 = EDGE_LOOP ( 'NONE', ( #1159, #77, #1306, #2644 ) ) ;
#2109 = PRESENTATION_STYLE_ASSIGNMENT (( #1644 ) ) ;
#2110 = VECTOR ( 'NONE', #1235, 1000.000000000000000 ) ;
#2111 = EDGE_CURVE ( 'NONE', #1586, #8, #1996, .T. ) ;
#2112 = ORIENTED_EDGE ( 'NONE', *, *, #331, .F. ) ;
#2113 = EDGE_LOOP ( 'NONE', ( #2245, #1483, #417, #2106 ) ) ;
#2114 = DIRECTION ( 'NONE',  ( 0.000000000000000000, 0.000000000000000000, 1.000000000000000000 ) ) ;
#2115 = CYLINDRICAL_SURFACE ( 'NONE', #2778, 1.749999999999998002 ) ;
#2116 = PLANE ( 'NONE',  #1973 ) ;
#2117 = AXIS2_PLACEMENT_3D ( 'NONE', #1407, #547, #1417 ) ;
#2118 = CARTESIAN_POINT ( 'NONE',  ( 88.00000000000000000, 2.000000000000000000, -22.00000000000000000 ) ) ;
#2119 = ORIENTED_EDGE ( 'NONE', *, *, #54, .F. ) ;
#2120 = EDGE_LOOP ( 'NONE', ( #2175, #1153, #1477, #1006 ) ) ;
#2121 = EDGE_CURVE ( 'NONE', #1194, #2022, #2608, .T. ) ;
#2122 = DIRECTION ( 'NONE',  ( 1.000000000000000000, 0.000000000000000000, 0.000000000000000000 ) ) ;
#2123 = AXIS2_PLACEMENT_3D ( 'NONE', #911, #682, #1609 ) ;
#2124 = LINE ( 'NONE', #774, #2825 ) ;
#2125 = ORIENTED_EDGE ( 'NONE', *, *, #948, .F. ) ;
#2126 = ORIENTED_EDGE ( 'NONE', *, *, #1448, .F. ) ;
#2127 = ORIENTED_EDGE ( 'NONE', *, *, #1350, .T. ) ;
#2128 = VERTEX_POINT ( 'NONE', #1102 ) ;
#2129 = DIRECTION ( 'NONE',  ( 0.000000000000000000, 0.000000000000000000, 1.000000000000000000 ) ) ;
#2130 = FACE_OUTER_BOUND ( 'NONE', #1924, .T. ) ;
#2131 = CARTESIAN_POINT ( 'NONE',  ( 126.0000000000000000, 0.000000000000000000, 0.000000000000000000 ) ) ;
#2132 = VERTEX_POINT ( 'NONE', #1530 ) ;
#2133 = ORIENTED_EDGE ( 'NONE', *, *, #2573, .T. ) ;
#2134 = FACE_OUTER_BOUND ( 'NONE', #2191, .T. ) ;
#2135 = PLANE ( 'NONE',  #1246 ) ;
#2136 = EDGE_LOOP ( 'NONE', ( #1028, #1320, #1001, #1554 ) ) ;
#2137 = VERTEX_POINT ( 'NONE', #461 ) ;
#2138 = VECTOR ( 'NONE', #491, 1000.000000000000000 ) ;
#2139 = ORIENTED_EDGE ( 'NONE', *, *, #337, .F. ) ;
#2140 = CARTESIAN_POINT ( 'NONE',  ( 31.99999999999999289, 0.000000000000000000, -6.000000000000000000 ) ) ;
#2141 = DIRECTION ( 'NONE',  ( 0.000000000000000000, 0.000000000000000000, 1.000000000000000000 ) ) ;
#2142 = VERTEX_POINT ( 'NONE', #2834 ) ;
#2143 = EDGE_LOOP ( 'NONE', ( #1824, #696 ) ) ;
#2144 = CARTESIAN_POINT ( 'NONE',  ( 96.00000000000000000, 0.000000000000000000, -22.00000000000000000 ) ) ;
#2145 = DIRECTION ( 'NONE',  ( 0.000000000000000000, 0.000000000000000000, 1.000000000000000000 ) ) ;
#2146 = PLANE ( 'NONE',  #2789 ) ;
#2147 = FACE_BOUND ( 'NONE', #2683, .T. ) ;
#2148 = ORIENTED_EDGE ( 'NONE', *, *, #1046, .F. ) ;
#2149 = PLANE ( 'NONE',  #1882 ) ;
#2150 = AXIS2_PLACEMENT_3D ( 'NONE', #415, #1285, #2162 ) ;
#2151 = CARTESIAN_POINT ( 'NONE',  ( 98.00000000000000000, 2.000000000000000000, -22.00000000000000000 ) ) ;
#2152 = EDGE_CURVE ( 'NONE', #691, #73, #1515, .T. ) ;
#2153 = ORIENTED_EDGE ( 'NONE', *, *, #838, .T. ) ;
#2154 = VECTOR ( 'NONE', #567, 1000.000000000000000 ) ;
#2155 = LINE ( 'NONE', #2815, #326 ) ;
#2156 = LINE ( 'NONE', #2588, #422 ) ;
#2157 = EDGE_CURVE ( 'NONE', #165, #113, #872, .T. ) ;
#2158 = ORIENTED_EDGE ( 'NONE', *, *, #2585, .F. ) ;
#2159 = LINE ( 'NONE', #1718, #1957 ) ;
#2160 = VECTOR ( 'NONE', #1907, 1000.000000000000000 ) ;
#2161 = DIRECTION ( 'NONE',  ( 0.000000000000000000, 0.000000000000000000, -1.000000000000000000 ) ) ;
#2162 = DIRECTION ( 'NONE',  ( 0.000000000000000000, 0.000000000000000000, -1.000000000000000000 ) ) ;
#2163 = VECTOR ( 'NONE', #806, 1000.000000000000000 ) ;
#2164 = FACE_OUTER_BOUND ( 'NONE', #1917, .T. ) ;
#2165 = VERTEX_POINT ( 'NONE', #1747 ) ;
#2166 = ADVANCED_FACE ( 'NONE', ( #224 ), #1965, .F. ) ;
#2167 = FACE_OUTER_BOUND ( 'NONE', #407, .T. ) ;
#2168 = ORIENTED_EDGE ( 'NONE', *, *, #2665, .T. ) ;
#2169 = CARTESIAN_POINT ( 'NONE',  ( 63.00000000000000000, 0.000000000000000000, -22.64999999999999503 ) ) ;
#2170 = EDGE_CURVE ( 'NONE', #2828, #2132, #659, .T. ) ;
#2171 = ORIENTED_EDGE ( 'NONE', *, *, #1312, .T. ) ;
#2172 = VECTOR ( 'NONE', #2797, 1000.000000000000000 ) ;
#2173 = CARTESIAN_POINT ( 'NONE',  ( 119.0000000000000000, 2.000000000000000000, -3.600000000000000533 ) ) ;
#2174 = LINE ( 'NONE', #2803, #1200 ) ;
#2175 = ORIENTED_EDGE ( 'NONE', *, *, #2100, .T. ) ;
#2176 = ADVANCED_FACE ( 'NONE', ( #2444 ), #2413, .F. ) ;
#2177 = CARTESIAN_POINT ( 'NONE',  ( 37.99999999999999289, 2.000000000000000000, -21.99999999999999645 ) ) ;
#2178 = LINE ( 'NONE', #657, #2189 ) ;
#2179 = EDGE_CURVE ( 'NONE', #2283, #2594, #1358, .T. ) ;
#2180 = CARTESIAN_POINT ( 'NONE',  ( 27.99999999999998934, 2.000000000000000000, -22.00000000000000000 ) ) ;
#2181 = ORIENTED_EDGE ( 'NONE', *, *, #44, .T. ) ;
#2182 = CYLINDRICAL_SURFACE ( 'NONE', #1514, 1.749999999999996891 ) ;
#2183 = CARTESIAN_POINT ( 'NONE',  ( 92.00000000000000000, 0.000000000000000000, -22.00000000000000000 ) ) ;
#2184 = VECTOR ( 'NONE', #1598, 1000.000000000000000 ) ;
#2185 = DIRECTION ( 'NONE',  ( -0.000000000000000000, 1.000000000000000000, -0.000000000000000000 ) ) ;
#2186 = ORIENTED_EDGE ( 'NONE', *, *, #2611, .T. ) ;
#2187 = VECTOR ( 'NONE', #1948, 1000.000000000000000 ) ;
#2188 = DIRECTION ( 'NONE',  ( -0.000000000000000000, -1.000000000000000000, -0.000000000000000000 ) ) ;
#2189 = VECTOR ( 'NONE', #1085, 1000.000000000000000 ) ;
#2190 = VECTOR ( 'NONE', #84, 1000.000000000000000 ) ;
#2191 = EDGE_LOOP ( 'NONE', ( #977, #2073, #1874, #225 ) ) ;
#2192 = CARTESIAN_POINT ( 'NONE',  ( 30.00000000000000000, 0.000000000000000000, -6.000000000000000000 ) ) ;
#2193 = CARTESIAN_POINT ( 'NONE',  ( 122.0000000000000000, 4.000000000000000000, -26.49999999999999645 ) ) ;
#2194 = EDGE_CURVE ( 'NONE', #2534, #2769, #690, .T. ) ;
#2195 = DIRECTION ( 'NONE',  ( -0.000000000000000000, 1.000000000000000000, -0.000000000000000000 ) ) ;
#2196 = ORIENTED_EDGE ( 'NONE', *, *, #2268, .F. ) ;
#2197 = CARTESIAN_POINT ( 'NONE',  ( 60.00000000000000711, 4.000000000000000000, -28.00000000000000000 ) ) ;
#2198 = DIRECTION ( 'NONE',  ( 0.000000000000000000, 0.000000000000000000, -1.000000000000000000 ) ) ;
#2199 = DIRECTION ( 'NONE',  ( -1.000000000000000000, -0.000000000000000000, 1.734723475976808475E-15 ) ) ;
#2200 = VERTEX_POINT ( 'NONE', #887 ) ;
#2201 = ORIENTED_EDGE ( 'NONE', *, *, #1070, .T. ) ;
#2202 = CARTESIAN_POINT ( 'NONE',  ( 66.50000000000000000, 4.000000000000000000, -23.90000000000000213 ) ) ;
#2203 = EDGE_CURVE ( 'NONE', #46, #1987, #2014, .T. ) ;
#2204 = VERTEX_POINT ( 'NONE', #2211 ) ;
#2205 = ADVANCED_FACE ( 'NONE', ( #240 ), #1148, .F. ) ;
#2206 = CARTESIAN_POINT ( 'NONE',  ( 66.50000000000000000, 4.000000000000000000, -22.39999999999999858 ) ) ;
#2207 = FACE_OUTER_BOUND ( 'NONE', #638, .T. ) ;
#2208 = AXIS2_PLACEMENT_3D ( 'NONE', #494, #2243, #1968 ) ;
#2209 = AXIS2_PLACEMENT_3D ( 'NONE', #119, #998, #2531 ) ;
#2210 = LINE ( 'NONE', #1118, #876 ) ;
#2211 = CARTESIAN_POINT ( 'NONE',  ( 59.50000000000000000, 2.000000000000000000, -22.39999999999999858 ) ) ;
#2212 = EDGE_LOOP ( 'NONE', ( #2148, #697, #2760, #785 ) ) ;
#2213 = CARTESIAN_POINT ( 'NONE',  ( 60.00000000000000711, 4.000000000000000000, -28.00000000000000000 ) ) ;
#2214 = DIRECTION ( 'NONE',  ( 0.000000000000000000, 0.000000000000000000, 1.000000000000000000 ) ) ;
#2215 = CARTESIAN_POINT ( 'NONE',  ( 39.99999999999999289, 0.000000000000000000, -6.000000000000000000 ) ) ;
#2216 = ADVANCED_FACE ( 'NONE', ( #478 ), #257, .F. ) ;
#2217 = ORIENTED_EDGE ( 'NONE', *, *, #268, .F. ) ;
#2218 = ORIENTED_EDGE ( 'NONE', *, *, #1015, .F. ) ;
#2219 = EDGE_CURVE ( 'NONE', #2335, #1364, #1809, .T. ) ;
#2220 = DIRECTION ( 'NONE',  ( 1.000000000000000000, 0.000000000000000000, 0.000000000000000000 ) ) ;
#2221 = DIRECTION ( 'NONE',  ( -1.000000000000000000, 0.000000000000000000, 0.000000000000000000 ) ) ;
#2222 = CIRCLE ( 'NONE', #1067, 1.749999999999996891 ) ;
#2223 = VERTEX_POINT ( 'NONE', #1422 ) ;
#2224 = DIRECTION ( 'NONE',  ( 0.000000000000000000, 0.000000000000000000, 1.000000000000000000 ) ) ;
#2225 = PLANE ( 'NONE',  #907 ) ;
#2226 = DIRECTION ( 'NONE',  ( 0.000000000000000000, 0.000000000000000000, 1.000000000000000000 ) ) ;
#2227 = CARTESIAN_POINT ( 'NONE',  ( 33.99999999999998579, 2.000000000000000000, -21.99999999999999645 ) ) ;
#2228 = DIRECTION ( 'NONE',  ( -0.000000000000000000, 1.000000000000000000, -0.000000000000000000 ) ) ;
#2229 = LINE ( 'NONE', #674, #147 ) ;
#2230 = DIRECTION ( 'NONE',  ( -1.000000000000000000, 0.000000000000000000, 0.000000000000000000 ) ) ;
#2231 = EDGE_LOOP ( 'NONE', ( #2500, #301, #2746, #2171 ) ) ;
#2232 = ORIENTED_EDGE ( 'NONE', *, *, #1402, .T. ) ;
#2233 = LINE ( 'NONE', #265, #1757 ) ;
#2234 = DIRECTION ( 'NONE',  ( -2.168404344971008868E-16, -0.000000000000000000, -1.000000000000000000 ) ) ;
#2235 = ORIENTED_EDGE ( 'NONE', *, *, #566, .F. ) ;
#2236 = AXIS2_PLACEMENT_3D ( 'NONE', #2144, #2575, #181 ) ;
#2237 = LINE ( 'NONE', #475, #306 ) ;
#2238 = CARTESIAN_POINT ( 'NONE',  ( 2.000000000000001332, 5.000000000000000000, -7.000000000000000000 ) ) ;
#2239 = AXIS2_PLACEMENT_3D ( 'NONE', #416, #2759, #1027 ) ;
#2240 = PRODUCT_CONTEXT ( 'NONE', #687, 'mechanical' ) ;
#2241 = CARTESIAN_POINT ( 'NONE',  ( 123.0000000000000000, 0.000000000000000000, -3.000000000000000000 ) ) ;
#2242 = DIRECTION ( 'NONE',  ( -4.336808689942013792E-16, 0.000000000000000000, 1.000000000000000000 ) ) ;
#2243 = DIRECTION ( 'NONE',  ( 0.000000000000000000, 0.000000000000000000, -1.000000000000000000 ) ) ;
#2244 = CARTESIAN_POINT ( 'NONE',  ( 67.00000000000000000, 2.000000000000000000, -2.000000000000000000 ) ) ;
#2245 = ORIENTED_EDGE ( 'NONE', *, *, #2740, .T. ) ;
#2246 = ORIENTED_EDGE ( 'NONE', *, *, #737, .F. ) ;
#2247 = ADVANCED_FACE ( 'NONE', ( #94 ), #2301, .F. ) ;
#2248 = DIRECTION ( 'NONE',  ( -1.000000000000000000, 0.000000000000000000, 0.000000000000000000 ) ) ;
#2249 = CARTESIAN_POINT ( 'NONE',  ( 126.0000000000000000, 2.000000000000000000, 0.000000000000000000 ) ) ;
#2250 = AXIS2_PLACEMENT_3D ( 'NONE', #1950, #2577, #1886 ) ;
#2251 = VERTEX_POINT ( 'NONE', #505 ) ;
#2252 = EDGE_CURVE ( 'NONE', #200, #1909, #517, .T. ) ;
#2253 = CARTESIAN_POINT ( 'NONE',  ( 66.50000000000000000, 2.000000000000000000, -23.90000000000000213 ) ) ;
#2254 = DIRECTION ( 'NONE',  ( 0.000000000000000000, 0.000000000000000000, 1.000000000000000000 ) ) ;
#2255 = AXIS2_PLACEMENT_3D ( 'NONE', #504, #931, #239 ) ;
#2256 = CARTESIAN_POINT ( 'NONE',  ( 2.000000000000001332, 2.000000000000000000, -7.000000000000000000 ) ) ;
#2257 = DIRECTION ( 'NONE',  ( -1.000000000000000000, 0.000000000000000000, 4.336808689942017120E-17 ) ) ;
#2258 = ORIENTED_EDGE ( 'NONE', *, *, #2556, .T. ) ;
#2259 = VERTEX_POINT ( 'NONE', #2064 ) ;
#2260 = CARTESIAN_POINT ( 'NONE',  ( 59.50000000000000000, 4.000000000000000000, -22.39999999999999858 ) ) ;
#2261 = LINE ( 'NONE', #2045, #102 ) ;
#2262 = ORIENTED_EDGE ( 'NONE', *, *, #1782, .F. ) ;
#2263 = VECTOR ( 'NONE', #2058, 1000.000000000000000 ) ;
#2264 = ADVANCED_FACE ( 'NONE', ( #335 ), #741, .F. ) ;
#2265 = DIRECTION ( 'NONE',  ( 1.000000000000000000, 0.000000000000000000, 0.000000000000000000 ) ) ;
#2266 = CARTESIAN_POINT ( 'NONE',  ( 0.000000000000000000, 2.000000000000000000, -28.00000000000000000 ) ) ;
#2267 = DIRECTION ( 'NONE',  ( -1.000000000000000000, 0.000000000000000000, 0.000000000000000000 ) ) ;
#2268 = EDGE_CURVE ( 'NONE', #1244, #332, #730, .T. ) ;
#2269 = DIRECTION ( 'NONE',  ( -0.000000000000000000, -1.000000000000000000, -0.000000000000000000 ) ) ;
#2270 = EDGE_LOOP ( 'NONE', ( #2570, #637, #288, #610 ) ) ;
#2271 = VERTEX_POINT ( 'NONE', #986 ) ;
#2272 = DIRECTION ( 'NONE',  ( -0.000000000000000000, -0.000000000000000000, -1.000000000000000000 ) ) ;
#2273 = FACE_OUTER_BOUND ( 'NONE', #1830, .T. ) ;
#2274 = EDGE_LOOP ( 'NONE', ( #728, #88, #2548, #2564 ) ) ;
#2275 = ADVANCED_FACE ( 'NONE', ( #1843 ), #528, .F. ) ;
#2276 = FACE_OUTER_BOUND ( 'NONE', #625, .T. ) ;
#2277 = CIRCLE ( 'NONE', #1725, 1.749999999999996891 ) ;
#2278 = DIRECTION ( 'NONE',  ( -0.000000000000000000, -1.000000000000000000, -0.000000000000000000 ) ) ;
#2279 = FACE_OUTER_BOUND ( 'NONE', #2034, .T. ) ;
#2280 = AXIS2_PLACEMENT_3D ( 'NONE', #1039, #2529, #1486 ) ;
#2281 = LINE ( 'NONE', #1374, #64 ) ;
#2282 = ORIENTED_EDGE ( 'NONE', *, *, #2595, .T. ) ;
#2283 = VERTEX_POINT ( 'NONE', #1832 ) ;
#2284 = CARTESIAN_POINT ( 'NONE',  ( 3.000000000000000000, 2.000000000000000000, -22.64999999999999858 ) ) ;
#2285 = LINE ( 'NONE', #2491, #945 ) ;
#2286 = VERTEX_POINT ( 'NONE', #321 ) ;
#2287 = EDGE_CURVE ( 'NONE', #1281, #2200, #1396, .T. ) ;
#2288 = EDGE_CURVE ( 'NONE', #1152, #772, #296, .T. ) ;
#2289 = CARTESIAN_POINT ( 'NONE',  ( 98.00000000000000000, 2.000000000000000000, -6.000000000000000000 ) ) ;
#2290 = FACE_BOUND ( 'NONE', #1278, .T. ) ;
#2291 = DIRECTION ( 'NONE',  ( 0.000000000000000000, 1.000000000000000000, 0.000000000000000000 ) ) ;
#2292 = ORIENTED_EDGE ( 'NONE', *, *, #67, .T. ) ;
#2293 = ORIENTED_EDGE ( 'NONE', *, *, #1520, .F. ) ;
#2294 = LINE ( 'NONE', #1406, #1035 ) ;
#2295 = EDGE_CURVE ( 'NONE', #230, #873, #310, .T. ) ;
#2296 = AXIS2_PLACEMENT_3D ( 'NONE', #322, #2076, #1603 ) ;
#2297 = LINE ( 'NONE', #1172, #883 ) ;
#2298 = ADVANCED_FACE ( 'NONE', ( #2038 ), #1602, .F. ) ;
#2299 = ORIENTED_EDGE ( 'NONE', *, *, #2086, .F. ) ;
#2300 = LINE ( 'NONE', #320, #1234 ) ;
#2301 = PLANE ( 'NONE',  #1822 ) ;
#2302 = VECTOR ( 'NONE', #2248, 1000.000000000000000 ) ;
#2303 =( NAMED_UNIT ( * ) SI_UNIT ( $, .STERADIAN. ) SOLID_ANGLE_UNIT ( ) );
#2304 = CARTESIAN_POINT ( 'NONE',  ( 0.000000000000000000, 2.000000000000000000, -28.00000000000000000 ) ) ;
#2305 = ORIENTED_EDGE ( 'NONE', *, *, #2382, .T. ) ;
#2306 = ORIENTED_EDGE ( 'NONE', *, *, #2482, .F. ) ;
#2307 = DIRECTION ( 'NONE',  ( 0.000000000000000000, 0.000000000000000000, 1.000000000000000000 ) ) ;
#2308 = ADVANCED_FACE ( 'NONE', ( #716, #1189, #1624, #1384, #944, #1819, #2703, #932, #2692, #1589, #2484, #1176, #2730, #754, #2507, #540, #1410, #2290, #767, #627, #1236 ), #182, .F. ) ;
#2309 = LINE ( 'NONE', #2750, #1551 ) ;
#2310 = VERTEX_POINT ( 'NONE', #1885 ) ;
#2311 = LINE ( 'NONE', #2672, #1649 ) ;
#2312 = CARTESIAN_POINT ( 'NONE',  ( 90.00000000000000000, 0.000000000000000000, -6.000000000000000000 ) ) ;
#2313 = CARTESIAN_POINT ( 'NONE',  ( 0.000000000000000000, 2.000000000000000000, 0.000000000000000000 ) ) ;
#2314 = PLANE ( 'NONE',  #700 ) ;
#2315 = LINE ( 'NONE', #1073, #48 ) ;
#2316 = VECTOR ( 'NONE', #855, 1000.000000000000000 ) ;
#2317 = PLANE ( 'NONE',  #631 ) ;
#2318 = ORIENTED_EDGE ( 'NONE', *, *, #665, .F. ) ;
#2319 = VERTEX_POINT ( 'NONE', #1054 ) ;
#2320 = CIRCLE ( 'NONE', #1776, 1.749999999999998002 ) ;
#2321 = AXIS2_PLACEMENT_3D ( 'NONE', #2401, #493, #1314 ) ;
#2322 = CARTESIAN_POINT ( 'NONE',  ( 63.00000000000000000, 0.000000000000000000, -19.14999999999999858 ) ) ;
#2323 = ORIENTED_EDGE ( 'NONE', *, *, #1700, .F. ) ;
#2324 = FILL_AREA_STYLE ('',( #2341 ) ) ;
#2325 = ORIENTED_EDGE ( 'NONE', *, *, #1994, .F. ) ;
#2326 = ORIENTED_EDGE ( 'NONE', *, *, #1642, .T. ) ;
#2327 = EDGE_CURVE ( 'NONE', #1535, #1445, #169, .T. ) ;
#2328 = DIRECTION ( 'NONE',  ( -2.168404344971008868E-16, -0.000000000000000000, -1.000000000000000000 ) ) ;
#2329 = DIRECTION ( 'NONE',  ( 0.000000000000000000, 1.000000000000000000, 0.000000000000000000 ) ) ;
#2330 = CARTESIAN_POINT ( 'NONE',  ( 3.000000000000000000, 2.000000000000000000, -1.249999999999999112 ) ) ;
#2331 = ORIENTED_EDGE ( 'NONE', *, *, #773, .T. ) ;
#2332 = AXIS2_PLACEMENT_3D ( 'NONE', #878, #936, #453 ) ;
#2333 = CARTESIAN_POINT ( 'NONE',  ( 33.99999999999998579, 0.000000000000000000, -21.99999999999999645 ) ) ;
#2334 = ORIENTED_EDGE ( 'NONE', *, *, #1360, .T. ) ;
#2335 = VERTEX_POINT ( 'NONE', #1934 ) ;
#2336 = DIRECTION ( 'NONE',  ( -0.000000000000000000, -1.000000000000000000, -0.000000000000000000 ) ) ;
#2337 = CARTESIAN_POINT ( 'NONE',  ( 123.0000000000000000, 0.000000000000000000, -22.64999999999999503 ) ) ;
#2338 = EDGE_CURVE ( 'NONE', #2259, #194, #1009, .T. ) ;
#2339 = VERTEX_POINT ( 'NONE', #353 ) ;
#2340 = VERTEX_POINT ( 'NONE', #1869 ) ;
#2341 = FILL_AREA_STYLE_COLOUR ( '', #71 ) ;
#2342 = VECTOR ( 'NONE', #14, 1000.000000000000000 ) ;
#2343 = ORIENTED_EDGE ( 'NONE', *, *, #636, .F. ) ;
#2344 = FACE_OUTER_BOUND ( 'NONE', #1045, .T. ) ;
#2345 = ORIENTED_EDGE ( 'NONE', *, *, #804, .F. ) ;
#2346 = DIRECTION ( 'NONE',  ( -2.168404344971008868E-16, 0.000000000000000000, -1.000000000000000000 ) ) ;
#2347 = CARTESIAN_POINT ( 'NONE',  ( 126.0000000000000000, 2.000000000000000000, 0.000000000000000000 ) ) ;
#2348 = DIRECTION ( 'NONE',  ( -0.000000000000000000, -1.000000000000000000, -0.000000000000000000 ) ) ;
#2349 = VECTOR ( 'NONE', #1815, 1000.000000000000000 ) ;
#2350 = CARTESIAN_POINT ( 'NONE',  ( 38.00000000000000000, 2.000000000000000000, -6.000000000000000000 ) ) ;
#2351 = ORIENTED_EDGE ( 'NONE', *, *, #341, .F. ) ;
#2352 = ORIENTED_EDGE ( 'NONE', *, *, #1871, .T. ) ;
#2353 = DIRECTION ( 'NONE',  ( -1.000000000000000000, 0.000000000000000000, 0.000000000000000000 ) ) ;
#2354 = AXIS2_PLACEMENT_3D ( 'NONE', #1519, #877, #154 ) ;
#2355 = CARTESIAN_POINT ( 'NONE',  ( 0.000000000000000000, 2.000000000000000000, 0.000000000000000000 ) ) ;
#2356 = ORIENTED_EDGE ( 'NONE', *, *, #498, .T. ) ;
#2357 = ORIENTED_EDGE ( 'NONE', *, *, #1393, .T. ) ;
#2358 = EDGE_CURVE ( 'NONE', #206, #1471, #1467, .T. ) ;
#2359 = ORIENTED_EDGE ( 'NONE', *, *, #1661, .T. ) ;
#2360 = LINE ( 'NONE', #2140, #2163 ) ;
#2361 = VERTEX_POINT ( 'NONE', #399 ) ;
#2362 = CARTESIAN_POINT ( 'NONE',  ( 25.99999999999999289, 2.000000000000000000, -21.99999999999999645 ) ) ;
#2363 = CARTESIAN_POINT ( 'NONE',  ( 100.0000000000000000, 0.000000000000000000, -22.00000000000000000 ) ) ;
#2364 = EDGE_CURVE ( 'NONE', #558, #2534, #404, .T. ) ;
#2365 = FACE_BOUND ( 'NONE', #74, .T. ) ;
#2366 = ORIENTED_EDGE ( 'NONE', *, *, #49, .F. ) ;
#2367 = DIRECTION ( 'NONE',  ( -0.000000000000000000, 1.000000000000000000, -0.000000000000000000 ) ) ;
#2368 = EDGE_LOOP ( 'NONE', ( #5, #2639, #564, #1125 ) ) ;
#2369 = AXIS2_PLACEMENT_3D ( 'NONE', #2515, #2536, #2070 ) ;
#2370 = CARTESIAN_POINT ( 'NONE',  ( 67.00000000000000000, 5.000000000000000000, -2.000000000000000000 ) ) ;
#2371 = ADVANCED_FACE ( 'NONE', ( #2576 ), #2102, .F. ) ;
#2372 = ORIENTED_EDGE ( 'NONE', *, *, #2510, .T. ) ;
#2373 = VECTOR ( 'NONE', #2633, 1000.000000000000000 ) ;
#2374 = VECTOR ( 'NONE', #1100, 1000.000000000000000 ) ;
#2375 = DIRECTION ( 'NONE',  ( 1.000000000000000000, 0.000000000000000000, -5.782411586589351722E-16 ) ) ;
#2376 = DIRECTION ( 'NONE',  ( -1.000000000000000000, 0.000000000000000000, 4.336808689942019708E-16 ) ) ;
#2377 = EDGE_LOOP ( 'NONE', ( #2475, #1496, #2094, #2541 ) ) ;
#2378 = EDGE_CURVE ( 'NONE', #165, #1336, #1591, .T. ) ;
#2379 = CYLINDRICAL_SURFACE ( 'NONE', #857, 1.749999999999998002 ) ;
#2380 = LINE ( 'NONE', #2559, #723 ) ;
#2381 = LINE ( 'NONE', #2808, #2739 ) ;
#2382 = EDGE_CURVE ( 'NONE', #47, #990, #1211, .T. ) ;
#2383 = DIRECTION ( 'NONE',  ( 0.000000000000000000, 0.000000000000000000, -1.000000000000000000 ) ) ;
#2384 = EDGE_LOOP ( 'NONE', ( #1375, #2568 ) ) ;
#2385 = CARTESIAN_POINT ( 'NONE',  ( 98.00000000000000000, 2.000000000000000000, -22.00000000000000000 ) ) ;
#2386 = VECTOR ( 'NONE', #2199, 1000.000000000000000 ) ;
#2387 = DIRECTION ( 'NONE',  ( 0.000000000000000000, 0.000000000000000000, -1.000000000000000000 ) ) ;
#2388 = EDGE_LOOP ( 'NONE', ( #1896, #1537, #302, #1708 ) ) ;
#2389 = EDGE_CURVE ( 'NONE', #1069, #278, #568, .T. ) ;
#2390 = VECTOR ( 'NONE', #27, 1000.000000000000000 ) ;
#2391 = DIRECTION ( 'NONE',  ( -0.000000000000000000, 1.000000000000000000, -0.000000000000000000 ) ) ;
#2392 = EDGE_CURVE ( 'NONE', #913, #842, #2380, .T. ) ;
#2393 = CARTESIAN_POINT ( 'NONE',  ( 66.00000000000000000, 2.000000000000000000, -28.00000000000000000 ) ) ;
#2394 = EDGE_CURVE ( 'NONE', #455, #1469, #2320, .T. ) ;
#2395 = EDGE_LOOP ( 'NONE', ( #684, #2345, #1408, #938 ) ) ;
#2396 = LINE ( 'NONE', #1731, #2421 ) ;
#2397 = VECTOR ( 'NONE', #2610, 1000.000000000000000 ) ;
#2398 = CARTESIAN_POINT ( 'NONE',  ( 31.99999999999998579, 0.000000000000000000, -22.00000000000000000 ) ) ;
#2399 = AXIS2_PLACEMENT_3D ( 'NONE', #2202, #925, #1742 ) ;
#2400 = ORIENTED_EDGE ( 'NONE', *, *, #1754, .F. ) ;
#2401 = CARTESIAN_POINT ( 'NONE',  ( 7.000000000000000888, 5.000000000000000000, -3.600000000000000533 ) ) ;
#2402 = ORIENTED_EDGE ( 'NONE', *, *, #1807, .T. ) ;
#2403 = CARTESIAN_POINT ( 'NONE',  ( 67.00000000000000000, 5.000000000000000000, -3.600000000000000533 ) ) ;
#2404 = CARTESIAN_POINT ( 'NONE',  ( 63.00000000000000000, 0.000000000000000000, -22.64999999999999503 ) ) ;
#2405 = CARTESIAN_POINT ( 'NONE',  ( 3.600000000000001421, 5.000000000000000000, -6.999999999999999112 ) ) ;
#2406 = ORIENTED_EDGE ( 'NONE', *, *, #90, .F. ) ;
#2407 = AXIS2_PLACEMENT_3D ( 'NONE', #2183, #1092, #1969 ) ;
#2408 = EDGE_CURVE ( 'NONE', #2754, #1580, #794, .T. ) ;
#2409 = FACE_OUTER_BOUND ( 'NONE', #790, .T. ) ;
#2410 = ORIENTED_EDGE ( 'NONE', *, *, #681, .T. ) ;
#2411 = CARTESIAN_POINT ( 'NONE',  ( 63.00000000000000000, 2.000000000000000000, -1.250000000000003331 ) ) ;
#2412 = CARTESIAN_POINT ( 'NONE',  ( 86.00000000000000000, 0.000000000000000000, -6.000000000000000000 ) ) ;
#2413 = PLANE ( 'NONE',  #2321 ) ;
#2414 = ORIENTED_EDGE ( 'NONE', *, *, #1161, .T. ) ;
#2415 = CARTESIAN_POINT ( 'NONE',  ( 66.00000000000000000, 4.000000000000000000, -28.00000000000000000 ) ) ;
#2416 = DIRECTION ( 'NONE',  ( -1.000000000000000000, 0.000000000000000000, -0.000000000000000000 ) ) ;
#2417 = ADVANCED_FACE ( 'NONE', ( #2772 ), #2115, .F. ) ;
#2418 = LINE ( 'NONE', #229, #2643 ) ;
#2419 = ORIENTED_EDGE ( 'NONE', *, *, #1398, .F. ) ;
#2420 = EDGE_CURVE ( 'NONE', #17, #2769, #350, .T. ) ;
#2421 = VECTOR ( 'NONE', #1249, 1000.000000000000000 ) ;
#2422 = FACE_OUTER_BOUND ( 'NONE', #128, .T. ) ;
#2423 = VECTOR ( 'NONE', #2519, 1000.000000000000000 ) ;
#2424 = VECTOR ( 'NONE', #1089, 1000.000000000000000 ) ;
#2425 = ORIENTED_EDGE ( 'NONE', *, *, #2538, .T. ) ;
#2426 = CARTESIAN_POINT ( 'NONE',  ( 124.0000000000000000, 5.000000000000000000, -17.00000000000000000 ) ) ;
#2427 = PLANE ( 'NONE',  #80 ) ;
#2428 = EDGE_CURVE ( 'NONE', #2105, #1463, #1434, .T. ) ;
#2429 = CARTESIAN_POINT ( 'NONE',  ( 0.000000000000000000, 2.000000000000000000, -28.00000000000000000 ) ) ;
#2430 = VERTEX_POINT ( 'NONE', #146 ) ;
#2431 = CARTESIAN_POINT ( 'NONE',  ( 60.00000000000001421, 2.000000000000000000, -25.89999999999999858 ) ) ;
#2432 = EDGE_CURVE ( 'NONE', #2137, #1677, #812, .T. ) ;
#2433 = PLANE ( 'NONE',  #2757 ) ;
#2434 = PLANE ( 'NONE',  #510 ) ;
#2435 = ORIENTED_EDGE ( 'NONE', *, *, #445, .F. ) ;
#2436 = VERTEX_POINT ( 'NONE', #1250 ) ;
#2437 =( GEOMETRIC_REPRESENTATION_CONTEXT ( 3 ) GLOBAL_UNCERTAINTY_ASSIGNED_CONTEXT ( ( #1679 ) ) GLOBAL_UNIT_ASSIGNED_CONTEXT ( ( #1935, #2791, #1704 ) ) REPRESENTATION_CONTEXT ( 'NONE', 'WORKASPACE' ) );
#2438 = CARTESIAN_POINT ( 'NONE',  ( 7.000000000000000888, 2.000000000000000000, -3.600000000000000533 ) ) ;
#2439 = CARTESIAN_POINT ( 'NONE',  ( 35.99999999999999289, 0.000000000000000000, -22.00000000000000000 ) ) ;
#2440 = EDGE_LOOP ( 'NONE', ( #1662, #432, #203, #1565 ) ) ;
#2441 = CARTESIAN_POINT ( 'NONE',  ( 39.99999999999999289, 2.000000000000000000, -6.000000000000000000 ) ) ;
#2442 = LINE ( 'NONE', #1283, #1444 ) ;
#2443 = CARTESIAN_POINT ( 'NONE',  ( 38.00000000000000000, 0.000000000000000000, -6.000000000000000000 ) ) ;
#2444 = FACE_OUTER_BOUND ( 'NONE', #544, .T. ) ;
#2445 = ORIENTED_EDGE ( 'NONE', *, *, #1786, .F. ) ;
#2446 = FACE_OUTER_BOUND ( 'NONE', #1018, .T. ) ;
#2447 = CARTESIAN_POINT ( 'NONE',  ( 126.0000000000000000, 0.000000000000000000, -28.00000000000000000 ) ) ;
#2448 = DIRECTION ( 'NONE',  ( -1.000000000000000000, -0.000000000000000000, -0.000000000000000000 ) ) ;
#2449 = ORIENTED_EDGE ( 'NONE', *, *, #549, .T. ) ;
#2450 = ORIENTED_EDGE ( 'NONE', *, *, #1187, .F. ) ;
#2451 = CARTESIAN_POINT ( 'NONE',  ( 4.000000000000000000, 2.000000000000000000, -25.89999999999999858 ) ) ;
#2452 = FACE_OUTER_BOUND ( 'NONE', #66, .T. ) ;
#2453 = ORIENTED_EDGE ( 'NONE', *, *, #562, .T. ) ;
#2454 = CARTESIAN_POINT ( 'NONE',  ( 120.0000000000000000, 2.000000000000000000, -22.39999999999999858 ) ) ;
#2455 = CARTESIAN_POINT ( 'NONE',  ( 100.0000000000000000, 0.000000000000000000, -5.999999999999999112 ) ) ;
#2456 = CARTESIAN_POINT ( 'NONE',  ( 96.00000000000000000, 0.000000000000000000, -5.999999999999999112 ) ) ;
#2457 = DIRECTION ( 'NONE',  ( -0.000000000000000000, -0.000000000000000000, 1.000000000000000000 ) ) ;
#2458 = ADVANCED_FACE ( 'NONE', ( #2130 ), #1732, .F. ) ;
#2459 = PLANE ( 'NONE',  #2208 ) ;
#2460 = DIRECTION ( 'NONE',  ( 0.000000000000000000, 1.000000000000000000, 0.000000000000000000 ) ) ;
#2461 = ORIENTED_EDGE ( 'NONE', *, *, #597, .T. ) ;
#2462 = ORIENTED_EDGE ( 'NONE', *, *, #1796, .T. ) ;
#2463 = CARTESIAN_POINT ( 'NONE',  ( 67.00000000000000000, 5.000000000000000000, -2.000000000000000000 ) ) ;
#2464 = EDGE_CURVE ( 'NONE', #820, #1254, #2442, .T. ) ;
#2465 = LINE ( 'NONE', #1366, #2047 ) ;
#2466 = VERTEX_POINT ( 'NONE', #196 ) ;
#2467 = VECTOR ( 'NONE', #442, 1000.000000000000000 ) ;
#2468 = VECTOR ( 'NONE', #2819, 1000.000000000000000 ) ;
#2469 = VECTOR ( 'NONE', #2092, 1000.000000000000000 ) ;
#2470 = CARTESIAN_POINT ( 'NONE',  ( 122.3999999999999915, 2.000000000000000000, -17.00000000000000000 ) ) ;
#2471 = CARTESIAN_POINT ( 'NONE',  ( 94.00000000000000000, 2.000000000000000000, -22.00000000000000000 ) ) ;
#2472 = LINE ( 'NONE', #1121, #419 ) ;
#2473 = EDGE_CURVE ( 'NONE', #1779, #2204, #1574, .T. ) ;
#2474 = CARTESIAN_POINT ( 'NONE',  ( 59.00000000000000000, 5.000000000000000000, -3.600000000000000533 ) ) ;
#2475 = ORIENTED_EDGE ( 'NONE', *, *, #591, .T. ) ;
#2476 = VERTEX_POINT ( 'NONE', #443 ) ;
#2477 = LINE ( 'NONE', #735, #384 ) ;
#2478 = LINE ( 'NONE', #1828, #2770 ) ;
#2479 = ADVANCED_FACE ( 'NONE', ( #686 ), #414, .F. ) ;
#2480 = AXIS2_PLACEMENT_3D ( 'NONE', #1346, #2230, #1138 ) ;
#2481 = ORIENTED_EDGE ( 'NONE', *, *, #2684, .F. ) ;
#2482 = EDGE_CURVE ( 'NONE', #805, #2555, #1529, .T. ) ;
#2483 = DIRECTION ( 'NONE',  ( 0.000000000000000000, 1.000000000000000000, 0.000000000000000000 ) ) ;
#2484 = FACE_BOUND ( 'NONE', #651, .T. ) ;
#2485 = AXIS2_PLACEMENT_3D ( 'NONE', #1817, #943, #1131 ) ;
#2486 = ADVANCED_FACE ( 'NONE', ( #2207 ), #669, .F. ) ;
#2487 = LINE ( 'NONE', #519, #1313 ) ;
#2488 = EDGE_LOOP ( 'NONE', ( #850, #454 ) ) ;
#2489 = VERTEX_POINT ( 'NONE', #884 ) ;
#2490 = PLANE ( 'NONE',  #2123 ) ;
#2491 = CARTESIAN_POINT ( 'NONE',  ( 25.99999999999999289, 0.000000000000000000, -21.99999999999999645 ) ) ;
#2492 = ORIENTED_EDGE ( 'NONE', *, *, #377, .T. ) ;
#2493 = EDGE_CURVE ( 'NONE', #278, #1258, #1775, .T. ) ;
#2494 = VECTOR ( 'NONE', #1136, 1000.000000000000000 ) ;
#2495 = CARTESIAN_POINT ( 'NONE',  ( 31.99999999999998579, 0.000000000000000000, -22.00000000000000000 ) ) ;
#2496 = CARTESIAN_POINT ( 'NONE',  ( 92.00000000000000000, 0.000000000000000000, -22.00000000000000000 ) ) ;
#2497 = FACE_OUTER_BOUND ( 'NONE', #447, .T. ) ;
#2498 = DIRECTION ( 'NONE',  ( -0.000000000000000000, -0.000000000000000000, -1.000000000000000000 ) ) ;
#2499 = ORIENTED_EDGE ( 'NONE', *, *, #2715, .F. ) ;
#2500 = ORIENTED_EDGE ( 'NONE', *, *, #2514, .T. ) ;
#2501 = ADVANCED_FACE ( 'NONE', ( #11 ), #2225, .F. ) ;
#2502 = DIRECTION ( 'NONE',  ( -0.000000000000000000, 1.000000000000000000, -0.000000000000000000 ) ) ;
#2503 = LINE ( 'NONE', #956, #1476 ) ;
#2504 = EDGE_CURVE ( 'NONE', #2142, #1677, #1130, .T. ) ;
#2505 = ORIENTED_EDGE ( 'NONE', *, *, #652, .T. ) ;
#2506 = LINE ( 'NONE', #2728, #550 ) ;
#2507 = FACE_BOUND ( 'NONE', #1641, .T. ) ;
#2508 = DIRECTION ( 'NONE',  ( -2.168404344971008868E-16, 0.000000000000000000, -1.000000000000000000 ) ) ;
#2509 = VECTOR ( 'NONE', #1971, 1000.000000000000000 ) ;
#2510 = EDGE_CURVE ( 'NONE', #2572, #1368, #1540, .T. ) ;
#2511 = CARTESIAN_POINT ( 'NONE',  ( 67.00000000000000000, 2.000000000000000000, -2.000000000000000000 ) ) ;
#2512 = ORIENTED_EDGE ( 'NONE', *, *, #2473, .T. ) ;
#2513 = ORIENTED_EDGE ( 'NONE', *, *, #1538, .T. ) ;
#2514 = EDGE_CURVE ( 'NONE', #823, #1034, #856, .T. ) ;
#2515 = CARTESIAN_POINT ( 'NONE',  ( 123.0000000000000000, 0.000000000000000000, -20.89999999999999858 ) ) ;
#2516 = CARTESIAN_POINT ( 'NONE',  ( 122.3999999999999915, 5.000000000000000000, -17.00000000000000000 ) ) ;
#2517 = ORIENTED_EDGE ( 'NONE', *, *, #2464, .F. ) ;
#2518 = PLANE ( 'NONE',  #1836 ) ;
#2519 = DIRECTION ( 'NONE',  ( -0.000000000000000000, 1.000000000000000000, -0.000000000000000000 ) ) ;
#2520 = FACE_OUTER_BOUND ( 'NONE', #1531, .T. ) ;
#2521 = AXIS2_PLACEMENT_3D ( 'NONE', #672, #2228, #1749 ) ;
#2522 = LINE ( 'NONE', #2304, #2469 ) ;
#2523 = ORIENTED_EDGE ( 'NONE', *, *, #474, .F. ) ;
#2524 = VERTEX_POINT ( 'NONE', #1791 ) ;
#2525 = CARTESIAN_POINT ( 'NONE',  ( 86.00000000000000000, 0.000000000000000000, -22.00000000000000000 ) ) ;
#2526 = VECTOR ( 'NONE', #639, 1000.000000000000000 ) ;
#2527 = ORIENTED_EDGE ( 'NONE', *, *, #2394, .T. ) ;
#2528 = DIRECTION ( 'NONE',  ( -0.000000000000000000, -0.000000000000000000, -1.000000000000000000 ) ) ;
#2529 = DIRECTION ( 'NONE',  ( 0.000000000000000000, 1.000000000000000000, 0.000000000000000000 ) ) ;
#2530 = AXIS2_PLACEMENT_3D ( 'NONE', #1329, #1122, #2000 ) ;
#2531 = DIRECTION ( 'NONE',  ( 0.000000000000000000, 0.000000000000000000, 1.000000000000000000 ) ) ;
#2532 = ADVANCED_FACE ( 'NONE', ( #2833 ), #2427, .F. ) ;
#2533 = DIRECTION ( 'NONE',  ( 0.000000000000000000, -1.000000000000000000, 0.000000000000000000 ) ) ;
#2534 = VERTEX_POINT ( 'NONE', #1300 ) ;
#2535 = ORIENTED_EDGE ( 'NONE', *, *, #471, .F. ) ;
#2536 = DIRECTION ( 'NONE',  ( -0.000000000000000000, 1.000000000000000000, -0.000000000000000000 ) ) ;
#2537 = CARTESIAN_POINT ( 'NONE',  ( 124.0000000000000000, 5.000000000000000000, -6.999999999999999112 ) ) ;
#2538 = EDGE_CURVE ( 'NONE', #586, #1347, #2178, .T. ) ;
#2539 = ORIENTED_EDGE ( 'NONE', *, *, #1596, .F. ) ;
#2540 = UNCERTAINTY_MEASURE_WITH_UNIT (LENGTH_MEASURE( 1.000000000000000082E-05 ), #561, 'distance_accuracy_value', 'NONE');
#2541 = ORIENTED_EDGE ( 'NONE', *, *, #1186, .T. ) ;
#2542 = LINE ( 'NONE', #1188, #2597 ) ;
#2543 = CARTESIAN_POINT ( 'NONE',  ( 25.99999999999999289, 0.000000000000000000, -21.99999999999999645 ) ) ;
#2544 = FACE_OUTER_BOUND ( 'NONE', #640, .T. ) ;
#2545 = VECTOR ( 'NONE', #1759, 1000.000000000000000 ) ;
#2546 = CARTESIAN_POINT ( 'NONE',  ( 0.000000000000000000, 5.000000000000000000, 0.000000000000000000 ) ) ;
#2547 = ORIENTED_EDGE ( 'NONE', *, *, #1572, .F. ) ;
#2548 = ORIENTED_EDGE ( 'NONE', *, *, #1265, .F. ) ;
#2549 = AXIS2_PLACEMENT_3D ( 'NONE', #2742, #2790, #841 ) ;
#2550 = LINE ( 'NONE', #201, #2397 ) ;
#2551 = AXIS2_PLACEMENT_3D ( 'NONE', #1371, #2678, #2254 ) ;
#2552 = LINE ( 'NONE', #748, #1087 ) ;
#2553 = PLANE ( 'NONE',  #438 ) ;
#2554 = ORIENTED_EDGE ( 'NONE', *, *, #2179, .F. ) ;
#2555 = VERTEX_POINT ( 'NONE', #871 ) ;
#2556 = EDGE_CURVE ( 'NONE', #950, #508, #1745, .T. ) ;
#2557 = VERTEX_POINT ( 'NONE', #1324 ) ;
#2558 = FACE_OUTER_BOUND ( 'NONE', #571, .T. ) ;
#2559 = CARTESIAN_POINT ( 'NONE',  ( 60.00000000000001421, 4.000000000000055067, -26.50000000000001421 ) ) ;
#2560 = FACE_OUTER_BOUND ( 'NONE', #2108, .T. ) ;
#2561 = ADVANCED_FACE ( 'NONE', ( #238 ), #1556, .F. ) ;
#2562 = FACE_OUTER_BOUND ( 'NONE', #440, .T. ) ;
#2563 = ORIENTED_EDGE ( 'NONE', *, *, #2268, .T. ) ;
#2564 = ORIENTED_EDGE ( 'NONE', *, *, #1960, .T. ) ;
#2565 = LINE ( 'NONE', #1303, #284 ) ;
#2566 = CARTESIAN_POINT ( 'NONE',  ( 31.99999999999998579, 2.000000000000000000, -22.00000000000000000 ) ) ;
#2567 = VERTEX_POINT ( 'NONE', #2646 ) ;
#2568 = ORIENTED_EDGE ( 'NONE', *, *, #1829, .F. ) ;
#2569 = VECTOR ( 'NONE', #2528, 1000.000000000000000 ) ;
#2570 = ORIENTED_EDGE ( 'NONE', *, *, #1096, .T. ) ;
#2571 = VECTOR ( 'NONE', #1397, 1000.000000000000000 ) ;
#2572 = VERTEX_POINT ( 'NONE', #1145 ) ;
#2573 = EDGE_CURVE ( 'NONE', #206, #1120, #272, .T. ) ;
#2574 = ORIENTED_EDGE ( 'NONE', *, *, #2504, .T. ) ;
#2575 = DIRECTION ( 'NONE',  ( -0.000000000000000000, 0.000000000000000000, -1.000000000000000000 ) ) ;
#2576 = FACE_OUTER_BOUND ( 'NONE', #792, .T. ) ;
#2577 = DIRECTION ( 'NONE',  ( -1.734723475976808672E-15, 0.000000000000000000, -1.000000000000000000 ) ) ;
#2578 = VECTOR ( 'NONE', #423, 1000.000000000000000 ) ;
#2579 = CARTESIAN_POINT ( 'NONE',  ( 60.00000000000000711, 4.000000000000000000, -28.00000000000000000 ) ) ;
#2580 = EDGE_LOOP ( 'NONE', ( #2326, #496, #839, #92 ) ) ;
#2581 = EDGE_LOOP ( 'NONE', ( #557, #30, #1401, #734 ) ) ;
#2582 = CARTESIAN_POINT ( 'NONE',  ( 4.000000000000003553, 4.000000000000000000, -28.00000000000000000 ) ) ;
#2583 = DIRECTION ( 'NONE',  ( -0.000000000000000000, -0.000000000000000000, -1.000000000000000000 ) ) ;
#2584 = ORIENTED_EDGE ( 'NONE', *, *, #759, .F. ) ;
#2585 = EDGE_CURVE ( 'NONE', #2340, #1942, #1354, .T. ) ;
#2586 = DIRECTION ( 'NONE',  ( -1.000000000000000000, -0.000000000000000000, -0.000000000000000000 ) ) ;
#2587 = EDGE_CURVE ( 'NONE', #922, #2204, #1767, .T. ) ;
#2588 = CARTESIAN_POINT ( 'NONE',  ( 26.00000000000000000, 0.000000000000000000, -6.000000000000000000 ) ) ;
#2589 = ORIENTED_EDGE ( 'NONE', *, *, #2364, .F. ) ;
#2590 = CARTESIAN_POINT ( 'NONE',  ( 7.000000000000000888, 5.000000000000000000, -3.600000000000000533 ) ) ;
#2591 = DIRECTION ( 'NONE',  ( 9.494649959318665350E-16, -0.9578262852211525402, 0.2873478855663418319 ) ) ;
#2592 = CARTESIAN_POINT ( 'NONE',  ( 35.99999999999999289, 2.000000000000000000, -22.00000000000000000 ) ) ;
#2593 = DIRECTION ( 'NONE',  ( -0.000000000000000000, -1.000000000000000000, -0.000000000000000000 ) ) ;
#2594 = VERTEX_POINT ( 'NONE', #2244 ) ;
#2595 = EDGE_CURVE ( 'NONE', #2251, #2319, #29, .T. ) ;
#2596 = DIRECTION ( 'NONE',  ( 1.000000000000000000, 0.000000000000000000, 4.336808689942013792E-16 ) ) ;
#2597 = VECTOR ( 'NONE', #2063, 1000.000000000000000 ) ;
#2598 = DIRECTION ( 'NONE',  ( -0.000000000000000000, -0.000000000000000000, 1.000000000000000000 ) ) ;
#2599 = ADVANCED_FACE ( 'NONE', ( #3 ), #1752, .F. ) ;
#2600 = ORIENTED_EDGE ( 'NONE', *, *, #538, .F. ) ;
#2601 = VECTOR ( 'NONE', #1453, 1000.000000000000000 ) ;
#2602 = CARTESIAN_POINT ( 'NONE',  ( 94.00000000000000000, 0.000000000000000000, -22.00000000000000000 ) ) ;
#2603 = CARTESIAN_POINT ( 'NONE',  ( 122.3999999999999915, 5.000000000000000000, -17.00000000000000000 ) ) ;
#2604 = ORIENTED_EDGE ( 'NONE', *, *, #1015, .T. ) ;
#2605 = FACE_OUTER_BOUND ( 'NONE', #103, .T. ) ;
#2606 = CARTESIAN_POINT ( 'NONE',  ( 90.00000000000000000, 0.000000000000000000, -22.00000000000000000 ) ) ;
#2607 = FACE_OUTER_BOUND ( 'NONE', #2440, .T. ) ;
#2608 = LINE ( 'NONE', #2648, #860 ) ;
#2609 = ORIENTED_EDGE ( 'NONE', *, *, #59, .T. ) ;
#2610 = DIRECTION ( 'NONE',  ( 4.336808689942019708E-16, 0.000000000000000000, 1.000000000000000000 ) ) ;
#2611 = EDGE_CURVE ( 'NONE', #179, #2335, #2418, .T. ) ;
#2612 = CARTESIAN_POINT ( 'NONE',  ( 37.99999999999999289, 0.000000000000000000, -21.99999999999999645 ) ) ;
#2613 = ORIENTED_EDGE ( 'NONE', *, *, #1165, .T. ) ;
#2614 = VECTOR ( 'NONE', #2023, 1000.000000000000000 ) ;
#2615 = LINE ( 'NONE', #2439, #1114 ) ;
#2616 = ORIENTED_EDGE ( 'NONE', *, *, #1355, .F. ) ;
#2617 = DIRECTION ( 'NONE',  ( 4.336808689942019708E-16, 0.000000000000000000, 1.000000000000000000 ) ) ;
#2618 = AXIS2_PLACEMENT_3D ( 'NONE', #554, #1190, #2267 ) ;
#2619 = DIRECTION ( 'NONE',  ( -0.000000000000000000, -0.000000000000000000, -1.000000000000000000 ) ) ;
#2620 = EDGE_CURVE ( 'NONE', #1272, #1193, #1266, .T. ) ;
#2621 = DIRECTION ( 'NONE',  ( 0.000000000000000000, -1.000000000000000000, 0.000000000000000000 ) ) ;
#2622 = ORIENTED_EDGE ( 'NONE', *, *, #1863, .F. ) ;
#2623 = CARTESIAN_POINT ( 'NONE',  ( 100.0000000000000000, 0.000000000000000000, -5.999999999999999112 ) ) ;
#2624 = FACE_OUTER_BOUND ( 'NONE', #1068, .T. ) ;
#2625 = LINE ( 'NONE', #1798, #1600 ) ;
#2626 = ORIENTED_EDGE ( 'NONE', *, *, #762, .T. ) ;
#2627 = VECTOR ( 'NONE', #2640, 1000.000000000000000 ) ;
#2628 = CARTESIAN_POINT ( 'NONE',  ( 123.0000000000000000, 2.000000000000000000, -4.749999999999997335 ) ) ;
#2629 = EDGE_CURVE ( 'NONE', #543, #1293, #719, .T. ) ;
#2630 = ORIENTED_EDGE ( 'NONE', *, *, #1074, .T. ) ;
#2631 = LINE ( 'NONE', #2206, #2049 ) ;
#2632 = DIRECTION ( 'NONE',  ( -0.000000000000000000, -1.000000000000000000, -0.000000000000000000 ) ) ;
#2633 = DIRECTION ( 'NONE',  ( 4.336808689942019708E-16, 0.000000000000000000, 1.000000000000000000 ) ) ;
#2634 = ORIENTED_EDGE ( 'NONE', *, *, #2055, .T. ) ;
#2635 = CARTESIAN_POINT ( 'NONE',  ( 4.000000000000001776, 2.000000000000000000, -28.00000000000000000 ) ) ;
#2636 = DIRECTION ( 'NONE',  ( 1.652117596168386770E-15, 0.000000000000000000, -1.000000000000000000 ) ) ;
#2637 = DIRECTION ( 'NONE',  ( 0.000000000000000000, 0.000000000000000000, 1.000000000000000000 ) ) ;
#2638 = EDGE_LOOP ( 'NONE', ( #1611, #572 ) ) ;
#2639 = ORIENTED_EDGE ( 'NONE', *, *, #2573, .F. ) ;
#2640 = DIRECTION ( 'NONE',  ( 1.000000000000000000, 0.000000000000000000, 0.000000000000000000 ) ) ;
#2641 = VECTOR ( 'NONE', #38, 1000.000000000000000 ) ;
#2642 = DIRECTION ( 'NONE',  ( -0.000000000000000000, 1.000000000000000000, -0.000000000000000000 ) ) ;
#2643 = VECTOR ( 'NONE', #45, 1000.000000000000000 ) ;
#2644 = ORIENTED_EDGE ( 'NONE', *, *, #333, .T. ) ;
#2645 = DIRECTION ( 'NONE',  ( 0.000000000000000000, 0.000000000000000000, -1.000000000000000000 ) ) ;
#2646 = CARTESIAN_POINT ( 'NONE',  ( 88.00000000000000000, 0.000000000000000000, -22.00000000000000000 ) ) ;
#2647 = LINE ( 'NONE', #1831, #923 ) ;
#2648 = CARTESIAN_POINT ( 'NONE',  ( 2.000000000000000000, 2.000000000000000000, -17.00000000000000000 ) ) ;
#2649 = ORIENTED_EDGE ( 'NONE', *, *, #1165, .F. ) ;
#2650 = DIRECTION ( 'NONE',  ( -1.000000000000000000, 0.000000000000000000, 3.304235192336773540E-15 ) ) ;
#2651 = DIRECTION ( 'NONE',  ( -0.000000000000000000, -0.000000000000000000, -1.000000000000000000 ) ) ;
#2652 = PLANE ( 'NONE',  #2480 ) ;
#2653 = ORIENTED_EDGE ( 'NONE', *, *, #928, .F. ) ;
#2654 = ORIENTED_EDGE ( 'NONE', *, *, #2040, .T. ) ;
#2655 = CARTESIAN_POINT ( 'NONE',  ( 88.00000000000000000, 2.000000000000000000, -22.00000000000000000 ) ) ;
#2656 = DIRECTION ( 'NONE',  ( 0.000000000000000000, 0.000000000000000000, 1.000000000000000000 ) ) ;
#2657 = ORIENTED_EDGE ( 'NONE', *, *, #244, .F. ) ;
#2658 = PLANE ( 'NONE',  #114 ) ;
#2659 = CARTESIAN_POINT ( 'NONE',  ( 2.000000000000000000, 5.000000000000000000, -17.00000000000000000 ) ) ;
#2660 = CIRCLE ( 'NONE', #2296, 1.749999999999996891 ) ;
#2661 = DIRECTION ( 'NONE',  ( 0.000000000000000000, 0.000000000000000000, 1.000000000000000000 ) ) ;
#2662 = DIRECTION ( 'NONE',  ( -0.000000000000000000, 1.000000000000000000, -0.000000000000000000 ) ) ;
#2663 = LINE ( 'NONE', #58, #1154 ) ;
#2664 = VECTOR ( 'NONE', #1772, 1000.000000000000000 ) ;
#2665 = EDGE_CURVE ( 'NONE', #8, #73, #261, .T. ) ;
#2666 = LINE ( 'NONE', #228, #1386 ) ;
#2667 = DIRECTION ( 'NONE',  ( -1.000000000000000000, 0.000000000000000000, 0.000000000000000000 ) ) ;
#2668 = VERTEX_POINT ( 'NONE', #1151 ) ;
#2669 = ORIENTED_EDGE ( 'NONE', *, *, #2620, .F. ) ;
#2670 = CARTESIAN_POINT ( 'NONE',  ( 126.0000000000000000, 0.000000000000000000, 0.000000000000000000 ) ) ;
#2671 = VECTOR ( 'NONE', #939, 1000.000000000000000 ) ;
#2672 = CARTESIAN_POINT ( 'NONE',  ( 35.99999999999999289, 2.000000000000000000, -22.00000000000000000 ) ) ;
#2673 = ADVANCED_FACE ( 'NONE', ( #60 ), #1123, .F. ) ;
#2674 = ORIENTED_EDGE ( 'NONE', *, *, #1086, .F. ) ;
#2675 = EDGE_CURVE ( 'NONE', #913, #822, #2625, .T. ) ;
#2676 = APPLICATION_PROTOCOL_DEFINITION ( 'draft international standard', 'automotive_design', 1998, #348 ) ;
#2677 = CARTESIAN_POINT ( 'NONE',  ( 27.99999999999999289, -0.000000000000000000, -6.000000000000000000 ) ) ;
#2678 = DIRECTION ( 'NONE',  ( -0.000000000000000000, 1.000000000000000000, -0.000000000000000000 ) ) ;
#2679 = DIRECTION ( 'NONE',  ( -1.000000000000000000, 0.000000000000000000, 4.336808689942019708E-16 ) ) ;
#2680 = CARTESIAN_POINT ( 'NONE',  ( 7.000000000000000888, 5.000000000000000000, -3.600000000000000533 ) ) ;
#2681 = EDGE_CURVE ( 'NONE', #47, #1331, #495, .T. ) ;
#2682 = EDGE_LOOP ( 'NONE', ( #305, #2784, #904, #2811 ) ) ;
#2683 = EDGE_LOOP ( 'NONE', ( #185, #1315, #2726, #1953 ) ) ;
#2684 = EDGE_CURVE ( 'NONE', #1549, #2476, #1318, .T. ) ;
#2685 = DIRECTION ( 'NONE',  ( 4.336808689942019708E-16, 0.000000000000000000, 1.000000000000000000 ) ) ;
#2686 = PLANE ( 'NONE',  #2117 ) ;
#2687 = EDGE_LOOP ( 'NONE', ( #881, #2609, #1599, #1729, #1528, #1446, #2351, #679, #269, #1247, #1622, #2262 ) ) ;
#2688 = AXIS2_PLACEMENT_3D ( 'NONE', #1673, #2724, #1620 ) ;
#2689 = VECTOR ( 'NONE', #2756, 1000.000000000000000 ) ;
#2690 = VECTOR ( 'NONE', #2195, 1000.000000000000000 ) ;
#2691 = CARTESIAN_POINT ( 'NONE',  ( 0.000000000000000000, 2.000000000000000000, 0.000000000000000000 ) ) ;
#2692 = FACE_BOUND ( 'NONE', #2384, .T. ) ;
#2693 = LINE ( 'NONE', #1625, #1333 ) ;
#2694 = LINE ( 'NONE', #542, #401 ) ;
#2695 = ORIENTED_EDGE ( 'NONE', *, *, #934, .F. ) ;
#2696 = EDGE_LOOP ( 'NONE', ( #2835, #521, #263, #1966 ) ) ;
#2697 = ADVANCED_FACE ( 'NONE', ( #1985 ), #16, .F. ) ;
#2698 = FACE_OUTER_BOUND ( 'NONE', #619, .T. ) ;
#2699 = DIRECTION ( 'NONE',  ( -0.000000000000000000, -1.000000000000000000, -0.000000000000000000 ) ) ;
#2700 = VECTOR ( 'NONE', #908, 1000.000000000000000 ) ;
#2701 = EDGE_LOOP ( 'NONE', ( #2372, #479, #1840, #2331 ) ) ;
#2702 = CARTESIAN_POINT ( 'NONE',  ( 29.99999999999999289, 2.000000000000000000, -21.99999999999999645 ) ) ;
#2703 = FACE_BOUND ( 'NONE', #821, .T. ) ;
#2704 = AXIS2_PLACEMENT_3D ( 'NONE', #516, #273, #2265 ) ;
#2705 = EDGE_CURVE ( 'NONE', #691, #2251, #677, .T. ) ;
#2706 = AXIS2_PLACEMENT_3D ( 'NONE', #1456, #186, #138 ) ;
#2707 = CARTESIAN_POINT ( 'NONE',  ( 92.00000000000000000, 2.000000000000000000, -22.00000000000000000 ) ) ;
#2708 = ORIENTED_EDGE ( 'NONE', *, *, #1960, .F. ) ;
#2709 = ORIENTED_EDGE ( 'NONE', *, *, #1439, .F. ) ;
#2710 = ADVANCED_FACE ( 'NONE', ( #1783 ), #2434, .F. ) ;
#2711 = CARTESIAN_POINT ( 'NONE',  ( 7.000000000000000888, 5.000000000000000000, -2.000000000000000000 ) ) ;
#2712 = DIRECTION ( 'NONE',  ( 1.000000000000000000, 0.000000000000000000, 0.000000000000000000 ) ) ;
#2713 = VECTOR ( 'NONE', #535, 1000.000000000000000 ) ;
#2714 = VERTEX_POINT ( 'NONE', #2001 ) ;
#2715 = EDGE_CURVE ( 'NONE', #1942, #1032, #1578, .T. ) ;
#2716 = AXIS2_PLACEMENT_3D ( 'NONE', #392, #450, #1533 ) ;
#2717 = ADVANCED_FACE ( 'NONE', ( #436 ), #2652, .F. ) ;
#2718 = CARTESIAN_POINT ( 'NONE',  ( 88.00000000000000000, 0.000000000000000000, -22.00000000000000000 ) ) ;
#2719 = CARTESIAN_POINT ( 'NONE',  ( 96.00000000000000000, 0.000000000000000000, -22.00000000000000000 ) ) ;
#2720 = DIRECTION ( 'NONE',  ( 0.000000000000000000, 0.000000000000000000, -1.000000000000000000 ) ) ;
#2721 = PLANE ( 'NONE',  #81 ) ;
#2722 = ORIENTED_EDGE ( 'NONE', *, *, #1841, .F. ) ;
#2723 = ORIENTED_EDGE ( 'NONE', *, *, #2338, .T. ) ;
#2724 = DIRECTION ( 'NONE',  ( 0.000000000000000000, 0.2873478855663418874, 0.9578262852211525402 ) ) ;
#2725 = LINE ( 'NONE', #750, #2713 ) ;
#2726 = ORIENTED_EDGE ( 'NONE', *, *, #896, .T. ) ;
#2727 = VECTOR ( 'NONE', #2502, 1000.000000000000000 ) ;
#2728 = CARTESIAN_POINT ( 'NONE',  ( 4.000000000000000888, 3.999999999999998224, -26.49999999999999645 ) ) ;
#2729 = AXIS2_PLACEMENT_3D ( 'NONE', #1833, #2257, #287 ) ;
#2730 = FACE_BOUND ( 'NONE', #1110, .T. ) ;
#2731 =( NAMED_UNIT ( * ) PLANE_ANGLE_UNIT ( ) SI_UNIT ( $, .RADIAN. ) );
#2732 = AXIS2_PLACEMENT_3D ( 'NONE', #2313, #1450, #1225 ) ;
#2733 = DIRECTION ( 'NONE',  ( -1.000000000000000000, 0.000000000000000000, 0.000000000000000000 ) ) ;
#2734 = ORIENTED_EDGE ( 'NONE', *, *, #563, .F. ) ;
#2735 = ORIENTED_EDGE ( 'NONE', *, *, #164, .F. ) ;
#2736 = CARTESIAN_POINT ( 'NONE',  ( 7.000000000000000888, 5.000000000000000000, -3.600000000000000533 ) ) ;
#2737 = CARTESIAN_POINT ( 'NONE',  ( 88.00000000000000000, 0.000000000000000000, -22.00000000000000000 ) ) ;
#2738 = VERTEX_POINT ( 'NONE', #2017 ) ;
#2739 = VECTOR ( 'NONE', #197, 1000.000000000000000 ) ;
#2740 = EDGE_CURVE ( 'NONE', #1909, #1051, #1362, .T. ) ;
#2741 = FACE_OUTER_BOUND ( 'NONE', #2823, .T. ) ;
#2742 = CARTESIAN_POINT ( 'NONE',  ( 37.99999999999999289, 0.000000000000000000, -21.99999999999999645 ) ) ;
#2743 = AXIS2_PLACEMENT_3D ( 'NONE', #1810, #2679, #506 ) ;
#2744 = FACE_OUTER_BOUND ( 'NONE', #2682, .T. ) ;
#2745 = ORIENTED_EDGE ( 'NONE', *, *, #562, .F. ) ;
#2746 = ORIENTED_EDGE ( 'NONE', *, *, #725, .F. ) ;
#2747 = ADVANCED_FACE ( 'NONE', ( #1668 ), #813, .F. ) ;
#2748 = CARTESIAN_POINT ( 'NONE',  ( 92.00000000000000000, 0.000000000000000000, -5.999999999999999112 ) ) ;
#2749 = VECTOR ( 'NONE', #1653, 1000.000000000000000 ) ;
#2750 = CARTESIAN_POINT ( 'NONE',  ( 33.99999999999998579, 2.000000000000000000, -21.99999999999999645 ) ) ;
#2751 = AXIS2_PLACEMENT_3D ( 'NONE', #2021, #2642, #1111 ) ;
#2752 = ORIENTED_EDGE ( 'NONE', *, *, #1252, .F. ) ;
#2753 = PRODUCT_DEFINITION_SHAPE ( 'NONE', 'NONE',  #1762 ) ;
#2754 = VERTEX_POINT ( 'NONE', #1733 ) ;
#2755 = CARTESIAN_POINT ( 'NONE',  ( 0.000000000000000000, 2.000000000000000000, -28.00000000000000000 ) ) ;
#2756 = DIRECTION ( 'NONE',  ( -0.000000000000000000, -0.000000000000000000, -1.000000000000000000 ) ) ;
#2757 = AXIS2_PLACEMENT_3D ( 'NONE', #1797, #15, #2214 ) ;
#2758 = CARTESIAN_POINT ( 'NONE',  ( 38.00000000000000000, 2.000000000000000000, -6.000000000000000000 ) ) ;
#2759 = DIRECTION ( 'NONE',  ( 0.000000000000000000, 1.000000000000000000, 0.000000000000000000 ) ) ;
#2760 = ORIENTED_EDGE ( 'NONE', *, *, #2392, .F. ) ;
#2761 = ORIENTED_EDGE ( 'NONE', *, *, #2086, .T. ) ;
#2762 = PLANE ( 'NONE',  #2706 ) ;
#2763 = DIRECTION ( 'NONE',  ( 0.000000000000000000, 0.000000000000000000, -1.000000000000000000 ) ) ;
#2764 = EDGE_CURVE ( 'NONE', #319, #1258, #2381, .T. ) ;
#2765 = FACE_OUTER_BOUND ( 'NONE', #2377, .T. ) ;
#2766 = ADVANCED_FACE ( 'NONE', ( #2607 ), #1269, .F. ) ;
#2767 = ORIENTED_EDGE ( 'NONE', *, *, #773, .F. ) ;
#2768 = ORIENTED_EDGE ( 'NONE', *, *, #1871, .F. ) ;
#2769 = VERTEX_POINT ( 'NONE', #2330 ) ;
#2770 = VECTOR ( 'NONE', #2699, 1000.000000000000000 ) ;
#2771 = CARTESIAN_POINT ( 'NONE',  ( 2.000000000000000000, 5.000000000000000000, -17.00000000000000000 ) ) ;
#2772 = FACE_OUTER_BOUND ( 'NONE', #371, .T. ) ;
#2773 = DIRECTION ( 'NONE',  ( -1.000000000000000000, 0.000000000000000000, -5.421010862427521184E-16 ) ) ;
#2774 = AXIS2_PLACEMENT_3D ( 'NONE', #1500, #222, #1282 ) ;
#2775 = FACE_BOUND ( 'NONE', #1264, .T. ) ;
#2776 = ORIENTED_EDGE ( 'NONE', *, *, #298, .T. ) ;
#2777 = VERTEX_POINT ( 'NONE', #2592 ) ;
#2778 = AXIS2_PLACEMENT_3D ( 'NONE', #1919, #997, #780 ) ;
#2779 = PLANE ( 'NONE',  #2801 ) ;
#2780 = VECTOR ( 'NONE', #972, 1000.000000000000000 ) ;
#2781 = DIRECTION ( 'NONE',  ( -0.000000000000000000, -1.000000000000000000, -0.000000000000000000 ) ) ;
#2782 = VERTEX_POINT ( 'NONE', #1026 ) ;
#2783 = ADVANCED_FACE ( 'NONE', ( #644 ), #1226, .F. ) ;
#2784 = ORIENTED_EDGE ( 'NONE', *, *, #1827, .T. ) ;
#2785 = PLANE ( 'NONE',  #1521 ) ;
#2786 = ORIENTED_EDGE ( 'NONE', *, *, #875, .F. ) ;
#2787 = EDGE_CURVE ( 'NONE', #2572, #2466, #2315, .T. ) ;
#2788 = LINE ( 'NONE', #1098, #2545 ) ;
#2789 = AXIS2_PLACEMENT_3D ( 'NONE', #148, #2103, #583 ) ;
#2790 = DIRECTION ( 'NONE',  ( -1.000000000000000000, 0.000000000000000000, 4.336808689942019708E-16 ) ) ;
#2791 =( NAMED_UNIT ( * ) PLANE_ANGLE_UNIT ( ) SI_UNIT ( $, .RADIAN. ) );
#2792 = LINE ( 'NONE', #2131, #1361 ) ;
#2793 = VERTEX_POINT ( 'NONE', #2821 ) ;
#2794 = VERTEX_POINT ( 'NONE', #858 ) ;
#2795 = ADVANCED_FACE ( 'NONE', ( #2560 ), #2146, .F. ) ;
#2796 = LINE ( 'NONE', #1709, #2030 ) ;
#2797 = DIRECTION ( 'NONE',  ( -0.000000000000000000, 1.000000000000000000, -0.000000000000000000 ) ) ;
#2798 = EDGE_CURVE ( 'NONE', #2286, #1987, #131, .T. ) ;
#2799 = EDGE_LOOP ( 'NONE', ( #797, #2125, #964, #1209 ) ) ;
#2800 = ORIENTED_EDGE ( 'NONE', *, *, #59, .F. ) ;
#2801 = AXIS2_PLACEMENT_3D ( 'NONE', #405, #648, #2596 ) ;
#2802 = VERTEX_POINT ( 'NONE', #2758 ) ;
#2803 = CARTESIAN_POINT ( 'NONE',  ( 88.00000000000000000, 2.000000000000000000, -22.00000000000000000 ) ) ;
#2804 = EDGE_LOOP ( 'NONE', ( #2299, #1472, #721, #394 ) ) ;
#2805 = ADVANCED_FACE ( 'NONE', ( #183 ), #367, .F. ) ;
#2806 = LINE ( 'NONE', #2177, #722 ) ;
#2807 = CARTESIAN_POINT ( 'NONE',  ( 3.000000000000000000, 0.000000000000000000, -2.999999999999999112 ) ) ;
#2808 = CARTESIAN_POINT ( 'NONE',  ( 59.00000000000000000, 5.000000000000000000, -3.600000000000000533 ) ) ;
#2809 = ADVANCED_FACE ( 'NONE', ( #2544 ), #2116, .F. ) ;
#2810 = CARTESIAN_POINT ( 'NONE',  ( 59.50000000000000000, 4.000000000000000000, -23.90000000000000213 ) ) ;
#2811 = ORIENTED_EDGE ( 'NONE', *, *, #49, .T. ) ;
#2812 = CARTESIAN_POINT ( 'NONE',  ( 0.000000000000000000, 5.000000000000000000, 0.000000000000000000 ) ) ;
#2813 = DIRECTION ( 'NONE',  ( -0.000000000000000000, 1.000000000000000000, -0.000000000000000000 ) ) ;
#2814 = EDGE_LOOP ( 'NONE', ( #412, #1241, #1768, #710 ) ) ;
#2815 = CARTESIAN_POINT ( 'NONE',  ( 0.000000000000000000, 2.000000000000000000, -28.00000000000000000 ) ) ;
#2816 = DIRECTION ( 'NONE',  ( 0.000000000000000000, 0.000000000000000000, 1.000000000000000000 ) ) ;
#2817 = ORIENTED_EDGE ( 'NONE', *, *, #2179, .T. ) ;
#2818 = CARTESIAN_POINT ( 'NONE',  ( 86.00000000000000000, 2.000000000000000000, -22.00000000000000000 ) ) ;
#2819 = DIRECTION ( 'NONE',  ( 0.000000000000000000, 0.000000000000000000, 1.000000000000000000 ) ) ;
#2820 = EDGE_CURVE ( 'NONE', #558, #17, #1468, .T. ) ;
#2821 = CARTESIAN_POINT ( 'NONE',  ( 4.000000000000003553, 4.000000000000000000, -28.00000000000000000 ) ) ;
#2822 = DIRECTION ( 'NONE',  ( -0.000000000000000000, 1.000000000000000000, -0.000000000000000000 ) ) ;
#2823 = EDGE_LOOP ( 'NONE', ( #1895, #2461, #2359, #2462 ) ) ;
#2824 = LINE ( 'NONE', #1722, #2160 ) ;
#2825 = VECTOR ( 'NONE', #1216, 1000.000000000000000 ) ;
#2826 = CARTESIAN_POINT ( 'NONE',  ( 66.00000000000000000, 4.000000000000000000, -28.00000000000000000 ) ) ;
#2827 = AXIS2_PLACEMENT_3D ( 'NONE', #2719, #69, #1614 ) ;
#2828 = VERTEX_POINT ( 'NONE', #1251 ) ;
#2829 = AXIS2_PLACEMENT_3D ( 'NONE', #1980, #2621, #210 ) ;
#2830 = CARTESIAN_POINT ( 'NONE',  ( 100.0000000000000000, 0.000000000000000000, -5.999999999999999112 ) ) ;
#2831 = ORIENTED_EDGE ( 'NONE', *, *, #67, .F. ) ;
#2832 = CARTESIAN_POINT ( 'NONE',  ( 66.00000000000000000, 4.000000000000000000, -26.49999999999999645 ) ) ;
#2833 = FACE_OUTER_BOUND ( 'NONE', #1619, .T. ) ;
#2834 = CARTESIAN_POINT ( 'NONE',  ( 0.000000000000000000, 0.000000000000000000, 0.000000000000000000 ) ) ;
#2835 = ORIENTED_EDGE ( 'NONE', *, *, #1674, .F. ) ;
ENDSEC;
END-ISO-10303-21;
