ISO-10303-21;
HEADER;
FILE_DESCRIPTION (( 'STEP AP214' ),
    '1' );
FILE_NAME ('Sensor_Halterung_ESP-NOW_2_Panel.STEP',
    '2026-09-03T05:19:24',
    ( '' ),
    ( '' ),
    'SwSTEP 2.0',
    'SolidWorks 2026',
    '' );
FILE_SCHEMA (( 'AUTOMOTIVE_DESIGN' ));
ENDSEC;

DATA;
#1 = VECTOR ( 'NONE', #1111, 1000.000000000000000 ) ;
#2 = ORIENTED_EDGE ( 'NONE', *, *, #3919, .T. ) ;
#3 = LINE ( 'NONE', #3993, #1824 ) ;
#4 = DIRECTION ( 'NONE',  ( 0.000000000000000000, 0.000000000000000000, 1.000000000000000000 ) ) ;
#5 = DIRECTION ( 'NONE',  ( 0.000000000000000000, -1.000000000000000000, 0.000000000000000000 ) ) ;
#6 = CYLINDRICAL_SURFACE ( 'NONE', #1688, 3.500000000000003109 ) ;
#7 = DIRECTION ( 'NONE',  ( 1.000000000000000000, 0.000000000000000000, 0.000000000000000000 ) ) ;
#8 = CIRCLE ( 'NONE', #4149, 3.499999999999989342 ) ;
#9 = VERTEX_POINT ( 'NONE', #3998 ) ;
#10 = LINE ( 'NONE', #2959, #3494 ) ;
#11 = PRODUCT_DEFINITION_FORMATION_WITH_SPECIFIED_SOURCE ( 'ANY', '', #1103, .NOT_KNOWN. ) ;
#12 = VERTEX_POINT ( 'NONE', #1040 ) ;
#13 = CARTESIAN_POINT ( 'NONE',  ( 62.00000000000000000, 27.99999999999999645, 99.99999999999997158 ) ) ;
#14 = FACE_OUTER_BOUND ( 'NONE', #3134, .T. ) ;
#15 = VERTEX_POINT ( 'NONE', #1998 ) ;
#16 = ADVANCED_FACE ( 'NONE', ( #1654 ), #2384, .F. ) ;
#17 = LINE ( 'NONE', #1329, #1219 ) ;
#18 = ORIENTED_EDGE ( 'NONE', *, *, #1750, .T. ) ;
#19 = DIRECTION ( 'NONE',  ( 0.000000000000000000, 0.000000000000000000, 1.000000000000000000 ) ) ;
#20 = EDGE_LOOP ( 'NONE', ( #4035, #1599, #833, #2901, #1049, #839 ) ) ;
#21 = PLANE ( 'NONE',  #1079 ) ;
#22 = CARTESIAN_POINT ( 'NONE',  ( 62.00000000000000000, 23.89999999999999858, 1.999999999999988010 ) ) ;
#23 = ADVANCED_FACE ( 'NONE', ( #2297 ), #1318, .F. ) ;
#24 = LINE ( 'NONE', #3622, #51 ) ;
#25 = LINE ( 'NONE', #2650, #2871 ) ;
#26 = LINE ( 'NONE', #1337, #2638 ) ;
#27 = VECTOR ( 'NONE', #830, 1000.000000000000000 ) ;
#28 = VERTEX_POINT ( 'NONE', #3276 ) ;
#29 = LINE ( 'NONE', #2303, #3286 ) ;
#30 = ORIENTED_EDGE ( 'NONE', *, *, #782, .F. ) ;
#31 = DIRECTION ( 'NONE',  ( 1.000000000000000000, 0.000000000000000000, 0.000000000000000000 ) ) ;
#32 = CYLINDRICAL_SURFACE ( 'NONE', #2892, 3.500000000000003109 ) ;
#33 = DIRECTION ( 'NONE',  ( -0.9578262852211517631, -0.2873478855663438303, 0.000000000000000000 ) ) ;
#34 = VERTEX_POINT ( 'NONE', #1059 ) ;
#35 = LINE ( 'NONE', #1346, #126 ) ;
#36 = ORIENTED_EDGE ( 'NONE', *, *, #2278, .F. ) ;
#37 = CARTESIAN_POINT ( 'NONE',  ( 124.0000000000000000, 2.401923788646722180, 25.87999999999999901 ) ) ;
#38 = EDGE_CURVE ( 'NONE', #267, #1365, #3298, .T. ) ;
#39 = VECTOR ( 'NONE', #563, 1000.000000000000000 ) ;
#40 = ORIENTED_EDGE ( 'NONE', *, *, #3754, .F. ) ;
#41 = FACE_OUTER_BOUND ( 'NONE', #812, .T. ) ;
#42 = DIRECTION ( 'NONE',  ( -0.7071067811865474617, 0.000000000000000000, -0.7071067811865474617 ) ) ;
#43 = CIRCLE ( 'NONE', #871, 3.000000000000002665 ) ;
#44 = LINE ( 'NONE', #1613, #608 ) ;
#45 = LINE ( 'NONE', #3023, #3770 ) ;
#46 = AXIS2_PLACEMENT_3D ( 'NONE', #1821, #3148, #196 ) ;
#47 = VECTOR ( 'NONE', #2527, 1000.000000000000000 ) ;
#48 = CARTESIAN_POINT ( 'NONE',  ( 124.0000000000000000, 23.89999999999999858, 112.0000000000000000 ) ) ;
#49 = EDGE_CURVE ( 'NONE', #1582, #3566, #24, .T. ) ;
#50 = VECTOR ( 'NONE', #615, 1000.000000000000000 ) ;
#51 = VECTOR ( 'NONE', #1977, 1000.000000000000000 ) ;
#52 = VERTEX_POINT ( 'NONE', #4017 ) ;
#53 = DIRECTION ( 'NONE',  ( -0.000000000000000000, 1.000000000000000000, -0.000000000000000000 ) ) ;
#54 = VERTEX_POINT ( 'NONE', #1016 ) ;
#55 = DIRECTION ( 'NONE',  ( 1.000000000000000000, 0.000000000000000000, 0.000000000000000000 ) ) ;
#56 = FACE_OUTER_BOUND ( 'NONE', #3424, .T. ) ;
#57 = AXIS2_PLACEMENT_3D ( 'NONE', #1854, #2815, #4077 ) ;
#58 = CARTESIAN_POINT ( 'NONE',  ( 95.75999999999999091, 2.000000000000040856, 25.87999999999999901 ) ) ;
#59 = ORIENTED_EDGE ( 'NONE', *, *, #670, .F. ) ;
#60 = CARTESIAN_POINT ( 'NONE',  ( 60.00000000000000000, 26.49999999999999645, 111.9999999999999716 ) ) ;
#61 = ORIENTED_EDGE ( 'NONE', *, *, #1794, .T. ) ;
#62 = FILL_AREA_STYLE_COLOUR ( '', #835 ) ;
#63 = ADVANCED_FACE ( 'NONE', ( #1952 ), #1295, .F. ) ;
#64 = ORIENTED_EDGE ( 'NONE', *, *, #411, .F. ) ;
#65 = ORIENTED_EDGE ( 'NONE', *, *, #732, .F. ) ;
#66 = EDGE_CURVE ( 'NONE', #2078, #1994, #44, .T. ) ;
#67 = LINE ( 'NONE', #3332, #3408 ) ;
#68 = FACE_OUTER_BOUND ( 'NONE', #685, .T. ) ;
#69 = AXIS2_PLACEMENT_3D ( 'NONE', #2998, #3337, #73 ) ;
#70 = DIRECTION ( 'NONE',  ( -0.000000000000000000, 0.000000000000000000, -1.000000000000000000 ) ) ;
#71 = EDGE_CURVE ( 'NONE', #2861, #3662, #3317, .T. ) ;
#72 = CARTESIAN_POINT ( 'NONE',  ( 120.0000000000000000, 17.89999999999997726, 102.0000000000000142 ) ) ;
#73 = DIRECTION ( 'NONE',  ( -1.000000000000000000, -1.228762462150238769E-16, 0.000000000000000000 ) ) ;
#74 = ORIENTED_EDGE ( 'NONE', *, *, #1494, .F. ) ;
#75 = LINE ( 'NONE', #1722, #1635 ) ;
#76 = PLANE ( 'NONE',  #1898 ) ;
#77 = DIRECTION ( 'NONE',  ( -0.000000000000000000, 0.000000000000000000, -1.000000000000000000 ) ) ;
#78 = VECTOR ( 'NONE', #2490, 1000.000000000000000 ) ;
#79 = SHAPE_DEFINITION_REPRESENTATION ( #4073, #1444 ) ;
#80 = EDGE_CURVE ( 'NONE', #2874, #472, #2629, .T. ) ;
#81 = CIRCLE ( 'NONE', #3040, 3.000000000000002665 ) ;
#82 = EDGE_LOOP ( 'NONE', ( #1245, #2098, #3268, #365 ) ) ;
#83 = LINE ( 'NONE', #1395, #3629 ) ;
#84 = ORIENTED_EDGE ( 'NONE', *, *, #2006, .F. ) ;
#85 = LINE ( 'NONE', #2776, #1716 ) ;
#86 = VERTEX_POINT ( 'NONE', #991 ) ;
#87 = CARTESIAN_POINT ( 'NONE',  ( 3.000000000000000000, 20.89999999999999503, 112.0000000000000000 ) ) ;
#88 = DIRECTION ( 'NONE',  ( 0.000000000000000000, 0.000000000000000000, 1.000000000000000000 ) ) ;
#89 = EDGE_CURVE ( 'NONE', #2057, #2595, #3013, .T. ) ;
#90 = ORIENTED_EDGE ( 'NONE', *, *, #1034, .F. ) ;
#91 = DIRECTION ( 'NONE',  ( 1.228762462150238769E-16, -1.000000000000000000, 0.000000000000000000 ) ) ;
#92 = FACE_BOUND ( 'NONE', #1027, .T. ) ;
#93 = EDGE_CURVE ( 'NONE', #1330, #790, #1335, .T. ) ;
#94 = VERTEX_POINT ( 'NONE', #2676 ) ;
#95 = LINE ( 'NONE', #417, #129 ) ;
#96 = ADVANCED_FACE ( 'NONE', ( #2931 ), #3602, .F. ) ;
#97 = ORIENTED_EDGE ( 'NONE', *, *, #4043, .T. ) ;
#98 = CARTESIAN_POINT ( 'NONE',  ( 0.000000000000000000, 0.000000000000000000, 2.000000000000000000 ) ) ;
#99 = CARTESIAN_POINT ( 'NONE',  ( 124.0000000000000142, 2.254877443469463394, 95.26880321938696738 ) ) ;
#100 = VECTOR ( 'NONE', #785, 1000.000000000000000 ) ;
#101 =( LENGTH_UNIT ( ) NAMED_UNIT ( * ) SI_UNIT ( .MILLI., .METRE. ) );
#102 = ADVANCED_FACE ( 'NONE', ( #1157 ), #808, .F. ) ;
#103 = ORIENTED_EDGE ( 'NONE', *, *, #3578, .T. ) ;
#104 = CARTESIAN_POINT ( 'NONE',  ( 124.0000000000000000, 2.401923788646722624, 97.33219861190555378 ) ) ;
#105 = EDGE_CURVE ( 'NONE', #3525, #1932, #464, .T. ) ;
#106 = EDGE_LOOP ( 'NONE', ( #2617, #3374, #2642, #1827 ) ) ;
#107 = FACE_OUTER_BOUND ( 'NONE', #106, .T. ) ;
#108 = EDGE_CURVE ( 'NONE', #1167, #2859, #263, .T. ) ;
#109 = EDGE_LOOP ( 'NONE', ( #1641, #2610, #2712, #2434 ) ) ;
#110 = EDGE_LOOP ( 'NONE', ( #3206, #3395 ) ) ;
#111 = CYLINDRICAL_SURFACE ( 'NONE', #3621, 1.699999999999988853 ) ;
#112 = CARTESIAN_POINT ( 'NONE',  ( 2.000000000000001776, 26.49999999999999645, 4.000000000000000000 ) ) ;
#113 = DIRECTION ( 'NONE',  ( -1.228762462150238769E-16, 1.000000000000000000, -0.000000000000000000 ) ) ;
#114 = VECTOR ( 'NONE', #2865, 1000.000000000000000 ) ;
#115 = VECTOR ( 'NONE', #518, 1000.000000000000000 ) ;
#116 = ORIENTED_EDGE ( 'NONE', *, *, #93, .T. ) ;
#117 = LINE ( 'NONE', #1449, #4256 ) ;
#118 = DIRECTION ( 'NONE',  ( -0.000000000000000000, -0.000000000000000000, -1.000000000000000000 ) ) ;
#119 = LINE ( 'NONE', #701, #2323 ) ;
#120 = EDGE_CURVE ( 'NONE', #3230, #1240, #1815, .T. ) ;
#121 = CARTESIAN_POINT ( 'NONE',  ( 124.6999999999999886, 3.000000000000000000, 106.0000000000000000 ) ) ;
#122 = VECTOR ( 'NONE', #2219, 1000.000000000000000 ) ;
#123 = AXIS2_PLACEMENT_3D ( 'NONE', #3335, #70, #2700 ) ;
#124 = VERTEX_POINT ( 'NONE', #3482 ) ;
#125 = CARTESIAN_POINT ( 'NONE',  ( 119.0000000000000000, 2.000000000000043965, 97.00000000000000000 ) ) ;
#126 = VECTOR ( 'NONE', #3328, 1000.000000000000000 ) ;
#127 = ORIENTED_EDGE ( 'NONE', *, *, #3894, .T. ) ;
#128 = CARTESIAN_POINT ( 'NONE',  ( 60.00000000000000000, 17.89999999999999503, 102.0000000000000142 ) ) ;
#129 = VECTOR ( 'NONE', #3653, 1000.000000000000000 ) ;
#130 = ADVANCED_FACE ( 'NONE', ( #4100 ), #1541, .F. ) ;
#131 = EDGE_LOOP ( 'NONE', ( #3632, #3642, #2777, #1372 ) ) ;
#132 = DIRECTION ( 'NONE',  ( 0.7071067811865512365, -0.000000000000000000, 0.7071067811865439090 ) ) ;
#133 = DIRECTION ( 'NONE',  ( 1.228762462150238769E-16, -1.000000000000000000, 0.000000000000000000 ) ) ;
#134 = LINE ( 'NONE', #1781, #3768 ) ;
#135 = AXIS2_PLACEMENT_3D ( 'NONE', #1019, #3281, #331 ) ;
#136 = CIRCLE ( 'NONE', #185, 3.000000000000002665 ) ;
#137 = CARTESIAN_POINT ( 'NONE',  ( 4.000000000000010658, 2.000000000000008882, 92.00000000000000000 ) ) ;
#138 = ORIENTED_EDGE ( 'NONE', *, *, #80, .F. ) ;
#139 = CARTESIAN_POINT ( 'NONE',  ( 0.000000000000000000, 27.99999999999999645, 2.000000000000000000 ) ) ;
#140 = ORIENTED_EDGE ( 'NONE', *, *, #2843, .T. ) ;
#141 = CARTESIAN_POINT ( 'NONE',  ( 119.0000000000000000, 7.000000000000043521, 96.05000000000001137 ) ) ;
#142 = FACE_OUTER_BOUND ( 'NONE', #3353, .T. ) ;
#143 = ADVANCED_FACE ( 'NONE', ( #1776, #1796 ), #860, .T. ) ;
#144 = ORIENTED_EDGE ( 'NONE', *, *, #3288, .F. ) ;
#145 = DIRECTION ( 'NONE',  ( 1.000000000000000000, 0.000000000000000000, 0.000000000000000000 ) ) ;
#146 = ORIENTED_EDGE ( 'NONE', *, *, #3489, .T. ) ;
#147 = AXIS2_PLACEMENT_3D ( 'NONE', #3640, #687, #362 ) ;
#148 = EDGE_CURVE ( 'NONE', #1365, #228, #3419, .T. ) ;
#149 = ORIENTED_EDGE ( 'NONE', *, *, #1392, .F. ) ;
#150 = CARTESIAN_POINT ( 'NONE',  ( 95.75999999999999091, 7.000000000000040856, 97.00000000000001421 ) ) ;
#151 = VERTEX_POINT ( 'NONE', #2492 ) ;
#152 = DIRECTION ( 'NONE',  ( -1.000000000000000000, -1.228762462150238769E-16, 0.000000000000000000 ) ) ;
#153 = CARTESIAN_POINT ( 'NONE',  ( 93.25999999999999091, 6.000000000000040856, 25.87999999999999901 ) ) ;
#154 = CARTESIAN_POINT ( 'NONE',  ( 62.00000000000000000, 25.89999999999998792, 1.999999999999987121 ) ) ;
#155 = ADVANCED_FACE ( 'NONE', ( #4184 ), #3218, .F. ) ;
#156 = DIRECTION ( 'NONE',  ( 0.000000000000000000, -1.000000000000000000, 0.000000000000000000 ) ) ;
#157 = ORIENTED_EDGE ( 'NONE', *, *, #2751, .F. ) ;
#158 = CARTESIAN_POINT ( 'NONE',  ( 1.300000000000010481, 20.89999999999999503, 112.0000000000000000 ) ) ;
#159 = CARTESIAN_POINT ( 'NONE',  ( 3.000000000000000000, 3.000000000000000000, 106.0000000000000000 ) ) ;
#160 = CYLINDRICAL_SURFACE ( 'NONE', #1576, 1.699999999999993072 ) ;
#161 = EDGE_LOOP ( 'NONE', ( #3718, #2316, #2097 ) ) ;
#162 = LINE ( 'NONE', #1472, #401 ) ;
#163 = ORIENTED_EDGE ( 'NONE', *, *, #1482, .T. ) ;
#164 = CONICAL_SURFACE ( 'NONE', #3125, 1.699999999999987965, 1.029744258676652313 ) ;
#165 = DIRECTION ( 'NONE',  ( 1.000000000000000000, 0.000000000000000000, 0.000000000000000000 ) ) ;
#166 = VERTEX_POINT ( 'NONE', #471 ) ;
#167 = DIRECTION ( 'NONE',  ( 1.228762462150238769E-16, -1.000000000000000000, 0.000000000000000000 ) ) ;
#168 = EDGE_LOOP ( 'NONE', ( #771, #3162, #3389, #425, #336 ) ) ;
#169 = LINE ( 'NONE', #1842, #3705 ) ;
#170 = DIRECTION ( 'NONE',  ( 0.000000000000000000, -1.000000000000000000, 0.000000000000000000 ) ) ;
#171 = DIRECTION ( 'NONE',  ( 1.000000000000000000, 0.000000000000000000, 0.000000000000000000 ) ) ;
#172 = EDGE_CURVE ( 'NONE', #1010, #228, #4163, .T. ) ;
#173 = EDGE_LOOP ( 'NONE', ( #210, #234, #712, #3850 ) ) ;
#174 = FACE_OUTER_BOUND ( 'NONE', #396, .T. ) ;
#175 = CARTESIAN_POINT ( 'NONE',  ( 1.300000000000010481, 3.000000000000000000, 112.0000000000000000 ) ) ;
#176 = ORIENTED_EDGE ( 'NONE', *, *, #2867, .T. ) ;
#177 = CARTESIAN_POINT ( 'NONE',  ( 123.0000000000000000, 20.89999999999999503, 106.0000000000000000 ) ) ;
#178 = LINE ( 'NONE', #3761, #3954 ) ;
#179 = DIRECTION ( 'NONE',  ( -1.000000000000000000, 0.000000000000000000, 0.000000000000000000 ) ) ;
#180 = ORIENTED_EDGE ( 'NONE', *, *, #2962, .T. ) ;
#181 = CARTESIAN_POINT ( 'NONE',  ( 64.00000000000000000, 2.000000000000036859, 112.0000000000000000 ) ) ;
#182 = ORIENTED_EDGE ( 'NONE', *, *, #3202, .T. ) ;
#183 = CIRCLE ( 'NONE', #2934, 1.699999999999993072 ) ;
#184 = LINE ( 'NONE', #3459, #908 ) ;
#185 = AXIS2_PLACEMENT_3D ( 'NONE', #3222, #3538, #592 ) ;
#186 = EDGE_LOOP ( 'NONE', ( #3136, #566, #723, #2357, #2209 ) ) ;
#187 = VECTOR ( 'NONE', #1476, 1000.000000000000000 ) ;
#188 = LINE ( 'NONE', #2821, #187 ) ;
#189 = VERTEX_POINT ( 'NONE', #3097 ) ;
#190 = CARTESIAN_POINT ( 'NONE',  ( 55.67464114832538513, 42.00239234449751535, 55.67464114832539224 ) ) ;
#191 = DIRECTION ( 'NONE',  ( -1.000000000000000000, -0.000000000000000000, -0.000000000000000000 ) ) ;
#192 = CARTESIAN_POINT ( 'NONE',  ( 2.000000000000001776, 22.39999999999999503, 97.99999999999995737 ) ) ;
#193 = VECTOR ( 'NONE', #1277, 1000.000000000000000 ) ;
#194 = EDGE_CURVE ( 'NONE', #1448, #3293, #188, .T. ) ;
#195 = ADVANCED_FACE ( 'NONE', ( #3835 ), #1460, .F. ) ;
#196 = DIRECTION ( 'NONE',  ( -1.000000000000000000, 0.000000000000000000, -0.000000000000000000 ) ) ;
#197 = DIRECTION ( 'NONE',  ( 1.000000000000000000, 0.000000000000000000, 0.000000000000000000 ) ) ;
#198 = EDGE_CURVE ( 'NONE', #15, #258, #395, .T. ) ;
#199 = ORIENTED_EDGE ( 'NONE', *, *, #198, .F. ) ;
#200 = DIRECTION ( 'NONE',  ( 1.000000000000000000, 0.000000000000000000, 0.000000000000000000 ) ) ;
#201 = LINE ( 'NONE', #141, #27 ) ;
#202 = CARTESIAN_POINT ( 'NONE',  ( 123.0000000000000000, 3.000000000000000000, 112.0000000000000000 ) ) ;
#203 = VECTOR ( 'NONE', #3799, 1000.000000000000000 ) ;
#204 = AXIS2_PLACEMENT_3D ( 'NONE', #3208, #1247, #2561 ) ;
#205 = EDGE_LOOP ( 'NONE', ( #3830, #1252, #599 ) ) ;
#206 = LINE ( 'NONE', #810, #3635 ) ;
#207 = EDGE_LOOP ( 'NONE', ( #4001, #2223, #459, #654 ) ) ;
#208 = EDGE_CURVE ( 'NONE', #3201, #1345, #4144, .T. ) ;
#209 = CARTESIAN_POINT ( 'NONE',  ( 60.00000000000000000, 22.39999999999999503, 4.000000000000001776 ) ) ;
#210 = ORIENTED_EDGE ( 'NONE', *, *, #1687, .F. ) ;
#211 = DIRECTION ( 'NONE',  ( 1.000000000000000000, 0.000000000000000000, 0.000000000000000000 ) ) ;
#212 = ORIENTED_EDGE ( 'NONE', *, *, #3641, .F. ) ;
#213 = CARTESIAN_POINT ( 'NONE',  ( 32.00000000000000000, 23.89999999999999858, 32.00000000000000000 ) ) ;
#214 = DIRECTION ( 'NONE',  ( 0.000000000000000000, -1.000000000000000000, 0.000000000000000000 ) ) ;
#215 = LINE ( 'NONE', #1571, #3827 ) ;
#216 = AXIS2_PLACEMENT_3D ( 'NONE', #727, #2443, #1375 ) ;
#217 = VECTOR ( 'NONE', #2637, 1000.000000000000000 ) ;
#218 = EDGE_CURVE ( 'NONE', #2779, #2948, #2143, .T. ) ;
#219 = CARTESIAN_POINT ( 'NONE',  ( 121.3000000000000114, 3.000000000000000000, 106.0000000000000000 ) ) ;
#220 = DIRECTION ( 'NONE',  ( 1.228762462150238769E-16, -1.000000000000000000, -0.000000000000000000 ) ) ;
#221 = VERTEX_POINT ( 'NONE', #559 ) ;
#222 = CARTESIAN_POINT ( 'NONE',  ( 124.6999999999999886, 3.000000000000000000, 106.0000000000000000 ) ) ;
#223 = LINE ( 'NONE', #591, #3576 ) ;
#224 = CYLINDRICAL_SURFACE ( 'NONE', #2611, 3.499999999999989342 ) ;
#225 = EDGE_CURVE ( 'NONE', #3326, #2094, #1200, .T. ) ;
#226 = ORIENTED_EDGE ( 'NONE', *, *, #1391, .T. ) ;
#227 = LINE ( 'NONE', #1535, #748 ) ;
#228 = VERTEX_POINT ( 'NONE', #3186 ) ;
#229 = FACE_OUTER_BOUND ( 'NONE', #3707, .T. ) ;
#230 = EDGE_LOOP ( 'NONE', ( #4229, #1500, #3427, #2116 ) ) ;
#231 = AXIS2_PLACEMENT_3D ( 'NONE', #3821, #3151, #3868 ) ;
#232 = LINE ( 'NONE', #2536, #1493 ) ;
#233 = EDGE_CURVE ( 'NONE', #3680, #556, #232, .T. ) ;
#234 = ORIENTED_EDGE ( 'NONE', *, *, #2918, .T. ) ;
#235 = DIRECTION ( 'NONE',  ( 1.156482317317871478E-16, -1.000000000000000000, 0.000000000000000000 ) ) ;
#236 = DIRECTION ( 'NONE',  ( 0.000000000000000000, 1.000000000000000000, 0.000000000000000000 ) ) ;
#237 = EDGE_CURVE ( 'NONE', #1124, #3741, #1880, .T. ) ;
#238 = CARTESIAN_POINT ( 'NONE',  ( 122.0000000000000000, 22.39999999999999503, 4.000000000000003553 ) ) ;
#239 = AXIS2_PLACEMENT_3D ( 'NONE', #2898, #4220, #1851 ) ;
#240 = FACE_OUTER_BOUND ( 'NONE', #638, .T. ) ;
#241 = DIRECTION ( 'NONE',  ( 0.000000000000000000, 0.000000000000000000, 1.000000000000000000 ) ) ;
#242 = ORIENTED_EDGE ( 'NONE', *, *, #237, .F. ) ;
#243 = CARTESIAN_POINT ( 'NONE',  ( 4.699999999999987743, 3.000000000000000000, 106.0000000000000000 ) ) ;
#244 = LINE ( 'NONE', #933, #3503 ) ;
#245 = FACE_OUTER_BOUND ( 'NONE', #2775, .T. ) ;
#246 = ORIENTED_EDGE ( 'NONE', *, *, #1895, .F. ) ;
#247 = ADVANCED_FACE ( 'NONE', ( #3900 ), #2526, .T. ) ;
#248 = CARTESIAN_POINT ( 'NONE',  ( 123.0000000000000000, 20.89999999999999503, 112.0000000000000000 ) ) ;
#249 = VERTEX_POINT ( 'NONE', #2924 ) ;
#250 = CYLINDRICAL_SURFACE ( 'NONE', #1039, 0.9499999999999925171 ) ;
#251 = VECTOR ( 'NONE', #3885, 1000.000000000000000 ) ;
#252 = ORIENTED_EDGE ( 'NONE', *, *, #4098, .F. ) ;
#253 = AXIS2_PLACEMENT_3D ( 'NONE', #4016, #133, #1101 ) ;
#254 = DIRECTION ( 'NONE',  ( -0.000000000000000000, -0.000000000000000000, 1.000000000000000000 ) ) ;
#255 = AXIS2_PLACEMENT_3D ( 'NONE', #3192, #3532, #1573 ) ;
#256 = CONICAL_SURFACE ( 'NONE', #2662, 1.699999999999993072, 1.029744258676654090 ) ;
#257 = AXIS2_PLACEMENT_3D ( 'NONE', #1511, #2831, #501 ) ;
#258 = VERTEX_POINT ( 'NONE', #4246 ) ;
#259 = CARTESIAN_POINT ( 'NONE',  ( 119.0000000000000000, 7.000000000000043521, 97.94999999999998863 ) ) ;
#260 = LINE ( 'NONE', #3549, #1956 ) ;
#261 = LINE ( 'NONE', #2890, #3505 ) ;
#262 = CONICAL_SURFACE ( 'NONE', #1149, 0.9499999999999925171, 1.029744258676651425 ) ;
#263 = CIRCLE ( 'NONE', #4122, 1.699999999999993072 ) ;
#264 = DIRECTION ( 'NONE',  ( -0.000000000000000000, -1.000000000000000000, -0.000000000000000000 ) ) ;
#265 = CIRCLE ( 'NONE', #950, 2.499999999999988454 ) ;
#266 = EDGE_CURVE ( 'NONE', #94, #1387, #3845, .T. ) ;
#267 = VERTEX_POINT ( 'NONE', #1925 ) ;
#268 = CARTESIAN_POINT ( 'NONE',  ( 3.000000000000000000, 20.89999999999999503, 106.0000000000000000 ) ) ;
#269 = DIRECTION ( 'NONE',  ( 0.000000000000000000, 0.000000000000000000, 1.000000000000000000 ) ) ;
#270 = DIRECTION ( 'NONE',  ( 0.000000000000000000, -1.000000000000000000, 0.000000000000000000 ) ) ;
#271 = VERTEX_POINT ( 'NONE', #964 ) ;
#272 = DIRECTION ( 'NONE',  ( -0.000000000000000000, -0.000000000000000000, -1.000000000000000000 ) ) ;
#273 = ORIENTED_EDGE ( 'NONE', *, *, #866, .F. ) ;
#274 = ADVANCED_FACE ( 'NONE', ( #1265 ), #2601, .T. ) ;
#275 = AXIS2_PLACEMENT_3D ( 'NONE', #393, #4262, #7 ) ;
#276 = CARTESIAN_POINT ( 'NONE',  ( 119.0000000000000000, 7.000000000000043521, 96.05000000000001137 ) ) ;
#277 = CIRCLE ( 'NONE', #4205, 0.9499999999999925171 ) ;
#278 = EDGE_LOOP ( 'NONE', ( #127, #4003, #2723, #3980 ) ) ;
#279 = CYLINDRICAL_SURFACE ( 'NONE', #1760, 1.699999999999988853 ) ;
#280 = ORIENTED_EDGE ( 'NONE', *, *, #1949, .T. ) ;
#281 = FACE_OUTER_BOUND ( 'NONE', #3254, .T. ) ;
#282 = CARTESIAN_POINT ( 'NONE',  ( 120.0000000000000000, 6.000000000000015099, 102.0000000000000142 ) ) ;
#283 = EDGE_CURVE ( 'NONE', #2326, #1124, #942, .T. ) ;
#284 = CARTESIAN_POINT ( 'NONE',  ( 64.00000000000000000, 25.89999999999999858, 2.000000000000001776 ) ) ;
#285 = AXIS2_PLACEMENT_3D ( 'NONE', #1751, #406, #2755 ) ;
#286 = DIRECTION ( 'NONE',  ( -0.000000000000000000, 1.000000000000000000, -0.000000000000000000 ) ) ;
#287 = VECTOR ( 'NONE', #657, 1000.000000000000114 ) ;
#288 = ORIENTED_EDGE ( 'NONE', *, *, #3027, .T. ) ;
#289 = EDGE_CURVE ( 'NONE', #4099, #2087, #4207, .T. ) ;
#290 = LINE ( 'NONE', #4261, #47 ) ;
#291 = DIRECTION ( 'NONE',  ( 0.8571673007021112234, 0.000000000000000000, 0.5150380749100560429 ) ) ;
#292 = LINE ( 'NONE', #2239, #1491 ) ;
#293 = ORIENTED_EDGE ( 'NONE', *, *, #2161, .T. ) ;
#294 = DIRECTION ( 'NONE',  ( 0.000000000000000000, 1.000000000000000000, 0.000000000000000000 ) ) ;
#295 = ORIENTED_EDGE ( 'NONE', *, *, #641, .T. ) ;
#296 = CARTESIAN_POINT ( 'NONE',  ( 2.000000000000001776, 2.000000000000009326, 97.99999999999995737 ) ) ;
#297 = VERTEX_POINT ( 'NONE', #3922 ) ;
#298 = DIRECTION ( 'NONE',  ( -1.000000000000000000, 0.000000000000000000, 0.000000000000000000 ) ) ;
#299 = EDGE_LOOP ( 'NONE', ( #2339, #3522, #2987, #2034 ) ) ;
#300 = LINE ( 'NONE', #1668, #1783 ) ;
#301 = APPLICATION_CONTEXT ( 'automotive_design' ) ;
#302 = ORIENTED_EDGE ( 'NONE', *, *, #3597, .T. ) ;
#303 = EDGE_CURVE ( 'NONE', #1650, #1199, #2270, .T. ) ;
#304 = LINE ( 'NONE', #3846, #663 ) ;
#305 = CONICAL_SURFACE ( 'NONE', #711, 1.699999999999993072, 1.029744258676654090 ) ;
#306 = CARTESIAN_POINT ( 'NONE',  ( 0.000000000000000000, 0.000000000000000000, 112.0000000000000000 ) ) ;
#307 = DIRECTION ( 'NONE',  ( 0.000000000000000000, 0.000000000000000000, 1.000000000000000000 ) ) ;
#308 = DIRECTION ( 'NONE',  ( 1.000000000000000000, 0.000000000000000000, 0.000000000000000000 ) ) ;
#309 = DIRECTION ( 'NONE',  ( 0.000000000000000000, 0.000000000000000000, 1.000000000000000000 ) ) ;
#310 = CARTESIAN_POINT ( 'NONE',  ( 4.000000000000000888, 22.39999999999999503, 4.000000000000015099 ) ) ;
#311 = EDGE_CURVE ( 'NONE', #624, #2989, #2108, .T. ) ;
#312 = ORIENTED_EDGE ( 'NONE', *, *, #1312, .F. ) ;
#313 = FACE_OUTER_BOUND ( 'NONE', #109, .T. ) ;
#314 = VERTEX_POINT ( 'NONE', #642 ) ;
#315 = CARTESIAN_POINT ( 'NONE',  ( 0.000000000000000000, 0.000000000000000000, 2.000000000000000000 ) ) ;
#316 = VERTEX_POINT ( 'NONE', #1945 ) ;
#317 = PLANE ( 'NONE',  #1899 ) ;
#318 = ORIENTED_EDGE ( 'NONE', *, *, #377, .F. ) ;
#319 = VECTOR ( 'NONE', #2317, 1000.000000000000000 ) ;
#320 = CARTESIAN_POINT ( 'NONE',  ( 119.0000000000000000, 2.000000000000043521, 26.82999999999999119 ) ) ;
#321 = AXIS2_PLACEMENT_3D ( 'NONE', #2545, #286, #912 ) ;
#322 = VECTOR ( 'NONE', #2893, 1000.000000000000000 ) ;
#323 = VECTOR ( 'NONE', #1638, 1000.000000000000000 ) ;
#324 = VERTEX_POINT ( 'NONE', #3250 ) ;
#325 = CARTESIAN_POINT ( 'NONE',  ( 64.00000000000000000, 6.000000000000015987, 112.0000000000000000 ) ) ;
#326 = FACE_OUTER_BOUND ( 'NONE', #2567, .T. ) ;
#327 = AXIS2_PLACEMENT_3D ( 'NONE', #3775, #2797, #840 ) ;
#328 = DIRECTION ( 'NONE',  ( -0.000000000000000000, -0.000000000000000000, 1.000000000000000000 ) ) ;
#329 = VECTOR ( 'NONE', #3501, 1000.000000000000000 ) ;
#330 = CARTESIAN_POINT ( 'NONE',  ( 119.0000000000000000, 2.000000000000043965, 25.87999999999999901 ) ) ;
#331 = DIRECTION ( 'NONE',  ( 0.000000000000000000, 0.000000000000000000, 1.000000000000000000 ) ) ;
#332 = VECTOR ( 'NONE', #53, 1000.000000000000000 ) ;
#333 = ADVANCED_FACE ( 'NONE', ( #340, #3269, #2907 ), #317, .F. ) ;
#334 = ORIENTED_EDGE ( 'NONE', *, *, #2602, .F. ) ;
#335 = DIRECTION ( 'NONE',  ( -1.224646799147353207E-16, -1.504800016184710769E-32, 1.000000000000000000 ) ) ;
#336 = ORIENTED_EDGE ( 'NONE', *, *, #4027, .F. ) ;
#337 = CARTESIAN_POINT ( 'NONE',  ( 126.0000000000000000, 27.99999999999999645, 0.000000000000000000 ) ) ;
#338 = DIRECTION ( 'NONE',  ( 0.000000000000000000, 0.000000000000000000, -1.000000000000000000 ) ) ;
#339 = ORIENTED_EDGE ( 'NONE', *, *, #4232, .T. ) ;
#340 = FACE_BOUND ( 'NONE', #3834, .T. ) ;
#341 = AXIS2_PLACEMENT_3D ( 'NONE', #1916, #954, #3518 ) ;
#342 = EDGE_CURVE ( 'NONE', #2882, #3295, #2641, .T. ) ;
#343 = VERTEX_POINT ( 'NONE', #2208 ) ;
#344 = PLANE ( 'NONE',  #3730 ) ;
#345 = ORIENTED_EDGE ( 'NONE', *, *, #569, .F. ) ;
#346 = CARTESIAN_POINT ( 'NONE',  ( 123.6719728824703282, 2.483115899002188875, 98.32802711752967184 ) ) ;
#347 = CARTESIAN_POINT ( 'NONE',  ( 119.0000000000000000, 5.000000000000044409, 97.00000000000000000 ) ) ;
#348 = DIRECTION ( 'NONE',  ( 1.000000000000000000, 0.000000000000000000, 0.000000000000000000 ) ) ;
#349 = DIRECTION ( 'NONE',  ( 1.000000000000000000, 0.000000000000000000, 0.000000000000000000 ) ) ;
#350 = LINE ( 'NONE', #2631, #3234 ) ;
#351 = VECTOR ( 'NONE', #3616, 1000.000000000000000 ) ;
#352 = ORIENTED_EDGE ( 'NONE', *, *, #2628, .T. ) ;
#353 = DIRECTION ( 'NONE',  ( -1.000000000000000000, -1.156482317317871725E-16, 1.138269997360109674E-16 ) ) ;
#354 = ORIENTED_EDGE ( 'NONE', *, *, #3351, .F. ) ;
#355 = LINE ( 'NONE', #3365, #1876 ) ;
#356 = DIRECTION ( 'NONE',  ( 0.000000000000000000, 0.000000000000000000, -1.000000000000000000 ) ) ;
#357 = ADVANCED_FACE ( 'NONE', ( #4271 ), #924, .F. ) ;
#358 = CARTESIAN_POINT ( 'NONE',  ( 60.00000000000000000, 26.49999999999999645, 111.9999999999999716 ) ) ;
#359 = ORIENTED_EDGE ( 'NONE', *, *, #66, .F. ) ;
#360 = CARTESIAN_POINT ( 'NONE',  ( 121.3000000000000114, 20.89999999999999503, 112.0000000000000000 ) ) ;
#361 = ORIENTED_EDGE ( 'NONE', *, *, #172, .T. ) ;
#362 = DIRECTION ( 'NONE',  ( 0.000000000000000000, 1.000000000000000000, 0.000000000000000000 ) ) ;
#363 = ADVANCED_FACE ( 'NONE', ( #3614 ), #279, .F. ) ;
#364 = EDGE_CURVE ( 'NONE', #1377, #4012, #17, .T. ) ;
#365 = ORIENTED_EDGE ( 'NONE', *, *, #789, .F. ) ;
#366 = CARTESIAN_POINT ( 'NONE',  ( 2.000000000000001776, 25.89999999999999858, 2.000000000000000888 ) ) ;
#367 = DIRECTION ( 'NONE',  ( 0.000000000000000000, 0.000000000000000000, 1.000000000000000000 ) ) ;
#368 = CARTESIAN_POINT ( 'NONE',  ( 3.999999999999989786, 2.000000000000006661, 99.99999999999995737 ) ) ;
#369 = VECTOR ( 'NONE', #2828, 1000.000000000000000 ) ;
#370 = CARTESIAN_POINT ( 'NONE',  ( 124.6999999999999886, 20.89999999999999503, 112.0000000000000000 ) ) ;
#371 = CARTESIAN_POINT ( 'NONE',  ( 4.000000000000001776, 23.89999999999999858, 112.0000000000000000 ) ) ;
#372 = ORIENTED_EDGE ( 'NONE', *, *, #1249, .F. ) ;
#373 = LINE ( 'NONE', #2633, #2181 ) ;
#374 = FACE_OUTER_BOUND ( 'NONE', #4014, .T. ) ;
#375 = CARTESIAN_POINT ( 'NONE',  ( 119.0000000000000000, 6.000000000000043521, 97.00000000000000000 ) ) ;
#376 = LINE ( 'NONE', #121, #2556 ) ;
#377 = EDGE_CURVE ( 'NONE', #3758, #4024, #741, .T. ) ;
#378 = EDGE_CURVE ( 'NONE', #416, #4240, #4228, .T. ) ;
#379 = ORIENTED_EDGE ( 'NONE', *, *, #2843, .F. ) ;
#380 = DIRECTION ( 'NONE',  ( 0.000000000000000000, 1.000000000000000000, 0.000000000000000000 ) ) ;
#381 = ORIENTED_EDGE ( 'NONE', *, *, #2161, .F. ) ;
#382 =( LENGTH_UNIT ( ) NAMED_UNIT ( * ) SI_UNIT ( .MILLI., .METRE. ) );
#383 = VECTOR ( 'NONE', #4127, 999.9999999999998863 ) ;
#384 = EDGE_CURVE ( 'NONE', #3139, #750, #83, .T. ) ;
#385 = ORIENTED_EDGE ( 'NONE', *, *, #1509, .T. ) ;
#386 = CARTESIAN_POINT ( 'NONE',  ( 6.000000000000001776, 23.89999999999999858, 102.0000000000000142 ) ) ;
#387 = FACE_OUTER_BOUND ( 'NONE', #2895, .T. ) ;
#388 = VECTOR ( 'NONE', #1690, 1000.000000000000000 ) ;
#389 = ORIENTED_EDGE ( 'NONE', *, *, #2033, .T. ) ;
#390 = CARTESIAN_POINT ( 'NONE',  ( 6.000000000000001776, 23.89999999999999858, 112.0000000000000000 ) ) ;
#391 = ADVANCED_FACE ( 'NONE', ( #2690 ), #2053, .F. ) ;
#392 = VECTOR ( 'NONE', #3952, 1000.000000000000114 ) ;
#393 = CARTESIAN_POINT ( 'NONE',  ( 121.4999999999999858, 6.000000000000044409, 25.87999999999999901 ) ) ;
#394 = AXIS2_PLACEMENT_3D ( 'NONE', #3983, #1680, #3882 ) ;
#395 = CIRCLE ( 'NONE', #2875, 0.9499999999999925171 ) ;
#396 = EDGE_LOOP ( 'NONE', ( #3703, #61, #2121, #2671 ) ) ;
#397 = LINE ( 'NONE', #1700, #1963 ) ;
#398 = ORIENTED_EDGE ( 'NONE', *, *, #2234, .T. ) ;
#399 = DIRECTION ( 'NONE',  ( 1.224646799147353207E-16, 1.504800016184710769E-32, 1.000000000000000000 ) ) ;
#400 = DIRECTION ( 'NONE',  ( 0.000000000000000000, -0.000000000000000000, 1.000000000000000000 ) ) ;
#401 = VECTOR ( 'NONE', #2507, 1000.000000000000000 ) ;
#402 = ORIENTED_EDGE ( 'NONE', *, *, #913, .T. ) ;
#403 = EDGE_CURVE ( 'NONE', #2546, #271, #1436, .T. ) ;
#404 = CARTESIAN_POINT ( 'NONE',  ( 124.0000000000000000, 17.89999999999998082, 97.99999999999995737 ) ) ;
#405 = VERTEX_POINT ( 'NONE', #2753 ) ;
#406 = DIRECTION ( 'NONE',  ( 1.228762462150238769E-16, -1.000000000000000000, -0.000000000000000000 ) ) ;
#407 = ORIENTED_EDGE ( 'NONE', *, *, #105, .T. ) ;
#408 = ORIENTED_EDGE ( 'NONE', *, *, #303, .T. ) ;
#409 = DIRECTION ( 'NONE',  ( 0.000000000000000000, 0.000000000000000000, -1.000000000000000000 ) ) ;
#410 = DIRECTION ( 'NONE',  ( -0.000000000000000000, -0.000000000000000000, 1.000000000000000000 ) ) ;
#411 = EDGE_CURVE ( 'NONE', #4116, #249, #4265, .T. ) ;
#412 = AXIS2_PLACEMENT_3D ( 'NONE', #3406, #1787, #786 ) ;
#413 = DIRECTION ( 'NONE',  ( 1.000000000000000000, 0.000000000000000000, 0.000000000000000000 ) ) ;
#414 = FACE_OUTER_BOUND ( 'NONE', #656, .T. ) ;
#415 = ADVANCED_FACE ( 'NONE', ( #1003 ), #704, .T. ) ;
#416 = VERTEX_POINT ( 'NONE', #3638 ) ;
#417 = CARTESIAN_POINT ( 'NONE',  ( 124.0000000000000000, 23.89999999999999858, 112.0000000000000000 ) ) ;
#418 = EDGE_CURVE ( 'NONE', #2018, #643, #1370, .T. ) ;
#419 = ORIENTED_EDGE ( 'NONE', *, *, #105, .F. ) ;
#420 = LINE ( 'NONE', #2658, #3534 ) ;
#421 = CARTESIAN_POINT ( 'NONE',  ( 0.000000000000000000, 27.99999999999999645, 2.000000000000000000 ) ) ;
#422 = CIRCLE ( 'NONE', #4214, 0.9499999999999925171 ) ;
#423 = PLANE ( 'NONE',  #2273 ) ;
#424 = CIRCLE ( 'NONE', #4150, 0.9499999999999925171 ) ;
#425 = ORIENTED_EDGE ( 'NONE', *, *, #2703, .T. ) ;
#426 = DIRECTION ( 'NONE',  ( 0.000000000000000000, 1.000000000000000000, 0.000000000000000000 ) ) ;
#427 = ORIENTED_EDGE ( 'NONE', *, *, #497, .F. ) ;
#428 = CARTESIAN_POINT ( 'NONE',  ( 121.3000000000000114, 20.89999999999999503, 106.0000000000000000 ) ) ;
#429 = EDGE_LOOP ( 'NONE', ( #2370, #3936, #2263 ) ) ;
#430 = VERTEX_POINT ( 'NONE', #1094 ) ;
#431 = DIRECTION ( 'NONE',  ( 0.000000000000000000, 0.000000000000000000, -1.000000000000000000 ) ) ;
#432 = LINE ( 'NONE', #3377, #4257 ) ;
#433 = ADVANCED_FACE ( 'NONE', ( #2730 ), #4193, .F. ) ;
#434 = CARTESIAN_POINT ( 'NONE',  ( 64.00000000000000000, 6.000000000000015987, 99.99999999999997158 ) ) ;
#435 = DIRECTION ( 'NONE',  ( 0.000000000000000000, 0.000000000000000000, 1.000000000000000000 ) ) ;
#436 = ORIENTED_EDGE ( 'NONE', *, *, #2369, .F. ) ;
#437 = LINE ( 'NONE', #2811, #1009 ) ;
#438 = ORIENTED_EDGE ( 'NONE', *, *, #218, .T. ) ;
#439 = DIRECTION ( 'NONE',  ( 1.000000000000000000, 0.000000000000000000, -0.000000000000000000 ) ) ;
#440 = DIRECTION ( 'NONE',  ( 0.000000000000000000, 0.000000000000000000, 1.000000000000000000 ) ) ;
#441 = APPLICATION_PROTOCOL_DEFINITION ( 'draft international standard', 'automotive_design', 1998, #520 ) ;
#442 = ADVANCED_FACE ( 'NONE', ( #2311, #1990 ), #2009, .T. ) ;
#443 = ORIENTED_EDGE ( 'NONE', *, *, #4195, .F. ) ;
#444 = DIRECTION ( 'NONE',  ( 1.000000000000000000, 0.000000000000000000, 0.000000000000000000 ) ) ;
#445 = VERTEX_POINT ( 'NONE', #360 ) ;
#446 = LINE ( 'NONE', #128, #3657 ) ;
#447 = EDGE_LOOP ( 'NONE', ( #848, #3991, #2398, #794 ) ) ;
#448 = FACE_OUTER_BOUND ( 'NONE', #3411, .T. ) ;
#449 = LINE ( 'NONE', #2760, #967 ) ;
#450 = VECTOR ( 'NONE', #1908, 1000.000000000000000 ) ;
#451 = UNCERTAINTY_MEASURE_WITH_UNIT (LENGTH_MEASURE( 1.000000000000000082E-05 ), #382, 'distance_accuracy_value', 'NONE');
#452 = CARTESIAN_POINT ( 'NONE',  ( 124.0000000000000000, 23.89999999999999858, 112.0000000000000000 ) ) ;
#453 = LINE ( 'NONE', #2086, #2851 ) ;
#454 = AXIS2_PLACEMENT_3D ( 'NONE', #562, #2514, #2230 ) ;
#455 = AXIS2_PLACEMENT_3D ( 'NONE', #4170, #1572, #1885 ) ;
#456 = ORIENTED_EDGE ( 'NONE', *, *, #3581, .T. ) ;
#457 = VECTOR ( 'NONE', #1253, 1000.000000000000000 ) ;
#458 = PLANE ( 'NONE',  #257 ) ;
#459 = ORIENTED_EDGE ( 'NONE', *, *, #1126, .T. ) ;
#460 = CARTESIAN_POINT ( 'NONE',  ( 2.000000000000001776, 23.89999999999999858, 4.000000000000000000 ) ) ;
#461 = CYLINDRICAL_SURFACE ( 'NONE', #1914, 1.699999999999993072 ) ;
#462 = EDGE_CURVE ( 'NONE', #3662, #3593, #1729, .T. ) ;
#463 = CIRCLE ( 'NONE', #740, 1.699999999999993072 ) ;
#464 = CIRCLE ( 'NONE', #2938, 1.699999999999993072 ) ;
#465 = ORIENTED_EDGE ( 'NONE', *, *, #1911, .F. ) ;
#466 = DIRECTION ( 'NONE',  ( 1.000000000000000000, 0.000000000000000000, 0.000000000000000000 ) ) ;
#467 = ORIENTED_EDGE ( 'NONE', *, *, #4274, .F. ) ;
#468 = PRESENTATION_STYLE_ASSIGNMENT (( #1710 ) ) ;
#470 = EDGE_CURVE ( 'NONE', #3473, #956, #35, .T. ) ;
#469 = ORIENTED_EDGE ( 'NONE', *, *, #2751, .T. ) ;
#471 = CARTESIAN_POINT ( 'NONE',  ( 64.00000000000000000, 2.000000000000036859, 99.99999999999997158 ) ) ;
#472 = VERTEX_POINT ( 'NONE', #1028 ) ;
#473 = CARTESIAN_POINT ( 'NONE',  ( 120.3307305323758953, 2.484235895061790877, 101.6692694676241473 ) ) ;
#474 = DIRECTION ( 'NONE',  ( 1.228762462150238769E-16, -1.000000000000000000, -0.000000000000000000 ) ) ;
#475 = ORIENTED_EDGE ( 'NONE', *, *, #2509, .F. ) ;
#476 = CARTESIAN_POINT ( 'NONE',  ( 2.000000000000001776, 17.89999999999999503, 112.0000000000000000 ) ) ;
#477 = CIRCLE ( 'NONE', #2120, 6.500000000000005329 ) ;
#478 = CIRCLE ( 'NONE', #1305, 1.000000000000000888 ) ;
#479 = DIRECTION ( 'NONE',  ( 0.000000000000000000, -0.000000000000000000, -1.000000000000000000 ) ) ;
#480 = VERTEX_POINT ( 'NONE', #404 ) ;
#481 = DIRECTION ( 'NONE',  ( -1.000000000000000000, 0.000000000000000000, 0.000000000000000000 ) ) ;
#482 = DIRECTION ( 'NONE',  ( -0.000000000000000000, 1.000000000000000000, -0.000000000000000000 ) ) ;
#483 = FACE_OUTER_BOUND ( 'NONE', #2244, .T. ) ;
#484 = EDGE_LOOP ( 'NONE', ( #3796, #97, #2992, #2794, #4273, #1266, #1603, #1515, #475, #1795, #2158, #4259 ) ) ;
#485 = ADVANCED_FACE ( 'NONE', ( #1706 ), #2030, .T. ) ;
#486 = DIRECTION ( 'NONE',  ( -0.000000000000000000, -0.000000000000000000, 1.000000000000000000 ) ) ;
#487 = AXIS2_PLACEMENT_3D ( 'NONE', #3137, #2467, #2141 ) ;
#488 = ORIENTED_EDGE ( 'NONE', *, *, #2805, .T. ) ;
#489 = DIRECTION ( 'NONE',  ( 1.228762462150238769E-16, -1.000000000000000000, 0.000000000000000000 ) ) ;
#490 = ORIENTED_EDGE ( 'NONE', *, *, #2407, .T. ) ;
#491 = CARTESIAN_POINT ( 'NONE',  ( 64.00000000000000000, 27.99999999999999645, 112.0000000000000000 ) ) ;
#492 = ORIENTED_EDGE ( 'NONE', *, *, #1011, .T. ) ;
#493 = PLANE ( 'NONE',  #1561 ) ;
#494 = DIRECTION ( 'NONE',  ( 1.000000000000000000, 0.000000000000000000, 0.000000000000000000 ) ) ;
#495 = CARTESIAN_POINT ( 'NONE',  ( 115.5000000000000000, 7.000000000000044409, 97.00000000000000000 ) ) ;
#496 = EDGE_CURVE ( 'NONE', #3814, #4162, #3011, .T. ) ;
#497 = EDGE_CURVE ( 'NONE', #3617, #416, #2356, .T. ) ;
#498 = DIRECTION ( 'NONE',  ( 1.000000000000000000, 0.000000000000000000, -0.000000000000000000 ) ) ;
#499 = CARTESIAN_POINT ( 'NONE',  ( 2.000000000000001776, 23.89999999999999858, 112.0000000000000000 ) ) ;
#500 = EDGE_LOOP ( 'NONE', ( #1276, #103, #803, #2320 ) ) ;
#501 = DIRECTION ( 'NONE',  ( 0.000000000000000000, 0.000000000000000000, 1.000000000000000000 ) ) ;
#502 = CARTESIAN_POINT ( 'NONE',  ( 119.0000000000000000, 7.000000000000043521, 25.87999999999999901 ) ) ;
#503 = CARTESIAN_POINT ( 'NONE',  ( 123.0000000000000000, 20.89999999999999503, 112.0000000000000000 ) ) ;
#504 = VERTEX_POINT ( 'NONE', #751 ) ;
#505 = LINE ( 'NONE', #181, #2315 ) ;
#506 = CIRCLE ( 'NONE', #1943, 3.000000000000002665 ) ;
#507 = ORIENTED_EDGE ( 'NONE', *, *, #2577, .T. ) ;
#508 = CIRCLE ( 'NONE', #2984, 1.699999999999993072 ) ;
#509 = LINE ( 'NONE', #1198, #2619 ) ;
#510 = ADVANCED_FACE ( 'NONE', ( #3390 ), #1085, .F. ) ;
#511 = VERTEX_POINT ( 'NONE', #3071 ) ;
#512 = CARTESIAN_POINT ( 'NONE',  ( 0.000000000000000000, 0.000000000000000000, 112.0000000000000000 ) ) ;
#513 = EDGE_LOOP ( 'NONE', ( #719, #3613 ) ) ;
#514 = CARTESIAN_POINT ( 'NONE',  ( 123.0000000000000000, 20.89999999999999503, 106.0000000000000000 ) ) ;
#515 = CARTESIAN_POINT ( 'NONE',  ( 66.00000000000000000, 2.000000000000015543, 102.0000000000000142 ) ) ;
#516 = LINE ( 'NONE', #238, #3236 ) ;
#517 = EDGE_CURVE ( 'NONE', #3793, #3182, #1223, .T. ) ;
#518 = DIRECTION ( 'NONE',  ( -0.000000000000000000, 1.000000000000000000, -0.000000000000000000 ) ) ;
#519 = DIRECTION ( 'NONE',  ( 1.228762462150238769E-16, -1.000000000000000000, -0.000000000000000000 ) ) ;
#520 = APPLICATION_CONTEXT ( 'automotive_design' ) ;
#521 = EDGE_CURVE ( 'NONE', #2796, #504, #1516, .T. ) ;
#522 = ORIENTED_EDGE ( 'NONE', *, *, #3603, .F. ) ;
#523 = EDGE_CURVE ( 'NONE', #3139, #3370, #227, .T. ) ;
#524 = DIRECTION ( 'NONE',  ( 0.000000000000000000, -0.000000000000000000, -1.000000000000000000 ) ) ;
#525 = CARTESIAN_POINT ( 'NONE',  ( 120.0000000000000000, 2.000000000000044409, 112.0000000000000000 ) ) ;
#526 = DIRECTION ( 'NONE',  ( -1.228762462150238769E-16, 1.000000000000000000, 0.000000000000000000 ) ) ;
#527 = CIRCLE ( 'NONE', #321, 0.9499999999999925171 ) ;
#528 = VECTOR ( 'NONE', #170, 1000.000000000000000 ) ;
#529 = VECTOR ( 'NONE', #3649, 1000.000000000000000 ) ;
#530 = ORIENTED_EDGE ( 'NONE', *, *, #694, .T. ) ;
#531 = FACE_OUTER_BOUND ( 'NONE', #931, .T. ) ;
#532 = ORIENTED_EDGE ( 'NONE', *, *, #2043, .T. ) ;
#533 = VECTOR ( 'NONE', #797, 1000.000000000000000 ) ;
#534 = DIRECTION ( 'NONE',  ( -0.000000000000000000, 1.000000000000000000, -0.000000000000000000 ) ) ;
#535 = ADVANCED_FACE ( 'NONE', ( #531 ), #555, .F. ) ;
#536 = ORIENTED_EDGE ( 'NONE', *, *, #80, .T. ) ;
#537 = VECTOR ( 'NONE', #426, 1000.000000000000000 ) ;
#538 = CARTESIAN_POINT ( 'NONE',  ( 62.00000000000000000, 22.39999999999999503, 1.999999999999988010 ) ) ;
#539 = ORIENTED_EDGE ( 'NONE', *, *, #3598, .T. ) ;
#540 = CARTESIAN_POINT ( 'NONE',  ( 60.00000000000000000, 26.49999999999999645, 1.999999999999988010 ) ) ;
#541 = DIRECTION ( 'NONE',  ( 0.000000000000000000, 1.000000000000000000, 0.000000000000000000 ) ) ;
#542 = CARTESIAN_POINT ( 'NONE',  ( 2.000000000000001776, 22.39999999999999503, 1.999999999999999556 ) ) ;
#543 = VECTOR ( 'NONE', #3917, 1000.000000000000000 ) ;
#544 = EDGE_CURVE ( 'NONE', #1387, #54, #2774, .T. ) ;
#545 = CARTESIAN_POINT ( 'NONE',  ( 64.69999999999998863, 20.89999999999999503, 112.0000000000000000 ) ) ;
#546 = CARTESIAN_POINT ( 'NONE',  ( 124.0000000000000000, 2.380083921789821311, 26.57228354720054853 ) ) ;
#547 = AXIS2_PLACEMENT_3D ( 'NONE', #1531, #2589, #2528 ) ;
#548 = VERTEX_POINT ( 'NONE', #1811 ) ;
#549 = CARTESIAN_POINT ( 'NONE',  ( 2.000000000000001776, 17.89999999999999503, 112.0000000000000000 ) ) ;
#550 = CARTESIAN_POINT ( 'NONE',  ( 119.0000000000000000, 7.000000000000044409, 25.87999999999999901 ) ) ;
#551 = DIRECTION ( 'NONE',  ( 1.228762462150238769E-16, -1.000000000000000000, 0.000000000000000000 ) ) ;
#552 = AXIS2_PLACEMENT_3D ( 'NONE', #3032, #2708, #1065 ) ;
#553 = EDGE_CURVE ( 'NONE', #343, #3520, #206, .T. ) ;
#554 = ORIENTED_EDGE ( 'NONE', *, *, #3734, .F. ) ;
#555 = PLANE ( 'NONE',  #4128 ) ;
#556 = VERTEX_POINT ( 'NONE', #3435 ) ;
#557 = PLANE ( 'NONE',  #564 ) ;
#558 = ORIENTED_EDGE ( 'NONE', *, *, #2628, .F. ) ;
#559 = CARTESIAN_POINT ( 'NONE',  ( 60.00000000000000000, 6.000000000000015987, 102.0000000000000142 ) ) ;
#560 = EDGE_LOOP ( 'NONE', ( #593, #2201, #2076, #2757 ) ) ;
#561 = FACE_OUTER_BOUND ( 'NONE', #2242, .T. ) ;
#562 = CARTESIAN_POINT ( 'NONE',  ( 119.0000000000000000, 2.000000000000043965, 97.00000000000000000 ) ) ;
#563 = DIRECTION ( 'NONE',  ( 0.000000000000000000, 1.000000000000000000, 0.000000000000000000 ) ) ;
#564 = AXIS2_PLACEMENT_3D ( 'NONE', #619, #2905, #2943 ) ;
#565 = VECTOR ( 'NONE', #3367, 1000.000000000000000 ) ;
#566 = ORIENTED_EDGE ( 'NONE', *, *, #2300, .T. ) ;
#567 = LINE ( 'NONE', #929, #1348 ) ;
#568 = CARTESIAN_POINT ( 'NONE',  ( 95.75999999999999091, 7.000000000000040856, 97.00000000000001421 ) ) ;
#569 = EDGE_CURVE ( 'NONE', #3182, #3793, #1902, .T. ) ;
#570 = ORIENTED_EDGE ( 'NONE', *, *, #2083, .F. ) ;
#571 = CARTESIAN_POINT ( 'NONE',  ( 124.0000000000000000, 6.000000000000015987, 112.0000000000000000 ) ) ;
#572 = DIRECTION ( 'NONE',  ( -0.000000000000000000, -0.000000000000000000, 1.000000000000000000 ) ) ;
#573 = FACE_OUTER_BOUND ( 'NONE', #3381, .T. ) ;
#574 = ORIENTED_EDGE ( 'NONE', *, *, #889, .F. ) ;
#575 = CARTESIAN_POINT ( 'NONE',  ( 2.000000000000001776, 23.89999999999999858, 1.999999999999999556 ) ) ;
#576 = EDGE_LOOP ( 'NONE', ( #2459, #3654, #3096, #2349, #1216, #3463, #312, #2578, #618, #752, #2580, #3339, #1020, #3251, #1633, #2747 ) ) ;
#577 = CARTESIAN_POINT ( 'NONE',  ( 64.00000000000000000, 2.000000000000036859, 112.0000000000000000 ) ) ;
#578 = ORIENTED_EDGE ( 'NONE', *, *, #4249, .F. ) ;
#579 = VECTOR ( 'NONE', #156, 1000.000000000000000 ) ;
#580 = CARTESIAN_POINT ( 'NONE',  ( 95.75999999999999091, 6.000000000000040856, 25.87999999999999901 ) ) ;
#581 = EDGE_LOOP ( 'NONE', ( #252, #3228, #469, #3017 ) ) ;
#582 = DIRECTION ( 'NONE',  ( -1.156482317317871725E-16, 1.000000000000000000, -0.000000000000000000 ) ) ;
#583 = CARTESIAN_POINT ( 'NONE',  ( 62.00000000000000000, 27.99999999999999645, 2.000000000000000000 ) ) ;
#584 = CARTESIAN_POINT ( 'NONE',  ( 3.000000000000000000, 3.000000000000000000, 106.0000000000000000 ) ) ;
#585 = AXIS2_PLACEMENT_3D ( 'NONE', #550, #1236, #3178 ) ;
#586 = CARTESIAN_POINT ( 'NONE',  ( 0.000000000000000000, 27.99999999999999645, 0.000000000000000000 ) ) ;
#587 = DIRECTION ( 'NONE',  ( 1.000000000000000000, 0.000000000000000000, 0.000000000000000000 ) ) ;
#588 = EDGE_CURVE ( 'NONE', #1834, #3199, #3352, .T. ) ;
#589 = ORIENTED_EDGE ( 'NONE', *, *, #921, .F. ) ;
#590 = CARTESIAN_POINT ( 'NONE',  ( 99.26000000000000512, 6.000000000000039968, 97.00000000000001421 ) ) ;
#591 = CARTESIAN_POINT ( 'NONE',  ( 4.699999999999988631, 3.000000000000000000, 112.0000000000000000 ) ) ;
#592 = DIRECTION ( 'NONE',  ( 1.000000000000000000, 0.000000000000000000, 0.000000000000000000 ) ) ;
#593 = ORIENTED_EDGE ( 'NONE', *, *, #3174, .F. ) ;
#594 = LINE ( 'NONE', #575, #193 ) ;
#595 = ORIENTED_EDGE ( 'NONE', *, *, #832, .F. ) ;
#596 = EDGE_CURVE ( 'NONE', #52, #3755, #2487, .T. ) ;
#597 = PLANE ( 'NONE',  #631 ) ;
#598 = AXIS2_PLACEMENT_3D ( 'NONE', #4038, #3099, #152 ) ;
#599 = ORIENTED_EDGE ( 'NONE', *, *, #3288, .T. ) ;
#600 = DIRECTION ( 'NONE',  ( 0.000000000000000000, 0.000000000000000000, 1.000000000000000000 ) ) ;
#601 = AXIS2_PLACEMENT_3D ( 'NONE', #4106, #2827, #2063 ) ;
#602 = AXIS2_PLACEMENT_3D ( 'NONE', #330, #91, #2344 ) ;
#603 = ORIENTED_EDGE ( 'NONE', *, *, #1546, .T. ) ;
#604 = LINE ( 'NONE', #2909, #3012 ) ;
#605 = DIRECTION ( 'NONE',  ( -1.228762462150238769E-16, 1.000000000000000000, -0.000000000000000000 ) ) ;
#606 = CARTESIAN_POINT ( 'NONE',  ( 60.00000000000000000, 23.89999999999999858, 1.999999999999988010 ) ) ;
#607 = ADVANCED_FACE ( 'NONE', ( #3112 ), #1130, .F. ) ;
#608 = VECTOR ( 'NONE', #974, 1000.000000000000000 ) ;
#609 = PLANE ( 'NONE',  #3693 ) ;
#610 = AXIS2_PLACEMENT_3D ( 'NONE', #125, #1748, #4011 ) ;
#611 = DIRECTION ( 'NONE',  ( -0.000000000000000000, -0.000000000000000000, 1.000000000000000000 ) ) ;
#612 = VERTEX_POINT ( 'NONE', #3181 ) ;
#613 = DIRECTION ( 'NONE',  ( 1.228762462150238769E-16, -1.000000000000000000, -0.000000000000000000 ) ) ;
#614 = CARTESIAN_POINT ( 'NONE',  ( 122.4999999999999858, 6.000000000000043521, 25.87999999999999901 ) ) ;
#615 = DIRECTION ( 'NONE',  ( 1.228762462150238769E-16, -1.000000000000000000, -0.000000000000000000 ) ) ;
#616 = EDGE_LOOP ( 'NONE', ( #2470, #3437, #1112, #2632 ) ) ;
#617 = CARTESIAN_POINT ( 'NONE',  ( 66.00000000000000000, 23.89999999999999858, 102.0000000000000142 ) ) ;
#618 = ORIENTED_EDGE ( 'NONE', *, *, #148, .T. ) ;
#619 = CARTESIAN_POINT ( 'NONE',  ( 64.00000000000000000, 2.000000000000036859, 112.0000000000000000 ) ) ;
#620 = CIRCLE ( 'NONE', #1234, 3.499999999999989342 ) ;
#621 = EDGE_CURVE ( 'NONE', #2694, #4012, #2138, .T. ) ;
#622 = ORIENTED_EDGE ( 'NONE', *, *, #2362, .F. ) ;
#623 = DIRECTION ( 'NONE',  ( 1.000000000000000000, 1.228762462150238769E-16, 0.000000000000000000 ) ) ;
#624 = VERTEX_POINT ( 'NONE', #2837 ) ;
#625 = CARTESIAN_POINT ( 'NONE',  ( 124.0000000000000142, 2.401923788646721736, 25.53486962165855445 ) ) ;
#626 = DIRECTION ( 'NONE',  ( -0.000000000000000000, -0.000000000000000000, 1.000000000000000000 ) ) ;
#627 = VECTOR ( 'NONE', #662, 1000.000000000000000 ) ;
#628 = DIRECTION ( 'NONE',  ( -0.000000000000000000, 0.000000000000000000, 1.000000000000000000 ) ) ;
#629 = ADVANCED_FACE ( 'NONE', ( #791 ), #854, .F. ) ;
#630 = EDGE_CURVE ( 'NONE', #28, #2018, #4115, .T. ) ;
#631 = AXIS2_PLACEMENT_3D ( 'NONE', #939, #2661, #33 ) ;
#632 = EDGE_LOOP ( 'NONE', ( #1440, #3839, #1153 ) ) ;
#633 = DIRECTION ( 'NONE',  ( -1.000000000000000000, -0.000000000000000000, -0.000000000000000000 ) ) ;
#634 = CARTESIAN_POINT ( 'NONE',  ( 64.00000000000000000, 9.500000000000015987, 112.0000000000000000 ) ) ;
#635 = CARTESIAN_POINT ( 'NONE',  ( 119.0000000000000000, 7.000000000000044409, 25.87999999999999901 ) ) ;
#636 = EDGE_LOOP ( 'NONE', ( #2914, #488, #2535 ) ) ;
#637 = CARTESIAN_POINT ( 'NONE',  ( 95.75999999999999091, 2.000000000000040856, 25.87999999999999901 ) ) ;
#638 = EDGE_LOOP ( 'NONE', ( #3615, #1810, #182, #1086 ) ) ;
#639 = FACE_OUTER_BOUND ( 'NONE', #4245, .T. ) ;
#640 = ORIENTED_EDGE ( 'NONE', *, *, #311, .F. ) ;
#641 = EDGE_CURVE ( 'NONE', #1728, #2546, #162, .T. ) ;
#642 = CARTESIAN_POINT ( 'NONE',  ( 66.00000000000000000, 6.000000000000015987, 112.0000000000000000 ) ) ;
#643 = VERTEX_POINT ( 'NONE', #2793 ) ;
#644 = CARTESIAN_POINT ( 'NONE',  ( 95.75999999999999091, 7.000000000000040856, 25.87999999999999901 ) ) ;
#645 = ADVANCED_FACE ( 'NONE', ( #1151 ), #2464, .F. ) ;
#646 = ORIENTED_EDGE ( 'NONE', *, *, #3183, .F. ) ;
#647 = DIRECTION ( 'NONE',  ( -1.445602896647338917E-16, 1.000000000000000000, 0.000000000000000000 ) ) ;
#648 = CIRCLE ( 'NONE', #3056, 2.500000000000002220 ) ;
#649 = CARTESIAN_POINT ( 'NONE',  ( 2.000000000000001776, 2.000000000000008882, 2.000000000000000000 ) ) ;
#650 = ORIENTED_EDGE ( 'NONE', *, *, #1665, .F. ) ;
#651 = CARTESIAN_POINT ( 'NONE',  ( 119.0000000000000000, 7.000000000000043521, 24.93000000000000682 ) ) ;
#652 = LINE ( 'NONE', #994, #684 ) ;
#653 = EDGE_CURVE ( 'NONE', #1240, #2975, #505, .T. ) ;
#654 = ORIENTED_EDGE ( 'NONE', *, *, #1803, .F. ) ;
#655 = DIRECTION ( 'NONE',  ( -0.000000000000000000, -0.000000000000000000, 1.000000000000000000 ) ) ;
#656 = EDGE_LOOP ( 'NONE', ( #3142, #1116, #288 ) ) ;
#657 = DIRECTION ( 'NONE',  ( 0.9578262852211518741, 0.2873478855663438303, 0.000000000000000000 ) ) ;
#658 = ORIENTED_EDGE ( 'NONE', *, *, #38, .F. ) ;
#659 = CARTESIAN_POINT ( 'NONE',  ( 3.000000000000000000, 3.000000000000000000, 112.0000000000000000 ) ) ;
#660 = ORIENTED_EDGE ( 'NONE', *, *, #411, .T. ) ;
#661 = VECTOR ( 'NONE', #1227, 1000.000000000000000 ) ;
#662 = DIRECTION ( 'NONE',  ( -0.000000000000000000, 1.000000000000000000, -0.000000000000000000 ) ) ;
#663 = VECTOR ( 'NONE', #2583, 1000.000000000000114 ) ;
#664 = ORIENTED_EDGE ( 'NONE', *, *, #544, .T. ) ;
#665 = CARTESIAN_POINT ( 'NONE',  ( 124.0000000000000000, 27.99999999999999645, 2.000000000000000000 ) ) ;
#666 = LINE ( 'NONE', #1316, #2379 ) ;
#667 = VECTOR ( 'NONE', #1937, 1000.000000000000000 ) ;
#668 = VECTOR ( 'NONE', #2250, 1000.000000000000000 ) ;
#669 = VECTOR ( 'NONE', #4063, 1000.000000000000000 ) ;
#670 = EDGE_CURVE ( 'NONE', #2975, #2248, #1496, .T. ) ;
#671 = CARTESIAN_POINT ( 'NONE',  ( 62.00000000000000000, 27.99999999999999645, 99.99999999999997158 ) ) ;
#672 = VECTOR ( 'NONE', #466, 1000.000000000000000 ) ;
#673 = CARTESIAN_POINT ( 'NONE',  ( 62.00000000000000000, 6.000000000000015987, 112.0000000000000000 ) ) ;
#674 = FACE_OUTER_BOUND ( 'NONE', #2310, .T. ) ;
#675 = ORIENTED_EDGE ( 'NONE', *, *, #1271, .T. ) ;
#676 = FACE_OUTER_BOUND ( 'NONE', #3034, .T. ) ;
#677 = VERTEX_POINT ( 'NONE', #4224 ) ;
#678 = FACE_OUTER_BOUND ( 'NONE', #1841, .T. ) ;
#679 = CARTESIAN_POINT ( 'NONE',  ( 0.000000000000000000, 0.000000000000000000, 2.000000000000000000 ) ) ;
#680 = DIRECTION ( 'NONE',  ( 1.000000000000000000, 1.156482317317871725E-16, -1.821231995776175479E-16 ) ) ;
#681 = ADVANCED_FACE ( 'NONE', ( #313 ), #3856, .T. ) ;
#682 = ORIENTED_EDGE ( 'NONE', *, *, #2763, .F. ) ;
#683 = DIRECTION ( 'NONE',  ( -1.000000000000000000, -1.228762462150238769E-16, 0.000000000000000000 ) ) ;
#684 = VECTOR ( 'NONE', #2935, 1000.000000000000000 ) ;
#685 = EDGE_LOOP ( 'NONE', ( #1685, #664, #490, #977 ) ) ;
#686 = AXIS2_PLACEMENT_3D ( 'NONE', #3488, #3145, #2167 ) ;
#687 = DIRECTION ( 'NONE',  ( 0.7071067811865512365, -0.000000000000000000, 0.7071067811865439090 ) ) ;
#688 = ORIENTED_EDGE ( 'NONE', *, *, #1229, .T. ) ;
#689 = CARTESIAN_POINT ( 'NONE',  ( 122.6921198511583242, 2.916731438714638802, 99.30788014884166159 ) ) ;
#690 = CYLINDRICAL_SURFACE ( 'NONE', #1422, 3.499999999999989342 ) ;
#691 = CARTESIAN_POINT ( 'NONE',  ( 66.00000000000001421, 27.99999999999999645, 2.000000000000001776 ) ) ;
#692 = CARTESIAN_POINT ( 'NONE',  ( 25.50000000000000711, 2.000000000000011102, 92.00000000000000000 ) ) ;
#693 = FACE_OUTER_BOUND ( 'NONE', #205, .T. ) ;
#694 = EDGE_CURVE ( 'NONE', #643, #1093, #3224, .T. ) ;
#695 = STYLED_ITEM ( 'NONE', ( #468 ), #3822 ) ;
#696 = EDGE_LOOP ( 'NONE', ( #1968, #3506, #3897, #2925 ) ) ;
#697 = DIRECTION ( 'NONE',  ( 0.000000000000000000, 0.2873478855663436082, 0.9578262852211518741 ) ) ;
#698 = AXIS2_PLACEMENT_3D ( 'NONE', #1025, #2419, #2353 ) ;
#699 = EDGE_LOOP ( 'NONE', ( #2047, #4070, #1565, #3587, #2773, #2185, #1225, #988, #3022, #3079, #3117, #603, #2372, #1701, #3902, #3362, #3899, #3611, #295, #2111, #2440, #1637, #3728, #1920, #180, #2810, #2164, #3773, #3047, #883, #1658, #492 ) ) ;
#700 = DIRECTION ( 'NONE',  ( -0.7071067811865474617, 0.000000000000000000, 0.7071067811865474617 ) ) ;
#701 = CARTESIAN_POINT ( 'NONE',  ( 62.00000000000000000, 17.89999999999999503, 112.0000000000000000 ) ) ;
#702 = LINE ( 'NONE', #3744, #2765 ) ;
#703 = ORIENTED_EDGE ( 'NONE', *, *, #71, .T. ) ;
#704 = PLANE ( 'NONE',  #2942 ) ;
#705 = ORIENTED_EDGE ( 'NONE', *, *, #3618, .F. ) ;
#706 = CARTESIAN_POINT ( 'NONE',  ( 124.0000000000000284, 2.380216719653108548, 25.18951505686577619 ) ) ;
#707 = EDGE_CURVE ( 'NONE', #504, #1030, #3985, .T. ) ;
#708 = ORIENTED_EDGE ( 'NONE', *, *, #1788, .F. ) ;
#709 = CARTESIAN_POINT ( 'NONE',  ( 121.6601202351481419, 2.995361638625198886, 100.3398797648519292 ) ) ;
#710 = FACE_OUTER_BOUND ( 'NONE', #3461, .T. ) ;
#711 = AXIS2_PLACEMENT_3D ( 'NONE', #1986, #3655, #55 ) ;
#712 = ORIENTED_EDGE ( 'NONE', *, *, #1622, .T. ) ;
#713 = AXIS2_PLACEMENT_3D ( 'NONE', #2870, #3213, #197 ) ;
#714 = CARTESIAN_POINT ( 'NONE',  ( 120.0000000000000000, 23.89999999999999858, 102.0000000000000142 ) ) ;
#715 = DIRECTION ( 'NONE',  ( 1.000000000000000000, 8.673617379884027583E-16, -0.000000000000000000 ) ) ;
#716 = EDGE_CURVE ( 'NONE', #3758, #2031, #1239, .T. ) ;
#717 = ORIENTED_EDGE ( 'NONE', *, *, #2014, .T. ) ;
#718 = DIRECTION ( 'NONE',  ( -0.000000000000000000, -0.000000000000000000, 1.000000000000000000 ) ) ;
#719 = ORIENTED_EDGE ( 'NONE', *, *, #3523, .F. ) ;
#720 = CARTESIAN_POINT ( 'NONE',  ( 25.50000000000000711, 1.500000000000011324, 92.00000000000000000 ) ) ;
#721 = DIRECTION ( 'NONE',  ( -1.000000000000000000, 0.000000000000000000, 0.000000000000000000 ) ) ;
#722 = CARTESIAN_POINT ( 'NONE',  ( 0.000000000000000000, 0.000000000000000000, 2.000000000000000000 ) ) ;
#723 = ORIENTED_EDGE ( 'NONE', *, *, #2061, .F. ) ;
#724 = EDGE_CURVE ( 'NONE', #4240, #3711, #1919, .T. ) ;
#725 = DIRECTION ( 'NONE',  ( -1.228762462150238769E-16, 1.000000000000000000, 0.000000000000000000 ) ) ;
#726 = VERTEX_POINT ( 'NONE', #3245 ) ;
#727 = CARTESIAN_POINT ( 'NONE',  ( 98.26000000000000512, 6.000000000000040856, 97.00000000000001421 ) ) ;
#728 = ORIENTED_EDGE ( 'NONE', *, *, #2841, .F. ) ;
#729 = VERTEX_POINT ( 'NONE', #1217 ) ;
#730 = DIRECTION ( 'NONE',  ( 0.000000000000000000, 0.000000000000000000, 1.000000000000000000 ) ) ;
#731 = CARTESIAN_POINT ( 'NONE',  ( 119.0000000000000000, 7.000000000000044409, 97.00000000000000000 ) ) ;
#732 = EDGE_CURVE ( 'NONE', #324, #3758, #958, .T. ) ;
#733 = EDGE_CURVE ( 'NONE', #343, #3293, #594, .T. ) ;
#734 = CIRCLE ( 'NONE', #3973, 3.500000000000003109 ) ;
#735 = CONICAL_SURFACE ( 'NONE', #1005, 1.699999999999993072, 1.029744258676654090 ) ;
#736 = DIRECTION ( 'NONE',  ( -0.7071067811865524577, 0.000000000000000000, 0.7071067811865425767 ) ) ;
#737 = DIRECTION ( 'NONE',  ( 1.000000000000000000, 0.000000000000000000, 0.000000000000000000 ) ) ;
#738 = AXIS2_PLACEMENT_3D ( 'NONE', #3517, #1850, #932 ) ;
#739 = FACE_OUTER_BOUND ( 'NONE', #1774, .T. ) ;
#740 = AXIS2_PLACEMENT_3D ( 'NONE', #1882, #1817, #3143 ) ;
#741 = CIRCLE ( 'NONE', #3150, 0.9499999999999925171 ) ;
#742 = EDGE_CURVE ( 'NONE', #1352, #445, #2178, .T. ) ;
#743 = ORIENTED_EDGE ( 'NONE', *, *, #588, .F. ) ;
#744 = DIRECTION ( 'NONE',  ( 1.228762462150238769E-16, -1.000000000000000000, -0.000000000000000000 ) ) ;
#745 = EDGE_LOOP ( 'NONE', ( #774, #2100, #3720 ) ) ;
#746 = DIRECTION ( 'NONE',  ( -1.156482317317871725E-16, 1.000000000000000000, -0.000000000000000000 ) ) ;
#747 = CARTESIAN_POINT ( 'NONE',  ( 116.5000000000000000, 6.000000000000044409, 25.87999999999999901 ) ) ;
#748 = VECTOR ( 'NONE', #1455, 1000.000000000000000 ) ;
#749 = DIRECTION ( 'NONE',  ( -0.000000000000000000, 1.000000000000000000, -0.000000000000000000 ) ) ;
#750 = VERTEX_POINT ( 'NONE', #1875 ) ;
#751 = CARTESIAN_POINT ( 'NONE',  ( 95.75999999999999091, 2.000000000000040856, 26.82999999999999119 ) ) ;
#752 = ORIENTED_EDGE ( 'NONE', *, *, #995, .F. ) ;
#753 = CARTESIAN_POINT ( 'NONE',  ( 120.0000000000000000, 2.233094177054658402, 102.2203746009662382 ) ) ;
#754 = EDGE_CURVE ( 'NONE', #343, #1643, #2616, .T. ) ;
#755 = ORIENTED_EDGE ( 'NONE', *, *, #921, .T. ) ;
#756 = ORIENTED_EDGE ( 'NONE', *, *, #2813, .T. ) ;
#757 = CARTESIAN_POINT ( 'NONE',  ( 122.0000000000000000, 22.39999999999999503, 4.000000000000003553 ) ) ;
#758 = VECTOR ( 'NONE', #1148, 1000.000000000000000 ) ;
#759 = CARTESIAN_POINT ( 'NONE',  ( 66.00000000000001421, 27.99999999999999645, 112.0000000000000142 ) ) ;
#760 = ADVANCED_FACE ( 'NONE', ( #3568 ), #1958, .F. ) ;
#761 = DIRECTION ( 'NONE',  ( 1.000000000000000000, 0.000000000000000000, -0.000000000000000000 ) ) ;
#762 = ORIENTED_EDGE ( 'NONE', *, *, #3010, .F. ) ;
#763 = DIRECTION ( 'NONE',  ( 1.000000000000000000, 0.000000000000000000, 0.000000000000000000 ) ) ;
#764 = VERTEX_POINT ( 'NONE', #1300 ) ;
#765 = DIRECTION ( 'NONE',  ( 0.7071067811865439090, 6.133173666733458095E-16, -0.7071067811865512365 ) ) ;
#766 = CARTESIAN_POINT ( 'NONE',  ( 124.0000000000000000, 2.306022785974019218, 95.61369001619357277 ) ) ;
#767 = DIRECTION ( 'NONE',  ( 0.000000000000000000, 0.000000000000000000, 1.000000000000000000 ) ) ;
#768 = VECTOR ( 'NONE', #3920, 1000.000000000000000 ) ;
#769 = ORIENTED_EDGE ( 'NONE', *, *, #4098, .T. ) ;
#770 = CARTESIAN_POINT ( 'NONE',  ( 63.00000000000000000, 3.000000000000000000, 106.0000000000000000 ) ) ;
#771 = ORIENTED_EDGE ( 'NONE', *, *, #2300, .F. ) ;
#772 =( NAMED_UNIT ( * ) PLANE_ANGLE_UNIT ( ) SI_UNIT ( $, .RADIAN. ) );
#773 = ORIENTED_EDGE ( 'NONE', *, *, #89, .T. ) ;
#774 = ORIENTED_EDGE ( 'NONE', *, *, #2896, .F. ) ;
#775 = CARTESIAN_POINT ( 'NONE',  ( 120.6568525935063008, 2.647580527359808755, 101.3431474064937134 ) ) ;
#776 = DIRECTION ( 'NONE',  ( 0.000000000000000000, 0.000000000000000000, 1.000000000000000000 ) ) ;
#777 = EDGE_CURVE ( 'NONE', #3246, #2426, #265, .T. ) ;
#778 = LINE ( 'NONE', #452, #1556 ) ;
#779 = DIRECTION ( 'NONE',  ( -1.000000000000000000, 0.000000000000000000, 0.000000000000000000 ) ) ;
#780 = AXIS2_PLACEMENT_3D ( 'NONE', #2456, #1484, #435 ) ;
#781 = ORIENTED_EDGE ( 'NONE', *, *, #733, .T. ) ;
#782 = EDGE_CURVE ( 'NONE', #1498, #2664, #3200, .T. ) ;
#783 = FACE_OUTER_BOUND ( 'NONE', #2179, .T. ) ;
#784 = ORIENTED_EDGE ( 'NONE', *, *, #377, .T. ) ;
#785 = DIRECTION ( 'NONE',  ( 1.000000000000000000, 0.000000000000000000, 0.000000000000000000 ) ) ;
#786 = DIRECTION ( 'NONE',  ( 1.000000000000000000, 0.000000000000000000, 0.000000000000000000 ) ) ;
#787 = VECTOR ( 'NONE', #2461, 1000.000000000000000 ) ;
#788 = DIRECTION ( 'NONE',  ( -0.000000000000000000, 0.000000000000000000, 1.000000000000000000 ) ) ;
#789 = EDGE_CURVE ( 'NONE', #2863, #3038, #1620, .T. ) ;
#790 = VERTEX_POINT ( 'NONE', #3937 ) ;
#791 = FACE_OUTER_BOUND ( 'NONE', #1301, .T. ) ;
#792 = ORIENTED_EDGE ( 'NONE', *, *, #1955, .T. ) ;
#793 = LINE ( 'NONE', #1397, #3800 ) ;
#794 = ORIENTED_EDGE ( 'NONE', *, *, #3997, .F. ) ;
#795 = ORIENTED_EDGE ( 'NONE', *, *, #403, .F. ) ;
#796 = CARTESIAN_POINT ( 'NONE',  ( -1.842303226424991723E-16, 1.500000000000008216, 2.755233050819510059E-32 ) ) ;
#797 = DIRECTION ( 'NONE',  ( -0.000000000000000000, -0.000000000000000000, -1.000000000000000000 ) ) ;
#798 = CARTESIAN_POINT ( 'NONE',  ( 64.00000000000000000, 2.000000000000036859, 112.0000000000000000 ) ) ;
#799 = CARTESIAN_POINT ( 'NONE',  ( 119.0000000000000000, 5.000000000000044409, 97.00000000000000000 ) ) ;
#800 = AXIS2_PLACEMENT_3D ( 'NONE', #1778, #4062, #3080 ) ;
#801 = EDGE_CURVE ( 'NONE', #94, #1534, #2858, .T. ) ;
#802 = CIRCLE ( 'NONE', #3692, 3.499999999999989342 ) ;
#803 = ORIENTED_EDGE ( 'NONE', *, *, #3158, .T. ) ;
#804 = AXIS2_PLACEMENT_3D ( 'NONE', #3177, #4173, #308 ) ;
#805 = DIRECTION ( 'NONE',  ( 0.000000000000000000, 0.000000000000000000, 1.000000000000000000 ) ) ;
#806 = DIRECTION ( 'NONE',  ( -5.782411586589351722E-16, 1.000000000000000000, 7.081411840869217553E-32 ) ) ;
#807 = FACE_OUTER_BOUND ( 'NONE', #696, .T. ) ;
#808 = TOROIDAL_SURFACE ( 'NONE', #4260, 6.499999999999993783, 3.000000000000000000 ) ;
#809 = ORIENTED_EDGE ( 'NONE', *, *, #3598, .F. ) ;
#810 = CARTESIAN_POINT ( 'NONE',  ( 56.99999999999999289, 23.89999999999999858, 57.00000000000000711 ) ) ;
#811 = VECTOR ( 'NONE', #2940, 1000.000000000000000 ) ;
#812 = EDGE_LOOP ( 'NONE', ( #4160, #1510, #3803, #4206 ) ) ;
#813 = EDGE_CURVE ( 'NONE', #2709, #3246, #3847, .T. ) ;
#814 = FILL_AREA_STYLE ('',( #62 ) ) ;
#815 = EDGE_CURVE ( 'NONE', #2861, #3520, #2552, .T. ) ;
#816 = EDGE_LOOP ( 'NONE', ( #1868, #2291, #1694, #2486, #3639, #1139, #904, #2251 ) ) ;
#817 = DIRECTION ( 'NONE',  ( -1.000000000000000000, 0.000000000000000000, 0.000000000000000000 ) ) ;
#818 = EDGE_LOOP ( 'NONE', ( #2079, #1705, #1473, #30 ) ) ;
#819 = DIRECTION ( 'NONE',  ( 0.000000000000000000, 0.000000000000000000, 1.000000000000000000 ) ) ;
#820 = CARTESIAN_POINT ( 'NONE',  ( 102.2600000000000051, 5.000000000000041744, 25.87999999999999901 ) ) ;
#821 = DIRECTION ( 'NONE',  ( -0.000000000000000000, 0.000000000000000000, -1.000000000000000000 ) ) ;
#822 = ORIENTED_EDGE ( 'NONE', *, *, #2096, .T. ) ;
#823 = CARTESIAN_POINT ( 'NONE',  ( 124.6999999999999886, 3.000000000000000000, 112.0000000000000000 ) ) ;
#824 = AXIS2_PLACEMENT_3D ( 'NONE', #3319, #3953, #309 ) ;
#825 = AXIS2_PLACEMENT_3D ( 'NONE', #1570, #2189, #3510 ) ;
#826 = DIRECTION ( 'NONE',  ( 1.000000000000000000, 0.000000000000000000, 0.000000000000000000 ) ) ;
#827 = EDGE_CURVE ( 'NONE', #3918, #3755, #3541, .T. ) ;
#828 = EDGE_LOOP ( 'NONE', ( #1272, #3659 ) ) ;
#829 = CARTESIAN_POINT ( 'NONE',  ( 62.00000000000000000, 2.000000000000015543, 2.000000000000000000 ) ) ;
#830 = DIRECTION ( 'NONE',  ( -0.000000000000000000, 1.000000000000000000, -0.000000000000000000 ) ) ;
#831 = CARTESIAN_POINT ( 'NONE',  ( 126.0000000000000000, 0.000000000000000000, 112.0000000000000000 ) ) ;
#832 = EDGE_CURVE ( 'NONE', #2235, #3860, #1581, .T. ) ;
#833 = ORIENTED_EDGE ( 'NONE', *, *, #3581, .F. ) ;
#834 = DIRECTION ( 'NONE',  ( -0.000000000000000000, -0.000000000000000000, 1.000000000000000000 ) ) ;
#835 = COLOUR_RGB ( '',0.7921568627450980005, 0.8196078431372548767, 0.9333333333333333481 ) ;
#836 = ADVANCED_FACE ( 'NONE', ( #3001 ), #2705, .F. ) ;
#837 = ORIENTED_EDGE ( 'NONE', *, *, #2911, .F. ) ;
#838 = CARTESIAN_POINT ( 'NONE',  ( 95.75999999999999091, 2.000000000000040856, 97.00000000000001421 ) ) ;
#839 = ORIENTED_EDGE ( 'NONE', *, *, #71, .F. ) ;
#840 = DIRECTION ( 'NONE',  ( 0.000000000000000000, 0.000000000000000000, -1.000000000000000000 ) ) ;
#841 = ORIENTED_EDGE ( 'NONE', *, *, #1171, .F. ) ;
#842 = DIRECTION ( 'NONE',  ( -0.000000000000000000, -0.000000000000000000, 1.000000000000000000 ) ) ;
#843 = CARTESIAN_POINT ( 'NONE',  ( 119.0000000000000000, 6.000000000000043521, 97.00000000000000000 ) ) ;
#844 = LINE ( 'NONE', #1228, #1102 ) ;
#845 = EDGE_CURVE ( 'NONE', #1643, #1448, #29, .T. ) ;
#846 = CARTESIAN_POINT ( 'NONE',  ( 115.5000000000000000, 5.000000000000044409, 25.87999999999999901 ) ) ;
#847 = CARTESIAN_POINT ( 'NONE',  ( 0.000000000000000000, 0.000000000000000000, 112.0000000000000000 ) ) ;
#848 = ORIENTED_EDGE ( 'NONE', *, *, #2651, .F. ) ;
#849 = LINE ( 'NONE', #829, #2105 ) ;
#850 = CARTESIAN_POINT ( 'NONE',  ( 59.99999999999998579, 22.39999999999999503, 102.0000000000000142 ) ) ;
#851 = LINE ( 'NONE', #3110, #2955 ) ;
#852 = EDGE_CURVE ( 'NONE', #1345, #511, #4060, .T. ) ;
#853 = ORIENTED_EDGE ( 'NONE', *, *, #3027, .F. ) ;
#854 = PLANE ( 'NONE',  #3423 ) ;
#855 = AXIS2_PLACEMENT_3D ( 'NONE', #4230, #4025, #1906 ) ;
#856 = ORIENTED_EDGE ( 'NONE', *, *, #2947, .F. ) ;
#857 = DIRECTION ( 'NONE',  ( -1.000000000000000000, 0.000000000000000000, 0.000000000000000000 ) ) ;
#858 = ADVANCED_FACE ( 'NONE', ( #1045 ), #1063, .F. ) ;
#859 = EDGE_LOOP ( 'NONE', ( #2967, #2442, #3009, #1308 ) ) ;
#860 = PLANE ( 'NONE',  #2390 ) ;
#861 = ORIENTED_EDGE ( 'NONE', *, *, #3275, .F. ) ;
#862 = LINE ( 'NONE', #2188, #1692 ) ;
#863 = DIRECTION ( 'NONE',  ( 0.000000000000000000, 0.000000000000000000, 1.000000000000000000 ) ) ;
#864 = PLANE ( 'NONE',  #1982 ) ;
#865 = DIRECTION ( 'NONE',  ( -0.000000000000000000, 0.000000000000000000, -1.000000000000000000 ) ) ;
#866 = EDGE_CURVE ( 'NONE', #4030, #2326, #75, .T. ) ;
#867 = DIRECTION ( 'NONE',  ( 0.7071067811865474617, 0.000000000000000000, 0.7071067811865474617 ) ) ;
#868 = EDGE_CURVE ( 'NONE', #2709, #1621, #10, .T. ) ;
#869 = ORIENTED_EDGE ( 'NONE', *, *, #3641, .T. ) ;
#870 = CARTESIAN_POINT ( 'NONE',  ( 95.75999999999999091, 2.000000000000040856, 24.93000000000000682 ) ) ;
#871 = AXIS2_PLACEMENT_3D ( 'NONE', #820, #431, #1714 ) ;
#872 = DIRECTION ( 'NONE',  ( -0.000000000000000000, 1.000000000000000000, -0.000000000000000000 ) ) ;
#873 = CARTESIAN_POINT ( 'NONE',  ( 119.0000000000000000, 7.000000000000044409, 97.00000000000000000 ) ) ;
#874 = VECTOR ( 'NONE', #1978, 1000.000000000000000 ) ;
#875 = AXIS2_PLACEMENT_3D ( 'NONE', #1146, #2153, #3785 ) ;
#876 = ORIENTED_EDGE ( 'NONE', *, *, #2122, .T. ) ;
#877 = DIRECTION ( 'NONE',  ( 0.000000000000000000, 1.000000000000000000, 0.000000000000000000 ) ) ;
#878 = ORIENTED_EDGE ( 'NONE', *, *, #3605, .F. ) ;
#879 = VECTOR ( 'NONE', #3688, 1000.000000000000000 ) ;
#880 = AXIS2_PLACEMENT_3D ( 'NONE', #3950, #2343, #3668 ) ;
#881 = CARTESIAN_POINT ( 'NONE',  ( 122.0000000000000000, 27.99999999999999645, 112.0000000000000000 ) ) ;
#882 = CIRCLE ( 'NONE', #4075, 0.9499999999999925171 ) ;
#883 = ORIENTED_EDGE ( 'NONE', *, *, #889, .T. ) ;
#884 = CARTESIAN_POINT ( 'NONE',  ( 1.300000000000012035, 20.89999999999999503, 106.0000000000000000 ) ) ;
#885 = VERTEX_POINT ( 'NONE', #3981 ) ;
#886 = DIRECTION ( 'NONE',  ( -0.000000000000000000, -0.000000000000000000, 1.000000000000000000 ) ) ;
#887 = DIRECTION ( 'NONE',  ( 1.228762462150238769E-16, -1.000000000000000000, 0.000000000000000000 ) ) ;
#888 = DIRECTION ( 'NONE',  ( 0.000000000000000000, 0.000000000000000000, 1.000000000000000000 ) ) ;
#889 = EDGE_CURVE ( 'NONE', #4012, #314, #373, .T. ) ;
#890 = AXIS2_PLACEMENT_3D ( 'NONE', #997, #4002, #2002 ) ;
#891 = DIRECTION ( 'NONE',  ( -1.000000000000000000, 0.000000000000000000, 0.000000000000000000 ) ) ;
#892 = ADVANCED_FACE ( 'NONE', ( #1678 ), #2325, .F. ) ;
#893 = TOROIDAL_SURFACE ( 'NONE', #1773, 6.500000000000007105, 3.000000000000000000 ) ;
#894 = ORIENTED_EDGE ( 'NONE', *, *, #3539, .F. ) ;
#895 = CARTESIAN_POINT ( 'NONE',  ( 0.000000000000000000, 0.000000000000000000, 0.000000000000000000 ) ) ;
#896 = DIRECTION ( 'NONE',  ( -1.000000000000000000, -0.000000000000000000, -0.000000000000000000 ) ) ;
#897 = DIRECTION ( 'NONE',  ( -1.000000000000000000, -1.228762462150238769E-16, 0.000000000000000000 ) ) ;
#898 = ORIENTED_EDGE ( 'NONE', *, *, #3941, .F. ) ;
#899 = DIRECTION ( 'NONE',  ( 0.000000000000000000, 1.000000000000000000, 0.000000000000000000 ) ) ;
#900 = ORIENTED_EDGE ( 'NONE', *, *, #3010, .T. ) ;
#901 = CARTESIAN_POINT ( 'NONE',  ( 119.0000000000000000, 7.000000000000043521, 97.00000000000000000 ) ) ;
#902 = ORIENTED_EDGE ( 'NONE', *, *, #3819, .T. ) ;
#903 = DIRECTION ( 'NONE',  ( -0.000000000000000000, -0.000000000000000000, 1.000000000000000000 ) ) ;
#904 = ORIENTED_EDGE ( 'NONE', *, *, #2756, .T. ) ;
#905 = PLANE ( 'NONE',  #2873 ) ;
#906 = LINE ( 'NONE', #2539, #2237 ) ;
#907 = CARTESIAN_POINT ( 'NONE',  ( 4.000000000000000888, 22.39999999999999503, 99.99999999999997158 ) ) ;
#908 = VECTOR ( 'NONE', #1813, 1000.000000000000000 ) ;
#909 = EDGE_CURVE ( 'NONE', #1263, #3098, #3046, .T. ) ;
#910 = CIRCLE ( 'NONE', #2903, 1.000000000000000888 ) ;
#911 = CARTESIAN_POINT ( 'NONE',  ( 6.000000000000001776, 6.000000000000015987, 102.0000000000000142 ) ) ;
#912 = DIRECTION ( 'NONE',  ( 0.000000000000000000, 0.000000000000000000, 1.000000000000000000 ) ) ;
#913 = EDGE_CURVE ( 'NONE', #1030, #1862, #3631, .T. ) ;
#914 = ORIENTED_EDGE ( 'NONE', *, *, #3401, .T. ) ;
#915 = DIRECTION ( 'NONE',  ( 0.000000000000000000, 0.000000000000000000, 1.000000000000000000 ) ) ;
#916 = FACE_BOUND ( 'NONE', #2960, .T. ) ;
#917 = DIRECTION ( 'NONE',  ( -0.000000000000000000, 1.000000000000000000, -0.000000000000000000 ) ) ;
#918 = VERTEX_POINT ( 'NONE', #1364 ) ;
#919 = CARTESIAN_POINT ( 'NONE',  ( 4.000000000000001776, 23.89999999999999858, 112.0000000000000000 ) ) ;
#920 = EDGE_LOOP ( 'NONE', ( #2029, #2991, #869, #4202 ) ) ;
#921 = EDGE_CURVE ( 'NONE', #3072, #1790, #95, .T. ) ;
#922 = CARTESIAN_POINT ( 'NONE',  ( 119.0000000000000000, 2.000000000000043521, 24.93000000000000682 ) ) ;
#923 = ORIENTED_EDGE ( 'NONE', *, *, #2809, .F. ) ;
#924 = PLANE ( 'NONE',  #1967 ) ;
#925 = ORIENTED_EDGE ( 'NONE', *, *, #3372, .F. ) ;
#926 = FACE_OUTER_BOUND ( 'NONE', #4104, .T. ) ;
#927 = LINE ( 'NONE', #3144, #3833 ) ;
#928 = CARTESIAN_POINT ( 'NONE',  ( 2.999999999999998224, 3.000000000000000000, 104.9785369476531542 ) ) ;
#929 = CARTESIAN_POINT ( 'NONE',  ( 2.000000000000001776, 22.39999999999999503, 3.999999999999998224 ) ) ;
#930 = LINE ( 'NONE', #4152, #4044 ) ;
#931 = EDGE_LOOP ( 'NONE', ( #3569, #3870, #1606, #3682 ) ) ;
#932 = DIRECTION ( 'NONE',  ( 1.000000000000000000, 1.228762462150238769E-16, 0.000000000000000000 ) ) ;
#933 = CARTESIAN_POINT ( 'NONE',  ( 62.00000000000000000, 22.39999999999999503, 100.0000000000000000 ) ) ;
#934 = LINE ( 'NONE', #2570, #2107 ) ;
#935 = ADVANCED_FACE ( 'NONE', ( #676 ), #1557, .F. ) ;
#936 = ORIENTED_EDGE ( 'NONE', *, *, #3219, .F. ) ;
#937 = CARTESIAN_POINT ( 'NONE',  ( 2.000000000000001776, 2.000000000000008882, 2.000000000000000000 ) ) ;
#938 = ORIENTED_EDGE ( 'NONE', *, *, #89, .F. ) ;
#939 = CARTESIAN_POINT ( 'NONE',  ( 4.000000000000001776, 26.49999999999999645, 112.0000000000000000 ) ) ;
#940 = VECTOR ( 'NONE', #1950, 1000.000000000000000 ) ;
#941 = ORIENTED_EDGE ( 'NONE', *, *, #1311, .T. ) ;
#942 = LINE ( 'NONE', #1605, #3418 ) ;
#943 = EDGE_CURVE ( 'NONE', #726, #918, #3849, .T. ) ;
#944 = VECTOR ( 'NONE', #3933, 1000.000000000000000 ) ;
#945 = ORIENTED_EDGE ( 'NONE', *, *, #1312, .T. ) ;
#946 = DIRECTION ( 'NONE',  ( -0.000000000000000000, 1.000000000000000000, -0.000000000000000000 ) ) ;
#947 = CIRCLE ( 'NONE', #3149, 1.699999999999993072 ) ;
#948 = VECTOR ( 'NONE', #817, 1000.000000000000000 ) ;
#949 = DIRECTION ( 'NONE',  ( 0.000000000000000000, -1.000000000000000000, 0.000000000000000000 ) ) ;
#950 = AXIS2_PLACEMENT_3D ( 'NONE', #2264, #1259, #3284 ) ;
#951 = LINE ( 'NONE', #649, #2732 ) ;
#952 = EDGE_LOOP ( 'NONE', ( #925, #3266, #660, #3458, #146, #3961, #941, #530, #1887, #1033, #3240, #1035 ) ) ;
#953 = CARTESIAN_POINT ( 'NONE',  ( 95.75999999999999091, 2.000000000000040856, 97.95000000000000284 ) ) ;
#954 = DIRECTION ( 'NONE',  ( 8.673617379884027583E-16, -1.000000000000000000, 0.000000000000000000 ) ) ;
#955 = CARTESIAN_POINT ( 'NONE',  ( 124.0000000000000000, 22.39999999999999503, 97.99999999999995737 ) ) ;
#956 = VERTEX_POINT ( 'NONE', #2046 ) ;
#957 = ADVANCED_FACE ( 'NONE', ( #3382 ), #1642, .F. ) ;
#958 = LINE ( 'NONE', #4241, #1695 ) ;
#959 = ORIENTED_EDGE ( 'NONE', *, *, #2468, .F. ) ;
#960 = LINE ( 'NONE', #2266, #287 ) ;
#961 = AXIS2_PLACEMENT_3D ( 'NONE', #2328, #3342, #400 ) ;
#962 = ORIENTED_EDGE ( 'NONE', *, *, #497, .T. ) ;
#963 = ADVANCED_FACE ( 'NONE', ( #1021 ), #2683, .F. ) ;
#964 = CARTESIAN_POINT ( 'NONE',  ( 122.0000000000000000, 27.99999999999999645, 4.000000000000017764 ) ) ;
#965 = EDGE_LOOP ( 'NONE', ( #1070, #2068, #3045, #379 ) ) ;
#966 = LINE ( 'NONE', #3596, #1652 ) ;
#967 = VECTOR ( 'NONE', #4085, 1000.000000000000000 ) ;
#968 = ORIENTED_EDGE ( 'NONE', *, *, #3605, .T. ) ;
#969 = CARTESIAN_POINT ( 'NONE',  ( 60.00000000000000000, 26.49999999999999645, 1.999999999999988010 ) ) ;
#970 = AXIS2_PLACEMENT_3D ( 'NONE', #584, #2231, #1884 ) ;
#971 = DIRECTION ( 'NONE',  ( -0.000000000000000000, 1.000000000000000000, -0.000000000000000000 ) ) ;
#972 = EDGE_CURVE ( 'NONE', #3680, #677, #397, .T. ) ;
#973 = VECTOR ( 'NONE', #1279, 1000.000000000000000 ) ;
#974 = DIRECTION ( 'NONE',  ( 1.228762462150238769E-16, -1.000000000000000000, -0.000000000000000000 ) ) ;
#975 = DIRECTION ( 'NONE',  ( -0.000000000000000000, -0.000000000000000000, 1.000000000000000000 ) ) ;
#976 = DIRECTION ( 'NONE',  ( -5.782411586589352708E-16, -1.000000000000000000, 0.000000000000000000 ) ) ;
#977 = ORIENTED_EDGE ( 'NONE', *, *, #801, .F. ) ;
#978 = CARTESIAN_POINT ( 'NONE',  ( 64.69999999999998863, 20.89999999999999503, 112.0000000000000000 ) ) ;
#979 = EDGE_LOOP ( 'NONE', ( #1877, #293, #962, #2335, #1189, #856, #3791, #2396, #2880, #2758, #2465, #902, #1495 ) ) ;
#980 = ADVANCED_FACE ( 'NONE', ( #1386 ), #1087, .T. ) ;
#981 = FACE_OUTER_BOUND ( 'NONE', #3823, .T. ) ;
#982 = ORIENTED_EDGE ( 'NONE', *, *, #2497, .F. ) ;
#983 = DIRECTION ( 'NONE',  ( 0.000000000000000000, 1.000000000000000000, -0.000000000000000000 ) ) ;
#984 = EDGE_LOOP ( 'NONE', ( #1398, #2258 ) ) ;
#985 = FACE_OUTER_BOUND ( 'NONE', #1376, .T. ) ;
#986 = EDGE_CURVE ( 'NONE', #1860, #548, #849, .T. ) ;
#987 = CIRCLE ( 'NONE', #4095, 3.499999999999989342 ) ;
#988 = ORIENTED_EDGE ( 'NONE', *, *, #1935, .T. ) ;
#989 = FACE_OUTER_BOUND ( 'NONE', #1792, .T. ) ;
#990 = DIRECTION ( 'NONE',  ( -0.000000000000000000, 0.000000000000000000, -1.000000000000000000 ) ) ;
#991 = CARTESIAN_POINT ( 'NONE',  ( 2.000000000000001776, 6.000000000000015987, 112.0000000000000000 ) ) ;
#992 = CARTESIAN_POINT ( 'NONE',  ( 1.300000000000012035, 3.000000000000000000, 106.0000000000000000 ) ) ;
#993 = ADVANCED_FACE ( 'NONE', ( #3824 ), #1108, .F. ) ;
#994 = CARTESIAN_POINT ( 'NONE',  ( 126.0000000000000000, 0.000000000000000000, 0.000000000000000000 ) ) ;
#995 = EDGE_CURVE ( 'NONE', #4162, #228, #3759, .T. ) ;
#996 = EDGE_LOOP ( 'NONE', ( #3002, #3311, #2092, #1683, #968, #1278 ) ) ;
#997 = CARTESIAN_POINT ( 'NONE',  ( 66.00000000000001421, 26.49999999999999645, 2.000000000000001776 ) ) ;
#998 = ORIENTED_EDGE ( 'NONE', *, *, #2735, .T. ) ;
#999 = CARTESIAN_POINT ( 'NONE',  ( 126.0000000000000000, 0.000000000000000000, 2.000000000000000000 ) ) ;
#1000 = DIRECTION ( 'NONE',  ( 1.000000000000000000, 0.000000000000000000, 0.000000000000000000 ) ) ;
#1001 = LINE ( 'NONE', #1304, #973 ) ;
#1002 = ORIENTED_EDGE ( 'NONE', *, *, #3702, .F. ) ;
#1003 = FACE_OUTER_BOUND ( 'NONE', #1585, .T. ) ;
#1004 = ORIENTED_EDGE ( 'NONE', *, *, #2234, .F. ) ;
#1005 = AXIS2_PLACEMENT_3D ( 'NONE', #3121, #1799, #1136 ) ;
#1006 = PLANE ( 'NONE',  #147 ) ;
#1007 = CONICAL_SURFACE ( 'NONE', #3555, 1.699999999999993072, 1.029744258676654090 ) ;
#1008 = AXIS2_PLACEMENT_3D ( 'NONE', #2432, #3126, #1423 ) ;
#1009 = VECTOR ( 'NONE', #4155, 1000.000000000000000 ) ;
#1010 = VERTEX_POINT ( 'NONE', #1828 ) ;
#1011 = EDGE_CURVE ( 'NONE', #2282, #2944, #437, .T. ) ;
#1012 = CARTESIAN_POINT ( 'NONE',  ( 124.0000000000000000, 22.39999999999999503, 2.000000000000001776 ) ) ;
#1013 = FACE_OUTER_BOUND ( 'NONE', #3404, .T. ) ;
#1014 = VECTOR ( 'NONE', #270, 1000.000000000000000 ) ;
#1015 = AXIS2_PLACEMENT_3D ( 'NONE', #671, #2366, #3689 ) ;
#1016 = CARTESIAN_POINT ( 'NONE',  ( 61.30000000000000426, 20.89999999999999503, 112.0000000000000000 ) ) ;
#1017 = VECTOR ( 'NONE', #3346, 1000.000000000000000 ) ;
#1018 = DIRECTION ( 'NONE',  ( -0.000000000000000000, -1.000000000000000000, -0.000000000000000000 ) ) ;
#1019 = CARTESIAN_POINT ( 'NONE',  ( 95.75999999999999091, 2.000000000000040856, 97.00000000000001421 ) ) ;
#1020 = ORIENTED_EDGE ( 'NONE', *, *, #1205, .F. ) ;
#1021 = FACE_OUTER_BOUND ( 'NONE', #1369, .T. ) ;
#1022 = ORIENTED_EDGE ( 'NONE', *, *, #2199, .T. ) ;
#1023 = DIRECTION ( 'NONE',  ( 0.000000000000000000, 0.000000000000000000, -1.000000000000000000 ) ) ;
#1024 = CARTESIAN_POINT ( 'NONE',  ( 63.00000000000000000, 3.000000000000000000, 104.9785369476531542 ) ) ;
#1025 = CARTESIAN_POINT ( 'NONE',  ( 123.0000000000000000, 3.000000000000000000, 112.0000000000000000 ) ) ;
#1026 = ADVANCED_FACE ( 'NONE', ( #3452 ), #1429, .T. ) ;
#1027 = EDGE_LOOP ( 'NONE', ( #1924, #345 ) ) ;
#1028 = CARTESIAN_POINT ( 'NONE',  ( 122.4999999999999858, 5.000000000000044409, 25.87999999999999901 ) ) ;
#1029 = AXIS2_PLACEMENT_3D ( 'NONE', #2261, #872, #2197 ) ;
#1030 = VERTEX_POINT ( 'NONE', #870 ) ;
#1031 = AXIS2_PLACEMENT_3D ( 'NONE', #2177, #2462, #179 ) ;
#1032 = CARTESIAN_POINT ( 'NONE',  ( 124.0000000000000000, 2.101035203619215253, 23.11584945358700338 ) ) ;
#1033 = ORIENTED_EDGE ( 'NONE', *, *, #1120, .T. ) ;
#1034 = EDGE_CURVE ( 'NONE', #445, #1352, #183, .T. ) ;
#1035 = ORIENTED_EDGE ( 'NONE', *, *, #621, .F. ) ;
#1036 = LINE ( 'NONE', #1012, #388 ) ;
#1037 = DIRECTION ( 'NONE',  ( 0.000000000000000000, 0.000000000000000000, 1.000000000000000000 ) ) ;
#1038 = ADVANCED_FACE ( 'NONE', ( #1168 ), #2415, .T. ) ;
#1039 = AXIS2_PLACEMENT_3D ( 'NONE', #901, #3115, #4204 ) ;
#1040 = CARTESIAN_POINT ( 'NONE',  ( 115.5000000000000000, 6.000000000000043521, 97.00000000000000000 ) ) ;
#1041 = LINE ( 'NONE', #4040, #323 ) ;
#1042 = DIRECTION ( 'NONE',  ( -0.000000000000000000, -0.000000000000000000, 1.000000000000000000 ) ) ;
#1043 = ADVANCED_FACE ( 'NONE', ( #2175 ), #458, .F. ) ;
#1044 = ORIENTED_EDGE ( 'NONE', *, *, #1618, .T. ) ;
#1045 = FACE_OUTER_BOUND ( 'NONE', #2204, .T. ) ;
#1046 = ORIENTED_EDGE ( 'NONE', *, *, #2523, .T. ) ;
#1047 = LINE ( 'NONE', #3048, #3608 ) ;
#1048 = DIRECTION ( 'NONE',  ( -1.156482317317871725E-16, 1.000000000000000000, -0.000000000000000000 ) ) ;
#1049 = ORIENTED_EDGE ( 'NONE', *, *, #462, .F. ) ;
#1050 = CARTESIAN_POINT ( 'NONE',  ( 119.0000000000000000, 7.000000000000044409, 97.00000000000000000 ) ) ;
#1051 = ADVANCED_FACE ( 'NONE', ( #1807 ), #2768, .F. ) ;
#1052 = ORIENTED_EDGE ( 'NONE', *, *, #3253, .F. ) ;
#1053 = EDGE_CURVE ( 'NONE', #314, #2282, #117, .T. ) ;
#1054 = PLANE ( 'NONE',  #1174 ) ;
#1055 = ORIENTED_EDGE ( 'NONE', *, *, #1727, .T. ) ;
#1056 = CARTESIAN_POINT ( 'NONE',  ( 121.5744550739888439, 2.978145177342232497, 100.4255449260111845 ) ) ;
#1057 = FACE_OUTER_BOUND ( 'NONE', #1306, .T. ) ;
#1058 = CIRCLE ( 'NONE', #3749, 1.699999999999987965 ) ;
#1059 = CARTESIAN_POINT ( 'NONE',  ( 60.00000000000000000, 23.89999999999999858, 111.9999999999999716 ) ) ;
#1060 = LINE ( 'NONE', #390, #3907 ) ;
#1061 = CARTESIAN_POINT ( 'NONE',  ( 95.75999999999999091, 7.000000000000040856, 25.87999999999999901 ) ) ;
#1062 = ORIENTED_EDGE ( 'NONE', *, *, #2319, .F. ) ;
#1063 = PLANE ( 'NONE',  #890 ) ;
#1064 = CARTESIAN_POINT ( 'NONE',  ( 93.25999999999999091, 7.000000000000040856, 97.00000000000001421 ) ) ;
#1065 = DIRECTION ( 'NONE',  ( -1.000000000000000000, -2.168404344971006896E-16, 0.000000000000000000 ) ) ;
#1066 = ADVANCED_FACE ( 'NONE', ( #2112 ), #1764, .F. ) ;
#1067 = FACE_OUTER_BOUND ( 'NONE', #2225, .T. ) ;
#1068 = ORIENTED_EDGE ( 'NONE', *, *, #4141, .F. ) ;
#1069 = CARTESIAN_POINT ( 'NONE',  ( 124.0000000000000000, 27.99999999999999645, 2.000000000000000000 ) ) ;
#1070 = ORIENTED_EDGE ( 'NONE', *, *, #1072, .F. ) ;
#1071 = CARTESIAN_POINT ( 'NONE',  ( 62.00000000000000000, 27.99999999999999645, 112.0000000000000000 ) ) ;
#1072 = EDGE_CURVE ( 'NONE', #3547, #1107, #4118, .T. ) ;
#1073 = ORIENTED_EDGE ( 'NONE', *, *, #3051, .T. ) ;
#1074 = ADVANCED_FACE ( 'NONE', ( #783 ), #2502, .T. ) ;
#1075 = ORIENTED_EDGE ( 'NONE', *, *, #3495, .F. ) ;
#1076 = CARTESIAN_POINT ( 'NONE',  ( 66.00000000000000000, 27.99999999999999645, 4.000000000000003553 ) ) ;
#1077 = DIRECTION ( 'NONE',  ( -0.000000000000000000, -0.000000000000000000, 1.000000000000000000 ) ) ;
#1078 = VECTOR ( 'NONE', #367, 1000.000000000000000 ) ;
#1079 = AXIS2_PLACEMENT_3D ( 'NONE', #386, #2607, #647 ) ;
#1080 = AXIS2_PLACEMENT_3D ( 'NONE', #3672, #718, #3340 ) ;
#1081 = DIRECTION ( 'NONE',  ( 0.000000000000000000, -1.000000000000000000, 0.000000000000000000 ) ) ;
#1082 = VECTOR ( 'NONE', #3440, 1000.000000000000000 ) ;
#1084 = DIRECTION ( 'NONE',  ( 0.000000000000000000, -1.000000000000000000, 0.000000000000000000 ) ) ;
#1083 = CIRCLE ( 'NONE', #2737, 1.699999999999993072 ) ;
#1085 = CONICAL_SURFACE ( 'NONE', #2530, 1.699999999999993072, 1.029744258676654090 ) ;
#1086 = ORIENTED_EDGE ( 'NONE', *, *, #3651, .F. ) ;
#1087 = PLANE ( 'NONE',  #2035 ) ;
#1088 = ORIENTED_EDGE ( 'NONE', *, *, #1991, .F. ) ;
#1089 = FACE_OUTER_BOUND ( 'NONE', #979, .T. ) ;
#1090 = FACE_OUTER_BOUND ( 'NONE', #3290, .T. ) ;
#1091 = VECTOR ( 'NONE', #272, 1000.000000000000000 ) ;
#1092 = ADVANCED_FACE ( 'NONE', ( #3131 ), #3344, .F. ) ;
#1093 = VERTEX_POINT ( 'NONE', #3108 ) ;
#1094 = CARTESIAN_POINT ( 'NONE',  ( 120.0000000000000000, 2.347217747966109602, 102.0000000000000142 ) ) ;
#1095 = VERTEX_POINT ( 'NONE', #158 ) ;
#1096 = ADVANCED_FACE ( 'NONE', ( #2568 ), #1577, .F. ) ;
#1097 = AXIS2_PLACEMENT_3D ( 'NONE', #3260, #3537, #1212 ) ;
#1098 = EDGE_LOOP ( 'NONE', ( #2599, #3153, #2941, #2118 ) ) ;
#1099 = ORIENTED_EDGE ( 'NONE', *, *, #813, .F. ) ;
#1100 = CARTESIAN_POINT ( 'NONE',  ( 102.2600000000000051, 2.000000000000041744, 25.87999999999999901 ) ) ;
#1101 = DIRECTION ( 'NONE',  ( 1.000000000000000000, 1.334402673828312107E-16, 0.000000000000000000 ) ) ;
#1102 = VECTOR ( 'NONE', #3466, 1000.000000000000000 ) ;
#1103 = PRODUCT ( 'Sensor_Halterung_ESP-NOW_2_Panel', 'Sensor_Halterung_ESP-NOW_2_Panel', '', ( #3387 ) ) ;
#1104 = LINE ( 'NONE', #3735, #1144 ) ;
#1105 = ADVANCED_FACE ( 'NONE', ( #1595 ), #3241, .F. ) ;
#1106 = CARTESIAN_POINT ( 'NONE',  ( 60.00000000000000000, 23.89999999999999858, 4.000000000000000888 ) ) ;
#1107 = VERTEX_POINT ( 'NONE', #243 ) ;
#1108 = PLANE ( 'NONE',  #875 ) ;
#1109 = ORIENTED_EDGE ( 'NONE', *, *, #3263, .T. ) ;
#1110 = DIRECTION ( 'NONE',  ( -1.000000000000000000, 0.000000000000000000, 0.000000000000000000 ) ) ;
#1111 = DIRECTION ( 'NONE',  ( -0.000000000000000000, -0.000000000000000000, -1.000000000000000000 ) ) ;
#1112 = ORIENTED_EDGE ( 'NONE', *, *, #225, .F. ) ;
#1113 = DIRECTION ( 'NONE',  ( -0.000000000000000000, -0.000000000000000000, 1.000000000000000000 ) ) ;
#1114 = ORIENTED_EDGE ( 'NONE', *, *, #1275, .T. ) ;
#1115 = CARTESIAN_POINT ( 'NONE',  ( 66.00000000000001421, 23.89999999999999858, 112.0000000000000142 ) ) ;
#1116 = ORIENTED_EDGE ( 'NONE', *, *, #1138, .T. ) ;
#1117 = ORIENTED_EDGE ( 'NONE', *, *, #1482, .F. ) ;
#1118 = FACE_OUTER_BOUND ( 'NONE', #4053, .T. ) ;
#1119 = CARTESIAN_POINT ( 'NONE',  ( 124.0000000000000000, 25.89999999999999858, 2.000000000000001776 ) ) ;
#1120 = EDGE_CURVE ( 'NONE', #166, #1377, #2876, .T. ) ;
#1121 = CARTESIAN_POINT ( 'NONE',  ( 121.4999999999999858, 7.000000000000044409, 25.87999999999999901 ) ) ;
#1122 = PLANE ( 'NONE',  #3468 ) ;
#1123 = AXIS2_PLACEMENT_3D ( 'NONE', #1061, #3300, #2977 ) ;
#1124 = VERTEX_POINT ( 'NONE', #1614 ) ;
#1125 = DIRECTION ( 'NONE',  ( -0.000000000000000000, -0.000000000000000000, 1.000000000000000000 ) ) ;
#1126 = EDGE_CURVE ( 'NONE', #271, #267, #1869, .T. ) ;
#1127 = ORIENTED_EDGE ( 'NONE', *, *, #1911, .T. ) ;
#1128 = CARTESIAN_POINT ( 'NONE',  ( 124.0000000000000000, 27.99999999999999645, 112.0000000000000000 ) ) ;
#1129 = VERTEX_POINT ( 'NONE', #1210 ) ;
#1130 = CYLINDRICAL_SURFACE ( 'NONE', #2393, 0.9499999999999925171 ) ;
#1131 = EDGE_LOOP ( 'NONE', ( #809, #4032, #536, #3402 ) ) ;
#1132 = SURFACE_SIDE_STYLE ('',( #1438 ) ) ;
#1133 = ORIENTED_EDGE ( 'NONE', *, *, #1617, .T. ) ;
#1134 = DIRECTION ( 'NONE',  ( -5.782411586589352708E-16, 1.000000000000000000, 0.000000000000000000 ) ) ;
#1135 = VERTEX_POINT ( 'NONE', #590 ) ;
#1136 = DIRECTION ( 'NONE',  ( 1.000000000000000000, 0.000000000000000000, 0.000000000000000000 ) ) ;
#1137 = CARTESIAN_POINT ( 'NONE',  ( 63.00000000000000000, 3.000000000000000000, 112.0000000000000000 ) ) ;
#1138 = EDGE_CURVE ( 'NONE', #3201, #511, #290, .T. ) ;
#1139 = ORIENTED_EDGE ( 'NONE', *, *, #4105, .T. ) ;
#1140 = DIRECTION ( 'NONE',  ( -0.7071067811865425767, 0.000000000000000000, -0.7071067811865525687 ) ) ;
#1141 = CARTESIAN_POINT ( 'NONE',  ( 2.999999999999998224, 20.89999999999999503, 104.9785369476531542 ) ) ;
#1142 = AXIS2_PLACEMENT_3D ( 'NONE', #843, #2146, #2717 ) ;
#1143 = ADVANCED_FACE ( 'NONE', ( #1888 ), #3220, .T. ) ;
#1144 = VECTOR ( 'NONE', #1081, 1000.000000000000000 ) ;
#1145 = VERTEX_POINT ( 'NONE', #953 ) ;
#1146 = CARTESIAN_POINT ( 'NONE',  ( 64.00000000000000000, 2.000000000000036859, 112.0000000000000000 ) ) ;
#1147 = DIRECTION ( 'NONE',  ( -0.000000000000000000, -0.000000000000000000, 1.000000000000000000 ) ) ;
#1148 = DIRECTION ( 'NONE',  ( 1.000000000000000000, 1.210272192541958616E-16, 0.000000000000000000 ) ) ;
#1149 = AXIS2_PLACEMENT_3D ( 'NONE', #1917, #3261, #4239 ) ;
#1150 = VERTEX_POINT ( 'NONE', #4219 ) ;
#1151 = FACE_OUTER_BOUND ( 'NONE', #3895, .T. ) ;
#1152 = VECTOR ( 'NONE', #1835, 1000.000000000000000 ) ;
#1153 = ORIENTED_EDGE ( 'NONE', *, *, #108, .T. ) ;
#1154 = ADVANCED_FACE ( 'NONE', ( #2260 ), #1915, .F. ) ;
#1155 = DIRECTION ( 'NONE',  ( -0.000000000000000000, -1.000000000000000000, -0.000000000000000000 ) ) ;
#1156 = EDGE_LOOP ( 'NONE', ( #2132, #982 ) ) ;
#1157 = FACE_OUTER_BOUND ( 'NONE', #2950, .T. ) ;
#1158 = ORIENTED_EDGE ( 'NONE', *, *, #2424, .F. ) ;
#1159 = DIRECTION ( 'NONE',  ( 1.000000000000000000, 1.156482317317871478E-16, 0.000000000000000000 ) ) ;
#1160 = DIRECTION ( 'NONE',  ( 1.228762462150238769E-16, -1.000000000000000000, -0.000000000000000000 ) ) ;
#1161 = LINE ( 'NONE', #1248, #1303 ) ;
#1162 = EDGE_CURVE ( 'NONE', #1475, #750, #3536, .T. ) ;
#1163 = CARTESIAN_POINT ( 'NONE',  ( 60.00000000000000000, 23.90000000000003411, 4.000000000000000000 ) ) ;
#1164 = CIRCLE ( 'NONE', #1123, 2.500000000000002220 ) ;
#1165 = AXIS2_PLACEMENT_3D ( 'NONE', #679, #2659, #2025 ) ;
#1166 = CARTESIAN_POINT ( 'NONE',  ( 122.0000000000000000, 27.99999999999999645, 112.0000000000000000 ) ) ;
#1167 = VERTEX_POINT ( 'NONE', #222 ) ;
#1168 = FACE_OUTER_BOUND ( 'NONE', #4223, .T. ) ;
#1169 = CARTESIAN_POINT ( 'NONE',  ( 2.000000000000001776, 27.99999999999999645, 112.0000000000000000 ) ) ;
#1170 = DIRECTION ( 'NONE',  ( -1.000000000000000000, -1.228762462150238769E-16, 0.000000000000000000 ) ) ;
#1171 = EDGE_CURVE ( 'NONE', #504, #2657, #1934, .T. ) ;
#1172 = ORIENTED_EDGE ( 'NONE', *, *, #2479, .T. ) ;
#1173 = CARTESIAN_POINT ( 'NONE',  ( 4.000000000000001776, 27.99999999999999645, 112.0000000000000000 ) ) ;
#1174 = AXIS2_PLACEMENT_3D ( 'NONE', #3683, #2119, #3350 ) ;
#1175 = ORIENTED_EDGE ( 'NONE', *, *, #2841, .T. ) ;
#1176 = DIRECTION ( 'NONE',  ( -1.228762462150238769E-16, 1.000000000000000000, 0.000000000000000000 ) ) ;
#1177 = AXIS2_PLACEMENT_3D ( 'NONE', #2050, #788, #3699 ) ;
#1179 = ADVANCED_FACE ( 'NONE', ( #3891 ), #2522, .F. ) ;
#1178 = EDGE_LOOP ( 'NONE', ( #1218, #2054 ) ) ;
#1180 = DIRECTION ( 'NONE',  ( -0.8571673007021112234, 1.049727191138617340E-16, 0.5150380749100560429 ) ) ;
#1181 = ADVANCED_FACE ( 'NONE', ( #1296 ), #3838, .F. ) ;
#1182 = ORIENTED_EDGE ( 'NONE', *, *, #1717, .F. ) ;
#1183 = LINE ( 'NONE', #190, #3844 ) ;
#1184 = LINE ( 'NONE', #2495, #2516 ) ;
#1185 = LINE ( 'NONE', #4211, #203 ) ;
#1186 = PLANE ( 'NONE',  #1892 ) ;
#1187 = CARTESIAN_POINT ( 'NONE',  ( 124.0000000000000284, 2.100620538454037067, 28.64692461838730964 ) ) ;
#1188 = EDGE_CURVE ( 'NONE', #2874, #612, #1286, .T. ) ;
#1189 = ORIENTED_EDGE ( 'NONE', *, *, #2052, .T. ) ;
#1190 = DIRECTION ( 'NONE',  ( -1.000000000000000000, 0.000000000000000000, -0.000000000000000000 ) ) ;
#1191 = LINE ( 'NONE', #4198, #2191 ) ;
#1192 = LINE ( 'NONE', #831, #1373 ) ;
#1193 = ORIENTED_EDGE ( 'NONE', *, *, #4222, .F. ) ;
#1194 = EDGE_CURVE ( 'NONE', #1926, #316, #2587, .T. ) ;
#1195 = DIRECTION ( 'NONE',  ( -0.000000000000000000, -0.000000000000000000, -1.000000000000000000 ) ) ;
#1196 = CIRCLE ( 'NONE', #1536, 0.9499999999999925171 ) ;
#1197 = ORIENTED_EDGE ( 'NONE', *, *, #1034, .T. ) ;
#1198 = CARTESIAN_POINT ( 'NONE',  ( 2.000000000000001776, 26.49999999999999645, 4.000000000000000000 ) ) ;
#1199 = VERTEX_POINT ( 'NONE', #2612 ) ;
#1200 = LINE ( 'NONE', #3507, #1562 ) ;
#1201 = ORIENTED_EDGE ( 'NONE', *, *, #2582, .T. ) ;
#1202 = LINE ( 'NONE', #1543, #1759 ) ;
#1203 = LINE ( 'NONE', #515, #3069 ) ;
#1204 = FACE_OUTER_BOUND ( 'NONE', #2887, .T. ) ;
#1205 = EDGE_CURVE ( 'NONE', #34, #3016, #1235, .T. ) ;
#1206 = EDGE_CURVE ( 'NONE', #3860, #445, #3871, .T. ) ;
#1207 = DIRECTION ( 'NONE',  ( 0.000000000000000000, 1.000000000000000000, 0.000000000000000000 ) ) ;
#1208 = CARTESIAN_POINT ( 'NONE',  ( 61.99999999999999289, 23.89999999999999858, 1.999999999999994005 ) ) ;
#1209 = ORIENTED_EDGE ( 'NONE', *, *, #4272, .F. ) ;
#1210 = CARTESIAN_POINT ( 'NONE',  ( 62.00000000000000000, 6.000000000000015987, 112.0000000000000000 ) ) ;
#1211 = CIRCLE ( 'NONE', #825, 1.699999999999993072 ) ;
#1212 = DIRECTION ( 'NONE',  ( -1.000000000000000000, 0.000000000000000000, 0.000000000000000000 ) ) ;
#1213 = CARTESIAN_POINT ( 'NONE',  ( 63.00000000000000000, 20.89999999999999503, 104.9785369476531542 ) ) ;
#1214 = VECTOR ( 'NONE', #1866, 1000.000000000000000 ) ;
#1215 = AXIS2_PLACEMENT_3D ( 'NONE', #2787, #3063, #1190 ) ;
#1216 = ORIENTED_EDGE ( 'NONE', *, *, #3128, .F. ) ;
#1217 = CARTESIAN_POINT ( 'NONE',  ( 4.000000000000001776, 27.99999999999999645, 112.0000000000000000 ) ) ;
#1218 = ORIENTED_EDGE ( 'NONE', *, *, #3147, .F. ) ;
#1219 = VECTOR ( 'NONE', #600, 1000.000000000000000 ) ;
#1220 = CYLINDRICAL_SURFACE ( 'NONE', #1315, 0.9499999999999925171 ) ;
#1221 = AXIS2_PLACEMENT_3D ( 'NONE', #1137, #410, #171 ) ;
#1222 = ORIENTED_EDGE ( 'NONE', *, *, #2788, .T. ) ;
#1223 = CIRCLE ( 'NONE', #1566, 1.699999999999989742 ) ;
#1224 = DIRECTION ( 'NONE',  ( 1.138269997360109674E-16, 0.000000000000000000, 1.000000000000000000 ) ) ;
#1225 = ORIENTED_EDGE ( 'NONE', *, *, #1574, .T. ) ;
#1226 = CARTESIAN_POINT ( 'NONE',  ( 122.0000000000000000, 26.49999999999999645, 112.0000000000000000 ) ) ;
#1227 = DIRECTION ( 'NONE',  ( -0.000000000000000000, -0.000000000000000000, -1.000000000000000000 ) ) ;
#1228 = CARTESIAN_POINT ( 'NONE',  ( 25.49999999999999645, 1.500000000000011324, 15.79999999999999538 ) ) ;
#1229 = EDGE_CURVE ( 'NONE', #1913, #3780, #3299, .T. ) ;
#1230 = CARTESIAN_POINT ( 'NONE',  ( 2.000000000000001776, 2.000000000000008882, 112.0000000000000000 ) ) ;
#1231 = CARTESIAN_POINT ( 'NONE',  ( 6.000000000000001776, 6.000000000000015987, 102.0000000000000142 ) ) ;
#1232 = VERTEX_POINT ( 'NONE', #1383 ) ;
#1233 = EDGE_CURVE ( 'NONE', #3349, #3038, #3277, .T. ) ;
#1234 = AXIS2_PLACEMENT_3D ( 'NONE', #2725, #3066, #2005 ) ;
#1235 = LINE ( 'NONE', #2547, #944 ) ;
#1236 = DIRECTION ( 'NONE',  ( -1.228762462150238769E-16, 1.000000000000000000, 0.000000000000000000 ) ) ;
#1237 = CARTESIAN_POINT ( 'NONE',  ( 66.00000000000001421, 22.39999999999999503, 112.0000000000000142 ) ) ;
#1238 = ORIENTED_EDGE ( 'NONE', *, *, #1857, .F. ) ;
#1239 = LINE ( 'NONE', #3265, #3152 ) ;
#1240 = VERTEX_POINT ( 'NONE', #1336 ) ;
#1241 = FACE_OUTER_BOUND ( 'NONE', #186, .T. ) ;
#1242 = CIRCLE ( 'NONE', #285, 3.500000000000003109 ) ;
#1243 = ORIENTED_EDGE ( 'NONE', *, *, #1229, .F. ) ;
#1244 = CARTESIAN_POINT ( 'NONE',  ( 95.75999999999999091, 7.000000000000040856, 25.87999999999999901 ) ) ;
#1245 = ORIENTED_EDGE ( 'NONE', *, *, #3919, .F. ) ;
#1246 = CARTESIAN_POINT ( 'NONE',  ( 3.000000000000000000, 20.89999999999999503, 112.0000000000000000 ) ) ;
#1247 = DIRECTION ( 'NONE',  ( -1.228762462150238769E-16, 1.000000000000000000, -0.000000000000000000 ) ) ;
#1248 = CARTESIAN_POINT ( 'NONE',  ( 62.00000000000000000, 2.000000000000015543, 112.0000000000000000 ) ) ;
#1249 = EDGE_CURVE ( 'NONE', #3230, #3680, #3604, .T. ) ;
#1250 = LINE ( 'NONE', #219, #251 ) ;
#1251 = CARTESIAN_POINT ( 'NONE',  ( 64.00000000000000000, 25.89999999999999147, 112.0000000000000000 ) ) ;
#1252 = ORIENTED_EDGE ( 'NONE', *, *, #1665, .T. ) ;
#1253 = DIRECTION ( 'NONE',  ( -0.000000000000000000, 1.000000000000000000, -0.000000000000000000 ) ) ;
#1254 = LINE ( 'NONE', #3853, #1981 ) ;
#1255 = CARTESIAN_POINT ( 'NONE',  ( 123.0000000000000000, 3.000000000000000000, 104.9785369476531542 ) ) ;
#1256 = EDGE_CURVE ( 'NONE', #750, #2071, #1060, .T. ) ;
#1257 = EDGE_CURVE ( 'NONE', #4024, #1282, #3043, .T. ) ;
#1258 = ORIENTED_EDGE ( 'NONE', *, *, #2391, .T. ) ;
#1259 = DIRECTION ( 'NONE',  ( -1.228762462150238769E-16, 1.000000000000000000, 0.000000000000000000 ) ) ;
#1260 = ORIENTED_EDGE ( 'NONE', *, *, #4080, .T. ) ;
#1261 = DIRECTION ( 'NONE',  ( -1.224646799147353207E-16, -1.504800016184710769E-32, 1.000000000000000000 ) ) ;
#1262 = CIRCLE ( 'NONE', #855, 0.9499999999999925171 ) ;
#1263 = VERTEX_POINT ( 'NONE', #2367 ) ;
#1264 = VECTOR ( 'NONE', #1847, 1000.000000000000000 ) ;
#1265 = FACE_OUTER_BOUND ( 'NONE', #4037, .T. ) ;
#1266 = ORIENTED_EDGE ( 'NONE', *, *, #4007, .T. ) ;
#1267 = CARTESIAN_POINT ( 'NONE',  ( 126.0000000000000000, 0.000000000000000000, 0.000000000000000000 ) ) ;
#1268 = CARTESIAN_POINT ( 'NONE',  ( 64.00000000000000000, 6.000000000000015987, 99.99999999999997158 ) ) ;
#1269 = CARTESIAN_POINT ( 'NONE',  ( 64.00000000000000000, 14.50000000000001599, 87.00000000000000000 ) ) ;
#1270 = EDGE_CURVE ( 'NONE', #3673, #3547, #1696, .T. ) ;
#1271 = EDGE_CURVE ( 'NONE', #3540, #2939, #45, .T. ) ;
#1272 = ORIENTED_EDGE ( 'NONE', *, *, #3042, .T. ) ;
#1273 = CARTESIAN_POINT ( 'NONE',  ( 95.75999999999999091, 5.000000000000040856, 97.00000000000001421 ) ) ;
#1274 = LINE ( 'NONE', #4188, #1289 ) ;
#1275 = EDGE_CURVE ( 'NONE', #3331, #1129, #2280, .T. ) ;
#1276 = ORIENTED_EDGE ( 'NONE', *, *, #1895, .T. ) ;
#1277 = DIRECTION ( 'NONE',  ( 1.000000000000000000, 0.000000000000000000, 0.000000000000000000 ) ) ;
#1278 = ORIENTED_EDGE ( 'NONE', *, *, #1991, .T. ) ;
#1279 = DIRECTION ( 'NONE',  ( -0.000000000000000000, -0.000000000000000000, 1.000000000000000000 ) ) ;
#1280 = TOROIDAL_SURFACE ( 'NONE', #255, 2.500000000000007994, 1.000000000000000000 ) ;
#1281 = CIRCLE ( 'NONE', #454, 6.500000000000005329 ) ;
#1282 = VERTEX_POINT ( 'NONE', #651 ) ;
#1283 = AXIS2_PLACEMENT_3D ( 'NONE', #2342, #3667, #2276 ) ;
#1284 = DIRECTION ( 'NONE',  ( -1.000000000000000000, -1.228762462150238769E-16, 0.000000000000000000 ) ) ;
#1285 = EDGE_CURVE ( 'NONE', #3329, #297, #3557, .T. ) ;
#1286 = CIRCLE ( 'NONE', #3074, 3.499999999999989342 ) ;
#1287 = ORIENTED_EDGE ( 'NONE', *, *, #2857, .F. ) ;
#1288 = FACE_OUTER_BOUND ( 'NONE', #1989, .T. ) ;
#1289 = VECTOR ( 'NONE', #2560, 1000.000000000000000 ) ;
#1290 = EDGE_LOOP ( 'NONE', ( #4078, #302, #4164, #4049 ) ) ;
#1291 = DIRECTION ( 'NONE',  ( 0.000000000000000000, -1.000000000000000000, 0.000000000000000000 ) ) ;
#1292 = AXIS2_PLACEMENT_3D ( 'NONE', #4201, #335, #3896 ) ;
#1293 = CARTESIAN_POINT ( 'NONE',  ( 6.000000000000001776, 23.89999999999999858, 102.0000000000000142 ) ) ;
#1294 = ADVANCED_FACE ( 'NONE', ( #3669 ), #6, .T. ) ;
#1295 = PLANE ( 'NONE',  #2312 ) ;
#1296 = FACE_OUTER_BOUND ( 'NONE', #168, .T. ) ;
#1297 = CARTESIAN_POINT ( 'NONE',  ( 62.00000000000000000, 23.89999999999999858, 111.9999999999999716 ) ) ;
#1298 = CARTESIAN_POINT ( 'NONE',  ( 124.0000000000000000, 22.39999999999999503, 4.000000000000003553 ) ) ;
#1299 = ORIENTED_EDGE ( 'NONE', *, *, #1171, .T. ) ;
#1300 = CARTESIAN_POINT ( 'NONE',  ( 64.00000000000000000, 23.89999999999999858, 2.000000000000001776 ) ) ;
#1301 = EDGE_LOOP ( 'NONE', ( #4121, #2015, #2738, #558 ) ) ;
#1302 = ADVANCED_FACE ( 'NONE', ( #2298 ), #1655, .T. ) ;
#1303 = VECTOR ( 'NONE', #1865, 1000.000000000000000 ) ;
#1304 = CARTESIAN_POINT ( 'NONE',  ( 64.00000000000000000, 9.500000000000015987, 87.00000000000000000 ) ) ;
#1305 = AXIS2_PLACEMENT_3D ( 'NONE', #747, #77, #1681 ) ;
#1306 = EDGE_LOOP ( 'NONE', ( #2586, #2074, #3595, #2844 ) ) ;
#1307 = CARTESIAN_POINT ( 'NONE',  ( 63.00000000000000000, 20.89999999999999503, 106.0000000000000000 ) ) ;
#1308 = ORIENTED_EDGE ( 'NONE', *, *, #2803, .F. ) ;
#1309 = LINE ( 'NONE', #2624, #1996 ) ;
#1310 = EDGE_CURVE ( 'NONE', #1129, #1150, #2956, .T. ) ;
#1311 = EDGE_CURVE ( 'NONE', #297, #643, #1041, .T. ) ;
#1312 = EDGE_CURVE ( 'NONE', #3304, #3314, #2678, .T. ) ;
#1313 = EDGE_LOOP ( 'NONE', ( #2965, #1222, #3535, #1905 ) ) ;
#1314 = DIRECTION ( 'NONE',  ( -0.000000000000000000, -0.000000000000000000, -1.000000000000000000 ) ) ;
#1315 = AXIS2_PLACEMENT_3D ( 'NONE', #2160, #534, #1838 ) ;
#1316 = CARTESIAN_POINT ( 'NONE',  ( 119.0000000000000000, 7.000000000000043521, 97.94999999999998863 ) ) ;
#1317 = AXIS2_PLACEMENT_3D ( 'NONE', #58, #2750, #3050 ) ;
#1318 = PLANE ( 'NONE',  #1015 ) ;
#1319 = LINE ( 'NONE', #2630, #874 ) ;
#1320 = DIRECTION ( 'NONE',  ( 0.000000000000000000, -1.000000000000000000, 0.000000000000000000 ) ) ;
#1321 = EDGE_LOOP ( 'NONE', ( #2819, #1088, #914, #1732 ) ) ;
#1322 = CARTESIAN_POINT ( 'NONE',  ( 95.75999999999999091, 7.000000000000040856, 24.93000000000000682 ) ) ;
#1323 = ORIENTED_EDGE ( 'NONE', *, *, #283, .T. ) ;
#1324 = FACE_OUTER_BOUND ( 'NONE', #1837, .T. ) ;
#1325 = CARTESIAN_POINT ( 'NONE',  ( 95.75999999999999091, 5.000000000000040856, 25.87999999999999901 ) ) ;
#1326 = PLANE ( 'NONE',  #2206 ) ;
#1327 = EDGE_CURVE ( 'NONE', #1240, #556, #1319, .T. ) ;
#1328 = EDGE_LOOP ( 'NONE', ( #755, #3345, #1481, #116, #3964, #3070 ) ) ;
#1329 = CARTESIAN_POINT ( 'NONE',  ( 66.00000000000000000, 2.000000000000015543, 102.0000000000000142 ) ) ;
#1330 = VERTEX_POINT ( 'NONE', #2976 ) ;
#1331 = LINE ( 'NONE', #4248, #627 ) ;
#1332 = ORIENTED_EDGE ( 'NONE', *, *, #3460, .F. ) ;
#1333 = FACE_OUTER_BOUND ( 'NONE', #3664, .T. ) ;
#1334 = LINE ( 'NONE', #1931, #1078 ) ;
#1335 = LINE ( 'NONE', #2995, #1833 ) ;
#1336 = CARTESIAN_POINT ( 'NONE',  ( 64.00000000000000000, 14.50000000000001599, 112.0000000000000000 ) ) ;
#1337 = CARTESIAN_POINT ( 'NONE',  ( 119.0000000000000000, 2.000000000000043521, 96.05000000000001137 ) ) ;
#1338 = EDGE_CURVE ( 'NONE', #3784, #52, #25, .T. ) ;
#1339 = ORIENTED_EDGE ( 'NONE', *, *, #2883, .T. ) ;
#1340 = DIRECTION ( 'NONE',  ( -0.000000000000000000, 1.000000000000000000, -0.000000000000000000 ) ) ;
#1341 = VERTEX_POINT ( 'NONE', #692 ) ;
#1342 = LINE ( 'NONE', #3341, #2360 ) ;
#1343 = CARTESIAN_POINT ( 'NONE',  ( 95.75999999999999091, 7.000000000000040856, 97.00000000000001421 ) ) ;
#1344 = CARTESIAN_POINT ( 'NONE',  ( 63.00000000000000000, 3.000000000000000000, 106.0000000000000000 ) ) ;
#1345 = VERTEX_POINT ( 'NONE', #3318 ) ;
#1346 = CARTESIAN_POINT ( 'NONE',  ( 124.0000000000000000, 22.39999999999999503, 4.000000000000003553 ) ) ;
#1347 = EDGE_LOOP ( 'NONE', ( #1721, #2508 ) ) ;
#1348 = VECTOR ( 'NONE', #3191, 1000.000000000000000 ) ;
#1349 = CARTESIAN_POINT ( 'NONE',  ( 62.00000000000000000, 25.89999999999999147, 112.0000000000000000 ) ) ;
#1350 = AXIS2_PLACEMENT_3D ( 'NONE', #3553, #3255, #891 ) ;
#1351 = VECTOR ( 'NONE', #2701, 1000.000000000000000 ) ;
#1352 = VERTEX_POINT ( 'NONE', #370 ) ;
#1353 = DIRECTION ( 'NONE',  ( -0.9578262852211519851, 0.2873478855663435527, 0.000000000000000000 ) ) ;
#1354 = LINE ( 'NONE', #3601, #2450 ) ;
#1355 = EDGE_CURVE ( 'NONE', #790, #1913, #1675, .T. ) ;
#1356 = VECTOR ( 'NONE', #582, 1000.000000000000000 ) ;
#1357 = AXIS2_PLACEMENT_3D ( 'NONE', #2124, #3118, #3861 ) ;
#1358 = DIRECTION ( 'NONE',  ( -0.7071067811865439090, 0.000000000000000000, 0.7071067811865512365 ) ) ;
#1359 = AXIS2_PLACEMENT_3D ( 'NONE', #3704, #2665, #3988 ) ;
#1360 = CARTESIAN_POINT ( 'NONE',  ( 60.00000000000000000, 6.000000000000015987, 112.0000000000000000 ) ) ;
#1361 = FACE_OUTER_BOUND ( 'NONE', #2447, .T. ) ;
#1362 = EDGE_CURVE ( 'NONE', #1992, #1542, #3336, .T. ) ;
#1363 = VERTEX_POINT ( 'NONE', #1464 ) ;
#1364 = CARTESIAN_POINT ( 'NONE',  ( 64.69999999999998863, 3.000000000000000000, 112.0000000000000000 ) ) ;
#1365 = VERTEX_POINT ( 'NONE', #759 ) ;
#1366 = CARTESIAN_POINT ( 'NONE',  ( 119.0000000000000000, 2.000000000000043521, 96.05000000000001137 ) ) ;
#1367 = CARTESIAN_POINT ( 'NONE',  ( 92.25999999999999091, 6.000000000000039968, 97.00000000000001421 ) ) ;
#1368 =( NAMED_UNIT ( * ) PLANE_ANGLE_UNIT ( ) SI_UNIT ( $, .RADIAN. ) );
#1369 = EDGE_LOOP ( 'NONE', ( #936, #853, #1801, #4179 ) ) ;
#1370 = LINE ( 'NONE', #1069, #1836 ) ;
#1371 = CONICAL_SURFACE ( 'NONE', #547, 0.9499999999999925171, 1.029744258676651425 ) ;
#1372 = ORIENTED_EDGE ( 'NONE', *, *, #2505, .F. ) ;
#1373 = VECTOR ( 'NONE', #4111, 1000.000000000000000 ) ;
#1374 = EDGE_CURVE ( 'NONE', #1365, #3304, #1506, .T. ) ;
#1375 = DIRECTION ( 'NONE',  ( 1.000000000000000000, 0.000000000000000000, 0.000000000000000000 ) ) ;
#1376 = EDGE_LOOP ( 'NONE', ( #3409, #18, #2885, #1929 ) ) ;
#1377 = VERTEX_POINT ( 'NONE', #2411 ) ;
#1378 = LINE ( 'NONE', #969, #940 ) ;
#1379 = DIRECTION ( 'NONE',  ( -0.000000000000000000, 1.000000000000000000, -0.000000000000000000 ) ) ;
#1380 = ADVANCED_FACE ( 'NONE', ( #3756 ), #2085, .F. ) ;
#1381 = MECHANICAL_DESIGN_GEOMETRIC_PRESENTATION_REPRESENTATION (  '', ( #695 ), #2964 ) ;
#1382 = DIRECTION ( 'NONE',  ( 1.228762462150238769E-16, -1.000000000000000000, -0.000000000000000000 ) ) ;
#1383 = CARTESIAN_POINT ( 'NONE',  ( 60.00000000000000000, 2.000000000000015543, 112.0000000000000000 ) ) ;
#1384 = CARTESIAN_POINT ( 'NONE',  ( 61.30000000000000426, 3.000000000000000000, 112.0000000000000000 ) ) ;
#1385 = VERTEX_POINT ( 'NONE', #1121 ) ;
#1386 = FACE_OUTER_BOUND ( 'NONE', #2228, .T. ) ;
#1387 = VERTEX_POINT ( 'NONE', #1483 ) ;
#1388 = DIRECTION ( 'NONE',  ( 0.000000000000000000, -1.000000000000000000, 0.000000000000000000 ) ) ;
#1389 = DIRECTION ( 'NONE',  ( 0.000000000000000000, 0.000000000000000000, 1.000000000000000000 ) ) ;
#1390 = EDGE_CURVE ( 'NONE', #1167, #1834, #2762, .T. ) ;
#1391 = EDGE_CURVE ( 'NONE', #3129, #4030, #4066, .T. ) ;
#1392 = EDGE_CURVE ( 'NONE', #2426, #3246, #3624, .T. ) ;
#1393 = CIRCLE ( 'NONE', #3467, 3.000000000000002665 ) ;
#1394 = ORIENTED_EDGE ( 'NONE', *, *, #2066, .T. ) ;
#1395 = CARTESIAN_POINT ( 'NONE',  ( 6.000000000000002665, 17.89999999999999503, 102.0000000000000142 ) ) ;
#1396 = ORIENTED_EDGE ( 'NONE', *, *, #1338, .F. ) ;
#1397 = CARTESIAN_POINT ( 'NONE',  ( 4.000000000000001776, 27.99999999999999645, 112.0000000000000000 ) ) ;
#1398 = ORIENTED_EDGE ( 'NONE', *, *, #3949, .T. ) ;
#1399 = DIRECTION ( 'NONE',  ( 0.000000000000000000, 0.000000000000000000, 1.000000000000000000 ) ) ;
#1400 = CARTESIAN_POINT ( 'NONE',  ( 61.30000000000000426, 3.000000000000000000, 106.0000000000000000 ) ) ;
#1401 = VERTEX_POINT ( 'NONE', #846 ) ;
#1402 = EDGE_CURVE ( 'NONE', #2071, #3862, #2784, .T. ) ;
#1403 = CARTESIAN_POINT ( 'NONE',  ( 95.75999999999999091, 7.000000000000040856, 97.00000000000001421 ) ) ;
#1404 = DIRECTION ( 'NONE',  ( 0.000000000000000000, 0.000000000000000000, 1.000000000000000000 ) ) ;
#1405 = ADVANCED_FACE ( 'NONE', ( #3060 ), #3008, .T. ) ;
#1406 = ORIENTED_EDGE ( 'NONE', *, *, #742, .F. ) ;
#1407 = DIRECTION ( 'NONE',  ( 0.000000000000000000, 0.9578262852211519851, -0.2873478855663436637 ) ) ;
#1408 = EDGE_LOOP ( 'NONE', ( #554, #3273, #163, #1901 ) ) ;
#1409 = DIRECTION ( 'NONE',  ( 0.000000000000000000, 0.000000000000000000, 1.000000000000000000 ) ) ;
#1410 = CARTESIAN_POINT ( 'NONE',  ( 119.0000000000000000, 7.000000000000043521, 25.87999999999999901 ) ) ;
#1411 = ORIENTED_EDGE ( 'NONE', *, *, #1788, .T. ) ;
#1412 = CARTESIAN_POINT ( 'NONE',  ( 122.0000000000000000, 27.99999999999999645, 112.0000000000000000 ) ) ;
#1413 = ORIENTED_EDGE ( 'NONE', *, *, #3327, .T. ) ;
#1414 = CARTESIAN_POINT ( 'NONE',  ( 2.000000000000001776, 2.000000000000008882, 97.99999999999995737 ) ) ;
#1415 = EDGE_CURVE ( 'NONE', #2525, #3780, #1104, .T. ) ;
#1416 = TOROIDAL_SURFACE ( 'NONE', #4113, 6.500000000000007105, 3.000000000000000000 ) ;
#1417 = ORIENTED_EDGE ( 'NONE', *, *, #3831, .T. ) ;
#1418 = FACE_OUTER_BOUND ( 'NONE', #2783, .T. ) ;
#1419 = CARTESIAN_POINT ( 'NONE',  ( 2.000000000000001776, 2.000000000000008882, 97.99999999999995737 ) ) ;
#1420 = VECTOR ( 'NONE', #2453, 1000.000000000000000 ) ;
#1421 = AXIS2_PLACEMENT_3D ( 'NONE', #3259, #2236, #915 ) ;
#1422 = AXIS2_PLACEMENT_3D ( 'NONE', #731, #474, #2038 ) ;
#1423 = DIRECTION ( 'NONE',  ( -1.000000000000000000, -1.228762462150238769E-16, 0.000000000000000000 ) ) ;
#1424 = AXIS2_PLACEMENT_3D ( 'NONE', #2558, #298, #3963 ) ;
#1425 = DIRECTION ( 'NONE',  ( 1.000000000000000000, 0.000000000000000000, 0.000000000000000000 ) ) ;
#1426 = EDGE_CURVE ( 'NONE', #3072, #2525, #778, .T. ) ;
#1427 = AXIS2_PLACEMENT_3D ( 'NONE', #3322, #2397, #3029 ) ;
#1428 = ORIENTED_EDGE ( 'NONE', *, *, #1233, .F. ) ;
#1429 = PLANE ( 'NONE',  #1625 ) ;
#1430 = ORIENTED_EDGE ( 'NONE', *, *, #3888, .T. ) ;
#1431 = FACE_OUTER_BOUND ( 'NONE', #173, .T. ) ;
#1432 = CARTESIAN_POINT ( 'NONE',  ( 124.0000000000000000, 6.000000000000015987, 102.0000000000000142 ) ) ;
#1433 = LINE ( 'NONE', #3678, #3447 ) ;
#1434 = EDGE_LOOP ( 'NONE', ( #443, #4218, #407 ) ) ;
#1435 = EDGE_CURVE ( 'NONE', #1994, #1747, #3837, .T. ) ;
#1436 = LINE ( 'NONE', #1412, #1017 ) ;
#1437 = ORIENTED_EDGE ( 'NONE', *, *, #707, .T. ) ;
#1438 = SURFACE_STYLE_FILL_AREA ( #814 ) ;
#1439 = CIRCLE ( 'NONE', #1029, 0.9499999999999925171 ) ;
#1440 = ORIENTED_EDGE ( 'NONE', *, *, #1617, .F. ) ;
#1441 = EDGE_LOOP ( 'NONE', ( #578, #2615, #2265 ) ) ;
#1442 = CARTESIAN_POINT ( 'NONE',  ( 99.26000000000000512, 5.000000000000040856, 97.00000000000001421 ) ) ;
#1443 = DIRECTION ( 'NONE',  ( -0.000000000000000000, 1.000000000000000000, -0.000000000000000000 ) ) ;
#1444 = ADVANCED_BREP_SHAPE_REPRESENTATION ( 'Sensor_Halterung_ESP-NOW_2_Panel', ( #3822, #4217 ), #2969 ) ;
#1445 = EDGE_CURVE ( 'NONE', #1477, #1448, #134, .T. ) ;
#1446 = DIRECTION ( 'NONE',  ( -0.000000000000000000, 0.000000000000000000, -1.000000000000000000 ) ) ;
#1447 = FACE_BOUND ( 'NONE', #1178, .T. ) ;
#1448 = VERTEX_POINT ( 'NONE', #154 ) ;
#1449 = CARTESIAN_POINT ( 'NONE',  ( 60.00000000000000000, 6.000000000000015987, 112.0000000000000000 ) ) ;
#1450 = CARTESIAN_POINT ( 'NONE',  ( 95.75999999999999091, 1.429182411923858975, 25.87999999999999901 ) ) ;
#1451 = CARTESIAN_POINT ( 'NONE',  ( 64.00000000000000000, 6.000000000000015987, 112.0000000000000000 ) ) ;
#1452 = VECTOR ( 'NONE', #2818, 1000.000000000000000 ) ;
#1453 = AXIS2_PLACEMENT_3D ( 'NONE', #3612, #2922, #2247 ) ;
#1454 = ORIENTED_EDGE ( 'NONE', *, *, #2505, .T. ) ;
#1455 = DIRECTION ( 'NONE',  ( -1.445602896647338917E-16, 1.000000000000000000, -0.000000000000000000 ) ) ;
#1456 = ORIENTED_EDGE ( 'NONE', *, *, #3116, .T. ) ;
#1457 = DIRECTION ( 'NONE',  ( 0.000000000000000000, 0.000000000000000000, 1.000000000000000000 ) ) ;
#1458 = ADVANCED_FACE ( 'NONE', ( #3801 ), #2394, .F. ) ;
#1459 = ORIENTED_EDGE ( 'NONE', *, *, #266, .T. ) ;
#1460 = PLANE ( 'NONE',  #327 ) ;
#1461 = ORIENTED_EDGE ( 'NONE', *, *, #4097, .T. ) ;
#1462 = PLANE ( 'NONE',  #3904 ) ;
#1463 = CARTESIAN_POINT ( 'NONE',  ( 6.000000000000001776, 6.000000000000015987, 112.0000000000000000 ) ) ;
#1464 = CARTESIAN_POINT ( 'NONE',  ( 124.6999999999999886, 20.89999999999999503, 106.0000000000000000 ) ) ;
#1465 = DIRECTION ( 'NONE',  ( 1.228762462150238769E-16, -1.000000000000000000, -0.000000000000000000 ) ) ;
#1466 = EDGE_LOOP ( 'NONE', ( #2606, #3731, #2695, #1784 ) ) ;
#1467 = EDGE_CURVE ( 'NONE', #3879, #3314, #3449, .T. ) ;
#1468 = DIRECTION ( 'NONE',  ( 0.000000000000000000, 1.000000000000000000, 0.000000000000000000 ) ) ;
#1469 = CARTESIAN_POINT ( 'NONE',  ( 60.00000000000000000, 6.000000000000015987, 102.0000000000000142 ) ) ;
#1470 = CARTESIAN_POINT ( 'NONE',  ( 4.000000000000010658, 1.500000000000008660, 92.00000000000000000 ) ) ;
#1471 = ORIENTED_EDGE ( 'NONE', *, *, #3627, .T. ) ;
#1472 = CARTESIAN_POINT ( 'NONE',  ( 126.0000000000000000, 27.99999999999999645, 112.0000000000000000 ) ) ;
#1473 = ORIENTED_EDGE ( 'NONE', *, *, #3383, .T. ) ;
#1474 = CARTESIAN_POINT ( 'NONE',  ( 60.00000000000000000, 2.000000000000015543, 102.0000000000000142 ) ) ;
#1475 = VERTEX_POINT ( 'NONE', #476 ) ;
#1476 = DIRECTION ( 'NONE',  ( 0.000000000000000000, -1.000000000000000000, 0.000000000000000000 ) ) ;
#1477 = VERTEX_POINT ( 'NONE', #2807 ) ;
#1478 = DIRECTION ( 'NONE',  ( 1.000000000000000000, 0.000000000000000000, 0.000000000000000000 ) ) ;
#1479 = CARTESIAN_POINT ( 'NONE',  ( 95.75999999999999091, 7.000000000000040856, 24.93000000000000682 ) ) ;
#1480 = LINE ( 'NONE', #2428, #1514 ) ;
#1481 = ORIENTED_EDGE ( 'NONE', *, *, #3202, .F. ) ;
#1482 = EDGE_CURVE ( 'NONE', #1145, #15, #3105, .T. ) ;
#1483 = CARTESIAN_POINT ( 'NONE',  ( 61.30000000000000426, 20.89999999999999503, 106.0000000000000000 ) ) ;
#1484 = DIRECTION ( 'NONE',  ( -0.000000000000000000, 1.000000000000000000, -0.000000000000000000 ) ) ;
#1485 = AXIS2_PLACEMENT_3D ( 'NONE', #1325, #605, #1000 ) ;
#1486 = ORIENTED_EDGE ( 'NONE', *, *, #3515, .F. ) ;
#1487 = VECTOR ( 'NONE', #633, 1000.000000000000000 ) ;
#1488 = DIRECTION ( 'NONE',  ( 1.000000000000000000, 0.000000000000000000, 0.000000000000000000 ) ) ;
#1489 = LINE ( 'NONE', #850, #2084 ) ;
#1490 = DIRECTION ( 'NONE',  ( 1.000000000000000000, 0.000000000000000000, 0.000000000000000000 ) ) ;
#1491 = VECTOR ( 'NONE', #3563, 1000.000000000000000 ) ;
#1492 = ADVANCED_FACE ( 'NONE', ( #174 ), #4130, .F. ) ;
#1493 = VECTOR ( 'NONE', #903, 1000.000000000000000 ) ;
#1494 = EDGE_CURVE ( 'NONE', #1363, #3860, #1962, .T. ) ;
#1495 = ORIENTED_EDGE ( 'NONE', *, *, #3289, .T. ) ;
#1496 = LINE ( 'NONE', #2180, #329 ) ;
#1497 = VECTOR ( 'NONE', #2283, 1000.000000000000000 ) ;
#1498 = VERTEX_POINT ( 'NONE', #284 ) ;
#1499 = LINE ( 'NONE', #577, #1452 ) ;
#1500 = ORIENTED_EDGE ( 'NONE', *, *, #2971, .F. ) ;
#1501 = CARTESIAN_POINT ( 'NONE',  ( 119.0000000000000000, 5.000000000000044409, 97.00000000000000000 ) ) ;
#1502 = EDGE_LOOP ( 'NONE', ( #419, #3574, #4143, #1287 ) ) ;
#1503 = LINE ( 'NONE', #3528, #4258 ) ;
#1504 = CARTESIAN_POINT ( 'NONE',  ( 95.75999999999999091, 5.000000000000040856, 97.00000000000001421 ) ) ;
#1505 = LINE ( 'NONE', #2562, #383 ) ;
#1506 = LINE ( 'NONE', #1738, #3279 ) ;
#1507 = CIRCLE ( 'NONE', #3165, 3.499999999999989342 ) ;
#1508 = CARTESIAN_POINT ( 'NONE',  ( 121.4999999999999858, 7.000000000000044409, 97.00000000000000000 ) ) ;
#1509 = EDGE_CURVE ( 'NONE', #3928, #1145, #3905, .T. ) ;
#1510 = ORIENTED_EDGE ( 'NONE', *, *, #2997, .T. ) ;
#1511 = CARTESIAN_POINT ( 'NONE',  ( 2.000000000000001776, 2.000000000000008882, 112.0000000000000000 ) ) ;
#1512 = LINE ( 'NONE', #3562, #1912 ) ;
#1513 = LINE ( 'NONE', #1470, #758 ) ;
#1514 = VECTOR ( 'NONE', #3100, 1000.000000000000000 ) ;
#1515 = ORIENTED_EDGE ( 'NONE', *, *, #2289, .T. ) ;
#1516 = LINE ( 'NONE', #4139, #1152 ) ;
#1517 = CIRCLE ( 'NONE', #3935, 3.000000000000002665 ) ;
#1518 = ORIENTED_EDGE ( 'NONE', *, *, #2847, .T. ) ;
#1519 = ADVANCED_FACE ( 'NONE', ( #4151 ), #3492, .T. ) ;
#1520 = LINE ( 'NONE', #881, #2829 ) ;
#1521 = ORIENTED_EDGE ( 'NONE', *, *, #1256, .F. ) ;
#1522 = DIRECTION ( 'NONE',  ( 1.000000000000000000, 0.000000000000000000, 0.000000000000000000 ) ) ;
#1523 = ORIENTED_EDGE ( 'NONE', *, *, #470, .T. ) ;
#1524 = FACE_OUTER_BOUND ( 'NONE', #4242, .T. ) ;
#1525 = LINE ( 'NONE', #2166, #661 ) ;
#1526 = CARTESIAN_POINT ( 'NONE',  ( 2.000000000000001776, 17.89999999999999503, 97.99999999999995737 ) ) ;
#1527 = LINE ( 'NONE', #586, #1624 ) ;
#1528 = LINE ( 'NONE', #1231, #2520 ) ;
#1529 = ORIENTED_EDGE ( 'NONE', *, *, #1249, .T. ) ;
#1530 = CARTESIAN_POINT ( 'NONE',  ( 64.00000000000001421, 23.89999999999999858, 2.000000000000001776 ) ) ;
#1531 = CARTESIAN_POINT ( 'NONE',  ( 119.0000000000000000, 2.000000000000043521, 97.00000000000000000 ) ) ;
#1532 = DIRECTION ( 'NONE',  ( 1.000000000000000000, 0.000000000000000000, 0.000000000000000000 ) ) ;
#1533 = VECTOR ( 'NONE', #2499, 1000.000000000000000 ) ;
#1534 = VERTEX_POINT ( 'NONE', #545 ) ;
#1535 = CARTESIAN_POINT ( 'NONE',  ( 6.000000000000001776, 23.89999999999999858, 102.0000000000000142 ) ) ;
#1536 = AXIS2_PLACEMENT_3D ( 'NONE', #502, #482, #3065 ) ;
#1537 = ORIENTED_EDGE ( 'NONE', *, *, #3051, .F. ) ;
#1538 = EDGE_CURVE ( 'NONE', #2939, #1263, #3820, .T. ) ;
#1539 = DIRECTION ( 'NONE',  ( -0.000000000000000000, 1.000000000000000000, -0.000000000000000000 ) ) ;
#1540 = ORIENTED_EDGE ( 'NONE', *, *, #694, .F. ) ;
#1541 = PLANE ( 'NONE',  #2455 ) ;
#1542 = VERTEX_POINT ( 'NONE', #1268 ) ;
#1543 = CARTESIAN_POINT ( 'NONE',  ( 1.300000000000011147, 3.000000000000000000, 112.0000000000000000 ) ) ;
#1544 = CARTESIAN_POINT ( 'NONE',  ( 119.0000000000000000, 7.000000000000044409, 25.87999999999999901 ) ) ;
#1545 = CARTESIAN_POINT ( 'NONE',  ( 124.0000000000000000, 27.99999999999999645, 4.000000000000003553 ) ) ;
#1546 = EDGE_CURVE ( 'NONE', #3862, #1699, #4213, .T. ) ;
#1547 = ORIENTED_EDGE ( 'NONE', *, *, #3726, .F. ) ;
#1548 = CARTESIAN_POINT ( 'NONE',  ( 122.0000000000000000, 22.39999999999999503, 112.0000000000000000 ) ) ;
#1549 = CARTESIAN_POINT ( 'NONE',  ( 66.00000000000001421, 26.49999999999999645, 112.0000000000000142 ) ) ;
#1550 = EDGE_LOOP ( 'NONE', ( #3187, #2978, #1299, #1201 ) ) ;
#1551 = DIRECTION ( 'NONE',  ( -1.000000000000000000, -2.168404344971006896E-16, 0.000000000000000000 ) ) ;
#1552 = VECTOR ( 'NONE', #1671, 1000.000000000000000 ) ;
#1553 = DIRECTION ( 'NONE',  ( 1.228762462150238769E-16, -1.000000000000000000, 0.000000000000000000 ) ) ;
#1554 = DIRECTION ( 'NONE',  ( -0.000000000000000000, 1.000000000000000000, -0.000000000000000000 ) ) ;
#1555 = CIRCLE ( 'NONE', #3007, 0.9499999999999925171 ) ;
#1556 = VECTOR ( 'NONE', #2129, 1000.000000000000000 ) ;
#1557 = CONICAL_SURFACE ( 'NONE', #4047, 0.9499999999999925171, 1.029744258676651425 ) ;
#1558 = VERTEX_POINT ( 'NONE', #2517 ) ;
#1559 = DIRECTION ( 'NONE',  ( 0.6917144638660748246, 0.2075143391598210929, 0.6917144638660748246 ) ) ;
#1560 = ORIENTED_EDGE ( 'NONE', *, *, #2868, .T. ) ;
#1561 = AXIS2_PLACEMENT_3D ( 'NONE', #3464, #3442, #2473 ) ;
#1562 = VECTOR ( 'NONE', #1224, 1000.000000000000000 ) ;
#1563 = CARTESIAN_POINT ( 'NONE',  ( 63.00000000000000000, 20.89999999999999503, 106.0000000000000000 ) ) ;
#1564 = ADVANCED_FACE ( 'NONE', ( #2213 ), #2544, .F. ) ;
#1565 = ORIENTED_EDGE ( 'NONE', *, *, #1310, .T. ) ;
#1566 = AXIS2_PLACEMENT_3D ( 'NONE', #2117, #834, #2421 ) ;
#1567 = DIRECTION ( 'NONE',  ( 1.000000000000000000, 0.000000000000000000, 0.000000000000000000 ) ) ;
#1568 = VERTEX_POINT ( 'NONE', #2169 ) ;
#1569 = FACE_OUTER_BOUND ( 'NONE', #1466, .T. ) ;
#1570 = CARTESIAN_POINT ( 'NONE',  ( 123.0000000000000000, 3.000000000000000000, 106.0000000000000000 ) ) ;
#1571 = CARTESIAN_POINT ( 'NONE',  ( 115.5000000000000000, 7.000000000000044409, 25.87999999999999901 ) ) ;
#1572 = DIRECTION ( 'NONE',  ( -0.000000000000000000, -0.000000000000000000, 1.000000000000000000 ) ) ;
#1573 = DIRECTION ( 'NONE',  ( -1.000000000000000000, -1.228762462150238769E-16, 0.000000000000000000 ) ) ;
#1574 = EDGE_CURVE ( 'NONE', #3477, #86, #1930, .T. ) ;
#1575 = ORIENTED_EDGE ( 'NONE', *, *, #2918, .F. ) ;
#1576 = AXIS2_PLACEMENT_3D ( 'NONE', #202, #1809, #2771 ) ;
#1577 = CYLINDRICAL_SURFACE ( 'NONE', #804, 1.699999999999988853 ) ;
#1578 = PLANE ( 'NONE',  #239 ) ;
#1579 = PLANE ( 'NONE',  #1832 ) ;
#1580 = ORIENTED_EDGE ( 'NONE', *, *, #2673, .T. ) ;
#1581 = LINE ( 'NONE', #2902, #1971 ) ;
#1582 = VERTEX_POINT ( 'NONE', #3212 ) ;
#1583 = LINE ( 'NONE', #296, #217 ) ;
#1584 = VECTOR ( 'NONE', #1155, 1000.000000000000000 ) ;
#1585 = EDGE_LOOP ( 'NONE', ( #3725, #837, #242, #3085 ) ) ;
#1586 = DIRECTION ( 'NONE',  ( 0.000000000000000000, 0.000000000000000000, 1.000000000000000000 ) ) ;
#1587 = ORIENTED_EDGE ( 'NONE', *, *, #3523, .T. ) ;
#1588 = DIRECTION ( 'NONE',  ( 1.000000000000000000, 8.673617379884035472E-16, -0.000000000000000000 ) ) ;
#1589 = DIRECTION ( 'NONE',  ( -0.000000000000000000, 1.000000000000000000, -0.000000000000000000 ) ) ;
#1590 = ADVANCED_FACE ( 'NONE', ( #2232 ), #256, .F. ) ;
#1591 = DIRECTION ( 'NONE',  ( 0.000000000000000000, -0.000000000000000000, -1.000000000000000000 ) ) ;
#1592 = EDGE_CURVE ( 'NONE', #3030, #1790, #304, .T. ) ;
#1593 = CARTESIAN_POINT ( 'NONE',  ( 124.0000000000000000, 2.255091838852751440, 27.60975631065004521 ) ) ;
#1594 = VERTEX_POINT ( 'NONE', #3579 ) ;
#1595 = FACE_OUTER_BOUND ( 'NONE', #1321, .T. ) ;
#1596 = DIRECTION ( 'NONE',  ( -0.000000000000000000, -0.000000000000000000, 1.000000000000000000 ) ) ;
#1597 = CARTESIAN_POINT ( 'NONE',  ( 62.00000000000000000, 9.500000000000015987, 112.0000000000000000 ) ) ;
#1598 = EDGE_CURVE ( 'NONE', #2057, #1135, #3214, .T. ) ;
#1599 = ORIENTED_EDGE ( 'NONE', *, *, #523, .F. ) ;
#1600 = DIRECTION ( 'NONE',  ( 1.000000000000000000, 0.000000000000000000, 0.000000000000000000 ) ) ;
#1601 = ORIENTED_EDGE ( 'NONE', *, *, #742, .T. ) ;
#1602 = LINE ( 'NONE', #2307, #3938 ) ;
#1603 = ORIENTED_EDGE ( 'NONE', *, *, #3460, .T. ) ;
#1604 = CIRCLE ( 'NONE', #3392, 3.000000000000002665 ) ;
#1605 = CARTESIAN_POINT ( 'NONE',  ( 60.00000000000000000, 23.89999999999999858, 102.0000000000000142 ) ) ;
#1606 = ORIENTED_EDGE ( 'NONE', *, *, #2362, .T. ) ;
#1607 = CARTESIAN_POINT ( 'NONE',  ( 2.000000000000001776, 22.39999999999999503, 112.0000000000000000 ) ) ;
#1608 = ADVANCED_FACE ( 'NONE', ( #1610 ), #1186, .F. ) ;
#1609 = ORIENTED_EDGE ( 'NONE', *, *, #1673, .T. ) ;
#1610 = FACE_OUTER_BOUND ( 'NONE', #3694, .T. ) ;
#1611 = DIRECTION ( 'NONE',  ( 1.000000000000000000, 0.000000000000000000, 0.000000000000000000 ) ) ;
#1612 = EDGE_CURVE ( 'NONE', #1150, #1232, #3172, .T. ) ;
#1613 = CARTESIAN_POINT ( 'NONE',  ( 92.25999999999999091, 7.000000000000040856, 25.87999999999999901 ) ) ;
#1614 = CARTESIAN_POINT ( 'NONE',  ( 60.00000000000000000, 17.89999999999999503, 102.0000000000000142 ) ) ;
#1615 = LINE ( 'NONE', #2957, #2542 ) ;
#1616 = DIRECTION ( 'NONE',  ( 0.000000000000000000, 0.000000000000000000, -1.000000000000000000 ) ) ;
#1617 = EDGE_CURVE ( 'NONE', #2313, #2859, #1250, .T. ) ;
#1618 = EDGE_CURVE ( 'NONE', #2021, #3784, #1527, .T. ) ;
#1619 = ORIENTED_EDGE ( 'NONE', *, *, #3925, .T. ) ;
#1620 = LINE ( 'NONE', #617, #811 ) ;
#1621 = VERTEX_POINT ( 'NONE', #3513 ) ;
#1622 = EDGE_CURVE ( 'NONE', #2378, #4030, #567, .T. ) ;
#1623 = CARTESIAN_POINT ( 'NONE',  ( 62.00000000000000000, 17.89999999999999503, 112.0000000000000000 ) ) ;
#1624 = VECTOR ( 'NONE', #2193, 1000.000000000000000 ) ;
#1625 = AXIS2_PLACEMENT_3D ( 'NONE', #2088, #3474, #524 ) ;
#1626 = ADVANCED_FACE ( 'NONE', ( #240 ), #609, .F. ) ;
#1627 = ORIENTED_EDGE ( 'NONE', *, *, #3866, .F. ) ;
#1628 = CARTESIAN_POINT ( 'NONE',  ( 124.0000000000000000, 2.000000000000044409, 112.0000000000000000 ) ) ;
#1629 = AXIS2_PLACEMENT_3D ( 'NONE', #3932, #328, #348 ) ;
#1630 = ORIENTED_EDGE ( 'NONE', *, *, #972, .F. ) ;
#1631 = CARTESIAN_POINT ( 'NONE',  ( 0.000000000000000000, 27.99999999999999645, 0.000000000000000000 ) ) ;
#1632 = AXIS2_PLACEMENT_3D ( 'NONE', #2355, #4055, #3660 ) ;
#1633 = ORIENTED_EDGE ( 'NONE', *, *, #1980, .T. ) ;
#1634 = LINE ( 'NONE', #3947, #2654 ) ;
#1635 = VECTOR ( 'NONE', #3719, 1000.000000000000000 ) ;
#1636 = DIRECTION ( 'NONE',  ( 1.228762462150238769E-16, -1.000000000000000000, 0.000000000000000000 ) ) ;
#1637 = ORIENTED_EDGE ( 'NONE', *, *, #2027, .T. ) ;
#1638 = DIRECTION ( 'NONE',  ( -0.000000000000000000, -0.000000000000000000, -1.000000000000000000 ) ) ;
#1639 = CARTESIAN_POINT ( 'NONE',  ( 95.75999999999999091, 2.000000000000040856, 25.87999999999999901 ) ) ;
#1640 = EDGE_CURVE ( 'NONE', #480, #2816, #1634, .T. ) ;
#1641 = ORIENTED_EDGE ( 'NONE', *, *, #1657, .F. ) ;
#1642 = PLANE ( 'NONE',  #2734 ) ;
#1643 = VERTEX_POINT ( 'NONE', #366 ) ;
#1644 = CARTESIAN_POINT ( 'NONE',  ( 119.0000000000000000, 7.000000000000043521, 26.82999999999999119 ) ) ;
#1645 = LINE ( 'NONE', #4244, #768 ) ;
#1646 = EDGE_LOOP ( 'NONE', ( #2375, #2716, #2383, #334 ) ) ;
#1647 = DIRECTION ( 'NONE',  ( 1.000000000000000000, 0.000000000000000000, 0.000000000000000000 ) ) ;
#1648 = VERTEX_POINT ( 'NONE', #3355 ) ;
#1649 = CARTESIAN_POINT ( 'NONE',  ( 120.0000000000000000, 17.89999999999997726, 112.0000000000000000 ) ) ;
#1650 = VERTEX_POINT ( 'NONE', #2674 ) ;
#1651 = CARTESIAN_POINT ( 'NONE',  ( 62.00000000000000000, 9.500000000000015987, 87.00000000000000000 ) ) ;
#1652 = VECTOR ( 'NONE', #2581, 1000.000000000000000 ) ;
#1653 = CARTESIAN_POINT ( 'NONE',  ( 62.00000000000000000, 6.000000000000015987, 99.99999999999997158 ) ) ;
#1654 = FACE_OUTER_BOUND ( 'NONE', #3107, .T. ) ;
#1655 = CYLINDRICAL_SURFACE ( 'NONE', #2804, 3.500000000000003109 ) ;
#1656 = DIRECTION ( 'NONE',  ( -0.000000000000000000, -0.000000000000000000, 1.000000000000000000 ) ) ;
#1657 = EDGE_CURVE ( 'NONE', #2282, #1542, #3274, .T. ) ;
#1658 = ORIENTED_EDGE ( 'NONE', *, *, #1053, .T. ) ;
#1659 = DIRECTION ( 'NONE',  ( 1.156482317317871725E-16, -1.000000000000000000, 0.000000000000000000 ) ) ;
#1660 = ORIENTED_EDGE ( 'NONE', *, *, #3042, .F. ) ;
#1661 = CARTESIAN_POINT ( 'NONE',  ( 122.0000000000000000, 27.99999999999999645, 112.0000000000000000 ) ) ;
#1662 = LINE ( 'NONE', #421, #3647 ) ;
#1663 = DIRECTION ( 'NONE',  ( 1.000000000000000000, 0.000000000000000000, 0.000000000000000000 ) ) ;
#1664 = ORIENTED_EDGE ( 'NONE', *, *, #3607, .F. ) ;
#1665 = EDGE_CURVE ( 'NONE', #2796, #1030, #3018, .T. ) ;
#1666 = CARTESIAN_POINT ( 'NONE',  ( 2.000000000000001776, 22.39999999999999503, 97.99999999999995737 ) ) ;
#1667 = ORIENTED_EDGE ( 'NONE', *, *, #1750, .F. ) ;
#1668 = CARTESIAN_POINT ( 'NONE',  ( 120.0000000000000000, 6.000000000000015099, 112.0000000000000000 ) ) ;
#1669 = AXIS2_PLACEMENT_3D ( 'NONE', #1166, #2477, #1782 ) ;
#1670 = ORIENTED_EDGE ( 'NONE', *, *, #815, .F. ) ;
#1671 = DIRECTION ( 'NONE',  ( 1.000000000000000000, 0.000000000000000000, 0.000000000000000000 ) ) ;
#1672 = DIRECTION ( 'NONE',  ( 1.049727191138616723E-16, 0.5150380749100568201, -0.8571673007021107793 ) ) ;
#1673 = EDGE_CURVE ( 'NONE', #2018, #4022, #1036, .T. ) ;
#1674 = DIRECTION ( 'NONE',  ( -5.782411586589352708E-16, -1.000000000000000000, -5.782411586589412859E-16 ) ) ;
#1675 = LINE ( 'NONE', #714, #2451 ) ;
#1676 = DIRECTION ( 'NONE',  ( 0.000000000000000000, 1.000000000000000000, 0.000000000000000000 ) ) ;
#1677 = ORIENTED_EDGE ( 'NONE', *, *, #2215, .F. ) ;
#1678 = FACE_OUTER_BOUND ( 'NONE', #616, .T. ) ;
#1679 = ORIENTED_EDGE ( 'NONE', *, *, #1126, .F. ) ;
#1680 = DIRECTION ( 'NONE',  ( -0.000000000000000000, 1.000000000000000000, -0.000000000000000000 ) ) ;
#1681 = DIRECTION ( 'NONE',  ( -1.000000000000000000, 0.000000000000000000, 0.000000000000000000 ) ) ;
#1682 = DIRECTION ( 'NONE',  ( 0.000000000000000000, -1.000000000000000000, 0.000000000000000000 ) ) ;
#1683 = ORIENTED_EDGE ( 'NONE', *, *, #2346, .F. ) ;
#1684 = DIRECTION ( 'NONE',  ( 0.000000000000000000, -0.000000000000000000, 1.000000000000000000 ) ) ;
#1685 = ORIENTED_EDGE ( 'NONE', *, *, #3966, .F. ) ;
#1686 = VECTOR ( 'NONE', #214, 1000.000000000000000 ) ;
#1687 = EDGE_CURVE ( 'NONE', #3520, #3129, #2951, .T. ) ;
#1688 = AXIS2_PLACEMENT_3D ( 'NONE', #1403, #2042, #737 ) ;
#1689 = VERTEX_POINT ( 'NONE', #3600 ) ;
#1690 = DIRECTION ( 'NONE',  ( -1.000000000000000000, -0.000000000000000000, -0.000000000000000000 ) ) ;
#1691 = DIRECTION ( 'NONE',  ( -1.000000000000000000, 0.000000000000000000, 0.000000000000000000 ) ) ;
#1692 = VECTOR ( 'NONE', #3509, 1000.000000000000000 ) ;
#1693 = VECTOR ( 'NONE', #2946, 999.9999999999998863 ) ;
#1694 = ORIENTED_EDGE ( 'NONE', *, *, #2644, .T. ) ;
#1695 = VECTOR ( 'NONE', #3610, 1000.000000000000000 ) ;
#1696 = LINE ( 'NONE', #992, #3484 ) ;
#1697 = ADVANCED_FACE ( 'NONE', ( #1333 ), #21, .T. ) ;
#1698 = LINE ( 'NONE', #1384, #2680 ) ;
#1699 = VERTEX_POINT ( 'NONE', #3929 ) ;
#1700 = CARTESIAN_POINT ( 'NONE',  ( 62.00000000000000000, 14.50000000000001599, 87.00000000000000000 ) ) ;
#1701 = ORIENTED_EDGE ( 'NONE', *, *, #3851, .T. ) ;
#1702 = DIRECTION ( 'NONE',  ( -0.000000000000000000, 1.000000000000000000, -0.000000000000000000 ) ) ;
#1703 = FACE_OUTER_BOUND ( 'NONE', #2274, .T. ) ;
#1704 = CARTESIAN_POINT ( 'NONE',  ( 124.0000000000000000, 6.000000000000015987, 97.99999999999995737 ) ) ;
#1705 = ORIENTED_EDGE ( 'NONE', *, *, #3194, .T. ) ;
#1706 = FACE_OUTER_BOUND ( 'NONE', #4092, .T. ) ;
#1707 = CIRCLE ( 'NONE', #1097, 2.500000000000002220 ) ;
#1708 = ORIENTED_EDGE ( 'NONE', *, *, #418, .F. ) ;
#1709 = TOROIDAL_SURFACE ( 'NONE', #2259, 2.500000000000007994, 1.000000000000000000 ) ;
#1710 = SURFACE_STYLE_USAGE ( .BOTH. , #1132 ) ;
#1711 = ADVANCED_FACE ( 'NONE', ( #41 ), #2099, .T. ) ;
#1712 = ORIENTED_EDGE ( 'NONE', *, *, #4264, .T. ) ;
#1713 = EDGE_CURVE ( 'NONE', #3711, #430, #67, .T. ) ;
#1714 = DIRECTION ( 'NONE',  ( -1.000000000000000000, 0.000000000000000000, 0.000000000000000000 ) ) ;
#1715 = CARTESIAN_POINT ( 'NONE',  ( 124.6999999999999886, 20.89999999999999503, 112.0000000000000000 ) ) ;
#1716 = VECTOR ( 'NONE', #2713, 1000.000000000000000 ) ;
#1717 = EDGE_CURVE ( 'NONE', #1477, #4162, #1378, .T. ) ;
#1718 = DIRECTION ( 'NONE',  ( 1.228762462150238769E-16, -1.000000000000000000, -0.000000000000000000 ) ) ;
#1719 = DIRECTION ( 'NONE',  ( 1.000000000000000000, 1.210272192541958616E-16, 0.000000000000000000 ) ) ;
#1720 = VECTOR ( 'NONE', #3723, 1000.000000000000000 ) ;
#1721 = ORIENTED_EDGE ( 'NONE', *, *, #1392, .T. ) ;
#1722 = CARTESIAN_POINT ( 'NONE',  ( 60.00000000000000000, 22.39999999999999503, 1.999999999999988010 ) ) ;
#1723 = ORIENTED_EDGE ( 'NONE', *, *, #3194, .F. ) ;
#1724 = CARTESIAN_POINT ( 'NONE',  ( 4.000000000000001776, 1.500000000000008660, 15.79999999999999538 ) ) ;
#1725 = CARTESIAN_POINT ( 'NONE',  ( 66.00000000000001421, 27.99999999999999645, 2.000000000000001776 ) ) ;
#1726 = FACE_OUTER_BOUND ( 'NONE', #2324, .T. ) ;
#1727 = EDGE_CURVE ( 'NONE', #3862, #343, #3, .T. ) ;
#1728 = VERTEX_POINT ( 'NONE', #2626 ) ;
#1729 = LINE ( 'NONE', #1666, #3015 ) ;
#1730 = ORIENTED_EDGE ( 'NONE', *, *, #1618, .F. ) ;
#1731 = CARTESIAN_POINT ( 'NONE',  ( 120.0000000000000142, 2.000000000000015099, 103.1744265074838722 ) ) ;
#1732 = ORIENTED_EDGE ( 'NONE', *, *, #4132, .T. ) ;
#1733 = CARTESIAN_POINT ( 'NONE',  ( 124.0000000000000000, 25.89999999999999858, 2.000000000000001776 ) ) ;
#1734 = FACE_OUTER_BOUND ( 'NONE', #3776, .T. ) ;
#1735 = EDGE_CURVE ( 'NONE', #677, #2338, #3968, .T. ) ;
#1736 = VECTOR ( 'NONE', #2785, 1000.000000000000114 ) ;
#1737 = UNCERTAINTY_MEASURE_WITH_UNIT (LENGTH_MEASURE( 1.000000000000000082E-05 ), #101, 'distance_accuracy_value', 'NONE');
#1738 = CARTESIAN_POINT ( 'NONE',  ( 66.00000000000001421, 27.99999999999999645, 112.0000000000000142 ) ) ;
#1739 = CARTESIAN_POINT ( 'NONE',  ( 64.00000000000001421, 23.89999999999999858, 112.0000000000000142 ) ) ;
#1740 = ADVANCED_FACE ( 'NONE', ( #989 ), #2037, .F. ) ;
#1741 = ORIENTED_EDGE ( 'NONE', *, *, #3901, .F. ) ;
#1742 = CARTESIAN_POINT ( 'NONE',  ( 60.00000000000000000, 27.99999999999999645, 111.9999999999999716 ) ) ;
#1743 = EDGE_CURVE ( 'NONE', #3566, #1790, #3619, .T. ) ;
#1744 = ORIENTED_EDGE ( 'NONE', *, *, #517, .T. ) ;
#1745 = CARTESIAN_POINT ( 'NONE',  ( 125.5000000000000000, 5.000000000000045297, 25.87999999999999901 ) ) ;
#1746 = CARTESIAN_POINT ( 'NONE',  ( 124.0000000000000142, 2.401923788646722180, 96.65193060861982133 ) ) ;
#1747 = VERTEX_POINT ( 'NONE', #3315 ) ;
#1748 = DIRECTION ( 'NONE',  ( 1.228762462150238769E-16, -1.000000000000000000, 0.000000000000000000 ) ) ;
#1749 = ORIENTED_EDGE ( 'NONE', *, *, #1976, .F. ) ;
#1750 = EDGE_CURVE ( 'NONE', #416, #430, #2791, .T. ) ;
#1751 = CARTESIAN_POINT ( 'NONE',  ( 95.75999999999999091, 6.000000000000039968, 25.87999999999999901 ) ) ;
#1752 = EDGE_CURVE ( 'NONE', #1498, #3314, #2127, .T. ) ;
#1753 = VERTEX_POINT ( 'NONE', #1100 ) ;
#1754 = ORIENTED_EDGE ( 'NONE', *, *, #120, .T. ) ;
#1755 = FACE_OUTER_BOUND ( 'NONE', #920, .T. ) ;
#1756 = LINE ( 'NONE', #4103, #533 ) ;
#1757 = VECTOR ( 'NONE', #1207, 1000.000000000000000 ) ;
#1758 = DIRECTION ( 'NONE',  ( 5.782411586589352708E-16, -1.000000000000000000, -5.782411586589352708E-16 ) ) ;
#1759 = VECTOR ( 'NONE', #842, 1000.000000000000000 ) ;
#1760 = AXIS2_PLACEMENT_3D ( 'NONE', #659, #3545, #1647 ) ;
#1761 = DIRECTION ( 'NONE',  ( 0.000000000000000000, 0.000000000000000000, 1.000000000000000000 ) ) ;
#1762 = VECTOR ( 'NONE', #1195, 1000.000000000000000 ) ;
#1763 = ORIENTED_EDGE ( 'NONE', *, *, #986, .T. ) ;
#1764 = PLANE ( 'NONE',  #1825 ) ;
#1765 = DIRECTION ( 'NONE',  ( 0.000000000000000000, 5.782411586589352708E-16, -1.000000000000000000 ) ) ;
#1766 = FACE_OUTER_BOUND ( 'NONE', #3225, .T. ) ;
#1767 = ADVANCED_FACE ( 'NONE', ( #1755 ), #2409, .T. ) ;
#1768 = CARTESIAN_POINT ( 'NONE',  ( 0.000000000000000000, 0.000000000000000000, 0.000000000000000000 ) ) ;
#1769 = ORIENTED_EDGE ( 'NONE', *, *, #777, .F. ) ;
#1770 = DIRECTION ( 'NONE',  ( -1.000000000000000000, -1.228762462150238523E-16, 0.000000000000000000 ) ) ;
#1771 = ORIENTED_EDGE ( 'NONE', *, *, #1949, .F. ) ;
#1772 = B_SPLINE_CURVE_WITH_KNOTS ( 'NONE', 3,
 ( #4033, #753, #2423, #2055, #1731, #3729 ),
 .UNSPECIFIED., .F., .F.,
 ( 4, 2, 4 ),
 ( 0.000000000000000000, 0.0007340110873691517521, 0.001468022174738303504 ),
 .UNSPECIFIED. ) ;
#1773 = AXIS2_PLACEMENT_3D ( 'NONE', #1273, #1553, #3584 ) ;
#1774 = EDGE_LOOP ( 'NONE', ( #3270, #385, #1339 ) ) ;
#1775 = VECTOR ( 'NONE', #1883, 1000.000000000000000 ) ;
#1776 = FACE_OUTER_BOUND ( 'NONE', #576, .T. ) ;
#1777 = ORIENTED_EDGE ( 'NONE', *, *, #986, .F. ) ;
#1778 = CARTESIAN_POINT ( 'NONE',  ( 95.75999999999999091, 6.000000000000039968, 97.00000000000001421 ) ) ;
#1779 = DIRECTION ( 'NONE',  ( 0.000000000000000000, 0.000000000000000000, 1.000000000000000000 ) ) ;
#1780 = EDGE_CURVE ( 'NONE', #1753, #1747, #43, .T. ) ;
#1781 = CARTESIAN_POINT ( 'NONE',  ( 32.24880382775118193, 34.82535885167459355, 31.75119617224881452 ) ) ;
#1782 = DIRECTION ( 'NONE',  ( -0.000000000000000000, 0.000000000000000000, -1.000000000000000000 ) ) ;
#1783 = VECTOR ( 'NONE', #2272, 1000.000000000000000 ) ;
#1784 = ORIENTED_EDGE ( 'NONE', *, *, #3769, .T. ) ;
#1785 = DIRECTION ( 'NONE',  ( -0.000000000000000000, -0.000000000000000000, 1.000000000000000000 ) ) ;
#1786 = DIRECTION ( 'NONE',  ( -0.8571673007021121116, 1.049727191138618449E-16, 0.5150380749100544886 ) ) ;
#1787 = DIRECTION ( 'NONE',  ( -0.000000000000000000, 0.000000000000000000, 1.000000000000000000 ) ) ;
#1788 = EDGE_CURVE ( 'NONE', #1135, #2057, #2933, .T. ) ;
#1789 = AXIS2_PLACEMENT_3D ( 'NONE', #315, #338, #2963 ) ;
#1790 = VERTEX_POINT ( 'NONE', #3397 ) ;
#1791 = DIRECTION ( 'NONE',  ( 0.7071067811865474617, 0.000000000000000000, 0.7071067811865474617 ) ) ;
#1792 = EDGE_LOOP ( 'NONE', ( #3747, #36, #2767, #1723 ) ) ;
#1793 = DIRECTION ( 'NONE',  ( 1.000000000000000000, 1.228762462150238769E-16, 0.000000000000000000 ) ) ;
#1794 = EDGE_CURVE ( 'NONE', #3566, #1498, #3039, .T. ) ;
#1795 = ORIENTED_EDGE ( 'NONE', *, *, #3843, .T. ) ;
#1796 = FACE_BOUND ( 'NONE', #513, .T. ) ;
#1797 = ORIENTED_EDGE ( 'NONE', *, *, #342, .T. ) ;
#1798 = CARTESIAN_POINT ( 'NONE',  ( 116.5000000000000000, 7.000000000000044409, 97.00000000000000000 ) ) ;
#1799 = DIRECTION ( 'NONE',  ( -0.000000000000000000, -0.000000000000000000, 1.000000000000000000 ) ) ;
#1800 = DIRECTION ( 'NONE',  ( 1.228762462150238769E-16, -1.000000000000000000, -0.000000000000000000 ) ) ;
#1801 = ORIENTED_EDGE ( 'NONE', *, *, #2319, .T. ) ;
#1802 = CARTESIAN_POINT ( 'NONE',  ( 95.75999999999999091, 7.000000000000040856, 97.95000000000000284 ) ) ;
#1803 = EDGE_CURVE ( 'NONE', #2664, #267, #3375, .T. ) ;
#1804 = LINE ( 'NONE', #3400, #579 ) ;
#1805 = ADVANCED_FACE ( 'NONE', ( #448 ), #3798, .F. ) ;
#1806 = EDGE_LOOP ( 'NONE', ( #570, #157 ) ) ;
#1807 = FACE_OUTER_BOUND ( 'NONE', #1856, .T. ) ;
#1808 = DIRECTION ( 'NONE',  ( 1.000000000000000000, 0.000000000000000000, 0.000000000000000000 ) ) ;
#1809 = DIRECTION ( 'NONE',  ( -0.000000000000000000, -0.000000000000000000, 1.000000000000000000 ) ) ;
#1810 = ORIENTED_EDGE ( 'NONE', *, *, #2392, .T. ) ;
#1811 = CARTESIAN_POINT ( 'NONE',  ( 2.000000000000001776, 2.000000000000008882, 2.000000000000000000 ) ) ;
#1812 = ORIENTED_EDGE ( 'NONE', *, *, #1592, .T. ) ;
#1813 = DIRECTION ( 'NONE',  ( 0.000000000000000000, -1.000000000000000000, 0.000000000000000000 ) ) ;
#1814 = ORIENTED_EDGE ( 'NONE', *, *, #754, .T. ) ;
#1815 = LINE ( 'NONE', #2862, #1082 ) ;
#1816 = VERTEX_POINT ( 'NONE', #1442 ) ;
#1817 = DIRECTION ( 'NONE',  ( -0.000000000000000000, -0.000000000000000000, 1.000000000000000000 ) ) ;
#1818 = DIRECTION ( 'NONE',  ( 1.000000000000000000, 0.000000000000000000, 0.000000000000000000 ) ) ;
#1819 = DIRECTION ( 'NONE',  ( 0.000000000000000000, 1.000000000000000000, 0.000000000000000000 ) ) ;
#1820 = ADVANCED_FACE ( 'NONE', ( #1118 ), #111, .F. ) ;
#1821 = CARTESIAN_POINT ( 'NONE',  ( 0.000000000000000000, 0.000000000000000000, 2.000000000000000000 ) ) ;
#1822 = CARTESIAN_POINT ( 'NONE',  ( 122.0000000000000000, 23.89999999999999858, 112.0000000000000000 ) ) ;
#1823 = AXIS2_PLACEMENT_3D ( 'NONE', #2675, #628, #1611 ) ;
#1824 = VECTOR ( 'NONE', #1314, 1000.000000000000000 ) ;
#1825 = AXIS2_PLACEMENT_3D ( 'NONE', #139, #4089, #3804 ) ;
#1826 = ADVANCED_FACE ( 'NONE', ( #1418 ), #3338, .T. ) ;
#1827 = ORIENTED_EDGE ( 'NONE', *, *, #4105, .F. ) ;
#1828 = CARTESIAN_POINT ( 'NONE',  ( 60.00000000000000000, 27.99999999999999645, 4.000000000000000888 ) ) ;
#1829 = ADVANCED_FACE ( 'NONE', ( #2427 ), #1462, .F. ) ;
#1830 = CARTESIAN_POINT ( 'NONE',  ( 61.99999999999999289, 22.39999999999999503, 1.999999999999994005 ) ) ;
#1831 = DIRECTION ( 'NONE',  ( 0.000000000000000000, 0.000000000000000000, 1.000000000000000000 ) ) ;
#1832 = AXIS2_PLACEMENT_3D ( 'NONE', #635, #3914, #897 ) ;
#1833 = VECTOR ( 'NONE', #1358, 1000.000000000000000 ) ;
#1834 = VERTEX_POINT ( 'NONE', #2474 ) ;
#1835 = DIRECTION ( 'NONE',  ( 0.000000000000000000, 0.5150380749100568201, 0.8571673007021107793 ) ) ;
#1836 = VECTOR ( 'NONE', #2377, 1000.000000000000000 ) ;
#1837 = EDGE_LOOP ( 'NONE', ( #2008, #4068, #781, #3176 ) ) ;
#1838 = DIRECTION ( 'NONE',  ( 0.000000000000000000, 0.000000000000000000, 1.000000000000000000 ) ) ;
#1839 = ORIENTED_EDGE ( 'NONE', *, *, #3116, .F. ) ;
#1840 = DIRECTION ( 'NONE',  ( 0.000000000000000000, 0.000000000000000000, 1.000000000000000000 ) ) ;
#1841 = EDGE_LOOP ( 'NONE', ( #4133, #1712, #1459 ) ) ;
#1842 = CARTESIAN_POINT ( 'NONE',  ( 121.3000000000000114, 3.000000000000000000, 112.0000000000000000 ) ) ;
#1843 = CARTESIAN_POINT ( 'NONE',  ( 64.00000000000000000, 17.89999999999999503, 102.0000000000000142 ) ) ;
#1844 = DIRECTION ( 'NONE',  ( 0.7071067811865439090, -0.000000000000000000, 0.7071067811865512365 ) ) ;
#1845 = CARTESIAN_POINT ( 'NONE',  ( 63.00000000000000000, 3.000000000000000000, 106.0000000000000000 ) ) ;
#1846 = VECTOR ( 'NONE', #2636, 1000.000000000000000 ) ;
#1847 = DIRECTION ( 'NONE',  ( -0.000000000000000000, -0.000000000000000000, 1.000000000000000000 ) ) ;
#1848 = ADVANCED_FACE ( 'NONE', ( #4102 ), #735, .F. ) ;
#1849 = ORIENTED_EDGE ( 'NONE', *, *, #470, .F. ) ;
#1850 = DIRECTION ( 'NONE',  ( 1.228762462150238769E-16, -1.000000000000000000, 0.000000000000000000 ) ) ;
#1851 = DIRECTION ( 'NONE',  ( -1.000000000000000000, -1.228762462150238769E-16, 0.000000000000000000 ) ) ;
#1852 = LINE ( 'NONE', #2438, #3577 ) ;
#1853 = ORIENTED_EDGE ( 'NONE', *, *, #3263, .F. ) ;
#1854 = CARTESIAN_POINT ( 'NONE',  ( 3.000000000000000000, 3.000000000000000000, 112.0000000000000000 ) ) ;
#1855 = AXIS2_PLACEMENT_3D ( 'NONE', #2555, #1176, #857 ) ;
#1856 = EDGE_LOOP ( 'NONE', ( #2706, #408, #2045, #1238 ) ) ;
#1857 = EDGE_CURVE ( 'NONE', #1010, #1477, #2448, .T. ) ;
#1858 = DIRECTION ( 'NONE',  ( 0.000000000000000000, -1.000000000000000000, 0.000000000000000000 ) ) ;
#1859 = AXIS2_PLACEMENT_3D ( 'NONE', #1344, #3307, #1663 ) ;
#1860 = VERTEX_POINT ( 'NONE', #2386 ) ;
#1861 = CARTESIAN_POINT ( 'NONE',  ( 60.00000000000000000, 27.99999999999999645, 1.999999999999988010 ) ) ;
#1862 = VERTEX_POINT ( 'NONE', #1479 ) ;
#1863 = FACE_BOUND ( 'NONE', #560, .T. ) ;
#1864 = CARTESIAN_POINT ( 'NONE',  ( 124.0000000000000000, 22.39999999999999503, 2.000000000000001776 ) ) ;
#1865 = DIRECTION ( 'NONE',  ( -0.000000000000000000, -0.000000000000000000, -1.000000000000000000 ) ) ;
#1866 = DIRECTION ( 'NONE',  ( -1.000000000000000000, -0.000000000000000000, -0.000000000000000000 ) ) ;
#1867 = CARTESIAN_POINT ( 'NONE',  ( 123.9999999999999716, 2.306330672007227633, 27.26403094292444962 ) ) ;
#1868 = ORIENTED_EDGE ( 'NONE', *, *, #1955, .F. ) ;
#1869 = LINE ( 'NONE', #3912, #1487 ) ;
#1870 = CARTESIAN_POINT ( 'NONE',  ( 124.0000000000000000, 23.89999999999999858, 2.000000000000001776 ) ) ;
#1871 = CARTESIAN_POINT ( 'NONE',  ( 119.0000000000000000, 7.000000000000043521, 97.00000000000000000 ) ) ;
#1872 = EDGE_CURVE ( 'NONE', #2416, #1747, #2801, .T. ) ;
#1873 = AXIS2_PLACEMENT_3D ( 'NONE', #4000, #1042, #2368 ) ;
#1874 = ORIENTED_EDGE ( 'NONE', *, *, #4215, .F. ) ;
#1875 = CARTESIAN_POINT ( 'NONE',  ( 6.000000000000002665, 17.89999999999999503, 112.0000000000000000 ) ) ;
#1876 = VECTOR ( 'NONE', #31, 1000.000000000000000 ) ;
#1877 = ORIENTED_EDGE ( 'NONE', *, *, #3256, .F. ) ;
#1878 = FACE_OUTER_BOUND ( 'NONE', #131, .T. ) ;
#1879 = ORIENTED_EDGE ( 'NONE', *, *, #1872, .T. ) ;
#1880 = LINE ( 'NONE', #2579, #2246 ) ;
#1881 = EDGE_LOOP ( 'NONE', ( #2023, #4172, #3855, #3807 ) ) ;
#1882 = CARTESIAN_POINT ( 'NONE',  ( 63.00000000000000000, 20.89999999999999503, 112.0000000000000000 ) ) ;
#1883 = DIRECTION ( 'NONE',  ( 0.000000000000000000, -1.000000000000000000, 0.000000000000000000 ) ) ;
#1884 = DIRECTION ( 'NONE',  ( 1.000000000000000000, 0.000000000000000000, 0.000000000000000000 ) ) ;
#1885 = DIRECTION ( 'NONE',  ( 1.000000000000000000, 0.000000000000000000, 0.000000000000000000 ) ) ;
#1886 = CARTESIAN_POINT ( 'NONE',  ( 124.0000000000000284, 2.401923788646722180, 26.22625455258139482 ) ) ;
#1887 = ORIENTED_EDGE ( 'NONE', *, *, #4007, .F. ) ;
#1888 = FACE_OUTER_BOUND ( 'NONE', #2003, .T. ) ;
#1889 = DIRECTION ( 'NONE',  ( 1.228762462150238769E-16, -1.000000000000000000, -0.000000000000000000 ) ) ;
#1890 = DIRECTION ( 'NONE',  ( 0.000000000000000000, 0.000000000000000000, 1.000000000000000000 ) ) ;
#1891 = AXIS2_PLACEMENT_3D ( 'NONE', #347, #1636, #2952 ) ;
#1892 = AXIS2_PLACEMENT_3D ( 'NONE', #2498, #2564, #865 ) ;
#1893 = VECTOR ( 'NONE', #3690, 1000.000000000000000 ) ;
#1894 = ORIENTED_EDGE ( 'NONE', *, *, #3925, .F. ) ;
#1895 = EDGE_CURVE ( 'NONE', #2709, #12, #3483, .T. ) ;
#1896 = CARTESIAN_POINT ( 'NONE',  ( 126.0000000000000000, 0.000000000000000000, 2.000000000000000000 ) ) ;
#1897 = ORIENTED_EDGE ( 'NONE', *, *, #3874, .F. ) ;
#1898 = AXIS2_PLACEMENT_3D ( 'NONE', #3633, #1588, #3231 ) ;
#1899 = AXIS2_PLACEMENT_3D ( 'NONE', #1628, #3526, #623 ) ;
#1900 = DIRECTION ( 'NONE',  ( 1.224646799147353207E-16, 1.504800016184710769E-32, 1.000000000000000000 ) ) ;
#1901 = ORIENTED_EDGE ( 'NONE', *, *, #198, .T. ) ;
#1902 = CIRCLE ( 'NONE', #57, 1.699999999999989742 ) ;
#1903 = ADVANCED_FACE ( 'NONE', ( #3712 ), #1416, .F. ) ;
#1904 = CARTESIAN_POINT ( 'NONE',  ( 119.0000000000000000, 2.000000000000043521, 25.87999999999999901 ) ) ;
#1905 = ORIENTED_EDGE ( 'NONE', *, *, #3360, .F. ) ;
#1906 = DIRECTION ( 'NONE',  ( 0.000000000000000000, 0.000000000000000000, 1.000000000000000000 ) ) ;
#1907 = LINE ( 'NONE', #583, #1686 ) ;
#1908 = DIRECTION ( 'NONE',  ( 0.000000000000000000, 0.5150380749100568201, 0.8571673007021107793 ) ) ;
#1909 = CARTESIAN_POINT ( 'NONE',  ( 95.75999999999999091, 2.000000000000040856, 97.95000000000000284 ) ) ;
#1910 = CARTESIAN_POINT ( 'NONE',  ( 62.00000000000000000, 27.99999999999999645, 112.0000000000000000 ) ) ;
#1911 = EDGE_CURVE ( 'NONE', #1747, #1994, #4042, .T. ) ;
#1912 = VECTOR ( 'NONE', #572, 1000.000000000000000 ) ;
#1913 = VERTEX_POINT ( 'NONE', #2889 ) ;
#1914 = AXIS2_PLACEMENT_3D ( 'NONE', #503, #2790, #2155 ) ;
#1915 = PLANE ( 'NONE',  #1421 ) ;
#1916 = CARTESIAN_POINT ( 'NONE',  ( 124.0000000000000000, 17.89999999999998082, 102.0000000000000142 ) ) ;
#1917 = CARTESIAN_POINT ( 'NONE',  ( 95.75999999999999091, 2.000000000000040856, 25.87999999999999901 ) ) ;
#1918 = ORIENTED_EDGE ( 'NONE', *, *, #496, .T. ) ;
#1919 = LINE ( 'NONE', #2243, #2110 ) ;
#1920 = ORIENTED_EDGE ( 'NONE', *, *, #1415, .T. ) ;
#1921 = EDGE_CURVE ( 'NONE', #1816, #151, #2168, .T. ) ;
#1922 = LINE ( 'NONE', #4226, #2485 ) ;
#1923 = AXIS2_PLACEMENT_3D ( 'NONE', #1414, #4058, #2077 ) ;
#1924 = ORIENTED_EDGE ( 'NONE', *, *, #517, .F. ) ;
#1925 = CARTESIAN_POINT ( 'NONE',  ( 66.00000000000000000, 27.99999999999999645, 4.000000000000007994 ) ) ;
#1926 = VERTEX_POINT ( 'NONE', #3487 ) ;
#1927 = CARTESIAN_POINT ( 'NONE',  ( 124.0000000000000000, 2.401923788646722180, 25.87999999999999901 ) ) ;
#1928 = EDGE_CURVE ( 'NONE', #3030, #1568, #927, .T. ) ;
#1929 = ORIENTED_EDGE ( 'NONE', *, *, #724, .F. ) ;
#1930 = LINE ( 'NONE', #4233, #1214 ) ;
#1931 = CARTESIAN_POINT ( 'NONE',  ( 120.0000000000000000, 2.000000000000044409, 102.0000000000000142 ) ) ;
#1932 = VERTEX_POINT ( 'NONE', #3189 ) ;
#1933 = EDGE_CURVE ( 'NONE', #2779, #1860, #1907, .T. ) ;
#1934 = LINE ( 'NONE', #3196, #457 ) ;
#1935 = EDGE_CURVE ( 'NONE', #86, #1475, #260, .T. ) ;
#1936 = CARTESIAN_POINT ( 'NONE',  ( 25.49999999999999645, 1.500000000000011324, 15.79999999999999538 ) ) ;
#1937 = DIRECTION ( 'NONE',  ( 0.000000000000000000, 0.000000000000000000, 1.000000000000000000 ) ) ;
#1938 = ORIENTED_EDGE ( 'NONE', *, *, #1546, .F. ) ;
#1939 = CARTESIAN_POINT ( 'NONE',  ( 93.75119617224882518, 34.82535885167457934, 31.75119617224882163 ) ) ;
#1940 = ORIENTED_EDGE ( 'NONE', *, *, #1713, .T. ) ;
#1941 = PLANE ( 'NONE',  #1789 ) ;
#1942 = ADVANCED_FACE ( 'NONE', ( #3883 ), #2846, .T. ) ;
#1943 = AXIS2_PLACEMENT_3D ( 'NONE', #1745, #2154, #1110 ) ;
#1944 = ORIENTED_EDGE ( 'NONE', *, *, #1355, .T. ) ;
#1945 = CARTESIAN_POINT ( 'NONE',  ( 120.0000000000000000, 6.000000000000015099, 112.0000000000000000 ) ) ;
#1946 = ORIENTED_EDGE ( 'NONE', *, *, #2497, .T. ) ;
#1947 = FACE_OUTER_BOUND ( 'NONE', #4154, .T. ) ;
#1948 = ORIENTED_EDGE ( 'NONE', *, *, #3831, .F. ) ;
#1949 = EDGE_CURVE ( 'NONE', #2882, #1232, #1184, .T. ) ;
#1950 = DIRECTION ( 'NONE',  ( 0.000000000000000000, 0.000000000000000000, 1.000000000000000000 ) ) ;
#1951 = CYLINDRICAL_SURFACE ( 'NONE', #3767, 1.699999999999993072 ) ;
#1952 = FACE_OUTER_BOUND ( 'NONE', #3559, .T. ) ;
#1953 = DIRECTION ( 'NONE',  ( -1.445602896647338917E-16, 1.000000000000000000, -0.000000000000000000 ) ) ;
#1954 = CARTESIAN_POINT ( 'NONE',  ( 62.00000000000000000, 22.39999999999999503, 100.0000000000000000 ) ) ;
#1955 = EDGE_CURVE ( 'NONE', #3593, #2001, #1525, .T. ) ;
#1956 = VECTOR ( 'NONE', #541, 1000.000000000000000 ) ;
#1957 = ORIENTED_EDGE ( 'NONE', *, *, #1538, .T. ) ;
#1958 = CYLINDRICAL_SURFACE ( 'NONE', #3564, 1.699999999999993072 ) ;
#1959 = ORIENTED_EDGE ( 'NONE', *, *, #1509, .F. ) ;
#1960 = FACE_OUTER_BOUND ( 'NONE', #2752, .T. ) ;
#1961 = AXIS2_PLACEMENT_3D ( 'NONE', #1975, #1379, #1037 ) ;
#1962 = CIRCLE ( 'NONE', #455, 1.699999999999993072 ) ;
#1963 = VECTOR ( 'NONE', #4048, 1000.000000000000000 ) ;
#1964 = VERTEX_POINT ( 'NONE', #1843 ) ;
#1965 = DIRECTION ( 'NONE',  ( -1.228762462150238769E-16, 1.000000000000000000, 0.000000000000000000 ) ) ;
#1966 = VECTOR ( 'NONE', #2800, 1000.000000000000114 ) ;
#1967 = AXIS2_PLACEMENT_3D ( 'NONE', #2226, #983, #2290 ) ;
#1968 = ORIENTED_EDGE ( 'NONE', *, *, #2439, .F. ) ;
#1969 = VECTOR ( 'NONE', #3081, 1000.000000000000114 ) ;
#1970 = FACE_OUTER_BOUND ( 'NONE', #1550, .T. ) ;
#1971 = VECTOR ( 'NONE', #2573, 1000.000000000000000 ) ;
#1972 = ORIENTED_EDGE ( 'NONE', *, *, #2602, .T. ) ;
#1973 = DIRECTION ( 'NONE',  ( 0.000000000000000000, -1.000000000000000000, 0.000000000000000000 ) ) ;
#1974 = AXIS2_PLACEMENT_3D ( 'NONE', #2022, #353, #1659 ) ;
#1975 = CARTESIAN_POINT ( 'NONE',  ( 119.0000000000000000, 2.000000000000043521, 25.87999999999999901 ) ) ;
#1976 = EDGE_CURVE ( 'NONE', #2422, #4116, #1281, .T. ) ;
#1977 = DIRECTION ( 'NONE',  ( -0.000000000000000000, -0.000000000000000000, -1.000000000000000000 ) ) ;
#1978 = DIRECTION ( 'NONE',  ( -1.000000000000000000, -0.000000000000000000, -0.000000000000000000 ) ) ;
#1979 = CARTESIAN_POINT ( 'NONE',  ( 66.00000000000000000, 22.39999999999999503, 102.0000000000000142 ) ) ;
#1980 = EDGE_CURVE ( 'NONE', #405, #4076, #906, .T. ) ;
#1981 = VECTOR ( 'NONE', #269, 1000.000000000000000 ) ;
#1982 = AXIS2_PLACEMENT_3D ( 'NONE', #542, #4167, #3842 ) ;
#1983 = ORIENTED_EDGE ( 'NONE', *, *, #3684, .F. ) ;
#1984 = DIRECTION ( 'NONE',  ( -0.7071067811865439090, 0.000000000000000000, -0.7071067811865512365 ) ) ;
#1985 = ORIENTED_EDGE ( 'NONE', *, *, #1928, .T. ) ;
#1986 = CARTESIAN_POINT ( 'NONE',  ( 63.00000000000000000, 20.89999999999999503, 106.0000000000000000 ) ) ;
#1987 = PLANE ( 'NONE',  #3433 ) ;
#1988 = DIRECTION ( 'NONE',  ( -1.821231995776175479E-16, 0.000000000000000000, -1.000000000000000000 ) ) ;
#1989 = EDGE_LOOP ( 'NONE', ( #3171, #2506, #792, #3789 ) ) ;
#1990 = FACE_BOUND ( 'NONE', #3248, .T. ) ;
#1991 = EDGE_CURVE ( 'NONE', #1568, #3921, #3841, .T. ) ;
#1992 = VERTEX_POINT ( 'NONE', #2306 ) ;
#1993 = CARTESIAN_POINT ( 'NONE',  ( 124.0000000000000000, 27.99999999999999645, 97.99999999999995737 ) ) ;
#1994 = VERTEX_POINT ( 'NONE', #3232 ) ;
#1995 = CARTESIAN_POINT ( 'NONE',  ( 122.3591452120629413, 3.022299554122548582, 99.64085478793701611 ) ) ;
#1996 = VECTOR ( 'NONE', #3945, 1000.000000000000000 ) ;
#1997 = CARTESIAN_POINT ( 'NONE',  ( 124.0000000000000000, 26.49999999999999645, 4.000000000000003553 ) ) ;
#1998 = CARTESIAN_POINT ( 'NONE',  ( 95.75999999999999091, 7.000000000000040856, 97.95000000000000284 ) ) ;
#1999 = DIRECTION ( 'NONE',  ( 0.7071067811865439090, 8.177564888977953495E-17, 0.7071067811865512365 ) ) ;
#2000 = DIRECTION ( 'NONE',  ( 0.7071067811865512365, 0.000000000000000000, -0.7071067811865439090 ) ) ;
#2001 = VERTEX_POINT ( 'NONE', #4189 ) ;
#2002 = DIRECTION ( 'NONE',  ( -0.9578262852211519851, -0.2873478855663435527, 0.000000000000000000 ) ) ;
#2003 = EDGE_LOOP ( 'NONE', ( #1396, #1730, #762, #2489 ) ) ;
#2004 = DIRECTION ( 'NONE',  ( 0.000000000000000000, 0.000000000000000000, 1.000000000000000000 ) ) ;
#2005 = DIRECTION ( 'NONE',  ( 1.000000000000000000, 0.000000000000000000, 0.000000000000000000 ) ) ;
#2006 = EDGE_CURVE ( 'NONE', #1377, #1992, #1203, .T. ) ;
#2007 = DIRECTION ( 'NONE',  ( 0.000000000000000000, 0.000000000000000000, 1.000000000000000000 ) ) ;
#2008 = ORIENTED_EDGE ( 'NONE', *, *, #845, .F. ) ;
#2009 = PLANE ( 'NONE',  #2041 ) ;
#2010 = ORIENTED_EDGE ( 'NONE', *, *, #909, .T. ) ;
#2011 = CARTESIAN_POINT ( 'NONE',  ( 122.0000000000000000, 22.39999999999999503, 99.99999999999998579 ) ) ;
#2012 = CIRCLE ( 'NONE', #713, 1.699999999999989742 ) ;
#2013 = ORIENTED_EDGE ( 'NONE', *, *, #3618, .T. ) ;
#2014 = EDGE_CURVE ( 'NONE', #2859, #1167, #1211, .T. ) ;
#2015 = ORIENTED_EDGE ( 'NONE', *, *, #2332, .T. ) ;
#2016 = CARTESIAN_POINT ( 'NONE',  ( 121.9217559928372339, 3.024474560476860141, 100.0782440071627946 ) ) ;
#2017 = FACE_OUTER_BOUND ( 'NONE', #2537, .T. ) ;
#2018 = VERTEX_POINT ( 'NONE', #1864 ) ;
#2019 = DIRECTION ( 'NONE',  ( 0.000000000000000000, -1.000000000000000000, 0.000000000000000000 ) ) ;
#2020 = DIRECTION ( 'NONE',  ( -8.673617379884035472E-16, 1.000000000000000000, -0.000000000000000000 ) ) ;
#2021 = VERTEX_POINT ( 'NONE', #337 ) ;
#2022 = CARTESIAN_POINT ( 'NONE',  ( 4.000000000000001776, 1.500000000000008660, 15.79999999999999538 ) ) ;
#2023 = ORIENTED_EDGE ( 'NONE', *, *, #2066, .F. ) ;
#2024 = DIRECTION ( 'NONE',  ( -1.000000000000000000, 0.000000000000000000, 0.000000000000000000 ) ) ;
#2025 = DIRECTION ( 'NONE',  ( 0.000000000000000000, -0.000000000000000000, 1.000000000000000000 ) ) ;
#2026 =( NAMED_UNIT ( * ) SI_UNIT ( $, .STERADIAN. ) SOLID_ANGLE_UNIT ( ) );
#2027 = EDGE_CURVE ( 'NONE', #1582, #3072, #2211, .T. ) ;
#2028 = EDGE_CURVE ( 'NONE', #1621, #2182, #2405, .T. ) ;
#2029 = ORIENTED_EDGE ( 'NONE', *, *, #225, .T. ) ;
#2030 = PLANE ( 'NONE',  #3082 ) ;
#2031 = VERTEX_POINT ( 'NONE', #1644 ) ;
#2032 = DIRECTION ( 'NONE',  ( 1.000000000000000000, 1.334402673828312107E-16, 0.000000000000000000 ) ) ;
#2033 = EDGE_CURVE ( 'NONE', #3295, #3331, #2961, .T. ) ;
#2034 = ORIENTED_EDGE ( 'NONE', *, *, #4132, .F. ) ;
#2035 = AXIS2_PLACEMENT_3D ( 'NONE', #2481, #3086, #3428 ) ;
#2036 = ORIENTED_EDGE ( 'NONE', *, *, #2289, .F. ) ;
#2037 = PLANE ( 'NONE',  #4251 ) ;
#2038 = DIRECTION ( 'NONE',  ( 1.000000000000000000, 0.000000000000000000, 0.000000000000000000 ) ) ;
#2039 = VECTOR ( 'NONE', #4165, 1000.000000000000000 ) ;
#2040 = B_SPLINE_CURVE_WITH_KNOTS ( 'NONE', 3,
 ( #2170, #1886, #546, #1867, #1593, #1187, #4171, #3471 ),
 .UNSPECIFIED., .F., .F.,
 ( 4, 2, 2, 4 ),
 ( 0.004179386432162880347, 0.005227636361716754554, 0.006275886291270628761, 0.008372386150378387584 ),
 .UNSPECIFIED. ) ;
#2041 = AXIS2_PLACEMENT_3D ( 'NONE', #1050, #725, #683 ) ;
#2042 = DIRECTION ( 'NONE',  ( 1.228762462150238769E-16, -1.000000000000000000, -0.000000000000000000 ) ) ;
#2043 = EDGE_CURVE ( 'NONE', #2094, #189, #3959, .T. ) ;
#2044 = DIRECTION ( 'NONE',  ( 1.228762462150238769E-16, -1.000000000000000000, 0.000000000000000000 ) ) ;
#2045 = ORIENTED_EDGE ( 'NONE', *, *, #3941, .T. ) ;
#2046 = CARTESIAN_POINT ( 'NONE',  ( 66.00000000000000000, 22.39999999999999503, 4.000000000000009770 ) ) ;
#2047 = ORIENTED_EDGE ( 'NONE', *, *, #2484, .F. ) ;
#2048 = CARTESIAN_POINT ( 'NONE',  ( 66.00000000000001421, 26.49999999999999645, 2.000000000000001776 ) ) ;
#2049 = DIRECTION ( 'NONE',  ( 1.000000000000000000, 0.000000000000000000, 0.000000000000000000 ) ) ;
#2050 = CARTESIAN_POINT ( 'NONE',  ( 4.000000000000010658, 1.500000000000008660, 92.00000000000000000 ) ) ;
#2051 = ORIENTED_EDGE ( 'NONE', *, *, #233, .T. ) ;
#2052 = EDGE_CURVE ( 'NONE', #4240, #1926, #3386, .T. ) ;
#2053 = PLANE ( 'NONE',  #1632 ) ;
#2054 = ORIENTED_EDGE ( 'NONE', *, *, #943, .F. ) ;
#2055 = CARTESIAN_POINT ( 'NONE',  ( 120.0000000000000000, 2.030455214982807455, 102.9262058022886919 ) ) ;
#2056 = ORIENTED_EDGE ( 'NONE', *, *, #2484, .T. ) ;
#2057 = VERTEX_POINT ( 'NONE', #1367 ) ;
#2058 = DIRECTION ( 'NONE',  ( -0.000000000000000000, -0.000000000000000000, 1.000000000000000000 ) ) ;
#2059 = AXIS2_PLACEMENT_3D ( 'NONE', #153, #821, #2781 ) ;
#2060 = DIRECTION ( 'NONE',  ( -0.000000000000000000, 1.000000000000000000, -0.000000000000000000 ) ) ;
#2061 = EDGE_CURVE ( 'NONE', #472, #1401, #620, .T. ) ;
#2062 = CIRCLE ( 'NONE', #4081, 6.500000000000005329 ) ;
#2063 = DIRECTION ( 'NONE',  ( -1.000000000000000000, 0.000000000000000000, 0.000000000000000000 ) ) ;
#2064 = CARTESIAN_POINT ( 'NONE',  ( 2.000000000000001776, 6.000000000000015987, 97.99999999999995737 ) ) ;
#2065 = AXIS2_PLACEMENT_3D ( 'NONE', #3287, #4269, #3940 ) ;
#2066 = EDGE_CURVE ( 'NONE', #4076, #3741, #119, .T. ) ;
#2067 = EDGE_CURVE ( 'NONE', #124, #3784, #1662, .T. ) ;
#2068 = ORIENTED_EDGE ( 'NONE', *, *, #2468, .T. ) ;
#2069 = CARTESIAN_POINT ( 'NONE',  ( 3.000000000000000000, 20.89999999999999503, 106.0000000000000000 ) ) ;
#2070 = ADVANCED_FACE ( 'NONE', ( #2982 ), #1987, .F. ) ;
#2071 = VERTEX_POINT ( 'NONE', #3004 ) ;
#2072 = CARTESIAN_POINT ( 'NONE',  ( 2.000000000000001776, 2.000000000000008882, 112.0000000000000000 ) ) ;
#2073 = CARTESIAN_POINT ( 'NONE',  ( 124.0000000000000142, 2.379883559422645956, 96.30523270309723216 ) ) ;
#2074 = ORIENTED_EDGE ( 'NONE', *, *, #4182, .F. ) ;
#2075 = DIRECTION ( 'NONE',  ( -0.000000000000000000, -0.000000000000000000, 1.000000000000000000 ) ) ;
#2076 = ORIENTED_EDGE ( 'NONE', *, *, #289, .F. ) ;
#2077 = DIRECTION ( 'NONE',  ( 0.000000000000000000, 1.000000000000000000, 0.000000000000000000 ) ) ;
#2078 = VERTEX_POINT ( 'NONE', #3634 ) ;
#2079 = ORIENTED_EDGE ( 'NONE', *, *, #1794, .F. ) ;
#2080 = DIRECTION ( 'NONE',  ( -1.000000000000000000, -1.210272192541958616E-16, 0.000000000000000000 ) ) ;
#2081 = LINE ( 'NONE', #3422, #3006 ) ;
#2082 = VECTOR ( 'NONE', #3716, 1000.000000000000000 ) ;
#2083 = EDGE_CURVE ( 'NONE', #2031, #1282, #277, .T. ) ;
#2084 = VECTOR ( 'NONE', #3453, 1000.000000000000114 ) ;
#2085 = PLANE ( 'NONE',  #2308 ) ;
#2086 = CARTESIAN_POINT ( 'NONE',  ( 60.00000000000000000, 6.000000000000015987, 102.0000000000000142 ) ) ;
#2087 = VERTEX_POINT ( 'NONE', #2686 ) ;
#2088 = CARTESIAN_POINT ( 'NONE',  ( 2.000000000000001776, 17.89999999999999503, 102.0000000000000142 ) ) ;
#2089 = EDGE_LOOP ( 'NONE', ( #1897, #2162, #3368, #1002 ) ) ;
#2090 = CARTESIAN_POINT ( 'NONE',  ( 124.0000000000000000, 17.89999999999998082, 97.99999999999995737 ) ) ;
#2091 = CARTESIAN_POINT ( 'NONE',  ( 95.75999999999999091, 6.000000000000040856, 97.00000000000001421 ) ) ;
#2092 = ORIENTED_EDGE ( 'NONE', *, *, #789, .T. ) ;
#2093 = DIRECTION ( 'NONE',  ( 0.000000000000000000, 0.000000000000000000, 1.000000000000000000 ) ) ;
#2094 = VERTEX_POINT ( 'NONE', #4072 ) ;
#2095 = CARTESIAN_POINT ( 'NONE',  ( 116.5000000000000000, 7.000000000000044409, 25.87999999999999901 ) ) ;
#2096 = EDGE_CURVE ( 'NONE', #3662, #2378, #4026, .T. ) ;
#2097 = ORIENTED_EDGE ( 'NONE', *, *, #852, .T. ) ;
#2098 = ORIENTED_EDGE ( 'NONE', *, *, #2509, .T. ) ;
#2099 = TOROIDAL_SURFACE ( 'NONE', #2446, 2.499999999999992450, 1.000000000000000000 ) ;
#2100 = ORIENTED_EDGE ( 'NONE', *, *, #1270, .T. ) ;
#2101 = LINE ( 'NONE', #3713, #1969 ) ;
#2102 = AXIS2_PLACEMENT_3D ( 'NONE', #2627, #3948, #990 ) ;
#2103 = VECTOR ( 'NONE', #867, 1000.000000000000114 ) ;
#2104 = AXIS2_PLACEMENT_3D ( 'NONE', #3867, #949, #1591 ) ;
#2105 = VECTOR ( 'NONE', #2460, 1000.000000000000000 ) ;
#2106 = DIRECTION ( 'NONE',  ( 0.000000000000000000, -1.000000000000000000, 0.000000000000000000 ) ) ;
#2107 = VECTOR ( 'NONE', #2529, 1000.000000000000000 ) ;
#2108 = CIRCLE ( 'NONE', #3491, 2.500000000000002220 ) ;
#2109 = FACE_OUTER_BOUND ( 'NONE', #4129, .T. ) ;
#2110 = VECTOR ( 'NONE', #4178, 1000.000000000000000 ) ;
#2111 = ORIENTED_EDGE ( 'NONE', *, *, #4034, .T. ) ;
#2112 = FACE_OUTER_BOUND ( 'NONE', #2221, .T. ) ;
#2113 = CARTESIAN_POINT ( 'NONE',  ( 6.000000000000005329, 2.000000000000015543, 102.0000000000000142 ) ) ;
#2114 = CARTESIAN_POINT ( 'NONE',  ( 2.000000000000001776, 22.39999999999999503, 1.999999999999999556 ) ) ;
#2115 = EDGE_CURVE ( 'NONE', #12, #2709, #1507, .T. ) ;
#2116 = ORIENTED_EDGE ( 'NONE', *, *, #1435, .F. ) ;
#2117 = CARTESIAN_POINT ( 'NONE',  ( 3.000000000000000000, 3.000000000000000000, 112.0000000000000000 ) ) ;
#2118 = ORIENTED_EDGE ( 'NONE', *, *, #2028, .T. ) ;
#2119 = DIRECTION ( 'NONE',  ( -0.000000000000000000, 1.000000000000000000, 0.000000000000000000 ) ) ;
#2120 = AXIS2_PLACEMENT_3D ( 'NONE', #1639, #2044, #3934 ) ;
#2122 = EDGE_CURVE ( 'NONE', #612, #3828, #478, .T. ) ;
#2121 = ORIENTED_EDGE ( 'NONE', *, *, #2331, .F. ) ;
#2123 = TOROIDAL_SURFACE ( 'NONE', #3235, 2.499999999999993783, 1.000000000000000000 ) ;
#2124 = CARTESIAN_POINT ( 'NONE',  ( 95.75999999999999091, 2.000000000000040856, 97.00000000000001421 ) ) ;
#2125 = ORIENTED_EDGE ( 'NONE', *, *, #233, .F. ) ;
#2126 = PLANE ( 'NONE',  #3216 ) ;
#2127 = LINE ( 'NONE', #2739, #2301 ) ;
#2128 = DIRECTION ( 'NONE',  ( 1.000000000000000000, 0.000000000000000000, 0.000000000000000000 ) ) ;
#2129 = DIRECTION ( 'NONE',  ( -1.000000000000000000, 0.000000000000000000, 0.000000000000000000 ) ) ;
#2130 = FACE_OUTER_BOUND ( 'NONE', #859, .T. ) ;
#2131 = AXIS2_PLACEMENT_3D ( 'NONE', #2534, #489, #1793 ) ;
#2132 = ORIENTED_EDGE ( 'NONE', *, *, #3210, .F. ) ;
#2133 = CARTESIAN_POINT ( 'NONE',  ( 123.0000000000000000, 20.89999999999999503, 112.0000000000000000 ) ) ;
#2134 = LINE ( 'NONE', #3429, #2500 ) ;
#2135 = DIRECTION ( 'NONE',  ( -1.000000000000000000, -1.156482317317871478E-16, 0.000000000000000000 ) ) ;
#2136 = ORIENTED_EDGE ( 'NONE', *, *, #3138, .F. ) ;
#2137 = ADVANCED_FACE ( 'NONE', ( #1090 ), #32, .T. ) ;
#2138 = LINE ( 'NONE', #3135, #2600 ) ;
#2139 = EDGE_LOOP ( 'NONE', ( #2852, #352, #1523, #861 ) ) ;
#2140 = ADVANCED_FACE ( 'NONE', ( #56 ), #3675, .F. ) ;
#2141 = DIRECTION ( 'NONE',  ( 1.000000000000000000, 1.334402673828312107E-16, 0.000000000000000000 ) ) ;
#2142 = ORIENTED_EDGE ( 'NONE', *, *, #2809, .T. ) ;
#2143 = LINE ( 'NONE', #538, #2597 ) ;
#2144 = VERTEX_POINT ( 'NONE', #1024 ) ;
#2145 = LINE ( 'NONE', #213, #1966 ) ;
#2146 = DIRECTION ( 'NONE',  ( 1.228762462150238769E-16, -1.000000000000000000, -0.000000000000000000 ) ) ;
#2147 = DIRECTION ( 'NONE',  ( -1.000000000000000000, 0.000000000000000000, -0.000000000000000000 ) ) ;
#2148 = ADVANCED_FACE ( 'NONE', ( #3722 ), #2400, .F. ) ;
#2149 = DIRECTION ( 'NONE',  ( 1.000000000000000000, 0.000000000000000000, 0.000000000000000000 ) ) ;
#2150 = DIRECTION ( 'NONE',  ( 0.000000000000000000, -1.000000000000000000, 0.000000000000000000 ) ) ;
#2151 = VECTOR ( 'NONE', #2327, 1000.000000000000000 ) ;
#2152 = ORIENTED_EDGE ( 'NONE', *, *, #2971, .T. ) ;
#2153 = DIRECTION ( 'NONE',  ( -1.000000000000000000, 0.000000000000000000, 0.000000000000000000 ) ) ;
#2154 = DIRECTION ( 'NONE',  ( 0.000000000000000000, 0.000000000000000000, -1.000000000000000000 ) ) ;
#2155 = DIRECTION ( 'NONE',  ( 1.000000000000000000, 0.000000000000000000, 0.000000000000000000 ) ) ;
#2156 = ORIENTED_EDGE ( 'NONE', *, *, #2479, .F. ) ;
#2157 = CARTESIAN_POINT ( 'NONE',  ( 124.0000000000000000, 22.39999999999999503, 112.0000000000000000 ) ) ;
#2158 = ORIENTED_EDGE ( 'NONE', *, *, #653, .F. ) ;
#2159 = ADVANCED_FACE ( 'NONE', ( #1703 ), #3366, .T. ) ;
#2160 = CARTESIAN_POINT ( 'NONE',  ( 95.75999999999999091, 7.000000000000040856, 97.00000000000001421 ) ) ;
#2161 = EDGE_CURVE ( 'NONE', #249, #3617, #4021, .T. ) ;
#2162 = ORIENTED_EDGE ( 'NONE', *, *, #2651, .T. ) ;
#2163 = CARTESIAN_POINT ( 'NONE',  ( 63.00000000000000000, 3.000000000000000000, 106.0000000000000000 ) ) ;
#2164 = ORIENTED_EDGE ( 'NONE', *, *, #1194, .T. ) ;
#2165 = DIRECTION ( 'NONE',  ( 1.000000000000000000, 0.000000000000000000, 0.000000000000000000 ) ) ;
#2166 = CARTESIAN_POINT ( 'NONE',  ( 2.000000000000001776, 22.39999999999999503, 112.0000000000000000 ) ) ;
#2167 = DIRECTION ( 'NONE',  ( 1.000000000000000000, 0.000000000000000000, 0.000000000000000000 ) ) ;
#2168 = CIRCLE ( 'NONE', #3552, 3.500000000000003109 ) ;
#2169 = CARTESIAN_POINT ( 'NONE',  ( 66.00000000000000000, 23.89999999999999858, 4.000000000000007994 ) ) ;
#2170 = CARTESIAN_POINT ( 'NONE',  ( 124.0000000000000000, 2.401923788646722180, 25.87999999999999901 ) ) ;
#2171 = AXIS2_PLACEMENT_3D ( 'NONE', #4192, #2849, #3237 ) ;
#2172 = VECTOR ( 'NONE', #2719, 1000.000000000000000 ) ;
#2173 = ORIENTED_EDGE ( 'NONE', *, *, #972, .T. ) ;
#2174 = ADVANCED_FACE ( 'NONE', ( #3762 ), #461, .F. ) ;
#2175 = FACE_OUTER_BOUND ( 'NONE', #3364, .T. ) ;
#2176 = FACE_OUTER_BOUND ( 'NONE', #2089, .T. ) ;
#2177 = CARTESIAN_POINT ( 'NONE',  ( 116.5000000000000000, 6.000000000000044409, 97.00000000000000000 ) ) ;
#2178 = CIRCLE ( 'NONE', #2741, 1.699999999999993072 ) ;
#2179 = EDGE_LOOP ( 'NONE', ( #2840, #3989, #3652, #280 ) ) ;
#2180 = CARTESIAN_POINT ( 'NONE',  ( 60.00000000000000000, 17.89999999999999503, 112.0000000000000000 ) ) ;
#2181 = VECTOR ( 'NONE', #4023, 1000.000000000000000 ) ;
#2182 = VERTEX_POINT ( 'NONE', #3133 ) ;
#2183 = DIRECTION ( 'NONE',  ( 0.000000000000000000, -1.000000000000000000, 0.000000000000000000 ) ) ;
#2184 = ADVANCED_FACE ( 'NONE', ( #807 ), #160, .F. ) ;
#2185 = ORIENTED_EDGE ( 'NONE', *, *, #2985, .T. ) ;
#2186 = CARTESIAN_POINT ( 'NONE',  ( 60.00000000000000000, 23.89999999999999858, 1.999999999999988010 ) ) ;
#2187 = EDGE_LOOP ( 'NONE', ( #1771, #1797, #2013, #1763, #3167, #675, #998, #4187 ) ) ;
#2188 = CARTESIAN_POINT ( 'NONE',  ( 64.00000000000000000, 2.000000000000036859, 102.0000000000000142 ) ) ;
#2189 = DIRECTION ( 'NONE',  ( -0.000000000000000000, -0.000000000000000000, 1.000000000000000000 ) ) ;
#2190 = FACE_OUTER_BOUND ( 'NONE', #745, .T. ) ;
#2191 = VECTOR ( 'NONE', #1889, 1000.000000000000000 ) ;
#2192 = EDGE_CURVE ( 'NONE', #2094, #3309, #1513, .T. ) ;
#2193 = DIRECTION ( 'NONE',  ( -1.000000000000000000, -0.000000000000000000, -0.000000000000000000 ) ) ;
#2194 = DIRECTION ( 'NONE',  ( -0.000000000000000000, 1.000000000000000000, -0.000000000000000000 ) ) ;
#2195 = ORIENTED_EDGE ( 'NONE', *, *, #2788, .F. ) ;
#2196 = CARTESIAN_POINT ( 'NONE',  ( 64.00000000000000000, 2.000000000000036859, 99.99999999999997158 ) ) ;
#2197 = DIRECTION ( 'NONE',  ( 0.000000000000000000, 0.000000000000000000, 1.000000000000000000 ) ) ;
#2198 = LINE ( 'NONE', #1237, #1014 ) ;
#2199 = EDGE_CURVE ( 'NONE', #1341, #4099, #2855, .T. ) ;
#2200 = PRODUCT_RELATED_PRODUCT_CATEGORY ( 'part', '', ( #1103 ) ) ;
#2201 = ORIENTED_EDGE ( 'NONE', *, *, #2653, .F. ) ;
#2202 = CARTESIAN_POINT ( 'NONE',  ( 124.0000000000000000, 2.000000000000044409, 2.000000000000000000 ) ) ;
#2203 = CIRCLE ( 'NONE', #487, 6.500000000000005329 ) ;
#2204 = EDGE_LOOP ( 'NONE', ( #2302, #1972, #945, #3508 ) ) ;
#2205 = CARTESIAN_POINT ( 'NONE',  ( 120.0000000000000000, 23.89999999999999858, 102.0000000000000142 ) ) ;
#2206 = AXIS2_PLACEMENT_3D ( 'NONE', #3960, #680, #1988 ) ;
#2207 = ORIENTED_EDGE ( 'NONE', *, *, #2083, .T. ) ;
#2208 = CARTESIAN_POINT ( 'NONE',  ( 2.000000000000001776, 23.89999999999999858, 2.000000000000000000 ) ) ;
#2209 = ORIENTED_EDGE ( 'NONE', *, *, #3819, .F. ) ;
#2210 = CARTESIAN_POINT ( 'NONE',  ( 120.0000000000000000, 2.000000000000044409, 103.4226162893325665 ) ) ;
#2211 = LINE ( 'NONE', #3529, #1775 ) ;
#2212 = CARTESIAN_POINT ( 'NONE',  ( 62.00000000000000000, 14.50000000000001599, 87.00000000000000000 ) ) ;
#2213 = FACE_OUTER_BOUND ( 'NONE', #1328, .T. ) ;
#2214 = LINE ( 'NONE', #1822, #369 ) ;
#2215 = EDGE_CURVE ( 'NONE', #12, #2426, #3091, .T. ) ;
#2216 = EDGE_LOOP ( 'NONE', ( #959, #923, #140, #1744 ) ) ;
#2217 = CARTESIAN_POINT ( 'NONE',  ( 121.3000000000000114, 20.89999999999999503, 112.0000000000000000 ) ) ;
#2218 = CARTESIAN_POINT ( 'NONE',  ( 95.75999999999999091, 2.000000000000040856, 96.05000000000002558 ) ) ;
#2219 = DIRECTION ( 'NONE',  ( -0.7071067811865439090, 0.000000000000000000, 0.7071067811865512365 ) ) ;
#2220 = VECTOR ( 'NONE', #1719, 1000.000000000000000 ) ;
#2221 = EDGE_LOOP ( 'NONE', ( #2620, #361, #3751, #658, #1679, #795, #2721, #3967, #1044, #4247, #682, #1430 ) ) ;
#2222 = DIRECTION ( 'NONE',  ( -0.000000000000000000, -0.000000000000000000, -1.000000000000000000 ) ) ;
#2223 = ORIENTED_EDGE ( 'NONE', *, *, #2803, .T. ) ;
#2224 = DIRECTION ( 'NONE',  ( 1.000000000000000000, 0.000000000000000000, 0.000000000000000000 ) ) ;
#2225 = EDGE_LOOP ( 'NONE', ( #2667, #2293, #1454, #1471 ) ) ;
#2226 = CARTESIAN_POINT ( 'NONE',  ( 62.00000000000000000, 22.39999999999999503, 1.999999999999988010 ) ) ;
#2227 = ADVANCED_FACE ( 'NONE', ( #1766 ), #3996, .F. ) ;
#2228 = EDGE_LOOP ( 'NONE', ( #574, #2786, #2491, #176 ) ) ;
#2229 = DIRECTION ( 'NONE',  ( -1.000000000000000000, 0.000000000000000000, -0.000000000000000000 ) ) ;
#2230 = DIRECTION ( 'NONE',  ( 1.000000000000000000, 1.334402673828312107E-16, 0.000000000000000000 ) ) ;
#2231 = DIRECTION ( 'NONE',  ( -0.000000000000000000, -0.000000000000000000, 1.000000000000000000 ) ) ;
#2232 = FACE_OUTER_BOUND ( 'NONE', #1434, .T. ) ;
#2233 = LINE ( 'NONE', #4194, #1533 ) ;
#2234 = EDGE_CURVE ( 'NONE', #2001, #2779, #3476, .T. ) ;
#2235 = VERTEX_POINT ( 'NONE', #2418 ) ;
#2236 = DIRECTION ( 'NONE',  ( -1.000000000000000000, 0.000000000000000000, 0.000000000000000000 ) ) ;
#2237 = VECTOR ( 'NONE', #3864, 1000.000000000000000 ) ;
#2238 = LINE ( 'NONE', #3242, #2257 ) ;
#2239 = CARTESIAN_POINT ( 'NONE',  ( 4.000000000000001776, 26.49999999999999645, 112.0000000000000000 ) ) ;
#2240 = CIRCLE ( 'NONE', #2937, 0.9499999999999925171 ) ;
#2241 = AXIS2_PLACEMENT_3D ( 'NONE', #268, #3583, #3852 ) ;
#2242 = EDGE_LOOP ( 'NONE', ( #1004, #354, #1777, #3877 ) ) ;
#2243 = CARTESIAN_POINT ( 'NONE',  ( 124.0000000000000000, 6.000000000000015987, 97.99999999999995737 ) ) ;
#2244 = EDGE_LOOP ( 'NONE', ( #2173, #4183, #1258, #1529 ) ) ;
#2245 = ADVANCED_FACE ( 'NONE', ( #3179 ), #2123, .T. ) ;
#2246 = VECTOR ( 'NONE', #2966, 1000.000000000000114 ) ;
#2247 = DIRECTION ( 'NONE',  ( 0.000000000000000000, 0.000000000000000000, 1.000000000000000000 ) ) ;
#2248 = VERTEX_POINT ( 'NONE', #3088 ) ;
#2249 = AXIS2_PLACEMENT_3D ( 'NONE', #4093, #1113, #145 ) ;
#2250 = DIRECTION ( 'NONE',  ( -1.000000000000000000, -1.210272192541958862E-16, -0.000000000000000000 ) ) ;
#2251 = ORIENTED_EDGE ( 'NONE', *, *, #3351, .T. ) ;
#2252 = DIRECTION ( 'NONE',  ( 1.000000000000000000, 0.000000000000000000, 0.000000000000000000 ) ) ;
#2253 = EDGE_CURVE ( 'NONE', #3918, #1728, #1192, .T. ) ;
#2254 = EDGE_CURVE ( 'NONE', #1232, #1689, #1852, .T. ) ;
#2255 = DIRECTION ( 'NONE',  ( 1.000000000000000000, 0.000000000000000000, 0.000000000000000000 ) ) ;
#2256 = DIRECTION ( 'NONE',  ( 1.000000000000000000, 0.000000000000000000, 0.000000000000000000 ) ) ;
#2257 = VECTOR ( 'NONE', #2548, 1000.000000000000000 ) ;
#2258 = ORIENTED_EDGE ( 'NONE', *, *, #3874, .T. ) ;
#2259 = AXIS2_PLACEMENT_3D ( 'NONE', #2091, #526, #3430 ) ;
#2260 = FACE_OUTER_BOUND ( 'NONE', #996, .T. ) ;
#2261 = CARTESIAN_POINT ( 'NONE',  ( 95.75999999999999091, 2.000000000000040856, 97.00000000000001421 ) ) ;
#2262 = CARTESIAN_POINT ( 'NONE',  ( 60.00000000000000000, 22.39999999999999503, 102.0000000000000142 ) ) ;
#2263 = ORIENTED_EDGE ( 'NONE', *, *, #4182, .T. ) ;
#2264 = CARTESIAN_POINT ( 'NONE',  ( 119.0000000000000000, 7.000000000000044409, 97.00000000000000000 ) ) ;
#2265 = ORIENTED_EDGE ( 'NONE', *, *, #2424, .T. ) ;
#2266 = CARTESIAN_POINT ( 'NONE',  ( 4.000000000000001776, 26.49999999999999645, 112.0000000000000000 ) ) ;
#2267 = ADVANCED_FACE ( 'NONE', ( #142 ), #1709, .T. ) ;
#2268 = CIRCLE ( 'NONE', #3445, 1.699999999999993072 ) ;
#2269 = ORIENTED_EDGE ( 'NONE', *, *, #544, .F. ) ;
#2270 = LINE ( 'NONE', #2622, #3911 ) ;
#2271 = ORIENTED_EDGE ( 'NONE', *, *, #2115, .F. ) ;
#2272 = DIRECTION ( 'NONE',  ( 0.000000000000000000, -1.000000000000000000, 0.000000000000000000 ) ) ;
#2273 = AXIS2_PLACEMENT_3D ( 'NONE', #4074, #1682, #3089 ) ;
#2274 = EDGE_LOOP ( 'NONE', ( #2822, #4200, #3448, #3696 ) ) ;
#2275 = CARTESIAN_POINT ( 'NONE',  ( 2.000000000000001776, 23.89999999999999858, 4.000000000000000000 ) ) ;
#2276 = DIRECTION ( 'NONE',  ( 0.000000000000000000, -0.000000000000000000, -1.000000000000000000 ) ) ;
#2277 = ADVANCED_FACE ( 'NONE', ( #483 ), #2504, .T. ) ;
#2278 = EDGE_CURVE ( 'NONE', #885, #1582, #3454, .T. ) ;
#2279 = CARTESIAN_POINT ( 'NONE',  ( 122.4999999999999858, 7.000000000000044409, 25.87999999999999901 ) ) ;
#2280 = LINE ( 'NONE', #673, #1893 ) ;
#2281 = CARTESIAN_POINT ( 'NONE',  ( 3.000000000000000000, 20.89999999999999503, 106.0000000000000000 ) ) ;
#2282 = VERTEX_POINT ( 'NONE', #1451 ) ;
#2283 = DIRECTION ( 'NONE',  ( -0.000000000000000000, -0.000000000000000000, 1.000000000000000000 ) ) ;
#2284 = ORIENTED_EDGE ( 'NONE', *, *, #2896, .T. ) ;
#2285 = CARTESIAN_POINT ( 'NONE',  ( 98.26000000000000512, 6.000000000000040856, 25.87999999999999901 ) ) ;
#2286 = CONICAL_SURFACE ( 'NONE', #1873, 1.699999999999987965, 1.029744258676652313 ) ;
#2287 = VECTOR ( 'NONE', #765, 1000.000000000000000 ) ;
#2288 = ORIENTED_EDGE ( 'NONE', *, *, #3651, .T. ) ;
#2289 = EDGE_CURVE ( 'NONE', #4022, #3349, #851, .T. ) ;
#2290 = DIRECTION ( 'NONE',  ( 0.000000000000000000, 0.000000000000000000, 1.000000000000000000 ) ) ;
#2291 = ORIENTED_EDGE ( 'NONE', *, *, #3970, .T. ) ;
#2292 = LINE ( 'NONE', #1993, #351 ) ;
#2293 = ORIENTED_EDGE ( 'NONE', *, *, #3358, .F. ) ;
#2294 = CARTESIAN_POINT ( 'NONE',  ( 122.0000000000000000, 26.49999999999999645, 112.0000000000000000 ) ) ;
#2295 = PLANE ( 'NONE',  #1823 ) ;
#2296 = ADVANCED_FACE ( 'NONE', ( #3826 ), #224, .T. ) ;
#2297 = FACE_OUTER_BOUND ( 'NONE', #2574, .T. ) ;
#2298 = FACE_OUTER_BOUND ( 'NONE', #278, .T. ) ;
#2299 = PLANE ( 'NONE',  #3090 ) ;
#2300 = EDGE_CURVE ( 'NONE', #3329, #1401, #136, .T. ) ;
#2301 = VECTOR ( 'NONE', #3732, 1000.000000000000000 ) ;
#2302 = ORIENTED_EDGE ( 'NONE', *, *, #782, .T. ) ;
#2303 = CARTESIAN_POINT ( 'NONE',  ( 2.000000000000001776, 25.89999999999999858, 1.999999999999999556 ) ) ;
#2304 = ORIENTED_EDGE ( 'NONE', *, *, #3572, .T. ) ;
#2305 = DIRECTION ( 'NONE',  ( 0.000000000000000000, 0.000000000000000000, 1.000000000000000000 ) ) ;
#2306 = CARTESIAN_POINT ( 'NONE',  ( 66.00000000000000000, 6.000000000000015987, 102.0000000000000142 ) ) ;
#2307 = CARTESIAN_POINT ( 'NONE',  ( 6.000000000000001776, 23.89999999999999858, 102.0000000000000142 ) ) ;
#2308 = AXIS2_PLACEMENT_3D ( 'NONE', #3399, #2106, #3782 ) ;
#2309 = AXIS2_PLACEMENT_3D ( 'NONE', #4109, #481, #805 ) ;
#2310 = EDGE_LOOP ( 'NONE', ( #2745, #1052, #2304, #640 ) ) ;
#2311 = FACE_OUTER_BOUND ( 'NONE', #1347, .T. ) ;
#2312 = AXIS2_PLACEMENT_3D ( 'NONE', #3971, #736, #5 ) ;
#2313 = VERTEX_POINT ( 'NONE', #1255 ) ;
#2314 = CARTESIAN_POINT ( 'NONE',  ( 89.25999999999999091, 2.000000000000039968, 25.87999999999999901 ) ) ;
#2315 = VECTOR ( 'NONE', #877, 1000.000000000000000 ) ;
#2316 = ORIENTED_EDGE ( 'NONE', *, *, #208, .T. ) ;
#2317 = DIRECTION ( 'NONE',  ( -0.000000000000000000, -0.000000000000000000, 1.000000000000000000 ) ) ;
#2318 = DIRECTION ( 'NONE',  ( 0.000000000000000000, 1.000000000000000000, 0.000000000000000000 ) ) ;
#2319 = EDGE_CURVE ( 'NONE', #511, #3987, #934, .T. ) ;
#2320 = ORIENTED_EDGE ( 'NONE', *, *, #868, .F. ) ;
#2321 = CARTESIAN_POINT ( 'NONE',  ( 64.00000000000001421, 22.39999999999999503, 102.0000000000000142 ) ) ;
#2322 = TOROIDAL_SURFACE ( 'NONE', #69, 2.500000000000007994, 1.000000000000000000 ) ;
#2323 = VECTOR ( 'NONE', #356, 1000.000000000000000 ) ;
#2324 = EDGE_LOOP ( 'NONE', ( #4145, #2830, #3544, #532 ) ) ;
#2325 = PLANE ( 'NONE',  #1974 ) ;
#2326 = VERTEX_POINT ( 'NONE', #2262 ) ;
#2327 = DIRECTION ( 'NONE',  ( 0.000000000000000000, 0.000000000000000000, 1.000000000000000000 ) ) ;
#2328 = CARTESIAN_POINT ( 'NONE',  ( 62.00000000000000000, 14.50000000000001599, 87.00000000000000000 ) ) ;
#2329 = DIRECTION ( 'NONE',  ( 1.000000000000000000, 0.000000000000000000, 0.000000000000000000 ) ) ;
#2330 = ADVANCED_FACE ( 'NONE', ( #2590, #3854 ), #1579, .T. ) ;
#2331 = EDGE_CURVE ( 'NONE', #764, #1498, #4221, .T. ) ;
#2332 = EDGE_CURVE ( 'NONE', #28, #3710, #2936, .T. ) ;
#2333 = ORIENTED_EDGE ( 'NONE', *, *, #4232, .F. ) ;
#2334 = CARTESIAN_POINT ( 'NONE',  ( 59.99999999999998579, 0.000000000000000000, 102.0000000000000142 ) ) ;
#2335 = ORIENTED_EDGE ( 'NONE', *, *, #378, .T. ) ;
#2336 = CARTESIAN_POINT ( 'NONE',  ( 124.0000000000000426, 2.255477114198988442, 24.15283563508583597 ) ) ;
#2337 = AXIS2_PLACEMENT_3D ( 'NONE', #3811, #1858, #3203 ) ;
#2338 = VERTEX_POINT ( 'NONE', #1597 ) ;
#2339 = ORIENTED_EDGE ( 'NONE', *, *, #2331, .T. ) ;
#2340 = CARTESIAN_POINT ( 'NONE',  ( 119.0000000000000000, 6.000000000000044409, 25.87999999999999901 ) ) ;
#2341 = CIRCLE ( 'NONE', #1859, 1.699999999999993072 ) ;
#2342 = CARTESIAN_POINT ( 'NONE',  ( 60.00000000000000000, 17.89999999999999503, 102.0000000000000142 ) ) ;
#2343 = DIRECTION ( 'NONE',  ( 1.000000000000000000, 0.000000000000000000, 0.000000000000000000 ) ) ;
#2344 = DIRECTION ( 'NONE',  ( 1.000000000000000000, 1.334402673828312107E-16, 0.000000000000000000 ) ) ;
#2345 = DIRECTION ( 'NONE',  ( 1.000000000000000000, 0.000000000000000000, 0.000000000000000000 ) ) ;
#2346 = EDGE_CURVE ( 'NONE', #956, #3038, #3893, .T. ) ;
#2347 = ORIENTED_EDGE ( 'NONE', *, *, #1857, .T. ) ;
#2348 = CARTESIAN_POINT ( 'NONE',  ( 2.000000000000001776, 6.000000000000015987, 97.99999999999995737 ) ) ;
#2349 = ORIENTED_EDGE ( 'NONE', *, *, #2352, .F. ) ;
#2350 = DIRECTION ( 'NONE',  ( 1.138269997360109674E-16, 0.000000000000000000, 1.000000000000000000 ) ) ;
#2351 = DIRECTION ( 'NONE',  ( 1.228762462150238769E-16, -1.000000000000000000, -0.000000000000000000 ) ) ;
#2352 = EDGE_CURVE ( 'NONE', #3921, #2248, #2198, .T. ) ;
#2353 = DIRECTION ( 'NONE',  ( 1.000000000000000000, 0.000000000000000000, 0.000000000000000000 ) ) ;
#2354 = ORIENTED_EDGE ( 'NONE', *, *, #2699, .F. ) ;
#2355 = CARTESIAN_POINT ( 'NONE',  ( 62.00000000000000000, 9.500000000000015987, 87.00000000000000000 ) ) ;
#2356 = B_SPLINE_CURVE_WITH_KNOTS ( 'NONE', 3,
 ( #3369, #104, #2403, #3727 ),
 .UNSPECIFIED., .F., .F.,
 ( 4, 4 ),
 ( 0.004173539684624988193, 0.005169349804891127872 ),
 .UNSPECIFIED. ) ;
#2357 = ORIENTED_EDGE ( 'NONE', *, *, #2703, .F. ) ;
#2358 =( NAMED_UNIT ( * ) SI_UNIT ( $, .STERADIAN. ) SOLID_ANGLE_UNIT ( ) );
#2359 = ADVANCED_FACE ( 'NONE', ( #3519 ), #4199, .F. ) ;
#2360 = VECTOR ( 'NONE', #700, 1000.000000000000114 ) ;
#2362 = EDGE_CURVE ( 'NONE', #9, #1199, #292, .T. ) ;
#2361 = ORIENTED_EDGE ( 'NONE', *, *, #2457, .T. ) ;
#2363 = EDGE_LOOP ( 'NONE', ( #4114, #1461, #1660, #3992 ) ) ;
#2364 = CARTESIAN_POINT ( 'NONE',  ( 121.3197845067704179, 2.913214410093042162, 100.6802154932296816 ) ) ;
#2365 = CARTESIAN_POINT ( 'NONE',  ( 119.0000000000000000, 7.000000000000043521, 97.00000000000000000 ) ) ;
#2366 = DIRECTION ( 'NONE',  ( 0.7071067811865524577, -0.000000000000000000, 0.7071067811865425767 ) ) ;
#2367 = CARTESIAN_POINT ( 'NONE',  ( 6.000000000000001776, 6.000000000000015987, 102.0000000000000142 ) ) ;
#2368 = DIRECTION ( 'NONE',  ( 1.000000000000000000, 0.000000000000000000, 0.000000000000000000 ) ) ;
#2369 = EDGE_CURVE ( 'NONE', #1135, #1816, #2549, .T. ) ;
#2370 = ORIENTED_EDGE ( 'NONE', *, *, #4059, .F. ) ;
#2371 = CARTESIAN_POINT ( 'NONE',  ( 63.00000000000000000, 3.000000000000000000, 112.0000000000000000 ) ) ;
#2372 = ORIENTED_EDGE ( 'NONE', *, *, #4141, .T. ) ;
#2373 = LINE ( 'NONE', #2048, #2151 ) ;
#2374 = CARTESIAN_POINT ( 'NONE',  ( 124.0000000000000000, 2.000000000000044409, 92.84668806854097056 ) ) ;
#2375 = ORIENTED_EDGE ( 'NONE', *, *, #1803, .T. ) ;
#2376 = ADVANCED_FACE ( 'NONE', ( #245 ), #262, .F. ) ;
#2377 = DIRECTION ( 'NONE',  ( 0.000000000000000000, -1.000000000000000000, 0.000000000000000000 ) ) ;
#2378 = VERTEX_POINT ( 'NONE', #310 ) ;
#2379 = VECTOR ( 'NONE', #971, 1000.000000000000000 ) ;
#2380 = AXIS2_PLACEMENT_3D ( 'NONE', #796, #3465, #2080 ) ;
#2381 = VECTOR ( 'NONE', #975, 1000.000000000000000 ) ;
#2382 = DIRECTION ( 'NONE',  ( 0.000000000000000000, 1.000000000000000000, 0.000000000000000000 ) ) ;
#2383 = ORIENTED_EDGE ( 'NONE', *, *, #1374, .T. ) ;
#2384 = CONICAL_SURFACE ( 'NONE', #1629, 1.699999999999993072, 1.029744258676654090 ) ;
#2385 = VERTEX_POINT ( 'NONE', #1213 ) ;
#2386 = CARTESIAN_POINT ( 'NONE',  ( 62.00000000000000000, 2.000000000000015543, 2.000000000000000000 ) ) ;
#2387 = CYLINDRICAL_SURFACE ( 'NONE', #1221, 1.699999999999993072 ) ;
#2388 = CIRCLE ( 'NONE', #3772, 1.699999999999989742 ) ;
#2389 = ADVANCED_FACE ( 'NONE', ( #573 ), #3873, .F. ) ;
#2390 = AXIS2_PLACEMENT_3D ( 'NONE', #512, #2842, #3813 ) ;
#2391 = EDGE_CURVE ( 'NONE', #1594, #3230, #3198, .T. ) ;
#2392 = EDGE_CURVE ( 'NONE', #3710, #1330, #1274, .T. ) ;
#2393 = AXIS2_PLACEMENT_3D ( 'NONE', #2441, #3161, #3765 ) ;
#2394 = PLANE ( 'NONE',  #3556 ) ;
#2395 = PLANE ( 'NONE',  #2571 ) ;
#2396 = ORIENTED_EDGE ( 'NONE', *, *, #3726, .T. ) ;
#2397 = DIRECTION ( 'NONE',  ( -0.000000000000000000, 1.000000000000000000, -0.000000000000000000 ) ) ;
#2398 = ORIENTED_EDGE ( 'NONE', *, *, #3702, .T. ) ;
#2399 = CARTESIAN_POINT ( 'NONE',  ( 56.99999999999999289, 22.39999999999999503, 57.00000000000000711 ) ) ;
#2400 = PLANE ( 'NONE',  #961 ) ;
#2401 = LINE ( 'NONE', #722, #1720 ) ;
#2402 = ORIENTED_EDGE ( 'NONE', *, *, #218, .F. ) ;
#2403 = CARTESIAN_POINT ( 'NONE',  ( 124.0000000000000000, 2.381847524089454549, 97.66564649906294449 ) ) ;
#2404 = ORIENTED_EDGE ( 'NONE', *, *, #1622, .F. ) ;
#2405 = CIRCLE ( 'NONE', #204, 3.499999999999989342 ) ;
#2406 = DIRECTION ( 'NONE',  ( 1.228762462150238769E-16, -1.000000000000000000, 0.000000000000000000 ) ) ;
#2407 = EDGE_CURVE ( 'NONE', #54, #1534, #463, .T. ) ;
#2408 = EDGE_LOOP ( 'NONE', ( #2919, #318, #3750, #2207 ) ) ;
#2409 = PLANE ( 'NONE',  #2380 ) ;
#2410 = DIRECTION ( 'NONE',  ( 0.000000000000000000, 0.9578262852211518741, -0.2873478855663438303 ) ) ;
#2411 = CARTESIAN_POINT ( 'NONE',  ( 66.00000000000000000, 2.000000000000015543, 102.0000000000000142 ) ) ;
#2412 = ADVANCED_FACE ( 'NONE', ( #561 ), #493, .F. ) ;
#2413 = CARTESIAN_POINT ( 'NONE',  ( 125.5000000000000000, 5.000000000000045297, 97.00000000000000000 ) ) ;
#2414 = ORIENTED_EDGE ( 'NONE', *, *, #596, .T. ) ;
#2415 = CYLINDRICAL_SURFACE ( 'NONE', #3280, 3.500000000000003109 ) ;
#2416 = VERTEX_POINT ( 'NONE', #3797 ) ;
#2417 = DIRECTION ( 'NONE',  ( -1.228762462150238769E-16, 1.000000000000000000, 0.000000000000000000 ) ) ;
#2418 = CARTESIAN_POINT ( 'NONE',  ( 123.0000000000000000, 20.89999999999999503, 104.9785369476531542 ) ) ;
#2419 = DIRECTION ( 'NONE',  ( -0.000000000000000000, -0.000000000000000000, 1.000000000000000000 ) ) ;
#2420 = ORIENTED_EDGE ( 'NONE', *, *, #3627, .F. ) ;
#2421 = DIRECTION ( 'NONE',  ( 1.000000000000000000, 0.000000000000000000, 0.000000000000000000 ) ) ;
#2422 = VERTEX_POINT ( 'NONE', #2210 ) ;
#2423 = CARTESIAN_POINT ( 'NONE',  ( 120.0000000000000142, 2.147269329555342221, 102.4498034240149451 ) ) ;
#2424 = EDGE_CURVE ( 'NONE', #3860, #1363, #947, .T. ) ;
#2425 = ORIENTED_EDGE ( 'NONE', *, *, #2847, .F. ) ;
#2426 = VERTEX_POINT ( 'NONE', #1798 ) ;
#2427 = FACE_OUTER_BOUND ( 'NONE', #816, .T. ) ;
#2428 = CARTESIAN_POINT ( 'NONE',  ( 122.0000000000000000, 22.39999999999999503, 112.0000000000000000 ) ) ;
#2429 = VECTOR ( 'NONE', #2437, 1000.000000000000000 ) ;
#2430 = ORIENTED_EDGE ( 'NONE', *, *, #1445, .T. ) ;
#2431 = ADVANCED_FACE ( 'NONE', ( #1524 ), #3486, .F. ) ;
#2432 = CARTESIAN_POINT ( 'NONE',  ( 119.0000000000000000, 6.000000000000044409, 25.87999999999999901 ) ) ;
#2433 = CARTESIAN_POINT ( 'NONE',  ( 62.00000000000000000, 25.89999999999999858, 1.999999999999988010 ) ) ;
#2434 = ORIENTED_EDGE ( 'NONE', *, *, #1362, .T. ) ;
#2435 = DIRECTION ( 'NONE',  ( 1.000000000000000000, 0.000000000000000000, 0.000000000000000000 ) ) ;
#2436 = ORIENTED_EDGE ( 'NONE', *, *, #852, .F. ) ;
#2437 = DIRECTION ( 'NONE',  ( 0.000000000000000000, 1.000000000000000000, 0.000000000000000000 ) ) ;
#2438 = CARTESIAN_POINT ( 'NONE',  ( 62.00000000000000000, 2.000000000000015543, 112.0000000000000000 ) ) ;
#2439 = EDGE_CURVE ( 'NONE', #2859, #3199, #169, .T. ) ;
#2440 = ORIENTED_EDGE ( 'NONE', *, *, #2278, .T. ) ;
#2441 = CARTESIAN_POINT ( 'NONE',  ( 119.0000000000000000, 7.000000000000043521, 25.87999999999999901 ) ) ;
#2442 = ORIENTED_EDGE ( 'NONE', *, *, #4034, .F. ) ;
#2443 = DIRECTION ( 'NONE',  ( -1.224646799147353207E-16, -1.504800016184710769E-32, 1.000000000000000000 ) ) ;
#2444 = ORIENTED_EDGE ( 'NONE', *, *, #3472, .T. ) ;
#2445 = DIRECTION ( 'NONE',  ( -0.000000000000000000, -0.000000000000000000, 1.000000000000000000 ) ) ;
#2446 = AXIS2_PLACEMENT_3D ( 'NONE', #2340, #2646, #4254 ) ;
#2447 = EDGE_LOOP ( 'NONE', ( #1670, #703, #822, #1575 ) ) ;
#2448 = LINE ( 'NONE', #3777, #528 ) ;
#2449 = CARTESIAN_POINT ( 'NONE',  ( 63.00000000000000000, 20.89999999999999503, 112.0000000000000000 ) ) ;
#2450 = VECTOR ( 'NONE', #1672, 1000.000000000000000 ) ;
#2451 = VECTOR ( 'NONE', #2019, 1000.000000000000000 ) ;
#2452 = ORIENTED_EDGE ( 'NONE', *, *, #3401, .F. ) ;
#2453 = DIRECTION ( 'NONE',  ( -0.000000000000000000, -0.000000000000000000, 1.000000000000000000 ) ) ;
#2454 = VECTOR ( 'NONE', #917, 1000.000000000000000 ) ;
#2455 = AXIS2_PLACEMENT_3D ( 'NONE', #2186, #2778, #1134 ) ;
#2456 = CARTESIAN_POINT ( 'NONE',  ( 95.75999999999999091, 7.000000000000040856, 25.87999999999999901 ) ) ;
#2457 = EDGE_CURVE ( 'NONE', #3928, #2836, #2888, .T. ) ;
#2458 = AXIS2_PLACEMENT_3D ( 'NONE', #3588, #899, #2920 ) ;
#2459 = ORIENTED_EDGE ( 'NONE', *, *, #1327, .F. ) ;
#2460 = DIRECTION ( 'NONE',  ( -1.000000000000000000, -1.156482317317871478E-16, 0.000000000000000000 ) ) ;
#2461 = DIRECTION ( 'NONE',  ( 0.000000000000000000, 0.000000000000000000, 1.000000000000000000 ) ) ;
#2462 = DIRECTION ( 'NONE',  ( -0.000000000000000000, 0.000000000000000000, -1.000000000000000000 ) ) ;
#2463 = ORIENTED_EDGE ( 'NONE', *, *, #813, .T. ) ;
#2464 = PLANE ( 'NONE',  #3708 ) ;
#2465 = ORIENTED_EDGE ( 'NONE', *, *, #1311, .F. ) ;
#2466 = EDGE_CURVE ( 'NONE', #885, #3630, #2845, .T. ) ;
#2467 = DIRECTION ( 'NONE',  ( 1.228762462150238769E-16, -1.000000000000000000, 0.000000000000000000 ) ) ;
#2468 = EDGE_CURVE ( 'NONE', #3547, #3182, #1202, .T. ) ;
#2469 = CIRCLE ( 'NONE', #3025, 1.699999999999987965 ) ;
#2470 = ORIENTED_EDGE ( 'NONE', *, *, #2653, .T. ) ;
#2471 = DIRECTION ( 'NONE',  ( 0.000000000000000000, 0.000000000000000000, 1.000000000000000000 ) ) ;
#2472 = ORIENTED_EDGE ( 'NONE', *, *, #2392, .F. ) ;
#2473 = DIRECTION ( 'NONE',  ( -1.000000000000000000, 0.000000000000000000, -0.000000000000000000 ) ) ;
#2474 = CARTESIAN_POINT ( 'NONE',  ( 124.6999999999999886, 3.000000000000000000, 112.0000000000000000 ) ) ;
#2475 = DIRECTION ( 'NONE',  ( 0.000000000000000000, 0.000000000000000000, 1.000000000000000000 ) ) ;
#2476 = DIRECTION ( 'NONE',  ( 0.6917144638660748246, -0.2075143391598211484, -0.6917144638660748246 ) ) ;
#2477 = DIRECTION ( 'NONE',  ( 1.000000000000000000, 0.000000000000000000, -0.000000000000000000 ) ) ;
#2478 = AXIS2_PLACEMENT_3D ( 'NONE', #644, #1589, #19 ) ;
#2479 = EDGE_CURVE ( 'NONE', #1199, #1643, #1183, .T. ) ;
#2480 = ORIENTED_EDGE ( 'NONE', *, *, #2028, .F. ) ;
#2481 = CARTESIAN_POINT ( 'NONE',  ( 66.00000000000000000, 2.000000000000015543, 102.0000000000000142 ) ) ;
#2482 = PLANE ( 'NONE',  #3193 ) ;
#2483 = CARTESIAN_POINT ( 'NONE',  ( 122.0000000000000000, 26.49999999999999645, 112.0000000000000000 ) ) ;
#2484 = EDGE_CURVE ( 'NONE', #2338, #2944, #1503, .T. ) ;
#2485 = VECTOR ( 'NONE', #3898, 1000.000000000000000 ) ;
#2486 = ORIENTED_EDGE ( 'NONE', *, *, #1935, .F. ) ;
#2487 = LINE ( 'NONE', #3746, #672 ) ;
#2488 = EDGE_CURVE ( 'NONE', #3326, #2087, #3840, .T. ) ;
#2489 = ORIENTED_EDGE ( 'NONE', *, *, #596, .F. ) ;
#2490 = DIRECTION ( 'NONE',  ( 0.000000000000000000, 0.000000000000000000, 1.000000000000000000 ) ) ;
#2491 = ORIENTED_EDGE ( 'NONE', *, *, #2006, .T. ) ;
#2492 = CARTESIAN_POINT ( 'NONE',  ( 92.25999999999999091, 5.000000000000040856, 97.00000000000001421 ) ) ;
#2493 = ORIENTED_EDGE ( 'NONE', *, *, #1727, .F. ) ;
#2494 = DIRECTION ( 'NONE',  ( 1.000000000000000000, 0.000000000000000000, 0.000000000000000000 ) ) ;
#2495 = CARTESIAN_POINT ( 'NONE',  ( 60.00000000000000000, 2.000000000000015543, 102.0000000000000142 ) ) ;
#2496 = DIRECTION ( 'NONE',  ( 1.228762462150238769E-16, -1.000000000000000000, -0.000000000000000000 ) ) ;
#2497 = EDGE_CURVE ( 'NONE', #1095, #3987, #2388, .T. ) ;
#2498 = CARTESIAN_POINT ( 'NONE',  ( 62.00000000000000000, 27.99999999999999645, 112.0000000000000000 ) ) ;
#2499 = DIRECTION ( 'NONE',  ( 0.000000000000000000, 0.000000000000000000, 1.000000000000000000 ) ) ;
#2500 = VECTOR ( 'NONE', #806, 1000.000000000000000 ) ;
#2501 = ORIENTED_EDGE ( 'NONE', *, *, #2826, .F. ) ;
#2502 = PLANE ( 'NONE',  #2309 ) ;
#2503 = FACE_OUTER_BOUND ( 'NONE', #2512, .T. ) ;
#2504 = PLANE ( 'NONE',  #412 ) ;
#2505 = EDGE_CURVE ( 'NONE', #3293, #3129, #2145, .T. ) ;
#2506 = ORIENTED_EDGE ( 'NONE', *, *, #462, .T. ) ;
#2507 = DIRECTION ( 'NONE',  ( -1.000000000000000000, 0.000000000000000000, 0.000000000000000000 ) ) ;
#2508 = ORIENTED_EDGE ( 'NONE', *, *, #777, .T. ) ;
#2509 = EDGE_CURVE ( 'NONE', #1964, #3349, #862, .T. ) ;
#2510 = ORIENTED_EDGE ( 'NONE', *, *, #3565, .T. ) ;
#2511 = DIRECTION ( 'NONE',  ( 0.000000000000000000, 0.000000000000000000, 1.000000000000000000 ) ) ;
#2512 = EDGE_LOOP ( 'NONE', ( #522, #1073, #2715 ) ) ;
#2513 = DIRECTION ( 'NONE',  ( -0.000000000000000000, -0.000000000000000000, 1.000000000000000000 ) ) ;
#2514 = DIRECTION ( 'NONE',  ( 1.228762462150238769E-16, -1.000000000000000000, 0.000000000000000000 ) ) ;
#2515 = LINE ( 'NONE', #282, #3490 ) ;
#2516 = VECTOR ( 'NONE', #863, 1000.000000000000000 ) ;
#2517 = CARTESIAN_POINT ( 'NONE',  ( 102.2600000000000051, 2.000000000000041744, 97.00000000000001421 ) ) ;
#2518 = CARTESIAN_POINT ( 'NONE',  ( 62.00000000000000000, 2.000000000000015543, 99.99999999999997158 ) ) ;
#2519 = ADVANCED_FACE ( 'NONE', ( #1863, #3188 ), #905, .F. ) ;
#2520 = VECTOR ( 'NONE', #241, 1000.000000000000000 ) ;
#2521 = VECTOR ( 'NONE', #2912, 1000.000000000000000 ) ;
#2522 = CONICAL_SURFACE ( 'NONE', #2241, 1.699999999999987965, 1.029744258676652313 ) ;
#2523 = EDGE_CURVE ( 'NONE', #2531, #4088, #3977, .T. ) ;
#2524 = VECTOR ( 'NONE', #3243, 1000.000000000000000 ) ;
#2525 = VERTEX_POINT ( 'NONE', #3207 ) ;
#2526 = TOROIDAL_SURFACE ( 'NONE', #3282, 2.500000000000007994, 1.000000000000000000 ) ;
#2527 = DIRECTION ( 'NONE',  ( 0.8571673007021112234, 0.000000000000000000, 0.5150380749100560429 ) ) ;
#2528 = DIRECTION ( 'NONE',  ( 0.000000000000000000, 0.000000000000000000, 1.000000000000000000 ) ) ;
#2529 = DIRECTION ( 'NONE',  ( -0.000000000000000000, -0.000000000000000000, 1.000000000000000000 ) ) ;
#2530 = AXIS2_PLACEMENT_3D ( 'NONE', #770, #2075, #444 ) ;
#2531 = VERTEX_POINT ( 'NONE', #259 ) ;
#2532 = DIRECTION ( 'NONE',  ( -0.000000000000000000, -0.000000000000000000, 1.000000000000000000 ) ) ;
#2533 = EDGE_LOOP ( 'NONE', ( #1874, #1133, #717 ) ) ;
#2534 = CARTESIAN_POINT ( 'NONE',  ( 119.0000000000000000, 5.000000000000044409, 25.87999999999999901 ) ) ;
#2535 = ORIENTED_EDGE ( 'NONE', *, *, #3966, .T. ) ;
#2536 = CARTESIAN_POINT ( 'NONE',  ( 62.00000000000000000, 14.50000000000001599, 87.00000000000000000 ) ) ;
#2537 = EDGE_LOOP ( 'NONE', ( #64, #3223, #2480, #646, #381 ) ) ;
#2538 = CARTESIAN_POINT ( 'NONE',  ( 95.75999999999999091, 2.000000000000040856, 96.05000000000002558 ) ) ;
#2539 = CARTESIAN_POINT ( 'NONE',  ( 60.00000000000000000, 17.89999999999999503, 112.0000000000000000 ) ) ;
#2540 = CYLINDRICAL_SURFACE ( 'NONE', #686, 1.699999999999993072 ) ;
#2541 = ADVANCED_FACE ( 'NONE', ( #1569 ), #2126, .F. ) ;
#2542 = VECTOR ( 'NONE', #2020, 1000.000000000000000 ) ;
#2543 = VECTOR ( 'NONE', #1048, 1000.000000000000000 ) ;
#2544 = PLANE ( 'NONE',  #2104 ) ;
#2545 = CARTESIAN_POINT ( 'NONE',  ( 95.75999999999999091, 2.000000000000040856, 25.87999999999999901 ) ) ;
#2546 = VERTEX_POINT ( 'NONE', #1661 ) ;
#2547 = CARTESIAN_POINT ( 'NONE',  ( 62.00000000000000000, 23.89999999999999858, 111.9999999999999716 ) ) ;
#2548 = DIRECTION ( 'NONE',  ( -5.782411586589352708E-16, -1.000000000000000000, -5.782411586589352708E-16 ) ) ;
#2549 = LINE ( 'NONE', #3585, #50 ) ;
#2550 = ADVANCED_FACE ( 'NONE', ( #281 ), #76, .T. ) ;
#2551 = ORIENTED_EDGE ( 'NONE', *, *, #1120, .F. ) ;
#2552 = LINE ( 'NONE', #919, #3915 ) ;
#2553 = VECTOR ( 'NONE', #1457, 1000.000000000000000 ) ;
#2554 = ORIENTED_EDGE ( 'NONE', *, *, #3272, .F. ) ;
#2555 = CARTESIAN_POINT ( 'NONE',  ( 119.0000000000000000, 7.000000000000044409, 25.87999999999999901 ) ) ;
#2556 = VECTOR ( 'NONE', #2772, 1000.000000000000000 ) ;
#2557 = ORIENTED_EDGE ( 'NONE', *, *, #1402, .F. ) ;
#2558 = CARTESIAN_POINT ( 'NONE',  ( 120.0000000000000000, 23.89999999999999858, 102.0000000000000142 ) ) ;
#2559 = ORIENTED_EDGE ( 'NONE', *, *, #2735, .F. ) ;
#2560 = DIRECTION ( 'NONE',  ( -0.000000000000000000, 1.000000000000000000, 0.000000000000000000 ) ) ;
#2561 = DIRECTION ( 'NONE',  ( 1.000000000000000000, 0.000000000000000000, 0.000000000000000000 ) ) ;
#2562 = CARTESIAN_POINT ( 'NONE',  ( 62.00000000000000000, 6.000000000000015987, 99.99999999999997158 ) ) ;
#2563 = ADVANCED_FACE ( 'NONE', ( #374 ), #3558, .F. ) ;
#2564 = DIRECTION ( 'NONE',  ( 1.000000000000000000, 0.000000000000000000, -0.000000000000000000 ) ) ;
#2565 = CARTESIAN_POINT ( 'NONE',  ( 119.0000000000000000, 6.000000000000043521, 25.87999999999999901 ) ) ;
#2566 = EDGE_CURVE ( 'NONE', #1542, #166, #604, .T. ) ;
#2567 = EDGE_LOOP ( 'NONE', ( #2792, #3481, #2634, #589 ) ) ;
#2568 = FACE_OUTER_BOUND ( 'NONE', #2216, .T. ) ;
#2569 = LINE ( 'NONE', #1870, #3995 ) ;
#2570 = CARTESIAN_POINT ( 'NONE',  ( 4.699999999999988631, 20.89999999999999503, 112.0000000000000000 ) ) ;
#2571 = AXIS2_PLACEMENT_3D ( 'NONE', #499, #1084, #479 ) ;
#2572 = ORIENTED_EDGE ( 'NONE', *, *, #2253, .F. ) ;
#2573 = DIRECTION ( 'NONE',  ( -0.8571673007021121116, 1.049727191138618449E-16, 0.5150380749100544886 ) ) ;
#2574 = EDGE_LOOP ( 'NONE', ( #3434, #3982, #2689, #3052 ) ) ;
#2575 = ADVANCED_FACE ( 'NONE', ( #2707 ), #3697, .F. ) ;
#2576 = FACE_BOUND ( 'NONE', #4061, .T. ) ;
#2577 = EDGE_CURVE ( 'NONE', #3309, #1341, #3548, .T. ) ;
#2578 = ORIENTED_EDGE ( 'NONE', *, *, #1374, .F. ) ;
#2579 = CARTESIAN_POINT ( 'NONE',  ( 59.99999999999998579, 17.89999999999999503, 102.0000000000000142 ) ) ;
#2580 = ORIENTED_EDGE ( 'NONE', *, *, #496, .F. ) ;
#2581 = DIRECTION ( 'NONE',  ( -1.156482317317871725E-16, 1.000000000000000000, -0.000000000000000000 ) ) ;
#2582 = EDGE_CURVE ( 'NONE', #2657, #1862, #1262, .T. ) ;
#2583 = DIRECTION ( 'NONE',  ( 0.7071067811865474617, 0.000000000000000000, -0.7071067811865474617 ) ) ;
#2584 = VECTOR ( 'NONE', #1844, 1000.000000000000000 ) ;
#2585 = LINE ( 'NONE', #2913, #1264 ) ;
#2586 = ORIENTED_EDGE ( 'NONE', *, *, #3020, .F. ) ;
#2587 = LINE ( 'NONE', #571, #4186 ) ;
#2588 = AXIS2_PLACEMENT_3D ( 'NONE', #3752, #132, #3058 ) ;
#2589 = DIRECTION ( 'NONE',  ( -0.000000000000000000, 1.000000000000000000, -0.000000000000000000 ) ) ;
#2590 = FACE_OUTER_BOUND ( 'NONE', #110, .T. ) ;
#2591 = ADVANCED_FACE ( 'NONE', ( #1324 ), #2635, .F. ) ;
#2592 = VECTOR ( 'NONE', #3561, 1000.000000000000000 ) ;
#2593 = ORIENTED_EDGE ( 'NONE', *, *, #1206, .T. ) ;
#2594 = DIRECTION ( 'NONE',  ( 1.000000000000000000, 0.000000000000000000, 0.000000000000000000 ) ) ;
#2595 = VERTEX_POINT ( 'NONE', #1064 ) ;
#2596 = AXIS2_PLACEMENT_3D ( 'NONE', #1298, #1616, #2899 ) ;
#2597 = VECTOR ( 'NONE', #1840, 1000.000000000000000 ) ;
#2598 = CARTESIAN_POINT ( 'NONE',  ( 112.5000000000000000, 2.000000000000043521, 97.00000000000000000 ) ) ;
#2599 = ORIENTED_EDGE ( 'NONE', *, *, #3578, .F. ) ;
#2600 = VECTOR ( 'NONE', #1770, 1000.000000000000000 ) ;
#2601 = PLANE ( 'NONE',  #1424 ) ;
#2602 = EDGE_CURVE ( 'NONE', #2664, #3304, #2373, .T. ) ;
#2603 = ORIENTED_EDGE ( 'NONE', *, *, #3219, .T. ) ;
#2604 = ADVANCED_FACE ( 'NONE', ( #926 ), #3305, .F. ) ;
#2605 = CARTESIAN_POINT ( 'NONE',  ( 112.5000000000000000, 5.000000000000043521, 97.00000000000000000 ) ) ;
#2606 = ORIENTED_EDGE ( 'NONE', *, *, #289, .T. ) ;
#2607 = DIRECTION ( 'NONE',  ( 1.000000000000000000, 1.445602896647338917E-16, -0.000000000000000000 ) ) ;
#2608 = CARTESIAN_POINT ( 'NONE',  ( 63.00000000000000000, 20.89999999999999503, 112.0000000000000000 ) ) ;
#2609 = VECTOR ( 'NONE', #2475, 1000.000000000000000 ) ;
#2610 = ORIENTED_EDGE ( 'NONE', *, *, #1053, .F. ) ;
#2611 = AXIS2_PLACEMENT_3D ( 'NONE', #873, #3156, #1532 ) ;
#2612 = CARTESIAN_POINT ( 'NONE',  ( 4.000000000000001776, 26.49999999999999645, 4.000000000000001776 ) ) ;
#2613 = CARTESIAN_POINT ( 'NONE',  ( 124.0000000000000000, 27.99999999999999645, 112.0000000000000000 ) ) ;
#2614 = ADVANCED_FACE ( 'NONE', ( #678 ), #305, .F. ) ;
#2615 = ORIENTED_EDGE ( 'NONE', *, *, #832, .T. ) ;
#2616 = LINE ( 'NONE', #937, #3779 ) ;
#2617 = ORIENTED_EDGE ( 'NONE', *, *, #909, .F. ) ;
#2618 = PLANE ( 'NONE',  #2065 ) ;
#2619 = VECTOR ( 'NONE', #3163, 1000.000000000000000 ) ;
#2620 = ORIENTED_EDGE ( 'NONE', *, *, #2726, .T. ) ;
#2621 = EDGE_CURVE ( 'NONE', #3384, #3918, #355, .T. ) ;
#2622 = CARTESIAN_POINT ( 'NONE',  ( 4.000000000000001776, 27.99999999999999645, 4.000000000000003553 ) ) ;
#2623 = EDGE_LOOP ( 'NONE', ( #1959, #2361, #1619 ) ) ;
#2624 = CARTESIAN_POINT ( 'NONE',  ( 4.000000000000001776, 1.500000000000008660, 15.79999999999999538 ) ) ;
#2625 = ORIENTED_EDGE ( 'NONE', *, *, #521, .T. ) ;
#2626 = CARTESIAN_POINT ( 'NONE',  ( 126.0000000000000000, 27.99999999999999645, 112.0000000000000000 ) ) ;
#2627 = CARTESIAN_POINT ( 'NONE',  ( 124.0000000000000000, 27.99999999999999645, 112.0000000000000000 ) ) ;
#2628 = EDGE_CURVE ( 'NONE', #2018, #3473, #1342, .T. ) ;
#2629 = LINE ( 'NONE', #2279, #3979 ) ;
#2630 = CARTESIAN_POINT ( 'NONE',  ( 62.00000000000000000, 14.50000000000001599, 112.0000000000000000 ) ) ;
#2631 = CARTESIAN_POINT ( 'NONE',  ( 124.0000000000000000, 17.89999999999998082, 112.0000000000000000 ) ) ;
#2632 = ORIENTED_EDGE ( 'NONE', *, *, #2488, .T. ) ;
#2633 = CARTESIAN_POINT ( 'NONE',  ( 66.00000000000000000, 2.000000000000015543, 112.0000000000000000 ) ) ;
#2634 = ORIENTED_EDGE ( 'NONE', *, *, #1743, .T. ) ;
#2635 = PLANE ( 'NONE',  #3262 ) ;
#2636 = DIRECTION ( 'NONE',  ( 0.000000000000000000, 1.000000000000000000, 0.000000000000000000 ) ) ;
#2637 = DIRECTION ( 'NONE',  ( 0.000000000000000000, -1.000000000000000000, 0.000000000000000000 ) ) ;
#2638 = VECTOR ( 'NONE', #2652, 1000.000000000000000 ) ;
#2639 = CIRCLE ( 'NONE', #585, 2.499999999999988454 ) ;
#2640 = ORIENTED_EDGE ( 'NONE', *, *, #1327, .T. ) ;
#2641 = LINE ( 'NONE', #3943, #1693 ) ;
#2642 = ORIENTED_EDGE ( 'NONE', *, *, #1271, .F. ) ;
#2643 = CARTESIAN_POINT ( 'NONE',  ( 95.75999999999999091, 7.000000000000040856, 25.87999999999999901 ) ) ;
#2644 = EDGE_CURVE ( 'NONE', #3810, #1475, #420, .T. ) ;
#2645 = VERTEX_POINT ( 'NONE', #3323 ) ;
#2646 = DIRECTION ( 'NONE',  ( -1.228762462150238769E-16, 1.000000000000000000, 0.000000000000000000 ) ) ;
#2647 = PLANE ( 'NONE',  #2102 ) ;
#2648 = PRODUCT_DEFINITION_CONTEXT ( 'detailed design', #520, 'design' ) ;
#2649 = VERTEX_POINT ( 'NONE', #1366 ) ;
#2650 = CARTESIAN_POINT ( 'NONE',  ( 0.000000000000000000, 0.000000000000000000, 0.000000000000000000 ) ) ;
#2651 = EDGE_CURVE ( 'NONE', #3500, #151, #3677, .T. ) ;
#2652 = DIRECTION ( 'NONE',  ( 1.049727191138616723E-16, 0.5150380749100568201, -0.8571673007021107793 ) ) ;
#2653 = EDGE_CURVE ( 'NONE', #2087, #189, #1047, .T. ) ;
#2654 = VECTOR ( 'NONE', #730, 1000.000000000000000 ) ;
#2655 = EDGE_LOOP ( 'NONE', ( #1099, #2271, #4268, #1769 ) ) ;
#2656 = DIRECTION ( 'NONE',  ( -0.000000000000000000, -0.000000000000000000, 1.000000000000000000 ) ) ;
#2657 = VERTEX_POINT ( 'NONE', #3674 ) ;
#2658 = CARTESIAN_POINT ( 'NONE',  ( 2.000000000000001776, 17.89999999999999503, 102.0000000000000142 ) ) ;
#2659 = DIRECTION ( 'NONE',  ( 0.000000000000000000, 1.000000000000000000, 0.000000000000000000 ) ) ;
#2660 = EDGE_LOOP ( 'NONE', ( #438, #756, #273, #4225 ) ) ;
#2661 = DIRECTION ( 'NONE',  ( -0.2873478855663438858, 0.9578262852211518741, 0.000000000000000000 ) ) ;
#2662 = AXIS2_PLACEMENT_3D ( 'NONE', #1845, #626, #2255 ) ;
#2663 = AXIS2_PLACEMENT_3D ( 'NONE', #177, #1785, #1488 ) ;
#2664 = VERTEX_POINT ( 'NONE', #3031 ) ;
#2665 = DIRECTION ( 'NONE',  ( -0.000000000000000000, -0.000000000000000000, 1.000000000000000000 ) ) ;
#2666 = AXIS2_PLACEMENT_3D ( 'NONE', #2864, #3863, #819 ) ;
#2667 = ORIENTED_EDGE ( 'NONE', *, *, #1205, .T. ) ;
#2668 = CARTESIAN_POINT ( 'NONE',  ( 124.0000000000000000, 2.000000000000044409, 21.72668806854098733 ) ) ;
#2669 = VECTOR ( 'NONE', #1559, 1000.000000000000114 ) ;
#2670 = EDGE_CURVE ( 'NONE', #405, #34, #2134, .T. ) ;
#2671 = ORIENTED_EDGE ( 'NONE', *, *, #2868, .F. ) ;
#2672 = ORIENTED_EDGE ( 'NONE', *, *, #866, .T. ) ;
#2673 = EDGE_CURVE ( 'NONE', #2378, #2001, #2789, .T. ) ;
#2674 = CARTESIAN_POINT ( 'NONE',  ( 4.000000000000001776, 27.99999999999999645, 4.000000000000001776 ) ) ;
#2675 = CARTESIAN_POINT ( 'NONE',  ( 0.000000000000000000, 0.000000000000000000, 102.0000000000000142 ) ) ;
#2676 = CARTESIAN_POINT ( 'NONE',  ( 64.69999999999998863, 20.89999999999999503, 106.0000000000000000 ) ) ;
#2677 = ADVANCED_FACE ( 'NONE', ( #4090 ), #2724, .T. ) ;
#2678 = LINE ( 'NONE', #3999, #392 ) ;
#2679 = FACE_OUTER_BOUND ( 'NONE', #3160, .T. ) ;
#2680 = VECTOR ( 'NONE', #1656, 1000.000000000000000 ) ;
#2681 = VECTOR ( 'NONE', #1490, 1000.000000000000000 ) ;
#2682 = ORIENTED_EDGE ( 'NONE', *, *, #194, .T. ) ;
#2683 = CYLINDRICAL_SURFACE ( 'NONE', #1080, 1.699999999999988853 ) ;
#2684 = ORIENTED_EDGE ( 'NONE', *, *, #1574, .F. ) ;
#2685 = CARTESIAN_POINT ( 'NONE',  ( 89.25999999999999091, 5.000000000000039968, 97.00000000000001421 ) ) ;
#2686 = CARTESIAN_POINT ( 'NONE',  ( 4.000000000000001776, 2.000000000000008882, 15.79999999999999538 ) ) ;
#2687 = LINE ( 'NONE', #3005, #3589 ) ;
#2688 = ADVANCED_FACE ( 'NONE', ( #1089 ), #3721, .F. ) ;
#2689 = ORIENTED_EDGE ( 'NONE', *, *, #3597, .F. ) ;
#2690 = FACE_OUTER_BOUND ( 'NONE', #4057, .T. ) ;
#2691 = ORIENTED_EDGE ( 'NONE', *, *, #4249, .T. ) ;
#2692 = LINE ( 'NONE', #1071, #2900 ) ;
#2693 = CIRCLE ( 'NONE', #3308, 3.500000000000003109 ) ;
#2694 = VERTEX_POINT ( 'NONE', #525 ) ;
#2695 = ORIENTED_EDGE ( 'NONE', *, *, #3794, .F. ) ;
#2696 = CARTESIAN_POINT ( 'NONE',  ( 124.0000000000000000, 2.347217747966114931, 97.99999999999995737 ) ) ;
#2697 = CIRCLE ( 'NONE', #1453, 0.9499999999999925171 ) ;
#2698 = DIRECTION ( 'NONE',  ( 1.000000000000000000, 0.000000000000000000, 0.000000000000000000 ) ) ;
#2699 = EDGE_CURVE ( 'NONE', #1913, #480, #3805, .T. ) ;
#2700 = DIRECTION ( 'NONE',  ( -1.000000000000000000, 0.000000000000000000, 0.000000000000000000 ) ) ;
#2701 = DIRECTION ( 'NONE',  ( -0.000000000000000000, 1.000000000000000000, -0.000000000000000000 ) ) ;
#2702 = DIRECTION ( 'NONE',  ( -0.000000000000000000, -0.000000000000000000, 1.000000000000000000 ) ) ;
#2703 = EDGE_CURVE ( 'NONE', #3812, #472, #506, .T. ) ;
#2704 = ORIENTED_EDGE ( 'NONE', *, *, #1717, .T. ) ;
#2705 = CYLINDRICAL_SURFACE ( 'NONE', #1427, 0.9499999999999925171 ) ;
#2706 = ORIENTED_EDGE ( 'NONE', *, *, #2726, .F. ) ;
#2707 = FACE_OUTER_BOUND ( 'NONE', #1408, .T. ) ;
#2708 = DIRECTION ( 'NONE',  ( -2.168404344971006896E-16, 1.000000000000000000, 0.000000000000000000 ) ) ;
#2709 = VERTEX_POINT ( 'NONE', #4071 ) ;
#2710 = DIRECTION ( 'NONE',  ( 0.000000000000000000, 1.000000000000000000, 0.000000000000000000 ) ) ;
#2711 = EDGE_CURVE ( 'NONE', #2595, #3637, #648, .T. ) ;
#2712 = ORIENTED_EDGE ( 'NONE', *, *, #2867, .F. ) ;
#2713 = DIRECTION ( 'NONE',  ( -0.000000000000000000, -0.000000000000000000, -1.000000000000000000 ) ) ;
#2714 = VECTOR ( 'NONE', #3385, 1000.000000000000114 ) ;
#2715 = ORIENTED_EDGE ( 'NONE', *, *, #3550, .T. ) ;
#2716 = ORIENTED_EDGE ( 'NONE', *, *, #38, .T. ) ;
#2717 = DIRECTION ( 'NONE',  ( -1.000000000000000000, 0.000000000000000000, 0.000000000000000000 ) ) ;
#2718 = CARTESIAN_POINT ( 'NONE',  ( 4.000000000000001776, 23.89999999999999858, 4.000000000000001776 ) ) ;
#2719 = DIRECTION ( 'NONE',  ( -1.000000000000000000, -0.000000000000000000, -0.000000000000000000 ) ) ;
#2720 = DIRECTION ( 'NONE',  ( 1.000000000000000000, 0.000000000000000000, 0.000000000000000000 ) ) ;
#2721 = ORIENTED_EDGE ( 'NONE', *, *, #641, .F. ) ;
#2722 = DIRECTION ( 'NONE',  ( 1.000000000000000000, 0.000000000000000000, 0.000000000000000000 ) ) ;
#2723 = ORIENTED_EDGE ( 'NONE', *, *, #1435, .T. ) ;
#2724 = PLANE ( 'NONE',  #3818 ) ;
#2725 = CARTESIAN_POINT ( 'NONE',  ( 119.0000000000000000, 5.000000000000044409, 25.87999999999999901 ) ) ;
#2726 = EDGE_CURVE ( 'NONE', #1650, #1010, #2812, .T. ) ;
#2727 = LINE ( 'NONE', #3325, #565 ) ;
#2728 = VECTOR ( 'NONE', #264, 1000.000000000000000 ) ;
#2729 = ORIENTED_EDGE ( 'NONE', *, *, #1415, .F. ) ;
#2730 = FACE_OUTER_BOUND ( 'NONE', #632, .T. ) ;
#2731 = EDGE_LOOP ( 'NONE', ( #622, #1068, #2444, #2156 ) ) ;
#2732 = VECTOR ( 'NONE', #2318, 1000.000000000000000 ) ;
#2733 = VECTOR ( 'NONE', #1758, 1000.000000000000000 ) ;
#2734 = AXIS2_PLACEMENT_3D ( 'NONE', #3363, #1407, #697 ) ;
#2735 = EDGE_CURVE ( 'NONE', #2939, #1689, #3786, .T. ) ;
#2736 = VECTOR ( 'NONE', #2511, 1000.000000000000000 ) ;
#2737 = AXIS2_PLACEMENT_3D ( 'NONE', #2449, #1077, #2128 ) ;
#2738 = ORIENTED_EDGE ( 'NONE', *, *, #3567, .T. ) ;
#2739 = CARTESIAN_POINT ( 'NONE',  ( 64.00000000000001421, 25.89999999999999858, 2.000000000000001776 ) ) ;
#2740 = CARTESIAN_POINT ( 'NONE',  ( 1.300000000000012035, 3.000000000000000000, 106.0000000000000000 ) ) ;
#2741 = AXIS2_PLACEMENT_3D ( 'NONE', #248, #655, #2594 ) ;
#2742 = AXIS2_PLACEMENT_3D ( 'NONE', #2069, #3956, #3303 ) ;
#2743 = DIRECTION ( 'NONE',  ( 0.000000000000000000, -1.000000000000000000, -0.000000000000000000 ) ) ;
#2744 = LINE ( 'NONE', #137, #2220 ) ;
#2745 = ORIENTED_EDGE ( 'NONE', *, *, #4097, .F. ) ;
#2746 = DIRECTION ( 'NONE',  ( -1.000000000000000000, -0.000000000000000000, -0.000000000000000000 ) ) ;
#2747 = ORIENTED_EDGE ( 'NONE', *, *, #3272, .T. ) ;
#2748 = LINE ( 'NONE', #1169, #2986 ) ;
#2749 = DIRECTION ( 'NONE',  ( -0.000000000000000000, 1.000000000000000000, -0.000000000000000000 ) ) ;
#2750 = DIRECTION ( 'NONE',  ( 1.228762462150238769E-16, -1.000000000000000000, 0.000000000000000000 ) ) ;
#2751 = EDGE_CURVE ( 'NONE', #1282, #2031, #1196, .T. ) ;
#2752 = EDGE_LOOP ( 'NONE', ( #1940, #2923, #3875, #3923, #1983 ) ) ;
#2753 = CARTESIAN_POINT ( 'NONE',  ( 60.00000000000000000, 17.89999999999999503, 112.0000000000000000 ) ) ;
#2754 = ORIENTED_EDGE ( 'NONE', *, *, #845, .T. ) ;
#2755 = DIRECTION ( 'NONE',  ( -1.000000000000000000, 0.000000000000000000, 0.000000000000000000 ) ) ;
#2756 = EDGE_CURVE ( 'NONE', #3540, #548, #3132, .T. ) ;
#2757 = ORIENTED_EDGE ( 'NONE', *, *, #2199, .F. ) ;
#2758 = ORIENTED_EDGE ( 'NONE', *, *, #418, .T. ) ;
#2759 = CARTESIAN_POINT ( 'NONE',  ( 120.0000000000000000, 2.347217747966109602, 102.0000000000000142 ) ) ;
#2760 = CARTESIAN_POINT ( 'NONE',  ( 9.000000000000021316, 23.89999999999999858, 105.0000000000000568 ) ) ;
#2761 = AXIS2_PLACEMENT_3D ( 'NONE', #3312, #3271, #2252 ) ;
#2762 = LINE ( 'NONE', #823, #1420 ) ;
#2763 = EDGE_CURVE ( 'NONE', #729, #124, #2748, .T. ) ;
#2764 = CARTESIAN_POINT ( 'NONE',  ( 6.000000000000002665, 17.89999999999999503, 102.0000000000000142 ) ) ;
#2765 = VECTOR ( 'NONE', #4028, 1000.000000000000000 ) ;
#2766 = B_SPLINE_CURVE_WITH_KNOTS ( 'NONE', 3,
 ( #2668, #3990, #1032, #2336, #3663, #706, #625, #1927 ),
 .UNSPECIFIED., .F., .F.,
 ( 4, 2, 2, 4 ),
 ( 6.952433221959954168E-18, 0.002089693216081448847, 0.003134539824122164163, 0.004179386432162880347 ),
 .UNSPECIFIED. ) ;
#2767 = ORIENTED_EDGE ( 'NONE', *, *, #2466, .T. ) ;
#2768 = PLANE ( 'NONE',  #1215 ) ;
#2769 = ORIENTED_EDGE ( 'NONE', *, *, #2369, .T. ) ;
#2770 = LINE ( 'NONE', #3109, #2429 ) ;
#2771 = DIRECTION ( 'NONE',  ( 1.000000000000000000, 0.000000000000000000, 0.000000000000000000 ) ) ;
#2772 = DIRECTION ( 'NONE',  ( 0.8571673007021121116, 0.000000000000000000, 0.5150380749100544886 ) ) ;
#2773 = ORIENTED_EDGE ( 'NONE', *, *, #2254, .T. ) ;
#2774 = LINE ( 'NONE', #4159, #4056 ) ;
#2775 = EDGE_LOOP ( 'NONE', ( #650, #2625, #1437 ) ) ;
#2776 = CARTESIAN_POINT ( 'NONE',  ( 4.000000000000001776, 27.99999999999999645, 112.0000000000000000 ) ) ;
#2777 = ORIENTED_EDGE ( 'NONE', *, *, #1687, .T. ) ;
#2778 = DIRECTION ( 'NONE',  ( 1.000000000000000000, 5.782411586589352708E-16, -0.000000000000000000 ) ) ;
#2779 = VERTEX_POINT ( 'NONE', #1830 ) ;
#2780 = CARTESIAN_POINT ( 'NONE',  ( 2.000000000000001776, 2.000000000000008882, 112.0000000000000000 ) ) ;
#2781 = DIRECTION ( 'NONE',  ( -1.000000000000000000, 0.000000000000000000, 0.000000000000000000 ) ) ;
#2782 = ADVANCED_FACE ( 'NONE', ( #1431 ), #2482, .F. ) ;
#2783 = EDGE_LOOP ( 'NONE', ( #246, #2463, #149, #1677 ) ) ;
#2784 = LINE ( 'NONE', #4086, #3413 ) ;
#2785 = DIRECTION ( 'NONE',  ( -0.6917144638660748246, 0.2075143391598210652, 0.6917144638660748246 ) ) ;
#2786 = ORIENTED_EDGE ( 'NONE', *, *, #364, .F. ) ;
#2787 = CARTESIAN_POINT ( 'NONE',  ( 2.000000000000001776, 27.99999999999999645, 4.000000000000000000 ) ) ;
#2788 = EDGE_CURVE ( 'NONE', #2649, #4088, #201, .T. ) ;
#2789 = LINE ( 'NONE', #2399, #2714 ) ;
#2790 = DIRECTION ( 'NONE',  ( -0.000000000000000000, -0.000000000000000000, 1.000000000000000000 ) ) ;
#2791 = B_SPLINE_CURVE_WITH_KNOTS ( 'NONE', 3,
 ( #2696, #346, #3643, #689, #1995, #2016, #3666, #709, #1056, #2364, #3687, #775, #473, #2759 ),
 .UNSPECIFIED., .F., .F.,
 ( 4, 2, 2, 2, 2, 2, 4 ),
 ( 0.000000000000000000, 0.001447729061215550454, 0.002895458122431100907, 0.003257390387734981473, 0.003619322653038862039, 0.004343187183646594549, 0.005790916244862057832 ),
 .UNSPECIFIED. ) ;
#2792 = ORIENTED_EDGE ( 'NONE', *, *, #2027, .F. ) ;
#2793 = CARTESIAN_POINT ( 'NONE',  ( 124.0000000000000000, 2.000000000000044409, 2.000000000000000000 ) ) ;
#2794 = ORIENTED_EDGE ( 'NONE', *, *, #1657, .T. ) ;
#2795 = PLANE ( 'NONE',  #2337 ) ;
#2796 = VERTEX_POINT ( 'NONE', #1450 ) ;
#2797 = DIRECTION ( 'NONE',  ( 1.000000000000000000, 0.000000000000000000, 0.000000000000000000 ) ) ;
#2798 = VECTOR ( 'NONE', #4084, 1000.000000000000000 ) ;
#2799 = ORIENTED_EDGE ( 'NONE', *, *, #1928, .F. ) ;
#2800 = DIRECTION ( 'NONE',  ( -0.7071067811865474617, 0.000000000000000000, 0.7071067811865474617 ) ) ;
#2801 = LINE ( 'NONE', #4126, #2999 ) ;
#2802 = DIRECTION ( 'NONE',  ( 0.000000000000000000, 0.000000000000000000, -1.000000000000000000 ) ) ;
#2803 = EDGE_CURVE ( 'NONE', #3630, #271, #2770, .T. ) ;
#2804 = AXIS2_PLACEMENT_3D ( 'NONE', #3357, #1718, #349 ) ;
#2805 = EDGE_CURVE ( 'NONE', #2385, #1387, #178, .T. ) ;
#2806 = EDGE_LOOP ( 'NONE', ( #3942, #2420, #226, #2672, #1323, #3195 ) ) ;
#2807 = CARTESIAN_POINT ( 'NONE',  ( 60.00000000000000000, 26.49999999999999645, 4.000000000000000888 ) ) ;
#2808 = DIRECTION ( 'NONE',  ( -0.000000000000000000, -0.000000000000000000, 1.000000000000000000 ) ) ;
#2809 = EDGE_CURVE ( 'NONE', #1107, #3547, #1058, .T. ) ;
#2810 = ORIENTED_EDGE ( 'NONE', *, *, #2947, .T. ) ;
#2811 = CARTESIAN_POINT ( 'NONE',  ( 64.00000000000000000, 2.000000000000036859, 112.0000000000000000 ) ) ;
#2812 = LINE ( 'NONE', #4110, #100 ) ;
#2813 = EDGE_CURVE ( 'NONE', #2948, #2326, #1489, .T. ) ;
#2814 = VERTEX_POINT ( 'NONE', #1936 ) ;
#2815 = DIRECTION ( 'NONE',  ( -0.000000000000000000, -0.000000000000000000, 1.000000000000000000 ) ) ;
#2816 = VERTEX_POINT ( 'NONE', #3892 ) ;
#2817 = ADVANCED_FACE ( 'NONE', ( #4174, #916 ), #1578, .T. ) ;
#2818 = DIRECTION ( 'NONE',  ( -0.000000000000000000, -0.000000000000000000, -1.000000000000000000 ) ) ;
#2819 = ORIENTED_EDGE ( 'NONE', *, *, #3128, .T. ) ;
#2820 = VECTOR ( 'NONE', #3806, 1000.000000000000114 ) ;
#2821 = CARTESIAN_POINT ( 'NONE',  ( 62.00000000000000000, 27.99999999999999645, 2.000000000000000000 ) ) ;
#2822 = ORIENTED_EDGE ( 'NONE', *, *, #1194, .F. ) ;
#2823 = DIRECTION ( 'NONE',  ( -0.9578262852211517631, 0.2873478855663438303, 0.000000000000000000 ) ) ;
#2824 = DIRECTION ( 'NONE',  ( 1.228762462150238769E-16, -1.000000000000000000, -0.000000000000000000 ) ) ;
#2825 = FACE_OUTER_BOUND ( 'NONE', #2838, .T. ) ;
#2826 = EDGE_CURVE ( 'NONE', #1385, #3828, #2639, .T. ) ;
#2827 = DIRECTION ( 'NONE',  ( -1.228762462150238769E-16, 1.000000000000000000, 0.000000000000000000 ) ) ;
#2828 = DIRECTION ( 'NONE',  ( -0.000000000000000000, -0.000000000000000000, -1.000000000000000000 ) ) ;
#2829 = VECTOR ( 'NONE', #2183, 1000.000000000000000 ) ;
#2830 = ORIENTED_EDGE ( 'NONE', *, *, #2577, .F. ) ;
#2831 = DIRECTION ( 'NONE',  ( -1.000000000000000000, 0.000000000000000000, 0.000000000000000000 ) ) ;
#2832 = CARTESIAN_POINT ( 'NONE',  ( 4.000000000000001776, 23.89999999999999858, 99.99999999999997158 ) ) ;
#2833 = CARTESIAN_POINT ( 'NONE',  ( 124.0000000000000000, 2.401923788646722624, 97.00000000000000000 ) ) ;
#2834 = CIRCLE ( 'NONE', #698, 1.699999999999993072 ) ;
#2835 = ADVANCED_FACE ( 'NONE', ( #2503 ), #1371, .F. ) ;
#2836 = VERTEX_POINT ( 'NONE', #2218 ) ;
#2837 = CARTESIAN_POINT ( 'NONE',  ( 98.26000000000000512, 7.000000000000040856, 25.87999999999999901 ) ) ;
#2838 = EDGE_LOOP ( 'NONE', ( #2404, #1580, #398, #1486 ) ) ;
#2839 = CARTESIAN_POINT ( 'NONE',  ( 95.75999999999999091, 5.000000000000040856, 97.00000000000001421 ) ) ;
#2841 = EDGE_CURVE ( 'NONE', #3637, #2595, #1707, .T. ) ;
#2840 = ORIENTED_EDGE ( 'NONE', *, *, #1612, .F. ) ;
#2842 = DIRECTION ( 'NONE',  ( 0.000000000000000000, 0.000000000000000000, 1.000000000000000000 ) ) ;
#2843 = EDGE_CURVE ( 'NONE', #1107, #3793, #223, .T. ) ;
#2844 = ORIENTED_EDGE ( 'NONE', *, *, #3147, .T. ) ;
#2845 = LINE ( 'NONE', #1226, #2039 ) ;
#2846 = CYLINDRICAL_SURFACE ( 'NONE', #3141, 3.499999999999989342 ) ;
#2847 = EDGE_CURVE ( 'NONE', #2057, #151, #1191, .T. ) ;
#2848 = DIRECTION ( 'NONE',  ( 0.000000000000000000, 0.000000000000000000, -1.000000000000000000 ) ) ;
#2849 = DIRECTION ( 'NONE',  ( 0.000000000000000000, -1.000000000000000000, 0.000000000000000000 ) ) ;
#2850 = DIRECTION ( 'NONE',  ( 0.000000000000000000, 0.000000000000000000, 1.000000000000000000 ) ) ;
#2851 = VECTOR ( 'NONE', #1761, 1000.000000000000000 ) ;
#2852 = ORIENTED_EDGE ( 'NONE', *, *, #1673, .F. ) ;
#2853 = DIRECTION ( 'NONE',  ( 0.000000000000000000, -1.000000000000000000, 0.000000000000000000 ) ) ;
#2854 = CARTESIAN_POINT ( 'NONE',  ( 66.00000000000000000, 17.89999999999999503, 102.0000000000000142 ) ) ;
#2855 = LINE ( 'NONE', #4175, #3717 ) ;
#2856 = ORIENTED_EDGE ( 'NONE', *, *, #2962, .F. ) ;
#2857 = EDGE_CURVE ( 'NONE', #1932, #918, #1512, .T. ) ;
#2858 = LINE ( 'NONE', #978, #1497 ) ;
#2859 = VERTEX_POINT ( 'NONE', #2877 ) ;
#2860 = LINE ( 'NONE', #1474, #1584 ) ;
#2861 = VERTEX_POINT ( 'NONE', #2832 ) ;
#2862 = CARTESIAN_POINT ( 'NONE',  ( 64.00000000000000000, 14.50000000000001599, 87.00000000000000000 ) ) ;
#2863 = VERTEX_POINT ( 'NONE', #2854 ) ;
#2864 = CARTESIAN_POINT ( 'NONE',  ( 119.0000000000000000, 7.000000000000043521, 97.00000000000000000 ) ) ;
#2865 = DIRECTION ( 'NONE',  ( 0.000000000000000000, 0.000000000000000000, 1.000000000000000000 ) ) ;
#2866 = CARTESIAN_POINT ( 'NONE',  ( 124.0000000000000000, 2.401923788646722624, 97.00000000000000000 ) ) ;
#2867 = EDGE_CURVE ( 'NONE', #1992, #314, #1254, .T. ) ;
#2868 = EDGE_CURVE ( 'NONE', #1790, #764, #2569, .T. ) ;
#2869 = DIRECTION ( 'NONE',  ( 1.000000000000000000, 0.000000000000000000, 0.000000000000000000 ) ) ;
#2870 = CARTESIAN_POINT ( 'NONE',  ( 3.000000000000000000, 20.89999999999999503, 112.0000000000000000 ) ) ;
#2871 = VECTOR ( 'NONE', #1018, 1000.000000000000000 ) ;
#2872 = VECTOR ( 'NONE', #1468, 1000.000000000000000 ) ;
#2873 = AXIS2_PLACEMENT_3D ( 'NONE', #4125, #235, #1159 ) ;
#2874 = VERTEX_POINT ( 'NONE', #614 ) ;
#2875 = AXIS2_PLACEMENT_3D ( 'NONE', #150, #4123, #2471 ) ;
#2876 = LINE ( 'NONE', #2196, #3215 ) ;
#2877 = CARTESIAN_POINT ( 'NONE',  ( 121.3000000000000114, 3.000000000000000000, 106.0000000000000000 ) ) ;
#2878 = CARTESIAN_POINT ( 'NONE',  ( 64.00000000000000000, 14.50000000000001599, 87.00000000000000000 ) ) ;
#2879 = AXIS2_PLACEMENT_3D ( 'NONE', #637, #3521, #3876 ) ;
#2880 = ORIENTED_EDGE ( 'NONE', *, *, #630, .T. ) ;
#2881 = CARTESIAN_POINT ( 'NONE',  ( 63.00000000000000000, 3.000000000000000000, 112.0000000000000000 ) ) ;
#2882 = VERTEX_POINT ( 'NONE', #3825 ) ;
#2883 = EDGE_CURVE ( 'NONE', #1145, #2836, #1439, .T. ) ;
#2884 = CARTESIAN_POINT ( 'NONE',  ( 4.699999999999989519, 20.89999999999999503, 112.0000000000000000 ) ) ;
#2885 = ORIENTED_EDGE ( 'NONE', *, *, #1713, .F. ) ;
#2886 = DIRECTION ( 'NONE',  ( 0.000000000000000000, -1.000000000000000000, 0.000000000000000000 ) ) ;
#2887 = EDGE_LOOP ( 'NONE', ( #3939, #3766, #3916, #3485 ) ) ;
#2888 = LINE ( 'NONE', #2538, #3628 ) ;
#2889 = CARTESIAN_POINT ( 'NONE',  ( 120.0000000000000000, 17.89999999999997726, 102.0000000000000142 ) ) ;
#2890 = CARTESIAN_POINT ( 'NONE',  ( 2.000000000000001776, 6.000000000000015987, 102.0000000000000142 ) ) ;
#2891 = ADVANCED_FACE ( 'NONE', ( #3221 ), #3872, .T. ) ;
#2892 = AXIS2_PLACEMENT_3D ( 'NONE', #1343, #4005, #2049 ) ;
#2893 = DIRECTION ( 'NONE',  ( -8.673617379884035472E-16, 1.000000000000000000, -0.000000000000000000 ) ) ;
#2894 = CARTESIAN_POINT ( 'NONE',  ( 25.50000000000000711, 1.500000000000011324, 92.00000000000000000 ) ) ;
#2895 = EDGE_LOOP ( 'NONE', ( #4196, #2, #4101, #59 ) ) ;
#2896 = EDGE_CURVE ( 'NONE', #3673, #1107, #4156, .T. ) ;
#2897 = DIRECTION ( 'NONE',  ( -1.000000000000000000, 0.000000000000000000, -0.000000000000000000 ) ) ;
#2898 = CARTESIAN_POINT ( 'NONE',  ( 95.75999999999999091, 7.000000000000040856, 25.87999999999999901 ) ) ;
#2899 = DIRECTION ( 'NONE',  ( -1.000000000000000000, 0.000000000000000000, -0.000000000000000000 ) ) ;
#2900 = VECTOR ( 'NONE', #4013, 1000.000000000000000 ) ;
#2901 = ORIENTED_EDGE ( 'NONE', *, *, #3970, .F. ) ;
#2902 = CARTESIAN_POINT ( 'NONE',  ( 121.3000000000000114, 20.89999999999999503, 106.0000000000000000 ) ) ;
#2903 = AXIS2_PLACEMENT_3D ( 'NONE', #2285, #1261, #2224 ) ;
#2904 = EDGE_LOOP ( 'NONE', ( #1406, #90 ) ) ;
#2905 = DIRECTION ( 'NONE',  ( -1.000000000000000000, 0.000000000000000000, 0.000000000000000000 ) ) ;
#2906 = ORIENTED_EDGE ( 'NONE', *, *, #523, .T. ) ;
#2907 = FACE_OUTER_BOUND ( 'NONE', #952, .T. ) ;
#2908 = ORIENTED_EDGE ( 'NONE', *, *, #2997, .F. ) ;
#2909 = CARTESIAN_POINT ( 'NONE',  ( 64.00000000000000000, 2.000000000000036859, 99.99999999999997158 ) ) ;
#2910 = DIRECTION ( 'NONE',  ( 0.000000000000000000, -0.000000000000000000, 1.000000000000000000 ) ) ;
#2911 = EDGE_CURVE ( 'NONE', #3741, #2948, #244, .T. ) ;
#2912 = DIRECTION ( 'NONE',  ( 0.000000000000000000, 0.5150380749100568201, 0.8571673007021107793 ) ) ;
#2913 = CARTESIAN_POINT ( 'NONE',  ( 1.300000000000011147, 20.89999999999999503, 112.0000000000000000 ) ) ;
#2914 = ORIENTED_EDGE ( 'NONE', *, *, #4264, .F. ) ;
#2915 = DIRECTION ( 'NONE',  ( 0.000000000000000000, -0.000000000000000000, -1.000000000000000000 ) ) ;
#2916 = CARTESIAN_POINT ( 'NONE',  ( 64.00000000000000000, 2.000000000000036859, 2.000000000000000000 ) ) ;
#2917 = AXIS2_PLACEMENT_3D ( 'NONE', #999, #2024, #2305 ) ;
#2918 = EDGE_CURVE ( 'NONE', #3520, #2378, #2238, .T. ) ;
#2919 = ORIENTED_EDGE ( 'NONE', *, *, #1257, .F. ) ;
#2920 = DIRECTION ( 'NONE',  ( 0.000000000000000000, -0.000000000000000000, 1.000000000000000000 ) ) ;
#2921 = ORIENTED_EDGE ( 'NONE', *, *, #1640, .T. ) ;
#2922 = DIRECTION ( 'NONE',  ( -0.000000000000000000, 1.000000000000000000, -0.000000000000000000 ) ) ;
#2923 = ORIENTED_EDGE ( 'NONE', *, *, #3901, .T. ) ;
#2924 = CARTESIAN_POINT ( 'NONE',  ( 124.0000000000000000, 2.000000000000044409, 92.84668806854097056 ) ) ;
#2925 = ORIENTED_EDGE ( 'NONE', *, *, #588, .T. ) ;
#2926 = DIRECTION ( 'NONE',  ( 0.000000000000000000, 1.000000000000000000, 0.000000000000000000 ) ) ;
#2927 = EDGE_LOOP ( 'NONE', ( #2856, #1243, #4227, #2921 ) ) ;
#2928 = DIRECTION ( 'NONE',  ( 0.000000000000000000, 0.000000000000000000, -1.000000000000000000 ) ) ;
#2929 = CARTESIAN_POINT ( 'NONE',  ( 63.00000000000000000, 20.89999999999999503, 112.0000000000000000 ) ) ;
#2930 = ADVANCED_FACE ( 'NONE', ( #2176 ), #893, .F. ) ;
#2931 = FACE_OUTER_BOUND ( 'NONE', #4177, .T. ) ;
#2932 = DIRECTION ( 'NONE',  ( -1.000000000000000000, 0.000000000000000000, 0.000000000000000000 ) ) ;
#2933 = CIRCLE ( 'NONE', #800, 3.500000000000003109 ) ;
#2934 = AXIS2_PLACEMENT_3D ( 'NONE', #2133, #4134, #3403 ) ;
#2935 = DIRECTION ( 'NONE',  ( 0.000000000000000000, 1.000000000000000000, 0.000000000000000000 ) ) ;
#2936 = LINE ( 'NONE', #955, #122 ) ;
#2937 = AXIS2_PLACEMENT_3D ( 'NONE', #2365, #2060, #1779 ) ;
#2938 = AXIS2_PLACEMENT_3D ( 'NONE', #2163, #2445, #211 ) ;
#2939 = VERTEX_POINT ( 'NONE', #4238 ) ;
#2940 = DIRECTION ( 'NONE',  ( -0.000000000000000000, 1.000000000000000000, -0.000000000000000000 ) ) ;
#2941 = ORIENTED_EDGE ( 'NONE', *, *, #868, .T. ) ;
#2942 = AXIS2_PLACEMENT_3D ( 'NONE', #2334, #3681, #2710 ) ;
#2943 = DIRECTION ( 'NONE',  ( 0.000000000000000000, 0.000000000000000000, 1.000000000000000000 ) ) ;
#2944 = VERTEX_POINT ( 'NONE', #634 ) ;
#2945 = VECTOR ( 'NONE', #3035, 1000.000000000000114 ) ;
#2946 = DIRECTION ( 'NONE',  ( 0.7071067811865425767, 8.177564888977938704E-17, -0.7071067811865525687 ) ) ;
#2947 = EDGE_CURVE ( 'NONE', #2816, #1926, #3498, .T. ) ;
#2948 = VERTEX_POINT ( 'NONE', #1954 ) ;
#2949 = CARTESIAN_POINT ( 'NONE',  ( 4.699999999999989519, 3.000000000000000000, 112.0000000000000000 ) ) ;
#2950 = EDGE_LOOP ( 'NONE', ( #40, #1749, #1741, #1667, #427, #3527, #3542 ) ) ;
#2951 = LINE ( 'NONE', #2275, #1552 ) ;
#2952 = DIRECTION ( 'NONE',  ( 1.000000000000000000, 1.228762462150238769E-16, 0.000000000000000000 ) ) ;
#2953 = ADVANCED_FACE ( 'NONE', ( #739 ), #3858, .F. ) ;
#2954 = ORIENTED_EDGE ( 'NONE', *, *, #172, .F. ) ;
#2955 = VECTOR ( 'NONE', #1831, 1000.000000000000000 ) ;
#2956 = LINE ( 'NONE', #1360, #2172 ) ;
#2957 = CARTESIAN_POINT ( 'NONE',  ( 6.000000000000001776, 6.000000000000015987, 112.0000000000000000 ) ) ;
#2958 = ORIENTED_EDGE ( 'NONE', *, *, #3997, .T. ) ;
#2959 = CARTESIAN_POINT ( 'NONE',  ( 122.4999999999999858, 7.000000000000044409, 97.00000000000000000 ) ) ;
#2960 = EDGE_LOOP ( 'NONE', ( #4046, #1839 ) ) ;
#2961 = LINE ( 'NONE', #13, #1846 ) ;
#2962 = EDGE_CURVE ( 'NONE', #3780, #2816, #350, .T. ) ;
#2963 = DIRECTION ( 'NONE',  ( -1.000000000000000000, 0.000000000000000000, -0.000000000000000000 ) ) ;
#2964 =( GEOMETRIC_REPRESENTATION_CONTEXT ( 3 ) GLOBAL_UNCERTAINTY_ASSIGNED_CONTEXT ( ( #451 ) ) GLOBAL_UNIT_ASSIGNED_CONTEXT ( ( #382, #772, #2358 ) ) REPRESENTATION_CONTEXT ( 'NONE', 'WORKASPACE' ) );
#2965 = ORIENTED_EDGE ( 'NONE', *, *, #3550, .F. ) ;
#2966 = DIRECTION ( 'NONE',  ( 0.7071067811865500152, -0.000000000000000000, -0.7071067811865451302 ) ) ;
#2967 = ORIENTED_EDGE ( 'NONE', *, *, #2466, .F. ) ;
#2968 = CYLINDRICAL_SURFACE ( 'NONE', #2478, 0.9499999999999925171 ) ;
#2969 =( GEOMETRIC_REPRESENTATION_CONTEXT ( 3 ) GLOBAL_UNCERTAINTY_ASSIGNED_CONTEXT ( ( #1737 ) ) GLOBAL_UNIT_ASSIGNED_CONTEXT ( ( #101, #1368, #2026 ) ) REPRESENTATION_CONTEXT ( 'NONE', 'WORKASPACE' ) );
#2970 = ADVANCED_FACE ( 'NONE', ( #693 ), #3297, .F. ) ;
#2971 = EDGE_CURVE ( 'NONE', #1753, #3760, #477, .T. ) ;
#2972 = ORIENTED_EDGE ( 'NONE', *, *, #1270, .F. ) ;
#2973 = DIRECTION ( 'NONE',  ( 1.049727191138616723E-16, 0.5150380749100568201, -0.8571673007021107793 ) ) ;
#2974 = CARTESIAN_POINT ( 'NONE',  ( 4.000000000000001776, 1.500000000000008660, 15.79999999999999538 ) ) ;
#2975 = VERTEX_POINT ( 'NONE', #3024 ) ;
#2976 = CARTESIAN_POINT ( 'NONE',  ( 122.0000000000000000, 23.89999999999999858, 99.99999999999998579 ) ) ;
#2977 = DIRECTION ( 'NONE',  ( -1.000000000000000000, 0.000000000000000000, 0.000000000000000000 ) ) ;
#2978 = ORIENTED_EDGE ( 'NONE', *, *, #707, .F. ) ;
#2979 = CARTESIAN_POINT ( 'NONE',  ( 119.0000000000000000, 2.000000000000043521, 25.87999999999999901 ) ) ;
#2980 = ORIENTED_EDGE ( 'NONE', *, *, #995, .T. ) ;
#2981 = CARTESIAN_POINT ( 'NONE',  ( 119.0000000000000000, 2.000000000000043521, 97.00000000000000000 ) ) ;
#2982 = FACE_OUTER_BOUND ( 'NONE', #1646, .T. ) ;
#2983 = FACE_OUTER_BOUND ( 'NONE', #2731, .T. ) ;
#2984 = AXIS2_PLACEMENT_3D ( 'NONE', #3450, #2808, #3061 ) ;
#2985 = EDGE_CURVE ( 'NONE', #1689, #3477, #1615, .T. ) ;
#2986 = VECTOR ( 'NONE', #3405, 1000.000000000000000 ) ;
#2987 = ORIENTED_EDGE ( 'NONE', *, *, #1467, .F. ) ;
#2988 = DIRECTION ( 'NONE',  ( -0.7071067811865439090, 0.000000000000000000, -0.7071067811865512365 ) ) ;
#2989 = VERTEX_POINT ( 'NONE', #3606 ) ;
#2990 = CYLINDRICAL_SURFACE ( 'NONE', #2761, 1.699999999999993072 ) ;
#2991 = ORIENTED_EDGE ( 'NONE', *, *, #2192, .T. ) ;
#2992 = ORIENTED_EDGE ( 'NONE', *, *, #1011, .F. ) ;
#2993 = DIRECTION ( 'NONE',  ( 0.2873478855663435527, 0.9578262852211519851, -0.000000000000000000 ) ) ;
#2994 = CARTESIAN_POINT ( 'NONE',  ( 64.00000000000001421, 22.39999999999999503, 102.0000000000000142 ) ) ;
#2995 = CARTESIAN_POINT ( 'NONE',  ( 116.9999999999999858, 23.89999999999999858, 105.0000000000000568 ) ) ;
#2996 = CARTESIAN_POINT ( 'NONE',  ( 119.0000000000000000, 7.000000000000043521, 24.93000000000000682 ) ) ;
#2997 = EDGE_CURVE ( 'NONE', #2874, #1385, #4203, .T. ) ;
#2998 = CARTESIAN_POINT ( 'NONE',  ( 95.75999999999999091, 6.000000000000040856, 25.87999999999999901 ) ) ;
#2999 = VECTOR ( 'NONE', #1160, 1000.000000000000000 ) ;
#3000 = ORIENTED_EDGE ( 'NONE', *, *, #3470, .F. ) ;
#3001 = FACE_OUTER_BOUND ( 'NONE', #2408, .T. ) ;
#3002 = ORIENTED_EDGE ( 'NONE', *, *, #2352, .T. ) ;
#3003 = DIRECTION ( 'NONE',  ( -1.000000000000000000, 0.000000000000000000, -0.000000000000000000 ) ) ;
#3004 = CARTESIAN_POINT ( 'NONE',  ( 6.000000000000001776, 23.89999999999999858, 112.0000000000000000 ) ) ;
#3005 = CARTESIAN_POINT ( 'NONE',  ( 64.69999999999998863, 20.89999999999999503, 106.0000000000000000 ) ) ;
#3006 = VECTOR ( 'NONE', #3753, 1000.000000000000000 ) ;
#3007 = AXIS2_PLACEMENT_3D ( 'NONE', #568, #2194, #2850 ) ;
#3008 = TOROIDAL_SURFACE ( 'NONE', #1008, 2.499999999999992450, 1.000000000000000000 ) ;
#3009 = ORIENTED_EDGE ( 'NONE', *, *, #403, .T. ) ;
#3010 = EDGE_CURVE ( 'NONE', #3755, #2021, #652, .T. ) ;
#3011 = LINE ( 'NONE', #60, #2945 ) ;
#3012 = VECTOR ( 'NONE', #1388, 1000.000000000000000 ) ;
#3013 = CIRCLE ( 'NONE', #123, 1.000000000000000888 ) ;
#3014 = ORIENTED_EDGE ( 'NONE', *, *, #266, .F. ) ;
#3015 = VECTOR ( 'NONE', #2988, 1000.000000000000000 ) ;
#3016 = VERTEX_POINT ( 'NONE', #1297 ) ;
#3017 = ORIENTED_EDGE ( 'NONE', *, *, #716, .F. ) ;
#3018 = LINE ( 'NONE', #4015, #4181 ) ;
#3019 = LINE ( 'NONE', #1997, #3278 ) ;
#3020 = EDGE_CURVE ( 'NONE', #3525, #726, #1698, .T. ) ;
#3021 = ADVANCED_FACE ( 'NONE', ( #1361 ), #2299, .F. ) ;
#3022 = ORIENTED_EDGE ( 'NONE', *, *, #1162, .T. ) ;
#3023 = CARTESIAN_POINT ( 'NONE',  ( 2.000000000000001776, 2.000000000000008882, 97.99999999999995737 ) ) ;
#3024 = CARTESIAN_POINT ( 'NONE',  ( 64.00000000000000000, 17.89999999999998792, 112.0000000000000000 ) ) ;
#3025 = AXIS2_PLACEMENT_3D ( 'NONE', #2281, #2702, #2345 ) ;
#3026 = ADVANCED_FACE ( 'NONE', ( #674 ), #2322, .T. ) ;
#3027 = EDGE_CURVE ( 'NONE', #511, #1345, #2469, .T. ) ;
#3028 = ORIENTED_EDGE ( 'NONE', *, *, #2067, .T. ) ;
#3029 = DIRECTION ( 'NONE',  ( 0.000000000000000000, 0.000000000000000000, 1.000000000000000000 ) ) ;
#3030 = VERTEX_POINT ( 'NONE', #3670 ) ;
#3031 = CARTESIAN_POINT ( 'NONE',  ( 66.00000000000000000, 26.49999999999999645, 4.000000000000009770 ) ) ;
#3032 = CARTESIAN_POINT ( 'NONE',  ( 124.0000000000000000, 6.000000000000015987, 102.0000000000000142 ) ) ;
#3033 = APPLICATION_PROTOCOL_DEFINITION ( 'draft international standard', 'automotive_design', 1998, #301 ) ;
#3034 = EDGE_LOOP ( 'NONE', ( #3095, #3420, #784 ) ) ;
#3035 = DIRECTION ( 'NONE',  ( -0.9578262852211518741, 0.2873478855663438303, 1.172998894335283251E-16 ) ) ;
#3036 = ORIENTED_EDGE ( 'NONE', *, *, #1735, .F. ) ;
#3037 = LINE ( 'NONE', #3748, #2553 ) ;
#3038 = VERTEX_POINT ( 'NONE', #1979 ) ;
#3039 = LINE ( 'NONE', #1733, #2798 ) ;
#3040 = AXIS2_PLACEMENT_3D ( 'NONE', #3267, #1900, #3543 ) ;
#3041 = PLANE ( 'NONE',  #3078 ) ;
#3042 = EDGE_CURVE ( 'NONE', #2989, #624, #1164, .T. ) ;
#3043 = LINE ( 'NONE', #2996, #1351 ) ;
#3044 = DIRECTION ( 'NONE',  ( 1.000000000000000000, 0.000000000000000000, 1.224646799147353207E-16 ) ) ;
#3045 = ORIENTED_EDGE ( 'NONE', *, *, #569, .T. ) ;
#3046 = LINE ( 'NONE', #2348, #3291 ) ;
#3047 = ORIENTED_EDGE ( 'NONE', *, *, #621, .T. ) ;
#3048 = CARTESIAN_POINT ( 'NONE',  ( 4.000000000000001776, 2.000000000000008882, 15.79999999999999538 ) ) ;
#3049 = CARTESIAN_POINT ( 'NONE',  ( 124.0000000000000142, 2.000000000000043965, 93.54449610344947530 ) ) ;
#3050 = DIRECTION ( 'NONE',  ( 1.000000000000000000, 1.334402673828312107E-16, 0.000000000000000000 ) ) ;
#3051 = EDGE_CURVE ( 'NONE', #2645, #2649, #26, .T. ) ;
#3052 = ORIENTED_EDGE ( 'NONE', *, *, #2033, .F. ) ;
#3053 = CARTESIAN_POINT ( 'NONE',  ( 2.000000000000001776, 6.000000000000015987, 102.0000000000000142 ) ) ;
#3054 = ORIENTED_EDGE ( 'NONE', *, *, #3249, .T. ) ;
#3055 = CARTESIAN_POINT ( 'NONE',  ( 64.00000000000001421, 23.89999999999999858, 112.0000000000000142 ) ) ;
#3056 = AXIS2_PLACEMENT_3D ( 'NONE', #4135, #2417, #3155 ) ;
#3057 = EDGE_LOOP ( 'NONE', ( #1411, #1518, #2958, #436 ) ) ;
#3058 = DIRECTION ( 'NONE',  ( 0.000000000000000000, 1.000000000000000000, 0.000000000000000000 ) ) ;
#3059 = LINE ( 'NONE', #1715, #669 ) ;
#3060 = FACE_OUTER_BOUND ( 'NONE', #3944, .T. ) ;
#3061 = DIRECTION ( 'NONE',  ( 1.000000000000000000, 0.000000000000000000, 0.000000000000000000 ) ) ;
#3062 = ORIENTED_EDGE ( 'NONE', *, *, #4112, .F. ) ;
#3063 = DIRECTION ( 'NONE',  ( 0.000000000000000000, 0.000000000000000000, -1.000000000000000000 ) ) ;
#3064 = ORIENTED_EDGE ( 'NONE', *, *, #1338, .T. ) ;
#3065 = DIRECTION ( 'NONE',  ( 0.000000000000000000, 0.000000000000000000, 1.000000000000000000 ) ) ;
#3066 = DIRECTION ( 'NONE',  ( -1.228762462150238769E-16, 1.000000000000000000, -0.000000000000000000 ) ) ;
#3067 = PLANE ( 'NONE',  #1177 ) ;
#3068 = ADVANCED_FACE ( 'NONE', ( #3976 ), #3650, .T. ) ;
#3069 = VECTOR ( 'NONE', #236, 1000.000000000000000 ) ;
#3070 = ORIENTED_EDGE ( 'NONE', *, *, #1426, .F. ) ;
#3071 = CARTESIAN_POINT ( 'NONE',  ( 4.699999999999987743, 20.89999999999999503, 106.0000000000000000 ) ) ;
#3072 = VERTEX_POINT ( 'NONE', #48 ) ;
#3073 = AXIS2_PLACEMENT_3D ( 'NONE', #3083, #3714, #2149 ) ;
#3074 = AXIS2_PLACEMENT_3D ( 'NONE', #3497, #613, #2932 ) ;
#3075 = PLANE ( 'NONE',  #1923 ) ;
#3076 = ADVANCED_FACE ( 'NONE', ( #2679 ), #2286, .F. ) ;
#3077 = CLOSED_SHELL ( 'NONE', ( #3301, #1826, #1711, #247, #2930, #2227, #4009, #3436, #3927, #2835, #4008, #155, #607, #3378, #3781, #2970, #1294, #1302, #3114, #3455, #1820, #1179, #363, #3709, #760, #1590, #3388, #3239, #3788, #1092, #3661, #1848, #3093, #1829, #2688, #333, #2519, #357, #3740, #3021, #645, #1492, #3446, #993, #2591, #1608, #1043, #2412, #1458, #4153, #195, #2140, #2604, #1066, #1143, #4036, #143, #3124, #3926, #2782, #3676, #4235, #130, #4064, #535, #3546, #1051, #2431, #96, #629, #1626, #1564, #3889, #2359, #1380, #1154, #1105, #1740, #3130, #957, #3591, #858, #2070, #2891, #274, #3334, #3431, #1697, #1026, #1519, #681, #980, #2677, #1074, #485, #2550, #4054, #2159, #433, #2184, #16, #2174, #2614, #3416, #510, #3499, #3076, #1096, #3102, #963, #1805, #3808, #3068, #3908, #23, #415, #63, #892, #2541, #4169, #4212, #1767, #2296, #442, #1942, #2330, #1038, #2817, #2137, #4065, #2376, #3737, #935, #836, #2953, #2575, #2563, #2389, #102, #1181, #1903, #3204, #3026, #1405, #2245, #2267, #2148, #391, #2277 ) ) ;
#3078 = AXIS2_PLACEMENT_3D ( 'NONE', #112, #2410, #3733 ) ;
#3079 = ORIENTED_EDGE ( 'NONE', *, *, #1256, .T. ) ;
#3080 = DIRECTION ( 'NONE',  ( -1.000000000000000000, 0.000000000000000000, 0.000000000000000000 ) ) ;
#3081 = DIRECTION ( 'NONE',  ( 0.7071067811865474617, 0.000000000000000000, -0.7071067811865474617 ) ) ;
#3082 = AXIS2_PLACEMENT_3D ( 'NONE', #3053, #380, #1684 ) ;
#3083 = CARTESIAN_POINT ( 'NONE',  ( 95.75999999999999091, 5.000000000000040856, 25.87999999999999901 ) ) ;
#3084 = DIRECTION ( 'NONE',  ( -0.000000000000000000, -0.000000000000000000, 1.000000000000000000 ) ) ;
#3085 = ORIENTED_EDGE ( 'NONE', *, *, #283, .F. ) ;
#3086 = DIRECTION ( 'NONE',  ( 1.000000000000000000, 0.000000000000000000, 0.000000000000000000 ) ) ;
#3087 = DIRECTION ( 'NONE',  ( 0.000000000000000000, 1.000000000000000000, 5.782411586589352708E-16 ) ) ;
#3088 = CARTESIAN_POINT ( 'NONE',  ( 66.00000000000000000, 17.89999999999999503, 112.0000000000000000 ) ) ;
#3089 = DIRECTION ( 'NONE',  ( 0.000000000000000000, -0.000000000000000000, -1.000000000000000000 ) ) ;
#3090 = AXIS2_PLACEMENT_3D ( 'NONE', #371, #3626, #976 ) ;
#3091 = CIRCLE ( 'NONE', #1031, 1.000000000000000888 ) ;
#3092 = EDGE_LOOP ( 'NONE', ( #2640, #2125, #372, #1754 ) ) ;
#3093 = ADVANCED_FACE ( 'NONE', ( #3691, #3802, #3106, #1447, #92, #4087 ), #1122, .T. ) ;
#3094 = DIRECTION ( 'NONE',  ( 0.000000000000000000, -0.000000000000000000, 1.000000000000000000 ) ) ;
#3095 = ORIENTED_EDGE ( 'NONE', *, *, #3327, .F. ) ;
#3096 = ORIENTED_EDGE ( 'NONE', *, *, #670, .T. ) ;
#3097 = CARTESIAN_POINT ( 'NONE',  ( 4.000000000000010658, 2.000000000000009326, 92.00000000000000000 ) ) ;
#3098 = VERTEX_POINT ( 'NONE', #2064 ) ;
#3099 = DIRECTION ( 'NONE',  ( -1.228762462150238769E-16, 1.000000000000000000, 0.000000000000000000 ) ) ;
#3100 = DIRECTION ( 'NONE',  ( -0.000000000000000000, -0.000000000000000000, -1.000000000000000000 ) ) ;
#3101 = EDGE_CURVE ( 'NONE', #221, #1150, #453, .T. ) ;
#3102 = ADVANCED_FACE ( 'NONE', ( #414 ), #164, .F. ) ;
#3103 = PRESENTATION_LAYER_ASSIGNMENT (  '', '', ( #695 ) ) ;
#3104 = ORIENTED_EDGE ( 'NONE', *, *, #3539, .T. ) ;
#3105 = LINE ( 'NONE', #1802, #115 ) ;
#3106 = FACE_BOUND ( 'NONE', #2904, .T. ) ;
#3107 = EDGE_LOOP ( 'NONE', ( #595, #2691, #3396 ) ) ;
#3108 = CARTESIAN_POINT ( 'NONE',  ( 64.00000000000000000, 2.000000000000036859, 2.000000000000000000 ) ) ;
#3109 = CARTESIAN_POINT ( 'NONE',  ( 122.0000000000000000, 27.99999999999999645, 4.000000000000003553 ) ) ;
#3110 = CARTESIAN_POINT ( 'NONE',  ( 64.00000000000001421, 22.39999999999999503, 2.000000000000001776 ) ) ;
#3111 = ORIENTED_EDGE ( 'NONE', *, *, #553, .F. ) ;
#3112 = FACE_OUTER_BOUND ( 'NONE', #581, .T. ) ;
#3113 = ORIENTED_EDGE ( 'NONE', *, *, #384, .F. ) ;
#3114 = ADVANCED_FACE ( 'NONE', ( #2109 ), #3359, .T. ) ;
#3115 = DIRECTION ( 'NONE',  ( -0.000000000000000000, 1.000000000000000000, -0.000000000000000000 ) ) ;
#3116 = EDGE_CURVE ( 'NONE', #1862, #2657, #3679, .T. ) ;
#3117 = ORIENTED_EDGE ( 'NONE', *, *, #1402, .T. ) ;
#3118 = DIRECTION ( 'NONE',  ( -0.000000000000000000, 1.000000000000000000, -0.000000000000000000 ) ) ;
#3119 = ORIENTED_EDGE ( 'NONE', *, *, #4272, .T. ) ;
#3120 = DIRECTION ( 'NONE',  ( 0.2873478855663438858, 0.9578262852211518741, -0.000000000000000000 ) ) ;
#3121 = CARTESIAN_POINT ( 'NONE',  ( 123.0000000000000000, 3.000000000000000000, 106.0000000000000000 ) ) ;
#3122 = LINE ( 'NONE', #1526, #2584 ) ;
#3123 = VECTOR ( 'NONE', #118, 1000.000000000000000 ) ;
#3124 = ADVANCED_FACE ( 'NONE', ( #3426 ), #2395, .F. ) ;
#3125 = AXIS2_PLACEMENT_3D ( 'NONE', #3380, #3084, #826 ) ;
#3126 = DIRECTION ( 'NONE',  ( -1.228762462150238769E-16, 1.000000000000000000, 0.000000000000000000 ) ) ;
#3127 = LINE ( 'NONE', #2433, #2082 ) ;
#3128 = EDGE_CURVE ( 'NONE', #3879, #3921, #4041, .T. ) ;
#3129 = VERTEX_POINT ( 'NONE', #1106 ) ;
#3130 = ADVANCED_FACE ( 'NONE', ( #2130 ), #3736, .F. ) ;
#3131 = FACE_OUTER_BOUND ( 'NONE', #1441, .T. ) ;
#3132 = LINE ( 'NONE', #2072, #3123 ) ;
#3133 = CARTESIAN_POINT ( 'NONE',  ( 115.5000000000000000, 5.000000000000044409, 97.00000000000000000 ) ) ;
#3134 = EDGE_LOOP ( 'NONE', ( #1022, #3686, #212, #507 ) ) ;
#3135 = CARTESIAN_POINT ( 'NONE',  ( 124.0000000000000000, 2.000000000000044409, 112.0000000000000000 ) ) ;
#3136 = ORIENTED_EDGE ( 'NONE', *, *, #1285, .F. ) ;
#3137 = CARTESIAN_POINT ( 'NONE',  ( 95.75999999999999091, 2.000000000000040856, 97.00000000000001421 ) ) ;
#3138 = EDGE_CURVE ( 'NONE', #124, #3384, #1804, .T. ) ;
#3139 = VERTEX_POINT ( 'NONE', #2764 ) ;
#3140 = VECTOR ( 'NONE', #2150, 1000.000000000000000 ) ;
#3141 = AXIS2_PLACEMENT_3D ( 'NONE', #1544, #2824, #1818 ) ;
#3142 = ORIENTED_EDGE ( 'NONE', *, *, #208, .F. ) ;
#3143 = DIRECTION ( 'NONE',  ( 1.000000000000000000, 0.000000000000000000, 0.000000000000000000 ) ) ;
#3144 = CARTESIAN_POINT ( 'NONE',  ( 124.0000000000000000, 23.89999999999999858, 4.000000000000003553 ) ) ;
#3145 = DIRECTION ( 'NONE',  ( -0.000000000000000000, -0.000000000000000000, 1.000000000000000000 ) ) ;
#3146 = AXIS2_PLACEMENT_3D ( 'NONE', #1530, #2853, #2915 ) ;
#3147 = EDGE_CURVE ( 'NONE', #918, #726, #508, .T. ) ;
#3148 = DIRECTION ( 'NONE',  ( 0.000000000000000000, 0.000000000000000000, -1.000000000000000000 ) ) ;
#3149 = AXIS2_PLACEMENT_3D ( 'NONE', #514, #3815, #2165 ) ;
#3150 = AXIS2_PLACEMENT_3D ( 'NONE', #1904, #3229, #1586 ) ;
#3151 = DIRECTION ( 'NONE',  ( 1.228762462150238769E-16, -1.000000000000000000, 0.000000000000000000 ) ) ;
#3152 = VECTOR ( 'NONE', #4267, 1000.000000000000000 ) ;
#3153 = ORIENTED_EDGE ( 'NONE', *, *, #2115, .T. ) ;
#3154 = CARTESIAN_POINT ( 'NONE',  ( 95.75999999999999091, 7.000000000000040856, 25.87999999999999901 ) ) ;
#3155 = DIRECTION ( 'NONE',  ( -1.000000000000000000, 0.000000000000000000, 0.000000000000000000 ) ) ;
#3156 = DIRECTION ( 'NONE',  ( 1.228762462150238769E-16, -1.000000000000000000, -0.000000000000000000 ) ) ;
#3157 = EDGE_CURVE ( 'NONE', #1448, #3814, #3127, .T. ) ;
#3158 = EDGE_CURVE ( 'NONE', #2182, #1621, #987, .T. ) ;
#3159 = PRODUCT_DEFINITION ( 'UNKNOWN', '', #11, #2648 ) ;
#3160 = EDGE_LOOP ( 'NONE', ( #2972, #2284, #2142 ) ) ;
#3161 = DIRECTION ( 'NONE',  ( -0.000000000000000000, 1.000000000000000000, -0.000000000000000000 ) ) ;
#3162 = ORIENTED_EDGE ( 'NONE', *, *, #3489, .F. ) ;
#3163 = DIRECTION ( 'NONE',  ( 1.000000000000000000, 0.000000000000000000, 0.000000000000000000 ) ) ;
#3164 = ORIENTED_EDGE ( 'NONE', *, *, #827, .T. ) ;
#3165 = AXIS2_PLACEMENT_3D ( 'NONE', #375, #2351, #721 ) ;
#3166 = DIRECTION ( 'NONE',  ( -0.000000000000000000, -0.000000000000000000, 1.000000000000000000 ) ) ;
#3167 = ORIENTED_EDGE ( 'NONE', *, *, #2756, .F. ) ;
#3168 = DIRECTION ( 'NONE',  ( -0.6917144638660748246, -0.2075143391598211484, -0.6917144638660748246 ) ) ;
#3169 = DIRECTION ( 'NONE',  ( 1.000000000000000000, 0.000000000000000000, 0.000000000000000000 ) ) ;
#3170 = PLANE ( 'NONE',  #4176 ) ;
#3171 = ORIENTED_EDGE ( 'NONE', *, *, #2096, .F. ) ;
#3172 = LINE ( 'NONE', #3531, #2728 ) ;
#3173 = CARTESIAN_POINT ( 'NONE',  ( 95.75999999999999091, 6.000000000000039968, 25.87999999999999901 ) ) ;
#3174 = EDGE_CURVE ( 'NONE', #189, #1341, #2744, .T. ) ;
#3175 = AXIS2_PLACEMENT_3D ( 'NONE', #2643, #946, #3294 ) ;
#3176 = ORIENTED_EDGE ( 'NONE', *, *, #194, .F. ) ;
#3177 = CARTESIAN_POINT ( 'NONE',  ( 3.000000000000000000, 3.000000000000000000, 112.0000000000000000 ) ) ;
#3178 = DIRECTION ( 'NONE',  ( -1.000000000000000000, 0.000000000000000000, 0.000000000000000000 ) ) ;
#3179 = FACE_OUTER_BOUND ( 'NONE', #2655, .T. ) ;
#3180 = ORIENTED_EDGE ( 'NONE', *, *, #4112, .T. ) ;
#3181 = CARTESIAN_POINT ( 'NONE',  ( 115.5000000000000000, 6.000000000000043521, 25.87999999999999901 ) ) ;
#3182 = VERTEX_POINT ( 'NONE', #175 ) ;
#3183 = EDGE_CURVE ( 'NONE', #3617, #1621, #1604, .T. ) ;
#3184 = LINE ( 'NONE', #2205, #78 ) ;
#3185 = ORIENTED_EDGE ( 'NONE', *, *, #3157, .F. ) ;
#3186 = CARTESIAN_POINT ( 'NONE',  ( 60.00000000000000000, 27.99999999999999645, 111.9999999999999716 ) ) ;
#3187 = ORIENTED_EDGE ( 'NONE', *, *, #913, .F. ) ;
#3188 = FACE_OUTER_BOUND ( 'NONE', #2187, .T. ) ;
#3189 = CARTESIAN_POINT ( 'NONE',  ( 64.69999999999998863, 3.000000000000000000, 106.0000000000000000 ) ) ;
#3190 = DIRECTION ( 'NONE',  ( 0.000000000000000000, 0.000000000000000000, 1.000000000000000000 ) ) ;
#3191 = DIRECTION ( 'NONE',  ( 1.000000000000000000, 0.000000000000000000, 0.000000000000000000 ) ) ;
#3192 = CARTESIAN_POINT ( 'NONE',  ( 95.75999999999999091, 6.000000000000040856, 97.00000000000001421 ) ) ;
#3193 = AXIS2_PLACEMENT_3D ( 'NONE', #460, #1765, #3087 ) ;
#3194 = EDGE_CURVE ( 'NONE', #3566, #3630, #3757, .T. ) ;
#3195 = ORIENTED_EDGE ( 'NONE', *, *, #3512, .T. ) ;
#3196 = CARTESIAN_POINT ( 'NONE',  ( 95.75999999999999091, 7.000000000000040856, 26.82999999999999119 ) ) ;
#3197 = CARTESIAN_POINT ( 'NONE',  ( 4.699999999999987743, 3.000000000000000000, 106.0000000000000000 ) ) ;
#3198 = LINE ( 'NONE', #2878, #2454 ) ;
#3199 = VERTEX_POINT ( 'NONE', #4107 ) ;
#3200 = LINE ( 'NONE', #1939, #2669 ) ;
#3201 = VERTEX_POINT ( 'NONE', #1141 ) ;
#3202 = EDGE_CURVE ( 'NONE', #1330, #3030, #2214, .T. ) ;
#3203 = DIRECTION ( 'NONE',  ( 0.000000000000000000, -0.000000000000000000, -1.000000000000000000 ) ) ;
#3204 = ADVANCED_FACE ( 'NONE', ( #3514 ), #4029, .F. ) ;
#3205 = ORIENTED_EDGE ( 'NONE', *, *, #3358, .T. ) ;
#3206 = ORIENTED_EDGE ( 'NONE', *, *, #4020, .T. ) ;
#3207 = CARTESIAN_POINT ( 'NONE',  ( 120.0000000000000000, 23.89999999999999858, 112.0000000000000000 ) ) ;
#3208 = CARTESIAN_POINT ( 'NONE',  ( 119.0000000000000000, 5.000000000000044409, 97.00000000000000000 ) ) ;
#3209 = CARTESIAN_POINT ( 'NONE',  ( 66.00000000000000000, 22.39999999999999503, 4.000000000000003553 ) ) ;
#3210 = EDGE_CURVE ( 'NONE', #3987, #1095, #2012, .T. ) ;
#3211 = VECTOR ( 'NONE', #3421, 1000.000000000000000 ) ;
#3212 = CARTESIAN_POINT ( 'NONE',  ( 124.0000000000000000, 25.89999999999999858, 112.0000000000000000 ) ) ;
#3213 = DIRECTION ( 'NONE',  ( -0.000000000000000000, -0.000000000000000000, 1.000000000000000000 ) ) ;
#3214 = CIRCLE ( 'NONE', #1350, 3.500000000000003109 ) ;
#3215 = VECTOR ( 'NONE', #4197, 999.9999999999998863 ) ;
#3216 = AXIS2_PLACEMENT_3D ( 'NONE', #1724, #1023, #2229 ) ;
#3217 = ORIENTED_EDGE ( 'NONE', *, *, #3734, .T. ) ;
#3218 = CONICAL_SURFACE ( 'NONE', #1357, 0.9499999999999925171, 1.029744258676651425 ) ;
#3219 = EDGE_CURVE ( 'NONE', #1345, #1095, #2585, .T. ) ;
#3220 = PLANE ( 'NONE',  #4252 ) ;
#3221 = FACE_OUTER_BOUND ( 'NONE', #2927, .T. ) ;
#3222 = CARTESIAN_POINT ( 'NONE',  ( 112.5000000000000000, 5.000000000000043521, 25.87999999999999901 ) ) ;
#3223 = ORIENTED_EDGE ( 'NONE', *, *, #3754, .T. ) ;
#3224 = LINE ( 'NONE', #2202, #543 ) ;
#3225 = EDGE_LOOP ( 'NONE', ( #467, #1260, #465, #3258 ) ) ;
#3226 = DIRECTION ( 'NONE',  ( -1.228762462150238769E-16, 1.000000000000000000, 0.000000000000000000 ) ) ;
#3227 = EDGE_CURVE ( 'NONE', #2863, #2248, #2233, .T. ) ;
#3228 = ORIENTED_EDGE ( 'NONE', *, *, #1257, .T. ) ;
#3229 = DIRECTION ( 'NONE',  ( -0.000000000000000000, 1.000000000000000000, -0.000000000000000000 ) ) ;
#3230 = VERTEX_POINT ( 'NONE', #1269 ) ;
#3231 = DIRECTION ( 'NONE',  ( -8.673617379884035472E-16, 1.000000000000000000, 0.000000000000000000 ) ) ;
#3232 = CARTESIAN_POINT ( 'NONE',  ( 92.25999999999999091, 5.000000000000040856, 25.87999999999999901 ) ) ;
#3233 = CARTESIAN_POINT ( 'NONE',  ( 122.0000000000000000, 26.49999999999999645, 4.000000000000003553 ) ) ;
#3234 = VECTOR ( 'NONE', #715, 1000.000000000000000 ) ;
#3235 = AXIS2_PLACEMENT_3D ( 'NONE', #4136, #4157, #1170 ) ;
#3236 = VECTOR ( 'NONE', #1819, 1000.000000000000000 ) ;
#3237 = DIRECTION ( 'NONE',  ( 0.000000000000000000, -0.000000000000000000, -1.000000000000000000 ) ) ;
#3238 = CARTESIAN_POINT ( 'NONE',  ( 94.00000000000000000, 22.39999999999999503, 32.00000000000000000 ) ) ;
#3239 = ADVANCED_FACE ( 'NONE', ( #4234 ), #1007, .F. ) ;
#3240 = ORIENTED_EDGE ( 'NONE', *, *, #364, .T. ) ;
#3241 = PLANE ( 'NONE',  #3146 ) ;
#3242 = CARTESIAN_POINT ( 'NONE',  ( 4.000000000000001776, 23.90000000000005898, 4.000000000000003553 ) ) ;
#3243 = DIRECTION ( 'NONE',  ( 0.000000000000000000, 1.000000000000000000, 0.000000000000000000 ) ) ;
#3244 = ORIENTED_EDGE ( 'NONE', *, *, #3275, .T. ) ;
#3245 = CARTESIAN_POINT ( 'NONE',  ( 61.30000000000000426, 3.000000000000000000, 112.0000000000000000 ) ) ;
#3246 = VERTEX_POINT ( 'NONE', #1508 ) ;
#3247 = PLANE ( 'NONE',  #3313 ) ;
#3248 = EDGE_LOOP ( 'NONE', ( #3285, #1075 ) ) ;
#3249 = EDGE_CURVE ( 'NONE', #258, #15, #1555, .T. ) ;
#3250 = CARTESIAN_POINT ( 'NONE',  ( 119.0000000000000000, 1.429182411923861640, 25.87999999999999901 ) ) ;
#3251 = ORIENTED_EDGE ( 'NONE', *, *, #2670, .F. ) ;
#3252 = CARTESIAN_POINT ( 'NONE',  ( 119.0000000000000000, 2.000000000000043521, 97.94999999999998863 ) ) ;
#3253 = EDGE_CURVE ( 'NONE', #2078, #2416, #734, .T. ) ;
#3254 = EDGE_LOOP ( 'NONE', ( #3417, #2559, #1957, #1109 ) ) ;
#3255 = DIRECTION ( 'NONE',  ( 1.228762462150238769E-16, -1.000000000000000000, -0.000000000000000000 ) ) ;
#3256 = EDGE_CURVE ( 'NONE', #249, #1648, #930, .T. ) ;
#3257 = CARTESIAN_POINT ( 'NONE',  ( 112.5000000000000000, 2.000000000000043521, 25.87999999999999901 ) ) ;
#3258 = ORIENTED_EDGE ( 'NONE', *, *, #1780, .F. ) ;
#3259 = CARTESIAN_POINT ( 'NONE',  ( 66.00000000000001421, 22.39999999999999503, 2.000000000000001776 ) ) ;
#3260 = CARTESIAN_POINT ( 'NONE',  ( 95.75999999999999091, 7.000000000000040856, 97.00000000000001421 ) ) ;
#3261 = DIRECTION ( 'NONE',  ( -0.000000000000000000, 1.000000000000000000, -0.000000000000000000 ) ) ;
#3262 = AXIS2_PLACEMENT_3D ( 'NONE', #98, #3958, #3003 ) ;
#3263 = EDGE_CURVE ( 'NONE', #1263, #3477, #1528, .T. ) ;
#3264 = ORIENTED_EDGE ( 'NONE', *, *, #1355, .F. ) ;
#3265 = CARTESIAN_POINT ( 'NONE',  ( 119.0000000000000000, 7.000000000000043521, 26.82999999999999119 ) ) ;
#3266 = ORIENTED_EDGE ( 'NONE', *, *, #1976, .T. ) ;
#3267 = CARTESIAN_POINT ( 'NONE',  ( 89.25999999999999091, 5.000000000000039968, 25.87999999999999901 ) ) ;
#3268 = ORIENTED_EDGE ( 'NONE', *, *, #1233, .T. ) ;
#3269 = FACE_BOUND ( 'NONE', #984, .T. ) ;
#3270 = ORIENTED_EDGE ( 'NONE', *, *, #2457, .F. ) ;
#3271 = DIRECTION ( 'NONE',  ( -0.000000000000000000, -0.000000000000000000, 1.000000000000000000 ) ) ;
#3272 = EDGE_CURVE ( 'NONE', #4076, #556, #3493, .T. ) ;
#3273 = ORIENTED_EDGE ( 'NONE', *, *, #2883, .F. ) ;
#3274 = LINE ( 'NONE', #325, #4045 ) ;
#3275 = EDGE_CURVE ( 'NONE', #4022, #956, #3886, .T. ) ;
#3276 = CARTESIAN_POINT ( 'NONE',  ( 124.0000000000000000, 22.39999999999999503, 97.99999999999995737 ) ) ;
#3277 = LINE ( 'NONE', #2321, #3414 ) ;
#3278 = VECTOR ( 'NONE', #3333, 1000.000000000000000 ) ;
#3279 = VECTOR ( 'NONE', #2743, 1000.000000000000000 ) ;
#3280 = AXIS2_PLACEMENT_3D ( 'NONE', #3154, #3739, #200 ) ;
#3281 = DIRECTION ( 'NONE',  ( -0.000000000000000000, 1.000000000000000000, -0.000000000000000000 ) ) ;
#3282 = AXIS2_PLACEMENT_3D ( 'NONE', #580, #3292, #1284 ) ;
#3283 = ORIENTED_EDGE ( 'NONE', *, *, #3962, .F. ) ;
#3284 = DIRECTION ( 'NONE',  ( -1.000000000000000000, 0.000000000000000000, 0.000000000000000000 ) ) ;
#3285 = ORIENTED_EDGE ( 'NONE', *, *, #2523, .F. ) ;
#3286 = VECTOR ( 'NONE', #2722, 1000.000000000000000 ) ;
#3287 = CARTESIAN_POINT ( 'NONE',  ( 120.0000000000000000, 6.000000000000015099, 102.0000000000000142 ) ) ;
#3288 = EDGE_CURVE ( 'NONE', #1030, #504, #527, .T. ) ;
#3289 = EDGE_CURVE ( 'NONE', #3812, #1648, #2040, .T. ) ;
#3290 = EDGE_LOOP ( 'NONE', ( #2425, #3502, #2769, #3571 ) ) ;
#3291 = VECTOR ( 'NONE', #1984, 1000.000000000000000 ) ;
#3292 = DIRECTION ( 'NONE',  ( -1.228762462150238769E-16, 1.000000000000000000, 0.000000000000000000 ) ) ;
#3293 = VERTEX_POINT ( 'NONE', #1208 ) ;
#3294 = DIRECTION ( 'NONE',  ( 0.000000000000000000, 0.000000000000000000, 1.000000000000000000 ) ) ;
#3295 = VERTEX_POINT ( 'NONE', #2518 ) ;
#3296 = CYLINDRICAL_SURFACE ( 'NONE', #3412, 1.699999999999993072 ) ;
#3297 = CONICAL_SURFACE ( 'NONE', #824, 0.9499999999999925171, 1.029744258676651425 ) ;
#3298 = LINE ( 'NONE', #691, #3560 ) ;
#3299 = LINE ( 'NONE', #72, #3701 ) ;
#3300 = DIRECTION ( 'NONE',  ( -1.228762462150238769E-16, 1.000000000000000000, 0.000000000000000000 ) ) ;
#3301 = ADVANCED_FACE ( 'NONE', ( #3848 ), #1280, .T. ) ;
#3302 = EDGE_LOOP ( 'NONE', ( #743, #3745 ) ) ;
#3303 = DIRECTION ( 'NONE',  ( 1.000000000000000000, 0.000000000000000000, 0.000000000000000000 ) ) ;
#3304 = VERTEX_POINT ( 'NONE', #1549 ) ;
#3305 = PLANE ( 'NONE',  #2917 ) ;
#3306 = DIRECTION ( 'NONE',  ( 0.000000000000000000, 0.000000000000000000, 1.000000000000000000 ) ) ;
#3307 = DIRECTION ( 'NONE',  ( -0.000000000000000000, -0.000000000000000000, 1.000000000000000000 ) ) ;
#3308 = AXIS2_PLACEMENT_3D ( 'NONE', #2839, #4180, #3792 ) ;
#3309 = VERTEX_POINT ( 'NONE', #2894 ) ;
#3310 = CARTESIAN_POINT ( 'NONE',  ( 124.0000000000000000, 27.99999999999999645, 97.99999999999995737 ) ) ;
#3311 = ORIENTED_EDGE ( 'NONE', *, *, #3227, .F. ) ;
#3312 = CARTESIAN_POINT ( 'NONE',  ( 123.0000000000000000, 20.89999999999999503, 112.0000000000000000 ) ) ;
#3313 = AXIS2_PLACEMENT_3D ( 'NONE', #3636, #3226, #3986 ) ;
#3314 = VERTEX_POINT ( 'NONE', #1251 ) ;
#3315 = CARTESIAN_POINT ( 'NONE',  ( 99.26000000000000512, 5.000000000000040856, 25.87999999999999901 ) ) ;
#3316 = DIRECTION ( 'NONE',  ( -0.000000000000000000, -0.000000000000000000, 1.000000000000000000 ) ) ;
#3317 = LINE ( 'NONE', #368, #3706 ) ;
#3318 = CARTESIAN_POINT ( 'NONE',  ( 1.300000000000012035, 20.89999999999999503, 106.0000000000000000 ) ) ;
#3319 = CARTESIAN_POINT ( 'NONE',  ( 95.75999999999999091, 2.000000000000040856, 25.87999999999999901 ) ) ;
#3320 = EDGE_CURVE ( 'NONE', #612, #2874, #802, .T. ) ;
#3321 = ORIENTED_EDGE ( 'NONE', *, *, #2911, .T. ) ;
#3322 = CARTESIAN_POINT ( 'NONE',  ( 119.0000000000000000, 7.000000000000043521, 25.87999999999999901 ) ) ;
#3323 = CARTESIAN_POINT ( 'NONE',  ( 119.0000000000000000, 1.429182411923861640, 97.00000000000000000 ) ) ;
#3324 = DIRECTION ( 'NONE',  ( -1.000000000000000000, -0.000000000000000000, 0.000000000000000000 ) ) ;
#3325 = CARTESIAN_POINT ( 'NONE',  ( 64.69999999999998863, 3.000000000000000000, 106.0000000000000000 ) ) ;
#3326 = VERTEX_POINT ( 'NONE', #2974 ) ;
#3327 = EDGE_CURVE ( 'NONE', #324, #4024, #1354, .T. ) ;
#3328 = DIRECTION ( 'NONE',  ( -1.000000000000000000, -0.000000000000000000, -0.000000000000000000 ) ) ;
#3329 = VERTEX_POINT ( 'NONE', #3257 ) ;
#3330 = DIRECTION ( 'NONE',  ( 1.000000000000000000, 0.000000000000000000, 0.000000000000000000 ) ) ;
#3331 = VERTEX_POINT ( 'NONE', #1653 ) ;
#3332 = CARTESIAN_POINT ( 'NONE',  ( 120.0000000000000000, 6.000000000000015099, 102.0000000000000142 ) ) ;
#3333 = DIRECTION ( 'NONE',  ( -1.000000000000000000, -0.000000000000000000, -0.000000000000000000 ) ) ;
#3334 = ADVANCED_FACE ( 'NONE', ( #3620 ), #2295, .F. ) ;
#3335 = CARTESIAN_POINT ( 'NONE',  ( 93.25999999999999091, 6.000000000000040856, 97.00000000000001421 ) ) ;
#3336 = LINE ( 'NONE', #434, #4185 ) ;
#3337 = DIRECTION ( 'NONE',  ( -1.228762462150238769E-16, 1.000000000000000000, 0.000000000000000000 ) ) ;
#3338 = TOROIDAL_SURFACE ( 'NONE', #598, 2.499999999999993783, 1.000000000000000000 ) ;
#3339 = ORIENTED_EDGE ( 'NONE', *, *, #3866, .T. ) ;
#3340 = DIRECTION ( 'NONE',  ( 1.000000000000000000, 0.000000000000000000, 0.000000000000000000 ) ) ;
#3341 = CARTESIAN_POINT ( 'NONE',  ( 69.00000000000000000, 22.39999999999999503, 57.00000000000000711 ) ) ;
#3342 = DIRECTION ( 'NONE',  ( -0.000000000000000000, 1.000000000000000000, 0.000000000000000000 ) ) ;
#3343 = VECTOR ( 'NONE', #42, 1000.000000000000114 ) ;
#3344 = CONICAL_SURFACE ( 'NONE', #2663, 1.699999999999993072, 1.029744258676654090 ) ;
#3345 = ORIENTED_EDGE ( 'NONE', *, *, #1592, .F. ) ;
#3346 = DIRECTION ( 'NONE',  ( -0.000000000000000000, -0.000000000000000000, -1.000000000000000000 ) ) ;
#3347 = VECTOR ( 'NONE', #746, 1000.000000000000000 ) ;
#3348 = VECTOR ( 'NONE', #1180, 1000.000000000000000 ) ;
#3349 = VERTEX_POINT ( 'NONE', #2994 ) ;
#3350 = DIRECTION ( 'NONE',  ( 0.000000000000000000, -0.000000000000000000, 1.000000000000000000 ) ) ;
#3351 = EDGE_CURVE ( 'NONE', #548, #2001, #951, .T. ) ;
#3352 = CIRCLE ( 'NONE', #2249, 1.699999999999993072 ) ;
#3353 = EDGE_LOOP ( 'NONE', ( #1948, #4253, #773, #728 ) ) ;
#3354 = EDGE_LOOP ( 'NONE', ( #708, #1417, #3439, #938 ) ) ;
#3355 = CARTESIAN_POINT ( 'NONE',  ( 124.0000000000000000, 2.000000000000044409, 30.03331193145901423 ) ) ;
#3356 = LINE ( 'NONE', #3398, #879 ) ;
#3357 = CARTESIAN_POINT ( 'NONE',  ( 95.75999999999999091, 7.000000000000040856, 25.87999999999999901 ) ) ;
#3358 = EDGE_CURVE ( 'NONE', #3293, #3016, #3994, .T. ) ;
#3359 = CYLINDRICAL_SURFACE ( 'NONE', #3951, 3.499999999999989342 ) ;
#3360 = EDGE_CURVE ( 'NONE', #3738, #2531, #666, .T. ) ;
#3361 = AXIS2_PLACEMENT_3D ( 'NONE', #3743, #551, #3787 ) ;
#3362 = ORIENTED_EDGE ( 'NONE', *, *, #3138, .T. ) ;
#3363 = CARTESIAN_POINT ( 'NONE',  ( 124.0000000000000000, 26.49999999999999645, 4.000000000000003553 ) ) ;
#3364 = EDGE_LOOP ( 'NONE', ( #4138, #1938, #1055, #1814 ) ) ;
#3365 = CARTESIAN_POINT ( 'NONE',  ( 0.000000000000000000, 0.000000000000000000, 112.0000000000000000 ) ) ;
#3366 = PLANE ( 'NONE',  #552 ) ;
#3367 = DIRECTION ( 'NONE',  ( 0.8571673007021121116, 0.000000000000000000, 0.5150380749100544886 ) ) ;
#3368 = ORIENTED_EDGE ( 'NONE', *, *, #1921, .F. ) ;
#3369 = CARTESIAN_POINT ( 'NONE',  ( 124.0000000000000000, 2.401923788646722624, 97.00000000000000000 ) ) ;
#3370 = VERTEX_POINT ( 'NONE', #1293 ) ;
#3371 = CIRCLE ( 'NONE', #216, 1.000000000000000888 ) ;
#3372 = EDGE_CURVE ( 'NONE', #2422, #2694, #1334, .T. ) ;
#3373 = ORIENTED_EDGE ( 'NONE', *, *, #2621, .F. ) ;
#3374 = ORIENTED_EDGE ( 'NONE', *, *, #1538, .F. ) ;
#3375 = LINE ( 'NONE', #1076, #3211 ) ;
#3376 = CIRCLE ( 'NONE', #1317, 6.500000000000005329 ) ;
#3377 = CARTESIAN_POINT ( 'NONE',  ( 60.00000000000000000, 17.89999999999999503, 102.0000000000000142 ) ) ;
#3378 = ADVANCED_FACE ( 'NONE', ( #1013 ), #3836, .F. ) ;
#3379 = DIRECTION ( 'NONE',  ( -1.000000000000000000, -0.000000000000000000, -0.000000000000000000 ) ) ;
#3380 = CARTESIAN_POINT ( 'NONE',  ( 3.000000000000000000, 20.89999999999999503, 106.0000000000000000 ) ) ;
#3381 = EDGE_LOOP ( 'NONE', ( #2195, #2333, #4094, #1046 ) ) ;
#3382 = FACE_OUTER_BOUND ( 'NONE', #818, .T. ) ;
#3383 = EDGE_CURVE ( 'NONE', #3630, #2664, #3019, .T. ) ;
#3384 = VERTEX_POINT ( 'NONE', #306 ) ;
#3385 = DIRECTION ( 'NONE',  ( -0.7071067811865474617, 0.000000000000000000, -0.7071067811865474617 ) ) ;
#3386 = LINE ( 'NONE', #1432, #4137 ) ;
#3387 = PRODUCT_CONTEXT ( 'NONE', #301, 'mechanical' ) ;
#3388 = ADVANCED_FACE ( 'NONE', ( #68 ), #3296, .F. ) ;
#3389 = ORIENTED_EDGE ( 'NONE', *, *, #3289, .F. ) ;
#3390 = FACE_OUTER_BOUND ( 'NONE', #429, .T. ) ;
#3391 = ORIENTED_EDGE ( 'NONE', *, *, #2332, .F. ) ;
#3392 = AXIS2_PLACEMENT_3D ( 'NONE', #2413, #4067, #779 ) ;
#3393 = CARTESIAN_POINT ( 'NONE',  ( 126.0000000000000000, 0.000000000000000000, 112.0000000000000000 ) ) ;
#3394 = AXIS2_PLACEMENT_3D ( 'NONE', #1128, #439, #3475 ) ;
#3395 = ORIENTED_EDGE ( 'NONE', *, *, #2826, .T. ) ;
#3396 = ORIENTED_EDGE ( 'NONE', *, *, #1494, .T. ) ;
#3397 = CARTESIAN_POINT ( 'NONE',  ( 124.0000000000000000, 23.89999999999999858, 2.000000000000001776 ) ) ;
#3398 = CARTESIAN_POINT ( 'NONE',  ( 62.00000000000000000, 27.99999999999999645, 112.0000000000000000 ) ) ;
#3399 = CARTESIAN_POINT ( 'NONE',  ( 124.0000000000000000, 23.89999999999999858, 2.000000000000001776 ) ) ;
#3400 = CARTESIAN_POINT ( 'NONE',  ( 0.000000000000000000, 27.99999999999999645, 112.0000000000000000 ) ) ;
#3401 = EDGE_CURVE ( 'NONE', #1568, #764, #3580, .T. ) ;
#3402 = ORIENTED_EDGE ( 'NONE', *, *, #2061, .T. ) ;
#3403 = DIRECTION ( 'NONE',  ( 1.000000000000000000, 0.000000000000000000, 0.000000000000000000 ) ) ;
#3404 = EDGE_LOOP ( 'NONE', ( #65, #1413, #769 ) ) ;
#3405 = DIRECTION ( 'NONE',  ( -1.000000000000000000, 0.000000000000000000, 0.000000000000000000 ) ) ;
#3406 = CARTESIAN_POINT ( 'NONE',  ( 0.000000000000000000, 0.000000000000000000, 87.00000000000000000 ) ) ;
#3407 = DIRECTION ( 'NONE',  ( 0.8571673007021121116, 0.000000000000000000, 0.5150380749100544886 ) ) ;
#3408 = VECTOR ( 'NONE', #1291, 1000.000000000000000 ) ;
#3409 = ORIENTED_EDGE ( 'NONE', *, *, #378, .F. ) ;
#3410 = DIRECTION ( 'NONE',  ( 0.000000000000000000, 1.000000000000000000, 0.000000000000000000 ) ) ;
#3411 = EDGE_LOOP ( 'NONE', ( #2354, #3264, #3648, #2472, #3391, #1547 ) ) ;
#3412 = AXIS2_PLACEMENT_3D ( 'NONE', #2608, #3316, #2256 ) ;
#3413 = VECTOR ( 'NONE', #3379, 1000.000000000000000 ) ;
#3414 = VECTOR ( 'NONE', #413, 1000.000000000000000 ) ;
#3415 = CARTESIAN_POINT ( 'NONE',  ( 95.75999999999999091, 2.000000000000040856, 97.00000000000001421 ) ) ;
#3416 = ADVANCED_FACE ( 'NONE', ( #710 ), #1951, .F. ) ;
#3417 = ORIENTED_EDGE ( 'NONE', *, *, #2985, .F. ) ;
#3418 = VECTOR ( 'NONE', #2886, 1000.000000000000000 ) ;
#3419 = LINE ( 'NONE', #491, #948 ) ;
#3420 = ORIENTED_EDGE ( 'NONE', *, *, #732, .T. ) ;
#3421 = DIRECTION ( 'NONE',  ( 0.000000000000000000, 1.000000000000000000, 0.000000000000000000 ) ) ;
#3422 = CARTESIAN_POINT ( 'NONE',  ( 64.00000000000000000, 2.000000000000036859, 2.000000000000000000 ) ) ;
#3423 = AXIS2_PLACEMENT_3D ( 'NONE', #2157, #3410, #3094 ) ;
#3424 = EDGE_LOOP ( 'NONE', ( #2414, #3890, #3373, #3119 ) ) ;
#3425 = DIRECTION ( 'NONE',  ( 0.000000000000000000, 1.000000000000000000, 0.000000000000000000 ) ) ;
#3426 = FACE_OUTER_BOUND ( 'NONE', #3764, .T. ) ;
#3427 = ORIENTED_EDGE ( 'NONE', *, *, #1780, .T. ) ;
#3428 = DIRECTION ( 'NONE',  ( 0.000000000000000000, 0.000000000000000000, -1.000000000000000000 ) ) ;
#3429 = CARTESIAN_POINT ( 'NONE',  ( 60.00000000000000000, 23.89999999999999858, 111.9999999999999716 ) ) ;
#3430 = DIRECTION ( 'NONE',  ( -1.000000000000000000, -1.228762462150238769E-16, 0.000000000000000000 ) ) ;
#3431 = ADVANCED_FACE ( 'NONE', ( #387 ), #4255, .T. ) ;
#3432 = VECTOR ( 'NONE', #291, 1000.000000000000000 ) ;
#3433 = AXIS2_PLACEMENT_3D ( 'NONE', #1725, #3324, #440 ) ;
#3434 = ORIENTED_EDGE ( 'NONE', *, *, #342, .F. ) ;
#3435 = CARTESIAN_POINT ( 'NONE',  ( 62.00000000000000000, 14.50000000000001599, 112.0000000000000000 ) ) ;
#3436 = ADVANCED_FACE ( 'NONE', ( #2017 ), #3700, .F. ) ;
#3437 = ORIENTED_EDGE ( 'NONE', *, *, #2043, .F. ) ;
#3438 = DIRECTION ( 'NONE',  ( 0.000000000000000000, 0.000000000000000000, 1.000000000000000000 ) ) ;
#3439 = ORIENTED_EDGE ( 'NONE', *, *, #2711, .F. ) ;
#3440 = DIRECTION ( 'NONE',  ( -0.000000000000000000, -0.000000000000000000, 1.000000000000000000 ) ) ;
#3441 = EDGE_LOOP ( 'NONE', ( #1849, #2288, #1985, #878 ) ) ;
#3442 = DIRECTION ( 'NONE',  ( 0.000000000000000000, 0.000000000000000000, -1.000000000000000000 ) ) ;
#3443 = DIRECTION ( 'NONE',  ( -1.000000000000000000, 0.000000000000000000, 0.000000000000000000 ) ) ;
#3444 = LINE ( 'NONE', #495, #3724 ) ;
#3445 = AXIS2_PLACEMENT_3D ( 'NONE', #1563, #3524, #165 ) ;
#3446 = ADVANCED_FACE ( 'NONE', ( #326 ), #2647, .F. ) ;
#3447 = VECTOR ( 'NONE', #3407, 1000.000000000000000 ) ;
#3448 = ORIENTED_EDGE ( 'NONE', *, *, #724, .T. ) ;
#3449 = LINE ( 'NONE', #798, #3974 ) ;
#3450 = CARTESIAN_POINT ( 'NONE',  ( 63.00000000000000000, 3.000000000000000000, 112.0000000000000000 ) ) ;
#3451 = ORIENTED_EDGE ( 'NONE', *, *, #1206, .F. ) ;
#3452 = FACE_OUTER_BOUND ( 'NONE', #4266, .T. ) ;
#3453 = DIRECTION ( 'NONE',  ( -0.7071067811865500152, 0.000000000000000000, 0.7071067811865451302 ) ) ;
#3454 = LINE ( 'NONE', #2483, #2820 ) ;
#3455 = ADVANCED_FACE ( 'NONE', ( #3644 ), #690, .T. ) ;
#3456 = ORIENTED_EDGE ( 'NONE', *, *, #3603, .T. ) ;
#3457 = DIRECTION ( 'NONE',  ( 0.000000000000000000, 0.000000000000000000, 1.000000000000000000 ) ) ;
#3458 = ORIENTED_EDGE ( 'NONE', *, *, #3256, .T. ) ;
#3459 = CARTESIAN_POINT ( 'NONE',  ( 2.000000000000001776, 17.89999999999999503, 97.99999999999995737 ) ) ;
#3460 = EDGE_CURVE ( 'NONE', #1093, #4022, #2081, .T. ) ;
#3461 = EDGE_LOOP ( 'NONE', ( #2269, #3014, #4270, #1587 ) ) ;
#3462 = DIRECTION ( 'NONE',  ( 1.000000000000000000, 1.228762462150238769E-16, 0.000000000000000000 ) ) ;
#3463 = ORIENTED_EDGE ( 'NONE', *, *, #1467, .T. ) ;
#3464 = CARTESIAN_POINT ( 'NONE',  ( 0.000000000000000000, 0.000000000000000000, 2.000000000000000000 ) ) ;
#3465 = DIRECTION ( 'NONE',  ( -1.210272192541958616E-16, 1.000000000000000000, 1.377616525409749282E-32 ) ) ;
#3466 = DIRECTION ( 'NONE',  ( -1.821231995776175725E-16, -0.000000000000000000, -1.000000000000000000 ) ) ;
#3467 = AXIS2_PLACEMENT_3D ( 'NONE', #3530, #2802, #4148 ) ;
#3468 = AXIS2_PLACEMENT_3D ( 'NONE', #847, #1404, #761 ) ;
#3469 = CARTESIAN_POINT ( 'NONE',  ( 62.00000000000000000, 27.99999999999999645, 112.0000000000000000 ) ) ;
#3470 = EDGE_CURVE ( 'NONE', #2338, #1129, #3356, .T. ) ;
#3471 = CARTESIAN_POINT ( 'NONE',  ( 124.0000000000000000, 2.000000000000044409, 30.03331193145901423 ) ) ;
#3472 = EDGE_CURVE ( 'NONE', #1699, #1643, #1756, .T. ) ;
#3473 = VERTEX_POINT ( 'NONE', #757 ) ;
#3474 = DIRECTION ( 'NONE',  ( 0.000000000000000000, -1.000000000000000000, 0.000000000000000000 ) ) ;
#3475 = DIRECTION ( 'NONE',  ( -0.000000000000000000, 0.000000000000000000, -1.000000000000000000 ) ) ;
#3476 = LINE ( 'NONE', #2114, #2681 ) ;
#3477 = VERTEX_POINT ( 'NONE', #1463 ) ;
#3478 = CARTESIAN_POINT ( 'NONE',  ( 124.0000000000000000, 22.39999999999999503, 112.0000000000000000 ) ) ;
#3479 = ORIENTED_EDGE ( 'NONE', *, *, #1735, .T. ) ;
#3480 = DIRECTION ( 'NONE',  ( 1.000000000000000000, 0.000000000000000000, 0.000000000000000000 ) ) ;
#3481 = ORIENTED_EDGE ( 'NONE', *, *, #49, .T. ) ;
#3482 = CARTESIAN_POINT ( 'NONE',  ( 0.000000000000000000, 27.99999999999999645, 112.0000000000000000 ) ) ;
#3483 = CIRCLE ( 'NONE', #1142, 3.499999999999989342 ) ;
#3484 = VECTOR ( 'NONE', #3623, 1000.000000000000000 ) ;
#3485 = ORIENTED_EDGE ( 'NONE', *, *, #1390, .F. ) ;
#3486 = PLANE ( 'NONE',  #3909 ) ;
#3487 = CARTESIAN_POINT ( 'NONE',  ( 124.0000000000000000, 6.000000000000015987, 112.0000000000000000 ) ) ;
#3488 = CARTESIAN_POINT ( 'NONE',  ( 123.0000000000000000, 3.000000000000000000, 112.0000000000000000 ) ) ;
#3489 = EDGE_CURVE ( 'NONE', #1648, #3329, #4117, .T. ) ;
#3490 = VECTOR ( 'NONE', #888, 1000.000000000000000 ) ;
#3491 = AXIS2_PLACEMENT_3D ( 'NONE', #1244, #1965, #3594 ) ;
#3492 = PLANE ( 'NONE',  #2171 ) ;
#3493 = LINE ( 'NONE', #1910, #3140 ) ;
#3494 = VECTOR ( 'NONE', #744, 1000.000000000000000 ) ;
#3495 = EDGE_CURVE ( 'NONE', #4088, #2531, #2240, .T. ) ;
#3496 = ORIENTED_EDGE ( 'NONE', *, *, #1933, .T. ) ;
#3497 = CARTESIAN_POINT ( 'NONE',  ( 119.0000000000000000, 6.000000000000043521, 25.87999999999999901 ) ) ;
#3498 = LINE ( 'NONE', #2613, #3646 ) ;
#3499 = ADVANCED_FACE ( 'NONE', ( #1057 ), #2387, .F. ) ;
#3500 = VERTEX_POINT ( 'NONE', #4039 ) ;
#3501 = DIRECTION ( 'NONE',  ( 1.000000000000000000, 0.000000000000000000, 0.000000000000000000 ) ) ;
#3502 = ORIENTED_EDGE ( 'NONE', *, *, #1598, .T. ) ;
#3503 = VECTOR ( 'NONE', #3913, 1000.000000000000000 ) ;
#3504 = FACE_OUTER_BOUND ( 'NONE', #484, .T. ) ;
#3505 = VECTOR ( 'NONE', #3190, 1000.000000000000000 ) ;
#3506 = ORIENTED_EDGE ( 'NONE', *, *, #108, .F. ) ;
#3507 = CARTESIAN_POINT ( 'NONE',  ( 4.000000000000001776, 1.500000000000008660, 15.79999999999999538 ) ) ;
#3508 = ORIENTED_EDGE ( 'NONE', *, *, #1752, .F. ) ;
#3509 = DIRECTION ( 'NONE',  ( 0.000000000000000000, 1.000000000000000000, 0.000000000000000000 ) ) ;
#3510 = DIRECTION ( 'NONE',  ( 1.000000000000000000, 0.000000000000000000, 0.000000000000000000 ) ) ;
#3511 = LINE ( 'NONE', #3209, #39 ) ;
#3512 = EDGE_CURVE ( 'NONE', #1124, #405, #432, .T. ) ;
#3513 = CARTESIAN_POINT ( 'NONE',  ( 122.4999999999999858, 5.000000000000044409, 97.00000000000000000 ) ) ;
#3514 = FACE_OUTER_BOUND ( 'NONE', #447, .T. ) ;
#3515 = EDGE_CURVE ( 'NONE', #4030, #2779, #2101, .T. ) ;
#3516 = ORIENTED_EDGE ( 'NONE', *, *, #1362, .F. ) ;
#3517 = CARTESIAN_POINT ( 'NONE',  ( 119.0000000000000000, 5.000000000000044409, 25.87999999999999901 ) ) ;
#3518 = DIRECTION ( 'NONE',  ( 1.000000000000000000, 8.673617379884027583E-16, 0.000000000000000000 ) ) ;
#3519 = FACE_OUTER_BOUND ( 'NONE', #3441, .T. ) ;
#3520 = VERTEX_POINT ( 'NONE', #2718 ) ;
#3521 = DIRECTION ( 'NONE',  ( -0.000000000000000000, 1.000000000000000000, -0.000000000000000000 ) ) ;
#3522 = ORIENTED_EDGE ( 'NONE', *, *, #1752, .T. ) ;
#3523 = EDGE_CURVE ( 'NONE', #1534, #54, #1083, .T. ) ;
#3524 = DIRECTION ( 'NONE',  ( -0.000000000000000000, -0.000000000000000000, 1.000000000000000000 ) ) ;
#3525 = VERTEX_POINT ( 'NONE', #1400 ) ;
#3526 = DIRECTION ( 'NONE',  ( 1.228762462150238769E-16, -1.000000000000000000, 0.000000000000000000 ) ) ;
#3527 = ORIENTED_EDGE ( 'NONE', *, *, #3183, .T. ) ;
#3528 = CARTESIAN_POINT ( 'NONE',  ( 62.00000000000000000, 9.500000000000015987, 112.0000000000000000 ) ) ;
#3529 = CARTESIAN_POINT ( 'NONE',  ( 124.0000000000000000, 27.99999999999999645, 112.0000000000000000 ) ) ;
#3530 = CARTESIAN_POINT ( 'NONE',  ( 102.2600000000000051, 5.000000000000041744, 97.00000000000001421 ) ) ;
#3531 = CARTESIAN_POINT ( 'NONE',  ( 60.00000000000000000, 2.000000000000015543, 112.0000000000000000 ) ) ;
#3532 = DIRECTION ( 'NONE',  ( -1.228762462150238769E-16, 1.000000000000000000, 0.000000000000000000 ) ) ;
#3533 = AXIS2_PLACEMENT_3D ( 'NONE', #4019, #2000, #1676 ) ;
#3534 = VECTOR ( 'NONE', #1409, 1000.000000000000000 ) ;
#3535 = ORIENTED_EDGE ( 'NONE', *, *, #3495, .T. ) ;
#3536 = LINE ( 'NONE', #549, #2592 ) ;
#3537 = DIRECTION ( 'NONE',  ( -1.228762462150238769E-16, 1.000000000000000000, 0.000000000000000000 ) ) ;
#3538 = DIRECTION ( 'NONE',  ( 1.224646799147353207E-16, 1.504800016184710769E-32, 1.000000000000000000 ) ) ;
#3539 = EDGE_CURVE ( 'NONE', #1363, #1352, #3059, .T. ) ;
#3540 = VERTEX_POINT ( 'NONE', #1419 ) ;
#3541 = LINE ( 'NONE', #1896, #1091 ) ;
#3542 = ORIENTED_EDGE ( 'NONE', *, *, #3158, .F. ) ;
#3543 = DIRECTION ( 'NONE',  ( 1.000000000000000000, 0.000000000000000000, 0.000000000000000000 ) ) ;
#3544 = ORIENTED_EDGE ( 'NONE', *, *, #2192, .F. ) ;
#3545 = DIRECTION ( 'NONE',  ( -0.000000000000000000, -0.000000000000000000, 1.000000000000000000 ) ) ;
#3546 = ADVANCED_FACE ( 'NONE', ( #1734 ), #3041, .F. ) ;
#3547 = VERTEX_POINT ( 'NONE', #2740 ) ;
#3548 = LINE ( 'NONE', #720, #3347 ) ;
#3549 = CARTESIAN_POINT ( 'NONE',  ( 2.000000000000001776, 2.000000000000008882, 112.0000000000000000 ) ) ;
#3550 = EDGE_CURVE ( 'NONE', #2649, #3738, #882, .T. ) ;
#3551 = CARTESIAN_POINT ( 'NONE',  ( 119.0000000000000000, 2.000000000000043521, 97.94999999999998863 ) ) ;
#3552 = AXIS2_PLACEMENT_3D ( 'NONE', #1504, #4210, #3169 ) ;
#3553 = CARTESIAN_POINT ( 'NONE',  ( 95.75999999999999091, 6.000000000000039968, 97.00000000000001421 ) ) ;
#3554 = DIRECTION ( 'NONE',  ( -0.000000000000000000, -0.000000000000000000, -1.000000000000000000 ) ) ;
#3555 = AXIS2_PLACEMENT_3D ( 'NONE', #3906, #611, #587 ) ;
#3556 = AXIS2_PLACEMENT_3D ( 'NONE', #3469, #498, #1446 ) ;
#3557 = CIRCLE ( 'NONE', #602, 6.500000000000005329 ) ;
#3558 = CONICAL_SURFACE ( 'NONE', #4120, 0.9499999999999925171, 1.029744258676651425 ) ;
#3559 = EDGE_LOOP ( 'NONE', ( #3516, #84, #2551, #3685 ) ) ;
#3560 = VECTOR ( 'NONE', #307, 1000.000000000000000 ) ;
#3561 = DIRECTION ( 'NONE',  ( 1.000000000000000000, 0.000000000000000000, 0.000000000000000000 ) ) ;
#3562 = CARTESIAN_POINT ( 'NONE',  ( 64.69999999999998863, 3.000000000000000000, 112.0000000000000000 ) ) ;
#3563 = DIRECTION ( 'NONE',  ( -0.000000000000000000, -0.000000000000000000, -1.000000000000000000 ) ) ;
#3564 = AXIS2_PLACEMENT_3D ( 'NONE', #2881, #2532, #1600 ) ;
#3565 = EDGE_CURVE ( 'NONE', #3370, #2861, #449, .T. ) ;
#3566 = VERTEX_POINT ( 'NONE', #1119 ) ;
#3567 = EDGE_CURVE ( 'NONE', #3710, #3473, #1480, .T. ) ;
#3568 = FACE_OUTER_BOUND ( 'NONE', #1502, .T. ) ;
#3569 = ORIENTED_EDGE ( 'NONE', *, *, #3888, .F. ) ;
#3570 = CARTESIAN_POINT ( 'NONE',  ( 25.49999999999999645, 2.000000000000011102, 15.79999999999999538 ) ) ;
#3571 = ORIENTED_EDGE ( 'NONE', *, *, #1921, .T. ) ;
#3572 = EDGE_CURVE ( 'NONE', #2078, #2989, #3931, .T. ) ;
#3573 = DIRECTION ( 'NONE',  ( 0.000000000000000000, -1.000000000000000000, 0.000000000000000000 ) ) ;
#3574 = ORIENTED_EDGE ( 'NONE', *, *, #3020, .T. ) ;
#3575 = CARTESIAN_POINT ( 'NONE',  ( 2.000000000000001776, 17.89999999999999503, 97.99999999999995737 ) ) ;
#3576 = VECTOR ( 'NONE', #1596, 1000.000000000000000 ) ;
#3577 = VECTOR ( 'NONE', #2135, 1000.000000000000000 ) ;
#3578 = EDGE_CURVE ( 'NONE', #12, #2182, #3444, .T. ) ;
#3579 = CARTESIAN_POINT ( 'NONE',  ( 64.00000000000000000, 9.500000000000015987, 87.00000000000000000 ) ) ;
#3580 = LINE ( 'NONE', #3969, #3343 ) ;
#3581 = EDGE_CURVE ( 'NONE', #3810, #3139, #3122, .T. ) ;
#3582 = EDGE_LOOP ( 'NONE', ( #1630, #2051, #2554, #1394, #3321, #2402, #3496, #705, #389, #1114, #3000, #3036 ) ) ;
#3583 = DIRECTION ( 'NONE',  ( -0.000000000000000000, -0.000000000000000000, 1.000000000000000000 ) ) ;
#3584 = DIRECTION ( 'NONE',  ( 1.000000000000000000, 1.228762462150238769E-16, 0.000000000000000000 ) ) ;
#3585 = CARTESIAN_POINT ( 'NONE',  ( 99.26000000000000512, 7.000000000000040856, 97.00000000000001421 ) ) ;
#3586 = CIRCLE ( 'NONE', #1855, 2.499999999999988454 ) ;
#3587 = ORIENTED_EDGE ( 'NONE', *, *, #1612, .T. ) ;
#3588 = CARTESIAN_POINT ( 'NONE',  ( 60.00000000000000000, 6.000000000000015987, 102.0000000000000142 ) ) ;
#3589 = VECTOR ( 'NONE', #4052, 1000.000000000000000 ) ;
#3590 = EDGE_LOOP ( 'NONE', ( #2799, #1812, #1560, #2452 ) ) ;
#3591 = ADVANCED_FACE ( 'NONE', ( #4190 ), #3170, .F. ) ;
#3592 = DIRECTION ( 'NONE',  ( 0.000000000000000000, 0.000000000000000000, 1.000000000000000000 ) ) ;
#3593 = VERTEX_POINT ( 'NONE', #192 ) ;
#3594 = DIRECTION ( 'NONE',  ( -1.000000000000000000, 0.000000000000000000, 0.000000000000000000 ) ) ;
#3595 = ORIENTED_EDGE ( 'NONE', *, *, #2857, .T. ) ;
#3596 = CARTESIAN_POINT ( 'NONE',  ( 25.49999999999999645, 1.500000000000011324, 15.79999999999999538 ) ) ;
#3597 = EDGE_CURVE ( 'NONE', #3331, #221, #1505, .T. ) ;
#3598 = EDGE_CURVE ( 'NONE', #612, #1401, #215, .T. ) ;
#3599 = ORIENTED_EDGE ( 'NONE', *, *, #1162, .F. ) ;
#3600 = CARTESIAN_POINT ( 'NONE',  ( 6.000000000000005329, 2.000000000000009326, 112.0000000000000000 ) ) ;
#3601 = CARTESIAN_POINT ( 'NONE',  ( 119.0000000000000000, 2.000000000000043521, 24.93000000000000682 ) ) ;
#3602 = PLANE ( 'NONE',  #880 ) ;
#3603 = EDGE_CURVE ( 'NONE', #2645, #3738, #3865, .T. ) ;
#3604 = LINE ( 'NONE', #3972, #529 ) ;
#3605 = EDGE_CURVE ( 'NONE', #956, #1568, #3511, .T. ) ;
#3606 = CARTESIAN_POINT ( 'NONE',  ( 93.25999999999999091, 7.000000000000040856, 25.87999999999999901 ) ) ;
#3607 = EDGE_CURVE ( 'NONE', #677, #1594, #1185, .T. ) ;
#3608 = VECTOR ( 'NONE', #2350, 1000.000000000000000 ) ;
#3609 = ORIENTED_EDGE ( 'NONE', *, *, #3249, .F. ) ;
#3610 = DIRECTION ( 'NONE',  ( 0.000000000000000000, 0.5150380749100568201, 0.8571673007021107793 ) ) ;
#3611 = ORIENTED_EDGE ( 'NONE', *, *, #2253, .T. ) ;
#3612 = CARTESIAN_POINT ( 'NONE',  ( 119.0000000000000000, 2.000000000000043521, 25.87999999999999901 ) ) ;
#3613 = ORIENTED_EDGE ( 'NONE', *, *, #2407, .F. ) ;
#3614 = FACE_OUTER_BOUND ( 'NONE', #965, .T. ) ;
#3615 = ORIENTED_EDGE ( 'NONE', *, *, #3567, .F. ) ;
#3616 = DIRECTION ( 'NONE',  ( 0.000000000000000000, 1.000000000000000000, 0.000000000000000000 ) ) ;
#3617 = VERTEX_POINT ( 'NONE', #2866 ) ;
#3618 = EDGE_CURVE ( 'NONE', #3295, #1860, #1161, .T. ) ;
#3619 = LINE ( 'NONE', #665, #3763 ) ;
#3620 = FACE_OUTER_BOUND ( 'NONE', #82, .T. ) ;
#3621 = AXIS2_PLACEMENT_3D ( 'NONE', #87, #2058, #494 ) ;
#3622 = CARTESIAN_POINT ( 'NONE',  ( 124.0000000000000000, 25.89999999999999858, 112.0000000000000000 ) ) ;
#3623 = DIRECTION ( 'NONE',  ( -0.8571673007021112234, 1.049727191138617340E-16, 0.5150380749100560429 ) ) ;
#3624 = CIRCLE ( 'NONE', #601, 2.499999999999988454 ) ;
#3625 = AXIS2_PLACEMENT_3D ( 'NONE', #4069, #1125, #2435 ) ;
#3626 = DIRECTION ( 'NONE',  ( -1.000000000000000000, 5.782411586589352708E-16, 0.000000000000000000 ) ) ;
#3627 = EDGE_CURVE ( 'NONE', #3129, #34, #3884, .T. ) ;
#3628 = VECTOR ( 'NONE', #4146, 1000.000000000000000 ) ;
#3629 = VECTOR ( 'NONE', #4031, 1000.000000000000000 ) ;
#3630 = VERTEX_POINT ( 'NONE', #3233 ) ;
#3631 = LINE ( 'NONE', #1322, #332 ) ;
#3632 = ORIENTED_EDGE ( 'NONE', *, *, #733, .F. ) ;
#3633 = CARTESIAN_POINT ( 'NONE',  ( 6.000000000000001776, 6.000000000000015987, 102.0000000000000142 ) ) ;
#3634 = CARTESIAN_POINT ( 'NONE',  ( 92.25999999999999091, 6.000000000000039968, 25.87999999999999901 ) ) ;
#3635 = VECTOR ( 'NONE', #1791, 1000.000000000000114 ) ;
#3636 = CARTESIAN_POINT ( 'NONE',  ( 95.75999999999999091, 7.000000000000040856, 97.00000000000001421 ) ) ;
#3637 = VERTEX_POINT ( 'NONE', #3817 ) ;
#3638 = CARTESIAN_POINT ( 'NONE',  ( 124.0000000000000000, 2.347217747966114931, 97.99999999999995737 ) ) ;
#3639 = ORIENTED_EDGE ( 'NONE', *, *, #3645, .F. ) ;
#3640 = CARTESIAN_POINT ( 'NONE',  ( 124.0000000000000000, 27.99999999999999645, 97.99999999999995737 ) ) ;
#3641 = EDGE_CURVE ( 'NONE', #3309, #2814, #844, .T. ) ;
#3642 = ORIENTED_EDGE ( 'NONE', *, *, #553, .T. ) ;
#3643 = CARTESIAN_POINT ( 'NONE',  ( 123.3481839605470896, 2.644995669731238230, 98.65181603945286781 ) ) ;
#3644 = FACE_OUTER_BOUND ( 'NONE', #500, .T. ) ;
#3645 = EDGE_CURVE ( 'NONE', #3098, #86, #261, .T. ) ;
#3646 = VECTOR ( 'NONE', #1320, 1000.000000000000000 ) ;
#3647 = VECTOR ( 'NONE', #4051, 1000.000000000000000 ) ;
#3648 = ORIENTED_EDGE ( 'NONE', *, *, #93, .F. ) ;
#3649 = DIRECTION ( 'NONE',  ( -1.000000000000000000, -0.000000000000000000, -0.000000000000000000 ) ) ;
#3650 = PLANE ( 'NONE',  #3533 ) ;
#3651 = EDGE_CURVE ( 'NONE', #3473, #3030, #516, .T. ) ;
#3652 = ORIENTED_EDGE ( 'NONE', *, *, #3978, .T. ) ;
#3653 = DIRECTION ( 'NONE',  ( -0.000000000000000000, -0.000000000000000000, -1.000000000000000000 ) ) ;
#3654 = ORIENTED_EDGE ( 'NONE', *, *, #653, .T. ) ;
#3655 = DIRECTION ( 'NONE',  ( -0.000000000000000000, -0.000000000000000000, 1.000000000000000000 ) ) ;
#3656 = CARTESIAN_POINT ( 'NONE',  ( 4.000000000000010658, 1.500000000000008660, 92.00000000000000000 ) ) ;
#3657 = VECTOR ( 'NONE', #4079, 1000.000000000000000 ) ;
#3658 = CARTESIAN_POINT ( 'NONE',  ( 119.0000000000000000, 2.000000000000043521, 97.00000000000000000 ) ) ;
#3659 = ORIENTED_EDGE ( 'NONE', *, *, #311, .T. ) ;
#3660 = DIRECTION ( 'NONE',  ( 0.000000000000000000, -0.000000000000000000, -1.000000000000000000 ) ) ;
#3661 = ADVANCED_FACE ( 'NONE', ( #1204 ), #2540, .F. ) ;
#3662 = VERTEX_POINT ( 'NONE', #907 ) ;
#3663 = CARTESIAN_POINT ( 'NONE',  ( 124.0000000000000142, 2.306658542177234317, 24.49849460541341628 ) ) ;
#3664 = EDGE_LOOP ( 'NONE', ( #1521, #3113, #2906, #3180 ) ) ;
#3665 = ORIENTED_EDGE ( 'NONE', *, *, #4043, .F. ) ;
#3666 = CARTESIAN_POINT ( 'NONE',  ( 121.8334183300933233, 3.018553406765164038, 100.1665816699067051 ) ) ;
#3667 = DIRECTION ( 'NONE',  ( 0.000000000000000000, -1.000000000000000000, 0.000000000000000000 ) ) ;
#3668 = DIRECTION ( 'NONE',  ( 0.000000000000000000, 0.000000000000000000, -1.000000000000000000 ) ) ;
#3669 = FACE_OUTER_BOUND ( 'NONE', #3057, .T. ) ;
#3670 = CARTESIAN_POINT ( 'NONE',  ( 122.0000000000000000, 23.89999999999999858, 4.000000000000017764 ) ) ;
#3671 = ORIENTED_EDGE ( 'NONE', *, *, #815, .T. ) ;
#3672 = CARTESIAN_POINT ( 'NONE',  ( 3.000000000000000000, 20.89999999999999503, 112.0000000000000000 ) ) ;
#3673 = VERTEX_POINT ( 'NONE', #928 ) ;
#3674 = CARTESIAN_POINT ( 'NONE',  ( 95.75999999999999091, 7.000000000000040856, 26.82999999999999119 ) ) ;
#3675 = PLANE ( 'NONE',  #1165 ) ;
#3676 = ADVANCED_FACE ( 'NONE', ( #2825 ), #864, .F. ) ;
#3677 = CIRCLE ( 'NONE', #4168, 3.000000000000002665 ) ;
#3678 = CARTESIAN_POINT ( 'NONE',  ( 124.6999999999999886, 20.89999999999999503, 106.0000000000000000 ) ) ;
#3679 = CIRCLE ( 'NONE', #780, 0.9499999999999925171 ) ;
#3680 = VERTEX_POINT ( 'NONE', #2212 ) ;
#3681 = DIRECTION ( 'NONE',  ( -0.7071067811865451302, 0.000000000000000000, -0.7071067811865500152 ) ) ;
#3682 = ORIENTED_EDGE ( 'NONE', *, *, #303, .F. ) ;
#3683 = CARTESIAN_POINT ( 'NONE',  ( 124.0000000000000000, 22.39999999999999503, 2.000000000000001776 ) ) ;
#3684 = EDGE_CURVE ( 'NONE', #3711, #316, #2515, .T. ) ;
#3685 = ORIENTED_EDGE ( 'NONE', *, *, #2566, .F. ) ;
#3686 = ORIENTED_EDGE ( 'NONE', *, *, #3769, .F. ) ;
#3687 = CARTESIAN_POINT ( 'NONE',  ( 121.1530799340761178, 2.852356297361491766, 100.8469200659239675 ) ) ;
#3688 = DIRECTION ( 'NONE',  ( 0.000000000000000000, -1.000000000000000000, 0.000000000000000000 ) ) ;
#3689 = DIRECTION ( 'NONE',  ( 0.000000000000000000, 1.000000000000000000, 0.000000000000000000 ) ) ;
#3690 = DIRECTION ( 'NONE',  ( 0.000000000000000000, -0.000000000000000000, 1.000000000000000000 ) ) ;
#3691 = FACE_OUTER_BOUND ( 'NONE', #699, .T. ) ;
#3692 = AXIS2_PLACEMENT_3D ( 'NONE', #2565, #519, #1691 ) ;
#3693 = AXIS2_PLACEMENT_3D ( 'NONE', #1548, #2869, #409 ) ;
#3694 = EDGE_LOOP ( 'NONE', ( #3185, #2682, #3205, #1627 ) ) ;
#3695 = DIRECTION ( 'NONE',  ( 0.000000000000000000, 0.000000000000000000, 1.000000000000000000 ) ) ;
#3696 = ORIENTED_EDGE ( 'NONE', *, *, #3684, .T. ) ;
#3697 = CYLINDRICAL_SURFACE ( 'NONE', #394, 0.9499999999999925171 ) ;
#3698 = CARTESIAN_POINT ( 'NONE',  ( 123.9999999999999716, 2.100785315784049700, 94.23418365577043687 ) ) ;
#3699 = DIRECTION ( 'NONE',  ( 1.000000000000000000, 0.000000000000000000, 0.000000000000000000 ) ) ;
#3700 = TOROIDAL_SURFACE ( 'NONE', #1891, 6.499999999999993783, 3.000000000000000000 ) ;
#3701 = VECTOR ( 'NONE', #4018, 1000.000000000000000 ) ;
#3702 = EDGE_CURVE ( 'NONE', #1558, #1816, #1393, .T. ) ;
#3703 = ORIENTED_EDGE ( 'NONE', *, *, #1743, .F. ) ;
#3704 = CARTESIAN_POINT ( 'NONE',  ( 123.0000000000000000, 3.000000000000000000, 106.0000000000000000 ) ) ;
#3705 = VECTOR ( 'NONE', #2513, 1000.000000000000000 ) ;
#3706 = VECTOR ( 'NONE', #1674, 1000.000000000000000 ) ;
#3707 = EDGE_LOOP ( 'NONE', ( #1894, #3217, #3054, #1117 ) ) ;
#3708 = AXIS2_PLACEMENT_3D ( 'NONE', #3829, #3790, #3457 ) ;
#3709 = ADVANCED_FACE ( 'NONE', ( #2190 ), #3869, .F. ) ;
#3710 = VERTEX_POINT ( 'NONE', #2011 ) ;
#3711 = VERTEX_POINT ( 'NONE', #4275 ) ;
#3712 = FACE_OUTER_BOUND ( 'NONE', #230, .T. ) ;
#3713 = CARTESIAN_POINT ( 'NONE',  ( 32.00000000000000000, 22.39999999999999503, 32.00000000000000000 ) ) ;
#3714 = DIRECTION ( 'NONE',  ( -1.228762462150238769E-16, 1.000000000000000000, -0.000000000000000000 ) ) ;
#3715 = EDGE_CURVE ( 'NONE', #316, #2694, #300, .T. ) ;
#3716 = DIRECTION ( 'NONE',  ( 0.000000000000000000, 0.000000000000000000, 1.000000000000000000 ) ) ;
#3717 = VECTOR ( 'NONE', #4091, 1000.000000000000000 ) ;
#3718 = ORIENTED_EDGE ( 'NONE', *, *, #1138, .F. ) ;
#3719 = DIRECTION ( 'NONE',  ( 0.000000000000000000, 0.000000000000000000, 1.000000000000000000 ) ) ;
#3720 = ORIENTED_EDGE ( 'NONE', *, *, #1072, .T. ) ;
#3721 = PLANE ( 'NONE',  #3394 ) ;
#3722 = FACE_OUTER_BOUND ( 'NONE', #3092, .T. ) ;
#3723 = DIRECTION ( 'NONE',  ( -0.000000000000000000, -0.000000000000000000, -1.000000000000000000 ) ) ;
#3724 = VECTOR ( 'NONE', #1800, 1000.000000000000000 ) ;
#3725 = ORIENTED_EDGE ( 'NONE', *, *, #2813, .F. ) ;
#3726 = EDGE_CURVE ( 'NONE', #480, #28, #2292, .T. ) ;
#3727 = CARTESIAN_POINT ( 'NONE',  ( 124.0000000000000000, 2.347217747966114931, 97.99999999999995737 ) ) ;
#3728 = ORIENTED_EDGE ( 'NONE', *, *, #1426, .T. ) ;
#3729 = CARTESIAN_POINT ( 'NONE',  ( 120.0000000000000000, 2.000000000000044409, 103.4226162893325665 ) ) ;
#3730 = AXIS2_PLACEMENT_3D ( 'NONE', #1607, #2926, #2910 ) ;
#3731 = ORIENTED_EDGE ( 'NONE', *, *, #2488, .F. ) ;
#3732 = DIRECTION ( 'NONE',  ( 0.000000000000000000, 0.000000000000000000, 1.000000000000000000 ) ) ;
#3733 = DIRECTION ( 'NONE',  ( 0.000000000000000000, 0.2873478855663438303, 0.9578262852211518741 ) ) ;
#3734 = EDGE_CURVE ( 'NONE', #2836, #258, #1331, .T. ) ;
#3735 = CARTESIAN_POINT ( 'NONE',  ( 120.0000000000000000, 23.89999999999999858, 112.0000000000000000 ) ) ;
#3736 = PLANE ( 'NONE',  #1669 ) ;
#3737 = ADVANCED_FACE ( 'NONE', ( #1970 ), #3903, .F. ) ;
#3738 = VERTEX_POINT ( 'NONE', #3252 ) ;
#3739 = DIRECTION ( 'NONE',  ( 1.228762462150238769E-16, -1.000000000000000000, -0.000000000000000000 ) ) ;
#3740 = ADVANCED_FACE ( 'NONE', ( #1288 ), #344, .F. ) ;
#3741 = VERTEX_POINT ( 'NONE', #4231 ) ;
#3742 = DIRECTION ( 'NONE',  ( 0.000000000000000000, 1.000000000000000000, 0.000000000000000000 ) ) ;
#3743 = CARTESIAN_POINT ( 'NONE',  ( 95.75999999999999091, 5.000000000000040856, 25.87999999999999901 ) ) ;
#3744 = CARTESIAN_POINT ( 'NONE',  ( 126.0000000000000000, 27.99999999999999645, 2.000000000000000000 ) ) ;
#3745 = ORIENTED_EDGE ( 'NONE', *, *, #4243, .F. ) ;
#3746 = CARTESIAN_POINT ( 'NONE',  ( 0.000000000000000000, 0.000000000000000000, 0.000000000000000000 ) ) ;
#3747 = ORIENTED_EDGE ( 'NONE', *, *, #49, .F. ) ;
#3748 = CARTESIAN_POINT ( 'NONE',  ( 64.00000000000000000, 17.89999999999999503, 112.0000000000000000 ) ) ;
#3749 = AXIS2_PLACEMENT_3D ( 'NONE', #159, #1147, #1808 ) ;
#3750 = ORIENTED_EDGE ( 'NONE', *, *, #716, .T. ) ;
#3751 = ORIENTED_EDGE ( 'NONE', *, *, #148, .F. ) ;
#3752 = CARTESIAN_POINT ( 'NONE',  ( 124.0000000000000000, 27.99999999999999645, 97.99999999999995737 ) ) ;
#3753 = DIRECTION ( 'NONE',  ( 0.000000000000000000, 1.000000000000000000, 0.000000000000000000 ) ) ;
#3754 = EDGE_CURVE ( 'NONE', #4116, #2182, #1517, .T. ) ;
#3755 = VERTEX_POINT ( 'NONE', #1267 ) ;
#3756 = FACE_OUTER_BOUND ( 'NONE', #3590, .T. ) ;
#3757 = LINE ( 'NONE', #4131, #1736 ) ;
#3758 = VERTEX_POINT ( 'NONE', #320 ) ;
#3759 = LINE ( 'NONE', #1742, #2872 ) ;
#3760 = VERTEX_POINT ( 'NONE', #2314 ) ;
#3761 = CARTESIAN_POINT ( 'NONE',  ( 61.30000000000000426, 20.89999999999999503, 106.0000000000000000 ) ) ;
#3762 = FACE_OUTER_BOUND ( 'NONE', #4208, .T. ) ;
#3763 = VECTOR ( 'NONE', #1973, 1000.000000000000000 ) ;
#3764 = EDGE_LOOP ( 'NONE', ( #2557, #3062, #2510, #3671, #3111, #2493 ) ) ;
#3765 = DIRECTION ( 'NONE',  ( 0.000000000000000000, 0.000000000000000000, 1.000000000000000000 ) ) ;
#3766 = ORIENTED_EDGE ( 'NONE', *, *, #2439, .T. ) ;
#3767 = AXIS2_PLACEMENT_3D ( 'NONE', #2929, #3930, #2698 ) ;
#3768 = VECTOR ( 'NONE', #2476, 1000.000000000000114 ) ;
#3769 = EDGE_CURVE ( 'NONE', #2814, #4099, #966, .T. ) ;
#3770 = VECTOR ( 'NONE', #1999, 1000.000000000000000 ) ;
#3771 = CARTESIAN_POINT ( 'NONE',  ( 2.000000000000001776, 23.89999999999999858, 112.0000000000000000 ) ) ;
#3772 = AXIS2_PLACEMENT_3D ( 'NONE', #1246, #886, #2494 ) ;
#3773 = ORIENTED_EDGE ( 'NONE', *, *, #3715, .T. ) ;
#3774 = AXIS2_PLACEMENT_3D ( 'NONE', #1307, #254, #1567 ) ;
#3775 = CARTESIAN_POINT ( 'NONE',  ( 0.000000000000000000, 0.000000000000000000, 2.000000000000000000 ) ) ;
#3776 = EDGE_LOOP ( 'NONE', ( #898, #1172, #2754, #3957 ) ) ;
#3777 = CARTESIAN_POINT ( 'NONE',  ( 60.00000000000000000, 27.99999999999999645, 4.000000000000000000 ) ) ;
#3778 = CARTESIAN_POINT ( 'NONE',  ( 119.0000000000000000, 2.000000000000043521, 97.00000000000000000 ) ) ;
#3779 = VECTOR ( 'NONE', #294, 1000.000000000000000 ) ;
#3780 = VERTEX_POINT ( 'NONE', #1649 ) ;
#3781 = ADVANCED_FACE ( 'NONE', ( #3965 ), #2968, .F. ) ;
#3782 = DIRECTION ( 'NONE',  ( 0.000000000000000000, -0.000000000000000000, -1.000000000000000000 ) ) ;
#3783 = CARTESIAN_POINT ( 'NONE',  ( 119.0000000000000000, 7.000000000000044409, 25.87999999999999901 ) ) ;
#3784 = VERTEX_POINT ( 'NONE', #1631 ) ;
#3785 = DIRECTION ( 'NONE',  ( 0.000000000000000000, 0.000000000000000000, 1.000000000000000000 ) ) ;
#3786 = LINE ( 'NONE', #2113, #787 ) ;
#3787 = DIRECTION ( 'NONE',  ( 1.000000000000000000, 1.228762462150238769E-16, 0.000000000000000000 ) ) ;
#3788 = ADVANCED_FACE ( 'NONE', ( #1947 ), #2990, .F. ) ;
#3789 = ORIENTED_EDGE ( 'NONE', *, *, #2673, .F. ) ;
#3790 = DIRECTION ( 'NONE',  ( 0.000000000000000000, 1.000000000000000000, -0.000000000000000000 ) ) ;
#3791 = ORIENTED_EDGE ( 'NONE', *, *, #1640, .F. ) ;
#3792 = DIRECTION ( 'NONE',  ( 1.000000000000000000, 0.000000000000000000, 0.000000000000000000 ) ) ;
#3794 = EDGE_CURVE ( 'NONE', #2814, #3326, #1309, .T. ) ;
#3793 = VERTEX_POINT ( 'NONE', #2949 ) ;
#3795 = CARTESIAN_POINT ( 'NONE',  ( 123.0000000000000000, 3.000000000000000000, 106.0000000000000000 ) ) ;
#3796 = ORIENTED_EDGE ( 'NONE', *, *, #2391, .F. ) ;
#3797 = CARTESIAN_POINT ( 'NONE',  ( 99.26000000000000512, 6.000000000000039968, 25.87999999999999901 ) ) ;
#3798 = PLANE ( 'NONE',  #2588 ) ;
#3799 = DIRECTION ( 'NONE',  ( 1.000000000000000000, 0.000000000000000000, 0.000000000000000000 ) ) ;
#3800 = VECTOR ( 'NONE', #2382, 1000.000000000000000 ) ;
#3801 = FACE_OUTER_BOUND ( 'NONE', #3582, .T. ) ;
#3802 = FACE_BOUND ( 'NONE', #3302, .T. ) ;
#3803 = ORIENTED_EDGE ( 'NONE', *, *, #4020, .F. ) ;
#3804 = DIRECTION ( 'NONE',  ( 0.000000000000000000, -0.000000000000000000, -1.000000000000000000 ) ) ;
#3805 = LINE ( 'NONE', #2090, #2287 ) ;
#3806 = DIRECTION ( 'NONE',  ( 0.9578262852211518741, -0.2873478855663436082, 0.000000000000000000 ) ) ;
#3807 = ORIENTED_EDGE ( 'NONE', *, *, #237, .T. ) ;
#3808 = ADVANCED_FACE ( 'NONE', ( #985 ), #1006, .F. ) ;
#3809 = DIRECTION ( 'NONE',  ( -1.000000000000000000, 0.000000000000000000, 0.000000000000000000 ) ) ;
#3810 = VERTEX_POINT ( 'NONE', #3575 ) ;
#3811 = CARTESIAN_POINT ( 'NONE',  ( 2.000000000000001776, 23.89999999999999858, 1.999999999999999556 ) ) ;
#3812 = VERTEX_POINT ( 'NONE', #37 ) ;
#3813 = DIRECTION ( 'NONE',  ( 1.000000000000000000, 0.000000000000000000, -0.000000000000000000 ) ) ;
#3814 = VERTEX_POINT ( 'NONE', #1349 ) ;
#3815 = DIRECTION ( 'NONE',  ( -0.000000000000000000, -0.000000000000000000, 1.000000000000000000 ) ) ;
#3816 = DIRECTION ( 'NONE',  ( 1.000000000000000000, 1.228762462150238769E-16, 0.000000000000000000 ) ) ;
#3817 = CARTESIAN_POINT ( 'NONE',  ( 98.26000000000000512, 7.000000000000040856, 97.00000000000001421 ) ) ;
#3818 = AXIS2_PLACEMENT_3D ( 'NONE', #1469, #3742, #4050 ) ;
#3819 = EDGE_CURVE ( 'NONE', #297, #3812, #2766, .T. ) ;
#3820 = LINE ( 'NONE', #911, #322 ) ;
#3821 = CARTESIAN_POINT ( 'NONE',  ( 95.75999999999999091, 5.000000000000040856, 97.00000000000001421 ) ) ;
#3822 = MANIFOLD_SOLID_BREP ( 'Schnitt-Linear austragen2', #3077 ) ;
#3823 = EDGE_LOOP ( 'NONE', ( #4236, #1175 ) ) ;
#3824 = FACE_OUTER_BOUND ( 'NONE', #299, .T. ) ;
#3825 = CARTESIAN_POINT ( 'NONE',  ( 60.00000000000000000, 2.000000000000015543, 102.0000000000000142 ) ) ;
#3826 = FACE_OUTER_BOUND ( 'NONE', #1098, .T. ) ;
#3827 = VECTOR ( 'NONE', #2496, 1000.000000000000000 ) ;
#3828 = VERTEX_POINT ( 'NONE', #2095 ) ;
#3829 = CARTESIAN_POINT ( 'NONE',  ( 64.00000000000001421, 22.39999999999999503, 2.000000000000001776 ) ) ;
#3830 = ORIENTED_EDGE ( 'NONE', *, *, #521, .F. ) ;
#3831 = EDGE_CURVE ( 'NONE', #1135, #3637, #3371, .T. ) ;
#3832 = CARTESIAN_POINT ( 'NONE',  ( 64.00000000000000000, 22.39999999999999503, 2.000000000000001776 ) ) ;
#3833 = VECTOR ( 'NONE', #191, 1000.000000000000000 ) ;
#3834 = EDGE_LOOP ( 'NONE', ( #2152, #3881 ) ) ;
#3835 = FACE_OUTER_BOUND ( 'NONE', #4158, .T. ) ;
#3836 = CONICAL_SURFACE ( 'NONE', #1961, 0.9499999999999925171, 1.029744258676651425 ) ;
#3837 = CIRCLE ( 'NONE', #3073, 3.500000000000003109 ) ;
#3838 = TOROIDAL_SURFACE ( 'NONE', #738, 6.499999999999992006, 3.000000000000000000 ) ;
#3839 = ORIENTED_EDGE ( 'NONE', *, *, #4215, .T. ) ;
#3840 = LINE ( 'NONE', #4209, #1356 ) ;
#3841 = LINE ( 'NONE', #4166, #114 ) ;
#3842 = DIRECTION ( 'NONE',  ( 0.000000000000000000, -0.000000000000000000, 1.000000000000000000 ) ) ;
#3843 = EDGE_CURVE ( 'NONE', #1964, #2975, #3037, .T. ) ;
#3844 = VECTOR ( 'NONE', #3168, 1000.000000000000114 ) ;
#3845 = CIRCLE ( 'NONE', #3774, 1.699999999999993072 ) ;
#3846 = CARTESIAN_POINT ( 'NONE',  ( 69.00000000000000000, 23.89999999999999858, 57.00000000000000711 ) ) ;
#3847 = CIRCLE ( 'NONE', #1292, 1.000000000000000888 ) ;
#3848 = FACE_OUTER_BOUND ( 'NONE', #3354, .T. ) ;
#3849 = CIRCLE ( 'NONE', #3975, 1.699999999999993072 ) ;
#3850 = ORIENTED_EDGE ( 'NONE', *, *, #1391, .F. ) ;
#3851 = EDGE_CURVE ( 'NONE', #9, #729, #793, .T. ) ;
#3852 = DIRECTION ( 'NONE',  ( 1.000000000000000000, 0.000000000000000000, 0.000000000000000000 ) ) ;
#3853 = CARTESIAN_POINT ( 'NONE',  ( 66.00000000000000000, 6.000000000000015987, 102.0000000000000142 ) ) ;
#3854 = FACE_BOUND ( 'NONE', #1806, .T. ) ;
#3855 = ORIENTED_EDGE ( 'NONE', *, *, #3512, .F. ) ;
#3856 = PLANE ( 'NONE',  #2458 ) ;
#3857 = ORIENTED_EDGE ( 'NONE', *, *, #3157, .T. ) ;
#3858 = CONICAL_SURFACE ( 'NONE', #135, 0.9499999999999925171, 1.029744258676651425 ) ;
#3859 = FACE_OUTER_BOUND ( 'NONE', #1313, .T. ) ;
#3860 = VERTEX_POINT ( 'NONE', #428 ) ;
#3861 = DIRECTION ( 'NONE',  ( 0.000000000000000000, 0.000000000000000000, 1.000000000000000000 ) ) ;
#3862 = VERTEX_POINT ( 'NONE', #3771 ) ;
#3863 = DIRECTION ( 'NONE',  ( -0.000000000000000000, 1.000000000000000000, -0.000000000000000000 ) ) ;
#3864 = DIRECTION ( 'NONE',  ( 1.000000000000000000, 0.000000000000000000, 0.000000000000000000 ) ) ;
#3865 = LINE ( 'NONE', #3551, #450 ) ;
#3866 = EDGE_CURVE ( 'NONE', #3814, #3016, #2692, .T. ) ;
#3867 = CARTESIAN_POINT ( 'NONE',  ( 124.0000000000000000, 23.89999999999999858, 112.0000000000000000 ) ) ;
#3868 = DIRECTION ( 'NONE',  ( 1.000000000000000000, 1.228762462150238769E-16, 0.000000000000000000 ) ) ;
#3869 = CONICAL_SURFACE ( 'NONE', #970, 1.699999999999987965, 1.029744258676652313 ) ;
#3870 = ORIENTED_EDGE ( 'NONE', *, *, #3851, .F. ) ;
#3871 = LINE ( 'NONE', #2217, #2381 ) ;
#3872 = PLANE ( 'NONE',  #341 ) ;
#3873 = CYLINDRICAL_SURFACE ( 'NONE', #4191, 0.9499999999999925171 ) ;
#3874 = EDGE_CURVE ( 'NONE', #3500, #1558, #2062, .T. ) ;
#3875 = ORIENTED_EDGE ( 'NONE', *, *, #3372, .T. ) ;
#3876 = DIRECTION ( 'NONE',  ( 0.000000000000000000, 0.000000000000000000, 1.000000000000000000 ) ) ;
#3877 = ORIENTED_EDGE ( 'NONE', *, *, #1933, .F. ) ;
#3878 = CARTESIAN_POINT ( 'NONE',  ( 119.0000000000000000, 5.000000000000044409, 25.87999999999999901 ) ) ;
#3879 = VERTEX_POINT ( 'NONE', #3055 ) ;
#3880 = CARTESIAN_POINT ( 'NONE',  ( 4.000000000000001776, 2.000000000000008882, 15.79999999999999538 ) ) ;
#3881 = ORIENTED_EDGE ( 'NONE', *, *, #4274, .T. ) ;
#3882 = DIRECTION ( 'NONE',  ( 0.000000000000000000, 0.000000000000000000, 1.000000000000000000 ) ) ;
#3883 = FACE_OUTER_BOUND ( 'NONE', #1131, .T. ) ;
#3884 = LINE ( 'NONE', #606, #2609 ) ;
#3885 = DIRECTION ( 'NONE',  ( -0.8571673007021121116, 1.049727191138618449E-16, 0.5150380749100544886 ) ) ;
#3886 = LINE ( 'NONE', #3238, #2103 ) ;
#3887 = VECTOR ( 'NONE', #3044, 1000.000000000000000 ) ;
#3888 = EDGE_CURVE ( 'NONE', #729, #1650, #85, .T. ) ;
#3889 = ADVANCED_FACE ( 'NONE', ( #4096 ), #1054, .F. ) ;
#3890 = ORIENTED_EDGE ( 'NONE', *, *, #827, .F. ) ;
#3891 = FACE_OUTER_BOUND ( 'NONE', #161, .T. ) ;
#3892 = CARTESIAN_POINT ( 'NONE',  ( 124.0000000000000000, 17.89999999999998082, 112.0000000000000000 ) ) ;
#3893 = LINE ( 'NONE', #4263, #667 ) ;
#3894 = EDGE_CURVE ( 'NONE', #2416, #2078, #1242, .T. ) ;
#3895 = EDGE_LOOP ( 'NONE', ( #1428, #2036, #3244, #4010 ) ) ;
#3896 = DIRECTION ( 'NONE',  ( 1.000000000000000000, 0.000000000000000000, 0.000000000000000000 ) ) ;
#3897 = ORIENTED_EDGE ( 'NONE', *, *, #1390, .T. ) ;
#3898 = DIRECTION ( 'NONE',  ( -0.8571673007021121116, 1.049727191138618449E-16, 0.5150380749100544886 ) ) ;
#3899 = ORIENTED_EDGE ( 'NONE', *, *, #2621, .T. ) ;
#3900 = FACE_OUTER_BOUND ( 'NONE', #2363, .T. ) ;
#3901 = EDGE_CURVE ( 'NONE', #430, #2422, #1772, .T. ) ;
#3902 = ORIENTED_EDGE ( 'NONE', *, *, #2763, .T. ) ;
#3903 = CYLINDRICAL_SURFACE ( 'NONE', #3175, 0.9499999999999925171 ) ;
#3904 = AXIS2_PLACEMENT_3D ( 'NONE', #2780, #3443, #1399 ) ;
#3905 = LINE ( 'NONE', #1909, #2521 ) ;
#3906 = CARTESIAN_POINT ( 'NONE',  ( 63.00000000000000000, 20.89999999999999503, 106.0000000000000000 ) ) ;
#3907 = VECTOR ( 'NONE', #1953, 1000.000000000000000 ) ;
#3908 = ADVANCED_FACE ( 'NONE', ( #107 ), #3075, .T. ) ;
#3909 = AXIS2_PLACEMENT_3D ( 'NONE', #540, #3120, #2823 ) ;
#3910 = ORIENTED_EDGE ( 'NONE', *, *, #2644, .F. ) ;
#3911 = VECTOR ( 'NONE', #3573, 1000.000000000000000 ) ;
#3912 = CARTESIAN_POINT ( 'NONE',  ( 124.0000000000000000, 27.99999999999999645, 4.000000000000003553 ) ) ;
#3913 = DIRECTION ( 'NONE',  ( 0.000000000000000000, 1.000000000000000000, 0.000000000000000000 ) ) ;
#3914 = DIRECTION ( 'NONE',  ( -1.228762462150238769E-16, 1.000000000000000000, 0.000000000000000000 ) ) ;
#3915 = VECTOR ( 'NONE', #2222, 1000.000000000000000 ) ;
#3916 = ORIENTED_EDGE ( 'NONE', *, *, #4243, .T. ) ;
#3917 = DIRECTION ( 'NONE',  ( -1.000000000000000000, -1.228762462150238523E-16, 0.000000000000000000 ) ) ;
#3918 = VERTEX_POINT ( 'NONE', #3393 ) ;
#3919 = EDGE_CURVE ( 'NONE', #1964, #2863, #446, .T. ) ;
#3920 = DIRECTION ( 'NONE',  ( 0.000000000000000000, 0.000000000000000000, 1.000000000000000000 ) ) ;
#3921 = VERTEX_POINT ( 'NONE', #1115 ) ;
#3922 = CARTESIAN_POINT ( 'NONE',  ( 124.0000000000000000, 2.000000000000044409, 21.72668806854098733 ) ) ;
#3923 = ORIENTED_EDGE ( 'NONE', *, *, #3715, .F. ) ;
#3924 = DIRECTION ( 'NONE',  ( 1.224646799147353207E-16, 1.504800016184710769E-32, 1.000000000000000000 ) ) ;
#3925 = EDGE_CURVE ( 'NONE', #2836, #1145, #422, .T. ) ;
#3926 = ADVANCED_FACE ( 'NONE', ( #1878 ), #2795, .F. ) ;
#3927 = ADVANCED_FACE ( 'NONE', ( #3859 ), #250, .F. ) ;
#3928 = VERTEX_POINT ( 'NONE', #4119 ) ;
#3929 = CARTESIAN_POINT ( 'NONE',  ( 2.000000000000003109, 25.89999999999999858, 112.0000000000000000 ) ) ;
#3930 = DIRECTION ( 'NONE',  ( -0.000000000000000000, -0.000000000000000000, 1.000000000000000000 ) ) ;
#3931 = CIRCLE ( 'NONE', #2059, 1.000000000000000888 ) ;
#3932 = CARTESIAN_POINT ( 'NONE',  ( 123.0000000000000000, 20.89999999999999503, 106.0000000000000000 ) ) ;
#3933 = DIRECTION ( 'NONE',  ( 1.000000000000000000, -0.000000000000000000, -1.224646799147353207E-16 ) ) ;
#3934 = DIRECTION ( 'NONE',  ( 1.000000000000000000, 1.334402673828312107E-16, 0.000000000000000000 ) ) ;
#3935 = AXIS2_PLACEMENT_3D ( 'NONE', #2605, #3924, #3330 ) ;
#3936 = ORIENTED_EDGE ( 'NONE', *, *, #4195, .T. ) ;
#3937 = CARTESIAN_POINT ( 'NONE',  ( 120.0000000000000000, 23.89999999999999858, 102.0000000000000142 ) ) ;
#3938 = VECTOR ( 'NONE', #3592, 1000.000000000000000 ) ;
#3939 = ORIENTED_EDGE ( 'NONE', *, *, #2014, .F. ) ;
#3940 = DIRECTION ( 'NONE',  ( 0.000000000000000000, 0.000000000000000000, 1.000000000000000000 ) ) ;
#3941 = EDGE_CURVE ( 'NONE', #1199, #1477, #509, .T. ) ;
#3942 = ORIENTED_EDGE ( 'NONE', *, *, #2670, .T. ) ;
#3943 = CARTESIAN_POINT ( 'NONE',  ( 62.00000000000000000, 2.000000000000015543, 99.99999999999997158 ) ) ;
#3944 = EDGE_LOOP ( 'NONE', ( #2908, #4083, #876, #2501 ) ) ;
#3945 = DIRECTION ( 'NONE',  ( -1.000000000000000000, -1.210272192541958862E-16, -0.000000000000000000 ) ) ;
#3946 = ORIENTED_EDGE ( 'NONE', *, *, #1188, .T. ) ;
#3947 = CARTESIAN_POINT ( 'NONE',  ( 124.0000000000000000, 17.89999999999998082, 102.0000000000000142 ) ) ;
#3948 = DIRECTION ( 'NONE',  ( 1.000000000000000000, 0.000000000000000000, -0.000000000000000000 ) ) ;
#3949 = EDGE_CURVE ( 'NONE', #1558, #3500, #2203, .T. ) ;
#3950 = CARTESIAN_POINT ( 'NONE',  ( 60.00000000000000000, 27.99999999999999645, 1.999999999999988010 ) ) ;
#3951 = AXIS2_PLACEMENT_3D ( 'NONE', #3783, #1465, #2720 ) ;
#3952 = DIRECTION ( 'NONE',  ( -0.9578262852211518741, -0.2873478855663436082, -1.172998894335283251E-16 ) ) ;
#3953 = DIRECTION ( 'NONE',  ( -0.000000000000000000, 1.000000000000000000, -0.000000000000000000 ) ) ;
#3954 = VECTOR ( 'NONE', #1786, 1000.000000000000000 ) ;
#3955 = ORIENTED_EDGE ( 'NONE', *, *, #384, .T. ) ;
#3956 = DIRECTION ( 'NONE',  ( -0.000000000000000000, -0.000000000000000000, 1.000000000000000000 ) ) ;
#3957 = ORIENTED_EDGE ( 'NONE', *, *, #1445, .F. ) ;
#3958 = DIRECTION ( 'NONE',  ( 0.000000000000000000, 0.000000000000000000, -1.000000000000000000 ) ) ;
#3959 = LINE ( 'NONE', #3656, #2543 ) ;
#3960 = CARTESIAN_POINT ( 'NONE',  ( 25.49999999999999645, 1.500000000000011324, 15.79999999999999538 ) ) ;
#3961 = ORIENTED_EDGE ( 'NONE', *, *, #1285, .T. ) ;
#3962 = EDGE_CURVE ( 'NONE', #790, #2525, #3184, .T. ) ;
#3963 = DIRECTION ( 'NONE',  ( 0.000000000000000000, 0.000000000000000000, 1.000000000000000000 ) ) ;
#3964 = ORIENTED_EDGE ( 'NONE', *, *, #3962, .T. ) ;
#3965 = FACE_OUTER_BOUND ( 'NONE', #4108, .T. ) ;
#3966 = EDGE_CURVE ( 'NONE', #1387, #94, #2268, .T. ) ;
#3967 = ORIENTED_EDGE ( 'NONE', *, *, #4222, .T. ) ;
#3968 = LINE ( 'NONE', #1651, #319 ) ;
#3969 = CARTESIAN_POINT ( 'NONE',  ( 94.00000000000000000, 23.89999999999999858, 32.00000000000000000 ) ) ;
#3970 = EDGE_CURVE ( 'NONE', #3593, #3810, #184, .T. ) ;
#3971 = CARTESIAN_POINT ( 'NONE',  ( 64.00000000000000000, 2.000000000000036859, 99.99999999999997158 ) ) ;
#3972 = CARTESIAN_POINT ( 'NONE',  ( 62.00000000000000000, 14.50000000000001599, 87.00000000000000000 ) ) ;
#3973 = AXIS2_PLACEMENT_3D ( 'NONE', #3173, #220, #4216 ) ;
#3974 = VECTOR ( 'NONE', #3425, 1000.000000000000000 ) ;
#3975 = AXIS2_PLACEMENT_3D ( 'NONE', #2371, #2656, #763 ) ;
#3976 = FACE_OUTER_BOUND ( 'NONE', #20, .T. ) ;
#3977 = CIRCLE ( 'NONE', #2666, 0.9499999999999925171 ) ;
#3978 = EDGE_CURVE ( 'NONE', #221, #2882, #2860, .T. ) ;
#3979 = VECTOR ( 'NONE', #1382, 1000.000000000000000 ) ;
#3980 = ORIENTED_EDGE ( 'NONE', *, *, #1872, .F. ) ;
#3981 = CARTESIAN_POINT ( 'NONE',  ( 122.0000000000000000, 26.49999999999999645, 112.0000000000000000 ) ) ;
#3982 = ORIENTED_EDGE ( 'NONE', *, *, #3978, .F. ) ;
#3983 = CARTESIAN_POINT ( 'NONE',  ( 95.75999999999999091, 7.000000000000040856, 97.00000000000001421 ) ) ;
#3984 = CARTESIAN_POINT ( 'NONE',  ( 4.000000000000000888, 22.39999999999999503, 112.0000000000000000 ) ) ;
#3985 = CIRCLE ( 'NONE', #2879, 0.9499999999999925171 ) ;
#3986 = DIRECTION ( 'NONE',  ( -1.000000000000000000, -1.228762462150238769E-16, 0.000000000000000000 ) ) ;
#3987 = VERTEX_POINT ( 'NONE', #2884 ) ;
#3988 = DIRECTION ( 'NONE',  ( 1.000000000000000000, 0.000000000000000000, 0.000000000000000000 ) ) ;
#3989 = ORIENTED_EDGE ( 'NONE', *, *, #3101, .F. ) ;
#3990 = CARTESIAN_POINT ( 'NONE',  ( 124.0000000000000426, 2.000000000000044853, 22.42547366871021097 ) ) ;
#3991 = ORIENTED_EDGE ( 'NONE', *, *, #3949, .F. ) ;
#3992 = ORIENTED_EDGE ( 'NONE', *, *, #3572, .F. ) ;
#3993 = CARTESIAN_POINT ( 'NONE',  ( 2.000000000000001776, 23.89999999999999858, 112.0000000000000000 ) ) ;
#3994 = LINE ( 'NONE', #22, #4250 ) ;
#3995 = VECTOR ( 'NONE', #896, 1000.000000000000000 ) ;
#3996 = TOROIDAL_SURFACE ( 'NONE', #3361, 6.500000000000007105, 3.000000000000000000 ) ;
#3997 = EDGE_CURVE ( 'NONE', #151, #1816, #2693, .T. ) ;
#3998 = CARTESIAN_POINT ( 'NONE',  ( 4.000000000000001776, 26.49999999999999645, 112.0000000000000000 ) ) ;
#3999 = CARTESIAN_POINT ( 'NONE',  ( 66.00000000000001421, 26.49999999999999645, 112.0000000000000142 ) ) ;
#4000 = CARTESIAN_POINT ( 'NONE',  ( 3.000000000000000000, 3.000000000000000000, 106.0000000000000000 ) ) ;
#4001 = ORIENTED_EDGE ( 'NONE', *, *, #3383, .F. ) ;
#4002 = DIRECTION ( 'NONE',  ( -0.2873478855663435527, 0.9578262852211519851, 0.000000000000000000 ) ) ;
#4003 = ORIENTED_EDGE ( 'NONE', *, *, #66, .T. ) ;
#4004 = DIRECTION ( 'NONE',  ( 1.000000000000000000, 0.000000000000000000, 0.000000000000000000 ) ) ;
#4005 = DIRECTION ( 'NONE',  ( 1.228762462150238769E-16, -1.000000000000000000, -0.000000000000000000 ) ) ;
#4006 = TOROIDAL_SURFACE ( 'NONE', #2131, 6.499999999999992006, 3.000000000000000000 ) ;
#4007 = EDGE_CURVE ( 'NONE', #166, #1093, #1499, .T. ) ;
#4008 = ADVANCED_FACE ( 'NONE', ( #229 ), #1220, .F. ) ;
#4009 = ADVANCED_FACE ( 'NONE', ( #1241 ), #4006, .F. ) ;
#4010 = ORIENTED_EDGE ( 'NONE', *, *, #2346, .T. ) ;
#4011 = DIRECTION ( 'NONE',  ( 1.000000000000000000, 1.334402673828312107E-16, 0.000000000000000000 ) ) ;
#4012 = VERTEX_POINT ( 'NONE', #4142 ) ;
#4013 = DIRECTION ( 'NONE',  ( 0.000000000000000000, -1.000000000000000000, 0.000000000000000000 ) ) ;
#4014 = EDGE_LOOP ( 'NONE', ( #1537, #3456, #339 ) ) ;
#4015 = CARTESIAN_POINT ( 'NONE',  ( 95.75999999999999091, 2.000000000000040856, 24.93000000000000682 ) ) ;
#4016 = CARTESIAN_POINT ( 'NONE',  ( 119.0000000000000000, 2.000000000000043965, 25.87999999999999901 ) ) ;
#4017 = CARTESIAN_POINT ( 'NONE',  ( 0.000000000000000000, 0.000000000000000000, 0.000000000000000000 ) ) ;
#4018 = DIRECTION ( 'NONE',  ( 0.000000000000000000, 0.000000000000000000, 1.000000000000000000 ) ) ;
#4019 = CARTESIAN_POINT ( 'NONE',  ( 2.000000000000001776, 2.000000000000008882, 97.99999999999995737 ) ) ;
#4020 = EDGE_CURVE ( 'NONE', #3828, #1385, #3586, .T. ) ;
#4021 = B_SPLINE_CURVE_WITH_KNOTS ( 'NONE', 3,
 ( #2374, #3049, #3698, #99, #766, #2073, #1746, #2833 ),
 .UNSPECIFIED., .F., .F.,
 ( 4, 2, 2, 4 ),
 ( 0.000000000000000000, 0.002086769842312473713, 0.003130154763468730953, 0.004173539684624988193 ),
 .UNSPECIFIED. ) ;
#4022 = VERTEX_POINT ( 'NONE', #3832 ) ;
#4023 = DIRECTION ( 'NONE',  ( 0.000000000000000000, 1.000000000000000000, 0.000000000000000000 ) ) ;
#4024 = VERTEX_POINT ( 'NONE', #922 ) ;
#4025 = DIRECTION ( 'NONE',  ( -0.000000000000000000, 1.000000000000000000, -0.000000000000000000 ) ) ;
#4026 = LINE ( 'NONE', #3984, #1 ) ;
#4027 = EDGE_CURVE ( 'NONE', #1401, #472, #8, .T. ) ;
#4028 = DIRECTION ( 'NONE',  ( -0.000000000000000000, -0.000000000000000000, -1.000000000000000000 ) ) ;
#4029 = TOROIDAL_SURFACE ( 'NONE', #231, 6.500000000000007105, 3.000000000000000000 ) ;
#4030 = VERTEX_POINT ( 'NONE', #209 ) ;
#4031 = DIRECTION ( 'NONE',  ( 0.000000000000000000, 0.000000000000000000, 1.000000000000000000 ) ) ;
#4032 = ORIENTED_EDGE ( 'NONE', *, *, #3320, .T. ) ;
#4033 = CARTESIAN_POINT ( 'NONE',  ( 120.0000000000000000, 2.347217747966109602, 102.0000000000000142 ) ) ;
#4034 = EDGE_CURVE ( 'NONE', #2546, #885, #1520, .T. ) ;
#4036 = ADVANCED_FACE ( 'NONE', ( #3504 ), #557, .F. ) ;
#4035 = ORIENTED_EDGE ( 'NONE', *, *, #3565, .F. ) ;
#4037 = EDGE_LOOP ( 'NONE', ( #2729, #3283, #1944, #688 ) ) ;
#4038 = CARTESIAN_POINT ( 'NONE',  ( 119.0000000000000000, 6.000000000000044409, 97.00000000000000000 ) ) ;
#4039 = CARTESIAN_POINT ( 'NONE',  ( 89.25999999999999091, 2.000000000000039968, 97.00000000000001421 ) ) ;
#4040 = CARTESIAN_POINT ( 'NONE',  ( 124.0000000000000000, 2.000000000000044409, 112.0000000000000000 ) ) ;
#4041 = LINE ( 'NONE', #1739, #3887 ) ;
#4042 = CIRCLE ( 'NONE', #1485, 3.500000000000003109 ) ;
#4043 = EDGE_CURVE ( 'NONE', #1594, #2944, #1001, .T. ) ;
#4044 = VECTOR ( 'NONE', #3554, 1000.000000000000000 ) ;
#4045 = VECTOR ( 'NONE', #2928, 1000.000000000000000 ) ;
#4046 = ORIENTED_EDGE ( 'NONE', *, *, #2582, .F. ) ;
#4047 = AXIS2_PLACEMENT_3D ( 'NONE', #2979, #1340, #3695 ) ;
#4048 = DIRECTION ( 'NONE',  ( 0.000000000000000000, -1.000000000000000000, 0.000000000000000000 ) ) ;
#4049 = ORIENTED_EDGE ( 'NONE', *, *, #1310, .F. ) ;
#4050 = DIRECTION ( 'NONE',  ( 0.000000000000000000, -0.000000000000000000, 1.000000000000000000 ) ) ;
#4051 = DIRECTION ( 'NONE',  ( -0.000000000000000000, -0.000000000000000000, -1.000000000000000000 ) ) ;
#4052 = DIRECTION ( 'NONE',  ( 0.8571673007021121116, 0.000000000000000000, 0.5150380749100544886 ) ) ;
#4053 = EDGE_LOOP ( 'NONE', ( #2436, #2603, #1946, #1062 ) ) ;
#4054 = ADVANCED_FACE ( 'NONE', ( #1960 ), #2618, .T. ) ;
#4055 = DIRECTION ( 'NONE',  ( 0.000000000000000000, -1.000000000000000000, 0.000000000000000000 ) ) ;
#4056 = VECTOR ( 'NONE', #486, 1000.000000000000000 ) ;
#4057 = EDGE_LOOP ( 'NONE', ( #2056, #3665, #1664, #3479 ) ) ;
#4058 = DIRECTION ( 'NONE',  ( 0.7071067811865512365, 0.000000000000000000, -0.7071067811865439090 ) ) ;
#4059 = EDGE_CURVE ( 'NONE', #2144, #3525, #1922, .T. ) ;
#4060 = CIRCLE ( 'NONE', #2742, 1.699999999999987965 ) ;
#4061 = EDGE_LOOP ( 'NONE', ( #199, #3609 ) ) ;
#4062 = DIRECTION ( 'NONE',  ( 1.228762462150238769E-16, -1.000000000000000000, -0.000000000000000000 ) ) ;
#4063 = DIRECTION ( 'NONE',  ( -0.000000000000000000, -0.000000000000000000, 1.000000000000000000 ) ) ;
#4064 = ADVANCED_FACE ( 'NONE', ( #2983 ), #597, .F. ) ;
#4065 = ADVANCED_FACE ( 'NONE', ( #981, #2576 ), #3247, .T. ) ;
#4066 = LINE ( 'NONE', #1163, #2733 ) ;
#4067 = DIRECTION ( 'NONE',  ( 0.000000000000000000, 0.000000000000000000, -1.000000000000000000 ) ) ;
#4068 = ORIENTED_EDGE ( 'NONE', *, *, #754, .F. ) ;
#4069 = CARTESIAN_POINT ( 'NONE',  ( 3.000000000000000000, 3.000000000000000000, 106.0000000000000000 ) ) ;
#4070 = ORIENTED_EDGE ( 'NONE', *, *, #3470, .T. ) ;
#4071 = CARTESIAN_POINT ( 'NONE',  ( 122.4999999999999858, 6.000000000000043521, 97.00000000000000000 ) ) ;
#4072 = CARTESIAN_POINT ( 'NONE',  ( 4.000000000000010658, 1.500000000000008660, 92.00000000000000000 ) ) ;
#4073 = PRODUCT_DEFINITION_SHAPE ( 'NONE', 'NONE',  #3159 ) ;
#4074 = CARTESIAN_POINT ( 'NONE',  ( 62.00000000000000000, 23.89999999999999858, 1.999999999999988010 ) ) ;
#4075 = AXIS2_PLACEMENT_3D ( 'NONE', #3778, #1443, #776 ) ;
#4076 = VERTEX_POINT ( 'NONE', #1623 ) ;
#4077 = DIRECTION ( 'NONE',  ( 1.000000000000000000, 0.000000000000000000, 0.000000000000000000 ) ) ;
#4078 = ORIENTED_EDGE ( 'NONE', *, *, #1275, .F. ) ;
#4079 = DIRECTION ( 'NONE',  ( 1.000000000000000000, 0.000000000000000000, 0.000000000000000000 ) ) ;
#4080 = EDGE_CURVE ( 'NONE', #3760, #1994, #81, .T. ) ;
#4081 = AXIS2_PLACEMENT_3D ( 'NONE', #3415, #2406, #2032 ) ;
#4082 = ORIENTED_EDGE ( 'NONE', *, *, #3645, .T. ) ;
#4083 = ORIENTED_EDGE ( 'NONE', *, *, #3320, .F. ) ;
#4084 = DIRECTION ( 'NONE',  ( -1.000000000000000000, -0.000000000000000000, -0.000000000000000000 ) ) ;
#4085 = DIRECTION ( 'NONE',  ( -0.7071067811865439090, -0.000000000000000000, -0.7071067811865512365 ) ) ;
#4086 = CARTESIAN_POINT ( 'NONE',  ( 2.000000000000001776, 23.89999999999999858, 112.0000000000000000 ) ) ;
#4087 = FACE_BOUND ( 'NONE', #1156, .T. ) ;
#4088 = VERTEX_POINT ( 'NONE', #276 ) ;
#4089 = DIRECTION ( 'NONE',  ( 0.000000000000000000, -1.000000000000000000, 0.000000000000000000 ) ) ;
#4090 = FACE_OUTER_BOUND ( 'NONE', #1290, .T. ) ;
#4091 = DIRECTION ( 'NONE',  ( -1.821231995776175725E-16, -0.000000000000000000, -1.000000000000000000 ) ) ;
#4092 = EDGE_LOOP ( 'NONE', ( #2684, #1853, #2010, #4082 ) ) ;
#4093 = CARTESIAN_POINT ( 'NONE',  ( 123.0000000000000000, 3.000000000000000000, 112.0000000000000000 ) ) ;
#4094 = ORIENTED_EDGE ( 'NONE', *, *, #3360, .T. ) ;
#4095 = AXIS2_PLACEMENT_3D ( 'NONE', #799, #113, #1425 ) ;
#4096 = FACE_OUTER_BOUND ( 'NONE', #2139, .T. ) ;
#4097 = EDGE_CURVE ( 'NONE', #2416, #624, #910, .T. ) ;
#4098 = EDGE_CURVE ( 'NONE', #4024, #3758, #2697, .T. ) ;
#4099 = VERTEX_POINT ( 'NONE', #3570 ) ;
#4100 = FACE_OUTER_BOUND ( 'NONE', #2806, .T. ) ;
#4101 = ORIENTED_EDGE ( 'NONE', *, *, #3227, .T. ) ;
#4102 = FACE_OUTER_BOUND ( 'NONE', #2533, .T. ) ;
#4103 = CARTESIAN_POINT ( 'NONE',  ( 2.000000000000001776, 25.89999999999999858, 112.0000000000000000 ) ) ;
#4104 = EDGE_LOOP ( 'NONE', ( #900, #1193, #2572, #3164 ) ) ;
#4105 = EDGE_CURVE ( 'NONE', #3098, #3540, #1583, .T. ) ;
#4106 = CARTESIAN_POINT ( 'NONE',  ( 119.0000000000000000, 7.000000000000044409, 97.00000000000000000 ) ) ;
#4107 = CARTESIAN_POINT ( 'NONE',  ( 121.3000000000000114, 3.000000000000000000, 112.0000000000000000 ) ) ;
#4108 = EDGE_LOOP ( 'NONE', ( #144, #402, #1456, #841 ) ) ;
#4109 = CARTESIAN_POINT ( 'NONE',  ( 60.00000000000000000, 2.000000000000015543, 102.0000000000000142 ) ) ;
#4110 = CARTESIAN_POINT ( 'NONE',  ( 2.000000000000001776, 27.99999999999999645, 4.000000000000000000 ) ) ;
#4111 = DIRECTION ( 'NONE',  ( 0.000000000000000000, 1.000000000000000000, 0.000000000000000000 ) ) ;
#4112 = EDGE_CURVE ( 'NONE', #3370, #2071, #1602, .T. ) ;
#4113 = AXIS2_PLACEMENT_3D ( 'NONE', #4147, #887, #3816 ) ;
#4114 = ORIENTED_EDGE ( 'NONE', *, *, #3894, .F. ) ;
#4115 = LINE ( 'NONE', #3478, #1762 ) ;
#4116 = VERTEX_POINT ( 'NONE', #2598 ) ;
#4117 = CIRCLE ( 'NONE', #253, 6.500000000000005329 ) ;
#4118 = CIRCLE ( 'NONE', #3625, 1.699999999999987965 ) ;
#4119 = CARTESIAN_POINT ( 'NONE',  ( 95.75999999999999091, 1.429182411923858975, 97.00000000000001421 ) ) ;
#4120 = AXIS2_PLACEMENT_3D ( 'NONE', #2981, #1702, #2004 ) ;
#4121 = ORIENTED_EDGE ( 'NONE', *, *, #630, .F. ) ;
#4122 = AXIS2_PLACEMENT_3D ( 'NONE', #3795, #3166, #1522 ) ;
#4123 = DIRECTION ( 'NONE',  ( -0.000000000000000000, 1.000000000000000000, -0.000000000000000000 ) ) ;
#4124 = ORIENTED_EDGE ( 'NONE', *, *, #3253, .T. ) ;
#4125 = CARTESIAN_POINT ( 'NONE',  ( 62.00000000000000000, 2.000000000000015543, 112.0000000000000000 ) ) ;
#4126 = CARTESIAN_POINT ( 'NONE',  ( 99.26000000000000512, 7.000000000000040856, 25.87999999999999901 ) ) ;
#4127 = DIRECTION ( 'NONE',  ( -0.7071067811865425767, 0.000000000000000000, 0.7071067811865525687 ) ) ;
#4128 = AXIS2_PLACEMENT_3D ( 'NONE', #1173, #3809, #2093 ) ;
#4129 = EDGE_LOOP ( 'NONE', ( #3946, #539, #4140, #138 ) ) ;
#4130 = PLANE ( 'NONE',  #46 ) ;
#4131 = CARTESIAN_POINT ( 'NONE',  ( 70.32535885167462197, 42.00239234449750114, 55.67464114832539934 ) ) ;
#4132 = EDGE_CURVE ( 'NONE', #764, #3879, #1645, .T. ) ;
#4133 = ORIENTED_EDGE ( 'NONE', *, *, #2805, .F. ) ;
#4134 = DIRECTION ( 'NONE',  ( -0.000000000000000000, -0.000000000000000000, 1.000000000000000000 ) ) ;
#4135 = CARTESIAN_POINT ( 'NONE',  ( 95.75999999999999091, 7.000000000000040856, 97.00000000000001421 ) ) ;
#4136 = CARTESIAN_POINT ( 'NONE',  ( 119.0000000000000000, 6.000000000000044409, 97.00000000000000000 ) ) ;
#4137 = VECTOR ( 'NONE', #3306, 1000.000000000000000 ) ;
#4138 = ORIENTED_EDGE ( 'NONE', *, *, #3472, .F. ) ;
#4139 = CARTESIAN_POINT ( 'NONE',  ( 95.75999999999999091, 2.000000000000040856, 26.82999999999999119 ) ) ;
#4140 = ORIENTED_EDGE ( 'NONE', *, *, #4027, .T. ) ;
#4141 = EDGE_CURVE ( 'NONE', #1699, #9, #960, .T. ) ;
#4142 = CARTESIAN_POINT ( 'NONE',  ( 66.00000000000000000, 2.000000000000015543, 112.0000000000000000 ) ) ;
#4143 = ORIENTED_EDGE ( 'NONE', *, *, #943, .T. ) ;
#4144 = LINE ( 'NONE', #884, #3348 ) ;
#4145 = ORIENTED_EDGE ( 'NONE', *, *, #3174, .T. ) ;
#4146 = DIRECTION ( 'NONE',  ( 1.049727191138616723E-16, 0.5150380749100568201, -0.8571673007021107793 ) ) ;
#4147 = CARTESIAN_POINT ( 'NONE',  ( 95.75999999999999091, 5.000000000000040856, 25.87999999999999901 ) ) ;
#4148 = DIRECTION ( 'NONE',  ( -1.000000000000000000, 0.000000000000000000, 0.000000000000000000 ) ) ;
#4149 = AXIS2_PLACEMENT_3D ( 'NONE', #3878, #4161, #3480 ) ;
#4150 = AXIS2_PLACEMENT_3D ( 'NONE', #3658, #749, #2007 ) ;
#4151 = FACE_OUTER_BOUND ( 'NONE', #1881, .T. ) ;
#4152 = CARTESIAN_POINT ( 'NONE',  ( 124.0000000000000000, 2.000000000000044409, 112.0000000000000000 ) ) ;
#4153 = ADVANCED_FACE ( 'NONE', ( #639 ), #1941, .F. ) ;
#4154 = EDGE_LOOP ( 'NONE', ( #1158, #2593, #1197, #894 ) ) ;
#4155 = DIRECTION ( 'NONE',  ( 0.000000000000000000, 1.000000000000000000, 0.000000000000000000 ) ) ;
#4156 = LINE ( 'NONE', #3197, #3432 ) ;
#4157 = DIRECTION ( 'NONE',  ( -1.228762462150238769E-16, 1.000000000000000000, 0.000000000000000000 ) ) ;
#4158 = EDGE_LOOP ( 'NONE', ( #3064, #1209, #2136, #3028 ) ) ;
#4159 = CARTESIAN_POINT ( 'NONE',  ( 61.30000000000000426, 20.89999999999999503, 112.0000000000000000 ) ) ;
#4160 = ORIENTED_EDGE ( 'NONE', *, *, #1188, .F. ) ;
#4161 = DIRECTION ( 'NONE',  ( -1.228762462150238769E-16, 1.000000000000000000, -0.000000000000000000 ) ) ;
#4162 = VERTEX_POINT ( 'NONE', #358 ) ;
#4163 = LINE ( 'NONE', #1861, #2736 ) ;
#4164 = ORIENTED_EDGE ( 'NONE', *, *, #3101, .T. ) ;
#4165 = DIRECTION ( 'NONE',  ( -0.000000000000000000, -0.000000000000000000, -1.000000000000000000 ) ) ;
#4166 = CARTESIAN_POINT ( 'NONE',  ( 66.00000000000001421, 23.89999999999999858, 2.000000000000001776 ) ) ;
#4167 = DIRECTION ( 'NONE',  ( 0.000000000000000000, 1.000000000000000000, 0.000000000000000000 ) ) ;
#4168 = AXIS2_PLACEMENT_3D ( 'NONE', #2685, #399, #4004 ) ;
#4169 = ADVANCED_FACE ( 'NONE', ( #14 ), #1326, .F. ) ;
#4170 = CARTESIAN_POINT ( 'NONE',  ( 123.0000000000000000, 20.89999999999999503, 106.0000000000000000 ) ) ;
#4171 = CARTESIAN_POINT ( 'NONE',  ( 124.0000000000000284, 2.000000000000042188, 29.33715798177112433 ) ) ;
#4172 = ORIENTED_EDGE ( 'NONE', *, *, #1980, .F. ) ;
#4173 = DIRECTION ( 'NONE',  ( -0.000000000000000000, -0.000000000000000000, 1.000000000000000000 ) ) ;
#4174 = FACE_OUTER_BOUND ( 'NONE', #828, .T. ) ;
#4175 = CARTESIAN_POINT ( 'NONE',  ( 25.49999999999999645, 2.000000000000011102, 15.79999999999999538 ) ) ;
#4176 = AXIS2_PLACEMENT_3D ( 'NONE', #1545, #2848, #2147 ) ;
#4177 = EDGE_LOOP ( 'NONE', ( #2347, #2704, #2980, #2954 ) ) ;
#4178 = DIRECTION ( 'NONE',  ( -0.7071067811865439090, -1.533293416683364524E-16, 0.7071067811865512365 ) ) ;
#4179 = ORIENTED_EDGE ( 'NONE', *, *, #3210, .T. ) ;
#4180 = DIRECTION ( 'NONE',  ( -1.228762462150238769E-16, 1.000000000000000000, -0.000000000000000000 ) ) ;
#4181 = VECTOR ( 'NONE', #2973, 1000.000000000000000 ) ;
#4182 = EDGE_CURVE ( 'NONE', #1932, #3525, #2341, .T. ) ;
#4183 = ORIENTED_EDGE ( 'NONE', *, *, #3607, .T. ) ;
#4184 = FACE_OUTER_BOUND ( 'NONE', #2623, .T. ) ;
#4185 = VECTOR ( 'NONE', #1140, 999.9999999999998863 ) ;
#4186 = VECTOR ( 'NONE', #1551, 1000.000000000000000 ) ;
#4187 = ORIENTED_EDGE ( 'NONE', *, *, #2254, .F. ) ;
#4188 = CARTESIAN_POINT ( 'NONE',  ( 122.0000000000000000, 27.99999999999999645, 99.99999999999997158 ) ) ;
#4189 = CARTESIAN_POINT ( 'NONE',  ( 2.000000000000001776, 22.39999999999999503, 2.000000000000000888 ) ) ;
#4190 = FACE_OUTER_BOUND ( 'NONE', #207, .T. ) ;
#4191 = AXIS2_PLACEMENT_3D ( 'NONE', #1871, #1554, #1890 ) ;
#4192 = CARTESIAN_POINT ( 'NONE',  ( 60.00000000000000000, 17.89999999999999503, 102.0000000000000142 ) ) ;
#4193 = CONICAL_SURFACE ( 'NONE', #1359, 1.699999999999993072, 1.029744258676654090 ) ;
#4194 = CARTESIAN_POINT ( 'NONE',  ( 66.00000000000000000, 17.89999999999999503, 102.0000000000000142 ) ) ;
#4195 = EDGE_CURVE ( 'NONE', #2144, #1932, #2727, .T. ) ;
#4196 = ORIENTED_EDGE ( 'NONE', *, *, #3843, .F. ) ;
#4197 = DIRECTION ( 'NONE',  ( 0.7071067811865425767, 8.688662694539064649E-17, 0.7071067811865525687 ) ) ;
#4198 = CARTESIAN_POINT ( 'NONE',  ( 92.25999999999999091, 7.000000000000040856, 97.00000000000001421 ) ) ;
#4199 = PLANE ( 'NONE',  #2596 ) ;
#4200 = ORIENTED_EDGE ( 'NONE', *, *, #2052, .F. ) ;
#4201 = CARTESIAN_POINT ( 'NONE',  ( 121.4999999999999858, 6.000000000000044409, 97.00000000000000000 ) ) ;
#4202 = ORIENTED_EDGE ( 'NONE', *, *, #3794, .T. ) ;
#4203 = CIRCLE ( 'NONE', #275, 1.000000000000000888 ) ;
#4204 = DIRECTION ( 'NONE',  ( 0.000000000000000000, 0.000000000000000000, 1.000000000000000000 ) ) ;
#4205 = AXIS2_PLACEMENT_3D ( 'NONE', #1410, #2749, #1389 ) ;
#4206 = ORIENTED_EDGE ( 'NONE', *, *, #2122, .F. ) ;
#4207 = LINE ( 'NONE', #3880, #668 ) ;
#4208 = EDGE_LOOP ( 'NONE', ( #3451, #74, #3104, #1601 ) ) ;
#4209 = CARTESIAN_POINT ( 'NONE',  ( 4.000000000000001776, 1.500000000000008660, 15.79999999999999538 ) ) ;
#4210 = DIRECTION ( 'NONE',  ( -1.228762462150238769E-16, 1.000000000000000000, -0.000000000000000000 ) ) ;
#4211 = CARTESIAN_POINT ( 'NONE',  ( 62.00000000000000000, 9.500000000000015987, 87.00000000000000000 ) ) ;
#4212 = ADVANCED_FACE ( 'NONE', ( #1726 ), #3067, .F. ) ;
#4213 = LINE ( 'NONE', #1230, #1757 ) ;
#4214 = AXIS2_PLACEMENT_3D ( 'NONE', #838, #1539, #3438 ) ;
#4215 = EDGE_CURVE ( 'NONE', #2313, #1167, #376, .T. ) ;
#4216 = DIRECTION ( 'NONE',  ( -1.000000000000000000, 0.000000000000000000, 0.000000000000000000 ) ) ;
#4217 = AXIS2_PLACEMENT_3D ( 'NONE', #1768, #767, #2329 ) ;
#4218 = ORIENTED_EDGE ( 'NONE', *, *, #4059, .T. ) ;
#4219 = CARTESIAN_POINT ( 'NONE',  ( 60.00000000000000000, 6.000000000000015987, 112.0000000000000000 ) ) ;
#4220 = DIRECTION ( 'NONE',  ( -1.228762462150238769E-16, 1.000000000000000000, 0.000000000000000000 ) ) ;
#4221 = LINE ( 'NONE', #2916, #2524 ) ;
#4222 = EDGE_CURVE ( 'NONE', #1728, #2021, #702, .T. ) ;
#4223 = EDGE_LOOP ( 'NONE', ( #359, #4124, #1879, #1127 ) ) ;
#4224 = CARTESIAN_POINT ( 'NONE',  ( 62.00000000000000000, 9.500000000000015987, 87.00000000000000000 ) ) ;
#4225 = ORIENTED_EDGE ( 'NONE', *, *, #3515, .T. ) ;
#4226 = CARTESIAN_POINT ( 'NONE',  ( 61.30000000000000426, 3.000000000000000000, 106.0000000000000000 ) ) ;
#4227 = ORIENTED_EDGE ( 'NONE', *, *, #2699, .T. ) ;
#4228 = LINE ( 'NONE', #3310, #537 ) ;
#4229 = ORIENTED_EDGE ( 'NONE', *, *, #4080, .F. ) ;
#4230 = CARTESIAN_POINT ( 'NONE',  ( 95.75999999999999091, 7.000000000000040856, 25.87999999999999901 ) ) ;
#4231 = CARTESIAN_POINT ( 'NONE',  ( 62.00000000000000000, 17.89999999999999503, 100.0000000000000000 ) ) ;
#4232 = EDGE_CURVE ( 'NONE', #3738, #2649, #424, .T. ) ;
#4233 = CARTESIAN_POINT ( 'NONE',  ( 2.000000000000001776, 6.000000000000015987, 112.0000000000000000 ) ) ;
#4234 = FACE_OUTER_BOUND ( 'NONE', #636, .T. ) ;
#4235 = ADVANCED_FACE ( 'NONE', ( #1067 ), #423, .F. ) ;
#4236 = ORIENTED_EDGE ( 'NONE', *, *, #2711, .T. ) ;
#4237 = DIRECTION ( 'NONE',  ( 0.000000000000000000, 0.000000000000000000, -1.000000000000000000 ) ) ;
#4238 = CARTESIAN_POINT ( 'NONE',  ( 6.000000000000005329, 2.000000000000015543, 102.0000000000000142 ) ) ;
#4239 = DIRECTION ( 'NONE',  ( 0.000000000000000000, 0.000000000000000000, 1.000000000000000000 ) ) ;
#4240 = VERTEX_POINT ( 'NONE', #1704 ) ;
#4241 = CARTESIAN_POINT ( 'NONE',  ( 119.0000000000000000, 2.000000000000043521, 26.82999999999999119 ) ) ;
#4242 = EDGE_LOOP ( 'NONE', ( #2430, #3857, #1918, #1182 ) ) ;
#4243 = EDGE_CURVE ( 'NONE', #3199, #1834, #2834, .T. ) ;
#4244 = CARTESIAN_POINT ( 'NONE',  ( 64.00000000000001421, 23.89999999999999858, 2.000000000000001776 ) ) ;
#4245 = EDGE_LOOP ( 'NONE', ( #1708, #1609, #1332, #1540 ) ) ;
#4246 = CARTESIAN_POINT ( 'NONE',  ( 95.75999999999999091, 7.000000000000040856, 96.05000000000002558 ) ) ;
#4247 = ORIENTED_EDGE ( 'NONE', *, *, #2067, .F. ) ;
#4248 = CARTESIAN_POINT ( 'NONE',  ( 95.75999999999999091, 7.000000000000040856, 96.05000000000002558 ) ) ;
#4249 = EDGE_CURVE ( 'NONE', #2235, #1363, #1433, .T. ) ;
#4250 = VECTOR ( 'NONE', #4, 1000.000000000000000 ) ;
#4251 = AXIS2_PLACEMENT_3D ( 'NONE', #2294, #2993, #1353 ) ;
#4252 = AXIS2_PLACEMENT_3D ( 'NONE', #895, #4237, #2897 ) ;
#4253 = ORIENTED_EDGE ( 'NONE', *, *, #1598, .F. ) ;
#4254 = DIRECTION ( 'NONE',  ( -1.000000000000000000, -1.228762462150238769E-16, 0.000000000000000000 ) ) ;
#4255 = PLANE ( 'NONE',  #1283 ) ;
#4256 = VECTOR ( 'NONE', #2746, 1000.000000000000000 ) ;
#4257 = VECTOR ( 'NONE', #88, 1000.000000000000000 ) ;
#4258 = VECTOR ( 'NONE', #1478, 1000.000000000000000 ) ;
#4259 = ORIENTED_EDGE ( 'NONE', *, *, #120, .F. ) ;
#4260 = AXIS2_PLACEMENT_3D ( 'NONE', #1501, #167, #3462 ) ;
#4261 = CARTESIAN_POINT ( 'NONE',  ( 4.699999999999987743, 20.89999999999999503, 106.0000000000000000 ) ) ;
#4262 = DIRECTION ( 'NONE',  ( -1.224646799147353207E-16, -1.504800016184710769E-32, 1.000000000000000000 ) ) ;
#4263 = CARTESIAN_POINT ( 'NONE',  ( 66.00000000000001421, 22.39999999999999503, 2.000000000000001776 ) ) ;
#4264 = EDGE_CURVE ( 'NONE', #2385, #94, #2687, .T. ) ;
#4265 = CIRCLE ( 'NONE', #610, 6.500000000000005329 ) ;
#4266 = EDGE_LOOP ( 'NONE', ( #3599, #3910, #456, #3955 ) ) ;
#4267 = DIRECTION ( 'NONE',  ( -0.000000000000000000, 1.000000000000000000, -0.000000000000000000 ) ) ;
#4268 = ORIENTED_EDGE ( 'NONE', *, *, #2215, .T. ) ;
#4269 = DIRECTION ( 'NONE',  ( -1.000000000000000000, 0.000000000000000000, 0.000000000000000000 ) ) ;
#4270 = ORIENTED_EDGE ( 'NONE', *, *, #801, .T. ) ;
#4271 = FACE_OUTER_BOUND ( 'NONE', #2660, .T. ) ;
#4272 = EDGE_CURVE ( 'NONE', #3384, #52, #2401, .T. ) ;
#4273 = ORIENTED_EDGE ( 'NONE', *, *, #2566, .T. ) ;
#4274 = EDGE_CURVE ( 'NONE', #3760, #1753, #3376, .T. ) ;
#4275 = CARTESIAN_POINT ( 'NONE',  ( 120.0000000000000000, 6.000000000000015099, 102.0000000000000142 ) ) ;
ENDSEC;
END-ISO-10303-21;
