ISO-10303-21;
HEADER;
FILE_DESCRIPTION (( 'STEP AP214' ),
    '1' );
FILE_NAME ('Sensor_Halterung_LoRa_Deckel.STEP',
    '2026-09-03T05:18:50',
    ( '' ),
    ( '' ),
    'SwSTEP 2.0',
    'SolidWorks 2026',
    '' );
FILE_SCHEMA (( 'AUTOMOTIVE_DESIGN' ));
ENDSEC;

DATA;
#1 = VERTEX_POINT ( 'NONE', #397 ) ;
#2 = DIRECTION ( 'NONE',  ( -0.000000000000000000, 0.000000000000000000, 1.000000000000000000 ) ) ;
#3 = ORIENTED_EDGE ( 'NONE', *, *, #641, .F. ) ;
#4 = DIRECTION ( 'NONE',  ( 1.000000000000000000, 0.000000000000000000, 0.000000000000000000 ) ) ;
#5 = UNCERTAINTY_MEASURE_WITH_UNIT (LENGTH_MEASURE( 1.000000000000000082E-05 ), #7, 'distance_accuracy_value', 'NONE');
#6 = DIRECTION ( 'NONE',  ( -0.000000000000000000, -0.000000000000000000, -1.000000000000000000 ) ) ;
#7 =( LENGTH_UNIT ( ) NAMED_UNIT ( * ) SI_UNIT ( .MILLI., .METRE. ) );
#8 = ORIENTED_EDGE ( 'NONE', *, *, #891, .F. ) ;
#9 = DIRECTION ( 'NONE',  ( 1.000000000000000000, 0.000000000000000000, 0.000000000000000000 ) ) ;
#10 = ORIENTED_EDGE ( 'NONE', *, *, #743, .F. ) ;
#11 = CARTESIAN_POINT ( 'NONE',  ( 98.00000000000001421, -10.00000000000000000, 5.000000000000000000 ) ) ;
#12 = LINE ( 'NONE', #1279, #560 ) ;
#13 = AXIS2_PLACEMENT_3D ( 'NONE', #539, #987, #1236 ) ;
#14 = ORIENTED_EDGE ( 'NONE', *, *, #376, .T. ) ;
#15 = FACE_BOUND ( 'NONE', #492, .T. ) ;
#16 = EDGE_CURVE ( 'NONE', #799, #53, #183, .T. ) ;
#17 = VECTOR ( 'NONE', #1245, 1000.000000000000000 ) ;
#18 = ORIENTED_EDGE ( 'NONE', *, *, #1018, .T. ) ;
#19 = CARTESIAN_POINT ( 'NONE',  ( 90.00000000000002842, -65.00000000000000000, 2.000000000000000000 ) ) ;
#20 = VECTOR ( 'NONE', #466, 1000.000000000000000 ) ;
#21 = DIRECTION ( 'NONE',  ( 1.000000000000000000, 0.000000000000000000, 0.000000000000000000 ) ) ;
#22 = ADVANCED_FACE ( 'NONE', ( #403 ), #628, .T. ) ;
#23 = CARTESIAN_POINT ( 'NONE',  ( 10.00000000000000000, -65.00000000000000000, 2.000000000000000000 ) ) ;
#24 = ORIENTED_EDGE ( 'NONE', *, *, #692, .F. ) ;
#25 = FACE_BOUND ( 'NONE', #685, .T. ) ;
#26 = ORIENTED_EDGE ( 'NONE', *, *, #34, .F. ) ;
#27 = CARTESIAN_POINT ( 'NONE',  ( 95.00000000000001421, -10.00000000000000000, 2.000000000000000000 ) ) ;
#28 = DIRECTION ( 'NONE',  ( -0.000000000000000000, -0.000000000000000000, -1.000000000000000000 ) ) ;
#29 = ADVANCED_FACE ( 'NONE', ( #975 ), #285, .F. ) ;
#30 = FACE_BOUND ( 'NONE', #1008, .T. ) ;
#31 = EDGE_LOOP ( 'NONE', ( #1438, #659, #365, #912 ) ) ;
#32 = DIRECTION ( 'NONE',  ( -0.000000000000000000, -0.000000000000000000, 1.000000000000000000 ) ) ;
#33 = PLANE ( 'NONE',  #645 ) ;
#34 = EDGE_CURVE ( 'NONE', #799, #126, #854, .T. ) ;
#35 = CARTESIAN_POINT ( 'NONE',  ( 5.500000000000000000, -66.00000000000000000, 2.000000000000000000 ) ) ;
#36 = AXIS2_PLACEMENT_3D ( 'NONE', #1345, #751, #757 ) ;
#37 = ORIENTED_EDGE ( 'NONE', *, *, #16, .F. ) ;
#38 = AXIS2_PLACEMENT_3D ( 'NONE', #700, #262, #1376 ) ;
#39 = CARTESIAN_POINT ( 'NONE',  ( 10.00000000000000000, -68.00000000000000000, 3.999999999999971578 ) ) ;
#40 = AXIS2_PLACEMENT_3D ( 'NONE', #572, #1021, #1357 ) ;
#41 = DIRECTION ( 'NONE',  ( -0.000000000000000000, 1.000000000000000000, -0.000000000000000000 ) ) ;
#42 = EDGE_CURVE ( 'NONE', #786, #589, #728, .T. ) ;
#43 = DIRECTION ( 'NONE',  ( 1.000000000000000000, 0.000000000000000000, 0.000000000000000000 ) ) ;
#44 = ORIENTED_EDGE ( 'NONE', *, *, #977, .F. ) ;
#45 = DIRECTION ( 'NONE',  ( -0.000000000000000000, -0.000000000000000000, -1.000000000000000000 ) ) ;
#46 = EDGE_CURVE ( 'NONE', #714, #194, #607, .T. ) ;
#47 = ORIENTED_EDGE ( 'NONE', *, *, #1032, .F. ) ;
#48 = CARTESIAN_POINT ( 'NONE',  ( 56.00000000000000000, -32.00000000000000711, 0.01000000000000000021 ) ) ;
#49 = VERTEX_POINT ( 'NONE', #634 ) ;
#50 = CARTESIAN_POINT ( 'NONE',  ( 2.500000000000000444, -4.000000000000000000, 2.000000000000000000 ) ) ;
#51 = ORIENTED_EDGE ( 'NONE', *, *, #729, .T. ) ;
#52 = DIRECTION ( 'NONE',  ( 0.000000000000000000, 0.000000000000000000, 1.000000000000000000 ) ) ;
#53 = VERTEX_POINT ( 'NONE', #945 ) ;
#54 = CARTESIAN_POINT ( 'NONE',  ( 98.00000000000001421, -10.00000000000000000, 2.000000000000000000 ) ) ;
#55 = DIRECTION ( 'NONE',  ( 0.000000000000000000, -0.000000000000000000, -1.000000000000000000 ) ) ;
#56 = DIRECTION ( 'NONE',  ( 1.000000000000000000, 0.000000000000000000, -0.000000000000000000 ) ) ;
#57 = EDGE_CURVE ( 'NONE', #384, #1313, #1089, .T. ) ;
#58 = ORIENTED_EDGE ( 'NONE', *, *, #677, .T. ) ;
#59 = DIRECTION ( 'NONE',  ( 0.000000000000000000, 0.000000000000000000, 1.000000000000000000 ) ) ;
#60 = PLANE ( 'NONE',  #576 ) ;
#61 = VECTOR ( 'NONE', #937, 1000.000000000000000 ) ;
#62 = CIRCLE ( 'NONE', #420, 1.499999999999999556 ) ;
#63 = CARTESIAN_POINT ( 'NONE',  ( 0.000000000000000000, 0.000000000000000000, 0.000000000000000000 ) ) ;
#64 = ADVANCED_FACE ( 'NONE', ( #962 ), #1420, .F. ) ;
#65 = LINE ( 'NONE', #1066, #717 ) ;
#66 = ORIENTED_EDGE ( 'NONE', *, *, #148, .T. ) ;
#67 = CARTESIAN_POINT ( 'NONE',  ( 97.00000000000000000, -10.00000000000000000, 5.000000000000000000 ) ) ;
#68 = ORIENTED_EDGE ( 'NONE', *, *, #1240, .F. ) ;
#69 = DIRECTION ( 'NONE',  ( -1.000000000000000000, -1.387778780781445676E-16, 0.000000000000000000 ) ) ;
#70 = EDGE_LOOP ( 'NONE', ( #1213, #247, #867, #96 ) ) ;
#71 = EDGE_CURVE ( 'NONE', #626, #794, #1335, .T. ) ;
#72 = LINE ( 'NONE', #87, #394 ) ;
#73 = VERTEX_POINT ( 'NONE', #1243 ) ;
#74 = CARTESIAN_POINT ( 'NONE',  ( 100.0000000000000000, 0.000000000000000000, 2.000000000000000000 ) ) ;
#75 = ORIENTED_EDGE ( 'NONE', *, *, #160, .F. ) ;
#76 = CARTESIAN_POINT ( 'NONE',  ( 90.00000000000002842, -2.000000000000000000, 4.000000000000013323 ) ) ;
#77 = DIRECTION ( 'NONE',  ( -0.000000000000000000, -0.000000000000000000, -1.000000000000000000 ) ) ;
#78 = EDGE_CURVE ( 'NONE', #991, #632, #1120, .T. ) ;
#79 = CARTESIAN_POINT ( 'NONE',  ( 5.999999999999998224, -58.00000000000000711, 2.000000000000000000 ) ) ;
#80 = ORIENTED_EDGE ( 'NONE', *, *, #57, .T. ) ;
#81 = DIRECTION ( 'NONE',  ( -0.000000000000000000, 0.000000000000000000, -1.000000000000000000 ) ) ;
#82 = ORIENTED_EDGE ( 'NONE', *, *, #398, .T. ) ;
#83 = CARTESIAN_POINT ( 'NONE',  ( 90.00000000000002842, -2.000000000000000000, 2.000000000000000000 ) ) ;
#84 = PLANE ( 'NONE',  #13 ) ;
#85 = VECTOR ( 'NONE', #282, 1000.000000000000000 ) ;
#86 = VECTOR ( 'NONE', #1220, 1000.000000000000114 ) ;
#87 = CARTESIAN_POINT ( 'NONE',  ( 90.00000000000002842, -68.00000000000000000, 5.000000000000000000 ) ) ;
#88 =( GEOMETRIC_REPRESENTATION_CONTEXT ( 3 ) GLOBAL_UNCERTAINTY_ASSIGNED_CONTEXT ( ( #5 ) ) GLOBAL_UNIT_ASSIGNED_CONTEXT ( ( #7, #123, #1143 ) ) REPRESENTATION_CONTEXT ( 'NONE', 'WORKASPACE' ) );
#89 = ORIENTED_EDGE ( 'NONE', *, *, #148, .F. ) ;
#90 = DIRECTION ( 'NONE',  ( -0.000000000000000000, -0.000000000000000000, 1.000000000000000000 ) ) ;
#91 = ORIENTED_EDGE ( 'NONE', *, *, #398, .F. ) ;
#92 = DIRECTION ( 'NONE',  ( 0.000000000000000000, 0.7071067811865475727, -0.7071067811865475727 ) ) ;
#93 = EDGE_CURVE ( 'NONE', #589, #1464, #1010, .T. ) ;
#94 = DIRECTION ( 'NONE',  ( 6.672013369141566696E-17, 1.000000000000000000, -0.000000000000000000 ) ) ;
#95 = PLANE ( 'NONE',  #156 ) ;
#96 = ORIENTED_EDGE ( 'NONE', *, *, #431, .T. ) ;
#97 = DIRECTION ( 'NONE',  ( 0.000000000000000000, 1.000000000000000000, 0.000000000000000000 ) ) ;
#98 = EDGE_CURVE ( 'NONE', #808, #1003, #900, .T. ) ;
#99 = ORIENTED_EDGE ( 'NONE', *, *, #553, .T. ) ;
#100 = DIRECTION ( 'NONE',  ( 0.000000000000000000, 1.000000000000000000, 0.000000000000000000 ) ) ;
#101 = CARTESIAN_POINT ( 'NONE',  ( 2.000000000000006217, -60.00000000000000711, 5.000000000000000000 ) ) ;
#102 = DIRECTION ( 'NONE',  ( -0.000000000000000000, -1.000000000000000000, -0.000000000000000000 ) ) ;
#103 = ORIENTED_EDGE ( 'NONE', *, *, #1046, .T. ) ;
#104 = DIRECTION ( 'NONE',  ( 0.000000000000000000, 0.000000000000000000, 1.000000000000000000 ) ) ;
#105 = EDGE_CURVE ( 'NONE', #830, #1368, #196, .T. ) ;
#106 = ORIENTED_EDGE ( 'NONE', *, *, #1205, .F. ) ;
#107 = DIRECTION ( 'NONE',  ( 0.000000000000000000, -1.000000000000000000, 0.000000000000000000 ) ) ;
#108 = DIRECTION ( 'NONE',  ( 1.224646799147353454E-16, -1.000000000000000000, 0.000000000000000000 ) ) ;
#109 = AXIS2_PLACEMENT_3D ( 'NONE', #1119, #107, #1127 ) ;
#110 = CARTESIAN_POINT ( 'NONE',  ( 0.000000000000000000, 0.000000000000000000, 2.000000000000000000 ) ) ;
#111 = ORIENTED_EDGE ( 'NONE', *, *, #1046, .F. ) ;
#112 = FACE_BOUND ( 'NONE', #609, .T. ) ;
#113 = ORIENTED_EDGE ( 'NONE', *, *, #137, .F. ) ;
#114 = DIRECTION ( 'NONE',  ( 1.000000000000000000, 0.000000000000000000, 0.000000000000000000 ) ) ;
#115 = CARTESIAN_POINT ( 'NONE',  ( 8.572527594031474570E-15, -70.00000000000000000, 0.000000000000000000 ) ) ;
#116 = CARTESIAN_POINT ( 'NONE',  ( 8.572527594031474570E-15, -70.00000000000000000, 2.000000000000000000 ) ) ;
#117 = ORIENTED_EDGE ( 'NONE', *, *, #1294, .T. ) ;
#118 = CARTESIAN_POINT ( 'NONE',  ( 98.00000000000001421, -10.00000000000000000, 2.000000000000000000 ) ) ;
#119 = ORIENTED_EDGE ( 'NONE', *, *, #677, .F. ) ;
#120 = CARTESIAN_POINT ( 'NONE',  ( 96.00000000000001421, -66.00000000000000000, 0.000000000000000000 ) ) ;
#121 = CARTESIAN_POINT ( 'NONE',  ( 10.00000000000000000, -68.00000000000000000, 5.000000000000000000 ) ) ;
#122 = EDGE_CURVE ( 'NONE', #278, #1040, #464, .T. ) ;
#123 =( NAMED_UNIT ( * ) PLANE_ANGLE_UNIT ( ) SI_UNIT ( $, .RADIAN. ) );
#124 = ORIENTED_EDGE ( 'NONE', *, *, #404, .F. ) ;
#125 = FACE_BOUND ( 'NONE', #1333, .T. ) ;
#126 = VERTEX_POINT ( 'NONE', #1456 ) ;
#127 = CARTESIAN_POINT ( 'NONE',  ( 2.500000000000000000, -66.00000000000000000, 0.000000000000000000 ) ) ;
#128 = EDGE_CURVE ( 'NONE', #1233, #1244, #665, .T. ) ;
#129 = DIRECTION ( 'NONE',  ( -1.000000000000000000, 0.000000000000000000, 0.000000000000000000 ) ) ;
#130 = VECTOR ( 'NONE', #591, 1000.000000000000000 ) ;
#131 = ORIENTED_EDGE ( 'NONE', *, *, #1012, .T. ) ;
#132 = PLANE ( 'NONE',  #40 ) ;
#133 = VECTOR ( 'NONE', #419, 1000.000000000000000 ) ;
#134 = VECTOR ( 'NONE', #415, 1000.000000000000000 ) ;
#135 = ORIENTED_EDGE ( 'NONE', *, *, #588, .F. ) ;
#136 = DIRECTION ( 'NONE',  ( 0.000000000000000000, 0.000000000000000000, 1.000000000000000000 ) ) ;
#137 = EDGE_CURVE ( 'NONE', #667, #550, #315, .T. ) ;
#138 = CARTESIAN_POINT ( 'NONE',  ( 56.00000000000000000, -58.00000000000000711, 0.01000000000000000021 ) ) ;
#139 = DIRECTION ( 'NONE',  ( -1.000000000000000000, -0.000000000000000000, -0.000000000000000000 ) ) ;
#140 = FACE_OUTER_BOUND ( 'NONE', #1373, .T. ) ;
#141 = EDGE_CURVE ( 'NONE', #233, #848, #894, .T. ) ;
#142 = ORIENTED_EDGE ( 'NONE', *, *, #42, .T. ) ;
#143 = DIRECTION ( 'NONE',  ( -0.000000000000000000, -0.000000000000000000, 1.000000000000000000 ) ) ;
#144 = CARTESIAN_POINT ( 'NONE',  ( 10.00000000000000000, -68.00000000000000000, 3.999999999999971578 ) ) ;
#145 = LINE ( 'NONE', #1187, #1435 ) ;
#146 = VERTEX_POINT ( 'NONE', #1353 ) ;
#147 = LINE ( 'NONE', #711, #1338 ) ;
#148 = EDGE_CURVE ( 'NONE', #432, #531, #674, .T. ) ;
#149 = ORIENTED_EDGE ( 'NONE', *, *, #486, .F. ) ;
#150 = FACE_OUTER_BOUND ( 'NONE', #920, .T. ) ;
#151 = CARTESIAN_POINT ( 'NONE',  ( 0.000000000000000000, 0.000000000000000000, 2.000000000000000000 ) ) ;
#152 = VECTOR ( 'NONE', #427, 1000.000000000000000 ) ;
#153 = EDGE_LOOP ( 'NONE', ( #1122, #1293, #1380, #1440 ) ) ;
#154 = VECTOR ( 'NONE', #1149, 1000.000000000000000 ) ;
#155 = FACE_OUTER_BOUND ( 'NONE', #356, .T. ) ;
#156 = AXIS2_PLACEMENT_3D ( 'NONE', #197, #1436, #213 ) ;
#157 = EDGE_LOOP ( 'NONE', ( #1186, #958, #291, #339 ) ) ;
#158 = CARTESIAN_POINT ( 'NONE',  ( 97.00000000000000000, -10.00000000000000000, 5.000000000000000000 ) ) ;
#159 = DIRECTION ( 'NONE',  ( -0.000000000000000000, -0.000000000000000000, -1.000000000000000000 ) ) ;
#160 = EDGE_CURVE ( 'NONE', #777, #859, #337, .T. ) ;
#161 = LINE ( 'NONE', #620, #1152 ) ;
#162 = ORIENTED_EDGE ( 'NONE', *, *, #954, .T. ) ;
#163 = CARTESIAN_POINT ( 'NONE',  ( 2.999999999999986233, -10.00000000000000000, 5.000000000000000000 ) ) ;
#164 = CARTESIAN_POINT ( 'NONE',  ( 90.00000000000002842, -66.99999999999997158, 5.000000000000000000 ) ) ;
#165 = ORIENTED_EDGE ( 'NONE', *, *, #611, .T. ) ;
#166 = ADVANCED_FACE ( 'NONE', ( #1361 ), #545, .F. ) ;
#167 = DIRECTION ( 'NONE',  ( 1.000000000000000000, 1.224646799147353454E-16, -0.000000000000000000 ) ) ;
#168 = EDGE_LOOP ( 'NONE', ( #75, #1166, #37, #1163, #1140 ) ) ;
#169 = CARTESIAN_POINT ( 'NONE',  ( 0.000000000000000000, 0.000000000000000000, 0.000000000000000000 ) ) ;
#170 = ORIENTED_EDGE ( 'NONE', *, *, #611, .F. ) ;
#171 = CARTESIAN_POINT ( 'NONE',  ( 0.000000000000000000, -66.99999999999997158, 5.000000000000000000 ) ) ;
#172 = EDGE_LOOP ( 'NONE', ( #1133, #51, #58, #564 ) ) ;
#173 = CARTESIAN_POINT ( 'NONE',  ( 56.00000000000000000, -58.00000000000000711, 0.01000000000000000021 ) ) ;
#174 = ORIENTED_EDGE ( 'NONE', *, *, #93, .F. ) ;
#175 = DIRECTION ( 'NONE',  ( 1.000000000000000000, 0.000000000000000000, 0.000000000000000000 ) ) ;
#176 = VECTOR ( 'NONE', #767, 1000.000000000000000 ) ;
#177 = VECTOR ( 'NONE', #672, 1000.000000000000114 ) ;
#178 = ORIENTED_EDGE ( 'NONE', *, *, #71, .F. ) ;
#179 = DIRECTION ( 'NONE',  ( 0.000000000000000000, -1.000000000000000000, 0.000000000000000000 ) ) ;
#180 = AXIS2_PLACEMENT_3D ( 'NONE', #1123, #1037, #9 ) ;
#181 = EDGE_CURVE ( 'NONE', #626, #1350, #657, .T. ) ;
#182 = VECTOR ( 'NONE', #668, 1000.000000000000000 ) ;
#183 = LINE ( 'NONE', #1065, #621 ) ;
#184 = DIRECTION ( 'NONE',  ( -0.000000000000000000, 0.7071067811865475727, 0.7071067811865475727 ) ) ;
#185 = ORIENTED_EDGE ( 'NONE', *, *, #219, .T. ) ;
#186 = DIRECTION ( 'NONE',  ( 1.000000000000000000, 0.000000000000000000, 0.000000000000000000 ) ) ;
#187 = ADVANCED_FACE ( 'NONE', ( #1448 ), #84, .F. ) ;
#188 = EDGE_LOOP ( 'NONE', ( #461, #828, #283, #293 ) ) ;
#189 = CARTESIAN_POINT ( 'NONE',  ( 5.500000000000000000, -4.000000000000000000, 0.000000000000000000 ) ) ;
#190 = ORIENTED_EDGE ( 'NONE', *, *, #1419, .T. ) ;
#191 = DIRECTION ( 'NONE',  ( 0.000000000000000000, 1.000000000000000000, 0.000000000000000000 ) ) ;
#192 = ORIENTED_EDGE ( 'NONE', *, *, #323, .T. ) ;
#193 = DIRECTION ( 'NONE',  ( 1.000000000000000000, 0.000000000000000000, 0.000000000000000000 ) ) ;
#194 = VERTEX_POINT ( 'NONE', #1442 ) ;
#195 = FACE_OUTER_BOUND ( 'NONE', #400, .T. ) ;
#196 = LINE ( 'NONE', #649, #582 ) ;
#197 = CARTESIAN_POINT ( 'NONE',  ( 4.999999999999999112, -10.00000000000000000, 5.000000000000000000 ) ) ;
#198 = EDGE_CURVE ( 'NONE', #408, #839, #1300, .T. ) ;
#199 = EDGE_LOOP ( 'NONE', ( #518, #1364, #735, #425 ) ) ;
#200 = CARTESIAN_POINT ( 'NONE',  ( 4.000000000000000000, -66.00000000000000000, 0.000000000000000000 ) ) ;
#201 = ORIENTED_EDGE ( 'NONE', *, *, #559, .T. ) ;
#202 = CLOSED_SHELL ( 'NONE', ( #1229, #933, #277, #1091, #1128, #615, #947, #29, #1096, #1039, #1113, #807, #1247, #490, #1079, #280, #64, #986, #1281, #704, #361, #938, #925, #206, #1199, #1188, #513, #166, #1067, #22, #522, #656, #481, #1330, #569, #1346, #903, #260, #187, #436, #1360, #596, #303, #841, #246, #1387, #734, #822 ) ) ;
#203 = LINE ( 'NONE', #1106, #811 ) ;
#204 = AXIS2_PLACEMENT_3D ( 'NONE', #426, #100, #764 ) ;
#205 = AXIS2_PLACEMENT_3D ( 'NONE', #438, #890, #1004 ) ;
#206 = ADVANCED_FACE ( 'NONE', ( #220 ), #878, .F. ) ;
#207 = FACE_OUTER_BOUND ( 'NONE', #566, .T. ) ;
#208 = ORIENTED_EDGE ( 'NONE', *, *, #692, .T. ) ;
#209 = LINE ( 'NONE', #305, #814 ) ;
#210 = ORIENTED_EDGE ( 'NONE', *, *, #383, .T. ) ;
#211 = DIRECTION ( 'NONE',  ( 1.000000000000000000, 0.000000000000000000, 0.000000000000000000 ) ) ;
#212 = LINE ( 'NONE', #1001, #855 ) ;
#213 = DIRECTION ( 'NONE',  ( 1.387778780781445429E-16, -1.000000000000000000, 0.000000000000000000 ) ) ;
#214 = EDGE_CURVE ( 'NONE', #1350, #49, #203, .T. ) ;
#215 = VERTEX_POINT ( 'NONE', #322 ) ;
#216 = PLANE ( 'NONE',  #957 ) ;
#217 = ORIENTED_EDGE ( 'NONE', *, *, #774, .T. ) ;
#218 = LINE ( 'NONE', #655, #177 ) ;
#219 = EDGE_CURVE ( 'NONE', #1416, #1423, #212, .T. ) ;
#220 = FACE_OUTER_BOUND ( 'NONE', #304, .T. ) ;
#221 = DIRECTION ( 'NONE',  ( 1.000000000000000000, 0.000000000000000000, 0.000000000000000000 ) ) ;
#222 = ORIENTED_EDGE ( 'NONE', *, *, #1419, .F. ) ;
#223 = LINE ( 'NONE', #679, #836 ) ;
#224 = VERTEX_POINT ( 'NONE', #1257 ) ;
#225 = CARTESIAN_POINT ( 'NONE',  ( 6.000000000000000000, -32.00000000000001421, 1.000000000000000000 ) ) ;
#226 = DIRECTION ( 'NONE',  ( 1.000000000000000000, 0.000000000000000000, 0.000000000000000000 ) ) ;
#227 = VECTOR ( 'NONE', #301, 1000.000000000000000 ) ;
#228 = AXIS2_PLACEMENT_3D ( 'NONE', #359, #136, #4 ) ;
#229 = CARTESIAN_POINT ( 'NONE',  ( 96.00000000000001421, -66.00000000000000000, 2.000000000000000000 ) ) ;
#230 = CIRCLE ( 'NONE', #536, 1.499999999999999556 ) ;
#231 = EDGE_LOOP ( 'NONE', ( #113, #418, #542, #605 ) ) ;
#232 = CARTESIAN_POINT ( 'NONE',  ( 100.0000000000000000, 0.000000000000000000, 0.000000000000000000 ) ) ;
#233 = VERTEX_POINT ( 'NONE', #908 ) ;
#234 = FACE_OUTER_BOUND ( 'NONE', #31, .T. ) ;
#235 = EDGE_CURVE ( 'NONE', #1101, #777, #917, .T. ) ;
#236 = CARTESIAN_POINT ( 'NONE',  ( 10.00000000000000000, -5.000000000000000000, 5.000000000000000000 ) ) ;
#237 = CARTESIAN_POINT ( 'NONE',  ( 100.0000000000000000, 0.000000000000000000, 2.000000000000000000 ) ) ;
#238 = VERTEX_POINT ( 'NONE', #480 ) ;
#239 = CARTESIAN_POINT ( 'NONE',  ( 97.50000000000001421, -4.000000000000003553, 2.000000000000000000 ) ) ;
#240 = ORIENTED_EDGE ( 'NONE', *, *, #910, .T. ) ;
#241 = LINE ( 'NONE', #1141, #1150 ) ;
#242 = DIRECTION ( 'NONE',  ( -1.000000000000000000, 0.000000000000000000, 0.000000000000000000 ) ) ;
#243 = LINE ( 'NONE', #1379, #1035 ) ;
#244 = ORIENTED_EDGE ( 'NONE', *, *, #181, .F. ) ;
#245 = DIRECTION ( 'NONE',  ( -0.000000000000000000, -0.000000000000000000, -1.000000000000000000 ) ) ;
#246 = ADVANCED_FACE ( 'NONE', ( #367 ), #595, .F. ) ;
#247 = ORIENTED_EDGE ( 'NONE', *, *, #1144, .T. ) ;
#248 = LINE ( 'NONE', #1369, #1074 ) ;
#249 = CARTESIAN_POINT ( 'NONE',  ( 98.00000000000001421, -10.00000000000000000, 2.000000000000000000 ) ) ;
#250 = FACE_OUTER_BOUND ( 'NONE', #1331, .T. ) ;
#251 = EDGE_CURVE ( 'NONE', #859, #690, #702, .T. ) ;
#252 = ORIENTED_EDGE ( 'NONE', *, *, #871, .F. ) ;
#253 = CARTESIAN_POINT ( 'NONE',  ( 0.000000000000000000, 0.000000000000000000, 2.000000000000000000 ) ) ;
#254 = AXIS2_PLACEMENT_3D ( 'NONE', #1078, #52, #503 ) ;
#255 = VECTOR ( 'NONE', #90, 1000.000000000000000 ) ;
#256 = ORIENTED_EDGE ( 'NONE', *, *, #93, .T. ) ;
#257 = CARTESIAN_POINT ( 'NONE',  ( 6.000000000000000000, -32.00000000000001421, 2.000000000000000000 ) ) ;
#258 = PLANE ( 'NONE',  #1098 ) ;
#259 = DIRECTION ( 'NONE',  ( 1.000000000000000000, 0.000000000000000000, 0.000000000000000000 ) ) ;
#260 = ADVANCED_FACE ( 'NONE', ( #150 ), #344, .F. ) ;
#261 = ORIENTED_EDGE ( 'NONE', *, *, #748, .T. ) ;
#262 = DIRECTION ( 'NONE',  ( -0.000000000000000000, 0.000000000000000000, -1.000000000000000000 ) ) ;
#263 = DIRECTION ( 'NONE',  ( -0.000000000000000000, -0.000000000000000000, 1.000000000000000000 ) ) ;
#264 = CARTESIAN_POINT ( 'NONE',  ( 4.000000000000000000, -66.00000000000000000, 2.000000000000000000 ) ) ;
#265 = ORIENTED_EDGE ( 'NONE', *, *, #960, .T. ) ;
#266 = EDGE_CURVE ( 'NONE', #749, #406, #12, .T. ) ;
#267 = DIRECTION ( 'NONE',  ( -6.672013369141566696E-17, -1.000000000000000000, -0.000000000000000000 ) ) ;
#268 = CARTESIAN_POINT ( 'NONE',  ( 2.999999999999984901, 3.903127820947796241E-16, 5.000000000000000000 ) ) ;
#269 = DIRECTION ( 'NONE',  ( 1.000000000000000000, 0.000000000000000000, 0.000000000000000000 ) ) ;
#270 = AXIS2_PLACEMENT_3D ( 'NONE', #1263, #263, #472 ) ;
#271 = ORIENTED_EDGE ( 'NONE', *, *, #309, .T. ) ;
#272 = VECTOR ( 'NONE', #868, 1000.000000000000000 ) ;
#273 = DIRECTION ( 'NONE',  ( -1.000000000000000000, -1.387778780781445676E-16, 0.000000000000000000 ) ) ;
#274 = CIRCLE ( 'NONE', #1053, 1.499999999999999556 ) ;
#275 = VERTEX_POINT ( 'NONE', #600 ) ;
#276 = DIRECTION ( 'NONE',  ( 0.000000000000000000, -1.000000000000000000, 0.000000000000000000 ) ) ;
#277 = ADVANCED_FACE ( 'NONE', ( #1151 ), #687, .F. ) ;
#278 = VERTEX_POINT ( 'NONE', #1142 ) ;
#279 = DIRECTION ( 'NONE',  ( 1.000000000000000000, 0.000000000000000000, 0.000000000000000000 ) ) ;
#280 = ADVANCED_FACE ( 'NONE', ( #494 ), #258, .F. ) ;
#281 = ORIENTED_EDGE ( 'NONE', *, *, #919, .T. ) ;
#282 = DIRECTION ( 'NONE',  ( 0.000000000000000000, -1.000000000000000000, 0.000000000000000000 ) ) ;
#283 = ORIENTED_EDGE ( 'NONE', *, *, #553, .F. ) ;
#284 = PLANE ( 'NONE',  #204 ) ;
#285 = PLANE ( 'NONE',  #670 ) ;
#286 = LINE ( 'NONE', #1415, #1367 ) ;
#287 = EDGE_LOOP ( 'NONE', ( #327, #124, #414, #111 ) ) ;
#288 = PLANE ( 'NONE',  #695 ) ;
#289 = EDGE_CURVE ( 'NONE', #1313, #386, #1378, .T. ) ;
#290 = CARTESIAN_POINT ( 'NONE',  ( 90.00000000000002842, -2.000000000000000000, 2.000000000000000000 ) ) ;
#291 = ORIENTED_EDGE ( 'NONE', *, *, #1306, .F. ) ;
#292 = DIRECTION ( 'NONE',  ( 0.000000000000000000, 1.000000000000000000, -0.000000000000000000 ) ) ;
#293 = ORIENTED_EDGE ( 'NONE', *, *, #852, .F. ) ;
#294 = FACE_OUTER_BOUND ( 'NONE', #348, .T. ) ;
#295 = VECTOR ( 'NONE', #242, 1000.000000000000000 ) ;
#296 = PRESENTATION_LAYER_ASSIGNMENT (  '', '', ( #1171 ) ) ;
#297 = VERTEX_POINT ( 'NONE', #1159 ) ;
#298 = DIRECTION ( 'NONE',  ( -0.7071067811865473507, 0.000000000000000000, -0.7071067811865477948 ) ) ;
#299 = AXIS2_PLACEMENT_3D ( 'NONE', #1285, #730, #716 ) ;
#300 = VECTOR ( 'NONE', #354, 1000.000000000000000 ) ;
#301 = DIRECTION ( 'NONE',  ( 1.224646799147353454E-16, -1.000000000000000000, 0.000000000000000000 ) ) ;
#302 = PLANE ( 'NONE',  #1414 ) ;
#303 = ADVANCED_FACE ( 'NONE', ( #581 ), #33, .T. ) ;
#304 = EDGE_LOOP ( 'NONE', ( #1310, #26, #358, #1356 ) ) ;
#305 = CARTESIAN_POINT ( 'NONE',  ( 1.999999999999999556, -10.00000000000000000, 5.000000000000000000 ) ) ;
#306 = ORIENTED_EDGE ( 'NONE', *, *, #844, .F. ) ;
#307 = LINE ( 'NONE', #750, #955 ) ;
#308 = DIRECTION ( 'NONE',  ( 0.000000000000000000, -1.000000000000000000, 0.000000000000000000 ) ) ;
#309 = EDGE_CURVE ( 'NONE', #1055, #534, #485, .T. ) ;
#310 = CARTESIAN_POINT ( 'NONE',  ( 98.00000000000001421, -60.00000000000000711, 5.000000000000000000 ) ) ;
#311 = ORIENTED_EDGE ( 'NONE', *, *, #57, .F. ) ;
#312 = DIRECTION ( 'NONE',  ( -0.000000000000000000, -0.000000000000000000, 1.000000000000000000 ) ) ;
#313 = ORIENTED_EDGE ( 'NONE', *, *, #1235, .F. ) ;
#314 = CARTESIAN_POINT ( 'NONE',  ( 2.500000000000000000, -66.00000000000000000, 2.000000000000000000 ) ) ;
#315 = LINE ( 'NONE', #886, #440 ) ;
#316 = DIRECTION ( 'NONE',  ( 0.000000000000000000, 0.000000000000000000, 1.000000000000000000 ) ) ;
#317 = EDGE_LOOP ( 'NONE', ( #1049, #548, #1413, #429 ) ) ;
#318 = FACE_OUTER_BOUND ( 'NONE', #1137, .T. ) ;
#319 = ORIENTED_EDGE ( 'NONE', *, *, #748, .F. ) ;
#320 = CARTESIAN_POINT ( 'NONE',  ( 5.500000000000000000, -66.00000000000000000, 0.000000000000000000 ) ) ;
#321 = VECTOR ( 'NONE', #1097, 1000.000000000000000 ) ;
#322 = CARTESIAN_POINT ( 'NONE',  ( 56.00000000000000000, -58.00000000000000711, 2.000000000000000000 ) ) ;
#323 = EDGE_CURVE ( 'NONE', #1003, #749, #789, .T. ) ;
#324 = VECTOR ( 'NONE', #1400, 1000.000000000000000 ) ;
#325 = VECTOR ( 'NONE', #1155, 1000.000000000000114 ) ;
#326 = CARTESIAN_POINT ( 'NONE',  ( 56.00000000000000000, -32.00000000000000711, 0.000000000000000000 ) ) ;
#327 = ORIENTED_EDGE ( 'NONE', *, *, #289, .F. ) ;
#328 = LINE ( 'NONE', #861, #1412 ) ;
#329 = ORIENTED_EDGE ( 'NONE', *, *, #768, .T. ) ;
#330 = DIRECTION ( 'NONE',  ( -0.7071067811865525687, 0.000000000000000000, 0.7071067811865425767 ) ) ;
#331 = DIRECTION ( 'NONE',  ( 0.000000000000000000, 0.000000000000000000, 1.000000000000000000 ) ) ;
#332 = DIRECTION ( 'NONE',  ( 0.000000000000000000, 0.000000000000000000, 1.000000000000000000 ) ) ;
#333 = EDGE_LOOP ( 'NONE', ( #18, #1255, #421, #905 ) ) ;
#334 = CYLINDRICAL_SURFACE ( 'NONE', #1007, 1.499999999999999556 ) ;
#335 = EDGE_LOOP ( 'NONE', ( #638, #1253, #178, #579 ) ) ;
#336 = EDGE_CURVE ( 'NONE', #527, #73, #1042, .T. ) ;
#337 = LINE ( 'NONE', #457, #416 ) ;
#338 = LINE ( 'NONE', #1265, #1370 ) ;
#339 = ORIENTED_EDGE ( 'NONE', *, *, #977, .T. ) ;
#340 = FACE_OUTER_BOUND ( 'NONE', #1092, .T. ) ;
#341 = EDGE_CURVE ( 'NONE', #1068, #839, #1251, .T. ) ;
#342 = ORIENTED_EDGE ( 'NONE', *, *, #669, .F. ) ;
#343 = LINE ( 'NONE', #11, #979 ) ;
#344 = CYLINDRICAL_SURFACE ( 'NONE', #904, 1.499999999999999556 ) ;
#345 = CIRCLE ( 'NONE', #533, 1.500000000000001332 ) ;
#346 = CARTESIAN_POINT ( 'NONE',  ( 0.000000000000000000, 0.000000000000000000, 0.000000000000000000 ) ) ;
#347 = AXIS2_PLACEMENT_3D ( 'NONE', #1332, #1462, #81 ) ;
#348 = EDGE_LOOP ( 'NONE', ( #943, #654, #1266, #1249, #651 ) ) ;
#349 = AXIS2_PLACEMENT_3D ( 'NONE', #229, #1363, #888 ) ;
#350 = FACE_BOUND ( 'NONE', #287, .T. ) ;
#351 = ORIENTED_EDGE ( 'NONE', *, *, #46, .T. ) ;
#352 = DIRECTION ( 'NONE',  ( -1.000000000000000000, 0.000000000000000000, 0.000000000000000000 ) ) ;
#353 = CARTESIAN_POINT ( 'NONE',  ( 4.999999999999999112, -10.00000000000000000, 2.000000000000000000 ) ) ;
#354 = DIRECTION ( 'NONE',  ( -1.982541115402065110E-16, 1.000000000000000000, -0.000000000000000000 ) ) ;
#355 = EDGE_CURVE ( 'NONE', #455, #1401, #1392, .T. ) ;
#356 = EDGE_LOOP ( 'NONE', ( #208, #523, #470, #999 ) ) ;
#357 = CARTESIAN_POINT ( 'NONE',  ( 56.00000000000000000, -58.00000000000000711, 0.01000000000000000021 ) ) ;
#358 = ORIENTED_EDGE ( 'NONE', *, *, #1252, .F. ) ;
#359 = CARTESIAN_POINT ( 'NONE',  ( 96.00000000000001421, -4.000000000000003553, 2.000000000000000000 ) ) ;
#360 = DIRECTION ( 'NONE',  ( 0.000000000000000000, 0.000000000000000000, -1.000000000000000000 ) ) ;
#361 = ADVANCED_FACE ( 'NONE', ( #682 ), #1135, .F. ) ;
#362 = CARTESIAN_POINT ( 'NONE',  ( 100.0000000000000142, -70.00000000000000000, 0.000000000000000000 ) ) ;
#363 = ORIENTED_EDGE ( 'NONE', *, *, #235, .F. ) ;
#364 = DIRECTION ( 'NONE',  ( -0.000000000000000000, 0.000000000000000000, 1.000000000000000000 ) ) ;
#365 = ORIENTED_EDGE ( 'NONE', *, *, #336, .F. ) ;
#366 = CARTESIAN_POINT ( 'NONE',  ( 2.000000000000006217, -60.00000000000000711, 5.000000000000000000 ) ) ;
#367 = FACE_OUTER_BOUND ( 'NONE', #157, .T. ) ;
#368 = EDGE_CURVE ( 'NONE', #53, #502, #1304, .T. ) ;
#369 = VECTOR ( 'NONE', #21, 1000.000000000000000 ) ;
#370 = AXIS2_PLACEMENT_3D ( 'NONE', #884, #778, #211 ) ;
#371 = CARTESIAN_POINT ( 'NONE',  ( 10.00000000000000000, -2.000000000000000000, 5.000000000000000000 ) ) ;
#372 = VECTOR ( 'NONE', #996, 1000.000000000000000 ) ;
#373 = VECTOR ( 'NONE', #849, 1000.000000000000000 ) ;
#374 = VERTEX_POINT ( 'NONE', #1418 ) ;
#375 = DIRECTION ( 'NONE',  ( 1.000000000000000000, 0.000000000000000000, 0.000000000000000000 ) ) ;
#376 = EDGE_CURVE ( 'NONE', #873, #1036, #1179, .T. ) ;
#377 = CARTESIAN_POINT ( 'NONE',  ( 5.500000000000000000, -4.000000000000000000, 0.000000000000000000 ) ) ;
#378 = DIRECTION ( 'NONE',  ( 0.000000000000000000, 0.000000000000000000, 1.000000000000000000 ) ) ;
#379 = ORIENTED_EDGE ( 'NONE', *, *, #1264, .F. ) ;
#380 = CARTESIAN_POINT ( 'NONE',  ( 2.000000000000006217, -60.00000000000000711, 2.000000000000000000 ) ) ;
#381 = CARTESIAN_POINT ( 'NONE',  ( 95.00000000000001421, -60.00000000000000711, 5.000000000000000000 ) ) ;
#382 = PLANE ( 'NONE',  #1461 ) ;
#383 = EDGE_CURVE ( 'NONE', #1101, #690, #847, .T. ) ;
#384 = VERTEX_POINT ( 'NONE', #402 ) ;
#385 = LINE ( 'NONE', #1287, #85 ) ;
#386 = VERTEX_POINT ( 'NONE', #54 ) ;
#387 = PLANE ( 'NONE',  #1221 ) ;
#388 = DIRECTION ( 'NONE',  ( 0.000000000000000000, -1.000000000000000000, 0.000000000000000000 ) ) ;
#389 = DIRECTION ( 'NONE',  ( -0.000000000000000000, -0.000000000000000000, 1.000000000000000000 ) ) ;
#390 = AXIS2_PLACEMENT_3D ( 'NONE', #1427, #613, #1072 ) ;
#391 = VERTEX_POINT ( 'NONE', #521 ) ;
#392 = AXIS2_PLACEMENT_3D ( 'NONE', #535, #985, #1441 ) ;
#393 = CARTESIAN_POINT ( 'NONE',  ( 10.00000000000000000, -65.00000000000000000, 5.000000000000000000 ) ) ;
#394 = VECTOR ( 'NONE', #191, 1000.000000000000000 ) ;
#395 = ORIENTED_EDGE ( 'NONE', *, *, #712, .T. ) ;
#396 = CARTESIAN_POINT ( 'NONE',  ( 56.00000000000000000, -32.00000000000000711, 0.01000000000000000021 ) ) ;
#397 = CARTESIAN_POINT ( 'NONE',  ( 1.999999999999999556, -10.00000000000000000, 4.000000000000013323 ) ) ;
#398 = EDGE_CURVE ( 'NONE', #1320, #534, #606, .T. ) ;
#399 = FACE_OUTER_BOUND ( 'NONE', #722, .T. ) ;
#400 = EDGE_LOOP ( 'NONE', ( #256, #313, #880, #630 ) ) ;
#401 = CARTESIAN_POINT ( 'NONE',  ( 10.00000000000000000, -5.000000000000000000, 2.000000000000000000 ) ) ;
#402 = CARTESIAN_POINT ( 'NONE',  ( 98.00000000000001421, -60.00000000000000711, 3.999999999999999112 ) ) ;
#403 = FACE_OUTER_BOUND ( 'NONE', #577, .T. ) ;
#404 = EDGE_CURVE ( 'NONE', #194, #1313, #1058, .T. ) ;
#405 = LINE ( 'NONE', #422, #373 ) ;
#406 = VERTEX_POINT ( 'NONE', #1185 ) ;
#407 = LINE ( 'NONE', #493, #61 ) ;
#408 = VERTEX_POINT ( 'NONE', #1169 ) ;
#409 = DIRECTION ( 'NONE',  ( 1.301042606982605321E-16, -1.000000000000000000, 0.000000000000000000 ) ) ;
#410 = CARTESIAN_POINT ( 'NONE',  ( 0.000000000000000000, 0.000000000000000000, 2.000000000000000000 ) ) ;
#411 = EDGE_CURVE ( 'NONE', #1182, #531, #1284, .T. ) ;
#412 = EDGE_CURVE ( 'NONE', #794, #49, #733, .T. ) ;
#413 = CARTESIAN_POINT ( 'NONE',  ( 10.00000000000000000, -2.000000000000000000, 2.000000000000000000 ) ) ;
#414 = ORIENTED_EDGE ( 'NONE', *, *, #46, .F. ) ;
#415 = DIRECTION ( 'NONE',  ( -0.000000000000000000, -0.000000000000000000, 1.000000000000000000 ) ) ;
#416 = VECTOR ( 'NONE', #773, 1000.000000000000000 ) ;
#417 = VECTOR ( 'NONE', #574, 1000.000000000000000 ) ;
#418 = ORIENTED_EDGE ( 'NONE', *, *, #954, .F. ) ;
#419 = DIRECTION ( 'NONE',  ( 1.000000000000000000, -0.000000000000000000, -0.000000000000000000 ) ) ;
#420 = AXIS2_PLACEMENT_3D ( 'NONE', #507, #378, #946 ) ;
#421 = ORIENTED_EDGE ( 'NONE', *, *, #1437, .F. ) ;
#422 = CARTESIAN_POINT ( 'NONE',  ( 56.00000000000000000, -32.00000000000000711, 2.000000000000000000 ) ) ;
#423 = EDGE_LOOP ( 'NONE', ( #1261, #1145, #1269, #437 ) ) ;
#424 = FACE_OUTER_BOUND ( 'NONE', #1453, .T. ) ;
#425 = ORIENTED_EDGE ( 'NONE', *, *, #1467, .F. ) ;
#426 = CARTESIAN_POINT ( 'NONE',  ( 10.00000000000000000, -5.000000000000000000, 5.000000000000000000 ) ) ;
#427 = DIRECTION ( 'NONE',  ( 0.000000000000000000, -1.000000000000000000, 0.000000000000000000 ) ) ;
#428 = CARTESIAN_POINT ( 'NONE',  ( 56.00000000000000000, -58.00000000000000711, 1.000000000000000000 ) ) ;
#429 = ORIENTED_EDGE ( 'NONE', *, *, #1252, .T. ) ;
#430 = LINE ( 'NONE', #1138, #697 ) ;
#431 = EDGE_CURVE ( 'NONE', #794, #775, #1070, .T. ) ;
#432 = VERTEX_POINT ( 'NONE', #76 ) ;
#433 = APPLICATION_CONTEXT ( 'automotive_design' ) ;
#434 = DIRECTION ( 'NONE',  ( -0.000000000000000000, -0.000000000000000000, -1.000000000000000000 ) ) ;
#435 = LINE ( 'NONE', #1107, #489 ) ;
#436 = ADVANCED_FACE ( 'NONE', ( #1081 ), #60, .F. ) ;
#437 = ORIENTED_EDGE ( 'NONE', *, *, #1422, .T. ) ;
#438 = CARTESIAN_POINT ( 'NONE',  ( 4.000000000000000000, -4.000000000000000000, 0.000000000000000000 ) ) ;
#439 = ORIENTED_EDGE ( 'NONE', *, *, #1455, .F. ) ;
#440 = VECTOR ( 'NONE', #441, 1000.000000000000000 ) ;
#441 = DIRECTION ( 'NONE',  ( -0.000000000000000000, -0.000000000000000000, 1.000000000000000000 ) ) ;
#442 = VECTOR ( 'NONE', #1402, 1000.000000000000000 ) ;
#443 = AXIS2_PLACEMENT_3D ( 'NONE', #371, #56, #940 ) ;
#444 = DIRECTION ( 'NONE',  ( -0.000000000000000000, -0.000000000000000000, 1.000000000000000000 ) ) ;
#445 = EDGE_CURVE ( 'NONE', #406, #808, #1192, .T. ) ;
#446 = EDGE_LOOP ( 'NONE', ( #351, #149, #707, #1161 ) ) ;
#447 = DIRECTION ( 'NONE',  ( -0.000000000000000000, -0.000000000000000000, -1.000000000000000000 ) ) ;
#448 = ORIENTED_EDGE ( 'NONE', *, *, #768, .F. ) ;
#449 = DIRECTION ( 'NONE',  ( -0.000000000000000000, -0.000000000000000000, 1.000000000000000000 ) ) ;
#450 = CARTESIAN_POINT ( 'NONE',  ( 2.000000000000006217, -60.00000000000000711, 2.000000000000000000 ) ) ;
#451 = EDGE_CURVE ( 'NONE', #476, #146, #1246, .T. ) ;
#452 = PRODUCT_CONTEXT ( 'NONE', #782, 'mechanical' ) ;
#453 = ORIENTED_EDGE ( 'NONE', *, *, #412, .T. ) ;
#454 = LINE ( 'NONE', #1239, #1102 ) ;
#455 = VERTEX_POINT ( 'NONE', #189 ) ;
#456 = DIRECTION ( 'NONE',  ( 1.000000000000000000, 0.000000000000000000, 0.000000000000000000 ) ) ;
#457 = CARTESIAN_POINT ( 'NONE',  ( 10.00000000000000000, -68.00000000000000000, 5.000000000000000000 ) ) ;
#458 = DIRECTION ( 'NONE',  ( 0.000000000000000000, -1.000000000000000000, -0.000000000000000000 ) ) ;
#459 = ORIENTED_EDGE ( 'NONE', *, *, #804, .T. ) ;
#460 = CYLINDRICAL_SURFACE ( 'NONE', #180, 1.500000000000001332 ) ;
#461 = ORIENTED_EDGE ( 'NONE', *, *, #1071, .F. ) ;
#462 = LINE ( 'NONE', #1270, #1314 ) ;
#463 = DIRECTION ( 'NONE',  ( -1.000000000000000000, -0.000000000000000000, -0.000000000000000000 ) ) ;
#464 = CIRCLE ( 'NONE', #1219, 1.500000000000001332 ) ;
#465 = CIRCLE ( 'NONE', #254, 1.499999999999999556 ) ;
#466 = DIRECTION ( 'NONE',  ( -1.000000000000000000, -1.387778780781445676E-16, -0.000000000000000000 ) ) ;
#467 = AXIS2_PLACEMENT_3D ( 'NONE', #800, #1043, #793 ) ;
#468 = VERTEX_POINT ( 'NONE', #1087 ) ;
#469 = FACE_BOUND ( 'NONE', #845, .T. ) ;
#470 = ORIENTED_EDGE ( 'NONE', *, *, #1362, .F. ) ;
#471 = DIRECTION ( 'NONE',  ( 0.000000000000000000, 0.000000000000000000, 1.000000000000000000 ) ) ;
#472 = DIRECTION ( 'NONE',  ( 1.000000000000000000, 0.000000000000000000, 0.000000000000000000 ) ) ;
#473 = LINE ( 'NONE', #666, #491 ) ;
#474 = EDGE_LOOP ( 'NONE', ( #1191, #170, #892, #306 ) ) ;
#475 = DIRECTION ( 'NONE',  ( 0.000000000000000000, 1.000000000000000000, 0.000000000000000000 ) ) ;
#476 = VERTEX_POINT ( 'NONE', #1311 ) ;
#477 = LINE ( 'NONE', #923, #673 ) ;
#478 = EDGE_CURVE ( 'NONE', #1233, #1429, #967, .T. ) ;
#479 = VECTOR ( 'NONE', #612, 1000.000000000000000 ) ;
#480 = CARTESIAN_POINT ( 'NONE',  ( 95.00000000000001421, -10.00000000000000000, 5.000000000000000000 ) ) ;
#481 = ADVANCED_FACE ( 'NONE', ( #840 ), #1203, .T. ) ;
#482 = FACE_OUTER_BOUND ( 'NONE', #1118, .T. ) ;
#483 = ORIENTED_EDGE ( 'NONE', *, *, #1071, .T. ) ;
#484 = DIRECTION ( 'NONE',  ( 0.000000000000000000, 0.000000000000000000, 1.000000000000000000 ) ) ;
#485 = LINE ( 'NONE', #138, #130 ) ;
#486 = EDGE_CURVE ( 'NONE', #468, #194, #944, .T. ) ;
#487 = CIRCLE ( 'NONE', #622, 1.500000000000001332 ) ;
#488 = LINE ( 'NONE', #173, #1196 ) ;
#489 = VECTOR ( 'NONE', #1307, 1000.000000000000000 ) ;
#490 = ADVANCED_FACE ( 'NONE', ( #1299 ), #387, .F. ) ;
#491 = VECTOR ( 'NONE', #1136, 1000.000000000000000 ) ;
#492 = EDGE_LOOP ( 'NONE', ( #496, #379, #1080, #603 ) ) ;
#493 = CARTESIAN_POINT ( 'NONE',  ( 2.999999999999992895, -60.00000000000000711, 5.000000000000000000 ) ) ;
#494 = FACE_OUTER_BOUND ( 'NONE', #759, .T. ) ;
#495 = PLANE ( 'NONE',  #443 ) ;
#496 = ORIENTED_EDGE ( 'NONE', *, *, #198, .F. ) ;
#497 = CARTESIAN_POINT ( 'NONE',  ( 0.000000000000000000, 0.000000000000000000, 1.000000000000000000 ) ) ;
#498 = EDGE_LOOP ( 'NONE', ( #842, #1022, #746, #901, #850 ) ) ;
#499 = CARTESIAN_POINT ( 'NONE',  ( 2.999999999999988898, -60.00000000000000711, 4.999999999999995559 ) ) ;
#500 = ORIENTED_EDGE ( 'NONE', *, *, #445, .T. ) ;
#501 = LINE ( 'NONE', #597, #739 ) ;
#502 = VERTEX_POINT ( 'NONE', #164 ) ;
#503 = DIRECTION ( 'NONE',  ( 1.000000000000000000, 0.000000000000000000, 0.000000000000000000 ) ) ;
#504 = ORIENTED_EDGE ( 'NONE', *, *, #796, .F. ) ;
#505 = DIRECTION ( 'NONE',  ( 1.000000000000000000, 0.000000000000000000, 0.000000000000000000 ) ) ;
#506 = ORIENTED_EDGE ( 'NONE', *, *, #122, .F. ) ;
#507 = CARTESIAN_POINT ( 'NONE',  ( 4.000000000000000000, -66.00000000000000000, 2.000000000000000000 ) ) ;
#508 = VECTOR ( 'NONE', #633, 999.9999999999998863 ) ;
#509 = ORIENTED_EDGE ( 'NONE', *, *, #826, .F. ) ;
#510 = VECTOR ( 'NONE', #267, 1000.000000000000000 ) ;
#511 = PLANE ( 'NONE',  #715 ) ;
#512 = VECTOR ( 'NONE', #769, 1000.000000000000000 ) ;
#513 = ADVANCED_FACE ( 'NONE', ( #1064 ), #284, .F. ) ;
#514 = DIRECTION ( 'NONE',  ( -1.387778780781445676E-16, 1.000000000000000000, 0.000000000000000000 ) ) ;
#515 = AXIS2_PLACEMENT_3D ( 'NONE', #346, #1354, #781 ) ;
#516 = DIRECTION ( 'NONE',  ( 0.000000000000000000, -1.000000000000000000, 0.000000000000000000 ) ) ;
#517 = DIRECTION ( 'NONE',  ( 0.000000000000000000, 0.000000000000000000, 1.000000000000000000 ) ) ;
#518 = ORIENTED_EDGE ( 'NONE', *, *, #661, .F. ) ;
#519 = LINE ( 'NONE', #740, #1459 ) ;
#520 = ORIENTED_EDGE ( 'NONE', *, *, #727, .T. ) ;
#521 = CARTESIAN_POINT ( 'NONE',  ( 90.00000000000002842, -2.999999999999987121, 5.000000000000000000 ) ) ;
#522 = ADVANCED_FACE ( 'NONE', ( #663 ), #1432, .F. ) ;
#523 = ORIENTED_EDGE ( 'NONE', *, *, #701, .F. ) ;
#524 = CARTESIAN_POINT ( 'NONE',  ( 56.00000000000000000, -32.00000000000000711, 1.000000000000000000 ) ) ;
#525 = ORIENTED_EDGE ( 'NONE', *, *, #891, .T. ) ;
#526 = DIRECTION ( 'NONE',  ( -1.000000000000000000, -1.982541115402065110E-16, 0.000000000000000000 ) ) ;
#527 = VERTEX_POINT ( 'NONE', #225 ) ;
#528 = DIRECTION ( 'NONE',  ( -0.7071067811865477948, -9.199760500100248526E-17, 0.7071067811865473507 ) ) ;
#529 = CARTESIAN_POINT ( 'NONE',  ( 98.00000000000001421, -10.00000000000000000, 5.000000000000000000 ) ) ;
#530 = DIRECTION ( 'NONE',  ( -0.000000000000000000, 1.000000000000000000, -0.000000000000000000 ) ) ;
#531 = VERTEX_POINT ( 'NONE', #83 ) ;
#532 = CARTESIAN_POINT ( 'NONE',  ( 90.00000000000002842, -65.00000000000000000, 5.000000000000000000 ) ) ;
#533 = AXIS2_PLACEMENT_3D ( 'NONE', #1056, #59, #175 ) ;
#534 = VERTEX_POINT ( 'NONE', #1000 ) ;
#535 = CARTESIAN_POINT ( 'NONE',  ( 8.572527594031474570E-15, -70.00000000000000000, 2.000000000000000000 ) ) ;
#536 = AXIS2_PLACEMENT_3D ( 'NONE', #1224, #104, #193 ) ;
#537 = VECTOR ( 'NONE', #159, 1000.000000000000000 ) ;
#538 = VECTOR ( 'NONE', #139, 1000.000000000000000 ) ;
#539 = CARTESIAN_POINT ( 'NONE',  ( 56.00000000000000000, -32.00000000000000711, 0.01000000000000000021 ) ) ;
#540 = FACE_OUTER_BOUND ( 'NONE', #936, .T. ) ;
#541 = EDGE_CURVE ( 'NONE', #468, #1029, #1447, .T. ) ;
#542 = ORIENTED_EDGE ( 'NONE', *, *, #588, .T. ) ;
#543 = DIRECTION ( 'NONE',  ( -0.000000000000000000, -0.000000000000000000, 1.000000000000000000 ) ) ;
#544 = ORIENTED_EDGE ( 'NONE', *, *, #1312, .F. ) ;
#545 = PLANE ( 'NONE',  #36 ) ;
#546 = MANIFOLD_SOLID_BREP ( 'Schnitt-Linear austragen3', #202 ) ;
#547 = CARTESIAN_POINT ( 'NONE',  ( 90.00000000000002842, -66.99999999999997158, 5.000000000000000000 ) ) ;
#548 = ORIENTED_EDGE ( 'NONE', *, *, #368, .T. ) ;
#549 = LINE ( 'NONE', #1201, #372 ) ;
#550 = VERTEX_POINT ( 'NONE', #314 ) ;
#551 = LINE ( 'NONE', #1454, #834 ) ;
#552 = CARTESIAN_POINT ( 'NONE',  ( 10.00000000000000000, -65.00000000000000000, 5.000000000000000000 ) ) ;
#553 = EDGE_CURVE ( 'NONE', #823, #832, #218, .T. ) ;
#554 = DIRECTION ( 'NONE',  ( -0.000000000000000000, -0.000000000000000000, 1.000000000000000000 ) ) ;
#555 = ORIENTED_EDGE ( 'NONE', *, *, #877, .F. ) ;
#556 = CARTESIAN_POINT ( 'NONE',  ( 56.00000000000000000, -32.00000000000000711, 1.000000000000000000 ) ) ;
#557 = ORIENTED_EDGE ( 'NONE', *, *, #122, .T. ) ;
#558 = CARTESIAN_POINT ( 'NONE',  ( 90.00000000000002842, -2.000000000000000000, 4.000000000000013323 ) ) ;
#559 = EDGE_CURVE ( 'NONE', #384, #1029, #551, .T. ) ;
#560 = VECTOR ( 'NONE', #463, 1000.000000000000000 ) ;
#561 = COLOUR_RGB ( '',0.7921568627450980005, 0.8196078431372548767, 0.9333333333333333481 ) ;
#562 = CARTESIAN_POINT ( 'NONE',  ( 90.00000000000002842, -65.00000000000000000, 5.000000000000000000 ) ) ;
#563 = AXIS2_PLACEMENT_3D ( 'NONE', #200, #543, #631 ) ;
#564 = ORIENTED_EDGE ( 'NONE', *, *, #355, .F. ) ;
#565 = DIRECTION ( 'NONE',  ( -0.000000000000000000, 0.000000000000000000, 1.000000000000000000 ) ) ;
#566 = EDGE_LOOP ( 'NONE', ( #311, #201, #1305, #741, #1433 ) ) ;
#567 = CARTESIAN_POINT ( 'NONE',  ( 8.572527594031474570E-15, -70.00000000000000000, 2.000000000000000000 ) ) ;
#568 = DIRECTION ( 'NONE',  ( 0.000000000000000000, -0.000000000000000000, -1.000000000000000000 ) ) ;
#569 = ADVANCED_FACE ( 'NONE', ( #974 ), #1095, .F. ) ;
#570 = CARTESIAN_POINT ( 'NONE',  ( 97.50000000000001421, -66.00000000000000000, 0.000000000000000000 ) ) ;
#571 = EDGE_LOOP ( 'NONE', ( #1241, #1082, #984, #453 ) ) ;
#572 = CARTESIAN_POINT ( 'NONE',  ( 10.00000000000000000, -2.000000000000000000, 5.000000000000000000 ) ) ;
#573 = ORIENTED_EDGE ( 'NONE', *, *, #1355, .F. ) ;
#574 = DIRECTION ( 'NONE',  ( 1.000000000000000000, 0.000000000000000000, 0.000000000000000000 ) ) ;
#575 = DIRECTION ( 'NONE',  ( 1.000000000000000000, 0.000000000000000000, 0.000000000000000000 ) ) ;
#576 = AXIS2_PLACEMENT_3D ( 'NONE', #48, #514, #69 ) ;
#577 = EDGE_LOOP ( 'NONE', ( #1226, #1318, #217, #792 ) ) ;
#578 = CARTESIAN_POINT ( 'NONE',  ( 0.000000000000000000, 0.000000000000000000, 5.000000000000000000 ) ) ;
#579 = ORIENTED_EDGE ( 'NONE', *, *, #181, .T. ) ;
#580 = LINE ( 'NONE', #691, #1411 ) ;
#581 = FACE_OUTER_BOUND ( 'NONE', #70, .T. ) ;
#582 = VECTOR ( 'NONE', #108, 1000.000000000000000 ) ;
#583 = AXIS2_PLACEMENT_3D ( 'NONE', #1390, #484, #456 ) ;
#584 = LINE ( 'NONE', #237, #300 ) ;
#585 = AXIS2_PLACEMENT_3D ( 'NONE', #1450, #184, #1316 ) ;
#586 = EDGE_LOOP ( 'NONE', ( #973, #1444, #1173, #928 ) ) ;
#587 = FACE_OUTER_BOUND ( 'NONE', #1109, .T. ) ;
#588 = EDGE_CURVE ( 'NONE', #753, #1157, #756, .T. ) ;
#589 = VERTEX_POINT ( 'NONE', #1112 ) ;
#590 = CARTESIAN_POINT ( 'NONE',  ( 56.00000000000000000, -58.00000000000000711, 1.000000000000000000 ) ) ;
#591 = DIRECTION ( 'NONE',  ( -0.000000000000000000, -0.000000000000000000, -1.000000000000000000 ) ) ;
#592 = FACE_BOUND ( 'NONE', #783, .T. ) ;
#593 = ORIENTED_EDGE ( 'NONE', *, *, #1144, .F. ) ;
#594 = PLANE ( 'NONE',  #812 ) ;
#595 = PLANE ( 'NONE',  #1005 ) ;
#596 = ADVANCED_FACE ( 'NONE', ( #992 ), #1227, .F. ) ;
#597 = CARTESIAN_POINT ( 'NONE',  ( 10.00000000000000000, -66.99999999999997158, 5.000000000000000000 ) ) ;
#598 = ORIENTED_EDGE ( 'NONE', *, *, #1306, .T. ) ;
#599 = DIRECTION ( 'NONE',  ( -1.000000000000000000, -0.000000000000000000, -0.000000000000000000 ) ) ;
#600 = CARTESIAN_POINT ( 'NONE',  ( 94.50000000000001421, -66.00000000000000000, 2.000000000000000000 ) ) ;
#601 = EDGE_CURVE ( 'NONE', #832, #432, #1344, .T. ) ;
#602 = CARTESIAN_POINT ( 'NONE',  ( 90.00000000000002842, -68.00000000000000000, 3.999999999999971578 ) ) ;
#603 = ORIENTED_EDGE ( 'NONE', *, *, #1225, .F. ) ;
#604 = DIRECTION ( 'NONE',  ( 0.000000000000000000, 0.000000000000000000, -1.000000000000000000 ) ) ;
#605 = ORIENTED_EDGE ( 'NONE', *, *, #1170, .T. ) ;
#606 = LINE ( 'NONE', #951, #1177 ) ;
#607 = LINE ( 'NONE', #1059, #1457 ) ;
#608 = DIRECTION ( 'NONE',  ( 1.000000000000000000, 0.000000000000000000, 0.000000000000000000 ) ) ;
#609 = EDGE_LOOP ( 'NONE', ( #1282, #1026 ) ) ;
#610 = CARTESIAN_POINT ( 'NONE',  ( 98.00000000000001421, -10.00000000000000000, 5.000000000000000000 ) ) ;
#611 = EDGE_CURVE ( 'NONE', #1429, #1, #307, .T. ) ;
#612 = DIRECTION ( 'NONE',  ( 1.000000000000000000, 1.387778780781445676E-16, -0.000000000000000000 ) ) ;
#613 = DIRECTION ( 'NONE',  ( -0.000000000000000000, 0.000000000000000000, 1.000000000000000000 ) ) ;
#614 = DIRECTION ( 'NONE',  ( -0.000000000000000000, 0.7071067811865474617, 0.7071067811865474617 ) ) ;
#615 = ADVANCED_FACE ( 'NONE', ( #195 ), #639, .F. ) ;
#616 = ORIENTED_EDGE ( 'NONE', *, *, #844, .T. ) ;
#617 = CARTESIAN_POINT ( 'NONE',  ( 5.999999999999998224, -58.00000000000000711, 2.000000000000000000 ) ) ;
#618 = CARTESIAN_POINT ( 'NONE',  ( 6.000000000000000000, -32.00000000000001421, 0.01000000000000000021 ) ) ;
#619 = VERTEX_POINT ( 'NONE', #1030 ) ;
#620 = CARTESIAN_POINT ( 'NONE',  ( 10.00000000000000000, -5.000000000000000000, 2.000000000000000000 ) ) ;
#621 = VECTOR ( 'NONE', #1322, 1000.000000000000000 ) ;
#622 = AXIS2_PLACEMENT_3D ( 'NONE', #120, #1041, #906 ) ;
#623 = EDGE_CURVE ( 'NONE', #1340, #297, #1124, .T. ) ;
#624 = ORIENTED_EDGE ( 'NONE', *, *, #341, .F. ) ;
#625 = CARTESIAN_POINT ( 'NONE',  ( 10.00000000000000000, -68.00000000000000000, 2.000000000000000000 ) ) ;
#626 = VERTEX_POINT ( 'NONE', #686 ) ;
#627 = DIRECTION ( 'NONE',  ( 1.000000000000000000, -0.000000000000000000, -0.000000000000000000 ) ) ;
#628 = PLANE ( 'NONE',  #390 ) ;
#629 = DIRECTION ( 'NONE',  ( -0.000000000000000000, -0.000000000000000000, -1.000000000000000000 ) ) ;
#630 = ORIENTED_EDGE ( 'NONE', *, *, #1377, .T. ) ;
#631 = DIRECTION ( 'NONE',  ( 1.000000000000000000, 0.000000000000000000, 0.000000000000000000 ) ) ;
#632 = VERTEX_POINT ( 'NONE', #19 ) ;
#633 = DIRECTION ( 'NONE',  ( 0.7071067811865525687, -0.000000000000000000, -0.7071067811865425767 ) ) ;
#634 = CARTESIAN_POINT ( 'NONE',  ( 6.000000000000000000, -32.00000000000001421, 0.000000000000000000 ) ) ;
#635 = PLANE ( 'NONE',  #1315 ) ;
#636 = VERTEX_POINT ( 'NONE', #681 ) ;
#637 = PLANE ( 'NONE',  #1341 ) ;
#638 = ORIENTED_EDGE ( 'NONE', *, *, #214, .T. ) ;
#639 = PLANE ( 'NONE',  #392 ) ;
#640 = CARTESIAN_POINT ( 'NONE',  ( 1.999999999999999556, -10.00000000000000000, 5.000000000000000000 ) ) ;
#641 = EDGE_CURVE ( 'NONE', #476, #278, #580, .T. ) ;
#642 = LINE ( 'NONE', #428, #790 ) ;
#643 = VERTEX_POINT ( 'NONE', #257 ) ;
#644 = CARTESIAN_POINT ( 'NONE',  ( 10.00000000000000000, -68.00000000000000000, 5.000000000000000000 ) ) ;
#645 = AXIS2_PLACEMENT_3D ( 'NONE', #939, #820, #693 ) ;
#646 = VECTOR ( 'NONE', #732, 1000.000000000000000 ) ;
#647 = ORIENTED_EDGE ( 'NONE', *, *, #198, .T. ) ;
#648 = PRESENTATION_STYLE_ASSIGNMENT (( #1216 ) ) ;
#649 = CARTESIAN_POINT ( 'NONE',  ( 0.000000000000000000, 0.000000000000000000, 2.000000000000000000 ) ) ;
#650 = DIRECTION ( 'NONE',  ( -1.000000000000000000, -0.000000000000000000, -0.000000000000000000 ) ) ;
#651 = ORIENTED_EDGE ( 'NONE', *, *, #815, .F. ) ;
#652 = VECTOR ( 'NONE', #409, 1000.000000000000000 ) ;
#653 = DIRECTION ( 'NONE',  ( 1.982541115402065110E-16, -1.000000000000000000, 0.000000000000000000 ) ) ;
#654 = ORIENTED_EDGE ( 'NONE', *, *, #478, .T. ) ;
#655 = CARTESIAN_POINT ( 'NONE',  ( 10.00000000000000000, -2.999999999999987121, 5.000000000000000000 ) ) ;
#656 = ADVANCED_FACE ( 'NONE', ( #1277 ), #1134, .F. ) ;
#657 = LINE ( 'NONE', #1114, #1268 ) ;
#658 = CARTESIAN_POINT ( 'NONE',  ( 56.00000000000000000, -58.00000000000000711, 2.000000000000000000 ) ) ;
#659 = ORIENTED_EDGE ( 'NONE', *, *, #1403, .F. ) ;
#660 = DIRECTION ( 'NONE',  ( 0.000000000000000000, 0.000000000000000000, 1.000000000000000000 ) ) ;
#661 = EDGE_CURVE ( 'NONE', #297, #1340, #487, .T. ) ;
#662 = VERTEX_POINT ( 'NONE', #590 ) ;
#663 = FACE_OUTER_BOUND ( 'NONE', #1395, .T. ) ;
#664 = UNCERTAINTY_MEASURE_WITH_UNIT (LENGTH_MEASURE( 1.000000000000000082E-05 ), #1234, 'distance_accuracy_value', 'NONE');
#665 = LINE ( 'NONE', #101, #321 ) ;
#666 = CARTESIAN_POINT ( 'NONE',  ( 5.999999999999998224, -58.00000000000000711, 1.000000000000000000 ) ) ;
#667 = VERTEX_POINT ( 'NONE', #127 ) ;
#668 = DIRECTION ( 'NONE',  ( -1.000000000000000000, 0.000000000000000000, 0.000000000000000000 ) ) ;
#669 = EDGE_CURVE ( 'NONE', #1429, #808, #929, .T. ) ;
#670 = AXIS2_PLACEMENT_3D ( 'NONE', #410, #308, #55 ) ;
#671 = ORIENTED_EDGE ( 'NONE', *, *, #1294, .F. ) ;
#672 = DIRECTION ( 'NONE',  ( 0.000000000000000000, 0.7071067811865474617, -0.7071067811865474617 ) ) ;
#673 = VECTOR ( 'NONE', #32, 1000.000000000000000 ) ;
#674 = LINE ( 'NONE', #1129, #930 ) ;
#675 = AXIS2_PLACEMENT_3D ( 'NONE', #578, #565, #784 ) ;
#676 = LINE ( 'NONE', #110, #538 ) ;
#677 = EDGE_CURVE ( 'NONE', #1178, #1401, #1006, .T. ) ;
#678 = ORIENTED_EDGE ( 'NONE', *, *, #235, .T. ) ;
#679 = CARTESIAN_POINT ( 'NONE',  ( 56.00000000000000000, -32.00000000000000711, 0.000000000000000000 ) ) ;
#680 = ORIENTED_EDGE ( 'NONE', *, *, #1403, .T. ) ;
#681 = CARTESIAN_POINT ( 'NONE',  ( 2.500000000000000444, -4.000000000000000000, 0.000000000000000000 ) ) ;
#682 = FACE_OUTER_BOUND ( 'NONE', #168, .T. ) ;
#683 = ORIENTED_EDGE ( 'NONE', *, *, #871, .T. ) ;
#684 = LINE ( 'NONE', #913, #325 ) ;
#685 = EDGE_LOOP ( 'NONE', ( #1446, #106 ) ) ;
#686 = CARTESIAN_POINT ( 'NONE',  ( 5.999999999999998224, -58.00000000000000711, 0.01000000000000000021 ) ) ;
#687 = CYLINDRICAL_SURFACE ( 'NONE', #270, 1.500000000000001332 ) ;
#688 = ORIENTED_EDGE ( 'NONE', *, *, #887, .F. ) ;
#689 = LINE ( 'NONE', #232, #17 ) ;
#690 = VERTEX_POINT ( 'NONE', #706 ) ;
#691 = CARTESIAN_POINT ( 'NONE',  ( 94.50000000000001421, -4.000000000000003553, 0.000000000000000000 ) ) ;
#692 = EDGE_CURVE ( 'NONE', #224, #643, #462, .T. ) ;
#693 = DIRECTION ( 'NONE',  ( -1.000000000000000000, 0.000000000000000000, 0.000000000000000000 ) ) ;
#694 = VECTOR ( 'NONE', #1289, 1000.000000000000000 ) ;
#695 = AXIS2_PLACEMENT_3D ( 'NONE', #1283, #829, #273 ) ;
#696 = CARTESIAN_POINT ( 'NONE',  ( 100.0000000000000000, 0.000000000000000000, 2.000000000000000000 ) ) ;
#697 = VECTOR ( 'NONE', #475, 1000.000000000000000 ) ;
#698 = FACE_BOUND ( 'NONE', #1044, .T. ) ;
#699 = EDGE_LOOP ( 'NONE', ( #162, #683 ) ) ;
#700 = CARTESIAN_POINT ( 'NONE',  ( 0.000000000000000000, 0.000000000000000000, 5.000000000000000000 ) ) ;
#701 = EDGE_CURVE ( 'NONE', #527, #643, #477, .T. ) ;
#702 = LINE ( 'NONE', #1047, #369 ) ;
#703 = DIRECTION ( 'NONE',  ( -1.301042606982605321E-16, 1.000000000000000000, 0.000000000000000000 ) ) ;
#704 = ADVANCED_FACE ( 'NONE', ( #1045 ), #1262, .F. ) ;
#705 = ORIENTED_EDGE ( 'NONE', *, *, #42, .F. ) ;
#706 = CARTESIAN_POINT ( 'NONE',  ( 90.00000000000002842, -68.00000000000000000, 2.000000000000000000 ) ) ;
#707 = ORIENTED_EDGE ( 'NONE', *, *, #1326, .F. ) ;
#708 = CARTESIAN_POINT ( 'NONE',  ( 98.00000000000001421, -10.00000000000000000, 5.000000000000000000 ) ) ;
#709 = CARTESIAN_POINT ( 'NONE',  ( 90.00000000000002842, -5.000000000000000000, 2.000000000000000000 ) ) ;
#710 = ORIENTED_EDGE ( 'NONE', *, *, #137, .T. ) ;
#711 = CARTESIAN_POINT ( 'NONE',  ( 5.000000000000006217, -60.00000000000000711, 5.000000000000000000 ) ) ;
#712 = EDGE_CURVE ( 'NONE', #1040, #278, #858, .T. ) ;
#713 = CARTESIAN_POINT ( 'NONE',  ( 1.999999999999999556, -10.00000000000000000, 2.000000000000000000 ) ) ;
#714 = VERTEX_POINT ( 'NONE', #27 ) ;
#715 = AXIS2_PLACEMENT_3D ( 'NONE', #497, #604, #1167 ) ;
#716 = DIRECTION ( 'NONE',  ( -1.000000000000000000, 0.000000000000000000, -0.000000000000000000 ) ) ;
#717 = VECTOR ( 'NONE', #43, 1000.000000000000000 ) ;
#718 = VECTOR ( 'NONE', #444, 1000.000000000000000 ) ;
#719 = ORIENTED_EDGE ( 'NONE', *, *, #160, .T. ) ;
#720 = CARTESIAN_POINT ( 'NONE',  ( 10.00000000000000000, -2.999999999999987121, 5.000000000000000000 ) ) ;
#721 = DIRECTION ( 'NONE',  ( 0.000000000000000000, -0.000000000000000000, -1.000000000000000000 ) ) ;
#722 = EDGE_LOOP ( 'NONE', ( #342, #165, #281, #500 ) ) ;
#723 = CARTESIAN_POINT ( 'NONE',  ( 1.999999999999999556, -10.00000000000000000, 5.000000000000000000 ) ) ;
#724 = ORIENTED_EDGE ( 'NONE', *, *, #309, .F. ) ;
#725 = DIRECTION ( 'NONE',  ( 0.000000000000000000, 1.000000000000000000, 0.000000000000000000 ) ) ;
#726 = CARTESIAN_POINT ( 'NONE',  ( 96.00000000000001421, -4.000000000000003553, 0.000000000000000000 ) ) ;
#727 = EDGE_CURVE ( 'NONE', #1368, #1062, #809, .T. ) ;
#728 = LINE ( 'NONE', #63, #227 ) ;
#729 = EDGE_CURVE ( 'NONE', #636, #1178, #1158, .T. ) ;
#730 = DIRECTION ( 'NONE',  ( 0.000000000000000000, 0.000000000000000000, -1.000000000000000000 ) ) ;
#731 = ORIENTED_EDGE ( 'NONE', *, *, #451, .F. ) ;
#732 = DIRECTION ( 'NONE',  ( -1.000000000000000000, 0.000000000000000000, -0.000000000000000000 ) ) ;
#733 = LINE ( 'NONE', #618, #1271 ) ;
#734 = ADVANCED_FACE ( 'NONE', ( #234 ), #594, .F. ) ;
#735 = ORIENTED_EDGE ( 'NONE', *, *, #1060, .T. ) ;
#736 = AXIS2_PLACEMENT_3D ( 'NONE', #552, #870, #1217 ) ;
#737 = LINE ( 'NONE', #658, #1223 ) ;
#738 = ORIENTED_EDGE ( 'NONE', *, *, #1218, .F. ) ;
#739 = VECTOR ( 'NONE', #614, 1000.000000000000114 ) ;
#740 = CARTESIAN_POINT ( 'NONE',  ( 0.000000000000000000, 0.000000000000000000, 0.000000000000000000 ) ) ;
#741 = ORIENTED_EDGE ( 'NONE', *, *, #486, .T. ) ;
#742 = CARTESIAN_POINT ( 'NONE',  ( 90.00000000000002842, -68.00000000000000000, 5.000000000000000000 ) ) ;
#743 = EDGE_CURVE ( 'NONE', #1036, #386, #343, .T. ) ;
#744 = CARTESIAN_POINT ( 'NONE',  ( 10.00000000000000000, -65.00000000000000000, 5.000000000000000000 ) ) ;
#745 = CYLINDRICAL_SURFACE ( 'NONE', #1463, 1.500000000000001332 ) ;
#746 = ORIENTED_EDGE ( 'NONE', *, *, #141, .F. ) ;
#747 = FACE_OUTER_BOUND ( 'NONE', #446, .T. ) ;
#748 = EDGE_CURVE ( 'NONE', #534, #1350, #248, .T. ) ;
#749 = VERTEX_POINT ( 'NONE', #795 ) ;
#750 = CARTESIAN_POINT ( 'NONE',  ( 1.999999999999999556, -10.00000000000000000, 4.000000000000013323 ) ) ;
#751 = DIRECTION ( 'NONE',  ( -1.000000000000000000, 0.000000000000000000, 0.000000000000000000 ) ) ;
#752 = LINE ( 'NONE', #1212, #20 ) ;
#753 = VERTEX_POINT ( 'NONE', #1256 ) ;
#754 = DIRECTION ( 'NONE',  ( -0.000000000000000000, -0.000000000000000000, -1.000000000000000000 ) ) ;
#755 = ORIENTED_EDGE ( 'NONE', *, *, #368, .F. ) ;
#756 = LINE ( 'NONE', #320, #1031 ) ;
#757 = DIRECTION ( 'NONE',  ( 0.000000000000000000, 0.000000000000000000, 1.000000000000000000 ) ) ;
#758 = FACE_OUTER_BOUND ( 'NONE', #423, .T. ) ;
#759 = EDGE_LOOP ( 'NONE', ( #10, #1231, #80, #1175 ) ) ;
#760 = CARTESIAN_POINT ( 'NONE',  ( 56.00000000000000000, -32.00000000000000711, 0.01000000000000000021 ) ) ;
#761 = VECTOR ( 'NONE', #931, 1000.000000000000000 ) ;
#762 = VECTOR ( 'NONE', #966, 1000.000000000000000 ) ;
#763 = ORIENTED_EDGE ( 'NONE', *, *, #78, .F. ) ;
#764 = DIRECTION ( 'NONE',  ( 0.000000000000000000, -0.000000000000000000, 1.000000000000000000 ) ) ;
#765 = CIRCLE ( 'NONE', #467, 1.500000000000001332 ) ;
#766 = PRODUCT_DEFINITION_FORMATION_WITH_SPECIFIED_SOURCE ( 'ANY', '', #914, .NOT_KNOWN. ) ;
#767 = DIRECTION ( 'NONE',  ( -1.000000000000000000, -0.000000000000000000, -0.000000000000000000 ) ) ;
#768 = EDGE_CURVE ( 'NONE', #1029, #873, #241, .T. ) ;
#769 = DIRECTION ( 'NONE',  ( 0.000000000000000000, -1.000000000000000000, 0.000000000000000000 ) ) ;
#770 = ORIENTED_EDGE ( 'NONE', *, *, #779, .T. ) ;
#771 = DIRECTION ( 'NONE',  ( -0.000000000000000000, -0.000000000000000000, 1.000000000000000000 ) ) ;
#772 = ORIENTED_EDGE ( 'NONE', *, *, #411, .T. ) ;
#773 = DIRECTION ( 'NONE',  ( -0.000000000000000000, -0.000000000000000000, -1.000000000000000000 ) ) ;
#774 = EDGE_CURVE ( 'NONE', #823, #1068, #949, .T. ) ;
#775 = VERTEX_POINT ( 'NONE', #851 ) ;
#776 = CARTESIAN_POINT ( 'NONE',  ( 97.00000000000000000, -60.00000000000000711, 5.000000000000000000 ) ) ;
#777 = VERTEX_POINT ( 'NONE', #39 ) ;
#778 = DIRECTION ( 'NONE',  ( -0.000000000000000000, -0.000000000000000000, 1.000000000000000000 ) ) ;
#779 = EDGE_CURVE ( 'NONE', #873, #238, #838, .T. ) ;
#780 = DIRECTION ( 'NONE',  ( 6.672013369141566696E-17, 1.000000000000000000, -0.000000000000000000 ) ) ;
#781 = DIRECTION ( 'NONE',  ( 1.000000000000000000, 0.000000000000000000, 0.000000000000000000 ) ) ;
#782 = APPLICATION_CONTEXT ( 'automotive_design' ) ;
#783 = EDGE_LOOP ( 'NONE', ( #24, #573, #544, #504 ) ) ;
#784 = DIRECTION ( 'NONE',  ( 1.000000000000000000, 0.000000000000000000, 0.000000000000000000 ) ) ;
#785 = VECTOR ( 'NONE', #780, 1000.000000000000000 ) ;
#786 = VERTEX_POINT ( 'NONE', #169 ) ;
#787 = DIRECTION ( 'NONE',  ( -0.000000000000000000, -0.000000000000000000, -1.000000000000000000 ) ) ;
#788 = VECTOR ( 'NONE', #143, 1000.000000000000000 ) ;
#789 = LINE ( 'NONE', #353, #1408 ) ;
#790 = VECTOR ( 'NONE', #1337, 1000.000000000000000 ) ;
#791 = SHAPE_DEFINITION_REPRESENTATION ( #998, #1334 ) ;
#792 = ORIENTED_EDGE ( 'NONE', *, *, #1121, .T. ) ;
#793 = DIRECTION ( 'NONE',  ( 1.000000000000000000, 0.000000000000000000, 0.000000000000000000 ) ) ;
#794 = VERTEX_POINT ( 'NONE', #846 ) ;
#795 = CARTESIAN_POINT ( 'NONE',  ( 4.999999999999999112, -10.00000000000000000, 2.000000000000000000 ) ) ;
#796 = EDGE_CURVE ( 'NONE', #643, #1327, #1417, .T. ) ;
#797 = DIRECTION ( 'NONE',  ( -6.672013369141566696E-17, -1.000000000000000000, -0.000000000000000000 ) ) ;
#798 = DIRECTION ( 'NONE',  ( -0.000000000000000000, -0.000000000000000000, -1.000000000000000000 ) ) ;
#799 = VERTEX_POINT ( 'NONE', #393 ) ;
#800 = CARTESIAN_POINT ( 'NONE',  ( 96.00000000000001421, -66.00000000000000000, 2.000000000000000000 ) ) ;
#801 = ORIENTED_EDGE ( 'NONE', *, *, #383, .F. ) ;
#802 = DIRECTION ( 'NONE',  ( -1.000000000000000000, 6.672013369141567928E-17, 0.000000000000000000 ) ) ;
#803 = DIRECTION ( 'NONE',  ( -0.000000000000000000, -0.000000000000000000, 1.000000000000000000 ) ) ;
#804 = EDGE_CURVE ( 'NONE', #146, #476, #345, .T. ) ;
#805 = ORIENTED_EDGE ( 'NONE', *, *, #1312, .T. ) ;
#806 = FACE_BOUND ( 'NONE', #699, .T. ) ;
#807 = ADVANCED_FACE ( 'NONE', ( #294 ), #1407, .F. ) ;
#808 = VERTEX_POINT ( 'NONE', #380 ) ;
#809 = LINE ( 'NONE', #567, #417 ) ;
#810 = CARTESIAN_POINT ( 'NONE',  ( 4.000000000000000000, -4.000000000000000000, 0.000000000000000000 ) ) ;
#811 = VECTOR ( 'NONE', #94, 1000.000000000000000 ) ;
#812 = AXIS2_PLACEMENT_3D ( 'NONE', #1023, #802, #1016 ) ;
#813 = AXIS2_PLACEMENT_3D ( 'NONE', #1267, #2, #1014 ) ;
#814 = VECTOR ( 'NONE', #754, 1000.000000000000000 ) ;
#815 = EDGE_CURVE ( 'NONE', #1244, #1003, #147, .T. ) ;
#816 = CIRCLE ( 'NONE', #1317, 1.499999999999999556 ) ;
#817 = CARTESIAN_POINT ( 'NONE',  ( 4.999999999999999112, -10.00000000000000000, 5.000000000000000000 ) ) ;
#818 = ORIENTED_EDGE ( 'NONE', *, *, #214, .F. ) ;
#819 = CARTESIAN_POINT ( 'NONE',  ( 97.00000000000000000, 0.000000000000000000, 5.000000000000000000 ) ) ;
#820 = DIRECTION ( 'NONE',  ( -0.000000000000000000, 0.000000000000000000, -1.000000000000000000 ) ) ;
#821 = LINE ( 'NONE', #817, #1034 ) ;
#822 = ADVANCED_FACE ( 'NONE', ( #1424 ), #511, .F. ) ;
#823 = VERTEX_POINT ( 'NONE', #1309 ) ;
#824 = CARTESIAN_POINT ( 'NONE',  ( 10.00000000000000000, -2.000000000000000000, 5.000000000000000000 ) ) ;
#825 = DIRECTION ( 'NONE',  ( 0.000000000000000000, 0.000000000000000000, 1.000000000000000000 ) ) ;
#826 = EDGE_CURVE ( 'NONE', #775, #1055, #385, .T. ) ;
#827 = PLANE ( 'NONE',  #299 ) ;
#828 = ORIENTED_EDGE ( 'NONE', *, *, #601, .F. ) ;
#829 = DIRECTION ( 'NONE',  ( -1.387778780781445676E-16, 1.000000000000000000, 0.000000000000000000 ) ) ;
#830 = VERTEX_POINT ( 'NONE', #942 ) ;
#831 = CARTESIAN_POINT ( 'NONE',  ( 1.999999999999999556, -10.00000000000000000, 5.000000000000000000 ) ) ;
#832 = VERTEX_POINT ( 'NONE', #1303 ) ;
#833 = VECTOR ( 'NONE', #797, 1000.000000000000000 ) ;
#834 = VECTOR ( 'NONE', #330, 999.9999999999998863 ) ;
#835 = CARTESIAN_POINT ( 'NONE',  ( 4.000000000000000000, -4.000000000000000000, 0.000000000000000000 ) ) ;
#836 = VECTOR ( 'NONE', #1146, 1000.000000000000000 ) ;
#837 = ORIENTED_EDGE ( 'NONE', *, *, #997, .F. ) ;
#838 = LINE ( 'NONE', #610, #762 ) ;
#839 = VERTEX_POINT ( 'NONE', #401 ) ;
#840 = FACE_OUTER_BOUND ( 'NONE', #474, .T. ) ;
#841 = ADVANCED_FACE ( 'NONE', ( #155 ), #288, .F. ) ;
#842 = ORIENTED_EDGE ( 'NONE', *, *, #919, .F. ) ;
#843 = DIRECTION ( 'NONE',  ( 0.000000000000000000, -1.000000000000000000, 0.000000000000000000 ) ) ;
#844 = EDGE_CURVE ( 'NONE', #848, #1233, #407, .T. ) ;
#845 = EDGE_LOOP ( 'NONE', ( #965, #869, #896, #1111 ) ) ;
#846 = CARTESIAN_POINT ( 'NONE',  ( 6.000000000000000000, -32.00000000000001421, 0.01000000000000000021 ) ) ;
#847 = LINE ( 'NONE', #742, #694 ) ;
#848 = VERTEX_POINT ( 'NONE', #163 ) ;
#849 = DIRECTION ( 'NONE',  ( -0.000000000000000000, 1.000000000000000000, -0.000000000000000000 ) ) ;
#850 = ORIENTED_EDGE ( 'NONE', *, *, #266, .T. ) ;
#851 = CARTESIAN_POINT ( 'NONE',  ( 56.00000000000000000, -32.00000000000000711, 0.01000000000000000021 ) ) ;
#852 = EDGE_CURVE ( 'NONE', #391, #823, #1063, .T. ) ;
#853 = CARTESIAN_POINT ( 'NONE',  ( 98.00000000000001421, -60.00000000000000711, 2.000000000000000000 ) ) ;
#854 = LINE ( 'NONE', #744, #537 ) ;
#855 = VECTOR ( 'NONE', #28, 1000.000000000000000 ) ;
#856 = DIRECTION ( 'NONE',  ( 1.000000000000000000, -0.000000000000000000, -0.000000000000000000 ) ) ;
#857 = EDGE_CURVE ( 'NONE', #238, #714, #1297, .T. ) ;
#858 = CIRCLE ( 'NONE', #228, 1.500000000000001332 ) ;
#859 = VERTEX_POINT ( 'NONE', #625 ) ;
#860 = AXIS2_PLACEMENT_3D ( 'NONE', #644, #97, #1319 ) ;
#861 = CARTESIAN_POINT ( 'NONE',  ( 56.00000000000000000, -58.00000000000000711, 1.000000000000000000 ) ) ;
#862 = VECTOR ( 'NONE', #1025, 1000.000000000000000 ) ;
#863 = ORIENTED_EDGE ( 'NONE', *, *, #541, .T. ) ;
#864 =( NAMED_UNIT ( * ) SI_UNIT ( $, .STERADIAN. ) SOLID_ANGLE_UNIT ( ) );
#865 = ORIENTED_EDGE ( 'NONE', *, *, #1088, .F. ) ;
#866 = DIRECTION ( 'NONE',  ( -1.000000000000000000, 6.672013369141567928E-17, 0.000000000000000000 ) ) ;
#867 = ORIENTED_EDGE ( 'NONE', *, *, #71, .T. ) ;
#868 = DIRECTION ( 'NONE',  ( -0.000000000000000000, -0.000000000000000000, -1.000000000000000000 ) ) ;
#869 = ORIENTED_EDGE ( 'NONE', *, *, #266, .F. ) ;
#870 = DIRECTION ( 'NONE',  ( 0.000000000000000000, -1.000000000000000000, 0.000000000000000000 ) ) ;
#871 = EDGE_CURVE ( 'NONE', #667, #753, #465, .T. ) ;
#872 = LINE ( 'NONE', #524, #909 ) ;
#873 = VERTEX_POINT ( 'NONE', #67 ) ;
#874 = LINE ( 'NONE', #760, #1274 ) ;
#875 = ORIENTED_EDGE ( 'NONE', *, *, #1240, .T. ) ;
#876 = FILL_AREA_STYLE_COLOUR ( '', #561 ) ;
#877 = EDGE_CURVE ( 'NONE', #1423, #786, #519, .T. ) ;
#878 = PLANE ( 'NONE',  #736 ) ;
#879 = CARTESIAN_POINT ( 'NONE',  ( 96.00000000000001421, -66.00000000000000000, 0.000000000000000000 ) ) ;
#880 = ORIENTED_EDGE ( 'NONE', *, *, #727, .F. ) ;
#881 = CARTESIAN_POINT ( 'NONE',  ( 4.000000000000000000, -66.00000000000000000, 0.000000000000000000 ) ) ;
#882 = VECTOR ( 'NONE', #1176, 1000.000000000000000 ) ;
#883 = ORIENTED_EDGE ( 'NONE', *, *, #1218, .T. ) ;
#884 = CARTESIAN_POINT ( 'NONE',  ( 96.00000000000001421, -4.000000000000003553, 0.000000000000000000 ) ) ;
#885 = CIRCLE ( 'NONE', #1076, 1.499999999999999556 ) ;
#886 = CARTESIAN_POINT ( 'NONE',  ( 2.500000000000000000, -66.00000000000000000, 0.000000000000000000 ) ) ;
#887 = EDGE_CURVE ( 'NONE', #832, #408, #1396, .T. ) ;
#888 = DIRECTION ( 'NONE',  ( 1.000000000000000000, 0.000000000000000000, 0.000000000000000000 ) ) ;
#889 = ORIENTED_EDGE ( 'NONE', *, *, #1156, .F. ) ;
#890 = DIRECTION ( 'NONE',  ( 0.000000000000000000, 0.000000000000000000, 1.000000000000000000 ) ) ;
#891 = EDGE_CURVE ( 'NONE', #830, #786, #1117, .T. ) ;
#892 = ORIENTED_EDGE ( 'NONE', *, *, #478, .F. ) ;
#893 = FILL_AREA_STYLE ('',( #876 ) ) ;
#894 = LINE ( 'NONE', #640, #176 ) ;
#895 = CARTESIAN_POINT ( 'NONE',  ( 56.00000000000000000, -58.00000000000000711, 1.000000000000000000 ) ) ;
#896 = ORIENTED_EDGE ( 'NONE', *, *, #323, .F. ) ;
#897 = FACE_BOUND ( 'NONE', #586, .T. ) ;
#898 = ORIENTED_EDGE ( 'NONE', *, *, #105, .F. ) ;
#899 = DIRECTION ( 'NONE',  ( -0.7071067811865425767, 0.000000000000000000, -0.7071067811865524577 ) ) ;
#900 = LINE ( 'NONE', #450, #1386 ) ;
#901 = ORIENTED_EDGE ( 'NONE', *, *, #1088, .T. ) ;
#902 = FACE_BOUND ( 'NONE', #995, .T. ) ;
#903 = ADVANCED_FACE ( 'NONE', ( #972 ), #334, .F. ) ;
#904 = AXIS2_PLACEMENT_3D ( 'NONE', #810, #803, #1273 ) ;
#905 = ORIENTED_EDGE ( 'NONE', *, *, #1235, .T. ) ;
#906 = DIRECTION ( 'NONE',  ( 1.000000000000000000, 0.000000000000000000, 0.000000000000000000 ) ) ;
#907 = MECHANICAL_DESIGN_GEOMETRIC_PRESENTATION_REPRESENTATION (  '', ( #1171 ), #1100 ) ;
#908 = CARTESIAN_POINT ( 'NONE',  ( 4.999999999999999112, -10.00000000000000000, 5.000000000000000000 ) ) ;
#909 = VECTOR ( 'NONE', #530, 1000.000000000000000 ) ;
#910 = EDGE_CURVE ( 'NONE', #455, #636, #274, .T. ) ;
#911 = CARTESIAN_POINT ( 'NONE',  ( 2.000000000000006217, -60.00000000000000711, 4.000000000000013323 ) ) ;
#912 = ORIENTED_EDGE ( 'NONE', *, *, #701, .T. ) ;
#913 = CARTESIAN_POINT ( 'NONE',  ( 90.00000000000002842, -2.999999999999987121, 5.000000000000000000 ) ) ;
#914 = PRODUCT ( 'Sensor_Halterung_LoRa_Deckel', 'Sensor_Halterung_LoRa_Deckel', '', ( #452 ) ) ;
#915 = ORIENTED_EDGE ( 'NONE', *, *, #976, .T. ) ;
#916 = DIRECTION ( 'NONE',  ( -1.000000000000000000, -1.387778780781445676E-16, -0.000000000000000000 ) ) ;
#917 = LINE ( 'NONE', #144, #295 ) ;
#918 = DIRECTION ( 'NONE',  ( 0.000000000000000000, 0.000000000000000000, -1.000000000000000000 ) ) ;
#919 = EDGE_CURVE ( 'NONE', #1, #406, #209, .T. ) ;
#920 = EDGE_LOOP ( 'NONE', ( #1015, #1425, #971, #190 ) ) ;
#921 = FACE_OUTER_BOUND ( 'NONE', #1202, .T. ) ;
#922 = EDGE_LOOP ( 'NONE', ( #801, #678, #719, #1388 ) ) ;
#923 = CARTESIAN_POINT ( 'NONE',  ( 6.000000000000000000, -32.00000000000001421, 1.000000000000000000 ) ) ;
#924 = CARTESIAN_POINT ( 'NONE',  ( 5.999999999999998224, -58.00000000000000711, 1.000000000000000000 ) ) ;
#925 = ADVANCED_FACE ( 'NONE', ( #318 ), #637, .F. ) ;
#926 = PRODUCT_RELATED_PRODUCT_CATEGORY ( 'part', '', ( #914 ) ) ;
#927 = CARTESIAN_POINT ( 'NONE',  ( 10.00000000000000000, -5.000000000000000000, 5.000000000000000000 ) ) ;
#928 = ORIENTED_EDGE ( 'NONE', *, *, #251, .F. ) ;
#929 = LINE ( 'NONE', #366, #154 ) ;
#930 = VECTOR ( 'NONE', #6, 1000.000000000000000 ) ;
#931 = DIRECTION ( 'NONE',  ( -0.000000000000000000, -0.000000000000000000, -1.000000000000000000 ) ) ;
#932 = VECTOR ( 'NONE', #298, 999.9999999999998863 ) ;
#933 = ADVANCED_FACE ( 'NONE', ( #424 ), #1214, .F. ) ;
#934 = AXIS2_PLACEMENT_3D ( 'NONE', #253, #364, #279 ) ;
#935 = CARTESIAN_POINT ( 'NONE',  ( 90.00000000000002842, -5.000000000000000000, 5.000000000000000000 ) ) ;
#936 = EDGE_LOOP ( 'NONE', ( #192, #865, #738, #1382 ) ) ;
#937 = DIRECTION ( 'NONE',  ( 1.301042606982605321E-16, -1.000000000000000000, 0.000000000000000000 ) ) ;
#938 = ADVANCED_FACE ( 'NONE', ( #1342 ), #1085, .F. ) ;
#939 = CARTESIAN_POINT ( 'NONE',  ( 0.000000000000000000, 0.000000000000000000, 0.01000000000000000021 ) ) ;
#940 = DIRECTION ( 'NONE',  ( -0.000000000000000000, 0.000000000000000000, -1.000000000000000000 ) ) ;
#941 = ORIENTED_EDGE ( 'NONE', *, *, #1184, .F. ) ;
#942 = CARTESIAN_POINT ( 'NONE',  ( 0.000000000000000000, 0.000000000000000000, 2.000000000000000000 ) ) ;
#943 = ORIENTED_EDGE ( 'NONE', *, *, #128, .F. ) ;
#944 = LINE ( 'NONE', #381, #442 ) ;
#945 = CARTESIAN_POINT ( 'NONE',  ( 10.00000000000000000, -66.99999999999997158, 5.000000000000000000 ) ) ;
#946 = DIRECTION ( 'NONE',  ( 1.000000000000000000, 0.000000000000000000, 0.000000000000000000 ) ) ;
#947 = ADVANCED_FACE ( 'NONE', ( #1103 ), #216, .F. ) ;
#948 = EDGE_LOOP ( 'NONE', ( #989, #889, #1406, #448 ) ) ;
#949 = LINE ( 'NONE', #959, #324 ) ;
#950 = EDGE_LOOP ( 'NONE', ( #142, #1057, #898, #525 ) ) ;
#951 = CARTESIAN_POINT ( 'NONE',  ( 56.00000000000000000, -32.00000000000000711, 0.000000000000000000 ) ) ;
#952 = ORIENTED_EDGE ( 'NONE', *, *, #105, .T. ) ;
#953 = VECTOR ( 'NONE', #1164, 1000.000000000000000 ) ;
#954 = EDGE_CURVE ( 'NONE', #753, #667, #230, .T. ) ;
#955 = VECTOR ( 'NONE', #1210, 1000.000000000000000 ) ;
#956 = DIRECTION ( 'NONE',  ( -1.224646799147353454E-16, 1.000000000000000000, 0.000000000000000000 ) ) ;
#957 = AXIS2_PLACEMENT_3D ( 'NONE', #74, #526, #653 ) ;
#958 = ORIENTED_EDGE ( 'NONE', *, *, #969, .F. ) ;
#959 = CARTESIAN_POINT ( 'NONE',  ( 10.00000000000000000, -2.000000000000000000, 5.000000000000000000 ) ) ;
#960 = EDGE_CURVE ( 'NONE', #775, #1320, #874, .T. ) ;
#961 = DIRECTION ( 'NONE',  ( 1.000000000000000000, 0.000000000000000000, 0.000000000000000000 ) ) ;
#962 = FACE_OUTER_BOUND ( 'NONE', #1207, .T. ) ;
#963 = EDGE_CURVE ( 'NONE', #297, #275, #549, .T. ) ;
#964 = DIRECTION ( 'NONE',  ( -1.000000000000000000, 0.000000000000000000, 0.000000000000000000 ) ) ;
#965 = ORIENTED_EDGE ( 'NONE', *, *, #445, .F. ) ;
#966 = DIRECTION ( 'NONE',  ( -1.000000000000000000, 0.000000000000000000, 0.000000000000000000 ) ) ;
#967 = LINE ( 'NONE', #499, #932 ) ;
#968 = ORIENTED_EDGE ( 'NONE', *, *, #877, .T. ) ;
#969 = EDGE_CURVE ( 'NONE', #619, #224, #1093, .T. ) ;
#970 = CARTESIAN_POINT ( 'NONE',  ( 98.00000000000001421, -60.00000000000000711, 2.000000000000000000 ) ) ;
#971 = ORIENTED_EDGE ( 'NONE', *, *, #355, .T. ) ;
#972 = FACE_OUTER_BOUND ( 'NONE', #231, .T. ) ;
#973 = ORIENTED_EDGE ( 'NONE', *, *, #1339, .F. ) ;
#974 = FACE_OUTER_BOUND ( 'NONE', #1084, .T. ) ;
#975 = FACE_OUTER_BOUND ( 'NONE', #1259, .T. ) ;
#976 = EDGE_CURVE ( 'NONE', #636, #455, #1248, .T. ) ;
#977 = EDGE_CURVE ( 'NONE', #662, #215, #328, .T. ) ;
#978 = CARTESIAN_POINT ( 'NONE',  ( 5.000000000000006217, -60.00000000000000711, 5.000000000000000000 ) ) ;
#979 = VECTOR ( 'NONE', #787, 1000.000000000000000 ) ;
#980 = ORIENTED_EDGE ( 'NONE', *, *, #1455, .T. ) ;
#981 = VECTOR ( 'NONE', #650, 1000.000000000000000 ) ;
#982 = LINE ( 'NONE', #1439, #255 ) ;
#983 = CIRCLE ( 'NONE', #349, 1.500000000000001332 ) ;
#984 = ORIENTED_EDGE ( 'NONE', *, *, #431, .F. ) ;
#985 = DIRECTION ( 'NONE',  ( 0.000000000000000000, 1.000000000000000000, 0.000000000000000000 ) ) ;
#986 = ADVANCED_FACE ( 'NONE', ( #747 ), #1208, .F. ) ;
#987 = DIRECTION ( 'NONE',  ( 1.000000000000000000, 0.000000000000000000, -0.000000000000000000 ) ) ;
#988 = CARTESIAN_POINT ( 'NONE',  ( 95.00000000000001421, -10.00000000000000000, 5.000000000000000000 ) ) ;
#989 = ORIENTED_EDGE ( 'NONE', *, *, #559, .F. ) ;
#990 = CARTESIAN_POINT ( 'NONE',  ( 5.000000000000006217, -60.00000000000000711, 2.000000000000000000 ) ) ;
#991 = VERTEX_POINT ( 'NONE', #532 ) ;
#992 = FACE_OUTER_BOUND ( 'NONE', #1358, .T. ) ;
#993 = CARTESIAN_POINT ( 'NONE',  ( 6.000000000000000000, -32.00000000000001421, 0.01000000000000000021 ) ) ;
#994 = CARTESIAN_POINT ( 'NONE',  ( 10.00000000000000000, -68.00000000000000000, 2.000000000000000000 ) ) ;
#995 = EDGE_LOOP ( 'NONE', ( #222, #119 ) ) ;
#996 = DIRECTION ( 'NONE',  ( -0.000000000000000000, -0.000000000000000000, 1.000000000000000000 ) ) ;
#997 = EDGE_CURVE ( 'NONE', #146, #1040, #982, .T. ) ;
#998 = PRODUCT_DEFINITION_SHAPE ( 'NONE', 'NONE',  #1409 ) ;
#999 = ORIENTED_EDGE ( 'NONE', *, *, #969, .T. ) ;
#1000 = CARTESIAN_POINT ( 'NONE',  ( 56.00000000000000000, -58.00000000000000711, 0.000000000000000000 ) ) ;
#1001 = CARTESIAN_POINT ( 'NONE',  ( 100.0000000000000000, 0.000000000000000000, 2.000000000000000000 ) ) ;
#1002 = LINE ( 'NONE', #570, #718 ) ;
#1003 = VERTEX_POINT ( 'NONE', #990 ) ;
#1004 = DIRECTION ( 'NONE',  ( 1.000000000000000000, 0.000000000000000000, 0.000000000000000000 ) ) ;
#1005 = AXIS2_PLACEMENT_3D ( 'NONE', #1033, #1371, #360 ) ;
#1006 = CIRCLE ( 'NONE', #1434, 1.499999999999999556 ) ;
#1007 = AXIS2_PLACEMENT_3D ( 'NONE', #881, #312, #186 ) ;
#1008 = EDGE_LOOP ( 'NONE', ( #459, #1451 ) ) ;
#1009 = CARTESIAN_POINT ( 'NONE',  ( 0.000000000000000000, -66.99999999999997158, 5.000000000000000000 ) ) ;
#1010 = LINE ( 'NONE', #115, #1168 ) ;
#1011 = APPLICATION_PROTOCOL_DEFINITION ( 'draft international standard', 'automotive_design', 1998, #782 ) ;
#1012 = EDGE_CURVE ( 'NONE', #690, #632, #430, .T. ) ;
#1013 = ORIENTED_EDGE ( 'NONE', *, *, #1139, .F. ) ;
#1014 = DIRECTION ( 'NONE',  ( 1.000000000000000000, 0.000000000000000000, 0.000000000000000000 ) ) ;
#1015 = ORIENTED_EDGE ( 'NONE', *, *, #729, .F. ) ;
#1016 = DIRECTION ( 'NONE',  ( -6.672013369141567928E-17, -1.000000000000000000, 0.000000000000000000 ) ) ;
#1017 = DIRECTION ( 'NONE',  ( 1.000000000000000000, 0.000000000000000000, 0.000000000000000000 ) ) ;
#1018 = EDGE_CURVE ( 'NONE', #1464, #1423, #689, .T. ) ;
#1019 = DIRECTION ( 'NONE',  ( 0.7071067811865473507, 0.000000000000000000, 0.7071067811865477948 ) ) ;
#1020 = ORIENTED_EDGE ( 'NONE', *, *, #779, .F. ) ;
#1021 = DIRECTION ( 'NONE',  ( 0.000000000000000000, -1.000000000000000000, 0.000000000000000000 ) ) ;
#1022 = ORIENTED_EDGE ( 'NONE', *, *, #1449, .T. ) ;
#1023 = CARTESIAN_POINT ( 'NONE',  ( 5.999999999999998224, -58.00000000000000711, 1.000000000000000000 ) ) ;
#1024 = DIRECTION ( 'NONE',  ( 0.000000000000000000, 0.000000000000000000, -1.000000000000000000 ) ) ;
#1025 = DIRECTION ( 'NONE',  ( -1.000000000000000000, -0.000000000000000000, -0.000000000000000000 ) ) ;
#1026 = ORIENTED_EDGE ( 'NONE', *, *, #1060, .F. ) ;
#1027 = FACE_BOUND ( 'NONE', #1286, .T. ) ;
#1028 = AXIS2_PLACEMENT_3D ( 'NONE', #529, #388, #568 ) ;
#1029 = VERTEX_POINT ( 'NONE', #776 ) ;
#1030 = CARTESIAN_POINT ( 'NONE',  ( 56.00000000000000000, -32.00000000000000711, 1.000000000000000000 ) ) ;
#1031 = VECTOR ( 'NONE', #449, 1000.000000000000000 ) ;
#1032 = EDGE_CURVE ( 'NONE', #49, #1320, #223, .T. ) ;
#1033 = CARTESIAN_POINT ( 'NONE',  ( 56.00000000000000000, -32.00000000000000711, 1.000000000000000000 ) ) ;
#1034 = VECTOR ( 'NONE', #1405, 1000.000000000000000 ) ;
#1035 = VECTOR ( 'NONE', #1019, 999.9999999999998863 ) ;
#1036 = VERTEX_POINT ( 'NONE', #1385 ) ;
#1037 = DIRECTION ( 'NONE',  ( -0.000000000000000000, -0.000000000000000000, 1.000000000000000000 ) ) ;
#1038 = VECTOR ( 'NONE', #627, 1000.000000000000000 ) ;
#1039 = ADVANCED_FACE ( 'NONE', ( #1027, #698, #806, #125, #30, #482 ), #1374, .F. ) ;
#1040 = VERTEX_POINT ( 'NONE', #239 ) ;
#1041 = DIRECTION ( 'NONE',  ( 0.000000000000000000, 0.000000000000000000, 1.000000000000000000 ) ) ;
#1042 = LINE ( 'NONE', #924, #833 ) ;
#1043 = DIRECTION ( 'NONE',  ( 0.000000000000000000, 0.000000000000000000, 1.000000000000000000 ) ) ;
#1044 = EDGE_LOOP ( 'NONE', ( #240, #915 ) ) ;
#1045 = FACE_OUTER_BOUND ( 'NONE', #1238, .T. ) ;
#1046 = EDGE_CURVE ( 'NONE', #386, #714, #1132, .T. ) ;
#1047 = CARTESIAN_POINT ( 'NONE',  ( 10.00000000000000000, -68.00000000000000000, 2.000000000000000000 ) ) ;
#1048 = DIRECTION ( 'NONE',  ( -0.000000000000000000, 1.000000000000000000, -0.000000000000000000 ) ) ;
#1049 = ORIENTED_EDGE ( 'NONE', *, *, #16, .T. ) ;
#1050 = CARTESIAN_POINT ( 'NONE',  ( 2.000000000000006217, -60.00000000000000711, 5.000000000000000000 ) ) ;
#1051 = DIRECTION ( 'NONE',  ( 0.000000000000000000, 0.000000000000000000, 1.000000000000000000 ) ) ;
#1052 = VECTOR ( 'NONE', #114, 1000.000000000000000 ) ;
#1053 = AXIS2_PLACEMENT_3D ( 'NONE', #1430, #1445, #1452 ) ;
#1054 = LINE ( 'NONE', #935, #1172 ) ;
#1055 = VERTEX_POINT ( 'NONE', #357 ) ;
#1056 = CARTESIAN_POINT ( 'NONE',  ( 96.00000000000001421, -4.000000000000003553, 0.000000000000000000 ) ) ;
#1057 = ORIENTED_EDGE ( 'NONE', *, *, #1377, .F. ) ;
#1058 = LINE ( 'NONE', #853, #1038 ) ;
#1059 = CARTESIAN_POINT ( 'NONE',  ( 95.00000000000001421, -10.00000000000000000, 2.000000000000000000 ) ) ;
#1060 = EDGE_CURVE ( 'NONE', #275, #1116, #765, .T. ) ;
#1061 = CYLINDRICAL_SURFACE ( 'NONE', #1125, 1.499999999999999556 ) ;
#1062 = VERTEX_POINT ( 'NONE', #1254 ) ;
#1063 = LINE ( 'NONE', #720, #646 ) ;
#1064 = FACE_OUTER_BOUND ( 'NONE', #153, .T. ) ;
#1065 = CARTESIAN_POINT ( 'NONE',  ( 10.00000000000000000, -68.00000000000000000, 5.000000000000000000 ) ) ;
#1066 = CARTESIAN_POINT ( 'NONE',  ( 10.00000000000000000, -5.000000000000000000, 5.000000000000000000 ) ) ;
#1067 = ADVANCED_FACE ( 'NONE', ( #140 ), #132, .F. ) ;
#1068 = VERTEX_POINT ( 'NONE', #927 ) ;
#1069 = DIRECTION ( 'NONE',  ( 0.000000000000000000, -0.000000000000000000, 1.000000000000000000 ) ) ;
#1070 = LINE ( 'NONE', #396, #479 ) ;
#1071 = EDGE_CURVE ( 'NONE', #432, #391, #684, .T. ) ;
#1072 = DIRECTION ( 'NONE',  ( 1.000000000000000000, 0.000000000000000000, 0.000000000000000000 ) ) ;
#1073 = VECTOR ( 'NONE', #434, 1000.000000000000000 ) ;
#1074 = VECTOR ( 'NONE', #352, 1000.000000000000000 ) ;
#1075 = DIRECTION ( 'NONE',  ( -0.000000000000000000, -0.000000000000000000, -1.000000000000000000 ) ) ;
#1076 = AXIS2_PLACEMENT_3D ( 'NONE', #264, #517, #269 ) ;
#1077 = ORIENTED_EDGE ( 'NONE', *, *, #141, .T. ) ;
#1078 = CARTESIAN_POINT ( 'NONE',  ( 4.000000000000000000, -66.00000000000000000, 0.000000000000000000 ) ) ;
#1079 = ADVANCED_FACE ( 'NONE', ( #340 ), #1260, .T. ) ;
#1080 = ORIENTED_EDGE ( 'NONE', *, *, #411, .F. ) ;
#1081 = FACE_OUTER_BOUND ( 'NONE', #571, .T. ) ;
#1082 = ORIENTED_EDGE ( 'NONE', *, *, #960, .F. ) ;
#1083 = LINE ( 'NONE', #994, #1198 ) ;
#1084 = EDGE_LOOP ( 'NONE', ( #3, #1348, #1126, #395 ) ) ;
#1085 = PLANE ( 'NONE',  #860 ) ;
#1086 = ORIENTED_EDGE ( 'NONE', *, *, #1278, .F. ) ;
#1087 = CARTESIAN_POINT ( 'NONE',  ( 95.00000000000001421, -60.00000000000000711, 5.000000000000000000 ) ) ;
#1088 = EDGE_CURVE ( 'NONE', #233, #749, #454, .T. ) ;
#1089 = LINE ( 'NONE', #1404, #1194 ) ;
#1090 = DIRECTION ( 'NONE',  ( 1.000000000000000000, 0.000000000000000000, 0.000000000000000000 ) ) ;
#1091 = ADVANCED_FACE ( 'NONE', ( #587 ), #460, .F. ) ;
#1092 = EDGE_LOOP ( 'NONE', ( #1077, #616, #1460, #883 ) ) ;
#1093 = LINE ( 'NONE', #556, #134 ) ;
#1094 = ORIENTED_EDGE ( 'NONE', *, *, #1205, .T. ) ;
#1095 = CYLINDRICAL_SURFACE ( 'NONE', #370, 1.500000000000001332 ) ;
#1096 = ADVANCED_FACE ( 'NONE', ( #592, #902, #25, #112, #1365, #15, #897, #350, #469, #921 ), #1381, .T. ) ;
#1097 = DIRECTION ( 'NONE',  ( 1.000000000000000000, 0.000000000000000000, 0.000000000000000000 ) ) ;
#1098 = AXIS2_PLACEMENT_3D ( 'NONE', #708, #129, #1051 ) ;
#1099 = LINE ( 'NONE', #547, #86 ) ;
#1100 =( GEOMETRIC_REPRESENTATION_CONTEXT ( 3 ) GLOBAL_UNCERTAINTY_ASSIGNED_CONTEXT ( ( #664 ) ) GLOBAL_UNIT_ASSIGNED_CONTEXT ( ( #1234, #1351, #864 ) ) REPRESENTATION_CONTEXT ( 'NONE', 'WORKASPACE' ) );
#1101 = VERTEX_POINT ( 'NONE', #602 ) ;
#1102 = VECTOR ( 'NONE', #245, 1000.000000000000000 ) ;
#1103 = FACE_OUTER_BOUND ( 'NONE', #333, .T. ) ;
#1104 = ORIENTED_EDGE ( 'NONE', *, *, #1362, .T. ) ;
#1105 = SURFACE_SIDE_STYLE ('',( #1465 ) ) ;
#1106 = CARTESIAN_POINT ( 'NONE',  ( 6.000000000000000000, -32.00000000000001421, 0.000000000000000000 ) ) ;
#1107 = CARTESIAN_POINT ( 'NONE',  ( 10.00000000000000000, -65.00000000000000000, 5.000000000000000000 ) ) ;
#1108 = EDGE_CURVE ( 'NONE', #374, #1182, #1054, .T. ) ;
#1109 = EDGE_LOOP ( 'NONE', ( #731, #1131, #557, #837 ) ) ;
#1110 = CARTESIAN_POINT ( 'NONE',  ( 90.00000000000002842, -68.00000000000000000, 5.000000000000000000 ) ) ;
#1111 = ORIENTED_EDGE ( 'NONE', *, *, #98, .F. ) ;
#1112 = CARTESIAN_POINT ( 'NONE',  ( 8.572527594031474570E-15, -70.00000000000000000, 0.000000000000000000 ) ) ;
#1113 = ADVANCED_FACE ( 'NONE', ( #399 ), #382, .F. ) ;
#1114 = CARTESIAN_POINT ( 'NONE',  ( 5.999999999999998224, -58.00000000000000711, 0.01000000000000000021 ) ) ;
#1115 = LINE ( 'NONE', #988, #512 ) ;
#1116 = VERTEX_POINT ( 'NONE', #1280 ) ;
#1117 = LINE ( 'NONE', #1349, #1458 ) ;
#1118 = EDGE_LOOP ( 'NONE', ( #705, #555, #1431, #174 ) ) ;
#1119 = CARTESIAN_POINT ( 'NONE',  ( 56.00000000000000000, -58.00000000000000711, 0.01000000000000000021 ) ) ;
#1120 = LINE ( 'NONE', #562, #1073 ) ;
#1121 = EDGE_CURVE ( 'NONE', #1068, #374, #65, .T. ) ;
#1122 = ORIENTED_EDGE ( 'NONE', *, *, #1225, .T. ) ;
#1123 = CARTESIAN_POINT ( 'NONE',  ( 96.00000000000001421, -4.000000000000003553, 0.000000000000000000 ) ) ;
#1124 = CIRCLE ( 'NONE', #583, 1.500000000000001332 ) ;
#1125 = AXIS2_PLACEMENT_3D ( 'NONE', #835, #389, #608 ) ;
#1126 = ORIENTED_EDGE ( 'NONE', *, *, #997, .T. ) ;
#1127 = DIRECTION ( 'NONE',  ( 0.000000000000000000, -0.000000000000000000, -1.000000000000000000 ) ) ;
#1128 = ADVANCED_FACE ( 'NONE', ( #1275 ), #1165, .F. ) ;
#1129 = CARTESIAN_POINT ( 'NONE',  ( 90.00000000000002842, -2.000000000000000000, 5.000000000000000000 ) ) ;
#1130 = APPLICATION_PROTOCOL_DEFINITION ( 'draft international standard', 'automotive_design', 1998, #433 ) ;
#1131 = ORIENTED_EDGE ( 'NONE', *, *, #641, .T. ) ;
#1132 = LINE ( 'NONE', #118, #182 ) ;
#1133 = ORIENTED_EDGE ( 'NONE', *, *, #976, .F. ) ;
#1134 = PLANE ( 'NONE',  #1195 ) ;
#1135 = PLANE ( 'NONE',  #1147 ) ;
#1136 = DIRECTION ( 'NONE',  ( -0.000000000000000000, -0.000000000000000000, 1.000000000000000000 ) ) ;
#1137 = EDGE_LOOP ( 'NONE', ( #1086, #117, #210, #131, #763 ) ) ;
#1138 = CARTESIAN_POINT ( 'NONE',  ( 90.00000000000002842, -68.00000000000000000, 2.000000000000000000 ) ) ;
#1139 = EDGE_CURVE ( 'NONE', #374, #391, #286, .T. ) ;
#1140 = ORIENTED_EDGE ( 'NONE', *, *, #1339, .T. ) ;
#1141 = CARTESIAN_POINT ( 'NONE',  ( 97.00000000000000000, 0.000000000000000000, 5.000000000000000000 ) ) ;
#1142 = CARTESIAN_POINT ( 'NONE',  ( 94.50000000000001421, -4.000000000000003553, 2.000000000000000000 ) ) ;
#1143 =( NAMED_UNIT ( * ) SI_UNIT ( $, .STERADIAN. ) SOLID_ANGLE_UNIT ( ) );
#1144 = EDGE_CURVE ( 'NONE', #1055, #626, #488, .T. ) ;
#1145 = ORIENTED_EDGE ( 'NONE', *, *, #623, .F. ) ;
#1146 = DIRECTION ( 'NONE',  ( 1.000000000000000000, 1.387778780781445676E-16, -0.000000000000000000 ) ) ;
#1147 = AXIS2_PLACEMENT_3D ( 'NONE', #121, #575, #1024 ) ;
#1148 = ORIENTED_EDGE ( 'NONE', *, *, #712, .F. ) ;
#1149 = DIRECTION ( 'NONE',  ( -0.000000000000000000, -0.000000000000000000, -1.000000000000000000 ) ) ;
#1150 = VECTOR ( 'NONE', #725, 1000.000000000000000 ) ;
#1151 = FACE_OUTER_BOUND ( 'NONE', #199, .T. ) ;
#1152 = VECTOR ( 'NONE', #259, 1000.000000000000000 ) ;
#1153 = AXIS2_PLACEMENT_3D ( 'NONE', #895, #458, #918 ) ;
#1154 = CARTESIAN_POINT ( 'NONE',  ( 100.0000000000000000, 0.000000000000000000, 0.000000000000000000 ) ) ;
#1155 = DIRECTION ( 'NONE',  ( 0.000000000000000000, -0.7071067811865474617, 0.7071067811865474617 ) ) ;
#1156 = EDGE_CURVE ( 'NONE', #1036, #384, #1181, .T. ) ;
#1157 = VERTEX_POINT ( 'NONE', #35 ) ;
#1158 = LINE ( 'NONE', #1383, #788 ) ;
#1159 = CARTESIAN_POINT ( 'NONE',  ( 94.50000000000001421, -66.00000000000000000, 0.000000000000000000 ) ) ;
#1160 = CARTESIAN_POINT ( 'NONE',  ( 98.00000000000001421, -10.00000000000000000, 3.999999999999999112 ) ) ;
#1161 = ORIENTED_EDGE ( 'NONE', *, *, #857, .T. ) ;
#1162 = DIRECTION ( 'NONE',  ( -0.000000000000000000, -0.000000000000000000, 1.000000000000000000 ) ) ;
#1163 = ORIENTED_EDGE ( 'NONE', *, *, #34, .T. ) ;
#1164 = DIRECTION ( 'NONE',  ( -0.000000000000000000, -0.000000000000000000, 1.000000000000000000 ) ) ;
#1165 = PLANE ( 'NONE',  #1292 ) ;
#1166 = ORIENTED_EDGE ( 'NONE', *, *, #1184, .T. ) ;
#1167 = DIRECTION ( 'NONE',  ( -1.000000000000000000, 0.000000000000000000, -0.000000000000000000 ) ) ;
#1168 = VECTOR ( 'NONE', #1328, 1000.000000000000000 ) ;
#1169 = CARTESIAN_POINT ( 'NONE',  ( 10.00000000000000000, -2.000000000000000000, 2.000000000000000000 ) ) ;
#1170 = EDGE_CURVE ( 'NONE', #1157, #550, #885, .T. ) ;
#1171 = STYLED_ITEM ( 'NONE', ( #648 ), #546 ) ;
#1172 = VECTOR ( 'NONE', #1075, 1000.000000000000000 ) ;
#1173 = ORIENTED_EDGE ( 'NONE', *, *, #1012, .F. ) ;
#1174 = DIRECTION ( 'NONE',  ( 1.000000000000000000, 1.301042606982605321E-16, -0.000000000000000000 ) ) ;
#1175 = ORIENTED_EDGE ( 'NONE', *, *, #289, .T. ) ;
#1176 = DIRECTION ( 'NONE',  ( -0.000000000000000000, -0.000000000000000000, -1.000000000000000000 ) ) ;
#1177 = VECTOR ( 'NONE', #179, 1000.000000000000000 ) ;
#1178 = VERTEX_POINT ( 'NONE', #50 ) ;
#1179 = LINE ( 'NONE', #158, #508 ) ;
#1180 = EDGE_LOOP ( 'NONE', ( #1104, #1399, #875, #598 ) ) ;
#1181 = LINE ( 'NONE', #1160, #1391 ) ;
#1182 = VERTEX_POINT ( 'NONE', #709 ) ;
#1183 = DIRECTION ( 'NONE',  ( 0.000000000000000000, 1.000000000000000000, 0.000000000000000000 ) ) ;
#1184 = EDGE_CURVE ( 'NONE', #777, #53, #501, .T. ) ;
#1185 = CARTESIAN_POINT ( 'NONE',  ( 1.999999999999999556, -10.00000000000000000, 2.000000000000000000 ) ) ;
#1186 = ORIENTED_EDGE ( 'NONE', *, *, #1355, .T. ) ;
#1187 = CARTESIAN_POINT ( 'NONE',  ( 100.0000000000000142, -70.00000000000000000, 2.000000000000000000 ) ) ;
#1188 = ADVANCED_FACE ( 'NONE', ( #1394 ), #495, .F. ) ;
#1189 = ORIENTED_EDGE ( 'NONE', *, *, #774, .F. ) ;
#1190 = CARTESIAN_POINT ( 'NONE',  ( 95.00000000000001421, -10.00000000000000000, 5.000000000000000000 ) ) ;
#1191 = ORIENTED_EDGE ( 'NONE', *, *, #1449, .F. ) ;
#1192 = LINE ( 'NONE', #713, #652 ) ;
#1193 = EDGE_LOOP ( 'NONE', ( #1148, #506 ) ) ;
#1194 = VECTOR ( 'NONE', #77, 1000.000000000000000 ) ;
#1195 = AXIS2_PLACEMENT_3D ( 'NONE', #819, #899, #1359 ) ;
#1196 = VECTOR ( 'NONE', #964, 1000.000000000000000 ) ;
#1197 = FACE_OUTER_BOUND ( 'NONE', #188, .T. ) ;
#1198 = VECTOR ( 'NONE', #102, 1000.000000000000000 ) ;
#1199 = ADVANCED_FACE ( 'NONE', ( #1398 ), #827, .F. ) ;
#1200 = ORIENTED_EDGE ( 'NONE', *, *, #887, .T. ) ;
#1201 = CARTESIAN_POINT ( 'NONE',  ( 94.50000000000001421, -66.00000000000000000, 0.000000000000000000 ) ) ;
#1202 = EDGE_LOOP ( 'NONE', ( #952, #520, #1276, #980 ) ) ;
#1203 = PLANE ( 'NONE',  #1291 ) ;
#1204 = ORIENTED_EDGE ( 'NONE', *, *, #1108, .T. ) ;
#1205 = EDGE_CURVE ( 'NONE', #550, #1157, #62, .T. ) ;
#1206 = CARTESIAN_POINT ( 'NONE',  ( 6.000000000000000000, -32.00000000000001421, 0.01000000000000000021 ) ) ;
#1207 = EDGE_LOOP ( 'NONE', ( #1020, #14, #1222, #103, #1302 ) ) ;
#1208 = PLANE ( 'NONE',  #347 ) ;
#1209 = EDGE_LOOP ( 'NONE', ( #89, #483, #1013, #1204, #772 ) ) ;
#1210 = DIRECTION ( 'NONE',  ( -1.301042606982605321E-16, 1.000000000000000000, 0.000000000000000000 ) ) ;
#1211 = DIRECTION ( 'NONE',  ( -0.000000000000000000, -0.000000000000000000, -1.000000000000000000 ) ) ;
#1212 = CARTESIAN_POINT ( 'NONE',  ( 6.000000000000000000, -32.00000000000001421, 1.000000000000000000 ) ) ;
#1213 = ORIENTED_EDGE ( 'NONE', *, *, #826, .T. ) ;
#1214 = CYLINDRICAL_SURFACE ( 'NONE', #563, 1.499999999999999556 ) ;
#1215 = ORIENTED_EDGE ( 'NONE', *, *, #623, .T. ) ;
#1216 = SURFACE_STYLE_USAGE ( .BOTH. , #1105 ) ;
#1217 = DIRECTION ( 'NONE',  ( 0.000000000000000000, -0.000000000000000000, -1.000000000000000000 ) ) ;
#1218 = EDGE_CURVE ( 'NONE', #1244, #233, #821, .T. ) ;
#1219 = AXIS2_PLACEMENT_3D ( 'NONE', #1466, #331, #1017 ) ;
#1220 = DIRECTION ( 'NONE',  ( -0.000000000000000000, -0.7071067811865474617, -0.7071067811865474617 ) ) ;
#1221 = AXIS2_PLACEMENT_3D ( 'NONE', #831, #276, #721 ) ;
#1222 = ORIENTED_EDGE ( 'NONE', *, *, #743, .T. ) ;
#1223 = VECTOR ( 'NONE', #856, 1000.000000000000000 ) ;
#1224 = CARTESIAN_POINT ( 'NONE',  ( 4.000000000000000000, -66.00000000000000000, 0.000000000000000000 ) ) ;
#1225 = EDGE_CURVE ( 'NONE', #839, #1182, #161, .T. ) ;
#1226 = ORIENTED_EDGE ( 'NONE', *, *, #1139, .T. ) ;
#1227 = PLANE ( 'NONE',  #109 ) ;
#1228 = CARTESIAN_POINT ( 'NONE',  ( 10.00000000000000000, -2.000000000000000000, 2.000000000000000000 ) ) ;
#1229 = ADVANCED_FACE ( 'NONE', ( #1301 ), #1061, .F. ) ;
#1230 = CARTESIAN_POINT ( 'NONE',  ( 97.50000000000001421, -66.00000000000000000, 0.000000000000000000 ) ) ;
#1231 = ORIENTED_EDGE ( 'NONE', *, *, #1156, .T. ) ;
#1232 = DIRECTION ( 'NONE',  ( -1.000000000000000000, 0.000000000000000000, 0.000000000000000000 ) ) ;
#1233 = VERTEX_POINT ( 'NONE', #1295 ) ;
#1234 =( LENGTH_UNIT ( ) NAMED_UNIT ( * ) SI_UNIT ( .MILLI., .METRE. ) );
#1235 = EDGE_CURVE ( 'NONE', #1062, #1464, #145, .T. ) ;
#1236 = DIRECTION ( 'NONE',  ( -0.000000000000000000, 0.000000000000000000, -1.000000000000000000 ) ) ;
#1237 = PLANE ( 'NONE',  #1153 ) ;
#1238 = EDGE_LOOP ( 'NONE', ( #863, #329, #770, #1324 ) ) ;
#1239 = CARTESIAN_POINT ( 'NONE',  ( 4.999999999999999112, -10.00000000000000000, 5.000000000000000000 ) ) ;
#1240 = EDGE_CURVE ( 'NONE', #73, #662, #642, .T. ) ;
#1241 = ORIENTED_EDGE ( 'NONE', *, *, #1032, .T. ) ;
#1242 = CARTESIAN_POINT ( 'NONE',  ( 98.00000000000001421, -60.00000000000000711, 5.000000000000000000 ) ) ;
#1243 = CARTESIAN_POINT ( 'NONE',  ( 5.999999999999998224, -58.00000000000000711, 1.000000000000000000 ) ) ;
#1244 = VERTEX_POINT ( 'NONE', #978 ) ;
#1245 = DIRECTION ( 'NONE',  ( -1.982541115402065110E-16, 1.000000000000000000, -0.000000000000000000 ) ) ;
#1246 = CIRCLE ( 'NONE', #1389, 1.500000000000001332 ) ;
#1247 = ADVANCED_FACE ( 'NONE', ( #540 ), #95, .F. ) ;
#1248 = CIRCLE ( 'NONE', #205, 1.499999999999999556 ) ;
#1249 = ORIENTED_EDGE ( 'NONE', *, *, #98, .T. ) ;
#1250 = CARTESIAN_POINT ( 'NONE',  ( 4.000000000000000000, -4.000000000000000000, 2.000000000000000000 ) ) ;
#1251 = LINE ( 'NONE', #236, #761 ) ;
#1252 = EDGE_CURVE ( 'NONE', #991, #799, #435, .T. ) ;
#1253 = ORIENTED_EDGE ( 'NONE', *, *, #412, .F. ) ;
#1254 = CARTESIAN_POINT ( 'NONE',  ( 100.0000000000000142, -70.00000000000000000, 2.000000000000000000 ) ) ;
#1255 = ORIENTED_EDGE ( 'NONE', *, *, #219, .F. ) ;
#1256 = CARTESIAN_POINT ( 'NONE',  ( 5.500000000000000000, -66.00000000000000000, 0.000000000000000000 ) ) ;
#1257 = CARTESIAN_POINT ( 'NONE',  ( 56.00000000000000000, -32.00000000000000711, 2.000000000000000000 ) ) ;
#1258 = CARTESIAN_POINT ( 'NONE',  ( 5.500000000000000000, -4.000000000000000000, 2.000000000000000000 ) ) ;
#1259 = EDGE_LOOP ( 'NONE', ( #968, #8, #439, #185 ) ) ;
#1260 = PLANE ( 'NONE',  #675 ) ;
#1261 = ORIENTED_EDGE ( 'NONE', *, *, #963, .F. ) ;
#1262 = PLANE ( 'NONE',  #38 ) ;
#1263 = CARTESIAN_POINT ( 'NONE',  ( 96.00000000000001421, -66.00000000000000000, 0.000000000000000000 ) ) ;
#1264 = EDGE_CURVE ( 'NONE', #531, #408, #1443, .T. ) ;
#1265 = CARTESIAN_POINT ( 'NONE',  ( 8.572527594031474570E-15, -70.00000000000000000, 2.000000000000000000 ) ) ;
#1266 = ORIENTED_EDGE ( 'NONE', *, *, #669, .T. ) ;
#1267 = CARTESIAN_POINT ( 'NONE',  ( 0.000000000000000000, 0.000000000000000000, 0.000000000000000000 ) ) ;
#1268 = VECTOR ( 'NONE', #1211, 1000.000000000000000 ) ;
#1269 = ORIENTED_EDGE ( 'NONE', *, *, #1467, .T. ) ;
#1270 = CARTESIAN_POINT ( 'NONE',  ( 6.000000000000000000, -32.00000000000001421, 2.000000000000000000 ) ) ;
#1271 = VECTOR ( 'NONE', #1410, 1000.000000000000000 ) ;
#1272 = AXIS2_PLACEMENT_3D ( 'NONE', #1009, #92, #1321 ) ;
#1273 = DIRECTION ( 'NONE',  ( 1.000000000000000000, 0.000000000000000000, 0.000000000000000000 ) ) ;
#1274 = VECTOR ( 'NONE', #447, 1000.000000000000000 ) ;
#1275 = FACE_OUTER_BOUND ( 'NONE', #950, .T. ) ;
#1276 = ORIENTED_EDGE ( 'NONE', *, *, #1437, .T. ) ;
#1277 = FACE_OUTER_BOUND ( 'NONE', #948, .T. ) ;
#1278 = EDGE_CURVE ( 'NONE', #502, #991, #72, .T. ) ;
#1279 = CARTESIAN_POINT ( 'NONE',  ( 1.999999999999999556, -10.00000000000000000, 2.000000000000000000 ) ) ;
#1280 = CARTESIAN_POINT ( 'NONE',  ( 97.50000000000001421, -66.00000000000000000, 2.000000000000000000 ) ) ;
#1281 = ADVANCED_FACE ( 'NONE', ( #207 ), #635, .F. ) ;
#1282 = ORIENTED_EDGE ( 'NONE', *, *, #1422, .F. ) ;
#1283 = CARTESIAN_POINT ( 'NONE',  ( 6.000000000000000000, -32.00000000000001421, 1.000000000000000000 ) ) ;
#1284 = LINE ( 'NONE', #290, #1290 ) ;
#1285 = CARTESIAN_POINT ( 'NONE',  ( 0.000000000000000000, 0.000000000000000000, 5.000000000000000000 ) ) ;
#1286 = EDGE_LOOP ( 'NONE', ( #319, #91, #47, #818 ) ) ;
#1287 = CARTESIAN_POINT ( 'NONE',  ( 56.00000000000000000, -32.00000000000000711, 0.01000000000000000021 ) ) ;
#1288 = VECTOR ( 'NONE', #41, 1000.000000000000000 ) ;
#1289 = DIRECTION ( 'NONE',  ( -0.000000000000000000, -0.000000000000000000, -1.000000000000000000 ) ) ;
#1290 = VECTOR ( 'NONE', #1426, 1000.000000000000000 ) ;
#1291 = AXIS2_PLACEMENT_3D ( 'NONE', #268, #528, #1397 ) ;
#1292 = AXIS2_PLACEMENT_3D ( 'NONE', #151, #167, #956 ) ;
#1293 = ORIENTED_EDGE ( 'NONE', *, *, #1108, .F. ) ;
#1294 = EDGE_CURVE ( 'NONE', #502, #1101, #1099, .T. ) ;
#1295 = CARTESIAN_POINT ( 'NONE',  ( 2.999999999999992895, -60.00000000000000711, 5.000000000000000000 ) ) ;
#1296 = ORIENTED_EDGE ( 'NONE', *, *, #661, .T. ) ;
#1297 = LINE ( 'NONE', #1190, #882 ) ;
#1298 = EDGE_LOOP ( 'NONE', ( #82, #724, #509, #265 ) ) ;
#1299 = FACE_OUTER_BOUND ( 'NONE', #498, .T. ) ;
#1300 = LINE ( 'NONE', #1228, #152 ) ;
#1301 = FACE_OUTER_BOUND ( 'NONE', #172, .T. ) ;
#1302 = ORIENTED_EDGE ( 'NONE', *, *, #857, .F. ) ;
#1303 = CARTESIAN_POINT ( 'NONE',  ( 10.00000000000000000, -2.000000000000000000, 4.000000000000013323 ) ) ;
#1304 = LINE ( 'NONE', #171, #1336 ) ;
#1305 = ORIENTED_EDGE ( 'NONE', *, *, #541, .F. ) ;
#1306 = EDGE_CURVE ( 'NONE', #662, #619, #872, .T. ) ;
#1307 = DIRECTION ( 'NONE',  ( -1.000000000000000000, -0.000000000000000000, -0.000000000000000000 ) ) ;
#1308 = ORIENTED_EDGE ( 'NONE', *, *, #1264, .T. ) ;
#1309 = CARTESIAN_POINT ( 'NONE',  ( 10.00000000000000000, -2.999999999999987121, 5.000000000000000000 ) ) ;
#1310 = ORIENTED_EDGE ( 'NONE', *, *, #1393, .T. ) ;
#1311 = CARTESIAN_POINT ( 'NONE',  ( 94.50000000000001421, -4.000000000000003553, 0.000000000000000000 ) ) ;
#1312 = EDGE_CURVE ( 'NONE', #1327, #215, #737, .T. ) ;
#1313 = VERTEX_POINT ( 'NONE', #970 ) ;
#1314 = VECTOR ( 'NONE', #916, 1000.000000000000000 ) ;
#1315 = AXIS2_PLACEMENT_3D ( 'NONE', #310, #292, #316 ) ;
#1316 = DIRECTION ( 'NONE',  ( 1.000000000000000000, 0.000000000000000000, 0.000000000000000000 ) ) ;
#1317 = AXIS2_PLACEMENT_3D ( 'NONE', #1347, #332, #221 ) ;
#1318 = ORIENTED_EDGE ( 'NONE', *, *, #852, .T. ) ;
#1319 = DIRECTION ( 'NONE',  ( 0.000000000000000000, -0.000000000000000000, 1.000000000000000000 ) ) ;
#1320 = VERTEX_POINT ( 'NONE', #326 ) ;
#1321 = DIRECTION ( 'NONE',  ( 1.000000000000000000, -0.000000000000000000, 0.000000000000000000 ) ) ;
#1322 = DIRECTION ( 'NONE',  ( -0.000000000000000000, -1.000000000000000000, -0.000000000000000000 ) ) ;
#1323 = DIRECTION ( 'NONE',  ( -6.672013369141567928E-17, -1.000000000000000000, 0.000000000000000000 ) ) ;
#1324 = ORIENTED_EDGE ( 'NONE', *, *, #1326, .T. ) ;
#1325 = DIRECTION ( 'NONE',  ( -0.000000000000000000, -0.000000000000000000, -1.000000000000000000 ) ) ;
#1326 = EDGE_CURVE ( 'NONE', #238, #468, #1115, .T. ) ;
#1327 = VERTEX_POINT ( 'NONE', #79 ) ;
#1328 = DIRECTION ( 'NONE',  ( 1.000000000000000000, 0.000000000000000000, 0.000000000000000000 ) ) ;
#1329 = PLANE ( 'NONE',  #585 ) ;
#1330 = ADVANCED_FACE ( 'NONE', ( #1197 ), #1329, .T. ) ;
#1331 = EDGE_LOOP ( 'NONE', ( #805, #44, #68, #680 ) ) ;
#1332 = CARTESIAN_POINT ( 'NONE',  ( 95.00000000000001421, -10.00000000000000000, 5.000000000000000000 ) ) ;
#1333 = EDGE_LOOP ( 'NONE', ( #1215, #1296 ) ) ;
#1334 = ADVANCED_BREP_SHAPE_REPRESENTATION ( 'Sensor_Halterung_LoRa_Deckel', ( #546, #515 ), #88 ) ;
#1335 = LINE ( 'NONE', #993, #785 ) ;
#1336 = VECTOR ( 'NONE', #505, 1000.000000000000000 ) ;
#1337 = DIRECTION ( 'NONE',  ( 1.000000000000000000, -0.000000000000000000, -0.000000000000000000 ) ) ;
#1338 = VECTOR ( 'NONE', #45, 1000.000000000000000 ) ;
#1339 = EDGE_CURVE ( 'NONE', #126, #859, #1083, .T. ) ;
#1340 = VERTEX_POINT ( 'NONE', #1230 ) ;
#1341 = AXIS2_PLACEMENT_3D ( 'NONE', #1110, #1232, #660 ) ;
#1342 = FACE_OUTER_BOUND ( 'NONE', #922, .T. ) ;
#1343 = ORIENTED_EDGE ( 'NONE', *, *, #601, .T. ) ;
#1344 = LINE ( 'NONE', #558, #1052 ) ;
#1345 = CARTESIAN_POINT ( 'NONE',  ( 90.00000000000002842, -2.000000000000000000, 5.000000000000000000 ) ) ;
#1346 = ADVANCED_FACE ( 'NONE', ( #758 ), #745, .F. ) ;
#1347 = CARTESIAN_POINT ( 'NONE',  ( 4.000000000000000000, -4.000000000000000000, 2.000000000000000000 ) ) ;
#1348 = ORIENTED_EDGE ( 'NONE', *, *, #804, .F. ) ;
#1349 = CARTESIAN_POINT ( 'NONE',  ( 0.000000000000000000, 0.000000000000000000, 2.000000000000000000 ) ) ;
#1350 = VERTEX_POINT ( 'NONE', #1421 ) ;
#1351 =( NAMED_UNIT ( * ) PLANE_ANGLE_UNIT ( ) SI_UNIT ( $, .RADIAN. ) );
#1352 = PRODUCT_DEFINITION_CONTEXT ( 'detailed design', #433, 'design' ) ;
#1353 = CARTESIAN_POINT ( 'NONE',  ( 97.50000000000001421, -4.000000000000003553, 0.000000000000000000 ) ) ;
#1354 = DIRECTION ( 'NONE',  ( 0.000000000000000000, 0.000000000000000000, 1.000000000000000000 ) ) ;
#1355 = EDGE_CURVE ( 'NONE', #215, #224, #405, .T. ) ;
#1356 = ORIENTED_EDGE ( 'NONE', *, *, #78, .T. ) ;
#1357 = DIRECTION ( 'NONE',  ( 0.000000000000000000, -0.000000000000000000, -1.000000000000000000 ) ) ;
#1358 = EDGE_LOOP ( 'NONE', ( #261, #244, #593, #271 ) ) ;
#1359 = DIRECTION ( 'NONE',  ( 0.000000000000000000, 1.000000000000000000, 0.000000000000000000 ) ) ;
#1360 = ADVANCED_FACE ( 'NONE', ( #1428 ), #302, .F. ) ;
#1361 = FACE_OUTER_BOUND ( 'NONE', #1209, .T. ) ;
#1362 = EDGE_CURVE ( 'NONE', #619, #527, #752, .T. ) ;
#1363 = DIRECTION ( 'NONE',  ( 0.000000000000000000, 0.000000000000000000, 1.000000000000000000 ) ) ;
#1364 = ORIENTED_EDGE ( 'NONE', *, *, #963, .T. ) ;
#1365 = FACE_BOUND ( 'NONE', #1193, .T. ) ;
#1366 = AXIS2_PLACEMENT_3D ( 'NONE', #1050, #1183, #1069 ) ;
#1367 = VECTOR ( 'NONE', #1048, 1000.000000000000000 ) ;
#1368 = VERTEX_POINT ( 'NONE', #116 ) ;
#1369 = CARTESIAN_POINT ( 'NONE',  ( 56.00000000000000000, -58.00000000000000711, 0.000000000000000000 ) ) ;
#1370 = VECTOR ( 'NONE', #798, 1000.000000000000000 ) ;
#1371 = DIRECTION ( 'NONE',  ( 1.000000000000000000, 0.000000000000000000, 0.000000000000000000 ) ) ;
#1372 = LINE ( 'NONE', #23, #862 ) ;
#1373 = EDGE_LOOP ( 'NONE', ( #688, #1343, #66, #1308 ) ) ;
#1374 = PLANE ( 'NONE',  #813 ) ;
#1375 = EDGE_LOOP ( 'NONE', ( #1189, #99, #1200, #647, #624 ) ) ;
#1376 = DIRECTION ( 'NONE',  ( -1.000000000000000000, 0.000000000000000000, 0.000000000000000000 ) ) ;
#1377 = EDGE_CURVE ( 'NONE', #1368, #589, #338, .T. ) ;
#1378 = LINE ( 'NONE', #249, #1288 ) ;
#1379 = CARTESIAN_POINT ( 'NONE',  ( 2.999999999999985789, -10.00000000000000000, 4.999999999999999112 ) ) ;
#1380 = ORIENTED_EDGE ( 'NONE', *, *, #1121, .F. ) ;
#1381 = PLANE ( 'NONE',  #934 ) ;
#1382 = ORIENTED_EDGE ( 'NONE', *, *, #815, .T. ) ;
#1383 = CARTESIAN_POINT ( 'NONE',  ( 2.500000000000000444, -4.000000000000000000, 0.000000000000000000 ) ) ;
#1384 = DIRECTION ( 'NONE',  ( -1.387778780781445676E-16, 1.000000000000000000, -0.000000000000000000 ) ) ;
#1385 = CARTESIAN_POINT ( 'NONE',  ( 98.00000000000001421, -10.00000000000000000, 3.999999999999999112 ) ) ;
#1386 = VECTOR ( 'NONE', #226, 1000.000000000000000 ) ;
#1387 = ADVANCED_FACE ( 'NONE', ( #250 ), #1237, .F. ) ;
#1388 = ORIENTED_EDGE ( 'NONE', *, *, #251, .T. ) ;
#1389 = AXIS2_PLACEMENT_3D ( 'NONE', #726, #825, #961 ) ;
#1390 = CARTESIAN_POINT ( 'NONE',  ( 96.00000000000001421, -66.00000000000000000, 0.000000000000000000 ) ) ;
#1391 = VECTOR ( 'NONE', #843, 1000.000000000000000 ) ;
#1392 = LINE ( 'NONE', #377, #953 ) ;
#1393 = EDGE_CURVE ( 'NONE', #632, #126, #1372, .T. ) ;
#1394 = FACE_OUTER_BOUND ( 'NONE', #1375, .T. ) ;
#1395 = EDGE_LOOP ( 'NONE', ( #941, #363, #671, #755 ) ) ;
#1396 = LINE ( 'NONE', #824, #272 ) ;
#1397 = DIRECTION ( 'NONE',  ( -1.301042606982605321E-16, 1.000000000000000000, 0.000000000000000000 ) ) ;
#1398 = FACE_OUTER_BOUND ( 'NONE', #317, .T. ) ;
#1399 = ORIENTED_EDGE ( 'NONE', *, *, #336, .T. ) ;
#1400 = DIRECTION ( 'NONE',  ( 0.000000000000000000, -1.000000000000000000, 0.000000000000000000 ) ) ;
#1401 = VERTEX_POINT ( 'NONE', #1258 ) ;
#1402 = DIRECTION ( 'NONE',  ( -0.000000000000000000, -0.000000000000000000, -1.000000000000000000 ) ) ;
#1403 = EDGE_CURVE ( 'NONE', #73, #1327, #473, .T. ) ;
#1404 = CARTESIAN_POINT ( 'NONE',  ( 98.00000000000001421, -60.00000000000000711, 5.000000000000000000 ) ) ;
#1405 = DIRECTION ( 'NONE',  ( -1.387778780781445676E-16, 1.000000000000000000, -0.000000000000000000 ) ) ;
#1406 = ORIENTED_EDGE ( 'NONE', *, *, #376, .F. ) ;
#1407 = PLANE ( 'NONE',  #1366 ) ;
#1408 = VECTOR ( 'NONE', #1384, 1000.000000000000000 ) ;
#1409 = PRODUCT_DEFINITION ( 'UNKNOWN', '', #766, #1352 ) ;
#1410 = DIRECTION ( 'NONE',  ( -0.000000000000000000, -0.000000000000000000, -1.000000000000000000 ) ) ;
#1411 = VECTOR ( 'NONE', #1162, 1000.000000000000000 ) ;
#1412 = VECTOR ( 'NONE', #771, 1000.000000000000000 ) ;
#1413 = ORIENTED_EDGE ( 'NONE', *, *, #1278, .T. ) ;
#1414 = AXIS2_PLACEMENT_3D ( 'NONE', #1206, #866, #1323 ) ;
#1415 = CARTESIAN_POINT ( 'NONE',  ( 90.00000000000002842, -2.000000000000000000, 5.000000000000000000 ) ) ;
#1416 = VERTEX_POINT ( 'NONE', #696 ) ;
#1417 = LINE ( 'NONE', #617, #510 ) ;
#1418 = CARTESIAN_POINT ( 'NONE',  ( 90.00000000000002842, -5.000000000000000000, 5.000000000000000000 ) ) ;
#1419 = EDGE_CURVE ( 'NONE', #1401, #1178, #816, .T. ) ;
#1420 = PLANE ( 'NONE',  #1028 ) ;
#1421 = CARTESIAN_POINT ( 'NONE',  ( 5.999999999999998224, -58.00000000000000711, 0.000000000000000000 ) ) ;
#1422 = EDGE_CURVE ( 'NONE', #1116, #275, #983, .T. ) ;
#1423 = VERTEX_POINT ( 'NONE', #1154 ) ;
#1424 = FACE_OUTER_BOUND ( 'NONE', #1180, .T. ) ;
#1425 = ORIENTED_EDGE ( 'NONE', *, *, #910, .F. ) ;
#1426 = DIRECTION ( 'NONE',  ( -0.000000000000000000, 1.000000000000000000, -0.000000000000000000 ) ) ;
#1427 = CARTESIAN_POINT ( 'NONE',  ( 0.000000000000000000, 0.000000000000000000, 5.000000000000000000 ) ) ;
#1428 = FACE_OUTER_BOUND ( 'NONE', #335, .T. ) ;
#1429 = VERTEX_POINT ( 'NONE', #911 ) ;
#1430 = CARTESIAN_POINT ( 'NONE',  ( 4.000000000000000000, -4.000000000000000000, 0.000000000000000000 ) ) ;
#1431 = ORIENTED_EDGE ( 'NONE', *, *, #1018, .F. ) ;
#1432 = PLANE ( 'NONE',  #1272 ) ;
#1433 = ORIENTED_EDGE ( 'NONE', *, *, #404, .T. ) ;
#1434 = AXIS2_PLACEMENT_3D ( 'NONE', #1250, #471, #375 ) ;
#1435 = VECTOR ( 'NONE', #629, 1000.000000000000000 ) ;
#1436 = DIRECTION ( 'NONE',  ( -1.000000000000000000, -1.387778780781445429E-16, 0.000000000000000000 ) ) ;
#1437 = EDGE_CURVE ( 'NONE', #1062, #1416, #584, .T. ) ;
#1438 = ORIENTED_EDGE ( 'NONE', *, *, #796, .T. ) ;
#1439 = CARTESIAN_POINT ( 'NONE',  ( 97.50000000000001421, -4.000000000000003553, 0.000000000000000000 ) ) ;
#1440 = ORIENTED_EDGE ( 'NONE', *, *, #341, .T. ) ;
#1441 = DIRECTION ( 'NONE',  ( 0.000000000000000000, -0.000000000000000000, 1.000000000000000000 ) ) ;
#1442 = CARTESIAN_POINT ( 'NONE',  ( 95.00000000000001421, -60.00000000000000711, 2.000000000000000000 ) ) ;
#1443 = LINE ( 'NONE', #413, #981 ) ;
#1444 = ORIENTED_EDGE ( 'NONE', *, *, #1393, .F. ) ;
#1445 = DIRECTION ( 'NONE',  ( 0.000000000000000000, 0.000000000000000000, 1.000000000000000000 ) ) ;
#1446 = ORIENTED_EDGE ( 'NONE', *, *, #1170, .F. ) ;
#1447 = LINE ( 'NONE', #1242, #133 ) ;
#1448 = FACE_OUTER_BOUND ( 'NONE', #1298, .T. ) ;
#1449 = EDGE_CURVE ( 'NONE', #1, #848, #243, .T. ) ;
#1450 = CARTESIAN_POINT ( 'NONE',  ( 0.000000000000000000, -2.999999999999987121, 5.000000000000000000 ) ) ;
#1451 = ORIENTED_EDGE ( 'NONE', *, *, #451, .T. ) ;
#1452 = DIRECTION ( 'NONE',  ( 1.000000000000000000, 0.000000000000000000, 0.000000000000000000 ) ) ;
#1453 = EDGE_LOOP ( 'NONE', ( #252, #710, #1094, #135 ) ) ;
#1454 = CARTESIAN_POINT ( 'NONE',  ( 97.00000000000000000, -60.00000000000000711, 5.000000000000000000 ) ) ;
#1455 = EDGE_CURVE ( 'NONE', #1416, #830, #676, .T. ) ;
#1456 = CARTESIAN_POINT ( 'NONE',  ( 10.00000000000000000, -65.00000000000000000, 2.000000000000000000 ) ) ;
#1457 = VECTOR ( 'NONE', #516, 1000.000000000000000 ) ;
#1458 = VECTOR ( 'NONE', #1325, 1000.000000000000000 ) ;
#1459 = VECTOR ( 'NONE', #599, 1000.000000000000000 ) ;
#1460 = ORIENTED_EDGE ( 'NONE', *, *, #128, .T. ) ;
#1461 = AXIS2_PLACEMENT_3D ( 'NONE', #723, #1174, #703 ) ;
#1462 = DIRECTION ( 'NONE',  ( 1.000000000000000000, 0.000000000000000000, -0.000000000000000000 ) ) ;
#1463 = AXIS2_PLACEMENT_3D ( 'NONE', #879, #554, #1090 ) ;
#1464 = VERTEX_POINT ( 'NONE', #362 ) ;
#1465 = SURFACE_STYLE_FILL_AREA ( #893 ) ;
#1466 = CARTESIAN_POINT ( 'NONE',  ( 96.00000000000001421, -4.000000000000003553, 2.000000000000000000 ) ) ;
#1467 = EDGE_CURVE ( 'NONE', #1340, #1116, #1002, .T. ) ;
ENDSEC;
END-ISO-10303-21;
