ISO-10303-21;
HEADER;
FILE_DESCRIPTION (( 'STEP AP214' ),
    '1' );
FILE_NAME ('Sensor_Halterung_ESP-NOW_1_Panel_Deckel.STEP',
    '2026-09-03T05:19:38',
    ( '' ),
    ( '' ),
    'SwSTEP 2.0',
    'SolidWorks 2026',
    '' );
FILE_SCHEMA (( 'AUTOMOTIVE_DESIGN' ));
ENDSEC;

DATA;
#1 = CARTESIAN_POINT ( 'NONE',  ( 57.00000000000000000, 2.000000000000000000, -3.600000000000000533 ) ) ;
#2 = EDGE_CURVE ( 'NONE', #1207, #1334, #1306, .T. ) ;
#3 = FACE_OUTER_BOUND ( 'NONE', #719, .T. ) ;
#4 = CARTESIAN_POINT ( 'NONE',  ( 25.99999999999999289, 0.000000000000000000, -21.99999999999999645 ) ) ;
#5 = EDGE_CURVE ( 'NONE', #1093, #107, #825, .T. ) ;
#6 = ORIENTED_EDGE ( 'NONE', *, *, #969, .T. ) ;
#7 = CARTESIAN_POINT ( 'NONE',  ( 61.00000000000000000, 2.000000000000000000, -1.250000000000003331 ) ) ;
#8 = CARTESIAN_POINT ( 'NONE',  ( 33.99999999999998579, 0.000000000000000000, -21.99999999999999645 ) ) ;
#9 = ORIENTED_EDGE ( 'NONE', *, *, #970, .F. ) ;
#10 = LINE ( 'NONE', #1708, #94 ) ;
#11 = DIRECTION ( 'NONE',  ( -1.000000000000000000, 0.000000000000000000, 1.734723475976808672E-15 ) ) ;
#12 = PLANE ( 'NONE',  #1445 ) ;
#13 = ORIENTED_EDGE ( 'NONE', *, *, #1186, .F. ) ;
#14 = DIRECTION ( 'NONE',  ( 1.000000000000000000, 0.000000000000000000, 0.000000000000000000 ) ) ;
#15 = VERTEX_POINT ( 'NONE', #939 ) ;
#16 = CARTESIAN_POINT ( 'NONE',  ( 3.600000000000001421, 5.000000000000000000, -6.999999999999999112 ) ) ;
#17 = CARTESIAN_POINT ( 'NONE',  ( 58.00000000000000000, 4.000000000000000000, -23.90000000000000213 ) ) ;
#18 = VECTOR ( 'NONE', #637, 1000.000000000000000 ) ;
#19 = EDGE_LOOP ( 'NONE', ( #867, #1386, #1160, #1523 ) ) ;
#20 = DIRECTION ( 'NONE',  ( -0.000000000000000000, 1.000000000000000000, -0.000000000000000000 ) ) ;
#21 = VECTOR ( 'NONE', #642, 1000.000000000000000 ) ;
#22 = DIRECTION ( 'NONE',  ( 4.336808689942019708E-16, 0.000000000000000000, 1.000000000000000000 ) ) ;
#23 = VERTEX_POINT ( 'NONE', #948 ) ;
#24 = VECTOR ( 'NONE', #1172, 1000.000000000000114 ) ;
#25 = FACE_BOUND ( 'NONE', #624, .T. ) ;
#26 = VECTOR ( 'NONE', #382, 1000.000000000000000 ) ;
#27 = LINE ( 'NONE', #4, #1020 ) ;
#28 = ORIENTED_EDGE ( 'NONE', *, *, #338, .T. ) ;
#29 = DIRECTION ( 'NONE',  ( -0.000000000000000000, -1.000000000000000000, -0.000000000000000000 ) ) ;
#30 = ORIENTED_EDGE ( 'NONE', *, *, #1544, .T. ) ;
#31 = CARTESIAN_POINT ( 'NONE',  ( 6.000000000000000000, 4.000000000000000000, -23.90000000000000213 ) ) ;
#32 = LINE ( 'NONE', #1059, #235 ) ;
#33 = VERTEX_POINT ( 'NONE', #155 ) ;
#34 = EDGE_CURVE ( 'NONE', #324, #1093, #32, .T. ) ;
#35 = CARTESIAN_POINT ( 'NONE',  ( 35.99999999999999289, 0.000000000000000000, -22.00000000000000000 ) ) ;
#36 = ADVANCED_FACE ( 'NONE', ( #125 ), #791, .T. ) ;
#37 = ORIENTED_EDGE ( 'NONE', *, *, #945, .T. ) ;
#38 = CARTESIAN_POINT ( 'NONE',  ( 58.00000000000000000, 2.000000000000000000, -22.39999999999999858 ) ) ;
#39 = DIRECTION ( 'NONE',  ( 0.000000000000000000, 0.000000000000000000, 1.000000000000000000 ) ) ;
#40 = EDGE_LOOP ( 'NONE', ( #1664, #759, #880, #145 ) ) ;
#41 = LINE ( 'NONE', #1612, #1264 ) ;
#42 = ORIENTED_EDGE ( 'NONE', *, *, #51, .T. ) ;
#43 = VECTOR ( 'NONE', #433, 1000.000000000000000 ) ;
#44 = ADVANCED_FACE ( 'NONE', ( #1321 ), #390, .F. ) ;
#45 = EDGE_CURVE ( 'NONE', #746, #996, #1486, .T. ) ;
#46 = DIRECTION ( 'NONE',  ( -5.782411586589351722E-16, 0.000000000000000000, -1.000000000000000000 ) ) ;
#47 =( GEOMETRIC_REPRESENTATION_CONTEXT ( 3 ) GLOBAL_UNCERTAINTY_ASSIGNED_CONTEXT ( ( #1202 ) ) GLOBAL_UNIT_ASSIGNED_CONTEXT ( ( #1143, #218, #114 ) ) REPRESENTATION_CONTEXT ( 'NONE', 'WORKASPACE' ) );
#48 = DIRECTION ( 'NONE',  ( -1.000000000000000000, -0.000000000000000000, 1.734723475976808475E-15 ) ) ;
#49 = VERTEX_POINT ( 'NONE', #816 ) ;
#50 = DIRECTION ( 'NONE',  ( -0.000000000000000000, 1.000000000000000000, -0.000000000000000000 ) ) ;
#51 = EDGE_CURVE ( 'NONE', #33, #377, #541, .T. ) ;
#52 = ORIENTED_EDGE ( 'NONE', *, *, #952, .F. ) ;
#53 = DIRECTION ( 'NONE',  ( 0.000000000000000000, 0.000000000000000000, 1.000000000000000000 ) ) ;
#54 = CARTESIAN_POINT ( 'NONE',  ( 0.000000000000000000, 4.000000000000000000, 0.000000000000000000 ) ) ;
#55 = CARTESIAN_POINT ( 'NONE',  ( 62.00000000000000000, 5.000000000000000000, -17.00000000000000000 ) ) ;
#56 = ORIENTED_EDGE ( 'NONE', *, *, #1152, .T. ) ;
#57 = CARTESIAN_POINT ( 'NONE',  ( 7.000000000000000888, 5.000000000000000000, -2.000000000000000000 ) ) ;
#58 = VERTEX_POINT ( 'NONE', #1353 ) ;
#59 = DIRECTION ( 'NONE',  ( 0.000000000000000000, 0.000000000000000000, -1.000000000000000000 ) ) ;
#60 = CARTESIAN_POINT ( 'NONE',  ( 64.00000000000000000, 2.000000000000000000, -28.00000000000000000 ) ) ;
#61 = DIRECTION ( 'NONE',  ( -0.000000000000000000, 1.000000000000000000, -0.000000000000000000 ) ) ;
#62 = ORIENTED_EDGE ( 'NONE', *, *, #876, .F. ) ;
#63 = CARTESIAN_POINT ( 'NONE',  ( 6.000000000000000000, 4.000000000000000000, -23.90000000000000213 ) ) ;
#64 = ORIENTED_EDGE ( 'NONE', *, *, #913, .T. ) ;
#65 = AXIS2_PLACEMENT_3D ( 'NONE', #1701, #484, #1056 ) ;
#66 = CARTESIAN_POINT ( 'NONE',  ( 35.99999999999999289, 2.000000000000000000, -22.00000000000000000 ) ) ;
#67 = CARTESIAN_POINT ( 'NONE',  ( 0.000000000000000000, 0.000000000000000000, -28.00000000000000000 ) ) ;
#68 = VECTOR ( 'NONE', #401, 1000.000000000000000 ) ;
#69 = CARTESIAN_POINT ( 'NONE',  ( 57.00000000000000000, 2.000000000000000000, -2.000000000000000000 ) ) ;
#70 = FACE_OUTER_BOUND ( 'NONE', #1078, .T. ) ;
#71 = CIRCLE ( 'NONE', #510, 1.749999999999998002 ) ;
#72 = EDGE_LOOP ( 'NONE', ( #1147, #1596, #1027, #344 ) ) ;
#73 = LINE ( 'NONE', #878, #740 ) ;
#74 = EDGE_CURVE ( 'NONE', #1655, #720, #266, .T. ) ;
#75 = VERTEX_POINT ( 'NONE', #273 ) ;
#76 = DIRECTION ( 'NONE',  ( -1.734723475976808672E-15, 0.000000000000000000, -1.000000000000000000 ) ) ;
#77 = CARTESIAN_POINT ( 'NONE',  ( 4.000000000000003553, 4.000000000000000000, -28.00000000000000000 ) ) ;
#78 = CARTESIAN_POINT ( 'NONE',  ( 60.00000000000000000, 2.000000000000000000, -6.999999999999999112 ) ) ;
#79 = CARTESIAN_POINT ( 'NONE',  ( 33.99999999999998579, 0.000000000000000000, -21.99999999999999645 ) ) ;
#80 = ORIENTED_EDGE ( 'NONE', *, *, #1367, .T. ) ;
#81 = DIRECTION ( 'NONE',  ( -0.000000000000000000, 1.000000000000000000, -0.000000000000000000 ) ) ;
#82 = EDGE_LOOP ( 'NONE', ( #1693, #1324 ) ) ;
#83 = CARTESIAN_POINT ( 'NONE',  ( 30.00000000000000000, 2.000000000000000000, -6.000000000000000000 ) ) ;
#84 = ORIENTED_EDGE ( 'NONE', *, *, #34, .F. ) ;
#85 = EDGE_CURVE ( 'NONE', #1576, #657, #27, .T. ) ;
#86 = CARTESIAN_POINT ( 'NONE',  ( 3.000000000000000000, 0.000000000000000000, -2.999999999999999112 ) ) ;
#87 = DIRECTION ( 'NONE',  ( 0.000000000000000000, 0.000000000000000000, 1.000000000000000000 ) ) ;
#88 = CARTESIAN_POINT ( 'NONE',  ( 60.00000000000000000, 5.000000000000000000, -6.999999999999999112 ) ) ;
#89 = VERTEX_POINT ( 'NONE', #801 ) ;
#90 = CARTESIAN_POINT ( 'NONE',  ( 62.00000000000000000, 5.000000000000000000, -7.000000000000000000 ) ) ;
#91 = VERTEX_POINT ( 'NONE', #17 ) ;
#92 = FACE_OUTER_BOUND ( 'NONE', #164, .T. ) ;
#93 = EDGE_LOOP ( 'NONE', ( #1570, #1504, #561, #234 ) ) ;
#94 = VECTOR ( 'NONE', #248, 1000.000000000000000 ) ;
#95 = LINE ( 'NONE', #35, #1212 ) ;
#96 = FACE_OUTER_BOUND ( 'NONE', #471, .T. ) ;
#97 = VECTOR ( 'NONE', #1342, 1000.000000000000000 ) ;
#98 = VERTEX_POINT ( 'NONE', #689 ) ;
#99 = CARTESIAN_POINT ( 'NONE',  ( 60.00000000000000000, 2.000000000000000000, -17.00000000000000000 ) ) ;
#100 = VECTOR ( 'NONE', #601, 1000.000000000000000 ) ;
#101 = ORIENTED_EDGE ( 'NONE', *, *, #1433, .F. ) ;
#102 = VECTOR ( 'NONE', #48, 1000.000000000000000 ) ;
#103 = CARTESIAN_POINT ( 'NONE',  ( 6.000000000000000888, 4.000000000000000000, -22.39999999999999858 ) ) ;
#104 = ORIENTED_EDGE ( 'NONE', *, *, #496, .T. ) ;
#105 = CARTESIAN_POINT ( 'NONE',  ( 30.00000000000000000, 0.000000000000000000, -6.000000000000000000 ) ) ;
#106 = CARTESIAN_POINT ( 'NONE',  ( 0.000000000000000000, 4.000000000000000000, -26.49999999999999645 ) ) ;
#107 = VERTEX_POINT ( 'NONE', #1083 ) ;
#108 = LINE ( 'NONE', #116, #229 ) ;
#109 = LINE ( 'NONE', #635, #935 ) ;
#110 = VERTEX_POINT ( 'NONE', #134 ) ;
#111 = DIRECTION ( 'NONE',  ( 1.000000000000000000, 0.000000000000000000, -0.000000000000000000 ) ) ;
#112 = ORIENTED_EDGE ( 'NONE', *, *, #383, .T. ) ;
#113 = LINE ( 'NONE', #1178, #582 ) ;
#114 =( NAMED_UNIT ( * ) SI_UNIT ( $, .STERADIAN. ) SOLID_ANGLE_UNIT ( ) );
#115 = ORIENTED_EDGE ( 'NONE', *, *, #1578, .F. ) ;
#116 = CARTESIAN_POINT ( 'NONE',  ( 64.00000000000000000, 2.000000000000000000, 0.000000000000000000 ) ) ;
#117 = ADVANCED_FACE ( 'NONE', ( #250 ), #12, .F. ) ;
#118 = ADVANCED_FACE ( 'NONE', ( #532 ), #954, .F. ) ;
#119 = EDGE_LOOP ( 'NONE', ( #1705, #888, #363, #30 ) ) ;
#120 = LINE ( 'NONE', #1326, #1510 ) ;
#121 = EDGE_LOOP ( 'NONE', ( #891, #222, #436, #766 ) ) ;
#122 = CARTESIAN_POINT ( 'NONE',  ( 61.00000000000000000, 0.000000000000000000, -1.250000000000003331 ) ) ;
#123 = VECTOR ( 'NONE', #252, 1000.000000000000000 ) ;
#124 = FACE_BOUND ( 'NONE', #612, .T. ) ;
#125 = FACE_OUTER_BOUND ( 'NONE', #843, .T. ) ;
#126 = AXIS2_PLACEMENT_3D ( 'NONE', #1271, #443, #183 ) ;
#127 = EDGE_LOOP ( 'NONE', ( #238, #13, #463, #1630 ) ) ;
#128 = DIRECTION ( 'NONE',  ( -0.000000000000000000, 1.000000000000000000, -0.000000000000000000 ) ) ;
#129 = EDGE_CURVE ( 'NONE', #342, #746, #673, .T. ) ;
#130 = VECTOR ( 'NONE', #1617, 1000.000000000000000 ) ;
#131 = ORIENTED_EDGE ( 'NONE', *, *, #550, .F. ) ;
#132 = DIRECTION ( 'NONE',  ( 0.000000000000000000, 0.000000000000000000, 1.000000000000000000 ) ) ;
#133 = CARTESIAN_POINT ( 'NONE',  ( 0.000000000000000000, 2.000000000000000000, -28.00000000000000000 ) ) ;
#134 = CARTESIAN_POINT ( 'NONE',  ( 57.00000000000000000, 5.000000000000000000, -3.600000000000000533 ) ) ;
#135 = VERTEX_POINT ( 'NONE', #1462 ) ;
#136 = DIRECTION ( 'NONE',  ( 0.000000000000000000, -0.000000000000000000, 1.000000000000000000 ) ) ;
#137 = VERTEX_POINT ( 'NONE', #258 ) ;
#138 = EDGE_CURVE ( 'NONE', #607, #1710, #1206, .T. ) ;
#139 = CARTESIAN_POINT ( 'NONE',  ( 4.000000000000000000, 2.000000000000000000, -25.89999999999999858 ) ) ;
#140 = DIRECTION ( 'NONE',  ( 1.000000000000000000, 0.000000000000000000, 0.000000000000000000 ) ) ;
#141 = ORIENTED_EDGE ( 'NONE', *, *, #144, .F. ) ;
#142 = CARTESIAN_POINT ( 'NONE',  ( 61.00000000000000000, 0.000000000000000000, -1.250000000000003331 ) ) ;
#143 = DIRECTION ( 'NONE',  ( -1.000000000000000000, 0.000000000000000000, 4.336808689942013792E-16 ) ) ;
#144 = EDGE_CURVE ( 'NONE', #1183, #1696, #1075, .T. ) ;
#145 = ORIENTED_EDGE ( 'NONE', *, *, #608, .T. ) ;
#146 = FACE_BOUND ( 'NONE', #391, .T. ) ;
#147 = CARTESIAN_POINT ( 'NONE',  ( 29.99999999999999289, 2.000000000000000000, -21.99999999999999645 ) ) ;
#148 = AXIS2_PLACEMENT_3D ( 'NONE', #1069, #1585, #143 ) ;
#149 = VERTEX_POINT ( 'NONE', #399 ) ;
#150 = DIRECTION ( 'NONE',  ( -0.000000000000000000, 0.000000000000000000, 1.000000000000000000 ) ) ;
#151 = VECTOR ( 'NONE', #1079, 1000.000000000000000 ) ;
#152 = ORIENTED_EDGE ( 'NONE', *, *, #279, .T. ) ;
#153 = AXIS2_PLACEMENT_3D ( 'NONE', #1107, #579, #53 ) ;
#154 = PLANE ( 'NONE',  #1444 ) ;
#155 = CARTESIAN_POINT ( 'NONE',  ( 31.99999999999998579, 2.000000000000000000, -22.00000000000000000 ) ) ;
#156 = ORIENTED_EDGE ( 'NONE', *, *, #1279, .F. ) ;
#157 = LINE ( 'NONE', #691, #151 ) ;
#158 = ORIENTED_EDGE ( 'NONE', *, *, #865, .T. ) ;
#159 = CARTESIAN_POINT ( 'NONE',  ( 29.99999999999999289, 0.000000000000000000, -21.99999999999999645 ) ) ;
#160 = CARTESIAN_POINT ( 'NONE',  ( 61.00000000000000000, 2.000000000000000000, -20.89999999999999858 ) ) ;
#161 = ORIENTED_EDGE ( 'NONE', *, *, #1354, .T. ) ;
#162 = DIRECTION ( 'NONE',  ( -0.000000000000000000, -1.000000000000000000, -0.000000000000000000 ) ) ;
#163 = ADVANCED_FACE ( 'NONE', ( #1198 ), #1456, .F. ) ;
#164 = EDGE_LOOP ( 'NONE', ( #259, #263, #84, #927 ) ) ;
#165 = CARTESIAN_POINT ( 'NONE',  ( 6.000000000000000888, 4.000000000000000000, -22.39999999999999858 ) ) ;
#166 = CARTESIAN_POINT ( 'NONE',  ( 2.000000000000001332, 5.000000000000000000, -7.000000000000000000 ) ) ;
#167 = VECTOR ( 'NONE', #1446, 1000.000000000000000 ) ;
#168 = ORIENTED_EDGE ( 'NONE', *, *, #784, .F. ) ;
#169 = DIRECTION ( 'NONE',  ( -1.000000000000000000, 0.000000000000000000, 0.000000000000000000 ) ) ;
#170 = VERTEX_POINT ( 'NONE', #444 ) ;
#171 = VECTOR ( 'NONE', #14, 1000.000000000000000 ) ;
#172 = EDGE_CURVE ( 'NONE', #901, #137, #294, .T. ) ;
#173 = DIRECTION ( 'NONE',  ( 0.000000000000000000, 0.000000000000000000, -1.000000000000000000 ) ) ;
#174 = DIRECTION ( 'NONE',  ( 0.000000000000000000, 0.000000000000000000, 1.000000000000000000 ) ) ;
#175 = DIRECTION ( 'NONE',  ( -2.168404344971008868E-16, 0.000000000000000000, -1.000000000000000000 ) ) ;
#176 = AXIS2_PLACEMENT_3D ( 'NONE', #695, #984, #839 ) ;
#177 = ORIENTED_EDGE ( 'NONE', *, *, #1055, .F. ) ;
#178 = CARTESIAN_POINT ( 'NONE',  ( 0.000000000000000000, 2.000000000000000000, 0.000000000000000000 ) ) ;
#179 = DIRECTION ( 'NONE',  ( 4.336808689942019708E-16, 0.000000000000000000, 1.000000000000000000 ) ) ;
#180 = ORIENTED_EDGE ( 'NONE', *, *, #45, .F. ) ;
#181 = CARTESIAN_POINT ( 'NONE',  ( 7.000000000000000888, 2.000000000000000000, -2.000000000000000000 ) ) ;
#182 = EDGE_CURVE ( 'NONE', #1490, #1180, #413, .T. ) ;
#183 = DIRECTION ( 'NONE',  ( 1.000000000000000000, 0.000000000000000000, -0.000000000000000000 ) ) ;
#184 = CARTESIAN_POINT ( 'NONE',  ( 3.600000000000001421, 5.000000000000000000, -17.00000000000000000 ) ) ;
#185 = EDGE_LOOP ( 'NONE', ( #942, #168, #1283, #267 ) ) ;
#186 = DIRECTION ( 'NONE',  ( 1.000000000000000000, 0.000000000000000000, 0.000000000000000000 ) ) ;
#187 = EDGE_LOOP ( 'NONE', ( #1088, #851, #446, #1343 ) ) ;
#188 = DIRECTION ( 'NONE',  ( 0.000000000000000000, 0.000000000000000000, 1.000000000000000000 ) ) ;
#189 = LINE ( 'NONE', #1670, #1692 ) ;
#190 = EDGE_CURVE ( 'NONE', #457, #1576, #1662, .T. ) ;
#191 = PLANE ( 'NONE',  #126 ) ;
#192 = SURFACE_STYLE_FILL_AREA ( #1506 ) ;
#193 = ADVANCED_FACE ( 'NONE', ( #995 ), #849, .F. ) ;
#194 = EDGE_CURVE ( 'NONE', #49, #542, #1217, .T. ) ;
#195 = ORIENTED_EDGE ( 'NONE', *, *, #1632, .T. ) ;
#196 = LINE ( 'NONE', #63, #1721 ) ;
#197 = VECTOR ( 'NONE', #1148, 1000.000000000000000 ) ;
#198 = ORIENTED_EDGE ( 'NONE', *, *, #352, .F. ) ;
#199 = CARTESIAN_POINT ( 'NONE',  ( 3.600000000000001421, 5.000000000000000000, -6.999999999999999112 ) ) ;
#200 = VECTOR ( 'NONE', #1358, 1000.000000000000000 ) ;
#201 = PLANE ( 'NONE',  #1098 ) ;
#202 = PRESENTATION_LAYER_ASSIGNMENT (  '', '', ( #1381 ) ) ;
#203 = ORIENTED_EDGE ( 'NONE', *, *, #190, .T. ) ;
#204 = CARTESIAN_POINT ( 'NONE',  ( 39.99999999999999289, 0.000000000000000000, -6.000000000000000000 ) ) ;
#205 = ORIENTED_EDGE ( 'NONE', *, *, #1529, .F. ) ;
#206 = CARTESIAN_POINT ( 'NONE',  ( 2.000000000000001332, 5.000000000000000000, -7.000000000000000000 ) ) ;
#207 = CARTESIAN_POINT ( 'NONE',  ( 0.000000000000000000, 2.000000000000000000, 0.000000000000000000 ) ) ;
#208 = CARTESIAN_POINT ( 'NONE',  ( 2.000000000000000000, 5.000000000000000000, -17.00000000000000000 ) ) ;
#209 = DIRECTION ( 'NONE',  ( 0.000000000000000000, 1.000000000000000000, 0.000000000000000000 ) ) ;
#210 = ORIENTED_EDGE ( 'NONE', *, *, #960, .T. ) ;
#211 = DIRECTION ( 'NONE',  ( -1.000000000000000000, -0.000000000000000000, -0.000000000000000000 ) ) ;
#212 = ORIENTED_EDGE ( 'NONE', *, *, #1095, .T. ) ;
#213 = CARTESIAN_POINT ( 'NONE',  ( 60.00000000000000000, 5.000000000000000000, -17.00000000000000000 ) ) ;
#214 = EDGE_CURVE ( 'NONE', #377, #1567, #314, .T. ) ;
#215 = ORIENTED_EDGE ( 'NONE', *, *, #502, .T. ) ;
#216 = CARTESIAN_POINT ( 'NONE',  ( 30.00000000000000000, 0.000000000000000000, -6.000000000000000000 ) ) ;
#217 = CARTESIAN_POINT ( 'NONE',  ( 3.000000000000000000, 2.000000000000000000, -22.64999999999999858 ) ) ;
#218 =( NAMED_UNIT ( * ) PLANE_ANGLE_UNIT ( ) SI_UNIT ( $, .RADIAN. ) );
#219 = ORIENTED_EDGE ( 'NONE', *, *, #1645, .F. ) ;
#220 = DIRECTION ( 'NONE',  ( 1.301042606982605074E-16, 0.000000000000000000, 1.000000000000000000 ) ) ;
#221 = DIRECTION ( 'NONE',  ( 0.000000000000000000, 0.000000000000000000, 1.000000000000000000 ) ) ;
#222 = ORIENTED_EDGE ( 'NONE', *, *, #1001, .F. ) ;
#223 = DIRECTION ( 'NONE',  ( -0.000000000000000000, 1.000000000000000000, -0.000000000000000000 ) ) ;
#224 = ORIENTED_EDGE ( 'NONE', *, *, #411, .T. ) ;
#225 = VECTOR ( 'NONE', #1080, 1000.000000000000000 ) ;
#226 = LINE ( 'NONE', #729, #883 ) ;
#227 = LINE ( 'NONE', #1304, #1688 ) ;
#228 = CARTESIAN_POINT ( 'NONE',  ( 3.000000000000000000, 2.000000000000000000, -1.249999999999999112 ) ) ;
#229 = VECTOR ( 'NONE', #464, 1000.000000000000000 ) ;
#230 = ORIENTED_EDGE ( 'NONE', *, *, #450, .F. ) ;
#231 = CARTESIAN_POINT ( 'NONE',  ( 7.000000000000000888, 5.000000000000000000, -2.000000000000000000 ) ) ;
#232 = APPLICATION_PROTOCOL_DEFINITION ( 'draft international standard', 'automotive_design', 1998, #569 ) ;
#233 = VECTOR ( 'NONE', #915, 1000.000000000000000 ) ;
#234 = ORIENTED_EDGE ( 'NONE', *, *, #1668, .T. ) ;
#235 = VECTOR ( 'NONE', #406, 1000.000000000000000 ) ;
#236 = DIRECTION ( 'NONE',  ( 0.000000000000000000, 0.000000000000000000, 1.000000000000000000 ) ) ;
#237 = PRODUCT_DEFINITION_SHAPE ( 'NONE', 'NONE',  #473 ) ;
#238 = ORIENTED_EDGE ( 'NONE', *, *, #861, .T. ) ;
#239 = FACE_OUTER_BOUND ( 'NONE', #750, .T. ) ;
#240 = DIRECTION ( 'NONE',  ( 0.000000000000000000, 1.000000000000000000, 0.000000000000000000 ) ) ;
#241 = EDGE_CURVE ( 'NONE', #572, #1063, #710, .T. ) ;
#242 = EDGE_CURVE ( 'NONE', #700, #1101, #1522, .T. ) ;
#243 = VERTEX_POINT ( 'NONE', #1255 ) ;
#244 = CARTESIAN_POINT ( 'NONE',  ( 37.99999999999999289, 0.000000000000000000, -21.99999999999999645 ) ) ;
#245 = EDGE_LOOP ( 'NONE', ( #768, #1448, #1674, #161 ) ) ;
#246 = DIRECTION ( 'NONE',  ( -0.000000000000000000, -1.000000000000000000, -0.000000000000000000 ) ) ;
#247 = EDGE_LOOP ( 'NONE', ( #322, #112, #1175, #386 ) ) ;
#248 = DIRECTION ( 'NONE',  ( -0.000000000000000000, 1.000000000000000000, -0.000000000000000000 ) ) ;
#249 = LINE ( 'NONE', #133, #262 ) ;
#250 = FACE_OUTER_BOUND ( 'NONE', #1341, .T. ) ;
#251 = ORIENTED_EDGE ( 'NONE', *, *, #1622, .T. ) ;
#252 = DIRECTION ( 'NONE',  ( -0.000000000000000000, 1.000000000000000000, -0.000000000000000000 ) ) ;
#253 = VERTEX_POINT ( 'NONE', #166 ) ;
#254 = DIRECTION ( 'NONE',  ( 4.336808689942019708E-16, 0.000000000000000000, 1.000000000000000000 ) ) ;
#255 =( GEOMETRIC_REPRESENTATION_CONTEXT ( 3 ) GLOBAL_UNCERTAINTY_ASSIGNED_CONTEXT ( ( #808 ) ) GLOBAL_UNIT_ASSIGNED_CONTEXT ( ( #1296, #1315, #644 ) ) REPRESENTATION_CONTEXT ( 'NONE', 'WORKASPACE' ) );
#256 = FACE_BOUND ( 'NONE', #957, .T. ) ;
#257 = VECTOR ( 'NONE', #964, 1000.000000000000000 ) ;
#258 = CARTESIAN_POINT ( 'NONE',  ( 38.00000000000000000, 0.000000000000000000, -6.000000000000000000 ) ) ;
#259 = ORIENTED_EDGE ( 'NONE', *, *, #1226, .T. ) ;
#260 = LINE ( 'NONE', #1477, #171 ) ;
#261 = FACE_OUTER_BOUND ( 'NONE', #1552, .T. ) ;
#262 = VECTOR ( 'NONE', #1485, 1000.000000000000000 ) ;
#263 = ORIENTED_EDGE ( 'NONE', *, *, #1077, .F. ) ;
#264 = CLOSED_SHELL ( 'NONE', ( #1364, #555, #163, #944, #461, #1365, #1048, #468, #1150, #118, #1338, #1195, #1623, #1085, #1233, #1035, #1246, #1680, #787, #289, #44, #724, #1654, #1601, #1580, #905, #438, #1531, #282, #1356, #117, #1595, #295, #1214, #36, #545, #1066, #665, #1649, #819, #925, #1473, #193, #1287, #539, #661, #309, #976, #1635, #645, #792, #733, #1218, #421 ) ) ;
#265 = CARTESIAN_POINT ( 'NONE',  ( 3.000000000000000000, 2.000000000000000000, -2.999999999999999112 ) ) ;
#266 = LINE ( 'NONE', #1215, #1550 ) ;
#267 = ORIENTED_EDGE ( 'NONE', *, *, #643, .T. ) ;
#268 = PLANE ( 'NONE',  #1543 ) ;
#269 = LINE ( 'NONE', #535, #225 ) ;
#270 = ORIENTED_EDGE ( 'NONE', *, *, #952, .T. ) ;
#271 = EDGE_CURVE ( 'NONE', #253, #746, #1644, .T. ) ;
#272 = FACE_BOUND ( 'NONE', #1642, .T. ) ;
#273 = CARTESIAN_POINT ( 'NONE',  ( 60.00000000000000000, 2.000000000000000000, -17.00000000000000000 ) ) ;
#274 = ORIENTED_EDGE ( 'NONE', *, *, #432, .T. ) ;
#275 = CARTESIAN_POINT ( 'NONE',  ( 35.99999999999999289, 0.000000000000000000, -22.00000000000000000 ) ) ;
#276 = DIRECTION ( 'NONE',  ( -0.000000000000000000, 1.000000000000000000, -0.000000000000000000 ) ) ;
#277 = ORIENTED_EDGE ( 'NONE', *, *, #784, .T. ) ;
#278 = DIRECTION ( 'NONE',  ( -0.000000000000000000, 1.000000000000000000, -0.000000000000000000 ) ) ;
#279 = EDGE_CURVE ( 'NONE', #980, #110, #857, .T. ) ;
#280 = DIRECTION ( 'NONE',  ( -1.000000000000000000, -0.000000000000000000, 1.734723475976808475E-15 ) ) ;
#281 = VECTOR ( 'NONE', #1330, 1000.000000000000000 ) ;
#282 = ADVANCED_FACE ( 'NONE', ( #427 ), #832, .F. ) ;
#283 = ORIENTED_EDGE ( 'NONE', *, *, #598, .T. ) ;
#284 = LINE ( 'NONE', #424, #1297 ) ;
#285 = ORIENTED_EDGE ( 'NONE', *, *, #1227, .F. ) ;
#286 = MECHANICAL_DESIGN_GEOMETRIC_PRESENTATION_REPRESENTATION (  '', ( #1381 ), #47 ) ;
#287 = LINE ( 'NONE', #181, #1515 ) ;
#288 = SURFACE_STYLE_USAGE ( .BOTH. , #1493 ) ;
#289 = ADVANCED_FACE ( 'NONE', ( #1263 ), #1114, .F. ) ;
#290 = ORIENTED_EDGE ( 'NONE', *, *, #338, .F. ) ;
#291 = LINE ( 'NONE', #956, #97 ) ;
#292 = EDGE_LOOP ( 'NONE', ( #869, #834, #80, #331 ) ) ;
#293 = CARTESIAN_POINT ( 'NONE',  ( 4.000000000000003553, 2.000000000000000000, -28.00000000000000000 ) ) ;
#294 = LINE ( 'NONE', #320, #445 ) ;
#295 = ADVANCED_FACE ( 'NONE', ( #704 ), #1123, .F. ) ;
#296 = EDGE_LOOP ( 'NONE', ( #290, #706, #1432, #1168 ) ) ;
#297 = LINE ( 'NONE', #316, #850 ) ;
#298 = FACE_BOUND ( 'NONE', #292, .T. ) ;
#299 = EDGE_LOOP ( 'NONE', ( #778, #482, #219, #37 ) ) ;
#300 = CARTESIAN_POINT ( 'NONE',  ( 26.00000000000000000, 0.000000000000000000, -6.000000000000000000 ) ) ;
#301 = CARTESIAN_POINT ( 'NONE',  ( 0.000000000000000000, 2.000000000000000000, -28.00000000000000000 ) ) ;
#302 = CARTESIAN_POINT ( 'NONE',  ( 25.99999999999999289, 0.000000000000000000, -21.99999999999999645 ) ) ;
#303 = VECTOR ( 'NONE', #797, 1000.000000000000000 ) ;
#304 = ORIENTED_EDGE ( 'NONE', *, *, #1047, .T. ) ;
#305 = DIRECTION ( 'NONE',  ( -2.168404344971008868E-16, 0.000000000000000000, -1.000000000000000000 ) ) ;
#306 = PLANE ( 'NONE',  #435 ) ;
#307 = ORIENTED_EDGE ( 'NONE', *, *, #844, .T. ) ;
#308 = VECTOR ( 'NONE', #479, 1000.000000000000000 ) ;
#309 = ADVANCED_FACE ( 'NONE', ( #70 ), #866, .F. ) ;
#310 = EDGE_LOOP ( 'NONE', ( #1556, #616, #1221, #270 ) ) ;
#311 = LINE ( 'NONE', #300, #1695 ) ;
#312 = AXIS2_PLACEMENT_3D ( 'NONE', #1064, #1058, #923 ) ;
#313 = DIRECTION ( 'NONE',  ( -3.304235192336773540E-15, -0.000000000000000000, -1.000000000000000000 ) ) ;
#314 = LINE ( 'NONE', #568, #1474 ) ;
#315 = ORIENTED_EDGE ( 'NONE', *, *, #1354, .F. ) ;
#316 = CARTESIAN_POINT ( 'NONE',  ( 33.99999999999998579, 2.000000000000000000, -21.99999999999999645 ) ) ;
#317 = ORIENTED_EDGE ( 'NONE', *, *, #1024, .T. ) ;
#318 = LINE ( 'NONE', #855, #685 ) ;
#319 = LINE ( 'NONE', #60, #1545 ) ;
#320 = CARTESIAN_POINT ( 'NONE',  ( 37.99999999999999289, 0.000000000000000000, -21.99999999999999645 ) ) ;
#321 = MANIFOLD_SOLID_BREP ( 'Fase1', #264 ) ;
#322 = ORIENTED_EDGE ( 'NONE', *, *, #172, .T. ) ;
#323 = LINE ( 'NONE', #868, #1604 ) ;
#324 = VERTEX_POINT ( 'NONE', #88 ) ;
#325 = DIRECTION ( 'NONE',  ( 1.000000000000000000, 0.000000000000000000, -2.168404344971008868E-16 ) ) ;
#326 = CARTESIAN_POINT ( 'NONE',  ( 7.000000000000000888, 2.000000000000000000, -2.000000000000000000 ) ) ;
#327 = LINE ( 'NONE', #1403, #1042 ) ;
#328 = ORIENTED_EDGE ( 'NONE', *, *, #1279, .T. ) ;
#329 = DIRECTION ( 'NONE',  ( -0.000000000000000000, -1.000000000000000000, -0.000000000000000000 ) ) ;
#330 = VECTOR ( 'NONE', #527, 1000.000000000000000 ) ;
#331 = ORIENTED_EDGE ( 'NONE', *, *, #450, .T. ) ;
#332 = VECTOR ( 'NONE', #1368, 1000.000000000000000 ) ;
#333 = FACE_OUTER_BOUND ( 'NONE', #187, .T. ) ;
#334 = VECTOR ( 'NONE', #313, 1000.000000000000000 ) ;
#335 = LINE ( 'NONE', #744, #1716 ) ;
#336 = PRESENTATION_STYLE_ASSIGNMENT (( #288 ) ) ;
#337 = CIRCLE ( 'NONE', #1607, 1.750000000000000000 ) ;
#338 = EDGE_CURVE ( 'NONE', #877, #853, #590, .T. ) ;
#339 = ORIENTED_EDGE ( 'NONE', *, *, #598, .F. ) ;
#340 = EDGE_CURVE ( 'NONE', #646, #1465, #1291, .T. ) ;
#341 = LINE ( 'NONE', #764, #21 ) ;
#342 = VERTEX_POINT ( 'NONE', #367 ) ;
#343 = DIRECTION ( 'NONE',  ( 0.000000000000000000, 1.000000000000000000, 0.000000000000000000 ) ) ;
#344 = ORIENTED_EDGE ( 'NONE', *, *, #547, .T. ) ;
#345 = DIRECTION ( 'NONE',  ( -0.000000000000000000, 1.000000000000000000, -0.000000000000000000 ) ) ;
#346 = EDGE_CURVE ( 'NONE', #1228, #23, #1683, .T. ) ;
#347 = DIRECTION ( 'NONE',  ( 0.000000000000000000, 0.000000000000000000, 1.000000000000000000 ) ) ;
#348 = CARTESIAN_POINT ( 'NONE',  ( 7.000000000000000888, 5.000000000000000000, -3.600000000000000533 ) ) ;
#349 = ORIENTED_EDGE ( 'NONE', *, *, #1055, .T. ) ;
#350 = DIRECTION ( 'NONE',  ( 0.000000000000000000, 0.000000000000000000, 1.000000000000000000 ) ) ;
#351 = CARTESIAN_POINT ( 'NONE',  ( 3.000000000000000000, 2.000000000000000000, -20.89999999999999858 ) ) ;
#352 = EDGE_CURVE ( 'NONE', #1684, #1173, #337, .T. ) ;
#353 = ORIENTED_EDGE ( 'NONE', *, *, #736, .F. ) ;
#354 = CARTESIAN_POINT ( 'NONE',  ( 27.99999999999998934, 0.000000000000000000, -22.00000000000000000 ) ) ;
#355 = VERTEX_POINT ( 'NONE', #1702 ) ;
#356 = DIRECTION ( 'NONE',  ( 0.000000000000000000, 0.000000000000000000, 1.000000000000000000 ) ) ;
#357 = CARTESIAN_POINT ( 'NONE',  ( 3.000000000000000000, 0.000000000000000000, -2.999999999999999112 ) ) ;
#358 = CARTESIAN_POINT ( 'NONE',  ( 3.000000000000000000, 2.000000000000000000, -20.89999999999999858 ) ) ;
#359 = EDGE_LOOP ( 'NONE', ( #283, #1329, #425, #1244 ) ) ;
#360 = CARTESIAN_POINT ( 'NONE',  ( 3.000000000000000000, 0.000000000000000000, -4.749999999999999112 ) ) ;
#361 = ORIENTED_EDGE ( 'NONE', *, *, #842, .F. ) ;
#362 = CARTESIAN_POINT ( 'NONE',  ( 61.00000000000000000, 0.000000000000000000, -22.64999999999999503 ) ) ;
#363 = ORIENTED_EDGE ( 'NONE', *, *, #1227, .T. ) ;
#364 = EDGE_CURVE ( 'NONE', #1313, #1346, #916, .T. ) ;
#365 = AXIS2_PLACEMENT_3D ( 'NONE', #1442, #236, #111 ) ;
#366 = CARTESIAN_POINT ( 'NONE',  ( 35.99999999999999289, 0.000000000000000000, -22.00000000000000000 ) ) ;
#367 = CARTESIAN_POINT ( 'NONE',  ( 2.000000000000000000, 2.000000000000000000, -17.00000000000000000 ) ) ;
#368 = AXIS2_PLACEMENT_3D ( 'NONE', #571, #1242, #305 ) ;
#369 = ORIENTED_EDGE ( 'NONE', *, *, #596, .F. ) ;
#370 = CARTESIAN_POINT ( 'NONE',  ( 0.000000000000000000, 2.000000000000000000, 0.000000000000000000 ) ) ;
#371 = AXIS2_PLACEMENT_3D ( 'NONE', #1634, #1505, #59 ) ;
#372 = VERTEX_POINT ( 'NONE', #228 ) ;
#373 = VERTEX_POINT ( 'NONE', #631 ) ;
#374 = CARTESIAN_POINT ( 'NONE',  ( 27.99999999999999289, -0.000000000000000000, -6.000000000000000000 ) ) ;
#375 = LINE ( 'NONE', #530, #1130 ) ;
#376 = VERTEX_POINT ( 'NONE', #1039 ) ;
#377 = VERTEX_POINT ( 'NONE', #475 ) ;
#378 = ORIENTED_EDGE ( 'NONE', *, *, #1409, .T. ) ;
#379 = APPLICATION_CONTEXT ( 'automotive_design' ) ;
#380 = DIRECTION ( 'NONE',  ( -0.000000000000000000, 1.000000000000000000, -0.000000000000000000 ) ) ;
#381 = DIRECTION ( 'NONE',  ( 0.000000000000000000, 1.000000000000000000, 0.000000000000000000 ) ) ;
#382 = DIRECTION ( 'NONE',  ( 1.301042606982605074E-16, 0.000000000000000000, 1.000000000000000000 ) ) ;
#383 = EDGE_CURVE ( 'NONE', #137, #1533, #1542, .T. ) ;
#384 = ORIENTED_EDGE ( 'NONE', *, *, #870, .F. ) ;
#385 = DIRECTION ( 'NONE',  ( 3.304235192336773540E-15, 0.000000000000000000, 1.000000000000000000 ) ) ;
#386 = ORIENTED_EDGE ( 'NONE', *, *, #870, .T. ) ;
#387 = VECTOR ( 'NONE', #1415, 1000.000000000000000 ) ;
#388 = FACE_BOUND ( 'NONE', #1285, .T. ) ;
#389 = AXIS2_PLACEMENT_3D ( 'NONE', #1665, #1374, #1266 ) ;
#390 = CYLINDRICAL_SURFACE ( 'NONE', #1697, 1.749999999999998002 ) ;
#391 = EDGE_LOOP ( 'NONE', ( #1224, #1561 ) ) ;
#392 = CARTESIAN_POINT ( 'NONE',  ( 61.00000000000000000, 0.000000000000000000, -4.749999999999997335 ) ) ;
#393 = DIRECTION ( 'NONE',  ( 1.000000000000000000, 0.000000000000000000, -0.000000000000000000 ) ) ;
#394 = VECTOR ( 'NONE', #1691, 1000.000000000000000 ) ;
#395 = ORIENTED_EDGE ( 'NONE', *, *, #1256, .F. ) ;
#396 = VECTOR ( 'NONE', #1514, 1000.000000000000000 ) ;
#397 = EDGE_CURVE ( 'NONE', #110, #636, #485, .T. ) ;
#398 = FACE_OUTER_BOUND ( 'NONE', #1579, .T. ) ;
#399 = CARTESIAN_POINT ( 'NONE',  ( 6.000000000000000000, 2.000000000000000000, -23.90000000000000213 ) ) ;
#400 = ORIENTED_EDGE ( 'NONE', *, *, #1120, .T. ) ;
#401 = DIRECTION ( 'NONE',  ( -0.000000000000000000, -1.000000000000000000, -0.000000000000000000 ) ) ;
#402 = PLANE ( 'NONE',  #365 ) ;
#403 = ORIENTED_EDGE ( 'NONE', *, *, #667, .T. ) ;
#404 = EDGE_CURVE ( 'NONE', #525, #75, #1282, .T. ) ;
#405 = DIRECTION ( 'NONE',  ( 1.000000000000000000, 0.000000000000000000, 0.000000000000000000 ) ) ;
#406 = DIRECTION ( 'NONE',  ( 1.000000000000000000, 0.000000000000000000, -4.336808689942013792E-16 ) ) ;
#407 = EDGE_LOOP ( 'NONE', ( #1722, #369, #1144, #1300 ) ) ;
#408 = DIRECTION ( 'NONE',  ( -1.301042606982605074E-16, 0.000000000000000000, -1.000000000000000000 ) ) ;
#409 = CARTESIAN_POINT ( 'NONE',  ( 37.99999999999999289, 0.000000000000000000, -21.99999999999999645 ) ) ;
#410 = ORIENTED_EDGE ( 'NONE', *, *, #712, .T. ) ;
#411 = EDGE_CURVE ( 'NONE', #1101, #548, #1272, .T. ) ;
#412 = CARTESIAN_POINT ( 'NONE',  ( 3.000000000000000000, 0.000000000000000000, -20.89999999999999858 ) ) ;
#413 = LINE ( 'NONE', #575, #1385 ) ;
#414 = CIRCLE ( 'NONE', #417, 1.749999999999998002 ) ;
#415 = VERTEX_POINT ( 'NONE', #896 ) ;
#416 = PLANE ( 'NONE',  #1156 ) ;
#417 = AXIS2_PLACEMENT_3D ( 'NONE', #737, #456, #447 ) ;
#418 = VERTEX_POINT ( 'NONE', #782 ) ;
#419 = VECTOR ( 'NONE', #652, 1000.000000000000000 ) ;
#420 = DIRECTION ( 'NONE',  ( -0.000000000000000000, -1.000000000000000000, -0.000000000000000000 ) ) ;
#421 = ADVANCED_FACE ( 'NONE', ( #1564 ), #874, .T. ) ;
#422 = DIRECTION ( 'NONE',  ( 0.000000000000000000, 0.000000000000000000, 1.000000000000000000 ) ) ;
#423 = ORIENTED_EDGE ( 'NONE', *, *, #1396, .T. ) ;
#424 = CARTESIAN_POINT ( 'NONE',  ( 26.00000000000000000, 2.000000000000000000, -6.000000000000000000 ) ) ;
#425 = ORIENTED_EDGE ( 'NONE', *, *, #844, .F. ) ;
#426 = DIRECTION ( 'NONE',  ( -1.000000000000000000, 0.000000000000000000, 0.000000000000000000 ) ) ;
#427 = FACE_OUTER_BOUND ( 'NONE', #1621, .T. ) ;
#428 = EDGE_LOOP ( 'NONE', ( #1274, #775, #670, #1559 ) ) ;
#429 = CARTESIAN_POINT ( 'NONE',  ( 64.00000000000000000, 2.000000000000000000, 0.000000000000000000 ) ) ;
#430 = ORIENTED_EDGE ( 'NONE', *, *, #346, .F. ) ;
#431 = CARTESIAN_POINT ( 'NONE',  ( 7.000000000000000888, 5.000000000000000000, -3.600000000000000533 ) ) ;
#432 = EDGE_CURVE ( 'NONE', #1257, #1724, #1427, .T. ) ;
#433 = DIRECTION ( 'NONE',  ( 1.000000000000000000, 0.000000000000000000, -4.336808689942013792E-16 ) ) ;
#434 = DIRECTION ( 'NONE',  ( -1.000000000000000000, 0.000000000000000000, 4.336808689942017120E-17 ) ) ;
#435 = AXIS2_PLACEMENT_3D ( 'NONE', #1348, #1384, #179 ) ;
#436 = ORIENTED_EDGE ( 'NONE', *, *, #454, .F. ) ;
#437 = LINE ( 'NONE', #178, #1512 ) ;
#438 = ADVANCED_FACE ( 'NONE', ( #1404 ), #1312, .F. ) ;
#439 = ORIENTED_EDGE ( 'NONE', *, *, #1650, .T. ) ;
#440 = VECTOR ( 'NONE', #918, 1000.000000000000000 ) ;
#441 = DIRECTION ( 'NONE',  ( 0.000000000000000000, 1.000000000000000000, 0.000000000000000000 ) ) ;
#442 = VECTOR ( 'NONE', #405, 1000.000000000000000 ) ;
#443 = DIRECTION ( 'NONE',  ( 0.000000000000000000, 0.000000000000000000, 1.000000000000000000 ) ) ;
#444 = CARTESIAN_POINT ( 'NONE',  ( 6.000000000000000888, 4.000000000000000000, -22.39999999999999858 ) ) ;
#445 = VECTOR ( 'NONE', #592, 1000.000000000000000 ) ;
#446 = ORIENTED_EDGE ( 'NONE', *, *, #1412, .T. ) ;
#447 = DIRECTION ( 'NONE',  ( 0.000000000000000000, 0.000000000000000000, 1.000000000000000000 ) ) ;
#448 = ORIENTED_EDGE ( 'NONE', *, *, #1077, .T. ) ;
#449 = CARTESIAN_POINT ( 'NONE',  ( 29.99999999999999289, 0.000000000000000000, -21.99999999999999645 ) ) ;
#450 = EDGE_CURVE ( 'NONE', #921, #1207, #1672, .T. ) ;
#451 = CARTESIAN_POINT ( 'NONE',  ( 60.00000000000000711, 4.000000000000000000, -28.00000000000000000 ) ) ;
#452 = CARTESIAN_POINT ( 'NONE',  ( 38.00000000000000000, 0.000000000000000000, -6.000000000000000000 ) ) ;
#453 = DIRECTION ( 'NONE',  ( 0.000000000000000000, 1.000000000000000000, 0.000000000000000000 ) ) ;
#454 = EDGE_CURVE ( 'NONE', #636, #1459, #375, .T. ) ;
#455 = VERTEX_POINT ( 'NONE', #1050 ) ;
#456 = DIRECTION ( 'NONE',  ( 0.000000000000000000, 1.000000000000000000, 0.000000000000000000 ) ) ;
#457 = VERTEX_POINT ( 'NONE', #1479 ) ;
#458 = DIRECTION ( 'NONE',  ( 0.000000000000000000, 1.000000000000000000, 0.000000000000000000 ) ) ;
#459 = EDGE_CURVE ( 'NONE', #243, #837, #1320, .T. ) ;
#460 = CARTESIAN_POINT ( 'NONE',  ( 0.000000000000000000, 2.000000000000000000, 0.000000000000000000 ) ) ;
#461 = ADVANCED_FACE ( 'NONE', ( #1472, #515, #25, #1213, #146, #272, #540, #672, #256, #124, #1344, #388, #398 ), #1352, .F. ) ;
#462 = DIRECTION ( 'NONE',  ( 0.000000000000000000, 0.000000000000000000, 1.000000000000000000 ) ) ;
#463 = ORIENTED_EDGE ( 'NONE', *, *, #1106, .F. ) ;
#464 = DIRECTION ( 'NONE',  ( 0.000000000000000000, 0.000000000000000000, -1.000000000000000000 ) ) ;
#465 = CARTESIAN_POINT ( 'NONE',  ( 3.000000000000000000, 0.000000000000000000, -22.64999999999999858 ) ) ;
#466 = AXIS2_PLACEMENT_3D ( 'NONE', #105, #895, #781 ) ;
#467 = ORIENTED_EDGE ( 'NONE', *, *, #736, .T. ) ;
#468 = ADVANCED_FACE ( 'NONE', ( #1588 ), #154, .F. ) ;
#469 = CARTESIAN_POINT ( 'NONE',  ( 62.00000000000000000, 2.000000000000000000, -17.00000000000000000 ) ) ;
#470 = AXIS2_PLACEMENT_3D ( 'NONE', #451, #1562, #385 ) ;
#471 = EDGE_LOOP ( 'NONE', ( #1166, #1109, #1199, #277 ) ) ;
#472 = DIRECTION ( 'NONE',  ( 1.000000000000000000, -0.000000000000000000, 1.652117596168386770E-15 ) ) ;
#473 = PRODUCT_DEFINITION ( 'UNKNOWN', '', #1538, #1273 ) ;
#474 = LINE ( 'NONE', #78, #43 ) ;
#475 = CARTESIAN_POINT ( 'NONE',  ( 29.99999999999999289, 2.000000000000000000, -21.99999999999999645 ) ) ;
#476 = EDGE_CURVE ( 'NONE', #98, #243, #663, .T. ) ;
#477 = VECTOR ( 'NONE', #1065, 1000.000000000000000 ) ;
#478 = VERTEX_POINT ( 'NONE', #1717 ) ;
#479 = DIRECTION ( 'NONE',  ( 0.000000000000000000, 0.000000000000000000, 1.000000000000000000 ) ) ;
#480 = ORIENTED_EDGE ( 'NONE', *, *, #671, .T. ) ;
#481 = PLANE ( 'NONE',  #1489 ) ;
#482 = ORIENTED_EDGE ( 'NONE', *, *, #1622, .F. ) ;
#483 = LINE ( 'NONE', #1593, #965 ) ;
#484 = DIRECTION ( 'NONE',  ( -0.000000000000000000, 0.000000000000000000, 1.000000000000000000 ) ) ;
#485 = LINE ( 'NONE', #348, #1331 ) ;
#486 = CARTESIAN_POINT ( 'NONE',  ( 33.99999999999998579, 0.000000000000000000, -21.99999999999999645 ) ) ;
#487 = DIRECTION ( 'NONE',  ( 0.000000000000000000, 0.000000000000000000, -1.000000000000000000 ) ) ;
#488 = PRODUCT_CONTEXT ( 'NONE', #379, 'mechanical' ) ;
#489 = EDGE_CURVE ( 'NONE', #700, #996, #815, .T. ) ;
#490 = ORIENTED_EDGE ( 'NONE', *, *, #522, .T. ) ;
#491 = LINE ( 'NONE', #1669, #1626 ) ;
#492 = EDGE_LOOP ( 'NONE', ( #893, #1370, #1249, #1497 ) ) ;
#493 = DIRECTION ( 'NONE',  ( 0.000000000000000000, 1.000000000000000000, 0.000000000000000000 ) ) ;
#494 = DIRECTION ( 'NONE',  ( -1.000000000000000000, 0.000000000000000000, 4.336808689942019708E-16 ) ) ;
#495 = PRODUCT ( 'Sensor_Halterung_ESP-NOW_1_Panel_Deckel', 'Sensor_Halterung_ESP-NOW_1_Panel_Deckel', '', ( #488 ) ) ;
#496 = EDGE_CURVE ( 'NONE', #853, #877, #1301, .T. ) ;
#497 = ORIENTED_EDGE ( 'NONE', *, *, #1421, .T. ) ;
#498 = LINE ( 'NONE', #1174, #440 ) ;
#499 = CARTESIAN_POINT ( 'NONE',  ( 0.000000000000000000, 0.000000000000000000, 0.000000000000000000 ) ) ;
#500 = EDGE_CURVE ( 'NONE', #1228, #58, #1082, .T. ) ;
#501 = ORIENTED_EDGE ( 'NONE', *, *, #513, .F. ) ;
#502 = EDGE_CURVE ( 'NONE', #1276, #372, #1548, .T. ) ;
#503 = ORIENTED_EDGE ( 'NONE', *, *, #712, .F. ) ;
#504 = VECTOR ( 'NONE', #276, 1000.000000000000000 ) ;
#505 = LINE ( 'NONE', #922, #167 ) ;
#506 = DIRECTION ( 'NONE',  ( 0.000000000000000000, 1.000000000000000000, 0.000000000000000000 ) ) ;
#507 = CIRCLE ( 'NONE', #1097, 1.750000000000001554 ) ;
#508 = VERTEX_POINT ( 'NONE', #1461 ) ;
#509 = DIRECTION ( 'NONE',  ( 0.000000000000000000, 0.000000000000000000, -1.000000000000000000 ) ) ;
#510 = AXIS2_PLACEMENT_3D ( 'NONE', #1434, #458, #1416 ) ;
#511 = VERTEX_POINT ( 'NONE', #953 ) ;
#512 = ORIENTED_EDGE ( 'NONE', *, *, #1484, .T. ) ;
#513 = EDGE_CURVE ( 'NONE', #757, #58, #249, .T. ) ;
#514 = PLANE ( 'NONE',  #1658 ) ;
#515 = FACE_BOUND ( 'NONE', #1713, .T. ) ;
#516 = CARTESIAN_POINT ( 'NONE',  ( 60.00000000000000000, 5.000000000000000000, -17.00000000000000000 ) ) ;
#517 = ORIENTED_EDGE ( 'NONE', *, *, #241, .F. ) ;
#518 = CARTESIAN_POINT ( 'NONE',  ( 64.00000000000000000, 2.000000000000000000, -28.00000000000000000 ) ) ;
#519 = ORIENTED_EDGE ( 'NONE', *, *, #1361, .T. ) ;
#520 = DIRECTION ( 'NONE',  ( -0.000000000000000000, 1.000000000000000000, -0.000000000000000000 ) ) ;
#521 = LINE ( 'NONE', #139, #709 ) ;
#522 = EDGE_CURVE ( 'NONE', #1207, #1177, #810, .T. ) ;
#523 = DIRECTION ( 'NONE',  ( 0.000000000000000000, -0.000000000000000000, 1.000000000000000000 ) ) ;
#524 = EDGE_CURVE ( 'NONE', #936, #1724, #521, .T. ) ;
#525 = VERTEX_POINT ( 'NONE', #1189 ) ;
#526 = PLANE ( 'NONE',  #824 ) ;
#527 = DIRECTION ( 'NONE',  ( -1.000000000000000000, -0.000000000000000000, -0.000000000000000000 ) ) ;
#528 = ORIENTED_EDGE ( 'NONE', *, *, #513, .T. ) ;
#529 = VECTOR ( 'NONE', #1201, 1000.000000000000000 ) ;
#530 = CARTESIAN_POINT ( 'NONE',  ( 7.000000000000000888, 5.000000000000000000, -3.600000000000000533 ) ) ;
#531 = VECTOR ( 'NONE', #186, 1000.000000000000000 ) ;
#532 = FACE_OUTER_BOUND ( 'NONE', #428, .T. ) ;
#533 = ORIENTED_EDGE ( 'NONE', *, *, #129, .T. ) ;
#534 = CARTESIAN_POINT ( 'NONE',  ( 64.00000000000000000, 2.000000000000000000, 0.000000000000000000 ) ) ;
#535 = CARTESIAN_POINT ( 'NONE',  ( 39.99999999999998579, 0.000000000000000000, -22.00000000000000000 ) ) ;
#536 = VECTOR ( 'NONE', #420, 1000.000000000000000 ) ;
#537 = ORIENTED_EDGE ( 'NONE', *, *, #807, .F. ) ;
#538 = AXIS2_PLACEMENT_3D ( 'NONE', #55, #1108, #1653 ) ;
#539 = ADVANCED_FACE ( 'NONE', ( #3 ), #1608, .T. ) ;
#540 = FACE_BOUND ( 'NONE', #909, .T. ) ;
#541 = LINE ( 'NONE', #147, #885 ) ;
#542 = VERTEX_POINT ( 'NONE', #1332 ) ;
#543 = CARTESIAN_POINT ( 'NONE',  ( 2.000000000000000000, 5.000000000000000000, -17.00000000000000000 ) ) ;
#544 = CARTESIAN_POINT ( 'NONE',  ( 29.99999999999999289, 0.000000000000000000, -21.99999999999999645 ) ) ;
#545 = ADVANCED_FACE ( 'NONE', ( #1520 ), #1222, .F. ) ;
#546 = EDGE_CURVE ( 'NONE', #636, #478, #318, .T. ) ;
#547 = EDGE_CURVE ( 'NONE', #110, #373, #974, .T. ) ;
#548 = VERTEX_POINT ( 'NONE', #1237 ) ;
#549 = CARTESIAN_POINT ( 'NONE',  ( 58.00000000000000000, 4.000000000000000000, -22.39999999999999858 ) ) ;
#550 = EDGE_CURVE ( 'NONE', #1382, #91, #713, .T. ) ;
#551 = CARTESIAN_POINT ( 'NONE',  ( 27.99999999999998934, 2.000000000000000000, -22.00000000000000000 ) ) ;
#552 = ORIENTED_EDGE ( 'NONE', *, *, #749, .F. ) ;
#553 = LINE ( 'NONE', #950, #1238 ) ;
#554 = VERTEX_POINT ( 'NONE', #567 ) ;
#555 = ADVANCED_FACE ( 'NONE', ( #967 ), #1245, .F. ) ;
#556 = AXIS2_PLACEMENT_3D ( 'NONE', #499, #666, #1323 ) ;
#557 = FACE_OUTER_BOUND ( 'NONE', #795, .T. ) ;
#558 = CIRCLE ( 'NONE', #1539, 1.750000000000001554 ) ;
#559 = DIRECTION ( 'NONE',  ( 4.336808689942019708E-16, 0.000000000000000000, 1.000000000000000000 ) ) ;
#560 = VECTOR ( 'NONE', #162, 1000.000000000000000 ) ;
#561 = ORIENTED_EDGE ( 'NONE', *, *, #172, .F. ) ;
#562 = DIRECTION ( 'NONE',  ( 4.747324979659362257E-16, 0.9578262852211518741, -0.2873478855663436082 ) ) ;
#563 = VECTOR ( 'NONE', #1566, 1000.000000000000000 ) ;
#564 = FACE_BOUND ( 'NONE', #1241, .T. ) ;
#565 = EDGE_LOOP ( 'NONE', ( #104, #28 ) ) ;
#566 = AXIS2_PLACEMENT_3D ( 'NONE', #930, #381, #1197 ) ;
#567 = CARTESIAN_POINT ( 'NONE',  ( 62.00000000000000000, 2.000000000000000000, -7.000000000000000000 ) ) ;
#568 = CARTESIAN_POINT ( 'NONE',  ( 29.99999999999999289, 2.000000000000000000, -21.99999999999999645 ) ) ;
#569 = APPLICATION_CONTEXT ( 'automotive_design' ) ;
#570 = ORIENTED_EDGE ( 'NONE', *, *, #194, .F. ) ;
#571 = CARTESIAN_POINT ( 'NONE',  ( 39.99999999999998579, 0.000000000000000000, -22.00000000000000000 ) ) ;
#572 = VERTEX_POINT ( 'NONE', #1393 ) ;
#573 = CARTESIAN_POINT ( 'NONE',  ( 0.000000000000000000, 2.000000000000000000, 0.000000000000000000 ) ) ;
#574 = CARTESIAN_POINT ( 'NONE',  ( 3.000000000000000000, 2.000000000000000000, -2.999999999999999112 ) ) ;
#575 = CARTESIAN_POINT ( 'NONE',  ( 34.00000000000000000, 2.000000000000000000, -6.000000000000000000 ) ) ;
#576 = EDGE_LOOP ( 'NONE', ( #480, #1657, #9, #1067, #430, #820, #501, #1084 ) ) ;
#577 = DIRECTION ( 'NONE',  ( -0.000000000000000000, -1.000000000000000000, -0.000000000000000000 ) ) ;
#578 = ORIENTED_EDGE ( 'NONE', *, *, #970, .T. ) ;
#579 = DIRECTION ( 'NONE',  ( -0.000000000000000000, 1.000000000000000000, -0.000000000000000000 ) ) ;
#580 = DIRECTION ( 'NONE',  ( -0.000000000000000000, -1.000000000000000000, -0.000000000000000000 ) ) ;
#581 = DIRECTION ( 'NONE',  ( -0.000000000000000000, -0.000000000000000000, -1.000000000000000000 ) ) ;
#582 = VECTOR ( 'NONE', #254, 1000.000000000000000 ) ;
#583 = ORIENTED_EDGE ( 'NONE', *, *, #718, .F. ) ;
#584 = CARTESIAN_POINT ( 'NONE',  ( 39.99999999999999289, 2.000000000000000000, -6.000000000000000000 ) ) ;
#585 = EDGE_CURVE ( 'NONE', #511, #936, #721, .T. ) ;
#586 = EDGE_LOOP ( 'NONE', ( #552, #439, #1157, #1583 ) ) ;
#587 = VECTOR ( 'NONE', #1167, 1000.000000000000000 ) ;
#588 = LINE ( 'NONE', #362, #1376 ) ;
#589 = LINE ( 'NONE', #1061, #879 ) ;
#590 = CIRCLE ( 'NONE', #655, 1.749999999999996891 ) ;
#591 = CARTESIAN_POINT ( 'NONE',  ( 3.000000000000000000, 2.000000000000000000, -4.749999999999999112 ) ) ;
#592 = DIRECTION ( 'NONE',  ( 4.336808689942019708E-16, 0.000000000000000000, 1.000000000000000000 ) ) ;
#593 = ORIENTED_EDGE ( 'NONE', *, *, #913, .F. ) ;
#594 = DIRECTION ( 'NONE',  ( -0.000000000000000000, 1.000000000000000000, -0.000000000000000000 ) ) ;
#595 = ORIENTED_EDGE ( 'NONE', *, *, #383, .F. ) ;
#596 = EDGE_CURVE ( 'NONE', #15, #1699, #622, .T. ) ;
#597 = PLANE ( 'NONE',  #615 ) ;
#598 = EDGE_CURVE ( 'NONE', #677, #1268, #287, .T. ) ;
#599 = LINE ( 'NONE', #1141, #1631 ) ;
#600 = FACE_OUTER_BOUND ( 'NONE', #40, .T. ) ;
#601 = DIRECTION ( 'NONE',  ( -1.000000000000000000, -0.000000000000000000, 1.734723475976808475E-15 ) ) ;
#602 = ORIENTED_EDGE ( 'NONE', *, *, #271, .F. ) ;
#603 = CARTESIAN_POINT ( 'NONE',  ( 0.000000000000000000, 2.000000000000000000, -28.00000000000000000 ) ) ;
#604 = LINE ( 'NONE', #1006, #1322 ) ;
#605 = VERTEX_POINT ( 'NONE', #845 ) ;
#606 = LINE ( 'NONE', #469, #846 ) ;
#607 = VERTEX_POINT ( 'NONE', #993 ) ;
#608 = EDGE_CURVE ( 'NONE', #739, #243, #688, .T. ) ;
#609 = DIRECTION ( 'NONE',  ( -0.000000000000000000, 1.000000000000000000, -0.000000000000000000 ) ) ;
#610 = DIRECTION ( 'NONE',  ( -0.000000000000000000, -1.000000000000000000, -0.000000000000000000 ) ) ;
#611 = CARTESIAN_POINT ( 'NONE',  ( 60.00000000000000000, 5.000000000000000000, -17.00000000000000000 ) ) ;
#612 = EDGE_LOOP ( 'NONE', ( #1231, #641, #973, #1536 ) ) ;
#613 = CARTESIAN_POINT ( 'NONE',  ( 3.000000000000000000, 0.000000000000000000, -1.249999999999999112 ) ) ;
#614 = PLANE ( 'NONE',  #1437 ) ;
#615 = AXIS2_PLACEMENT_3D ( 'NONE', #1568, #76, #1400 ) ;
#616 = ORIENTED_EDGE ( 'NONE', *, *, #1447, .T. ) ;
#617 = CARTESIAN_POINT ( 'NONE',  ( 25.99999999999999289, 0.000000000000000000, -21.99999999999999645 ) ) ;
#618 = VECTOR ( 'NONE', #577, 1000.000000000000000 ) ;
#619 = ORIENTED_EDGE ( 'NONE', *, *, #771, .T. ) ;
#620 = DIRECTION ( 'NONE',  ( 0.000000000000000000, 1.000000000000000000, 0.000000000000000000 ) ) ;
#621 = CYLINDRICAL_SURFACE ( 'NONE', #1463, 1.749999999999996891 ) ;
#622 = CIRCLE ( 'NONE', #1051, 1.750000000000001554 ) ;
#623 = VECTOR ( 'NONE', #581, 1000.000000000000000 ) ;
#624 = EDGE_LOOP ( 'NONE', ( #141, #537, #583, #101 ) ) ;
#625 = FACE_OUTER_BOUND ( 'NONE', #93, .T. ) ;
#626 = EDGE_LOOP ( 'NONE', ( #1350, #315, #793, #912 ) ) ;
#627 = CARTESIAN_POINT ( 'NONE',  ( 26.00000000000000000, 0.000000000000000000, -6.000000000000000000 ) ) ;
#628 = EDGE_CURVE ( 'NONE', #657, #135, #311, .T. ) ;
#629 = VERTEX_POINT ( 'NONE', #1492 ) ;
#630 = DIRECTION ( 'NONE',  ( 1.000000000000000000, 0.000000000000000000, 0.000000000000000000 ) ) ;
#631 = CARTESIAN_POINT ( 'NONE',  ( 57.00000000000000000, 2.000000000000000000, -3.600000000000000533 ) ) ;
#632 = ORIENTED_EDGE ( 'NONE', *, *, #1725, .T. ) ;
#633 = EDGE_CURVE ( 'NONE', #89, #149, #831, .T. ) ;
#634 = CARTESIAN_POINT ( 'NONE',  ( 25.99999999999999289, 2.000000000000000000, -21.99999999999999645 ) ) ;
#635 = CARTESIAN_POINT ( 'NONE',  ( 57.00000000000000000, 5.000000000000000000, -2.000000000000000000 ) ) ;
#636 = VERTEX_POINT ( 'NONE', #1096 ) ;
#637 = DIRECTION ( 'NONE',  ( -0.000000000000000000, 1.000000000000000000, -0.000000000000000000 ) ) ;
#638 = ORIENTED_EDGE ( 'NONE', *, *, #5, .T. ) ;
#639 = CARTESIAN_POINT ( 'NONE',  ( 3.000000000000000000, 2.000000000000000000, -19.14999999999999858 ) ) ;
#640 = CARTESIAN_POINT ( 'NONE',  ( 58.00000000000000000, 2.000000000000000000, -22.39999999999999858 ) ) ;
#641 = ORIENTED_EDGE ( 'NONE', *, *, #214, .F. ) ;
#642 = DIRECTION ( 'NONE',  ( -0.000000000000000000, -1.000000000000000000, -0.000000000000000000 ) ) ;
#643 = EDGE_CURVE ( 'NONE', #1655, #377, #1362, .T. ) ;
#644 =( NAMED_UNIT ( * ) SI_UNIT ( $, .STERADIAN. ) SOLID_ANGLE_UNIT ( ) );
#645 = ADVANCED_FACE ( 'NONE', ( #1229 ), #838, .F. ) ;
#646 = VERTEX_POINT ( 'NONE', #38 ) ;
#647 = FACE_OUTER_BOUND ( 'NONE', #1252, .T. ) ;
#648 = VECTOR ( 'NONE', #520, 1000.000000000000000 ) ;
#649 = ORIENTED_EDGE ( 'NONE', *, *, #1057, .T. ) ;
#650 = VECTOR ( 'NONE', #1302, 1000.000000000000000 ) ;
#651 = CARTESIAN_POINT ( 'NONE',  ( 31.99999999999998579, 2.000000000000000000, -22.00000000000000000 ) ) ;
#652 = DIRECTION ( 'NONE',  ( -0.000000000000000000, -0.000000000000000000, 1.000000000000000000 ) ) ;
#653 = AXIS2_PLACEMENT_3D ( 'NONE', #1690, #1652, #1142 ) ;
#654 = DIRECTION ( 'NONE',  ( -0.000000000000000000, 1.000000000000000000, -0.000000000000000000 ) ) ;
#655 = AXIS2_PLACEMENT_3D ( 'NONE', #731, #209, #887 ) ;
#656 = AXIS2_PLACEMENT_3D ( 'NONE', #431, #1387, #173 ) ;
#657 = VERTEX_POINT ( 'NONE', #1371 ) ;
#658 = CYLINDRICAL_SURFACE ( 'NONE', #1467, 1.749999999999996891 ) ;
#659 = DIRECTION ( 'NONE',  ( -1.000000000000000000, 0.000000000000000000, 1.734723475976808672E-15 ) ) ;
#660 = ORIENTED_EDGE ( 'NONE', *, *, #129, .F. ) ;
#661 = ADVANCED_FACE ( 'NONE', ( #557 ), #1112, .F. ) ;
#662 = LINE ( 'NONE', #651, #281 ) ;
#663 = LINE ( 'NONE', #1179, #419 ) ;
#664 = DIRECTION ( 'NONE',  ( -0.000000000000000000, 0.000000000000000000, 1.000000000000000000 ) ) ;
#665 = ADVANCED_FACE ( 'NONE', ( #1119 ), #1651, .F. ) ;
#666 = DIRECTION ( 'NONE',  ( 0.000000000000000000, 0.000000000000000000, 1.000000000000000000 ) ) ;
#667 = EDGE_CURVE ( 'NONE', #1063, #572, #71, .T. ) ;
#668 = ORIENTED_EDGE ( 'NONE', *, *, #271, .T. ) ;
#669 = CARTESIAN_POINT ( 'NONE',  ( 64.00000000000000000, 0.000000000000000000, 0.000000000000000000 ) ) ;
#670 = ORIENTED_EDGE ( 'NONE', *, *, #1293, .F. ) ;
#671 = EDGE_CURVE ( 'NONE', #1011, #98, #1425, .T. ) ;
#672 = FACE_BOUND ( 'NONE', #1017, .T. ) ;
#673 = LINE ( 'NONE', #926, #26 ) ;
#674 = APPLICATION_PROTOCOL_DEFINITION ( 'draft international standard', 'automotive_design', 1998, #379 ) ;
#675 = ORIENTED_EDGE ( 'NONE', *, *, #1727, .F. ) ;
#676 = DIRECTION ( 'NONE',  ( 1.000000000000000000, 0.000000000000000000, 0.000000000000000000 ) ) ;
#677 = VERTEX_POINT ( 'NONE', #326 ) ;
#678 = AXIS2_PLACEMENT_3D ( 'NONE', #1336, #1605, #393 ) ;
#679 = DIRECTION ( 'NONE',  ( 0.000000000000000000, 0.000000000000000000, 1.000000000000000000 ) ) ;
#680 = VECTOR ( 'NONE', #220, 1000.000000000000000 ) ;
#681 = CARTESIAN_POINT ( 'NONE',  ( 2.000000000000001332, 2.000000000000000000, -7.000000000000000000 ) ) ;
#682 = EDGE_CURVE ( 'NONE', #877, #1125, #1553, .T. ) ;
#683 = ORIENTED_EDGE ( 'NONE', *, *, #1589, .F. ) ;
#684 = CARTESIAN_POINT ( 'NONE',  ( 0.000000000000000000, 2.000000000000000000, -28.00000000000000000 ) ) ;
#685 = VECTOR ( 'NONE', #1089, 1000.000000000000000 ) ;
#686 = ORIENTED_EDGE ( 'NONE', *, *, #404, .T. ) ;
#687 = EDGE_CURVE ( 'NONE', #15, #1313, #483, .T. ) ;
#688 = LINE ( 'NONE', #573, #773 ) ;
#689 = CARTESIAN_POINT ( 'NONE',  ( 0.000000000000000000, 0.000000000000000000, -28.00000000000000000 ) ) ;
#690 = ORIENTED_EDGE ( 'NONE', *, *, #1226, .F. ) ;
#691 = CARTESIAN_POINT ( 'NONE',  ( 37.99999999999999289, 0.000000000000000000, -21.99999999999999645 ) ) ;
#692 = FACE_BOUND ( 'NONE', #119, .T. ) ;
#693 = ORIENTED_EDGE ( 'NONE', *, *, #1267, .T. ) ;
#694 = DIRECTION ( 'NONE',  ( -0.000000000000000000, 1.000000000000000000, -0.000000000000000000 ) ) ;
#695 = CARTESIAN_POINT ( 'NONE',  ( 61.00000000000000000, 0.000000000000000000, -20.89999999999999858 ) ) ;
#696 = ORIENTED_EDGE ( 'NONE', *, *, #697, .F. ) ;
#697 = EDGE_CURVE ( 'NONE', #107, #455, #226, .T. ) ;
#698 = LINE ( 'NONE', #1232, #257 ) ;
#699 = FACE_BOUND ( 'NONE', #565, .T. ) ;
#700 = VERTEX_POINT ( 'NONE', #199 ) ;
#701 = EDGE_CURVE ( 'NONE', #1710, #1071, #902, .T. ) ;
#702 = DIRECTION ( 'NONE',  ( 1.000000000000000000, 0.000000000000000000, -5.782411586589351722E-16 ) ) ;
#703 = AXIS2_PLACEMENT_3D ( 'NONE', #357, #493, #770 ) ;
#704 = FACE_OUTER_BOUND ( 'NONE', #1054, .T. ) ;
#705 = AXIS2_PLACEMENT_3D ( 'NONE', #86, #609, #894 ) ;
#706 = ORIENTED_EDGE ( 'NONE', *, *, #682, .T. ) ;
#707 = FACE_OUTER_BOUND ( 'NONE', #299, .T. ) ;
#708 = ORIENTED_EDGE ( 'NONE', *, *, #1128, .F. ) ;
#709 = VECTOR ( 'NONE', #822, 1000.000000000000000 ) ;
#710 = CIRCLE ( 'NONE', #176, 1.749999999999998002 ) ;
#711 = ORIENTED_EDGE ( 'NONE', *, *, #404, .F. ) ;
#712 = EDGE_CURVE ( 'NONE', #1483, #1177, #589, .T. ) ;
#713 = LINE ( 'NONE', #549, #1663 ) ;
#714 = DIRECTION ( 'NONE',  ( 1.000000000000000000, 0.000000000000000000, -0.000000000000000000 ) ) ;
#715 = CARTESIAN_POINT ( 'NONE',  ( 3.000000000000000000, 0.000000000000000000, -20.89999999999999858 ) ) ;
#716 = VERTEX_POINT ( 'NONE', #7 ) ;
#717 = FACE_OUTER_BOUND ( 'NONE', #1648, .T. ) ;
#718 = EDGE_CURVE ( 'NONE', #966, #804, #189, .T. ) ;
#719 = EDGE_LOOP ( 'NONE', ( #349, #400, #1413, #224 ) ) ;
#720 = VERTEX_POINT ( 'NONE', #216 ) ;
#721 = LINE ( 'NONE', #293, #1494 ) ;
#722 = PLANE ( 'NONE',  #799 ) ;
#723 = CARTESIAN_POINT ( 'NONE',  ( 31.99999999999998579, 0.000000000000000000, -22.00000000000000000 ) ) ;
#724 = ADVANCED_FACE ( 'NONE', ( #333 ), #658, .F. ) ;
#725 = ORIENTED_EDGE ( 'NONE', *, *, #807, .T. ) ;
#726 = LINE ( 'NONE', #204, #1124 ) ;
#727 = ORIENTED_EDGE ( 'NONE', *, *, #411, .F. ) ;
#728 = CARTESIAN_POINT ( 'NONE',  ( 39.99999999999998579, 0.000000000000000000, -22.00000000000000000 ) ) ;
#729 = CARTESIAN_POINT ( 'NONE',  ( 62.00000000000000000, 5.000000000000000000, -17.00000000000000000 ) ) ;
#730 = LINE ( 'NONE', #452, #1181 ) ;
#731 = CARTESIAN_POINT ( 'NONE',  ( 61.00000000000000000, 0.000000000000000000, -3.000000000000000000 ) ) ;
#732 = AXIS2_PLACEMENT_3D ( 'NONE', #1526, #343, #188 ) ;
#733 = ADVANCED_FACE ( 'NONE', ( #760 ), #872, .F. ) ;
#734 = AXIS2_PLACEMENT_3D ( 'NONE', #206, #741, #1299 ) ;
#735 = ORIENTED_EDGE ( 'NONE', *, *, #1668, .F. ) ;
#736 = EDGE_CURVE ( 'NONE', #1180, #1483, #1193, .T. ) ;
#737 = CARTESIAN_POINT ( 'NONE',  ( 61.00000000000000000, 2.000000000000000000, -20.89999999999999858 ) ) ;
#738 = LINE ( 'NONE', #1137, #1094 ) ;
#739 = VERTEX_POINT ( 'NONE', #207 ) ;
#740 = VECTOR ( 'NONE', #1410, 1000.000000000000000 ) ;
#741 = DIRECTION ( 'NONE',  ( 5.421010862427521184E-16, 0.000000000000000000, -1.000000000000000000 ) ) ;
#742 = DIRECTION ( 'NONE',  ( 0.000000000000000000, 0.000000000000000000, 1.000000000000000000 ) ) ;
#743 = VECTOR ( 'NONE', #1132, 1000.000000000000000 ) ;
#744 = CARTESIAN_POINT ( 'NONE',  ( 7.000000000000000888, 2.000000000000000000, -3.600000000000000533 ) ) ;
#745 = DIRECTION ( 'NONE',  ( -1.000000000000000000, -0.000000000000000000, -0.000000000000000000 ) ) ;
#746 = VERTEX_POINT ( 'NONE', #1260 ) ;
#747 = FACE_OUTER_BOUND ( 'NONE', #127, .T. ) ;
#748 = CARTESIAN_POINT ( 'NONE',  ( 0.000000000000000000, 0.000000000000000000, 0.000000000000000000 ) ) ;
#749 = EDGE_CURVE ( 'NONE', #1699, #15, #507, .T. ) ;
#750 = EDGE_LOOP ( 'NONE', ( #467, #1397, #1265, #423 ) ) ;
#751 = LINE ( 'NONE', #103, #1292 ) ;
#752 = DIRECTION ( 'NONE',  ( -1.000000000000000000, -0.000000000000000000, 1.734723475976808475E-15 ) ) ;
#753 = DIRECTION ( 'NONE',  ( 0.000000000000000000, 0.000000000000000000, 1.000000000000000000 ) ) ;
#754 = DIRECTION ( 'NONE',  ( 0.000000000000000000, 0.000000000000000000, -1.000000000000000000 ) ) ;
#755 = ORIENTED_EDGE ( 'NONE', *, *, #833, .F. ) ;
#756 = CARTESIAN_POINT ( 'NONE',  ( 31.99999999999998579, 0.000000000000000000, -22.00000000000000000 ) ) ;
#757 = VERTEX_POINT ( 'NONE', #518 ) ;
#758 = DIRECTION ( 'NONE',  ( -1.000000000000000000, -0.000000000000000000, -0.000000000000000000 ) ) ;
#759 = ORIENTED_EDGE ( 'NONE', *, *, #890, .F. ) ;
#760 = FACE_OUTER_BOUND ( 'NONE', #1719, .T. ) ;
#761 = CARTESIAN_POINT ( 'NONE',  ( 34.00000000000000000, 0.000000000000000000, -6.000000000000000000 ) ) ;
#762 = CARTESIAN_POINT ( 'NONE',  ( 60.00000000000001421, 4.000000000000055067, -26.50000000000001421 ) ) ;
#763 = ORIENTED_EDGE ( 'NONE', *, *, #190, .F. ) ;
#764 = CARTESIAN_POINT ( 'NONE',  ( 62.00000000000000000, 5.000000000000000000, -7.000000000000000000 ) ) ;
#765 = CIRCLE ( 'NONE', #1401, 1.749999999999996891 ) ;
#766 = ORIENTED_EDGE ( 'NONE', *, *, #546, .T. ) ;
#767 = AXIS2_PLACEMENT_3D ( 'NONE', #231, #487, #1429 ) ;
#768 = ORIENTED_EDGE ( 'NONE', *, *, #138, .T. ) ;
#769 = DIRECTION ( 'NONE',  ( -2.168404344971008868E-16, -0.000000000000000000, -1.000000000000000000 ) ) ;
#770 = DIRECTION ( 'NONE',  ( 0.000000000000000000, 0.000000000000000000, 1.000000000000000000 ) ) ;
#771 = EDGE_CURVE ( 'NONE', #23, #511, #1270, .T. ) ;
#772 = CARTESIAN_POINT ( 'NONE',  ( 3.000000000000000000, 0.000000000000000000, -2.999999999999999112 ) ) ;
#773 = VECTOR ( 'NONE', #981, 1000.000000000000000 ) ;
#774 = AXIS2_PLACEMENT_3D ( 'NONE', #160, #1499, #422 ) ;
#775 = ORIENTED_EDGE ( 'NONE', *, *, #1396, .F. ) ;
#776 = CARTESIAN_POINT ( 'NONE',  ( 33.99999999999998579, 2.000000000000000000, -21.99999999999999645 ) ) ;
#777 = SHAPE_DEFINITION_REPRESENTATION ( #237, #985 ) ;
#778 = ORIENTED_EDGE ( 'NONE', *, *, #718, .T. ) ;
#779 = DIRECTION ( 'NONE',  ( -1.734723475976808672E-15, 0.000000000000000000, -1.000000000000000000 ) ) ;
#780 = ORIENTED_EDGE ( 'NONE', *, *, #476, .F. ) ;
#781 = DIRECTION ( 'NONE',  ( 1.000000000000000000, 0.000000000000000000, 0.000000000000000000 ) ) ;
#782 = CARTESIAN_POINT ( 'NONE',  ( 31.99999999999998579, 0.000000000000000000, -22.00000000000000000 ) ) ;
#783 = EDGE_LOOP ( 'NONE', ( #1509, #826, #1154, #1091 ) ) ;
#784 = EDGE_CURVE ( 'NONE', #720, #1567, #599, .T. ) ;
#785 = PLANE ( 'NONE',  #986 ) ;
#786 = ORIENTED_EDGE ( 'NONE', *, *, #1010, .T. ) ;
#787 = ADVANCED_FACE ( 'NONE', ( #1681 ), #884, .F. ) ;
#788 = ORIENTED_EDGE ( 'NONE', *, *, #242, .F. ) ;
#789 = LINE ( 'NONE', #903, #1349 ) ;
#790 = DIRECTION ( 'NONE',  ( 0.000000000000000000, -0.000000000000000000, 1.000000000000000000 ) ) ;
#791 = PLANE ( 'NONE',  #1163 ) ;
#792 = ADVANCED_FACE ( 'NONE', ( #1149 ), #1289, .F. ) ;
#793 = ORIENTED_EDGE ( 'NONE', *, *, #1464, .F. ) ;
#794 = CARTESIAN_POINT ( 'NONE',  ( 25.99999999999999289, 0.000000000000000000, -21.99999999999999645 ) ) ;
#795 = EDGE_LOOP ( 'NONE', ( #812, #593, #1004, #1478 ) ) ;
#796 = VECTOR ( 'NONE', #1005, 1000.000000000000000 ) ;
#797 = DIRECTION ( 'NONE',  ( -0.000000000000000000, 1.000000000000000000, -0.000000000000000000 ) ) ;
#798 = CARTESIAN_POINT ( 'NONE',  ( 0.000000000000000000, 5.000000000000000000, 0.000000000000000000 ) ) ;
#799 = AXIS2_PLACEMENT_3D ( 'NONE', #54, #1151, #753 ) ;
#800 = EDGE_CURVE ( 'NONE', #921, #1483, #95, .T. ) ;
#801 = CARTESIAN_POINT ( 'NONE',  ( 6.000000000000000000, 4.000000000000000000, -23.90000000000000213 ) ) ;
#802 = AXIS2_PLACEMENT_3D ( 'NONE', #1709, #494, #1572 ) ;
#803 = AXIS2_PLACEMENT_3D ( 'NONE', #715, #61, #1134 ) ;
#804 = VERTEX_POINT ( 'NONE', #1488 ) ;
#805 = LINE ( 'NONE', #827, #200 ) ;
#806 = PLANE ( 'NONE',  #678 ) ;
#807 = EDGE_CURVE ( 'NONE', #804, #1183, #291, .T. ) ;
#808 = UNCERTAINTY_MEASURE_WITH_UNIT (LENGTH_MEASURE( 1.000000000000000082E-05 ), #1296, 'distance_accuracy_value', 'NONE');
#809 = ORIENTED_EDGE ( 'NONE', *, *, #585, .F. ) ;
#810 = LINE ( 'NONE', #1339, #940 ) ;
#811 = CARTESIAN_POINT ( 'NONE',  ( 62.00000000000000000, 5.000000000000000000, -17.00000000000000000 ) ) ;
#812 = ORIENTED_EDGE ( 'NONE', *, *, #990, .T. ) ;
#813 = CARTESIAN_POINT ( 'NONE',  ( 26.00000000000000000, 0.000000000000000000, -6.000000000000000000 ) ) ;
#814 = ORIENTED_EDGE ( 'NONE', *, *, #2, .F. ) ;
#815 = LINE ( 'NONE', #16, #991 ) ;
#816 = CARTESIAN_POINT ( 'NONE',  ( 61.00000000000000000, 2.000000000000000000, -19.14999999999999858 ) ) ;
#817 = ORIENTED_EDGE ( 'NONE', *, *, #823, .F. ) ;
#818 = LINE ( 'NONE', #1347, #1660 ) ;
#819 = ADVANCED_FACE ( 'NONE', ( #1208 ), #526, .T. ) ;
#820 = ORIENTED_EDGE ( 'NONE', *, *, #500, .T. ) ;
#821 = AXIS2_PLACEMENT_3D ( 'NONE', #208, #174, #714 ) ;
#822 = DIRECTION ( 'NONE',  ( 1.000000000000000000, 0.000000000000000000, 0.000000000000000000 ) ) ;
#823 = EDGE_CURVE ( 'NONE', #1101, #355, #698, .T. ) ;
#824 = AXIS2_PLACEMENT_3D ( 'NONE', #1102, #1603, #136 ) ;
#825 = LINE ( 'NONE', #811, #477 ) ;
#826 = ORIENTED_EDGE ( 'NONE', *, *, #547, .F. ) ;
#827 = CARTESIAN_POINT ( 'NONE',  ( 64.00000000000000000, 0.000000000000000000, 0.000000000000000000 ) ) ;
#828 = LINE ( 'NONE', #836, #958 ) ;
#829 = VECTOR ( 'NONE', #694, 1000.000000000000000 ) ;
#830 = EDGE_LOOP ( 'NONE', ( #963, #1115, #763, #158 ) ) ;
#831 = LINE ( 'NONE', #31, #1414 ) ;
#832 = PLANE ( 'NONE',  #1518 ) ;
#833 = EDGE_CURVE ( 'NONE', #324, #376, #1200, .T. ) ;
#834 = ORIENTED_EDGE ( 'NONE', *, *, #1293, .T. ) ;
#835 = CARTESIAN_POINT ( 'NONE',  ( 27.99999999999998934, 0.000000000000000000, -22.00000000000000000 ) ) ;
#836 = CARTESIAN_POINT ( 'NONE',  ( 30.00000000000000000, 0.000000000000000000, -6.000000000000000000 ) ) ;
#837 = VERTEX_POINT ( 'NONE', #669 ) ;
#838 = PLANE ( 'NONE',  #371 ) ;
#839 = DIRECTION ( 'NONE',  ( 0.000000000000000000, 0.000000000000000000, 1.000000000000000000 ) ) ;
#840 = ORIENTED_EDGE ( 'NONE', *, *, #1128, .T. ) ;
#841 = FACE_OUTER_BOUND ( 'NONE', #1033, .T. ) ;
#842 = EDGE_CURVE ( 'NONE', #135, #607, #284, .T. ) ;
#843 = EDGE_LOOP ( 'NONE', ( #56, #1392, #638, #1525 ) ) ;
#844 = EDGE_CURVE ( 'NONE', #1459, #980, #260, .T. ) ;
#845 = CARTESIAN_POINT ( 'NONE',  ( 6.000000000000000888, 2.000000000000000000, -22.39999999999999858 ) ) ;
#846 = VECTOR ( 'NONE', #1016, 1000.000000000000000 ) ;
#847 = DIRECTION ( 'NONE',  ( -1.000000000000000000, -0.000000000000000000, -0.000000000000000000 ) ) ;
#848 = EDGE_CURVE ( 'NONE', #1375, #457, #1068, .T. ) ;
#849 = PLANE ( 'NONE',  #992 ) ;
#850 = VECTOR ( 'NONE', #852, 1000.000000000000000 ) ;
#851 = ORIENTED_EDGE ( 'NONE', *, *, #496, .F. ) ;
#852 = DIRECTION ( 'NONE',  ( 4.336808689942019708E-16, 0.000000000000000000, 1.000000000000000000 ) ) ;
#853 = VERTEX_POINT ( 'NONE', #142 ) ;
#854 = VECTOR ( 'NONE', #1610, 1000.000000000000000 ) ;
#855 = CARTESIAN_POINT ( 'NONE',  ( 7.000000000000000888, 5.000000000000000000, -3.600000000000000533 ) ) ;
#856 = FACE_OUTER_BOUND ( 'NONE', #576, .T. ) ;
#857 = LINE ( 'NONE', #1380, #623 ) ;
#858 = EDGE_LOOP ( 'NONE', ( #725, #735, #384, #251 ) ) ;
#859 = LINE ( 'NONE', #1391, #680 ) ;
#860 = ORIENTED_EDGE ( 'NONE', *, *, #924, .T. ) ;
#861 = EDGE_CURVE ( 'NONE', #837, #1011, #805, .T. ) ;
#862 = ORIENTED_EDGE ( 'NONE', *, *, #1140, .T. ) ;
#863 = DIRECTION ( 'NONE',  ( -1.652117596168386770E-15, 0.000000000000000000, 1.000000000000000000 ) ) ;
#864 = CARTESIAN_POINT ( 'NONE',  ( 37.99999999999999289, 2.000000000000000000, -21.99999999999999645 ) ) ;
#865 = EDGE_CURVE ( 'NONE', #457, #1710, #1092, .T. ) ;
#866 = PLANE ( 'NONE',  #1240 ) ;
#867 = ORIENTED_EDGE ( 'NONE', *, *, #476, .T. ) ;
#868 = CARTESIAN_POINT ( 'NONE',  ( 2.000000000000000000, 5.000000000000000000, -17.00000000000000000 ) ) ;
#869 = ORIENTED_EDGE ( 'NONE', *, *, #2, .T. ) ;
#870 = EDGE_CURVE ( 'NONE', #1458, #901, #157, .T. ) ;
#871 = DIRECTION ( 'NONE',  ( -2.168404344971008868E-16, 0.000000000000000000, -1.000000000000000000 ) ) ;
#872 = PLANE ( 'NONE',  #470 ) ;
#873 = FACE_OUTER_BOUND ( 'NONE', #1129, .T. ) ;
#874 = PLANE ( 'NONE',  #1076 ) ;
#875 = VECTOR ( 'NONE', #1087, 1000.000000000000000 ) ;
#876 = EDGE_CURVE ( 'NONE', #936, #949, #41, .T. ) ;
#877 = VERTEX_POINT ( 'NONE', #392 ) ;
#878 = CARTESIAN_POINT ( 'NONE',  ( 4.000000000000003553, 4.000000000000000000, -28.00000000000000000 ) ) ;
#879 = VECTOR ( 'NONE', #752, 1000.000000000000000 ) ;
#880 = ORIENTED_EDGE ( 'NONE', *, *, #960, .F. ) ;
#881 = AXIS2_PLACEMENT_3D ( 'NONE', #574, #1513, #1113 ) ;
#882 = CARTESIAN_POINT ( 'NONE',  ( 2.000000000000000000, 2.000000000000000000, -17.00000000000000000 ) ) ;
#883 = VECTOR ( 'NONE', #1540, 1000.000000000000000 ) ;
#884 = CYLINDRICAL_SURFACE ( 'NONE', #705, 1.750000000000000000 ) ;
#885 = VECTOR ( 'NONE', #280, 1000.000000000000000 ) ;
#886 = CARTESIAN_POINT ( 'NONE',  ( 60.00000000000001421, 4.000000000000000000, -26.49999999999999645 ) ) ;
#887 = DIRECTION ( 'NONE',  ( 0.000000000000000000, 0.000000000000000000, 1.000000000000000000 ) ) ;
#888 = ORIENTED_EDGE ( 'NONE', *, *, #1673, .T. ) ;
#889 = CARTESIAN_POINT ( 'NONE',  ( 61.00000000000000000, 0.000000000000000000, -22.64999999999999503 ) ) ;
#890 = EDGE_CURVE ( 'NONE', #629, #837, #1482, .T. ) ;
#891 = ORIENTED_EDGE ( 'NONE', *, *, #1614, .T. ) ;
#892 = LINE ( 'NONE', #213, #1261 ) ;
#893 = ORIENTED_EDGE ( 'NONE', *, *, #990, .F. ) ;
#894 = DIRECTION ( 'NONE',  ( 0.000000000000000000, 0.000000000000000000, 1.000000000000000000 ) ) ;
#895 = DIRECTION ( 'NONE',  ( -0.000000000000000000, 0.000000000000000000, 1.000000000000000000 ) ) ;
#896 = CARTESIAN_POINT ( 'NONE',  ( 31.99999999999999289, 2.000000000000000000, -6.000000000000000000 ) ) ;
#897 = ORIENTED_EDGE ( 'NONE', *, *, #1615, .T. ) ;
#898 = LINE ( 'NONE', #1439, #563 ) ;
#899 = ORIENTED_EDGE ( 'NONE', *, *, #628, .F. ) ;
#900 = FACE_OUTER_BOUND ( 'NONE', #1712, .T. ) ;
#901 = VERTEX_POINT ( 'NONE', #1335 ) ;
#902 = LINE ( 'NONE', #1029, #650 ) ;
#903 = CARTESIAN_POINT ( 'NONE',  ( 0.000000000000000000, 2.000000000000000000, 0.000000000000000000 ) ) ;
#904 = DIRECTION ( 'NONE',  ( -1.000000000000000000, 0.000000000000000000, 0.000000000000000000 ) ) ;
#905 = ADVANCED_FACE ( 'NONE', ( #943 ), #268, .F. ) ;
#906 = VERTEX_POINT ( 'NONE', #1225 ) ;
#907 = CARTESIAN_POINT ( 'NONE',  ( 3.600000000000001421, 5.000000000000000000, -17.00000000000000000 ) ) ;
#908 = VECTOR ( 'NONE', #1678, 1000.000000000000000 ) ;
#909 = EDGE_LOOP ( 'NONE', ( #570, #989 ) ) ;
#910 = CARTESIAN_POINT ( 'NONE',  ( 39.99999999999999289, 0.000000000000000000, -6.000000000000000000 ) ) ;
#911 = AXIS2_PLACEMENT_3D ( 'NONE', #244, #1694, #1025 ) ;
#912 = ORIENTED_EDGE ( 'NONE', *, *, #628, .T. ) ;
#913 = EDGE_CURVE ( 'NONE', #170, #605, #553, .T. ) ;
#914 = CARTESIAN_POINT ( 'NONE',  ( 61.00000000000000000, 2.000000000000000000, -3.000000000000000000 ) ) ;
#915 = DIRECTION ( 'NONE',  ( -1.000000000000000000, -0.000000000000000000, -0.000000000000000000 ) ) ;
#916 = CIRCLE ( 'NONE', #1269, 1.750000000000001554 ) ;
#917 = VERTEX_POINT ( 'NONE', #684 ) ;
#918 = DIRECTION ( 'NONE',  ( 1.000000000000000000, 0.000000000000000000, 5.421010862427521184E-16 ) ) ;
#919 = ORIENTED_EDGE ( 'NONE', *, *, #1037, .T. ) ;
#920 = CARTESIAN_POINT ( 'NONE',  ( 7.000000000000000888, 2.000000000000000000, -3.600000000000000533 ) ) ;
#921 = VERTEX_POINT ( 'NONE', #275 ) ;
#922 = CARTESIAN_POINT ( 'NONE',  ( 34.00000000000000000, 0.000000000000000000, -6.000000000000000000 ) ) ;
#923 = DIRECTION ( 'NONE',  ( 0.000000000000000000, -0.000000000000000000, -1.000000000000000000 ) ) ;
#924 = EDGE_CURVE ( 'NONE', #1576, #1071, #818, .T. ) ;
#925 = ADVANCED_FACE ( 'NONE', ( #1628 ), #416, .F. ) ;
#926 = CARTESIAN_POINT ( 'NONE',  ( 2.000000000000000000, 2.000000000000000000, -17.00000000000000000 ) ) ;
#927 = ORIENTED_EDGE ( 'NONE', *, *, #833, .T. ) ;
#928 = ORIENTED_EDGE ( 'NONE', *, *, #459, .F. ) ;
#929 = DIRECTION ( 'NONE',  ( 1.000000000000000000, 0.000000000000000000, -2.168404344971008868E-16 ) ) ;
#930 = CARTESIAN_POINT ( 'NONE',  ( 61.00000000000000000, 0.000000000000000000, -3.000000000000000000 ) ) ;
#931 = DIRECTION ( 'NONE',  ( 4.336808689942019708E-16, 0.000000000000000000, 1.000000000000000000 ) ) ;
#932 = EDGE_CURVE ( 'NONE', #949, #1257, #1250, .T. ) ;
#933 = EDGE_LOOP ( 'NONE', ( #212, #711, #1443, #1294 ) ) ;
#934 = CARTESIAN_POINT ( 'NONE',  ( 61.00000000000000000, 0.000000000000000000, -4.749999999999997335 ) ) ;
#935 = VECTOR ( 'NONE', #1687, 1000.000000000000000 ) ;
#936 = VERTEX_POINT ( 'NONE', #1110 ) ;
#937 = AXIS2_PLACEMENT_3D ( 'NONE', #1689, #472, #1019 ) ;
#938 = DIRECTION ( 'NONE',  ( -0.000000000000000000, -1.000000000000000000, -0.000000000000000000 ) ) ;
#939 = CARTESIAN_POINT ( 'NONE',  ( 3.000000000000000000, 0.000000000000000000, -19.14999999999999858 ) ) ;
#940 = VECTOR ( 'NONE', #278, 1000.000000000000000 ) ;
#941 = VECTOR ( 'NONE', #1480, 1000.000000000000000 ) ;
#942 = ORIENTED_EDGE ( 'NONE', *, *, #214, .T. ) ;
#943 = FACE_OUTER_BOUND ( 'NONE', #626, .T. ) ;
#944 = ADVANCED_FACE ( 'NONE', ( #841 ), #1383, .F. ) ;
#945 = EDGE_CURVE ( 'NONE', #1533, #966, #726, .T. ) ;
#946 = EDGE_LOOP ( 'NONE', ( #519, #899, #1360, #860 ) ) ;
#947 = DIRECTION ( 'NONE',  ( 0.000000000000000000, 0.000000000000000000, 1.000000000000000000 ) ) ;
#948 = CARTESIAN_POINT ( 'NONE',  ( 4.000000000000003553, 4.000000000000000000, -28.00000000000000000 ) ) ;
#949 = VERTEX_POINT ( 'NONE', #1126 ) ;
#950 = CARTESIAN_POINT ( 'NONE',  ( 6.000000000000000888, 4.000000000000000000, -22.39999999999999858 ) ) ;
#951 = ORIENTED_EDGE ( 'NONE', *, *, #1500, .F. ) ;
#952 = EDGE_CURVE ( 'NONE', #91, #89, #196, .T. ) ;
#953 = CARTESIAN_POINT ( 'NONE',  ( 4.000000000000001776, 2.000000000000000000, -28.00000000000000000 ) ) ;
#954 = PLANE ( 'NONE',  #1609 ) ;
#955 = ORIENTED_EDGE ( 'NONE', *, *, #1614, .F. ) ;
#956 = CARTESIAN_POINT ( 'NONE',  ( 37.99999999999999289, 2.000000000000000000, -21.99999999999999645 ) ) ;
#957 = EDGE_LOOP ( 'NONE', ( #361, #1703, #1211, #1015 ) ) ;
#958 = VECTOR ( 'NONE', #1359, 1000.000000000000000 ) ;
#959 = DIRECTION ( 'NONE',  ( 1.000000000000000000, 0.000000000000000000, 0.000000000000000000 ) ) ;
#960 = EDGE_CURVE ( 'NONE', #739, #629, #437, .T. ) ;
#961 = VECTOR ( 'NONE', #1402, 1000.000000000000000 ) ;
#962 = CARTESIAN_POINT ( 'NONE',  ( 3.000000000000000000, 0.000000000000000000, -20.89999999999999858 ) ) ;
#963 = ORIENTED_EDGE ( 'NONE', *, *, #701, .T. ) ;
#964 = DIRECTION ( 'NONE',  ( -0.000000000000000000, -1.000000000000000000, -0.000000000000000000 ) ) ;
#965 = VECTOR ( 'NONE', #345, 1000.000000000000000 ) ;
#966 = VERTEX_POINT ( 'NONE', #584 ) ;
#967 = FACE_OUTER_BOUND ( 'NONE', #1023, .T. ) ;
#968 = DIRECTION ( 'NONE',  ( 1.000000000000000000, 0.000000000000000000, 0.000000000000000000 ) ) ;
#969 = EDGE_CURVE ( 'NONE', #542, #49, #414, .T. ) ;
#970 = EDGE_CURVE ( 'NONE', #511, #917, #1647, .T. ) ;
#971 = ORIENTED_EDGE ( 'NONE', *, *, #1120, .F. ) ;
#972 = DIRECTION ( 'NONE',  ( -1.000000000000000000, -0.000000000000000000, -0.000000000000000000 ) ) ;
#973 = ORIENTED_EDGE ( 'NONE', *, *, #51, .F. ) ;
#974 = LINE ( 'NONE', #1377, #536 ) ;
#975 = CARTESIAN_POINT ( 'NONE',  ( 2.000000000000001332, 5.000000000000000000, -7.000000000000000000 ) ) ;
#976 = ADVANCED_FACE ( 'NONE', ( #717 ), #1534, .F. ) ;
#977 = ORIENTED_EDGE ( 'NONE', *, *, #633, .F. ) ;
#978 = LINE ( 'NONE', #1524, #1378 ) ;
#979 = CARTESIAN_POINT ( 'NONE',  ( 3.000000000000000000, 0.000000000000000000, -22.64999999999999858 ) ) ;
#980 = VERTEX_POINT ( 'NONE', #997 ) ;
#981 = DIRECTION ( 'NONE',  ( -0.000000000000000000, -1.000000000000000000, -0.000000000000000000 ) ) ;
#982 = AXIS2_PLACEMENT_3D ( 'NONE', #8, #1062, #22 ) ;
#983 = LINE ( 'NONE', #1281, #334 ) ;
#984 = DIRECTION ( 'NONE',  ( 0.000000000000000000, 1.000000000000000000, 0.000000000000000000 ) ) ;
#985 = ADVANCED_BREP_SHAPE_REPRESENTATION ( 'Sensor_Halterung_ESP-NOW_1_Panel_Deckel', ( #321, #556 ), #255 ) ;
#986 = AXIS2_PLACEMENT_3D ( 'NONE', #370, #1182, #509 ) ;
#987 = EDGE_LOOP ( 'NONE', ( #410, #1366, #230, #1452 ) ) ;
#988 = DIRECTION ( 'NONE',  ( 5.782411586589351722E-16, -0.000000000000000000, 1.000000000000000000 ) ) ;
#989 = ORIENTED_EDGE ( 'NONE', *, *, #969, .F. ) ;
#990 = EDGE_CURVE ( 'NONE', #149, #605, #978, .T. ) ;
#991 = VECTOR ( 'NONE', #938, 1000.000000000000000 ) ;
#992 = AXIS2_PLACEMENT_3D ( 'NONE', #1363, #434, #1637 ) ;
#993 = CARTESIAN_POINT ( 'NONE',  ( 27.99999999999999289, 2.000000000000000000, -6.000000000000000000 ) ) ;
#994 = CARTESIAN_POINT ( 'NONE',  ( 60.00000000000000711, 4.000000000000000000, -28.00000000000000000 ) ) ;
#995 = FACE_OUTER_BOUND ( 'NONE', #1487, .T. ) ;
#996 = VERTEX_POINT ( 'NONE', #1517 ) ;
#997 = CARTESIAN_POINT ( 'NONE',  ( 57.00000000000000000, 5.000000000000000000, -2.000000000000000000 ) ) ;
#998 = CARTESIAN_POINT ( 'NONE',  ( 3.000000000000000000, 0.000000000000000000, -1.249999999999999112 ) ) ;
#999 = EDGE_LOOP ( 'NONE', ( #42, #1203, #1373, #862 ) ) ;
#1000 = DIRECTION ( 'NONE',  ( 5.782411586589351722E-16, -0.000000000000000000, 1.000000000000000000 ) ) ;
#1001 = EDGE_CURVE ( 'NONE', #1459, #677, #1398, .T. ) ;
#1002 = CARTESIAN_POINT ( 'NONE',  ( 35.99999999999999289, 2.000000000000000000, -22.00000000000000000 ) ) ;
#1003 = CARTESIAN_POINT ( 'NONE',  ( 60.00000000000000711, 4.000000000000000000, -28.00000000000000000 ) ) ;
#1004 = ORIENTED_EDGE ( 'NONE', *, *, #1569, .F. ) ;
#1005 = DIRECTION ( 'NONE',  ( -1.000000000000000000, -0.000000000000000000, -0.000000000000000000 ) ) ;
#1006 = CARTESIAN_POINT ( 'NONE',  ( 6.000000000000000888, 2.000000000000000000, -22.39999999999999858 ) ) ;
#1007 = ORIENTED_EDGE ( 'NONE', *, *, #667, .F. ) ;
#1008 = DIRECTION ( 'NONE',  ( -0.000000000000000000, 1.000000000000000000, -0.000000000000000000 ) ) ;
#1009 = CARTESIAN_POINT ( 'NONE',  ( 31.99999999999998579, 0.000000000000000000, -22.00000000000000000 ) ) ;
#1010 = EDGE_CURVE ( 'NONE', #548, #342, #323, .T. ) ;
#1011 = VERTEX_POINT ( 'NONE', #1145 ) ;
#1012 = CARTESIAN_POINT ( 'NONE',  ( 61.00000000000000000, 2.000000000000000000, -4.749999999999997335 ) ) ;
#1013 = CARTESIAN_POINT ( 'NONE',  ( 27.99999999999998934, 2.000000000000000000, -22.00000000000000000 ) ) ;
#1014 = VECTOR ( 'NONE', #1280, 1000.000000000000000 ) ;
#1015 = ORIENTED_EDGE ( 'NONE', *, *, #138, .F. ) ;
#1016 = DIRECTION ( 'NONE',  ( -0.000000000000000000, -0.000000000000000000, -1.000000000000000000 ) ) ;
#1017 = EDGE_LOOP ( 'NONE', ( #115, #1469 ) ) ;
#1018 = AXIS2_PLACEMENT_3D ( 'NONE', #265, #1074, #947 ) ;
#1019 = DIRECTION ( 'NONE',  ( 1.652117596168386770E-15, 0.000000000000000000, -1.000000000000000000 ) ) ;
#1020 = VECTOR ( 'NONE', #931, 1000.000000000000000 ) ;
#1021 = LINE ( 'NONE', #1009, #1406 ) ;
#1022 = CARTESIAN_POINT ( 'NONE',  ( 38.00000000000000000, 0.000000000000000000, -6.000000000000000000 ) ) ;
#1023 = EDGE_LOOP ( 'NONE', ( #1007, #1187, #6, #1428 ) ) ;
#1024 = EDGE_CURVE ( 'NONE', #23, #949, #73, .T. ) ;
#1025 = DIRECTION ( 'NONE',  ( 4.336808689942019708E-16, 0.000000000000000000, 1.000000000000000000 ) ) ;
#1026 = CARTESIAN_POINT ( 'NONE',  ( 38.00000000000000000, 2.000000000000000000, -6.000000000000000000 ) ) ;
#1027 = ORIENTED_EDGE ( 'NONE', *, *, #397, .F. ) ;
#1028 = ORIENTED_EDGE ( 'NONE', *, *, #1024, .F. ) ;
#1029 = CARTESIAN_POINT ( 'NONE',  ( 25.99999999999999289, 2.000000000000000000, -21.99999999999999645 ) ) ;
#1030 = CARTESIAN_POINT ( 'NONE',  ( 27.99999999999999289, 0.000000000000000000, -6.000000000000000000 ) ) ;
#1031 = ORIENTED_EDGE ( 'NONE', *, *, #1277, .T. ) ;
#1032 = LINE ( 'NONE', #1314, #1351 ) ;
#1033 = EDGE_LOOP ( 'NONE', ( #1646, #304, #215, #708 ) ) ;
#1034 = FACE_OUTER_BOUND ( 'NONE', #999, .T. ) ;
#1035 = ADVANCED_FACE ( 'NONE', ( #747 ), #1502, .F. ) ;
#1036 = ORIENTED_EDGE ( 'NONE', *, *, #1010, .F. ) ;
#1037 = EDGE_CURVE ( 'NONE', #1177, #1490, #297, .T. ) ;
#1038 = FACE_OUTER_BOUND ( 'NONE', #296, .T. ) ;
#1039 = CARTESIAN_POINT ( 'NONE',  ( 60.00000000000000000, 2.000000000000000000, -6.999999999999999112 ) ) ;
#1040 = ORIENTED_EDGE ( 'NONE', *, *, #1447, .F. ) ;
#1041 = LINE ( 'NONE', #1307, #1405 ) ;
#1042 = VECTOR ( 'NONE', #610, 1000.000000000000000 ) ;
#1043 = EDGE_LOOP ( 'NONE', ( #533, #602, #177, #786 ) ) ;
#1044 = CARTESIAN_POINT ( 'NONE',  ( 61.00000000000000000, 0.000000000000000000, -19.14999999999999858 ) ) ;
#1045 = VECTOR ( 'NONE', #350, 1000.000000000000000 ) ;
#1046 = ORIENTED_EDGE ( 'NONE', *, *, #1327, .F. ) ;
#1047 = EDGE_CURVE ( 'NONE', #1173, #1276, #1116, .T. ) ;
#1048 = ADVANCED_FACE ( 'NONE', ( #707 ), #1656, .F. ) ;
#1049 = LINE ( 'NONE', #1453, #1153 ) ;
#1050 = CARTESIAN_POINT ( 'NONE',  ( 62.00000000000000000, 2.000000000000000000, -17.00000000000000000 ) ) ;
#1051 = AXIS2_PLACEMENT_3D ( 'NONE', #412, #441, #1659 ) ;
#1052 = ORIENTED_EDGE ( 'NONE', *, *, #432, .F. ) ;
#1053 = EDGE_LOOP ( 'NONE', ( #1516, #198, #840, #1419 ) ) ;
#1054 = EDGE_LOOP ( 'NONE', ( #1619, #696, #1586, #448 ) ) ;
#1055 = EDGE_CURVE ( 'NONE', #548, #253, #859, .T. ) ;
#1056 = DIRECTION ( 'NONE',  ( 1.000000000000000000, 0.000000000000000000, 0.000000000000000000 ) ) ;
#1057 = EDGE_CURVE ( 'NONE', #75, #376, #1720, .T. ) ;
#1058 = DIRECTION ( 'NONE',  ( 0.000000000000000000, -1.000000000000000000, 0.000000000000000000 ) ) ;
#1059 = CARTESIAN_POINT ( 'NONE',  ( 60.00000000000000000, 5.000000000000000000, -6.999999999999999112 ) ) ;
#1060 = EDGE_LOOP ( 'NONE', ( #205, #517, #1337, #1357 ) ) ;
#1061 = CARTESIAN_POINT ( 'NONE',  ( 33.99999999999998579, 2.000000000000000000, -21.99999999999999645 ) ) ;
#1062 = DIRECTION ( 'NONE',  ( -1.000000000000000000, 0.000000000000000000, 4.336808689942019708E-16 ) ) ;
#1063 = VERTEX_POINT ( 'NONE', #889 ) ;
#1064 = CARTESIAN_POINT ( 'NONE',  ( 0.000000000000000000, 2.000000000000000000, 0.000000000000000000 ) ) ;
#1065 = DIRECTION ( 'NONE',  ( -0.000000000000000000, -0.000000000000000000, -1.000000000000000000 ) ) ;
#1066 = ADVANCED_FACE ( 'NONE', ( #1711 ), #1575, .F. ) ;
#1067 = ORIENTED_EDGE ( 'NONE', *, *, #771, .F. ) ;
#1068 = LINE ( 'NONE', #835, #332 ) ;
#1069 = CARTESIAN_POINT ( 'NONE',  ( 60.00000000000000000, 5.000000000000000000, -6.999999999999999112 ) ) ;
#1070 = AXIS2_PLACEMENT_3D ( 'NONE', #794, #779, #659 ) ;
#1071 = VERTEX_POINT ( 'NONE', #634 ) ;
#1072 = VECTOR ( 'NONE', #81, 1000.000000000000000 ) ;
#1073 = EDGE_CURVE ( 'NONE', #906, #415, #1041, .T. ) ;
#1074 = DIRECTION ( 'NONE',  ( 0.000000000000000000, 1.000000000000000000, 0.000000000000000000 ) ) ;
#1075 = LINE ( 'NONE', #1333, #854 ) ;
#1076 = AXIS2_PLACEMENT_3D ( 'NONE', #106, #1532, #904 ) ;
#1077 = EDGE_CURVE ( 'NONE', #1093, #554, #341, .T. ) ;
#1078 = EDGE_LOOP ( 'NONE', ( #632, #1441, #1040, #64 ) ) ;
#1079 = DIRECTION ( 'NONE',  ( -1.000000000000000000, -0.000000000000000000, 1.734723475976808475E-15 ) ) ;
#1080 = DIRECTION ( 'NONE',  ( -2.168404344971008868E-16, -0.000000000000000000, -1.000000000000000000 ) ) ;
#1081 = ORIENTED_EDGE ( 'NONE', *, *, #1037, .F. ) ;
#1082 = LINE ( 'NONE', #1455, #130 ) ;
#1083 = CARTESIAN_POINT ( 'NONE',  ( 62.00000000000000000, 5.000000000000000000, -17.00000000000000000 ) ) ;
#1084 = ORIENTED_EDGE ( 'NONE', *, *, #1186, .T. ) ;
#1085 = ADVANCED_FACE ( 'NONE', ( #1295 ), #785, .F. ) ;
#1086 = CARTESIAN_POINT ( 'NONE',  ( 27.99999999999998934, 0.000000000000000000, -22.00000000000000000 ) ) ;
#1087 = DIRECTION ( 'NONE',  ( -0.000000000000000000, 1.000000000000000000, -0.000000000000000000 ) ) ;
#1088 = ORIENTED_EDGE ( 'NONE', *, *, #682, .F. ) ;
#1089 = DIRECTION ( 'NONE',  ( -0.000000000000000000, -1.000000000000000000, -0.000000000000000000 ) ) ;
#1090 = DIRECTION ( 'NONE',  ( -2.168404344971008868E-16, -0.000000000000000000, -1.000000000000000000 ) ) ;
#1091 = ORIENTED_EDGE ( 'NONE', *, *, #1457, .T. ) ;
#1092 = LINE ( 'NONE', #1086, #1325 ) ;
#1093 = VERTEX_POINT ( 'NONE', #90 ) ;
#1094 = VECTOR ( 'NONE', #1411, 1000.000000000000000 ) ;
#1095 = EDGE_CURVE ( 'NONE', #455, #75, #1032, .T. ) ;
#1096 = CARTESIAN_POINT ( 'NONE',  ( 7.000000000000000888, 5.000000000000000000, -3.600000000000000533 ) ) ;
#1097 = AXIS2_PLACEMENT_3D ( 'NONE', #1528, #620, #742 ) ;
#1098 = AXIS2_PLACEMENT_3D ( 'NONE', #460, #1133, #1521 ) ;
#1099 = DIRECTION ( 'NONE',  ( 0.000000000000000000, 0.000000000000000000, -1.000000000000000000 ) ) ;
#1100 = VECTOR ( 'NONE', #745, 1000.000000000000000 ) ;
#1101 = VERTEX_POINT ( 'NONE', #907 ) ;
#1102 = CARTESIAN_POINT ( 'NONE',  ( 0.000000000000000000, 5.000000000000000000, 0.000000000000000000 ) ) ;
#1103 = FACE_BOUND ( 'NONE', #1298, .T. ) ;
#1104 = VECTOR ( 'NONE', #1599, 1000.000000000000000 ) ;
#1105 = ORIENTED_EDGE ( 'NONE', *, *, #524, .T. ) ;
#1106 = EDGE_CURVE ( 'NONE', #629, #757, #108, .T. ) ;
#1107 = CARTESIAN_POINT ( 'NONE',  ( 61.00000000000000000, 0.000000000000000000, -20.89999999999999858 ) ) ;
#1108 = DIRECTION ( 'NONE',  ( -1.000000000000000000, 0.000000000000000000, 0.000000000000000000 ) ) ;
#1109 = ORIENTED_EDGE ( 'NONE', *, *, #1073, .F. ) ;
#1110 = CARTESIAN_POINT ( 'NONE',  ( 4.000000000000000000, 2.000000000000000000, -25.89999999999999858 ) ) ;
#1111 = ORIENTED_EDGE ( 'NONE', *, *, #45, .T. ) ;
#1112 = PLANE ( 'NONE',  #1355 ) ;
#1113 = DIRECTION ( 'NONE',  ( 0.000000000000000000, 0.000000000000000000, 1.000000000000000000 ) ) ;
#1114 = CYLINDRICAL_SURFACE ( 'NONE', #1190, 1.750000000000001554 ) ;
#1115 = ORIENTED_EDGE ( 'NONE', *, *, #924, .F. ) ;
#1116 = LINE ( 'NONE', #1508, #1072 ) ;
#1117 = LINE ( 'NONE', #409, #875 ) ;
#1118 = ORIENTED_EDGE ( 'NONE', *, *, #861, .F. ) ;
#1119 = FACE_OUTER_BOUND ( 'NONE', #783, .T. ) ;
#1120 = EDGE_CURVE ( 'NONE', #253, #700, #498, .T. ) ;
#1121 = CIRCLE ( 'NONE', #703, 1.750000000000000000 ) ;
#1122 = FACE_OUTER_BOUND ( 'NONE', #987, .T. ) ;
#1123 = PLANE ( 'NONE',  #538 ) ;
#1124 = VECTOR ( 'NONE', #50, 1000.000000000000000 ) ;
#1125 = VERTEX_POINT ( 'NONE', #1012 ) ;
#1126 = CARTESIAN_POINT ( 'NONE',  ( 4.000000000000000888, 4.000000000000000000, -26.49999999999999645 ) ) ;
#1127 = FACE_BOUND ( 'NONE', #247, .T. ) ;
#1128 = EDGE_CURVE ( 'NONE', #1684, #372, #1420, .T. ) ;
#1129 = EDGE_LOOP ( 'NONE', ( #512, #1036, #727, #1259 ) ) ;
#1130 = VECTOR ( 'NONE', #679, 1000.000000000000000 ) ;
#1131 = LINE ( 'NONE', #1423, #1600 ) ;
#1132 = DIRECTION ( 'NONE',  ( -1.000000000000000000, -0.000000000000000000, -0.000000000000000000 ) ) ;
#1133 = DIRECTION ( 'NONE',  ( 0.000000000000000000, 0.000000000000000000, -1.000000000000000000 ) ) ;
#1134 = DIRECTION ( 'NONE',  ( 0.000000000000000000, 0.000000000000000000, 1.000000000000000000 ) ) ;
#1135 = ORIENTED_EDGE ( 'NONE', *, *, #346, .T. ) ;
#1136 = DIRECTION ( 'NONE',  ( 1.000000000000000000, 0.000000000000000000, 0.000000000000000000 ) ) ;
#1137 = CARTESIAN_POINT ( 'NONE',  ( 0.000000000000000000, 2.000000000000000000, -28.00000000000000000 ) ) ;
#1138 = ORIENTED_EDGE ( 'NONE', *, *, #1236, .T. ) ;
#1139 = LINE ( 'NONE', #449, #908 ) ;
#1140 = EDGE_CURVE ( 'NONE', #418, #33, #1547, .T. ) ;
#1141 = CARTESIAN_POINT ( 'NONE',  ( 30.00000000000000000, 0.000000000000000000, -6.000000000000000000 ) ) ;
#1142 = DIRECTION ( 'NONE',  ( -1.000000000000000000, 0.000000000000000000, 1.734723475976808672E-15 ) ) ;
#1143 =( LENGTH_UNIT ( ) NAMED_UNIT ( * ) SI_UNIT ( .MILLI., .METRE. ) );
#1144 = ORIENTED_EDGE ( 'NONE', *, *, #687, .T. ) ;
#1145 = CARTESIAN_POINT ( 'NONE',  ( 64.00000000000000000, 0.000000000000000000, -28.00000000000000000 ) ) ;
#1146 = DIRECTION ( 'NONE',  ( 0.000000000000000000, 1.000000000000000000, 0.000000000000000000 ) ) ;
#1147 = ORIENTED_EDGE ( 'NONE', *, *, #1256, .T. ) ;
#1148 = DIRECTION ( 'NONE',  ( 1.000000000000000000, 0.000000000000000000, 0.000000000000000000 ) ) ;
#1149 = FACE_OUTER_BOUND ( 'NONE', #1170, .T. ) ;
#1150 = ADVANCED_FACE ( 'NONE', ( #625 ), #1284, .F. ) ;
#1151 = DIRECTION ( 'NONE',  ( 0.000000000000000000, 1.000000000000000000, -0.000000000000000000 ) ) ;
#1152 = EDGE_CURVE ( 'NONE', #525, #324, #1557, .T. ) ;
#1153 = VECTOR ( 'NONE', #1581, 1000.000000000000000 ) ;
#1154 = ORIENTED_EDGE ( 'NONE', *, *, #279, .F. ) ;
#1155 = DIRECTION ( 'NONE',  ( -0.000000000000000000, 1.000000000000000000, -0.000000000000000000 ) ) ;
#1156 = AXIS2_PLACEMENT_3D ( 'NONE', #543, #1620, #408 ) ;
#1157 = ORIENTED_EDGE ( 'NONE', *, *, #1727, .T. ) ;
#1158 = EDGE_CURVE ( 'NONE', #1334, #1490, #898, .T. ) ;
#1159 = PLANE ( 'NONE',  #148 ) ;
#1160 = ORIENTED_EDGE ( 'NONE', *, *, #1409, .F. ) ;
#1161 = VECTOR ( 'NONE', #754, 1000.000000000000000 ) ;
#1162 = DIRECTION ( 'NONE',  ( -0.000000000000000000, 1.000000000000000000, -0.000000000000000000 ) ) ;
#1163 = AXIS2_PLACEMENT_3D ( 'NONE', #1345, #1591, #523 ) ;
#1164 = CARTESIAN_POINT ( 'NONE',  ( 61.00000000000000000, 0.000000000000000000, -3.000000000000000000 ) ) ;
#1165 = CARTESIAN_POINT ( 'NONE',  ( 4.000000000000003553, 4.000000000000000000, -28.00000000000000000 ) ) ;
#1166 = ORIENTED_EDGE ( 'NONE', *, *, #1471, .T. ) ;
#1167 = DIRECTION ( 'NONE',  ( -0.000000000000000000, 1.000000000000000000, -0.000000000000000000 ) ) ;
#1168 = ORIENTED_EDGE ( 'NONE', *, *, #1412, .F. ) ;
#1169 = DIRECTION ( 'NONE',  ( -4.336808689942017120E-17, -0.000000000000000000, -1.000000000000000000 ) ) ;
#1170 = EDGE_LOOP ( 'NONE', ( #1194, #1424, #1028, #619 ) ) ;
#1171 = LINE ( 'NONE', #1188, #1210 ) ;
#1172 = DIRECTION ( 'NONE',  ( 9.494649959318724515E-16, -0.9578262852211518741, 0.2873478855663436082 ) ) ;
#1173 = VERTEX_POINT ( 'NONE', #360 ) ;
#1174 = CARTESIAN_POINT ( 'NONE',  ( 2.000000000000001332, 5.000000000000000000, -7.000000000000000000 ) ) ;
#1175 = ORIENTED_EDGE ( 'NONE', *, *, #1645, .T. ) ;
#1176 = LINE ( 'NONE', #979, #504 ) ;
#1177 = VERTEX_POINT ( 'NONE', #776 ) ;
#1178 = CARTESIAN_POINT ( 'NONE',  ( 25.99999999999999289, 2.000000000000000000, -21.99999999999999645 ) ) ;
#1179 = CARTESIAN_POINT ( 'NONE',  ( 0.000000000000000000, 0.000000000000000000, 0.000000000000000000 ) ) ;
#1180 = VERTEX_POINT ( 'NONE', #1388 ) ;
#1181 = VECTOR ( 'NONE', #1262, 1000.000000000000000 ) ;
#1182 = DIRECTION ( 'NONE',  ( 1.000000000000000000, -0.000000000000000000, 0.000000000000000000 ) ) ;
#1183 = VERTEX_POINT ( 'NONE', #864 ) ;
#1184 = AXIS2_PLACEMENT_3D ( 'NONE', #429, #169, #1275 ) ;
#1185 = PLANE ( 'NONE',  #982 ) ;
#1186 = EDGE_CURVE ( 'NONE', #757, #1011, #319, .T. ) ;
#1187 = ORIENTED_EDGE ( 'NONE', *, *, #1529, .T. ) ;
#1188 = CARTESIAN_POINT ( 'NONE',  ( 6.000000000000000888, 4.000000000000000000, -22.39999999999999858 ) ) ;
#1189 = CARTESIAN_POINT ( 'NONE',  ( 60.00000000000000000, 5.000000000000000000, -17.00000000000000000 ) ) ;
#1190 = AXIS2_PLACEMENT_3D ( 'NONE', #962, #1248, #39 ) ;
#1191 = DIRECTION ( 'NONE',  ( 4.336808689942019708E-16, 0.000000000000000000, 1.000000000000000000 ) ) ;
#1192 = EDGE_LOOP ( 'NONE', ( #62, #1105, #1052, #1611 ) ) ;
#1193 = LINE ( 'NONE', #1002, #961 ) ;
#1194 = ORIENTED_EDGE ( 'NONE', *, *, #585, .T. ) ;
#1195 = ADVANCED_FACE ( 'NONE', ( #1122 ), #1417, .F. ) ;
#1196 = DIRECTION ( 'NONE',  ( -2.168404344971008868E-16, 0.000000000000000000, -1.000000000000000000 ) ) ;
#1197 = DIRECTION ( 'NONE',  ( 0.000000000000000000, 0.000000000000000000, 1.000000000000000000 ) ) ;
#1198 = FACE_OUTER_BOUND ( 'NONE', #586, .T. ) ;
#1199 = ORIENTED_EDGE ( 'NONE', *, *, #1673, .F. ) ;
#1200 = LINE ( 'NONE', #1640, #560 ) ;
#1201 = DIRECTION ( 'NONE',  ( 0.000000000000000000, 0.000000000000000000, 1.000000000000000000 ) ) ;
#1202 = UNCERTAINTY_MEASURE_WITH_UNIT (LENGTH_MEASURE( 1.000000000000000082E-05 ), #1143, 'distance_accuracy_value', 'NONE');
#1203 = ORIENTED_EDGE ( 'NONE', *, *, #643, .F. ) ;
#1204 = DIRECTION ( 'NONE',  ( -1.734723475976808672E-15, 0.000000000000000000, -1.000000000000000000 ) ) ;
#1205 = EDGE_CURVE ( 'NONE', #372, #1276, #1633, .T. ) ;
#1206 = LINE ( 'NONE', #551, #1243 ) ;
#1207 = VERTEX_POINT ( 'NONE', #1661 ) ;
#1208 = FACE_OUTER_BOUND ( 'NONE', #1667, .T. ) ;
#1209 = LINE ( 'NONE', #920, #529 ) ;
#1210 = VECTOR ( 'NONE', #1571, 1000.000000000000000 ) ;
#1211 = ORIENTED_EDGE ( 'NONE', *, *, #701, .F. ) ;
#1212 = VECTOR ( 'NONE', #1466, 1000.000000000000000 ) ;
#1213 = FACE_BOUND ( 'NONE', #1316, .T. ) ;
#1214 = ADVANCED_FACE ( 'NONE', ( #1394 ), #191, .F. ) ;
#1215 = CARTESIAN_POINT ( 'NONE',  ( 29.99999999999999289, 0.000000000000000000, -21.99999999999999645 ) ) ;
#1216 = COLOUR_RGB ( '',0.7921568627450980005, 0.8196078431372548767, 0.9333333333333333481 ) ;
#1217 = CIRCLE ( 'NONE', #774, 1.749999999999998002 ) ;
#1218 = ADVANCED_FACE ( 'NONE', ( #1247 ), #722, .T. ) ;
#1219 = ORIENTED_EDGE ( 'NONE', *, *, #1152, .F. ) ;
#1220 = DIRECTION ( 'NONE',  ( -0.000000000000000000, 1.000000000000000000, -0.000000000000000000 ) ) ;
#1221 = ORIENTED_EDGE ( 'NONE', *, *, #550, .T. ) ;
#1222 = PLANE ( 'NONE',  #656 ) ;
#1223 = CARTESIAN_POINT ( 'NONE',  ( 34.00000000000000000, 0.000000000000000000, -6.000000000000000000 ) ) ;
#1224 = ORIENTED_EDGE ( 'NONE', *, *, #1205, .F. ) ;
#1225 = CARTESIAN_POINT ( 'NONE',  ( 31.99999999999999289, -0.000000000000000000, -6.000000000000000000 ) ) ;
#1226 = EDGE_CURVE ( 'NONE', #376, #554, #474, .T. ) ;
#1227 = EDGE_CURVE ( 'NONE', #906, #418, #1021, .T. ) ;
#1228 = VERTEX_POINT ( 'NONE', #994 ) ;
#1229 = FACE_OUTER_BOUND ( 'NONE', #310, .T. ) ;
#1230 = DIRECTION ( 'NONE',  ( -0.000000000000000000, -1.000000000000000000, -0.000000000000000000 ) ) ;
#1231 = ORIENTED_EDGE ( 'NONE', *, *, #1471, .F. ) ;
#1232 = CARTESIAN_POINT ( 'NONE',  ( 3.600000000000001421, 5.000000000000000000, -17.00000000000000000 ) ) ;
#1233 = ADVANCED_FACE ( 'NONE', ( #600 ), #201, .F. ) ;
#1234 = EDGE_LOOP ( 'NONE', ( #317, #1616, #1031, #1135 ) ) ;
#1235 = VECTOR ( 'NONE', #1311, 1000.000000000000000 ) ;
#1236 = EDGE_CURVE ( 'NONE', #1724, #58, #983, .T. ) ;
#1237 = CARTESIAN_POINT ( 'NONE',  ( 2.000000000000000000, 5.000000000000000000, -17.00000000000000000 ) ) ;
#1238 = VECTOR ( 'NONE', #29, 1000.000000000000000 ) ;
#1239 = FILL_AREA_STYLE_COLOUR ( '', #1216 ) ;
#1240 = AXIS2_PLACEMENT_3D ( 'NONE', #1389, #1099, #1395 ) ;
#1241 = EDGE_LOOP ( 'NONE', ( #1501, #403 ) ) ;
#1242 = DIRECTION ( 'NONE',  ( 1.000000000000000000, 0.000000000000000000, -2.168404344971008868E-16 ) ) ;
#1243 = VECTOR ( 'NONE', #1090, 1000.000000000000000 ) ;
#1244 = ORIENTED_EDGE ( 'NONE', *, *, #1001, .T. ) ;
#1245 = CYLINDRICAL_SURFACE ( 'NONE', #153, 1.749999999999998002 ) ;
#1246 = ADVANCED_FACE ( 'NONE', ( #856 ), #1254, .F. ) ;
#1247 = FACE_OUTER_BOUND ( 'NONE', #1234, .T. ) ;
#1248 = DIRECTION ( 'NONE',  ( -0.000000000000000000, 1.000000000000000000, -0.000000000000000000 ) ) ;
#1249 = ORIENTED_EDGE ( 'NONE', *, *, #340, .F. ) ;
#1250 = LINE ( 'NONE', #1675, #531 ) ;
#1251 = ORIENTED_EDGE ( 'NONE', *, *, #1140, .F. ) ;
#1252 = EDGE_LOOP ( 'NONE', ( #919, #1408, #814, #490 ) ) ;
#1253 = DIRECTION ( 'NONE',  ( -0.000000000000000000, -1.000000000000000000, -0.000000000000000000 ) ) ;
#1254 = PLANE ( 'NONE',  #1328 ) ;
#1255 = CARTESIAN_POINT ( 'NONE',  ( 0.000000000000000000, 0.000000000000000000, 0.000000000000000000 ) ) ;
#1256 = EDGE_CURVE ( 'NONE', #373, #478, #335, .T. ) ;
#1257 = VERTEX_POINT ( 'NONE', #886 ) ;
#1258 = CARTESIAN_POINT ( 'NONE',  ( 3.000000000000000000, 0.000000000000000000, -2.999999999999999112 ) ) ;
#1259 = ORIENTED_EDGE ( 'NONE', *, *, #823, .T. ) ;
#1260 = CARTESIAN_POINT ( 'NONE',  ( 2.000000000000001332, 2.000000000000000000, -7.000000000000000000 ) ) ;
#1261 = VECTOR ( 'NONE', #758, 1000.000000000000000 ) ;
#1262 = DIRECTION ( 'NONE',  ( -0.000000000000000000, 1.000000000000000000, -0.000000000000000000 ) ) ;
#1263 = FACE_OUTER_BOUND ( 'NONE', #407, .T. ) ;
#1264 = VECTOR ( 'NONE', #562, 1000.000000000000114 ) ;
#1265 = ORIENTED_EDGE ( 'NONE', *, *, #1367, .F. ) ;
#1266 = DIRECTION ( 'NONE',  ( 0.000000000000000000, 0.000000000000000000, 1.000000000000000000 ) ) ;
#1267 = EDGE_CURVE ( 'NONE', #137, #1696, #730, .T. ) ;
#1268 = VERTEX_POINT ( 'NONE', #69 ) ;
#1269 = AXIS2_PLACEMENT_3D ( 'NONE', #358, #453, #1436 ) ;
#1270 = LINE ( 'NONE', #77, #1014 ) ;
#1271 = CARTESIAN_POINT ( 'NONE',  ( 60.00000000000000000, 5.000000000000000000, -17.00000000000000000 ) ) ;
#1272 = LINE ( 'NONE', #1305, #233 ) ;
#1273 = PRODUCT_DEFINITION_CONTEXT ( 'detailed design', #569, 'design' ) ;
#1274 = ORIENTED_EDGE ( 'NONE', *, *, #182, .T. ) ;
#1275 = DIRECTION ( 'NONE',  ( 0.000000000000000000, 0.000000000000000000, 1.000000000000000000 ) ) ;
#1276 = VERTEX_POINT ( 'NONE', #591 ) ;
#1277 = EDGE_CURVE ( 'NONE', #1257, #1228, #1671, .T. ) ;
#1278 = FACE_OUTER_BOUND ( 'NONE', #245, .T. ) ;
#1279 = EDGE_CURVE ( 'NONE', #91, #1465, #327, .T. ) ;
#1280 = DIRECTION ( 'NONE',  ( -0.000000000000000000, -1.000000000000000000, -0.000000000000000000 ) ) ;
#1281 = CARTESIAN_POINT ( 'NONE',  ( 60.00000000000000711, 2.000000000000000000, -28.00000000000000000 ) ) ;
#1282 = LINE ( 'NONE', #611, #1470 ) ;
#1283 = ORIENTED_EDGE ( 'NONE', *, *, #74, .F. ) ;
#1284 = PLANE ( 'NONE',  #911 ) ;
#1285 = EDGE_LOOP ( 'NONE', ( #660, #1288, #951, #180 ) ) ;
#1286 = PLANE ( 'NONE',  #734 ) ;
#1287 = ADVANCED_FACE ( 'NONE', ( #873 ), #1379, .F. ) ;
#1288 = ORIENTED_EDGE ( 'NONE', *, *, #1484, .F. ) ;
#1289 = PLANE ( 'NONE',  #937 ) ;
#1290 = PLANE ( 'NONE',  #65 ) ;
#1291 = LINE ( 'NONE', #640, #1161 ) ;
#1292 = VECTOR ( 'NONE', #1000, 1000.000000000000000 ) ;
#1293 = EDGE_CURVE ( 'NONE', #1334, #508, #505, .T. ) ;
#1294 = ORIENTED_EDGE ( 'NONE', *, *, #697, .T. ) ;
#1295 = FACE_OUTER_BOUND ( 'NONE', #19, .T. ) ;
#1296 =( LENGTH_UNIT ( ) NAMED_UNIT ( * ) SI_UNIT ( .MILLI., .METRE. ) );
#1297 = VECTOR ( 'NONE', #1496, 1000.000000000000000 ) ;
#1298 = EDGE_LOOP ( 'NONE', ( #1549, #1602 ) ) ;
#1299 = DIRECTION ( 'NONE',  ( -1.000000000000000000, 0.000000000000000000, -5.421010862427521184E-16 ) ) ;
#1300 = ORIENTED_EDGE ( 'NONE', *, *, #364, .T. ) ;
#1301 = CIRCLE ( 'NONE', #566, 1.749999999999996891 ) ;
#1302 = DIRECTION ( 'NONE',  ( -1.000000000000000000, -0.000000000000000000, 1.734723475976808475E-15 ) ) ;
#1303 = VECTOR ( 'NONE', #1230, 1000.000000000000000 ) ;
#1304 = CARTESIAN_POINT ( 'NONE',  ( 38.00000000000000000, 2.000000000000000000, -6.000000000000000000 ) ) ;
#1305 = CARTESIAN_POINT ( 'NONE',  ( 2.000000000000000000, 5.000000000000000000, -17.00000000000000000 ) ) ;
#1306 = LINE ( 'NONE', #486, #1104 ) ;
#1307 = CARTESIAN_POINT ( 'NONE',  ( 31.99999999999999289, 0.000000000000000000, -6.000000000000000000 ) ) ;
#1308 = ORIENTED_EDGE ( 'NONE', *, *, #524, .F. ) ;
#1309 = PLANE ( 'NONE',  #1070 ) ;
#1310 = ORIENTED_EDGE ( 'NONE', *, *, #454, .T. ) ;
#1311 = DIRECTION ( 'NONE',  ( -0.000000000000000000, -0.000000000000000000, -1.000000000000000000 ) ) ;
#1312 = PLANE ( 'NONE',  #802 ) ;
#1313 = VERTEX_POINT ( 'NONE', #639 ) ;
#1314 = CARTESIAN_POINT ( 'NONE',  ( 60.00000000000000000, 2.000000000000000000, -17.00000000000000000 ) ) ;
#1315 =( NAMED_UNIT ( * ) PLANE_ANGLE_UNIT ( ) SI_UNIT ( $, .RADIAN. ) );
#1316 = EDGE_LOOP ( 'NONE', ( #1081, #503, #353, #1399 ) ) ;
#1317 = CARTESIAN_POINT ( 'NONE',  ( 39.99999999999998579, 0.000000000000000000, -22.00000000000000000 ) ) ;
#1318 = ORIENTED_EDGE ( 'NONE', *, *, #1095, .F. ) ;
#1319 = DIRECTION ( 'NONE',  ( -0.000000000000000000, -0.000000000000000000, 1.000000000000000000 ) ) ;
#1320 = LINE ( 'NONE', #1598, #442 ) ;
#1321 = FACE_OUTER_BOUND ( 'NONE', #1060, .T. ) ;
#1322 = VECTOR ( 'NONE', #1535, 1000.000000000000000 ) ;
#1323 = DIRECTION ( 'NONE',  ( 1.000000000000000000, 0.000000000000000000, 0.000000000000000000 ) ) ;
#1324 = ORIENTED_EDGE ( 'NONE', *, *, #1407, .T. ) ;
#1325 = VECTOR ( 'NONE', #20, 1000.000000000000000 ) ;
#1326 = CARTESIAN_POINT ( 'NONE',  ( 58.00000000000000000, 4.000000000000000000, -22.39999999999999858 ) ) ;
#1327 = EDGE_CURVE ( 'NONE', #1268, #373, #1554, .T. ) ;
#1328 = AXIS2_PLACEMENT_3D ( 'NONE', #301, #87, #1541 ) ;
#1329 = ORIENTED_EDGE ( 'NONE', *, *, #1457, .F. ) ;
#1330 = DIRECTION ( 'NONE',  ( -2.168404344971008868E-16, -0.000000000000000000, -1.000000000000000000 ) ) ;
#1331 = VECTOR ( 'NONE', #1418, 1000.000000000000000 ) ;
#1332 = CARTESIAN_POINT ( 'NONE',  ( 61.00000000000000000, 2.000000000000000000, -22.64999999999999503 ) ) ;
#1333 = CARTESIAN_POINT ( 'NONE',  ( 37.99999999999999289, 2.000000000000000000, -21.99999999999999645 ) ) ;
#1334 = VERTEX_POINT ( 'NONE', #761 ) ;
#1335 = CARTESIAN_POINT ( 'NONE',  ( 37.99999999999999289, 0.000000000000000000, -21.99999999999999645 ) ) ;
#1336 = CARTESIAN_POINT ( 'NONE',  ( 6.000000000000000000, 4.000000000000000000, -23.90000000000000213 ) ) ;
#1337 = ORIENTED_EDGE ( 'NONE', *, *, #1597, .T. ) ;
#1338 = ADVANCED_FACE ( 'NONE', ( #239 ), #514, .F. ) ;
#1339 = CARTESIAN_POINT ( 'NONE',  ( 33.99999999999998579, 0.000000000000000000, -21.99999999999999645 ) ) ;
#1340 = DIRECTION ( 'NONE',  ( 1.000000000000000000, 0.000000000000000000, 0.000000000000000000 ) ) ;
#1341 = EDGE_LOOP ( 'NONE', ( #649, #755, #1219, #686 ) ) ;
#1342 = DIRECTION ( 'NONE',  ( -1.000000000000000000, -0.000000000000000000, 1.734723475976808475E-15 ) ) ;
#1343 = ORIENTED_EDGE ( 'NONE', *, *, #1578, .T. ) ;
#1344 = FACE_BOUND ( 'NONE', #1707, .T. ) ;
#1345 = CARTESIAN_POINT ( 'NONE',  ( 0.000000000000000000, 5.000000000000000000, 0.000000000000000000 ) ) ;
#1346 = VERTEX_POINT ( 'NONE', #217 ) ;
#1347 = CARTESIAN_POINT ( 'NONE',  ( 25.99999999999999289, 0.000000000000000000, -21.99999999999999645 ) ) ;
#1348 = CARTESIAN_POINT ( 'NONE',  ( 25.99999999999999289, 0.000000000000000000, -21.99999999999999645 ) ) ;
#1349 = VECTOR ( 'NONE', #1319, 1000.000000000000000 ) ;
#1350 = ORIENTED_EDGE ( 'NONE', *, *, #842, .T. ) ;
#1351 = VECTOR ( 'NONE', #211, 1000.000000000000000 ) ;
#1352 = PLANE ( 'NONE',  #312 ) ;
#1353 = CARTESIAN_POINT ( 'NONE',  ( 60.00000000000001421, 2.000000000000000000, -28.00000000000000000 ) ) ;
#1354 = EDGE_CURVE ( 'NONE', #1375, #607, #1460, .T. ) ;
#1355 = AXIS2_PLACEMENT_3D ( 'NONE', #165, #702, #46 ) ;
#1356 = ADVANCED_FACE ( 'NONE', ( #96 ), #1426, .F. ) ;
#1357 = ORIENTED_EDGE ( 'NONE', *, *, #194, .T. ) ;
#1358 = DIRECTION ( 'NONE',  ( 0.000000000000000000, 0.000000000000000000, -1.000000000000000000 ) ) ;
#1359 = DIRECTION ( 'NONE',  ( 1.000000000000000000, 0.000000000000000000, 0.000000000000000000 ) ) ;
#1360 = ORIENTED_EDGE ( 'NONE', *, *, #85, .F. ) ;
#1361 = EDGE_CURVE ( 'NONE', #1071, #135, #113, .T. ) ;
#1362 = LINE ( 'NONE', #159, #829 ) ;
#1363 = CARTESIAN_POINT ( 'NONE',  ( 3.600000000000001421, 5.000000000000000000, -17.00000000000000000 ) ) ;
#1364 = ADVANCED_FACE ( 'NONE', ( #1038 ), #621, .F. ) ;
#1365 = ADVANCED_FACE ( 'NONE', ( #1715 ), #1290, .F. ) ;
#1366 = ORIENTED_EDGE ( 'NONE', *, *, #522, .F. ) ;
#1367 = EDGE_CURVE ( 'NONE', #508, #921, #1049, .T. ) ;
#1368 = DIRECTION ( 'NONE',  ( -2.168404344971008868E-16, -0.000000000000000000, -1.000000000000000000 ) ) ;
#1369 = FACE_BOUND ( 'NONE', #1450, .T. ) ;
#1370 = ORIENTED_EDGE ( 'NONE', *, *, #1632, .F. ) ;
#1371 = CARTESIAN_POINT ( 'NONE',  ( 26.00000000000000000, 0.000000000000000000, -6.000000000000000000 ) ) ;
#1372 = DIRECTION ( 'NONE',  ( 1.000000000000000000, 0.000000000000000000, -2.168404344971008868E-16 ) ) ;
#1373 = ORIENTED_EDGE ( 'NONE', *, *, #1544, .F. ) ;
#1374 = DIRECTION ( 'NONE',  ( -1.000000000000000000, 0.000000000000000000, 0.000000000000000000 ) ) ;
#1375 = VERTEX_POINT ( 'NONE', #374 ) ;
#1376 = VECTOR ( 'NONE', #223, 1000.000000000000000 ) ;
#1377 = CARTESIAN_POINT ( 'NONE',  ( 57.00000000000000000, 5.000000000000000000, -3.600000000000000533 ) ) ;
#1378 = VECTOR ( 'NONE', #988, 1000.000000000000000 ) ;
#1379 = PLANE ( 'NONE',  #821 ) ;
#1380 = CARTESIAN_POINT ( 'NONE',  ( 57.00000000000000000, 5.000000000000000000, -3.600000000000000533 ) ) ;
#1381 = STYLED_ITEM ( 'NONE', ( #336 ), #321 ) ;
#1382 = VERTEX_POINT ( 'NONE', #1563 ) ;
#1383 = CYLINDRICAL_SURFACE ( 'NONE', #1491, 1.750000000000000000 ) ;
#1384 = DIRECTION ( 'NONE',  ( -1.000000000000000000, 0.000000000000000000, 4.336808689942019708E-16 ) ) ;
#1385 = VECTOR ( 'NONE', #968, 1000.000000000000000 ) ;
#1386 = ORIENTED_EDGE ( 'NONE', *, *, #608, .F. ) ;
#1387 = DIRECTION ( 'NONE',  ( 1.000000000000000000, 0.000000000000000000, 0.000000000000000000 ) ) ;
#1388 = CARTESIAN_POINT ( 'NONE',  ( 35.99999999999999289, 2.000000000000000000, -6.000000000000000000 ) ) ;
#1389 = CARTESIAN_POINT ( 'NONE',  ( 6.000000000000000888, 4.000000000000000000, -22.39999999999999858 ) ) ;
#1390 = ORIENTED_EDGE ( 'NONE', *, *, #1500, .T. ) ;
#1391 = CARTESIAN_POINT ( 'NONE',  ( 2.000000000000000000, 5.000000000000000000, -17.00000000000000000 ) ) ;
#1392 = ORIENTED_EDGE ( 'NONE', *, *, #34, .T. ) ;
#1393 = CARTESIAN_POINT ( 'NONE',  ( 61.00000000000000000, 0.000000000000000000, -19.14999999999999858 ) ) ;
#1394 = FACE_OUTER_BOUND ( 'NONE', #933, .T. ) ;
#1395 = DIRECTION ( 'NONE',  ( -1.000000000000000000, 0.000000000000000000, -0.000000000000000000 ) ) ;
#1396 = EDGE_CURVE ( 'NONE', #508, #1180, #10, .T. ) ;
#1397 = ORIENTED_EDGE ( 'NONE', *, *, #800, .F. ) ;
#1398 = LINE ( 'NONE', #57, #618 ) ;
#1399 = ORIENTED_EDGE ( 'NONE', *, *, #182, .F. ) ;
#1400 = DIRECTION ( 'NONE',  ( -1.000000000000000000, 0.000000000000000000, 1.734723475976808672E-15 ) ) ;
#1401 = AXIS2_PLACEMENT_3D ( 'NONE', #914, #1587, #132 ) ;
#1402 = DIRECTION ( 'NONE',  ( -2.168404344971008868E-16, -0.000000000000000000, -1.000000000000000000 ) ) ;
#1403 = CARTESIAN_POINT ( 'NONE',  ( 58.00000000000000000, 4.000000000000000000, -23.90000000000000213 ) ) ;
#1404 = FACE_OUTER_BOUND ( 'NONE', #185, .T. ) ;
#1405 = VECTOR ( 'NONE', #1449, 1000.000000000000000 ) ;
#1406 = VECTOR ( 'NONE', #1682, 1000.000000000000000 ) ;
#1407 = EDGE_CURVE ( 'NONE', #1173, #1684, #1121, .T. ) ;
#1408 = ORIENTED_EDGE ( 'NONE', *, *, #1158, .F. ) ;
#1409 = EDGE_CURVE ( 'NONE', #917, #739, #789, .T. ) ;
#1410 = DIRECTION ( 'NONE',  ( -1.652117596168386770E-15, 0.000000000000000000, 1.000000000000000000 ) ) ;
#1411 = DIRECTION ( 'NONE',  ( -0.000000000000000000, -1.000000000000000000, -0.000000000000000000 ) ) ;
#1412 = EDGE_CURVE ( 'NONE', #853, #716, #1435, .T. ) ;
#1413 = ORIENTED_EDGE ( 'NONE', *, *, #242, .T. ) ;
#1414 = VECTOR ( 'NONE', #1253, 1000.000000000000000 ) ;
#1415 = DIRECTION ( 'NONE',  ( -1.000000000000000000, -0.000000000000000000, -0.000000000000000000 ) ) ;
#1416 = DIRECTION ( 'NONE',  ( 0.000000000000000000, 0.000000000000000000, 1.000000000000000000 ) ) ;
#1417 = PLANE ( 'NONE',  #653 ) ;
#1418 = DIRECTION ( 'NONE',  ( -1.000000000000000000, -0.000000000000000000, -0.000000000000000000 ) ) ;
#1419 = ORIENTED_EDGE ( 'NONE', *, *, #1205, .T. ) ;
#1420 = LINE ( 'NONE', #613, #587 ) ;
#1421 = EDGE_CURVE ( 'NONE', #415, #33, #662, .T. ) ;
#1422 = EDGE_LOOP ( 'NONE', ( #1565, #1507, #595, #693 ) ) ;
#1423 = CARTESIAN_POINT ( 'NONE',  ( 3.600000000000001421, 2.000000000000000000, -17.00000000000000000 ) ) ;
#1424 = ORIENTED_EDGE ( 'NONE', *, *, #876, .T. ) ;
#1425 = LINE ( 'NONE', #67, #743 ) ;
#1426 = PLANE ( 'NONE',  #466 ) ;
#1427 = LINE ( 'NONE', #762, #24 ) ;
#1428 = ORIENTED_EDGE ( 'NONE', *, *, #1597, .F. ) ;
#1429 = DIRECTION ( 'NONE',  ( -1.000000000000000000, 0.000000000000000000, -0.000000000000000000 ) ) ;
#1430 = ORIENTED_EDGE ( 'NONE', *, *, #489, .T. ) ;
#1431 = LINE ( 'NONE', #882, #387 ) ;
#1432 = ORIENTED_EDGE ( 'NONE', *, *, #1454, .T. ) ;
#1433 = EDGE_CURVE ( 'NONE', #1696, #966, #227, .T. ) ;
#1434 = CARTESIAN_POINT ( 'NONE',  ( 61.00000000000000000, 0.000000000000000000, -20.89999999999999858 ) ) ;
#1435 = LINE ( 'NONE', #122, #303 ) ;
#1436 = DIRECTION ( 'NONE',  ( 0.000000000000000000, 0.000000000000000000, 1.000000000000000000 ) ) ;
#1437 = AXIS2_PLACEMENT_3D ( 'NONE', #748, #1558, #1666 ) ;
#1438 = ORIENTED_EDGE ( 'NONE', *, *, #1236, .F. ) ;
#1439 = CARTESIAN_POINT ( 'NONE',  ( 34.00000000000000000, 0.000000000000000000, -6.000000000000000000 ) ) ;
#1440 = VECTOR ( 'NONE', #1155, 1000.000000000000000 ) ;
#1441 = ORIENTED_EDGE ( 'NONE', *, *, #1615, .F. ) ;
#1442 = CARTESIAN_POINT ( 'NONE',  ( 7.000000000000000888, 5.000000000000000000, -3.600000000000000533 ) ) ;
#1443 = ORIENTED_EDGE ( 'NONE', *, *, #1590, .F. ) ;
#1444 = AXIS2_PLACEMENT_3D ( 'NONE', #1582, #1204, #11 ) ;
#1445 = AXIS2_PLACEMENT_3D ( 'NONE', #516, #140, #1618 ) ;
#1446 = DIRECTION ( 'NONE',  ( 1.000000000000000000, 0.000000000000000000, 0.000000000000000000 ) ) ;
#1447 = EDGE_CURVE ( 'NONE', #170, #1382, #1171, .T. ) ;
#1448 = ORIENTED_EDGE ( 'NONE', *, *, #865, .F. ) ;
#1449 = DIRECTION ( 'NONE',  ( -0.000000000000000000, 1.000000000000000000, -0.000000000000000000 ) ) ;
#1450 = EDGE_LOOP ( 'NONE', ( #1574, #1639, #1481, #203 ) ) ;
#1451 = LINE ( 'NONE', #1317, #18 ) ;
#1452 = ORIENTED_EDGE ( 'NONE', *, *, #800, .T. ) ;
#1453 = CARTESIAN_POINT ( 'NONE',  ( 35.99999999999999289, 0.000000000000000000, -22.00000000000000000 ) ) ;
#1454 = EDGE_CURVE ( 'NONE', #1125, #716, #765, .T. ) ;
#1455 = CARTESIAN_POINT ( 'NONE',  ( 60.00000000000000711, 4.000000000000000000, -28.00000000000000000 ) ) ;
#1456 = CYLINDRICAL_SURFACE ( 'NONE', #803, 1.750000000000001554 ) ;
#1457 = EDGE_CURVE ( 'NONE', #980, #1268, #109, .T. ) ;
#1458 = VERTEX_POINT ( 'NONE', #728 ) ;
#1459 = VERTEX_POINT ( 'NONE', #1706 ) ;
#1460 = LINE ( 'NONE', #1030, #648 ) ;
#1461 = CARTESIAN_POINT ( 'NONE',  ( 35.99999999999999289, 0.000000000000000000, -6.000000000000000000 ) ) ;
#1462 = CARTESIAN_POINT ( 'NONE',  ( 26.00000000000000000, 2.000000000000000000, -6.000000000000000000 ) ) ;
#1463 = AXIS2_PLACEMENT_3D ( 'NONE', #1164, #380, #347 ) ;
#1464 = EDGE_CURVE ( 'NONE', #657, #1375, #1537, .T. ) ;
#1465 = VERTEX_POINT ( 'NONE', #1560 ) ;
#1466 = DIRECTION ( 'NONE',  ( -0.000000000000000000, 1.000000000000000000, -0.000000000000000000 ) ) ;
#1467 = AXIS2_PLACEMENT_3D ( 'NONE', #1700, #128, #356 ) ;
#1468 = CARTESIAN_POINT ( 'NONE',  ( 6.000000000000000000, 2.000000000000000000, -23.90000000000000213 ) ) ;
#1469 = ORIENTED_EDGE ( 'NONE', *, *, #1454, .F. ) ;
#1470 = VECTOR ( 'NONE', #1555, 1000.000000000000000 ) ;
#1471 = EDGE_CURVE ( 'NONE', #1567, #415, #491, .T. ) ;
#1472 = FACE_BOUND ( 'NONE', #492, .T. ) ;
#1473 = ADVANCED_FACE ( 'NONE', ( #900 ), #1286, .F. ) ;
#1474 = VECTOR ( 'NONE', #559, 1000.000000000000000 ) ;
#1475 = CARTESIAN_POINT ( 'NONE',  ( 61.00000000000000000, 0.000000000000000000, -20.89999999999999858 ) ) ;
#1476 = ORIENTED_EDGE ( 'NONE', *, *, #1277, .F. ) ;
#1477 = CARTESIAN_POINT ( 'NONE',  ( 7.000000000000000888, 5.000000000000000000, -2.000000000000000000 ) ) ;
#1478 = ORIENTED_EDGE ( 'NONE', *, *, #633, .T. ) ;
#1479 = CARTESIAN_POINT ( 'NONE',  ( 27.99999999999998934, 0.000000000000000000, -22.00000000000000000 ) ) ;
#1480 = DIRECTION ( 'NONE',  ( 1.000000000000000000, 0.000000000000000000, 5.421010862427521184E-16 ) ) ;
#1481 = ORIENTED_EDGE ( 'NONE', *, *, #848, .T. ) ;
#1482 = LINE ( 'NONE', #534, #68 ) ;
#1483 = VERTEX_POINT ( 'NONE', #66 ) ;
#1484 = EDGE_CURVE ( 'NONE', #355, #342, #1431, .T. ) ;
#1485 = DIRECTION ( 'NONE',  ( -1.000000000000000000, -0.000000000000000000, -0.000000000000000000 ) ) ;
#1486 = LINE ( 'NONE', #681, #941 ) ;
#1487 = EDGE_LOOP ( 'NONE', ( #1390, #817, #788, #1430 ) ) ;
#1488 = CARTESIAN_POINT ( 'NONE',  ( 39.99999999999998579, 2.000000000000000000, -22.00000000000000000 ) ) ;
#1489 = AXIS2_PLACEMENT_3D ( 'NONE', #354, #325, #871 ) ;
#1490 = VERTEX_POINT ( 'NONE', #1551 ) ;
#1491 = AXIS2_PLACEMENT_3D ( 'NONE', #1258, #594, #1685 ) ;
#1492 = CARTESIAN_POINT ( 'NONE',  ( 64.00000000000000000, 2.000000000000000000, 0.000000000000000000 ) ) ;
#1493 = SURFACE_SIDE_STYLE ('',( #192 ) ) ;
#1494 = VECTOR ( 'NONE', #863, 1000.000000000000000 ) ;
#1495 = ORIENTED_EDGE ( 'NONE', *, *, #1106, .T. ) ;
#1496 = DIRECTION ( 'NONE',  ( 1.000000000000000000, 0.000000000000000000, 0.000000000000000000 ) ) ;
#1497 = ORIENTED_EDGE ( 'NONE', *, *, #1725, .F. ) ;
#1498 = DIRECTION ( 'NONE',  ( -0.000000000000000000, 1.000000000000000000, -0.000000000000000000 ) ) ;
#1499 = DIRECTION ( 'NONE',  ( 0.000000000000000000, 1.000000000000000000, 0.000000000000000000 ) ) ;
#1500 = EDGE_CURVE ( 'NONE', #996, #355, #1131, .T. ) ;
#1501 = ORIENTED_EDGE ( 'NONE', *, *, #241, .T. ) ;
#1502 = PLANE ( 'NONE',  #1184 ) ;
#1503 = FACE_OUTER_BOUND ( 'NONE', #1627, .T. ) ;
#1504 = ORIENTED_EDGE ( 'NONE', *, *, #1267, .F. ) ;
#1505 = DIRECTION ( 'NONE',  ( 0.000000000000000000, -1.000000000000000000, 0.000000000000000000 ) ) ;
#1506 = FILL_AREA_STYLE ('',( #1239 ) ) ;
#1507 = ORIENTED_EDGE ( 'NONE', *, *, #945, .F. ) ;
#1508 = CARTESIAN_POINT ( 'NONE',  ( 3.000000000000000000, 0.000000000000000000, -4.749999999999999112 ) ) ;
#1509 = ORIENTED_EDGE ( 'NONE', *, *, #1327, .T. ) ;
#1510 = VECTOR ( 'NONE', #246, 1000.000000000000000 ) ;
#1511 = DIRECTION ( 'NONE',  ( 0.000000000000000000, 0.000000000000000000, 1.000000000000000000 ) ) ;
#1512 = VECTOR ( 'NONE', #1136, 1000.000000000000000 ) ;
#1513 = DIRECTION ( 'NONE',  ( 0.000000000000000000, 1.000000000000000000, 0.000000000000000000 ) ) ;
#1514 = DIRECTION ( 'NONE',  ( -4.336808689942017120E-17, -0.000000000000000000, -1.000000000000000000 ) ) ;
#1515 = VECTOR ( 'NONE', #959, 1000.000000000000000 ) ;
#1516 = ORIENTED_EDGE ( 'NONE', *, *, #1047, .F. ) ;
#1517 = CARTESIAN_POINT ( 'NONE',  ( 3.600000000000001421, 2.000000000000000000, -6.999999999999999112 ) ) ;
#1518 = AXIS2_PLACEMENT_3D ( 'NONE', #723, #1372, #175 ) ;
#1519 = ORIENTED_EDGE ( 'NONE', *, *, #1057, .F. ) ;
#1520 = FACE_OUTER_BOUND ( 'NONE', #121, .T. ) ;
#1521 = DIRECTION ( 'NONE',  ( -1.000000000000000000, 0.000000000000000000, -0.000000000000000000 ) ) ;
#1522 = LINE ( 'NONE', #184, #396 ) ;
#1523 = ORIENTED_EDGE ( 'NONE', *, *, #1714, .T. ) ;
#1524 = CARTESIAN_POINT ( 'NONE',  ( 6.000000000000000888, 2.000000000000000000, -22.39999999999999858 ) ) ;
#1525 = ORIENTED_EDGE ( 'NONE', *, *, #1590, .T. ) ;
#1526 = CARTESIAN_POINT ( 'NONE',  ( 61.00000000000000000, 2.000000000000000000, -3.000000000000000000 ) ) ;
#1527 = ORIENTED_EDGE ( 'NONE', *, *, #364, .F. ) ;
#1528 = CARTESIAN_POINT ( 'NONE',  ( 3.000000000000000000, 0.000000000000000000, -20.89999999999999858 ) ) ;
#1529 = EDGE_CURVE ( 'NONE', #1063, #542, #588, .T. ) ;
#1530 = DIRECTION ( 'NONE',  ( -3.304235192336773540E-15, -0.000000000000000000, -1.000000000000000000 ) ) ;
#1531 = ADVANCED_FACE ( 'NONE', ( #1034 ), #597, .F. ) ;
#1532 = DIRECTION ( 'NONE',  ( 0.000000000000000000, 0.2873478855663436637, 0.9578262852211519851 ) ) ;
#1533 = VERTEX_POINT ( 'NONE', #910 ) ;
#1534 = PLANE ( 'NONE',  #389 ) ;
#1535 = DIRECTION ( 'NONE',  ( 1.000000000000000000, 0.000000000000000000, 0.000000000000000000 ) ) ;
#1536 = ORIENTED_EDGE ( 'NONE', *, *, #1421, .F. ) ;
#1537 = LINE ( 'NONE', #627, #197 ) ;
#1538 = PRODUCT_DEFINITION_FORMATION_WITH_SPECIFIED_SOURCE ( 'ANY', '', #495, .NOT_KNOWN. ) ;
#1539 = AXIS2_PLACEMENT_3D ( 'NONE', #351, #1146, #221 ) ;
#1540 = DIRECTION ( 'NONE',  ( -0.000000000000000000, -1.000000000000000000, -0.000000000000000000 ) ) ;
#1541 = DIRECTION ( 'NONE',  ( 1.000000000000000000, 0.000000000000000000, -0.000000000000000000 ) ) ;
#1542 = LINE ( 'NONE', #1022, #394 ) ;
#1543 = AXIS2_PLACEMENT_3D ( 'NONE', #813, #150, #676 ) ;
#1544 = EDGE_CURVE ( 'NONE', #418, #1655, #1139, .T. ) ;
#1545 = VECTOR ( 'NONE', #580, 1000.000000000000000 ) ;
#1546 = ORIENTED_EDGE ( 'NONE', *, *, #489, .F. ) ;
#1547 = LINE ( 'NONE', #756, #1440 ) ;
#1548 = CIRCLE ( 'NONE', #1018, 1.750000000000000000 ) ;
#1549 = ORIENTED_EDGE ( 'NONE', *, *, #596, .T. ) ;
#1550 = VECTOR ( 'NONE', #1191, 1000.000000000000000 ) ;
#1551 = CARTESIAN_POINT ( 'NONE',  ( 34.00000000000000000, 2.000000000000000000, -6.000000000000000000 ) ) ;
#1552 = EDGE_LOOP ( 'NONE', ( #195, #977, #52, #328 ) ) ;
#1553 = LINE ( 'NONE', #934, #1726 ) ;
#1554 = LINE ( 'NONE', #1, #1235 ) ;
#1555 = DIRECTION ( 'NONE',  ( -0.000000000000000000, -1.000000000000000000, -0.000000000000000000 ) ) ;
#1556 = ORIENTED_EDGE ( 'NONE', *, *, #1569, .T. ) ;
#1557 = LINE ( 'NONE', #1704, #1045 ) ;
#1558 = DIRECTION ( 'NONE',  ( 0.000000000000000000, -1.000000000000000000, 0.000000000000000000 ) ) ;
#1559 = ORIENTED_EDGE ( 'NONE', *, *, #1158, .T. ) ;
#1560 = CARTESIAN_POINT ( 'NONE',  ( 58.00000000000000000, 2.000000000000000000, -23.90000000000000213 ) ) ;
#1561 = ORIENTED_EDGE ( 'NONE', *, *, #502, .F. ) ;
#1562 = DIRECTION ( 'NONE',  ( -1.000000000000000000, 0.000000000000000000, 3.304235192336773540E-15 ) ) ;
#1563 = CARTESIAN_POINT ( 'NONE',  ( 58.00000000000000000, 4.000000000000000000, -22.39999999999999858 ) ) ;
#1564 = FACE_OUTER_BOUND ( 'NONE', #1192, .T. ) ;
#1565 = ORIENTED_EDGE ( 'NONE', *, *, #1433, .T. ) ;
#1566 = DIRECTION ( 'NONE',  ( -0.000000000000000000, 1.000000000000000000, -0.000000000000000000 ) ) ;
#1567 = VERTEX_POINT ( 'NONE', #83 ) ;
#1568 = CARTESIAN_POINT ( 'NONE',  ( 29.99999999999999289, 0.000000000000000000, -21.99999999999999645 ) ) ;
#1569 = EDGE_CURVE ( 'NONE', #89, #170, #751, .T. ) ;
#1570 = ORIENTED_EDGE ( 'NONE', *, *, #144, .T. ) ;
#1571 = DIRECTION ( 'NONE',  ( 1.000000000000000000, 0.000000000000000000, 0.000000000000000000 ) ) ;
#1572 = DIRECTION ( 'NONE',  ( 4.336808689942019708E-16, 0.000000000000000000, 1.000000000000000000 ) ) ;
#1573 = VECTOR ( 'NONE', #1530, 1000.000000000000000 ) ;
#1574 = ORIENTED_EDGE ( 'NONE', *, *, #85, .T. ) ;
#1575 = PLANE ( 'NONE',  #767 ) ;
#1576 = VERTEX_POINT ( 'NONE', #617 ) ;
#1577 = FACE_OUTER_BOUND ( 'NONE', #830, .T. ) ;
#1578 = EDGE_CURVE ( 'NONE', #716, #1125, #1718, .T. ) ;
#1579 = EDGE_LOOP ( 'NONE', ( #809, #578, #378, #210, #1495, #528, #1438, #1308 ) ) ;
#1580 = ADVANCED_FACE ( 'NONE', ( #1278 ), #481, .F. ) ;
#1581 = DIRECTION ( 'NONE',  ( -2.168404344971008868E-16, -0.000000000000000000, -1.000000000000000000 ) ) ;
#1582 = CARTESIAN_POINT ( 'NONE',  ( 37.99999999999999289, 0.000000000000000000, -21.99999999999999645 ) ) ;
#1583 = ORIENTED_EDGE ( 'NONE', *, *, #687, .F. ) ;
#1584 = ORIENTED_EDGE ( 'NONE', *, *, #340, .T. ) ;
#1585 = DIRECTION ( 'NONE',  ( -4.336808689942013792E-16, 0.000000000000000000, -1.000000000000000000 ) ) ;
#1586 = ORIENTED_EDGE ( 'NONE', *, *, #5, .F. ) ;
#1587 = DIRECTION ( 'NONE',  ( 0.000000000000000000, 1.000000000000000000, 0.000000000000000000 ) ) ;
#1588 = FACE_OUTER_BOUND ( 'NONE', #858, .T. ) ;
#1589 = EDGE_CURVE ( 'NONE', #554, #455, #606, .T. ) ;
#1590 = EDGE_CURVE ( 'NONE', #107, #525, #892, .T. ) ;
#1591 = DIRECTION ( 'NONE',  ( -0.000000000000000000, 1.000000000000000000, 0.000000000000000000 ) ) ;
#1592 = ORIENTED_EDGE ( 'NONE', *, *, #671, .F. ) ;
#1593 = CARTESIAN_POINT ( 'NONE',  ( 3.000000000000000000, 0.000000000000000000, -19.14999999999999858 ) ) ;
#1594 = LINE ( 'NONE', #1468, #330 ) ;
#1595 = ADVANCED_FACE ( 'NONE', ( #92 ), #1159, .F. ) ;
#1596 = ORIENTED_EDGE ( 'NONE', *, *, #546, .F. ) ;
#1597 = EDGE_CURVE ( 'NONE', #572, #49, #1723, .T. ) ;
#1598 = CARTESIAN_POINT ( 'NONE',  ( 0.000000000000000000, 0.000000000000000000, 0.000000000000000000 ) ) ;
#1599 = DIRECTION ( 'NONE',  ( 4.336808689942019708E-16, 0.000000000000000000, 1.000000000000000000 ) ) ;
#1600 = VECTOR ( 'NONE', #1169, 1000.000000000000000 ) ;
#1601 = ADVANCED_FACE ( 'NONE', ( #1577 ), #1309, .F. ) ;
#1602 = ORIENTED_EDGE ( 'NONE', *, *, #749, .T. ) ;
#1603 = DIRECTION ( 'NONE',  ( 0.000000000000000000, 1.000000000000000000, 0.000000000000000000 ) ) ;
#1604 = VECTOR ( 'NONE', #329, 1000.000000000000000 ) ;
#1605 = DIRECTION ( 'NONE',  ( 0.000000000000000000, 0.000000000000000000, 1.000000000000000000 ) ) ;
#1606 = ORIENTED_EDGE ( 'NONE', *, *, #500, .F. ) ;
#1607 = AXIS2_PLACEMENT_3D ( 'NONE', #772, #240, #462 ) ;
#1608 = PLANE ( 'NONE',  #1636 ) ;
#1609 = AXIS2_PLACEMENT_3D ( 'NONE', #1223, #664, #1340 ) ;
#1610 = DIRECTION ( 'NONE',  ( 4.336808689942019708E-16, 0.000000000000000000, 1.000000000000000000 ) ) ;
#1611 = ORIENTED_EDGE ( 'NONE', *, *, #932, .F. ) ;
#1612 = CARTESIAN_POINT ( 'NONE',  ( 4.000000000000000888, 3.999999999999998224, -26.49999999999999645 ) ) ;
#1613 = FACE_OUTER_BOUND ( 'NONE', #72, .T. ) ;
#1614 = EDGE_CURVE ( 'NONE', #478, #677, #1209, .T. ) ;
#1615 = EDGE_CURVE ( 'NONE', #1382, #646, #120, .T. ) ;
#1616 = ORIENTED_EDGE ( 'NONE', *, *, #932, .T. ) ;
#1617 = DIRECTION ( 'NONE',  ( -0.000000000000000000, -1.000000000000000000, -0.000000000000000000 ) ) ;
#1618 = DIRECTION ( 'NONE',  ( 0.000000000000000000, 0.000000000000000000, -1.000000000000000000 ) ) ;
#1619 = ORIENTED_EDGE ( 'NONE', *, *, #1589, .T. ) ;
#1620 = DIRECTION ( 'NONE',  ( 1.000000000000000000, 0.000000000000000000, -1.301042606982605074E-16 ) ) ;
#1621 = EDGE_LOOP ( 'NONE', ( #497, #1251, #285, #1686 ) ) ;
#1622 = EDGE_CURVE ( 'NONE', #1458, #804, #1451, .T. ) ;
#1623 = ADVANCED_FACE ( 'NONE', ( #647 ), #1185, .F. ) ;
#1624 = DIRECTION ( 'NONE',  ( 0.000000000000000000, 0.000000000000000000, -1.000000000000000000 ) ) ;
#1625 = DIRECTION ( 'NONE',  ( 0.000000000000000000, 0.000000000000000000, 1.000000000000000000 ) ) ;
#1626 = VECTOR ( 'NONE', #1698, 1000.000000000000000 ) ;
#1627 = EDGE_LOOP ( 'NONE', ( #780, #1592, #1118, #928 ) ) ;
#1628 = FACE_OUTER_BOUND ( 'NONE', #1043, .T. ) ;
#1629 = FACE_OUTER_BOUND ( 'NONE', #946, .T. ) ;
#1630 = ORIENTED_EDGE ( 'NONE', *, *, #890, .T. ) ;
#1631 = VECTOR ( 'NONE', #1162, 1000.000000000000000 ) ;
#1632 = EDGE_CURVE ( 'NONE', #1465, #149, #1594, .T. ) ;
#1633 = CIRCLE ( 'NONE', #881, 1.750000000000000000 ) ;
#1634 = CARTESIAN_POINT ( 'NONE',  ( 0.000000000000000000, 4.000000000000000000, 0.000000000000000000 ) ) ;
#1635 = ADVANCED_FACE ( 'NONE', ( #261 ), #806, .F. ) ;
#1636 = AXIS2_PLACEMENT_3D ( 'NONE', #798, #506, #790 ) ;
#1637 = DIRECTION ( 'NONE',  ( 4.336808689942017120E-17, 0.000000000000000000, 1.000000000000000000 ) ) ;
#1638 = AXIS2_PLACEMENT_3D ( 'NONE', #1643, #426, #1511 ) ;
#1639 = ORIENTED_EDGE ( 'NONE', *, *, #1464, .T. ) ;
#1640 = CARTESIAN_POINT ( 'NONE',  ( 60.00000000000000000, 5.000000000000000000, -6.999999999999999112 ) ) ;
#1641 = FACE_BOUND ( 'NONE', #82, .T. ) ;
#1642 = EDGE_LOOP ( 'NONE', ( #1527, #675 ) ) ;
#1643 = CARTESIAN_POINT ( 'NONE',  ( 57.00000000000000000, 5.000000000000000000, -3.600000000000000533 ) ) ;
#1644 = LINE ( 'NONE', #975, #1303 ) ;
#1645 = EDGE_CURVE ( 'NONE', #1533, #1458, #269, .T. ) ;
#1646 = ORIENTED_EDGE ( 'NONE', *, *, #1407, .F. ) ;
#1647 = LINE ( 'NONE', #603, #796 ) ;
#1648 = EDGE_LOOP ( 'NONE', ( #1584, #156, #131, #897 ) ) ;
#1649 = ADVANCED_FACE ( 'NONE', ( #1613 ), #402, .F. ) ;
#1650 = EDGE_CURVE ( 'NONE', #1699, #1346, #1176, .T. ) ;
#1651 = PLANE ( 'NONE',  #1638 ) ;
#1652 = DIRECTION ( 'NONE',  ( -1.734723475976808672E-15, 0.000000000000000000, -1.000000000000000000 ) ) ;
#1653 = DIRECTION ( 'NONE',  ( 0.000000000000000000, 0.000000000000000000, 1.000000000000000000 ) ) ;
#1654 = ADVANCED_FACE ( 'NONE', ( #1629 ), #306, .F. ) ;
#1655 = VERTEX_POINT ( 'NONE', #544 ) ;
#1656 = PLANE ( 'NONE',  #368 ) ;
#1657 = ORIENTED_EDGE ( 'NONE', *, *, #1714, .F. ) ;
#1658 = AXIS2_PLACEMENT_3D ( 'NONE', #366, #929, #1196 ) ;
#1659 = DIRECTION ( 'NONE',  ( 0.000000000000000000, 0.000000000000000000, 1.000000000000000000 ) ) ;
#1660 = VECTOR ( 'NONE', #1220, 1000.000000000000000 ) ;
#1661 = CARTESIAN_POINT ( 'NONE',  ( 33.99999999999998579, 0.000000000000000000, -21.99999999999999645 ) ) ;
#1662 = LINE ( 'NONE', #302, #102 ) ;
#1663 = VECTOR ( 'NONE', #1624, 1000.000000000000000 ) ;
#1664 = ORIENTED_EDGE ( 'NONE', *, *, #459, .T. ) ;
#1665 = CARTESIAN_POINT ( 'NONE',  ( 58.00000000000000000, 4.000000000000000000, -22.39999999999999858 ) ) ;
#1666 = DIRECTION ( 'NONE',  ( 0.000000000000000000, -0.000000000000000000, -1.000000000000000000 ) ) ;
#1667 = EDGE_LOOP ( 'NONE', ( #1310, #307, #152, #1677 ) ) ;
#1668 = EDGE_CURVE ( 'NONE', #901, #1183, #1117, .T. ) ;
#1669 = CARTESIAN_POINT ( 'NONE',  ( 30.00000000000000000, 2.000000000000000000, -6.000000000000000000 ) ) ;
#1670 = CARTESIAN_POINT ( 'NONE',  ( 39.99999999999998579, 2.000000000000000000, -22.00000000000000000 ) ) ;
#1671 = LINE ( 'NONE', #1003, #1573 ) ;
#1672 = LINE ( 'NONE', #79, #100 ) ;
#1673 = EDGE_CURVE ( 'NONE', #720, #906, #828, .T. ) ;
#1674 = ORIENTED_EDGE ( 'NONE', *, *, #848, .F. ) ;
#1675 = CARTESIAN_POINT ( 'NONE',  ( 60.00000000000001421, 4.000000000000000000, -26.49999999999999645 ) ) ;
#1676 = CARTESIAN_POINT ( 'NONE',  ( 60.00000000000001421, 2.000000000000000000, -25.89999999999999858 ) ) ;
#1677 = ORIENTED_EDGE ( 'NONE', *, *, #397, .T. ) ;
#1678 = DIRECTION ( 'NONE',  ( -1.000000000000000000, -0.000000000000000000, 1.734723475976808475E-15 ) ) ;
#1679 = PRODUCT_RELATED_PRODUCT_CATEGORY ( 'part', '', ( #495 ) ) ;
#1680 = ADVANCED_FACE ( 'NONE', ( #692, #1369, #699, #564, #1103, #1641, #1503, #298, #1127 ), #614, .T. ) ;
#1681 = FACE_OUTER_BOUND ( 'NONE', #1053, .T. ) ;
#1682 = DIRECTION ( 'NONE',  ( -2.168404344971008868E-16, -0.000000000000000000, -1.000000000000000000 ) ) ;
#1683 = LINE ( 'NONE', #1165, #1100 ) ;
#1684 = VERTEX_POINT ( 'NONE', #998 ) ;
#1685 = DIRECTION ( 'NONE',  ( 0.000000000000000000, 0.000000000000000000, 1.000000000000000000 ) ) ;
#1686 = ORIENTED_EDGE ( 'NONE', *, *, #1073, .T. ) ;
#1687 = DIRECTION ( 'NONE',  ( -0.000000000000000000, -1.000000000000000000, -0.000000000000000000 ) ) ;
#1688 = VECTOR ( 'NONE', #630, 1000.000000000000000 ) ;
#1689 = CARTESIAN_POINT ( 'NONE',  ( 4.000000000000003553, 4.000000000000000000, -28.00000000000000000 ) ) ;
#1690 = CARTESIAN_POINT ( 'NONE',  ( 33.99999999999998579, 0.000000000000000000, -21.99999999999999645 ) ) ;
#1691 = DIRECTION ( 'NONE',  ( 1.000000000000000000, 0.000000000000000000, 0.000000000000000000 ) ) ;
#1692 = VECTOR ( 'NONE', #769, 1000.000000000000000 ) ;
#1693 = ORIENTED_EDGE ( 'NONE', *, *, #352, .T. ) ;
#1694 = DIRECTION ( 'NONE',  ( -1.000000000000000000, 0.000000000000000000, 4.336808689942019708E-16 ) ) ;
#1695 = VECTOR ( 'NONE', #1498, 1000.000000000000000 ) ;
#1696 = VERTEX_POINT ( 'NONE', #1026 ) ;
#1697 = AXIS2_PLACEMENT_3D ( 'NONE', #1475, #654, #1625 ) ;
#1698 = DIRECTION ( 'NONE',  ( 1.000000000000000000, 0.000000000000000000, 0.000000000000000000 ) ) ;
#1699 = VERTEX_POINT ( 'NONE', #465 ) ;
#1700 = CARTESIAN_POINT ( 'NONE',  ( 61.00000000000000000, 0.000000000000000000, -3.000000000000000000 ) ) ;
#1701 = CARTESIAN_POINT ( 'NONE',  ( 38.00000000000000000, 0.000000000000000000, -6.000000000000000000 ) ) ;
#1702 = CARTESIAN_POINT ( 'NONE',  ( 3.600000000000001421, 2.000000000000000000, -17.00000000000000000 ) ) ;
#1703 = ORIENTED_EDGE ( 'NONE', *, *, #1361, .F. ) ;
#1704 = CARTESIAN_POINT ( 'NONE',  ( 60.00000000000000000, 5.000000000000000000, -17.00000000000000000 ) ) ;
#1705 = ORIENTED_EDGE ( 'NONE', *, *, #74, .T. ) ;
#1706 = CARTESIAN_POINT ( 'NONE',  ( 7.000000000000000888, 5.000000000000000000, -2.000000000000000000 ) ) ;
#1707 = EDGE_LOOP ( 'NONE', ( #1519, #1318, #683, #690 ) ) ;
#1708 = CARTESIAN_POINT ( 'NONE',  ( 35.99999999999999289, 0.000000000000000000, -6.000000000000000000 ) ) ;
#1709 = CARTESIAN_POINT ( 'NONE',  ( 29.99999999999999289, 0.000000000000000000, -21.99999999999999645 ) ) ;
#1710 = VERTEX_POINT ( 'NONE', #1013 ) ;
#1711 = FACE_OUTER_BOUND ( 'NONE', #359, .T. ) ;
#1712 = EDGE_LOOP ( 'NONE', ( #1111, #1546, #971, #668 ) ) ;
#1713 = EDGE_LOOP ( 'NONE', ( #955, #395, #1046, #339 ) ) ;
#1714 = EDGE_CURVE ( 'NONE', #917, #98, #738, .T. ) ;
#1715 = FACE_OUTER_BOUND ( 'NONE', #1422, .T. ) ;
#1716 = VECTOR ( 'NONE', #847, 1000.000000000000000 ) ;
#1717 = CARTESIAN_POINT ( 'NONE',  ( 7.000000000000000888, 2.000000000000000000, -3.600000000000000533 ) ) ;
#1718 = CIRCLE ( 'NONE', #732, 1.749999999999996891 ) ;
#1719 = EDGE_LOOP ( 'NONE', ( #1476, #274, #1138, #1606 ) ) ;
#1720 = LINE ( 'NONE', #99, #308 ) ;
#1721 = VECTOR ( 'NONE', #972, 1000.000000000000000 ) ;
#1722 = ORIENTED_EDGE ( 'NONE', *, *, #1650, .F. ) ;
#1723 = LINE ( 'NONE', #1044, #123 ) ;
#1724 = VERTEX_POINT ( 'NONE', #1676 ) ;
#1725 = EDGE_CURVE ( 'NONE', #605, #646, #604, .T. ) ;
#1726 = VECTOR ( 'NONE', #1008, 1000.000000000000000 ) ;
#1727 = EDGE_CURVE ( 'NONE', #1346, #1313, #558, .T. ) ;
ENDSEC;
END-ISO-10303-21;
